date,deviceCategory,browser,operatingSystem,sessions,totalUsers,bounceRate,averageSessionDuration,conversions,totalRevenue
20251004,mobile,Safari (in-app),iOS,1040.0,1034.0,0.8740384615384615,6.317110051923078,90.0,0.0
20251018,mobile,Safari (in-app),iOS,950.0,939.0,0.7863157894736842,43.87583861894737,8.0,0.0
20251005,mobile,Safari (in-app),iOS,947.0,941.0,0.8426610348468849,5.8613336356916586,115.0,0.0
20250927,mobile,Safari (in-app),iOS,928.0,927.0,0.8631465517241379,4.979447351293103,86.0,0.0
20251108,mobile,Safari (in-app),iOS,917.0,916.0,0.861504907306434,9.680459238822246,106.0,0.0
20250928,mobile,Safari (in-app),iOS,873.0,874.0,0.852233676975945,5.377991995418098,81.0,0.0
20250921,mobile,Safari (in-app),iOS,808.0,796.0,0.8514851485148515,5.558407170792079,86.0,0.0
20250920,mobile,Safari (in-app),iOS,785.0,785.0,0.8764331210191083,5.312860477707006,66.0,0.0
20251109,mobile,Safari (in-app),iOS,748.0,748.0,0.8556149732620321,9.454606080213903,88.0,0.0
20251012,mobile,Safari (in-app),iOS,691.0,690.0,0.9218523878437048,4.54527586251809,7.0,0.0
20251020,mobile,Safari (in-app),iOS,681.0,664.0,0.762114537444934,54.70041965198237,35.0,0.0
20251019,mobile,Safari (in-app),iOS,644.0,640.0,0.7996894409937888,34.98939020031055,5.0,0.0
20251016,mobile,Safari (in-app),iOS,643.0,636.0,0.6609642301710731,43.35823820528771,12.0,0.0
20251012,mobile,Android Webview,Android,624.0,582.0,0.5064102564102564,126.2462014951923,17.0,0.0
20260825,mobile,Safari,iOS,613.0,595.0,0.5823817292006526,116.88253545350734,161.0,0.0
20251003,mobile,Safari (in-app),iOS,586.0,583.0,0.8993174061433447,3.5116813225255976,39.0,0.0
20260501,mobile,Safari,iOS,573.0,556.0,0.631762652705061,44.663959902268765,0.0,0.0
20251011,mobile,Safari (in-app),iOS,554.0,553.0,0.9404332129963899,3.3164923465703975,2.0,0.0
20260607,mobile,Safari,iOS,542.0,524.0,0.7546125461254612,38.32389542435425,4.0,0.0
20260604,mobile,Safari,iOS,538.0,525.0,0.7174721189591078,39.24271247211896,5.0,0.0
20251012,mobile,Chrome,Android,536.0,517.0,0.5914179104477612,73.20834923694031,5.0,0.0
20251013,mobile,Chrome,Android,533.0,497.0,0.6397748592870544,68.95250789305817,2.0,0.0
20260913,mobile,Safari (in-app),iOS,529.0,530.0,0.6710775047258979,10.517609837429111,181.0,0.0
20260523,mobile,Safari,iOS,528.0,522.0,0.8295454545454546,12.468534058712121,4.0,0.0
20260606,mobile,Safari,iOS,519.0,509.0,0.7514450867052023,49.546889524084776,3.0,0.0
20260825,mobile,Chrome,Android,514.0,497.0,0.4785992217898833,94.16147633657587,208.0,0.0
20260712,mobile,Safari (in-app),iOS,513.0,513.0,0.6803118908382066,9.656880709551658,171.0,0.0
20251107,mobile,Safari (in-app),iOS,509.0,509.0,0.8762278978388998,7.109813188605108,52.0,0.0
20260403,mobile,Safari,iOS,505.0,503.0,0.8297029702970297,13.671522150495049,1.0,0.0
20260405,mobile,Safari,iOS,504.0,502.0,0.8551587301587301,18.70312576984127,1.0,0.0
20260412,mobile,Safari,iOS,498.0,488.0,0.7911646586345381,22.845445977911645,3.0,0.0
20251002,mobile,Safari (in-app),iOS,497.0,493.0,0.8672032193158954,4.755596505030181,46.0,0.0
20251016,mobile,Android Webview,Android,494.0,479.0,0.4251012145748988,111.35365841902835,12.0,0.0
20260404,mobile,Safari,iOS,491.0,485.0,0.845213849287169,13.328895116089614,1.0,0.0
20260502,mobile,Safari,iOS,490.0,473.0,0.6040816326530613,49.940460814285714,2.0,0.0
20251018,mobile,Chrome,Android,489.0,467.0,0.6053169734151329,89.72584194069529,7.0,0.0
20251019,mobile,Android Webview,Android,489.0,466.0,0.49693251533742333,87.61944000613497,7.0,0.0
20251018,mobile,Android Webview,Android,487.0,464.0,0.4455852156057495,100.25964551950719,17.0,0.0
20260411,mobile,Safari,iOS,486.0,476.0,0.8374485596707819,14.030902590534978,1.0,0.0
20251020,mobile,Chrome,Android,482.0,458.0,0.5975103734439834,90.21965372406639,10.0,0.0
20260406,mobile,Safari,iOS,478.0,471.0,0.8828451882845189,12.728063774058576,3.0,0.0
20251021,mobile,Safari (in-app),iOS,475.0,463.0,0.7410526315789474,53.40283480210526,38.0,0.0
20250930,mobile,Safari (in-app),iOS,473.0,471.0,0.9090909090909091,3.8776798160676536,29.0,0.0
20250926,mobile,Safari (in-app),iOS,470.0,470.0,0.8659574468085106,5.9883315553191485,39.0,0.0
20250928,mobile,Android Webview,Android,469.0,432.0,0.6993603411513859,71.1795794904051,8.0,0.0
20250925,mobile,Safari (in-app),iOS,467.0,464.0,0.860813704496788,5.242927383297644,32.0,0.0
20260912,mobile,Safari,iOS,463.0,443.0,0.5680345572354212,87.5732996349892,1.0,0.0
20251019,mobile,Chrome,Android,462.0,433.0,0.6385281385281385,67.47885008441558,5.0,0.0
20260620,mobile,Safari (in-app),iOS,455.0,455.0,0.7142857142857143,9.09847860879121,140.0,0.0
20251001,mobile,Safari (in-app),iOS,446.0,445.0,0.9170403587443946,2.773547004484305,33.0,0.0
20251016,mobile,Chrome,Android,445.0,414.0,0.6247191011235955,65.33716227865169,7.0,0.0
20260621,mobile,Safari (in-app),iOS,440.0,439.0,0.6636363636363637,9.755530061363634,152.0,0.0
20260401,mobile,Safari,iOS,430.0,425.0,0.8883720930232558,14.866030395348837,2.0,0.0
20260524,mobile,Safari,iOS,429.0,421.0,0.7972027972027972,21.613028020979023,1.0,0.0
20251014,mobile,Chrome,Android,428.0,406.0,0.6144859813084113,83.27965690420562,5.0,0.0
20260912,mobile,Safari (in-app),iOS,427.0,426.0,0.7096018735362998,10.706620594847774,127.0,0.0
20250927,mobile,Android Webview,Android,426.0,393.0,0.7065727699530516,68.52995656103286,13.0,0.0
20251011,mobile,Chrome,Android,426.0,397.0,0.5821596244131455,63.56129634741785,8.0,0.0
20260913,mobile,Safari,iOS,425.0,406.0,0.5529411764705883,50.82140863764706,3.0,0.0
20250929,mobile,Android Webview,Android,424.0,393.0,0.6627358490566038,82.93307628066039,9.0,0.0
20260407,mobile,Safari,iOS,423.0,422.0,0.8983451536643026,8.818711505910166,2.0,0.0
20260822,mobile,Safari (in-app),iOS,423.0,423.0,0.6832151300236406,10.08508243498818,141.0,0.0
20260409,mobile,Safari,iOS,422.0,416.0,0.8341232227488151,14.026174869668246,1.0,0.0
20251106,mobile,Safari (in-app),iOS,416.0,416.0,0.875,6.552941170673078,47.0,0.0
20250929,mobile,Safari (in-app),iOS,415.0,412.0,0.8554216867469879,4.613033855421687,39.0,0.0
20260419,mobile,Safari,iOS,411.0,401.0,0.7664233576642335,23.04001603406326,2.0,0.0
20260408,mobile,Safari,iOS,405.0,393.0,0.8493827160493828,15.642228580246915,3.0,0.0
20260426,mobile,Safari,iOS,405.0,402.0,0.7432098765432099,26.6397390691358,4.0,0.0
20260605,mobile,Safari,iOS,403.0,396.0,0.7444168734491315,29.478301133995036,1.0,0.0
20250919,mobile,Safari (in-app),iOS,399.0,396.0,0.8822055137844611,8.301464626566418,19.0,0.0
20250924,mobile,Safari (in-app),iOS,396.0,395.0,0.8232323232323232,19.65487259343434,40.0,0.0
20260402,mobile,Safari,iOS,396.0,394.0,0.8686868686868687,13.469147361111112,8.0,0.0
20260421,mobile,Safari,iOS,395.0,391.0,0.8126582278481013,19.5126467164557,6.0,0.0
20260208,mobile,Safari,iOS,394.0,379.0,0.6548223350253807,47.22159813705584,2.0,0.0
20260610,mobile,Safari,iOS,392.0,388.0,0.7780612244897959,39.46464849234694,1.0,0.0
20260308,mobile,Safari (in-app),iOS,389.0,390.0,0.7275064267352185,8.22509488688946,99.0,0.0
20260516,mobile,Safari,iOS,388.0,381.0,0.7577319587628866,24.299163438144326,1.0,0.0
20251020,mobile,Android Webview,Android,387.0,375.0,0.5116279069767442,103.4953168139535,12.0,0.0
20260207,mobile,Safari,iOS,387.0,375.0,0.6149870801033591,48.426303121447035,1.0,0.0
20260307,mobile,Safari (in-app),iOS,386.0,387.0,0.7331606217616581,8.210382740932642,107.0,0.0
20260418,mobile,Safari,iOS,385.0,383.0,0.7974025974025974,22.003224916883113,1.0,0.0
20251010,mobile,Safari (in-app),iOS,383.0,382.0,0.9164490861618799,5.6305841592689285,2.0,0.0
20251101,mobile,Chrome,Android,382.0,361.0,0.6492146596858639,89.28172114659687,16.0,0.0
20251015,mobile,Chrome,Android,381.0,365.0,0.6272965879265092,78.45945750918635,1.0,0.0
20260307,mobile,Safari,iOS,380.0,378.0,0.8526315789473684,15.25164700263158,1.0,0.0
20251028,mobile,Android Webview,Android,378.0,319.0,0.5211640211640212,126.35310715343917,6.0,0.0
20260429,mobile,Safari,iOS,378.0,364.0,0.6904761904761905,34.77783226455026,3.0,0.0
20260526,mobile,Safari,iOS,375.0,371.0,0.8053333333333333,37.77300185866667,1.0,0.0
20251011,mobile,Android Webview,Android,374.0,347.0,0.4893048128342246,119.66879232352942,9.0,0.0
20251102,mobile,Chrome,Android,374.0,345.0,0.6631016042780749,60.751768692513366,3.0,0.0
20251010,mobile,Android Webview,Android,372.0,346.0,0.49731182795698925,159.18945826075267,6.0,0.0
20260608,mobile,Safari,iOS,372.0,364.0,0.8091397849462365,15.326934413978494,4.0,0.0
20250922,mobile,Safari (in-app),iOS,367.0,363.0,0.8801089918256131,4.071875231607629,26.0,0.0
20250923,mobile,Safari (in-app),iOS,366.0,362.0,0.8743169398907104,8.090357642076505,32.0,0.0
20260321,mobile,Safari (in-app),iOS,363.0,362.0,0.7052341597796143,8.829406754820937,111.0,0.0
20260609,mobile,Safari,iOS,360.0,353.0,0.75,20.557925461111115,7.0,0.0
20251009,mobile,Safari (in-app),iOS,359.0,358.0,0.9331476323119777,5.993459688022284,3.0,0.0
20260314,mobile,Safari (in-app),iOS,357.0,358.0,0.7563025210084033,7.181874714285714,86.0,0.0
20260603,mobile,Safari,iOS,355.0,353.0,0.7887323943661971,30.35794183661972,0.0,0.0
20260528,mobile,Safari,iOS,354.0,351.0,0.8305084745762712,13.97632406779661,2.0,0.0
20260430,mobile,Safari,iOS,353.0,348.0,0.6515580736543909,56.06884681869688,3.0,0.0
20260410,mobile,Safari,iOS,352.0,347.0,0.8039772727272727,19.64466069034091,0.0,0.0
20260611,mobile,Safari,iOS,352.0,347.0,0.7982954545454546,18.18985334375,0.0,0.0
20251006,mobile,Safari (in-app),iOS,351.0,349.0,0.9373219373219374,3.283601418803419,5.0,0.0
20260530,mobile,Safari,iOS,350.0,348.0,0.8114285714285714,30.383536879999998,2.0,0.0
20251015,mobile,Android Webview,Android,349.0,333.0,0.49570200573065903,125.81243972492837,9.0,0.0
20251008,mobile,Safari (in-app),iOS,346.0,346.0,0.9710982658959537,1.8851405086705204,2.0,0.0
20260421,mobile,Safari (in-app),iOS,346.0,346.0,0.7341040462427746,9.150380505780346,107.0,0.0
20260527,mobile,Safari,iOS,345.0,342.0,0.8028985507246377,12.357625168115943,0.0,0.0
20260228,mobile,Safari (in-app),iOS,341.0,343.0,0.7448680351906158,8.417379061583578,85.0,0.0
20251110,mobile,Safari (in-app),iOS,340.0,340.0,0.8823529411764706,7.752854850000001,30.0,0.0
20260420,mobile,Safari,iOS,340.0,339.0,0.8088235294117647,15.906949026470588,6.0,0.0
20251103,mobile,Chrome,Android,339.0,323.0,0.6637168141592921,68.56750737758112,5.0,0.0
20250930,mobile,Android Webview,Android,337.0,305.0,0.6409495548961425,77.64701626112759,5.0,0.0
20260517,mobile,Safari,iOS,337.0,333.0,0.7863501483679525,19.310927519287834,1.0,0.0
20251013,mobile,Android Webview,Android,335.0,310.0,0.5104477611940299,128.68673902985074,2.0,0.0
20260531,mobile,Safari,iOS,335.0,330.0,0.7820895522388059,24.39533865373134,1.0,0.0
20260711,mobile,Safari (in-app),iOS,335.0,335.0,0.6955223880597015,10.75860885671642,111.0,0.0
20260413,mobile,Safari,iOS,331.0,328.0,0.8429003021148036,32.80551301812689,1.0,0.0
20260525,mobile,Safari,iOS,330.0,329.0,0.8181818181818182,16.39838933636364,1.0,0.0
20260315,mobile,Safari (in-app),iOS,327.0,327.0,0.7431192660550459,9.283961266055046,88.0,0.0
20260602,mobile,Safari,iOS,327.0,319.0,0.7889908256880734,35.123453850152906,0.0,0.0
20260905,mobile,Safari (in-app),iOS,326.0,326.0,0.7177914110429447,8.798926211656443,105.0,0.0
20260425,mobile,Safari,iOS,325.0,323.0,0.8461538461538461,19.561926341538463,1.0,0.0
20251015,mobile,Safari (in-app),iOS,324.0,324.0,0.9166666666666666,14.83591611419753,1.0,0.0
20250926,mobile,Android Webview,Android,323.0,292.0,0.653250773993808,75.32714537151703,7.0,0.0
20250918,mobile,Safari (in-app),iOS,322.0,324.0,0.9254658385093167,2.6753228478260866,17.0,0.0
20251007,mobile,Safari (in-app),iOS,321.0,321.0,0.9719626168224299,1.8292653676012463,0.0,0.0
20251009,mobile,Android Webview,Android,318.0,305.0,0.5314465408805031,133.97712292138365,2.0,0.0
20260427,mobile,Safari,iOS,317.0,310.0,0.7160883280757098,36.74432343848581,1.0,0.0
20260601,mobile,Safari,iOS,316.0,313.0,0.759493670886076,22.907298639240505,4.0,0.0
20260915,mobile,Safari,iOS,314.0,306.0,0.5254777070063694,56.904325843949046,5.0,0.0
20251021,mobile,Android Webview,Android,313.0,301.0,0.5143769968051118,109.8769026517572,7.0,0.0
20260823,mobile,Safari (in-app),iOS,313.0,313.0,0.6741214057507987,9.870176309904153,109.0,0.0
20260627,mobile,Safari (in-app),iOS,310.0,312.0,0.6806451612903226,9.81972056451613,99.0,0.0
20251101,mobile,Android Webview,Android,308.0,294.0,0.564935064935065,87.15849504220779,2.0,0.0
20260910,mobile,Safari,iOS,308.0,304.0,0.6038961038961039,59.9110428051948,1.0,0.0
20251022,mobile,Safari (in-app),iOS,307.0,301.0,0.8306188925081434,13.968277390879479,32.0,0.0
20260509,mobile,Safari,iOS,307.0,302.0,0.6319218241042345,56.42338053094463,1.0,0.0
20251017,mobile,Safari (in-app),iOS,301.0,300.0,0.6810631229235881,31.544630936877077,5.0,0.0
20251025,mobile,Chrome,Android,301.0,291.0,0.6046511627906976,64.10254203654485,2.0,0.0
20251010,mobile,Chrome,Android,300.0,278.0,0.5766666666666667,87.74086971999999,7.0,0.0
20251027,mobile,Android Webview,Android,300.0,273.0,0.5766666666666667,89.34889514333335,5.0,0.0
20260322,mobile,Safari (in-app),iOS,300.0,300.0,0.74,9.23131493,80.0,0.0
20260529,mobile,Safari,iOS,300.0,299.0,0.83,22.900455320000003,1.0,0.0
20251013,mobile,Safari (in-app),iOS,298.0,298.0,0.9161073825503355,5.247572003355704,1.0,0.0
20260911,mobile,Safari,iOS,296.0,292.0,0.5912162162162162,53.35510229054054,7.0,0.0
20251021,mobile,Chrome,Android,294.0,282.0,0.5986394557823129,107.53581134013606,3.0,0.0
20260718,mobile,Safari (in-app),iOS,294.0,294.0,0.6938775510204082,9.580778663265306,104.0,0.0
20260221,mobile,Safari (in-app),iOS,292.0,292.0,0.75,7.5876124589041085,70.0,0.0
20260620,mobile,Safari,iOS,292.0,280.0,0.6198630136986302,55.184041352739726,5.0,0.0
20260513,mobile,Safari,iOS,291.0,285.0,0.7938144329896907,35.375196872852236,3.0,0.0
20251104,mobile,Chrome,Android,290.0,277.0,0.7034482758620689,62.05423827241379,6.0,0.0
20260522,mobile,Safari,iOS,290.0,288.0,0.8689655172413793,20.89733523448276,0.0,0.0
20251031,mobile,Chrome,Android,289.0,281.0,0.643598615916955,43.435877339100344,2.0,0.0
20260308,mobile,Safari,iOS,289.0,290.0,0.8304498269896193,14.892986657439446,0.0,0.0
20260328,mobile,Safari,iOS,288.0,281.0,0.7083333333333334,131.15760582986113,3.0,0.0
20260914,mobile,Safari,iOS,287.0,282.0,0.5365853658536586,66.42059106271776,6.0,0.0
20260314,mobile,Safari,iOS,286.0,276.0,0.7762237762237763,30.036204101398603,2.0,0.0
20260417,mobile,Safari,iOS,282.0,281.0,0.8014184397163121,12.561530322695035,0.0,0.0
20251020,desktop,Chrome,Windows,277.0,233.0,0.5595667870036101,64.27047132129964,4.0,0.0
20260422,mobile,Safari,iOS,275.0,269.0,0.7854545454545454,19.5063488,0.0,0.0
20260414,mobile,Safari,iOS,274.0,270.0,0.7883211678832117,38.49076544160584,1.0,0.0
20260111,mobile,Safari,iOS,272.0,256.0,0.5992647058823529,37.55591508455882,2.0,0.0
20260423,mobile,Safari,iOS,272.0,266.0,0.7683823529411765,25.13726406985294,0.0,0.0
20251014,mobile,Safari (in-app),iOS,271.0,271.0,0.9077490774907749,13.503905092250923,1.0,0.0
20260329,mobile,Safari,iOS,270.0,261.0,0.762962962962963,22.807138303703702,3.0,0.0
20260517,mobile,Chrome,Android,270.0,263.0,0.737037037037037,26.192543711111114,4.0,0.0
20260503,mobile,Safari,iOS,267.0,264.0,0.5955056179775281,44.56312832958801,1.0,0.0
20260514,mobile,Safari,iOS,267.0,262.0,0.8089887640449438,21.67299656928839,3.0,0.0
20260416,mobile,Safari,iOS,265.0,263.0,0.7962264150943397,32.31420425660377,4.0,0.0
20250923,mobile,Android Webview,Android,264.0,241.0,0.7348484848484849,68.80019071590908,3.0,0.0
20251025,mobile,Android Webview,Android,264.0,262.0,0.6287878787878788,96.7000490189394,5.0,0.0
20260214,mobile,Safari (in-app),iOS,263.0,263.0,0.7262357414448669,8.739313399239544,74.0,0.0
20251026,mobile,Android Webview,Android,262.0,250.0,0.5801526717557252,70.43510791603053,5.0,0.0
20260618,mobile,Safari (in-app),iOS,262.0,262.0,0.7595419847328244,7.300027034351145,65.0,0.0
20260719,mobile,Safari (in-app),iOS,262.0,263.0,0.6870229007633588,9.839867885496183,91.0,0.0
20260615,mobile,Safari (in-app),iOS,261.0,261.0,0.7816091954022989,7.691901199233716,58.0,0.0
20251028,mobile,Chrome,Android,260.0,246.0,0.6230769230769231,64.59864371153844,5.0,0.0
20260306,mobile,Safari (in-app),iOS,260.0,260.0,0.7153846153846154,8.066452715384616,67.0,0.0
20260205,mobile,Safari,iOS,259.0,252.0,0.6254826254826255,55.39334426254826,4.0,0.0
20260906,mobile,Safari (in-app),iOS,258.0,258.0,0.6782945736434108,10.365565015503876,85.0,0.0
20251001,mobile,Android Webview,Android,257.0,238.0,0.6342412451361867,94.08929989883269,8.0,0.0
20260301,mobile,Safari (in-app),iOS,256.0,256.0,0.7578125,8.138912484375,68.0,0.0
20260612,mobile,Safari,iOS,255.0,250.0,0.7137254901960784,38.52107234509804,3.0,0.0
20251003,mobile,Android Webview,Android,253.0,233.0,0.5810276679841897,81.76851661660079,9.0,0.0
20251030,mobile,Chrome,Android,253.0,243.0,0.5810276679841897,72.11208961264822,0.0,0.0
20260621,mobile,Safari,iOS,253.0,244.0,0.6284584980237155,106.43659703162054,2.0,0.0
20260207,mobile,Safari (in-app),iOS,252.0,253.0,0.753968253968254,8.269747996031745,58.0,0.0
20251024,mobile,Android Webview,Android,250.0,235.0,0.604,67.590680068,5.0,0.0
20251029,mobile,Chrome,Android,250.0,247.0,0.58,85.91567072,1.0,0.0
20260313,mobile,Safari (in-app),iOS,250.0,250.0,0.72,8.628377056,70.0,0.0
20260515,mobile,Safari,iOS,250.0,245.0,0.768,14.261714300000001,1.0,0.0
20251026,mobile,Chrome,Android,249.0,241.0,0.5582329317269076,60.5261227630522,3.0,0.0
20260521,mobile,Safari,iOS,249.0,245.0,0.8433734939759037,19.005329100401607,2.0,0.0
20260821,mobile,Safari (in-app),iOS,249.0,250.0,0.7389558232931727,8.262014108433736,66.0,0.0
20260331,mobile,Safari,iOS,248.0,247.0,0.8508064516129032,9.230573447580644,1.0,0.0
20260518,mobile,Safari,iOS,247.0,245.0,0.8097165991902834,21.413880781376516,0.0,0.0
20260415,mobile,Safari,iOS,246.0,245.0,0.7967479674796748,49.66425146341463,0.0,0.0
20260206,mobile,Safari (in-app),iOS,245.0,245.0,0.7959183673469388,6.8493167265306125,45.0,0.0
20260606,mobile,Chrome,Android,244.0,232.0,0.639344262295082,73.82122312704917,7.0,0.0
20260520,mobile,Safari,iOS,243.0,235.0,0.7983539094650206,13.194390111111112,1.0,0.0
20250925,mobile,Android Webview,Android,242.0,221.0,0.6570247933884298,60.44539364049587,14.0,0.0
20251030,mobile,Android Webview,Android,242.0,234.0,0.6033057851239669,87.3219732520661,5.0,0.0
20260516,mobile,Chrome,Android,242.0,240.0,0.7933884297520661,14.695100425619835,0.0,0.0
20260616,mobile,Safari (in-app),iOS,242.0,242.0,0.7479338842975206,7.609795429752066,65.0,0.0
20260319,mobile,Safari (in-app),iOS,241.0,241.0,0.7676348547717843,7.423672921161826,59.0,0.0
20260428,mobile,Safari,iOS,241.0,241.0,0.7178423236514523,25.117828842323654,0.0,0.0
20260131,mobile,Safari (in-app),iOS,240.0,241.0,0.8166666666666667,6.353065575,40.0,0.0
20251004,mobile,Android Webview,Android,239.0,210.0,0.6694560669456067,94.67123043096235,21.0,0.0
20260711,mobile,Safari,iOS,239.0,231.0,0.6234309623430963,68.65651392050209,2.0,0.0
20260726,mobile,Safari (in-app),iOS,239.0,240.0,0.6820083682008368,8.52192440585774,78.0,0.0
20251007,mobile,Android Webview,Android,238.0,224.0,0.48739495798319327,92.5963582394958,1.0,0.0
20251029,mobile,Android Webview,Android,236.0,228.0,0.4915254237288136,128.6271371059322,1.0,0.0
20260907,mobile,Safari (in-app),iOS,235.0,235.0,0.7106382978723405,9.52802669361702,67.0,0.0
20260909,mobile,Safari,iOS,235.0,227.0,0.6085106382978723,56.79002520851064,2.0,0.0
20251022,mobile,Android Webview,Android,234.0,228.0,0.5384615384615384,102.94480973504274,10.0,0.0
20251027,mobile,Chrome,Android,234.0,231.0,0.5085470085470085,118.13518365384614,8.0,0.0
20251002,mobile,Android Webview,Android,233.0,213.0,0.6180257510729614,47.18149927038626,14.0,0.0
20260617,mobile,Safari,iOS,233.0,216.0,0.4248927038626609,89.81754640772533,2.0,0.0
20260731,desktop,Chrome,Windows,233.0,220.0,0.7081545064377682,81.03738439055795,0.0,0.0
20260320,mobile,Safari (in-app),iOS,232.0,232.0,0.7543103448275862,7.55051024137931,57.0,0.0
20260512,mobile,Safari,iOS,232.0,225.0,0.7198275862068966,34.95986845258621,4.0,0.0
20260815,mobile,Safari,iOS,232.0,218.0,0.603448275862069,58.32766182327586,5.0,0.0
20251024,mobile,Chrome,Android,231.0,228.0,0.5800865800865801,73.62267071861471,8.0,0.0
20251102,mobile,Safari,iOS,231.0,226.0,0.7012987012987013,43.20598366233766,0.0,0.0
20251023,mobile,Android Webview,Android,229.0,224.0,0.5720524017467249,88.95167448471615,21.0,0.0
20251031,mobile,Android Webview,Android,229.0,218.0,0.5240174672489083,121.80330628384279,5.0,0.0
20260110,mobile,Safari,iOS,228.0,224.0,0.6535087719298246,37.366723557017544,8.0,0.0
20260424,mobile,Safari,iOS,228.0,225.0,0.7675438596491229,26.36345921491228,1.0,0.0
20260216,mobile,Safari (in-app),iOS,227.0,227.0,0.748898678414097,7.434568405286343,56.0,0.0
20260309,mobile,Safari (in-app),iOS,227.0,227.0,0.7444933920704846,8.26734952863436,53.0,0.0
20260115,mobile,Safari (in-app),iOS,225.0,226.0,0.8133333333333334,7.2403414800000006,42.0,0.0
20260223,mobile,Safari (in-app),iOS,225.0,226.0,0.7022222222222222,8.638886862222222,64.0,0.0
20260617,mobile,Safari (in-app),iOS,225.0,226.0,0.7644444444444445,8.333945093333334,44.0,0.0
20260721,mobile,Safari,iOS,225.0,215.0,0.6088888888888889,30.881329364444444,3.0,0.0
20260802,mobile,Safari,iOS,224.0,208.0,0.6071428571428571,26.59803833482143,6.0,0.0
20260117,mobile,Safari (in-app),iOS,222.0,222.0,0.8243243243243243,9.25737850900901,41.0,0.0
20260208,mobile,Safari (in-app),iOS,222.0,222.0,0.7297297297297297,8.683630891891891,60.0,0.0
20260717,mobile,Safari (in-app),iOS,221.0,221.0,0.7058823529411765,8.82989321719457,74.0,0.0
20260916,mobile,Safari,iOS,221.0,217.0,0.583710407239819,91.70046462443437,8.0,0.0
20260722,mobile,Safari,iOS,220.0,211.0,0.6045454545454545,49.99375655,3.0,0.0
20260310,mobile,Safari (in-app),iOS,219.0,220.0,0.7534246575342466,6.7218164018264845,56.0,0.0
20260614,mobile,Safari,iOS,219.0,210.0,0.6301369863013698,76.62025538356164,4.0,0.0
20251021,desktop,Chrome,Windows,218.0,188.0,0.5275229357798165,148.7551911055046,7.0,0.0
20251023,mobile,Chrome,Android,217.0,208.0,0.5806451612903226,75.9819224516129,4.0,0.0
20260119,mobile,Safari (in-app),iOS,217.0,218.0,0.8341013824884793,6.5207787327188935,30.0,0.0
20260220,mobile,Safari (in-app),iOS,217.0,217.0,0.8018433179723502,6.5683348156682015,42.0,0.0
20260610,desktop,Chrome,Windows,217.0,199.0,0.728110599078341,92.22013964055299,1.0,0.0
20251022,mobile,Chrome,Android,216.0,206.0,0.5879629629629629,82.03254660648147,4.0,0.0
20260628,mobile,Safari (in-app),iOS,216.0,217.0,0.7268518518518519,9.277368777777777,69.0,0.0
20260801,mobile,Safari,iOS,216.0,208.0,0.5879629629629629,53.377677375,3.0,0.0
20260707,mobile,Safari (in-app),iOS,215.0,215.0,0.7209302325581395,8.482532144186045,65.0,0.0
20260112,mobile,Safari,iOS,214.0,205.0,0.602803738317757,39.10815813084112,3.0,0.0
20260216,mobile,Safari,iOS,214.0,202.0,0.46261682242990654,101.3346496635514,5.0,0.0
20260225,mobile,Safari (in-app),iOS,213.0,214.0,0.7746478873239436,7.7046555680751165,51.0,0.0
20260217,mobile,Safari (in-app),iOS,212.0,213.0,0.7122641509433962,9.831051099056605,63.0,0.0
20260713,mobile,Safari (in-app),iOS,212.0,212.0,0.6933962264150944,9.350295853773584,65.0,0.0
20250926,mobile,Chrome,Android,211.0,201.0,0.5687203791469194,76.48715160189573,2.0,0.0
20260313,mobile,Safari,iOS,211.0,202.0,0.8151658767772512,15.790909478672985,2.0,0.0
20260404,mobile,Android Webview,Android,211.0,211.0,0.8909952606635071,14.247828260663509,0.0,0.0
20260712,mobile,Safari,iOS,211.0,201.0,0.6445497630331753,40.1959608056872,2.0,0.0
20251014,mobile,Android Webview,Android,210.0,191.0,0.5857142857142857,117.2557190904762,13.0,0.0
20260209,mobile,Safari (in-app),iOS,210.0,210.0,0.8761904761904762,5.016441838095237,23.0,0.0
20260513,mobile,Chrome,Android,210.0,208.0,0.8,27.933610995238094,3.0,0.0
20260519,mobile,Safari,iOS,210.0,207.0,0.7571428571428571,30.905739371428574,6.0,0.0
20260914,mobile,Safari (in-app),iOS,210.0,212.0,0.6952380952380952,9.334135338095239,60.0,0.0
20260227,mobile,Safari (in-app),iOS,209.0,209.0,0.7320574162679426,7.687293923444976,48.0,0.0
20260303,mobile,Safari (in-app),iOS,209.0,209.0,0.7368421052631579,8.083015210526316,63.0,0.0
20260406,mobile,Android Webview,Android,209.0,209.0,0.8899521531100478,11.543340172248804,0.0,0.0
20260628,mobile,Safari,iOS,209.0,200.0,0.6124401913875598,48.70586477990431,2.0,0.0
20260706,mobile,Safari (in-app),iOS,209.0,209.0,0.7320574162679426,7.686233602870814,62.0,0.0
20260909,desktop,Chrome,Windows,209.0,196.0,0.5454545454545454,54.86065410526316,1.0,0.0
20260324,mobile,Safari (in-app),iOS,208.0,208.0,0.7740384615384616,6.8649471057692315,44.0,0.0
20260512,mobile,Chrome,Android,208.0,204.0,0.6971153846153846,58.08958051923077,1.0,0.0
20260124,mobile,Safari (in-app),iOS,206.0,206.0,0.8058252427184466,5.775692393203884,40.0,0.0
20260405,mobile,Android Webview,Android,206.0,204.0,0.9029126213592233,5.231952393203883,0.0,0.0
20260604,mobile,Chrome,Android,206.0,204.0,0.6456310679611651,48.494368252427186,1.0,0.0
20260714,mobile,Safari (in-app),iOS,206.0,206.0,0.7572815533980582,8.156081781553398,50.0,0.0
20260123,mobile,Safari (in-app),iOS,205.0,206.0,0.775609756097561,6.5465316292682925,42.0,0.0
20260210,mobile,Safari (in-app),iOS,205.0,205.0,0.7463414634146341,7.471684214634146,57.0,0.0
20260607,mobile,Chrome,Android,205.0,203.0,0.6780487804878049,37.6744049804878,3.0,0.0
20260618,mobile,Safari,iOS,205.0,194.0,0.5609756097560976,69.50716367804878,0.0,0.0
20251101,mobile,Safari,iOS,204.0,201.0,0.75,34.07033681372549,2.0,0.0
20260215,mobile,Safari (in-app),iOS,204.0,205.0,0.7205882352941176,10.729501588235294,58.0,0.0
20260211,mobile,Safari (in-app),iOS,202.0,202.0,0.7475247524752475,8.196497787128713,52.0,0.0
20260422,mobile,Safari (in-app),iOS,202.0,202.0,0.7326732673267327,7.976011420792079,55.0,0.0
20260120,mobile,Safari (in-app),iOS,201.0,200.0,0.8258706467661692,6.126973830845772,32.0,0.0
20260222,mobile,Safari (in-app),iOS,201.0,203.0,0.8009950248756219,6.654600915422885,37.0,0.0
20260511,mobile,Chrome,Android,201.0,197.0,0.6318407960199005,66.88410233333333,5.0,0.0
20260720,mobile,Safari (in-app),iOS,201.0,201.0,0.7213930348258707,9.285835805970148,67.0,0.0
20251017,mobile,Android Webview,Android,200.0,190.0,0.48,117.75541094500001,8.0,0.0
20251103,mobile,Android Webview,Android,200.0,199.0,0.515,109.32599132499999,3.0,0.0
20260121,mobile,Safari (in-app),iOS,200.0,200.0,0.76,9.66050495,48.0,0.0
20260808,mobile,Safari,iOS,200.0,196.0,0.635,31.681662305,11.0,0.0
20250924,mobile,Android Webview,Android,199.0,170.0,0.6482412060301508,101.82637621608039,9.0,0.0
20251006,mobile,Android Webview,Android,199.0,185.0,0.5477386934673367,73.89954626130653,6.0,0.0
20251008,mobile,Android Webview,Android,199.0,189.0,0.5175879396984925,137.7557965125628,6.0,0.0
20260116,mobile,Safari (in-app),iOS,199.0,199.0,0.864321608040201,4.629642100502513,23.0,0.0
20260820,mobile,Safari (in-app),iOS,199.0,200.0,0.7386934673366834,7.911707025125628,51.0,0.0
20260206,mobile,Safari,iOS,198.0,187.0,0.601010101010101,55.95756972727273,2.0,0.0
20260226,mobile,Safari (in-app),iOS,198.0,198.0,0.7474747474747475,7.575344833333333,48.0,0.0
20260323,mobile,Safari (in-app),iOS,198.0,198.0,0.7474747474747475,7.1775891616161624,46.0,0.0
20260618,desktop,Chrome,Windows,198.0,187.0,0.47474747474747475,129.75926424747476,2.0,0.0
20260315,mobile,Safari,iOS,197.0,191.0,0.7461928934010152,40.31662842639594,0.0,0.0
20260619,mobile,Safari (in-app),iOS,197.0,197.0,0.766497461928934,7.9680224010152285,53.0,0.0
20260725,mobile,Safari (in-app),iOS,197.0,197.0,0.6649746192893401,12.17551685279188,74.0,0.0
20260907,mobile,Safari,iOS,197.0,194.0,0.5482233502538071,74.813197928934,3.0,0.0
20260212,mobile,Safari (in-app),iOS,196.0,196.0,0.7397959183673469,9.481794484693879,50.0,0.0
20260309,mobile,Safari,iOS,196.0,188.0,0.6836734693877551,24.478221403061227,2.0,0.0
20260311,mobile,Safari (in-app),iOS,196.0,196.0,0.7040816326530612,8.963041387755101,49.0,0.0
20260523,mobile,Chrome,Android,196.0,193.0,0.7704081632653061,38.172436362244895,1.0,0.0
20260715,mobile,Safari (in-app),iOS,196.0,196.0,0.7653061224489796,6.7565998928571425,44.0,0.0
20260727,mobile,Safari,iOS,196.0,188.0,0.5510204081632653,88.38252455612245,1.0,0.0
20260818,mobile,Safari (in-app),iOS,196.0,196.0,0.7653061224489796,7.2538023724489795,46.0,0.0
20260312,mobile,Safari,iOS,195.0,193.0,0.7589743589743589,29.24579252820513,1.0,0.0
20260330,mobile,Safari,iOS,195.0,191.0,0.764102564102564,38.14992955384616,1.0,0.0
20251229,mobile,Safari,iOS,194.0,187.0,0.6288659793814433,51.262268891752576,2.0,0.0
20260306,mobile,Safari,iOS,194.0,192.0,0.845360824742268,23.731834592783507,1.0,0.0
20251005,mobile,Android Webview,Android,193.0,172.0,0.6994818652849741,61.49344186010363,10.0,0.0
20260725,mobile,Safari,iOS,193.0,188.0,0.5544041450777202,69.0648356373057,0.0,0.0
20260316,mobile,Safari (in-app),iOS,192.0,192.0,0.71875,8.561792958333333,55.0,0.0
20260514,mobile,Chrome,Android,192.0,186.0,0.7916666666666666,15.96645725,1.0,0.0
20260515,mobile,Chrome,Android,192.0,188.0,0.75,34.493369453125005,1.0,0.0
20260111,mobile,Chrome,Android,191.0,181.0,0.6282722513089005,61.911539000000005,2.0,0.0
20260808,mobile,Safari (in-app),iOS,191.0,192.0,0.7277486910994765,8.255827712041885,51.0,0.0
20251009,mobile,Chrome,Android,190.0,180.0,0.4631578947368421,78.26188411052631,4.0,0.0
20260219,mobile,Safari (in-app),iOS,190.0,190.0,0.7315789473684211,9.627168431578948,53.0,0.0
20260304,mobile,Safari (in-app),iOS,190.0,190.0,0.7789473684210526,6.671830868421052,42.0,0.0
20260305,mobile,Safari (in-app),iOS,190.0,190.0,0.7,8.662753278947369,58.0,0.0
20260710,mobile,Safari (in-app),iOS,190.0,190.0,0.7052631578947368,8.747037084210527,56.0,0.0
20260627,mobile,Safari,iOS,189.0,178.0,0.6878306878306878,111.80208189947089,0.0,0.0
20251025,mobile,Safari (in-app),iOS,188.0,181.0,0.776595744680851,51.24921434574469,3.0,0.0
20260118,mobile,Safari (in-app),iOS,188.0,188.0,0.8297872340425532,6.098104819148936,23.0,0.0
20260414,mobile,Android Webview,Android,188.0,188.0,0.8829787234042553,4.516727547872341,0.0,0.0
20260505,mobile,Safari,iOS,188.0,184.0,0.6702127659574468,42.48660730319149,1.0,0.0
20251018,mobile,Safari,iOS,187.0,184.0,0.5775401069518716,30.36075310695187,0.0,0.0
20260106,mobile,Safari,iOS,187.0,179.0,0.6149732620320856,45.001268272727266,2.0,0.0
20260125,mobile,Safari (in-app),iOS,187.0,187.0,0.8449197860962567,4.470521577540107,20.0,0.0
20260224,mobile,Safari (in-app),iOS,187.0,187.0,0.7754010695187166,7.91334919251337,41.0,0.0
20260318,mobile,Safari (in-app),iOS,187.0,187.0,0.7379679144385026,8.803594283422461,49.0,0.0
20260510,mobile,Safari,iOS,187.0,183.0,0.5989304812834224,89.25418725133689,9.0,0.0
20260724,mobile,Safari (in-app),iOS,187.0,187.0,0.7005347593582888,10.230054556149732,61.0,0.0
20260906,mobile,Safari,iOS,187.0,184.0,0.5775401069518716,52.91161331550801,2.0,0.0
20251017,mobile,Chrome,Android,186.0,180.0,0.6182795698924731,84.8387884139785,0.0,0.0
20260130,mobile,Safari (in-app),iOS,186.0,187.0,0.7741935483870968,6.543643935483871,43.0,0.0
20260302,mobile,Safari (in-app),iOS,186.0,186.0,0.7849462365591398,6.346695037634409,37.0,0.0
20260814,desktop,Chrome,Windows,186.0,169.0,0.553763440860215,78.2156701451613,5.0,0.0
20260629,mobile,Safari (in-app),iOS,185.0,185.0,0.6432432432432432,11.857954659459459,69.0,0.0
20260726,mobile,Safari,iOS,185.0,181.0,0.572972972972973,53.461019335135134,0.0,0.0
20251031,mobile,Safari,iOS,184.0,182.0,0.7282608695652174,30.376834874999997,1.0,0.0
20260202,mobile,Safari (in-app),iOS,184.0,184.0,0.8206521739130435,8.082255554347826,31.0,0.0
20260204,mobile,Safari,iOS,184.0,178.0,0.592391304347826,41.50513525543478,0.0,0.0
20260312,mobile,Safari (in-app),iOS,184.0,184.0,0.6956521739130435,8.67146905978261,56.0,0.0
20260504,mobile,Safari,iOS,184.0,175.0,0.592391304347826,43.31744336956522,0.0,0.0
20260126,mobile,Safari (in-app),iOS,183.0,183.0,0.7704918032786885,8.986386054644809,31.0,0.0
20260310,mobile,Safari,iOS,183.0,177.0,0.7377049180327869,24.898622393442626,2.0,0.0
20260317,mobile,Safari (in-app),iOS,182.0,182.0,0.7582417582417582,8.168804543956044,43.0,0.0
20260518,mobile,Chrome,Android,182.0,179.0,0.7527472527472527,31.466460071428568,1.0,0.0
20260730,mobile,Safari (in-app),iOS,182.0,183.0,0.7252747252747253,8.788123697802197,48.0,0.0
20260421,mobile,Android Webview,Android,181.0,176.0,0.861878453038674,14.231419425414368,1.0,0.0
20260721,mobile,Safari (in-app),iOS,181.0,181.0,0.7016574585635359,9.113638508287293,56.0,0.0
20250927,mobile,Chrome,Android,180.0,173.0,0.5055555555555555,91.97681372222222,3.0,0.0
20260112,mobile,Chrome,Android,180.0,173.0,0.5722222222222222,70.70349626666668,3.0,0.0
20260407,mobile,Android Webview,Android,180.0,179.0,0.85,12.110974366666667,0.0,0.0
20251019,mobile,Safari,iOS,179.0,177.0,0.6759776536312849,49.1953457877095,1.0,0.0
20251026,mobile,Safari (in-app),iOS,179.0,174.0,0.6983240223463687,82.65864725698324,0.0,0.0
20260415,mobile,Android Webview,Android,179.0,179.0,0.8379888268156425,13.814635675977653,0.0,0.0
20260508,mobile,Safari,iOS,179.0,174.0,0.6536312849162011,25.123286882681565,0.0,0.0
20251104,mobile,Android Webview,Android,178.0,174.0,0.5617977528089888,91.09931106741574,1.0,0.0
20260204,mobile,Safari (in-app),iOS,177.0,177.0,0.7796610169491526,6.783227203389831,41.0,0.0
20260214,mobile,Safari,iOS,177.0,162.0,0.6497175141242938,116.52322222033898,2.0,0.0
20260722,mobile,Safari (in-app),iOS,177.0,177.0,0.7796610169491526,7.935628677966101,46.0,0.0
20260127,mobile,Safari (in-app),iOS,176.0,177.0,0.8238636363636364,7.153784664772728,29.0,0.0
20260201,mobile,Safari (in-app),iOS,176.0,176.0,0.75,9.286028613636363,40.0,0.0
20260824,mobile,Safari (in-app),iOS,176.0,176.0,0.6931818181818182,9.188920965909091,52.0,0.0
20260704,mobile,Safari,iOS,175.0,171.0,0.7371428571428571,26.944181959999998,0.0,0.0
20251025,mobile,Safari,iOS,174.0,169.0,0.6896551724137931,22.198996137931037,1.0,0.0
20260104,mobile,Safari,iOS,174.0,170.0,0.6149425287356322,45.858302321839076,1.0,0.0
20260110,mobile,Chrome,Android,174.0,165.0,0.6609195402298851,52.32775449425288,0.0,0.0
20260625,mobile,Safari (in-app),iOS,174.0,174.0,0.6896551724137931,9.11715925862069,56.0,0.0
20250922,desktop,Chrome,Windows,173.0,126.0,0.48554913294797686,177.32274296531793,5.0,0.0
20260106,mobile,Chrome,Android,173.0,166.0,0.6127167630057804,61.68226616184971,4.0,0.0
20260716,mobile,Safari (in-app),iOS,173.0,173.0,0.7225433526011561,8.451797809248554,48.0,0.0
20260731,mobile,Safari,iOS,173.0,168.0,0.6011560693641619,42.46114594797688,1.0,0.0
20250928,mobile,Chrome,Android,172.0,163.0,0.5988372093023255,66.42755586046512,1.0,0.0
20260103,mobile,Safari,iOS,172.0,162.0,0.5813953488372093,57.93495718023255,3.0,0.0
20260311,mobile,Safari,iOS,172.0,167.0,0.8023255813953488,92.74708318023255,2.0,0.0
20260325,mobile,Safari,iOS,172.0,165.0,0.7558139534883721,43.90613381395349,0.0,0.0
20260423,mobile,Safari (in-app),iOS,172.0,172.0,0.7616279069767442,7.592404558139535,37.0,0.0
20260731,mobile,Safari (in-app),iOS,172.0,172.0,0.6802325581395349,9.53404911627907,63.0,0.0
20260720,mobile,Safari,iOS,171.0,165.0,0.6140350877192983,48.64143107017544,1.0,0.0
20260113,mobile,Chrome,Android,170.0,160.0,0.5,86.49771187058825,3.0,0.0
20260114,mobile,Safari,iOS,170.0,161.0,0.5941176470588235,67.12586647058824,4.0,0.0
20260128,mobile,Safari (in-app),iOS,170.0,170.0,0.7764705882352941,6.533668341176471,41.0,0.0
20260509,mobile,Chrome,Android,170.0,164.0,0.611764705882353,45.930367205882355,13.0,0.0
20260816,mobile,Safari,iOS,170.0,165.0,0.5588235294117647,63.54779574705882,2.0,0.0
20251015,desktop,Chrome,Windows,169.0,127.0,0.5207100591715976,141.35429915384617,10.0,0.0
20260519,mobile,Chrome,Android,169.0,167.0,0.7751479289940828,23.877898692307692,2.0,0.0
20260729,mobile,Safari,iOS,169.0,160.0,0.5680473372781065,81.75413400591717,3.0,0.0
20260408,mobile,Android Webview,Android,168.0,168.0,0.8869047619047619,18.118937499999998,0.0,0.0
20260623,mobile,Safari (in-app),iOS,168.0,168.0,0.7083333333333334,8.15038880357143,67.0,0.0
20260718,mobile,Safari,iOS,168.0,164.0,0.6011904761904762,47.62607166071429,0.0,0.0
20260709,mobile,Safari (in-app),iOS,167.0,167.0,0.7425149700598802,7.661455179640718,50.0,0.0
20251020,mobile,Safari,iOS,166.0,159.0,0.6686746987951807,33.20727063855422,4.0,0.0
20251026,mobile,Safari,iOS,166.0,162.0,0.6927710843373494,39.61203128313253,2.0,0.0
20251102,mobile,Android Webview,Android,166.0,163.0,0.6204819277108434,85.30529928915662,0.0,0.0
20260218,mobile,Safari (in-app),iOS,166.0,168.0,0.7168674698795181,10.436617325301205,45.0,0.0
20260506,mobile,Safari,iOS,165.0,161.0,0.6424242424242425,55.488372921212125,2.0,0.0
20260525,desktop,Chrome,Windows,165.0,152.0,0.4909090909090909,95.83695490303032,4.0,0.0
20260530,mobile,Chrome,Android,165.0,161.0,0.7818181818181819,20.378873872727272,2.0,0.0
20251016,mobile,Safari,iOS,164.0,157.0,0.6158536585365854,51.11955665853659,7.0,0.0
20260108,mobile,Safari,iOS,164.0,161.0,0.6280487804878049,37.02860148170732,2.0,0.0
20260112,desktop,Chrome,Windows,164.0,145.0,0.31097560975609756,264.8589084390244,10.0,0.0
20260203,mobile,Safari (in-app),iOS,164.0,165.0,0.7865853658536586,6.86049674390244,36.0,0.0
20260529,desktop,Chrome,Windows,164.0,156.0,0.6524390243902439,111.474267,1.0,0.0
20260817,mobile,Safari (in-app),iOS,164.0,164.0,0.7378048780487805,8.314335225609755,45.0,0.0
20251130,mobile,Chrome,Android,163.0,152.0,0.38650306748466257,93.2433346625767,2.0,0.0
20260101,mobile,Safari,iOS,163.0,153.0,0.6196319018404908,53.02761857668711,2.0,0.0
20260728,mobile,Safari,iOS,163.0,159.0,0.5950920245398773,56.7691083006135,4.0,0.0
20260819,mobile,Safari (in-app),iOS,163.0,163.0,0.7116564417177914,9.684913957055215,44.0,0.0
20251230,mobile,Safari,iOS,162.0,154.0,0.5679012345679012,98.95723256790123,2.0,0.0
20260115,mobile,Safari,iOS,162.0,156.0,0.5679012345679012,53.06839066049382,2.0,0.0
20260413,mobile,Android Webview,Android,162.0,160.0,0.8703703703703703,20.445002716049384,0.0,0.0
20260524,mobile,Chrome,Android,162.0,155.0,0.7098765432098766,109.57651724074076,3.0,0.0
20251004,mobile,Chrome,Android,161.0,160.0,0.5279503105590062,58.0983229689441,6.0,0.0
20260113,mobile,Safari,iOS,161.0,153.0,0.5962732919254659,52.087520975155286,1.0,0.0
20260416,mobile,Android Webview,Android,160.0,161.0,0.875,6.703976031250001,0.0,0.0
20260908,mobile,Safari,iOS,160.0,158.0,0.56875,35.785433243750006,3.0,0.0
20260910,desktop,Chrome,Windows,160.0,143.0,0.5375,127.96030115624998,2.0,0.0
20251012,mobile,Safari,iOS,159.0,157.0,0.5723270440251572,28.292933786163527,2.0,0.0
20260207,mobile,Chrome,Android,159.0,156.0,0.5723270440251572,64.51975132075472,1.0,0.0
20260217,mobile,Safari,iOS,159.0,149.0,0.5660377358490566,67.30718501257861,2.0,0.0
20260203,mobile,Safari,iOS,158.0,152.0,0.6582278481012658,46.05156248101265,0.0,0.0
20260403,mobile,Android Webview,Android,158.0,158.0,0.8860759493670886,22.973580506329114,0.0,0.0
20260521,mobile,Chrome,Android,158.0,156.0,0.7215189873417721,29.47151425949367,1.0,0.0
20260531,mobile,Chrome,Android,158.0,154.0,0.7468354430379747,31.498282987341774,3.0,0.0
20260730,mobile,Safari,iOS,158.0,154.0,0.5759493670886076,66.79901959493671,3.0,0.0
20260803,desktop,Chrome,Windows,158.0,149.0,0.4936708860759494,96.69211974683544,1.0,0.0
20260102,mobile,Safari,iOS,157.0,148.0,0.5732484076433121,54.91640599363057,2.0,0.0
20260704,mobile,Safari (in-app),iOS,157.0,157.0,0.7515923566878981,8.361121828025476,46.0,0.0
20260719,mobile,Safari,iOS,157.0,151.0,0.6305732484076433,39.633849484076435,0.0,0.0
20251008,desktop,Chrome,Windows,156.0,105.0,0.532051282051282,131.5669948397436,1.0,0.0
20251228,mobile,Safari,iOS,156.0,153.0,0.6282051282051282,57.934479461538466,0.0,0.0
20260215,mobile,Safari,iOS,156.0,149.0,0.5833333333333334,77.071505,2.0,0.0
20260327,mobile,Safari,iOS,156.0,151.0,0.7692307692307693,49.720873621794865,0.0,0.0
20260604,desktop,Chrome,Windows,156.0,154.0,0.8269230769230769,32.02825411538462,2.0,0.0
20250925,desktop,Chrome,Windows,155.0,109.0,0.4774193548387097,163.933584883871,8.0,0.0
20251130,mobile,Safari,iOS,155.0,144.0,0.4645161290322581,158.78111447741935,2.0,0.0
20260102,mobile,Chrome,Android,155.0,153.0,0.6709677419354839,45.170766935483876,7.0,0.0
20260116,desktop,Chrome,Windows,155.0,126.0,0.41935483870967744,139.60246512903225,2.0,0.0
20260122,mobile,Safari (in-app),iOS,155.0,155.0,0.7870967741935484,6.4692241677419355,28.0,0.0
20260326,mobile,Safari,iOS,155.0,148.0,0.7935483870967742,43.26231523870968,0.0,0.0
20260523,mobile,Android Webview,Android,155.0,155.0,0.7548387096774194,41.03670951612903,0.0,0.0
20260610,mobile,Chrome,Android,155.0,148.0,0.6516129032258065,74.14574213548387,3.0,0.0
20260708,mobile,Safari (in-app),iOS,155.0,155.0,0.7677419354838709,7.832864064516129,40.0,0.0
20260809,mobile,Safari,iOS,155.0,150.0,0.6451612903225806,36.794422703225806,6.0,0.0
20251027,mobile,Safari,iOS,154.0,146.0,0.6103896103896104,39.407998772727275,1.0,0.0
20260104,mobile,Chrome,Android,154.0,152.0,0.6233766233766234,46.451913220779225,3.0,0.0
20260115,desktop,Chrome,Windows,154.0,130.0,0.474025974025974,111.75303707142858,3.0,0.0
20260422,mobile,Android Webview,Android,154.0,154.0,0.8636363636363636,8.079447779220779,0.0,0.0
20250925,mobile,Chrome,Android,153.0,145.0,0.5620915032679739,83.72736052287581,2.0,0.0
20251007,mobile,Chrome,Android,153.0,145.0,0.39215686274509803,77.68168330718954,2.0,0.0
20251022,desktop,Chrome,Windows,153.0,133.0,0.5163398692810458,164.62104888888888,5.0,0.0
20260103,mobile,Chrome,Android,153.0,146.0,0.6993464052287581,37.43613018954249,2.0,0.0
20260605,mobile,Chrome,Android,153.0,149.0,0.6274509803921569,59.5016335882353,3.0,0.0
20260723,mobile,Safari,iOS,153.0,147.0,0.5882352941176471,62.17147529411765,2.0,0.0
20260829,mobile,Safari (in-app),iOS,153.0,153.0,0.7124183006535948,11.530463320261438,52.0,0.0
20251221,mobile,Safari,iOS,152.0,146.0,0.631578947368421,1535.2238925197369,0.0,0.0
20251225,mobile,Safari,iOS,152.0,144.0,0.6907894736842105,48.853535296052634,4.0,0.0
20260208,mobile,Chrome,Android,152.0,146.0,0.6052631578947368,64.95479619736842,3.0,0.0
20260213,mobile,Safari (in-app),iOS,152.0,152.0,0.7828947368421053,6.886469190789473,32.0,0.0
20260418,mobile,Android Webview,Android,152.0,150.0,0.8223684210526315,15.00371434868421,1.0,0.0
20260520,mobile,Chrome,Android,152.0,150.0,0.7763157894736842,33.820678328947366,1.0,0.0
20260624,mobile,Safari (in-app),iOS,152.0,152.0,0.6907894736842105,10.076192368421053,52.0,0.0
20260704,mobile,Chrome,Android,152.0,150.0,0.7236842105263158,33.82376567763158,2.0,0.0
20251227,mobile,Chrome,Android,151.0,145.0,0.6026490066225165,48.514685006622514,1.0,0.0
20260114,mobile,Safari (in-app),iOS,151.0,151.0,0.8145695364238411,6.252714304635761,26.0,0.0
20260423,desktop,Chrome,Windows,151.0,103.0,0.3973509933774834,198.6321545165563,7.0,0.0
20260526,mobile,Chrome,Android,151.0,150.0,0.7218543046357616,38.391060105960264,0.0,0.0
20251028,mobile,Safari,iOS,150.0,146.0,0.62,95.31930764,2.0,0.0
20251219,mobile,Safari,iOS,150.0,139.0,0.5733333333333334,74.90663709333333,9.0,0.0
20260129,mobile,Safari (in-app),iOS,150.0,150.0,0.8333333333333334,6.246930113333333,23.0,0.0
20260205,mobile,Safari (in-app),iOS,150.0,150.0,0.78,8.136563493333334,36.0,0.0
20260806,mobile,Safari,iOS,150.0,147.0,0.6066666666666667,35.30866472,13.0,0.0
20251223,mobile,Safari,iOS,149.0,146.0,0.5838926174496645,70.41007131543624,1.0,0.0
20260108,mobile,Chrome,Android,149.0,135.0,0.6308724832214765,92.39656440268456,6.0,0.0
20260417,mobile,Android Webview,Android,149.0,148.0,0.8322147651006712,15.816804744966444,0.0,0.0
20260508,mobile,Chrome,Android,149.0,146.0,0.5570469798657718,66.09471044295302,0.0,0.0
20260622,mobile,Safari (in-app),iOS,149.0,149.0,0.7516778523489933,9.466371912751677,35.0,0.0
20251007,desktop,Chrome,Windows,148.0,119.0,0.5202702702702703,110.09421166216217,4.0,0.0
20260608,mobile,Chrome,Android,148.0,143.0,0.75,20.82252578378378,5.0,0.0
20251127,mobile,Safari,iOS,147.0,126.0,0.272108843537415,161.73248643537414,1.0,0.0
20251226,mobile,Safari,iOS,147.0,145.0,0.5782312925170068,55.028269986394555,1.0,0.0
20260412,mobile,Android Webview,Android,147.0,143.0,0.891156462585034,14.411962040816329,1.0,0.0
20260501,mobile,Chrome,Android,147.0,144.0,0.5578231292517006,60.888403530612244,1.0,0.0
20260529,mobile,Chrome,Android,147.0,142.0,0.782312925170068,24.101384850340136,2.0,0.0
20260803,mobile,Safari,iOS,147.0,141.0,0.5850340136054422,28.524386755102043,2.0,0.0
20260905,mobile,Safari,iOS,147.0,144.0,0.5782312925170068,49.84622256462585,0.0,0.0
20250929,desktop,Chrome,Windows,146.0,109.0,0.4794520547945205,150.52933784246576,1.0,0.0
20251230,mobile,Chrome,Android,146.0,140.0,0.6027397260273972,74.10061975342465,3.0,0.0
20250918,desktop,Chrome,Windows,145.0,104.0,0.5655172413793104,142.90859880689655,2.0,0.0
20251218,mobile,Safari,iOS,145.0,132.0,0.5586206896551724,290.2385265517242,4.0,0.0
20260105,mobile,Safari,iOS,145.0,142.0,0.6,53.39099424827587,0.0,0.0
20260115,mobile,Chrome,Android,145.0,139.0,0.6344827586206897,48.218143489655176,3.0,0.0
20260304,mobile,Safari,iOS,145.0,142.0,0.8,16.315694999999998,0.0,0.0
20260511,mobile,Safari,iOS,145.0,142.0,0.5103448275862069,77.6258649724138,1.0,0.0
20251215,mobile,Chrome,Android,144.0,141.0,0.4791666666666667,63.24763078472222,4.0,0.0
20260107,mobile,Safari,iOS,144.0,136.0,0.6041666666666666,44.84611511805556,4.0,0.0
20260109,mobile,Chrome,Android,144.0,135.0,0.5902777777777778,69.57890635416668,4.0,0.0
20260109,mobile,Safari,iOS,144.0,136.0,0.5763888888888888,38.82745093055556,0.0,0.0
20260419,mobile,Android Webview,Android,144.0,144.0,0.8333333333333334,19.240631534722223,1.0,0.0
20260527,mobile,Chrome,Android,144.0,144.0,0.7361111111111112,31.525061881944445,0.0,0.0
20251220,mobile,Safari,iOS,143.0,140.0,0.6573426573426573,48.1347903986014,2.0,0.0
20260420,mobile,Android Webview,Android,143.0,143.0,0.9020979020979021,7.888943587412587,0.0,0.0
20260425,mobile,Android Webview,Android,143.0,142.0,0.9020979020979021,13.525041405594408,0.0,0.0
20260626,mobile,Safari (in-app),iOS,143.0,143.0,0.7482517482517482,7.4627932937062935,34.0,0.0
20260724,mobile,Safari,iOS,143.0,142.0,0.6363636363636364,37.57768962937063,1.0,0.0
20260911,mobile,Safari (in-app),iOS,143.0,143.0,0.7202797202797203,10.026326433566433,38.0,0.0
20250926,desktop,Chrome,Windows,142.0,108.0,0.49295774647887325,155.22645461267606,2.0,0.0
20260522,mobile,Chrome,Android,142.0,140.0,0.7253521126760564,38.990585133802824,0.0,0.0
20260601,mobile,Chrome,Android,142.0,142.0,0.7676056338028169,36.733092443661974,2.0,0.0
20260606,mobile,Android Webview,Android,142.0,142.0,0.7535211267605634,20.184629852112675,1.0,0.0
20260904,mobile,Safari (in-app),iOS,142.0,142.0,0.6830985915492958,9.604893070422536,44.0,0.0
20260602,mobile,Chrome,Android,141.0,140.0,0.723404255319149,27.793867099290782,6.0,0.0
20260617,desktop,Chrome,Windows,141.0,119.0,0.2765957446808511,182.23927731205674,4.0,0.0
20250924,mobile,Chrome,Android,140.0,129.0,0.5357142857142857,67.00531682142856,3.0,0.0
20260119,mobile,Safari,iOS,140.0,136.0,0.7,37.7068073,1.0,0.0
20260120,mobile,Safari,iOS,140.0,130.0,0.5285714285714286,37.05664099285715,1.0,0.0
20260301,mobile,Safari,iOS,140.0,136.0,0.6928571428571428,58.363819899999996,0.0,0.0
20260312,desktop,Chrome,Windows,140.0,114.0,0.4642857142857143,147.0106004857143,5.0,0.0
20260507,mobile,Safari,iOS,140.0,134.0,0.6,41.217976799999995,0.0,0.0
20251227,mobile,Safari,iOS,139.0,133.0,0.6906474820143885,32.33025405035971,4.0,0.0
20260528,mobile,Chrome,Android,139.0,135.0,0.7769784172661871,11.847729640287769,5.0,0.0
20250924,desktop,Chrome,Windows,138.0,103.0,0.4927536231884058,200.23458138405798,1.0,0.0
20251103,mobile,Safari,iOS,138.0,136.0,0.7318840579710145,24.72931522463768,0.0,0.0
20251127,mobile,Chrome,Android,138.0,121.0,0.3115942028985507,108.29357946376811,7.0,0.0
20260114,desktop,Chrome,Windows,138.0,122.0,0.2753623188405797,397.2901373623189,1.0,0.0
20260209,mobile,Safari,iOS,138.0,131.0,0.5507246376811594,51.98075443478261,2.0,0.0
20260607,mobile,Android Webview,Android,138.0,135.0,0.7318840579710145,20.814113797101452,1.0,0.0
20260703,mobile,Chrome,Android,138.0,133.0,0.6666666666666666,32.28055721739131,2.0,0.0
20260723,mobile,Safari (in-app),iOS,138.0,138.0,0.7101449275362319,8.394734739130435,43.0,0.0
20260729,mobile,Safari (in-app),iOS,138.0,138.0,0.7536231884057971,8.674763202898552,45.0,0.0
20250923,desktop,Chrome,Windows,137.0,108.0,0.38686131386861317,214.53034227737228,3.0,0.0
20251001,desktop,Chrome,Windows,137.0,100.0,0.45985401459854014,215.52628664233578,2.0,0.0
20251222,mobile,Chrome,Android,137.0,132.0,0.5985401459854015,57.18030018248175,0.0,0.0
20260131,mobile,Chrome,Android,137.0,129.0,0.48905109489051096,121.82724732846715,0.0,0.0
20251024,mobile,Safari (in-app),iOS,136.0,133.0,0.7867647058823529,46.05033367647059,0.0,0.0
20251215,desktop,Chrome,Windows,136.0,119.0,0.35294117647058826,184.1452416470588,9.0,0.0
20251228,mobile,Chrome,Android,136.0,129.0,0.6102941176470589,55.431522426470586,4.0,0.0
20260603,mobile,Android Webview,Android,136.0,134.0,0.8235294117647058,10.875929860294118,2.0,0.0
20251023,mobile,Safari,iOS,135.0,127.0,0.5333333333333333,100.09852501481481,4.0,0.0
20251124,desktop,Chrome,Windows,135.0,110.0,0.2814814814814815,264.3046289925926,4.0,0.0
20251221,mobile,Chrome,Android,135.0,129.0,0.5407407407407407,72.9020065037037,7.0,0.0
20251222,mobile,Safari,iOS,135.0,129.0,0.4222222222222222,55.81927664444444,2.0,0.0
20251229,mobile,Chrome,Android,135.0,133.0,0.562962962962963,55.91637732592593,6.0,0.0
20260213,mobile,Safari,iOS,135.0,131.0,0.5185185185185185,65.41392688888888,0.0,0.0
20260306,desktop,Chrome,Windows,135.0,103.0,0.5555555555555556,150.8762783111111,5.0,0.0
20251110,desktop,Chrome,Windows,134.0,108.0,0.3880597014925373,217.66379251492535,9.0,0.0
20251201,desktop,Chrome,Windows,134.0,113.0,0.373134328358209,133.40320184328357,6.0,0.0
20251226,mobile,Chrome,Android,134.0,131.0,0.5671641791044776,60.445820716417906,1.0,0.0
20260105,mobile,Chrome,Android,134.0,131.0,0.664179104477612,43.57306344776119,5.0,0.0
20260116,mobile,Safari,iOS,134.0,125.0,0.5149253731343284,74.48085882835821,0.0,0.0
20260223,desktop,Chrome,Windows,134.0,98.0,0.5074626865671642,148.6660683880597,2.0,0.0
20260303,mobile,Safari,iOS,134.0,127.0,0.746268656716418,37.79095805223881,2.0,0.0
20260525,mobile,Chrome,Android,134.0,130.0,0.7014925373134329,24.66381223880597,2.0,0.0
20260912,mobile,Chrome,Android,134.0,129.0,0.6567164179104478,112.7926288283582,2.0,0.0
20251014,desktop,Chrome,Windows,133.0,97.0,0.5338345864661654,185.60825439097746,8.0,0.0
20260107,mobile,Chrome,Android,133.0,126.0,0.6466165413533834,53.50505486466165,2.0,0.0
20260210,mobile,Safari,iOS,133.0,124.0,0.6015037593984962,71.57998339097743,0.0,0.0
20251010,desktop,Chrome,Windows,132.0,92.0,0.553030303030303,155.90362508333334,1.0,0.0
20251216,mobile,Safari,iOS,132.0,125.0,0.6287878787878788,439.0515250227273,2.0,0.0
20260101,mobile,Chrome,Android,132.0,129.0,0.696969696969697,31.686101242424243,1.0,0.0
20260203,desktop,Chrome,Windows,132.0,106.0,0.42424242424242425,163.6023518939394,3.0,0.0
20260608,mobile,Android Webview,Android,132.0,130.0,0.7803030303030303,21.88950966666667,1.0,0.0
20260609,mobile,Chrome,Android,132.0,129.0,0.696969696969697,53.24668246969697,5.0,0.0
20250919,desktop,Chrome,Windows,131.0,107.0,0.44274809160305345,207.146738480916,3.0,0.0
20260409,mobile,Android Webview,Android,131.0,130.0,0.8854961832061069,16.45609244274809,0.0,0.0
20260903,desktop,Chrome,Windows,131.0,116.0,0.5343511450381679,102.88430480152672,2.0,0.0
20251120,mobile,Chrome,Android,130.0,121.0,0.4153846153846154,79.44821374615385,2.0,0.0
20251129,mobile,Chrome,Android,130.0,127.0,0.4153846153846154,83.54558973076922,1.0,0.0
20251214,mobile,Chrome,Android,130.0,121.0,0.3923076923076923,62.705534061538465,1.0,0.0
20251223,mobile,Chrome,Android,130.0,125.0,0.5384615384615384,97.81996870769231,1.0,0.0
20260113,desktop,Chrome,Windows,130.0,119.0,0.4076923076923077,230.56519405384614,4.0,0.0
20260324,desktop,Chrome,Windows,130.0,101.0,0.46923076923076923,190.17690196923076,2.0,0.0
20260524,mobile,Android Webview,Android,130.0,129.0,0.8153846153846154,5.576998915384616,0.0,0.0
20260525,mobile,Android Webview,Android,130.0,129.0,0.7769230769230769,14.079707153846153,2.0,0.0
20260705,mobile,Safari,iOS,130.0,125.0,0.6230769230769231,62.523299176923075,0.0,0.0
20251001,mobile,Chrome,Android,129.0,125.0,0.5813953488372093,80.26194586821705,1.0,0.0
20251203,mobile,Chrome,Android,129.0,118.0,0.46511627906976744,73.49633244186047,2.0,0.0
20260226,desktop,Chrome,Windows,129.0,95.0,0.5116279069767442,158.01121497674418,1.0,0.0
20260603,mobile,Chrome,Android,129.0,127.0,0.7364341085271318,34.80674918604652,3.0,0.0
20260722,desktop,Chrome,Windows,129.0,112.0,0.5813953488372093,88.71737784496123,0.0,0.0
20251027,mobile,Safari (in-app),iOS,128.0,127.0,0.828125,63.3317119921875,1.0,0.0
20251217,mobile,Safari,iOS,128.0,117.0,0.4921875,70.23931534375001,2.0,0.0
20260118,mobile,Safari,iOS,128.0,125.0,0.59375,49.953902046875,1.0,0.0
20260120,mobile,Chrome,Android,128.0,127.0,0.5859375,39.0620420546875,3.0,0.0
20260121,mobile,Chrome,Android,128.0,117.0,0.5,106.308416375,6.0,0.0
20260604,mobile,Android Webview,Android,128.0,125.0,0.7890625,8.95749671875,1.0,0.0
20260915,mobile,Safari (in-app),iOS,128.0,126.0,0.7578125,19.8665885234375,30.0,0.0
20251002,desktop,Chrome,Windows,127.0,91.0,0.41732283464566927,143.9917536929134,1.0,0.0
20251216,mobile,Chrome,Android,127.0,118.0,0.5748031496062992,85.98716287401577,4.0,0.0
20260322,mobile,Safari,iOS,127.0,121.0,0.6535433070866141,81.50940537795275,1.0,0.0
20260324,mobile,Safari,iOS,127.0,120.0,0.6929133858267716,36.20481463779528,2.0,0.0
20260422,desktop,Chrome,Windows,127.0,95.0,0.5118110236220472,135.53442480314962,2.0,0.0
20260424,mobile,Android Webview,Android,127.0,127.0,0.8503937007874016,18.704480771653543,0.0,0.0
20260611,mobile,Chrome,Android,127.0,125.0,0.6771653543307087,64.81045561417322,3.0,0.0
20260630,mobile,Safari,iOS,127.0,124.0,0.6614173228346457,39.87272577165354,0.0,0.0
20260904,desktop,Chrome,Windows,127.0,114.0,0.4566929133858268,190.9796151496063,1.0,0.0
20251006,desktop,Chrome,Windows,126.0,97.0,0.5634920634920635,99.35545174603173,1.0,0.0
20251024,mobile,Safari,iOS,126.0,120.0,0.6349206349206349,22.45680954761905,2.0,0.0
20251112,mobile,Chrome,Android,126.0,113.0,0.40476190476190477,49.00970224603175,5.0,0.0
20251201,mobile,Safari,iOS,126.0,117.0,0.5396825396825397,27.74438391269841,2.0,0.0
20260615,desktop,Chrome,Windows,126.0,112.0,0.46825396825396826,119.08719608730159,4.0,0.0
20260703,mobile,Safari,iOS,126.0,120.0,0.6190476190476191,57.96093085714286,1.0,0.0
20260801,mobile,Chrome,Android,126.0,123.0,0.626984126984127,82.32010239682539,5.0,0.0
20260916,desktop,Chrome,Windows,126.0,110.0,0.5793650793650794,78.36671646031745,1.0,0.0
20251119,mobile,Chrome,Android,125.0,121.0,0.376,51.864847744,2.0,0.0
20251127,desktop,Chrome,Windows,125.0,107.0,0.408,164.09593180800002,2.0,0.0
20251128,desktop,Chrome,Windows,125.0,109.0,0.544,79.738337312,1.0,0.0
20251220,mobile,Chrome,Android,125.0,122.0,0.56,45.927169424,4.0,0.0
20260118,mobile,Chrome,Android,125.0,120.0,0.52,46.941279888,1.0,0.0
20260206,desktop,Chrome,Windows,125.0,102.0,0.52,121.94868972799999,1.0,0.0
20260309,desktop,Chrome,Windows,125.0,101.0,0.496,123.997557096,1.0,0.0
20260321,mobile,Safari,iOS,125.0,121.0,0.576,79.61640047200001,3.0,0.0
20251006,mobile,Chrome,Android,124.0,120.0,0.5564516129032258,54.10998606451613,2.0,0.0
20251116,mobile,Chrome,Android,124.0,123.0,0.2903225806451613,65.74449210483871,1.0,0.0
20260426,mobile,Android Webview,Android,124.0,122.0,0.8709677419354839,7.06143639516129,0.0,0.0
20260825,desktop,Chrome,Windows,124.0,104.0,0.5564516129032258,173.46971077419354,4.0,0.0
20260915,desktop,Chrome,Windows,124.0,114.0,0.47580645161290325,127.97697866935485,2.0,0.0
20251225,mobile,Chrome,Android,123.0,120.0,0.6260162601626016,37.43995013821138,1.0,0.0
20251230,mobile,Safari (in-app),iOS,123.0,123.0,0.8130081300813008,8.642827073170732,21.0,0.0
20260127,mobile,Safari,iOS,123.0,118.0,0.5853658536585366,102.65056627642275,2.0,0.0
20260228,mobile,Safari,iOS,123.0,119.0,0.6666666666666666,45.538121821138205,0.0,0.0
20260316,desktop,Chrome,Windows,123.0,99.0,0.5121951219512195,124.89052772357724,1.0,0.0
20260531,mobile,Android Webview,Android,123.0,122.0,0.7642276422764228,19.604272707317072,0.0,0.0
20260801,mobile,Safari (in-app),iOS,123.0,123.0,0.6991869918699187,11.042161528455285,37.0,0.0
20260813,desktop,Chrome,Windows,123.0,108.0,0.43089430894308944,211.33057418699184,4.0,0.0
20250929,mobile,Chrome,Android,122.0,117.0,0.5409836065573771,42.330072418032785,3.0,0.0
20260224,desktop,Chrome,Windows,122.0,82.0,0.5,160.06107593442624,3.0,0.0
20260502,mobile,Chrome,Android,122.0,117.0,0.5409836065573771,72.14867512295082,4.0,0.0
20260609,desktop,Chrome,Windows,122.0,106.0,0.3524590163934426,238.4558243442623,4.0,0.0
20260904,mobile,Safari,iOS,122.0,120.0,0.6229508196721312,101.85659566393443,0.0,0.0
20251009,desktop,Chrome,Windows,121.0,98.0,0.4297520661157025,157.2766894049587,3.0,0.0
20260117,mobile,Chrome,Android,121.0,117.0,0.5867768595041323,81.7666342892562,1.0,0.0
20260117,mobile,Safari,iOS,121.0,118.0,0.628099173553719,70.1661446198347,1.0,0.0
20260804,mobile,Safari,iOS,121.0,114.0,0.5702479338842975,24.604134338842975,0.0,0.0
20260908,desktop,Chrome,Windows,121.0,105.0,0.5454545454545454,134.36765531404959,1.0,0.0
20251028,mobile,Safari (in-app),iOS,120.0,117.0,0.7333333333333333,47.804988775000005,1.0,0.0
20251108,mobile,Chrome,Android,120.0,113.0,0.4666666666666667,22.080143775,1.0,0.0
20251214,mobile,Safari,iOS,120.0,110.0,0.375,84.62005100833333,3.0,0.0
20260116,mobile,Chrome,Android,120.0,112.0,0.55,86.59054599999999,1.0,0.0
20260122,mobile,Chrome,Android,120.0,115.0,0.6333333333333333,43.00096205,1.0,0.0
20260128,desktop,Chrome,Windows,120.0,100.0,0.4083333333333333,211.22602045,6.0,0.0
20260429,mobile,Chrome,Android,120.0,117.0,0.7083333333333334,39.74031149166667,1.0,0.0
20260526,mobile,Android Webview,Android,120.0,120.0,0.8083333333333333,8.127293416666667,0.0,0.0
20260710,mobile,Safari,iOS,120.0,113.0,0.575,47.5325412,0.0,0.0
20260806,desktop,Chrome,Windows,120.0,108.0,0.45,187.20670389166668,1.0,0.0
20251002,mobile,Chrome,Android,119.0,114.0,0.5546218487394958,100.563335302521,4.0,0.0
20251011,mobile,Safari,iOS,119.0,115.0,0.6638655462184874,54.102623327731095,1.0,0.0
20251030,mobile,Safari,iOS,119.0,116.0,0.6050420168067226,46.68404200840336,0.0,0.0
20251106,desktop,Chrome,Windows,119.0,86.0,0.5210084033613446,162.1565947647059,2.0,0.0
20251123,mobile,Safari,iOS,119.0,108.0,0.42016806722689076,57.5821069327731,7.0,0.0
20251202,desktop,Chrome,Windows,119.0,105.0,0.3697478991596639,272.72046818487394,7.0,0.0
20251203,mobile,Safari,iOS,119.0,102.0,0.5546218487394958,181.82473805042017,2.0,0.0
20251217,mobile,Chrome,Android,119.0,108.0,0.5630252100840336,88.76207686554622,0.0,0.0
20260310,desktop,Chrome,Windows,119.0,99.0,0.5042016806722689,203.12424964705883,6.0,0.0
20260423,mobile,Android Webview,Android,119.0,116.0,0.7815126050420168,7.125894806722689,1.0,0.0
20260505,desktop,Chrome,Windows,119.0,108.0,0.4117647058823529,146.77249398319327,3.0,0.0
20251218,mobile,Chrome,Android,118.0,112.0,0.5423728813559322,107.52068264406779,5.0,0.0
20260114,mobile,Chrome,Android,118.0,115.0,0.5338983050847458,56.75792007627118,1.0,0.0
20260124,mobile,Safari,iOS,118.0,114.0,0.6694915254237288,48.822360203389835,2.0,0.0
20260125,mobile,Safari,iOS,118.0,116.0,0.5847457627118644,42.03352811864407,1.0,0.0
20260129,desktop,Chrome,Windows,118.0,98.0,0.4661016949152542,144.3466324067797,2.0,0.0
20260623,mobile,Safari,iOS,118.0,112.0,0.6440677966101694,53.69122338135593,2.0,0.0
20260727,mobile,Safari (in-app),iOS,118.0,118.0,0.711864406779661,8.383030567796611,46.0,0.0
20260808,desktop,Chrome,Windows,118.0,117.0,0.652542372881356,28.362954491525425,0.0,0.0
20260902,mobile,Safari (in-app),iOS,118.0,118.0,0.7372881355932204,7.411926711864407,31.0,0.0
20251115,mobile,Chrome,Android,117.0,115.0,0.37606837606837606,59.47396416239316,3.0,0.0
20251115,mobile,Safari,iOS,117.0,116.0,0.452991452991453,55.81059618803418,0.0,0.0
20251120,mobile,Safari,iOS,117.0,114.0,0.46153846153846156,57.512802538461536,2.0,0.0
20251123,mobile,Chrome,Android,117.0,115.0,0.38461538461538464,71.21498574358976,5.0,0.0
20260313,desktop,Chrome,Windows,117.0,101.0,0.5726495726495726,83.66874622222223,0.0,0.0
20260612,mobile,Chrome,Android,117.0,109.0,0.5726495726495726,64.0923176923077,1.0,0.0
20260616,mobile,Safari,iOS,117.0,115.0,0.6239316239316239,32.93661588034188,2.0,0.0
20260626,mobile,Safari,iOS,117.0,112.0,0.6239316239316239,32.53830000854701,2.0,0.0
20251005,mobile,Chrome,Android,116.0,113.0,0.49137931034482757,39.01399594827586,1.0,0.0
20251013,desktop,Chrome,Windows,116.0,84.0,0.45689655172413796,210.66191775000001,4.0,0.0
20260106,desktop,Chrome,Windows,116.0,107.0,0.47413793103448276,97.66700253448275,4.0,0.0
20260701,mobile,Safari,iOS,116.0,112.0,0.6896551724137931,18.709728594827585,2.0,0.0
20260714,mobile,Safari,iOS,116.0,110.0,0.5517241379310345,128.52761039655172,0.0,0.0
20260801,desktop,Chrome,Windows,116.0,115.0,0.6206896551724138,95.81094360344828,0.0,0.0
20260804,desktop,Chrome,Windows,116.0,99.0,0.5344827586206896,148.85472822413794,2.0,0.0
20260913,mobile,Chrome,Android,116.0,112.0,0.603448275862069,59.7817349137931,2.0,0.0
20260914,desktop,Chrome,Windows,116.0,101.0,0.5172413793103449,115.91770156896551,2.0,0.0
20260917,mobile,Safari,iOS,116.0,113.0,0.603448275862069,45.08872675,3.0,0.0
20251105,mobile,Chrome,Android,115.0,106.0,0.6956521739130435,41.06295482608696,1.0,0.0
20251109,mobile,Chrome,Android,115.0,110.0,0.4,64.78229444347826,2.0,0.0
20260317,desktop,Chrome,Windows,115.0,91.0,0.5043478260869565,165.37448885217393,1.0,0.0
20260325,desktop,Chrome,Windows,115.0,98.0,0.48695652173913045,225.08139206956523,2.0,0.0
20260717,mobile,Safari,iOS,115.0,111.0,0.591304347826087,56.805658269565214,0.0,0.0
20260722,mobile,Chrome,Android,115.0,109.0,0.5652173913043478,70.52138393043478,3.0,0.0
20260815,mobile,Safari (in-app),iOS,115.0,115.0,0.7565217391304347,8.039630634782608,26.0,0.0
20260830,mobile,Safari (in-app),iOS,115.0,115.0,0.7739130434782608,8.017909530434782,38.0,0.0
20251021,mobile,Safari,iOS,114.0,113.0,0.6491228070175439,39.74296909649123,5.0,0.0
20251023,desktop,Chrome,Windows,114.0,96.0,0.5263157894736842,82.05512639473685,3.0,0.0
20251122,mobile,Chrome,Android,114.0,113.0,0.32456140350877194,76.68504700877192,0.0,0.0
20251208,desktop,Chrome,Windows,114.0,97.0,0.3333333333333333,240.53701341228071,5.0,0.0
20260131,mobile,Safari,iOS,114.0,111.0,0.5701754385964912,51.5202734385965,1.0,0.0
20260323,desktop,Chrome,Windows,114.0,96.0,0.4649122807017544,148.94148247368423,8.0,0.0
20260507,desktop,Chrome,Windows,114.0,107.0,0.4473684210526316,137.83713783333334,2.0,0.0
20260812,desktop,Chrome,Windows,114.0,100.0,0.43859649122807015,155.15578359649123,4.0,0.0
20260909,mobile,Safari (in-app),iOS,114.0,114.0,0.7982456140350878,7.997640798245614,24.0,0.0
20251128,mobile,Safari,iOS,113.0,96.0,0.4690265486725664,109.11605969911506,0.0,0.0
20251204,mobile,Safari,iOS,113.0,97.0,0.504424778761062,210.75145011504424,1.0,0.0
20260105,desktop,Chrome,Windows,113.0,105.0,0.504424778761062,132.07410099115046,3.0,0.0
20260210,desktop,Chrome,Windows,113.0,99.0,0.46017699115044247,90.14376848672566,3.0,0.0
20260318,desktop,Chrome,Windows,113.0,84.0,0.6106194690265486,130.40602167256637,0.0,0.0
20260510,mobile,Chrome,Android,113.0,110.0,0.5309734513274337,49.705659699115046,3.0,0.0
20260522,desktop,Chrome,Windows,113.0,95.0,0.504424778761062,128.36264110619467,0.0,0.0
20260811,desktop,Chrome,Windows,113.0,91.0,0.504424778761062,140.46861536283186,0.0,0.0
20260212,mobile,Safari,iOS,112.0,110.0,0.5892857142857143,48.89408376785714,1.0,0.0
20260221,mobile,Safari,iOS,112.0,110.0,0.6696428571428571,40.80843119642857,0.0,0.0
20260413,desktop,Chrome,Windows,112.0,102.0,0.41964285714285715,160.69077078571428,1.0,0.0
20260511,desktop,Chrome,Windows,112.0,102.0,0.33035714285714285,165.91903955357142,4.0,0.0
20260608,desktop,Chrome,Windows,112.0,98.0,0.2857142857142857,189.826169125,1.0,0.0
20260611,mobile,Android Webview,Android,112.0,112.0,0.75,25.23097452678571,0.0,0.0
20260619,desktop,Chrome,Windows,112.0,93.0,0.36607142857142855,196.28025419642856,4.0,0.0
20260721,mobile,Chrome,Android,112.0,107.0,0.6160714285714286,69.13833421428572,0.0,0.0
20260807,desktop,Chrome,Windows,112.0,98.0,0.5357142857142857,186.0056201517857,4.0,0.0
20260910,mobile,Chrome,Android,112.0,109.0,0.7142857142857143,15.045977464285714,1.0,0.0
20250930,desktop,Chrome,Windows,111.0,83.0,0.5405405405405406,135.7018086036036,0.0,0.0
20250930,mobile,Chrome,Android,111.0,109.0,0.4594594594594595,47.44230346846846,1.0,0.0
20251129,mobile,Safari,iOS,111.0,100.0,0.5585585585585585,148.61968962162163,0.0,0.0
20251229,mobile,Safari (in-app),iOS,111.0,111.0,0.8018018018018018,10.712246153153153,15.0,0.0
20260311,desktop,Chrome,Windows,111.0,85.0,0.5315315315315315,208.7459747027027,1.0,0.0
20260618,mobile,Chrome,Android,111.0,102.0,0.5045045045045045,79.3504668018018,2.0,0.0
20260705,mobile,Safari (in-app),iOS,111.0,112.0,0.7657657657657657,7.2709484144144145,29.0,0.0
20260714,desktop,Chrome,Windows,111.0,91.0,0.42342342342342343,154.58550746846848,3.0,0.0
20260902,desktop,Chrome,Windows,111.0,95.0,0.5135135135135135,145.2389882972973,1.0,0.0
20260908,mobile,Safari (in-app),iOS,111.0,111.0,0.7027027027027027,9.233419603603604,32.0,0.0
20251111,mobile,Safari (in-app),iOS,110.0,109.0,0.7909090909090909,8.283098909090908,14.0,0.0
20251215,mobile,Safari,iOS,110.0,106.0,0.5,40.60657446363636,3.0,0.0
20260427,desktop,Chrome,Windows,110.0,96.0,0.41818181818181815,175.79853802727274,5.0,0.0
20260622,mobile,Safari,iOS,110.0,105.0,0.5818181818181818,78.48088760909091,1.0,0.0
20260901,desktop,Chrome,Windows,110.0,93.0,0.44545454545454544,567.8791901727272,7.0,0.0
20251016,desktop,Chrome,Windows,109.0,91.0,0.4036697247706422,124.7525013027523,3.0,0.0
20251031,mobile,Safari (in-app),iOS,109.0,108.0,0.7339449541284404,75.5634023853211,0.0,0.0
20251110,mobile,Chrome,Android,109.0,103.0,0.3486238532110092,63.732803733944955,2.0,0.0
20251118,mobile,Chrome,Android,109.0,108.0,0.3302752293577982,92.12709728440367,1.0,0.0
20251206,mobile,Safari,iOS,109.0,104.0,0.5229357798165137,40.292367522935784,0.0,0.0
20251207,mobile,Chrome,Android,109.0,102.0,0.43119266055045874,66.51822405504588,4.0,0.0
20260123,mobile,Chrome,Android,109.0,101.0,0.6972477064220184,40.87556200917431,1.0,0.0
20260205,mobile,Chrome,Android,109.0,106.0,0.5321100917431193,61.027446311926596,0.0,0.0
20260325,mobile,Safari (in-app),iOS,109.0,109.0,0.7522935779816514,7.581088192660551,30.0,0.0
20260614,mobile,Chrome,Android,109.0,107.0,0.5229357798165137,48.91208345871559,0.0,0.0
20260616,desktop,Chrome,Windows,109.0,85.0,0.42201834862385323,161.64921150458719,1.0,0.0
20260715,mobile,Safari,iOS,109.0,106.0,0.5504587155963303,128.98819293577984,2.0,0.0
20260812,mobile,Safari,iOS,109.0,107.0,0.5412844036697247,72.73960937614679,1.0,0.0
20260828,desktop,Chrome,Windows,109.0,97.0,0.4954128440366973,94.60063532110092,1.0,0.0
20260828,mobile,Safari (in-app),iOS,109.0,109.0,0.7064220183486238,9.613307477064222,31.0,0.0
20250920,mobile,Chrome,Android,108.0,103.0,0.48148148148148145,47.291190324074066,3.0,0.0
20251201,mobile,Chrome,Android,108.0,103.0,0.37037037037037035,123.90912168518518,0.0,0.0
20251219,mobile,Chrome,Android,108.0,101.0,0.6851851851851852,87.46975859259258,0.0,0.0
20260127,mobile,Chrome,Android,108.0,104.0,0.6481481481481481,50.3512330925926,1.0,0.0
20260411,mobile,Android Webview,Android,108.0,105.0,0.8981481481481481,5.816422537037037,0.0,0.0
20260514,desktop,Chrome,Windows,108.0,93.0,0.4722222222222222,151.62499455555556,0.0,0.0
20260613,mobile,Safari,iOS,108.0,104.0,0.6203703703703703,43.23685024074074,1.0,0.0
20260713,desktop,Chrome,Windows,108.0,88.0,0.42592592592592593,219.72263523148146,3.0,0.0
20260713,mobile,Safari,iOS,108.0,103.0,0.6018518518518519,43.73903210185185,5.0,0.0
20260802,mobile,Safari (in-app),iOS,108.0,108.0,0.7129629629629629,10.130556111111112,31.0,0.0
20260810,desktop,Chrome,Windows,108.0,94.0,0.46296296296296297,140.9208331759259,3.0,0.0
20251003,desktop,Chrome,Windows,107.0,75.0,0.5046728971962616,162.10680146728973,2.0,0.0
20251104,mobile,Safari (in-app),iOS,107.0,105.0,0.9158878504672897,48.17508828037383,0.0,0.0
20251202,mobile,Chrome,Android,107.0,103.0,0.35514018691588783,73.25388031775701,3.0,0.0
20260108,desktop,Chrome,Windows,107.0,85.0,0.5046728971962616,169.67832414953273,4.0,0.0
20260426,mobile,Chrome,Android,107.0,104.0,0.5981308411214953,67.64348797196261,7.0,0.0
20260504,desktop,Chrome,Windows,107.0,98.0,0.42990654205607476,158.13415853271027,4.0,0.0
20260630,mobile,Safari (in-app),iOS,107.0,107.0,0.7570093457943925,7.595782598130842,27.0,0.0
20260717,desktop,Chrome,Windows,107.0,95.0,0.5327102803738317,107.45139228971962,3.0,0.0
20260815,mobile,Chrome,Android,107.0,101.0,0.6635514018691588,32.48824626168224,0.0,0.0
20260910,mobile,Safari (in-app),iOS,107.0,106.0,0.7663551401869159,8.330992037383178,28.0,0.0
20250927,mobile,Safari,iOS,106.0,102.0,0.5660377358490566,23.186774169811322,2.0,0.0
20250928,mobile,Safari,iOS,106.0,104.0,0.5660377358490566,38.02417617924529,1.0,0.0
20251207,mobile,Safari,iOS,106.0,100.0,0.46226415094339623,122.07713735849056,2.0,0.0
20260213,desktop,Chrome,Windows,106.0,87.0,0.49056603773584906,110.69489847169811,0.0,0.0
20260220,desktop,Chrome,Windows,106.0,76.0,0.5,209.72251693396225,1.0,0.0
20260409,desktop,Chrome,Windows,106.0,96.0,0.41509433962264153,240.54803810377356,4.0,0.0
20260619,mobile,Safari,iOS,106.0,104.0,0.4811320754716981,43.776720405660384,2.0,0.0
20260701,mobile,Safari (in-app),iOS,106.0,106.0,0.7641509433962265,7.137905764150943,25.0,0.0
20260723,desktop,Chrome,Windows,106.0,89.0,0.4716981132075472,134.42786503773584,1.0,0.0
20260808,mobile,Chrome,Android,106.0,103.0,0.660377358490566,40.16178863207547,4.0,0.0
20260911,desktop,Chrome,Windows,106.0,97.0,0.4716981132075472,125.4119571981132,2.0,0.0
20260916,mobile,Safari (in-app),iOS,106.0,106.0,0.7264150943396226,9.07781037735849,38.0,0.0
20251209,mobile,Safari,iOS,105.0,96.0,0.5428571428571428,72.78686988571428,1.0,0.0
20260119,mobile,Chrome,Android,105.0,99.0,0.6666666666666666,41.41921174285715,0.0,0.0
20260305,desktop,Chrome,Windows,105.0,81.0,0.5047619047619047,229.60066399047622,8.0,0.0
20260319,desktop,Chrome,Windows,105.0,80.0,0.4666666666666667,112.71209150476191,2.0,0.0
20260411,mobile,Chrome,Android,105.0,99.0,0.6761904761904762,62.026297438095234,1.0,0.0
20260506,desktop,Chrome,Windows,105.0,97.0,0.44761904761904764,117.68802120000001,4.0,0.0
20251023,mobile,Safari (in-app),iOS,104.0,98.0,0.7980769230769231,66.09681776923077,0.0,0.0
20251111,mobile,Chrome,Android,104.0,100.0,0.4230769230769231,65.43468931730769,1.0,0.0
20251202,mobile,Safari,iOS,104.0,98.0,0.4326923076923077,186.8620596826923,0.0,0.0
20251205,mobile,Safari,iOS,104.0,94.0,0.5192307692307693,83.36932375961538,0.0,0.0
20251206,mobile,Chrome,Android,104.0,100.0,0.4230769230769231,56.2976169423077,2.0,0.0
20251210,desktop,Chrome,Windows,104.0,91.0,0.4326923076923077,149.6691731442308,8.0,0.0
20251222,desktop,Chrome,Windows,104.0,91.0,0.375,186.50422390384617,8.0,0.0
20251226,mobile,Safari (in-app),iOS,104.0,104.0,0.875,5.319599163461539,12.0,0.0
20260202,mobile,Safari,iOS,104.0,101.0,0.5096153846153846,57.7118904423077,1.0,0.0
20260204,mobile,Chrome,Android,104.0,96.0,0.6153846153846154,62.94568123076923,1.0,0.0
20260205,desktop,Chrome,Windows,104.0,91.0,0.46153846153846156,141.77843077884614,3.0,0.0
20260528,desktop,Chrome,Windows,104.0,88.0,0.46153846153846156,148.85418578846154,17.0,0.0
20251015,mobile,Safari,iOS,103.0,101.0,0.6699029126213593,37.03440025242718,2.0,0.0
20251029,mobile,Safari,iOS,103.0,100.0,0.6213592233009708,44.58334234951456,4.0,0.0
20251227,mobile,Safari (in-app),iOS,103.0,103.0,0.8349514563106796,5.83621913592233,16.0,0.0
20260107,desktop,Chrome,Windows,103.0,96.0,0.4368932038834951,156.25162687378642,3.0,0.0
20260125,mobile,Chrome,Android,103.0,98.0,0.6504854368932039,38.72210733980583,1.0,0.0
20260127,desktop,Chrome,Windows,103.0,81.0,0.4854368932038835,170.43386036893205,1.0,0.0
20260128,mobile,Chrome,Android,103.0,102.0,0.6019417475728155,59.56504121359224,2.0,0.0
20260129,mobile,Chrome,Android,103.0,100.0,0.5631067961165048,63.4392991553398,1.0,0.0
20260216,mobile,Chrome,Android,103.0,94.0,0.4368932038834951,180.33788768932035,1.0,0.0
20260319,mobile,Safari,iOS,103.0,98.0,0.6407766990291263,20.940714485436892,1.0,0.0
20260320,mobile,Safari,iOS,103.0,95.0,0.7281553398058253,11.188804378640777,0.0,0.0
20260403,mobile,Chrome,Android,103.0,100.0,0.6213592233009708,25.724560135922328,3.0,0.0
20260601,mobile,Android Webview,Android,103.0,101.0,0.8155339805825242,20.68248150485437,1.0,0.0
20260721,desktop,Chrome,Windows,103.0,88.0,0.4563106796116505,200.27440549514563,0.0,0.0
20260728,desktop,Chrome,Windows,103.0,85.0,0.46601941747572817,150.5498981747573,1.0,0.0
20260831,desktop,Chrome,Windows,103.0,84.0,0.47572815533980584,150.75080847572815,6.0,0.0
20260903,mobile,Safari (in-app),iOS,103.0,103.0,0.7184466019417476,8.906283262135922,33.0,0.0
20260911,mobile,Chrome,Android,103.0,99.0,0.6990291262135923,29.041756776699028,4.0,0.0
20251112,desktop,Chrome,Windows,102.0,90.0,0.49019607843137253,171.41830905882352,4.0,0.0
20251213,mobile,Chrome,Android,102.0,97.0,0.43137254901960786,104.55670212745099,0.0,0.0
20260601,desktop,Chrome,Windows,102.0,93.0,0.4803921568627451,163.03791217647057,5.0,0.0
20260605,mobile,Android Webview,Android,102.0,101.0,0.7549019607843137,22.770285441176473,0.0,0.0
20260720,desktop,Chrome,Windows,102.0,92.0,0.4117647058823529,200.19120152941176,0.0,0.0
20260818,desktop,Chrome,Windows,102.0,81.0,0.3431372549019608,244.1646937352941,2.0,0.0
20260824,desktop,Chrome,Windows,102.0,91.0,0.4117647058823529,210.70466215686275,3.0,0.0
20251209,desktop,Chrome,Windows,101.0,87.0,0.33663366336633666,182.455119990099,5.0,0.0
20260121,mobile,Safari,iOS,101.0,99.0,0.5544554455445545,62.80158201980198,1.0,0.0
20260124,mobile,Chrome,Android,101.0,99.0,0.7128712871287128,55.00748976237624,0.0,0.0
20260320,desktop,Chrome,Windows,101.0,84.0,0.5148514851485149,200.66639852475245,1.0,0.0
20260415,desktop,Chrome,Windows,101.0,89.0,0.42574257425742573,140.3807441188119,7.0,0.0
20260518,desktop,Chrome,Windows,101.0,89.0,0.39603960396039606,119.55119653465346,3.0,0.0
20260527,mobile,Android Webview,Android,101.0,100.0,0.8118811881188119,8.805315663366338,0.0,0.0
20260602,mobile,Android Webview,Android,101.0,100.0,0.801980198019802,34.63256600990099,1.0,0.0
20260611,desktop,Chrome,Windows,101.0,95.0,0.38613861386138615,202.68637074257427,0.0,0.0
20260620,mobile,Chrome,Android,101.0,98.0,0.5742574257425742,38.003030544554456,3.0,0.0
20260807,mobile,Safari,iOS,101.0,99.0,0.594059405940594,38.60155188118812,0.0,0.0
20260817,desktop,Chrome,Windows,101.0,84.0,0.37623762376237624,244.04136320792077,1.0,0.0
20250921,mobile,Chrome,Android,100.0,97.0,0.45,53.94093256,3.0,0.0
20251104,mobile,Safari,iOS,100.0,100.0,0.75,23.501482530000004,1.0,0.0
20251119,desktop,Chrome,Windows,100.0,92.0,0.32,196.00601416,2.0,0.0
20251204,desktop,Chrome,Windows,100.0,77.0,0.31,308.4040659,6.0,0.0
20251205,mobile,Chrome,Android,100.0,95.0,0.4,57.95191251,0.0,0.0
20260122,desktop,Chrome,Windows,100.0,78.0,0.37,161.45065518,4.0,0.0
20260128,mobile,Safari,iOS,100.0,97.0,0.53,50.48706088000001,0.0,0.0
20260201,mobile,Safari,iOS,100.0,98.0,0.58,30.0545576,0.0,0.0
20260222,mobile,Safari,iOS,100.0,95.0,0.56,31.349693600000002,0.0,0.0
20260314,mobile,Chrome,Android,100.0,98.0,0.53,42.58588686,3.0,0.0
20260501,mobile,Chrome,iOS,100.0,96.0,0.51,32.41876826,0.0,0.0
20260716,desktop,Chrome,Windows,100.0,90.0,0.36,174.32824822999999,3.0,0.0
20260730,desktop,Chrome,Windows,100.0,87.0,0.51,96.22054222999999,1.0,0.0
20260802,mobile,Chrome,Android,100.0,95.0,0.65,32.62858718,1.0,0.0
20260827,mobile,Safari (in-app),iOS,100.0,100.0,0.66,11.77403292,37.0,0.0
20251013,mobile,Safari,iOS,99.0,97.0,0.6060606060606061,55.86484694949494,0.0,0.0
20251020,desktop,Edge,Windows,99.0,71.0,0.5757575757575758,95.62752466666667,0.0,0.0
20251107,desktop,Chrome,Windows,99.0,73.0,0.42424242424242425,186.97519678787876,2.0,0.0
20251210,mobile,Safari,iOS,99.0,92.0,0.4444444444444444,50.22606847474748,0.0,0.0
20251213,mobile,Safari,iOS,99.0,87.0,0.5353535353535354,89.4995147979798,0.0,0.0
20251224,mobile,Safari,iOS,99.0,97.0,0.5050505050505051,105.95221463636362,3.0,0.0
20260126,mobile,Chrome,Android,99.0,91.0,0.696969696969697,27.682155898989905,0.0,0.0
20260209,desktop,Chrome,Windows,99.0,84.0,0.41414141414141414,130.08398385858587,1.0,0.0
20260706,mobile,Safari,iOS,99.0,98.0,0.5959595959595959,43.66573264646465,1.0,0.0
20260707,mobile,Safari,iOS,99.0,99.0,0.6363636363636364,37.140303505050504,0.0,0.0
20260720,mobile,Chrome,Android,99.0,96.0,0.5959595959595959,30.883685474747477,0.0,0.0
20260826,mobile,Safari (in-app),iOS,99.0,99.0,0.696969696969697,11.72273396969697,29.0,0.0
20260829,mobile,Safari,iOS,99.0,95.0,0.4444444444444444,56.64819315151515,11.0,0.0
20251013,mobile,Samsung Internet,Android,98.0,91.0,0.6938775510204082,78.26232104081633,0.0,0.0
20251014,desktop,Edge,Windows,98.0,52.0,0.7857142857142857,93.20218109183674,2.0,0.0
20251101,mobile,Safari (in-app),iOS,98.0,95.0,0.6632653061224489,40.08708965306122,0.0,0.0
20260203,mobile,Chrome,Android,98.0,95.0,0.5510204081632653,77.15763673469388,0.0,0.0
20260305,mobile,Safari,iOS,98.0,97.0,0.6938775510204082,28.20989607142857,6.0,0.0
20260330,desktop,Chrome,Windows,98.0,83.0,0.4387755102040816,173.52750237755103,2.0,0.0
20260429,desktop,Chrome,Windows,98.0,88.0,0.42857142857142855,142.35631926530613,5.0,0.0
20260701,desktop,Chrome,Windows,98.0,81.0,0.5204081632653061,234.1163819897959,2.0,0.0
20260703,mobile,Safari (in-app),iOS,98.0,98.0,0.7653061224489796,7.212028459183674,22.0,0.0
20260706,desktop,Chrome,Windows,98.0,81.0,0.4897959183673469,165.90168176530614,0.0,0.0
20260814,mobile,Safari,iOS,98.0,93.0,0.6326530612244898,58.14498031632653,1.0,0.0
20260816,mobile,Chrome,Android,98.0,96.0,0.5612244897959183,34.898214418367346,3.0,0.0
20251003,mobile,Chrome,Android,97.0,92.0,0.5257731958762887,102.31296569072165,1.0,0.0
20251029,mobile,Safari (in-app),iOS,97.0,96.0,0.7216494845360825,77.01752511340206,0.0,0.0
20251116,mobile,Safari,iOS,97.0,93.0,0.5360824742268041,61.41241058762887,1.0,0.0
20251128,mobile,Chrome,Android,97.0,89.0,0.3402061855670103,134.5694812886598,1.0,0.0
20260303,desktop,Chrome,Windows,97.0,71.0,0.4742268041237113,164.36140562886598,2.0,0.0
20260530,mobile,Android Webview,Android,97.0,96.0,0.7938144329896907,7.918498546391752,0.0,0.0
20260703,desktop,Chrome,Windows,97.0,84.0,0.5051546391752577,156.68376968041238,0.0,0.0
20260901,mobile,Safari (in-app),iOS,97.0,97.0,0.7422680412371134,11.369616907216495,23.0,0.0
20250921,mobile,Safari,iOS,96.0,94.0,0.4270833333333333,36.35643133333334,1.0,0.0
20251008,mobile,Chrome,Android,96.0,95.0,0.5,72.92787753125,18.0,0.0
20251009,desktop,Edge,Windows,96.0,55.0,0.8333333333333334,64.65506002083333,0.0,0.0
20251121,mobile,Chrome,Android,96.0,93.0,0.3333333333333333,61.99310665625,2.0,0.0
20251124,mobile,Chrome,Android,96.0,92.0,0.22916666666666666,85.12242933333333,3.0,0.0
20260219,desktop,Chrome,Windows,96.0,70.0,0.5,146.0109261979167,0.0,0.0
20260225,desktop,Chrome,Windows,96.0,76.0,0.3854166666666667,219.975419625,0.0,0.0
20260227,desktop,Chrome,Windows,96.0,74.0,0.46875,178.0021536666667,1.0,0.0
20260331,desktop,Chrome,Windows,96.0,82.0,0.4583333333333333,155.46339797916667,13.0,0.0
20260503,mobile,Chrome,Android,96.0,94.0,0.4895833333333333,95.85356112500001,1.0,0.0
20260506,mobile,Chrome,Android,96.0,93.0,0.5729166666666666,54.341044000000004,1.0,0.0
20260512,desktop,Chrome,Windows,96.0,90.0,0.4583333333333333,108.52419394791666,2.0,0.0
20260602,desktop,Chrome,Windows,96.0,88.0,0.4895833333333333,133.96810992708333,2.0,0.0
20260603,desktop,Chrome,Windows,96.0,87.0,0.4791666666666667,148.27457251041668,3.0,0.0
20260615,mobile,Safari,iOS,96.0,92.0,0.4895833333333333,49.991318520833325,1.0,0.0
20260731,mobile,Chrome,Android,96.0,91.0,0.5208333333333334,34.61833171875,3.0,0.0
20251027,desktop,Chrome,Windows,95.0,83.0,0.4421052631578947,139.05930800000002,1.0,0.0
20251031,desktop,Chrome,Windows,95.0,89.0,0.5052631578947369,130.48600156842105,0.0,0.0
20251113,mobile,Chrome,Android,95.0,92.0,0.3473684210526316,71.09939454736842,0.0,0.0
20251117,mobile,Chrome,Android,95.0,95.0,0.18947368421052632,49.58533837894736,1.0,0.0
20251125,mobile,Chrome,Android,95.0,92.0,0.3263157894736842,54.56855775789474,1.0,0.0
20260119,desktop,Chrome,Windows,95.0,85.0,0.42105263157894735,159.27207794736842,1.0,0.0
20260130,mobile,Chrome,Android,95.0,92.0,0.5578947368421052,101.73051071578948,1.0,0.0
20260428,desktop,Chrome,Windows,95.0,79.0,0.4842105263157895,102.10046917894738,1.0,0.0
20250920,mobile,Android Webview,Android,94.0,69.0,0.6595744680851063,108.0815265319149,27.0,0.0
20251108,mobile,Safari,iOS,94.0,91.0,0.5851063829787234,55.54303438297872,1.0,0.0
20251111,desktop,Chrome,Windows,94.0,77.0,0.32978723404255317,124.69123067021278,4.0,0.0
20251205,desktop,Chrome,Windows,94.0,78.0,0.3723404255319149,190.2811095106383,4.0,0.0
20251211,mobile,Chrome,Android,94.0,92.0,0.4574468085106383,72.71065418085107,1.0,0.0
20251216,desktop,Chrome,Windows,94.0,82.0,0.2978723404255319,228.25267272340426,6.0,0.0
20260109,desktop,Chrome,Windows,94.0,79.0,0.425531914893617,259.0304855319149,6.0,0.0
20260130,desktop,Chrome,Windows,94.0,72.0,0.5425531914893617,117.35641520212765,2.0,0.0
20260202,desktop,Chrome,Windows,94.0,79.0,0.4787234042553192,99.03095865957447,1.0,0.0
20260211,desktop,Chrome,Windows,94.0,78.0,0.40425531914893614,223.8493135957447,0.0,0.0
20260302,desktop,Chrome,Windows,94.0,78.0,0.4574468085106383,127.80189417021276,2.0,0.0
20260617,mobile,Chrome,Android,94.0,90.0,0.40425531914893614,63.65234091489363,0.0,0.0
20260729,desktop,Chrome,Windows,94.0,80.0,0.3829787234042553,200.23886104255322,4.0,0.0
20260805,mobile,Safari,iOS,94.0,92.0,0.6702127659574468,42.8001464893617,3.0,0.0
20260806,mobile,Chrome,Android,94.0,90.0,0.5,73.04432634042553,15.0,0.0
20260825,mobile,Safari (in-app),iOS,94.0,94.0,0.7446808510638298,8.333117234042552,25.0,0.0
20260915,mobile,Chrome,Android,94.0,91.0,0.5957446808510638,58.112438851063835,4.0,0.0
20251114,mobile,Chrome,Android,93.0,91.0,0.3655913978494624,38.481073311827956,1.0,0.0
20251126,desktop,Chrome,Windows,93.0,83.0,0.3548387096774194,349.0785105376344,4.0,0.0
20251204,mobile,Chrome,Android,93.0,86.0,0.3010752688172043,58.789940010752694,1.0,0.0
20260121,desktop,Chrome,Windows,93.0,79.0,0.46236559139784944,221.92984496774193,3.0,0.0
20260204,desktop,Chrome,Windows,93.0,85.0,0.45161290322580644,158.29824986021507,1.0,0.0
20260211,mobile,Safari,iOS,93.0,90.0,0.5913978494623656,28.15148441935484,0.0,0.0
20260217,mobile,Chrome,Android,93.0,81.0,0.46236559139784944,114.1381290860215,2.0,0.0
20260430,mobile,Chrome,Android,93.0,92.0,0.5806451612903226,32.109083645161284,2.0,0.0
20260522,mobile,Android Webview,Android,93.0,92.0,0.8387096774193549,9.055983354838709,0.0,0.0
20260622,desktop,Chrome,Windows,93.0,81.0,0.41935483870967744,129.3268610752688,2.0,0.0
20260705,mobile,Chrome,Android,93.0,85.0,0.6666666666666666,44.38143074193548,1.0,0.0
20260708,desktop,Chrome,Windows,93.0,84.0,0.3978494623655914,195.45300805376343,0.0,0.0
20260716,mobile,Safari,iOS,93.0,93.0,0.5698924731182796,77.83152141935484,2.0,0.0
20260727,mobile,Chrome,Android,93.0,88.0,0.5053763440860215,75.47263931182795,3.0,0.0
20260730,mobile,Chrome,Android,93.0,89.0,0.6021505376344086,60.23815324731183,1.0,0.0
20260822,mobile,Safari,iOS,93.0,89.0,0.5483870967741935,61.68917115053763,4.0,0.0
20251219,desktop,Chrome,Windows,92.0,80.0,0.42391304347826086,108.34111828260869,2.0,0.0
20260206,mobile,Chrome,Android,92.0,89.0,0.5217391304347826,35.48174335869565,1.0,0.0
20260212,desktop,Chrome,Windows,92.0,74.0,0.391304347826087,141.74830061956524,3.0,0.0
20260406,desktop,Chrome,Windows,92.0,83.0,0.3695652173913043,113.65353086956522,4.0,0.0
20260424,desktop,Chrome,Windows,92.0,83.0,0.3695652173913043,176.16051867391306,1.0,0.0
20260630,desktop,Chrome,Windows,92.0,86.0,0.532608695652174,138.6708587826087,2.0,0.0
20260708,mobile,Safari,iOS,92.0,88.0,0.6304347826086957,43.23319258695653,0.0,0.0
20260715,desktop,Chrome,Windows,92.0,75.0,0.4782608695652174,188.41745102173917,2.0,0.0
20260723,mobile,Chrome,Android,92.0,91.0,0.5543478260869565,38.20679532608696,1.0,0.0
20260805,desktop,Chrome,Windows,92.0,86.0,0.44565217391304346,129.27457708695653,1.0,0.0
20260827,desktop,Chrome,Windows,92.0,74.0,0.5108695652173914,239.43230723913044,14.0,0.0
20260827,mobile,Safari,iOS,92.0,90.0,0.5434782608695652,40.708297380434786,5.0,0.0
20260902,mobile,Safari,iOS,92.0,88.0,0.6195652173913043,32.076700021739136,1.0,0.0
20250922,desktop,Edge,Windows,91.0,51.0,0.7032967032967034,166.2543487032967,0.0,0.0
20251208,mobile,Safari,iOS,91.0,87.0,0.38461538461538464,41.074720615384614,4.0,0.0
20260120,desktop,Chrome,Windows,91.0,75.0,0.42857142857142855,174.65552721978023,5.0,0.0
20260507,mobile,Chrome,Android,91.0,90.0,0.5934065934065934,33.853147769230766,0.0,0.0
20260513,desktop,Chrome,Windows,91.0,79.0,0.4175824175824176,136.05691804395605,1.0,0.0
20260515,desktop,Chrome,Windows,91.0,80.0,0.32967032967032966,233.6061838131868,4.0,0.0
20260521,desktop,Chrome,Windows,91.0,76.0,0.4835164835164835,211.85671714285715,0.0,0.0
20260613,mobile,Chrome,Android,91.0,90.0,0.5274725274725275,85.31453756043956,10.0,0.0
20260724,desktop,Chrome,Windows,91.0,84.0,0.4945054945054945,103.30088364835166,1.0,0.0
20260813,mobile,Safari,iOS,91.0,86.0,0.5384615384615384,115.65072416483515,0.0,0.0
20251209,mobile,Chrome,Android,90.0,86.0,0.3333333333333333,125.77651048888889,6.0,0.0
20260304,desktop,Chrome,Windows,90.0,67.0,0.5444444444444444,95.44028413333334,4.0,0.0
20260609,mobile,Android Webview,Android,90.0,88.0,0.7444444444444445,8.450327666666666,0.0,0.0
20260728,mobile,Safari (in-app),iOS,90.0,90.0,0.7111111111111111,8.8749363,30.0,0.0
20260917,desktop,Chrome,Windows,90.0,80.0,0.4,403.96502710000004,5.0,0.0
20251108,mobile,Android Webview,Android,89.0,74.0,0.7303370786516854,28.68354465168539,6.0,0.0
20251228,mobile,Safari (in-app),iOS,89.0,89.0,0.8539325842696629,8.103352505617979,12.0,0.0
20260129,mobile,Safari,iOS,89.0,82.0,0.5730337078651685,42.72739479775281,1.0,0.0
20260218,mobile,Safari,iOS,89.0,85.0,0.6179775280898876,76.26206795505618,0.0,0.0
20260404,mobile,Chrome,Android,89.0,87.0,0.6067415730337079,55.11752980898876,0.0,0.0
20260612,desktop,Chrome,Windows,89.0,79.0,0.6067415730337079,83.80050879775281,1.0,0.0
20260727,desktop,Chrome,Windows,89.0,78.0,0.47191011235955055,147.71217206741574,0.0,0.0
20251017,desktop,Chrome,Windows,88.0,76.0,0.4431818181818182,204.85601278409092,2.0,0.0
20251017,mobile,Safari,iOS,88.0,86.0,0.6022727272727273,40.19762489772727,2.0,0.0
20251030,mobile,Safari (in-app),iOS,88.0,87.0,0.8295454545454546,47.06107601136364,2.0,0.0
20251211,desktop,Chrome,Windows,88.0,86.0,0.3977272727272727,174.34975484090907,4.0,0.0
20251224,mobile,Chrome,Android,88.0,83.0,0.4772727272727273,150.3878649090909,13.0,0.0
20260401,desktop,Chrome,Windows,88.0,75.0,0.45454545454545453,174.44979169318182,0.0,0.0
20260410,mobile,Android Webview,Android,88.0,88.0,0.9090909090909091,10.642519477272728,0.0,0.0
20260508,desktop,Chrome,Windows,88.0,76.0,0.4318181818181818,193.12519979545456,2.0,0.0
20260519,desktop,Chrome,Windows,88.0,76.0,0.36363636363636365,209.61084986363633,1.0,0.0
20260610,mobile,Android Webview,Android,88.0,88.0,0.8409090909090909,14.856855693181819,0.0,0.0
20260828,mobile,Safari,iOS,88.0,83.0,0.5227272727272727,138.37655513636363,2.0,0.0
20260912,mobile,Chrome,iOS,88.0,82.0,0.625,48.48441707954546,1.0,0.0
20260917,mobile,Safari (in-app),iOS,88.0,88.0,0.6818181818181818,10.750268386363636,31.0,0.0
20251118,desktop,Chrome,Windows,87.0,79.0,0.42528735632183906,204.81029214942527,5.0,0.0
20251122,mobile,Safari,iOS,87.0,86.0,0.41379310344827586,35.20870875862069,2.0,0.0
20251126,mobile,Chrome,Android,87.0,86.0,0.367816091954023,65.52675664367817,6.0,0.0
20251126,mobile,Safari,iOS,87.0,81.0,0.3563218390804598,82.41169974712643,1.0,0.0
20251212,mobile,Safari,iOS,87.0,78.0,0.41379310344827586,135.5848228275862,4.0,0.0
20260405,mobile,Chrome,Android,87.0,83.0,0.5977011494252874,71.5563068045977,6.0,0.0
20260414,desktop,Chrome,Windows,87.0,71.0,0.42528735632183906,120.85178275862067,2.0,0.0
20260623,desktop,Chrome,Windows,87.0,73.0,0.4482758620689655,121.14559887356323,1.0,0.0
20260718,mobile,Chrome,Android,87.0,84.0,0.5517241379310345,82.55596754022989,1.0,0.0
20260819,desktop,Chrome,Windows,87.0,71.0,0.47126436781609193,129.2583142873563,1.0,0.0
20260820,desktop,Chrome,Windows,87.0,72.0,0.47126436781609193,208.3045099425287,1.0,0.0
20250930,desktop,Edge,Windows,86.0,55.0,0.6046511627906976,109.6826981511628,2.0,0.0
20251208,mobile,Chrome,Android,86.0,84.0,0.3488372093023256,82.98153598837209,2.0,0.0
20260418,mobile,Chrome,Android,86.0,80.0,0.6511627906976745,43.87131626744186,0.0,0.0
20260430,desktop,Chrome,Windows,86.0,80.0,0.4418604651162791,158.937679872093,2.0,0.0
20260710,desktop,Chrome,Windows,86.0,68.0,0.46511627906976744,117.8087821511628,0.0,0.0
20260810,mobile,Safari,iOS,86.0,84.0,0.6046511627906976,46.75953510465116,0.0,0.0
20260826,mobile,Safari,iOS,86.0,83.0,0.5465116279069767,126.11383736046514,8.0,0.0
20260909,mobile,Chrome,Android,86.0,85.0,0.6162790697674418,92.54847324418604,1.0,0.0
20250920,mobile,Safari,iOS,85.0,77.0,0.49411764705882355,77.55271515294118,3.0,0.0
20251003,mobile,Safari,iOS,85.0,84.0,0.5529411764705883,17.456563529411763,0.0,0.0
20251010,desktop,Edge,Windows,85.0,47.0,0.7176470588235294,61.65309995294117,0.0,0.0
20251012,mobile,Samsung Internet,Android,85.0,83.0,0.6,104.68110423529411,1.0,0.0
20251016,mobile,Samsung Internet,Android,85.0,81.0,0.7294117647058823,29.280382894117647,1.0,0.0
20251021,desktop,Edge,Windows,85.0,54.0,0.7176470588235294,75.00445797647059,0.0,0.0
20251203,desktop,Chrome,Windows,85.0,72.0,0.35294117647058826,168.27075701176472,1.0,0.0
20251231,mobile,Chrome,Android,85.0,81.0,0.5411764705882353,40.96834357647059,3.0,0.0
20260412,mobile,Chrome,Android,85.0,80.0,0.5764705882352941,50.16714675294117,1.0,0.0
20260517,mobile,Android Webview,Android,85.0,85.0,0.7764705882352941,3.760810764705883,0.0,0.0
20260526,desktop,Chrome,Windows,85.0,75.0,0.4117647058823529,248.79695534117644,4.0,0.0
20260629,mobile,Safari,iOS,85.0,82.0,0.611764705882353,46.99989477647058,0.0,0.0
20260816,mobile,Safari (in-app),iOS,85.0,85.0,0.788235294117647,7.932842623529411,19.0,0.0
20260826,desktop,Chrome,Windows,85.0,65.0,0.5176470588235295,134.55439290588237,0.0,0.0
20260831,mobile,Safari (in-app),iOS,85.0,85.0,0.7294117647058823,8.533692470588235,21.0,0.0
20251004,mobile,Safari,iOS,84.0,82.0,0.47619047619047616,89.29099710714286,0.0,0.0
20251022,desktop,Edge,Windows,84.0,55.0,0.6428571428571429,92.57201811904761,0.0,0.0
20251022,mobile,Safari,iOS,84.0,84.0,0.6309523809523809,107.75777503571427,1.0,0.0
20251029,desktop,Chrome,Windows,84.0,72.0,0.39285714285714285,164.58696802380953,5.0,0.0
20251103,desktop,Chrome,Windows,84.0,80.0,0.39285714285714285,264.8278562261905,3.0,0.0
20251113,desktop,Chrome,Windows,84.0,80.0,0.4880952380952381,140.09348822619046,2.0,0.0
20251212,mobile,Chrome,Android,84.0,77.0,0.39285714285714285,68.62681947619048,1.0,0.0
20260122,mobile,Safari,iOS,84.0,81.0,0.5952380952380952,58.804262226190474,2.0,0.0
20260126,desktop,Chrome,Windows,84.0,74.0,0.36904761904761907,169.42733545238096,4.0,0.0
20260307,mobile,Android Webview,Android,84.0,78.0,0.9166666666666666,25.82543285714286,1.0,0.0
20260402,desktop,Chrome,Windows,84.0,71.0,0.5238095238095238,122.41573976190475,4.0,0.0
20260416,desktop,Chrome,Windows,84.0,73.0,0.35714285714285715,197.26021471428572,2.0,0.0
20260702,mobile,Safari,iOS,84.0,82.0,0.6666666666666666,84.44872209523808,0.0,0.0
20260803,mobile,Safari (in-app),iOS,84.0,84.0,0.6428571428571429,10.72420642857143,27.0,0.0
20250925,desktop,Edge,Windows,83.0,42.0,0.6265060240963856,140.1825336506024,3.0,0.0
20251010,mobile,Safari,iOS,83.0,83.0,0.6626506024096386,56.91922696385542,1.0,0.0
20260225,mobile,Safari,iOS,83.0,80.0,0.6746987951807228,25.621342975903616,1.0,0.0
20260402,mobile,Android Webview,Android,83.0,83.0,0.8554216867469879,21.263240722891567,1.0,0.0
20260419,mobile,Chrome,Android,83.0,79.0,0.5662650602409639,75.59682510843373,3.0,0.0
20260528,mobile,Android Webview,Android,83.0,82.0,0.7710843373493976,25.164266819277106,0.0,0.0
20260625,mobile,Safari,iOS,83.0,81.0,0.5301204819277109,93.31315946987952,3.0,0.0
20260719,mobile,Chrome,Android,83.0,82.0,0.5180722891566265,87.14903527710844,8.0,0.0
20260728,mobile,Chrome,Android,83.0,81.0,0.5421686746987951,56.64716589156627,18.0,0.0
20251102,mobile,Safari (in-app),iOS,82.0,76.0,0.5487804878048781,170.9751142804878,0.0,0.0
20251125,desktop,Chrome,Windows,82.0,73.0,0.4634146341463415,173.19290863414633,2.0,0.0
20251211,mobile,Safari,iOS,82.0,78.0,0.4268292682926829,897.3100445,2.0,0.0
20251229,desktop,Chrome,Windows,82.0,74.0,0.4634146341463415,111.89258806097563,2.0,0.0
20260123,mobile,Safari,iOS,82.0,78.0,0.6341463414634146,44.45286987804878,1.0,0.0
20260130,mobile,Safari,iOS,82.0,77.0,0.6097560975609756,30.40740936585366,2.0,0.0
20260218,desktop,Chrome,Windows,82.0,70.0,0.4268292682926829,177.96296776829269,1.0,0.0
20260226,mobile,Safari,iOS,82.0,78.0,0.6463414634146342,30.616246048780486,0.0,0.0
20260309,mobile,Chrome,Android,82.0,81.0,0.6341463414634146,25.674556768292682,0.0,0.0
20260315,mobile,Chrome,Android,82.0,80.0,0.47560975609756095,53.78661802439024,2.0,0.0
20260421,mobile,Chrome,Android,82.0,79.0,0.6463414634146342,48.157979402439025,2.0,0.0
20260502,mobile,Chrome,iOS,82.0,79.0,0.5487804878048781,48.491333597560974,2.0,0.0
20260702,desktop,Chrome,Windows,82.0,72.0,0.43902439024390244,146.96523357317074,2.0,0.0
20260702,mobile,Safari (in-app),iOS,82.0,83.0,0.7682926829268293,7.657712573170732,28.0,0.0
20260707,desktop,Chrome,Windows,82.0,69.0,0.4878048780487805,106.41085592682927,2.0,0.0
20260711,mobile,Chrome,Android,82.0,81.0,0.5609756097560976,49.11643856097561,1.0,0.0
20260803,mobile,Chrome,Android,82.0,82.0,0.6219512195121951,43.792047780487806,1.0,0.0
20260811,mobile,Safari,iOS,82.0,77.0,0.5365853658536586,50.99096025609756,6.0,0.0
20260820,mobile,Safari,iOS,82.0,80.0,0.6219512195121951,57.44200515853659,2.0,0.0
20251005,mobile,Safari,iOS,81.0,80.0,0.5925925925925926,13.122467061728395,3.0,0.0
20251009,mobile,Safari,iOS,81.0,79.0,0.5925925925925926,53.913993851851856,0.0,0.0
20251218,desktop,Chrome,Windows,81.0,72.0,0.35802469135802467,166.1650815925926,0.0,0.0
20260208,mobile,Chrome,iOS,81.0,80.0,0.5432098765432098,34.04320385185185,0.0,0.0
20260219,mobile,Safari,iOS,81.0,79.0,0.5802469135802469,56.293561555555556,0.0,0.0
20260724,mobile,Chrome,Android,81.0,77.0,0.6049382716049383,85.60900638271605,9.0,0.0
20250924,desktop,Edge,Windows,80.0,45.0,0.6625,97.36867508750001,1.0,0.0
20251117,desktop,Chrome,Windows,80.0,70.0,0.35,163.3178695,2.0,0.0
20251118,mobile,Safari,iOS,80.0,80.0,0.4625,61.644451787499996,0.0,0.0
20251217,desktop,Chrome,Windows,80.0,65.0,0.35,212.90249438749998,3.0,0.0
20260126,mobile,Safari,iOS,80.0,78.0,0.5625,43.760923625,0.0,0.0
20260709,mobile,Safari,iOS,80.0,79.0,0.6625,39.075707775,1.0,0.0
20260809,mobile,Chrome,Android,80.0,80.0,0.65,35.507055775,1.0,0.0
20260914,mobile,Chrome,Android,80.0,79.0,0.6,82.37468515,2.0,0.0
20251006,desktop,Edge,Windows,79.0,54.0,0.6708860759493671,127.06730775949366,1.0,0.0
20251011,mobile,Samsung Internet,Android,79.0,76.0,0.6582278481012658,92.3008766329114,0.0,0.0
20251106,mobile,Chrome,Android,79.0,74.0,0.6075949367088608,21.601495316455694,1.0,0.0
20251114,desktop,Chrome,Windows,79.0,69.0,0.3291139240506329,142.9007247848101,0.0,0.0
20260318,mobile,Safari,iOS,79.0,77.0,0.620253164556962,77.25546644303797,0.0,0.0
20260407,desktop,Chrome,Windows,79.0,72.0,0.34177215189873417,135.13609625316457,1.0,0.0
20260520,desktop,Chrome,Windows,79.0,73.0,0.379746835443038,185.39280074683543,0.0,0.0
20260729,mobile,Chrome,Android,79.0,75.0,0.5569620253164557,35.535403063291135,1.0,0.0
20260809,mobile,Safari (in-app),iOS,79.0,79.0,0.7088607594936709,8.513293556962024,20.0,0.0
20250929,desktop,Edge,Windows,78.0,47.0,0.48717948717948717,95.03579884615384,4.0,0.0
20251030,desktop,Chrome,Windows,78.0,70.0,0.44871794871794873,198.50075274358974,2.0,0.0
20260209,mobile,Chrome,Android,78.0,76.0,0.6153846153846154,33.069627705128205,1.0,0.0
20260323,mobile,Safari,iOS,78.0,74.0,0.5769230769230769,43.29101476923077,0.0,0.0
20250930,mobile,Safari,iOS,77.0,74.0,0.7402597402597403,19.091054883116882,1.0,0.0
20251109,mobile,Safari,iOS,77.0,76.0,0.4805194805194805,61.70260597402598,0.0,0.0
20251117,mobile,Safari,iOS,77.0,73.0,0.45454545454545453,22.727767064935065,2.0,0.0
20251124,mobile,Safari,iOS,77.0,72.0,0.4155844155844156,128.92478506493507,2.0,0.0
20260222,mobile,Chrome,Android,77.0,73.0,0.5454545454545454,84.52016867532468,1.0,0.0
20260321,mobile,Chrome,Android,77.0,73.0,0.6753246753246753,31.41632793506494,1.0,0.0
20260519,mobile,Android Webview,Android,77.0,75.0,0.7142857142857143,38.88126816883117,0.0,0.0
20260807,mobile,Safari (in-app),iOS,77.0,77.0,0.8311688311688312,6.4964964675324675,14.0,0.0
20260830,mobile,Safari,iOS,77.0,76.0,0.5194805194805194,64.55525159740259,6.0,0.0
20260906,mobile,Chrome,Android,77.0,70.0,0.5324675324675324,68.58900074025975,1.0,0.0
20251006,mobile,Safari,iOS,76.0,75.0,0.6710526315789473,25.848351671052633,1.0,0.0
20260224,mobile,Safari,iOS,76.0,70.0,0.5921052631578947,61.5901530131579,0.0,0.0
20260427,mobile,Chrome,Android,76.0,74.0,0.5394736842105263,52.73487094736842,5.0,0.0
20260624,desktop,Chrome,Windows,76.0,63.0,0.42105263157894735,124.70342377631579,1.0,0.0
20260625,desktop,Chrome,Windows,76.0,64.0,0.4868421052631579,185.52916561842108,0.0,0.0
20260710,mobile,Chrome,Android,76.0,72.0,0.5526315789473685,101.37943178947368,1.0,0.0
20260823,mobile,Safari,iOS,76.0,76.0,0.5394736842105263,33.258616065789475,3.0,0.0
20260901,mobile,Safari,iOS,76.0,74.0,0.5263157894736842,57.45903405263157,7.0,0.0
20250922,mobile,Chrome,Android,75.0,73.0,0.41333333333333333,52.944716066666665,4.0,0.0
20251001,desktop,Edge,Windows,75.0,45.0,0.6533333333333333,140.51959602666668,0.0,0.0
20251003,desktop,Edge,Windows,75.0,43.0,0.6266666666666667,115.04162298666667,1.0,0.0
20251014,mobile,Safari,iOS,75.0,74.0,0.7466666666666667,12.652376733333334,1.0,0.0
20251020,mobile,Samsung Internet,Android,75.0,69.0,0.6933333333333334,46.78185432,0.0,0.0
20251028,desktop,Chrome,Windows,75.0,65.0,0.41333333333333333,137.79040922666667,2.0,0.0
20251107,mobile,Safari,iOS,75.0,74.0,0.5866666666666667,25.55809728,2.0,0.0
20251212,desktop,Chrome,Windows,75.0,68.0,0.3466666666666667,204.10082374666666,5.0,0.0
20260210,mobile,Chrome,Android,75.0,70.0,0.4666666666666667,105.53681414666667,3.0,0.0
20260407,mobile,Chrome,Android,75.0,73.0,0.68,121.39914352,7.0,0.0
20260527,desktop,Chrome,Windows,75.0,67.0,0.52,129.34173325333333,2.0,0.0
20260626,desktop,Chrome,Windows,75.0,65.0,0.4266666666666667,154.63463076,0.0,0.0
20260712,mobile,Chrome,Android,75.0,73.0,0.64,27.216422266666665,1.0,0.0
20260817,mobile,Safari,iOS,75.0,71.0,0.48,81.02033172,1.0,0.0
20260828,mobile,Chrome,Android,75.0,72.0,0.5066666666666667,119.57317012,1.0,0.0
20260223,mobile,Safari,iOS,74.0,71.0,0.527027027027027,65.93165144594595,2.0,0.0
20260302,mobile,Safari,iOS,74.0,73.0,0.7162162162162162,41.08588062162162,1.0,0.0
20260316,mobile,Safari,iOS,74.0,69.0,0.6216216216216216,62.4406942027027,1.0,0.0
20260413,mobile,Chrome,Android,74.0,71.0,0.6216216216216216,55.66334443243243,2.0,0.0
20260415,mobile,Chrome,Android,74.0,68.0,0.4864864864864865,101.41750531081081,2.0,0.0
20260701,mobile,Chrome,Android,74.0,69.0,0.5945945945945946,97.95792714864865,3.0,0.0
20250922,mobile,Android Webview,Android,73.0,52.0,0.726027397260274,90.4060412328767,21.0,0.0
20251013,desktop,Edge,Windows,73.0,40.0,0.7397260273972602,60.579474068493155,1.0,0.0
20260406,mobile,Chrome,Android,73.0,73.0,0.5753424657534246,69.80751478082192,1.0,0.0
20260417,desktop,Chrome,Windows,73.0,68.0,0.4657534246575342,114.99478453424656,0.0,0.0
20260806,mobile,Safari (in-app),iOS,73.0,73.0,0.7397260273972602,8.05057601369863,19.0,0.0
20260818,mobile,Safari,iOS,73.0,71.0,0.5205479452054794,78.25471621917808,0.0,0.0
20260819,mobile,Safari,iOS,73.0,69.0,0.5616438356164384,381.3166091780822,1.0,0.0
20260821,desktop,Chrome,Windows,73.0,61.0,0.3972602739726027,116.12676760273972,0.0,0.0
20260908,mobile,Chrome,Android,73.0,70.0,0.4794520547945205,72.22572573972603,2.0,0.0
20260916,mobile,Chrome,Android,73.0,72.0,0.6986301369863014,77.13050110958903,0.0,0.0
20250927,desktop,Chrome,Windows,72.0,41.0,0.5416666666666666,202.11032291666666,0.0,0.0
20260123,desktop,Chrome,Windows,72.0,60.0,0.5416666666666666,129.6934375972222,1.0,0.0
20260207,mobile,Chrome,iOS,72.0,67.0,0.7083333333333334,19.854401333333335,0.0,0.0
20260211,mobile,Chrome,Android,72.0,68.0,0.5,57.64881790277778,2.0,0.0
20260416,mobile,Chrome,Android,72.0,71.0,0.5277777777777778,30.77664061111111,1.0,0.0
20260605,desktop,Chrome,Windows,72.0,64.0,0.4305555555555556,117.708344,2.0,0.0
20260630,mobile,Chrome,Android,72.0,71.0,0.5833333333333334,30.022060194444446,2.0,0.0
20260725,mobile,Chrome,Android,72.0,71.0,0.4861111111111111,53.988404305555555,2.0,0.0
20260804,mobile,Chrome,Android,72.0,69.0,0.5138888888888888,108.85878754166667,1.0,0.0
20260903,mobile,Safari,iOS,72.0,73.0,0.5138888888888888,88.99867927777777,1.0,0.0
20251008,desktop,Edge,Windows,71.0,41.0,0.7464788732394366,74.64981543661972,0.0,0.0
20251014,mobile,Samsung Internet,Android,71.0,67.0,0.5915492957746479,70.53773291549295,4.0,0.0
20251018,mobile,Samsung Internet,Android,71.0,68.0,0.6197183098591549,58.29386916901409,0.0,0.0
20260408,desktop,Chrome,Windows,71.0,61.0,0.3380281690140845,174.13042488732395,4.0,0.0
20260425,mobile,Chrome,Android,71.0,70.0,0.49295774647887325,104.63111085915493,2.0,0.0
20260504,mobile,Chrome,Android,71.0,69.0,0.4647887323943662,183.54950571830983,3.0,0.0
20260627,desktop,Chrome,Windows,71.0,66.0,0.7887323943661971,15.329701859154927,0.0,0.0
20260717,mobile,Chrome,Android,71.0,68.0,0.647887323943662,37.031381253521126,4.0,0.0
20250926,mobile,Safari,iOS,70.0,67.0,0.6142857142857143,53.96497301428572,1.0,0.0
20251007,desktop,Edge,Windows,70.0,53.0,0.5857142857142857,131.29285822857142,2.0,0.0
20251105,desktop,Chrome,Windows,70.0,65.0,0.5142857142857142,180.6122723857143,2.0,0.0
20251114,mobile,Safari,iOS,70.0,67.0,0.45714285714285713,48.54933497142857,1.0,0.0
20251210,mobile,Chrome,Android,70.0,66.0,0.34285714285714286,76.07896637142858,1.0,0.0
20251223,desktop,Chrome,Windows,70.0,65.0,0.35714285714285715,227.3797086857143,2.0,0.0
20260311,mobile,Chrome,Android,70.0,64.0,0.5,40.32783465714286,2.0,0.0
20260408,mobile,Chrome,Android,70.0,63.0,0.6142857142857143,61.75645219999999,0.0,0.0
20260420,mobile,Chrome,Android,70.0,66.0,0.6285714285714286,116.70763572857143,0.0,0.0
20260427,mobile,Android Webview,Android,70.0,70.0,0.8714285714285714,8.443619199999999,0.0,0.0
20260709,desktop,Chrome,Windows,70.0,61.0,0.5142857142857142,106.90978998571428,1.0,0.0
20260821,mobile,Safari,iOS,70.0,67.0,0.6,36.1600033,3.0,0.0
20260824,mobile,Safari,iOS,70.0,68.0,0.5714285714285714,130.9545746857143,4.0,0.0
20251224,mobile,Safari (in-app),iOS,69.0,69.0,0.8260869565217391,6.277833811594203,10.0,0.0
20260220,mobile,Chrome,Android,69.0,67.0,0.5942028985507246,53.42630589855072,1.0,0.0
20260227,mobile,Safari,iOS,69.0,66.0,0.5942028985507246,202.9078612173913,2.0,0.0
20260310,mobile,Chrome,Android,69.0,66.0,0.4057971014492754,83.61633831884058,0.0,0.0
20260327,desktop,Chrome,Windows,69.0,56.0,0.42028985507246375,208.12431892753622,6.0,0.0
20260707,mobile,Chrome,Android,69.0,64.0,0.5507246376811594,84.82071105797102,2.0,0.0
20260715,mobile,Chrome,Android,69.0,67.0,0.5942028985507246,27.823172826086957,0.0,0.0
20260913,mobile,Chrome,iOS,69.0,65.0,0.5797101449275363,69.88890169565218,0.0,0.0
20251018,desktop,Chrome,Windows,68.0,45.0,0.6470588235294118,104.45936276470589,1.0,0.0
20251101,mobile,Samsung Internet,Android,68.0,63.0,0.7058823529411765,76.63873166176471,0.0,0.0
20251112,mobile,Safari,iOS,68.0,63.0,0.36764705882352944,46.888951176470584,1.0,0.0
20260326,desktop,Chrome,Windows,68.0,61.0,0.3088235294117647,184.90169754411764,0.0,0.0
20260329,mobile,Chrome,Android,68.0,62.0,0.5882352941176471,75.76914070588236,1.0,0.0
20260401,mobile,Android Webview,Android,68.0,68.0,0.8823529411764706,12.086913558823529,0.0,0.0
20260423,desktop,Edge,Windows,68.0,45.0,0.7352941176470589,27.620335970588233,2.0,0.0
20250926,desktop,Edge,Windows,67.0,44.0,0.582089552238806,147.14903135820893,0.0,0.0
20251002,desktop,Edge,Windows,67.0,45.0,0.7014925373134329,114.12208410447762,0.0,0.0
20260319,mobile,Chrome,Android,67.0,66.0,0.5223880597014925,62.06192253731343,0.0,0.0
20260410,desktop,Chrome,Windows,67.0,60.0,0.5223880597014925,236.8814414328358,3.0,0.0
20260615,mobile,Chrome,Android,67.0,60.0,0.47761194029850745,69.93473782089552,0.0,0.0
20260624,mobile,Safari,iOS,67.0,62.0,0.5970149253731343,100.2484282835821,1.0,0.0
20260629,desktop,Chrome,Windows,67.0,58.0,0.4626865671641791,287.74595982089556,4.0,0.0
20260805,mobile,Safari (in-app),iOS,67.0,67.0,0.7313432835820896,7.226046044776119,14.0,0.0
20260814,mobile,Chrome,Android,67.0,63.0,0.5970149253731343,23.16917552238806,1.0,0.0
20251024,desktop,Chrome,Windows,66.0,56.0,0.45454545454545453,97.51805883333333,2.0,0.0
20260221,mobile,Chrome,Android,66.0,64.0,0.5,56.57910403030303,1.0,0.0
20260401,mobile,Chrome,Android,66.0,62.0,0.5151515151515151,117.96490846969697,4.0,0.0
20260421,desktop,Chrome,Windows,66.0,50.0,0.42424242424242425,175.24450634848483,1.0,0.0
20260606,mobile,Chrome,iOS,66.0,63.0,0.6666666666666666,29.000169106060607,0.0,0.0
20260621,mobile,Chrome,Android,66.0,67.0,0.48484848484848486,57.98184603030303,1.0,0.0
20260829,mobile,Chrome,Android,66.0,65.0,0.5,92.8735055,5.0,0.0
20260831,mobile,Safari,iOS,66.0,66.0,0.5303030303030303,61.125121530303026,6.0,0.0
20260905,mobile,Chrome,Android,66.0,65.0,0.6060606060606061,53.9711318030303,0.0,0.0
20250925,mobile,Safari,iOS,65.0,63.0,0.5692307692307692,52.84363530769231,0.0,0.0
20250929,mobile,Safari,iOS,65.0,65.0,0.7076923076923077,15.795678107692307,2.0,0.0
20251002,mobile,Safari,iOS,65.0,65.0,0.6153846153846154,23.288814707692307,1.0,0.0
20251231,mobile,Safari,iOS,65.0,65.0,0.5230769230769231,75.81287918461538,4.0,0.0
20260216,desktop,Chrome,Windows,65.0,50.0,0.46153846153846156,192.37291484615386,1.0,0.0
20260307,mobile,Chrome,Android,65.0,62.0,0.5538461538461539,72.5170035076923,2.0,0.0
20260513,mobile,Android Webview,Android,65.0,63.0,0.8,13.522524107692307,0.0,0.0
20260521,mobile,Android Webview,Android,65.0,65.0,0.7076923076923077,39.73217804615385,0.0,0.0
20260607,mobile,Chrome,iOS,65.0,62.0,0.49230769230769234,43.13948716923076,0.0,0.0
20260706,mobile,Chrome,Android,65.0,59.0,0.5230769230769231,29.433351061538463,1.0,0.0
20260826,mobile,Chrome,Android,65.0,63.0,0.47692307692307695,70.49759716923077,24.0,0.0
20260901,mobile,Chrome,Android,65.0,62.0,0.6,23.15623626153846,6.0,0.0
20250923,desktop,Edge,Windows,64.0,38.0,0.671875,117.62189728125,2.0,0.0
20251015,mobile,Samsung Internet,Android,64.0,61.0,0.65625,54.87447590625,0.0,0.0
20260301,mobile,Chrome,Android,64.0,60.0,0.578125,42.046824125,1.0,0.0
20260414,mobile,Chrome,Android,64.0,61.0,0.578125,82.45360189062501,3.0,0.0
20260515,mobile,Android Webview,Android,64.0,62.0,0.828125,27.1252805625,0.0,0.0
20260516,mobile,Android Webview,Android,64.0,63.0,0.71875,9.76416159375,0.0,0.0
20260627,mobile,Chrome,Android,64.0,63.0,0.53125,31.90330615625,2.0,0.0
20260714,desktop,Edge,Windows,64.0,41.0,0.453125,219.268922265625,1.0,0.0
20260810,mobile,Chrome,Android,64.0,64.0,0.5,91.74568434375,5.0,0.0
20251104,desktop,Chrome,Windows,63.0,57.0,0.42857142857142855,184.76598042857142,8.0,0.0
20251110,desktop,Edge,Windows,63.0,35.0,0.6666666666666666,130.4234822857143,2.0,0.0
20251119,mobile,Safari,iOS,63.0,63.0,0.4126984126984127,56.50163358730159,1.0,0.0
20260220,mobile,Safari,iOS,63.0,60.0,0.6031746031746031,92.19676196825397,2.0,0.0
20260320,mobile,Chrome,Android,63.0,59.0,0.42857142857142855,146.51974636507938,10.0,0.0
20260324,mobile,Chrome,Android,63.0,62.0,0.5714285714285714,19.600801952380955,2.0,0.0
20260428,mobile,Android Webview,Android,63.0,63.0,0.8888888888888888,17.90293374603175,0.0,0.0
20260529,mobile,Android Webview,Android,63.0,63.0,0.7777777777777778,7.090622793650793,0.0,0.0
20260618,desktop,Edge,Windows,63.0,46.0,0.4444444444444444,161.66119553968255,2.0,0.0
20260702,mobile,Chrome,Android,63.0,60.0,0.6190476190476191,43.35559760317461,0.0,0.0
20251001,mobile,Safari,iOS,62.0,59.0,0.6290322580645161,81.46355190322582,1.0,0.0
20251105,mobile,Safari,iOS,62.0,60.0,0.5806451612903226,60.670238629032255,0.0,0.0
20260201,mobile,Chrome,Android,62.0,56.0,0.5645161290322581,106.84117967741936,0.0,0.0
20260214,mobile,Chrome,Android,62.0,60.0,0.43548387096774194,91.59435367741935,0.0,0.0
20260215,mobile,Chrome,Android,62.0,58.0,0.5645161290322581,86.54744601612904,0.0,0.0
20260323,desktop,Edge,Windows,62.0,33.0,0.6774193548387096,106.81915806451613,1.0,0.0
20260328,mobile,Chrome,Android,62.0,57.0,0.4032258064516129,121.53144379032258,1.0,0.0
20260330,mobile,Chrome,Android,62.0,60.0,0.5645161290322581,68.3013337419355,2.0,0.0
20260331,mobile,Chrome,Android,62.0,61.0,0.43548387096774194,99.91137640322582,1.0,0.0
20260628,mobile,Chrome,Android,62.0,59.0,0.5967741935483871,82.2101738548387,2.0,0.0
20260726,mobile,Chrome,Android,62.0,60.0,0.5967741935483871,42.64352917741936,0.0,0.0
20251015,desktop,Edge,Windows,61.0,41.0,0.5901639344262295,189.05732224590167,2.0,0.0
20251016,desktop,Edge,Windows,61.0,42.0,0.6229508196721312,163.07029481967214,0.0,0.0
20251103,mobile,Safari (in-app),iOS,61.0,61.0,0.7704918032786885,25.786924377049182,0.0,0.0
20251121,desktop,Chrome,Windows,61.0,57.0,0.29508196721311475,258.85149677049185,0.0,0.0
20251121,mobile,Safari,iOS,61.0,60.0,0.4918032786885246,40.00817949180328,0.0,0.0
20260317,mobile,Safari,iOS,61.0,58.0,0.4426229508196721,133.33807955737706,1.0,0.0
20260331,mobile,Android Webview,Android,61.0,61.0,0.8360655737704918,31.819240672131148,2.0,0.0
20260402,mobile,Chrome,Android,61.0,60.0,0.5737704918032787,49.56302919672131,1.0,0.0
20260505,mobile,Chrome,Android,61.0,60.0,0.6065573770491803,65.8585025737705,5.0,0.0
20260518,mobile,Android Webview,Android,61.0,61.0,0.8360655737704918,5.299211491803279,0.0,0.0
20260807,mobile,Chrome,Android,61.0,61.0,0.6557377049180327,28.35030168852459,3.0,0.0
20260822,mobile,Chrome,Android,61.0,58.0,0.6885245901639344,37.2011523442623,2.0,0.0
20260827,mobile,Chrome,Android,61.0,59.0,0.6065573770491803,44.08437524590164,5.0,0.0
20260907,mobile,Chrome,Android,61.0,58.0,0.6557377049180327,20.788902344262297,6.0,0.0
20250918,desktop,Edge,Windows,60.0,34.0,0.75,50.45378276666667,1.0,0.0
20250919,mobile,Android Webview,Android,60.0,51.0,0.45,121.70874461666668,12.0,0.0
20250919,mobile,Safari,iOS,60.0,55.0,0.6,53.8814188,0.0,0.0
20251007,mobile,Safari,iOS,60.0,59.0,0.55,67.76062463333332,1.0,0.0
20251107,mobile,Chrome,Android,60.0,59.0,0.48333333333333334,67.25212263333334,0.0,0.0
20251230,desktop,Chrome,Windows,60.0,57.0,0.4,167.62624936666666,3.0,0.0
20260228,mobile,Chrome,Android,60.0,57.0,0.5833333333333334,40.84829418333334,3.0,0.0
20260430,mobile,Chrome,iOS,60.0,59.0,0.5,64.6979568,1.0,0.0
20260813,mobile,Safari (in-app),iOS,60.0,60.0,0.7833333333333333,7.71544605,13.0,0.0
20260912,desktop,Chrome,Windows,60.0,59.0,0.55,78.38493533333333,0.0,0.0
20251104,mobile,Samsung Internet,Android,59.0,58.0,0.8305084745762712,17.361754101694913,1.0,0.0
20260308,mobile,Chrome,Android,59.0,57.0,0.5932203389830508,59.19175727118644,0.0,0.0
20260312,mobile,Chrome,Android,59.0,55.0,0.576271186440678,60.29351481355933,0.0,0.0
20260325,mobile,Android Webview,Android,59.0,56.0,0.7796610169491526,61.03627786440678,2.0,0.0
20260428,mobile,Chrome,Android,59.0,58.0,0.6271186440677966,82.81814991525424,1.0,0.0
20250923,mobile,Chrome,Android,58.0,57.0,0.3620689655172414,90.62419244827586,2.0,0.0
20251106,desktop,Edge,Windows,58.0,35.0,0.6379310344827587,109.93210718965517,0.0,0.0
20260202,mobile,Chrome,Android,58.0,55.0,0.603448275862069,33.5876080862069,1.0,0.0
20260320,desktop,Edge,Windows,58.0,33.0,0.5862068965517241,152.32912482758618,0.0,0.0
20260410,mobile,Chrome,Android,58.0,57.0,0.603448275862069,57.857554224137935,0.0,0.0
20260422,mobile,Chrome,Android,58.0,54.0,0.6206896551724138,108.45264136206896,1.0,0.0
20260520,mobile,Android Webview,Android,58.0,57.0,0.7586206896551724,15.896520948275862,1.0,0.0
20260714,mobile,Chrome,Android,58.0,57.0,0.5517241379310345,34.03201931034483,3.0,0.0
20260913,desktop,Chrome,Windows,58.0,49.0,0.5862068965517241,103.18709939655172,0.0,0.0
20250918,mobile,Android Webview,Android,57.0,39.0,0.5614035087719298,237.0960070350877,13.0,0.0
20251101,desktop,Chrome,Windows,57.0,51.0,0.5789473684210527,36.02211859649123,0.0,0.0
20251110,mobile,Safari,iOS,57.0,52.0,0.5087719298245614,32.98162550877193,1.0,0.0
20251111,mobile,Safari,iOS,57.0,54.0,0.5614035087719298,92.59182719298246,0.0,0.0
20251113,mobile,Safari,iOS,57.0,54.0,0.5087719298245614,69.86259407017543,0.0,0.0
20251125,mobile,Safari,iOS,57.0,56.0,0.43859649122807015,55.43894122807017,1.0,0.0
20251231,mobile,Safari (in-app),iOS,57.0,57.0,0.8596491228070176,5.119748157894737,10.0,0.0
20260307,desktop,Chrome,Windows,57.0,41.0,0.5263157894736842,117.1695024385965,1.0,0.0
20260325,mobile,Chrome,Android,57.0,51.0,0.3508771929824561,88.93021243859648,2.0,0.0
20260420,desktop,Chrome,Windows,57.0,54.0,0.45614035087719296,104.98980177192982,0.0,0.0
20260810,mobile,Safari (in-app),iOS,57.0,57.0,0.7368421052631579,7.33489892982456,15.0,0.0
20260823,mobile,Chrome,Android,57.0,54.0,0.6666666666666666,34.66428650877193,2.0,0.0
20260824,mobile,Chrome,Android,57.0,53.0,0.5263157894736842,42.21403196491228,0.0,0.0
20250921,mobile,Android Webview,Android,56.0,48.0,0.5178571428571429,16.951143339285714,18.0,0.0
20260102,desktop,Chrome,Windows,56.0,53.0,0.4107142857142857,159.90871894642856,2.0,0.0
20260308,mobile,Android Webview,Android,56.0,52.0,0.8214285714285714,15.926418767857143,6.0,0.0
20260324,desktop,Edge,Windows,56.0,28.0,0.7321428571428571,67.98684742857144,2.0,0.0
20260409,mobile,Chrome,Android,56.0,56.0,0.5535714285714286,30.661647999999996,0.0,0.0
20260422,desktop,Edge,Windows,56.0,32.0,0.7678571428571429,54.95958233928572,0.0,0.0
20260424,mobile,Chrome,Android,56.0,55.0,0.5892857142857143,94.08070350000001,1.0,0.0
20260616,mobile,Chrome,Android,56.0,55.0,0.5178571428571429,62.276048607142855,2.0,0.0
20251008,mobile,Safari,iOS,55.0,52.0,0.6,12.920695927272728,1.0,0.0
20251011,desktop,Chrome,Windows,55.0,34.0,0.7636363636363637,73.73309701818182,0.0,0.0
20251019,mobile,Samsung Internet,Android,55.0,52.0,0.7454545454545455,76.98875978181819,0.0,0.0
20251107,desktop,Edge,Windows,55.0,31.0,0.6363636363636364,253.7976404,0.0,0.0
20251109,mobile,Android Webview,Android,55.0,43.0,0.5454545454545454,95.98892147272727,7.0,0.0
20260217,desktop,Chrome,Windows,55.0,48.0,0.41818181818181815,260.0757246909091,0.0,0.0
20260312,mobile,Android Webview,Android,55.0,41.0,0.8909090909090909,58.581691872727276,0.0,0.0
20260514,mobile,Android Webview,Android,55.0,55.0,0.7454545454545455,26.40510154545455,1.0,0.0
20260711,mobile,Chrome,iOS,55.0,54.0,0.6727272727272727,29.878641163636363,0.0,0.0
20260814,mobile,Safari (in-app),iOS,55.0,55.0,0.7454545454545455,9.217237636363636,15.0,0.0
20260815,mobile,Chrome,iOS,55.0,51.0,0.5454545454545454,37.665465218181815,0.0,0.0
20260819,mobile,Chrome,Android,55.0,48.0,0.6181818181818182,145.11197312727273,2.0,0.0
20251226,desktop,Chrome,Windows,54.0,48.0,0.4444444444444444,145.58983803703703,0.0,0.0
20260226,desktop,Edge,Windows,54.0,32.0,0.7222222222222222,82.27812151851852,0.0,0.0
20260317,mobile,Chrome,Android,54.0,52.0,0.48148148148148145,68.14644598148149,1.0,0.0
20260318,desktop,Edge,Windows,54.0,31.0,0.5925925925925926,116.24177027777777,4.0,0.0
20260327,mobile,Chrome,Android,54.0,51.0,0.48148148148148145,126.71602587037039,3.0,0.0
20260503,mobile,Chrome,iOS,54.0,54.0,0.5,53.468021722222225,0.0,0.0
20250918,mobile,Chrome,Android,53.0,49.0,0.5471698113207547,34.87690226415094,0.0,0.0
20250927,desktop,Edge,Windows,53.0,24.0,0.660377358490566,137.67824954716983,0.0,0.0
20260213,mobile,Chrome,Android,53.0,51.0,0.39622641509433965,108.25282443396226,3.0,0.0
20260306,mobile,Android Webview,Android,53.0,39.0,0.8867924528301887,34.00414430188679,0.0,0.0
20260328,mobile,Android Webview,Android,53.0,53.0,0.7735849056603774,33.966810943396226,3.0,0.0
20260417,mobile,Chrome,Android,53.0,52.0,0.7547169811320755,32.29783067924528,1.0,0.0
20260615,desktop,Edge,Windows,53.0,28.0,0.5849056603773585,124.35566050943396,2.0,0.0
20260713,mobile,Chrome,Android,53.0,53.0,0.5094339622641509,111.06946586792452,6.0,0.0
20260805,mobile,Chrome,Android,53.0,52.0,0.5849056603773585,107.29402813207545,1.0,0.0
20260811,mobile,Safari (in-app),iOS,53.0,53.0,0.7547169811320755,6.731295094339623,13.0,0.0
20260816,mobile,Chrome,iOS,53.0,50.0,0.5660377358490566,103.06670898113208,2.0,0.0
20260221,desktop,Chrome,Windows,52.0,38.0,0.5769230769230769,79.93433101923077,0.0,0.0
20260625,mobile,Chrome,Android,52.0,48.0,0.34615384615384615,198.21315576923078,3.0,0.0
20260716,mobile,Chrome,Android,52.0,50.0,0.5769230769230769,58.057002442307684,2.0,0.0
20250919,mobile,Chrome,Android,51.0,51.0,0.3333333333333333,177.4888400392157,3.0,0.0
20251106,mobile,Android Webview,Android,51.0,39.0,0.7647058823529411,126.02491294117647,0.0,0.0
20251107,mobile,Android Webview,Android,51.0,40.0,0.7450980392156863,16.719543392156865,5.0,0.0
20260117,desktop,Chrome,Windows,51.0,49.0,0.7254901960784313,137.33418505882352,1.0,0.0
20260212,mobile,Chrome,Android,51.0,51.0,0.49019607843137253,45.086637196078435,1.0,0.0
20260303,desktop,Edge,Windows,51.0,36.0,0.6078431372549019,116.85371749019608,2.0,0.0
20260312,desktop,Edge,Windows,51.0,33.0,0.6470588235294118,167.69218511764709,0.0,0.0
20260314,mobile,Android Webview,Android,51.0,47.0,0.8431372549019608,17.20056749019608,0.0,0.0
20260316,desktop,Edge,Windows,51.0,31.0,0.6862745098039216,100.45975139215686,1.0,0.0
20260509,mobile,Chrome,iOS,51.0,46.0,0.5490196078431373,50.039705901960794,5.0,0.0
20260708,mobile,Chrome,Android,51.0,50.0,0.6470588235294118,27.213702666666666,2.0,0.0
20260818,mobile,Chrome,Android,51.0,50.0,0.5686274509803921,34.4687542745098,4.0,0.0
20260830,mobile,Chrome,Android,51.0,50.0,0.5686274509803921,115.2358545490196,4.0,0.0
20260910,mobile,Chrome,iOS,51.0,49.0,0.6078431372549019,96.06479319607843,0.0,0.0
20260915,mobile,Chrome,iOS,51.0,49.0,0.6666666666666666,79.14982498039215,0.0,0.0
20251111,desktop,Edge,Windows,50.0,36.0,0.58,211.25763655999998,1.0,0.0
20260228,desktop,Chrome,Windows,50.0,37.0,0.48,39.49516312,1.0,0.0
20260306,mobile,Chrome,Android,50.0,50.0,0.42,83.08364422000001,0.0,0.0
20260311,mobile,Android Webview,Android,50.0,42.0,0.84,66.38114924,0.0,0.0
20260313,mobile,Chrome,Android,50.0,48.0,0.54,32.449881839999996,0.0,0.0
20260324,mobile,Android Webview,Android,50.0,42.0,0.78,24.70877884,3.0,0.0
20260604,mobile,Chrome,iOS,50.0,49.0,0.5,102.33710282,0.0,0.0
20260720,desktop,Edge,Windows,50.0,28.0,0.42,221.16876396,7.0,0.0
20260804,mobile,Safari (in-app),iOS,50.0,50.0,0.7,10.64763524,15.0,0.0
20260812,mobile,Safari (in-app),iOS,50.0,50.0,0.72,8.5966874,13.0,0.0
20260909,mobile,Chrome,iOS,50.0,47.0,0.72,37.18675458,1.0,0.0
20250919,desktop,Edge,Windows,49.0,32.0,0.5918367346938775,120.46071620408163,0.0,0.0
20251005,desktop,Chrome,Windows,49.0,28.0,0.6326530612244898,88.62064773469388,2.0,0.0
20251102,mobile,Samsung Internet,Android,49.0,45.0,0.7346938775510204,45.29307451020408,0.0,0.0
20260311,desktop,Edge,Windows,49.0,35.0,0.5714285714285714,112.94775710204081,2.0,0.0
20260321,desktop,Edge,Windows,49.0,21.0,0.7142857142857143,81.569882,0.0,0.0
20260323,mobile,Chrome,Android,49.0,49.0,0.4897959183673469,65.08341408163267,0.0,0.0
20260619,mobile,Chrome,Android,49.0,48.0,0.40816326530612246,128.3726326122449,0.0,0.0
20260704,mobile,Chrome,iOS,49.0,44.0,0.6326530612244898,78.42467079591836,0.0,0.0
20260712,mobile,Chrome,iOS,49.0,49.0,0.5714285714285714,59.475748061224486,0.0,0.0
20260713,desktop,Edge,Windows,49.0,26.0,0.7551020408163265,57.83169383673469,0.0,0.0
20260819,desktop,Edge,Windows,49.0,36.0,0.5918367346938775,142.16806228571429,1.0,0.0
20260831,desktop,Edge,Windows,49.0,32.0,0.7346938775510204,185.23525648979592,0.0,0.0
20260911,desktop,Edge,Windows,49.0,33.0,0.673469387755102,143.66600571428572,4.0,0.0
20251018,desktop,Edge,Windows,48.0,17.0,0.8333333333333334,42.36297310416666,0.0,0.0
20251120,desktop,Chrome,Windows,48.0,43.0,0.3541666666666667,239.65941004166666,0.0,0.0
20251130,desktop,Chrome,Windows,48.0,38.0,0.3541666666666667,203.35214566666664,1.0,0.0
20260119,desktop,Edge,Windows,48.0,29.0,0.5833333333333334,125.14431754166667,0.0,0.0
20260212,desktop,Edge,Windows,48.0,34.0,0.4791666666666667,185.87088852083332,0.0,0.0
20260303,mobile,Chrome,Android,48.0,47.0,0.3958333333333333,42.96481889583333,1.0,0.0
20260305,mobile,Chrome,Android,48.0,45.0,0.4166666666666667,52.1703425,0.0,0.0
20260516,desktop,Chrome,Windows,48.0,47.0,0.5833333333333334,43.5544954375,0.0,0.0
20260617,mobile,Chrome,iOS,48.0,44.0,0.625,54.135575145833336,0.0,0.0
20260621,mobile,Chrome,iOS,48.0,43.0,0.5833333333333334,47.20552404166667,0.0,0.0
20260622,desktop,Edge,Windows,48.0,28.0,0.5833333333333334,79.10852614583334,0.0,0.0
20260623,mobile,Chrome,Android,48.0,46.0,0.5208333333333334,52.405840500000004,1.0,0.0
20260626,mobile,Chrome,Android,48.0,46.0,0.5,84.11429383333333,6.0,0.0
20260801,mobile,Chrome,iOS,48.0,44.0,0.6041666666666666,31.48096829166667,1.0,0.0
20260817,mobile,Chrome,Android,48.0,46.0,0.5625,32.22607141666667,1.0,0.0
20260902,mobile,Chrome,Android,48.0,47.0,0.7083333333333334,23.772271166666666,0.0,0.0
20251106,mobile,Safari,iOS,47.0,46.0,0.574468085106383,12.32918689361702,0.0,0.0
20251215,desktop,Edge,Windows,47.0,40.0,0.3404255319148936,300.69219489361706,4.0,0.0
20251227,mobile,Android Webview,Android,47.0,37.0,0.6808510638297872,16.006530425531913,2.0,0.0
20260111,desktop,Chrome,Windows,47.0,46.0,0.3191489361702128,220.2491961276596,0.0,0.0
20260120,desktop,Edge,Windows,47.0,25.0,0.6808510638297872,88.11913823404254,0.0,0.0
20260326,mobile,Android Webview,Android,47.0,47.0,0.723404255319149,42.05504534042553,0.0,0.0
20260421,desktop,Edge,Windows,47.0,29.0,0.8085106382978723,38.69325836170213,0.0,0.0
20260423,mobile,Chrome,Android,47.0,46.0,0.5319148936170213,112.6067950425532,3.0,0.0
20260620,mobile,Chrome,iOS,47.0,46.0,0.6170212765957447,38.09503923404255,1.0,0.0
20250924,mobile,Safari,iOS,46.0,45.0,0.45652173913043476,87.70725991304349,1.0,0.0
20260322,mobile,Chrome,Android,46.0,43.0,0.6304347826086957,50.644745173913044,0.0,0.0
20260429,mobile,Chrome,iOS,46.0,43.0,0.5869565217391305,35.90923106521739,1.0,0.0
20260618,mobile,Chrome,iOS,46.0,45.0,0.6521739130434783,35.29964956521739,0.0,0.0
20260625,desktop,Edge,Windows,46.0,25.0,0.4782608695652174,206.07507460869564,0.0,0.0
20260708,desktop,Edge,Windows,46.0,32.0,0.6956521739130435,166.73791441304348,1.0,0.0
20260811,mobile,Chrome,Android,46.0,46.0,0.6521739130434783,131.2676748478261,2.0,0.0
20260812,mobile,Chrome,Android,46.0,46.0,0.2391304347826087,102.45511539130435,0.0,0.0
20260825,desktop,Edge,Windows,46.0,35.0,0.5652173913043478,150.70679404347825,0.0,0.0
20260914,mobile,Chrome,iOS,46.0,46.0,0.5434782608695652,51.17667595652174,1.0,0.0
20250920,desktop,Edge,Windows,45.0,21.0,0.8444444444444444,36.684469533333335,0.0,0.0
20250923,mobile,Safari,iOS,45.0,43.0,0.5111111111111111,15.994487577777777,1.0,0.0
20251010,mobile,Samsung Internet,Android,45.0,44.0,0.5555555555555556,85.90783486666668,0.0,0.0
20251214,desktop,Chrome,Windows,45.0,42.0,0.5777777777777777,82.43471328888889,0.0,0.0
20260128,desktop,Edge,Windows,45.0,29.0,0.6222222222222222,142.34736286666666,0.0,0.0
20260206,desktop,Edge,Windows,45.0,31.0,0.6666666666666666,101.92964875555556,1.0,0.0
20260219,desktop,Edge,Windows,45.0,27.0,0.6,130.0249944888889,0.0,0.0
20260219,mobile,Chrome,Android,45.0,44.0,0.4666666666666667,62.761520355555554,0.0,0.0
20260220,desktop,Edge,Windows,45.0,23.0,0.6222222222222222,53.390198600000005,0.0,0.0
20260310,mobile,Android Webview,Android,45.0,39.0,0.8444444444444444,13.526144711111112,8.0,0.0
20260318,mobile,Chrome,Android,45.0,44.0,0.6222222222222222,31.31542353333333,2.0,0.0
20260325,desktop,Edge,Windows,45.0,33.0,0.5111111111111111,92.96884773333333,1.0,0.0
20260327,mobile,Android Webview,Android,45.0,45.0,0.8,37.1077076,0.0,0.0
20260429,mobile,Android Webview,Android,45.0,45.0,0.7333333333333333,13.5170148,0.0,0.0
20260622,mobile,Chrome,Android,45.0,43.0,0.6222222222222222,52.87091282222222,0.0,0.0
20260813,mobile,Chrome,Android,45.0,43.0,0.5111111111111111,20.854679733333334,2.0,0.0
20260818,desktop,Edge,Windows,45.0,27.0,0.6,77.58836513333334,1.0,0.0
20260902,desktop,Edge,Windows,45.0,33.0,0.5777777777777777,145.56653806666665,0.0,0.0
20260910,desktop,Edge,Windows,45.0,29.0,0.6666666666666666,85.21742542222222,1.0,0.0
20250918,mobile,Safari,iOS,44.0,41.0,0.5227272727272727,62.75887827272727,0.0,0.0
20250920,desktop,Chrome,Windows,44.0,33.0,0.5909090909090909,78.91233186363637,0.0,0.0
20250928,desktop,Chrome,Windows,44.0,27.0,0.5454545454545454,90.19882959090909,0.0,0.0
20251031,mobile,Samsung Internet,Android,44.0,42.0,0.6136363636363636,159.79317579545454,0.0,0.0
20251102,desktop,Chrome,Windows,44.0,39.0,0.4318181818181818,131.51626363636365,0.0,0.0
20260111,mobile,Chrome,iOS,44.0,42.0,0.45454545454545453,48.013892113636366,0.0,0.0
20260116,desktop,Edge,Windows,44.0,33.0,0.5454545454545454,137.59847022727274,1.0,0.0
20260127,desktop,Edge,Windows,44.0,30.0,0.5909090909090909,101.95531302272725,0.0,0.0
20260129,mobile,Android Webview,Android,44.0,41.0,0.5909090909090909,65.56165081818182,9.0,0.0
20260227,mobile,Chrome,Android,44.0,43.0,0.4090909090909091,97.4897565909091,2.0,0.0
20260309,desktop,Edge,Windows,44.0,28.0,0.6136363636363636,135.6629925,1.0,0.0
20260317,desktop,Edge,Windows,44.0,30.0,0.7045454545454546,134.64695327272727,1.0,0.0
20260326,mobile,Chrome,Android,44.0,44.0,0.5909090909090909,46.53466634090909,2.0,0.0
20260607,desktop,Chrome,Windows,44.0,44.0,0.5681818181818182,51.62751029545454,1.0,0.0
20260623,desktop,Edge,Windows,44.0,26.0,0.6363636363636364,81.77160049999999,1.0,0.0
20260711,desktop,Chrome,Windows,44.0,43.0,0.6590909090909091,43.073145113636365,0.0,0.0
20260821,mobile,Chrome,Android,44.0,42.0,0.5909090909090909,40.33832886363637,2.0,0.0
20260826,desktop,Edge,Windows,44.0,31.0,0.5909090909090909,137.30096997727273,0.0,0.0
20260911,mobile,Chrome,iOS,44.0,41.0,0.5,92.76986797727272,0.0,0.0
20250922,mobile,Safari,iOS,43.0,39.0,0.4418604651162791,115.13265588372093,0.0,0.0
20251011,desktop,Edge,Windows,43.0,16.0,0.8372093023255814,51.69601037209302,0.0,0.0
20251030,mobile,Samsung Internet,Android,43.0,40.0,0.7906976744186046,49.83710574418605,0.0,0.0
20251103,mobile,Samsung Internet,Android,43.0,40.0,0.6976744186046512,47.751961,0.0,0.0
20260117,mobile,Android Webview,Android,43.0,40.0,0.5813953488372093,89.46596530232559,5.0,0.0
20260315,desktop,Chrome,Windows,43.0,33.0,0.5581395348837209,138.6974983488372,0.0,0.0
20260517,mobile,Chrome,iOS,43.0,42.0,0.5116279069767442,35.678295837209305,0.0,0.0
20260726,mobile,Chrome,iOS,43.0,40.0,0.627906976744186,50.67188934883721,0.0,0.0
20260817,desktop,Edge,Windows,43.0,26.0,0.6976744186046512,98.08742646511628,2.0,0.0
20260906,mobile,Chrome,iOS,43.0,42.0,0.6046511627906976,75.55588332558139,1.0,0.0
20250921,desktop,Chrome,Windows,42.0,25.0,0.47619047619047616,141.93874395238095,7.0,0.0
20251012,desktop,Chrome,Windows,42.0,23.0,0.6666666666666666,121.6037549761905,1.0,0.0
20251101,mobile,Chrome,iOS,42.0,42.0,0.7380952380952381,23.989768404761907,0.0,0.0
20251108,desktop,Chrome,Windows,42.0,31.0,0.5952380952380952,141.33867445238099,0.0,0.0
20260103,desktop,Chrome,Windows,42.0,38.0,0.42857142857142855,224.44208740476193,0.0,0.0
20260122,desktop,Edge,Windows,42.0,25.0,0.6904761904761905,48.69148378571429,0.0,0.0
20260124,mobile,Android Webview,Android,42.0,34.0,0.6904761904761905,43.988293523809524,4.0,0.0
20260202,desktop,Edge,Windows,42.0,30.0,0.6190476190476191,107.36369833333335,1.0,0.0
20260207,desktop,Chrome,Windows,42.0,29.0,0.6190476190476191,73.67902333333333,0.0,0.0
20260218,mobile,Chrome,Android,42.0,42.0,0.5476190476190477,45.30028342857143,4.0,0.0
20260304,mobile,Android Webview,Android,42.0,35.0,0.8809523809523809,15.403687785714286,0.0,0.0
20260411,mobile,Chrome,iOS,42.0,38.0,0.6428571428571429,16.036154571428572,0.0,0.0
20260510,mobile,Chrome,iOS,42.0,39.0,0.6666666666666666,29.245519857142853,2.0,0.0
20260612,mobile,Android Webview,Android,42.0,41.0,0.7142857142857143,16.13975988095238,0.0,0.0
20260624,desktop,Edge,Windows,42.0,26.0,0.5,95.77678566666667,1.0,0.0
20260626,desktop,Edge,Windows,42.0,28.0,0.5714285714285714,86.88570114285714,0.0,0.0
20260715,desktop,Edge,Windows,42.0,30.0,0.4523809523809524,186.03129661904762,0.0,0.0
20260722,mobile,Chrome,iOS,42.0,38.0,0.6190476190476191,120.96880502380951,0.0,0.0
20260727,mobile,Chrome,iOS,42.0,41.0,0.6190476190476191,48.10890704761904,0.0,0.0
20260820,mobile,Chrome,Android,42.0,40.0,0.5238095238095238,76.15011659523809,0.0,0.0
20260821,desktop,Edge,Windows,42.0,28.0,0.6428571428571429,148.5000577142857,0.0,0.0
20260831,mobile,Chrome,Android,42.0,42.0,0.42857142857142855,61.440034047619044,0.0,0.0
20260912,mobile,Android Webview,Android,42.0,32.0,0.7619047619047619,21.53842088095238,0.0,0.0
20251004,desktop,Chrome,Windows,41.0,28.0,0.6097560975609756,43.384728,0.0,0.0
20251012,desktop,Edge,Windows,41.0,18.0,0.7560975609756098,40.033768780487804,0.0,0.0
20251226,mobile,Android Webview,Android,41.0,36.0,0.7317073170731707,17.95291443902439,0.0,0.0
20260114,desktop,Edge,Windows,41.0,32.0,0.4878048780487805,176.23598587804878,1.0,0.0
20260306,desktop,Edge,Windows,41.0,24.0,0.7073170731707317,99.56959253658536,0.0,0.0
20260404,mobile,Chrome,iOS,41.0,38.0,0.5853658536585366,42.607822024390245,0.0,0.0
20260419,mobile,Chrome,iOS,41.0,39.0,0.5365853658536586,150.93805292682927,0.0,0.0
20260603,mobile,Chrome,iOS,41.0,36.0,0.7560975609756098,84.76781341463415,0.0,0.0
20260606,desktop,Chrome,Windows,41.0,37.0,0.5121951219512195,102.88815207317073,4.0,0.0
20260610,mobile,Chrome,iOS,41.0,40.0,0.5853658536585366,104.75184434146341,0.0,0.0
20260617,desktop,Edge,Windows,41.0,23.0,0.6097560975609756,25.046593365853656,0.0,0.0
20260710,desktop,Edge,Windows,41.0,28.0,0.5365853658536586,208.7451573902439,5.0,0.0
20260901,desktop,Edge,Windows,41.0,30.0,0.5121951219512195,205.99953234146344,1.0,0.0
20260907,desktop,Chrome,Windows,41.0,40.0,0.7073170731707317,19.576480731707317,0.0,0.0
20251027,mobile,Samsung Internet,Android,40.0,36.0,0.7,53.6519987,0.0,0.0
20260115,desktop,Edge,Windows,40.0,29.0,0.525,158.404664825,1.0,0.0
20260115,mobile,Android Webview,Android,40.0,37.0,0.8,20.086271599999996,0.0,0.0
20260205,mobile,Chrome,iOS,40.0,39.0,0.55,87.94256909999999,0.0,0.0
20260225,mobile,Chrome,Android,40.0,40.0,0.425,26.061319824999998,1.0,0.0
20260304,desktop,Edge,Windows,40.0,29.0,0.575,79.1451199,0.0,0.0
20260605,mobile,Chrome,iOS,40.0,36.0,0.625,73.580705075,0.0,0.0
20260915,desktop,Edge,Windows,40.0,28.0,0.575,163.3739174,0.0,0.0
20251016,desktop,Chrome,Linux,39.0,37.0,0.5897435897435898,117.50430887179489,1.0,0.0
20251017,mobile,Samsung Internet,Android,39.0,36.0,0.7948717948717948,18.878585948717948,0.0,0.0
20251230,mobile,Android Webview,Android,39.0,31.0,0.8205128205128205,15.411879794871794,0.0,0.0
20260116,mobile,Android Webview,Android,39.0,33.0,0.7948717948717948,20.555763615384617,0.0,0.0
20260119,mobile,Android Webview,Android,39.0,33.0,0.8717948717948718,2.824670769230769,1.0,0.0
20260126,mobile,Android Webview,Android,39.0,36.0,0.6153846153846154,67.60424023076924,1.0,0.0
20260206,mobile,Chrome,iOS,39.0,34.0,0.6666666666666666,54.03797430769231,0.0,0.0
20260301,desktop,Chrome,Windows,39.0,21.0,0.5897435897435898,99.22058307692308,0.0,0.0
20260304,mobile,Chrome,Android,39.0,38.0,0.5897435897435898,41.31087782051282,1.0,0.0
20260308,desktop,Chrome,Windows,39.0,30.0,0.5897435897435898,40.40543910256411,0.0,0.0
20260421,mobile,Chrome,iOS,39.0,38.0,0.6410256410256411,16.44418994871795,0.0,0.0
20260512,mobile,Chrome,iOS,39.0,37.0,0.6410256410256411,17.949571743589743,0.0,0.0
20260609,mobile,Chrome,iOS,39.0,38.0,0.46153846153846156,45.82711028205129,3.0,0.0
20260614,desktop,Chrome,Windows,39.0,34.0,0.48717948717948717,94.037069,0.0,0.0
20260616,desktop,Edge,Windows,39.0,24.0,0.48717948717948717,178.5726232307692,0.0,0.0
20260709,desktop,Edge,Windows,39.0,28.0,0.6410256410256411,139.9286965897436,1.0,0.0
20260723,mobile,Chrome,iOS,39.0,36.0,0.6923076923076923,28.63540387179487,0.0,0.0
20260904,mobile,Chrome,Android,39.0,38.0,0.48717948717948717,56.85810523076923,0.0,0.0
20260908,desktop,Edge,Windows,39.0,21.0,0.5897435897435898,178.50293105128205,0.0,0.0
20260909,desktop,Edge,Windows,39.0,22.0,0.6410256410256411,479.18088694871795,0.0,0.0
20251005,desktop,Edge,Windows,38.0,17.0,0.631578947368421,283.17929384210527,0.0,0.0
20260302,mobile,Chrome,Android,38.0,38.0,0.47368421052631576,80.97611939473684,2.0,0.0
20260313,mobile,Android Webview,Android,38.0,31.0,0.9210526315789473,5.314769210526316,0.0,0.0
20260426,mobile,Chrome,iOS,38.0,37.0,0.5789473684210527,39.83198792105263,1.0,0.0
20260508,mobile,Chrome,iOS,38.0,34.0,0.6052631578947368,25.69497063157895,0.0,0.0
20260624,mobile,Chrome,Android,38.0,37.0,0.42105263157894735,135.5753047894737,0.0,0.0
20260706,desktop,Edge,Windows,38.0,30.0,0.631578947368421,104.37781084210526,0.0,0.0
20260724,mobile,Chrome,iOS,38.0,35.0,0.6842105263157895,46.42628128947368,1.0,0.0
20260727,desktop,Edge,Windows,38.0,26.0,0.4473684210526316,167.46494492105262,0.0,0.0
20251110,mobile,Android Webview,Android,37.0,33.0,0.7027027027027027,7.71768445945946,1.0,0.0
20260101,desktop,Chrome,Windows,37.0,33.0,0.5945945945945946,75.86506418918918,0.0,0.0
20260110,mobile,Chrome,iOS,37.0,36.0,0.6216216216216216,62.12855086486486,0.0,0.0
20260131,desktop,Chrome,Windows,37.0,28.0,0.5945945945945946,90.51639267567568,0.0,0.0
20260222,desktop,Chrome,Windows,37.0,29.0,0.5945945945945946,60.69891413513513,0.0,0.0
20260223,desktop,Edge,Windows,37.0,26.0,0.6216216216216216,112.51800170270272,0.0,0.0
20260224,mobile,Chrome,Android,37.0,36.0,0.5675675675675675,101.49969675675675,2.0,0.0
20260225,desktop,Edge,Windows,37.0,22.0,0.8108108108108109,37.21891289189189,0.0,0.0
20260226,mobile,Chrome,Android,37.0,37.0,0.35135135135135137,65.51236672972972,2.0,0.0
20260319,desktop,Edge,Windows,37.0,24.0,0.5675675675675675,136.25730978378377,0.0,0.0
20260321,desktop,Chrome,Windows,37.0,28.0,0.5405405405405406,94.69154359459459,0.0,0.0
20260329,mobile,Android Webview,Android,37.0,37.0,0.8378378378378378,26.324069702702705,0.0,0.0
20260412,mobile,Chrome,iOS,37.0,37.0,0.5135135135135135,74.8326312972973,1.0,0.0
20260608,mobile,Chrome,iOS,37.0,37.0,0.5945945945945946,49.47210143243243,1.0,0.0
20260705,mobile,Android Webview,Android,37.0,37.0,0.43243243243243246,90.3135125945946,0.0,0.0
20260916,mobile,Chrome,iOS,37.0,36.0,0.5675675675675675,60.620363270270275,2.0,0.0
20250921,desktop,Edge,Windows,36.0,19.0,0.5833333333333334,45.015338944444444,1.0,0.0
20251018,mobile,Chrome,iOS,36.0,35.0,0.6111111111111112,14.565079388888888,0.0,0.0
20260112,mobile,Chrome,iOS,36.0,30.0,0.5555555555555556,50.619109305555554,0.0,0.0
20260118,desktop,Chrome,Windows,36.0,34.0,0.75,39.22054005555556,0.0,0.0
20260131,mobile,Android Webview,Android,36.0,30.0,0.6944444444444444,87.77833861111111,1.0,0.0
20260203,mobile,Android Webview,Android,36.0,34.0,0.5277777777777778,80.399495,1.0,0.0
20260208,desktop,Chrome,Windows,36.0,29.0,0.4722222222222222,124.09297099999998,0.0,0.0
20260210,mobile,Android Webview,Android,36.0,33.0,0.5277777777777778,61.188065277777774,0.0,0.0
20260223,mobile,Chrome,Android,36.0,34.0,0.75,21.406554694444445,0.0,0.0
20260307,mobile,Chrome,iOS,36.0,35.0,0.6666666666666666,54.52827297222222,0.0,0.0
20260310,desktop,Edge,Windows,36.0,23.0,0.5277777777777778,112.66113986111111,0.0,0.0
20260314,desktop,Chrome,Windows,36.0,28.0,0.5277777777777778,90.86080399999999,0.0,0.0
20260507,mobile,Chrome,iOS,36.0,36.0,0.5833333333333334,63.15908977777778,0.0,0.0
20260602,mobile,Chrome,iOS,36.0,34.0,0.6111111111111112,115.3847227222222,0.0,0.0
20260619,desktop,Edge,Windows,36.0,24.0,0.4166666666666667,109.4817525,0.0,0.0
20260629,desktop,Edge,Windows,36.0,23.0,0.6111111111111112,208.03780125,0.0,0.0
20260717,desktop,Edge,Windows,36.0,29.0,0.4444444444444444,104.08696883333333,0.0,0.0
20260802,mobile,Chrome,iOS,36.0,36.0,0.6944444444444444,25.936277027777777,0.0,0.0
20260828,desktop,Edge,Windows,36.0,23.0,0.5277777777777778,116.34758794444446,0.0,0.0
20260917,mobile,Chrome,Android,36.0,34.0,0.5277777777777778,59.626301833333336,0.0,0.0
20251019,desktop,Edge,Windows,35.0,19.0,0.8,115.46677825714286,5.0,0.0
20251025,mobile,Samsung Internet,Android,35.0,33.0,0.6857142857142857,68.03384777142857,0.0,0.0
20251123,mobile,Chrome,iOS,35.0,33.0,0.6,79.2019169142857,1.0,0.0
20260103,mobile,Android Webview,Android,35.0,35.0,0.42857142857142855,64.77476471428571,0.0,0.0
20260107,mobile,Chrome,iOS,35.0,32.0,0.5714285714285714,31.637862885714288,0.0,0.0
20260118,mobile,Android Webview,Android,35.0,33.0,0.6857142857142857,68.06138885714286,0.0,0.0
20260227,desktop,Edge,Windows,35.0,27.0,0.7714285714285715,37.56820371428571,0.0,0.0
20260305,desktop,Edge,Windows,35.0,25.0,0.5714285714285714,151.72594682857144,0.0,0.0
20260305,mobile,Android Webview,Android,35.0,29.0,0.8857142857142857,37.51251645714286,0.0,0.0
20260321,mobile,Android Webview,Android,35.0,29.0,0.7428571428571429,16.501388,3.0,0.0
20260425,mobile,Chrome,iOS,35.0,32.0,0.6285714285714286,43.05263491428571,1.0,0.0
20260502,mobile,Android Webview,Android,35.0,35.0,0.2857142857142857,117.40501122857144,0.0,0.0
20260516,mobile,Chrome,iOS,35.0,35.0,0.6,28.667457857142857,1.0,0.0
20260524,desktop,Chrome,Windows,35.0,34.0,0.45714285714285713,168.57593502857142,0.0,0.0
20260611,mobile,Chrome,iOS,35.0,35.0,0.5714285714285714,73.408308,0.0,0.0
20260629,mobile,Chrome,Android,35.0,35.0,0.6,17.755107057142855,2.0,0.0
20260722,desktop,Edge,Windows,35.0,24.0,0.6857142857142857,118.12557662857144,0.0,0.0
20260813,desktop,Edge,Windows,35.0,24.0,0.5428571428571428,170.06081177142858,1.0,0.0
20251221,mobile,Chrome,iOS,34.0,32.0,0.4411764705882353,60.897650852941176,3.0,0.0
20260103,mobile,Chrome,iOS,34.0,31.0,0.6176470588235294,30.88967547058823,0.0,0.0
20260110,desktop,Chrome,Windows,34.0,31.0,0.6176470588235294,69.74908852941176,2.0,0.0
20260117,mobile,Chrome,iOS,34.0,32.0,0.5,35.691488529411764,2.0,0.0
20260130,desktop,Edge,Windows,34.0,19.0,0.7058823529411765,74.14181605882352,0.0,0.0
20260204,mobile,Android Webview,Android,34.0,30.0,0.7647058823529411,56.38999491176471,1.0,0.0
20260209,desktop,Edge,Windows,34.0,21.0,0.6764705882352942,149.0062875,0.0,0.0
20260221,desktop,Edge,Windows,34.0,19.0,0.5588235294117647,94.11082970588235,1.0,0.0
20260309,mobile,Android Webview,Android,34.0,31.0,0.7058823529411765,23.349217352941178,0.0,0.0
20260412,desktop,Chrome,Windows,34.0,32.0,0.47058823529411764,166.42866211764706,1.0,0.0
20260721,desktop,Edge,Windows,34.0,22.0,0.6470588235294118,135.50407623529412,0.0,0.0
20260728,mobile,Chrome,iOS,34.0,33.0,0.5294117647058824,30.097825088235293,0.0,0.0
20260729,mobile,Chrome,iOS,34.0,32.0,0.7058823529411765,53.29186835294118,0.0,0.0
20260827,desktop,Edge,Windows,34.0,25.0,0.5294117647058824,131.9523780882353,0.0,0.0
20251129,mobile,Android Webview,Android,33.0,30.0,0.5757575757575758,78.63941093939393,0.0,0.0
20251201,mobile,Android Webview,Android,33.0,32.0,0.696969696969697,96.1044946969697,0.0,0.0
20251213,desktop,Chrome,Windows,33.0,31.0,0.36363636363636365,170.70768524242425,3.0,0.0
20260127,mobile,Android Webview,Android,33.0,31.0,0.5454545454545454,98.65632254545454,2.0,0.0
20260128,mobile,Android Webview,Android,33.0,31.0,0.5757575757575758,79.81642563636365,0.0,0.0
20260204,desktop,Edge,Windows,33.0,21.0,0.6060606060606061,70.64265972727273,0.0,0.0
20260228,mobile,Android Webview,Android,33.0,20.0,0.7878787878787878,41.45822278787878,9.0,0.0
20260531,mobile,Chrome,iOS,33.0,33.0,0.6060606060606061,76.62941966666666,0.0,0.0
20260612,mobile,Chrome,iOS,33.0,33.0,0.5151515151515151,35.20093824242424,0.0,0.0
20260627,mobile,Chrome,iOS,33.0,31.0,0.6060606060606061,41.814480333333336,0.0,0.0
20260718,desktop,Chrome,Windows,33.0,29.0,0.6363636363636364,103.47224087878789,0.0,0.0
20260804,desktop,Edge,Windows,33.0,23.0,0.6060606060606061,138.58025736363635,0.0,0.0
20260808,mobile,Chrome,iOS,33.0,32.0,0.6060606060606061,101.4635635151515,1.0,0.0
20260816,desktop,Chrome,Windows,33.0,30.0,0.5151515151515151,139.08883106060608,0.0,0.0
20260905,desktop,Chrome,Windows,33.0,32.0,0.6666666666666666,3492.760059333333,0.0,0.0
20260916,desktop,Edge,Windows,33.0,17.0,0.5151515151515151,386.421830030303,1.0,0.0
20251019,desktop,Chrome,Windows,32.0,24.0,0.625,51.35124359375,0.0,0.0
20251105,mobile,Safari (in-app),iOS,32.0,32.0,0.8125,9.08570053125,0.0,0.0
20251123,desktop,Chrome,Windows,32.0,29.0,0.375,215.5157923125,1.0,0.0
20251129,desktop,Chrome,Windows,32.0,31.0,0.625,43.511066375,0.0,0.0
20251207,mobile,Android Webview,Android,32.0,31.0,0.65625,34.8891691875,0.0,0.0
20251220,desktop,Chrome,Windows,32.0,30.0,0.4375,239.0118699375,0.0,0.0
20260113,mobile,Chrome,iOS,32.0,31.0,0.4375,178.94289040625,1.0,0.0
20260208,mobile,Android Webview,Android,32.0,30.0,0.71875,69.19789940625,0.0,0.0
20260209,mobile,Android Webview,Android,32.0,29.0,0.59375,128.85135940625,0.0,0.0
20260222,mobile,Android Webview,Android,32.0,22.0,0.6875,107.55818753125,5.0,0.0
20260226,mobile,Android Webview,Android,32.0,28.0,0.625,131.43466818750002,26.0,0.0
20260302,desktop,Edge,Windows,32.0,21.0,0.46875,54.374084343750006,0.0,0.0
20260308,desktop,Edge,Windows,32.0,17.0,0.78125,84.73320593749999,0.0,0.0
20260316,mobile,Chrome,Android,32.0,32.0,0.4375,41.58886775,0.0,0.0
20260330,mobile,Android Webview,Android,32.0,32.0,0.90625,7.12371465625,0.0,0.0
20260516,desktop,Chrome,Linux,32.0,32.0,1.0,0.25513696875,0.0,0.0
20260628,desktop,Chrome,Windows,32.0,29.0,0.5625,73.961141625,0.0,0.0
20260719,mobile,Chrome,iOS,32.0,31.0,0.84375,11.435762375000001,0.0,0.0
20260720,mobile,Chrome,iOS,32.0,32.0,0.65625,28.453221125,0.0,0.0
20260721,mobile,Chrome,iOS,32.0,29.0,0.59375,97.5994469375,0.0,0.0
20260802,desktop,Chrome,Windows,32.0,30.0,0.71875,54.00781109375,0.0,0.0
20260811,desktop,Edge,Windows,32.0,22.0,0.625,112.94644928125001,0.0,0.0
20260820,desktop,Edge,Windows,32.0,22.0,0.71875,93.666214125,0.0,0.0
20260914,desktop,Edge,Windows,32.0,25.0,0.65625,44.88175646875,0.0,0.0
20251021,mobile,Samsung Internet,Android,31.0,31.0,0.5806451612903226,66.48622748387096,2.0,0.0
20251025,mobile,Chrome,iOS,31.0,29.0,0.6129032258064516,106.62495125806451,0.0,0.0
20251109,desktop,Edge,Windows,31.0,18.0,0.7741935483870968,28.087505903225807,1.0,0.0
20251130,mobile,Android Webview,Android,31.0,29.0,0.5806451612903226,81.12182932258065,0.0,0.0
20251224,desktop,Chrome,Windows,31.0,29.0,0.3548387096774194,143.08232893548387,3.0,0.0
20251229,mobile,Chrome,iOS,31.0,30.0,0.5806451612903226,59.86979325806451,0.0,0.0
20260104,mobile,Chrome,iOS,31.0,31.0,0.5161290322580645,69.094406,1.0,0.0
20260218,desktop,Edge,Windows,31.0,21.0,0.6451612903225806,121.19449280645162,0.0,0.0
20260308,mobile,Chrome,iOS,31.0,29.0,0.45161290322580644,110.7926983548387,1.0,0.0
20260313,desktop,Edge,Windows,31.0,19.0,0.6129032258064516,147.43192461290323,0.0,0.0
20260505,mobile,Chrome,iOS,31.0,28.0,0.6451612903225806,16.462683193548386,1.0,0.0
20260512,mobile,Android Webview,Android,31.0,31.0,0.7741935483870968,18.40325219354839,0.0,0.0
20260523,desktop,Chrome,Windows,31.0,30.0,0.3548387096774194,211.5500442580645,0.0,0.0
20260716,desktop,Edge,Windows,31.0,22.0,0.5161290322580645,79.1747230967742,0.0,0.0
20260815,desktop,Chrome,Windows,31.0,25.0,0.41935483870967744,172.4608421935484,0.0,0.0
20260822,mobile,Android Webview,Android,31.0,28.0,0.6774193548387096,4.549893967741935,0.0,0.0
20260824,desktop,Edge,Windows,31.0,20.0,0.6129032258064516,40.565459,0.0,0.0
20260830,desktop,Chrome,Windows,31.0,30.0,0.5806451612903226,172.57044938709677,2.0,0.0
20260903,desktop,Edge,Windows,31.0,19.0,0.7741935483870968,80.92907029032258,0.0,0.0
20251004,desktop,Edge,Windows,30.0,14.0,0.6333333333333333,42.679739166666664,0.0,0.0
20251024,mobile,Samsung Internet,Android,30.0,30.0,0.6666666666666666,90.4158838,0.0,0.0
20251221,desktop,Chrome,Windows,30.0,27.0,0.5333333333333333,106.96588243333333,0.0,0.0
20260104,desktop,Chrome,Windows,30.0,26.0,0.36666666666666664,58.52280376666667,0.0,0.0
20260118,mobile,Chrome,iOS,30.0,28.0,0.6,24.92071363333333,0.0,0.0
20260129,desktop,Edge,Windows,30.0,21.0,0.6,150.32605479999998,0.0,0.0
20260202,mobile,Chrome,iOS,30.0,28.0,0.7333333333333333,36.9146726,0.0,0.0
20260213,desktop,Edge,Windows,30.0,20.0,0.6666666666666666,116.01058303333335,2.0,0.0
20260214,mobile,Android Webview,Android,30.0,24.0,0.8,17.223038233333334,0.0,0.0
20260224,desktop,Edge,Windows,30.0,16.0,0.6333333333333333,204.949679,0.0,0.0
20260314,desktop,Edge,Windows,30.0,18.0,0.6666666666666666,129.43353766666667,0.0,0.0
20260315,mobile,Android Webview,Android,30.0,28.0,0.8333333333333334,91.20547756666666,0.0,0.0
20260426,desktop,Chrome,Windows,30.0,29.0,0.4666666666666667,121.13506833333332,0.0,0.0
20260509,desktop,Chrome,Windows,30.0,28.0,0.5,43.27745566666667,0.0,0.0
20260614,mobile,Chrome,iOS,30.0,29.0,0.5333333333333333,104.36970273333333,0.0,0.0
20260703,desktop,Edge,Windows,30.0,23.0,0.43333333333333335,282.9918696666667,0.0,0.0
20260806,desktop,Edge,Windows,30.0,20.0,0.6666666666666666,52.36317553333333,1.0,0.0
20260904,desktop,Edge,Windows,30.0,21.0,0.7666666666666667,52.26107113333333,0.0,0.0
20250918,desktop,Mozilla Compatible Agent,Macintosh,29.0,29.0,0.9655172413793104,1.626646275862069,0.0,0.0
20251023,mobile,Samsung Internet,Android,29.0,29.0,0.6551724137931034,71.20741044827585,0.0,0.0
20251102,mobile,Chrome,iOS,29.0,29.0,0.7241379310344828,35.606444,0.0,0.0
20251115,mobile,Chrome,iOS,29.0,27.0,0.5172413793103449,41.3205125862069,0.0,0.0
20251125,desktop,Edge,Windows,29.0,23.0,0.3793103448275862,276.991509862069,0.0,0.0
20251225,mobile,Chrome,iOS,29.0,29.0,0.6896551724137931,23.800820103448277,0.0,0.0
20251228,mobile,Chrome,iOS,29.0,28.0,0.41379310344827586,23.54640844827586,0.0,0.0
20251230,mobile,Chrome,iOS,29.0,28.0,0.4482758620689655,420.4633396896552,0.0,0.0
20260121,mobile,Android Webview,Android,29.0,22.0,0.7931034482758621,60.10441751724138,5.0,0.0
20260125,mobile,Android Webview,Android,29.0,27.0,0.7931034482758621,28.808768827586206,1.0,0.0
20260126,desktop,Edge,Windows,29.0,22.0,0.4827586206896552,147.9062325172414,0.0,0.0
20260211,desktop,Edge,Windows,29.0,21.0,0.5862068965517241,115.63163013793104,0.0,0.0
20260322,desktop,Chrome,Windows,29.0,24.0,0.5862068965517241,160.77957899999998,1.0,0.0
20260329,mobile,Chrome,iOS,29.0,27.0,0.6206896551724138,59.44011172413793,0.0,0.0
20260501,desktop,Chrome,Windows,29.0,28.0,0.3793103448275862,33.95346613793103,1.0,0.0
20260503,desktop,Chrome,Windows,29.0,29.0,0.3793103448275862,289.71103410344824,2.0,0.0
20260504,mobile,Chrome,iOS,29.0,28.0,0.5172413793103449,213.62536596551726,0.0,0.0
20260525,mobile,Chrome,iOS,29.0,29.0,0.7241379310344828,69.34572993103448,1.0,0.0
20260613,mobile,Chrome,iOS,29.0,27.0,0.5862068965517241,67.78584879310344,1.0,0.0
20260615,mobile,Android Webview,Android,29.0,20.0,0.6551724137931034,32.535744689655175,1.0,0.0
20260709,mobile,Chrome,Android,29.0,27.0,0.4482758620689655,218.08430117241377,1.0,0.0
20260710,mobile,Chrome,iOS,29.0,25.0,0.7241379310344828,26.55057006896552,0.0,0.0
20260711,mobile,Android Webview,Android,29.0,27.0,0.4827586206896552,101.60299596551724,2.0,0.0
20260713,mobile,Chrome,iOS,29.0,26.0,0.5517241379310345,66.81570875862069,0.0,0.0
20260716,mobile,Chrome,iOS,29.0,28.0,0.8275862068965517,11.940782551724137,0.0,0.0
20260718,mobile,Android Webview,Android,29.0,27.0,0.5862068965517241,85.713696,1.0,0.0
20260718,mobile,Chrome,iOS,29.0,28.0,0.5172413793103449,110.74957762068966,0.0,0.0
20260724,desktop,Edge,Windows,29.0,21.0,0.5862068965517241,48.23625334482759,3.0,0.0
20260731,mobile,Chrome,iOS,29.0,28.0,0.5862068965517241,59.10970089655173,1.0,0.0
20260814,mobile,Chrome,iOS,29.0,29.0,0.5172413793103449,60.01630889655172,0.0,0.0
20260829,mobile,Chrome,iOS,29.0,29.0,0.3448275862068966,82.69469486206896,0.0,0.0
20251023,desktop,Edge,Windows,28.0,23.0,0.6071428571428571,103.62439675,0.0,0.0
20251130,mobile,Safari (in-app),iOS,28.0,28.0,0.5714285714285714,18.35649807142857,3.0,0.0
20251208,desktop,Edge,Windows,28.0,21.0,0.5714285714285714,214.56527646428572,1.0,0.0
20251216,desktop,Edge,Windows,28.0,27.0,0.35714285714285715,124.28681549999999,1.0,0.0
20251217,desktop,Edge,Windows,28.0,24.0,0.32142857142857145,182.15254292857142,3.0,0.0
20251227,mobile,Chrome,iOS,28.0,26.0,0.6071428571428571,85.22529303571427,2.0,0.0
20260115,mobile,Chrome,iOS,28.0,26.0,0.6785714285714286,56.32180714285714,0.0,0.0
20260124,desktop,Chrome,Windows,28.0,21.0,0.5357142857142857,52.36994042857143,0.0,0.0
20260214,desktop,Chrome,Windows,28.0,22.0,0.39285714285714285,126.274598,0.0,0.0
20260223,mobile,Android Webview,Android,28.0,18.0,0.7142857142857143,153.7918195,2.0,0.0
20260317,mobile,Android Webview,Android,28.0,23.0,0.7142857142857143,24.261359642857144,2.0,0.0
20260328,mobile,Chrome,iOS,28.0,25.0,0.5714285714285714,61.80360639285715,0.0,0.0
20260403,mobile,Chrome,iOS,28.0,28.0,0.6071428571428571,16.29185707142857,0.0,0.0
20260411,desktop,Chrome,Windows,28.0,26.0,0.4642857142857143,244.87128639285714,3.0,0.0
20260517,desktop,Chrome,Windows,28.0,26.0,0.5714285714285714,144.41380025,0.0,0.0
20260531,desktop,Chrome,Windows,28.0,25.0,0.4642857142857143,84.43495371428571,0.0,0.0
20260620,desktop,Chrome,Windows,28.0,28.0,0.4642857142857143,98.64567642857142,1.0,0.0
20260628,mobile,Chrome,iOS,28.0,27.0,0.7142857142857143,9.351115428571429,0.0,0.0
20260707,desktop,Edge,Windows,28.0,21.0,0.5,145.01760907142858,0.0,0.0
20260717,mobile,Chrome,iOS,28.0,27.0,0.4642857142857143,87.64749260714287,0.0,0.0
20260906,desktop,Chrome,Windows,28.0,26.0,0.5,56.01150053571428,0.0,0.0
20250928,desktop,Edge,Windows,27.0,15.0,0.7407407407407407,55.070517074074075,0.0,0.0
20251002,desktop,Mozilla Compatible Agent,Macintosh,27.0,27.0,0.8518518518518519,4.6803318148148145,1.0,0.0
20251016,mobile,Chrome,iOS,27.0,27.0,0.6666666666666666,7.3014722962962955,0.0,0.0
20251024,mobile,Chrome,iOS,27.0,27.0,0.3333333333333333,151.62504151851851,2.0,0.0
20251025,desktop,Chrome,Windows,27.0,25.0,0.3333333333333333,126.81288299999999,1.0,0.0
20251105,mobile,Android Webview,Android,27.0,25.0,0.5925925925925926,114.97405685185186,1.0,0.0
20251115,desktop,Chrome,Windows,27.0,27.0,0.2962962962962963,296.90428474074076,0.0,0.0
20251127,mobile,Samsung Internet,Android,27.0,20.0,0.2962962962962963,208.98583725925928,0.0,0.0
20251130,mobile,Chrome,iOS,27.0,27.0,0.3333333333333333,135.8869867037037,1.0,0.0
20260102,mobile,Chrome,iOS,27.0,27.0,0.48148148148148145,105.42348885185184,0.0,0.0
20260107,mobile,Safari (in-app),iOS,27.0,27.0,1.0,0.0,0.0,0.0
20260121,desktop,Edge,Windows,27.0,19.0,0.6296296296296297,139.40513655555554,0.0,0.0
20260202,mobile,Android Webview,Android,27.0,24.0,0.6666666666666666,18.43467574074074,0.0,0.0
20260213,mobile,Android Webview,Android,27.0,24.0,0.5555555555555556,143.41620755555556,0.0,0.0
20260216,mobile,Chrome,iOS,27.0,27.0,0.5555555555555556,119.13261311111111,1.0,0.0
20260224,mobile,Android Webview,Android,27.0,15.0,0.5555555555555556,24.44654514814815,9.0,0.0
20260301,mobile,Chrome,iOS,27.0,26.0,0.4444444444444444,21.56640940740741,0.0,0.0
20260307,desktop,Edge,Windows,27.0,11.0,0.7037037037037037,61.10844407407407,0.0,0.0
20260319,mobile,Android Webview,Android,27.0,26.0,0.7777777777777778,61.62470837037037,2.0,0.0
20260405,desktop,Chrome,Windows,27.0,25.0,0.2962962962962963,113.74211422222223,2.0,0.0
20260405,mobile,Chrome,iOS,27.0,27.0,0.48148148148148145,20.49778544444445,0.0,0.0
20260418,mobile,Chrome,iOS,27.0,27.0,0.6296296296296297,38.96966855555556,0.0,0.0
20260506,mobile,Chrome,iOS,27.0,27.0,0.5555555555555556,75.3259052962963,0.0,0.0
20260513,mobile,Chrome,iOS,27.0,24.0,0.4444444444444444,73.61528607407408,0.0,0.0
20260518,desktop,Edge,Windows,27.0,25.0,0.3333333333333333,126.96353196296296,0.0,0.0
20260523,mobile,Chrome,iOS,27.0,27.0,0.4444444444444444,80.45355107407407,0.0,0.0
20260525,desktop,Edge,Windows,27.0,21.0,0.4444444444444444,164.05357951851855,3.0,0.0
20260601,desktop,Edge,Windows,27.0,24.0,0.3333333333333333,86.81729870370371,1.0,0.0
20260620,desktop,Edge,Windows,27.0,14.0,0.7777777777777778,74.94922807407407,0.0,0.0
20260621,desktop,Edge,Windows,27.0,17.0,0.48148148148148145,139.38461877777777,0.0,0.0
20260803,desktop,Edge,Windows,27.0,20.0,0.4444444444444444,182.5851803333333,1.0,0.0
20260809,mobile,Chrome,iOS,27.0,25.0,0.6666666666666666,38.347983629629624,0.0,0.0
20260814,desktop,Edge,Windows,27.0,19.0,0.5925925925925926,135.835525,1.0,0.0
20250927,tablet,Android Webview,Android,26.0,21.0,0.7307692307692307,36.186702999999994,0.0,0.0
20250928,mobile,Chrome,iOS,26.0,26.0,0.34615384615384615,76.47989803846154,0.0,0.0
20251012,mobile,Chrome,iOS,26.0,26.0,0.34615384615384615,36.91746207692308,0.0,0.0
20251017,desktop,Edge,Windows,26.0,21.0,0.5769230769230769,38.12738588461538,3.0,0.0
20251019,mobile,Chrome,iOS,26.0,24.0,0.6153846153846154,67.88472103846154,0.0,0.0
20251020,desktop,Chrome,Linux,26.0,25.0,0.7307692307692307,8.565787115384616,0.0,0.0
20251109,desktop,Chrome,Windows,26.0,18.0,0.5769230769230769,141.82173515384613,0.0,0.0
20251120,mobile,Chrome,iOS,26.0,26.0,0.38461538461538464,36.82182519230769,0.0,0.0
20251207,desktop,Chrome,Windows,26.0,25.0,0.3076923076923077,171.86041307692307,0.0,0.0
20251218,desktop,Edge,Windows,26.0,21.0,0.4230769230769231,228.52863088461538,1.0,0.0
20260104,mobile,Safari (in-app),iOS,26.0,26.0,0.8461538461538461,3.1859053846153844,0.0,0.0
20260108,mobile,Chrome,iOS,26.0,25.0,0.38461538461538464,639.7639654615384,0.0,0.0
20260112,desktop,Chrome,Macintosh,26.0,18.0,0.38461538461538464,491.4060741153846,2.0,0.0
20260113,mobile,Safari (in-app),iOS,26.0,25.0,0.8461538461538461,12.906115192307693,0.0,0.0
20260121,mobile,Chrome,iOS,26.0,25.0,0.6538461538461539,45.31917723076923,0.0,0.0
20260123,desktop,Edge,Windows,26.0,20.0,0.4230769230769231,168.70647338461538,0.0,0.0
20260203,desktop,Edge,Windows,26.0,21.0,0.5769230769230769,164.15739753846154,0.0,0.0
20260204,mobile,Chrome,iOS,26.0,26.0,0.6153846153846154,60.8873625,0.0,0.0
20260205,desktop,Edge,Windows,26.0,18.0,0.6153846153846154,127.97618273076922,0.0,0.0
20260215,mobile,Chrome,iOS,26.0,23.0,0.5,60.917800807692316,1.0,0.0
20260218,mobile,Android Webview,Android,26.0,22.0,0.7307692307692307,89.84934103846155,1.0,0.0
20260219,mobile,Android Webview,Android,26.0,23.0,0.6923076923076923,88.17067761538463,1.0,0.0
20260221,mobile,Android Webview,Android,26.0,24.0,0.8461538461538461,12.88935276923077,1.0,0.0
20260227,mobile,Android Webview,Android,26.0,24.0,0.8076923076923077,38.205072615384616,1.0,0.0
20260310,mobile,Chrome,iOS,26.0,24.0,0.5769230769230769,52.512099346153846,0.0,0.0
20260315,mobile,Chrome,iOS,26.0,25.0,0.6153846153846154,54.49655807692307,0.0,0.0
20260417,mobile,Chrome,iOS,26.0,25.0,0.6923076923076923,48.29423715384616,0.0,0.0
20260428,mobile,Chrome,iOS,26.0,25.0,0.4230769230769231,23.198640500000003,0.0,0.0
20260511,desktop,Edge,Windows,26.0,20.0,0.5,162.9061123846154,2.0,0.0
20260527,desktop,Edge,Windows,26.0,18.0,0.5769230769230769,175.63124976923078,3.0,0.0
20260608,desktop,Edge,Windows,26.0,23.0,0.4230769230769231,172.0744321923077,0.0,0.0
20260613,desktop,Chrome,Windows,26.0,23.0,0.6153846153846154,132.35920203846155,1.0,0.0
20260616,mobile,Android Webview,Android,26.0,23.0,0.6538461538461539,97.31960457692307,2.0,0.0
20260617,mobile,Android Webview,Android,26.0,23.0,0.6923076923076923,66.95383603846155,0.0,0.0
20260723,desktop,Edge,Windows,26.0,19.0,0.6923076923076923,186.39017411538458,0.0,0.0
20260730,desktop,Edge,Windows,26.0,20.0,0.5769230769230769,115.42313084615385,0.0,0.0
20260803,mobile,Chrome,iOS,26.0,24.0,0.8076923076923077,15.033036038461537,0.0,0.0
20260805,mobile,Chrome,iOS,26.0,22.0,0.5384615384615384,39.563589923076925,0.0,0.0
20260807,desktop,Edge,Windows,26.0,19.0,0.7307692307692307,66.10362361538462,0.0,0.0
20260810,desktop,Edge,Windows,26.0,21.0,0.5,140.55270023076923,0.0,0.0
20260822,mobile,Chrome,iOS,26.0,22.0,0.5,132.07001442307694,0.0,0.0
20251022,mobile,Samsung Internet,Android,25.0,25.0,0.76,85.81218199999999,0.0,0.0
20251031,mobile,Chrome,iOS,25.0,25.0,0.8,6.692443159999999,0.0,0.0
20251127,desktop,Edge,Windows,25.0,17.0,0.4,153.25724775999998,1.0,0.0
20251202,desktop,Edge,Windows,25.0,23.0,0.44,35.50582996,0.0,0.0
20251205,desktop,Edge,Windows,25.0,17.0,0.52,305.31974840000004,0.0,0.0
20251218,mobile,Chrome,iOS,25.0,22.0,0.52,38.080433400000004,0.0,0.0
20251228,desktop,Chrome,Windows,25.0,24.0,0.48,35.19265368,0.0,0.0
20260106,mobile,Chrome,iOS,25.0,23.0,0.64,27.716360320000003,0.0,0.0
20260203,mobile,Chrome,iOS,25.0,24.0,0.56,98.17484248,0.0,0.0
20260205,mobile,Android Webview,Android,25.0,25.0,0.6,88.4763026,1.0,0.0
20260210,desktop,Edge,Windows,25.0,16.0,0.56,327.81410539999996,2.0,0.0
20260212,mobile,Android Webview,Android,25.0,24.0,0.72,48.98819892,1.0,0.0
20260314,mobile,Chrome,iOS,25.0,23.0,0.68,34.14606652,0.0,0.0
20260322,mobile,Android Webview,Android,25.0,18.0,0.76,61.90656043999999,1.0,0.0
20260410,mobile,Chrome,iOS,25.0,25.0,0.68,17.36292984,0.0,0.0
20260427,mobile,Chrome,iOS,25.0,24.0,0.6,27.224587919999998,0.0,0.0
20260510,desktop,Chrome,Windows,25.0,25.0,0.52,153.57949244,0.0,0.0
20260525,desktop,Chrome,Linux,25.0,23.0,0.52,12.5037996,0.0,0.0
20260530,mobile,Chrome,iOS,25.0,24.0,0.4,78.63533616000001,0.0,0.0
20260621,desktop,Chrome,Windows,25.0,24.0,0.44,109.1859204,0.0,0.0
20260622,mobile,Chrome,iOS,25.0,22.0,0.68,69.03411408,0.0,0.0
20260626,mobile,Chrome,iOS,25.0,24.0,0.56,64.57453176,1.0,0.0
20260706,mobile,Chrome,iOS,25.0,24.0,0.72,43.761914880000006,0.0,0.0
20260725,mobile,Chrome,iOS,25.0,24.0,0.52,29.706816399999997,0.0,0.0
20260812,desktop,Edge,Windows,25.0,21.0,0.6,226.51814548,0.0,0.0
20251029,mobile,Chrome,iOS,24.0,24.0,0.5833333333333334,17.045358375,1.0,0.0
20251105,mobile,Samsung Internet,Android,24.0,24.0,0.7916666666666666,31.319878583333335,0.0,0.0
20251122,mobile,Chrome,iOS,24.0,21.0,0.5,104.76534283333332,0.0,0.0
20251124,desktop,Edge,Windows,24.0,17.0,0.4166666666666667,195.235353,0.0,0.0
20251127,mobile,Safari (in-app),iOS,24.0,24.0,0.625,50.29982808333333,0.0,0.0
20251129,mobile,Safari (in-app),iOS,24.0,24.0,0.75,88.66299120833332,1.0,0.0
20251201,desktop,Edge,Windows,24.0,19.0,0.5833333333333334,62.406815,1.0,0.0
20251203,desktop,Edge,Windows,24.0,20.0,0.5416666666666666,95.44275608333334,0.0,0.0
20251227,desktop,Chrome,Windows,24.0,23.0,0.4583333333333333,123.10263816666668,4.0,0.0
20260112,desktop,Edge,Windows,24.0,21.0,0.5833333333333334,36.995553208333334,1.0,0.0
20260114,mobile,Chrome,iOS,24.0,24.0,0.4583333333333333,66.05337329166666,0.0,0.0
20260120,mobile,Android Webview,Android,24.0,22.0,0.8333333333333334,4.649643291666667,0.0,0.0
20260207,mobile,Android Webview,Android,24.0,23.0,0.6666666666666666,122.03883341666666,2.0,0.0
20260208,desktop,Edge,Windows,24.0,12.0,0.5416666666666666,157.53699766666668,0.0,0.0
20260216,mobile,Android Webview,Android,24.0,20.0,0.75,40.46188145833333,0.0,0.0
20260217,mobile,Chrome,iOS,24.0,22.0,0.4166666666666667,48.16063079166667,1.0,0.0
20260228,mobile,Chrome,iOS,24.0,23.0,0.5,44.719052250000004,0.0,0.0
20260316,mobile,Android Webview,Android,24.0,19.0,0.9583333333333334,59.76638141666666,0.0,0.0
20260321,mobile,Chrome,iOS,24.0,23.0,0.5,132.88357749999997,1.0,0.0
20260401,desktop,Edge,Windows,24.0,24.0,0.25,252.92916083333333,3.0,0.0
20260507,desktop,Edge,Windows,24.0,19.0,0.75,35.2505155,0.0,0.0
20260511,mobile,Chrome,iOS,24.0,24.0,0.375,73.01677395833333,0.0,0.0
20260512,desktop,Edge,Windows,24.0,22.0,0.375,146.17261875,1.0,0.0
20260529,desktop,Edge,Windows,24.0,17.0,0.4166666666666667,137.874757875,0.0,0.0
20260601,mobile,Chrome,iOS,24.0,22.0,0.6666666666666666,131.01702345833334,0.0,0.0
20260602,desktop,Edge,Windows,24.0,22.0,0.4583333333333333,136.812329625,0.0,0.0
20260624,mobile,Android Webview,Android,24.0,21.0,0.6666666666666666,78.930629625,2.0,0.0
20260714,desktop,Mozilla Compatible Agent,Macintosh,24.0,24.0,0.9583333333333334,1.9997124166666669,0.0,0.0
20260715,mobile,Chrome,iOS,24.0,23.0,0.5833333333333334,49.25244008333333,0.0,0.0
20260805,desktop,Edge,Windows,24.0,19.0,0.5,41.44373616666667,0.0,0.0
20260812,mobile,Chrome,iOS,24.0,23.0,0.5416666666666666,100.46184358333333,0.0,0.0
20260829,desktop,Chrome,Windows,24.0,22.0,0.7083333333333334,56.850257375000005,1.0,0.0
20260831,desktop,Mozilla Compatible Agent,Macintosh,24.0,24.0,1.0,1.7174376249999999,0.0,0.0
20250927,mobile,Samsung Internet,Android,23.0,21.0,0.782608695652174,9.808377434782608,0.0,0.0
20250928,tablet,Android Webview,Android,23.0,19.0,0.782608695652174,48.05574413043478,0.0,0.0
20251028,mobile,Chrome,iOS,23.0,23.0,0.6956521739130435,45.9188907826087,0.0,0.0
20251028,mobile,Samsung Internet,Android,23.0,22.0,0.8260869565217391,113.40263991304347,0.0,0.0
20251029,mobile,Samsung Internet,Android,23.0,23.0,0.5217391304347826,102.06050460869565,0.0,0.0
20251108,desktop,Edge,Windows,23.0,10.0,0.8695652173913043,100.86223191304347,0.0,0.0
20251129,mobile,Chrome,iOS,23.0,22.0,0.5652173913043478,51.497120521739134,0.0,0.0
20251202,mobile,Android Webview,Android,23.0,23.0,0.782608695652174,6.273152347826087,0.0,0.0
20251222,mobile,Chrome,iOS,23.0,22.0,0.4782608695652174,23.89368704347826,0.0,0.0
20260118,desktop,Edge,Windows,23.0,12.0,0.7391304347826086,50.606376913043476,0.0,0.0
20260122,mobile,Chrome,iOS,23.0,23.0,0.5217391304347826,31.354394347826087,1.0,0.0
20260206,mobile,Android Webview,Android,23.0,22.0,0.8260869565217391,4.891547130434782,1.0,0.0
20260211,mobile,Android Webview,Android,23.0,20.0,0.4782608695652174,97.40950926086957,6.0,0.0
20260213,mobile,Chrome,iOS,23.0,22.0,0.34782608695652173,145.63376647826087,2.0,0.0
20260215,desktop,Chrome,Windows,23.0,18.0,0.4782608695652174,122.64777278260868,0.0,0.0
20260216,desktop,Edge,Windows,23.0,14.0,0.6086956521739131,86.35481,0.0,0.0
20260217,mobile,Android Webview,Android,23.0,19.0,0.6521739130434783,56.476352695652174,2.0,0.0
20260301,mobile,Android Webview,Android,23.0,17.0,0.782608695652174,48.50537373913044,2.0,0.0
20260302,mobile,Android Webview,Android,23.0,17.0,0.8260869565217391,89.9068193478261,11.0,0.0
20260303,mobile,Android Webview,Android,23.0,20.0,0.7391304347826086,10.539150782608695,0.0,0.0
20260320,mobile,Android Webview,Android,23.0,21.0,0.782608695652174,44.72786634782609,0.0,0.0
20260322,desktop,Edge,Windows,23.0,11.0,0.8260869565217391,113.62894026086956,0.0,0.0
20260403,desktop,Chrome,Windows,23.0,22.0,0.30434782608695654,130.0806225652174,0.0,0.0
20260406,mobile,Chrome,iOS,23.0,22.0,0.6086956521739131,84.40823826086957,0.0,0.0
20260419,desktop,Chrome,Windows,23.0,20.0,0.4782608695652174,78.01640547826086,0.0,0.0
20260424,mobile,Chrome,iOS,23.0,19.0,0.6521739130434783,57.39014582608696,0.0,0.0
20260502,desktop,Chrome,Windows,23.0,22.0,0.6521739130434783,77.79590686956521,0.0,0.0
20260518,mobile,Chrome,iOS,23.0,23.0,0.6521739130434783,113.08790782608695,1.0,0.0
20260609,desktop,Edge,Windows,23.0,18.0,0.4782608695652174,456.52123826086955,0.0,0.0
20260618,mobile,Android Webview,Android,23.0,19.0,0.6521739130434783,63.83922730434783,0.0,0.0
20260712,mobile,Android Webview,Android,23.0,20.0,0.782608695652174,23.050161434782606,1.0,0.0
20260903,mobile,Chrome,Android,23.0,23.0,0.4782608695652174,39.38234395652174,2.0,0.0
20260907,mobile,Chrome,iOS,23.0,23.0,0.5652173913043478,158.79227508695652,0.0,0.0
20260912,desktop,Edge,Windows,23.0,14.0,0.6086956521739131,84.03623634782608,0.0,0.0
20260917,desktop,Edge,Windows,23.0,17.0,0.5217391304347826,377.66726073913037,0.0,0.0
20251108,mobile,Chrome,iOS,22.0,22.0,0.5,19.536437363636363,0.0,0.0
20251128,desktop,Chrome,Linux,22.0,22.0,0.5909090909090909,13.582164272727272,0.0,0.0
20251208,mobile,Chrome,iOS,22.0,19.0,0.3181818181818182,120.44786477272727,2.0,0.0
20251212,desktop,Edge,Windows,22.0,16.0,0.6818181818181818,127.15146713636365,2.0,0.0
20251219,mobile,Chrome,iOS,22.0,22.0,0.5454545454545454,19.799288954545457,0.0,0.0
20251223,mobile,Chrome,iOS,22.0,20.0,0.6363636363636364,36.72343227272727,1.0,0.0
20251226,desktop,Edge,Windows,22.0,17.0,0.6818181818181818,185.43472945454548,0.0,0.0
20260101,mobile,Chrome,iOS,22.0,22.0,0.3181818181818182,88.91922963636364,0.0,0.0
20260105,mobile,Chrome,iOS,22.0,21.0,0.5909090909090909,20.078387409090908,0.0,0.0
20260109,desktop,Edge,Windows,22.0,20.0,0.5454545454545454,97.25881763636363,0.0,0.0
20260109,mobile,Chrome,iOS,22.0,19.0,0.5,147.19352354545455,0.0,0.0
20260125,mobile,Chrome,iOS,22.0,20.0,0.5454545454545454,38.923784863636364,2.0,0.0
20260220,mobile,Android Webview,Android,22.0,18.0,0.8181818181818182,16.99839490909091,0.0,0.0
20260315,desktop,Edge,Windows,22.0,13.0,0.5454545454545454,103.37892686363635,0.0,0.0
20260318,mobile,Android Webview,Android,22.0,17.0,0.7727272727272727,86.19537763636363,0.0,0.0
20260324,mobile,Chrome,iOS,22.0,21.0,0.5454545454545454,22.508875681818182,0.0,0.0
20260329,desktop,Chrome,Windows,22.0,19.0,0.4090909090909091,135.19968204545455,1.0,0.0
20260331,mobile,Chrome,iOS,22.0,22.0,0.5,63.258399545454544,1.0,0.0
20260416,mobile,Chrome,iOS,22.0,22.0,0.5454545454545454,31.06486890909091,0.0,0.0
20260610,desktop,Edge,Windows,22.0,14.0,0.5454545454545454,80.09279945454546,0.0,0.0
20260704,desktop,Chrome,Windows,22.0,21.0,0.6363636363636364,78.51962863636363,0.0,0.0
20260708,mobile,Chrome,iOS,22.0,20.0,0.5909090909090909,79.22178118181819,0.0,0.0
20260725,desktop,Chrome,Windows,22.0,21.0,0.5,153.74404609090908,0.0,0.0
20260904,mobile,Chrome,iOS,22.0,20.0,0.6818181818181818,118.10129318181818,1.0,0.0
20260905,mobile,Chrome,iOS,22.0,21.0,0.7727272727272727,8.057180454545454,0.0,0.0
20260908,mobile,Android Webview,Android,22.0,22.0,0.7272727272727273,20.84292672727273,0.0,0.0
20250921,mobile,Chrome,iOS,21.0,21.0,0.3333333333333333,69.97347476190475,0.0,0.0
20250925,mobile,Samsung Internet,Android,21.0,21.0,0.5714285714285714,112.50872295238096,0.0,0.0
20250929,tablet,Android Webview,Android,21.0,21.0,0.6666666666666666,55.64170919047619,0.0,0.0
20251004,mobile,Chrome,iOS,21.0,17.0,0.47619047619047616,24.021474904761906,1.0,0.0
20251127,mobile,Chrome,iOS,21.0,19.0,0.23809523809523808,83.35573423809524,1.0,0.0
20251203,mobile,Android Webview,Android,21.0,21.0,0.5714285714285714,78.00953723809523,0.0,0.0
20251226,mobile,Chrome,iOS,21.0,19.0,0.6666666666666666,23.168074142857144,0.0,0.0
20260120,mobile,Chrome,iOS,21.0,21.0,0.5238095238095238,18.106949809523808,0.0,0.0
20260124,mobile,Chrome,iOS,21.0,19.0,0.6666666666666666,36.42791314285714,1.0,0.0
20260201,desktop,Chrome,Windows,21.0,20.0,0.47619047619047616,115.95517561904762,0.0,0.0
20260221,mobile,Chrome,iOS,21.0,20.0,0.7619047619047619,42.478946,0.0,0.0
20260305,mobile,Chrome,iOS,21.0,20.0,0.38095238095238093,131.98854766666668,0.0,0.0
20260406,desktop,Edge,Windows,21.0,17.0,0.5238095238095238,131.89076785714286,0.0,0.0
20260407,desktop,Edge,Windows,21.0,20.0,0.42857142857142855,33.915367238095236,0.0,0.0
20260413,mobile,Chrome,iOS,21.0,21.0,0.42857142857142855,46.83926838095238,0.0,0.0
20260417,desktop,Edge,Windows,21.0,18.0,0.42857142857142855,236.97347471428571,0.0,0.0
20260524,mobile,Chrome,iOS,21.0,21.0,0.5238095238095238,64.28873200000001,1.0,0.0
20260526,desktop,Edge,Windows,21.0,20.0,0.3333333333333333,199.9638270952381,0.0,0.0
20260529,mobile,Chrome,iOS,21.0,20.0,0.6190476190476191,35.112513523809525,0.0,0.0
20260622,mobile,Android Webview,Android,21.0,21.0,0.5238095238095238,67.13060766666666,0.0,0.0
20260623,mobile,Chrome,iOS,21.0,21.0,0.7142857142857143,162.60853747619046,0.0,0.0
20260630,mobile,Chrome,iOS,21.0,21.0,0.5714285714285714,71.24159595238095,0.0,0.0
20260729,desktop,Edge,Windows,21.0,16.0,0.6666666666666666,90.60753614285714,0.0,0.0
20260731,mobile,Android Webview,Android,21.0,20.0,0.5714285714285714,63.060235999999996,0.0,0.0
20260813,mobile,Chrome,iOS,21.0,19.0,0.6190476190476191,55.47242276190476,1.0,0.0
20260908,mobile,Chrome,iOS,21.0,21.0,0.7142857142857143,7.052377714285714,0.0,0.0
20251013,desktop,Chrome,Linux,20.0,17.0,0.55,42.6536272,0.0,0.0
20251026,mobile,Samsung Internet,Android,20.0,19.0,0.65,37.04177395,0.0,0.0
20251114,desktop,Edge,Windows,20.0,15.0,0.45,271.64401675,0.0,0.0
20251119,mobile,Chrome,iOS,20.0,20.0,0.2,140.51865265,1.0,0.0
20251122,desktop,Chrome,Windows,20.0,19.0,0.25,303.24078775000004,0.0,0.0
20251127,mobile,Android Webview,Android,20.0,18.0,0.4,85.92561995,0.0,0.0
20251128,desktop,Edge,Windows,20.0,13.0,0.4,138.58847945,0.0,0.0
20251201,mobile,Chrome,iOS,20.0,19.0,0.6,22.5517215,0.0,0.0
20251204,mobile,Android Webview,Android,20.0,20.0,0.7,7.850001799999999,0.0,0.0
20251209,desktop,Edge,Windows,20.0,17.0,0.3,220.81647025,0.0,0.0
20251220,mobile,Chrome,iOS,20.0,20.0,0.4,81.26586390000001,0.0,0.0
20260105,mobile,Safari (in-app),iOS,20.0,20.0,1.0,0.0,0.0,0.0
20260106,desktop,Edge,Windows,20.0,17.0,0.4,177.0924166,0.0,0.0
20260113,desktop,Edge,Windows,20.0,17.0,0.4,53.947900249999996,1.0,0.0
20260126,mobile,Chrome,iOS,20.0,19.0,0.6,41.00360655,0.0,0.0
20260223,desktop,Mozilla Compatible Agent,Macintosh,20.0,20.0,0.9,15.0040742,0.0,0.0
20260224,mobile,Chrome,iOS,20.0,17.0,0.4,188.02429815,0.0,0.0
20260225,mobile,Android Webview,Android,20.0,17.0,0.7,87.1309035,3.0,0.0
20260303,mobile,Chrome,iOS,20.0,15.0,0.7,48.520100400000004,0.0,0.0
20260328,desktop,Chrome,Windows,20.0,19.0,0.45,207.99591145,1.0,0.0
20260331,desktop,Edge,Windows,20.0,16.0,0.5,24.65282465,0.0,0.0
20260409,mobile,Chrome,iOS,20.0,20.0,0.55,94.85498299999999,2.0,0.0
20260425,desktop,Chrome,Windows,20.0,20.0,0.35,172.1458133,2.0,0.0
20260514,desktop,Edge,Windows,20.0,17.0,0.4,64.8598756,0.0,0.0
20260611,desktop,Edge,Windows,20.0,18.0,0.3,94.1205882,3.0,0.0
20260621,mobile,Android Webview,Android,20.0,16.0,0.65,124.82518989999998,1.0,0.0
20260629,mobile,Android Webview,Android,20.0,17.0,0.85,1.3718921,0.0,0.0
20260630,desktop,Edge,Windows,20.0,11.0,0.7,321.20659014999995,0.0,0.0
20260704,mobile,Android Webview,Android,20.0,15.0,0.75,91.2645362,1.0,0.0
20260731,desktop,Edge,Windows,20.0,15.0,0.6,211.15816,0.0,0.0
20260806,mobile,Chrome,iOS,20.0,19.0,0.65,94.24879165,1.0,0.0
20260809,desktop,Chrome,Windows,20.0,19.0,0.4,404.60717024999997,0.0,0.0
20260825,mobile,Chrome,iOS,20.0,17.0,0.75,197.1989527,0.0,0.0
20251009,desktop,Mozilla Compatible Agent,Macintosh,19.0,19.0,1.0,0.0,0.0,0.0
20251015,desktop,Chrome,Linux,19.0,16.0,0.8421052631578947,85.1575767894737,0.0,0.0
20251020,desktop,Mozilla Compatible Agent,Macintosh,19.0,19.0,1.0,1.9351355263157894,0.0,0.0
20251027,desktop,Edge,Windows,19.0,15.0,0.7894736842105263,66.70933263157895,0.0,0.0
20251103,mobile,Chrome,iOS,19.0,18.0,0.5789473684210527,5.681487842105263,0.0,0.0
20251106,desktop,Mozilla Compatible Agent,Macintosh,19.0,19.0,0.9473684210526315,3.4151736315789476,0.0,0.0
20251124,mobile,Android Webview,Android,19.0,19.0,0.3157894736842105,61.48098600000001,0.0,0.0
20251128,mobile,Safari (in-app),iOS,19.0,19.0,0.8947368421052632,7.067578684210527,1.0,0.0
20251205,mobile,Chrome,iOS,19.0,18.0,0.3684210526315789,85.68163968421052,1.0,0.0
20251224,mobile,Android Webview,Android,19.0,15.0,0.7894736842105263,91.60178510526316,2.0,0.0
20251228,mobile,Android Webview,Android,19.0,17.0,0.631578947368421,12.05258552631579,0.0,0.0
20251229,mobile,Android Webview,Android,19.0,19.0,0.7368421052631579,36.303313315789474,0.0,0.0
20260107,desktop,Edge,Windows,19.0,16.0,0.3157894736842105,139.71986968421052,0.0,0.0
20260111,mobile,Android Webview,Android,19.0,18.0,0.631578947368421,95.46207131578947,1.0,0.0
20260116,mobile,Chrome,iOS,19.0,18.0,0.631578947368421,132.6820056842105,0.0,0.0
20260128,mobile,Chrome,iOS,19.0,19.0,0.42105263157894735,128.3062357368421,0.0,0.0
20260130,mobile,Android Webview,Android,19.0,19.0,0.7894736842105263,24.03119547368421,0.0,0.0
20260131,desktop,Edge,Windows,19.0,12.0,0.631578947368421,189.72828768421053,0.0,0.0
20260207,desktop,Edge,Windows,19.0,10.0,0.631578947368421,7.537732526315789,0.0,0.0
20260214,mobile,Chrome,iOS,19.0,18.0,0.6842105263157895,22.266907157894735,0.0,0.0
20260225,mobile,Chrome,iOS,19.0,19.0,0.3684210526315789,80.68620568421052,2.0,0.0
20260226,mobile,Chrome,iOS,19.0,18.0,0.5789473684210527,119.65903952631578,1.0,0.0
20260304,mobile,Chrome,iOS,19.0,17.0,0.6842105263157895,66.7057652631579,0.0,0.0
20260322,mobile,Chrome,iOS,19.0,18.0,0.631578947368421,44.555913052631574,1.0,0.0
20260323,mobile,Android Webview,Android,19.0,17.0,0.8421052631578947,25.10740842105263,1.0,0.0
20260401,mobile,Chrome,iOS,19.0,16.0,0.7368421052631579,19.44067742105263,0.0,0.0
20260402,mobile,Chrome,iOS,19.0,19.0,0.631578947368421,14.569742526315789,1.0,0.0
20260416,desktop,Edge,Windows,19.0,16.0,0.5263157894736842,288.6552757368421,0.0,0.0
20260420,mobile,Chrome,iOS,19.0,18.0,0.631578947368421,24.829298315789472,0.0,0.0
20260422,mobile,Chrome,iOS,19.0,19.0,0.5789473684210527,18.01498405263158,0.0,0.0
20260424,desktop,Edge,Windows,19.0,17.0,0.2631578947368421,305.24750005263155,1.0,0.0
20260430,desktop,Edge,Windows,19.0,14.0,0.8947368421052632,8.191021947368421,0.0,0.0
20260515,desktop,Edge,Windows,19.0,17.0,0.3684210526315789,129.14770731578946,0.0,0.0
20260515,mobile,Chrome,iOS,19.0,19.0,0.5789473684210527,104.005219,0.0,0.0
20260521,desktop,Edge,Windows,19.0,13.0,0.7368421052631579,249.8338032105263,2.0,0.0
20260528,desktop,Edge,Windows,19.0,15.0,0.5789473684210527,259.37465068421056,0.0,0.0
20260701,mobile,Chrome,iOS,19.0,18.0,0.6842105263157895,122.127276,0.0,0.0
20260705,desktop,Chrome,Windows,19.0,18.0,0.631578947368421,85.31255515789474,0.0,0.0
20260710,mobile,Android Webview,Android,19.0,18.0,0.47368421052631576,59.41095447368421,0.0,0.0
20260720,mobile,Android Webview,Android,19.0,19.0,0.631578947368421,7.7009471052631575,1.0,0.0
20260728,desktop,Edge,Windows,19.0,15.0,0.5263157894736842,122.96335884210528,0.0,0.0
20260811,mobile,Chrome,iOS,19.0,19.0,0.47368421052631576,71.66257757894736,0.0,0.0
20260820,mobile,Android Webview,Android,19.0,14.0,0.631578947368421,48.35748036842105,1.0,0.0
20260822,desktop,Chrome,Windows,19.0,19.0,0.5263157894736842,37.39825,0.0,0.0
20260830,mobile,Chrome,iOS,19.0,18.0,0.2631578947368421,43.92473510526316,0.0,0.0
20250923,desktop,Chrome,Linux,18.0,17.0,0.2222222222222222,36.188150444444446,0.0,0.0
20250926,desktop,Mozilla Compatible Agent,Macintosh,18.0,18.0,0.8888888888888888,3.873835333333333,1.0,0.0
20250929,desktop,Mozilla Compatible Agent,Macintosh,18.0,18.0,1.0,0.9080834444444444,0.0,0.0
20251006,desktop,Mozilla Compatible Agent,Macintosh,18.0,18.0,0.9444444444444444,1.2791385,1.0,0.0
20251008,desktop,Mozilla Compatible Agent,Macintosh,18.0,18.0,1.0,0.0,0.0,0.0
20251030,desktop,Edge,Windows,18.0,15.0,0.6666666666666666,106.38740655555554,0.0,0.0
20251110,mobile,Chrome,iOS,18.0,17.0,0.2777777777777778,148.5431448888889,1.0,0.0
20251116,desktop,Chrome,Windows,18.0,18.0,0.2777777777777778,131.2857705,0.0,0.0
20251116,mobile,Chrome,iOS,18.0,17.0,0.4444444444444444,441.439077,0.0,0.0
20251124,mobile,Safari (in-app),iOS,18.0,18.0,0.5,14.764360444444444,0.0,0.0
20251201,mobile,Safari (in-app),iOS,18.0,18.0,0.7222222222222222,1.9359549444444444,0.0,0.0
20251204,desktop,Edge,Windows,18.0,13.0,0.4444444444444444,39.214744111111116,0.0,0.0
20251205,mobile,Android Webview,Android,18.0,18.0,0.5,13.994071222222223,0.0,0.0
20251206,mobile,Android Webview,Android,18.0,18.0,0.7222222222222222,11.108527277777776,0.0,0.0
20251223,desktop,Edge,Windows,18.0,15.0,0.6111111111111112,46.38763683333334,1.0,0.0
20251225,desktop,Chrome,Windows,18.0,18.0,0.4444444444444444,147.2359835,1.0,0.0
20251231,desktop,Chrome,Windows,18.0,16.0,0.5,211.4250283888889,1.0,0.0
20260110,mobile,Android Webview,Android,18.0,18.0,0.7222222222222222,77.63326094444444,0.0,0.0
20260110,mobile,Safari (in-app),iOS,18.0,18.0,0.8888888888888888,8.988582222222222,1.0,0.0
20260125,desktop,Chrome,Windows,18.0,14.0,0.4444444444444444,187.63170788888888,0.0,0.0
20260210,mobile,Chrome,iOS,18.0,18.0,0.3333333333333333,238.4661481666667,0.0,0.0
20260211,mobile,Chrome,iOS,18.0,17.0,0.7777777777777778,20.36239394444444,0.0,0.0
20260311,mobile,Chrome,iOS,18.0,18.0,0.3333333333333333,113.99648472222222,0.0,0.0
20260409,desktop,Edge,Windows,18.0,14.0,0.4444444444444444,329.8607996666667,2.0,0.0
20260418,desktop,Chrome,Windows,18.0,17.0,0.4444444444444444,124.5638558888889,0.0,0.0
20260429,desktop,Edge,Windows,18.0,17.0,0.5,84.40360116666666,2.0,0.0
20260430,mobile,Android Webview,Android,18.0,18.0,0.8888888888888888,7.292662722222222,0.0,0.0
20260513,desktop,Edge,Windows,18.0,13.0,0.4444444444444444,68.03087438888889,0.0,0.0
20260528,mobile,Chrome,iOS,18.0,18.0,0.4444444444444444,49.42874938888889,5.0,0.0
20260530,desktop,Chrome,Windows,18.0,18.0,0.6111111111111112,88.06082427777778,0.0,0.0
20260612,desktop,Edge,Windows,18.0,16.0,0.4444444444444444,212.69969316666666,0.0,0.0
20260615,mobile,Chrome,iOS,18.0,18.0,0.3888888888888889,92.69342888888889,2.0,0.0
20260616,mobile,Chrome,iOS,18.0,18.0,0.4444444444444444,35.034459222222225,0.0,0.0
20260619,mobile,Chrome,iOS,18.0,16.0,0.5555555555555556,88.21108405555555,0.0,0.0
20260628,desktop,Edge,Windows,18.0,10.0,0.6666666666666666,28.419803722222223,0.0,0.0
20260628,mobile,Android Webview,Android,18.0,18.0,0.6666666666666666,77.67766977777778,0.0,0.0
20260807,mobile,Chrome,iOS,18.0,17.0,0.5555555555555556,32.503557888888885,0.0,0.0
20260911,mobile,Android Webview,Android,18.0,14.0,0.7222222222222222,25.9083,0.0,0.0
20260913,mobile,Android Webview,Android,18.0,17.0,0.7222222222222222,82.44081399999999,0.0,0.0
20251001,desktop,Mozilla Compatible Agent,Macintosh,17.0,17.0,0.8823529411764706,6.515727764705883,2.0,0.0
20251010,desktop,Chrome,Linux,17.0,17.0,0.7058823529411765,25.44026376470588,0.0,0.0
20251013,mobile,Chrome,iOS,17.0,17.0,0.47058823529411764,40.90509294117647,0.0,0.0
20251015,mobile,Chrome,iOS,17.0,15.0,0.6470588235294118,146.36984229411766,0.0,0.0
20251016,desktop,Mozilla Compatible Agent,Macintosh,17.0,17.0,1.0,0.0,0.0,0.0
20251022,mobile,Chrome,iOS,17.0,15.0,0.29411764705882354,45.93069911764706,0.0,0.0
20251027,desktop,Chrome,Linux,17.0,17.0,0.47058823529411764,121.91464529411766,4.0,0.0
20251028,desktop,Edge,Windows,17.0,14.0,0.7647058823529411,9.408659294117646,0.0,0.0
20251029,desktop,Edge,Windows,17.0,16.0,0.5294117647058824,131.9071558235294,0.0,0.0
20251103,desktop,Edge,Windows,17.0,17.0,0.35294117647058826,85.33133423529411,0.0,0.0
20251107,mobile,Samsung Internet,Android,17.0,17.0,0.5882352941176471,26.819351647058824,1.0,0.0
20251113,mobile,Chrome,iOS,17.0,17.0,0.47058823529411764,15.518553117647059,0.0,0.0
20251115,mobile,Safari (in-app),iOS,17.0,17.0,0.17647058823529413,25.741425058823527,0.0,0.0
20251117,desktop,Edge,Windows,17.0,15.0,0.5882352941176471,47.243066294117654,0.0,0.0
20251118,desktop,Edge,Windows,17.0,14.0,0.5294117647058824,37.676942294117644,0.0,0.0
20251121,desktop,Chrome,Linux,17.0,16.0,0.47058823529411764,52.99826011764706,0.0,0.0
20251126,mobile,Safari (in-app),iOS,17.0,17.0,0.5882352941176471,63.302973882352944,0.0,0.0
20251128,mobile,Android Webview,Android,17.0,14.0,0.47058823529411764,226.45129841176472,0.0,0.0
20251208,mobile,Android Webview,Android,17.0,17.0,0.35294117647058826,79.99757294117647,1.0,0.0
20251210,mobile,Chrome,iOS,17.0,15.0,0.4117647058823529,20.63795223529412,1.0,0.0
20251214,mobile,Chrome,iOS,17.0,15.0,0.4117647058823529,60.88550264705882,1.0,0.0
20251231,mobile,Android Webview,Android,17.0,17.0,0.9411764705882353,17.28089570588235,0.0,0.0
20260105,desktop,Edge,Windows,17.0,16.0,0.17647058823529413,228.87813288235293,1.0,0.0
20260105,mobile,Android Webview,Android,17.0,17.0,0.8235294117647058,22.062000235294118,0.0,0.0
20260112,mobile,Safari (in-app),iOS,17.0,17.0,1.0,0.0,0.0,0.0
20260127,mobile,Chrome,iOS,17.0,17.0,0.7647058823529411,15.986877882352942,0.0,0.0
20260131,mobile,Chrome,iOS,17.0,17.0,0.4117647058823529,28.33629617647059,0.0,0.0
20260217,desktop,Edge,Windows,17.0,10.0,0.6470588235294118,51.21433317647059,0.0,0.0
20260404,desktop,Chrome,Windows,17.0,16.0,0.5294117647058824,113.98920017647059,0.0,0.0
20260414,mobile,Chrome,iOS,17.0,17.0,0.5294117647058824,99.98824476470588,1.0,0.0
20260423,mobile,Chrome,iOS,17.0,17.0,0.5294117647058824,20.820719235294117,0.0,0.0
20260427,desktop,Edge,Windows,17.0,16.0,0.4117647058823529,214.46053535294118,0.0,0.0
20260428,desktop,Edge,Windows,17.0,14.0,0.5882352941176471,181.9639118235294,0.0,0.0
20260501,mobile,Android Webview,Android,17.0,17.0,0.47058823529411764,147.16647523529414,0.0,0.0
20260504,desktop,Edge,Windows,17.0,16.0,0.4117647058823529,222.0815903529412,0.0,0.0
20260508,desktop,Edge,Windows,17.0,15.0,0.5882352941176471,135.36547311764707,0.0,0.0
20260514,mobile,Chrome,iOS,17.0,15.0,0.4117647058823529,23.688766470588234,1.0,0.0
20260522,mobile,Chrome,iOS,17.0,16.0,0.5294117647058824,35.28107688235294,0.0,0.0
20260603,desktop,Edge,Windows,17.0,16.0,0.4117647058823529,249.97636247058824,1.0,0.0
20260630,desktop,Chrome,Macintosh,17.0,15.0,0.5882352941176471,223.40293782352938,0.0,0.0
20260702,desktop,Edge,Windows,17.0,13.0,0.47058823529411764,356.8165138235294,1.0,0.0
20260702,mobile,Chrome,iOS,17.0,15.0,0.47058823529411764,68.35766611764706,0.0,0.0
20260707,mobile,Android Webview,Android,17.0,17.0,0.47058823529411764,191.83912323529412,0.0,0.0
20260709,mobile,Android Webview,Android,17.0,13.0,0.35294117647058826,224.37573517647058,0.0,0.0
20260721,desktop,Mozilla Compatible Agent,Macintosh,17.0,17.0,0.9411764705882353,4.988542470588236,0.0,0.0
20260730,mobile,Chrome,iOS,17.0,17.0,0.5882352941176471,41.038534,0.0,0.0
20260820,mobile,Chrome,iOS,17.0,16.0,0.4117647058823529,151.4958888235294,1.0,0.0
20260824,mobile,Android Webview,Android,17.0,15.0,0.6470588235294118,6.558444294117646,2.0,0.0
20260826,desktop,Mozilla Compatible Agent,Macintosh,17.0,17.0,0.9411764705882353,5.433887294117647,0.0,0.0
20260831,mobile,Android Webview,Android,17.0,12.0,0.5294117647058824,64.61826864705883,1.0,0.0
20260901,mobile,Android Webview,Android,17.0,11.0,0.5882352941176471,68.407622,0.0,0.0
20260901,mobile,Chrome,iOS,17.0,17.0,0.4117647058823529,69.31326447058824,0.0,0.0
20260902,mobile,Android Webview,Android,17.0,11.0,0.9411764705882353,3.902846941176471,0.0,0.0
20260906,mobile,Android Webview,Android,17.0,15.0,0.7058823529411765,6.987406470588235,0.0,0.0
20260914,desktop,Chrome,Macintosh,17.0,13.0,0.4117647058823529,336.77273935294113,0.0,0.0
20250925,desktop,Chrome,Linux,16.0,16.0,0.75,9.44769225,0.0,0.0
20250926,desktop,Firefox,Windows,16.0,13.0,0.8125,7.2087319999999995,0.0,0.0
20250927,mobile,Chrome,iOS,16.0,16.0,0.4375,36.8924635,0.0,0.0
20251016,mobile,Chrome,Linux,16.0,16.0,0.5,9.4778685,0.0,0.0
20251020,mobile,Chrome,iOS,16.0,16.0,0.75,10.381981,0.0,0.0
20251021,desktop,Mozilla Compatible Agent,Macintosh,16.0,16.0,0.9375,2.7083105,0.0,0.0
20251026,mobile,Chrome,iOS,16.0,15.0,0.625,15.08359475,0.0,0.0
20251126,mobile,Android Webview,Android,16.0,14.0,0.5,85.9824544375,0.0,0.0
20251217,mobile,Chrome,iOS,16.0,16.0,0.4375,39.87897025,0.0,0.0
20251229,desktop,Edge,Windows,16.0,15.0,0.5,227.3417435625,0.0,0.0
20260105,mobile,Samsung Internet,Android,16.0,12.0,0.5,22.068387125,0.0,0.0
20260106,mobile,Safari (in-app),iOS,16.0,16.0,0.8125,8.470783375,0.0,0.0
20260108,mobile,Android Webview,Android,16.0,16.0,0.75,77.0692365,0.0,0.0
20260119,mobile,Chrome,iOS,16.0,16.0,0.5,23.267377125,0.0,0.0
20260122,mobile,Android Webview,Android,16.0,16.0,0.875,11.44681625,0.0,0.0
20260123,mobile,Android Webview,Android,16.0,12.0,0.75,8.289305125,0.0,0.0
20260214,desktop,Edge,Windows,16.0,9.0,0.75,10.8007925,0.0,0.0
20260215,mobile,Android Webview,Android,16.0,15.0,0.9375,1.5935648125,0.0,0.0
20260222,desktop,Edge,Windows,16.0,8.0,0.75,56.28248875,0.0,0.0
20260227,mobile,Chrome,iOS,16.0,16.0,0.25,32.8433129375,0.0,0.0
20260309,mobile,Chrome,iOS,16.0,14.0,0.75,65.74884987499999,0.0,0.0
20260311,desktop,Mozilla Compatible Agent,Macintosh,16.0,16.0,0.875,2.4187336875,0.0,0.0
20260312,mobile,Chrome,iOS,16.0,15.0,0.5625,14.887355062500001,0.0,0.0
20260317,mobile,Chrome,iOS,16.0,16.0,0.6875,20.877522875,0.0,0.0
20260320,mobile,Chrome,iOS,16.0,16.0,0.6875,36.079974,0.0,0.0
20260519,desktop,Edge,Windows,16.0,13.0,0.5,154.9286100625,0.0,0.0
20260519,mobile,Chrome,iOS,16.0,16.0,0.375,85.1789079375,0.0,0.0
20260520,mobile,Chrome,iOS,16.0,16.0,0.6875,66.6999644375,0.0,0.0
20260522,desktop,Edge,Windows,16.0,10.0,0.625,146.0733141875,0.0,0.0
20260703,mobile,Chrome,iOS,16.0,15.0,0.75,10.788333499999998,0.0,0.0
20260712,desktop,Chrome,Windows,16.0,16.0,0.4375,195.09443575,0.0,0.0
20260714,mobile,Chrome,iOS,16.0,15.0,0.5625,105.0319615,0.0,0.0
20260717,mobile,Android Webview,Android,16.0,16.0,0.625,175.62959131250003,1.0,0.0
20260719,desktop,Chrome,Windows,16.0,15.0,0.5625,37.327831124999996,0.0,0.0
20260726,mobile,Android Webview,Android,16.0,11.0,0.875,2.4857276875,0.0,0.0
20260802,mobile,Android Webview,Android,16.0,14.0,0.75,60.5942315,0.0,0.0
20260817,desktop,Chrome,Macintosh,16.0,15.0,0.375,319.6124024375,0.0,0.0
20260818,mobile,Chrome,iOS,16.0,15.0,0.4375,84.73326575,0.0,0.0
20260821,mobile,Android Webview,Android,16.0,14.0,0.5,21.701186874999998,2.0,0.0
20260822,desktop,Edge,Windows,16.0,11.0,0.5625,24.850279687500002,0.0,0.0
20260903,desktop,Chrome,Macintosh,16.0,11.0,0.375,51.067945625,0.0,0.0
20260905,mobile,Android Webview,Android,16.0,14.0,0.75,24.78929325,0.0,0.0
20260914,mobile,Android Webview,Android,16.0,15.0,0.75,12.075642,0.0,0.0
20260916,mobile,Android Webview,Android,16.0,13.0,0.75,9.450152249999999,0.0,0.0
20260917,mobile,Chrome,iOS,16.0,16.0,0.625,14.995410375,1.0,0.0
20250920,mobile,Chrome,iOS,15.0,14.0,0.4,34.124006933333334,1.0,0.0
20250929,mobile,Samsung Internet,Android,15.0,15.0,0.7333333333333333,29.8523982,0.0,0.0
20251117,mobile,Safari (in-app),iOS,15.0,15.0,0.4,23.946445,2.0,0.0
20251119,mobile,Android Webview,Android,15.0,15.0,0.26666666666666666,11.552420733333333,0.0,0.0
20251120,mobile,Android Webview,Android,15.0,15.0,0.2,72.9537642,0.0,0.0
20251123,mobile,Safari (in-app),iOS,15.0,15.0,0.5333333333333333,4.641331933333333,0.0,0.0
20251211,desktop,Edge,Windows,15.0,13.0,0.4666666666666667,202.7503164,2.0,0.0
20251213,mobile,Chrome,iOS,15.0,15.0,0.4,30.55545806666667,0.0,0.0
20251213,mobile,Safari (in-app),iOS,15.0,15.0,0.8,21.256343666666666,0.0,0.0
20251218,mobile,Android Webview,Android,15.0,15.0,0.6,17.238229266666668,0.0,0.0
20251222,desktop,Edge,Windows,15.0,13.0,0.5333333333333333,141.5609072,0.0,0.0
20251230,desktop,Edge,Windows,15.0,9.0,0.7333333333333333,120.39120380000001,0.0,0.0
20251231,mobile,Chrome,iOS,15.0,14.0,0.5333333333333333,43.32299033333333,0.0,0.0
20260101,mobile,Android Webview,Android,15.0,15.0,0.8,5.246732133333333,0.0,0.0
20260102,mobile,Safari (in-app),iOS,15.0,15.0,1.0,0.0,0.0,0.0
20260107,mobile,Samsung Internet,Android,15.0,13.0,0.5333333333333333,121.3443994,0.0,0.0
20260112,mobile,Samsung Internet,Android,15.0,15.0,0.6,25.844102533333334,0.0,0.0
20260114,desktop,Chrome,Linux,15.0,10.0,0.4666666666666667,514.0792998666667,0.0,0.0
20260114,desktop,Chrome,Macintosh,15.0,10.0,0.4,276.50987446666664,1.0,0.0
20260114,mobile,Android Webview,Android,15.0,13.0,0.6666666666666666,28.786017333333334,0.0,0.0
20260201,mobile,Chrome,iOS,15.0,13.0,0.6,19.505041933333334,0.0,0.0
20260226,desktop,Mozilla Compatible Agent,Macintosh,15.0,15.0,0.8666666666666667,3.399011733333333,1.0,0.0
20260227,desktop,Mozilla Compatible Agent,Macintosh,15.0,15.0,1.0,0.41561,0.0,0.0
20260323,desktop,Mozilla Compatible Agent,Macintosh,15.0,15.0,1.0,1.4407320666666665,0.0,0.0
20260323,mobile,Chrome,iOS,15.0,14.0,0.6,19.792579466666666,1.0,0.0
20260326,desktop,Edge,Windows,15.0,11.0,0.4666666666666667,113.83227133333335,1.0,0.0
20260402,desktop,Edge,Windows,15.0,14.0,0.6,204.4655524,0.0,0.0
20260408,mobile,Chrome,iOS,15.0,15.0,0.6,122.13315313333334,0.0,0.0
20260415,mobile,Chrome,iOS,15.0,15.0,0.6666666666666666,43.39513226666667,0.0,0.0
20260508,mobile,Android Webview,Android,15.0,15.0,0.8,9.684037333333332,0.0,0.0
20260625,desktop,Chrome,Macintosh,15.0,12.0,0.6666666666666666,68.96975833333335,0.0,0.0
20260701,desktop,Edge,Windows,15.0,12.0,0.4666666666666667,473.05359573333334,0.0,0.0
20260711,desktop,Edge,Windows,15.0,11.0,0.4,300.5840954666666,0.0,0.0
20260714,mobile,Android Webview,Android,15.0,14.0,0.4,45.09320426666667,0.0,0.0
20260719,mobile,Android Webview,Android,15.0,14.0,0.6666666666666666,42.67842366666666,3.0,0.0
20260720,desktop,Chrome,Macintosh,15.0,13.0,0.4666666666666667,47.35462793333333,1.0,0.0
20260720,desktop,Mozilla Compatible Agent,Macintosh,15.0,15.0,1.0,2.1592119999999997,0.0,0.0
20260725,desktop,Edge,Windows,15.0,10.0,0.4666666666666667,393.6580583333333,0.0,0.0
20260730,mobile,Android Webview,Android,15.0,13.0,0.3333333333333333,44.62022306666666,0.0,0.0
20260804,mobile,Chrome,iOS,15.0,15.0,0.7333333333333333,38.914135333333334,2.0,0.0
20260819,mobile,Chrome,iOS,15.0,15.0,0.6666666666666666,74.50029566666667,0.0,0.0
20260823,mobile,Android Webview,Android,15.0,14.0,0.6,12.406396466666667,16.0,0.0
20260902,mobile,Chrome,iOS,15.0,14.0,0.5333333333333333,10.2741446,0.0,0.0
20260917,mobile,Android Webview,Android,15.0,12.0,0.8,51.2371836,2.0,0.0
20250922,desktop,Chrome,Linux,14.0,13.0,0.5,219.7549997857143,0.0,0.0
20250924,desktop,Mozilla Compatible Agent,Macintosh,14.0,14.0,0.8571428571428571,1.6913435,0.0,0.0
20251003,desktop,Mozilla Compatible Agent,Macintosh,14.0,14.0,0.9285714285714286,3.697424357142857,0.0,0.0
20251008,mobile,Chrome,Linux,14.0,14.0,0.5,7.172871714285714,0.0,0.0
20251026,desktop,Chrome,Windows,14.0,11.0,0.5,14.051420142857143,0.0,0.0
20251026,tablet,Android Webview,Android,14.0,14.0,0.5,164.64031842857142,0.0,0.0
20251031,desktop,Edge,Windows,14.0,13.0,0.7142857142857143,129.79030057142856,0.0,0.0
20251107,desktop,Mozilla Compatible Agent,Macintosh,14.0,14.0,0.9285714285714286,2.4427144285714286,0.0,0.0
20251109,mobile,Chrome,iOS,14.0,14.0,0.21428571428571427,62.366753,2.0,0.0
20251110,desktop,Mozilla Compatible Agent,Macintosh,14.0,14.0,0.9285714285714286,3.076287571428572,1.0,0.0
20251112,mobile,Safari (in-app),iOS,14.0,13.0,0.7142857142857143,34.97005757142857,0.0,0.0
20251124,mobile,Chrome,iOS,14.0,14.0,0.35714285714285715,28.5503855,0.0,0.0
20251208,desktop,Chrome,Macintosh,14.0,9.0,0.5714285714285714,149.85957242857143,1.0,0.0
20251216,mobile,Chrome,iOS,14.0,13.0,0.6428571428571429,16.61354407142857,0.0,0.0
20251225,mobile,Safari (in-app),iOS,14.0,14.0,0.7857142857142857,10.400467,0.0,0.0
20260108,desktop,Edge,Windows,14.0,12.0,0.7142857142857143,74.41010692857142,1.0,0.0
20260108,mobile,Safari (in-app),iOS,14.0,14.0,0.7142857142857143,54.82909814285715,0.0,0.0
20260111,mobile,Samsung Internet,Android,14.0,14.0,0.21428571428571427,51.58749185714286,0.0,0.0
20260201,mobile,Android Webview,Android,14.0,13.0,0.8571428571428571,3.679262142857143,0.0,0.0
20260313,mobile,Chrome,iOS,14.0,13.0,0.7857142857142857,12.038950499999999,0.0,0.0
20260316,desktop,Chrome,Macintosh,14.0,14.0,0.6428571428571429,231.83038642857144,1.0,0.0
20260318,desktop,Mozilla Compatible Agent,Macintosh,14.0,14.0,1.0,1.9391021428571429,0.0,0.0
20260318,mobile,Chrome,iOS,14.0,14.0,0.8571428571428571,11.067589142857143,0.0,0.0
20260319,mobile,Chrome,iOS,14.0,14.0,0.5,14.488566214285713,0.0,0.0
20260330,desktop,Edge,Windows,14.0,13.0,0.35714285714285715,246.04806892857144,1.0,0.0
20260409,desktop,Chrome,Macintosh,14.0,12.0,0.5714285714285714,126.1774292857143,1.0,0.0
20260422,desktop,Chrome,Macintosh,14.0,9.0,0.6428571428571429,130.0450867142857,0.0,0.0
20260506,desktop,Edge,Windows,14.0,13.0,0.2857142857142857,189.65541371428571,0.0,0.0
20260509,mobile,Samsung Internet,Android,14.0,14.0,0.42857142857142855,59.33074899999999,0.0,0.0
20260526,mobile,Chrome,iOS,14.0,13.0,0.2857142857142857,185.1715797857143,0.0,0.0
20260624,mobile,Chrome,iOS,14.0,14.0,0.35714285714285715,92.18950464285714,1.0,0.0
20260625,mobile,Android Webview,Android,14.0,13.0,0.5714285714285714,27.97580142857143,0.0,0.0
20260625,mobile,Chrome,iOS,14.0,13.0,0.7142857142857143,23.47124707142857,1.0,0.0
20260629,mobile,Chrome,iOS,14.0,13.0,0.6428571428571429,26.802672642857143,0.0,0.0
20260705,mobile,Chrome,iOS,14.0,12.0,0.5,57.78199985714286,0.0,0.0
20260706,mobile,Android Webview,Android,14.0,13.0,0.42857142857142855,36.612059428571435,16.0,0.0
20260708,desktop,Mozilla Compatible Agent,Macintosh,14.0,14.0,1.0,1.3019303571428573,0.0,0.0
20260713,mobile,Android Webview,Android,14.0,13.0,0.6428571428571429,40.41951035714285,0.0,0.0
20260721,mobile,Android Webview,Android,14.0,14.0,0.5714285714285714,148.04131957142857,1.0,0.0
20260728,mobile,Android Webview,Android,14.0,14.0,0.5,47.76115035714286,1.0,0.0
20260823,mobile,Chrome,iOS,14.0,13.0,0.5714285714285714,19.6483295,0.0,0.0
20260825,mobile,Android Webview,Android,14.0,11.0,0.6428571428571429,63.653825857142856,0.0,0.0
20260826,mobile,Chrome,iOS,14.0,13.0,0.6428571428571429,35.486816857142855,1.0,0.0
20260903,mobile,Chrome,iOS,14.0,14.0,0.5714285714285714,84.79809585714285,0.0,0.0
20260904,mobile,Android Webview,Android,14.0,10.0,0.7142857142857143,10.034864357142856,2.0,0.0
20260909,desktop,Chrome,Macintosh,14.0,11.0,0.35714285714285715,242.87983571428572,0.0,0.0
20260909,mobile,Android Webview,Android,14.0,14.0,0.5,22.79725542857143,1.0,0.0
20260910,mobile,Android Webview,Android,14.0,14.0,0.7142857142857143,60.4711235,1.0,0.0
20260915,desktop,Chrome,Macintosh,14.0,10.0,0.5,116.65496814285714,1.0,0.0
20250919,desktop,Mozilla Compatible Agent,Macintosh,13.0,13.0,1.0,1.3470961538461539,0.0,0.0
20250925,desktop,Mozilla Compatible Agent,Macintosh,13.0,13.0,1.0,0.0,0.0,0.0
20250930,desktop,Mozilla Compatible Agent,Macintosh,13.0,13.0,1.0,1.6812224615384617,0.0,0.0
20251002,desktop,Chrome,Linux,13.0,11.0,0.38461538461538464,215.83936823076922,0.0,0.0
20251007,desktop,Mozilla Compatible Agent,Macintosh,13.0,13.0,1.0,0.0,0.0,0.0
20251008,mobile,Chrome,iOS,13.0,12.0,0.15384615384615385,205.20010861538464,0.0,0.0
20251010,mobile,Chrome,iOS,13.0,13.0,0.23076923076923078,26.10388153846154,1.0,0.0
20251018,desktop,Chrome,Linux,13.0,13.0,0.8461538461538461,4.831253230769231,0.0,0.0
20251021,mobile,Chrome,iOS,13.0,13.0,0.6153846153846154,49.75325792307693,0.0,0.0
20251030,mobile,Chrome,iOS,13.0,13.0,0.46153846153846156,98.66749392307693,2.0,0.0
20251105,mobile,Chrome,iOS,13.0,12.0,0.38461538461538464,19.31160653846154,0.0,0.0
20251112,mobile,Android Webview,Android,13.0,13.0,0.38461538461538464,100.06913976923077,0.0,0.0
20251113,desktop,Edge,Windows,13.0,11.0,0.23076923076923078,278.2956953076923,0.0,0.0
20251116,mobile,Safari (in-app),iOS,13.0,13.0,0.3076923076923077,18.602728307692306,0.0,0.0
20251117,mobile,Chrome,iOS,13.0,13.0,0.3076923076923077,42.956541769230775,0.0,0.0
20251118,mobile,Chrome,iOS,13.0,12.0,0.5384615384615384,41.59248923076923,0.0,0.0
20251121,mobile,Chrome,iOS,13.0,13.0,0.3076923076923077,169.55329076923076,1.0,0.0
20251124,mobile,Samsung Internet,Android,13.0,12.0,0.6153846153846154,108.51265838461538,0.0,0.0
20251126,desktop,Edge,Windows,13.0,9.0,0.46153846153846156,164.9679359230769,0.0,0.0
20251128,mobile,Samsung Internet,Android,13.0,11.0,0.38461538461538464,289.61646223076923,0.0,0.0
20251206,desktop,Chrome,Windows,13.0,13.0,0.6923076923076923,15.366491692307692,0.0,0.0
20251209,mobile,Chrome,iOS,13.0,11.0,0.5384615384615384,119.65042984615386,1.0,0.0
20251210,desktop,Edge,Windows,13.0,11.0,0.38461538461538464,378.0421477692308,3.0,0.0
20251215,mobile,Chrome,iOS,13.0,11.0,0.6153846153846154,47.636916692307686,0.0,0.0
20251216,mobile,Android Webview,Android,13.0,12.0,0.6153846153846154,38.607255153846154,0.0,0.0
20251219,desktop,Edge,Windows,13.0,13.0,0.3076923076923077,90.59698292307691,0.0,0.0
20260102,desktop,Edge,Windows,13.0,12.0,0.3076923076923077,195.1538845384615,2.0,0.0
20260102,mobile,Android Webview,Android,13.0,13.0,0.5384615384615384,29.562246,1.0,0.0
20260104,mobile,Android Webview,Android,13.0,12.0,0.7692307692307693,60.86243246153846,0.0,0.0
20260112,mobile,Android Webview,Android,13.0,13.0,0.8461538461538461,11.19743953846154,0.0,0.0
20260116,desktop,Chrome,Macintosh,13.0,12.0,0.5384615384615384,144.51196584615383,0.0,0.0
20260127,desktop,Chrome,Macintosh,13.0,12.0,0.5384615384615384,424.1058914615385,0.0,0.0
20260203,desktop,Mozilla Compatible Agent,Macintosh,13.0,13.0,0.9230769230769231,2.9990893076923077,0.0,0.0
20260212,mobile,Chrome,iOS,13.0,12.0,0.3076923076923077,133.55982884615383,1.0,0.0
20260316,mobile,Chrome,iOS,13.0,13.0,0.6923076923076923,9.249424615384616,0.0,0.0
20260326,mobile,Chrome,iOS,13.0,13.0,0.38461538461538464,38.44470576923077,1.0,0.0
20260327,desktop,Edge,Windows,13.0,11.0,0.5384615384615384,44.50432415384615,0.0,0.0
20260401,desktop,Chrome,Macintosh,13.0,11.0,0.5384615384615384,94.41243776923078,0.0,0.0
20260415,desktop,Edge,Windows,13.0,11.0,0.46153846153846156,133.01893061538462,0.0,0.0
20260513,desktop,Chrome,Macintosh,13.0,11.0,0.38461538461538464,156.800549,1.0,0.0
20260518,desktop,Chrome,Macintosh,13.0,12.0,0.5384615384615384,187.9871716923077,0.0,0.0
20260520,desktop,Edge,Windows,13.0,13.0,0.3076923076923077,48.662930230769234,0.0,0.0
20260521,mobile,Chrome,iOS,13.0,12.0,0.46153846153846156,202.65315007692308,2.0,0.0
20260605,desktop,Edge,Windows,13.0,12.0,0.3076923076923077,173.87911784615383,0.0,0.0
20260707,mobile,Chrome,iOS,13.0,12.0,0.7692307692307693,10.686347538461538,0.0,0.0
20260708,mobile,Android Webview,Android,13.0,13.0,0.6153846153846154,20.327900615384614,0.0,0.0
20260709,mobile,Chrome,iOS,13.0,12.0,0.5384615384615384,89.12540853846154,0.0,0.0
20260715,desktop,Mozilla Compatible Agent,Macintosh,13.0,13.0,0.9230769230769231,1.202351076923077,0.0,0.0
20260717,desktop,Mozilla Compatible Agent,Macintosh,13.0,13.0,0.8461538461538461,5.514195076923078,0.0,0.0
20260718,desktop,Edge,Windows,13.0,8.0,0.6153846153846154,146.36884400000002,0.0,0.0
20260726,desktop,Chrome,Windows,13.0,13.0,0.3076923076923077,103.11586676923076,0.0,0.0
20260726,desktop,Edge,Windows,13.0,9.0,0.46153846153846156,301.9298559230769,0.0,0.0
20260801,mobile,Android Webview,Android,13.0,12.0,0.6153846153846154,176.5640606153846,0.0,0.0
20260809,mobile,Android Webview,Android,13.0,12.0,0.6923076923076923,73.45071653846153,2.0,0.0
20260828,mobile,Chrome,iOS,13.0,13.0,0.7692307692307693,43.753967307692314,0.0,0.0
20260831,mobile,Chrome,iOS,13.0,12.0,0.6153846153846154,9.374270153846153,0.0,0.0
20260903,mobile,Android Webview,Android,13.0,10.0,0.6923076923076923,8.487089461538462,1.0,0.0
20260907,mobile,Android Webview,Android,13.0,13.0,0.38461538461538464,16.888207615384616,0.0,0.0
20260913,desktop,Edge,Windows,13.0,8.0,0.6153846153846154,190.66877284615387,0.0,0.0
20250926,desktop,Chrome,Linux,12.0,12.0,0.5833333333333334,5.5556814166666655,0.0,0.0
20250927,desktop,Chrome,Linux,12.0,10.0,0.5,105.01427991666667,0.0,0.0
20250928,mobile,Samsung Internet,Android,12.0,11.0,0.6666666666666666,10.019829499999998,0.0,0.0
20250930,tablet,Android Webview,Android,12.0,10.0,0.75,11.207606416666666,0.0,0.0
20251007,desktop,Chrome,Macintosh,12.0,9.0,0.5,389.88251708333337,0.0,0.0
20251007,mobile,Chrome,iOS,12.0,11.0,0.3333333333333333,79.41924741666666,0.0,0.0
20251010,desktop,Mozilla Compatible Agent,Macintosh,12.0,12.0,1.0,0.0,0.0,0.0
20251023,mobile,Chrome,iOS,12.0,11.0,0.6666666666666666,13.375249000000002,0.0,0.0
20251027,mobile,Chrome,iOS,12.0,12.0,0.5,77.74692191666666,0.0,0.0
20251108,desktop,Mozilla Compatible Agent,Macintosh,12.0,12.0,1.0,0.9233863333333333,0.0,0.0
20251112,desktop,Edge,Windows,12.0,11.0,0.4166666666666667,88.93236000000002,0.0,0.0
20251113,mobile,Safari (in-app),iOS,12.0,12.0,0.5833333333333334,6.709910416666666,0.0,0.0
20251114,mobile,Safari (in-app),iOS,12.0,12.0,0.3333333333333333,64.29100033333333,0.0,0.0
20251116,mobile,Android Webview,Android,12.0,12.0,0.25,76.72128516666666,2.0,0.0
20251116,mobile,Samsung Internet,Android,12.0,11.0,0.5,58.38476008333333,0.0,0.0
20251121,mobile,Android Webview,Android,12.0,11.0,0.4166666666666667,22.127120416666667,0.0,0.0
20251122,mobile,Safari (in-app),iOS,12.0,12.0,0.5,10.233394500000001,1.0,0.0
20251125,mobile,Android Webview,Android,12.0,12.0,0.4166666666666667,36.8678615,0.0,0.0
20251130,mobile,Samsung Internet,Android,12.0,10.0,0.4166666666666667,64.47550233333332,2.0,0.0
20251203,mobile,Chrome,iOS,12.0,12.0,0.25,29.574316916666664,2.0,0.0
20251206,mobile,Chrome,iOS,12.0,12.0,0.16666666666666666,178.85511125000002,0.0,0.0
20251207,mobile,Safari (in-app),iOS,12.0,12.0,0.5,8.721317333333333,0.0,0.0
20251210,mobile,Android Webview,Android,12.0,12.0,0.4166666666666667,75.51170883333333,0.0,0.0
20251211,mobile,Chrome,iOS,12.0,11.0,0.4166666666666667,44.74821508333333,1.0,0.0
20251218,mobile,Samsung Internet,Android,12.0,11.0,0.5833333333333334,23.282386916666667,0.0,0.0
20251223,mobile,Android Webview,Android,12.0,11.0,0.5,39.26784558333333,0.0,0.0
20251224,mobile,Chrome,iOS,12.0,11.0,0.5,78.41972433333333,3.0,0.0
20251228,mobile,Samsung Internet,Android,12.0,12.0,0.5,43.857221583333335,0.0,0.0
20260103,mobile,Samsung Internet,Android,12.0,11.0,0.3333333333333333,37.749406916666665,0.0,0.0
20260117,desktop,Edge,Windows,12.0,7.0,0.6666666666666666,410.13609483333335,0.0,0.0
20260130,mobile,Samsung Internet,Android,12.0,10.0,0.5833333333333334,43.73764616666666,1.0,0.0
20260217,mobile,Samsung Internet,Android,12.0,8.0,0.4166666666666667,309.66170108333336,0.0,0.0
20260222,mobile,Chrome,iOS,12.0,12.0,0.5,32.76606466666667,0.0,0.0
20260224,desktop,Chrome,Macintosh,12.0,11.0,0.25,112.89139091666665,0.0,0.0
20260228,desktop,Edge,Windows,12.0,6.0,0.8333333333333334,12.65010625,0.0,0.0
20260304,desktop,Mozilla Compatible Agent,Macintosh,12.0,12.0,1.0,0.0,0.0,0.0
20260320,desktop,Mozilla Compatible Agent,Macintosh,12.0,12.0,1.0,1.337338,0.0,0.0
20260323,desktop,Chrome,Macintosh,12.0,11.0,0.5,70.13196133333334,0.0,0.0
20260329,mobile,Samsung Internet,Android,12.0,12.0,0.6666666666666666,35.71757433333334,1.0,0.0
20260407,mobile,Chrome,iOS,12.0,12.0,0.5833333333333334,74.0043495,0.0,0.0
20260410,desktop,Edge,Windows,12.0,10.0,0.5,151.12359366666666,0.0,0.0
20260413,desktop,Edge,Windows,12.0,11.0,0.4166666666666667,76.90804625,0.0,0.0
20260505,desktop,Edge,Windows,12.0,11.0,0.5,229.4576636666667,0.0,0.0
20260508,mobile,Samsung Internet,Android,12.0,11.0,0.25,28.71805858333333,0.0,0.0
20260525,desktop,Firefox,Windows,12.0,12.0,0.0,64.74925433333333,0.0,0.0
20260616,desktop,Chrome,Macintosh,12.0,9.0,0.25,718.8739639999999,0.0,0.0
20260618,desktop,Mozilla Compatible Agent,Macintosh,12.0,12.0,1.0,2.25728975,0.0,0.0
20260619,desktop,Mozilla Compatible Agent,Macintosh,12.0,12.0,0.75,6.763604333333333,0.0,0.0
20260627,desktop,Edge,Windows,12.0,6.0,0.5833333333333334,92.87737616666665,0.0,0.0
20260627,mobile,Android Webview,Android,12.0,12.0,1.0,0.7441118333333333,0.0,0.0
20260701,mobile,Android Webview,Android,12.0,12.0,0.8333333333333334,17.310700583333333,0.0,0.0
20260717,desktop,Chrome,Macintosh,12.0,8.0,0.3333333333333333,26.97281641666667,5.0,0.0
20260722,desktop,Chrome,Macintosh,12.0,11.0,0.5833333333333334,226.20140775000002,1.0,0.0
20260722,desktop,Mozilla Compatible Agent,Macintosh,12.0,12.0,1.0,0.6179468333333333,0.0,0.0
20260725,mobile,Samsung Internet,Android,12.0,11.0,0.4166666666666667,31.73000925,0.0,0.0
20260729,mobile,Android Webview,Android,12.0,12.0,0.5833333333333334,9.5651085,2.0,0.0
20260810,mobile,Chrome,iOS,12.0,12.0,0.75,8.356533916666667,0.0,0.0
20260814,desktop,Chrome,Macintosh,12.0,9.0,0.3333333333333333,505.3887270833333,0.0,0.0
20260818,mobile,Android Webview,Android,12.0,10.0,0.4166666666666667,86.33135425,0.0,0.0
20260823,desktop,Chrome,Windows,12.0,11.0,0.25,49.2852825,2.0,0.0
20260827,desktop,Mozilla Compatible Agent,Macintosh,12.0,12.0,1.0,1.4459008333333332,0.0,0.0
20260827,mobile,Chrome,iOS,12.0,12.0,0.6666666666666666,46.78243633333333,0.0,0.0
20260830,mobile,Android Webview,Android,12.0,12.0,0.5833333333333334,6.501991333333334,0.0,0.0
20260909,desktop,Mozilla Compatible Agent,Macintosh,12.0,12.0,0.9166666666666666,3.77252075,0.0,0.0
20260910,desktop,Chrome,Macintosh,12.0,12.0,0.5,278.94175416666667,0.0,0.0
20250919,desktop,Chrome,Linux,11.0,9.0,0.5454545454545454,106.18769327272729,0.0,0.0
20250924,mobile,Samsung Internet,Android,11.0,11.0,0.7272727272727273,25.932769727272728,0.0,0.0
20250925,desktop,Chrome,Macintosh,11.0,9.0,0.36363636363636365,43.21969045454545,0.0,0.0
20250926,tablet,Android Webview,Android,11.0,10.0,0.8181818181818182,13.854982545454545,0.0,0.0
20250929,mobile,Chrome,iOS,11.0,11.0,0.45454545454545453,5.6934914545454545,0.0,0.0
20250930,desktop,Chrome,Macintosh,11.0,9.0,0.45454545454545453,138.76253209090908,0.0,0.0
20251008,desktop,Chrome,Linux,11.0,11.0,0.7272727272727273,5.83123509090909,0.0,0.0
20251009,desktop,Chrome,Linux,11.0,9.0,0.36363636363636365,29.33424481818182,0.0,0.0
20251012,tablet,Chrome,Android,11.0,11.0,0.2727272727272727,24.099671454545454,0.0,0.0
20251015,desktop,Mozilla Compatible Agent,Macintosh,11.0,11.0,1.0,0.0,0.0,0.0
20251017,mobile,Chrome,iOS,11.0,11.0,0.5454545454545454,32.70687172727273,1.0,0.0
20251022,desktop,Chrome,Chrome OS,11.0,11.0,0.09090909090909091,368.5533508181818,0.0,0.0
20251024,desktop,Edge,Windows,11.0,9.0,0.45454545454545453,153.6853510909091,0.0,0.0
20251103,desktop,Chrome,Macintosh,11.0,9.0,0.5454545454545454,87.52502063636364,1.0,0.0
20251106,mobile,Samsung Internet,Android,11.0,11.0,0.9090909090909091,3.888991909090909,0.0,0.0
20251114,mobile,Android Webview,Android,11.0,11.0,0.45454545454545453,31.977835090909092,0.0,0.0
20251114,mobile,Chrome,iOS,11.0,11.0,0.2727272727272727,185.33831636363635,0.0,0.0
20251115,mobile,Android Webview,Android,11.0,11.0,0.7272727272727273,23.627381272727277,1.0,0.0
20251119,desktop,Edge,Windows,11.0,8.0,0.45454545454545453,171.80403227272726,0.0,0.0
20251123,mobile,Android Webview,Android,11.0,11.0,0.36363636363636365,12.035105181818182,0.0,0.0
20251126,mobile,Chrome,iOS,11.0,11.0,0.36363636363636365,34.8810619090909,0.0,0.0
20251202,mobile,Safari (in-app),iOS,11.0,11.0,0.6363636363636364,29.897532363636365,0.0,0.0
20251207,mobile,Chrome,iOS,11.0,11.0,0.36363636363636365,99.11844099999999,2.0,0.0
20251211,mobile,Android Webview,Android,11.0,11.0,0.36363636363636365,14.047569,0.0,0.0
20251212,desktop,Chrome,Macintosh,11.0,9.0,0.45454545454545453,241.18634136363636,1.0,0.0
20251214,mobile,Android Webview,Android,11.0,11.0,0.2727272727272727,52.351901636363635,0.0,0.0
20251215,mobile,Android Webview,Android,11.0,11.0,0.7272727272727273,3.7261260909090907,0.0,0.0
20251219,mobile,Android Webview,Android,11.0,11.0,0.7272727272727273,22.04747818181818,0.0,0.0
20251221,mobile,Android Webview,Android,11.0,11.0,0.5454545454545454,39.837734,0.0,0.0
20251222,mobile,Android Webview,Android,11.0,11.0,0.7272727272727273,25.577690636363638,0.0,0.0
20251225,mobile,Android Webview,Android,11.0,11.0,0.9090909090909091,71.79440436363637,0.0,0.0
20251227,desktop,Edge,Windows,11.0,5.0,0.9090909090909091,52.06545181818182,0.0,0.0
20251229,mobile,Samsung Internet,Android,11.0,9.0,0.6363636363636364,65.38567072727272,0.0,0.0
20260101,mobile,Safari (in-app),iOS,11.0,11.0,1.0,0.08419327272727273,0.0,0.0
20260106,mobile,Android Webview,Android,11.0,11.0,0.7272727272727273,13.976337999999998,0.0,0.0
20260111,mobile,Safari (in-app),iOS,11.0,11.0,0.7272727272727273,8.215324272727273,0.0,0.0
20260119,desktop,Mozilla Compatible Agent,Macintosh,11.0,11.0,1.0,1.9506345454545455,0.0,0.0
20260119,desktop,Opera,Windows,11.0,5.0,0.36363636363636365,41.40380445454545,0.0,0.0
20260120,mobile,Samsung Internet,Android,11.0,9.0,0.45454545454545453,37.26102018181818,0.0,0.0
20260124,desktop,Edge,Windows,11.0,6.0,0.6363636363636364,120.66301181818181,2.0,0.0
20260131,mobile,Samsung Internet,Android,11.0,8.0,0.45454545454545453,47.47716745454545,0.0,0.0
20260201,desktop,Edge,Windows,11.0,8.0,0.45454545454545453,176.77768781818182,1.0,0.0
20260206,desktop,Mozilla Compatible Agent,Macintosh,11.0,11.0,1.0,1.2387721818181818,0.0,0.0
20260209,mobile,Chrome,iOS,11.0,10.0,0.6363636363636364,21.821972,0.0,0.0
20260218,desktop,Mozilla Compatible Agent,Macintosh,11.0,11.0,1.0,0.4898218181818182,0.0,0.0
20260219,desktop,Chrome,Macintosh,11.0,9.0,0.45454545454545453,26.672949545454546,0.0,0.0
20260223,mobile,Chrome,iOS,11.0,10.0,0.8181818181818182,22.282963545454546,0.0,0.0
20260225,desktop,Chrome,Macintosh,11.0,9.0,0.36363636363636365,214.50742309090904,0.0,0.0
20260303,desktop,Mozilla Compatible Agent,Macintosh,11.0,11.0,1.0,0.5629132727272728,0.0,0.0
20260306,mobile,Chrome,iOS,11.0,11.0,0.6363636363636364,13.467221363636362,0.0,0.0
20260316,desktop,Mozilla Compatible Agent,Macintosh,11.0,11.0,1.0,1.5887905454545455,0.0,0.0
20260319,desktop,Mozilla Compatible Agent,Macintosh,11.0,11.0,0.8181818181818182,2.9661109090909092,0.0,0.0
20260324,desktop,Mozilla Compatible Agent,Macintosh,11.0,11.0,1.0,0.0,0.0,0.0
20260325,mobile,Chrome,iOS,11.0,10.0,0.7272727272727273,9.485631,0.0,0.0
20260327,desktop,Chrome,Macintosh,11.0,8.0,0.6363636363636364,14.77891118181818,0.0,0.0
20260327,mobile,Chrome,iOS,11.0,10.0,0.7272727272727273,32.81752109090909,0.0,0.0
20260402,mobile,Samsung Internet,Android,11.0,10.0,0.6363636363636364,9.923288,0.0,0.0
20260410,desktop,Chrome,Linux,11.0,11.0,0.7272727272727273,16.42260409090909,0.0,0.0
20260414,desktop,Edge,Windows,11.0,9.0,0.45454545454545453,342.715283,0.0,0.0
20260430,desktop,Chrome,Macintosh,11.0,9.0,0.7272727272727273,28.164233272727277,1.0,0.0
20260503,mobile,Samsung Internet,Android,11.0,11.0,0.6363636363636364,48.36492154545454,0.0,0.0
20260525,desktop,Chrome,Macintosh,11.0,10.0,0.36363636363636365,13.749109090909089,0.0,0.0
20260601,desktop,Chrome,Macintosh,11.0,9.0,0.45454545454545453,144.00331045454547,0.0,0.0
20260602,desktop,Chrome,Macintosh,11.0,9.0,0.36363636363636365,16.35173772727273,0.0,0.0
20260606,mobile,Samsung Internet,Android,11.0,11.0,0.5454545454545454,74.616289,0.0,0.0
20260612,desktop,Chrome,Macintosh,11.0,9.0,0.36363636363636365,122.88674363636363,1.0,0.0
20260614,desktop,Edge,Windows,11.0,11.0,0.2727272727272727,85.82141127272727,0.0,0.0
20260620,mobile,Android Webview,Android,11.0,11.0,0.7272727272727273,69.672952,0.0,0.0
20260622,desktop,Chrome,Macintosh,11.0,9.0,0.45454545454545453,107.60059209090909,0.0,0.0
20260623,desktop,Chrome,Macintosh,11.0,8.0,0.45454545454545453,65.49993,0.0,0.0
20260623,mobile,Android Webview,Android,11.0,10.0,0.7272727272727273,7.341579545454545,1.0,0.0
20260630,mobile,Samsung Internet,Android,11.0,8.0,0.9090909090909091,70.05921245454546,0.0,0.0
20260702,desktop,Chrome,Macintosh,11.0,7.0,0.45454545454545453,162.53099381818183,0.0,0.0
20260704,mobile,Samsung Internet,Android,11.0,11.0,0.6363636363636364,25.811189636363636,0.0,0.0
20260705,desktop,Edge,Windows,11.0,8.0,0.5454545454545454,209.02180918181818,0.0,0.0
20260710,desktop,Mozilla Compatible Agent,Macintosh,11.0,11.0,1.0,0.44378727272727275,0.0,0.0
20260721,desktop,Chrome,Macintosh,11.0,11.0,0.5454545454545454,178.53903272727274,0.0,0.0
20260729,desktop,Chrome,Macintosh,11.0,11.0,0.5454545454545454,268.5399944545455,0.0,0.0
20260803,desktop,Chrome,Macintosh,11.0,9.0,0.6363636363636364,32.76515863636364,0.0,0.0
20260806,desktop,Chrome,Macintosh,11.0,9.0,0.5454545454545454,112.17546063636364,0.0,0.0
20260814,mobile,Android Webview,Android,11.0,8.0,0.7272727272727273,9.048963363636362,0.0,0.0
20260815,desktop,Edge,Windows,11.0,8.0,0.7272727272727273,100.95549345454546,0.0,0.0
20260817,mobile,Chrome,iOS,11.0,11.0,0.5454545454545454,123.30525618181818,0.0,0.0
20260818,desktop,Mozilla Compatible Agent,Macintosh,11.0,11.0,1.0,2.702698,0.0,0.0
20260819,desktop,Mozilla Compatible Agent,Macintosh,11.0,11.0,0.9090909090909091,3.6002560909090904,2.0,0.0
20260820,desktop,Mozilla Compatible Agent,Macintosh,11.0,11.0,1.0,2.4803607272727275,0.0,0.0
20260821,desktop,Chrome,Macintosh,11.0,10.0,0.5454545454545454,84.70185009090909,0.0,0.0
20260824,mobile,Chrome,iOS,11.0,11.0,0.8181818181818182,19.883806545454547,0.0,0.0
20260829,mobile,Android Webview,Android,11.0,11.0,0.7272727272727273,78.69092590909091,0.0,0.0
20260831,desktop,Chrome,Macintosh,11.0,10.0,0.5454545454545454,194.2591269090909,0.0,0.0
20260916,desktop,Mozilla Compatible Agent,Macintosh,11.0,11.0,1.0,1.9136027272727274,0.0,0.0
20260917,desktop,Chrome,Macintosh,11.0,7.0,0.2727272727272727,271.2961343636364,0.0,0.0
20250919,mobile,Samsung Internet,Android,10.0,10.0,0.7,43.0627463,0.0,0.0
20250922,desktop,Mozilla Compatible Agent,Macintosh,10.0,10.0,0.9,3.2824267,1.0,0.0
20250922,mobile,Chrome,iOS,10.0,9.0,0.7,6.4402787,0.0,0.0
20250923,mobile,Chrome,Linux,10.0,10.0,0.2,14.272156900000002,0.0,0.0
20250924,mobile,Chrome,iOS,10.0,8.0,0.2,74.277729,1.0,0.0
20250926,mobile,Samsung Internet,Android,10.0,9.0,0.6,39.8962451,0.0,0.0
20251001,desktop,Chrome,Macintosh,10.0,7.0,0.4,112.3845746,0.0,0.0
20251003,desktop,Chrome,Linux,10.0,10.0,0.4,159.0101988,0.0,0.0
20251004,mobile,Samsung Internet,Android,10.0,9.0,0.4,140.0528937,0.0,0.0
20251010,desktop,Chrome,Macintosh,10.0,8.0,0.5,22.9405551,0.0,0.0
20251013,desktop,Mozilla Compatible Agent,Macintosh,10.0,10.0,0.9,10.0696652,0.0,0.0
20251017,desktop,Chrome,Linux,10.0,8.0,0.4,492.07152879999995,0.0,0.0
20251028,desktop,Chrome,Macintosh,10.0,8.0,0.6,238.9976142,0.0,0.0
20251101,desktop,Edge,Windows,10.0,10.0,1.0,0.5545772,0.0,0.0
20251111,desktop,Mozilla Compatible Agent,Macintosh,10.0,10.0,0.9,5.1663751,0.0,0.0
20251121,desktop,Edge,Windows,10.0,9.0,0.4,64.50159099999999,0.0,0.0
20251126,desktop,Chrome,Macintosh,10.0,8.0,0.1,131.02068300000002,0.0,0.0
20251128,mobile,Chrome,iOS,10.0,10.0,0.4,61.23437369999999,0.0,0.0
20251202,mobile,Chrome,iOS,10.0,10.0,0.3,93.2862255,2.0,0.0
20251203,desktop,Chrome,Macintosh,10.0,7.0,0.5,151.5375717,6.0,0.0
20251204,mobile,Chrome,iOS,10.0,9.0,0.5,14.989452600000002,0.0,0.0
20251209,mobile,Samsung Internet,Android,10.0,8.0,0.3,50.5057922,0.0,0.0
20251210,desktop,Chrome,Linux,10.0,10.0,0.7,305.273058,0.0,0.0
20251217,mobile,Android Webview,Android,10.0,10.0,0.7,27.998296399999997,0.0,0.0
20251217,mobile,Safari (in-app),iOS,10.0,10.0,0.8,3.3404058999999995,0.0,0.0
20251220,mobile,Android Webview,Android,10.0,10.0,0.6,18.3225063,0.0,0.0
20251221,desktop,Opera,Windows,10.0,7.0,0.6,342.5371075,0.0,0.0
20251223,desktop,Chrome,Macintosh,10.0,10.0,0.3,307.7346333,0.0,0.0
20251225,mobile,Samsung Internet,Android,10.0,10.0,0.6,51.64381480000001,1.0,0.0
20260101,mobile,Samsung Internet,Android,10.0,10.0,0.4,61.12986709999999,0.0,0.0
20260103,mobile,Safari (in-app),iOS,10.0,10.0,0.8,7.7553952,0.0,0.0
20260115,desktop,Chrome,Macintosh,10.0,8.0,0.4,35.954242799999996,0.0,0.0
20260115,desktop,Mozilla Compatible Agent,Macintosh,10.0,10.0,1.0,0.6441846,0.0,0.0
20260118,mobile,Samsung Internet,Android,10.0,9.0,0.7,187.7789524,0.0,0.0
20260122,mobile,Samsung Internet,Android,10.0,10.0,0.3,128.5604685,1.0,0.0
20260123,mobile,Chrome,iOS,10.0,10.0,0.5,187.4582285,0.0,0.0
20260130,desktop,Firefox,Windows,10.0,7.0,0.6,143.328448,0.0,0.0
20260210,desktop,Opera,Windows,10.0,4.0,0.4,191.923553,0.0,0.0
20260214,mobile,Samsung Internet,Android,10.0,10.0,0.4,220.63176000000004,0.0,0.0
20260221,desktop,Safari,Macintosh,10.0,9.0,0.1,509.67262719999997,1.0,0.0
20260306,desktop,Opera,Windows,10.0,6.0,0.6,196.6677106,0.0,0.0
20260312,desktop,Mozilla Compatible Agent,Macintosh,10.0,10.0,0.8,13.762516299999998,4.0,0.0
20260327,mobile,Samsung Internet,Android,10.0,8.0,0.7,38.1724095,1.0,0.0
20260405,desktop,Edge,Windows,10.0,8.0,0.4,61.5539461,0.0,0.0
20260427,desktop,Chrome,Macintosh,10.0,6.0,0.6,43.341177,0.0,0.0
20260428,desktop,Chrome,Macintosh,10.0,8.0,0.5,49.4969406,2.0,0.0
20260506,mobile,Samsung Internet,Android,10.0,10.0,0.5,36.5942971,0.0,0.0
20260511,mobile,Samsung Internet,Android,10.0,10.0,0.4,9.2787676,0.0,0.0
20260517,mobile,Samsung Internet,Android,10.0,10.0,0.8,10.5578739,0.0,0.0
20260521,desktop,Chrome,Macintosh,10.0,7.0,0.6,21.836857900000002,0.0,0.0
20260527,mobile,Chrome,iOS,10.0,10.0,0.7,4.686090399999999,0.0,0.0
20260609,desktop,Chrome,Macintosh,10.0,9.0,0.8,63.11602860000001,1.0,0.0
20260611,mobile,Samsung Internet,Android,10.0,10.0,0.4,75.69684129999999,0.0,0.0
20260619,mobile,Android Webview,Android,10.0,10.0,0.8,185.32542180000002,0.0,0.0
20260701,mobile,Samsung Internet,Android,10.0,9.0,0.6,93.5231591,0.0,0.0
20260712,desktop,Mozilla Compatible Agent,Macintosh,10.0,10.0,1.0,1.9229413000000002,0.0,0.0
20260716,desktop,Chrome,Macintosh,10.0,10.0,0.3,258.0510389,0.0,0.0
20260718,mobile,Samsung Internet,Android,10.0,10.0,0.5,56.107537,1.0,0.0
20260719,desktop,Edge,Windows,10.0,7.0,0.5,28.1270512,0.0,0.0
20260722,mobile,Samsung Internet,Android,10.0,10.0,0.7,10.4597572,0.0,0.0
20260723,mobile,Android Webview,Android,10.0,10.0,0.7,274.2731541,0.0,0.0
20260725,mobile,Android Webview,Android,10.0,10.0,0.4,92.5068175,0.0,0.0
20260729,desktop,Safari,Macintosh,10.0,8.0,0.4,29.2212761,0.0,0.0
20260731,desktop,Chrome,Macintosh,10.0,9.0,0.3,205.161592,1.0,0.0
20260731,desktop,Mozilla Compatible Agent,Macintosh,10.0,10.0,1.0,1.5562343,0.0,0.0
20260731,mobile,Samsung Internet,Android,10.0,9.0,0.5,15.850070500000001,0.0,0.0
20260804,desktop,Mozilla Compatible Agent,Macintosh,10.0,10.0,1.0,0.5662514,0.0,0.0
20260816,desktop,Edge,Windows,10.0,8.0,0.6,259.3833505,0.0,0.0
20260816,mobile,Android Webview,Android,10.0,10.0,0.6,7.8372727,2.0,0.0
20260819,desktop,Chrome,Macintosh,10.0,8.0,0.6,223.89077630000003,0.0,0.0
20260819,mobile,Android Webview,Android,10.0,9.0,0.9,8.7673949,0.0,0.0
20260823,desktop,Edge,Windows,10.0,7.0,0.7,59.626396299999996,0.0,0.0
20260826,mobile,Android Webview,Android,10.0,10.0,0.8,5.176413999999999,0.0,0.0
20260828,desktop,Firefox,Windows,10.0,8.0,0.6,135.24348360000002,0.0,0.0
20260901,desktop,Chrome,Macintosh,10.0,9.0,0.1,60.677563299999996,1.0,0.0
20260905,desktop,Edge,Windows,10.0,5.0,0.7,130.7309857,0.0,0.0
20260911,desktop,Mozilla Compatible Agent,Macintosh,10.0,10.0,1.0,0.6966707000000001,0.0,0.0
20260914,desktop,Mozilla Compatible Agent,Macintosh,10.0,10.0,1.0,2.1095265000000003,0.0,0.0
20250919,mobile,Chrome,iOS,9.0,9.0,0.2222222222222222,73.11974133333334,0.0,0.0
20250920,mobile,Samsung Internet,Android,9.0,8.0,0.2222222222222222,160.00133766666667,2.0,0.0
20250922,desktop,Chrome,Macintosh,9.0,7.0,0.2222222222222222,1452.6678275555557,0.0,0.0
20250923,desktop,Mozilla Compatible Agent,Macintosh,9.0,9.0,1.0,1.9820247777777777,0.0,0.0
20250929,desktop,Chrome,Macintosh,9.0,8.0,0.2222222222222222,139.430114,0.0,0.0
20250930,mobile,Samsung Internet,Android,9.0,9.0,0.8888888888888888,8.390104222222224,0.0,0.0
20251001,desktop,Chrome,Linux,9.0,9.0,0.4444444444444444,11.92795188888889,0.0,0.0
20251001,mobile,Samsung Internet,Android,9.0,9.0,0.6666666666666666,11.887346,0.0,0.0
20251009,mobile,Samsung Internet,Android,9.0,9.0,0.8888888888888888,2.3096958888888888,0.0,0.0
20251011,desktop,Chrome,Linux,9.0,9.0,0.2222222222222222,44.68064222222222,0.0,0.0
20251014,desktop,Mozilla Compatible Agent,Macintosh,9.0,9.0,1.0,0.0,0.0,0.0
20251014,mobile,Chrome,iOS,9.0,9.0,0.7777777777777778,5.1601787777777774,0.0,0.0
20251020,desktop,Chrome,Macintosh,9.0,7.0,0.5555555555555556,9.900033,0.0,0.0
20251023,desktop,Chrome,Linux,9.0,6.0,0.3333333333333333,485.49970011111117,0.0,0.0
20251031,tablet,Android Webview,Android,9.0,9.0,1.0,2.3489327777777778,0.0,0.0
20251107,mobile,Chrome,iOS,9.0,9.0,0.5555555555555556,77.41904344444444,0.0,0.0
20251108,mobile,Samsung Internet,Android,9.0,8.0,0.7777777777777778,10.48855388888889,0.0,0.0
20251110,mobile,Samsung Internet,Android,9.0,9.0,0.6666666666666666,106.55517,0.0,0.0
20251111,mobile,Android Webview,Android,9.0,9.0,0.6666666666666666,37.85943333333333,2.0,0.0
20251113,mobile,Android Webview,Android,9.0,9.0,0.5555555555555556,9.366797,0.0,0.0
20251113,mobile,Samsung Internet,Android,9.0,9.0,0.3333333333333333,13.011852222222222,0.0,0.0
20251117,mobile,Android Webview,Android,9.0,9.0,0.5555555555555556,14.640760666666665,0.0,0.0
20251118,mobile,Android Webview,Android,9.0,9.0,0.5555555555555556,7.027294555555555,0.0,0.0
20251120,mobile,Safari (in-app),iOS,9.0,9.0,0.4444444444444444,35.31939144444445,0.0,0.0
20251122,mobile,Samsung Internet,Android,9.0,8.0,0.5555555555555556,35.78195455555556,0.0,0.0
20251203,mobile,Samsung Internet,Android,9.0,8.0,0.4444444444444444,471.09454500000004,1.0,0.0
20251209,mobile,Android Webview,Android,9.0,9.0,0.6666666666666666,194.3343898888889,1.0,0.0
20251212,mobile,Chrome,iOS,9.0,9.0,0.6666666666666666,7.302044555555556,0.0,0.0
20251213,mobile,Android Webview,Android,9.0,9.0,0.3333333333333333,71.04364811111111,1.0,0.0
20251215,mobile,Samsung Internet,Android,9.0,8.0,0.1111111111111111,214.58229566666668,4.0,0.0
20251219,desktop,Firefox,Windows,9.0,8.0,0.4444444444444444,67.77230688888889,1.0,0.0
20251219,mobile,Samsung Internet,Android,9.0,9.0,0.3333333333333333,273.98206744444445,0.0,0.0
20251222,desktop,Chrome,Linux,9.0,9.0,0.6666666666666666,59.40800444444445,1.0,0.0
20260103,desktop,Edge,Windows,9.0,8.0,0.4444444444444444,26.47283088888889,0.0,0.0
20260104,desktop,Edge,Windows,9.0,9.0,0.3333333333333333,216.6227481111111,1.0,0.0
20260106,desktop,Chrome,Macintosh,9.0,8.0,0.2222222222222222,375.76221844444444,0.0,0.0
20260106,mobile,Samsung Internet,Android,9.0,9.0,0.4444444444444444,17.77792788888889,0.0,0.0
20260108,desktop,Chrome,Macintosh,9.0,9.0,0.4444444444444444,159.4149151111111,0.0,0.0
20260110,mobile,Samsung Internet,Android,9.0,9.0,0.3333333333333333,18.227100444444446,0.0,0.0
20260113,desktop,Chrome,Linux,9.0,7.0,0.4444444444444444,398.3513652222222,0.0,0.0
20260113,mobile,Android Webview,Android,9.0,9.0,0.5555555555555556,14.340870777777777,0.0,0.0
20260116,mobile,Samsung Internet,Android,9.0,8.0,0.4444444444444444,101.18763077777777,0.0,0.0
20260117,mobile,Samsung Internet,Android,9.0,8.0,0.4444444444444444,29.003427444444444,0.0,0.0
20260120,desktop,Chrome,Macintosh,9.0,8.0,0.3333333333333333,296.1654025555556,0.0,0.0
20260123,desktop,Chrome,Linux,9.0,4.0,0.4444444444444444,399.8280865555555,0.0,0.0
20260123,desktop,Mozilla Compatible Agent,Macintosh,9.0,9.0,0.8888888888888888,6.332535333333333,1.0,0.0
20260129,desktop,Firefox,Windows,9.0,7.0,0.7777777777777778,42.07546444444445,0.0,0.0
20260130,mobile,Chrome,iOS,9.0,9.0,0.6666666666666666,44.76631633333333,0.0,0.0
20260204,desktop,Chrome,Macintosh,9.0,8.0,0.2222222222222222,20.682143444444446,0.0,0.0
20260205,desktop,Chrome,Macintosh,9.0,7.0,0.3333333333333333,306.84477344444446,0.0,0.0
20260207,mobile,Samsung Internet,Android,9.0,8.0,0.5555555555555556,107.10258344444445,0.0,0.0
20260209,desktop,Mozilla Compatible Agent,Macintosh,9.0,9.0,1.0,0.5122996666666667,0.0,0.0
20260211,desktop,Mozilla Compatible Agent,Macintosh,9.0,9.0,1.0,1.5399533333333333,0.0,0.0
20260215,mobile,Samsung Internet,Android,9.0,9.0,0.1111111111111111,41.82607077777778,0.0,0.0
20260219,mobile,Chrome,iOS,9.0,8.0,0.4444444444444444,1266.903848111111,0.0,0.0
20260220,desktop,Mozilla Compatible Agent,Macintosh,9.0,9.0,1.0,0.5496631111111111,0.0,0.0
20260220,mobile,Chrome,iOS,9.0,9.0,0.4444444444444444,47.95383066666667,0.0,0.0
20260221,mobile,Samsung Internet,Android,9.0,9.0,0.6666666666666666,10.815448111111111,0.0,0.0
20260223,desktop,Safari,Macintosh,9.0,4.0,0.3333333333333333,521.9509641111111,0.0,0.0
20260305,desktop,Chrome,Macintosh,9.0,8.0,0.5555555555555556,68.01687811111111,0.0,0.0
20260306,desktop,Mozilla Compatible Agent,Macintosh,9.0,9.0,0.8888888888888888,22.805303777777777,0.0,0.0
20260309,desktop,Mozilla Compatible Agent,Macintosh,9.0,9.0,0.8888888888888888,5.003529222222222,1.0,0.0
20260310,desktop,Mozilla Compatible Agent,Macintosh,9.0,9.0,1.0,2.7400994444444446,0.0,0.0
20260310,desktop,Opera,Windows,9.0,7.0,0.5555555555555556,31.182208777777777,0.0,0.0
20260313,mobile,Samsung Internet,Android,9.0,9.0,0.5555555555555556,46.74453877777778,0.0,0.0
20260320,desktop,Chrome,Macintosh,9.0,7.0,0.4444444444444444,123.87225922222223,0.0,0.0
20260328,mobile,Samsung Internet,Android,9.0,8.0,0.3333333333333333,72.72279499999999,1.0,0.0
20260406,desktop,Chrome,Macintosh,9.0,9.0,0.4444444444444444,56.31531444444445,0.0,0.0
20260414,desktop,Chrome,Macintosh,9.0,8.0,0.3333333333333333,116.59977722222223,0.0,0.0
20260414,mobile,Samsung Internet,Android,9.0,9.0,0.4444444444444444,21.352128333333333,1.0,0.0
20260420,desktop,Edge,Windows,9.0,9.0,0.3333333333333333,14.448580444444442,0.0,0.0
20260423,desktop,Mozilla Compatible Agent,Macintosh,9.0,9.0,1.0,1.4535944444444444,0.0,0.0
20260505,desktop,Chrome,Macintosh,9.0,8.0,0.2222222222222222,47.546482555555556,1.0,0.0
20260507,mobile,Android Webview,Android,9.0,9.0,0.7777777777777778,27.52459522222222,0.0,0.0
20260507,mobile,Samsung Internet,Android,9.0,9.0,0.4444444444444444,48.455825,0.0,0.0
20260512,desktop,Chrome,Macintosh,9.0,9.0,0.3333333333333333,84.23245400000002,0.0,0.0
20260605,desktop,Chrome,Macintosh,9.0,8.0,0.6666666666666666,22.153979555555555,0.0,0.0
20260614,desktop,Chrome,Macintosh,9.0,8.0,0.3333333333333333,56.10849044444444,0.0,0.0
20260615,desktop,Safari,Macintosh,9.0,5.0,0.3333333333333333,396.6955487777778,0.0,0.0
20260616,desktop,Mozilla Compatible Agent,Macintosh,9.0,9.0,0.6666666666666666,10.735233444444443,0.0,0.0
20260617,mobile,Samsung Internet,Android,9.0,9.0,0.5555555555555556,13.11012011111111,0.0,0.0
20260618,mobile,Samsung Internet,Android,9.0,9.0,0.6666666666666666,31.623347222222222,0.0,0.0
20260626,desktop,Chrome,Macintosh,9.0,6.0,1.0,1.5475055555555555,0.0,0.0
20260629,desktop,Chrome,Macintosh,9.0,7.0,0.7777777777777778,63.81203177777778,0.0,0.0
20260706,desktop,Chrome,Macintosh,9.0,9.0,0.3333333333333333,156.05107511111112,0.0,0.0
20260706,desktop,Mozilla Compatible Agent,Macintosh,9.0,9.0,1.0,1.8243491111111112,0.0,0.0
20260709,desktop,Mozilla Compatible Agent,Macintosh,9.0,9.0,1.0,2.490624,0.0,0.0
20260713,desktop,Chrome,Macintosh,9.0,8.0,0.4444444444444444,35.64928422222223,0.0,0.0
20260715,mobile,Samsung Internet,Android,9.0,8.0,0.4444444444444444,47.022509444444445,0.0,0.0
20260721,mobile,Samsung Internet,Android,9.0,9.0,0.4444444444444444,95.63594944444445,2.0,0.0
20260726,mobile,Samsung Internet,Android,9.0,9.0,0.7777777777777778,80.39522977777777,0.0,0.0
20260730,mobile,Samsung Internet,Android,9.0,7.0,0.3333333333333333,435.88181544444444,0.0,0.0
20260803,mobile,Android Webview,Android,9.0,9.0,0.6666666666666666,78.950028,0.0,0.0
20260805,desktop,Chrome,Macintosh,9.0,9.0,0.7777777777777778,4.626030555555555,0.0,0.0
20260812,desktop,Chrome,Macintosh,9.0,8.0,0.8888888888888888,4.8986568888888895,0.0,0.0
20260817,desktop,Mozilla Compatible Agent,Macintosh,9.0,9.0,0.8888888888888888,5.323377666666667,0.0,0.0
20260817,mobile,Android Webview,Android,9.0,6.0,0.7777777777777778,3.6177114444444447,0.0,0.0
20260821,mobile,Chrome,iOS,9.0,9.0,0.5555555555555556,98.415383,0.0,0.0
20260826,desktop,Chrome,Macintosh,9.0,8.0,0.4444444444444444,216.9272847777778,0.0,0.0
20260827,mobile,Android Webview,Android,9.0,9.0,0.5555555555555556,18.094340222222222,0.0,0.0
20260903,desktop,Mozilla Compatible Agent,Macintosh,9.0,9.0,0.8888888888888888,5.207268888888889,0.0,0.0
20260904,desktop,Chrome,Macintosh,9.0,7.0,0.4444444444444444,40.27530311111111,0.0,0.0
20260906,desktop,Edge,Windows,9.0,6.0,0.6666666666666666,70.52054144444445,0.0,0.0
20260907,desktop,Edge,Windows,9.0,5.0,0.6666666666666666,4.817465,0.0,0.0
20260908,desktop,Chrome,Macintosh,9.0,8.0,0.3333333333333333,65.57509944444445,0.0,0.0
20260910,desktop,Chrome,Linux,9.0,9.0,0.2222222222222222,54.98833422222222,0.0,0.0
20260913,mobile,Samsung Internet,Android,9.0,8.0,0.7777777777777778,113.36614011111112,0.0,0.0
20260915,mobile,Android Webview,Android,9.0,9.0,0.5555555555555556,123.61017122222223,0.0,0.0
20260916,desktop,Chrome,Macintosh,9.0,7.0,0.3333333333333333,66.26616622222222,0.0,0.0
20250918,desktop,Chrome,Macintosh,8.0,8.0,0.625,296.789399625,0.0,0.0
20250926,mobile,Chrome,iOS,8.0,6.0,0.25,121.276792625,0.0,0.0
20250929,desktop,Chrome,Linux,8.0,8.0,0.75,12.1024635,0.0,0.0
20251002,desktop,Chrome,Macintosh,8.0,7.0,0.0,572.189644625,0.0,0.0
20251006,desktop,Chrome,Macintosh,8.0,6.0,0.375,121.96239050000001,0.0,0.0
20251007,mobile,Samsung Internet,Android,8.0,8.0,0.5,66.15764387499999,0.0,0.0
20251015,desktop,Chrome,Chrome OS,8.0,6.0,0.375,39.769693375,0.0,0.0
20251022,desktop,Chrome,Macintosh,8.0,7.0,0.5,76.82461699999999,0.0,0.0
20251027,desktop,Chrome,Macintosh,8.0,7.0,0.25,356.929775625,0.0,0.0
20251028,desktop,Chrome,Linux,8.0,8.0,0.75,5.442508,0.0,0.0
20251030,desktop,Chrome,Linux,8.0,8.0,0.375,98.838619,0.0,0.0
20251103,desktop,Chrome,Linux,8.0,7.0,0.375,191.397816125,0.0,0.0
20251106,mobile,Chrome,iOS,8.0,8.0,0.375,46.903674374999994,0.0,0.0
20251109,mobile,Samsung Internet,Android,8.0,8.0,0.375,45.126313375,1.0,0.0
20251111,mobile,Chrome,iOS,8.0,8.0,0.5,28.238893375,0.0,0.0
20251112,desktop,Chrome,Macintosh,8.0,6.0,0.375,117.246989625,0.0,0.0
20251112,mobile,Chrome,iOS,8.0,8.0,0.375,16.37446425,0.0,0.0
20251114,mobile,Samsung Internet,Android,8.0,7.0,0.5,21.036810625,0.0,0.0
20251117,mobile,Samsung Internet,Android,8.0,8.0,0.625,5.71151225,0.0,0.0
20251121,desktop,Chrome,Macintosh,8.0,6.0,0.5,91.034055375,0.0,0.0
20251121,mobile,Samsung Internet,Android,8.0,8.0,0.375,67.992746875,0.0,0.0
20251125,mobile,Chrome,iOS,8.0,8.0,0.625,34.601929750000004,0.0,0.0
20251128,desktop,Firefox,Windows,8.0,8.0,0.875,218.5066355,0.0,0.0
20251129,mobile,Samsung Internet,Android,8.0,8.0,0.125,24.636963375,0.0,0.0
20251202,mobile,Samsung Internet,Android,8.0,5.0,0.375,236.332362375,0.0,0.0
20251207,desktop,Edge,Windows,8.0,7.0,0.5,129.630993625,0.0,0.0
20251212,mobile,Android Webview,Android,8.0,8.0,0.5,20.10893625,0.0,0.0
20251216,mobile,Samsung Internet,Android,8.0,8.0,0.375,10.286216,0.0,0.0
20251224,desktop,Edge,Windows,8.0,8.0,0.75,67.1948565,1.0,0.0
20251226,mobile,Samsung Internet,Android,8.0,8.0,0.5,36.8704905,0.0,0.0
20260101,desktop,Chrome,Linux,8.0,8.0,0.875,32.9514135,0.0,0.0
20260107,desktop,Chrome,Macintosh,8.0,7.0,0.375,56.448514,0.0,0.0
20260108,mobile,Samsung Internet,Android,8.0,7.0,0.5,37.189227875,0.0,0.0
20260109,mobile,Android Webview,Android,8.0,8.0,0.875,7.271456625,0.0,0.0
20260110,desktop,Safari,Macintosh,8.0,8.0,0.5,191.91894325,0.0,0.0
20260113,mobile,Samsung Internet,Android,8.0,8.0,0.0,161.005749,0.0,0.0
20260115,mobile,Samsung Internet,Android,8.0,8.0,0.375,36.1516405,0.0,0.0
20260116,desktop,Mozilla Compatible Agent,Macintosh,8.0,8.0,0.875,4.461230625,0.0,0.0
20260130,desktop,Mozilla Compatible Agent,Macintosh,8.0,8.0,1.0,1.331351125,0.0,0.0
20260206,desktop,Chrome,Macintosh,8.0,7.0,0.75,28.9732125,0.0,0.0
20260210,mobile,Samsung Internet,Android,8.0,7.0,0.625,243.7712035,0.0,0.0
20260212,desktop,Mozilla Compatible Agent,Macintosh,8.0,8.0,1.0,1.006413125,0.0,0.0
20260213,desktop,Mozilla Compatible Agent,Macintosh,8.0,8.0,1.0,1.555127625,0.0,0.0
20260215,desktop,Edge,Windows,8.0,5.0,0.625,46.622342125,0.0,0.0
20260216,mobile,Samsung Internet,Android,8.0,8.0,0.25,148.578342875,0.0,0.0
20260218,mobile,Chrome,iOS,8.0,8.0,0.625,11.527236625,0.0,0.0
20260220,mobile,Samsung Internet,Android,8.0,7.0,0.625,51.827805125,0.0,0.0
20260224,desktop,Mozilla Compatible Agent,Macintosh,8.0,8.0,1.0,0.6107935,0.0,0.0
20260225,desktop,Mozilla Compatible Agent,Macintosh,8.0,8.0,0.875,5.34558625,0.0,0.0
20260226,mobile,Samsung Internet,Android,8.0,7.0,0.375,107.93688800000001,0.0,0.0
20260301,desktop,Edge,Windows,8.0,7.0,0.625,30.228208625,0.0,0.0
20260310,mobile,Samsung Internet,Android,8.0,6.0,0.5,29.778353499999998,0.0,0.0
20260313,desktop,Chrome,Macintosh,8.0,8.0,0.375,90.560611375,0.0,0.0
20260320,mobile,Samsung Internet,Android,8.0,7.0,0.75,27.671689625,0.0,0.0
20260324,desktop,Chrome,Macintosh,8.0,8.0,0.5,46.064558875,0.0,0.0
20260325,mobile,Samsung Internet,Android,8.0,8.0,0.625,72.022349375,0.0,0.0
20260330,desktop,Chrome,Macintosh,8.0,6.0,0.75,13.4619415,0.0,0.0
20260405,mobile,Samsung Internet,Android,8.0,7.0,0.625,59.200800875,0.0,0.0
20260411,mobile,Samsung Internet,Android,8.0,8.0,0.875,7.09164575,0.0,0.0
20260412,mobile,Samsung Internet,Android,8.0,8.0,0.5,15.038633375,0.0,0.0
20260416,desktop,Chrome,Macintosh,8.0,5.0,0.75,10.929109875,0.0,0.0
20260418,mobile,Samsung Internet,Android,8.0,8.0,0.625,57.01296,0.0,0.0
20260421,desktop,Chrome,Macintosh,8.0,7.0,0.375,254.095859875,1.0,0.0
20260421,mobile,Samsung Internet,Android,8.0,8.0,0.625,19.77353925,0.0,0.0
20260422,desktop,Mozilla Compatible Agent,Macintosh,8.0,8.0,0.875,3.2791183750000004,0.0,0.0
20260423,desktop,Chrome,Macintosh,8.0,7.0,0.625,127.0179065,0.0,0.0
20260424,desktop,Chrome,Macintosh,8.0,8.0,0.5,56.355144499999994,0.0,0.0
20260509,mobile,Android Webview,Android,8.0,8.0,0.5,43.31752525,0.0,0.0
20260515,desktop,Safari,Macintosh,8.0,8.0,0.25,42.641110375,0.0,0.0
20260516,desktop,Edge,Windows,8.0,7.0,0.625,44.88743425,0.0,0.0
20260516,mobile,Samsung Internet,Android,8.0,8.0,0.75,40.101932875,0.0,0.0
20260522,desktop,Chrome,Macintosh,8.0,6.0,0.75,38.81021525,0.0,0.0
20260523,mobile,Samsung Internet,Android,8.0,8.0,0.625,47.891459000000005,0.0,0.0
20260529,desktop,Chrome,Macintosh,8.0,8.0,0.25,292.972475125,1.0,0.0
20260602,desktop,Chrome,Linux,8.0,5.0,0.5,291.427258625,0.0,0.0
20260602,mobile,Samsung Internet,Android,8.0,8.0,0.5,148.09540337500002,1.0,0.0
20260603,desktop,Chrome,Macintosh,8.0,7.0,0.75,89.4856915,1.0,0.0
20260604,mobile,Samsung Internet,Android,8.0,8.0,0.375,56.735952625,0.0,0.0
20260615,desktop,Mozilla Compatible Agent,Macintosh,8.0,8.0,1.0,0.0,0.0,0.0
20260616,desktop,Safari,Macintosh,8.0,4.0,0.75,92.086432375,0.0,0.0
20260617,desktop,Chrome,Macintosh,8.0,7.0,0.375,274.074075875,0.0,0.0
20260618,desktop,Chrome,Macintosh,8.0,8.0,0.5,119.48730875,0.0,0.0
20260618,desktop,Firefox,Windows,8.0,6.0,0.25,157.036854375,0.0,0.0
20260619,desktop,Chrome,Macintosh,8.0,4.0,0.5,158.179055125,1.0,0.0
20260622,desktop,Chrome,Linux,8.0,8.0,0.25,45.400338375,0.0,0.0
20260623,desktop,Mozilla Compatible Agent,Macintosh,8.0,8.0,0.875,5.022781,0.0,0.0
20260625,desktop,Mozilla Compatible Agent,Macintosh,8.0,8.0,1.0,3.55443875,0.0,0.0
20260630,mobile,Android Webview,Android,8.0,8.0,0.5,13.90284525,0.0,0.0
20260704,desktop,Edge,Windows,8.0,7.0,0.75,149.58150512499998,0.0,0.0
20260707,desktop,Chrome,Macintosh,8.0,6.0,0.375,73.705033125,3.0,0.0
20260713,desktop,Mozilla Compatible Agent,Macintosh,8.0,8.0,0.5,27.50269175,1.0,0.0
20260713,mobile,Samsung Internet,Android,8.0,6.0,0.75,19.4540685,0.0,0.0
20260721,desktop,(not set),(not set),8.0,8.0,0.5,62.404119875,0.0,0.0
20260721,desktop,Safari,Macintosh,8.0,6.0,0.375,77.132958875,0.0,0.0
20260723,desktop,Chrome,Macintosh,8.0,8.0,0.125,134.16474499999998,2.0,0.0
20260723,mobile,Samsung Internet,Android,8.0,8.0,0.5,184.400576375,0.0,0.0
20260724,mobile,Android Webview,Android,8.0,8.0,0.25,117.19870962499999,0.0,0.0
20260728,desktop,Chrome,Macintosh,8.0,8.0,0.375,104.80448225,0.0,0.0
20260804,desktop,Chrome,Macintosh,8.0,7.0,0.5,117.1084655,1.0,0.0
20260806,mobile,Android Webview,Android,8.0,8.0,0.625,5.1316365,0.0,0.0
20260808,mobile,Android Webview,Android,8.0,8.0,0.625,3.078544,0.0,0.0
20260811,desktop,Chrome,Macintosh,8.0,7.0,0.75,8.776626375000001,0.0,0.0
20260812,desktop,Mozilla Compatible Agent,Macintosh,8.0,8.0,0.875,4.688623375000001,0.0,0.0
20260812,desktop,Safari,Macintosh,8.0,7.0,0.125,91.79031,0.0,0.0
20260813,desktop,Chrome,Macintosh,8.0,6.0,0.75,589.09157025,0.0,0.0
20260817,desktop,Chrome,Linux,8.0,6.0,0.625,183.873647375,0.0,0.0
20260818,desktop,Chrome,Macintosh,8.0,6.0,0.375,287.617759375,0.0,0.0
20260820,desktop,Chrome,Macintosh,8.0,7.0,0.625,15.86736675,0.0,0.0
20260821,desktop,Mozilla Compatible Agent,Macintosh,8.0,8.0,0.875,3.7764063749999996,0.0,0.0
20260824,desktop,Chrome,Macintosh,8.0,6.0,0.375,71.384635875,0.0,0.0
20260825,desktop,Chrome,Macintosh,8.0,7.0,0.375,291.20264037500004,0.0,0.0
20260830,desktop,Edge,Windows,8.0,6.0,0.875,2.9223261249999997,0.0,0.0
20260902,desktop,Chrome,Macintosh,8.0,7.0,0.25,27.025252,0.0,0.0
20260902,desktop,Mozilla Compatible Agent,Macintosh,8.0,8.0,0.875,5.011412,0.0,0.0
20260910,mobile,Samsung Internet,Android,8.0,8.0,0.625,84.45509399999999,0.0,0.0
20260912,mobile,Samsung Internet,Android,8.0,8.0,0.5,51.438958250000006,0.0,0.0
20250918,mobile,Samsung Internet,Android,7.0,7.0,0.5714285714285714,39.64758757142857,0.0,0.0
20250920,desktop,Mozilla Compatible Agent,Macintosh,7.0,7.0,1.0,0.9804254285714286,0.0,0.0
20250923,desktop,Opera,Windows,7.0,4.0,0.7142857142857143,37.51922428571429,0.0,0.0
20250923,tablet,Android Webview,Android,7.0,7.0,0.5714285714285714,76.43738557142856,0.0,0.0
20250930,mobile,Chrome,iOS,7.0,6.0,0.42857142857142855,109.68722585714285,1.0,0.0
20251003,desktop,Chrome,Macintosh,7.0,7.0,0.5714285714285714,11.496210142857143,0.0,0.0
20251003,mobile,Samsung Internet,Android,7.0,7.0,0.5714285714285714,3.673502857142857,0.0,0.0
20251005,mobile,Samsung Internet,Android,7.0,7.0,0.7142857142857143,34.99542457142857,0.0,0.0
20251006,mobile,Chrome,iOS,7.0,7.0,0.42857142857142855,14.166716857142857,0.0,0.0
20251006,mobile,Samsung Internet,Android,7.0,7.0,0.2857142857142857,19.20777442857143,0.0,0.0
20251007,desktop,Chrome,Linux,7.0,6.0,0.7142857142857143,9.213283285714285,0.0,0.0
20251009,desktop,Chrome,Macintosh,7.0,5.0,0.7142857142857143,59.31658142857143,0.0,0.0
20251009,mobile,Chrome,iOS,7.0,7.0,0.2857142857142857,63.17718071428571,0.0,0.0
20251014,desktop,Chrome,Linux,7.0,7.0,0.42857142857142855,51.98735342857143,0.0,0.0
20251015,desktop,Safari,Macintosh,7.0,6.0,0.2857142857142857,199.65910314285716,0.0,0.0
20251020,tablet,Chrome,Android,7.0,6.0,0.5714285714285714,321.06306885714287,0.0,0.0
20251021,desktop,Chrome,Linux,7.0,7.0,0.7142857142857143,19.35561285714286,0.0,0.0
20251021,desktop,Chrome,Macintosh,7.0,6.0,0.7142857142857143,121.80698257142856,0.0,0.0
20251022,desktop,Chrome,Linux,7.0,7.0,1.0,0.6345141428571429,0.0,0.0
20251022,desktop,Mozilla Compatible Agent,Macintosh,7.0,7.0,1.0,0.0,0.0,0.0
20251025,tablet,Android Webview,Android,7.0,7.0,0.2857142857142857,331.87935085714287,0.0,0.0
20251030,desktop,Safari,Macintosh,7.0,6.0,0.7142857142857143,33.38074557142857,1.0,0.0
20251031,desktop,Chrome,Linux,7.0,4.0,0.2857142857142857,307.850726,0.0,0.0
20251031,desktop,Opera,Windows,7.0,7.0,0.42857142857142855,15.524933142857142,0.0,0.0
20251101,desktop,Chrome,Linux,7.0,6.0,0.7142857142857143,18.467609714285715,0.0,0.0
20251104,mobile,Chrome,iOS,7.0,7.0,0.2857142857142857,16.496392142857143,0.0,0.0
20251105,desktop,Chrome,Macintosh,7.0,7.0,0.42857142857142855,35.38633942857143,0.0,0.0
20251105,desktop,Edge,Windows,7.0,7.0,0.2857142857142857,480.0141742857143,0.0,0.0
20251107,desktop,Chrome,Macintosh,7.0,5.0,0.2857142857142857,146.0352547142857,1.0,0.0
20251110,desktop,Opera,Windows,7.0,4.0,0.42857142857142855,223.5571742857143,0.0,0.0
20251112,desktop,Chrome,Linux,7.0,7.0,0.5714285714285714,10.374425428571428,0.0,0.0
20251113,desktop,Chrome,Macintosh,7.0,7.0,0.2857142857142857,256.776031,0.0,0.0
20251115,desktop,Edge,Windows,7.0,6.0,0.42857142857142855,114.47214557142857,0.0,0.0
20251118,desktop,Chrome,Macintosh,7.0,5.0,0.5714285714285714,18.18770685714286,0.0,0.0
20251118,mobile,Safari (in-app),iOS,7.0,7.0,0.14285714285714285,5.974490285714286,0.0,0.0
20251128,desktop,Chrome,Macintosh,7.0,6.0,0.5714285714285714,230.180665,0.0,0.0
20251201,desktop,Chrome,Macintosh,7.0,6.0,0.5714285714285714,234.82785071428572,0.0,0.0
20251201,desktop,Safari,Macintosh,7.0,5.0,0.7142857142857143,15.396827142857143,0.0,0.0
20251206,mobile,Safari (in-app),iOS,7.0,7.0,0.7142857142857143,62.36034814285715,0.0,0.0
20251209,desktop,Chrome,Macintosh,7.0,7.0,0.2857142857142857,268.6967264285714,0.0,0.0
20251209,mobile,Safari (in-app),iOS,7.0,7.0,0.5714285714285714,3.027835857142857,0.0,0.0
20251210,mobile,Safari (in-app),iOS,7.0,7.0,0.42857142857142855,15.532978857142856,1.0,0.0
20251212,mobile,Safari (in-app),iOS,7.0,7.0,0.7142857142857143,2.8738955714285717,0.0,0.0
20251213,mobile,Samsung Internet,Android,7.0,7.0,0.42857142857142855,11.25434,0.0,0.0
20251214,desktop,Edge,Windows,7.0,7.0,0.14285714285714285,78.65141542857144,0.0,0.0
20251214,mobile,Safari (in-app),iOS,7.0,7.0,0.2857142857142857,7.557516142857144,1.0,0.0
20251215,desktop,Opera,Windows,7.0,6.0,0.5714285714285714,291.9239031428571,0.0,0.0
20251216,desktop,Chrome,Linux,7.0,7.0,0.5714285714285714,74.59195214285714,0.0,0.0
20251218,desktop,Chrome,Linux,7.0,7.0,0.7142857142857143,22.853952857142854,0.0,0.0
20251221,desktop,Edge,Windows,7.0,7.0,0.8571428571428571,3.277586142857143,0.0,0.0
20251223,mobile,Samsung Internet,Android,7.0,7.0,0.8571428571428571,15.648563285714285,0.0,0.0
20251228,desktop,Edge,Windows,7.0,7.0,0.5714285714285714,45.465629,0.0,0.0
20251229,desktop,Firefox,Windows,7.0,6.0,0.42857142857142855,203.23679871428573,0.0,0.0
20260102,mobile,Samsung Internet,Android,7.0,7.0,0.2857142857142857,30.728249857142856,0.0,0.0
20260105,desktop,Chrome,Linux,7.0,7.0,0.5714285714285714,163.42355542857143,1.0,0.0
20260106,desktop,Chrome,Linux,7.0,7.0,0.42857142857142855,161.10059699999996,0.0,0.0
20260107,mobile,Android Webview,Android,7.0,7.0,0.5714285714285714,9.721787428571428,0.0,0.0
20260109,desktop,Chrome,Macintosh,7.0,7.0,0.42857142857142855,89.84790185714284,0.0,0.0
20260114,desktop,Safari,Macintosh,7.0,7.0,0.2857142857142857,174.19182300000003,0.0,0.0
20260123,desktop,Chrome,Macintosh,7.0,7.0,0.2857142857142857,189.25930014285717,2.0,0.0
20260128,desktop,Mozilla Compatible Agent,Macintosh,7.0,7.0,1.0,1.5624532857142857,0.0,0.0
20260129,desktop,Mozilla Compatible Agent,Macintosh,7.0,7.0,0.8571428571428571,2.0496094285714284,0.0,0.0
20260129,mobile,Samsung Internet,Android,7.0,6.0,0.42857142857142855,20.421141285714288,0.0,0.0
20260202,desktop,Chrome,Macintosh,7.0,7.0,0.2857142857142857,537.3334897142857,0.0,0.0
20260203,mobile,Samsung Internet,Android,7.0,7.0,0.7142857142857143,35.846178,1.0,0.0
20260204,desktop,Mozilla Compatible Agent,Macintosh,7.0,7.0,0.8571428571428571,6.876108428571429,0.0,0.0
20260210,desktop,Chrome,Linux,7.0,4.0,0.14285714285714285,262.82455714285715,0.0,0.0
20260211,desktop,Chrome,Macintosh,7.0,7.0,0.14285714285714285,135.3608962857143,1.0,0.0
20260213,mobile,Samsung Internet,Android,7.0,7.0,0.14285714285714285,516.0031034285714,1.0,0.0
20260223,desktop,Chrome,Macintosh,7.0,7.0,0.5714285714285714,25.494987714285713,0.0,0.0
20260226,desktop,Chrome,Macintosh,7.0,6.0,0.5714285714285714,95.83910914285715,0.0,0.0
20260226,desktop,Safari,Macintosh,7.0,4.0,0.0,872.8109247142858,0.0,0.0
20260228,desktop,Chrome,Macintosh,7.0,2.0,0.2857142857142857,381.8835304285714,0.0,0.0
20260301,mobile,Samsung Internet,Android,7.0,7.0,0.2857142857142857,26.367040285714285,0.0,0.0
20260302,desktop,Chrome,Macintosh,7.0,7.0,0.14285714285714285,110.86596442857142,0.0,0.0
20260302,mobile,Chrome,iOS,7.0,7.0,0.5714285714285714,53.757371,0.0,0.0
20260304,desktop,Firefox,Windows,7.0,4.0,0.2857142857142857,590.7953974285713,0.0,0.0
20260305,desktop,Mozilla Compatible Agent,Macintosh,7.0,7.0,1.0,0.8231219999999999,0.0,0.0
20260306,desktop,Chrome,Macintosh,7.0,7.0,0.42857142857142855,142.57546,0.0,0.0
20260306,mobile,Samsung Internet,Android,7.0,7.0,0.5714285714285714,19.323277714285716,0.0,0.0
20260312,desktop,Chrome,Macintosh,7.0,6.0,0.2857142857142857,22.412963999999995,0.0,0.0
20260320,desktop,Firefox,Windows,7.0,4.0,0.8571428571428571,8.743169428571429,0.0,0.0
20260321,mobile,Samsung Internet,Android,7.0,7.0,0.7142857142857143,107.49456357142857,1.0,0.0
20260325,desktop,Mozilla Compatible Agent,Macintosh,7.0,7.0,1.0,1.964601,0.0,0.0
20260326,desktop,Chrome,Macintosh,7.0,6.0,0.42857142857142855,143.24377099999998,0.0,0.0
20260404,mobile,Samsung Internet,Android,7.0,7.0,0.42857142857142855,252.07085514285717,0.0,0.0
20260407,mobile,Samsung Internet,Android,7.0,6.0,0.5714285714285714,38.62879357142857,2.0,0.0
20260409,mobile,Samsung Internet,Android,7.0,6.0,0.5714285714285714,33.149318428571426,0.0,0.0
20260415,desktop,Chrome,Macintosh,7.0,6.0,0.5714285714285714,67.01500771428572,0.0,0.0
20260422,desktop,Safari,Macintosh,7.0,5.0,0.7142857142857143,210.5597882857143,2.0,0.0
20260503,desktop,Edge,Windows,7.0,6.0,0.5714285714285714,307.0919444285714,0.0,0.0
20260503,mobile,Android Webview,Android,7.0,7.0,0.42857142857142855,48.249007,0.0,0.0
20260505,desktop,Safari,Macintosh,7.0,6.0,0.5714285714285714,251.3203882857143,0.0,0.0
20260507,desktop,Safari,Macintosh,7.0,6.0,0.8571428571428571,5.186617,0.0,0.0
20260508,desktop,Chrome,Linux,7.0,7.0,0.5714285714285714,269.10929300000004,0.0,0.0
20260508,desktop,Chrome,Macintosh,7.0,6.0,0.42857142857142855,115.72894642857143,2.0,0.0
20260510,desktop,Edge,Windows,7.0,7.0,0.42857142857142855,92.827972,0.0,0.0
20260510,mobile,Samsung Internet,Android,7.0,7.0,0.42857142857142855,46.10278742857143,0.0,0.0
20260511,desktop,Chrome,Macintosh,7.0,7.0,0.42857142857142855,261.1218157142857,0.0,0.0
20260512,mobile,Samsung Internet,Android,7.0,7.0,0.7142857142857143,13.288673714285713,0.0,0.0
20260520,desktop,Chrome,Macintosh,7.0,6.0,0.14285714285714285,223.466424,0.0,0.0
20260524,desktop,Edge,Windows,7.0,6.0,0.2857142857142857,124.65852,0.0,0.0
20260526,desktop,Chrome,Macintosh,7.0,5.0,0.5714285714285714,43.77517457142857,0.0,0.0
20260527,desktop,Chrome,Macintosh,7.0,5.0,0.5714285714285714,226.9388502857143,1.0,0.0
20260528,mobile,Samsung Internet,Android,7.0,6.0,0.7142857142857143,6.963366714285714,0.0,0.0
20260610,desktop,Chrome,Macintosh,7.0,6.0,0.5714285714285714,174.85663542857142,0.0,0.0
20260611,desktop,Safari,Macintosh,7.0,6.0,0.7142857142857143,265.28493028571427,0.0,0.0
20260622,desktop,Mozilla Compatible Agent,Macintosh,7.0,7.0,1.0,0.6658951428571429,0.0,0.0
20260628,mobile,Samsung Internet,Android,7.0,7.0,0.2857142857142857,26.700334285714284,0.0,0.0
20260701,desktop,Chrome,Macintosh,7.0,6.0,0.2857142857142857,45.35842100000001,0.0,0.0
20260703,mobile,Android Webview,Android,7.0,6.0,0.42857142857142855,41.55932128571428,2.0,0.0
20260703,mobile,Samsung Internet,Android,7.0,7.0,0.5714285714285714,23.106505,0.0,0.0
20260705,mobile,Samsung Internet,Android,7.0,7.0,0.5714285714285714,73.25107028571428,0.0,0.0
20260711,mobile,Samsung Internet,Android,7.0,7.0,0.42857142857142855,34.80202,0.0,0.0
20260714,desktop,Firefox,Windows,7.0,7.0,0.7142857142857143,12.248632857142857,0.0,0.0
20260715,desktop,Firefox,Windows,7.0,7.0,0.42857142857142855,47.72238885714285,0.0,0.0
20260715,mobile,Android Webview,Android,7.0,7.0,0.42857142857142855,52.54123057142857,2.0,0.0
20260716,mobile,Android Webview,Android,7.0,7.0,0.42857142857142855,10.152426142857141,1.0,0.0
20260716,mobile,Samsung Internet,Android,7.0,6.0,0.5714285714285714,356.7008291428571,0.0,0.0
20260718,desktop,Mozilla Compatible Agent,Macintosh,7.0,7.0,0.8571428571428571,8.453321571428571,0.0,0.0
20260723,desktop,Mozilla Compatible Agent,Macintosh,7.0,7.0,1.0,0.8714608571428571,0.0,0.0
20260727,mobile,Android Webview,Android,7.0,6.0,0.5714285714285714,51.876383,0.0,0.0
20260804,desktop,Firefox,Windows,7.0,5.0,0.42857142857142855,15.43819557142857,0.0,0.0
20260813,mobile,Samsung Internet,Android,7.0,6.0,0.2857142857142857,60.78605242857143,2.0,0.0
20260814,mobile,Samsung Internet,Android,7.0,7.0,0.8571428571428571,17.926791142857144,1.0,0.0
20260815,mobile,Samsung Internet,Android,7.0,6.0,0.42857142857142855,102.91190428571429,0.0,0.0
20260816,mobile,Samsung Internet,Android,7.0,7.0,0.8571428571428571,91.49083814285713,0.0,0.0
20260818,desktop,(not set),(not set),7.0,7.0,0.8571428571428571,18.57252957142857,0.0,0.0
20260823,desktop,Mozilla Compatible Agent,Macintosh,7.0,7.0,1.0,0.0,0.0,0.0
20260829,desktop,Edge,Windows,7.0,5.0,0.7142857142857143,12.603599428571428,0.0,0.0
20260913,desktop,Mozilla Compatible Agent,Macintosh,7.0,7.0,1.0,1.512203857142857,0.0,0.0
20260914,desktop,(not set),(not set),7.0,7.0,0.5714285714285714,121.09475585714286,0.0,0.0
20260915,desktop,Mozilla Compatible Agent,Macintosh,7.0,7.0,1.0,4.3712417142857145,0.0,0.0
20260915,mobile,Samsung Internet,Android,7.0,6.0,0.5714285714285714,10.865522142857142,0.0,0.0
20250918,desktop,Firefox,Windows,6.0,6.0,0.6666666666666666,3.743611833333333,0.0,0.0
20250921,mobile,Samsung Internet,Android,6.0,6.0,0.3333333333333333,92.76343983333334,0.0,0.0
20250922,mobile,Samsung Internet,Android,6.0,6.0,0.3333333333333333,286.82895533333334,0.0,0.0
20250923,desktop,Chrome,Macintosh,6.0,6.0,0.3333333333333333,674.7072481666667,0.0,0.0
20250924,desktop,Opera,Windows,6.0,5.0,0.6666666666666666,46.309897,0.0,0.0
20250925,desktop,Firefox,Windows,6.0,4.0,0.5,10.716933500000001,1.0,0.0
20250925,desktop,Opera,Windows,6.0,5.0,0.6666666666666666,151.556836,0.0,0.0
20250926,desktop,Chrome,Macintosh,6.0,4.0,0.3333333333333333,99.8655585,1.0,0.0
20250927,desktop,Mozilla Compatible Agent,Macintosh,6.0,6.0,1.0,0.0,0.0,0.0
20250927,tablet,Chrome,Android,6.0,5.0,0.5,83.86481583333334,0.0,0.0
20251001,mobile,Chrome,iOS,6.0,5.0,0.6666666666666666,94.81091350000001,0.0,0.0
20251001,tablet,Android Webview,Android,6.0,6.0,0.8333333333333334,11.999842666666666,0.0,0.0
20251002,mobile,Chrome,iOS,6.0,6.0,0.5,9.449690333333335,0.0,0.0
20251005,mobile,Chrome,iOS,6.0,6.0,0.5,43.26014633333333,1.0,0.0
20251008,desktop,Chrome,Macintosh,6.0,4.0,0.3333333333333333,165.406487,0.0,0.0
20251009,desktop,Safari,Macintosh,6.0,6.0,0.6666666666666666,19.370925,0.0,0.0
20251010,mobile,Chrome,Linux,6.0,6.0,0.5,6.8542950000000005,0.0,0.0
20251016,tablet,Android Webview,Android,6.0,6.0,0.5,59.0984665,3.0,0.0
20251019,tablet,Chrome,Android,6.0,6.0,0.5,142.8153575,2.0,0.0
20251020,desktop,Firefox,Windows,6.0,5.0,0.8333333333333334,61.437121499999996,0.0,0.0
20251020,desktop,Safari,Macintosh,6.0,6.0,0.6666666666666666,24.602857,0.0,0.0
20251025,desktop,Edge,Windows,6.0,5.0,0.5,48.7798455,0.0,0.0
20251029,desktop,Chrome,Linux,6.0,6.0,0.6666666666666666,9.222948833333334,0.0,0.0
20251031,desktop,Safari,Macintosh,6.0,6.0,0.8333333333333334,2.8768930000000004,0.0,0.0
20251101,tablet,Android Webview,Android,6.0,5.0,0.3333333333333333,27.7079225,0.0,0.0
20251102,desktop,Chrome,Linux,6.0,6.0,0.3333333333333333,334.359937,0.0,0.0
20251102,desktop,Edge,Windows,6.0,6.0,1.0,4.061466833333333,0.0,0.0
20251102,tablet,Android Webview,Android,6.0,6.0,0.5,373.1857725,0.0,0.0
20251104,mobile,Opera,Android,6.0,6.0,0.6666666666666666,16.785892166666667,0.0,0.0
20251106,desktop,Chrome,Macintosh,6.0,5.0,0.3333333333333333,600.6441325,0.0,0.0
20251112,mobile,Samsung Internet,Android,6.0,6.0,0.3333333333333333,71.01534283333334,0.0,0.0
20251117,desktop,Chrome,Macintosh,6.0,6.0,0.5,48.30730066666666,0.0,0.0
20251118,desktop,Firefox,Windows,6.0,6.0,0.6666666666666666,48.64016616666666,0.0,0.0
20251119,desktop,Chrome,Linux,6.0,4.0,0.16666666666666666,545.6003398333334,0.0,0.0
20251119,desktop,Chrome,Macintosh,6.0,6.0,0.3333333333333333,28.9144095,0.0,0.0
20251119,mobile,Safari (in-app),iOS,6.0,6.0,0.16666666666666666,9.928072166666666,0.0,0.0
20251119,mobile,Samsung Internet,Android,6.0,6.0,0.6666666666666666,306.501076,0.0,0.0
20251120,mobile,Samsung Internet,Android,6.0,6.0,0.5,36.88906266666667,0.0,0.0
20251122,desktop,Edge,Windows,6.0,6.0,0.5,28.157463166666663,0.0,0.0
20251124,desktop,Opera,Windows,6.0,3.0,0.8333333333333334,25.4786245,0.0,0.0
20251126,desktop,Chrome,Linux,6.0,6.0,0.6666666666666666,55.0348165,0.0,0.0
20251126,desktop,Safari,Macintosh,6.0,4.0,0.3333333333333333,160.73498333333333,0.0,0.0
20251126,mobile,Samsung Internet,Android,6.0,6.0,0.16666666666666666,102.71861166666667,0.0,0.0
20251127,desktop,Chrome,Linux,6.0,5.0,0.5,60.94891766666667,0.0,0.0
20251128,mobile,Chrome,Linux,6.0,6.0,0.3333333333333333,11.960450666666667,0.0,0.0
20251129,desktop,Edge,Windows,6.0,6.0,0.5,73.24819483333333,0.0,0.0
20251130,desktop,Chrome,Macintosh,6.0,3.0,0.3333333333333333,119.20742916666667,0.0,0.0
20251201,desktop,Chrome,Linux,6.0,5.0,0.16666666666666666,118.59583233333332,0.0,0.0
20251201,mobile,Samsung Internet,Android,6.0,5.0,0.16666666666666666,140.07038183333333,0.0,0.0
20251202,desktop,Chrome,Linux,6.0,5.0,0.8333333333333334,1.5595881666666667,0.0,0.0
20251202,desktop,Opera,Windows,6.0,6.0,0.5,160.0912725,0.0,0.0
20251202,desktop,Safari,Macintosh,6.0,6.0,0.5,40.00102716666667,0.0,0.0
20251203,desktop,Firefox,Windows,6.0,3.0,0.5,121.31628816666667,0.0,0.0
20251208,desktop,Safari,Macintosh,6.0,6.0,0.0,212.78980049999998,2.0,0.0
20251211,desktop,Chrome,Linux,6.0,6.0,0.6666666666666666,32.836935000000004,0.0,0.0
20251211,desktop,Chrome,Macintosh,6.0,6.0,0.3333333333333333,150.50083283333333,0.0,0.0
20251213,desktop,Edge,Windows,6.0,6.0,0.5,151.23628900000003,0.0,0.0
20251215,desktop,Chrome,Linux,6.0,5.0,0.5,456.1360386666667,0.0,0.0
20251215,mobile,Safari (in-app),iOS,6.0,6.0,0.8333333333333334,2.785683666666667,0.0,0.0
20251216,mobile,Safari (in-app),iOS,6.0,6.0,0.6666666666666666,102.53025233333334,3.0,0.0
20251217,desktop,Chrome,Macintosh,6.0,6.0,0.3333333333333333,323.7361285,0.0,0.0
20251217,mobile,Samsung Internet,Android,6.0,5.0,0.8333333333333334,7.646804666666667,0.0,0.0
20251218,desktop,Firefox,Windows,6.0,5.0,0.8333333333333334,186.80955300000002,0.0,0.0
20251218,desktop,Opera,Windows,6.0,6.0,0.16666666666666666,249.84082533333333,0.0,0.0
20251218,tablet,Android Webview,Android,6.0,6.0,1.0,0.0,0.0,0.0
20251220,desktop,Edge,Windows,6.0,6.0,0.5,190.66430549999998,1.0,0.0
20251222,desktop,Chrome,Macintosh,6.0,6.0,0.5,20.229213333333334,0.0,0.0
20251223,desktop,Opera,Windows,6.0,6.0,0.3333333333333333,16.029810833333332,0.0,0.0
20251223,desktop,Safari,Macintosh,6.0,4.0,0.16666666666666666,45.381946666666664,0.0,0.0
20251223,mobile,Safari (in-app),iOS,6.0,6.0,0.6666666666666666,14.199049500000001,0.0,0.0
20251224,mobile,Samsung Internet,Android,6.0,6.0,0.3333333333333333,115.97528166666666,1.0,0.0
20251230,mobile,Samsung Internet,Android,6.0,6.0,0.3333333333333333,26.033143166666672,0.0,0.0
20260102,desktop,Chrome,Macintosh,6.0,6.0,0.16666666666666666,238.5191401666667,0.0,0.0
20260105,desktop,Chrome,Macintosh,6.0,6.0,0.16666666666666666,209.49603333333334,0.0,0.0
20260105,desktop,Safari,Macintosh,6.0,5.0,0.6666666666666666,7.7363938333333335,1.0,0.0
20260111,desktop,Safari,Macintosh,6.0,6.0,0.16666666666666666,85.0885825,1.0,0.0
20260114,mobile,Samsung Internet,Android,6.0,6.0,0.6666666666666666,25.124482333333333,0.0,0.0
20260115,desktop,Firefox,Windows,6.0,6.0,0.16666666666666666,158.39280416666665,2.0,0.0
20260120,desktop,Mozilla Compatible Agent,Macintosh,6.0,6.0,1.0,2.8492408333333334,0.0,0.0
20260122,desktop,Chrome,Macintosh,6.0,5.0,0.5,45.50893633333333,0.0,0.0
20260125,desktop,Edge,Windows,6.0,6.0,0.8333333333333334,192.08116116666667,1.0,0.0
20260127,mobile,Samsung Internet,Android,6.0,6.0,0.3333333333333333,52.83518166666667,0.0,0.0
20260128,desktop,Firefox,Windows,6.0,5.0,0.3333333333333333,80.78903183333334,0.0,0.0
20260128,mobile,Samsung Internet,Android,6.0,6.0,0.3333333333333333,86.00030066666666,0.0,0.0
20260203,desktop,Chrome,Macintosh,6.0,6.0,0.3333333333333333,421.85207199999996,0.0,0.0
20260209,mobile,Samsung Internet,Android,6.0,5.0,0.5,109.88800733333333,0.0,0.0
20260211,mobile,Samsung Internet,Android,6.0,5.0,0.6666666666666666,125.41854216666667,0.0,0.0
20260216,desktop,Mozilla Compatible Agent,Macintosh,6.0,6.0,1.0,3.3088505,0.0,0.0
20260218,desktop,Chrome,Macintosh,6.0,5.0,0.16666666666666666,792.0098136666667,0.0,0.0
20260220,desktop,Chrome,Linux,6.0,6.0,0.5,37.12327783333333,0.0,0.0
20260222,desktop,Safari,Macintosh,6.0,2.0,0.3333333333333333,611.3836655,2.0,0.0
20260225,desktop,Safari,Macintosh,6.0,5.0,0.3333333333333333,199.94400566666664,0.0,0.0
20260302,desktop,Chrome,Linux,6.0,5.0,0.5,165.5799875,0.0,0.0
20260302,desktop,Mozilla Compatible Agent,Macintosh,6.0,6.0,1.0,0.0,0.0,0.0
20260306,desktop,Firefox,Linux,6.0,3.0,0.5,7.979323166666667,0.0,0.0
20260308,desktop,Chrome,Macintosh,6.0,6.0,0.3333333333333333,72.5350205,0.0,0.0
20260309,mobile,Samsung Internet,Android,6.0,6.0,0.8333333333333334,28.013760333333334,0.0,0.0
20260314,desktop,Opera,Windows,6.0,5.0,0.5,12.786039166666667,0.0,0.0
20260315,mobile,Samsung Internet,Android,6.0,6.0,0.3333333333333333,61.398411333333335,0.0,0.0
20260317,desktop,Mozilla Compatible Agent,Macintosh,6.0,6.0,0.8333333333333334,6.9895715,0.0,0.0
20260324,desktop,Chrome,Linux,6.0,6.0,0.16666666666666666,289.82399383333336,0.0,0.0
20260324,desktop,Firefox,Windows,6.0,4.0,0.6666666666666666,113.40052066666665,0.0,0.0
20260325,desktop,Chrome,Macintosh,6.0,6.0,0.3333333333333333,63.72447783333334,0.0,0.0
20260330,mobile,Samsung Internet,Android,6.0,6.0,0.6666666666666666,31.162233166666667,0.0,0.0
20260331,desktop,Opera,Windows,6.0,3.0,1.0,3.010327,0.0,0.0
20260331,mobile,(not set),iOS,6.0,6.0,0.5,4.764550333333333,0.0,0.0
20260331,mobile,Samsung Internet,Android,6.0,6.0,0.5,106.67715449999999,0.0,0.0
20260401,mobile,Samsung Internet,Android,6.0,6.0,0.3333333333333333,11.468731333333333,0.0,0.0
20260406,mobile,Samsung Internet,Android,6.0,6.0,0.3333333333333333,253.2891963333333,0.0,0.0
20260408,desktop,Edge,Windows,6.0,6.0,0.16666666666666666,67.02445916666666,0.0,0.0
20260410,desktop,Chrome,Macintosh,6.0,6.0,0.16666666666666666,55.137576,0.0,0.0
20260413,desktop,Chrome,Macintosh,6.0,5.0,0.5,10.945319,0.0,0.0
20260415,desktop,Safari,Macintosh,6.0,6.0,0.6666666666666666,151.686579,0.0,0.0
20260418,desktop,Edge,Windows,6.0,5.0,0.6666666666666666,24.464760000000002,0.0,0.0
20260422,mobile,Samsung Internet,Android,6.0,6.0,0.5,20.541993333333334,0.0,0.0
20260430,desktop,Safari,Macintosh,6.0,5.0,0.16666666666666666,69.51830433333333,0.0,0.0
20260504,desktop,Chrome,Macintosh,6.0,6.0,0.3333333333333333,255.58717616666664,2.0,0.0
20260504,mobile,Samsung Internet,Android,6.0,6.0,0.3333333333333333,25.927059166666666,0.0,0.0
20260505,mobile,Samsung Internet,Android,6.0,6.0,0.6666666666666666,13.205408833333331,0.0,0.0
20260506,desktop,Chrome,Macintosh,6.0,6.0,0.3333333333333333,295.1418145,0.0,0.0
20260506,desktop,Safari,Macintosh,6.0,5.0,0.3333333333333333,38.4484775,0.0,0.0
20260509,desktop,Edge,Windows,6.0,6.0,0.16666666666666666,41.641640833333334,0.0,0.0
20260510,desktop,Chrome,Linux,6.0,6.0,0.6666666666666666,10.182376,0.0,0.0
20260514,desktop,Firefox,Windows,6.0,6.0,0.5,240.30925866666666,0.0,0.0
20260514,desktop,Safari,Macintosh,6.0,5.0,0.6666666666666666,63.823675333333334,1.0,0.0
20260515,mobile,Samsung Internet,Android,6.0,5.0,0.6666666666666666,19.146841666666667,0.0,0.0
20260518,desktop,Chrome,Linux,6.0,6.0,0.8333333333333334,1.9581,0.0,0.0
20260519,desktop,Chrome,Macintosh,6.0,5.0,0.5,152.13414033333333,0.0,0.0
20260521,desktop,Firefox,Windows,6.0,5.0,0.0,112.9754565,0.0,0.0
20260524,mobile,Samsung Internet,Android,6.0,5.0,0.3333333333333333,29.232802833333334,0.0,0.0
20260529,mobile,Samsung Internet,Android,6.0,6.0,0.16666666666666666,33.23883133333333,1.0,0.0
20260530,desktop,Edge,Windows,6.0,6.0,0.3333333333333333,147.03379466666667,0.0,0.0
20260601,mobile,Samsung Internet,Android,6.0,6.0,0.5,220.22538516666668,0.0,0.0
20260603,mobile,Samsung Internet,Android,6.0,6.0,0.5,7.399053333333334,0.0,0.0
20260605,mobile,Samsung Internet,Android,6.0,6.0,0.3333333333333333,34.12471383333333,0.0,0.0
20260608,desktop,Safari,Macintosh,6.0,4.0,0.3333333333333333,267.2513706666667,2.0,0.0
20260608,mobile,Samsung Internet,Android,6.0,6.0,0.5,20.573809333333333,0.0,0.0
20260610,mobile,Samsung Internet,Android,6.0,5.0,0.5,281.52559233333335,0.0,0.0
20260612,mobile,Samsung Internet,Android,6.0,5.0,0.6666666666666666,125.92246949999999,0.0,0.0
20260615,desktop,Chrome,Macintosh,6.0,6.0,0.5,432.5859918333333,0.0,0.0
20260616,desktop,Firefox,Windows,6.0,6.0,0.6666666666666666,14.757011166666667,0.0,0.0
20260619,mobile,Samsung Internet,Android,6.0,5.0,0.3333333333333333,224.95211066666664,0.0,0.0
20260621,desktop,Mozilla Compatible Agent,Macintosh,6.0,6.0,0.8333333333333334,5.6148085,1.0,0.0
20260624,desktop,Chrome,Macintosh,6.0,4.0,0.6666666666666666,32.26553833333333,0.0,0.0
20260626,mobile,Android Webview,Android,6.0,6.0,0.6666666666666666,10.597761,0.0,0.0
20260701,desktop,Mozilla Compatible Agent,Macintosh,6.0,6.0,0.8333333333333334,3.0231038333333333,0.0,0.0
20260701,desktop,Opera,Windows,6.0,5.0,0.6666666666666666,10.592115333333334,0.0,0.0
20260703,desktop,Mozilla Compatible Agent,Macintosh,6.0,6.0,1.0,0.0,0.0,0.0
20260706,mobile,Samsung Internet,Android,6.0,6.0,0.3333333333333333,188.44120433333333,0.0,0.0
20260708,desktop,Chrome,Macintosh,6.0,5.0,0.5,18.069485166666666,0.0,0.0
20260709,mobile,Samsung Internet,Android,6.0,5.0,0.6666666666666666,30.999517333333333,0.0,0.0
20260711,desktop,Chrome,Macintosh,6.0,5.0,0.8333333333333334,3.997712,0.0,0.0
20260714,desktop,Chrome,Macintosh,6.0,3.0,0.6666666666666666,53.936414000000006,0.0,0.0
20260715,desktop,Safari,Macintosh,6.0,6.0,0.5,79.73627916666668,0.0,0.0
20260716,desktop,Mozilla Compatible Agent,Macintosh,6.0,6.0,0.8333333333333334,4.549862,0.0,0.0
20260716,desktop,Safari,Macintosh,6.0,6.0,0.8333333333333334,4.596789833333333,0.0,0.0
20260722,desktop,Firefox,Windows,6.0,6.0,0.8333333333333334,6.467916333333332,0.0,0.0
20260722,mobile,Android Webview,Android,6.0,6.0,0.3333333333333333,77.8474125,0.0,0.0
20260724,desktop,Mozilla Compatible Agent,Macintosh,6.0,6.0,1.0,0.0,0.0,0.0
20260727,desktop,Mozilla Compatible Agent,Macintosh,6.0,6.0,0.6666666666666666,18.909953333333334,1.0,0.0
20260730,desktop,Firefox,Windows,6.0,5.0,0.6666666666666666,10.685904333333333,0.0,0.0
20260802,mobile,Samsung Internet,Android,6.0,6.0,0.5,44.98079516666667,0.0,0.0
20260803,desktop,Safari,Macintosh,6.0,5.0,0.5,35.349752,0.0,0.0
20260804,mobile,Android Webview,Android,6.0,5.0,1.0,4.324051333333333,0.0,0.0
20260806,mobile,Samsung Internet,Android,6.0,6.0,0.8333333333333334,5.346294,0.0,0.0
20260807,desktop,Chrome,Linux,6.0,5.0,0.3333333333333333,52.495309666666664,0.0,0.0
20260807,mobile,Android Webview,Android,6.0,4.0,0.8333333333333334,31.6335455,0.0,0.0
20260808,mobile,Samsung Internet,Android,6.0,5.0,0.3333333333333333,46.8246165,0.0,0.0
20260812,mobile,Android Webview,Android,6.0,6.0,0.3333333333333333,7.941544,0.0,0.0
20260820,desktop,Chrome,Linux,6.0,5.0,0.5,358.624601,0.0,0.0
20260822,desktop,Chrome,Macintosh,6.0,5.0,0.8333333333333334,4.3274675,0.0,0.0
20260822,mobile,Samsung Internet,Android,6.0,6.0,0.5,31.773122833333336,0.0,0.0
20260828,desktop,Chrome,Macintosh,6.0,5.0,0.16666666666666666,92.567516,0.0,0.0
20260902,desktop,Chrome,Linux,6.0,5.0,0.5,202.133165,0.0,0.0
20260903,desktop,Safari,Macintosh,6.0,5.0,0.0,21.804504166666664,0.0,0.0
20260911,desktop,Safari,Macintosh,6.0,4.0,0.3333333333333333,36.402507666666665,0.0,0.0
20250918,mobile,Chrome,iOS,5.0,5.0,0.4,269.12001,0.0,0.0
20250919,desktop,Chrome,Macintosh,5.0,5.0,0.4,129.9612488,0.0,0.0
20250921,desktop,Chrome,Linux,5.0,5.0,0.6,1.9573218000000001,0.0,0.0
20250923,desktop,Chrome,Chrome OS,5.0,5.0,0.2,38.1677642,0.0,0.0
20250923,mobile,Chrome,iOS,5.0,5.0,0.2,10.769109,0.0,0.0
20250924,desktop,Chrome,Macintosh,5.0,3.0,0.8,8.143623999999999,0.0,0.0
20250926,desktop,Safari,Macintosh,5.0,4.0,0.6,21.283004799999997,1.0,0.0
20250928,desktop,Chrome,Linux,5.0,5.0,0.4,20.4617124,0.0,0.0
20250929,desktop,Safari,Macintosh,5.0,5.0,0.2,54.379397,0.0,0.0
20251002,desktop,Firefox,Windows,5.0,4.0,0.6,47.78238,0.0,0.0
20251002,mobile,Samsung Internet,Android,5.0,5.0,0.4,31.5343838,0.0,0.0
20251006,desktop,Opera,Windows,5.0,4.0,0.4,578.9319998,0.0,0.0
20251008,desktop,Opera,Windows,5.0,5.0,0.2,101.3497734,0.0,0.0
20251011,mobile,Chrome,iOS,5.0,5.0,0.6,58.316692599999996,0.0,0.0
20251012,mobile,Opera,Android,5.0,5.0,0.8,180.50281339999998,0.0,0.0
20251013,desktop,Safari,Macintosh,5.0,4.0,0.8,23.310493,0.0,0.0
20251014,desktop,Chrome,Macintosh,5.0,5.0,0.6,127.409528,0.0,0.0
20251015,desktop,Firefox,Windows,5.0,3.0,0.8,174.0887922,0.0,0.0
20251019,desktop,Chrome,Linux,5.0,5.0,0.6,20.7719202,0.0,0.0
20251020,desktop,Opera,Windows,5.0,5.0,0.4,59.7280796,0.0,0.0
20251021,desktop,Opera,Windows,5.0,5.0,0.2,19.287405200000002,0.0,0.0
20251024,desktop,Chrome,Macintosh,5.0,5.0,0.2,157.9935186,1.0,0.0
20251028,desktop,Opera,Windows,5.0,5.0,0.6,316.5466018,0.0,0.0
20251028,tablet,Android Webview,Android,5.0,5.0,0.2,342.1880454,0.0,0.0
20251030,tablet,Android Webview,Android,5.0,5.0,0.4,60.3462982,0.0,0.0
20251031,desktop,Firefox,Windows,5.0,5.0,0.8,3.1147544,0.0,0.0
20251031,tablet,Chrome,Android,5.0,4.0,0.6,127.6546988,0.0,0.0
20251101,desktop,Chrome,Macintosh,5.0,4.0,0.2,220.1160756,0.0,0.0
20251101,tablet,Chrome,Android,5.0,5.0,1.0,1.0811892,0.0,0.0
20251102,desktop,Chrome,Macintosh,5.0,3.0,0.6,9.457978999999998,0.0,0.0
20251102,mobile,Opera,Android,5.0,5.0,1.0,0.0,0.0,0.0
20251104,desktop,Chrome,Macintosh,5.0,5.0,0.8,165.3194516,0.0,0.0
20251104,desktop,Edge,Windows,5.0,4.0,0.6,34.31039019999999,0.0,0.0
20251105,desktop,Safari,Macintosh,5.0,5.0,0.6,14.5845326,0.0,0.0
20251107,desktop,Opera,Windows,5.0,4.0,0.8,2.5981356,0.0,0.0
20251109,desktop,Mozilla Compatible Agent,Macintosh,5.0,5.0,1.0,0.0,0.0,0.0
20251110,desktop,Chrome,Macintosh,5.0,4.0,0.8,6.058961600000001,0.0,0.0
20251111,desktop,Chrome,Macintosh,5.0,5.0,0.4,18.6872878,0.0,0.0
20251111,mobile,Samsung Internet,Android,5.0,5.0,0.6,12.546797,0.0,0.0
20251113,desktop,Chrome,Linux,5.0,4.0,0.2,388.5874092,0.0,0.0
20251114,desktop,Chrome,Linux,5.0,3.0,0.6,1899.7164263999998,0.0,0.0
20251115,mobile,Samsung Internet,Android,5.0,5.0,0.8,0.4921882,0.0,0.0
20251118,desktop,Chrome,Linux,5.0,4.0,0.6,203.40196759999998,0.0,0.0
20251118,mobile,Samsung Internet,Android,5.0,5.0,0.2,95.6595122,0.0,0.0
20251121,mobile,Safari (in-app),iOS,5.0,5.0,0.0,5.5425424,0.0,0.0
20251123,desktop,Chrome,Macintosh,5.0,3.0,0.4,15.8134972,0.0,0.0
20251123,mobile,Samsung Internet,Android,5.0,5.0,0.4,13.2935678,0.0,0.0
20251124,desktop,Chrome,Linux,5.0,4.0,0.6,36.915071,0.0,0.0
20251125,mobile,Safari (in-app),iOS,5.0,5.0,0.6,3.3149554,0.0,0.0
20251127,desktop,Chrome,Macintosh,5.0,4.0,0.6,14.8595674,0.0,0.0
20251127,desktop,Safari,Macintosh,5.0,3.0,0.6,9.885469,0.0,0.0
20251204,desktop,Chrome,Linux,5.0,4.0,0.4,984.8159496000001,0.0,0.0
20251204,desktop,Chrome,Macintosh,5.0,5.0,0.6,164.98443160000002,2.0,0.0
20251205,mobile,Samsung Internet,Android,5.0,5.0,0.8,7.2929512,0.0,0.0
20251208,mobile,Safari (in-app),iOS,5.0,5.0,0.8,11.351473,1.0,0.0
20251210,desktop,Chrome,Macintosh,5.0,4.0,0.4,70.1794584,0.0,0.0
20251210,mobile,Samsung Internet,Android,5.0,5.0,0.4,29.9517204,0.0,0.0
20251211,mobile,Samsung Internet,Android,5.0,5.0,0.2,200.3971002,1.0,0.0
20251212,desktop,Chrome,Chrome OS,5.0,2.0,0.4,12.0923906,0.0,0.0
20251217,desktop,Firefox,Windows,5.0,3.0,0.4,182.13975599999998,1.0,0.0
20251218,desktop,Safari,Macintosh,5.0,5.0,0.6,139.4090582,1.0,0.0
20251219,desktop,Chrome,Macintosh,5.0,4.0,0.4,112.963913,0.0,0.0
20251220,mobile,Samsung Internet,Android,5.0,5.0,0.4,52.542647,0.0,0.0
20251222,desktop,Firefox,Windows,5.0,5.0,0.8,116.1848172,0.0,0.0
20251226,desktop,Chrome,Linux,5.0,5.0,0.8,48.2140628,0.0,0.0
20251226,desktop,Chrome,Macintosh,5.0,5.0,0.4,38.2529452,0.0,0.0
20251226,desktop,Firefox,Windows,5.0,5.0,0.4,29.9194638,0.0,0.0
20251227,desktop,Chrome,Linux,5.0,5.0,0.8,0.5491968,0.0,0.0
20251227,desktop,Safari,Macintosh,5.0,5.0,0.2,339.8304896,0.0,0.0
20251229,desktop,Chrome,Linux,5.0,5.0,0.4,309.1482376,1.0,0.0
20251230,desktop,Chrome,Macintosh,5.0,4.0,0.2,263.7153818,0.0,0.0
20251230,desktop,Safari,Macintosh,5.0,3.0,0.8,84.2473296,0.0,0.0
20251231,desktop,Chrome,Linux,5.0,5.0,0.4,140.3980212,0.0,0.0
20260101,desktop,Edge,Windows,5.0,5.0,0.6,28.1158306,0.0,0.0
20260104,mobile,Samsung Internet,Android,5.0,5.0,0.2,460.11581720000004,0.0,0.0
20260108,desktop,Opera,Windows,5.0,2.0,0.2,340.346361,0.0,0.0
20260108,desktop,Safari,Macintosh,5.0,5.0,0.4,142.379707,1.0,0.0
20260109,mobile,Samsung Internet,Android,5.0,5.0,0.2,19.263718,0.0,0.0
20260111,desktop,Edge,Windows,5.0,5.0,0.8,54.115508,0.0,0.0
20260112,desktop,Chrome,Linux,5.0,5.0,0.4,1094.6113054,0.0,0.0
20260115,desktop,Chrome,Linux,5.0,5.0,0.6,15.8491808,0.0,0.0
20260116,desktop,Firefox,Linux,5.0,4.0,0.2,26.421496400000002,0.0,0.0
20260116,desktop,Safari,Macintosh,5.0,5.0,0.2,210.7289606,0.0,0.0
20260119,desktop,Safari,Macintosh,5.0,4.0,0.4,23.547086200000003,0.0,0.0
20260119,mobile,Samsung Internet,Android,5.0,5.0,0.2,168.0220228,0.0,0.0
20260120,desktop,Chrome,Linux,5.0,3.0,0.6,378.69036659999995,0.0,0.0
20260121,desktop,Chrome,Macintosh,5.0,4.0,0.6,296.35935,0.0,0.0
20260121,desktop,Mozilla Compatible Agent,Macintosh,5.0,5.0,1.0,0.6021639999999999,0.0,0.0
20260122,desktop,Chrome,Linux,5.0,4.0,0.6,637.8660184,0.0,0.0
20260123,mobile,Samsung Internet,Android,5.0,4.0,0.2,233.0088668,0.0,0.0
20260124,mobile,Samsung Internet,Android,5.0,5.0,0.6,13.539447000000001,0.0,0.0
20260126,desktop,Chrome,Macintosh,5.0,4.0,0.8,112.42031899999999,0.0,0.0
20260126,mobile,Samsung Internet,Android,5.0,5.0,0.4,37.8562886,0.0,0.0
20260128,desktop,Chrome,Linux,5.0,5.0,1.0,0.07602400000000001,0.0,0.0
20260128,desktop,Opera,Windows,5.0,1.0,0.6,93.08262520000001,0.0,0.0
20260129,desktop,Chrome,Macintosh,5.0,5.0,0.2,26.481161800000002,0.0,0.0
20260129,desktop,Opera,Windows,5.0,3.0,0.6,466.5405592,0.0,0.0
20260129,mobile,Chrome,iOS,5.0,5.0,0.8,6.1860282,0.0,0.0
20260203,desktop,Firefox,Windows,5.0,4.0,0.4,94.5540086,0.0,0.0
20260205,desktop,Safari,Macintosh,5.0,4.0,0.8,9.836383,0.0,0.0
20260209,desktop,Chrome,Macintosh,5.0,5.0,0.2,131.3316062,0.0,0.0
20260210,desktop,Chrome,Macintosh,5.0,5.0,0.6,17.157066,0.0,0.0
20260212,desktop,Safari,Macintosh,5.0,4.0,0.6,50.772547599999996,0.0,0.0
20260212,mobile,Samsung Internet,Android,5.0,4.0,0.2,431.7085028,1.0,0.0
20260221,desktop,Mozilla Compatible Agent,Macintosh,5.0,5.0,1.0,0.0,0.0,0.0
20260222,mobile,Samsung Internet,Android,5.0,4.0,0.2,546.9729983999999,0.0,0.0
20260223,mobile,Samsung Internet,Android,5.0,5.0,0.6,239.5051016,0.0,0.0
20260225,desktop,Chrome,Linux,5.0,4.0,0.6,63.84187419999999,0.0,0.0
20260227,desktop,Chrome,Macintosh,5.0,4.0,0.6,61.902354,0.0,0.0
20260301,tablet,Safari,iOS,5.0,2.0,0.2,197.622655,0.0,0.0
20260302,mobile,Samsung Internet,Android,5.0,4.0,0.4,17.0013176,0.0,0.0
20260303,desktop,Chrome,Macintosh,5.0,3.0,0.6,8.58786,0.0,0.0
20260308,desktop,Chrome,Linux,5.0,5.0,0.8,6.059916599999999,0.0,0.0
20260308,desktop,Mozilla Compatible Agent,Macintosh,5.0,5.0,1.0,0.0,0.0,0.0
20260309,desktop,Chrome,Macintosh,5.0,5.0,0.2,147.3629258,0.0,0.0
20260310,desktop,Chrome,Macintosh,5.0,4.0,0.6,8.460861600000001,0.0,0.0
20260311,desktop,Firefox,Windows,5.0,5.0,0.8,9.7560178,0.0,0.0
20260314,mobile,Samsung Internet,Android,5.0,5.0,0.2,44.8620386,1.0,0.0
20260316,mobile,Samsung Internet,Android,5.0,5.0,0.0,176.56353380000002,0.0,0.0
20260319,mobile,Samsung Internet,Android,5.0,5.0,0.6,20.5780824,0.0,0.0
20260322,mobile,Samsung Internet,Android,5.0,3.0,0.8,3.7377195999999997,0.0,0.0
20260324,desktop,Opera,Windows,5.0,4.0,0.0,499.06026199999997,1.0,0.0
20260325,desktop,Firefox,Windows,5.0,5.0,0.6,9.496302,0.0,0.0
20260330,desktop,Opera,Windows,5.0,4.0,0.6,59.395121599999996,0.0,0.0
20260331,desktop,Chrome,Linux,5.0,5.0,0.4,531.617657,1.0,0.0
20260401,mobile,Safari (in-app),iOS,5.0,5.0,0.8,12.985059999999999,0.0,0.0
20260403,mobile,Samsung Internet,Android,5.0,5.0,0.8,68.366575,0.0,0.0
20260406,mobile,Safari (in-app),iOS,5.0,5.0,0.8,11.7619664,0.0,0.0
20260406,tablet,Safari,iOS,5.0,1.0,0.0,713.7323222,0.0,0.0
20260407,desktop,Chrome,Macintosh,5.0,5.0,0.6,28.0250896,0.0,0.0
20260407,desktop,Opera,Windows,5.0,4.0,0.8,4.8477968,0.0,0.0
20260410,mobile,Samsung Internet,Android,5.0,4.0,0.4,33.8696874,0.0,0.0
20260413,desktop,Opera,Windows,5.0,5.0,0.6,211.8368078,0.0,0.0
20260417,desktop,Chrome,Linux,5.0,5.0,0.6,154.54526,0.0,0.0
20260417,mobile,Samsung Internet,Android,5.0,5.0,0.4,16.1770778,0.0,0.0
20260419,desktop,Edge,Windows,5.0,5.0,0.4,353.41654520000003,0.0,0.0
20260420,desktop,Safari,Macintosh,5.0,4.0,0.4,28.853841999999997,0.0,0.0
20260421,desktop,Safari,Macintosh,5.0,5.0,0.4,78.9548202,0.0,0.0
20260423,desktop,Firefox,Windows,5.0,3.0,0.4,16.1991042,0.0,0.0
20260424,mobile,Safari (in-app),iOS,5.0,5.0,0.8,1.9511704,0.0,0.0
20260426,desktop,Safari,Macintosh,5.0,5.0,0.2,318.8510778,0.0,0.0
20260426,mobile,Samsung Internet,Android,5.0,5.0,0.6,15.521418399999998,0.0,0.0
20260427,desktop,Safari,Macintosh,5.0,3.0,0.4,189.3412404,0.0,0.0
20260427,mobile,Samsung Internet,Android,5.0,5.0,0.4,434.62159540000005,0.0,0.0
20260428,desktop,Opera,Windows,5.0,3.0,0.4,87.5306392,0.0,0.0
20260429,desktop,Chrome,Linux,5.0,5.0,0.6,115.4964972,0.0,0.0
20260429,mobile,Samsung Internet,Android,5.0,5.0,0.4,98.94054539999999,0.0,0.0
20260430,mobile,Samsung Internet,Android,5.0,5.0,0.4,10.1136074,0.0,0.0
20260502,mobile,Samsung Internet,Android,5.0,4.0,0.6,9.0022436,0.0,0.0
20260504,desktop,Safari,Macintosh,5.0,4.0,0.8,9.831488799999999,0.0,0.0
20260505,mobile,Android Webview,Android,5.0,5.0,0.8,9.366693600000001,1.0,0.0
20260508,desktop,Safari,Macintosh,5.0,5.0,0.6,34.3928544,0.0,0.0
20260511,mobile,Android Webview,Android,5.0,5.0,0.6,62.05308980000001,0.0,0.0
20260512,desktop,Chrome,Linux,5.0,5.0,0.2,512.0244718,0.0,0.0
20260512,desktop,Opera,Windows,5.0,4.0,0.2,50.3079922,0.0,0.0
20260512,desktop,Safari,Macintosh,5.0,4.0,0.2,168.5964908,0.0,0.0
20260513,mobile,Samsung Internet,Android,5.0,5.0,0.4,24.1760354,2.0,0.0
20260516,desktop,Chrome,Macintosh,5.0,5.0,1.0,1.3641066,0.0,0.0
20260522,mobile,Samsung Internet,Android,5.0,5.0,0.2,50.486622999999994,0.0,0.0
20260523,desktop,Chrome,Macintosh,5.0,5.0,0.6,15.8827138,0.0,0.0
20260525,mobile,Samsung Internet,Android,5.0,5.0,0.6,10.6495548,0.0,0.0
20260529,desktop,Chrome,Linux,5.0,5.0,0.6,3.0194362000000003,0.0,0.0
20260529,desktop,Safari,Macintosh,5.0,5.0,0.2,75.2167716,0.0,0.0
20260530,mobile,Samsung Internet,Android,5.0,5.0,0.6,123.38280019999999,0.0,0.0
20260604,desktop,Edge,Windows,5.0,5.0,0.2,27.2714592,0.0,0.0
20260607,desktop,Opera,Windows,5.0,5.0,0.6,13.2605702,0.0,0.0
20260607,mobile,Samsung Internet,Android,5.0,4.0,0.2,93.3619722,1.0,0.0
20260608,desktop,Chrome,Macintosh,5.0,4.0,0.2,492.3061804,0.0,0.0
20260609,desktop,Firefox,Linux,5.0,4.0,0.6,6.1732312,0.0,0.0
20260609,desktop,Safari,Macintosh,5.0,4.0,0.4,349.00389359999997,1.0,0.0
20260609,mobile,Samsung Internet,Android,5.0,4.0,0.8,41.573965199999996,1.0,0.0
20260610,desktop,Opera,Windows,5.0,5.0,0.4,166.67491760000001,0.0,0.0
20260613,desktop,Edge,Windows,5.0,5.0,0.2,278.4889638,0.0,0.0
20260614,mobile,Android Webview,Android,5.0,5.0,0.4,136.3715644,0.0,0.0
20260617,desktop,Chrome,Linux,5.0,5.0,0.4,19.3735106,0.0,0.0
20260618,desktop,Safari,Macintosh,5.0,5.0,0.2,34.8958562,0.0,0.0
20260619,desktop,Chrome,Linux,5.0,3.0,0.0,252.8753486,1.0,0.0
20260623,desktop,Firefox,Windows,5.0,4.0,0.8,6.3971219999999995,0.0,0.0
20260626,desktop,Mozilla Compatible Agent,Macintosh,5.0,5.0,0.8,5.1488674,0.0,0.0
20260630,desktop,Firefox,Windows,5.0,4.0,0.8,5.5470586,0.0,0.0
20260630,desktop,Mozilla Compatible Agent,Macintosh,5.0,5.0,1.0,3.6542824000000005,0.0,0.0
20260702,mobile,Android Webview,Android,5.0,5.0,0.4,14.0880774,0.0,0.0
20260703,desktop,Chrome,Macintosh,5.0,5.0,0.4,189.430049,1.0,0.0
20260707,desktop,Mozilla Compatible Agent,Macintosh,5.0,5.0,1.0,1.1539092,0.0,0.0
20260720,mobile,Samsung Internet,Android,5.0,5.0,0.4,54.369501400000004,1.0,0.0
20260722,desktop,Opera,Windows,5.0,4.0,0.2,152.93234660000002,0.0,0.0
20260724,desktop,Chrome,Macintosh,5.0,4.0,0.6,173.32338280000002,0.0,0.0
20260727,desktop,Chrome,Linux,5.0,3.0,0.6,35.5198238,0.0,0.0
20260727,desktop,Firefox,Windows,5.0,3.0,0.8,14.0757096,0.0,0.0
20260727,mobile,Samsung Internet,Android,5.0,5.0,0.6,28.7906632,0.0,0.0
20260728,desktop,Mozilla Compatible Agent,Macintosh,5.0,5.0,1.0,2.5741132,0.0,0.0
20260728,mobile,Samsung Internet,Android,5.0,5.0,0.6,11.220796199999999,0.0,0.0
20260729,desktop,Mozilla Compatible Agent,Macintosh,5.0,5.0,0.8,8.7019366,1.0,0.0
20260730,desktop,Chrome,Macintosh,5.0,4.0,0.4,77.20281680000001,0.0,0.0
20260731,desktop,Firefox,Windows,5.0,5.0,0.6,355.75038800000004,0.0,0.0
20260803,desktop,Mozilla Compatible Agent,Macintosh,5.0,5.0,0.8,5.9571552,0.0,0.0
20260805,desktop,Mozilla Compatible Agent,Macintosh,5.0,5.0,1.0,0.0,0.0,0.0
20260805,desktop,Safari,Macintosh,5.0,3.0,0.4,254.19809400000003,0.0,0.0
20260807,desktop,Chrome,Macintosh,5.0,5.0,0.2,187.609373,0.0,0.0
20260807,mobile,Samsung Internet,Android,5.0,5.0,0.2,49.456550199999995,0.0,0.0
20260808,desktop,Edge,Windows,5.0,5.0,0.2,475.8055666,0.0,0.0
20260810,desktop,Chrome,Macintosh,5.0,5.0,0.4,391.7002708,0.0,0.0
20260811,mobile,Android Webview,Android,5.0,4.0,0.6,11.655918400000001,0.0,0.0
20260813,mobile,Android Webview,Android,5.0,4.0,0.6,3.4420704,0.0,0.0
20260815,desktop,Opera,Windows,5.0,5.0,0.4,131.00997139999998,0.0,0.0
20260817,desktop,Opera,Windows,5.0,4.0,0.2,227.6428188,0.0,0.0
20260820,desktop,Safari,Macintosh,5.0,4.0,0.6,8.4658882,0.0,0.0
20260825,desktop,Mozilla Compatible Agent,Macintosh,5.0,5.0,1.0,2.5612407999999998,0.0,0.0
20260825,desktop,Safari,Macintosh,5.0,5.0,0.6,409.84885319999995,0.0,0.0
20260826,desktop,Chrome,Linux,5.0,4.0,0.8,2.59935,0.0,0.0
20260828,mobile,Android Webview,Android,5.0,5.0,0.8,4.6531022,0.0,0.0
20260831,desktop,Chrome,Linux,5.0,3.0,0.8,4.5694292,0.0,0.0
20260901,mobile,Samsung Internet,Android,5.0,5.0,0.2,161.5144042,0.0,0.0
20260903,desktop,Chrome,Linux,5.0,4.0,0.6,21.2823766,0.0,0.0
20260908,desktop,Mozilla Compatible Agent,Macintosh,5.0,5.0,1.0,2.424257,0.0,0.0
20260909,mobile,Samsung Internet,Android,5.0,4.0,0.6,129.8513078,0.0,0.0
20260911,desktop,Chrome,Macintosh,5.0,5.0,0.0,400.5124006,0.0,0.0
20260914,mobile,Samsung Internet,Android,5.0,5.0,0.6,43.340166599999996,0.0,0.0
20260915,desktop,Safari,Macintosh,5.0,4.0,0.6,73.8958802,0.0,0.0
20260916,desktop,Safari,Macintosh,5.0,1.0,0.6,1450.5301854,0.0,0.0
20260916,mobile,Samsung Internet,Android,5.0,5.0,0.8,1.2756235999999999,0.0,0.0
20260917,desktop,Mozilla Compatible Agent,Macintosh,5.0,5.0,1.0,1.1770576,0.0,0.0
20250919,desktop,Opera,Windows,4.0,4.0,0.25,11.63053725,0.0,0.0
20250921,desktop,Mozilla Compatible Agent,Macintosh,4.0,4.0,1.0,2.97152125,0.0,0.0
20250922,desktop,Chrome,(not set),4.0,4.0,1.0,0.0,0.0,0.0
20250922,desktop,Opera,Windows,4.0,4.0,0.25,67.694141,0.0,0.0
20250923,desktop,Firefox,Windows,4.0,4.0,0.0,20.449474,0.0,0.0
20250923,mobile,Samsung Internet,Android,4.0,4.0,0.5,5.63794375,0.0,0.0
20250925,desktop,Safari,Macintosh,4.0,4.0,0.0,544.8029787500001,1.0,0.0
20250925,tablet,Android Webview,Android,4.0,4.0,0.75,5.12167075,0.0,0.0
20250927,desktop,Chrome,Macintosh,4.0,2.0,0.75,4.00784125,0.0,0.0
20250928,desktop,Safari,Macintosh,4.0,4.0,0.25,56.32367825,0.0,0.0
20251001,desktop,Chrome,Chrome OS,4.0,4.0,0.0,45.56021325,1.0,0.0
20251003,desktop,Firefox,Windows,4.0,4.0,0.75,5.4016005,0.0,0.0
20251003,tablet,Android Webview,Android,4.0,4.0,0.75,19.700743,0.0,0.0
20251006,desktop,Safari,Macintosh,4.0,4.0,0.0,276.77970025,0.0,0.0
20251008,desktop,Safari,Macintosh,4.0,3.0,0.5,57.7505585,0.0,0.0
20251008,mobile,Samsung Internet,Android,4.0,4.0,0.5,99.31532725,0.0,0.0
20251009,desktop,Opera,Windows,4.0,3.0,0.75,7.370395,0.0,0.0
20251011,desktop,Chrome,Macintosh,4.0,2.0,0.75,51.9973395,0.0,0.0
20251011,desktop,Opera,Windows,4.0,4.0,0.5,5.636124499999999,0.0,0.0
20251011,tablet,Chrome,Android,4.0,4.0,0.75,1.1317075,0.0,0.0
20251012,desktop,Chrome,Linux,4.0,3.0,1.0,3.08137125,0.0,0.0
20251012,tablet,Android Webview,Android,4.0,4.0,0.0,226.247003,0.0,0.0
20251015,tablet,Chrome,Android,4.0,4.0,0.5,13.312103,0.0,0.0
20251015,tablet,Safari,iOS,4.0,4.0,0.5,5.478452,0.0,0.0
20251016,desktop,Opera,Windows,4.0,3.0,0.75,12.737542750000001,0.0,0.0
20251016,desktop,Safari,Macintosh,4.0,4.0,0.5,177.07219099999998,0.0,0.0
20251016,mobile,Edge,Android,4.0,3.0,0.75,6.06531825,0.0,0.0
20251018,tablet,Chrome,Android,4.0,4.0,1.0,0.0,0.0,0.0
20251021,desktop,Safari,Macintosh,4.0,4.0,0.5,265.1699005,0.0,0.0
20251021,tablet,Chrome,Android,4.0,4.0,0.75,2.16998225,0.0,0.0
20251023,desktop,Opera,Windows,4.0,3.0,0.5,23.23284175,0.0,0.0
20251024,tablet,Chrome,Android,4.0,4.0,0.5,543.10623625,0.0,0.0
20251026,desktop,Safari,Macintosh,4.0,4.0,0.25,21.967906749999997,0.0,0.0
20251026,tablet,Safari,iOS,4.0,3.0,1.0,0.0,0.0,0.0
20251028,desktop,Firefox,Windows,4.0,4.0,0.25,188.23241625,0.0,0.0
20251028,tablet,Chrome,Android,4.0,4.0,0.75,2.0786160000000002,0.0,0.0
20251029,tablet,Android Webview,Android,4.0,3.0,0.25,209.2763495,0.0,0.0
20251101,desktop,Opera,Windows,4.0,3.0,0.75,45.53147475,0.0,0.0
20251101,desktop,Safari,Macintosh,4.0,4.0,0.75,6.391981250000001,0.0,0.0
20251102,tablet,Chrome,Android,4.0,4.0,0.75,6.645838,0.0,0.0
20251102,tablet,Safari,iOS,4.0,4.0,0.5,1585.91180125,0.0,0.0
20251105,desktop,Chrome,Linux,4.0,4.0,1.0,0.0,0.0,0.0
20251106,desktop,Chrome,Linux,4.0,2.0,0.5,834.7988245,0.0,0.0
20251107,desktop,Safari,Macintosh,4.0,3.0,0.25,92.7939545,0.0,0.0
20251108,desktop,Opera,Windows,4.0,3.0,0.75,3.36622875,0.0,0.0
20251112,desktop,Opera,Windows,4.0,3.0,0.25,208.7658785,0.0,0.0
20251117,desktop,Chrome,Linux,4.0,3.0,0.25,339.284653,9.0,0.0
20251118,desktop,Safari,Macintosh,4.0,4.0,0.25,77.99791525,0.0,0.0
20251119,tablet,Chrome,Android,4.0,4.0,0.25,27.17812425,0.0,0.0
20251120,desktop,Chrome,Macintosh,4.0,4.0,0.5,60.9604085,0.0,0.0
20251121,desktop,Firefox,Windows,4.0,4.0,0.25,7.228362,0.0,0.0
20251122,mobile,Android Webview,Android,4.0,4.0,0.25,79.367906,1.0,0.0
20251123,desktop,Opera,Windows,4.0,3.0,0.5,85.37274950000001,0.0,0.0
20251125,desktop,Chrome,Linux,4.0,4.0,0.75,19.4225205,0.0,0.0
20251125,mobile,Chrome,Linux,4.0,4.0,0.25,10.74404275,0.0,0.0
20251125,mobile,Samsung Internet,Android,4.0,3.0,1.0,0.0,0.0,0.0
20251129,desktop,Chrome,Macintosh,4.0,4.0,0.5,9.63532925,0.0,0.0
20251130,desktop,Safari,Macintosh,4.0,4.0,0.25,33.83034275,0.0,0.0
20251201,desktop,Opera,Windows,4.0,3.0,0.0,617.24914425,0.0,0.0
20251202,desktop,Firefox,Windows,4.0,3.0,0.5,93.952729,0.0,0.0
20251204,mobile,Safari (in-app),iOS,4.0,4.0,0.5,38.32632275,0.0,0.0
20251204,mobile,Samsung Internet,Android,4.0,4.0,0.25,22.5499585,0.0,0.0
20251205,desktop,Safari,Macintosh,4.0,4.0,0.5,183.12514299999998,0.0,0.0
20251205,mobile,Safari (in-app),iOS,4.0,4.0,0.5,20.55874225,0.0,0.0
20251206,mobile,Samsung Internet,Android,4.0,4.0,1.0,0.39374375,0.0,0.0
20251208,desktop,Opera,Windows,4.0,4.0,0.5,17.9126725,0.0,0.0
20251208,mobile,Samsung Internet,Android,4.0,4.0,0.75,6.7950852500000005,0.0,0.0
20251210,desktop,Firefox,Windows,4.0,4.0,0.25,16.101077,0.0,0.0
20251210,desktop,Safari,Macintosh,4.0,3.0,0.25,750.8093345,0.0,0.0
20251214,mobile,Samsung Internet,Android,4.0,3.0,0.75,155.85922625,0.0,0.0
20251215,desktop,Chrome,Macintosh,4.0,4.0,0.75,322.456349,1.0,0.0
20251215,desktop,Safari,Macintosh,4.0,4.0,0.5,19.49760375,1.0,0.0
20251215,mobile,Chrome,Linux,4.0,4.0,0.5,12.866503000000002,0.0,0.0
20251217,desktop,Chrome,Linux,4.0,4.0,0.5,281.2878755,0.0,0.0
20251218,desktop,Chrome,Macintosh,4.0,4.0,0.5,8.63080175,0.0,0.0
20251219,tablet,Android Webview,Android,4.0,4.0,0.75,4.58279475,0.0,0.0
20251220,desktop,Chrome,Macintosh,4.0,4.0,0.0,119.51539,2.0,0.0
20251220,desktop,Firefox,Windows,4.0,4.0,0.75,33.648822,0.0,0.0
20251221,desktop,Chrome,Linux,4.0,4.0,0.75,2.52456675,0.0,0.0
20251221,desktop,Chrome,Macintosh,4.0,4.0,0.5,10.136137,0.0,0.0
20251221,mobile,Samsung Internet,Android,4.0,4.0,0.5,33.1841115,0.0,0.0
20251222,mobile,Safari (in-app),iOS,4.0,4.0,1.0,0.0,0.0,0.0
20251222,mobile,Samsung Internet,Android,4.0,4.0,0.5,24.9113305,2.0,0.0
20251222,tablet,Chrome,iOS,4.0,3.0,0.25,615.8795582500001,0.0,0.0
20251223,desktop,Chrome,Linux,4.0,4.0,0.75,4.6328344999999995,0.0,0.0
20251225,desktop,Chrome,Linux,4.0,4.0,0.75,5.748346,0.0,0.0
20251225,desktop,Firefox,Linux,4.0,4.0,1.0,0.0,0.0,0.0
20251225,desktop,Safari,Macintosh,4.0,3.0,0.5,346.555921,0.0,0.0
20251227,mobile,Samsung Internet,Android,4.0,4.0,0.75,6.53857525,0.0,0.0
20251229,desktop,Safari,Macintosh,4.0,3.0,0.5,10.7890175,0.0,0.0
20260101,desktop,Firefox,Windows,4.0,4.0,0.75,32.4049525,0.0,0.0
20260102,desktop,Chrome,Linux,4.0,4.0,0.5,11.80225825,0.0,0.0
20260106,desktop,Safari,Macintosh,4.0,4.0,0.5,12.49179275,0.0,0.0
20260107,desktop,Safari,Macintosh,4.0,3.0,0.75,12.040263,0.0,0.0
20260108,desktop,Chrome,Linux,4.0,4.0,1.0,1.719875,0.0,0.0
20260109,desktop,Chrome,Linux,4.0,4.0,0.5,38.34580425,0.0,0.0
20260109,mobile,Safari (in-app),iOS,4.0,4.0,1.0,0.63066275,0.0,0.0
20260110,desktop,Chrome,Linux,4.0,4.0,1.0,0.88415375,0.0,0.0
20260110,desktop,Chrome,Macintosh,4.0,4.0,0.25,35.65403425,1.0,0.0
20260112,desktop,Safari,Macintosh,4.0,4.0,0.5,24.822253,0.0,0.0
20260113,desktop,Chrome,Macintosh,4.0,4.0,0.25,97.93034175,0.0,0.0
20260114,desktop,Mozilla Compatible Agent,Macintosh,4.0,4.0,1.0,0.0,0.0,0.0
20260116,desktop,Firefox,Windows,4.0,3.0,0.75,105.32326325,0.0,0.0
20260118,desktop,Chrome,Macintosh,4.0,4.0,0.75,11.459088999999999,0.0,0.0
20260118,desktop,Mozilla Compatible Agent,Macintosh,4.0,4.0,0.75,8.6640855,0.0,0.0
20260118,tablet,Chrome,Android,4.0,4.0,0.75,6.74311125,0.0,0.0
20260119,desktop,Chrome,Linux,4.0,4.0,0.5,186.8362475,0.0,0.0
20260119,desktop,Chrome,Macintosh,4.0,4.0,0.25,141.44569125,0.0,0.0
20260120,tablet,Android Webview,Android,4.0,4.0,1.0,0.0,0.0,0.0
20260121,mobile,Samsung Internet,Android,4.0,3.0,0.75,16.18749175,0.0,0.0
20260122,desktop,Firefox,Windows,4.0,3.0,0.75,11.5983235,0.0,0.0
20260122,desktop,Mozilla Compatible Agent,Macintosh,4.0,4.0,1.0,1.705155,0.0,0.0
20260124,desktop,Firefox,Windows,4.0,3.0,0.25,49.266354,0.0,0.0
20260125,mobile,Samsung Internet,Android,4.0,4.0,0.75,11.3049005,0.0,0.0
20260126,desktop,Mozilla Compatible Agent,Macintosh,4.0,4.0,1.0,0.0,0.0,0.0
20260127,desktop,Chrome,Linux,4.0,4.0,0.25,97.13719825,0.0,0.0
20260131,desktop,Mozilla Compatible Agent,Macintosh,4.0,4.0,1.0,0.0,0.0,0.0
20260201,mobile,Samsung Internet,Android,4.0,4.0,0.5,89.142936,0.0,0.0
20260202,desktop,Meta Quest Browser,Linux,4.0,1.0,0.5,18.616957,0.0,0.0
20260202,desktop,Mozilla Compatible Agent,Macintosh,4.0,4.0,1.0,1.39212525,0.0,0.0
20260202,mobile,Samsung Internet,Android,4.0,3.0,0.0,359.6952685,2.0,0.0
20260206,desktop,Opera,Windows,4.0,4.0,0.25,23.94428675,0.0,0.0
20260207,desktop,Chrome,Macintosh,4.0,4.0,0.0,66.0522505,0.0,0.0
20260208,desktop,Chrome,Macintosh,4.0,4.0,0.5,470.06801299999995,0.0,0.0
20260208,mobile,Samsung Internet,Android,4.0,4.0,0.75,47.469568,0.0,0.0
20260209,desktop,Opera,Windows,4.0,4.0,0.5,6.72163725,0.0,0.0
20260210,desktop,Firefox,Windows,4.0,4.0,0.25,79.98726,0.0,0.0
20260213,desktop,Firefox,Linux,4.0,2.0,0.5,266.42521925,0.0,0.0
20260217,desktop,Mozilla Compatible Agent,Macintosh,4.0,4.0,1.0,2.40246425,0.0,0.0
20260217,desktop,Safari,Macintosh,4.0,2.0,0.0,766.729104,0.0,0.0
20260218,desktop,Safari,Macintosh,4.0,3.0,0.25,567.3646094999999,1.0,0.0
20260219,desktop,Mozilla Compatible Agent,Macintosh,4.0,4.0,1.0,0.0,0.0,0.0
20260219,desktop,Safari,Macintosh,4.0,3.0,0.25,339.73460425,0.0,0.0
20260219,mobile,Samsung Internet,Android,4.0,4.0,0.5,122.11373125,0.0,0.0
20260220,desktop,Safari,Macintosh,4.0,3.0,0.0,205.54564025,0.0,0.0
20260222,desktop,Chrome,Macintosh,4.0,3.0,0.5,72.593864,0.0,0.0
20260224,desktop,Firefox,Windows,4.0,4.0,0.75,11.08483075,0.0,0.0
20260224,desktop,Safari,Macintosh,4.0,3.0,0.25,74.745492,0.0,0.0
20260224,mobile,Samsung Internet,Android,4.0,3.0,0.25,101.97193850000001,0.0,0.0
20260225,mobile,Samsung Internet,Android,4.0,4.0,0.25,16.5716205,0.0,0.0
20260226,desktop,Firefox,Windows,4.0,4.0,0.25,235.62422475,0.0,0.0
20260227,desktop,Firefox,Windows,4.0,4.0,0.5,34.16740125,0.0,0.0
20260227,desktop,Opera,Windows,4.0,4.0,0.5,228.1730795,0.0,0.0
20260227,mobile,Samsung Internet,Android,4.0,4.0,0.25,32.38120875,0.0,0.0
20260228,tablet,Safari,iOS,4.0,1.0,0.25,323.29011325,0.0,0.0
20260302,desktop,Opera,Windows,4.0,4.0,0.5,9.22777575,0.0,0.0
20260303,desktop,Firefox,Windows,4.0,4.0,0.25,108.22936025,0.0,0.0
20260303,desktop,Safari,Macintosh,4.0,4.0,0.0,277.3030955,1.0,0.0
20260304,desktop,Chrome,Macintosh,4.0,4.0,0.0,650.029698,0.0,0.0
20260304,desktop,Safari,Macintosh,4.0,4.0,0.0,322.2880365,0.0,0.0
20260307,desktop,Mozilla Compatible Agent,Macintosh,4.0,4.0,0.75,20.624770750000003,1.0,0.0
20260307,mobile,Samsung Internet,Android,4.0,4.0,0.75,5.586928,0.0,0.0
20260308,mobile,Samsung Internet,Android,4.0,4.0,0.75,21.116961500000002,0.0,0.0
20260309,desktop,Opera,Windows,4.0,2.0,0.75,4.62450325,0.0,0.0
20260311,desktop,Firefox,Linux,4.0,3.0,0.75,0.94649525,0.0,0.0
20260312,mobile,Samsung Internet,Android,4.0,4.0,0.25,178.799438,0.0,0.0
20260313,desktop,Mozilla Compatible Agent,Macintosh,4.0,4.0,1.0,1.4374675,0.0,0.0
20260315,desktop,Firefox,Windows,4.0,3.0,0.75,4.6078975,0.0,0.0
20260316,desktop,Safari,Macintosh,4.0,4.0,0.0,63.47080225,1.0,0.0
20260317,mobile,Samsung Internet,Android,4.0,4.0,1.0,1.27855,0.0,0.0
20260318,desktop,Chrome,Macintosh,4.0,4.0,0.75,6.50393875,0.0,0.0
20260318,desktop,Firefox,Windows,4.0,4.0,0.25,52.59954975,0.0,0.0
20260319,desktop,Chrome,Linux,4.0,3.0,0.5,67.78172375,0.0,0.0
20260321,desktop,Chrome,Macintosh,4.0,4.0,0.5,125.88791425,0.0,0.0
20260322,desktop,Chrome,Linux,4.0,4.0,0.75,320.706525,0.0,0.0
20260322,desktop,Mozilla Compatible Agent,Macintosh,4.0,4.0,1.0,0.0,0.0,0.0
20260323,desktop,Firefox,Windows,4.0,3.0,0.75,2.66757975,0.0,0.0
20260323,desktop,Safari,Macintosh,4.0,2.0,0.5,58.4934715,0.0,0.0
20260323,mobile,Samsung Internet,Android,4.0,4.0,0.75,9.28909875,0.0,0.0
20260325,desktop,Chrome,Linux,4.0,3.0,0.75,12.40146075,0.0,0.0
20260326,desktop,Chrome,Linux,4.0,3.0,0.25,225.05530050000002,0.0,0.0
20260327,desktop,Safari,Macintosh,4.0,3.0,0.5,241.71378725,0.0,0.0
20260328,desktop,Chrome,Linux,4.0,4.0,1.0,1.35799325,0.0,0.0
20260328,tablet,Chrome,Android,4.0,4.0,0.25,197.8089,0.0,0.0
20260329,tablet,Safari,iOS,4.0,4.0,0.75,9.87809675,0.0,0.0
20260330,mobile,Safari (in-app),iOS,4.0,4.0,0.75,4.0818065,0.0,0.0
20260402,desktop,Chrome,Macintosh,4.0,3.0,0.5,42.31418125,1.0,0.0
20260404,desktop,Edge,Windows,4.0,4.0,0.25,68.2133125,0.0,0.0
20260405,mobile,Safari (in-app),iOS,4.0,4.0,1.0,0.0,0.0,0.0
20260406,desktop,Chrome,Linux,4.0,3.0,0.25,12.98516975,0.0,0.0
20260408,desktop,Chrome,Macintosh,4.0,4.0,0.5,381.31001125,0.0,0.0
20260408,mobile,Samsung Internet,Android,4.0,3.0,0.75,4.72919375,0.0,0.0
20260412,mobile,Edge,Android,4.0,3.0,0.25,22.60482575,1.0,0.0
20260413,desktop,(not set),(not set),4.0,4.0,0.75,6.84706175,0.0,0.0
20260415,mobile,Samsung Internet,Android,4.0,3.0,0.75,6.965585,0.0,0.0
20260416,mobile,Samsung Internet,Android,4.0,4.0,0.0,53.81473125,3.0,0.0
20260419,desktop,Opera,Windows,4.0,4.0,0.25,181.63343075,0.0,0.0
20260420,desktop,Chrome,Macintosh,4.0,4.0,0.0,99.27625275,0.0,0.0
20260422,desktop,Opera,Windows,4.0,4.0,0.5,258.225907,0.0,0.0
20260423,desktop,Chrome,Chrome OS,4.0,3.0,0.75,9.61143025,0.0,0.0
20260423,mobile,Samsung Internet,Android,4.0,4.0,0.0,26.33456075,0.0,0.0
20260424,mobile,Samsung Internet,Android,4.0,3.0,0.75,13.341569,0.0,0.0
20260425,desktop,Edge,Windows,4.0,3.0,0.75,10.9195195,0.0,0.0
20260426,mobile,Safari (in-app),iOS,4.0,4.0,0.75,1.9601605,0.0,0.0
20260428,desktop,Safari,Macintosh,4.0,3.0,0.25,461.53669425,0.0,0.0
20260429,desktop,Safari,Macintosh,4.0,4.0,0.25,253.8816625,0.0,0.0
20260501,desktop,Chrome,Linux,4.0,4.0,0.5,22.50293425,0.0,0.0
20260501,desktop,Edge,Windows,4.0,4.0,0.0,228.063979,0.0,0.0
20260501,mobile,Samsung Internet,Android,4.0,4.0,0.25,395.639395,0.0,0.0
20260502,desktop,Chrome,Linux,4.0,4.0,0.75,17.56613875,0.0,0.0
20260502,desktop,Chrome,Macintosh,4.0,4.0,0.75,8.693413,0.0,0.0
20260506,desktop,Chrome,Linux,4.0,4.0,0.5,18.965822,0.0,0.0
20260506,desktop,Firefox,Windows,4.0,4.0,0.25,196.70024225,0.0,0.0
20260507,desktop,Chrome,Linux,4.0,4.0,0.5,14.821524499999999,0.0,0.0
20260507,desktop,Chrome,Macintosh,4.0,4.0,0.75,4.8575115,0.0,0.0
20260509,desktop,Chrome,Macintosh,4.0,4.0,0.25,189.4210915,0.0,0.0
20260510,desktop,Chrome,Macintosh,4.0,4.0,0.5,57.086939,0.0,0.0
20260511,desktop,Safari,Macintosh,4.0,4.0,0.75,19.049734500000003,0.0,0.0
20260513,desktop,Safari,Macintosh,4.0,4.0,0.25,796.11411625,0.0,0.0
20260514,desktop,Chrome,Macintosh,4.0,4.0,0.0,280.32433475,0.0,0.0
20260515,desktop,Opera,Windows,4.0,4.0,0.5,9.536009,0.0,0.0
20260521,mobile,Samsung Internet,Android,4.0,4.0,0.25,38.126024,1.0,0.0
20260522,desktop,Chrome,Linux,4.0,4.0,0.25,619.5490705,0.0,0.0
20260526,mobile,Samsung Internet,Android,4.0,4.0,0.75,15.520404,0.0,0.0
20260526,tablet,Android Webview,Android,4.0,4.0,0.5,130.69321775,0.0,0.0
20260528,desktop,Chrome,Macintosh,4.0,3.0,0.75,9.2234485,0.0,0.0
20260530,desktop,Chrome,Macintosh,4.0,4.0,1.0,2.7541705,0.0,0.0
20260531,mobile,Samsung Internet,Android,4.0,4.0,0.25,65.9225925,0.0,0.0
20260604,desktop,Chrome,Macintosh,4.0,4.0,0.25,80.12356025,0.0,0.0
20260606,desktop,Edge,Windows,4.0,4.0,0.25,14.90165175,0.0,0.0
20260607,desktop,Chrome,Macintosh,4.0,3.0,0.5,3.0871015,0.0,0.0
20260607,desktop,Edge,Windows,4.0,3.0,0.5,40.442678750000006,0.0,0.0
20260608,desktop,Opera,Windows,4.0,4.0,0.0,162.9006535,0.0,0.0
20260609,desktop,Chrome,Linux,4.0,4.0,0.5,8.7290145,0.0,0.0
20260609,desktop,Firefox,Windows,4.0,4.0,0.75,181.001812,0.0,0.0
20260610,desktop,Safari,Macintosh,4.0,4.0,0.25,284.97774325,0.0,0.0
20260611,desktop,Chrome,Linux,4.0,3.0,0.75,60.96226725,0.0,0.0
20260611,desktop,Opera,Windows,4.0,4.0,0.5,34.22534275,0.0,0.0
20260611,tablet,Android Webview,Android,4.0,4.0,0.5,32.298781,0.0,0.0
20260613,desktop,Safari,Macintosh,4.0,4.0,1.0,1.493166,0.0,0.0
20260614,mobile,Samsung Internet,Android,4.0,4.0,0.75,5.25884225,0.0,0.0
20260615,desktop,Chrome,Linux,4.0,3.0,0.5,336.839389,0.0,0.0
20260615,desktop,Firefox,Windows,4.0,3.0,0.0,142.3415655,0.0,0.0
20260615,mobile,Samsung Internet,Android,4.0,4.0,0.5,11.48520775,0.0,0.0
20260616,mobile,Samsung Internet,Android,4.0,4.0,0.5,150.87263175,0.0,0.0
20260617,desktop,Firefox,Windows,4.0,4.0,0.25,100.0313945,0.0,0.0
20260617,desktop,Opera,Windows,4.0,4.0,0.5,290.3109415,0.0,0.0
20260620,desktop,Opera,Windows,4.0,4.0,0.25,169.53880025,0.0,0.0
20260620,mobile,Samsung Internet,Android,4.0,4.0,0.5,24.631707,0.0,0.0
20260621,desktop,Chrome,Linux,4.0,3.0,0.25,18.492511,0.0,0.0
20260621,desktop,Opera,Windows,4.0,3.0,0.25,183.90090825,0.0,0.0
20260622,desktop,Firefox,Windows,4.0,4.0,0.5,66.71412325,0.0,0.0
20260622,desktop,Safari,Macintosh,4.0,2.0,0.75,707.546924,0.0,0.0
20260624,desktop,Mozilla Compatible Agent,Macintosh,4.0,4.0,1.0,0.0,0.0,0.0
20260626,desktop,Firefox,Windows,4.0,4.0,0.75,14.42789275,0.0,0.0
20260626,desktop,Opera,Windows,4.0,4.0,0.75,98.67939475,0.0,0.0
20260627,desktop,Chrome,Macintosh,4.0,3.0,0.25,345.71023475,0.0,0.0
20260628,desktop,Chrome,Macintosh,4.0,4.0,0.5,11.89084225,0.0,0.0
20260629,mobile,Samsung Internet,Android,4.0,3.0,0.75,6.661052,0.0,0.0
20260701,desktop,Firefox,Windows,4.0,2.0,0.5,406.42926775,0.0,0.0
20260702,desktop,Chrome,Linux,4.0,3.0,1.0,0.41604225,0.0,0.0
20260702,desktop,Mozilla Compatible Agent,Macintosh,4.0,4.0,1.0,2.86180175,0.0,0.0
20260709,desktop,Chrome,Macintosh,4.0,4.0,0.75,13.74239825,0.0,0.0
20260710,desktop,Firefox,Windows,4.0,3.0,0.5,611.32646875,0.0,0.0
20260710,desktop,Safari,Macintosh,4.0,4.0,0.75,21.944535000000002,0.0,0.0
20260710,mobile,Samsung Internet,Android,4.0,4.0,1.0,4.2787895,0.0,0.0
20260712,desktop,Edge,Windows,4.0,3.0,1.0,2.7001855,0.0,0.0
20260712,desktop,Safari,Macintosh,4.0,4.0,0.5,132.88719225,0.0,0.0
20260717,mobile,Samsung Internet,Android,4.0,4.0,0.25,27.61087175,0.0,0.0
20260720,desktop,Firefox,Windows,4.0,4.0,0.25,472.289852,0.0,0.0
20260724,desktop,Safari,Macintosh,4.0,3.0,0.5,376.13309475,0.0,0.0
20260726,desktop,Mozilla Compatible Agent,Macintosh,4.0,4.0,1.0,1.358508,0.0,0.0
20260729,mobile,Samsung Internet,Android,4.0,4.0,0.75,21.393763500000002,0.0,0.0
20260731,desktop,Opera,Macintosh,4.0,3.0,0.0,123.975837,0.0,0.0
20260802,desktop,Edge,Windows,4.0,4.0,0.25,338.43745375,0.0,0.0
20260803,desktop,Chrome,Linux,4.0,3.0,0.5,507.02540475,0.0,0.0
20260803,mobile,Samsung Internet,Android,4.0,4.0,0.5,10.707819,0.0,0.0
20260804,mobile,Samsung Internet,Android,4.0,4.0,0.5,145.8445935,0.0,0.0
20260805,mobile,Android Webview,Android,4.0,4.0,0.75,32.92455775,0.0,0.0
20260806,desktop,Opera,Windows,4.0,3.0,0.5,12.534650000000001,0.0,0.0
20260809,desktop,Chrome,Macintosh,4.0,4.0,0.0,417.849778,0.0,0.0
20260809,desktop,Edge,Windows,4.0,4.0,0.25,24.14497075,0.0,0.0
20260811,desktop,Safari,Macintosh,4.0,4.0,0.75,10.309048,0.0,0.0
20260811,mobile,Samsung Internet,Android,4.0,4.0,0.5,60.0954055,0.0,0.0
20260812,desktop,Chrome,Linux,4.0,4.0,0.75,17.219115000000002,0.0,0.0
20260812,mobile,Samsung Internet,Android,4.0,4.0,0.75,5.9633252500000005,0.0,0.0
20260813,desktop,Mozilla Compatible Agent,Macintosh,4.0,4.0,1.0,1.458,0.0,0.0
20260813,desktop,Opera,Windows,4.0,4.0,0.25,36.76271625,0.0,0.0
20260814,desktop,Opera,Windows,4.0,4.0,0.75,16.12467825,0.0,0.0
20260814,desktop,Safari,Macintosh,4.0,4.0,0.25,69.80026724999999,0.0,0.0
20260815,desktop,Mozilla Compatible Agent,Macintosh,4.0,4.0,1.0,1.5681665,0.0,0.0
20260816,desktop,Opera,Windows,4.0,4.0,0.5,12.87817675,0.0,0.0
20260817,desktop,Firefox,Windows,4.0,3.0,0.5,853.8809045,0.0,0.0
20260818,mobile,Samsung Internet,Android,4.0,4.0,0.25,225.207191,0.0,0.0
20260819,desktop,Safari,Macintosh,4.0,4.0,0.25,334.87618125,0.0,0.0
20260821,desktop,Chrome,Linux,4.0,4.0,0.5,52.506440999999995,0.0,0.0
20260824,desktop,Mozilla Compatible Agent,Macintosh,4.0,4.0,1.0,1.28532775,0.0,0.0
20260825,tablet,Chrome,Android,4.0,4.0,0.75,5.072668,0.0,0.0
20260827,mobile,Samsung Internet,Android,4.0,3.0,0.75,22.305211,0.0,0.0
20260831,desktop,Firefox,Windows,4.0,3.0,0.75,3.151272,0.0,0.0
20260901,desktop,Mozilla Compatible Agent,Macintosh,4.0,4.0,1.0,0.0,0.0,0.0
20260903,desktop,Firefox,Windows,4.0,3.0,0.5,280.56485525,0.0,0.0
20260903,desktop,Opera,Windows,4.0,4.0,0.75,13.943609,0.0,0.0
20260904,desktop,Mozilla Compatible Agent,Macintosh,4.0,4.0,1.0,0.0,0.0,0.0
20260904,mobile,Samsung Internet,Android,4.0,3.0,0.0,35.30670575,0.0,0.0
20260906,mobile,Samsung Internet,Android,4.0,4.0,0.5,40.50845325,0.0,0.0
20260908,desktop,Chrome,Linux,4.0,4.0,0.5,5.2787555,0.0,0.0
20260909,desktop,Firefox,Windows,4.0,4.0,0.75,35.218439,0.0,0.0
20260909,desktop,Safari,Macintosh,4.0,4.0,0.25,31.9445765,0.0,0.0
20260910,desktop,Firefox,Windows,4.0,4.0,0.25,19.69166225,0.0,0.0
20260911,desktop,Chrome,Linux,4.0,4.0,0.5,245.0109255,0.0,0.0
20260911,mobile,Samsung Internet,Android,4.0,4.0,0.75,24.60092525,0.0,0.0
20260912,desktop,Safari,Macintosh,4.0,4.0,0.75,11.3235225,0.0,0.0
20260914,desktop,Firefox,Windows,4.0,3.0,0.75,68.29744525,0.0,0.0
20260914,desktop,Safari,Macintosh,4.0,4.0,0.0,756.105256,0.0,0.0
20260915,desktop,Firefox,Windows,4.0,2.0,1.0,3.27131125,0.0,0.0
20260916,desktop,Opera,Windows,4.0,4.0,0.0,19.5245405,0.0,0.0
20260917,desktop,Chrome,Linux,4.0,3.0,0.25,1040.9057345,0.0,0.0
20260917,desktop,Safari,Macintosh,4.0,1.0,0.5,774.30364625,0.0,0.0
20250918,desktop,Opera,Windows,3.0,2.0,1.0,0.0,0.0,0.0
20250919,desktop,Firefox,Windows,3.0,3.0,0.0,114.48111933333333,0.0,0.0
20250921,desktop,Chrome,Macintosh,3.0,2.0,0.3333333333333333,105.730091,0.0,0.0
20250922,desktop,Firefox,Linux,3.0,2.0,1.0,1.246014,0.0,0.0
20250922,mobile,(not set),iOS,3.0,3.0,1.0,0.0,0.0,0.0
20250924,desktop,Chrome,Linux,3.0,3.0,0.6666666666666666,3.9066786666666666,0.0,0.0
20250924,desktop,Firefox,Windows,3.0,2.0,0.6666666666666666,18.231401666666667,0.0,0.0
20250924,tablet,Android Webview,Android,3.0,3.0,0.6666666666666666,17.187706666666667,0.0,0.0
20250925,mobile,Edge,Android,3.0,3.0,0.3333333333333333,23.314898333333332,0.0,0.0
20250928,desktop,Chrome,Chrome OS,3.0,2.0,1.0,1.0306096666666666,0.0,0.0
20250928,desktop,Firefox,Windows,3.0,3.0,0.6666666666666666,82.87820566666666,0.0,0.0
20250928,desktop,Mozilla Compatible Agent,Macintosh,3.0,3.0,1.0,2.2082213333333334,0.0,0.0
20251001,desktop,(not set),(not set),3.0,3.0,0.6666666666666666,5.6300903333333325,0.0,0.0
20251002,desktop,Safari,Macintosh,3.0,3.0,0.0,587.8083006666667,0.0,0.0
20251004,desktop,Chrome,Linux,3.0,3.0,0.6666666666666666,7.672373333333333,0.0,0.0
20251005,desktop,Chrome,Linux,3.0,3.0,0.3333333333333333,46.13678866666666,0.0,0.0
20251011,desktop,Mozilla Compatible Agent,Macintosh,3.0,3.0,1.0,0.0,0.0,0.0
20251011,tablet,Android Webview,Android,3.0,3.0,0.3333333333333333,310.741604,0.0,0.0
20251012,tablet,Safari (in-app),iOS,3.0,3.0,0.3333333333333333,10.461203333333334,0.0,0.0
20251014,desktop,Opera,Windows,3.0,3.0,0.0,313.867827,1.0,0.0
20251014,tablet,Android Webview,Android,3.0,3.0,0.3333333333333333,25.583240333333332,0.0,0.0
20251014,tablet,Chrome,Android,3.0,3.0,0.3333333333333333,17.024384333333334,0.0,0.0
20251015,desktop,Opera,Windows,3.0,3.0,0.6666666666666666,18.04216033333333,0.0,0.0
20251016,desktop,Chrome,Chrome OS,3.0,2.0,1.0,3.3102693333333337,0.0,0.0
20251016,desktop,Firefox,Linux,3.0,2.0,0.6666666666666666,493.8741353333333,0.0,0.0
20251016,desktop,Firefox,Windows,3.0,2.0,1.0,0.0,0.0,0.0
20251016,mobile,Firefox,Android,3.0,2.0,0.6666666666666666,155.909165,0.0,0.0
20251016,tablet,Chrome,Android,3.0,3.0,0.6666666666666666,17.991054666666667,0.0,0.0
20251016,tablet,Safari,iOS,3.0,2.0,0.6666666666666666,14.043493666666665,0.0,0.0
20251017,desktop,Mozilla Compatible Agent,Macintosh,3.0,3.0,1.0,0.0,0.0,0.0
20251017,desktop,Safari,Macintosh,3.0,2.0,0.6666666666666666,16.605895666666665,0.0,0.0
20251018,desktop,Opera,Windows,3.0,2.0,0.3333333333333333,1019.245266,0.0,0.0
20251018,tablet,Safari,iOS,3.0,3.0,0.3333333333333333,6.043691666666667,0.0,0.0
20251019,desktop,Mozilla Compatible Agent,Macintosh,3.0,3.0,1.0,0.0,0.0,0.0
20251019,mobile,Opera,Android,3.0,3.0,1.0,0.5225683333333333,0.0,0.0
20251019,tablet,Android Webview,Android,3.0,3.0,1.0,0.0,0.0,0.0
20251020,mobile,Firefox,Android,3.0,3.0,0.3333333333333333,12.244973333333334,0.0,0.0
20251020,tablet,Android Webview,Android,3.0,3.0,0.0,146.57966466666667,0.0,0.0
20251021,desktop,Chrome,Chrome OS,3.0,3.0,0.6666666666666666,7.214887999999999,0.0,0.0
20251021,desktop,Firefox,Linux,3.0,3.0,0.6666666666666666,25.236727666666667,0.0,0.0
20251021,desktop,Firefox,Windows,3.0,3.0,0.0,130.53105366666668,0.0,0.0
20251022,desktop,Opera,Windows,3.0,2.0,0.6666666666666666,13.338191,0.0,0.0
20251023,tablet,Android Webview,Android,3.0,3.0,0.3333333333333333,57.630223,0.0,0.0
20251024,desktop,Safari,Macintosh,3.0,3.0,0.0,599.5744976666666,0.0,0.0
20251025,mobile,Opera,Android,3.0,3.0,0.3333333333333333,110.497546,0.0,0.0
20251026,tablet,Chrome,iOS,3.0,3.0,1.0,1.9583703333333335,0.0,0.0
20251028,mobile,Opera,Android,3.0,3.0,0.6666666666666666,63.820153,0.0,0.0
20251029,desktop,Chrome,Macintosh,3.0,3.0,0.3333333333333333,46.139972,0.0,0.0
20251029,mobile,Chrome,Linux,3.0,3.0,0.6666666666666666,8.974249333333333,0.0,0.0
20251029,smart tv,Android Webview,Android,3.0,3.0,1.0,0.0,0.0,0.0
20251029,tablet,Chrome,Android,3.0,3.0,0.3333333333333333,5.441668666666666,0.0,0.0
20251030,desktop,Chrome,Chrome OS,3.0,3.0,0.6666666666666666,176.54512633333331,0.0,0.0
20251031,desktop,Chrome,Macintosh,3.0,3.0,0.3333333333333333,12.513609333333333,0.0,0.0
20251031,desktop,Samsung Internet,Linux,3.0,3.0,1.0,0.13686766666666667,0.0,0.0
20251031,tablet,Safari (in-app),iOS,3.0,3.0,1.0,1.966374,0.0,0.0
20251101,desktop,Firefox,Windows,3.0,2.0,1.0,2.0099543333333334,0.0,0.0
20251101,tablet,Chrome,iOS,3.0,3.0,0.3333333333333333,11.7627,0.0,0.0
20251102,desktop,Safari,Macintosh,3.0,3.0,0.6666666666666666,312.43025566666665,0.0,0.0
20251103,desktop,Safari,Macintosh,3.0,3.0,0.6666666666666666,35.348731666666666,1.0,0.0
20251103,mobile,Opera,Android,3.0,3.0,1.0,0.0,0.0,0.0
20251103,tablet,Chrome,Android,3.0,3.0,0.6666666666666666,37.517156666666665,0.0,0.0
20251104,desktop,Chrome,Linux,3.0,1.0,0.6666666666666666,14.492663333333333,0.0,0.0
20251104,desktop,Opera,Windows,3.0,2.0,0.6666666666666666,2.587304666666667,0.0,0.0
20251107,desktop,Chrome,Linux,3.0,3.0,0.3333333333333333,10.423249333333333,0.0,0.0
20251109,tablet,Chrome,Android,3.0,3.0,0.6666666666666666,0.7553736666666667,0.0,0.0
20251110,desktop,Chrome,Linux,3.0,3.0,0.0,187.43004,0.0,0.0
20251111,desktop,Firefox,Windows,3.0,3.0,0.6666666666666666,130.43245233333332,0.0,0.0
20251114,desktop,Chrome,Macintosh,3.0,3.0,0.6666666666666666,13.658500000000002,0.0,0.0
20251114,desktop,Firefox,Linux,3.0,3.0,0.3333333333333333,7.388161,0.0,0.0
20251114,desktop,Safari,Macintosh,3.0,3.0,0.6666666666666666,2.804575,0.0,0.0
20251115,desktop,Chrome,Macintosh,3.0,2.0,0.6666666666666666,6.264703666666667,0.0,0.0
20251115,desktop,Opera,Windows,3.0,3.0,0.6666666666666666,38.59612933333333,0.0,0.0
20251115,desktop,Safari,Macintosh,3.0,2.0,0.6666666666666666,5.0674513333333335,0.0,0.0
20251116,desktop,Safari,Macintosh,3.0,3.0,0.3333333333333333,312.58893066666667,1.0,0.0
20251117,desktop,Opera,Windows,3.0,3.0,0.0,40.937436999999996,0.0,0.0
20251117,desktop,Safari,Macintosh,3.0,2.0,0.3333333333333333,41.920605,0.0,0.0
20251123,desktop,Safari,Macintosh,3.0,2.0,0.6666666666666666,78.015078,0.0,0.0
20251124,desktop,Safari,Macintosh,3.0,3.0,0.0,624.6221266666666,0.0,0.0
20251125,desktop,Chrome,Macintosh,3.0,3.0,0.0,169.64571133333334,0.0,0.0
20251125,desktop,Opera,Windows,3.0,3.0,0.3333333333333333,34.333905333333334,0.0,0.0
20251128,desktop,Safari,Macintosh,3.0,3.0,0.3333333333333333,56.428818,0.0,0.0
20251203,mobile,Safari (in-app),iOS,3.0,3.0,0.6666666666666666,0.6345836666666667,0.0,0.0
20251204,desktop,Safari,Macintosh,3.0,3.0,0.3333333333333333,23.520584666666664,0.0,0.0
20251205,desktop,Chrome,Linux,3.0,3.0,0.0,17.566161666666666,0.0,0.0
20251206,desktop,Chrome,Linux,3.0,3.0,0.6666666666666666,32.758711,0.0,0.0
20251206,desktop,Firefox,Windows,3.0,2.0,0.6666666666666666,35.22318966666666,0.0,0.0
20251206,desktop,Safari,Macintosh,3.0,3.0,0.0,88.876054,1.0,0.0
20251207,desktop,Chrome,Macintosh,3.0,3.0,0.6666666666666666,194.13426166666667,0.0,0.0
20251207,desktop,Safari,Macintosh,3.0,3.0,1.0,0.0,0.0,0.0
20251207,mobile,Samsung Internet,Android,3.0,3.0,0.3333333333333333,6.930824,0.0,0.0
20251208,desktop,Chrome,Linux,3.0,3.0,0.0,391.0983383333333,0.0,0.0
20251208,desktop,Firefox,Windows,3.0,3.0,0.0,494.5866383333334,0.0,0.0
20251209,desktop,Firefox,Windows,3.0,3.0,0.0,41.30253966666667,0.0,0.0
20251209,desktop,Safari,Macintosh,3.0,3.0,0.0,18.955161333333333,0.0,0.0
20251210,desktop,Opera,Windows,3.0,3.0,0.0,120.09328333333333,0.0,0.0
20251211,desktop,Opera,Windows,3.0,3.0,0.3333333333333333,11.671644666666666,0.0,0.0
20251211,desktop,Safari,Macintosh,3.0,3.0,0.0,37.486759,0.0,0.0
20251212,desktop,Firefox,Windows,3.0,3.0,0.3333333333333333,5.921357333333333,0.0,0.0
20251213,desktop,Chrome,Linux,3.0,3.0,0.0,163.48033766666666,0.0,0.0
20251214,desktop,Opera,Windows,3.0,2.0,0.6666666666666666,29.532493666666667,0.0,0.0
20251216,desktop,Firefox,Windows,3.0,3.0,0.0,65.38532633333334,0.0,0.0
20251216,desktop,Opera,Windows,3.0,2.0,0.3333333333333333,310.53968533333335,0.0,0.0
20251217,desktop,Opera,Windows,3.0,3.0,0.0,162.07109066666666,0.0,0.0
20251218,tablet,Chrome,iOS,3.0,3.0,1.0,0.0,0.0,0.0
20251219,desktop,Chrome,Linux,3.0,3.0,1.0,2.219372,0.0,0.0
20251219,desktop,Opera,Windows,3.0,2.0,0.3333333333333333,1194.6910086666667,0.0,0.0
20251220,desktop,Chrome,Linux,3.0,3.0,0.3333333333333333,12.740412666666666,0.0,0.0
20251223,desktop,Firefox,Linux,3.0,3.0,0.6666666666666666,6.552715666666667,0.0,0.0
20251223,desktop,Firefox,Windows,3.0,3.0,0.6666666666666666,3.062813333333333,0.0,0.0
20251224,desktop,Chrome,Linux,3.0,3.0,0.6666666666666666,4.477087666666667,0.0,0.0
20251224,desktop,Chrome,Macintosh,3.0,2.0,0.3333333333333333,71.34975933333332,0.0,0.0
20251224,desktop,Firefox,Windows,3.0,3.0,1.0,0.0,0.0,0.0
20251224,desktop,Opera,Windows,3.0,2.0,0.3333333333333333,8.912448333333334,0.0,0.0
20251225,desktop,Chrome,Macintosh,3.0,3.0,0.6666666666666666,7.081377333333333,0.0,0.0
20251227,desktop,Firefox,Windows,3.0,3.0,0.6666666666666666,10.977457666666666,0.0,0.0
20251227,tablet,Chrome,Android,3.0,3.0,1.0,1.9593443333333334,0.0,0.0
20251228,desktop,Chrome,Macintosh,3.0,3.0,0.6666666666666666,46.57884033333334,0.0,0.0
20251229,desktop,Chrome,Macintosh,3.0,3.0,0.3333333333333333,57.49978000000001,0.0,0.0
20251230,desktop,Chrome,Linux,3.0,3.0,1.0,3.9406389999999996,0.0,0.0
20251230,desktop,Mozilla Compatible Agent,Macintosh,3.0,3.0,0.6666666666666666,4.989446666666667,0.0,0.0
20251231,mobile,Samsung Internet,Android,3.0,3.0,0.3333333333333333,30.960053333333335,0.0,0.0
20260101,tablet,Chrome,Android,3.0,3.0,1.0,2.1980283333333333,0.0,0.0
20260102,desktop,Firefox,Linux,3.0,3.0,1.0,0.0,0.0,0.0
20260102,desktop,Safari,Macintosh,3.0,3.0,0.6666666666666666,15.652113666666667,0.0,0.0
20260103,desktop,Chrome,Linux,3.0,3.0,0.6666666666666666,191.05119433333334,0.0,0.0
20260106,desktop,Firefox,Linux,3.0,3.0,0.6666666666666666,195.93760333333333,0.0,0.0
20260107,desktop,Firefox,Windows,3.0,3.0,0.3333333333333333,68.674951,0.0,0.0
20260107,desktop,Opera,Windows,3.0,2.0,1.0,1.849449,0.0,0.0
20260109,tablet,Android Webview,Android,3.0,3.0,1.0,0.0,0.0,0.0
20260110,desktop,Edge,Windows,3.0,3.0,0.6666666666666666,19.01565,0.0,0.0
20260110,tablet,Android Webview,Android,3.0,3.0,1.0,1.6092033333333333,0.0,0.0
20260111,desktop,Opera,Windows,3.0,3.0,0.0,27.693819666666666,0.0,0.0
20260112,desktop,Firefox,Windows,3.0,3.0,0.3333333333333333,9.393106666666666,0.0,0.0
20260115,desktop,Firefox,Linux,3.0,3.0,0.0,81.816408,0.0,0.0
20260115,desktop,Opera,Windows,3.0,3.0,0.6666666666666666,208.20271966666667,0.0,0.0
20260116,desktop,Chrome,Linux,3.0,3.0,0.3333333333333333,29.474873666666667,0.0,0.0
20260118,desktop,Chrome,Linux,3.0,3.0,0.6666666666666666,8.475005666666666,0.0,0.0
20260118,desktop,Safari,Macintosh,3.0,3.0,0.0,258.184983,0.0,0.0
20260119,tablet,Chrome,Android,3.0,3.0,0.3333333333333333,1092.2631706666666,0.0,0.0
20260120,desktop,Opera,Windows,3.0,3.0,0.6666666666666666,242.55165366666665,0.0,0.0
20260120,desktop,Safari,Macintosh,3.0,3.0,1.0,1.4589223333333334,0.0,0.0
20260121,desktop,Chrome,Linux,3.0,3.0,0.6666666666666666,362.52895599999994,0.0,0.0
20260121,desktop,Safari,Linux,3.0,3.0,0.6666666666666666,14.470339333333333,0.0,0.0
20260124,desktop,Chrome,Linux,3.0,3.0,0.6666666666666666,94.69495466666667,0.0,0.0
20260127,desktop,Firefox,Windows,3.0,2.0,0.6666666666666666,7.378329,0.0,0.0
20260127,desktop,Opera,Windows,3.0,3.0,0.0,639.3316149999999,1.0,0.0
20260130,desktop,Opera,Windows,3.0,2.0,0.3333333333333333,359.48431200000005,0.0,0.0
20260131,desktop,Firefox,Windows,3.0,3.0,0.3333333333333333,28.722276333333337,0.0,0.0
20260201,desktop,Safari,Macintosh,3.0,3.0,0.0,151.91910566666667,0.0,0.0
20260203,desktop,Chrome,Linux,3.0,3.0,1.0,3.0809796666666664,0.0,0.0
20260203,desktop,Meta Quest Browser,Linux,3.0,1.0,1.0,0.0,0.0,0.0
20260204,desktop,Firefox,Windows,3.0,2.0,0.3333333333333333,430.330109,0.0,0.0
20260204,mobile,Samsung Internet,Android,3.0,2.0,1.0,0.0,0.0,0.0
20260205,desktop,Chrome,Linux,3.0,2.0,0.3333333333333333,72.20895466666667,0.0,0.0
20260205,mobile,Samsung Internet,Android,3.0,3.0,0.6666666666666666,8.633356,0.0,0.0
20260206,mobile,Samsung Internet,Android,3.0,3.0,0.3333333333333333,276.16962766666666,0.0,0.0
20260207,desktop,Chrome,Linux,3.0,3.0,0.6666666666666666,15.617562999999999,0.0,0.0
20260207,desktop,Opera,Windows,3.0,3.0,0.3333333333333333,69.17930566666668,0.0,0.0
20260210,desktop,Mozilla Compatible Agent,Macintosh,3.0,3.0,1.0,1.7680566666666666,0.0,0.0
20260211,desktop,Chrome,Linux,3.0,3.0,0.6666666666666666,77.953056,0.0,0.0
20260211,desktop,Firefox,Windows,3.0,3.0,0.0,843.4113453333333,0.0,0.0
20260211,desktop,Safari,Macintosh,3.0,3.0,0.3333333333333333,16.82692966666667,0.0,0.0
20260212,desktop,Firefox,Windows,3.0,2.0,1.0,1.8459476666666665,0.0,0.0
20260216,desktop,Chrome,Linux,3.0,3.0,0.3333333333333333,30.669241333333332,0.0,0.0
20260216,desktop,Chrome,Macintosh,3.0,3.0,0.3333333333333333,660.7547946666667,0.0,0.0
20260218,mobile,Samsung Internet,Android,3.0,3.0,0.6666666666666666,24.55157433333333,0.0,0.0
20260219,desktop,Firefox,Linux,3.0,1.0,0.3333333333333333,665.7637613333334,0.0,0.0
20260219,desktop,Opera,Windows,3.0,3.0,0.6666666666666666,10.370351333333334,0.0,0.0
20260221,desktop,Firefox,Linux,3.0,2.0,0.3333333333333333,14.012486333333333,0.0,0.0
20260224,desktop,Chrome,Linux,3.0,3.0,0.3333333333333333,18.201052999999998,0.0,0.0
20260225,desktop,Chrome,Chrome OS,3.0,3.0,0.3333333333333333,37.64073,0.0,0.0
20260226,desktop,Opera,Windows,3.0,3.0,0.0,235.37897433333333,0.0,0.0
20260227,desktop,Firefox,Linux,3.0,3.0,0.3333333333333333,41.623911,0.0,0.0
20260301,desktop,Chrome,Macintosh,3.0,3.0,0.6666666666666666,418.8516853333333,0.0,0.0
20260301,desktop,Mozilla Compatible Agent,Macintosh,3.0,3.0,0.6666666666666666,10.642013333333333,0.0,0.0
20260302,desktop,Firefox,Windows,3.0,3.0,0.6666666666666666,7.546432666666667,0.0,0.0
20260302,tablet,Safari,iOS,3.0,2.0,0.0,884.6355100000001,0.0,0.0
20260303,desktop,Chrome,Linux,3.0,3.0,0.0,51.157581,0.0,0.0
20260304,desktop,Chrome,Linux,3.0,1.0,1.0,2.483352,0.0,0.0
20260304,mobile,Samsung Internet,Android,3.0,3.0,0.6666666666666666,10.714659333333335,0.0,0.0
20260305,desktop,Safari,Macintosh,3.0,2.0,0.3333333333333333,474.99943699999994,0.0,0.0
20260307,desktop,Chrome,Macintosh,3.0,3.0,0.6666666666666666,2.2576226666666668,0.0,0.0
20260307,tablet,Chrome,Android,3.0,1.0,0.6666666666666666,20.593004666666666,0.0,0.0
20260309,desktop,Firefox,Windows,3.0,3.0,0.3333333333333333,277.659774,0.0,0.0
20260313,desktop,Opera,Windows,3.0,2.0,0.6666666666666666,5.422102,0.0,0.0
20260314,desktop,Mozilla Compatible Agent,Macintosh,3.0,3.0,1.0,0.0,0.0,0.0
20260314,desktop,Safari,Macintosh,3.0,3.0,0.3333333333333333,52.057686,0.0,0.0
20260316,desktop,Chrome,Linux,3.0,3.0,1.0,4.9082696666666665,0.0,0.0
20260316,desktop,Opera,Windows,3.0,3.0,0.0,387.4931523333333,0.0,0.0
20260317,desktop,Chrome,Linux,3.0,3.0,0.3333333333333333,5.588928333333333,0.0,0.0
20260318,mobile,Samsung Internet,Android,3.0,3.0,0.6666666666666666,10.044777999999999,0.0,0.0
20260319,desktop,Chrome,Macintosh,3.0,3.0,0.0,608.4286726666667,0.0,0.0
20260319,desktop,Safari,Macintosh,3.0,3.0,0.6666666666666666,70.907016,0.0,0.0
20260321,desktop,Firefox,Linux,3.0,2.0,1.0,4.639253,0.0,0.0
20260324,desktop,Safari,Macintosh,3.0,3.0,0.3333333333333333,21.767927,0.0,0.0
20260326,mobile,Samsung Internet,Android,3.0,3.0,0.0,30.53633333333333,0.0,0.0
20260327,desktop,Chrome,Linux,3.0,3.0,0.6666666666666666,7.463492,0.0,0.0
20260328,desktop,Chrome,Macintosh,3.0,3.0,0.3333333333333333,351.5987173333333,0.0,0.0
20260329,desktop,Edge,Windows,3.0,3.0,0.3333333333333333,14.292295000000001,0.0,0.0
20260330,mobile,Chrome,iOS,3.0,3.0,0.6666666666666666,7.740441,0.0,0.0
20260330,tablet,Safari,iOS,3.0,1.0,0.0,136.90055366666667,0.0,0.0
20260331,desktop,Chrome,Macintosh,3.0,3.0,0.3333333333333333,365.59652066666666,0.0,0.0
20260331,desktop,Firefox,Windows,3.0,3.0,0.6666666666666666,12.046149999999999,0.0,0.0
20260331,desktop,Safari,Macintosh,3.0,3.0,0.3333333333333333,27.000601333333336,0.0,0.0
20260402,mobile,Safari (in-app),iOS,3.0,3.0,0.6666666666666666,5.804677333333333,0.0,0.0
20260403,desktop,Chrome,Macintosh,3.0,2.0,0.3333333333333333,16.293861,0.0,0.0
20260405,desktop,Chrome,Linux,3.0,2.0,0.3333333333333333,132.522934,1.0,0.0
20260405,desktop,Chrome,Macintosh,3.0,3.0,0.6666666666666666,121.42472399999998,0.0,0.0
20260405,tablet,Safari,iOS,3.0,2.0,0.0,431.74346799999995,1.0,0.0
20260407,desktop,Firefox,Windows,3.0,3.0,0.0,28.137234666666668,0.0,0.0
20260407,mobile,Safari (in-app),iOS,3.0,3.0,1.0,0.0,0.0,0.0
20260408,desktop,Chrome,Linux,3.0,3.0,1.0,0.0,0.0,0.0
20260408,tablet,Android Webview,Android,3.0,3.0,0.3333333333333333,417.75670033333336,0.0,0.0
20260409,desktop,Chrome,Linux,3.0,3.0,0.0,141.888502,0.0,0.0
20260409,desktop,Opera,Windows,3.0,3.0,0.6666666666666666,6.819343,0.0,0.0
20260409,mobile,Safari (in-app),iOS,3.0,3.0,0.6666666666666666,77.97925166666667,0.0,0.0
20260411,desktop,Edge,Windows,3.0,3.0,0.6666666666666666,17.370498666666666,0.0,0.0
20260412,desktop,Firefox,Windows,3.0,2.0,0.6666666666666666,11.765869666666667,0.0,0.0
20260415,desktop,Firefox,Windows,3.0,3.0,0.3333333333333333,94.026413,1.0,0.0
20260415,mobile,Safari (in-app),iOS,3.0,3.0,0.6666666666666666,17.46837066666667,0.0,0.0
20260417,desktop,Chrome,Macintosh,3.0,2.0,0.6666666666666666,7.1521273333333335,0.0,0.0
20260418,desktop,Chrome,Linux,3.0,3.0,0.3333333333333333,55.260746000000005,0.0,0.0
20260418,desktop,Safari,Macintosh,3.0,2.0,0.3333333333333333,16.436226333333334,0.0,0.0
20260419,desktop,Chrome,Linux,3.0,3.0,0.6666666666666666,8.939096666666666,0.0,0.0
20260419,desktop,Chrome,Macintosh,3.0,3.0,0.0,92.78129066666666,0.0,0.0
20260419,mobile,Safari (in-app),iOS,3.0,3.0,0.3333333333333333,27.76032933333333,0.0,0.0
20260419,mobile,Samsung Internet,Android,3.0,3.0,1.0,0.9077383333333334,0.0,0.0
20260419,tablet,Safari,iOS,3.0,1.0,0.0,256.3552526666667,0.0,0.0
20260421,desktop,Firefox,Macintosh,3.0,1.0,0.6666666666666666,346.707564,0.0,0.0
20260421,desktop,Mozilla Compatible Agent,Macintosh,3.0,3.0,1.0,2.1146896666666666,0.0,0.0
20260422,desktop,Firefox,Windows,3.0,3.0,0.3333333333333333,268.65753333333333,0.0,0.0
20260422,tablet,Chrome,Android,3.0,3.0,0.6666666666666666,6.8127623333333345,0.0,0.0
20260423,desktop,Safari,Macintosh,3.0,3.0,0.6666666666666666,55.82845566666666,0.0,0.0
20260423,tablet,Safari,iOS,3.0,3.0,0.6666666666666666,48.156002,0.0,0.0
20260424,desktop,Safari,Macintosh,3.0,3.0,0.3333333333333333,584.8871666666666,0.0,0.0
20260425,desktop,Chrome,Macintosh,3.0,3.0,0.3333333333333333,419.68915466666664,0.0,0.0
20260425,mobile,Samsung Internet,Android,3.0,3.0,0.6666666666666666,0.04478033333333333,0.0,0.0
20260426,desktop,Chrome,Macintosh,3.0,2.0,1.0,1.9370146666666666,0.0,0.0
20260427,desktop,Chrome,Linux,3.0,3.0,0.3333333333333333,9.798001333333334,0.0,0.0
20260428,desktop,Chrome,Linux,3.0,3.0,0.3333333333333333,66.61762866666668,0.0,0.0
20260429,desktop,Chrome,Macintosh,3.0,1.0,1.0,0.0,0.0,0.0
20260429,desktop,Firefox,Windows,3.0,3.0,0.3333333333333333,90.116648,0.0,0.0
20260502,desktop,Safari,Macintosh,3.0,3.0,0.6666666666666666,91.70181633333334,0.0,0.0
20260503,desktop,Safari,Macintosh,3.0,3.0,0.3333333333333333,271.13587866666666,0.0,0.0
20260506,desktop,Opera,Windows,3.0,3.0,0.0,342.35396433333335,0.0,0.0
20260506,mobile,Android Webview,Android,3.0,3.0,0.3333333333333333,209.21718366666667,0.0,0.0
20260508,desktop,Firefox,Windows,3.0,3.0,0.3333333333333333,19.955069,0.0,0.0
20260509,desktop,Safari,Macintosh,3.0,3.0,0.6666666666666666,19.509283666666665,0.0,0.0
20260510,desktop,Safari,Macintosh,3.0,2.0,0.6666666666666666,7.1343016666666665,0.0,0.0
20260510,mobile,Android Webview,Android,3.0,3.0,0.0,195.94977100000003,0.0,0.0
20260511,desktop,Chrome,Linux,3.0,3.0,0.6666666666666666,13.493337333333335,0.0,0.0
20260511,desktop,Opera,Windows,3.0,3.0,0.6666666666666666,14.690701333333335,0.0,0.0
20260513,desktop,Firefox,Windows,3.0,3.0,0.3333333333333333,133.606179,0.0,0.0
20260514,mobile,Samsung Internet,Android,3.0,3.0,0.3333333333333333,13.113278000000001,0.0,0.0
20260515,desktop,Chrome,Macintosh,3.0,3.0,0.6666666666666666,24.980907333333334,0.0,0.0
20260517,desktop,Safari,Macintosh,3.0,2.0,0.3333333333333333,384.6550593333333,0.0,0.0
20260518,desktop,Safari,Macintosh,3.0,2.0,0.0,864.5738459999999,1.0,0.0
20260518,mobile,Samsung Internet,Android,3.0,3.0,0.6666666666666666,31.94572666666667,0.0,0.0
20260519,desktop,Firefox,Windows,3.0,2.0,0.6666666666666666,5.878816666666666,0.0,0.0
20260519,mobile,Samsung Internet,Android,3.0,3.0,0.6666666666666666,8.035129,0.0,0.0
20260519,tablet,Safari,iOS,3.0,3.0,0.3333333333333333,84.19392033333334,0.0,0.0
20260520,desktop,Safari,Macintosh,3.0,3.0,0.3333333333333333,14.470416333333333,0.0,0.0
20260520,mobile,Samsung Internet,Android,3.0,3.0,1.0,1.743499,0.0,0.0
20260521,desktop,Chrome,Linux,3.0,3.0,0.3333333333333333,10.996601333333333,0.0,0.0
20260522,desktop,Firefox,Windows,3.0,2.0,0.3333333333333333,212.52808866666666,0.0,0.0
20260523,tablet,Android Webview,Android,3.0,3.0,0.6666666666666666,111.15471433333333,0.0,0.0
20260524,desktop,Chrome,Linux,3.0,3.0,0.3333333333333333,50.846227666666664,0.0,0.0
20260525,desktop,Safari,Macintosh,3.0,3.0,0.3333333333333333,177.54349166666668,0.0,0.0
20260527,desktop,Safari,Macintosh,3.0,3.0,0.6666666666666666,62.39696866666667,0.0,0.0
20260527,mobile,Samsung Internet,Android,3.0,3.0,0.3333333333333333,17.764085333333334,0.0,0.0
20260528,desktop,Safari,Macintosh,3.0,3.0,0.3333333333333333,8.724312333333334,0.0,0.0
20260528,tablet,Android Webview,Android,3.0,3.0,1.0,0.0,0.0,0.0
20260529,desktop,Firefox,Windows,3.0,3.0,0.0,200.0365843333333,0.0,0.0
20260529,mobile,Safari (in-app),iOS,3.0,3.0,0.6666666666666666,28.277593666666665,0.0,0.0
20260530,desktop,Chrome,Linux,3.0,3.0,0.0,286.3208553333333,0.0,0.0
20260530,desktop,Firefox,Windows,3.0,2.0,0.3333333333333333,60.127299666666666,0.0,0.0
20260530,desktop,Safari,Macintosh,3.0,3.0,0.3333333333333333,223.61256066666667,0.0,0.0
20260531,desktop,Chrome,Linux,3.0,3.0,0.3333333333333333,177.74914633333333,0.0,0.0
20260601,tablet,Android Webview,Android,3.0,3.0,0.3333333333333333,10.36617,0.0,0.0
20260601,tablet,Chrome,Android,3.0,3.0,0.3333333333333333,142.92416766666665,0.0,0.0
20260602,desktop,Safari,Macintosh,3.0,3.0,0.6666666666666666,212.07567833333334,0.0,0.0
20260603,desktop,Chrome,Linux,3.0,3.0,0.3333333333333333,828.8574423333333,0.0,0.0
20260603,tablet,Android Webview,Android,3.0,3.0,1.0,0.0,0.0,0.0
20260604,desktop,Chrome,Linux,3.0,3.0,1.0,5.424173,0.0,0.0
20260605,desktop,Safari,Macintosh,3.0,3.0,0.3333333333333333,25.472603000000003,0.0,0.0
20260606,desktop,Chrome,Macintosh,3.0,3.0,0.3333333333333333,102.31458200000002,0.0,0.0
20260607,mobile,Safari (in-app),iOS,3.0,3.0,1.0,0.0,0.0,0.0
20260608,desktop,Firefox,Windows,3.0,3.0,0.0,677.1869276666666,0.0,0.0
20260610,desktop,Chrome,Linux,3.0,3.0,0.0,73.300364,1.0,0.0
20260612,desktop,Chrome,Linux,3.0,3.0,0.6666666666666666,135.160801,1.0,0.0
20260612,desktop,Firefox,Windows,3.0,3.0,0.0,150.52317233333335,0.0,0.0
20260613,mobile,Android Webview,Android,3.0,3.0,0.6666666666666666,28.211401999999996,0.0,0.0
20260616,desktop,Chrome,Linux,3.0,3.0,0.0,190.27059466666665,0.0,0.0
20260617,desktop,Mozilla Compatible Agent,Macintosh,3.0,3.0,1.0,5.229415333333333,0.0,0.0
20260618,desktop,Chrome,Linux,3.0,3.0,0.3333333333333333,192.138723,0.0,0.0
20260619,desktop,Firefox,Windows,3.0,3.0,0.3333333333333333,696.3151276666667,0.0,0.0
20260620,desktop,Mozilla Compatible Agent,Macintosh,3.0,3.0,1.0,1.8703803333333333,0.0,0.0
20260621,mobile,Samsung Internet,Android,3.0,3.0,0.0,265.63510966666666,0.0,0.0
20260622,mobile,Samsung Internet,Android,3.0,3.0,0.0,19.981439333333334,0.0,0.0
20260623,mobile,Samsung Internet,Android,3.0,3.0,0.6666666666666666,20.851088333333333,0.0,0.0
20260624,desktop,Firefox,Windows,3.0,2.0,0.3333333333333333,312.47241433333335,0.0,0.0
20260624,mobile,Samsung Internet,Android,3.0,3.0,0.6666666666666666,20.811803,0.0,0.0
20260625,mobile,Samsung Internet,Android,3.0,3.0,0.6666666666666666,12.933064666666667,0.0,0.0
20260627,mobile,Samsung Internet,Android,3.0,3.0,0.6666666666666666,21.380892666666668,0.0,0.0
20260628,desktop,Opera,Windows,3.0,2.0,1.0,2.075054,0.0,0.0
20260629,desktop,Mozilla Compatible Agent,Macintosh,3.0,3.0,1.0,1.9091950000000002,0.0,0.0
20260701,desktop,Safari,Macintosh,3.0,3.0,0.0,108.35891933333333,1.0,0.0
20260702,mobile,Samsung Internet,Android,3.0,3.0,0.0,169.74522133333332,0.0,0.0
20260704,desktop,Mozilla Compatible Agent,Macintosh,3.0,3.0,0.6666666666666666,10.729915333333333,0.0,0.0
20260705,desktop,Chrome,Macintosh,3.0,2.0,0.3333333333333333,32.86923066666667,0.0,0.0
20260707,desktop,Chrome,Linux,3.0,3.0,0.3333333333333333,49.331514999999996,0.0,0.0
20260707,desktop,Firefox,Windows,3.0,3.0,0.3333333333333333,27.993487000000002,0.0,0.0
20260707,desktop,Safari,Macintosh,3.0,3.0,0.6666666666666666,8.339313666666667,0.0,0.0
20260708,mobile,Samsung Internet,Android,3.0,3.0,0.3333333333333333,41.643469333333336,0.0,0.0
20260709,desktop,Safari,Macintosh,3.0,2.0,0.0,931.6204160000001,0.0,0.0
20260710,desktop,Chrome,Macintosh,3.0,3.0,0.6666666666666666,923.647507,28.0,0.0
20260712,desktop,Firefox,Windows,3.0,2.0,0.6666666666666666,4.968027,0.0,0.0
20260712,mobile,Samsung Internet,Android,3.0,2.0,0.6666666666666666,7.567376333333333,0.0,0.0
20260716,desktop,Chrome,Linux,3.0,3.0,0.3333333333333333,27.197906333333332,0.0,0.0
20260721,desktop,Firefox,Windows,3.0,3.0,0.6666666666666666,4.952805000000001,0.0,0.0
20260723,desktop,Firefox,Windows,3.0,2.0,1.0,2.2973573333333333,0.0,0.0
20260723,desktop,Opera,Windows,3.0,3.0,0.6666666666666666,5.3451786666666665,0.0,0.0
20260724,mobile,Samsung Internet,Android,3.0,3.0,0.0,123.77319299999999,0.0,0.0
20260726,desktop,Opera,Windows,3.0,3.0,0.0,937.9545956666666,2.0,0.0
20260728,desktop,Chrome,Linux,3.0,2.0,0.0,704.9600516666666,0.0,0.0
20260729,desktop,Chrome,Linux,3.0,3.0,0.6666666666666666,290.396872,0.0,0.0
20260730,desktop,Chrome,Linux,3.0,3.0,0.6666666666666666,48.74885833333334,0.0,0.0
20260730,desktop,Mozilla Compatible Agent,Macintosh,3.0,3.0,1.0,1.8019623333333332,0.0,0.0
20260730,desktop,Opera,Windows,3.0,3.0,0.3333333333333333,31.465464333333333,0.0,0.0
20260731,desktop,Chrome,Linux,3.0,3.0,0.6666666666666666,9.790873666666666,0.0,0.0
20260801,desktop,Chrome,Macintosh,3.0,3.0,0.6666666666666666,40.081483666666664,0.0,0.0
20260801,desktop,Opera,Windows,3.0,3.0,0.3333333333333333,71.75161933333334,0.0,0.0
20260801,mobile,Samsung Internet,Android,3.0,2.0,0.6666666666666666,37.300933666666666,0.0,0.0
20260802,desktop,Opera,Windows,3.0,3.0,0.6666666666666666,47.07331766666667,0.0,0.0
20260802,desktop,Safari,Macintosh,3.0,3.0,0.0,45.29847833333333,0.0,0.0
20260804,desktop,Chrome,Linux,3.0,3.0,0.6666666666666666,4.591250333333334,0.0,0.0
20260806,desktop,Chrome,Linux,3.0,3.0,0.3333333333333333,34.953113,0.0,0.0
20260807,desktop,Firefox,Windows,3.0,3.0,1.0,7.325256333333333,0.0,0.0
20260808,desktop,Chrome,Linux,3.0,3.0,0.3333333333333333,58.38833,0.0,0.0
20260808,desktop,Chrome,Macintosh,3.0,3.0,0.3333333333333333,38.983246666666666,0.0,0.0
20260808,desktop,Mozilla Compatible Agent,Macintosh,3.0,3.0,1.0,1.9423233333333334,0.0,0.0
20260808,desktop,Safari,Macintosh,3.0,3.0,0.3333333333333333,17.145372666666667,0.0,0.0
20260809,mobile,Samsung Internet,Android,3.0,3.0,0.3333333333333333,770.0467130000001,0.0,0.0
20260810,desktop,Chrome,Linux,3.0,2.0,0.6666666666666666,493.192105,0.0,0.0
20260810,mobile,Samsung Internet,Android,3.0,3.0,0.3333333333333333,262.89287299999995,0.0,0.0
20260811,desktop,Firefox,Windows,3.0,3.0,0.3333333333333333,607.8951546666666,0.0,0.0
20260814,desktop,Firefox,Windows,3.0,3.0,1.0,3.367630333333333,0.0,0.0
20260815,desktop,Chrome,Macintosh,3.0,3.0,0.3333333333333333,100.56370833333334,0.0,0.0
20260815,desktop,Safari,Macintosh,3.0,3.0,0.6666666666666666,124.46939299999998,0.0,0.0
20260816,desktop,Chrome,Linux,3.0,3.0,1.0,0.814361,0.0,0.0
20260816,desktop,Chrome,Macintosh,3.0,3.0,0.3333333333333333,167.88224066666666,0.0,0.0
20260816,desktop,Firefox,Windows,3.0,3.0,0.6666666666666666,68.05492133333334,0.0,0.0
20260817,desktop,Safari,Macintosh,3.0,3.0,0.3333333333333333,49.39192766666667,0.0,0.0
20260817,mobile,Samsung Internet,Android,3.0,3.0,0.6666666666666666,8.108789333333334,0.0,0.0
20260819,mobile,Samsung Internet,Android,3.0,3.0,0.6666666666666666,9.836331666666666,0.0,0.0
20260820,mobile,Samsung Internet,Android,3.0,3.0,0.6666666666666666,10.844596666666668,0.0,0.0
20260821,desktop,Opera,Windows,3.0,2.0,0.3333333333333333,31.526351666666667,0.0,0.0
20260825,mobile,Samsung Internet,Android,3.0,3.0,0.6666666666666666,10.168915333333333,0.0,0.0
20260827,desktop,Chrome,Chrome OS,3.0,2.0,1.0,3.752853,0.0,0.0
20260827,desktop,Chrome,Linux,3.0,3.0,0.6666666666666666,76.24006133333333,0.0,0.0
20260827,desktop,Opera,Windows,3.0,2.0,0.3333333333333333,13.728657,0.0,0.0
20260828,desktop,Chrome,Linux,3.0,3.0,0.3333333333333333,7.196266333333334,0.0,0.0
20260828,mobile,UC Browser,Android,3.0,2.0,0.6666666666666666,29.932457333333332,1.0,0.0
20260829,desktop,Safari,Macintosh,3.0,3.0,0.6666666666666666,325.36742300000003,0.0,0.0
20260830,mobile,Samsung Internet,Android,3.0,2.0,0.3333333333333333,34.226333333333336,0.0,0.0
20260831,mobile,Samsung Internet,Android,3.0,3.0,0.6666666666666666,35.75894366666667,0.0,0.0
20260901,desktop,Firefox,Windows,3.0,3.0,0.3333333333333333,22.077315666666667,0.0,0.0
20260903,mobile,Samsung Internet,Android,3.0,3.0,0.6666666666666666,35.97685633333333,0.0,0.0
20260904,desktop,Firefox,Windows,3.0,2.0,1.0,0.0,0.0,0.0
20260905,desktop,Chrome,Macintosh,3.0,3.0,0.6666666666666666,10.113760666666666,0.0,0.0
20260905,mobile,Samsung Internet,Android,3.0,2.0,0.6666666666666666,20.501652333333332,0.0,0.0
20260907,desktop,Chrome,Macintosh,3.0,1.0,0.3333333333333333,450.2698046666667,0.0,0.0
20260907,desktop,Mozilla Compatible Agent,Macintosh,3.0,3.0,1.0,1.225622,0.0,0.0
20260907,desktop,Safari,Macintosh,3.0,3.0,0.6666666666666666,11.845933333333333,0.0,0.0
20260907,mobile,Samsung Internet,Android,3.0,3.0,0.3333333333333333,18.702091666666664,0.0,0.0
20260908,desktop,Opera,Windows,3.0,3.0,0.6666666666666666,20.085799666666666,0.0,0.0
20260910,desktop,Mozilla Compatible Agent,Macintosh,3.0,3.0,1.0,0.0,0.0,0.0
20260911,desktop,Firefox,Windows,3.0,3.0,0.6666666666666666,77.57784266666667,0.0,0.0
20260913,desktop,Opera,Windows,3.0,1.0,0.3333333333333333,37.956218,0.0,0.0
20260913,desktop,Safari,Macintosh,3.0,3.0,0.0,603.135992,0.0,0.0
20260914,desktop,Opera,Windows,3.0,3.0,0.3333333333333333,19.091508,1.0,0.0
20260916,desktop,Chrome,Linux,3.0,3.0,0.3333333333333333,29.103141666666662,0.0,0.0
20250918,desktop,Chrome,Linux,2.0,2.0,1.0,0.0,0.0,0.0
20250919,mobile,Chrome,Linux,2.0,2.0,1.0,5.182151,0.0,0.0
20250920,desktop,Chrome,Linux,2.0,2.0,0.5,4.1747705,0.0,0.0
20250920,desktop,Opera,Windows,2.0,2.0,0.5,20.3863235,0.0,0.0
20250921,desktop,Opera,Windows,2.0,2.0,0.0,10.977683500000001,1.0,0.0
20250922,desktop,Firefox,Windows,2.0,2.0,0.5,4.663982,0.0,0.0
20250923,desktop,Safari,Macintosh,2.0,1.0,1.0,4.1654905,0.0,0.0
20250923,tablet,Chrome,Android,2.0,2.0,0.5,49.508937,0.0,0.0
20250924,desktop,Firefox,Linux,2.0,2.0,0.5,1.212467,0.0,0.0
20250924,mobile,Opera,Android,2.0,2.0,1.0,0.0,0.0,0.0
20250925,mobile,Chrome,iOS,2.0,2.0,0.5,45.842725,0.0,0.0
20250926,desktop,Opera,Windows,2.0,1.0,0.5,14.154408,0.0,0.0
20250928,tablet,Chrome,Android,2.0,1.0,0.5,0.0898955,0.0,0.0
20250929,desktop,Firefox,Windows,2.0,2.0,0.5,634.945294,0.0,0.0
20250929,desktop,Opera,Windows,2.0,1.0,1.0,2.5039655,0.0,0.0
20250929,tablet,Chrome,Android,2.0,2.0,0.0,282.507524,0.0,0.0
20250930,desktop,Chrome,Linux,2.0,2.0,1.0,1.2752015,0.0,0.0
20250930,desktop,Firefox,Windows,2.0,2.0,0.5,37.4464455,0.0,0.0
20250930,desktop,Opera,Windows,2.0,2.0,0.0,14.7839615,0.0,0.0
20250930,desktop,Safari,Macintosh,2.0,2.0,0.0,168.2059755,0.0,0.0
20250930,tablet,Chrome,Android,2.0,2.0,0.5,39.021657,0.0,0.0
20251001,desktop,Firefox,Windows,2.0,2.0,1.0,3.294874,0.0,0.0
20251001,desktop,Opera,Windows,2.0,2.0,0.0,1127.627537,0.0,0.0
20251003,desktop,Safari,Macintosh,2.0,2.0,0.0,112.141155,0.0,0.0
20251003,mobile,Chrome,iOS,2.0,2.0,0.0,18.2514435,0.0,0.0
20251004,desktop,Firefox,Windows,2.0,1.0,0.5,498.9228655,0.0,0.0
20251004,mobile,Firefox,Android,2.0,2.0,0.0,55.8678755,0.0,0.0
20251005,desktop,Mozilla Compatible Agent,Macintosh,2.0,2.0,1.0,0.0,0.0,0.0
20251006,desktop,Chrome,Linux,2.0,2.0,0.5,18.673178,0.0,0.0
20251006,desktop,Firefox,Linux,2.0,2.0,0.5,6.5795675,0.0,0.0
20251007,desktop,Firefox,Linux,2.0,2.0,0.0,41.941154,1.0,0.0
20251007,desktop,Firefox,Windows,2.0,2.0,1.0,2.2336985,0.0,0.0
20251007,desktop,Opera,Windows,2.0,1.0,0.5,216.6702655,0.0,0.0
20251007,desktop,Safari,Macintosh,2.0,2.0,0.0,63.5927795,0.0,0.0
20251008,tablet,Android Webview,Android,2.0,2.0,0.5,197.69167149999998,0.0,0.0
20251009,desktop,Firefox,Windows,2.0,2.0,0.5,58.933111,0.0,0.0
20251010,desktop,Chrome,Chrome OS,2.0,2.0,1.0,0.0,0.0,0.0
20251010,desktop,Opera,Windows,2.0,2.0,0.5,352.056769,0.0,0.0
20251010,desktop,Safari,Macintosh,2.0,2.0,0.0,503.426874,0.0,0.0
20251010,tablet,Android Webview,Android,2.0,2.0,0.0,126.669071,0.0,0.0
20251011,mobile,Firefox,Android,2.0,2.0,0.5,119.7671335,0.0,0.0
20251012,desktop,Firefox,Windows,2.0,2.0,1.0,0.0,0.0,0.0
20251012,desktop,Safari,Macintosh,2.0,2.0,0.5,51.08434,0.0,0.0
20251013,desktop,Chrome,Macintosh,2.0,2.0,0.5,516.903513,0.0,0.0
20251013,desktop,Opera,Windows,2.0,1.0,1.0,0.0,0.0,0.0
20251013,mobile,Opera,Android,2.0,2.0,1.0,0.0,0.0,0.0
20251013,tablet,Chrome,Android,2.0,2.0,1.0,1.5110395,0.0,0.0
20251014,desktop,Safari,Macintosh,2.0,2.0,0.5,16.5969225,0.0,0.0
20251014,mobile,Chrome,Linux,2.0,2.0,0.0,18.451292,0.0,0.0
20251014,mobile,Opera,Android,2.0,2.0,1.0,0.0,0.0,0.0
20251015,tablet,Android Webview,Android,2.0,2.0,1.0,0.0,0.0,0.0
20251016,desktop,Chrome,Macintosh,2.0,2.0,0.0,242.8176465,0.0,0.0
20251016,mobile,Opera,Android,2.0,2.0,1.0,0.0,0.0,0.0
20251017,desktop,Chrome,Macintosh,2.0,2.0,0.0,40.3343455,0.0,0.0
20251017,mobile,Opera,Android,2.0,2.0,1.0,0.0,0.0,0.0
20251018,desktop,Firefox,Macintosh,2.0,2.0,0.5,28.060932,0.0,0.0
20251018,desktop,Mozilla Compatible Agent,Macintosh,2.0,2.0,1.0,0.0,0.0,0.0
20251018,desktop,Safari,Macintosh,2.0,2.0,0.5,17.499562,0.0,0.0
20251018,mobile,Firefox,Android,2.0,2.0,0.5,291.0593995,0.0,0.0
20251018,mobile,Opera,Android,2.0,2.0,1.0,0.0,0.0,0.0
20251019,desktop,Chrome,Macintosh,2.0,1.0,1.0,3.97742,0.0,0.0
20251019,tablet,Safari,iOS,2.0,2.0,0.5,5.365957,0.0,0.0
20251020,desktop,Chrome,Chrome OS,2.0,2.0,0.0,299.2312785,1.0,0.0
20251021,mobile,Edge,Android,2.0,2.0,1.0,1.588641,0.0,0.0
20251021,mobile,Opera,Android,2.0,2.0,0.5,7.1806605,0.0,0.0
20251022,desktop,Firefox,Linux,2.0,2.0,1.0,2.3397145,0.0,0.0
20251022,mobile,Opera,Android,2.0,2.0,1.0,0.0,0.0,0.0
20251022,tablet,Android Webview,Android,2.0,2.0,1.0,2.4429605,0.0,0.0
20251022,tablet,Chrome,iOS,2.0,2.0,1.0,0.0,0.0,0.0
20251023,desktop,Chrome,Macintosh,2.0,2.0,0.0,152.508195,0.0,0.0
20251023,desktop,Safari,Macintosh,2.0,2.0,0.5,3.717724,0.0,0.0
20251023,mobile,Firefox,Android,2.0,2.0,0.0,158.4858135,0.0,0.0
20251023,tablet,Chrome,Android,2.0,2.0,1.0,0.0,0.0,0.0
20251024,desktop,Opera,Windows,2.0,2.0,0.0,13.3595965,0.0,0.0
20251025,desktop,Chrome,Linux,2.0,2.0,0.5,4.4591695,0.0,0.0
20251025,desktop,Safari,Macintosh,2.0,2.0,0.5,638.4707275,0.0,0.0
20251025,mobile,Edge,Android,2.0,2.0,0.0,456.610826,0.0,0.0
20251025,mobile,Firefox,Android,2.0,2.0,1.0,0.0,0.0,0.0
20251025,tablet,Chrome,Android,2.0,2.0,1.0,0.0,0.0,0.0
20251025,tablet,Chrome,iOS,2.0,2.0,0.5,17.511045,0.0,0.0
20251025,tablet,Safari,iOS,2.0,2.0,1.0,5.703584,0.0,0.0
20251026,desktop,Chrome,Linux,2.0,2.0,0.5,5.1669945,0.0,0.0
20251026,desktop,Chrome,Macintosh,2.0,2.0,0.0,56.52771,0.0,0.0
20251026,desktop,Edge,Windows,2.0,2.0,1.0,0.0,0.0,0.0
20251026,desktop,Opera,Windows,2.0,2.0,1.0,0.613761,0.0,0.0
20251026,tablet,Chrome,Android,2.0,2.0,0.5,17.1725155,0.0,0.0
20251027,desktop,Firefox,Windows,2.0,2.0,1.0,0.6129775,0.0,0.0
20251029,desktop,Chrome,Chrome OS,2.0,2.0,0.5,26.695868,0.0,0.0
20251029,desktop,Firefox,Windows,2.0,2.0,0.5,114.8170245,0.0,0.0
20251029,mobile,Opera,Android,2.0,2.0,0.5,441.1813975,0.0,0.0
20251029,smart tv,Chrome,Android,2.0,2.0,0.0,48.0039085,0.0,0.0
20251030,desktop,Chrome,Macintosh,2.0,2.0,0.5,7.8764515,0.0,0.0
20251030,mobile,Opera,Android,2.0,2.0,1.0,0.0,0.0,0.0
20251030,mobile,Samsung Internet,Tizen,2.0,2.0,0.5,16.0498695,0.0,0.0
20251030,tablet,Chrome,Android,2.0,2.0,0.5,9.2645805,0.0,0.0
20251030,tablet,Chrome,iOS,2.0,2.0,0.5,12.2888775,0.0,0.0
20251030,tablet,Safari,iOS,2.0,2.0,0.5,11.560243,0.0,0.0
20251031,mobile,Firefox,Android,2.0,2.0,1.0,0.0,0.0,0.0
20251031,tablet,Safari,iOS,2.0,2.0,1.0,0.0,0.0,0.0
20251101,desktop,Firefox,Linux,2.0,2.0,1.0,0.0,0.0,0.0
20251101,tablet,Safari,iOS,2.0,1.0,0.5,7.1088625,0.0,0.0
20251103,tablet,Android Webview,Android,2.0,2.0,0.5,65.238108,0.0,0.0
20251103,tablet,Safari,iOS,2.0,2.0,1.0,3.5774405,0.0,0.0
20251104,desktop,Chrome,Chrome OS,2.0,2.0,0.5,7.665995499999999,0.0,0.0
20251104,desktop,Samsung Internet,Linux,2.0,2.0,1.0,0.0,0.0,0.0
20251105,desktop,Firefox,Windows,2.0,2.0,0.0,103.5674115,0.0,0.0
20251105,desktop,Opera,Windows,2.0,1.0,0.5,10.578632,0.0,0.0
20251106,desktop,Firefox,Linux,2.0,2.0,0.5,202.15269949999998,0.0,0.0
20251106,desktop,Firefox,Windows,2.0,2.0,1.0,0.0,0.0,0.0
20251106,desktop,Opera,Windows,2.0,2.0,0.0,20.783295,0.0,0.0
20251106,desktop,Safari,Macintosh,2.0,1.0,0.5,28.676818,0.0,0.0
20251108,desktop,Chrome,Linux,2.0,2.0,0.5,4.1527345,0.0,0.0
20251109,desktop,Opera,Windows,2.0,2.0,0.0,941.722328,0.0,0.0
20251109,desktop,Safari,Macintosh,2.0,2.0,0.0,57.314284,1.0,0.0
20251110,desktop,Chrome,(not set),2.0,2.0,1.0,0.0,0.0,0.0
20251110,desktop,Firefox,Windows,2.0,2.0,0.0,34.0679905,0.0,0.0
20251110,mobile,Chrome,Linux,2.0,2.0,1.0,5.4473235,0.0,0.0
20251111,desktop,Chrome,Linux,2.0,2.0,1.0,2.376684,0.0,0.0
20251111,desktop,Firefox,Linux,2.0,2.0,0.5,0.667743,0.0,0.0
20251111,desktop,Opera,Windows,2.0,2.0,0.5,335.132813,0.0,0.0
20251112,tablet,Chrome,Android,2.0,2.0,0.0,7.7338155,0.0,0.0
20251113,desktop,Safari,Macintosh,2.0,2.0,0.0,29.807657,0.0,0.0
20251116,desktop,Chrome,Linux,2.0,2.0,0.5,5.312644,0.0,0.0
20251116,desktop,Chrome,Macintosh,2.0,2.0,0.0,19.142284,0.0,0.0
20251116,desktop,Edge,Windows,2.0,2.0,0.0,90.36759,1.0,0.0
20251116,desktop,Opera,Windows,2.0,2.0,0.0,105.957651,0.0,0.0
20251116,tablet,Chrome,Android,2.0,2.0,0.5,7.133551499999999,0.0,0.0
20251117,desktop,Chrome,Chrome OS,2.0,2.0,0.0,241.4006325,1.0,0.0
20251117,desktop,Firefox,Windows,2.0,2.0,0.0,35.146292,0.0,0.0
20251119,desktop,Safari,Macintosh,2.0,2.0,0.5,11.9666225,0.0,0.0
20251120,desktop,Chrome,Linux,2.0,2.0,0.5,21.3300825,0.0,0.0
20251120,desktop,Opera,Windows,2.0,2.0,0.5,2.338412,0.0,0.0
20251120,desktop,Safari,Macintosh,2.0,2.0,1.0,5.6618275,0.0,0.0
20251120,tablet,Chrome,Android,2.0,2.0,0.0,498.2050855,0.0,0.0
20251121,desktop,Edge,Macintosh,2.0,1.0,1.0,0.0,0.0,0.0
20251121,desktop,Opera,Windows,2.0,2.0,0.5,391.1338815,0.0,0.0
20251121,desktop,Safari,Macintosh,2.0,2.0,0.0,396.0165165,0.0,0.0
20251121,mobile,Chrome,Linux,2.0,2.0,1.0,4.903154,0.0,0.0
20251122,desktop,Opera,Windows,2.0,2.0,0.0,499.347253,0.0,0.0
20251122,mobile,Chrome,Linux,2.0,2.0,0.5,11.799536999999999,0.0,0.0
20251123,desktop,Edge,Windows,2.0,2.0,0.0,773.210285,1.0,0.0
20251123,mobile,Firefox,Android,2.0,2.0,0.0,49.694623,0.0,0.0
20251123,tablet,Chrome,Android,2.0,2.0,0.0,8.838297,0.0,0.0
20251124,desktop,Chrome,Macintosh,2.0,2.0,0.5,19.4457535,0.0,0.0
20251124,mobile,Firefox,Android,2.0,1.0,1.0,0.0,0.0,0.0
20251125,desktop,Chrome,Chrome OS,2.0,2.0,0.0,13.8138345,0.0,0.0
20251126,desktop,Opera,Windows,2.0,1.0,1.0,0.0,0.0,0.0
20251126,mobile,Opera,Android,2.0,2.0,0.0,37.883466,0.0,0.0
20251126,tablet,Android Webview,Android,2.0,2.0,1.0,0.0,0.0,0.0
20251127,desktop,Firefox,Windows,2.0,2.0,0.0,94.8485625,0.0,0.0
20251127,desktop,Opera,Windows,2.0,2.0,0.5,13.609685,0.0,0.0
20251128,desktop,Opera,Windows,2.0,2.0,0.5,94.332538,0.0,0.0
20251129,desktop,Opera,Windows,2.0,2.0,1.0,0.512302,0.0,0.0
20251129,desktop,Safari,Macintosh,2.0,2.0,0.0,25.418249,0.0,0.0
20251129,tablet,Chrome,Android,2.0,2.0,1.0,0.0,0.0,0.0
20251130,desktop,Chrome,Linux,2.0,2.0,0.0,19.861136,0.0,0.0
20251201,tablet,Chrome,Android,2.0,2.0,0.5,793.4566115,1.0,0.0
20251202,desktop,Chrome,Macintosh,2.0,2.0,0.5,30.8659415,0.0,0.0
20251203,desktop,Chrome,Linux,2.0,2.0,0.5,147.4897845,0.0,0.0
20251203,desktop,Firefox,Linux,2.0,1.0,0.5,91.6291415,0.0,0.0
20251203,desktop,Opera,Windows,2.0,2.0,0.5,11.256254,0.0,0.0
20251204,desktop,Firefox,Windows,2.0,2.0,0.0,1198.3761805,0.0,0.0
20251205,desktop,Chrome,Macintosh,2.0,2.0,0.0,45.5377485,0.0,0.0
20251206,desktop,Edge,Windows,2.0,2.0,0.0,84.0278625,0.0,0.0
20251206,desktop,Firefox,Linux,2.0,2.0,0.0,649.1455995,0.0,0.0
20251207,desktop,Opera,Windows,2.0,2.0,0.5,99.7128435,0.0,0.0
20251209,desktop,Chrome,Linux,2.0,2.0,0.5,87.505527,1.0,0.0
20251209,desktop,Firefox,Macintosh,2.0,1.0,0.5,6.6483955,0.0,0.0
20251210,mobile,Chrome,Linux,2.0,2.0,1.0,2.9729105,0.0,0.0
20251211,mobile,Safari (in-app),iOS,2.0,2.0,1.0,0.0,0.0,0.0
20251212,desktop,Chrome,Linux,2.0,2.0,1.0,0.0,0.0,0.0
20251212,desktop,Opera,Windows,2.0,2.0,1.0,4.5469175,0.0,0.0
20251213,desktop,Opera,Macintosh,2.0,1.0,1.0,4.965412,0.0,0.0
20251213,desktop,Safari,Macintosh,2.0,2.0,0.5,21.135572500000002,0.0,0.0
20251213,tablet,Android Webview,Android,2.0,2.0,0.5,4.165583,0.0,0.0
20251213,tablet,Chrome,Android,2.0,2.0,0.0,32.242071,0.0,0.0
20251215,desktop,Chrome,Chrome OS,2.0,1.0,1.0,4.625554,0.0,0.0
20251215,desktop,Firefox,Windows,2.0,2.0,0.0,114.896259,0.0,0.0
20251216,desktop,Chrome,Macintosh,2.0,2.0,0.5,224.68928250000002,0.0,0.0
20251216,mobile,Firefox,Android,2.0,2.0,1.0,2.8464565,0.0,0.0
20251217,desktop,Firefox,Linux,2.0,2.0,0.0,87.471167,0.0,0.0
20251217,desktop,Safari,Macintosh,2.0,2.0,0.0,40.479592,0.0,0.0
20251218,desktop,Firefox,Linux,2.0,2.0,1.0,0.7465465,0.0,0.0
20251218,mobile,Safari (in-app),iOS,2.0,2.0,1.0,0.0,0.0,0.0
20251219,mobile,Firefox,Android,2.0,2.0,1.0,0.8649845,0.0,0.0
20251219,mobile,Safari (in-app),iOS,2.0,2.0,0.5,5.1584925,0.0,0.0
20251220,desktop,Firefox,Linux,2.0,2.0,1.0,0.0,0.0,0.0
20251221,desktop,Safari,Macintosh,2.0,2.0,0.5,49.0024835,0.0,0.0
20251221,mobile,Edge,Android,2.0,2.0,0.0,106.6673635,0.0,0.0
20251221,tablet,Android Webview,Android,2.0,2.0,1.0,0.0,0.0,0.0
20251222,desktop,Firefox,Linux,2.0,2.0,1.0,0.0,0.0,0.0
20251222,desktop,Safari,Macintosh,2.0,2.0,0.0,50.168592,0.0,0.0
20251222,mobile,Edge,Android,2.0,1.0,0.5,9.4541195,0.0,0.0
20251223,mobile,Chrome,Linux,2.0,2.0,0.5,5.3846445,0.0,0.0
20251224,mobile,Chrome,Linux,2.0,2.0,0.5,8.1093095,0.0,0.0
20251225,desktop,Edge,Windows,2.0,2.0,1.0,0.0,0.0,0.0
20251225,desktop,Firefox,Windows,2.0,2.0,0.5,136.106089,0.0,0.0
20251226,desktop,Firefox,Linux,2.0,2.0,1.0,0.0,0.0,0.0
20251226,desktop,Mozilla Compatible Agent,Macintosh,2.0,2.0,1.0,0.0,0.0,0.0
20251226,desktop,Safari,Macintosh,2.0,2.0,1.0,1.105867,0.0,0.0
20251226,tablet,Android Webview,Android,2.0,2.0,1.0,0.0,0.0,0.0
20251227,desktop,Firefox,Linux,2.0,2.0,1.0,0.0,0.0,0.0
20251228,desktop,Chrome,Linux,2.0,2.0,0.5,5.180494,0.0,0.0
20251228,desktop,Firefox,Linux,2.0,2.0,1.0,2.4602215,0.0,0.0
20251230,desktop,Opera,Windows,2.0,2.0,0.0,43.4632005,0.0,0.0
20251231,desktop,Edge,Windows,2.0,2.0,0.0,133.2792495,0.0,0.0
20251231,desktop,Firefox,Windows,2.0,2.0,0.5,9.7724525,0.0,0.0
20251231,desktop,Safari,Macintosh,2.0,2.0,0.5,294.7201155,0.0,0.0
20260101,desktop,Chrome,Macintosh,2.0,2.0,0.5,606.2314215,1.0,0.0
20260101,desktop,Safari,Macintosh,2.0,2.0,0.0,71.1625365,1.0,0.0
20260101,mobile,Firefox,Android,2.0,2.0,0.5,11.239256,0.0,0.0
20260101,tablet,Android Webview,Android,2.0,2.0,1.0,0.0,0.0,0.0
20260102,tablet,Android Webview,Android,2.0,2.0,1.0,0.0,0.0,0.0
20260103,desktop,Chrome,Macintosh,2.0,2.0,0.0,55.749486,0.0,0.0
20260103,desktop,Safari,Macintosh,2.0,2.0,0.0,41.982708,0.0,0.0
20260104,desktop,Chrome,Linux,2.0,1.0,0.5,27.8931735,0.0,0.0
20260104,desktop,Firefox,Linux,2.0,2.0,1.0,0.0,0.0,0.0
20260105,desktop,Firefox,Windows,2.0,2.0,0.5,470.3889645,0.0,0.0
20260105,tablet,Android Webview,Android,2.0,2.0,1.0,0.0,0.0,0.0
20260106,desktop,Opera,Windows,2.0,2.0,1.0,1.881056,0.0,0.0
20260106,tablet,Chrome,Android,2.0,2.0,1.0,0.0,0.0,0.0
20260107,desktop,Chrome,Linux,2.0,2.0,0.5,25.3425385,0.0,0.0
20260108,desktop,Firefox,Windows,2.0,2.0,0.0,59.708848,0.0,0.0
20260108,tablet,Android Webview,Android,2.0,2.0,1.0,0.0,0.0,0.0
20260109,desktop,Firefox,Linux,2.0,2.0,1.0,0.0,0.0,0.0
20260109,desktop,Opera,Windows,2.0,1.0,1.0,0.0,0.0,0.0
20260109,desktop,Safari,Macintosh,2.0,2.0,0.5,10.437094,0.0,0.0
20260110,desktop,Opera,Windows,2.0,2.0,0.0,44.065003,0.0,0.0
20260110,mobile,Edge,Android,2.0,2.0,0.5,30.0321195,0.0,0.0
20260111,mobile,Edge,Android,2.0,2.0,0.0,41.1869125,0.0,0.0
20260111,tablet,Chrome,iOS,2.0,1.0,0.5,66.400754,1.0,0.0
20260112,desktop,Opera,Windows,2.0,1.0,0.5,316.7241335,1.0,0.0
20260112,mobile,Chrome,Linux,2.0,2.0,0.5,9.154557,0.0,0.0
20260113,desktop,Opera,Windows,2.0,2.0,0.0,100.0143375,0.0,0.0
20260113,desktop,Safari,Macintosh,2.0,2.0,1.0,0.777434,0.0,0.0
20260114,desktop,Firefox,Linux,2.0,2.0,1.0,3.8301385,0.0,0.0
20260114,desktop,Firefox,Windows,2.0,2.0,0.5,21.020404,0.0,0.0
20260114,tablet,Android Webview,Android,2.0,2.0,0.5,5.449894,0.0,0.0
20260115,desktop,Safari,Macintosh,2.0,2.0,0.0,20.354705,0.0,0.0
20260115,tablet,Safari,iOS,2.0,2.0,0.5,35.577297,0.0,0.0
20260116,desktop,Opera,Windows,2.0,2.0,0.5,56.030032,0.0,0.0
20260117,desktop,Firefox,Windows,2.0,2.0,0.5,65.3342235,0.0,0.0
20260118,desktop,Firefox,Windows,2.0,1.0,1.0,0.0,0.0,0.0
20260119,desktop,Firefox,Linux,2.0,1.0,1.0,0.0,0.0,0.0
20260120,desktop,Firefox,Windows,2.0,1.0,0.5,229.257647,1.0,0.0
20260120,tablet,Chrome,Android,2.0,2.0,0.5,12.36361,0.0,0.0
20260121,desktop,Safari,Macintosh,2.0,2.0,0.5,25.722505,0.0,0.0
20260122,desktop,Samsung Internet,Linux,2.0,1.0,1.0,0.0,0.0,0.0
20260123,desktop,Firefox,Windows,2.0,2.0,1.0,7.066137,0.0,0.0
20260124,desktop,Opera,Windows,2.0,2.0,0.5,168.4434,0.0,0.0
20260124,desktop,Samsung Internet,Linux,2.0,1.0,1.0,3.7301475,0.0,0.0
20260126,desktop,Chrome,Linux,2.0,2.0,0.5,1107.2219195,0.0,0.0
20260126,desktop,Opera,Windows,2.0,2.0,0.5,87.5466235,0.0,0.0
20260127,desktop,Safari,Macintosh,2.0,2.0,0.5,29.3585535,0.0,0.0
20260128,desktop,Chrome,Macintosh,2.0,2.0,0.5,0.000426,0.0,0.0
20260128,desktop,Safari,Macintosh,2.0,2.0,0.5,23.265786,0.0,0.0
20260128,tablet,Android Webview,Android,2.0,2.0,1.0,0.0,0.0,0.0
20260129,desktop,Safari,Macintosh,2.0,2.0,0.5,124.796272,0.0,0.0
20260130,desktop,Safari,Macintosh,2.0,2.0,1.0,0.0,0.0,0.0
20260130,tablet,Chrome,Android,2.0,2.0,1.0,0.5558905,0.0,0.0
20260131,desktop,Chrome,Linux,2.0,2.0,0.5,18.0914645,0.0,0.0
20260201,desktop,Mozilla Compatible Agent,Macintosh,2.0,2.0,1.0,3.1545755,0.0,0.0
20260201,desktop,Opera,Windows,2.0,1.0,0.5,7.8062045,0.0,0.0
20260202,desktop,Firefox,Windows,2.0,2.0,0.5,28.7827345,0.0,0.0
20260203,desktop,Opera,Macintosh,2.0,2.0,0.0,144.0273615,0.0,0.0
20260203,desktop,Opera,Windows,2.0,2.0,0.5,8.339459,0.0,0.0
20260203,desktop,Safari,Macintosh,2.0,2.0,0.0,450.8195475,0.0,0.0
20260203,tablet,Chrome,Android,2.0,2.0,1.0,4.5606725,0.0,0.0
20260204,desktop,Meta Quest Browser,Linux,2.0,1.0,0.5,874.298078,0.0,0.0
20260204,desktop,Opera,Windows,2.0,2.0,0.0,502.6648295,0.0,0.0
20260205,desktop,Opera,Windows,2.0,2.0,0.0,194.513147,0.0,0.0
20260206,desktop,Firefox,Windows,2.0,2.0,1.0,4.8617595,0.0,0.0
20260207,desktop,Safari,Macintosh,2.0,2.0,0.0,158.903155,0.0,0.0
20260208,desktop,Safari,Macintosh,2.0,2.0,0.0,38.360405,0.0,0.0
20260209,desktop,Chrome,Linux,2.0,2.0,1.0,1.5434385,0.0,0.0
20260209,desktop,Firefox,Windows,2.0,2.0,0.5,38.267027,0.0,0.0
20260210,desktop,Safari,Macintosh,2.0,2.0,0.5,198.705672,0.0,0.0
20260212,desktop,Opera,Windows,2.0,1.0,1.0,2.8294895,0.0,0.0
20260213,desktop,Chrome,Linux,2.0,2.0,1.0,2.1497595,0.0,0.0
20260213,desktop,Chrome,Macintosh,2.0,2.0,0.5,7.6863495,0.0,0.0
20260213,desktop,Opera,Windows,2.0,2.0,0.0,178.817597,0.0,0.0
20260213,desktop,Safari,Macintosh,2.0,2.0,0.5,45.1405725,0.0,0.0
20260214,desktop,Chrome,Macintosh,2.0,2.0,0.5,19.959638,0.0,0.0
20260214,desktop,Mozilla Compatible Agent,Macintosh,2.0,2.0,0.5,7.335828,0.0,0.0
20260215,tablet,Chrome,Android,2.0,2.0,0.0,136.238562,0.0,0.0
20260216,desktop,Safari,Macintosh,2.0,2.0,1.0,4.959761,0.0,0.0
20260217,desktop,Chrome,Macintosh,2.0,1.0,0.5,6.132025,0.0,0.0
20260217,desktop,Opera,Windows,2.0,1.0,0.0,93.030406,0.0,0.0
20260218,desktop,Firefox,Windows,2.0,2.0,1.0,0.912715,0.0,0.0
20260219,desktop,Chrome,Linux,2.0,2.0,0.5,10.319945,0.0,0.0
20260219,desktop,Firefox,Windows,2.0,2.0,0.5,60.8528705,0.0,0.0
20260220,desktop,Chrome,Macintosh,2.0,2.0,0.5,56.797441,0.0,0.0
20260221,desktop,Chrome,Macintosh,2.0,2.0,1.0,15.0142895,0.0,0.0
20260221,desktop,Firefox,Windows,2.0,2.0,0.5,24.639932,0.0,0.0
20260222,desktop,Mozilla Compatible Agent,Macintosh,2.0,2.0,1.0,2.994102,0.0,0.0
20260223,desktop,Chrome,Linux,2.0,2.0,0.0,39.4284075,0.0,0.0
20260223,tablet,Chrome,Android,2.0,2.0,0.5,20.8518535,0.0,0.0
20260225,desktop,Firefox,Windows,2.0,1.0,1.0,3.3595415,0.0,0.0
20260225,desktop,Opera,Windows,2.0,2.0,0.5,58.4440845,0.0,0.0
20260226,desktop,Firefox,Linux,2.0,1.0,1.0,0.0,0.0,0.0
20260227,desktop,Safari,Macintosh,2.0,1.0,0.0,1236.9824085,11.0,0.0
20260228,desktop,Chrome,Linux,2.0,2.0,1.0,2.212691,0.0,0.0
20260228,desktop,Firefox,Linux,2.0,2.0,1.0,0.0,0.0,0.0
20260228,desktop,Mozilla Compatible Agent,Macintosh,2.0,2.0,1.0,0.0,0.0,0.0
20260301,desktop,Firefox,Windows,2.0,2.0,0.5,32.195659,1.0,0.0
20260301,mobile,Edge,Android,2.0,2.0,0.0,47.182142,0.0,0.0
20260302,desktop,Safari,Macintosh,2.0,2.0,0.0,18.731861,2.0,0.0
20260304,desktop,Opera,Windows,2.0,2.0,0.0,878.7181615,0.0,0.0
20260304,tablet,Chrome,Android,2.0,2.0,0.5,14.694968,0.0,0.0
20260305,desktop,Firefox,Linux,2.0,1.0,0.0,859.0969855,0.0,0.0
20260305,mobile,Samsung Internet,Android,2.0,2.0,0.0,69.600909,0.0,0.0
20260306,desktop,Chrome,Linux,2.0,2.0,0.5,431.3037445,1.0,0.0
20260306,desktop,Firefox,Windows,2.0,2.0,1.0,0.892771,0.0,0.0
20260306,mobile,(not set),iOS,2.0,2.0,1.0,0.0,0.0,0.0
20260307,desktop,Firefox,Windows,2.0,2.0,0.0,450.2705485,0.0,0.0
20260308,tablet,Android Webview,Android,2.0,2.0,1.0,2.2490795,0.0,0.0
20260309,desktop,Firefox,Linux,2.0,2.0,0.5,11.8440225,0.0,0.0
20260309,desktop,Safari,Macintosh,2.0,2.0,1.0,2.9029325,0.0,0.0
20260309,tablet,Chrome,Android,2.0,1.0,1.0,0.0,0.0,0.0
20260310,desktop,Chrome,Linux,2.0,1.0,0.0,608.302537,0.0,0.0
20260310,desktop,Safari,Macintosh,2.0,2.0,0.5,9.2409035,0.0,0.0
20260310,mobile,Edge,Android,2.0,2.0,0.5,44.183741,0.0,0.0
20260311,desktop,Chrome,Linux,2.0,2.0,1.0,0.0,0.0,0.0
20260311,desktop,Chrome,Macintosh,2.0,2.0,0.5,36.8227045,0.0,0.0
20260311,desktop,Opera,Macintosh,2.0,1.0,0.5,44.7678475,0.0,0.0
20260311,desktop,Opera,Windows,2.0,2.0,0.5,20.9995675,0.0,0.0
20260311,mobile,Samsung Internet,Android,2.0,2.0,0.0,85.5069445,0.0,0.0
20260312,tablet,Chrome,Android,2.0,2.0,0.5,46.826299,0.0,0.0
20260313,desktop,Chrome,Linux,2.0,2.0,0.5,254.7918035,0.0,0.0
20260313,desktop,Firefox,Windows,2.0,2.0,1.0,0.0,0.0,0.0
20260314,desktop,Chrome,Macintosh,2.0,2.0,0.5,20.9835795,0.0,0.0
20260314,tablet,Chrome,Android,2.0,2.0,0.5,30.251842,0.0,0.0
20260315,desktop,Chrome,Macintosh,2.0,1.0,0.5,7.1388035,0.0,0.0
20260315,desktop,Mozilla Compatible Agent,Macintosh,2.0,2.0,1.0,3.15635,0.0,0.0
20260316,desktop,Firefox,Linux,2.0,1.0,1.0,29.6899085,0.0,0.0
20260317,desktop,Firefox,Windows,2.0,2.0,0.5,92.5080045,0.0,0.0
20260318,desktop,Chrome,Linux,2.0,2.0,0.5,17.8410845,0.0,0.0
20260318,desktop,Opera,Windows,2.0,2.0,0.0,81.7273165,0.0,0.0
20260318,mobile,(not set),iOS,2.0,2.0,0.5,11.236328,0.0,0.0
20260319,desktop,Chrome,Chrome OS,2.0,2.0,0.5,12.77834,0.0,0.0
20260319,desktop,Firefox,Windows,2.0,2.0,1.0,0.0,0.0,0.0
20260320,desktop,Safari,Macintosh,2.0,2.0,0.0,48.156614,0.0,0.0
20260320,tablet,Safari,iOS,2.0,2.0,1.0,0.0,0.0,0.0
20260321,desktop,Firefox,Windows,2.0,2.0,1.0,0.7044165,0.0,0.0
20260321,desktop,Mozilla Compatible Agent,Macintosh,2.0,2.0,1.0,0.0,0.0,0.0
20260323,desktop,Opera,Windows,2.0,2.0,0.5,211.6586715,0.0,0.0
20260324,desktop,Opera,Macintosh,2.0,2.0,1.0,0.0,0.0,0.0
20260324,mobile,Samsung Internet,Android,2.0,2.0,0.5,11.119497,0.0,0.0
20260325,desktop,Safari,Macintosh,2.0,1.0,1.0,0.0,0.0,0.0
20260326,desktop,Opera,Windows,2.0,2.0,0.0,200.821788,0.0,0.0
20260327,tablet,Safari,iOS,2.0,2.0,1.0,0.0,0.0,0.0
20260328,mobile,Safari (in-app),iOS,2.0,2.0,1.0,0.0,0.0,0.0
20260329,tablet,Chrome,Android,2.0,2.0,0.5,47.2734115,0.0,0.0
20260330,desktop,Firefox,Windows,2.0,2.0,0.5,18.620839,0.0,0.0
20260330,desktop,Safari,Macintosh,2.0,2.0,0.0,116.5310035,1.0,0.0
20260331,desktop,(not set),(not set),2.0,2.0,0.5,8.618565,0.0,0.0
20260331,tablet,Chrome,Android,2.0,2.0,1.0,1.1511605,0.0,0.0
20260401,tablet,Safari,iOS,2.0,2.0,1.0,0.0,0.0,0.0
20260402,desktop,Chrome,Linux,2.0,2.0,1.0,0.0,0.0,0.0
20260403,desktop,Edge,Windows,2.0,1.0,0.5,499.886435,0.0,0.0
20260403,mobile,Opera,Android,2.0,2.0,0.5,13.6568625,0.0,0.0
20260403,mobile,Safari (in-app),iOS,2.0,2.0,1.0,0.0,0.0,0.0
20260403,tablet,Android Webview,Android,2.0,2.0,1.0,0.0,0.0,0.0
20260404,desktop,Chrome,Linux,2.0,1.0,1.0,3.334067,0.0,0.0
20260404,desktop,Chrome,Macintosh,2.0,2.0,0.5,14.670937,0.0,0.0
20260404,tablet,Android Webview,Android,2.0,2.0,0.5,19.2871355,0.0,0.0
20260405,desktop,Safari,Macintosh,2.0,1.0,0.5,403.477732,1.0,0.0
20260405,tablet,Chrome,Android,2.0,1.0,0.5,29.694078,0.0,0.0
20260406,desktop,Opera,Windows,2.0,2.0,0.5,8.9791665,0.0,0.0
20260407,desktop,Chrome,Linux,2.0,2.0,1.0,0.729279,0.0,0.0
20260407,tablet,Android Webview,Android,2.0,2.0,1.0,1.1774585,0.0,0.0
20260408,desktop,Opera,Windows,2.0,2.0,0.0,241.6268125,0.0,0.0
20260409,desktop,Firefox,Windows,2.0,2.0,0.5,31.565588,0.0,0.0
20260409,desktop,Safari,Macintosh,2.0,2.0,0.5,22.057666,0.0,0.0
20260410,mobile,Edge,Android,2.0,2.0,0.0,39.263216,0.0,0.0
20260410,mobile,Firefox,Android,2.0,1.0,1.0,0.0,0.0,0.0
20260410,mobile,Safari (in-app),iOS,2.0,2.0,1.0,0.0,0.0,0.0
20260411,desktop,Chrome,Linux,2.0,2.0,1.0,0.0,0.0,0.0
20260411,desktop,Chrome,Macintosh,2.0,2.0,0.0,242.050189,1.0,0.0
20260412,desktop,(not set),(not set),2.0,2.0,1.0,4.243907,0.0,0.0
20260412,desktop,Edge,Windows,2.0,2.0,0.0,13.071197,0.0,0.0
20260412,mobile,Safari (in-app),iOS,2.0,2.0,1.0,0.0,0.0,0.0
20260413,desktop,Chrome,Linux,2.0,2.0,0.5,3.143303,0.0,0.0
20260413,desktop,Firefox,Windows,2.0,2.0,0.0,1575.8751185,0.0,0.0
20260413,desktop,Safari,Macintosh,2.0,2.0,0.0,79.7610325,0.0,0.0
20260413,mobile,Safari (in-app),iOS,2.0,2.0,1.0,0.0,0.0,0.0
20260414,desktop,Chrome,Linux,2.0,2.0,0.0,11.8885845,0.0,0.0
20260414,desktop,Firefox,Windows,2.0,2.0,0.0,24.3226955,0.0,0.0
20260414,mobile,Safari (in-app),iOS,2.0,2.0,1.0,3.059826,0.0,0.0
20260414,tablet,Safari,iOS,2.0,2.0,0.5,407.9948045,0.0,0.0
20260416,desktop,Firefox,Macintosh,2.0,1.0,0.5,44.01855,0.0,0.0
20260416,mobile,Safari (in-app),iOS,2.0,2.0,1.0,0.0,0.0,0.0
20260416,tablet,Android Webview,Android,2.0,2.0,1.0,0.0,0.0,0.0
20260417,mobile,Edge,Android,2.0,2.0,0.5,11.333767,0.0,0.0
20260418,desktop,Opera,Windows,2.0,2.0,0.5,14.0191545,0.0,0.0
20260418,mobile,Safari (in-app),iOS,2.0,2.0,1.0,0.0,0.0,0.0
20260418,tablet,Android Webview,Android,2.0,2.0,0.5,18.99837,0.0,0.0
20260419,desktop,Safari,Macintosh,2.0,2.0,1.0,2.652299,0.0,0.0
20260420,desktop,Firefox,Windows,2.0,2.0,0.5,18.141446,0.0,0.0
20260420,mobile,Samsung Internet,Android,2.0,2.0,0.5,5.108989,0.0,0.0
20260420,tablet,Android Webview,Android,2.0,2.0,1.0,0.0,0.0,0.0
20260421,desktop,Chrome,Linux,2.0,2.0,0.0,27.315786,0.0,0.0
20260421,tablet,Android Webview,Android,2.0,2.0,0.5,146.565123,0.0,0.0
20260422,desktop,Chrome,Linux,2.0,2.0,0.5,3.2479695,0.0,0.0
20260422,tablet,Safari,iOS,2.0,1.0,0.0,159.456758,0.0,0.0
20260423,desktop,Chrome,Linux,2.0,2.0,1.0,0.0,0.0,0.0
20260423,desktop,Opera,Windows,2.0,2.0,0.0,291.4936865,0.0,0.0
20260424,desktop,Chrome,Linux,2.0,2.0,0.0,14.914649,0.0,0.0
20260424,desktop,Opera,Windows,2.0,2.0,0.0,271.9167885,0.0,0.0
20260425,desktop,Chrome,Chrome OS,2.0,2.0,0.5,21.4401265,0.0,0.0
20260425,desktop,Chrome,Linux,2.0,2.0,1.0,5.0442485,0.0,0.0
20260425,desktop,Opera,Windows,2.0,2.0,0.5,25.5492335,0.0,0.0
20260425,desktop,Safari,Macintosh,2.0,2.0,1.0,4.6131535,0.0,0.0
20260425,mobile,Safari (in-app),iOS,2.0,2.0,1.0,0.0,0.0,0.0
20260426,desktop,Edge,Windows,2.0,2.0,0.0,362.904047,0.0,0.0
20260428,desktop,Firefox,Windows,2.0,2.0,0.0,152.4598115,0.0,0.0
20260428,mobile,Samsung Internet,Android,2.0,2.0,0.0,308.222845,1.0,0.0
20260430,desktop,Firefox,Windows,2.0,2.0,1.0,0.0,0.0,0.0
20260430,desktop,Opera,Windows,2.0,2.0,0.5,47.7068955,0.0,0.0
20260501,desktop,Opera,Windows,2.0,2.0,0.5,7.956477,0.0,0.0
20260501,desktop,Safari,Macintosh,2.0,2.0,0.5,76.755916,0.0,0.0
20260501,tablet,Chrome,Android,2.0,2.0,0.5,9.717254,0.0,0.0
20260503,desktop,Firefox,Windows,2.0,2.0,1.0,2.260975,0.0,0.0
20260504,desktop,Chrome,Linux,2.0,2.0,0.0,25.334604,0.0,0.0
20260504,desktop,Edge,Macintosh,2.0,1.0,0.5,32.020235,0.0,0.0
20260504,desktop,Firefox,Windows,2.0,2.0,0.0,245.501718,0.0,0.0
20260504,desktop,Opera,Windows,2.0,1.0,0.5,27.995164,0.0,0.0
20260504,mobile,Safari (in-app),iOS,2.0,2.0,0.5,85.163946,0.0,0.0
20260505,desktop,Chrome,Linux,2.0,2.0,0.0,836.5563885,0.0,0.0
20260505,desktop,Firefox,Windows,2.0,2.0,0.0,111.3532665,0.0,0.0
20260505,desktop,Opera,Windows,2.0,1.0,0.5,173.852785,0.0,0.0
20260505,mobile,Safari (in-app),iOS,2.0,2.0,0.5,5.612141,0.0,0.0
20260506,desktop,(not set),(not set),2.0,2.0,1.0,0.0,0.0,0.0
20260511,desktop,Chrome,Chrome OS,2.0,2.0,0.0,32.745084,0.0,0.0
20260511,desktop,Firefox,Windows,2.0,2.0,0.0,43.1774015,0.0,0.0
20260511,tablet,Chrome,Android,2.0,2.0,1.0,3.314295,0.0,0.0
20260513,desktop,Opera,Windows,2.0,2.0,0.0,46.025308,0.0,0.0
20260513,tablet,Chrome,Android,2.0,2.0,1.0,0.0,0.0,0.0
20260516,desktop,Opera,Windows,2.0,2.0,0.5,207.287066,0.0,0.0
20260517,desktop,Chrome,Macintosh,2.0,2.0,0.5,4.9714765000000005,0.0,0.0
20260517,desktop,Edge,Windows,2.0,2.0,0.0,98.008678,0.0,0.0
20260517,desktop,Firefox,Windows,2.0,2.0,0.0,80.188994,0.0,0.0
20260518,desktop,Firefox,Windows,2.0,2.0,0.5,15.6090525,0.0,0.0
20260518,mobile,Safari (in-app),iOS,2.0,2.0,1.0,7.597901,0.0,0.0
20260518,tablet,Chrome,Android,2.0,2.0,0.5,84.225122,0.0,0.0
20260519,desktop,Opera,Windows,2.0,2.0,0.0,36.5978675,0.0,0.0
20260519,desktop,Safari,Macintosh,2.0,2.0,0.0,273.8703465,0.0,0.0
20260521,desktop,Opera,Windows,2.0,1.0,0.5,31.466116,0.0,0.0
20260521,mobile,Safari (in-app),iOS,2.0,2.0,1.0,2.3308195,0.0,0.0
20260522,desktop,Safari,Macintosh,2.0,2.0,0.5,15.794276,0.0,0.0
20260522,mobile,Safari (in-app),iOS,2.0,2.0,1.0,0.0,0.0,0.0
20260522,tablet,Android Webview,Android,2.0,1.0,1.0,0.0,0.0,0.0
20260523,desktop,Edge,Windows,2.0,2.0,0.0,35.745241,1.0,0.0
20260523,tablet,Chrome,Android,2.0,2.0,0.5,0.2766785,0.0,0.0
20260524,tablet,Chrome,Android,2.0,2.0,0.5,82.465313,0.0,0.0
20260525,desktop,Opera,Windows,2.0,2.0,0.0,152.795655,0.0,0.0
20260525,tablet,Chrome,Android,2.0,2.0,0.0,486.1669145,1.0,0.0
20260526,desktop,Chrome,Linux,2.0,2.0,1.0,4.7191475,0.0,0.0
20260526,desktop,Firefox,Windows,2.0,2.0,0.0,160.22223,0.0,0.0
20260526,desktop,Opera,Windows,2.0,2.0,0.0,97.119129,0.0,0.0
20260526,tablet,Chrome,Android,2.0,2.0,0.5,42.0445935,0.0,0.0
20260528,desktop,Chrome,Linux,2.0,2.0,0.5,414.233683,0.0,0.0
20260528,mobile,Edge,Android,2.0,2.0,0.5,14.5119755,0.0,0.0
20260531,desktop,Edge,Windows,2.0,2.0,0.0,875.1528525,0.0,0.0
20260531,desktop,Opera,Windows,2.0,2.0,0.0,24.4733105,0.0,0.0
20260531,mobile,Edge,Android,2.0,2.0,0.5,26.604744,0.0,0.0
20260531,tablet,Chrome,Android,2.0,1.0,1.0,0.0,0.0,0.0
20260601,desktop,Firefox,Windows,2.0,2.0,0.0,83.640723,0.0,0.0
20260601,desktop,Opera,Windows,2.0,2.0,1.0,0.0,0.0,0.0
20260601,desktop,Safari,Macintosh,2.0,2.0,0.0,792.9265885,0.0,0.0
20260602,desktop,Firefox,Windows,2.0,2.0,0.5,574.346372,0.0,0.0
20260602,desktop,Opera,Windows,2.0,2.0,0.5,295.3528475,0.0,0.0
20260603,mobile,Edge,Android,2.0,2.0,0.0,60.9885335,0.0,0.0
20260603,mobile,Safari (in-app),iOS,2.0,2.0,1.0,0.0,0.0,0.0
20260603,tablet,Chrome,Android,2.0,2.0,0.5,87.0130325,0.0,0.0
20260604,mobile,Opera,Android,2.0,2.0,0.5,351.0835975,0.0,0.0
20260604,mobile,Safari (in-app),iOS,2.0,2.0,0.5,8.1990445,0.0,0.0
20260604,tablet,Chrome,Android,2.0,2.0,0.5,15.349121,0.0,0.0
20260605,desktop,Opera,Windows,2.0,2.0,1.0,0.0,0.0,0.0
20260605,tablet,Chrome,Android,2.0,2.0,1.0,1.935717,0.0,0.0
20260606,desktop,Chrome,Linux,2.0,1.0,0.5,605.961547,0.0,0.0
20260606,mobile,Safari (in-app),iOS,2.0,2.0,1.0,0.0,0.0,0.0
20260606,tablet,Android Webview,Android,2.0,2.0,1.0,0.0,0.0,0.0
20260607,tablet,Chrome,Android,2.0,2.0,1.0,2.7957605,0.0,0.0
20260608,desktop,Chrome,Linux,2.0,2.0,0.0,268.2930575,0.0,0.0
20260608,tablet,Chrome,Android,2.0,2.0,0.5,6.9005635,0.0,0.0
20260609,tablet,Android Webview,Android,2.0,2.0,0.5,0.251039,0.0,0.0
20260610,desktop,Firefox,Windows,2.0,2.0,1.0,4.206086,0.0,0.0
20260610,tablet,Android Webview,Android,2.0,2.0,1.0,0.0,0.0,0.0
20260611,desktop,Firefox,Windows,2.0,2.0,0.0,319.884448,0.0,0.0
20260611,mobile,Safari (in-app),iOS,2.0,2.0,1.0,0.0,0.0,0.0
20260612,desktop,Opera,Windows,2.0,2.0,0.5,19.166906,0.0,0.0
20260612,desktop,Safari,Macintosh,2.0,2.0,0.0,528.8252085,0.0,0.0
20260612,tablet,Chrome,Android,2.0,2.0,1.0,2.1939145,0.0,0.0
20260612,tablet,Safari,iOS,2.0,2.0,0.0,49.8230975,1.0,0.0
20260613,desktop,Chrome,Linux,2.0,2.0,1.0,0.4256035,0.0,0.0
20260613,desktop,Chrome,Macintosh,2.0,2.0,0.5,37.3732375,0.0,0.0
20260614,desktop,Chrome,Linux,2.0,2.0,0.5,26.7060045,0.0,0.0
20260616,desktop,Chrome,Chrome OS,2.0,2.0,0.0,810.856376,2.0,0.0
20260616,desktop,Firefox,Linux,2.0,1.0,1.0,3.115238,0.0,0.0
20260616,desktop,Opera,Windows,2.0,2.0,0.0,32.9957215,0.0,0.0
20260617,desktop,Safari,Macintosh,2.0,2.0,0.0,376.411576,0.0,0.0
20260620,desktop,Chrome,Macintosh,2.0,2.0,0.5,29.527091,0.0,0.0
20260621,desktop,Chrome,Macintosh,2.0,2.0,0.0,241.1155575,0.0,0.0
20260621,desktop,Firefox,Windows,2.0,1.0,0.5,6.598123,0.0,0.0
20260622,tablet,Chrome,Android,2.0,2.0,0.5,3.379645,0.0,0.0
20260623,desktop,Safari,Macintosh,2.0,2.0,0.5,681.306953,0.0,0.0
20260623,mobile,Edge,Android,2.0,2.0,0.0,44.2971755,0.0,0.0
20260625,desktop,Chrome,Linux,2.0,2.0,0.5,6.4773855,0.0,0.0
20260625,desktop,Firefox,Windows,2.0,2.0,0.5,8.6243515,0.0,0.0
20260626,desktop,Chrome,Linux,2.0,2.0,1.0,3.9726635,0.0,0.0
20260627,desktop,Chrome,Linux,2.0,2.0,0.5,119.4486025,0.0,0.0
20260627,desktop,Safari,Macintosh,2.0,2.0,0.5,7.772532999999999,0.0,0.0
20260701,desktop,Chrome,Linux,2.0,2.0,1.0,0.671942,0.0,0.0
20260702,desktop,Firefox,Windows,2.0,2.0,0.5,178.8986985,0.0,0.0
20260702,desktop,Safari,Macintosh,2.0,2.0,1.0,6.328544,0.0,0.0
20260703,desktop,Chrome,Linux,2.0,2.0,0.5,198.626036,0.0,0.0
20260703,desktop,Firefox,Windows,2.0,1.0,0.5,54.4147065,0.0,0.0
20260704,desktop,Opera,Windows,2.0,1.0,0.5,1621.8646175,2.0,0.0
20260704,desktop,Safari,Macintosh,2.0,2.0,0.0,877.307918,0.0,0.0
20260706,desktop,Chrome,Linux,2.0,2.0,0.5,82.5625735,0.0,0.0
20260706,desktop,Firefox,Windows,2.0,2.0,0.5,6.396123,0.0,0.0
20260707,desktop,Opera,Windows,2.0,2.0,1.0,5.8386015,0.0,0.0
20260707,mobile,Samsung Internet,Android,2.0,2.0,0.5,18.9651175,0.0,0.0
20260708,desktop,Safari,Macintosh,2.0,2.0,0.5,19.96772,0.0,0.0
20260709,desktop,Chrome,Linux,2.0,2.0,0.5,69.4468745,0.0,0.0
20260710,desktop,Chrome,Linux,2.0,2.0,0.0,113.234355,0.0,0.0
20260710,mobile,YaBrowser,iOS,2.0,1.0,0.5,207.3479085,0.0,0.0
20260711,desktop,Mozilla Compatible Agent,Macintosh,2.0,2.0,1.0,0.0,0.0,0.0
20260711,desktop,Opera,Windows,2.0,2.0,1.0,1.8047215,0.0,0.0
20260712,desktop,Opera,Windows,2.0,2.0,0.0,431.8227015,0.0,0.0
20260713,desktop,Firefox,Windows,2.0,2.0,0.0,129.837836,0.0,0.0
20260713,desktop,Opera,Windows,2.0,1.0,0.0,231.3934205,0.0,0.0
20260714,desktop,Opera,Windows,2.0,2.0,1.0,0.0,0.0,0.0
20260714,mobile,Samsung Internet,Android,2.0,2.0,1.0,0.0,0.0,0.0
20260715,desktop,Chrome,Macintosh,2.0,2.0,1.0,4.983251,0.0,0.0
20260717,desktop,Chrome,Linux,2.0,2.0,1.0,0.0,0.0,0.0
20260717,desktop,Firefox,Windows,2.0,1.0,0.5,19.867802,0.0,0.0
20260718,desktop,Safari,Macintosh,2.0,1.0,1.0,0.0,0.0,0.0
20260719,desktop,Chrome,Macintosh,2.0,2.0,0.5,41.079651,0.0,0.0
20260719,desktop,Mozilla Compatible Agent,Macintosh,2.0,2.0,1.0,0.0,0.0,0.0
20260719,desktop,Opera,Windows,2.0,2.0,0.5,16.150494000000002,0.0,0.0
20260719,mobile,Samsung Internet,Android,2.0,2.0,0.5,412.754206,0.0,0.0
20260720,desktop,Chrome,Linux,2.0,2.0,0.0,55.0841745,0.0,0.0
20260720,desktop,Safari,Macintosh,2.0,2.0,0.5,251.8708155,0.0,0.0
20260721,desktop,Chrome,Linux,2.0,2.0,0.0,332.6518855,0.0,0.0
20260721,tablet,Chrome,Android,2.0,2.0,0.0,52.3620585,0.0,0.0
20260722,desktop,Safari,Macintosh,2.0,2.0,0.5,10.7773875,0.0,0.0
20260722,mobile,Android Runtime,Android,2.0,2.0,1.0,6.503254,0.0,0.0
20260722,tablet,Chrome,Android,2.0,2.0,1.0,0.0,0.0,0.0
20260723,desktop,Safari,Macintosh,2.0,2.0,0.5,6.8584214999999995,0.0,0.0
20260724,desktop,Firefox,Windows,2.0,2.0,0.5,9.7579885,0.0,0.0
20260724,desktop,Opera,Windows,2.0,2.0,0.5,263.0085375,0.0,0.0
20260724,tablet,Chrome,Android,2.0,2.0,1.0,4.4157245,0.0,0.0
20260725,desktop,Firefox,Windows,2.0,1.0,0.5,10.742655000000001,0.0,0.0
20260725,desktop,Opera,Windows,2.0,2.0,1.0,2.7252695,0.0,0.0
20260727,desktop,Safari,Macintosh,2.0,1.0,0.5,151.704252,0.0,0.0
20260728,desktop,Firefox,Windows,2.0,2.0,0.5,239.5895695,0.0,0.0
20260728,desktop,Safari,Macintosh,2.0,2.0,0.5,46.2026435,0.0,0.0
20260728,tablet,Chrome,Android,2.0,2.0,0.5,15.1652255,0.0,0.0
20260729,desktop,Opera,Windows,2.0,2.0,0.5,156.2345435,0.0,0.0
20260730,mobile,Edge,Android,2.0,1.0,0.5,58.471934,0.0,0.0
20260801,desktop,Edge,Windows,2.0,2.0,0.0,26.97269,0.0,0.0
20260802,desktop,Chrome,Macintosh,2.0,2.0,0.5,1412.408323,0.0,0.0
20260803,desktop,Opera,Windows,2.0,2.0,0.5,16.4628715,0.0,0.0
20260804,desktop,Safari,Macintosh,2.0,2.0,0.5,29.997042,0.0,0.0
20260805,desktop,Chrome,Linux,2.0,2.0,1.0,0.0,0.0,0.0
20260806,desktop,Mozilla Compatible Agent,Macintosh,2.0,2.0,1.0,2.9456325,0.0,0.0
20260806,desktop,Safari,Macintosh,2.0,2.0,1.0,5.0626245,0.0,0.0
20260808,desktop,Opera,Windows,2.0,2.0,0.5,33.5526285,0.0,0.0
20260809,desktop,Chrome,Linux,2.0,2.0,1.0,0.0,0.0,0.0
20260810,mobile,Android Webview,Android,2.0,2.0,0.0,11.6241465,1.0,0.0
20260811,desktop,Opera,Windows,2.0,2.0,0.0,389.249016,0.0,0.0
20260813,desktop,Chrome,Linux,2.0,2.0,1.0,1.120484,0.0,0.0
20260816,desktop,Mozilla Compatible Agent,Macintosh,2.0,2.0,1.0,2.554731,0.0,0.0
20260817,desktop,Firefox,Linux,2.0,2.0,0.5,136.2168805,0.0,0.0
20260818,desktop,Firefox,Windows,2.0,1.0,0.0,879.187294,0.0,0.0
20260819,desktop,Chrome,Linux,2.0,2.0,1.0,2.640726,0.0,0.0
20260821,mobile,Samsung Internet,Android,2.0,2.0,1.0,0.0,0.0,0.0
20260822,desktop,Chrome,Linux,2.0,2.0,0.5,10.630938,0.0,0.0
20260822,desktop,Firefox,Windows,2.0,2.0,0.0,514.197281,0.0,0.0
20260822,desktop,Mozilla Compatible Agent,Macintosh,2.0,2.0,1.0,2.3541345,0.0,0.0
20260822,desktop,Opera,Windows,2.0,2.0,0.5,65.93789,0.0,0.0
20260823,mobile,Firefox,Android,2.0,2.0,0.5,3.6174295,0.0,0.0
20260824,desktop,Chrome,Linux,2.0,2.0,0.5,303.5222665,0.0,0.0
20260825,desktop,Firefox,Macintosh,2.0,1.0,1.0,3.3069135,0.0,0.0
20260825,desktop,Firefox,Windows,2.0,2.0,0.0,12.9048915,0.0,0.0
20260827,desktop,Chrome,Macintosh,2.0,2.0,0.5,10.5366115,0.0,0.0
20260828,desktop,Mozilla Compatible Agent,Macintosh,2.0,2.0,1.0,5.4625105,0.0,0.0
20260828,desktop,Safari,Macintosh,2.0,2.0,0.5,760.241508,0.0,0.0
20260828,mobile,Samsung Internet,Android,2.0,2.0,1.0,0.0,0.0,0.0
20260829,desktop,Chrome,Macintosh,2.0,2.0,0.0,105.850887,0.0,0.0
20260830,desktop,Chrome,Macintosh,2.0,2.0,0.0,50.221509,0.0,0.0
20260830,desktop,Mozilla Compatible Agent,Macintosh,2.0,2.0,1.0,5.878099,0.0,0.0
20260830,desktop,Safari,Macintosh,2.0,2.0,0.5,48.820239,0.0,0.0
20260831,desktop,Opera,Windows,2.0,2.0,0.5,8.9476105,0.0,0.0
20260901,desktop,Opera,Windows,2.0,2.0,0.0,72.7200825,0.0,0.0
20260901,desktop,Safari,Macintosh,2.0,2.0,0.0,106.6273805,0.0,0.0
20260902,desktop,Firefox,Windows,2.0,2.0,1.0,0.0,0.0,0.0
20260904,desktop,Safari,Macintosh,2.0,1.0,0.5,229.7709405,0.0,0.0
20260905,desktop,Safari,Macintosh,2.0,1.0,0.5,15.3813695,0.0,0.0
20260907,desktop,Chrome,Linux,2.0,2.0,1.0,3.1318135,0.0,0.0
20260908,desktop,Safari,Macintosh,2.0,2.0,1.0,3.930806,0.0,0.0
20260908,mobile,Samsung Internet,Android,2.0,2.0,0.5,73.836315,0.0,0.0
20260909,desktop,Edge,Macintosh,2.0,1.0,0.5,267.876018,0.0,0.0
20260910,desktop,Safari,Macintosh,2.0,2.0,0.5,18.755748999999998,0.0,0.0
20260911,desktop,Opera,Windows,2.0,2.0,0.0,24.817763,0.0,0.0
20260911,mobile,Firefox,Android,2.0,2.0,0.5,7.616687499999999,0.0,0.0
20260912,desktop,Mozilla Compatible Agent,Macintosh,2.0,2.0,0.5,27.435535,0.0,0.0
20260913,desktop,Chrome,Macintosh,2.0,2.0,0.5,10.207156,0.0,0.0
20260915,desktop,Chrome,Linux,2.0,2.0,0.5,7.8023705,0.0,0.0
20260915,tablet,Chrome,Android,2.0,2.0,0.5,76.682938,0.0,0.0
20260916,desktop,Firefox,Windows,2.0,2.0,0.5,73.679365,0.0,0.0
20260917,mobile,Samsung Internet,Android,2.0,2.0,0.5,185.205931,0.0,0.0
20250918,desktop,Safari,Macintosh,1.0,1.0,0.0,36.242529,0.0,0.0
20250918,mobile,Chrome,Linux,1.0,1.0,1.0,4.991681,0.0,0.0
20250918,mobile,Opera,Android,1.0,1.0,0.0,27.838197,0.0,0.0
20250918,tablet,Android Webview,Android,1.0,1.0,1.0,7.662394,0.0,0.0
20250918,tablet,Chrome,Android,1.0,1.0,0.0,4.551372,0.0,0.0
20250919,desktop,Chrome,(not set),1.0,1.0,1.0,0.0,0.0,0.0
20250919,desktop,Firefox,Linux,1.0,1.0,0.0,16.971521,0.0,0.0
20250919,desktop,Opera,Macintosh,1.0,1.0,1.0,0.0,0.0,0.0
20250919,desktop,Samsung Internet,Linux,1.0,1.0,1.0,0.0,0.0,0.0
20250919,tablet,Chrome,iOS,1.0,1.0,0.0,121.287199,0.0,0.0
20250920,desktop,Chrome,Macintosh,1.0,1.0,0.0,29.583534,0.0,0.0
20250920,desktop,Firefox,Macintosh,1.0,1.0,1.0,5.950267,0.0,0.0
20250920,desktop,Firefox,Windows,1.0,1.0,0.0,2.012641,0.0,0.0
20250920,tablet,Chrome,Android,1.0,1.0,0.0,8.642199,0.0,0.0
20250920,tablet,Chrome,iOS,1.0,1.0,1.0,0.0,0.0,0.0
20250921,mobile,Edge,Android,1.0,1.0,1.0,5.886718,0.0,0.0
20250921,mobile,Firefox,Android,1.0,1.0,0.0,10.155232,0.0,0.0
20250921,tablet,Chrome,Android,1.0,1.0,1.0,0.0,0.0,0.0
20250922,desktop,Chrome,Chrome OS,1.0,1.0,1.0,0.0,0.0,0.0
20250922,mobile,BlackBerry,BlackBerry,1.0,1.0,0.0,101.933814,0.0,0.0
20250922,mobile,Firefox,Android,1.0,1.0,1.0,0.0,0.0,0.0
20250923,desktop,Firefox,Linux,1.0,1.0,0.0,19.515615,0.0,0.0
20250923,mobile,(not set),iOS,1.0,1.0,0.0,29.293967,0.0,0.0
20250924,desktop,Chrome,Chrome OS,1.0,1.0,0.0,31.656323,0.0,0.0
20250924,desktop,Safari,Macintosh,1.0,1.0,0.0,35.358373,0.0,0.0
20250924,mobile,Firefox,Android,1.0,1.0,1.0,0.0,0.0,0.0
20250924,tablet,Chrome,Android,1.0,1.0,0.0,11.05674,0.0,0.0
20250925,desktop,Firefox,Linux,1.0,1.0,0.0,26.436827,0.0,0.0
20250925,desktop,Safari,Linux,1.0,1.0,0.0,14.269709,0.0,0.0
20250925,desktop,Samsung Internet,Linux,1.0,1.0,1.0,0.0,0.0,0.0
20250925,mobile,Chrome,Linux,1.0,1.0,1.0,5.101041,0.0,0.0
20250925,tablet,Chrome,Android,1.0,1.0,1.0,3.772672,0.0,0.0
20250926,desktop,Opera,Linux,1.0,1.0,1.0,0.0,0.0,0.0
20250926,desktop,Opera,Macintosh,1.0,1.0,0.0,34.948948,0.0,0.0
20250926,mobile,Opera,Android,1.0,1.0,1.0,0.0,0.0,0.0
20250926,tablet,Chrome,Android,1.0,1.0,0.0,18.894542,0.0,0.0
20250926,tablet,Chrome,iOS,1.0,1.0,1.0,0.0,0.0,0.0
20250927,desktop,Safari,Macintosh,1.0,1.0,0.0,38.177569,0.0,0.0
20250927,desktop,Samsung Internet,Linux,1.0,1.0,1.0,0.0,0.0,0.0
20250928,desktop,(not set),(not set),1.0,1.0,1.0,0.0,0.0,0.0
20250928,desktop,Chrome,Macintosh,1.0,1.0,0.0,14.978826,0.0,0.0
20250928,desktop,Opera,Windows,1.0,1.0,0.0,309.137771,0.0,0.0
20250928,desktop,Samsung Internet,Linux,1.0,1.0,0.0,10.054597,0.0,0.0
20250928,mobile,Edge,Android,1.0,1.0,1.0,0.0,0.0,0.0
20250928,mobile,Opera,Android,1.0,1.0,1.0,0.0,0.0,0.0
20250929,desktop,Chrome,Chrome OS,1.0,1.0,0.0,161.863519,0.0,0.0
20250929,desktop,Samsung Internet,Linux,1.0,1.0,1.0,0.0,0.0,0.0
20250929,mobile,Chrome,Linux,1.0,1.0,1.0,9.960246,0.0,0.0
20250930,desktop,Chrome,Chrome OS,1.0,1.0,0.0,75.57902,0.0,0.0
20250930,desktop,Opera,Linux,1.0,1.0,1.0,0.0,0.0,0.0
20251001,mobile,Chrome,Linux,1.0,1.0,1.0,5.011775,0.0,0.0
20251002,desktop,Chrome,Chrome OS,1.0,1.0,0.0,1.925749,0.0,0.0
20251002,tablet,Android Webview,Android,1.0,1.0,1.0,0.0,0.0,0.0
20251003,desktop,Opera,Windows,1.0,1.0,0.0,63.99207,0.0,0.0
20251003,mobile,Chrome,Linux,1.0,1.0,0.0,10.392758,0.0,0.0
20251003,tablet,Chrome,iOS,1.0,1.0,0.0,130.157574,0.0,0.0
20251004,desktop,Mozilla Compatible Agent,Macintosh,1.0,1.0,1.0,0.0,0.0,0.0
20251004,tablet,Android Webview,Android,1.0,1.0,1.0,0.0,0.0,0.0
20251004,tablet,Chrome,Android,1.0,1.0,1.0,0.0,0.0,0.0
20251005,desktop,Chrome,Macintosh,1.0,1.0,1.0,0.0,0.0,0.0
20251005,desktop,Safari,Macintosh,1.0,1.0,0.0,1215.000213,0.0,0.0
20251005,mobile,Chrome,Linux,1.0,1.0,1.0,5.741137,0.0,0.0
20251005,tablet,Chrome,Android,1.0,1.0,0.0,97.066188,0.0,0.0
20251006,desktop,Firefox,Windows,1.0,1.0,1.0,0.0,0.0,0.0
20251006,desktop,Opera,Linux,1.0,1.0,0.0,20.217405,0.0,0.0
20251006,mobile,Chrome,Linux,1.0,1.0,1.0,1.591141,0.0,0.0
20251006,mobile,Opera,Android,1.0,1.0,1.0,3.157425,0.0,0.0
20251006,tablet,Android Webview,Android,1.0,1.0,1.0,0.0,0.0,0.0
20251007,desktop,Safari,Linux,1.0,1.0,1.0,0.0,0.0,0.0
20251007,mobile,Chrome,Linux,1.0,1.0,0.0,5.34265,0.0,0.0
20251007,mobile,Firefox,Android,1.0,1.0,1.0,0.0,0.0,0.0
20251007,tablet,Android Webview,Android,1.0,1.0,1.0,0.0,0.0,0.0
20251007,tablet,Chrome,Android,1.0,1.0,1.0,0.0,0.0,0.0
20251008,desktop,Firefox,Linux,1.0,1.0,0.0,1464.043378,0.0,0.0
20251008,desktop,Firefox,Windows,1.0,1.0,0.0,18.633185,0.0,0.0
20251008,tablet,Chrome,Android,1.0,1.0,1.0,0.0,0.0,0.0
20251009,desktop,Samsung Internet,Linux,1.0,1.0,0.0,185.440921,0.0,0.0
20251009,mobile,Amazon Silk,Android,1.0,1.0,0.0,131.662792,0.0,0.0
20251009,tablet,Android Webview,Android,1.0,1.0,0.0,141.008876,0.0,0.0
20251009,tablet,Chrome,iOS,1.0,1.0,0.0,57.494662,0.0,0.0
20251010,desktop,Firefox,Windows,1.0,1.0,1.0,0.0,0.0,0.0
20251010,mobile,Opera,Android,1.0,1.0,0.0,539.402458,0.0,0.0
20251010,tablet,Safari,iOS,1.0,1.0,0.0,19.149139,0.0,0.0
20251011,desktop,Firefox,Windows,1.0,1.0,1.0,0.0,0.0,0.0
20251011,desktop,Safari,Macintosh,1.0,1.0,0.0,17.195446,0.0,0.0
20251011,desktop,Samsung Internet,Linux,1.0,1.0,1.0,1.218546,0.0,0.0
20251011,mobile,Chrome,PalmOS,1.0,1.0,1.0,6.610098,0.0,0.0
20251011,mobile,Opera,Android,1.0,1.0,1.0,0.0,0.0,0.0
20251012,desktop,Chrome,Macintosh,1.0,1.0,0.0,38.809589,0.0,0.0
20251012,desktop,Mozilla Compatible Agent,Macintosh,1.0,1.0,1.0,0.0,0.0,0.0
20251012,desktop,Opera,Windows,1.0,1.0,1.0,0.0,0.0,0.0
20251012,desktop,Samsung Internet,Linux,1.0,1.0,0.0,110.115091,0.0,0.0
20251012,mobile,Edge,Android,1.0,1.0,0.0,20.108541,0.0,0.0
20251012,mobile,Firefox,Android,1.0,1.0,1.0,0.0,0.0,0.0
20251013,desktop,Firefox,Macintosh,1.0,1.0,1.0,8.976947,0.0,0.0
20251013,desktop,Firefox,Windows,1.0,1.0,1.0,0.0,0.0,0.0
20251013,mobile,Chrome,Linux,1.0,1.0,1.0,5.843182,0.0,0.0
20251013,mobile,Edge,Android,1.0,1.0,1.0,0.0,0.0,0.0
20251013,tablet,Android Webview,Android,1.0,1.0,1.0,0.0,0.0,0.0
20251013,tablet,Chrome,iOS,1.0,1.0,0.0,2.238603,0.0,0.0
20251014,desktop,Firefox,Linux,1.0,1.0,0.0,16.522424,0.0,0.0
20251014,mobile,Edge,Android,1.0,1.0,1.0,1.066711,0.0,0.0
20251014,tablet,Chrome,iOS,1.0,1.0,1.0,0.0,0.0,0.0
20251014,tablet,Samsung Internet,Android,1.0,1.0,1.0,0.0,0.0,0.0
20251015,desktop,Firefox,Linux,1.0,1.0,1.0,0.0,0.0,0.0
20251015,mobile,Opera,Android,1.0,1.0,1.0,0.0,0.0,0.0
20251016,mobile,(not set),iOS,1.0,1.0,1.0,2.502431,0.0,0.0
20251016,tablet,Safari (in-app),iOS,1.0,1.0,0.0,31.49624,1.0,0.0
20251017,desktop,Firefox,Linux,1.0,1.0,1.0,0.0,0.0,0.0
20251017,desktop,Firefox,Windows,1.0,1.0,0.0,49.201106,0.0,0.0
20251017,desktop,Opera,Windows,1.0,1.0,0.0,113.288599,0.0,0.0
20251017,mobile,YaBrowser,iOS,1.0,1.0,1.0,6.660506,0.0,0.0
20251017,tablet,Android Webview,Android,1.0,1.0,1.0,1.686423,0.0,0.0
20251017,tablet,Chrome,Android,1.0,1.0,1.0,6.058996,0.0,0.0
20251018,desktop,Chrome,Macintosh,1.0,1.0,1.0,0.0,0.0,0.0
20251018,desktop,Firefox,Windows,1.0,1.0,0.0,184.883125,0.0,0.0
20251018,tablet,Safari (in-app),iOS,1.0,1.0,1.0,0.0,0.0,0.0
20251019,desktop,Firefox,Macintosh,1.0,1.0,0.0,37.429493,0.0,0.0
20251019,desktop,Firefox,Windows,1.0,1.0,1.0,8.005523,0.0,0.0
20251019,desktop,Safari,Macintosh,1.0,1.0,1.0,0.0,0.0,0.0
20251019,mobile,Firefox,Android,1.0,1.0,1.0,0.0,0.0,0.0
20251019,tablet,Safari (in-app),iOS,1.0,1.0,0.0,356.885704,0.0,0.0
20251020,desktop,Firefox,Linux,1.0,1.0,1.0,1.171342,0.0,0.0
20251020,desktop,UC Browser,Windows,1.0,1.0,0.0,12.439836,0.0,0.0
20251020,mobile,Android Browser,Android,1.0,1.0,1.0,0.0,0.0,0.0
20251020,mobile,Opera,Android,1.0,1.0,1.0,0.0,0.0,0.0
20251020,tablet,Safari (in-app),iOS,1.0,1.0,0.0,28.577196,0.0,0.0
20251021,desktop,Firefox,Macintosh,1.0,1.0,1.0,5.808367,0.0,0.0
20251021,mobile,Chrome,Linux,1.0,1.0,0.0,10.526525,0.0,0.0
20251021,mobile,Firefox,Android,1.0,1.0,0.0,134.6231,0.0,0.0
20251021,tablet,Android Webview,Android,1.0,1.0,0.0,329.395205,0.0,0.0
20251021,tablet,Safari (in-app),iOS,1.0,1.0,1.0,0.0,0.0,0.0
20251022,desktop,Firefox,Windows,1.0,1.0,0.0,492.415309,0.0,0.0
20251022,desktop,Safari,Macintosh,1.0,1.0,0.0,28.300479,0.0,0.0
20251022,smart tv,Chrome,Android,1.0,1.0,0.0,27.500283,0.0,0.0
20251023,desktop,(not set),(not set),1.0,1.0,1.0,0.0,0.0,0.0
20251023,desktop,Chrome,Chrome OS,1.0,1.0,0.0,536.06844,0.0,0.0
20251023,desktop,Firefox,Windows,1.0,1.0,1.0,0.0,0.0,0.0
20251023,desktop,Samsung Internet,Linux,1.0,1.0,1.0,0.0,0.0,0.0
20251023,tablet,Safari,iOS,1.0,1.0,1.0,6.997556,0.0,0.0
20251024,desktop,Chrome,Linux,1.0,1.0,0.0,15.540688,0.0,0.0
20251024,mobile,Edge,Android,1.0,1.0,1.0,0.0,0.0,0.0
20251024,mobile,Opera,Android,1.0,1.0,1.0,0.0,0.0,0.0
20251024,tablet,Android Webview,Android,1.0,1.0,0.0,5.735209,0.0,0.0
20251025,desktop,Firefox,Linux,1.0,1.0,1.0,5.78979,0.0,0.0
20251025,desktop,Firefox,Windows,1.0,1.0,1.0,0.0,0.0,0.0
20251025,desktop,Samsung Internet,Linux,1.0,1.0,0.0,1851.234927,0.0,0.0
20251025,tablet,Safari (in-app),iOS,1.0,1.0,1.0,0.0,0.0,0.0
20251026,desktop,Firefox,Windows,1.0,1.0,0.0,596.355264,0.0,0.0
20251026,mobile,Firefox,Android,1.0,1.0,1.0,0.0,0.0,0.0
20251026,mobile,YaBrowser,Android,1.0,1.0,1.0,1.453942,0.0,0.0
20251026,smart tv,Chrome,Android,1.0,1.0,1.0,7.068772,0.0,0.0
20251027,desktop,Chrome,Chrome OS,1.0,1.0,0.0,12.980757,0.0,0.0
20251027,desktop,Firefox,Macintosh,1.0,1.0,0.0,4.725407,0.0,0.0
20251027,desktop,Opera,Windows,1.0,1.0,0.0,47.985205,0.0,0.0
20251027,mobile,Opera,Android,1.0,1.0,1.0,0.0,0.0,0.0
20251027,tablet,Chrome,Android,1.0,1.0,0.0,3.580726,0.0,0.0
20251027,tablet,Safari,iOS,1.0,1.0,0.0,16.487413,0.0,0.0
20251028,desktop,Chrome,Chrome OS,1.0,1.0,1.0,2.5995,0.0,0.0
20251028,desktop,Firefox,Linux,1.0,1.0,1.0,0.0,0.0,0.0
20251028,desktop,Samsung Internet,Linux,1.0,1.0,0.0,318.534919,0.0,0.0
20251028,mobile,(not set),iOS,1.0,1.0,1.0,0.0,0.0,0.0
20251028,tablet,Safari,iOS,1.0,1.0,1.0,0.0,0.0,0.0
20251029,desktop,Opera,Windows,1.0,1.0,1.0,6.542898,0.0,0.0
20251030,desktop,Firefox,Linux,1.0,1.0,0.0,9.509972,0.0,0.0
20251030,desktop,Firefox,Windows,1.0,1.0,0.0,30.655753,0.0,0.0
20251030,desktop,Samsung Internet,Linux,1.0,1.0,0.0,26.000341,0.0,0.0
20251030,smart tv,Chrome,Android,1.0,1.0,0.0,124.514313,1.0,0.0
20251031,desktop,Mozilla Compatible Agent,Macintosh,1.0,1.0,1.0,0.0,0.0,0.0
20251031,mobile,Amazon Silk,Android,1.0,1.0,1.0,0.0,0.0,0.0
20251031,mobile,Chrome,Linux,1.0,1.0,1.0,0.0,0.0,0.0
20251031,smart tv,Android Webview,Android,1.0,1.0,1.0,0.0,0.0,0.0
20251031,tablet,Chrome,iOS,1.0,1.0,1.0,0.0,0.0,0.0
20251101,mobile,Firefox,Android,1.0,1.0,0.0,37.532154,0.0,0.0
20251101,mobile,Opera,Android,1.0,1.0,1.0,0.0,0.0,0.0
20251102,desktop,Firefox,Windows,1.0,1.0,1.0,0.874439,0.0,0.0
20251102,desktop,Opera,Windows,1.0,1.0,1.0,0.0,0.0,0.0
20251102,mobile,Edge,Android,1.0,1.0,0.0,82.489081,0.0,0.0
20251102,smart tv,Android Webview,Android,1.0,1.0,1.0,0.0,0.0,0.0
20251103,desktop,Chrome,Chrome OS,1.0,1.0,1.0,2.479923,0.0,0.0
20251103,desktop,Firefox,Windows,1.0,1.0,0.0,249.052503,0.0,0.0
20251103,desktop,Opera,Windows,1.0,1.0,0.0,11.859387,0.0,0.0
20251103,desktop,Samsung Internet,Linux,1.0,1.0,0.0,10.320263,0.0,0.0
20251103,mobile,(not set),iOS,1.0,1.0,1.0,0.0,0.0,0.0
20251103,mobile,Chrome,Linux,1.0,1.0,0.0,4.937669,0.0,0.0
20251104,desktop,Firefox,Linux,1.0,1.0,1.0,2.253948,0.0,0.0
20251104,desktop,Safari,Macintosh,1.0,1.0,1.0,0.0,0.0,0.0
20251104,mobile,Edge,Android,1.0,1.0,0.0,191.857228,0.0,0.0
20251104,tablet,Android Webview,Android,1.0,1.0,0.0,83.749681,0.0,0.0
20251104,tablet,Chrome,Android,1.0,1.0,1.0,0.0,0.0,0.0
20251105,mobile,(not set),iOS,1.0,1.0,1.0,0.0,0.0,0.0
20251105,mobile,Opera,Android,1.0,1.0,1.0,0.0,0.0,0.0
20251105,tablet,Chrome,Android,1.0,1.0,0.0,94.961133,0.0,0.0
20251106,desktop,(not set),(not set),1.0,1.0,1.0,9.743169,0.0,0.0
20251106,desktop,Chrome,(not set),1.0,1.0,1.0,0.0,0.0,0.0
20251106,desktop,Edge,Macintosh,1.0,1.0,0.0,1225.655545,0.0,0.0
20251107,desktop,Firefox,Windows,1.0,1.0,0.0,949.020834,0.0,0.0
20251107,mobile,Chrome,Linux,1.0,1.0,1.0,5.490771,0.0,0.0
20251107,smart tv,Android Webview,Android,1.0,1.0,1.0,2.057834,0.0,0.0
20251107,tablet,Safari,iOS,1.0,1.0,1.0,7.20087,0.0,0.0
20251108,desktop,Firefox,Windows,1.0,1.0,1.0,0.0,0.0,0.0
20251108,mobile,Firefox,Android,1.0,1.0,0.0,1173.055153,0.0,0.0
20251108,tablet,Safari,iOS,1.0,1.0,0.0,2.633808,0.0,0.0
20251109,desktop,Chrome,Linux,1.0,1.0,0.0,31.705727,0.0,0.0
20251109,desktop,Firefox,Windows,1.0,1.0,0.0,1364.704119,0.0,0.0
20251109,desktop,Samsung Internet,Linux,1.0,1.0,1.0,0.0,0.0,0.0
20251110,desktop,Safari,Linux,1.0,1.0,1.0,0.0,0.0,0.0
20251110,desktop,Safari,Macintosh,1.0,1.0,1.0,0.0,0.0,0.0
20251110,desktop,Samsung Internet,Linux,1.0,1.0,1.0,0.0,0.0,0.0
20251110,tablet,Chrome,Android,1.0,1.0,0.0,4.742842,0.0,0.0
20251111,desktop,Edge,Macintosh,1.0,1.0,1.0,6.787818,0.0,0.0
20251111,desktop,Safari,Macintosh,1.0,1.0,0.0,49.104573,0.0,0.0
20251111,mobile,Chrome,Linux,1.0,1.0,1.0,6.177925,0.0,0.0
20251111,tablet,Safari,iOS,1.0,1.0,0.0,18.447815,0.0,0.0
20251112,desktop,Chrome,Chrome OS,1.0,1.0,0.0,136.283979,2.0,0.0
20251112,desktop,Firefox,Windows,1.0,1.0,0.0,6.236596,0.0,0.0
20251112,mobile,Chrome,Windows,1.0,1.0,0.0,11.820528,0.0,0.0
20251112,mobile,Edge,Android,1.0,1.0,1.0,6.962114,0.0,0.0
20251112,mobile,Firefox,Android,1.0,1.0,0.0,14.246405,0.0,0.0
20251113,desktop,Chrome,Chrome OS,1.0,1.0,0.0,268.782605,0.0,0.0
20251113,desktop,Firefox,Linux,1.0,1.0,0.0,6.520647,0.0,0.0
20251113,desktop,Firefox,Windows,1.0,1.0,1.0,0.0,0.0,0.0
20251113,tablet,Chrome,Android,1.0,1.0,0.0,147.877092,0.0,0.0
20251114,desktop,Chrome,Chrome OS,1.0,1.0,0.0,336.812565,0.0,0.0
20251114,desktop,Opera,Windows,1.0,1.0,1.0,0.0,0.0,0.0
20251114,mobile,Opera,Android,1.0,1.0,1.0,0.0,0.0,0.0
20251114,tablet,Android Webview,Android,1.0,1.0,0.0,14.4027,0.0,0.0
20251114,tablet,Chrome,Android,1.0,1.0,0.0,21.683927,0.0,0.0
20251115,desktop,Chrome,Linux,1.0,1.0,1.0,0.0,0.0,0.0
20251115,mobile,Opera,Android,1.0,1.0,1.0,0.0,0.0,0.0
20251115,tablet,Android Webview,Android,1.0,1.0,0.0,4.272913,0.0,0.0
20251115,tablet,Chrome,Android,1.0,1.0,1.0,0.0,0.0,0.0
20251116,desktop,Firefox,Windows,1.0,1.0,0.0,25.321139,0.0,0.0
20251116,mobile,Edge,Android,1.0,1.0,1.0,0.0,0.0,0.0
20251117,desktop,Mozilla Compatible Agent,Macintosh,1.0,1.0,1.0,0.0,0.0,0.0
20251117,mobile,Edge,Android,1.0,1.0,0.0,96.075759,0.0,0.0
20251118,desktop,Chrome,Chrome OS,1.0,1.0,1.0,0.0,0.0,0.0
20251118,desktop,Firefox,Linux,1.0,1.0,0.0,1382.70173,0.0,0.0
20251118,mobile,(not set),iOS,1.0,1.0,1.0,0.0,0.0,0.0
20251118,mobile,Edge,Android,1.0,1.0,0.0,59.507469,0.0,0.0
20251118,mobile,Firefox,Android,1.0,1.0,0.0,64.841823,0.0,0.0
20251118,mobile,Opera,Android,1.0,1.0,1.0,0.0,0.0,0.0
20251118,tablet,Android Webview,Android,1.0,1.0,0.0,9.766483,0.0,0.0
20251118,tablet,Chrome,Android,1.0,1.0,0.0,19.573903,0.0,0.0
20251119,desktop,Firefox,Macintosh,1.0,1.0,0.0,21.50975,0.0,0.0
20251119,mobile,Chrome,Linux,1.0,1.0,0.0,41.936532,0.0,0.0
20251119,mobile,Firefox,Android,1.0,1.0,0.0,205.675255,0.0,0.0
20251120,desktop,Edge,Windows,1.0,1.0,1.0,1.878272,0.0,0.0
20251120,desktop,Firefox,Macintosh,1.0,1.0,0.0,23.136287,0.0,0.0
20251121,mobile,Firefox,Android,1.0,1.0,0.0,5.369621,0.0,0.0
20251121,tablet,Safari,iOS,1.0,1.0,1.0,0.0,0.0,0.0
20251122,desktop,Chrome,Linux,1.0,1.0,1.0,0.0,0.0,0.0
20251122,desktop,Chrome,Macintosh,1.0,1.0,0.0,22.420848,0.0,0.0
20251122,desktop,Safari,Macintosh,1.0,1.0,0.0,16.05483,0.0,0.0
20251122,tablet,Chrome,Android,1.0,1.0,0.0,12.13855,0.0,0.0
20251122,tablet,Safari,iOS,1.0,1.0,0.0,12.025449,0.0,0.0
20251123,desktop,Chrome,Linux,1.0,1.0,0.0,26.675694,0.0,0.0
20251123,desktop,Firefox,Windows,1.0,1.0,0.0,189.580477,0.0,0.0
20251124,desktop,Chrome,Chrome OS,1.0,1.0,1.0,4.505899,0.0,0.0
20251124,desktop,Firefox,Windows,1.0,1.0,0.0,10.014707,0.0,0.0
20251124,mobile,Chrome,Linux,1.0,1.0,1.0,7.114634,0.0,0.0
20251124,tablet,Chrome,Android,1.0,1.0,0.0,2103.615657,0.0,0.0
20251125,desktop,Firefox,Windows,1.0,1.0,0.0,92.252331,0.0,0.0
20251125,desktop,Safari,Macintosh,1.0,1.0,1.0,0.0,0.0,0.0
20251125,mobile,Firefox,Android,1.0,1.0,1.0,0.0,0.0,0.0
20251125,mobile,Samsung Internet,Tizen,1.0,1.0,0.0,969.07393,0.0,0.0
20251125,tablet,Chrome,Android,1.0,1.0,0.0,224.458837,0.0,0.0
20251126,desktop,Firefox,Macintosh,1.0,1.0,0.0,218.924479,0.0,0.0
20251126,desktop,Firefox,Windows,1.0,1.0,1.0,7.883122,0.0,0.0
20251126,mobile,Samsung Internet,Tizen,1.0,1.0,1.0,4.707822,0.0,0.0
20251126,tablet,Safari,iOS,1.0,1.0,0.0,503.405529,0.0,0.0
20251127,desktop,Chrome,Chrome OS,1.0,1.0,1.0,3.04474,0.0,0.0
20251127,desktop,Edge,Macintosh,1.0,1.0,0.0,458.112389,0.0,0.0
20251127,desktop,Firefox,Linux,1.0,1.0,1.0,1.820519,0.0,0.0
20251127,mobile,Edge,Android,1.0,1.0,0.0,4.095597,0.0,0.0
20251127,mobile,Firefox,Android,1.0,1.0,1.0,0.0,0.0,0.0
20251127,mobile,Opera,Android,1.0,1.0,0.0,25.60702,0.0,0.0
20251127,tablet,Chrome,Android,1.0,1.0,1.0,0.0,0.0,0.0
20251128,desktop,Firefox,Linux,1.0,1.0,0.0,0.0,0.0,0.0
20251128,desktop,Opera,Macintosh,1.0,1.0,0.0,42.511733,0.0,0.0
20251129,desktop,Chrome,Linux,1.0,1.0,1.0,0.0,0.0,0.0
20251129,tablet,Safari,iOS,1.0,1.0,0.0,57.623552,0.0,0.0
20251130,desktop,Edge,Windows,1.0,1.0,1.0,0.0,0.0,0.0
20251130,desktop,Firefox,Windows,1.0,1.0,0.0,795.523968,0.0,0.0
20251130,desktop,Opera,Windows,1.0,1.0,0.0,154.861807,0.0,0.0
20251130,mobile,(not set),iOS,1.0,1.0,1.0,0.0,0.0,0.0
20251130,mobile,Opera,Android,1.0,1.0,0.0,72.141664,0.0,0.0
20251130,tablet,Chrome,Android,1.0,1.0,0.0,4.896574,0.0,0.0
20251201,desktop,(not set),(not set),1.0,1.0,1.0,0.0,0.0,0.0
20251201,desktop,Firefox,Windows,1.0,1.0,0.0,73.487596,0.0,0.0
20251201,mobile,(not set),iOS,1.0,1.0,1.0,0.0,0.0,0.0
20251201,mobile,Chrome,Linux,1.0,1.0,1.0,8.43525,0.0,0.0
20251202,desktop,Firefox,Linux,1.0,1.0,0.0,71.671847,0.0,0.0
20251202,tablet,Android Webview,Android,1.0,1.0,1.0,0.0,0.0,0.0
20251202,tablet,Chrome,Android,1.0,1.0,0.0,10.422021,0.0,0.0
20251203,mobile,(not set),iOS,1.0,1.0,1.0,0.0,0.0,0.0
20251203,tablet,Android Webview,Android,1.0,1.0,0.0,142.712957,0.0,0.0
20251204,desktop,(not set),(not set),1.0,1.0,1.0,6.324933,0.0,0.0
20251204,desktop,Opera,Windows,1.0,1.0,0.0,127.561725,0.0,0.0
20251204,mobile,(not set),iOS,1.0,1.0,0.0,21.312915,0.0,0.0
20251204,mobile,Firefox,Android,1.0,1.0,0.0,184.053293,0.0,0.0
20251204,tablet,Safari,iOS,1.0,1.0,0.0,6.781915,0.0,0.0
20251206,mobile,Firefox,Android,1.0,1.0,0.0,358.994193,0.0,0.0
20251206,tablet,Android Webview,Android,1.0,1.0,0.0,6.718569,0.0,0.0
20251206,tablet,Chrome,Android,1.0,1.0,0.0,2.064066,0.0,0.0
20251207,desktop,Chrome,Linux,1.0,1.0,1.0,0.0,0.0,0.0
20251207,tablet,Android Webview,Android,1.0,1.0,0.0,6.645351,0.0,0.0
20251208,desktop,(not set),(not set),1.0,1.0,1.0,7.374739,0.0,0.0
20251208,desktop,Firefox,Linux,1.0,1.0,0.0,39.15859,0.0,0.0
20251208,mobile,(not set),iOS,1.0,1.0,1.0,9.839066,0.0,0.0
20251208,mobile,Chrome,Linux,1.0,1.0,1.0,6.367515,0.0,0.0
20251208,mobile,Opera,Android,1.0,1.0,1.0,6.365824,0.0,0.0
20251208,tablet,Chrome,Android,1.0,1.0,0.0,4.72347,0.0,0.0
20251208,tablet,Safari,iOS,1.0,1.0,0.0,28.60917,0.0,0.0
20251209,tablet,Safari,iOS,1.0,1.0,1.0,0.0,0.0,0.0
20251211,desktop,Firefox,Windows,1.0,1.0,1.0,1.956827,0.0,0.0
20251212,desktop,Safari,Macintosh,1.0,1.0,0.0,1274.572492,0.0,0.0
20251212,mobile,Edge,Android,1.0,1.0,0.0,14.344812,0.0,0.0
20251212,mobile,Samsung Internet,Android,1.0,1.0,1.0,2.118663,0.0,0.0
20251212,tablet,Android Webview,Android,1.0,1.0,0.0,8.327542,0.0,0.0
20251213,desktop,Chrome,Macintosh,1.0,1.0,0.0,66.619052,1.0,0.0
20251213,desktop,Firefox,Windows,1.0,1.0,0.0,37.982786,0.0,0.0
20251213,mobile,Amazon Silk,Android,1.0,1.0,0.0,28.631969,0.0,0.0
20251213,mobile,Edge,Android,1.0,1.0,1.0,3.253947,0.0,0.0
20251214,desktop,Chrome,Linux,1.0,1.0,0.0,10.451539,0.0,0.0
20251215,desktop,Firefox,Linux,1.0,1.0,0.0,48.819972,0.0,0.0
20251215,desktop,Opera,Macintosh,1.0,1.0,0.0,10.180675,0.0,0.0
20251216,desktop,Firefox,Linux,1.0,1.0,0.0,207.039272,0.0,0.0
20251216,desktop,Samsung Internet,Linux,1.0,1.0,1.0,0.0,0.0,0.0
20251216,mobile,Edge,Android,1.0,1.0,0.0,28.118902,0.0,0.0
20251216,tablet,Safari,iOS,1.0,1.0,1.0,0.0,0.0,0.0
20251217,mobile,Edge,Android,1.0,1.0,0.0,141.936163,0.0,0.0
20251218,desktop,(not set),(not set),1.0,1.0,1.0,0.0,0.0,0.0
20251218,desktop,Internet Explorer,Windows,1.0,1.0,1.0,0.0,0.0,0.0
20251218,mobile,Firefox,Android,1.0,1.0,0.0,19.066985,0.0,0.0
20251218,tablet,Chrome,Android,1.0,1.0,0.0,16.672667,0.0,0.0
20251219,desktop,Firefox,Linux,1.0,1.0,1.0,0.0,0.0,0.0
20251219,desktop,Safari,Macintosh,1.0,1.0,0.0,1400.485138,0.0,0.0
20251219,mobile,Chrome,Linux,1.0,1.0,1.0,7.176161,0.0,0.0
20251219,tablet,Chrome,Android,1.0,1.0,0.0,17.77101,0.0,0.0
20251219,tablet,Chrome,iOS,1.0,1.0,1.0,0.0,0.0,0.0
20251220,mobile,Safari (in-app),iOS,1.0,1.0,0.0,78.633788,1.0,0.0
20251220,tablet,Chrome,Android,1.0,1.0,1.0,0.0,0.0,0.0
20251220,tablet,Chrome,iOS,1.0,1.0,1.0,0.0,0.0,0.0
20251221,desktop,Firefox,Linux,1.0,1.0,1.0,0.0,0.0,0.0
20251221,mobile,Chrome,Linux,1.0,1.0,0.0,10.993064,0.0,0.0
20251221,mobile,Safari (in-app),iOS,1.0,1.0,1.0,0.0,0.0,0.0
20251221,tablet,Chrome,Android,1.0,1.0,0.0,34.855113,0.0,0.0
20251222,desktop,Chrome,Chrome OS,1.0,1.0,0.0,156.979059,0.0,0.0
20251222,desktop,Internet Explorer,Windows,1.0,1.0,1.0,0.0,0.0,0.0
20251222,desktop,Opera,Windows,1.0,1.0,1.0,0.0,0.0,0.0
20251222,mobile,Chrome,Linux,1.0,1.0,1.0,9.650767,0.0,0.0
20251222,mobile,Firefox,Android,1.0,1.0,1.0,0.0,0.0,0.0
20251223,mobile,Firefox,Android,1.0,1.0,1.0,0.0,0.0,0.0
20251223,tablet,Android Webview,Android,1.0,1.0,1.0,0.0,0.0,0.0
20251224,desktop,Firefox,Linux,1.0,1.0,1.0,0.0,0.0,0.0
20251224,desktop,Safari,Macintosh,1.0,1.0,1.0,0.0,0.0,0.0
20251224,mobile,(not set),iOS,1.0,1.0,1.0,0.0,0.0,0.0
20251224,mobile,Firefox,Android,1.0,1.0,0.0,51.414207,0.0,0.0
20251224,tablet,Chrome,Android,1.0,1.0,1.0,0.0,0.0,0.0
20251224,tablet,Chrome,iOS,1.0,1.0,1.0,0.0,0.0,0.0
20251225,desktop,Chrome,Chrome OS,1.0,1.0,0.0,20.066257,0.0,0.0
20251225,desktop,Opera,Windows,1.0,1.0,1.0,0.0,0.0,0.0
20251225,mobile,Firefox,Android,1.0,1.0,0.0,12.070805,0.0,0.0
20251226,desktop,Opera,Windows,1.0,1.0,0.0,587.503649,0.0,0.0
20251226,mobile,Firefox,Android,1.0,1.0,1.0,0.0,0.0,0.0
20251226,tablet,Chrome,Android,1.0,1.0,1.0,5.381776,0.0,0.0
20251227,desktop,Chrome,Macintosh,1.0,1.0,0.0,12.531892,0.0,0.0
20251227,desktop,Opera,Windows,1.0,1.0,1.0,5.544897,0.0,0.0
20251227,mobile,(not set),iOS,1.0,1.0,1.0,0.0,0.0,0.0
20251227,mobile,Opera,Android,1.0,1.0,1.0,0.0,0.0,0.0
20251227,tablet,Android Webview,Android,1.0,1.0,1.0,0.0,0.0,0.0
20251227,tablet,Chrome,iOS,1.0,1.0,1.0,0.0,0.0,0.0
20251227,tablet,Safari,iOS,1.0,1.0,0.0,13.64396,0.0,0.0
20251228,desktop,Firefox,Windows,1.0,1.0,1.0,2.909192,0.0,0.0
20251228,mobile,Chrome,Linux,1.0,1.0,0.0,27.29199,0.0,0.0
20251228,tablet,Android Webview,Android,1.0,1.0,1.0,0.0,0.0,0.0
20251228,tablet,Safari,iOS,1.0,1.0,0.0,230.132265,0.0,0.0
20251229,desktop,Mozilla Compatible Agent,Macintosh,1.0,1.0,1.0,0.0,0.0,0.0
20251229,mobile,Chrome,Linux,1.0,1.0,1.0,8.825334,0.0,0.0
20251229,tablet,Android Webview,Android,1.0,1.0,1.0,0.0,0.0,0.0
20251229,tablet,Chrome,Android,1.0,1.0,1.0,0.0,0.0,0.0
20251229,tablet,Safari,iOS,1.0,1.0,1.0,9.545318,0.0,0.0
20251230,desktop,Firefox,Linux,1.0,1.0,0.0,139.680565,0.0,0.0
20251230,desktop,Firefox,Windows,1.0,1.0,1.0,6.099606,0.0,0.0
20251230,mobile,Chrome,Linux,1.0,1.0,1.0,5.711056,0.0,0.0
20251230,mobile,Opera,Android,1.0,1.0,1.0,8.676171,0.0,0.0
20251230,tablet,Chrome,Android,1.0,1.0,1.0,0.0,0.0,0.0
20251231,desktop,Chrome,Macintosh,1.0,1.0,0.0,36.721313,0.0,0.0
20251231,desktop,Samsung Internet,Linux,1.0,1.0,0.0,15.74562,0.0,0.0
20260101,desktop,Firefox,Linux,1.0,1.0,1.0,0.0,0.0,0.0
20260101,desktop,Opera,Windows,1.0,1.0,0.0,175.253349,0.0,0.0
20260101,mobile,Edge,Android,1.0,1.0,0.0,55.560252,0.0,0.0
20260102,desktop,Opera,Windows,1.0,1.0,1.0,0.0,0.0,0.0
20260102,mobile,Edge,Android,1.0,1.0,1.0,5.18451,0.0,0.0
20260102,mobile,Firefox,Android,1.0,1.0,0.0,31.30718,0.0,0.0
20260102,tablet,(not set),iOS,1.0,1.0,1.0,0.0,0.0,0.0
20260103,desktop,Firefox,Macintosh,1.0,1.0,0.0,50.768231,0.0,0.0
20260103,desktop,Firefox,Windows,1.0,1.0,1.0,0.0,0.0,0.0
20260103,desktop,Internet Explorer,Windows,1.0,1.0,1.0,0.0,0.0,0.0
20260103,tablet,Android Webview,Android,1.0,1.0,1.0,0.0,0.0,0.0
20260103,tablet,Safari,iOS,1.0,1.0,1.0,0.0,0.0,0.0
20260104,desktop,Chrome,Chrome OS,1.0,1.0,1.0,4.756446,0.0,0.0
20260104,desktop,Firefox,Windows,1.0,1.0,0.0,481.033585,0.0,0.0
20260104,desktop,Opera,Windows,1.0,1.0,0.0,58.673029,0.0,0.0
20260104,desktop,Safari,Macintosh,1.0,1.0,0.0,31.721929,0.0,0.0
20260104,mobile,Edge,Android,1.0,1.0,0.0,23.846711,0.0,0.0
20260104,tablet,Android Webview,Android,1.0,1.0,1.0,0.0,0.0,0.0
20260105,desktop,Firefox,Linux,1.0,1.0,1.0,0.0,0.0,0.0
20260105,desktop,Opera,Windows,1.0,1.0,1.0,0.0,0.0,0.0
20260105,mobile,Android Runtime,Android,1.0,1.0,1.0,0.0,0.0,0.0
20260105,mobile,Chrome,Linux,1.0,1.0,1.0,0.875425,0.0,0.0
20260105,mobile,Edge,Android,1.0,1.0,0.0,31.231062,0.0,0.0
20260105,tablet,Safari,iOS,1.0,1.0,1.0,0.0,0.0,0.0
20260106,desktop,Firefox,Windows,1.0,1.0,1.0,0.0,0.0,0.0
20260106,mobile,Chrome,Linux,1.0,1.0,1.0,5.643498,0.0,0.0
20260106,tablet,Android Webview,Android,1.0,1.0,1.0,0.0,0.0,0.0
20260107,tablet,Android Webview,Android,1.0,1.0,0.0,13.809591,0.0,0.0
20260107,tablet,Chrome,iOS,1.0,1.0,1.0,0.0,0.0,0.0
20260107,tablet,Safari,iOS,1.0,1.0,0.0,1178.111517,0.0,0.0
20260108,mobile,Firefox,Android,1.0,1.0,1.0,0.0,0.0,0.0
20260108,tablet,Chrome,Android,1.0,1.0,0.0,16.59011,0.0,0.0
20260109,desktop,Firefox,Windows,1.0,1.0,0.0,31.660407,0.0,0.0
20260109,mobile,Firefox,Android,1.0,1.0,0.0,30.11052,0.0,0.0
20260109,tablet,Chrome,Android,1.0,1.0,0.0,45.387531,1.0,0.0
20260110,desktop,Firefox,Linux,1.0,1.0,1.0,9.465098,0.0,0.0
20260110,tablet,Chrome,Android,1.0,1.0,0.0,24.118823,0.0,0.0
20260111,desktop,Chrome,Linux,1.0,1.0,1.0,0.0,0.0,0.0
20260111,desktop,Chrome,Macintosh,1.0,1.0,0.0,1195.11521,0.0,0.0
20260111,desktop,Firefox,Windows,1.0,1.0,0.0,131.417381,0.0,0.0
20260111,mobile,(not set),iOS,1.0,1.0,1.0,0.0,0.0,0.0
20260111,tablet,Chrome,Android,1.0,1.0,1.0,0.0,0.0,0.0
20260112,desktop,Chrome,Chrome OS,1.0,1.0,1.0,0.0,0.0,0.0
20260112,desktop,Edge,Linux,1.0,1.0,0.0,17.766632,0.0,0.0
20260112,mobile,Chrome,Macintosh,1.0,1.0,0.0,116.62201,0.0,0.0
20260112,mobile,Opera,Android,1.0,1.0,1.0,0.0,0.0,0.0
20260112,tablet,Chrome,iOS,1.0,1.0,1.0,0.0,0.0,0.0
20260112,tablet,Safari,iOS,1.0,1.0,0.0,101.581749,0.0,0.0
20260113,mobile,Chrome,Windows,1.0,1.0,0.0,63.896147,0.0,0.0
20260113,mobile,Firefox,Android,1.0,1.0,0.0,13.939975,0.0,0.0
20260113,mobile,Opera,Android,1.0,1.0,1.0,0.0,0.0,0.0
20260113,tablet,Chrome,Android,1.0,1.0,1.0,0.0,0.0,0.0
20260114,desktop,Opera,Windows,1.0,1.0,0.0,164.532243,0.0,0.0
20260114,mobile,Chrome,Windows,1.0,1.0,0.0,439.803798,0.0,0.0
20260114,tablet,Chrome,Android,1.0,1.0,1.0,0.0,0.0,0.0
20260115,desktop,Firefox,Macintosh,1.0,1.0,1.0,0.0,0.0,0.0
20260115,mobile,Chrome,Linux,1.0,1.0,1.0,6.03317,0.0,0.0
20260115,mobile,Firefox,Android,1.0,1.0,1.0,0.0,0.0,0.0
20260115,tablet,Chrome,iOS,1.0,1.0,1.0,0.0,0.0,0.0
20260116,mobile,Chrome,Linux,1.0,1.0,0.0,13.728435,0.0,0.0
20260116,mobile,Edge,Android,1.0,1.0,0.0,18.947904,0.0,0.0
20260116,tablet,Chrome,Android,1.0,1.0,1.0,0.0,0.0,0.0
20260117,desktop,Chrome,Linux,1.0,1.0,0.0,16.484065,0.0,0.0
20260117,desktop,Chrome,Macintosh,1.0,1.0,1.0,0.0,0.0,0.0
20260117,desktop,Firefox,Linux,1.0,1.0,0.0,20.653252,0.0,0.0
20260117,desktop,Meta Quest Browser,Linux,1.0,1.0,0.0,11.326636,0.0,0.0
20260117,desktop,Opera,Windows,1.0,1.0,1.0,8.03948,0.0,0.0
20260117,desktop,Safari,Macintosh,1.0,1.0,0.0,27.654105,0.0,0.0
20260117,mobile,(not set),iOS,1.0,1.0,1.0,0.0,0.0,0.0
20260117,tablet,Android Webview,Android,1.0,1.0,1.0,0.0,0.0,0.0
20260117,tablet,Chrome,Android,1.0,1.0,1.0,0.0,0.0,0.0
20260118,desktop,Firefox,Linux,1.0,1.0,1.0,0.0,0.0,0.0
20260118,desktop,Opera,Windows,1.0,1.0,0.0,19.661715,0.0,0.0
20260118,tablet,Safari,iOS,1.0,1.0,0.0,26.300909,0.0,0.0
20260120,mobile,Edge,Android,1.0,1.0,0.0,37.635431,0.0,0.0
20260120,tablet,Chrome,iOS,1.0,1.0,0.0,191.453261,0.0,0.0
20260120,tablet,Safari,iOS,1.0,1.0,1.0,0.0,0.0,0.0
20260121,desktop,Opera,Windows,1.0,1.0,1.0,6.521126,0.0,0.0
20260121,tablet,Android Webview,Android,1.0,1.0,0.0,11.922719,0.0,0.0
20260122,desktop,Chrome,Chrome OS,1.0,1.0,0.0,17.186638,0.0,0.0
20260122,desktop,Firefox,Linux,1.0,1.0,1.0,0.847606,0.0,0.0
20260122,desktop,Safari,Macintosh,1.0,1.0,0.0,36.710122,0.0,0.0
20260122,mobile,Edge,Android,1.0,1.0,0.0,10.487351,0.0,0.0
20260123,desktop,Opera,Windows,1.0,1.0,0.0,10.255888,0.0,0.0
20260123,desktop,Safari,Macintosh,1.0,1.0,1.0,6.371432,0.0,0.0
20260123,desktop,Samsung Internet,Linux,1.0,1.0,1.0,0.0,0.0,0.0
20260123,tablet,Chrome,Android,1.0,1.0,1.0,2.355101,0.0,0.0
20260124,desktop,Chrome,Macintosh,1.0,1.0,0.0,46.257604,0.0,0.0
20260124,desktop,Safari,Macintosh,1.0,1.0,1.0,0.0,0.0,0.0
20260124,tablet,Chrome,Android,1.0,1.0,1.0,0.0,0.0,0.0
20260125,desktop,Chrome,Linux,1.0,1.0,0.0,142.050449,0.0,0.0
20260125,desktop,Chrome,Macintosh,1.0,1.0,1.0,4.332655,0.0,0.0
20260125,desktop,Opera,Windows,1.0,1.0,1.0,7.368065,0.0,0.0
20260125,desktop,Safari,Macintosh,1.0,1.0,0.0,260.209327,0.0,0.0
20260125,tablet,Chrome,Android,1.0,1.0,1.0,0.0,0.0,0.0
20260126,desktop,Safari,Macintosh,1.0,1.0,1.0,0.0,0.0,0.0
20260127,desktop,Firefox,Linux,1.0,1.0,1.0,0.0,0.0,0.0
20260127,desktop,Mozilla Compatible Agent,Macintosh,1.0,1.0,1.0,0.0,0.0,0.0
20260127,desktop,Opera,Macintosh,1.0,1.0,0.0,75.027344,0.0,0.0
20260127,tablet,Android Webview,Android,1.0,1.0,1.0,0.0,0.0,0.0
20260127,tablet,Chrome,Android,1.0,1.0,0.0,62.995981,0.0,0.0
20260127,tablet,Safari,iOS,1.0,1.0,0.0,27.764993,0.0,0.0
20260128,desktop,Chrome,Chrome OS,1.0,1.0,0.0,72.363062,0.0,0.0
20260128,desktop,Firefox,Linux,1.0,1.0,0.0,11.128762,0.0,0.0
20260129,desktop,Chrome,Linux,1.0,1.0,1.0,6.427853,0.0,0.0
20260129,desktop,Samsung Internet,Linux,1.0,1.0,1.0,0.0,0.0,0.0
20260129,mobile,(not set),iOS,1.0,1.0,1.0,0.0,0.0,0.0
20260129,mobile,Edge,Android,1.0,1.0,0.0,64.725248,0.0,0.0
20260129,tablet,Android Webview,Android,1.0,1.0,1.0,0.0,0.0,0.0
20260129,tablet,Chrome,Android,1.0,1.0,1.0,1.096576,0.0,0.0
20260130,desktop,Chrome,Macintosh,1.0,1.0,0.0,29.158078,0.0,0.0
20260130,tablet,Safari,iOS,1.0,1.0,1.0,0.0,0.0,0.0
20260131,desktop,Safari,Macintosh,1.0,1.0,0.0,54.675454,0.0,0.0
20260131,mobile,Opera,Android,1.0,1.0,0.0,60.380028,0.0,0.0
20260131,tablet,Android Webview,Android,1.0,1.0,1.0,0.0,0.0,0.0
20260201,mobile,(not set),iOS,1.0,1.0,1.0,0.0,0.0,0.0
20260201,mobile,Edge,Android,1.0,1.0,0.0,343.050493,0.0,0.0
20260202,desktop,Chrome,(not set),1.0,1.0,1.0,0.0,0.0,0.0
20260202,desktop,Chrome,Linux,1.0,1.0,0.0,440.515234,0.0,0.0
20260202,desktop,Safari,Macintosh,1.0,1.0,0.0,25.325588,0.0,0.0
20260203,desktop,Samsung Internet,Linux,1.0,1.0,0.0,58.030612,0.0,0.0
20260203,mobile,Edge,Android,1.0,1.0,1.0,0.0,0.0,0.0
20260204,desktop,Chrome,Chrome OS,1.0,1.0,0.0,1535.484685,0.0,0.0
20260204,desktop,Chrome,Linux,1.0,1.0,1.0,0.0,0.0,0.0
20260204,desktop,Edge,Macintosh,1.0,1.0,0.0,30.021702,0.0,0.0
20260204,desktop,Safari,Macintosh,1.0,1.0,1.0,0.0,0.0,0.0
20260204,mobile,Edge,Android,1.0,1.0,0.0,12.4241,0.0,0.0
20260204,tablet,Chrome,iOS,1.0,1.0,0.0,47.424756,0.0,0.0
20260205,desktop,Firefox,Windows,1.0,1.0,1.0,6.464038,0.0,0.0
20260205,desktop,Meta Quest Browser,Linux,1.0,1.0,1.0,5.215486,0.0,0.0
20260205,tablet,Chrome,Android,1.0,1.0,0.0,15.263793,0.0,0.0
20260206,desktop,Chrome,Chrome OS,1.0,1.0,0.0,24.726313,0.0,0.0
20260206,desktop,Chrome,Linux,1.0,1.0,1.0,1.137004,0.0,0.0
20260206,desktop,Opera,Linux,1.0,1.0,0.0,53.096207,0.0,0.0
20260206,desktop,Safari,Linux,1.0,1.0,0.0,56.08882,0.0,0.0
20260206,desktop,Safari,Macintosh,1.0,1.0,0.0,28.23113,0.0,0.0
20260207,desktop,(not set),(not set),1.0,1.0,1.0,0.0,0.0,0.0
20260207,desktop,Firefox,Windows,1.0,1.0,0.0,73.183648,0.0,0.0
20260207,desktop,Mozilla Compatible Agent,Macintosh,1.0,1.0,1.0,0.0,0.0,0.0
20260208,desktop,Opera,Windows,1.0,1.0,1.0,3.46627,0.0,0.0
20260208,mobile,Edge,Android,1.0,1.0,1.0,0.0,0.0,0.0
20260208,tablet,Chrome,iOS,1.0,1.0,1.0,7.749235,0.0,0.0
20260209,desktop,Meta Quest Browser,Linux,1.0,1.0,1.0,0.0,0.0,0.0
20260209,desktop,Safari,Macintosh,1.0,1.0,1.0,4.302517,0.0,0.0
20260209,mobile,Opera,Android,1.0,1.0,0.0,139.963439,0.0,0.0
20260210,desktop,Meta Quest Browser,Linux,1.0,1.0,1.0,0.0,0.0,0.0
20260210,mobile,Opera,Android,1.0,1.0,1.0,0.0,0.0,0.0
20260210,tablet,Chrome,Android,1.0,1.0,1.0,5.357058,0.0,0.0
20260211,desktop,Firefox,Macintosh,1.0,1.0,0.0,1127.618534,0.0,0.0
20260211,mobile,Opera,Android,1.0,1.0,1.0,0.0,0.0,0.0
20260212,desktop,Chrome,Chrome OS,1.0,1.0,0.0,370.540275,0.0,0.0
20260212,desktop,Chrome,Macintosh,1.0,1.0,1.0,0.0,0.0,0.0
20260212,desktop,Meta Quest Browser,Linux,1.0,1.0,1.0,0.0,0.0,0.0
20260213,desktop,Chrome,(not set),1.0,1.0,1.0,0.0,0.0,0.0
20260213,desktop,Chrome,Chrome OS,1.0,1.0,0.0,3.937036,0.0,0.0
20260213,desktop,Firefox,Windows,1.0,1.0,0.0,14.978573,0.0,0.0
20260213,mobile,(not set),iOS,1.0,1.0,1.0,0.0,0.0,0.0
20260213,mobile,Opera,Android,1.0,1.0,0.0,746.643962,0.0,0.0
20260214,desktop,Firefox,Linux,1.0,1.0,0.0,131.483279,0.0,0.0
20260214,desktop,Firefox,Windows,1.0,1.0,0.0,194.853912,1.0,0.0
20260214,desktop,Safari,Macintosh,1.0,1.0,0.0,240.690777,0.0,0.0
20260215,desktop,Chrome,Linux,1.0,1.0,1.0,2.336876,0.0,0.0
20260215,desktop,Mozilla Compatible Agent,Macintosh,1.0,1.0,1.0,0.0,0.0,0.0
20260216,desktop,Firefox,Windows,1.0,1.0,0.0,10.911179,0.0,0.0
20260216,desktop,Meta Quest Browser,Linux,1.0,1.0,1.0,1.342892,0.0,0.0
20260216,tablet,Chrome,Android,1.0,1.0,0.0,83.868234,0.0,0.0
20260217,desktop,Chrome,Linux,1.0,1.0,1.0,0.0,0.0,0.0
20260217,desktop,Firefox,Linux,1.0,1.0,1.0,0.0,0.0,0.0
20260217,desktop,Firefox,Windows,1.0,1.0,0.0,15.474343,0.0,0.0
20260217,mobile,Firefox,Android,1.0,1.0,1.0,1.603582,0.0,0.0
20260217,tablet,Android Webview,Android,1.0,1.0,0.0,10.076896,0.0,0.0
20260217,tablet,Chrome,Android,1.0,1.0,1.0,8.042537,0.0,0.0
20260218,desktop,Firefox,Linux,1.0,1.0,0.0,13.475533,0.0,0.0
20260218,desktop,Meta Quest Browser,Linux,1.0,1.0,0.0,12.417476,0.0,0.0
20260218,desktop,Opera,Windows,1.0,1.0,1.0,0.0,0.0,0.0
20260218,mobile,(not set),iOS,1.0,1.0,1.0,0.0,0.0,0.0
20260218,tablet,Chrome,Android,1.0,1.0,0.0,42.259998,0.0,0.0
20260219,desktop,Meta Quest Browser,Linux,1.0,1.0,1.0,0.0,0.0,0.0
20260219,mobile,Opera,Android,1.0,1.0,0.0,44.027369,0.0,0.0
20260219,tablet,Android Webview,Android,1.0,1.0,0.0,12.867424,0.0,0.0
20260219,tablet,Chrome,Android,1.0,1.0,1.0,0.0,0.0,0.0
20260220,desktop,Firefox,Windows,1.0,1.0,1.0,0.0,0.0,0.0
20260220,desktop,Opera,Macintosh,1.0,1.0,0.0,1047.281613,0.0,0.0
20260220,desktop,Opera,Windows,1.0,1.0,0.0,954.620428,0.0,0.0
20260220,tablet,Chrome,Android,1.0,1.0,0.0,17.248806,0.0,0.0
20260220,tablet,Safari,iOS,1.0,1.0,1.0,7.269162,0.0,0.0
20260221,desktop,Opera,Windows,1.0,1.0,0.0,1100.843753,0.0,0.0
20260221,mobile,Firefox,Android,1.0,1.0,0.0,226.270784,0.0,0.0
20260221,tablet,Chrome,Android,1.0,1.0,0.0,30.802752,0.0,0.0
20260221,tablet,Safari,iOS,1.0,1.0,0.0,11.85194,0.0,0.0
20260222,desktop,Chrome,Linux,1.0,1.0,1.0,0.0,0.0,0.0
20260222,desktop,Meta Quest Browser,Linux,1.0,1.0,1.0,0.0,0.0,0.0
20260222,mobile,Android Runtime,Android,1.0,1.0,0.0,15.209286,0.0,0.0
20260222,mobile,Edge,Android,1.0,1.0,0.0,27.755634,0.0,0.0
20260222,tablet,Android Webview,Android,1.0,1.0,0.0,16.007925,0.0,0.0
20260222,tablet,Safari,iOS,1.0,1.0,1.0,0.0,0.0,0.0
20260223,desktop,Chrome,Chrome OS,1.0,1.0,0.0,23.168006,0.0,0.0
20260224,desktop,Meta Quest Browser,Linux,1.0,1.0,1.0,4.268547,0.0,0.0
20260224,desktop,Opera,Windows,1.0,1.0,1.0,2.433926,0.0,0.0
20260224,mobile,(not set),iOS,1.0,1.0,0.0,23.564048,0.0,0.0
20260224,tablet,Chrome,iOS,1.0,1.0,0.0,100.135507,0.0,0.0
20260225,desktop,Edge,Macintosh,1.0,1.0,0.0,63.309661,1.0,0.0
20260225,mobile,(not set),iOS,1.0,1.0,1.0,0.0,0.0,0.0
20260225,tablet,Chrome,Android,1.0,1.0,0.0,180.835224,0.0,0.0
20260226,desktop,Chrome,Linux,1.0,1.0,1.0,0.0,0.0,0.0
20260226,mobile,Edge,Android,1.0,1.0,0.0,1314.110547,0.0,0.0
20260226,mobile,Opera,Android,1.0,1.0,0.0,19.069612,0.0,0.0
20260227,mobile,Edge,Android,1.0,1.0,0.0,41.332661,0.0,0.0
20260227,mobile,Firefox,Android,1.0,1.0,1.0,1.228897,0.0,0.0
20260227,mobile,Opera,Android,1.0,1.0,0.0,24.556598,0.0,0.0
20260227,tablet,Chrome,iOS,1.0,1.0,1.0,5.222772,0.0,0.0
20260227,tablet,Safari,iOS,1.0,1.0,0.0,1376.418776,0.0,0.0
20260228,desktop,Firefox,Windows,1.0,1.0,0.0,145.993611,0.0,0.0
20260228,desktop,Opera,Windows,1.0,1.0,1.0,1.284196,0.0,0.0
20260228,mobile,Samsung Internet,Android,1.0,1.0,0.0,18.218873,0.0,0.0
20260228,tablet,Chrome,Android,1.0,1.0,1.0,3.465555,0.0,0.0
20260301,desktop,Opera,Windows,1.0,1.0,1.0,3.387079,0.0,0.0
20260301,desktop,Safari,Macintosh,1.0,1.0,0.0,133.728084,0.0,0.0
20260301,mobile,Opera,Android,1.0,1.0,0.0,14.345098,0.0,0.0
20260301,tablet,Chrome,Android,1.0,1.0,0.0,15.950967,0.0,0.0
20260302,desktop,Chrome,Chrome OS,1.0,1.0,1.0,0.0,0.0,0.0
20260303,desktop,Opera,Windows,1.0,1.0,0.0,20.406547,0.0,0.0
20260303,mobile,Edge,Android,1.0,1.0,1.0,0.0,0.0,0.0
20260303,mobile,Samsung Internet,Android,1.0,1.0,1.0,0.0,0.0,0.0
20260303,tablet,Chrome,Android,1.0,1.0,0.0,1529.899564,0.0,0.0
20260305,desktop,Firefox,Windows,1.0,1.0,1.0,0.001451,0.0,0.0
20260305,tablet,Safari,iOS,1.0,1.0,0.0,302.467576,0.0,0.0
20260306,desktop,Safari,Macintosh,1.0,1.0,1.0,0.908415,0.0,0.0
20260307,desktop,Opera,Windows,1.0,1.0,0.0,55.9723,0.0,0.0
20260307,desktop,Safari,Linux,1.0,1.0,1.0,0.0,0.0,0.0
20260307,tablet,Android Webview,Android,1.0,1.0,1.0,0.0,0.0,0.0
20260307,tablet,Safari,iOS,1.0,1.0,1.0,0.0,0.0,0.0
20260308,desktop,Opera,Macintosh,1.0,1.0,0.0,13.056509,0.0,0.0
20260308,desktop,Safari,Macintosh,1.0,1.0,1.0,0.0,0.0,0.0
20260308,tablet,Chrome,Android,1.0,1.0,1.0,0.0,0.0,0.0
20260308,tablet,Safari,iOS,1.0,1.0,1.0,0.0,0.0,0.0
20260309,desktop,Chrome,Chrome OS,1.0,1.0,0.0,128.098446,0.0,0.0
20260309,desktop,Chrome,Linux,1.0,1.0,1.0,6.914748,0.0,0.0
20260309,desktop,Firefox,Macintosh,1.0,1.0,0.0,17.663542,0.0,0.0
20260309,tablet,Safari,iOS,1.0,1.0,0.0,20.201904,0.0,0.0
20260310,desktop,Chrome,Chrome OS,1.0,1.0,1.0,0.0,0.0,0.0
20260310,desktop,Firefox,Windows,1.0,1.0,0.0,25.366713,0.0,0.0
20260311,desktop,Firefox,Macintosh,1.0,1.0,0.0,19.917448,0.0,0.0
20260311,desktop,Safari,Macintosh,1.0,1.0,0.0,110.179481,0.0,0.0
20260311,mobile,Edge,Android,1.0,1.0,0.0,307.158546,0.0,0.0
20260311,tablet,Android Webview,Android,1.0,1.0,0.0,51.13149,0.0,0.0
20260311,tablet,Chrome,Android,1.0,1.0,1.0,0.0,0.0,0.0
20260311,tablet,Safari,iOS,1.0,1.0,1.0,3.52256,0.0,0.0
20260312,desktop,Opera,Windows,1.0,1.0,0.0,60.494012,0.0,0.0
20260312,desktop,Safari,Macintosh,1.0,1.0,0.0,25.500789,0.0,0.0
20260312,mobile,Edge,Android,1.0,1.0,1.0,0.0,0.0,0.0
20260312,tablet,Chrome,iOS,1.0,1.0,1.0,5.194475,0.0,0.0
20260313,desktop,Safari,Macintosh,1.0,1.0,1.0,0.0,0.0,0.0
20260313,mobile,Firefox,Android,1.0,1.0,0.0,50.483851,0.0,0.0
20260313,tablet,Chrome,Android,1.0,1.0,1.0,0.0,0.0,0.0
20260314,desktop,Chrome,Linux,1.0,1.0,0.0,195.310399,0.0,0.0
20260314,mobile,Edge,Android,1.0,1.0,0.0,23.499932,0.0,0.0
20260314,tablet,Android Webview,Android,1.0,1.0,1.0,0.0,0.0,0.0
20260315,desktop,Opera,Windows,1.0,1.0,1.0,4.135874,0.0,0.0
20260315,desktop,Safari,Macintosh,1.0,1.0,1.0,8.174605,0.0,0.0
20260315,tablet,Chrome,Android,1.0,1.0,0.0,292.727099,0.0,0.0
20260315,tablet,Chrome,iOS,1.0,1.0,0.0,16.472492,0.0,0.0
20260315,tablet,Safari,iOS,1.0,1.0,0.0,16.856786,0.0,0.0
20260316,desktop,Firefox,Macintosh,1.0,1.0,0.0,865.206156,0.0,0.0
20260316,desktop,Firefox,Windows,1.0,1.0,1.0,0.0,0.0,0.0
20260316,tablet,Chrome,Android,1.0,1.0,0.0,64.307425,0.0,0.0
20260317,desktop,(not set),(not set),1.0,1.0,1.0,0.0,0.0,0.0
20260317,desktop,Chrome,Macintosh,1.0,1.0,0.0,301.516733,1.0,0.0
20260317,desktop,Firefox,Linux,1.0,1.0,1.0,1.617293,0.0,0.0
20260317,desktop,Safari,Macintosh,1.0,1.0,1.0,8.995305,0.0,0.0
20260318,desktop,Safari,Macintosh,1.0,1.0,0.0,14.157569,0.0,0.0
20260318,mobile,Edge,Android,1.0,1.0,0.0,42.142076,0.0,0.0
20260318,tablet,Safari,iOS,1.0,1.0,1.0,7.804225,0.0,0.0
20260319,desktop,Firefox,Linux,1.0,1.0,1.0,0.0,0.0,0.0
20260320,desktop,Chrome,Linux,1.0,1.0,0.0,207.632162,0.0,0.0
20260320,desktop,Opera,Windows,1.0,1.0,1.0,0.0,0.0,0.0
20260320,desktop,Samsung Internet,Linux,1.0,1.0,1.0,0.0,0.0,0.0
20260320,mobile,(not set),iOS,1.0,1.0,1.0,0.0,0.0,0.0
20260320,mobile,Firefox,Android,1.0,1.0,1.0,0.251634,0.0,0.0
20260320,tablet,Chrome,Android,1.0,1.0,1.0,0.0,0.0,0.0
20260322,desktop,Chrome,Macintosh,1.0,1.0,0.0,1007.480363,1.0,0.0
20260322,desktop,Firefox,Linux,1.0,1.0,1.0,1.739346,0.0,0.0
20260322,desktop,Firefox,Windows,1.0,1.0,1.0,0.0,0.0,0.0
20260322,desktop,Opera,Windows,1.0,1.0,1.0,3.938028,0.0,0.0
20260322,desktop,Safari,Macintosh,1.0,1.0,0.0,224.974016,0.0,0.0
20260322,tablet,Chrome,Android,1.0,1.0,0.0,840.815237,0.0,0.0
20260322,tablet,Safari (in-app),iOS,1.0,1.0,1.0,0.0,0.0,0.0
20260323,desktop,Firefox,Linux,1.0,1.0,1.0,3.955136,0.0,0.0
20260323,desktop,Opera,Macintosh,1.0,1.0,0.0,35.577691,0.0,0.0
20260323,mobile,Edge,Android,1.0,1.0,0.0,33.375315,0.0,0.0
20260323,tablet,Android Webview,Android,1.0,1.0,1.0,0.0,0.0,0.0
20260324,desktop,(not set),(not set),1.0,1.0,1.0,5.257182,0.0,0.0
20260324,desktop,Firefox,Linux,1.0,1.0,1.0,0.0,0.0,0.0
20260324,tablet,Safari,iOS,1.0,1.0,0.0,112.214132,0.0,0.0
20260325,desktop,Chrome,Chrome OS,1.0,1.0,1.0,6.282064,0.0,0.0
20260325,desktop,Opera,Macintosh,1.0,1.0,0.0,42.445309,0.0,0.0
20260325,desktop,Opera,Windows,1.0,1.0,1.0,5.424548,0.0,0.0
20260325,tablet,Android Webview,Android,1.0,1.0,1.0,0.0,0.0,0.0
20260325,tablet,Safari,iOS,1.0,1.0,1.0,0.0,0.0,0.0
20260326,desktop,Firefox,Windows,1.0,1.0,0.0,54.845463,0.0,0.0
20260326,desktop,Safari,Macintosh,1.0,1.0,0.0,16.02778,0.0,0.0
20260326,mobile,(not set),iOS,1.0,1.0,1.0,0.0,0.0,0.0
20260326,mobile,Safari (in-app),iOS,1.0,1.0,1.0,0.0,0.0,0.0
20260326,tablet,Chrome,iOS,1.0,1.0,0.0,186.970056,0.0,0.0
20260326,tablet,Safari,iOS,1.0,1.0,1.0,0.0,0.0,0.0
20260327,desktop,Firefox,Windows,1.0,1.0,1.0,3.47916,0.0,0.0
20260327,desktop,Opera,Windows,1.0,1.0,0.0,131.288423,0.0,0.0
20260327,mobile,(not set),iOS,1.0,1.0,1.0,2.008857,0.0,0.0
20260327,mobile,Edge,Android,1.0,1.0,1.0,0.0,0.0,0.0
20260327,mobile,Safari (in-app),iOS,1.0,1.0,0.0,270.476715,0.0,0.0
20260328,desktop,Edge,Windows,1.0,1.0,0.0,15.346236,0.0,0.0
20260328,desktop,Firefox,Windows,1.0,1.0,0.0,24.989127,0.0,0.0
20260328,desktop,Opera,Windows,1.0,1.0,0.0,143.008642,0.0,0.0
20260328,desktop,Safari,Macintosh,1.0,1.0,1.0,0.0,0.0,0.0
20260328,tablet,Android Webview,Android,1.0,1.0,0.0,427.562596,0.0,0.0
20260328,tablet,Safari,iOS,1.0,1.0,1.0,0.0,0.0,0.0
20260329,desktop,Chrome,Linux,1.0,1.0,1.0,0.0,0.0,0.0
20260329,desktop,Opera,Windows,1.0,1.0,0.0,22.456855,0.0,0.0
20260329,mobile,Edge,Android,1.0,1.0,0.0,28.763438,0.0,0.0
20260329,tablet,Android Webview,Android,1.0,1.0,0.0,58.517869,0.0,0.0
20260330,desktop,Chrome,Linux,1.0,1.0,1.0,6.309491,0.0,0.0
20260330,mobile,Edge,Android,1.0,1.0,1.0,0.0,0.0,0.0
20260330,mobile,Firefox,Android,1.0,1.0,1.0,7.711382,0.0,0.0
20260331,desktop,Samsung Internet,Linux,1.0,1.0,1.0,0.0,0.0,0.0
20260331,mobile,Edge,iOS,1.0,1.0,1.0,0.766975,0.0,0.0
20260331,mobile,Safari (in-app),iOS,1.0,1.0,1.0,0.0,0.0,0.0
20260331,tablet,Android Webview,Android,1.0,1.0,1.0,0.0,0.0,0.0
20260331,tablet,Safari,iOS,1.0,1.0,0.0,158.052058,0.0,0.0
20260401,desktop,Chrome,Linux,1.0,1.0,1.0,1.535677,0.0,0.0
20260401,desktop,Firefox,Windows,1.0,1.0,0.0,22.20357,0.0,0.0
20260401,desktop,Mozilla Compatible Agent,(not set),1.0,1.0,1.0,0.792567,0.0,0.0
20260401,desktop,Opera,Windows,1.0,1.0,0.0,1276.366164,0.0,0.0
20260402,desktop,Firefox,Windows,1.0,1.0,1.0,0.0,0.0,0.0
20260402,desktop,Opera,Windows,1.0,1.0,0.0,37.055494,0.0,0.0
20260402,desktop,Safari,Macintosh,1.0,1.0,1.0,1.3952,0.0,0.0
20260402,tablet,Android Webview,Android,1.0,1.0,1.0,0.0,0.0,0.0
20260402,tablet,Safari,iOS,1.0,1.0,0.0,21.689851,0.0,0.0
20260403,desktop,Chrome,Linux,1.0,1.0,0.0,14.8865,0.0,0.0
20260403,desktop,Opera,Windows,1.0,1.0,1.0,0.0,0.0,0.0
20260403,tablet,Safari,iOS,1.0,1.0,1.0,0.0,0.0,0.0
20260404,mobile,Edge,Android,1.0,1.0,1.0,0.0,0.0,0.0
20260404,mobile,Firefox,Android,1.0,1.0,0.0,20.839255,0.0,0.0
20260404,mobile,Safari (in-app),iOS,1.0,1.0,1.0,5.476861,0.0,0.0
20260405,desktop,Opera,Windows,1.0,1.0,1.0,2.980235,0.0,0.0
20260406,desktop,Chrome,Chrome OS,1.0,1.0,1.0,0.859096,0.0,0.0
20260406,desktop,Firefox,Macintosh,1.0,1.0,0.0,39.571633,0.0,0.0
20260406,desktop,Firefox,Windows,1.0,1.0,1.0,0.0,0.0,0.0
20260406,desktop,Safari,Macintosh,1.0,1.0,1.0,0.0,0.0,0.0
20260406,mobile,(not set),iOS,1.0,1.0,0.0,0.0,0.0,0.0
20260406,mobile,Opera,Android,1.0,1.0,1.0,0.978796,0.0,0.0
20260406,tablet,Android Webview,Android,1.0,1.0,1.0,0.0,0.0,0.0
20260407,desktop,Firefox,Linux,1.0,1.0,0.0,179.617065,0.0,0.0
20260407,desktop,Firefox,Macintosh,1.0,1.0,0.0,347.526375,0.0,0.0
20260407,desktop,Safari,Macintosh,1.0,1.0,1.0,7.111374,0.0,0.0
20260407,tablet,Safari,iOS,1.0,1.0,0.0,1369.364924,0.0,0.0
20260408,desktop,Firefox,Linux,1.0,1.0,0.0,763.423235,0.0,0.0
20260408,desktop,Firefox,Windows,1.0,1.0,0.0,88.109048,0.0,0.0
20260408,desktop,Safari,Macintosh,1.0,1.0,0.0,14.695966,0.0,0.0
20260408,mobile,Firefox,Android,1.0,1.0,1.0,0.0,0.0,0.0
20260408,mobile,Safari (in-app),iOS,1.0,1.0,1.0,0.0,0.0,0.0
20260409,desktop,Firefox,Linux,1.0,1.0,1.0,6.992193,0.0,0.0
20260409,tablet,Android Webview,Android,1.0,1.0,0.0,93.94538,0.0,0.0
20260409,tablet,Safari,iOS,1.0,1.0,0.0,38.223294,0.0,0.0
20260410,desktop,Edge,Macintosh,1.0,1.0,0.0,56.933936,0.0,0.0
20260410,desktop,Opera,Windows,1.0,1.0,0.0,598.083941,0.0,0.0
20260410,desktop,Safari,Macintosh,1.0,1.0,1.0,3.275515,0.0,0.0
20260410,mobile,Opera,Android,1.0,1.0,0.0,120.590763,1.0,0.0
20260410,tablet,Safari,iOS,1.0,1.0,1.0,9.384697,0.0,0.0
20260411,desktop,Safari,Macintosh,1.0,1.0,1.0,9.060632,0.0,0.0
20260411,mobile,Edge,Android,1.0,1.0,0.0,33.843442,0.0,0.0
20260411,mobile,Firefox,Android,1.0,1.0,1.0,0.0,0.0,0.0
20260411,tablet,Chrome,Android,1.0,1.0,1.0,7.1846,0.0,0.0
20260411,tablet,Safari,iOS,1.0,1.0,1.0,0.0,0.0,0.0
20260412,desktop,Chrome,Linux,1.0,1.0,1.0,0.0,0.0,0.0
20260412,desktop,Chrome,Macintosh,1.0,1.0,0.0,1241.079326,0.0,0.0
20260412,tablet,Chrome,Android,1.0,1.0,0.0,13.103583,0.0,0.0
20260412,tablet,Safari,iOS,1.0,1.0,0.0,364.811335,0.0,0.0
20260413,desktop,Firefox,Linux,1.0,1.0,1.0,0.0,0.0,0.0
20260413,mobile,Edge,Android,1.0,1.0,1.0,0.0,0.0,0.0
20260413,mobile,Firefox,Android,1.0,1.0,1.0,0.0,0.0,0.0
20260413,mobile,Samsung Internet,Android,1.0,1.0,1.0,0.0,0.0,0.0
20260414,desktop,Opera,Macintosh,1.0,1.0,1.0,1.367606,0.0,0.0
20260414,desktop,Safari,Macintosh,1.0,1.0,1.0,0.0,0.0,0.0
20260414,tablet,Android Webview,Android,1.0,1.0,1.0,0.0,0.0,0.0
20260415,desktop,Chrome,Chrome OS,1.0,1.0,1.0,2.424217,0.0,0.0
20260415,desktop,Chrome,Linux,1.0,1.0,1.0,0.0,0.0,0.0
20260415,desktop,Firefox,Linux,1.0,1.0,1.0,0.0,0.0,0.0
20260415,tablet,Android Webview,Android,1.0,1.0,1.0,0.0,0.0,0.0
20260415,tablet,Safari,iOS,1.0,1.0,0.0,87.042799,0.0,0.0
20260416,desktop,Firefox,Linux,1.0,1.0,1.0,1.009701,0.0,0.0
20260416,desktop,Firefox,Windows,1.0,1.0,0.0,14.808413,0.0,0.0
20260416,desktop,Opera,Windows,1.0,1.0,0.0,23.105769,0.0,0.0
20260416,mobile,(not set),iOS,1.0,1.0,1.0,8.565052,0.0,0.0
20260416,mobile,Edge,Android,1.0,1.0,0.0,45.619853,0.0,0.0
20260417,desktop,Edge,Linux,1.0,1.0,0.0,71.748768,0.0,0.0
20260417,desktop,Firefox,Windows,1.0,1.0,0.0,561.309331,0.0,0.0
20260417,desktop,Opera,Windows,1.0,1.0,1.0,0.0,0.0,0.0
20260417,desktop,Safari,Macintosh,1.0,1.0,1.0,7.782827,0.0,0.0
20260417,mobile,Safari (in-app),iOS,1.0,1.0,1.0,0.0,0.0,0.0
20260417,tablet,Android Webview,Android,1.0,1.0,1.0,0.0,0.0,0.0
20260417,tablet,Safari,iOS,1.0,1.0,0.0,659.910922,0.0,0.0
20260418,desktop,Firefox,Windows,1.0,1.0,1.0,0.0,0.0,0.0
20260418,mobile,Firefox,Android,1.0,1.0,1.0,0.0,0.0,0.0
20260418,tablet,Safari,iOS,1.0,1.0,0.0,61.95569,0.0,0.0
20260419,desktop,Samsung Internet,Linux,1.0,1.0,0.0,544.946461,0.0,0.0
20260419,mobile,Edge,Android,1.0,1.0,0.0,74.098939,0.0,0.0
20260419,tablet,Android Webview,Android,1.0,1.0,1.0,0.0,0.0,0.0
20260420,desktop,Chrome,Linux,1.0,1.0,0.0,17.505307,0.0,0.0
20260420,desktop,Firefox,Linux,1.0,1.0,1.0,0.0,0.0,0.0
20260420,mobile,Edge,Android,1.0,1.0,1.0,4.589551,0.0,0.0
20260420,mobile,Safari (in-app),iOS,1.0,1.0,1.0,0.0,0.0,0.0
20260420,tablet,Safari,iOS,1.0,1.0,0.0,275.089875,0.0,0.0
20260421,desktop,Meta Quest Browser,Linux,1.0,1.0,0.0,2063.111322,0.0,0.0
20260421,tablet,Chrome,Android,1.0,1.0,0.0,58.678801,0.0,0.0
20260421,tablet,Safari,iOS,1.0,1.0,1.0,0.0,0.0,0.0
20260422,desktop,Meta Quest Browser,Linux,1.0,1.0,0.0,13.641033,0.0,0.0
20260422,mobile,Firefox,Android,1.0,1.0,1.0,0.0,0.0,0.0
20260422,tablet,Android Webview,Android,1.0,1.0,1.0,0.0,0.0,0.0
20260423,desktop,Firefox,Macintosh,1.0,1.0,0.0,4382.087634,0.0,0.0
20260423,mobile,UC Browser,Android,1.0,1.0,1.0,0.0,0.0,0.0
20260423,tablet,Chrome,Android,1.0,1.0,0.0,1394.789774,0.0,0.0
20260424,desktop,Edge,Linux,1.0,1.0,0.0,33.097064,0.0,0.0
20260424,mobile,Edge,Android,1.0,1.0,0.0,69.870703,0.0,0.0
20260424,mobile,Opera,Android,1.0,1.0,1.0,0.0,0.0,0.0
20260424,tablet,Android Webview,Android,1.0,1.0,1.0,0.0,0.0,0.0
20260425,mobile,Edge,Android,1.0,1.0,0.0,25.386796,0.0,0.0
20260425,tablet,Safari,iOS,1.0,1.0,0.0,132.842048,0.0,0.0
20260426,desktop,Chrome,Chrome OS,1.0,1.0,0.0,23.154628,0.0,0.0
20260426,desktop,Chrome,Linux,1.0,1.0,1.0,2.849474,0.0,0.0
20260426,desktop,Firefox,Macintosh,1.0,1.0,0.0,115.238439,0.0,0.0
20260426,desktop,Firefox,Windows,1.0,1.0,0.0,13.412388,0.0,0.0
20260426,desktop,Opera,Windows,1.0,1.0,1.0,6.239087,0.0,0.0
20260426,mobile,Firefox,Android,1.0,1.0,0.0,790.6823,0.0,0.0
20260426,tablet,Safari,iOS,1.0,1.0,1.0,0.0,0.0,0.0
20260427,desktop,Chrome,Chrome OS,1.0,1.0,1.0,0.0,0.0,0.0
20260427,desktop,Firefox,Linux,1.0,1.0,0.0,166.683538,0.0,0.0
20260427,desktop,Firefox,Windows,1.0,1.0,1.0,3.272441,0.0,0.0
20260427,desktop,Opera,Macintosh,1.0,1.0,0.0,70.874733,0.0,0.0
20260427,desktop,Opera,Windows,1.0,1.0,0.0,1782.554117,0.0,0.0
20260427,mobile,Opera,Android,1.0,1.0,0.0,99.248142,0.0,0.0
20260427,mobile,Safari (in-app),iOS,1.0,1.0,1.0,7.460883,0.0,0.0
20260427,tablet,Chrome,Android,1.0,1.0,1.0,3.200258,0.0,0.0
20260427,tablet,Samsung Internet,Android,1.0,1.0,1.0,2.565404,0.0,0.0
20260428,desktop,Chrome,Chrome OS,1.0,1.0,1.0,5.409513,0.0,0.0
20260428,desktop,Samsung Internet,Linux,1.0,1.0,1.0,0.0,0.0,0.0
20260428,mobile,Safari (in-app),iOS,1.0,1.0,1.0,0.0,0.0,0.0
20260428,tablet,Safari,iOS,1.0,1.0,0.0,17.926177,0.0,0.0
20260429,desktop,Chrome,(not set),1.0,1.0,1.0,0.0,0.0,0.0
20260429,desktop,Opera,Windows,1.0,1.0,1.0,0.0,0.0,0.0
20260429,desktop,Samsung Internet,Linux,1.0,1.0,1.0,0.0,0.0,0.0
20260429,tablet,Android Webview,Android,1.0,1.0,1.0,0.0,0.0,0.0
20260429,tablet,Chrome,Android,1.0,1.0,0.0,79.690883,0.0,0.0
20260430,desktop,Chrome,Linux,1.0,1.0,1.0,0.905999,0.0,0.0
20260430,tablet,Chrome,Android,1.0,1.0,1.0,0.0,0.0,0.0
20260430,tablet,Chrome,iOS,1.0,1.0,0.0,19.473216,0.0,0.0
20260501,mobile,Android Runtime,Android,1.0,1.0,1.0,5.202748,0.0,0.0
20260501,mobile,Opera,Android,1.0,1.0,1.0,0.0,0.0,0.0
20260501,mobile,Safari (in-app),iOS,1.0,1.0,0.0,11.809411,0.0,0.0
20260502,desktop,Edge,Windows,1.0,1.0,0.0,222.192396,0.0,0.0
20260502,desktop,Samsung Internet,Linux,1.0,1.0,0.0,12.43374,0.0,0.0
20260502,mobile,Edge,Android,1.0,1.0,1.0,0.0,0.0,0.0
20260503,desktop,Opera,Windows,1.0,1.0,0.0,91.525906,0.0,0.0
20260504,mobile,Android Webview,Android,1.0,1.0,0.0,83.187235,0.0,0.0
20260505,tablet,Chrome,iOS,1.0,1.0,1.0,9.635837,0.0,0.0
20260506,desktop,Opera,Macintosh,1.0,1.0,1.0,5.118477,0.0,0.0
20260506,tablet,Safari,iOS,1.0,1.0,1.0,0.0,0.0,0.0
20260507,desktop,Chrome,Chrome OS,1.0,1.0,1.0,7.754238,0.0,0.0
20260507,desktop,Firefox,Windows,1.0,1.0,0.0,430.702795,0.0,0.0
20260507,desktop,Opera,Windows,1.0,1.0,0.0,39.119825,2.0,0.0
20260507,mobile,Safari (in-app),iOS,1.0,1.0,0.0,298.613921,0.0,0.0
20260508,desktop,Opera,Windows,1.0,1.0,0.0,96.879328,0.0,0.0
20260508,tablet,Chrome,Android,1.0,1.0,0.0,42.620601,0.0,0.0
20260509,desktop,Samsung Internet,Linux,1.0,1.0,1.0,1.467923,0.0,0.0
20260509,mobile,Edge,Android,1.0,1.0,0.0,67.220484,0.0,0.0
20260509,mobile,Opera,Android,1.0,1.0,0.0,85.118457,0.0,0.0
20260509,mobile,Safari (in-app),iOS,1.0,1.0,1.0,5.815647,0.0,0.0
20260509,tablet,Chrome,Android,1.0,1.0,1.0,0.0,0.0,0.0
20260509,tablet,Safari,iOS,1.0,1.0,0.0,23.1289,0.0,0.0
20260510,desktop,Firefox,Windows,1.0,1.0,1.0,1.397598,0.0,0.0
20260510,mobile,Firefox,Android,1.0,1.0,1.0,0.0,0.0,0.0
20260510,tablet,Safari,iOS,1.0,1.0,0.0,136.458433,0.0,0.0
20260511,desktop,Firefox,Linux,1.0,1.0,1.0,0.786197,0.0,0.0
20260511,desktop,Firefox,Macintosh,1.0,1.0,0.0,226.108566,0.0,0.0
20260511,mobile,Opera,Android,1.0,1.0,1.0,0.0,0.0,0.0
20260511,mobile,Safari (in-app),iOS,1.0,1.0,0.0,66.006274,0.0,0.0
20260511,tablet,Safari,iOS,1.0,1.0,0.0,130.661136,2.0,0.0
20260512,desktop,Chrome,Chrome OS,1.0,1.0,1.0,0.0,0.0,0.0
20260512,desktop,Firefox,Windows,1.0,1.0,0.0,597.287353,0.0,0.0
20260512,mobile,Opera,Android,1.0,1.0,0.0,10.267911,0.0,0.0
20260512,mobile,Safari (in-app),iOS,1.0,1.0,1.0,0.0,0.0,0.0
20260513,desktop,Chrome,Linux,1.0,1.0,0.0,13.53897,0.0,0.0
20260513,mobile,Edge,Android,1.0,1.0,0.0,21.031556,0.0,0.0
20260513,mobile,Safari (in-app),iOS,1.0,1.0,1.0,0.0,0.0,0.0
20260513,tablet,Android Webview,Android,1.0,1.0,1.0,0.0,0.0,0.0
20260514,desktop,Chrome,Linux,1.0,1.0,0.0,25.130877,0.0,0.0
20260514,desktop,Opera,Windows,1.0,1.0,1.0,2.87746,0.0,0.0
20260514,mobile,Edge,Android,1.0,1.0,1.0,0.0,0.0,0.0
20260514,mobile,Safari (in-app),iOS,1.0,1.0,1.0,4.793988,0.0,0.0
20260514,tablet,Android Webview,Android,1.0,1.0,0.0,37.377122,0.0,0.0
20260514,tablet,Chrome,Android,1.0,1.0,1.0,0.0,0.0,0.0
20260515,mobile,Firefox,Android,1.0,1.0,1.0,0.0,0.0,0.0
20260515,mobile,Safari (in-app),iOS,1.0,1.0,0.0,60.7738,0.0,0.0
20260515,tablet,Android Webview,Android,1.0,1.0,1.0,0.0,0.0,0.0
20260515,tablet,Chrome,Android,1.0,1.0,1.0,0.0,0.0,0.0
20260515,tablet,Safari,iOS,1.0,1.0,1.0,0.0,0.0,0.0
20260516,desktop,Edge,Linux,1.0,1.0,1.0,0.0,0.0,0.0
20260516,desktop,Firefox,Windows,1.0,1.0,0.0,1246.510258,1.0,0.0
20260516,mobile,Edge,Android,1.0,1.0,0.0,16.563855,0.0,0.0
20260516,mobile,Firefox,Android,1.0,1.0,1.0,0.0,0.0,0.0
20260516,mobile,Safari (in-app),iOS,1.0,1.0,1.0,0.0,0.0,0.0
20260516,tablet,Chrome,Android,1.0,1.0,0.0,16.767248,0.0,0.0
20260517,desktop,Chrome,Linux,1.0,1.0,0.0,1553.680749,0.0,0.0
20260517,desktop,Firefox,Linux,1.0,1.0,1.0,1.30281,0.0,0.0
20260517,mobile,Safari (in-app),iOS,1.0,1.0,1.0,0.0,0.0,0.0
20260517,tablet,Android Webview,Android,1.0,1.0,1.0,0.0,0.0,0.0
20260517,tablet,Chrome,Android,1.0,1.0,1.0,0.0,0.0,0.0
20260518,desktop,Opera,Windows,1.0,1.0,0.0,11.167893,0.0,0.0
20260518,desktop,Samsung Internet,Linux,1.0,1.0,1.0,0.0,0.0,0.0
20260518,mobile,Edge,Android,1.0,1.0,0.0,85.214005,1.0,0.0
20260518,tablet,Safari,iOS,1.0,1.0,1.0,0.0,0.0,0.0
20260518,tablet,Safari (in-app),iOS,1.0,1.0,1.0,0.0,0.0,0.0
20260519,desktop,Chrome,Linux,1.0,1.0,0.0,1253.060296,0.0,0.0
20260519,desktop,Firefox,Linux,1.0,1.0,0.0,59.596786,0.0,0.0
20260519,mobile,Edge,Android,1.0,1.0,1.0,0.0,0.0,0.0
20260519,tablet,Chrome,Android,1.0,1.0,1.0,5.363826,0.0,0.0
20260520,desktop,Chrome,Linux,1.0,1.0,0.0,846.083743,0.0,0.0
20260520,desktop,Firefox,Windows,1.0,1.0,1.0,3.133295,0.0,0.0
20260520,mobile,Firefox,Android,1.0,1.0,1.0,1.614811,0.0,0.0
20260520,mobile,Safari (in-app),iOS,1.0,1.0,1.0,6.854967,0.0,0.0
20260520,tablet,Chrome,Android,1.0,1.0,1.0,1.310051,0.0,0.0
20260521,desktop,Firefox,Linux,1.0,1.0,1.0,1.880833,0.0,0.0
20260521,desktop,Safari,Macintosh,1.0,1.0,1.0,0.0,0.0,0.0
20260521,tablet,Chrome,Android,1.0,1.0,1.0,0.0,0.0,0.0
20260522,desktop,Opera,Windows,1.0,1.0,1.0,0.0,0.0,0.0
20260522,tablet,Safari,iOS,1.0,1.0,1.0,0.0,0.0,0.0
20260523,desktop,Chrome,Linux,1.0,1.0,0.0,1613.040058,0.0,0.0
20260523,desktop,Firefox,Windows,1.0,1.0,0.0,49.824952,0.0,0.0
20260523,mobile,Firefox,Android,1.0,1.0,1.0,2.885937,0.0,0.0
20260524,desktop,Chrome,Macintosh,1.0,1.0,0.0,0.0,0.0,0.0
20260524,desktop,Firefox,Linux,1.0,1.0,0.0,0.0,0.0,0.0
20260524,desktop,Mozilla Compatible Agent,Macintosh,1.0,1.0,0.0,90.03551,0.0,0.0
20260524,desktop,Opera,Windows,1.0,1.0,0.0,40.700218,0.0,0.0
20260524,desktop,Safari,Macintosh,1.0,1.0,1.0,0.0,0.0,0.0
20260524,tablet,Safari,iOS,1.0,1.0,1.0,0.0,0.0,0.0
20260525,tablet,Android Webview,Android,1.0,1.0,0.0,25.31082,0.0,0.0
20260525,tablet,Safari,iOS,1.0,1.0,0.0,79.58382,0.0,0.0
20260526,desktop,Chrome,Chrome OS,1.0,1.0,1.0,2.076763,0.0,0.0
20260526,desktop,Firefox,Macintosh,1.0,1.0,0.0,17.35258,0.0,0.0
20260527,desktop,(not set),(not set),1.0,1.0,1.0,0.0,0.0,0.0
20260527,desktop,Chrome,Linux,1.0,1.0,0.0,22.949549,0.0,0.0
20260527,desktop,Samsung Internet,Linux,1.0,1.0,0.0,16.380392,0.0,0.0
20260527,mobile,(not set),iOS,1.0,1.0,0.0,24.026141,0.0,0.0
20260527,mobile,Edge,Android,1.0,1.0,0.0,14.318232,0.0,0.0
20260527,mobile,Firefox,Android,1.0,1.0,1.0,0.857793,0.0,0.0
20260527,tablet,Android Webview,Android,1.0,1.0,1.0,0.0,0.0,0.0
20260528,desktop,Firefox,Windows,1.0,1.0,0.0,378.131681,0.0,0.0
20260528,desktop,Opera,Windows,1.0,1.0,1.0,0.0,0.0,0.0
20260529,desktop,Chrome,Chrome OS,1.0,1.0,1.0,9.742683,0.0,0.0
20260529,desktop,Opera,Windows,1.0,1.0,1.0,2.195378,0.0,0.0
20260529,tablet,Android Webview,Android,1.0,1.0,1.0,0.0,0.0,0.0
20260529,tablet,Chrome,Android,1.0,1.0,0.0,48.772352,0.0,0.0
20260529,tablet,Safari,iOS,1.0,1.0,1.0,0.0,0.0,0.0
20260530,mobile,Edge,Android,1.0,1.0,0.0,53.357938,0.0,0.0
20260530,tablet,Android Webview,Android,1.0,1.0,1.0,0.0,0.0,0.0
20260530,tablet,Safari,iOS,1.0,1.0,1.0,0.0,0.0,0.0
20260531,desktop,Firefox,Windows,1.0,1.0,1.0,0.0,0.0,0.0
20260531,desktop,Safari,Macintosh,1.0,1.0,0.0,30.679755,0.0,0.0
20260531,tablet,Chrome,iOS,1.0,1.0,0.0,11.171319,0.0,0.0
20260601,desktop,Chrome,Linux,1.0,1.0,0.0,25.078979,0.0,0.0
20260601,desktop,Firefox,Linux,1.0,1.0,0.0,12.074819,0.0,0.0
20260601,mobile,Firefox,Android,1.0,1.0,1.0,0.0,0.0,0.0
20260601,mobile,Safari (in-app),iOS,1.0,1.0,1.0,0.0,0.0,0.0
20260601,tablet,Safari,iOS,1.0,1.0,1.0,0.0,0.0,0.0
20260602,mobile,Safari (in-app),iOS,1.0,1.0,1.0,0.0,0.0,0.0
20260602,tablet,Android Webview,Android,1.0,1.0,0.0,21.557429,0.0,0.0
20260602,tablet,Chrome,Android,1.0,1.0,1.0,0.0,0.0,0.0
20260603,desktop,Chrome,Chrome OS,1.0,1.0,1.0,0.0,0.0,0.0
20260603,desktop,Firefox,Windows,1.0,1.0,0.0,94.207389,0.0,0.0
20260603,desktop,Safari,Macintosh,1.0,1.0,1.0,0.0,0.0,0.0
20260603,tablet,Safari,iOS,1.0,1.0,1.0,0.0,0.0,0.0
20260604,desktop,Opera,Windows,1.0,1.0,1.0,5.367531,0.0,0.0
20260604,mobile,Firefox,Android,1.0,1.0,1.0,0.349124,0.0,0.0
20260604,tablet,Android Webview,Android,1.0,1.0,1.0,0.0,0.0,0.0
20260605,desktop,Firefox,Linux,1.0,1.0,0.0,513.312436,0.0,0.0
20260605,desktop,Firefox,Windows,1.0,1.0,0.0,2618.176647,0.0,0.0
20260605,mobile,Edge,Android,1.0,1.0,1.0,0.0,0.0,0.0
20260605,mobile,Firefox,Android,1.0,1.0,1.0,6.440873,0.0,0.0
20260605,mobile,Safari (in-app),iOS,1.0,1.0,0.0,290.351638,0.0,0.0
20260605,tablet,Android Webview,Android,1.0,1.0,1.0,0.0,0.0,0.0
20260606,desktop,Opera,Windows,1.0,1.0,1.0,6.254231,0.0,0.0
20260606,desktop,Safari,Macintosh,1.0,1.0,1.0,0.0,0.0,0.0
20260606,tablet,Safari,iOS,1.0,1.0,0.0,17.017017,0.0,0.0
20260607,desktop,Samsung Internet,Linux,1.0,1.0,1.0,8.709092,0.0,0.0
20260607,tablet,Safari,iOS,1.0,1.0,1.0,5.219192,0.0,0.0
20260608,tablet,Android Webview,Android,1.0,1.0,1.0,0.0,0.0,0.0
20260609,desktop,Firefox,Macintosh,1.0,1.0,0.0,390.137531,0.0,0.0
20260609,desktop,Opera,Windows,1.0,1.0,0.0,509.503092,0.0,0.0
20260609,mobile,Amazon Silk,Android,1.0,1.0,0.0,122.275694,0.0,0.0
20260609,tablet,Chrome,Android,1.0,1.0,1.0,0.0,0.0,0.0
20260610,tablet,Chrome,Android,1.0,1.0,0.0,10.334804,0.0,0.0
20260610,tablet,Chrome,iOS,1.0,1.0,0.0,11.625429,1.0,0.0
20260610,tablet,Safari,iOS,1.0,1.0,0.0,17.844451,1.0,0.0
20260611,desktop,Chrome,Macintosh,1.0,1.0,1.0,0.0,0.0,0.0
20260611,mobile,Amazon Silk,Android,1.0,1.0,0.0,82.296505,0.0,0.0
20260611,tablet,Chrome,Android,1.0,1.0,0.0,701.307521,3.0,0.0
20260611,tablet,Safari (in-app),iOS,1.0,1.0,1.0,0.0,0.0,0.0
20260612,desktop,Mozilla Compatible Agent,Windows,1.0,1.0,0.0,28.911346,0.0,0.0
20260612,mobile,Edge,Android,1.0,1.0,0.0,100.012959,0.0,0.0
20260613,desktop,Firefox,Linux,1.0,1.0,1.0,5.040964,0.0,0.0
20260613,desktop,Firefox,Windows,1.0,1.0,0.0,15.406705,0.0,0.0
20260613,mobile,Samsung Internet,Android,1.0,1.0,1.0,0.0,0.0,0.0
20260613,tablet,Chrome,iOS,1.0,1.0,0.0,138.059483,0.0,0.0
20260614,desktop,Firefox,Linux,1.0,1.0,0.0,76.636964,0.0,0.0
20260614,desktop,Opera,Windows,1.0,1.0,0.0,549.943574,0.0,0.0
20260614,desktop,Safari,Macintosh,1.0,1.0,0.0,23.286403,0.0,0.0
20260615,desktop,Opera,Windows,1.0,1.0,1.0,9.221144,0.0,0.0
20260617,tablet,Safari,iOS,1.0,1.0,0.0,401.017323,0.0,0.0
20260618,desktop,Firefox,Macintosh,1.0,1.0,0.0,55.345164,0.0,0.0
20260618,tablet,Chrome,Android,1.0,1.0,1.0,0.0,0.0,0.0
20260619,desktop,Firefox,Linux,1.0,1.0,0.0,1342.849186,0.0,0.0
20260619,desktop,Safari,Macintosh,1.0,1.0,0.0,113.241478,0.0,0.0
20260620,desktop,Chrome,Linux,1.0,1.0,0.0,11.721017,0.0,0.0
20260620,desktop,Firefox,Linux,1.0,1.0,0.0,232.686379,0.0,0.0
20260620,desktop,Firefox,Windows,1.0,1.0,1.0,6.456849,0.0,0.0
20260620,desktop,Safari,Macintosh,1.0,1.0,0.0,43.168704,0.0,0.0
20260620,mobile,Edge,Android,1.0,1.0,0.0,66.944011,0.0,0.0
20260621,desktop,Chrome,Chrome OS,1.0,1.0,0.0,10.435619,0.0,0.0
20260621,desktop,Safari,Macintosh,1.0,1.0,0.0,12.264241,0.0,0.0
20260622,desktop,Firefox,Macintosh,1.0,1.0,0.0,2781.946802,0.0,0.0
20260623,desktop,Chrome,Chrome OS,1.0,1.0,1.0,0.0,0.0,0.0
20260623,desktop,Opera,Macintosh,1.0,1.0,1.0,7.37261,0.0,0.0
20260623,desktop,Opera,Windows,1.0,1.0,0.0,49.447205,0.0,0.0
20260624,desktop,Chrome,Linux,1.0,1.0,1.0,0.0,0.0,0.0
20260624,desktop,Firefox,Macintosh,1.0,1.0,1.0,1.295718,0.0,0.0
20260624,desktop,Opera,Windows,1.0,1.0,1.0,9.798762,0.0,0.0
20260624,desktop,Safari,Macintosh,1.0,1.0,0.0,95.636262,0.0,0.0
20260624,mobile,Edge,Android,1.0,1.0,1.0,0.0,0.0,0.0
20260624,tablet,Safari,iOS,1.0,1.0,0.0,34.534569,0.0,0.0
20260625,desktop,Chrome,Chrome OS,1.0,1.0,1.0,7.599363,0.0,0.0
20260625,desktop,Firefox,Linux,1.0,1.0,0.0,868.773711,0.0,0.0
20260625,desktop,Samsung Internet,Linux,1.0,1.0,1.0,0.0,0.0,0.0
20260625,mobile,(not set),iOS,1.0,1.0,0.0,5.225018,0.0,0.0
20260625,mobile,Edge,Android,1.0,1.0,0.0,33.092561,0.0,0.0
20260626,desktop,Safari,Macintosh,1.0,1.0,0.0,159.169397,0.0,0.0
20260626,mobile,Samsung Internet,Android,1.0,1.0,1.0,7.945562,0.0,0.0
20260627,desktop,Firefox,Windows,1.0,1.0,1.0,1.852846,0.0,0.0
20260627,desktop,Mozilla Compatible Agent,Macintosh,1.0,1.0,1.0,0.0,0.0,0.0
20260627,desktop,Opera,Windows,1.0,1.0,1.0,0.0,0.0,0.0
20260627,mobile,Firefox,Android,1.0,1.0,1.0,1.687142,0.0,0.0
20260627,mobile,Opera,Android,1.0,1.0,1.0,0.0,0.0,0.0
20260627,mobile,Samsung Internet,Tizen,1.0,1.0,0.0,122.611,0.0,0.0
20260627,tablet,Safari,iOS,1.0,1.0,1.0,0.0,0.0,0.0
20260628,desktop,Firefox,Windows,1.0,1.0,0.0,21.853681,0.0,0.0
20260628,desktop,Mozilla Compatible Agent,Macintosh,1.0,1.0,0.0,18.568234,1.0,0.0
20260628,desktop,Safari,Macintosh,1.0,1.0,1.0,0.0,0.0,0.0
20260628,mobile,Edge,Android,1.0,1.0,1.0,0.0,0.0,0.0
20260628,mobile,Firefox,Android,1.0,1.0,0.0,34.179375,0.0,0.0
20260629,desktop,Chrome,Android,1.0,1.0,1.0,6.310866,0.0,0.0
20260629,desktop,Chrome,Linux,1.0,1.0,1.0,9.211985,0.0,0.0
20260629,desktop,Firefox,Windows,1.0,1.0,0.0,57.925863,0.0,0.0
20260629,desktop,Safari,Macintosh,1.0,1.0,0.0,28.84567,0.0,0.0
20260629,mobile,Edge,Android,1.0,1.0,1.0,6.820007,0.0,0.0
20260630,desktop,Chrome,Linux,1.0,1.0,0.0,94.896464,0.0,0.0
20260630,desktop,Safari,Macintosh,1.0,1.0,0.0,14.267167,0.0,0.0
20260701,mobile,Edge,Android,1.0,1.0,0.0,19.351124,0.0,0.0
20260701,tablet,Chrome,Android,1.0,1.0,1.0,4.560908,0.0,0.0
20260703,desktop,Opera,Macintosh,1.0,1.0,0.0,632.108363,0.0,0.0
20260703,desktop,Safari,Macintosh,1.0,1.0,0.0,200.001026,0.0,0.0
20260703,tablet,Android Webview,Android,1.0,1.0,0.0,14.702996,0.0,0.0
20260704,desktop,Firefox,Windows,1.0,1.0,0.0,61.69231,0.0,0.0
20260704,mobile,Edge,Android,1.0,1.0,1.0,0.0,0.0,0.0
20260705,desktop,Chrome,Chrome OS,1.0,1.0,0.0,224.499654,0.0,0.0
20260705,desktop,Chrome,Linux,1.0,1.0,1.0,0.0,0.0,0.0
20260705,desktop,Firefox,Windows,1.0,1.0,0.0,10.449784,0.0,0.0
20260705,tablet,Android Webview,Android,1.0,1.0,0.0,113.499609,0.0,0.0
20260705,tablet,Chrome,iOS,1.0,1.0,1.0,0.0,0.0,0.0
20260706,desktop,Firefox,Linux,1.0,1.0,1.0,4.356437,0.0,0.0
20260706,desktop,Firefox,Macintosh,1.0,1.0,1.0,0.889885,0.0,0.0
20260706,desktop,Opera,Windows,1.0,1.0,0.0,36.524426,0.0,0.0
20260706,desktop,Safari,Macintosh,1.0,1.0,1.0,1.933077,0.0,0.0
20260706,mobile,UC Browser,Android,1.0,1.0,1.0,0.0,0.0,0.0
20260707,desktop,Chrome,Chrome OS,1.0,1.0,1.0,6.66346,0.0,0.0
20260708,desktop,Chrome,Linux,1.0,1.0,1.0,0.0,0.0,0.0
20260709,desktop,Chrome,Chrome OS,1.0,1.0,0.0,10.302435,0.0,0.0
20260709,desktop,Firefox,Windows,1.0,1.0,0.0,63.13526,0.0,0.0
20260709,desktop,Opera,Windows,1.0,1.0,1.0,3.246423,0.0,0.0
20260709,mobile,Edge,Android,1.0,1.0,0.0,61.356933,0.0,0.0
20260709,tablet,Chrome,Android,1.0,1.0,1.0,0.0,0.0,0.0
20260710,desktop,Safari,Linux,1.0,1.0,1.0,0.0,0.0,0.0
20260710,tablet,Chrome,Android,1.0,1.0,1.0,0.0,0.0,0.0
20260711,desktop,Chrome,Linux,1.0,1.0,1.0,0.0,0.0,0.0
20260711,mobile,Edge,Android,1.0,1.0,0.0,27.814625,0.0,0.0
20260711,mobile,Firefox,Android,1.0,1.0,1.0,0.225907,0.0,0.0
20260711,mobile,YaBrowser,iOS,1.0,1.0,1.0,0.0,0.0,0.0
20260711,tablet,Android Webview,Android,1.0,1.0,1.0,0.0,0.0,0.0
20260712,desktop,Chrome,Macintosh,1.0,1.0,0.0,1390.724702,0.0,0.0
20260712,mobile,YaBrowser,iOS,1.0,1.0,0.0,26.076052,0.0,0.0
20260712,tablet,Chrome,Android,1.0,1.0,1.0,0.0,0.0,0.0
20260713,desktop,Chrome,Linux,1.0,1.0,1.0,1.925636,0.0,0.0
20260713,desktop,Safari,Linux,1.0,1.0,1.0,0.0,0.0,0.0
20260714,desktop,Chrome,Linux,1.0,1.0,0.0,24.63431,0.0,0.0
20260714,desktop,Safari,Macintosh,1.0,1.0,0.0,49.183854,0.0,0.0
20260714,mobile,Edge,Android,1.0,1.0,0.0,18.911804,0.0,0.0
20260715,desktop,Firefox,Linux,1.0,1.0,0.0,76.83182,0.0,0.0
20260715,desktop,Opera,Windows,1.0,1.0,0.0,200.262032,1.0,0.0
20260715,mobile,Android Runtime,Android,1.0,1.0,1.0,0.0,0.0,0.0
20260716,desktop,Chrome,Chrome OS,1.0,1.0,1.0,0.0,0.0,0.0
20260716,desktop,Firefox,Windows,1.0,1.0,1.0,0.0,0.0,0.0
20260716,mobile,Edge,Android,1.0,1.0,1.0,1.661066,0.0,0.0
20260716,mobile,Firefox,Android,1.0,1.0,0.0,20.248398,0.0,0.0
20260716,mobile,Opera,Android,1.0,1.0,1.0,0.0,0.0,0.0
20260716,tablet,Chrome,Android,1.0,1.0,1.0,0.0,0.0,0.0
20260717,desktop,Edge,Macintosh,1.0,1.0,1.0,0.819497,0.0,0.0
20260717,desktop,Opera,Windows,1.0,1.0,0.0,543.907389,0.0,0.0
20260717,desktop,Safari,Macintosh,1.0,1.0,0.0,87.857461,0.0,0.0
20260718,desktop,Chrome,Linux,1.0,1.0,0.0,36.361257,0.0,0.0
20260718,desktop,Chrome,Macintosh,1.0,1.0,1.0,0.0,0.0,0.0
20260719,desktop,Chrome,Linux,1.0,1.0,1.0,5.514921,0.0,0.0
20260719,desktop,Firefox,Windows,1.0,1.0,0.0,10.694393,0.0,0.0
20260719,mobile,Firefox,Android,1.0,1.0,0.0,105.795078,0.0,0.0
20260719,tablet,Chrome,Android,1.0,1.0,1.0,0.0,0.0,0.0
20260720,desktop,Opera,Windows,1.0,1.0,0.0,53.339756,0.0,0.0
20260720,mobile,Edge,Android,1.0,1.0,0.0,27.697575,0.0,0.0
20260720,mobile,Firefox,Android,1.0,1.0,1.0,5.017134,0.0,0.0
20260721,desktop,Firefox,Macintosh,1.0,1.0,1.0,1.659153,0.0,0.0
20260722,desktop,Chrome,Linux,1.0,1.0,0.0,1.781119,0.0,0.0
20260723,desktop,Chrome,Linux,1.0,1.0,0.0,43.716865,0.0,0.0
20260723,desktop,Firefox,Macintosh,1.0,1.0,0.0,18.062267,0.0,0.0
20260723,tablet,Safari,iOS,1.0,1.0,0.0,161.869331,0.0,0.0
20260724,desktop,Chrome,Linux,1.0,1.0,1.0,0.0,0.0,0.0
20260724,mobile,Edge,Android,1.0,1.0,1.0,5.389412,0.0,0.0
20260725,desktop,Chrome,Linux,1.0,1.0,0.0,16.337548,0.0,0.0
20260725,desktop,Chrome,Macintosh,1.0,1.0,0.0,16.150953,0.0,0.0
20260725,desktop,Mozilla Compatible Agent,Macintosh,1.0,1.0,1.0,0.0,0.0,0.0
20260725,desktop,Samsung Internet,Linux,1.0,1.0,1.0,0.0,0.0,0.0
20260725,mobile,Edge,Android,1.0,1.0,0.0,16.983439,0.0,0.0
20260725,mobile,Firefox,Android,1.0,1.0,1.0,0.0,0.0,0.0
20260726,desktop,Chrome,Macintosh,1.0,1.0,0.0,41.505835,0.0,0.0
20260726,desktop,Firefox,Windows,1.0,1.0,1.0,0.0,0.0,0.0
20260726,desktop,Safari,Macintosh,1.0,1.0,0.0,36.6509,0.0,0.0
20260726,mobile,Edge,Android,1.0,1.0,1.0,0.0,0.0,0.0
20260726,mobile,Firefox,Android,1.0,1.0,1.0,4.804655,0.0,0.0
20260726,tablet,Chrome,Android,1.0,1.0,1.0,4.763567,0.0,0.0
20260727,desktop,Chrome,Macintosh,1.0,1.0,0.0,79.909508,0.0,0.0
20260727,desktop,Opera,Windows,1.0,1.0,0.0,28.226167,0.0,0.0
20260727,mobile,Opera,Android,1.0,1.0,1.0,0.0,0.0,0.0
20260727,tablet,Safari,iOS,1.0,1.0,0.0,155.583377,0.0,0.0
20260730,desktop,Chrome,Chrome OS,1.0,1.0,0.0,18.957749,0.0,0.0
20260730,desktop,Firefox,Linux,1.0,1.0,0.0,73.166189,0.0,0.0
20260730,desktop,Safari,Macintosh,1.0,1.0,0.0,246.413821,0.0,0.0
20260730,mobile,Opera,Android,1.0,1.0,1.0,7.582091,0.0,0.0
20260730,tablet,Chrome,Android,1.0,1.0,0.0,107.520711,0.0,0.0
20260731,desktop,Firefox,Linux,1.0,1.0,1.0,5.865495,0.0,0.0
20260731,desktop,Opera,Windows,1.0,1.0,0.0,77.343053,0.0,0.0
20260731,desktop,Safari,Macintosh,1.0,1.0,1.0,3.720862,0.0,0.0
20260731,mobile,Edge,Android,1.0,1.0,0.0,12.922176,0.0,0.0
20260731,mobile,Firefox,Android,1.0,1.0,0.0,1114.406985,0.0,0.0
20260801,desktop,Safari,Macintosh,1.0,1.0,0.0,33.706391,0.0,0.0
20260801,mobile,Firefox,Android,1.0,1.0,0.0,13.592384,0.0,0.0
20260802,desktop,Chrome,Linux,1.0,1.0,1.0,7.929175,0.0,0.0
20260802,desktop,Mozilla Compatible Agent,Macintosh,1.0,1.0,1.0,0.0,0.0,0.0
20260802,tablet,Safari,iOS,1.0,1.0,1.0,0.0,0.0,0.0
20260803,desktop,Firefox,Windows,1.0,1.0,0.0,1392.198485,0.0,0.0
20260804,desktop,Chrome,Chrome OS,1.0,1.0,0.0,32.031811,0.0,0.0
20260804,mobile,Firefox,Android,1.0,1.0,0.0,22.246973,0.0,0.0
20260804,tablet,Chrome,iOS,1.0,1.0,1.0,1.544562,0.0,0.0
20260804,tablet,Safari,iOS,1.0,1.0,0.0,24.619934,0.0,0.0
20260805,desktop,Firefox,Windows,1.0,1.0,0.0,20.194829,0.0,0.0
20260805,desktop,Opera,Windows,1.0,1.0,0.0,14.600807,0.0,0.0
20260805,mobile,Firefox,Android,1.0,1.0,1.0,9.277843,0.0,0.0
20260806,desktop,Firefox,Macintosh,1.0,1.0,0.0,119.683048,0.0,0.0
20260807,desktop,Chrome,Chrome OS,1.0,1.0,1.0,0.0,0.0,0.0
20260807,desktop,Mozilla Compatible Agent,Macintosh,1.0,1.0,1.0,0.0,0.0,0.0
20260807,desktop,Opera,Windows,1.0,1.0,1.0,0.0,0.0,0.0
20260807,desktop,Safari,Macintosh,1.0,1.0,1.0,0.0,0.0,0.0
20260807,mobile,Android Runtime,Android,1.0,1.0,1.0,6.168035,0.0,0.0
20260807,tablet,Chrome,Android,1.0,1.0,0.0,12.724627,0.0,0.0
20260808,desktop,Firefox,Macintosh,1.0,1.0,1.0,0.0,0.0,0.0
20260808,desktop,Firefox,Windows,1.0,1.0,1.0,0.0,0.0,0.0
20260808,desktop,Samsung Internet,Linux,1.0,1.0,0.0,77.370386,0.0,0.0
20260808,mobile,Edge,Android,1.0,1.0,0.0,57.481122,0.0,0.0
20260808,tablet,Safari,iOS,1.0,1.0,1.0,0.0,0.0,0.0
20260809,desktop,Samsung Internet,Linux,1.0,1.0,1.0,7.760703,0.0,0.0
20260809,mobile,Android Runtime,Android,1.0,1.0,1.0,9.252851,0.0,0.0
20260809,mobile,Edge,Android,1.0,1.0,1.0,0.0,0.0,0.0
20260809,tablet,Safari,iOS,1.0,1.0,0.0,431.407959,0.0,0.0
20260810,desktop,Chrome,Chrome OS,1.0,1.0,1.0,0.0,0.0,0.0
20260810,desktop,Firefox,Windows,1.0,1.0,0.0,15.019439,0.0,0.0
20260810,desktop,Mozilla Compatible Agent,Macintosh,1.0,1.0,1.0,6.547549,0.0,0.0
20260810,desktop,Opera,Windows,1.0,1.0,1.0,0.0,0.0,0.0
20260810,desktop,Safari,Macintosh,1.0,1.0,1.0,6.61961,0.0,0.0
20260810,mobile,Opera,Android,1.0,1.0,0.0,31.869747,0.0,0.0
20260811,desktop,Firefox,Linux,1.0,1.0,1.0,0.0,0.0,0.0
20260811,desktop,Mozilla Compatible Agent,Macintosh,1.0,1.0,1.0,0.0,0.0,0.0
20260811,mobile,Android Runtime,Android,1.0,1.0,1.0,5.685422,0.0,0.0
20260811,mobile,Firefox,Android,1.0,1.0,1.0,0.0,0.0,0.0
20260811,tablet,Chrome,Android,1.0,1.0,1.0,0.0,0.0,0.0
20260812,desktop,Firefox,Linux,1.0,1.0,1.0,5.924511,0.0,0.0
20260812,desktop,Firefox,Windows,1.0,1.0,0.0,56.975089,0.0,0.0
20260812,tablet,Safari,iOS,1.0,1.0,0.0,105.47139,0.0,0.0
20260813,desktop,Chrome,Chrome OS,1.0,1.0,0.0,50.6248,0.0,0.0
20260813,desktop,Firefox,Windows,1.0,1.0,1.0,0.0,0.0,0.0
20260813,mobile,Chrome,Windows,1.0,1.0,0.0,29.920724,1.0,0.0
20260813,tablet,Chrome,Android,1.0,1.0,1.0,9.414468,0.0,0.0
20260814,desktop,Mozilla Compatible Agent,Macintosh,1.0,1.0,1.0,0.0,0.0,0.0
20260814,mobile,Samsung Internet,Tizen,1.0,1.0,0.0,202.613696,0.0,0.0
20260814,tablet,Android Webview,Android,1.0,1.0,0.0,273.577536,0.0,0.0
20260814,tablet,Safari,iOS,1.0,1.0,0.0,204.321577,0.0,0.0
20260815,desktop,Firefox,Windows,1.0,1.0,1.0,0.0,0.0,0.0
20260815,mobile,Android Webview,Android,1.0,1.0,1.0,5.754613,0.0,0.0
20260816,desktop,Chrome,Chrome OS,1.0,1.0,1.0,7.51719,0.0,0.0
20260816,desktop,Firefox,Linux,1.0,1.0,1.0,1.439136,0.0,0.0
20260816,desktop,Safari,Macintosh,1.0,1.0,1.0,3.474261,0.0,0.0
20260816,mobile,Edge,Android,1.0,1.0,1.0,0.0,0.0,0.0
20260816,tablet,Chrome,iOS,1.0,1.0,0.0,27.977295,0.0,0.0
20260816,tablet,Safari,iOS,1.0,1.0,0.0,151.765758,0.0,0.0
20260817,desktop,Chrome,Chrome OS,1.0,1.0,1.0,6.104958,0.0,0.0
20260817,mobile,Edge,Android,1.0,1.0,1.0,0.0,0.0,0.0
20260817,mobile,Firefox,Android,1.0,1.0,0.0,15.015931,0.0,0.0
20260818,desktop,Firefox,Linux,1.0,1.0,1.0,0.0,0.0,0.0
20260818,desktop,Meta Quest Browser,Linux,1.0,1.0,0.0,55.974123,0.0,0.0
20260818,desktop,Opera,Macintosh,1.0,1.0,0.0,778.669774,0.0,0.0
20260818,desktop,Opera,Windows,1.0,1.0,0.0,19.639031,0.0,0.0
20260818,desktop,Safari,Macintosh,1.0,1.0,0.0,59.788563,0.0,0.0
20260819,desktop,Firefox,Linux,1.0,1.0,0.0,394.005776,0.0,0.0
20260819,desktop,Opera,Windows,1.0,1.0,1.0,0.0,0.0,0.0
20260819,mobile,Edge,Android,1.0,1.0,0.0,21.0926,0.0,0.0
20260820,mobile,Edge,Android,1.0,1.0,0.0,56.77777,0.0,0.0
20260820,mobile,Firefox,Android,1.0,1.0,0.0,854.101961,0.0,0.0
20260820,tablet,Chrome,Android,1.0,1.0,1.0,0.0,0.0,0.0
20260821,desktop,Firefox,Linux,1.0,1.0,0.0,18.56277,0.0,0.0
20260823,mobile,Samsung Internet,Android,1.0,1.0,0.0,1.800375,0.0,0.0
20260823,tablet,Chrome,Android,1.0,1.0,1.0,0.0,0.0,0.0
20260823,tablet,Safari,iOS,1.0,1.0,0.0,90.905868,0.0,0.0
20260824,desktop,Chrome,Chrome OS,1.0,1.0,0.0,281.965932,0.0,0.0
20260824,desktop,Firefox,Windows,1.0,1.0,0.0,24.909374,0.0,0.0
20260824,desktop,Safari,Macintosh,1.0,1.0,0.0,43.345201,0.0,0.0
20260824,mobile,Android Runtime,Android,1.0,1.0,1.0,0.0,0.0,0.0
20260824,tablet,Chrome,Android,1.0,1.0,0.0,16.036027,0.0,0.0
20260825,desktop,Chrome,Linux,1.0,1.0,0.0,3.952098,0.0,0.0
20260825,desktop,Firefox,Linux,1.0,1.0,0.0,16.680546,0.0,0.0
20260825,mobile,Edge,Android,1.0,1.0,1.0,5.753075,0.0,0.0
20260825,tablet,Safari,iOS,1.0,1.0,0.0,163.738621,0.0,0.0
20260826,desktop,Firefox,Windows,1.0,1.0,1.0,0.0,0.0,0.0
20260826,desktop,Opera,Windows,1.0,1.0,0.0,80.050968,0.0,0.0
20260826,desktop,Safari,Macintosh,1.0,1.0,1.0,1.365115,0.0,0.0
20260826,mobile,Samsung Internet,Android,1.0,1.0,0.0,139.073651,0.0,0.0
20260826,tablet,Chrome,Android,1.0,1.0,0.0,7.695973,0.0,0.0
20260827,desktop,Firefox,Windows,1.0,1.0,0.0,42.727799,0.0,0.0
20260827,tablet,Android Webview,Android,1.0,1.0,0.0,25.917228,0.0,0.0
20260827,tablet,Chrome,Android,1.0,1.0,0.0,1791.387464,0.0,0.0
20260828,desktop,Firefox,Linux,1.0,1.0,1.0,0.0,0.0,0.0
20260829,desktop,Chrome,Chrome OS,1.0,1.0,0.0,21.054545,0.0,0.0
20260829,desktop,Chrome,Linux,1.0,1.0,1.0,5.654576,0.0,0.0
20260829,mobile,Samsung Internet,Android,1.0,1.0,0.0,116.547304,0.0,0.0
20260830,desktop,Firefox,Windows,1.0,1.0,0.0,17.219848,0.0,0.0
20260830,desktop,Opera,Windows,1.0,1.0,0.0,80.979956,0.0,0.0
20260830,tablet,Chrome,Android,1.0,1.0,0.0,22.843337,0.0,0.0
20260830,tablet,Chrome,iOS,1.0,1.0,1.0,0.0,0.0,0.0
20260830,tablet,Safari,iOS,1.0,1.0,1.0,0.0,0.0,0.0
20260831,desktop,Chrome,Chrome OS,1.0,1.0,1.0,1.514217,0.0,0.0
20260831,desktop,Firefox,Linux,1.0,1.0,0.0,1299.351847,0.0,0.0
20260831,mobile,Opera,Android,1.0,1.0,1.0,9.946955,0.0,0.0
20260831,mobile,UC Browser,Android,1.0,1.0,0.0,11.919735,0.0,0.0
20260901,tablet,Chrome,Android,1.0,1.0,1.0,0.0,0.0,0.0
20260901,tablet,Chrome,iOS,1.0,1.0,0.0,159.938047,0.0,0.0
20260902,desktop,Chrome,Chrome OS,1.0,1.0,1.0,0.548235,0.0,0.0
20260902,desktop,Firefox,Linux,1.0,1.0,1.0,0.0,0.0,0.0
20260904,desktop,Firefox,Linux,1.0,1.0,0.0,95.266929,0.0,0.0
20260904,desktop,Opera,Macintosh,1.0,1.0,0.0,313.273936,0.0,0.0
20260904,desktop,Opera,Windows,1.0,1.0,1.0,0.0,0.0,0.0
20260904,tablet,Chrome,Android,1.0,1.0,1.0,0.0,0.0,0.0
20260904,tablet,Safari,iOS,1.0,1.0,0.0,178.53069,1.0,0.0
20260905,desktop,Firefox,Windows,1.0,1.0,0.0,12.007908,0.0,0.0
20260905,desktop,Mozilla Compatible Agent,Macintosh,1.0,1.0,1.0,0.0,0.0,0.0
20260906,desktop,Chrome,Macintosh,1.0,1.0,1.0,7.54569,0.0,0.0
20260906,desktop,Firefox,Windows,1.0,1.0,1.0,9.049735,0.0,0.0
20260906,desktop,Mozilla Compatible Agent,Macintosh,1.0,1.0,1.0,5.065468,0.0,0.0
20260906,desktop,Opera,Linux,1.0,1.0,0.0,90.9686,0.0,0.0
20260906,desktop,Safari,Macintosh,1.0,1.0,1.0,0.0,0.0,0.0
20260906,mobile,Firefox,Android,1.0,1.0,1.0,9.396162,0.0,0.0
20260907,mobile,Firefox,Android,1.0,1.0,0.0,74.515773,0.0,0.0
20260908,desktop,Firefox,Windows,1.0,1.0,0.0,17.73049,0.0,0.0
20260909,desktop,Chrome,Linux,1.0,1.0,1.0,1.779942,0.0,0.0
20260909,desktop,Opera,Windows,1.0,1.0,1.0,4.978621,0.0,0.0
20260909,mobile,Edge,Android,1.0,1.0,1.0,6.901338,0.0,0.0
20260909,mobile,Firefox,Android,1.0,1.0,1.0,4.496774,0.0,0.0
20260909,tablet,Chrome,iOS,1.0,1.0,0.0,211.09043,0.0,0.0
20260910,desktop,Firefox,Linux,1.0,1.0,1.0,1.646927,0.0,0.0
20260910,desktop,Opera,Macintosh,1.0,1.0,1.0,3.866325,0.0,0.0
20260910,desktop,Opera,Windows,1.0,1.0,0.0,31.126446,0.0,0.0
20260910,tablet,Android Webview,Android,1.0,1.0,1.0,0.0,0.0,0.0
20260910,tablet,Chrome,Android,1.0,1.0,1.0,0.0,0.0,0.0
20260911,desktop,Firefox,Linux,1.0,1.0,0.0,16.531868,0.0,0.0
20260911,tablet,Chrome,iOS,1.0,1.0,0.0,37.004005,0.0,0.0
20260912,desktop,Chrome,Macintosh,1.0,1.0,0.0,98.290016,0.0,0.0
20260912,desktop,Firefox,Windows,1.0,1.0,0.0,324.767419,0.0,0.0
20260912,mobile,Edge,Android,1.0,1.0,1.0,8.659698,0.0,0.0
20260913,desktop,Chrome,Linux,1.0,1.0,0.0,11.272726,0.0,0.0
20260913,desktop,Firefox,Windows,1.0,1.0,0.0,18.655695,0.0,0.0
20260913,mobile,Firefox,Android,1.0,1.0,1.0,0.0,0.0,0.0
20260914,desktop,Chrome,Linux,1.0,1.0,0.0,17.251793,0.0,0.0
20260914,desktop,Firefox,Linux,1.0,1.0,1.0,0.0,0.0,0.0
20260915,mobile,Chrome,Windows,1.0,1.0,0.0,163.138208,0.0,0.0
20260916,desktop,Chrome,Chrome OS,1.0,1.0,1.0,1.687492,0.0,0.0
20260917,desktop,(not set),(not set),1.0,1.0,1.0,7.222685,0.0,0.0
20260917,desktop,Chrome,Chrome OS,1.0,1.0,1.0,8.95809,0.0,0.0
20260917,desktop,Firefox,Macintosh,1.0,1.0,0.0,17.659446,0.0,0.0
