query,cliques,impressoes,ctr,posicao,oportunidade_seo
almeida junior,4256,40468,0.10516951665513492,4.825219926855787,False
almeida junior shopping,2061,4983,0.4136062612883805,1.4529399959863536,False
ajfans,1714,5206,0.3292354975028813,2.2888974260468693,False
grupo almeida junior,1572,3283,0.4788303381053914,1.2168748096253426,False
almeida junior shopping centers,1284,2347,0.5470813804857264,1.9194716659565403,False
aj fans,1091,2472,0.4413430420711974,1.889967637540453,False
shopping almeida junior,744,4590,0.16209150326797386,6.3087145969498915,False
almeida junior ri,520,632,0.8227848101265823,1.0,False
jaimes almeida junior,445,2811,0.1583066524368552,2.139096406972608,False
almeida junior shoppings,425,984,0.43191056910569103,1.6554878048780488,False
almeida junior vagas,391,887,0.44081172491544535,1.943630214205186,False
shoppings almeida junior,334,583,0.5728987993138936,1.7821612349914235,False
almeida junior trabalhe conosco,300,942,0.3184713375796178,2.0138004246284504,False
almeida jr,247,2107,0.11722828666350261,4.031324157570005,False
bemall,228,2154,0.10584958217270195,4.903899721448468,False
bemall almeida junior,216,541,0.39926062846580407,1.2550831792975972,False
ajfans sorteio,210,452,0.4646017699115044,1.1526548672566372,False
cotton on joinville,155,1058,0.14650283553875237,4.673913043478261,False
almeida junior empresa,142,379,0.37467018469656993,1.0158311345646438,False
ajfans app,140,1237,0.11317704122877931,2.396928051738076,False
almeidajunior,113,287,0.39372822299651566,8.250871080139373,False
empresa almeida junior,110,285,0.38596491228070173,1.2456140350877192,False
almeida júnior,103,8639,0.011922676235675425,7.055909248755643,True
continente shopping,86,93460,0.000920179756045367,7.590081318210999,True
bemall login,76,864,0.08796296296296297,4.393518518518519,False
grupo almeida junior shopping centers,74,171,0.4327485380116959,1.1461988304093567,False
nações shopping,71,63164,0.0011240580077259198,8.035764042809195,True
camila angeloni de almeida ferreira,67,269,0.24907063197026022,1.7843866171003717,False
vagas almeida junior,67,362,0.1850828729281768,2.8287292817679557,False
giraffas blumenau,66,488,0.13524590163934427,2.6311475409836067,False
app ajfans,65,538,0.120817843866171,2.2137546468401488,False
aj shopping,63,132,0.4772727272727273,2.5303030303030303,False
jaime almeida junior,58,409,0.14180929095354522,1.9657701711491442,False
almeida jr shopping,56,176,0.3181818181818182,8.579545454545453,False
aj realty,51,1207,0.04225352112676056,4.503728251864126,False
ajplace,45,153,0.29411764705882354,2.6732026143790852,False
apresentação comercial pdf,44,617,0.0713128038897893,6.244732576985413,False
cs residences,43,1249,0.0344275420336269,8.172137710168133,False
ajfan,42,76,0.5526315789473685,2.723684210526316,False
popeyes joinville,41,1009,0.040634291377601585,6.041625371655104,False
be mall,40,512,0.078125,6.88671875,False
aj place,37,77,0.4805194805194805,6.454545454545454,False
jaj brasil investimentos e participacoes ltda,37,790,0.04683544303797468,5.4569620253164555,False
cri almeida junior,36,139,0.2589928057553957,1.3884892086330936,False
sorteio almeida junior,36,128,0.28125,1.890625,False
shopping neumarkt,32,38564,0.0008297894409293641,7.933694637485738,True
the spot one,31,1356,0.022861356932153392,10.41150442477876,True
privacy almeida,30,555,0.05405405405405406,5.940540540540541,False
shopping almeida junior blumenau,29,204,0.14215686274509803,2.3431372549019605,False
aj fan,27,64,0.421875,1.8125,False
almeida junior construtora,26,53,0.49056603773584906,1.0188679245283019,False
almeida,24,12013,0.001997835678015483,11.046116706900857,True
susana barbosa,23,31123,0.0007390033094496032,5.44616521543553,True
almeida junior consultoria,22,537,0.040968342644320296,6.770949720670391,False
continente shopping residences,22,542,0.04059040590405904,8.514760147601475,False
shopping continente,21,36394,0.0005770181898115074,8.276858822882893,True
colcci blumenau,20,300,0.06666666666666667,4.706666666666667,False
grupo almeida,20,1460,0.0136986301369863,6.669178082191781,True
almeida junior logo,19,300,0.06333333333333334,2.203333333333333,False
nacoes shopping,19,12734,0.0014920684780901524,7.232134443222868,True
nações shopping criciuma,19,6382,0.002977123158884362,5.400658100908806,True
shopping almeida junior balneario camboriu,19,355,0.05352112676056338,3.1690140845070425,False
shopping balneário camboriú,18,25549,0.0007045285529766332,8.964538729500177,True
promoção almeida junior,17,91,0.18681318681318682,2.8461538461538463,False
lojas balneario shopping,16,2236,0.007155635062611807,9.412790697674419,True
norte shopping blumenau,16,13091,0.0012222137346268429,7.866473149492017,True
pep garten shopping,16,666,0.024024024024024024,6.945945945945946,True
policia federal garten,16,905,0.017679558011049725,7.048618784530387,True
unidade de polícia de imigração - pep garten shopping bom retiro,16,1480,0.010810810810810811,7.987837837837838,True
jefferson colman campelo avila,15,97,0.15463917525773196,1.0618556701030928,False
shopping nações,14,12618,0.0011095260738627358,7.531225233792994,True
garten shopping,13,18044,0.0007204610951008645,9.633229882509422,True
me nota way,13,936,0.013888888888888888,6.318376068376068,True
schutz continente shopping,13,291,0.044673539518900345,5.9312714776632305,False
almeida junior shopping continente,12,34,0.35294117647058826,1.0588235294117647,False
aplicativo ajfans,12,45,0.26666666666666666,2.111111111111111,False
promoção shopping balneario camboriu,12,390,0.03076923076923077,5.88974358974359,False
bacio di latte joinville,11,390,0.028205128205128206,9.874358974358975,True
franquia crocs,11,849,0.012956419316843345,7.811542991755006,True
grupo almeida júnior,11,55,0.2,1.2181818181818183,False
maior shopping de blumenau,11,1034,0.010638297872340425,6.748549323017408,True
maiores shoppings de santa catarina,11,329,0.03343465045592705,3.860182370820669,False
neumarkt shopping,11,15195,0.0007239223428759461,8.250937808489635,True
shopping neumarkt blumenau,11,5998,0.001833944648216072,6.056685561853952,True
ajfans cadastro,10,16,0.625,1.0,False
almeida junior blumenau,10,20,0.5,1.45,False
app almeida junior,10,48,0.20833333333333334,3.5208333333333335,False
cotton on continente shopping,10,448,0.022321428571428572,9.339285714285714,True
j fans,10,32,0.3125,1.90625,False
promoção garten shopping joinville,10,299,0.033444816053511704,6.2675585284280935,False
unidade de polícia de imigração - pep garten shopping fotos,10,311,0.03215434083601286,6.051446945337621,False
almeida shopping,9,162,0.05555555555555555,5.333333333333333,False
cotton on garten,9,51,0.17647058823529413,4.764705882352941,False
criamigos,9,8234,0.0010930289045421424,9.415958222006315,True
grupo almeida junior trabalhe conosco,9,43,0.20930232558139536,2.6279069767441863,False
melissa garten,9,148,0.060810810810810814,3.1216216216216215,False
quem disse berenice blumenau,9,197,0.04568527918781726,7.649746192893401,False
schutz,9,2154,0.004178272980501393,4.059424326833797,True
sorteio shopping almeida junior,9,48,0.1875,2.041666666666667,False
aj midia,8,21,0.38095238095238093,1.619047619047619,False
almeida junio,8,56,0.14285714285714285,3.5,False
balneário shopping lojas,8,1752,0.0045662100456621,9.456050228310502,True
bar do alemão blumenau,8,372,0.021505376344086023,4.623655913978494,True
franquia da crocs,8,171,0.04678362573099415,6.461988304093567,False
jaimes almeida junior filhos,8,176,0.045454545454545456,4.426136363636363,False
norte shopping,8,4545,0.0017601760176017601,9.447524752475248,True
policia federal shopping garten,8,781,0.010243277848911651,6.40460947503201,True
the spot one balneário shopping,8,753,0.010624169986719787,9.787516600265604,True
almeida privacy,7,647,0.010819165378670788,7.890262751159196,True
boali,7,25655,0.00027285129604365623,6.255895536932372,True
cotton on garten shopping,7,72,0.09722222222222222,5.194444444444445,False
estacionamento balneario shopping,7,1060,0.006603773584905661,8.181132075471698,True
estacionamento garten shopping,7,425,0.01647058823529412,5.670588235294118,True
giraffas joinville,7,1157,0.006050129645635264,8.900605012964563,True
loja vans,7,28431,0.00024621012275333263,8.136787309626815,True
melissa joinville,7,1009,0.006937561942517344,7.409316154608523,True
neumarkt,7,12721,0.0005502712050939392,7.2401540759374265,True
policia federal joinville garten,7,624,0.011217948717948718,6.871794871794871,True
polícia federal garten shopping,7,404,0.017326732673267328,6.601485148514851,True
spot one balneario camboriu,7,374,0.01871657754010695,9.01336898395722,True
the spot one balneário camboriú,7,968,0.007231404958677686,9.429752066115702,True
almeida junior florianopolis,6,18,0.3333333333333333,1.0,False
balneario shopping lojas,6,662,0.00906344410876133,9.81570996978852,True
brasil cacau blumenau,6,173,0.03468208092485549,5.716763005780347,False
construtora almeida junior,6,13,0.46153846153846156,1.0,False
giraffas em blumenau,6,36,0.16666666666666666,2.166666666666667,False
jaimes almeida,6,86,0.06976744186046512,1.1860465116279069,False
james almeida junior,6,55,0.10909090909090909,2.981818181818182,False
lila colzani,6,180,0.03333333333333333,10.316666666666666,False
neumarkt shopping blumenau,6,1385,0.004332129963898917,6.374729241877256,True
shopping blumenau,6,4477,0.0013401831583649765,8.704936341299977,True
shopping garten,6,21049,0.0002850491709819944,8.368045987932918,True
shopping nações criciúma,6,4247,0.0014127619496114904,6.667765481516365,True
shopping newmarketing,6,2443,0.0024559967253376994,6.776094965206713,True
academia shopping continente,5,733,0.0068212824010914054,8.693042291950887,True
aj app,5,209,0.023923444976076555,3.4210526315789473,True
aj malls,5,202,0.024752475247524754,7.792079207920792,True
aj media,5,18,0.2777777777777778,1.2777777777777777,False
"av. brig. faria lima, 2277",5,529,0.00945179584120983,8.457466918714555,True
balneario camboriu shopping,5,417,0.011990407673860911,10.872901678657074,True
balneário shopping,5,4976,0.0010048231511254019,9.336816720257234,True
balneário shopping do proprietário,5,261,0.019157088122605363,4.685823754789272,True
brasil cacau balneario camboriu,5,337,0.01483679525222552,5.821958456973293,True
crocs franquia,5,360,0.013888888888888888,6.366666666666666,True
cs residences continente shopping,5,459,0.010893246187363835,8.305010893246187,True
garten shopping joinville,5,4265,0.0011723329425556857,7.994841735052755,True
giraffas,5,1148,0.004355400696864111,11.968641114982578,True
loja da lilica ripilica,5,1062,0.004708097928436911,5.940677966101695,True
loja vans balneario camboriu,5,650,0.007692307692307693,6.4569230769230765,True
ri almeida,5,137,0.0364963503649635,7.145985401459854,False
shopping continente estacionamento gratuito,5,130,0.038461538461538464,3.792307692307692,False
shopping norte blumenau,5,5468,0.0009144111192392099,7.372531089978054,True
shoppings em santa catarina,5,383,0.013054830287206266,7.45953002610966,True
sorteio shopping neumarkt,5,161,0.031055900621118012,6.857142857142857,False
spoleto blumenau,5,1121,0.0044603033006244425,9.37020517395183,True
spoleto joinville,5,1021,0.004897159647404506,9.252693437806073,True
uza shoes,5,251,0.0199203187250996,5.649402390438247,True
vans balneário camboriú,5,743,0.006729475100942127,7.508748317631225,True
academia continente shopping,4,527,0.007590132827324478,8.461100569259962,True
administradoras de shopping centers,4,279,0.014336917562724014,44.51254480286738,True
aj malls shoppings e merchandisings s.a.,4,29,0.13793103448275862,1.2413793103448276,False
artefacto moveis,4,761,0.005256241787122208,5.412614980289093,True
biscoitê,4,22865,0.00017493986442160508,6.669407391209272,True
boutique do pao de lo,4,4329,0.000924000924000924,9.624624624624625,True
canal concept lojas,4,734,0.005449591280653951,6.705722070844686,True
cea criciuma,4,554,0.007220216606498195,8.859205776173285,True
cobasi neumarkt,4,1701,0.0023515579071134627,7.905349794238683,True
flavia altheman,4,94,0.0425531914893617,8.872340425531915,False
franquia crocs valor,4,498,0.008032128514056224,8.461847389558233,True
garden shopping joinville,4,1273,0.003142183817753339,9.24116260801257,True
german quiroga,4,134,0.029850746268656716,9.462686567164178,True
jaimes bento de almeida junior,4,64,0.0625,2.203125,False
lindt balneario,4,229,0.017467248908296942,9.965065502183407,True
logo almeida junior,4,172,0.023255813953488372,2.1860465116279073,True
loja brasil cacau mais próxima,4,67,0.05970149253731343,6.358208955223881,False
lojas no balneário shopping,4,189,0.021164021164021163,8.380952380952381,True
maria clara liotto,4,36,0.1111111111111111,8.13888888888889,False
oticas diniz,4,26004,0.00015382248884786957,10.081218274111675,True
policia federal nacoes shopping,4,690,0.005797101449275362,10.489855072463769,True
policia federal passaporte joinville,4,914,0.00437636761487965,8.99890590809628,True
popeyes em joinville,4,35,0.11428571428571428,5.542857142857143,False
proquality continente shopping,4,103,0.038834951456310676,5.194174757281553,False
qual o maior shopping de blumenau,4,697,0.005738880918220947,6.477761836441894,True
qual o maior shopping de santa catarina,4,704,0.005681818181818182,7.467329545454546,True
sephora summer vibes,4,204,0.0196078431372549,7.166666666666667,True
shopping balneario camboriu,4,6967,0.0005741352088416823,9.553896942730013,True
shopping em blumenau,4,1630,0.00245398773006135,10.850306748466258,True
spot one,4,400,0.01,10.1325,True
a marca schutz é brasileira,3,508,0.005905511811023622,4.460629921259843,True
almeida junior - sede,3,19,0.15789473684210525,7.052631578947368,False
almeida.junior,3,25,0.12,5.16,False
almeidajunior.com.br,3,30,0.1,1.0333333333333334,False
authentic feet balneário shopping,3,180,0.016666666666666666,8.088888888888889,True
avaliações sobre unidade de polícia de imigração - pep garten shopping bom retiro,3,480,0.00625,6.51875,True
balneario fashion show,3,87,0.034482758620689655,6.068965517241379,False
brasil cacau em blumenau,3,29,0.10344827586206896,4.931034482758621,False
c&a nacoes shopping,3,180,0.016666666666666666,7.877777777777778,True
cria amigos,3,788,0.0038071065989847717,9.41497461928934,True
csresidences,3,72,0.041666666666666664,6.513888888888889,False
dengo joinville,3,99,0.030303030303030304,6.3232323232323235,False
estacionamento shopping balneário,3,539,0.0055658627087198514,8.063079777365491,True
estacionamento shopping continente,3,486,0.006172839506172839,8.213991769547325,True
garten joinville,3,1335,0.0022471910112359553,9.519850187265918,True
grupo shopping,3,537,0.00558659217877095,11.46368715083799,True
jaimes de almeida junior,3,8,0.375,1.0,False
joge,3,35155,8.533636751528944e-05,7.29529227705874,True
jr malls,3,204,0.014705882352941176,7.416666666666667,True
kopenhagen garten,3,56,0.05357142857142857,5.25,False
lindt balneario shopping,3,484,0.006198347107438017,7.607438016528926,True
loja melissa joinville,3,431,0.0069605568445475635,8.88399071925754,True
lojas do shopping de balneário camboriú,3,157,0.01910828025477707,8.210191082802549,True
lojas shopping neumarkt,3,1214,0.002471169686985173,8.233937397034596,True
loungerie joinville,3,342,0.008771929824561403,7.830409356725146,True
montana grill,3,5358,0.0005599104143337066,6.632698768197089,True
new balance loja,3,1315,0.0022813688212927757,11.40532319391635,True
paris 6 balneario camboriu,3,429,0.006993006993006993,9.755244755244755,True
polícia federal joinville passaporte,3,84,0.03571428571428571,10.726190476190476,False
promoção continente shopping,3,93,0.03225806451612903,3.7204301075268815,False
promoção shopping garten joinville,3,180,0.016666666666666666,6.411111111111111,True
quantos shopping tem em blumenau,3,661,0.0045385779122541605,8.586989409984872,True
reputation awards,3,9,0.3333333333333333,5.0,False
riachuelo casa lojas,3,744,0.004032258064516129,7.56989247311828,True
santa lolla balneario shopping,3,161,0.018633540372670808,5.204968944099379,True
santa lolla balneário camboriú,3,1114,0.0026929982046678637,8.421903052064632,True
shopping balneario,3,2487,0.0012062726176115801,11.391234418978689,True
shopping em santa catarina,3,567,0.005291005291005291,10.054673721340388,True
susana_barbosa,3,1574,0.0019059720457433292,6.714104193138501,True
vans balneario shopping,3,923,0.0032502708559046588,7.8472372697724815,True
zara balneário camboriú,3,442,0.006787330316742082,10.642533936651583,True
óticas diniz,3,7421,0.00040425818622827114,10.0009432691012,True
@susana_barbosa,2,267,0.00749063670411985,5.393258426966292,True
aj labs,2,8,0.25,7.75,False
ajfas,2,10,0.2,2.4,False
ajlabs,2,17,0.11764705882352941,4.764705882352941,False
al de almeida junior ltda,2,83,0.024096385542168676,6.493975903614458,True
almeida junior shopping centers s.a.,2,6,0.3333333333333333,1.0,False
apartamento shopping continente,2,17,0.11764705882352941,5.764705882352941,False
avatim balneario,2,254,0.007874015748031496,9.511811023622048,True
"avenida brigadeiro faria lima, 2277",2,426,0.004694835680751174,9.295774647887324,True
avenida faria lima 2277,2,238,0.008403361344537815,9.268907563025211,True
bar do alemao,2,118,0.01694915254237288,5.093220338983051,True
brasil cacau balneário camboriú,2,48,0.041666666666666664,4.708333333333334,False
brigaderia,2,4172,0.00047938638542665386,7.083892617449664,True
brinquedos gigantes,2,154,0.012987012987012988,9.857142857142858,True
cea neumarkt,2,54,0.037037037037037035,7.648148148148148,False
cobasi blumenau,2,5294,0.00037778617302606723,9.677748394408765,True
colcci joinville,2,57,0.03508771929824561,5.947368421052632,False
como tirar passaporte em joinville,2,58,0.034482758620689655,1.0,False
construtora almeida,2,52,0.038461538461538464,16.673076923076923,False
continente shopping do proprietário,2,14,0.14285714285714285,1.6428571428571428,False
continente shopping residence,2,82,0.024390243902439025,9.487804878048781,True
continente shopping sc,2,381,0.005249343832020997,6.031496062992126,True
cotton on balneario shopping,2,171,0.011695906432748537,10.637426900584796,True
crocs joinville,2,735,0.0027210884353741495,9.500680272108843,True
cs residence,2,268,0.007462686567164179,10.563432835820896,True
cs residence continente shopping,2,24,0.08333333333333333,8.541666666666668,False
de onde é a marca schutz,2,63,0.031746031746031744,4.571428571428571,False
diretório de continente shopping,2,695,0.0028776978417266188,7.549640287769784,True
fans shopping,2,16,0.125,5.1875,False
faria lima 2277,2,1103,0.001813236627379873,9.57026291931097,True
foto,2,6,0.3333333333333333,9.166666666666666,False
franquia bauducco,2,754,0.002652519893899204,8.912466843501326,True
franquia crocs brasil,2,125,0.016,6.016,True
franquia lacoste,2,86,0.023255813953488372,10.093023255813954,True
franquia oceane,2,165,0.012121212121212121,5.218181818181818,True
franquia vans,2,324,0.006172839506172839,8.354938271604938,True
garten app,2,16,0.125,5.5625,False
garten shopping fotos,2,346,0.005780346820809248,5.91907514450867,True
imagens de almeida junior consultoria,2,88,0.022727272727272728,3.977272727272727,True
imagens de unidade de polícia de imigração - pep garten shopping bom retiro,2,287,0.006968641114982578,7.142857142857143,True
jaimes almeida júnior,2,20,0.1,1.0,False
jogê,2,3033,0.0006594131223211342,10.906033630069238,True
junior almeida,2,272,0.007352941176470588,9.908088235294118,True
junior eventos,2,82,0.024390243902439025,10.902439024390244,True
loja centauro,2,23106,8.655760408551892e-05,8.3164978793387,True
loja de biquini shopping continente,2,19,0.10526315789473684,9.157894736842104,False
lojas balneário shopping,2,407,0.004914004914004914,9.420147420147421,True
lojas do balneário shopping,2,238,0.008403361344537815,8.529411764705882,True
lojas do shopping continente,2,202,0.009900990099009901,12.158415841584159,True
lojas lilica ripilica,2,283,0.007067137809187279,7.671378091872792,True
lojas naçoes shopping,2,656,0.003048780487804878,9.614329268292684,True
lojas nações shopping criciuma,2,412,0.0048543689320388345,9.856796116504855,True
lojas shopping balneario,2,600,0.0033333333333333335,10.125,True
lojas vans,2,2398,0.0008340283569641367,7.5725604670558795,True
marca santa lolla,2,1756,0.0011389521640091116,5.6776765375854215,True
melhor shopping de blumenau,2,134,0.014925373134328358,9.395522388059701,True
melissa garten shopping,2,91,0.02197802197802198,4.626373626373626,True
milon blumenau,2,76,0.02631578947368421,5.421052631578948,True
mídia em elevadores residenciais,2,81,0.024691358024691357,10.049382716049383,True
norte shopping gastronomia,2,7,0.2857142857142857,5.714285714285714,False
north shopping blumenau,2,618,0.003236245954692557,6.676375404530744,True
oaklen,2,1499,0.00133422281521014,9.151434289526351,True
onde fica a fabrica da colcci,2,66,0.030303030303030304,9.454545454545455,False
otica diniz,2,8104,0.00024679170779861795,9.929047384007898,True
paris 6 balneario,2,923,0.0021668472372697724,10.451787648970747,True
paris 6 balneário camboriú,2,1973,0.0010136847440446021,10.196654840344653,True
parmegiana blumenau,2,55,0.03636363636363636,6.709090909090909,False
passaporte garten,2,365,0.005479452054794521,7.282191780821917,True
passaporte joinville,2,476,0.004201680672268907,12.796218487394958,True
pizza hut joinville,2,286,0.006993006993006993,9.597902097902098,True
policia federal garten shopping,2,348,0.005747126436781609,7.431034482758621,True
polícia federal passaporte,2,34,0.058823529411764705,11.852941176470589,False
praça de alimentação continente shopping,2,241,0.008298755186721992,6.6846473029045645,True
promocao balneario shopping,2,67,0.029850746268656716,5.3283582089552235,True
promoção balneario shopping,2,47,0.0425531914893617,6.9787234042553195,False
promoção balneário camboriú shopping,2,198,0.010101010101010102,5.954545454545454,True
promoção garten shopping,2,78,0.02564102564102564,6.897435897435898,True
promoções balneario shopping,2,146,0.0136986301369863,6.184931506849315,True
qual maior shopping de blumenau,2,259,0.007722007722007722,7.343629343629344,True
qual maior shopping de florianópolis,2,53,0.03773584905660377,5.264150943396227,False
qual o maior shopping de joinville,2,562,0.0035587188612099642,10.108540925266905,True
quem é almeida junior,2,86,0.023255813953488372,4.930232558139535,True
restaurantes shopping continente,2,177,0.011299435028248588,9.649717514124294,True
richards,2,80949,2.470691422994725e-05,6.95563873550013,True
santa lolla balneario,2,229,0.008733624454148471,6.37117903930131,True
santa lolla balneario camboriu,2,10,0.2,4.7,False
santa lolla bc,2,357,0.0056022408963585435,9.453781512605042,True
schutz garten,2,15,0.13333333333333333,5.6,False
schutz marca,2,158,0.012658227848101266,4.1075949367088604,True
schutz é brasileira,2,1278,0.001564945226917058,4.436619718309859,True
sephora balneário camboriú,2,947,0.0021119324181626186,9.197465681098205,True
shopping,2,482,0.004149377593360996,8.427385892116183,True
shopping almeida,2,44,0.045454545454545456,2.8636363636363633,False
shopping balneário camboriú lojas,2,337,0.005934718100890208,9.299703264094955,True
shopping continente florianópolis,2,1928,0.001037344398340249,6.581950207468879,True
shopping criciuma nações,2,1100,0.0018181818181818182,7.211818181818182,True
shopping das nações,2,3529,0.0005667327854916407,7.125814678379144,True
shopping neumarkt blumenau lojas,2,1062,0.0018832391713747645,8.94632768361582,True
shopping neumarkt estacionamento,2,148,0.013513513513513514,8.635135135135135,True
sorteio carro shopping balneario camboriu,2,140,0.014285714285714285,8.785714285714285,True
susana barbosa elle brasil,2,344,0.005813953488372093,4.997093023255815,True
taco bell santa catarina,2,106,0.018867924528301886,7.754716981132075,True
the spot,2,200,0.01,14.71,True
the spot one residence,2,92,0.021739130434782608,7.8478260869565215,True
tirar passaporte em joinville,2,224,0.008928571428571428,7.200892857142857,True
valor estacionamento balneário shopping,2,684,0.0029239766081871343,10.43859649122807,True
valor estacionamento norte shopping blumenau,2,8,0.25,4.625,False
vans balneario camboriu,2,490,0.004081632653061225,8.779591836734694,True
vans store estados,2,203,0.009852216748768473,10.226600985221674,True
zara balneario,2,436,0.0045871559633027525,9.805045871559633,True
zara home balneario camboriu,2,232,0.008620689655172414,7.323275862068965,True
zeiss blumenau,2,35,0.05714285714285714,4.771428571428571,False
"{'idcondominio':2205,'nomecondominio':'19054-1257 the spot one','lojarua':false,'pre':true}",2,325,0.006153846153846154,6.363076923076923,True
@susana barbosa,1,181,0.0055248618784530384,5.801104972375691,True
academia no shopping continente,1,15,0.06666666666666667,5.466666666666667,False
administradora de shopping,1,409,0.0024449877750611247,45.50366748166259,True
administradora de shoppings,1,313,0.003194888178913738,38.65814696485623,True
administradora de shoppings centers,1,1,1.0,17.0,False
administradoras de shoppings no brasil,1,137,0.0072992700729927005,74.85401459854015,True
aj cinema,1,4,0.25,4.0,False
aj cinemas,1,3,0.3333333333333333,5.333333333333333,False
aj gift card,1,5,0.2,4.0,False
aj malls shoppings e merchandising s.a.,1,32,0.03125,2.71875,False
aj reality,1,35,0.02857142857142857,4.285714285714286,True
ajfan online shopping,1,2,0.5,3.5,False
ajrealty,1,186,0.005376344086021506,4.419354838709678,True
alameda shopping,1,127,0.007874015748031496,37.55905511811024,True
almeida comercial,1,3,0.3333333333333333,21.0,False
almeida jiu jitsu,1,7,0.14285714285714285,3.5714285714285716,False
almeida jj,1,18,0.05555555555555555,3.2222222222222223,False
almeida junior shopping trabalhe conosco,1,12,0.08333333333333333,2.5,False
almeida trabalhe conosco,1,8,0.125,6.125,False
almeidas,1,50,0.02,15.42,True
aluguel norte shopping,1,2,0.5,1.5,False
aluguel quiosque shopping,1,3,0.3333333333333333,13.666666666666666,False
ana capri joinville,1,9,0.1111111111111111,8.88888888888889,False
aplicativo shopping neumarkt,1,15,0.06666666666666667,2.2666666666666666,False
app balneario shopping,1,26,0.038461538461538464,4.346153846153847,False
app para pagar,1,1,1.0,1.0,False
atrações para crianças em balneário camboriú,1,3,0.3333333333333333,12.333333333333334,False
authentic feet,1,18829,5.3109565032662385e-05,7.438578788039726,True
authentic feet shopping eldorado,1,95,0.010526315789473684,14.421052631578947,True
av brigadeiro faria lima 2277,1,1003,0.0009970089730807576,8.803589232303091,True
bagaggio balneario camboriu,1,258,0.003875968992248062,9.007751937984496,True
balneario shopping,1,10038,9.962143853357243e-05,8.946802151823071,True
balneario shopping estacionamento,1,607,0.0016474464579901153,8.321252059308073,True
balneario shopping mall,1,356,0.0028089887640449437,9.573033707865168,True
balneário camboriú shopping,1,2613,0.0003827018752391887,11.16073478760046,True
balneário shopping balneário camboriú,1,333,0.003003003003003003,7.402402402402402,True
balneário shopping fotos,1,5867,0.0001704448610874382,5.256178626214419,True
bar do alemão,1,272,0.003676470588235294,13.496323529411764,True
biscoite a biscoiteria,1,144,0.006944444444444444,5.541666666666667,True
biscoitê a biscoiteria fotos,1,26,0.038461538461538464,4.1923076923076925,False
biscoitê lojas,1,151,0.006622516556291391,8.947019867549669,True
blumenau shoppings,1,13,0.07692307692307693,17.0,False
blumenau tem shopping,1,74,0.013513513513513514,6.837837837837838,True
bob's em joinville,1,66,0.015151515151515152,8.378787878787879,True
bobs joinville,1,353,0.0028328611898017,7.810198300283286,True
boliche neumarkt,1,4,0.25,14.75,False
boss balneario shopping,1,42,0.023809523809523808,8.952380952380953,True
bota uza,1,1,1.0,5.0,False
boutique do pão de ló,1,371,0.0026954177897574125,10.924528301886792,True
boutique pao de lo,1,1044,0.0009578544061302681,9.777777777777779,True
boutique pão de ló,1,167,0.005988023952095809,9.886227544910179,True
brasil cacau,1,111,0.009009009009009009,4.135135135135135,True
brasil cacau em balneario camboriu,1,34,0.029411764705882353,4.9411764705882355,True
brasil cacau joinville,1,407,0.002457002457002457,9.83046683046683,True
buddha spa franquia,1,2719,0.0003677822728944465,12.748436925340199,True
c&a shopping neumarkt,1,135,0.007407407407407408,8.014814814814816,True
cacau brasil perto de mim,1,5,0.2,4.6,False
cacau noir,1,9732,0.00010275380189066995,7.309699958898479,True
cadastrar cupom shopping neumarkt,1,33,0.030303030303030304,4.818181818181818,False
cafe paris balneario camboriu,1,45,0.022222222222222223,9.688888888888888,True
canal concept roupas,1,20,0.05,10.25,False
carbone continente shopping,1,75,0.013333333333333334,8.906666666666666,True
cardápio de paris 6 balneario camboriu,1,399,0.002506265664160401,9.947368421052632,True
casa bauducco,1,570,0.0017543859649122807,10.605263157894736,True
casa bauducco franquia,1,114,0.008771929824561403,15.236842105263158,True
casa riachuelo,1,10757,9.296272194849865e-05,5.766291717021474,True
casa riachuelo lojas,1,1892,0.0005285412262156448,6.223572938689218,True
cecconello loja,1,25,0.04,17.24,False
cecconello loja fisica,1,145,0.006896551724137931,7.731034482758621,True
cecconello lojas fisicas,1,568,0.0017605633802816902,6.869718309859155,True
centauro em balneário camboriú,1,26,0.038461538461538464,5.576923076923077,False
centauro itajai,1,4,0.25,1.0,False
centauro macapa,1,5,0.2,1.0,False
cia. marítima fotos,1,37,0.02702702702702703,1.1081081081081081,True
cinema florianopolis,1,25,0.04,72.0,False
clube melissa,1,2792,0.00035816618911174784,10.804083094555875,True
cobasi norte shopping blumenau,1,202,0.0049504950495049506,10.089108910891088,True
cobasi shopping neumarkt,1,2439,0.0004100041000410004,7.4239442394423945,True
colcci,1,249,0.004016064257028112,41.01606425702811,True
como fazer passaporte em joinville,1,60,0.016666666666666666,6.8,True
constance norte shopping,1,684,0.0014619883040935672,12.492690058479532,True
continente shopping estacionamento gratuito,1,96,0.010416666666666666,5.90625,True
continente shopping florianopolis,1,326,0.003067484662576687,7.668711656441718,True
continente shopping praça de alimentação,1,87,0.011494252873563218,8.344827586206897,True
continente shopping residences preço,1,2,0.5,18.5,False
continente shopping restaurantes,1,105,0.009523809523809525,9.380952380952381,True
continente shopping santa catarina,1,66,0.015151515151515152,4.96969696969697,True
continente shopping sao jose,1,100,0.01,8.0,True
continete shopping,1,181,0.0055248618784530384,8.143646408839778,True
cotton on é de onde,1,60,0.016666666666666666,9.2,True
cri amigos,1,103,0.009708737864077669,9.650485436893204,True
criciuma nacoes shopping,1,305,0.003278688524590164,6.288524590163934,True
crocs balneario shopping,1,231,0.004329004329004329,10.571428571428571,True
crocs blumenau,1,70,0.014285714285714285,13.485714285714286,True
crocs continente,1,23,0.043478260869565216,4.260869565217391,False
crocs garten,1,92,0.010869565217391304,7.021739130434782,True
cs residence shopping,1,4,0.25,6.75,False
cs residences florianopolis,1,42,0.023809523809523808,8.595238095238095,True
dengo balneario camboriu,1,2,0.5,14.0,False
dudalina,1,27,0.037037037037037035,9.592592592592593,False
dudalina joinville,1,136,0.007352941176470588,7.536764705882353,True
e em joinville?,1,1,1.0,4.0,False
emissão de passaporte em joinville,1,21,0.047619047619047616,10.142857142857142,False
emissão de passaporte joinville,1,98,0.01020408163265306,6.73469387755102,True
estacionamento balneário camboriú shopping,1,164,0.006097560975609756,7.079268292682927,True
estacionamento balneário shopping,1,178,0.0056179775280898875,6.943820224719101,True
estacionamento nações shopping,1,207,0.004830917874396135,6.42512077294686,True
estacionamento neumarkt,1,377,0.002652519893899204,6.639257294429708,True
estacionamento shopping garten,1,45,0.022222222222222223,3.088888888888889,True
estacionamento shopping garten joinville,1,30,0.03333333333333333,6.666666666666667,False
estacionamento shopping neumarkt,1,502,0.00199203187250996,6.681274900398407,True
existe no brasil?,1,1,1.0,3.0,False
exposição mundo jurássico,1,31,0.03225806451612903,25.548387096774192,False
fans login,1,7,0.14285714285714285,5.428571428571429,False
fazer passaporte joinville,1,158,0.006329113924050633,3.0316455696202533,True
fornecedores,1,2,0.5,3.5,False
foto do local,1,2,0.5,2.0,False
fotos de balneario shopping,1,678,0.0014749262536873156,4.1401179941002955,True
franquia bibi,1,101,0.009900990099009901,13.227722772277227,True
franquia calvin klein,1,160,0.00625,7.81875,True
franquia de shopping,1,26,0.038461538461538464,24.26923076923077,False
franquia lança perfume valor,1,75,0.013333333333333334,7.066666666666666,True
franquia lilica e tigor,1,161,0.006211180124223602,10.111801242236025,True
franquia pampili,1,198,0.005050505050505051,5.232323232323233,True
franquia santa lolla,1,1640,0.0006097560975609756,9.893292682926829,True
fundo imobiliário shopping,1,22,0.045454545454545456,36.36363636363637,False
fundos imobiliários shopping,1,8,0.125,50.75,False
garden shopping,1,126,0.007936507936507936,16.72222222222222,True
gartem shopping,1,32,0.03125,10.09375,False
gift card shopping,1,2,0.5,12.5,False
girafas em joinville,1,185,0.005405405405405406,9.708108108108108,True
giraffas onde tem,1,144,0.006944444444444444,9.277777777777779,True
horario shopping nacoes criciuma,1,14,0.07142857142857142,1.0714285714285714,False
ice cream in brazil,1,1,1.0,20.0,False
idade,1,2,0.5,1.5,False
imagens de continente shopping,1,1787,0.0005595970900951316,3.238388360380526,True
imagens de crocs joinville,1,100,0.01,7.61,True
imagens de lindt balneario camboriu,1,43,0.023255813953488372,6.674418604651163,True
imagens de paris 6 bistro balneario camboriu,1,15,0.06666666666666667,9.2,False
imaginarium iguatemi campinas,1,3,0.3333333333333333,1.0,False
imaginarium joinville,1,174,0.005747126436781609,8.873563218390805,True
imaginarium norte shopping,1,188,0.005319148936170213,10.02659574468085,True
inauguração shopping,1,28,0.03571428571428571,10.892857142857142,False
inovation,1,207,0.004830917874396135,19.971014492753625,True
ja fans,1,8,0.125,3.375,False
jafans,1,21,0.047619047619047616,2.0,False
jeep commander,1,1,1.0,3.0,False
joinville garten shopping,1,852,0.0011737089201877935,10.210093896713616,True
jr mall,1,17,0.058823529411764705,9.941176470588236,False
jr premiações,1,72,0.013888888888888888,9.958333333333334,True
junior site,1,9,0.1111111111111111,9.555555555555555,False
júnior almeida,1,27,0.037037037037037035,4.222222222222222,False
lacoste blumenau,1,31,0.03225806451612903,3.7419354838709675,False
lages shopping center,1,11,0.09090909090909091,25.636363636363637,False
lança perfume marca,1,2,0.5,2.0,False
levis garten shopping,1,173,0.005780346820809248,9.68208092485549,True
lez a lez significado,1,458,0.002183406113537118,9.351528384279476,True
lilica & tigor,1,148,0.006756756756756757,9.945945945945946,True
lilica e tigor,1,1277,0.0007830853563038371,15.003132341425216,True
lilica e tigor loja,1,18,0.05555555555555555,13.944444444444445,False
lilica ripilica loja,1,196,0.00510204081632653,13.301020408163266,True
lilica ripilica loja fisica,1,131,0.007633587786259542,8.358778625954198,True
lilica tigor,1,759,0.0013175230566534915,8.698287220026351,True
localize,1,1,1.0,1.0,False
logo sipat 2025,1,31,0.03225806451612903,1.0,False
loja altenburg balneário camboriú,1,70,0.014285714285714285,10.071428571428571,True
loja c&a,1,2,0.5,7.5,False
loja com promoção,1,1,1.0,4.0,False
loja criamigos,1,191,0.005235602094240838,4.513089005235602,True
loja crocs balneario shopping,1,49,0.02040816326530612,10.959183673469388,True
loja crocs joinville,1,443,0.002257336343115124,8.672686230248306,True
loja da colcci mais próxima,1,33,0.030303030303030304,7.181818181818182,False
loja da lilica ripilica no brás,1,392,0.002551020408163265,5.8520408163265305,True
loja da melissa em joinville,1,43,0.023255813953488372,10.534883720930232,True
loja da santa lolla,1,237,0.004219409282700422,10.0084388185654,True
loja de cosméticos perto de mim,1,1,1.0,1.0,False
loja decathlon,1,1,1.0,1.0,False
loja lilica e tigor,1,304,0.003289473684210526,11.296052631578947,True
loja luiza barcelos perto de mim,1,5,0.2,5.4,False
loja new balance bh,1,91,0.01098901098901099,10.45054945054945,True
loja new balance shopping,1,636,0.0015723270440251573,11.498427672955975,True
loja quem disse berenice,1,1,1.0,1.0,False
loja santa lolla shopping,1,848,0.0011792452830188679,7.278301886792453,True
loja shopping balneario camboriu,1,69,0.014492753623188406,9.36231884057971,True
loja shopping neumarkt,1,169,0.005917159763313609,8.04733727810651,True
loja taco,1,466,0.002145922746781116,7.328326180257511,True
loja valisere shopping,1,118,0.00847457627118644,8.466101694915254,True
loja vans bc,1,59,0.01694915254237288,10.40677966101695,True
loja vans perto de mim,1,35,0.02857142857142857,8.685714285714287,True
loja vivo shopping neumarkt,1,1,1.0,7.0,False
loja zara balneário camboriú,1,19,0.05263157894736842,8.526315789473685,False
lojas canal,1,30,0.03333333333333333,13.266666666666667,False
lojas cecconello,1,81,0.012345679012345678,9.345679012345679,True
lojas centauro,1,3953,0.00025297242600556537,10.466481153554263,True
lojas do shopping balneario,1,45,0.022222222222222223,9.244444444444444,True
lojas do shopping balneário camboriú,1,139,0.007194244604316547,8.503597122302159,True
lojas do shopping neumarkt,1,329,0.00303951367781155,8.890577507598785,True
lojas milon,1,123,0.008130081300813009,7.032520325203252,True
lojas no shopping balneário camboriú,1,42,0.023809523809523808,8.357142857142858,True
lojas que tem no norte shopping,1,34,0.029411764705882353,6.147058823529412,True
lojas que vendem vans,1,1,1.0,7.0,False
lojas riachuelo,1,2,0.5,20.5,False
lojas salinas shopping,1,6,0.16666666666666666,26.0,False
lojas shopping balneário camboriú,1,318,0.0031446540880503146,8.515723270440251,True
lojas shopping bc,1,153,0.006535947712418301,9.437908496732026,True
lojas shopping nações,1,140,0.007142857142857143,10.271428571428572,True
lojas shopping neumarkt blumenau,1,334,0.0029940119760479044,7.440119760479042,True
lojas taco,1,187,0.0053475935828877,7.427807486631016,True
lojas taco endereços,1,4,0.25,9.0,False
lojas vans shopping,1,224,0.004464285714285714,11.098214285714286,True
loungerie franquia,1,188,0.005319148936170213,9.590425531914894,True
maior shopping blumenau,1,222,0.0045045045045045045,8.23873873873874,True
maior shopping de criciúma,1,490,0.0020408163265306124,10.338775510204082,True
maior shopping de florianópolis,1,372,0.002688172043010753,7.494623655913978,True
maior shopping de joinville,1,1093,0.0009149130832570906,10.479414455626715,True
maior shopping de santa catarina,1,1480,0.0006756756756756757,7.418918918918919,True
mall camboriu sephora,1,43,0.023255813953488372,7.209302325581396,True
mapa garten shopping,1,5,0.2,9.4,False
marca de sapatos brasileira,1,41,0.024390243902439025,1.1219512195121952,True
marca uza é boa,1,21,0.047619047619047616,2.0,False
marcas de sapato brasileiras,1,129,0.007751937984496124,1.0465116279069768,True
me manda o link,1,1,1.0,1.0,False
melhor café colonial balneário camboriú,1,1,1.0,2.0,False
melhor shopping blumenau,1,64,0.015625,8.03125,True
melissa em joinville,1,43,0.023255813953488372,9.511627906976743,True
melissa shopping garten,1,18,0.05555555555555555,4.0,False
menotaway,1,61,0.01639344262295082,6.442622950819672,True
midia em elevadores,1,167,0.005988023952095809,12.137724550898204,True
milon outlet,1,749,0.0013351134846461949,12.91588785046729,True
montana gril,1,209,0.004784688995215311,6.0669856459330145,True
montanha grill,1,1098,0.0009107468123861566,6.974499089253188,True
mundo verde alagoinhas,1,4,0.25,10.75,False
mídia em elevadores,1,90,0.011111111111111112,11.877777777777778,True
nacies shopping,1,75,0.013333333333333334,8.493333333333332,True
nacoes,1,2884,0.00034674063800277393,8.742718446601941,True
narbona,1,13,0.07692307692307693,14.0,False
narbona continente shopping,1,223,0.004484304932735426,9.932735426008968,True
narbona shopping continente,1,29,0.034482758620689655,10.0,False
naçoes shopping,1,1663,0.0006013229104028864,6.666867107636801,True
nações shopping criciúma,1,1551,0.0006447453255963894,5.999355254674404,True
nações shopping fotos,1,538,0.0018587360594795538,7.455390334572491,True
nações shopping lojas,1,871,0.001148105625717566,9.556831228473019,True
nba store brasil,1,264,0.003787878787878788,35.859848484848484,True
neumarkt lojas,1,253,0.003952569169960474,7.952569169960475,True
neumarkt shopping blumenau - sc,1,78,0.01282051282051282,7.166666666666667,True
neumarkt shopping blumenau cinema,1,9,0.1111111111111111,9.444444444444445,False
neumarkt shopping fotos,1,35,0.02857142857142857,7.742857142857143,True
neumarkt shopping lojas,1,215,0.004651162790697674,8.674418604651162,True
new fan,1,1,1.0,1.0,False
newmarkt,1,272,0.003676470588235294,7.4338235294117645,True
o que fazer com crianças nas ferias,1,1,1.0,4.0,False
oceane lojas,1,304,0.003289473684210526,13.960526315789474,True
onde achar,1,1,1.0,1.0,False
onde comer no norte shopping,1,2,0.5,5.0,False
onde comprar?,1,3,0.3333333333333333,5.0,False
onde ele vive?,1,1,1.0,1.0,False
onde fazer o passaporte em joinville,1,171,0.005847953216374269,6.409356725146199,True
onde fazer o passaporte em santa catarina,1,1,1.0,2.0,False
onde tirar passaporte em joinville,1,132,0.007575757575757576,7.856060606060606,True
orlando de almeida soares junior,1,13,0.07692307692307693,7.153846153846154,False
outro,1,2,0.5,7.5,False
pagamento estacionamento shopping,1,4,0.25,4.25,False
pampili franquia,1,91,0.01098901098901099,4.527472527472527,True
pampilli,1,23,0.043478260869565216,16.565217391304348,False
para 3 horas,1,1,1.0,1.0,False
paris 6 bc,1,120,0.008333333333333333,22.766666666666666,True
paris 6 bistro balneario camboriu,1,261,0.0038314176245210726,10.754789272030651,True
paris 6 bistro balneario camboriu fotos,1,444,0.0022522522522522522,8.628378378378379,True
paris 6 florianópolis,1,177,0.005649717514124294,2.5084745762711864,True
parmegiana em blumenau,1,115,0.008695652173913044,7.521739130434782,True
passaporte em joinville,1,387,0.002583979328165375,6.428940568475452,True
passaporte joinville agendamento,1,11,0.09090909090909091,23.90909090909091,False
passaporte policia federal joinville,1,37,0.02702702702702703,7.162162162162162,True
pep garten,1,14,0.07142857142857142,5.071428571428571,False
policia federal garten shopping joinville,1,34,0.029411764705882353,5.5588235294117645,True
policia federal joinville passaporte,1,43,0.023255813953488372,11.86046511627907,True
policia federal nacoes shopping criciuma,1,34,0.029411764705882353,10.647058823529411,True
policia garten shopping,1,15,0.06666666666666667,7.2,False
polícia federal de joinville,1,138,0.007246376811594203,12.797101449275363,True
polícia federal joinville,1,574,0.0017421602787456446,11.954703832752614,True
polícia federal joinville agendamento,1,10,0.1,2.2,False
polícia federal joinville garten shopping telefone,1,414,0.0024154589371980675,9.439613526570048,True
polícia federal joinville passaporte horário de atendimento,1,208,0.004807692307692308,8.870192307692307,True
posto da polícia federal mais próximo,1,16,0.0625,10.75,False
praca almeida junior,1,5,0.2,5.2,False
praça de alimentação garten shopping,1,45,0.022222222222222223,8.466666666666667,True
premiações,1,245,0.004081632653061225,22.57551020408163,True
premio abrasce 2025,1,63,0.015873015873015872,6.5396825396825395,True
preçolandia mais próxima,1,36,0.027777777777777776,12.694444444444445,True
privacy do almeida,1,71,0.014084507042253521,6.591549295774648,True
promoção natal norte shopping,1,2,0.5,1.0,False
promoção norte shopping blumenau,1,3,0.3333333333333333,4.333333333333334,False
promoção shopping continente,1,198,0.005050505050505051,4.353535353535353,True
promoção shopping neumarkt,1,54,0.018518518518518517,8.537037037037038,True
promoções norte shopping,1,2,0.5,3.0,False
promoções shopping balneario camboriu,1,15,0.06666666666666667,6.266666666666667,False
proquality premium,1,387,0.002583979328165375,10.317829457364342,True
puket joinville,1,60,0.016666666666666666,7.066666666666666,True
quais as lojas,1,1,1.0,3.0,False
quais shopping tem em balneário camboriú,1,54,0.018518518518518517,10.907407407407407,True
qual andar fica?,1,1,1.0,2.0,False
qual e maior,1,1,1.0,1.0,False
qual grupo,1,1,1.0,1.0,False
qual melhor shopping de sao jose dos campos,1,6,0.16666666666666666,2.0,False
qual o melhor,1,3,0.3333333333333333,4.666666666666666,False
qual o melhor shopping de santa catarina,1,17,0.058823529411764705,7.352941176470588,False
qual o site?,1,1,1.0,1.0,False
qual é o maior,1,4,0.25,1.75,False
qual é o maior shopping de balneário camboriú,1,33,0.030303030303030304,6.7272727272727275,False
qual é o maior shopping de blumenau,1,93,0.010752688172043012,6.204301075268817,True
qual é o maior shopping de santa catarina,1,330,0.0030303030303030303,8.1,True
quantos shopping tem em balneário camboriú,1,1180,0.000847457627118644,9.391525423728813,True
quantos shopping tem em criciuma,1,16,0.0625,8.625,False
quantos shopping tem em florianópolis,1,401,0.0024937655860349127,9.229426433915211,True
quantos shopping tem em joinville,1,885,0.0011299435028248588,8.631638418079095,True
quantos shoppings tem em balneário camboriú,1,627,0.001594896331738437,9.542264752791068,True
quantos shoppings tem em florianópolis,1,401,0.0024937655860349127,8.281795511221945,True
quem foi o ganhador,1,2,0.5,3.0,False
rede de shopping,1,682,0.001466275659824047,10.939882697947214,True
rede de shoppings,1,481,0.002079002079002079,11.688149688149688,True
renovar passaporte joinville,1,97,0.010309278350515464,1.9587628865979383,True
restaurante boali,1,851,0.0011750881316098707,5.882491186839013,True
restaurante em balneário camboriú,1,4,0.25,2.0,False
restaurante perto do norte shopping,1,2,0.5,8.0,False
restaurante shopping continente,1,115,0.008695652173913044,10.443478260869565,True
restaurantes no norte shopping,1,36,0.027777777777777776,7.388888888888889,True
resultado final,1,1,1.0,4.0,False
riachuelo casa,1,18038,5.5438518682780794e-05,4.857966515134716,True
riachuelo joinville,1,11,0.09090909090909091,5.090909090909091,False
riachuelo porto alegre shopping,1,9,0.1111111111111111,1.0,False
riachuelo shopping balneario camboriu,1,33,0.030303030303030304,2.5757575757575757,False
roupinhas,1,1,1.0,5.0,False
salao de beleza balneario shopping,1,5,0.2,10.2,False
sandálias brasileiras marcas,1,8,0.125,1.625,False
santa lolla,1,1457,0.0006863417982155113,15.897735072065888,True
schütz,1,69,0.014492753623188406,1.927536231884058,True
sephora balneario,1,654,0.0015290519877675841,10.0,True
sephora brasil camboriu,1,90,0.011111111111111112,7.588888888888889,True
sephora camboriu,1,722,0.0013850415512465374,8.655124653739612,True
sexta feira,1,1,1.0,1.0,False
shoping,1,5,0.2,9.4,False
shoping balneario,1,98,0.01020408163265306,12.275510204081632,True
shoping joinville,1,41,0.024390243902439025,10.707317073170731,True
shopping aberto hoje,1,1,1.0,1.0,False
shopping almeida junior florianopolis,1,13,0.07692307692307693,5.615384615384615,False
shopping balneario camboriu lojas,1,32,0.03125,11.21875,False
shopping balneario lojas,1,256,0.00390625,10.07421875,True
shopping balneário lojas,1,166,0.006024096385542169,10.903614457831326,True
shopping bc,1,718,0.001392757660167131,9.086350974930362,True
shopping camboriu lojas,1,192,0.005208333333333333,8.557291666666668,True
shopping camboriú,1,501,0.001996007984031936,13.063872255489022,True
shopping center,1,1354,0.0007385524372230429,31.368537666174298,True
shopping continental sao jose,1,231,0.004329004329004329,5.796536796536796,True
shopping continente praça de alimentação,1,40,0.025,7.525,True
shopping continente restaurantes,1,96,0.010416666666666666,9.229166666666666,True
shopping continente sc,1,604,0.0016556291390728477,7.4072847682119205,True
shopping continente são josé,1,181,0.0055248618784530384,7.651933701657459,True
shopping de balneario camboriu,1,96,0.010416666666666666,16.125,True
shopping de balneário camboriú,1,3178,0.00031466331025802394,9.932976714915041,True
shopping de santa catarina,1,231,0.004329004329004329,11.904761904761905,True
shopping em blumenau sc,1,258,0.003875968992248062,11.782945736434108,True
shopping em joinville,1,3569,0.0002801905295601009,11.043709722611375,True
shopping em palhoca,1,2,0.5,3.0,False
shopping em sc,1,150,0.006666666666666667,8.866666666666667,True
shopping floripa,1,44,0.022727272727272728,36.52272727272727,True
shopping garden,1,855,0.0011695906432748538,9.291228070175439,True
shopping garden joinville,1,1617,0.0006184291898577613,8.53308596165739,True
shopping garten joinville,1,4823,0.00020733982998133942,8.070080862533693,True
shopping grande,1,28,0.03571428571428571,12.5,False
shopping imbituba,1,13,0.07692307692307693,28.153846153846153,False
shopping mais proximo a mim,1,1,1.0,1.0,False
shopping nacoes,1,3314,0.00030175015087507544,6.720277610138805,True
shopping nações limeira,1,21,0.047619047619047616,6.857142857142857,False
shopping neumarkt trabalhe conosco,1,24,0.041666666666666664,9.625,False
shopping newmarket,1,394,0.0025380710659898475,7.634517766497462,True
shopping santa catarina,1,187,0.0053475935828877,20.13903743315508,True
shopping santa catarina lojas,1,6,0.16666666666666666,33.833333333333336,False
shopping santa ursula ribeirão preto,1,432,0.0023148148148148147,11.354166666666666,True
shoppings,1,3480,0.00028735632183908046,10.66264367816092,True
shoppings em sao paulo,1,10,0.1,147.9,False
shoppings santa catarina,1,45,0.022222222222222223,6.866666666666666,True
shutz,1,130,0.007692307692307693,6.746153846153846,True
sipat 2025,1,99,0.010101010101010102,3.5757575757575757,True
sorteio carro garten shopping joinville,1,41,0.024390243902439025,8.682926829268293,True
sorteio natal shopping neumarkt,1,2,0.5,10.0,False
sorteio shopping balneario,1,38,0.02631578947368421,6.947368421052632,True
spot one balneario,1,48,0.020833333333333332,9.520833333333334,True
susana barbosa elle,1,1243,0.0008045052292839903,5.7650844730490745,True
sushi continente shopping,1,12,0.08333333333333333,10.0,False
taco bell mais próximo,1,13,0.07692307692307693,3.3846153846153846,False
telefone almeida junior,1,66,0.015151515151515152,3.212121212121212,True
tem loja da natura no shopping,1,1,1.0,1.0,False
tenis schutz feminino,1,10,0.1,4.6,False
the spot on,1,12,0.08333333333333333,6.083333333333333,False
tênis schutz original,1,27,0.037037037037037035,2.851851851851852,False
uza,1,256,0.00390625,4.94921875,True
uza shoes lojas sp,1,18,0.05555555555555555,12.055555555555555,False
vaga de emprego marketing,1,1,1.0,1.0,False
vagas de vigilante em blumenau,1,10,0.1,1.0,False
vagas para vigilante em blumenau,1,2,0.5,1.0,False
vai ter mais?,1,1,1.0,2.0,False
valor do cinema norte shopping,1,1,1.0,1.0,False
valor estacionamento garten shopping joinville,1,11,0.09090909090909091,4.272727272727273,False
valor estacionamento shopping balneário camboriú,1,356,0.0028089887640449437,9.952247191011235,True
valor estacionamento shopping garten joinville,1,177,0.005649717514124294,8.451977401129945,True
valor estacionamento shopping neumarkt,1,184,0.005434782608695652,9.956521739130435,True
valor franquia crocs,1,68,0.014705882352941176,10.058823529411764,True
van shopping,1,3,0.3333333333333333,6.666666666666667,False
vans balneario,1,247,0.004048582995951417,6.7408906882591095,True
vans blumenau,1,138,0.007246376811594203,7.369565217391305,True
vans camboriu,1,79,0.012658227848101266,6.936708860759493,True
vans lojas,1,470,0.002127659574468085,12.0,True
vans norte shopping,1,40,0.025,9.2,True
vans store,1,38,0.02631578947368421,13.236842105263158,True
vans store balneário camboriú,1,160,0.00625,7.3375,True
vans store fotos,1,544,0.001838235294117647,7.3713235294117645,True
varejo tech day,1,457,0.002188183807439825,8.461706783369802,True
verifica,1,1,1.0,1.0,False
vestuário,1,1,1.0,2.0,False
vivo nacoes shopping,1,29,0.034482758620689655,7.827586206896552,False
way model,1,69,0.014492753623188406,15.753623188405797,True
wilson de almeida junior,1,30,0.03333333333333333,12.766666666666667,False
zara balneario shopping,1,519,0.0019267822736030828,11.15606936416185,True
zara balneário shopping,1,113,0.008849557522123894,11.530973451327434,True
óticas diniz fotos,1,293,0.0034129692832764505,3.8293515358361776,True
"""32 million visitors"" shopping center",0,4,0.0,10.75,True
"""32 million visitors"" shopping mall",0,2,0.0,10.0,False
"""adcos""",0,4,0.0,61.5,True
"""adcos"" -site:reddit.com -site:twitter.com -site:x.com -site:wykop.pl -site:tripadvisor.com -site:youtube.com -site:yelp.com -site:booking.com -site:facebook.com -site:instagram.com -site:tiktok.com",0,3,0.0,7.666666666666667,True
"""almeida",0,1,0.0,9.0,False
"""animale"" -""off"" -""cupom"" -""código"" -""desconto"" -site:reddit.com -site:twitter.com -site:x.com -site:wykop.pl -site:tripadvisor.com -site:youtube.com -site:yelp.com -site:booking.com -site:facebook.com -site:instagram.com -site:tiktok.com",0,3,0.0,7.333333333333333,True
"""app"" -site:reddit.com -site:twitter.com -site:x.com -site:wykop.pl -site:tripadvisor.com -site:youtube.com -site:yelp.com -site:booking.com -site:facebook.com -site:instagram.com -site:tiktok.com",0,1,0.0,8.0,False
"""av. almeida j",0,13,0.0,6.846153846153846,True
"""avenida almeida j",0,2,0.0,11.5,False
"""balneario shopping"" sephora",0,33,0.0,3.787878787878788,True
"""balneário shopping"" ""quem disse, berenice""",0,57,0.0,8.666666666666668,True
"""balneário shopping"" ""sephora""",0,7,0.0,3.0,True
"""balneário shopping"" ""starbucks""",0,5,0.0,8.4,True
"""balneário shopping"" cacau show",0,1,0.0,9.0,False
"""balneário shopping"" o boticário",0,1,0.0,12.0,False
"""balneário shopping"" sephora",0,72,0.0,2.1805555555555554,True
"""balneário shopping"" starbucks",0,37,0.0,8.783783783783784,True
"""balneário shopping""",0,34,0.0,9.852941176470589,True
"""balneário shopping"" location",0,27,0.0,9.555555555555555,True
"""balneário shopping"" owner",0,88,0.0,1.0227272727272727,True
"""balneário shopping"" owner company",0,19,0.0,1.0,True
"""balneário shopping"" ownership",0,29,0.0,1.6896551724137931,True
"""bar do alem",0,1,0.0,4.0,False
"""boliche"" ""garten shopping"" joinville",0,2,0.0,5.5,False
"""boutique do p",0,2,0.0,8.5,False
"""business opportunities""",0,7,0.0,51.142857142857146,True
"""casa riachuelo""",0,2,0.0,9.5,False
"""cotton on""",0,1,0.0,3.0,False
"""cupom"" ""aniversário"" ""centauro"" ""data de nascimento""",0,1,0.0,11.0,False
"""garten shopping"" joinville",0,732,0.0,6.151639344262295,True
"""homeowners association fee(monthly)"" sells",0,2,0.0,28.0,False
"""junikraut"" garten",0,10,0.0,2.2,True
"""kfc"" restaurant",0,12,0.0,10.416666666666666,True
"""kopenhagen"" ""balneário shopping""",0,8,0.0,9.0,True
"""mall"" ""opened in 2016"" ""cinema""",0,8,0.0,8.125,True
"""mega sale days""",0,1,0.0,9.0,False
"""megasaledays"" or megasaledays.com or ""mega sale days""",0,1,0.0,8.0,False
"""nações shopping"" criciúma",0,11,0.0,6.0,True
"""nações shopping"" criciúma endereço",0,119,0.0,7.319327731092437,True
"""nad"" ""longevity"" -site:reddit.com -site:twitter.com -site:x.com -site:wykop.pl -site:tripadvisor.com -site:youtube.com -site:yelp.com -site:booking.com -site:facebook.com -site:instagram.com -site:tiktok.com",0,2,0.0,3.5,False
"""national retail federation""",0,1,0.0,114.0,False
"""o boticário"" ""balneário shopping""",0,1,0.0,12.0,False
"""p + varten""",0,6,0.0,9.333333333333334,True
"""p+varten""",0,11,0.0,9.181818181818182,True
"""paris 6"" ""balneário camboriú""",0,17,0.0,5.823529411764706,True
"""preta"" ""atendimento"" ""cuidado"" -site:reddit.com -site:twitter.com -site:x.com -site:wykop.pl -site:tripadvisor.com -site:youtube.com -site:yelp.com -site:booking.com -site:facebook.com -site:instagram.com -site:tiktok.com",0,1,0.0,8.0,False
"""quem disse, berenice"" ""balneário shopping""",0,8,0.0,9.125,True
"""r. almeida j",0,1,0.0,3.0,False
"""sephora"" ""balneário camboriú""",0,104,0.0,5.105769230769231,True
"""sephora"" ""balneário camboriú"" loja",0,7,0.0,7.142857142857143,True
"""sephora"" ""balneário shopping""",0,61,0.0,2.5081967213114753,True
"""shopping"" -site:reddit.com -site:twitter.com -site:x.com -site:wykop.pl -site:tripadvisor.com -site:youtube.com -site:yelp.com -site:booking.com -site:facebook.com -site:instagram.com -site:tiktok.com",0,4,0.0,5.5,True
"""starbucks"" ""balneário shopping""",0,89,0.0,8.932584269662922,True
"""what year was the municipality of almeida"" founded",0,1,0.0,4.0,False
"""zara"" -site:reddit.com -site:twitter.com -site:x.com -site:wykop.pl -site:tripadvisor.com -site:youtube.com -site:yelp.com -site:booking.com -site:facebook.com -site:instagram.com -site:tiktok.com",0,2,0.0,5.0,False
"""ótica óculos express"" ""na express"" -site:reddit.com -site:twitter.com -site:x.com -site:wykop.pl -site:tripadvisor.com -site:youtube.com -site:yelp.com -site:booking.com -site:facebook.com -site:instagram.com -site:tiktok.com",0,1,0.0,2.0,False
#balnearioshopping,0,17,0.0,13.529411764705882,True
#flaviaalessandra,0,1,0.0,73.0,False
%montana restaurant/retail assns. company,0,4,0.0,9.0,True
+canal,0,1,0.0,1.0,False
+montana restaurant/retail assns. company,0,1,0.0,10.0,False
00006 sh joinville,0,16,0.0,9.4375,True
00110 sh camboriu,0,5,0.0,7.2,True
01452 000,0,2,0.0,11.0,False
01452-000,0,29,0.0,11.379310344827585,True
0800 772 3555,0,174,0.0,10.781609195402298,True
0800 riachuelo cartão,0,1,0.0,2.0,False
0800 riachuelo midway,0,1,0.0,3.0,False
"1,99",0,1,0.0,15.0,False
10 days sale,0,1,0.0,14.0,False
10 melhores cidades de santa catarina,0,4,0.0,1.0,True
10 pasteis sh jve garten shopping,0,101,0.0,8.98019801980198,True
100 famílias mais ricas do brasil,0,1,0.0,70.0,False
1s44c luz da lua,0,1,0.0,3.0,False
1spot,0,1,0.0,1.0,False
1st kentucky fried chicken restaurant,0,1,0.0,96.0,False
1st kfc,0,1,0.0,25.0,False
1st kfc restaurant,0,3,0.0,74.0,True
2020 vibe,0,2,0.0,82.0,False
2024,0,1,0.0,3.0,False
21 reais,0,1,0.0,9.0,False
211,0,9,0.0,3.3333333333333335,True
2277 faria lima,0,73,0.0,9.63013698630137,True
240.000,0,1,0.0,2.0,False
24g2100031,0,1,0.0,5.0,False
3 possible business opportunities,0,1,0.0,34.0,False
30 minutos,0,1,0.0,3.0,False
3cash,0,1,0.0,72.0,False
40 years celebration,0,2,0.0,10.5,False
4a81,0,1,0.0,1.0,False
50 marketplace avenue,0,1,0.0,39.0,False
5r shopping centers,0,2,0.0,56.0,False
6 continente,0,2,0.0,64.0,False
600 pontos,0,1,0.0,4.0,False
676 administradora,0,2,0.0,41.0,False
6937 balneario camboriu,0,1,0.0,11.0,False
8 anos,0,1,0.0,7.0,False
83. imobiliária inovadora joinville,0,3,0.0,59.0,True
944 schutz,0,1,0.0,5.0,False
98a.com,0,1,0.0,4.0,False
?,0,1,0.0,9.0,False
@susanabarbosa,0,16,0.0,8.8125,True
[loja taco norte shopping],0,5,0.0,8.6,True
__aalmeidaa,0,1,0.0,17.0,False
a a j,0,1,0.0,9.0,False
a aj,0,41,0.0,7.341463414634147,True
a almeida,0,12,0.0,10.166666666666666,True
a brigadeiria,0,5,0.0,61.8,True
a casa bauducco,0,5,0.0,7.6,True
a crocs,0,1,0.0,46.0,False
a d mall,0,1,0.0,6.0,False
a empregada balneario shopping,0,26,0.0,10.26923076923077,True
a empregada continente,0,1,0.0,12.0,False
a empregada continente shopping,0,75,0.0,10.693333333333333,True
a empregada garten,0,2,0.0,11.5,False
a empregada garten shopping,0,5,0.0,10.4,True
a empregada nacoes shopping,0,17,0.0,11.294117647058824,True
a empregada shopping continente,0,1,0.0,11.0,False
a era do dragão,0,1,0.0,1.0,False
a era dos dragoes,0,2,0.0,69.0,False
a era dos dragões,0,1,0.0,1.0,False
a feet,0,3,0.0,48.0,True
a foto da,0,1,0.0,1.0,False
a guerreiro,0,2,0.0,43.0,False
a j,0,20,0.0,9.05,True
a j app,0,2,0.0,3.5,False
a j e,0,1,0.0,5.0,False
a j realty,0,7,0.0,5.285714285714286,True
a jr,0,2,0.0,6.0,False
a jum,0,2,0.0,8.0,False
a juni,0,2,0.0,8.5,False
a l o boutique,0,1,0.0,33.0,False
a largura,0,1,0.0,1.0,False
a loja centauro,0,44,0.0,6.409090909090909,True
a loja riachuelo,0,1,0.0,15.0,False
a marca melissa é brasileira,0,4,0.0,8.75,True
a marca salinas é brasileira,0,6,0.0,10.5,True
a marca santa lolla é brasileira,0,1,0.0,20.0,False
a odisseia balneario shopping,0,2,0.0,12.0,False
a qual continente o brasil pertence,0,1,0.0,41.0,False
a que hora abre,0,1,0.0,15.0,False
a ri,0,3,0.0,81.0,True
a riachuelo,0,5,0.0,26.0,True
a s garten,0,1,0.0,42.0,False
a spoleto,0,3,0.0,6.0,True
a terra dos dragões,0,1,0.0,73.0,False
a zara do balneario shopping fechou,0,5,0.0,13.0,True
"a ética profissional envolve um conjunto de princípios e normas que orientam a conduta dos profissionais em suas atividades, garantindo a integridade, a transparência e o respeito nas relações de trabalho. ela estabelece diretrizes para o comportamento adequado, pautado em honestidade, imparcialidade e compromisso com a qualidade do serviço prestado. com base nos princípios da ética profissional, assinale a alternativa correta:",0,1,0.0,11.0,False
"a,aj",0,1,0.0,9.0,False
a. almeida,0,2,0.0,10.0,False
a. j,0,1,0.0,11.0,False
a.aj,0,1,0.0,7.0,False
a.almeida,0,4,0.0,9.25,True
a.j,0,2,0.0,3.0,False
a.j.,0,1,0.0,10.0,False
a.j.s,0,1,0.0,1.0,False
aaa mall,0,1,0.0,37.0,False
aalmeida,0,14,0.0,8.071428571428571,True
aartwalk,0,7,0.0,7.142857142857143,True
abafadores de ouvido para autistas,0,1,0.0,49.0,False
abertura continente,0,1,0.0,6.0,False
abertura do continente,0,1,0.0,13.0,False
abertura do norte shopping,0,1,0.0,13.0,False
abertura dos shoppings,0,3,0.0,76.33333333333333,True
abertura loja shopping,0,1,0.0,10.0,False
abertura norte shopping,0,1,0.0,83.0,False
abertura shopping,0,3,0.0,10.0,True
abl,0,30,0.0,80.23333333333333,True
abl 2,0,1,0.0,10.0,False
abl 2018,0,1,0.0,12.0,False
abl brasil,0,1,0.0,46.0,False
abl kleding,0,1,0.0,39.0,False
abl marketing,0,10,0.0,62.5,True
abl prime,0,6,0.0,39.333333333333336,True
abl sa,0,1,0.0,89.0,False
abl sc,0,28,0.0,51.5,True
abl shopping,0,286,0.0,19.98951048951049,True
abl shoppings,0,14,0.0,20.428571428571427,True
abl store,0,1,0.0,76.0,False
abl total,0,6,0.0,25.666666666666668,True
abl trabalhe conosco,0,3,0.0,33.0,True
abl ジュニア,0,18,0.0,77.61111111111111,True
abra ipo,0,2,0.0,89.0,False
abra mall,0,1,0.0,6.0,False
abracadabra norte shopping,0,18,0.0,11.055555555555555,True
abrasca,0,1,0.0,2.0,False
abrasce,0,54,0.0,26.166666666666668,True
abrasce 2025,0,91,0.0,6.241758241758242,True
abrasce news,0,206,0.0,8.29126213592233,True
abrasce news today,0,2,0.0,10.5,False
abrasce premio,0,1,0.0,16.0,False
abrasce shopping,0,2,0.0,36.5,False
abrasce shoppings,0,4,0.0,48.5,True
abre no domingo?,0,1,0.0,1.0,False
abrigo esportivo feminino,0,1,0.0,1.0,False
abrir loja em shopping,0,24,0.0,87.45833333333333,True
abrir loja shopping,0,77,0.0,81.92207792207792,True
abrir shopping,0,1,0.0,6.0,False
academia,0,2,0.0,1.0,False
academia almeida jj,0,1,0.0,7.0,False
academia blumenau,0,1,0.0,1.0,False
academia continente,0,1,0.0,64.0,False
academia florianopolis,0,1,0.0,1.0,False
academia gift,0,1,0.0,37.0,False
academia ingleses,0,3,0.0,2.0,True
academia ingleses florianópolis,0,1,0.0,1.0,False
academia nações shopping,0,4,0.0,37.75,True
academia no,0,1,0.0,64.0,False
academia perto de mim,0,1,0.0,1.0,False
academia pro quality,0,113,0.0,8.4070796460177,True
academia proquality,0,41,0.0,15.658536585365853,True
academia proquality canasvieiras,0,1,0.0,22.0,False
academia proquality preço,0,7,0.0,1.0,True
academia quality premium,0,32,0.0,9.3125,True
academia quality shopping,0,1,0.0,14.0,False
academia shopping garten,0,1,0.0,4.0,False
academia shopping neumarkt,0,1,0.0,25.0,False
academias,0,1,0.0,1.0,False
academias ingleses,0,3,0.0,4.0,True
acate inovação,0,6,0.0,87.16666666666667,True
acate santa catarina,0,1,0.0,29.0,False
acate startups,0,1,0.0,31.0,False
acate são josé,0,1,0.0,8.0,False
acated,0,2,0.0,92.5,False
accessories store company blumenau,0,3,0.0,15.333333333333334,True
acelera kart,0,1,0.0,2.0,False
acessar,0,1,0.0,5.0,False
achievement commerce,0,2,0.0,9.0,False
achultz,0,2,0.0,3.5,False
achutz,0,1,0.0,11.0,False
achuz,0,1,0.0,1.0,False
acidente de joao almeida dias,0,1,0.0,9.0,False
acidente joao almeida dias,0,1,0.0,10.0,False
acium blumenau,0,12,0.0,8.5,True
acium continente shopping,0,1,0.0,64.0,False
acium norte shopping,0,1,0.0,1.0,False
acompanhante urubici,0,3,0.0,36.0,True
aconchego dos bora,0,1,0.0,10.0,False
action care,0,2,0.0,13.0,False
ad life style lojas,0,1,0.0,30.0,False
ad lifestyle,0,2,0.0,6.5,False
ad mall,0,2,0.0,51.0,False
ad malls,0,5,0.0,49.2,True
ad shopping,0,1,0.0,56.0,False
ad shopping dono,0,2,0.0,48.5,False
ad shoppings,0,9,0.0,54.22222222222222,True
ad3 blumenau,0,1,0.0,1.0,False
adbom,0,1,0.0,56.0,False
adcod.com,0,1,0.0,47.0,False
adcos,0,60,0.0,36.93333333333333,True
adcos balneario camboriu,0,4,0.0,15.25,True
adcos bh,0,3,0.0,31.666666666666668,True
adcos black friday,0,1,0.0,42.0,False
adcos blumenau,0,23,0.0,8.434782608695652,True
adcos cnpj,0,5,0.0,3.6,True
adcos cosmeticos,0,2,0.0,53.5,False
adcos cosmetics,0,21,0.0,36.285714285714285,True
adcos curitiba,0,1,0.0,23.0,False
adcos franquia,0,5,0.0,48.4,True
adcos instagram,0,1,0.0,73.0,False
adcos linkedin,0,1,0.0,69.0,False
adcos logo,0,4,0.0,1.0,True
adcos loja,0,1,0.0,35.0,False
adcos norte shopping,0,21,0.0,8.714285714285715,True
adcos park shopping,0,6,0.0,93.0,True
adcos plaza shopping,0,2,0.0,9.0,False
adcos sao paulo,0,1,0.0,32.0,False
adcos são paulo,0,1,0.0,35.0,False
adelio nome,0,1,0.0,68.0,False
adidas,0,1,0.0,8.0,False
adidas aspyre masculino,0,1,0.0,2.0,False
adidas blumenau,0,1,0.0,6.0,False
adidas continente shopping,0,22,0.0,10.909090909090908,True
adidas game court,0,1,0.0,6.0,False
adidas garten shopping,0,10,0.0,11.6,True
adidas midcity low,0,1,0.0,3.0,False
adidas shopping continente,0,15,0.0,10.266666666666667,True
adidas shopping garten,0,1,0.0,11.0,False
adidas shopping neumarkt,0,1,0.0,2.0,False
adm,0,5,0.0,3.4,True
adm shopping,0,9,0.0,7.444444444444445,True
admall,0,4,0.0,37.75,True
administradora de shopping centers,0,491,0.0,44.74541751527495,True
administradora de shoppings em porto alegre,0,37,0.0,29.81081081081081,True
administradora mundo verde,0,5,0.0,12.0,True
administradora shopping,0,1,0.0,88.0,False
administradoras de shopping,0,94,0.0,74.59574468085107,True
administradoras de shoppings,0,229,0.0,65.78165938864629,True
administradoras de shoppings centers no brasil,0,57,0.0,72.3157894736842,True
administradoras de shoppings rj,0,77,0.0,71.98701298701299,True
administradoras de shoppings sp,0,18,0.0,56.333333333333336,True
administração de shopping,0,7,0.0,51.142857142857146,True
administração de shopping centers,0,196,0.0,83.6938775510204,True
administração shopping,0,2,0.0,7.0,False
admjin,0,2,0.0,21.5,False
advb,0,66,0.0,73.37878787878788,True
advb sc,0,5,0.0,29.8,True
advb/sc,0,1,0.0,28.0,False
adventure mall,0,1,0.0,46.0,False
advertising 2021,0,1,0.0,62.0,False
aen profile,0,1,0.0,11.0,False
aertwalk,0,2,0.0,54.5,False
aerwalk,0,2,0.0,7.0,False
aestetic feet,0,1,0.0,9.0,False
aet walk,0,5,0.0,9.2,True
aetwalk,0,21,0.0,7.809523809523809,True
afro talentos em destaque,0,3,0.0,75.0,True
ag malls,0,1,0.0,92.0,False
agence marketplace,0,1,0.0,88.0,False
agence milon,0,1,0.0,11.0,False
agencia de viagens em blumenau,0,5,0.0,94.6,True
agencia junior,0,2,0.0,37.0,False
agencia way,0,1,0.0,25.0,False
agenciasjop.com,0,1,0.0,4.0,False
agenda continente,0,1,0.0,7.0,False
agendamento passaporte joinville,0,19,0.0,40.78947368421053,True
agendar passaporte joinville,0,5,0.0,38.2,True
agj new business ltda,0,2,0.0,10.0,False
agree to privacy statement,0,2,0.0,8.5,False
agência shopping,0,1,0.0,8.0,False
agência way,0,13,0.0,43.69230769230769,True
ah fans,0,1,0.0,2.0,False
ahopping balneario,0,4,0.0,9.75,True
ahopping center,0,2,0.0,4.0,False
ahopping continente,0,7,0.0,8.571428571428571,True
ahopping malls,0,1,0.0,10.0,False
ahopping norte,0,3,0.0,11.666666666666666,True
ahoppings,0,3,0.0,7.666666666666667,True
aimeida,0,5,0.0,8.8,True
ainda está ativa,0,1,0.0,3.0,False
ainda está disponível,0,1,0.0,4.0,False
ainda está valendo?,0,1,0.0,3.0,False
ainda existe?,0,1,0.0,5.0,False
airtwalk,0,7,0.0,12.571428571428571,True
aitentic feet,0,6,0.0,17.666666666666668,True
aithentic feet,0,41,0.0,10.121951219512194,True
aj,0,372,0.0,9.131720430107526,True
aj apo,0,14,0.0,4.357142857142858,True
aj appl,0,13,0.0,8.615384615384615,True
aj application,0,1,0.0,2.0,False
aj beta,0,1,0.0,38.0,False
aj bloom,0,1,0.0,8.0,False
aj by,0,1,0.0,11.0,False
aj card,0,3,0.0,10.0,True
aj chapeco,0,3,0.0,80.0,True
aj coe,0,1,0.0,1.0,False
aj di,0,1,0.0,2.0,False
aj digital,0,10,0.0,5.2,True
aj empreendimentos,0,2,0.0,20.0,False
aj empresa,0,2,0.0,1.5,False
aj empresarial,0,2,0.0,5.5,False
aj empresarial criciuma,0,36,0.0,9.305555555555555,True
aj fa,0,6,0.0,1.1666666666666667,True
"aj fans, latest",0,1,0.0,14.0,False
aj fashion,0,1,0.0,3.0,False
aj fun,0,2,0.0,7.5,False
aj gift,0,1,0.0,2.0,False
aj gifts,0,2,0.0,9.0,False
aj home,0,3,0.0,7.666666666666667,True
aj jr,0,6,0.0,8.0,True
aj junior,0,11,0.0,8.90909090909091,True
aj lab,0,3,0.0,4.333333333333334,True
aj link,0,1,0.0,46.0,False
aj login,0,42,0.0,7.309523809523809,True
aj ma,0,1,0.0,8.0,False
aj mall,0,7,0.0,7.285714285714286,True
aj malls fundo de investimento imobiliario,0,2,0.0,49.5,False
aj malls shoppings e merchandising s.a,0,23,0.0,5.565217391304348,True
aj marca,0,2,0.0,10.0,False
aj marketing,0,5,0.0,11.2,True
aj marketplace,0,2,0.0,1.5,False
aj mide,0,1,0.0,6.0,False
aj mix,0,1,0.0,10.0,False
aj moda,0,1,0.0,30.0,False
aj n,0,4,0.0,8.25,True
aj noticias blumenau,0,6,0.0,7.5,True
aj oficina,0,1,0.0,10.0,False
aj one,0,1,0.0,7.0,False
aj parking,0,1,0.0,6.0,False
aj partenaires,0,1,0.0,35.0,False
aj plaza,0,2,0.0,5.0,False
aj realty desenvolvimento imobiliario ltda,0,14,0.0,4.5,True
aj realty group,0,11,0.0,6.7272727272727275,True
aj renner,0,1,0.0,4.0,False
aj residence,0,4,0.0,8.75,True
aj sc,0,6,0.0,5.333333333333333,True
aj se code,0,1,0.0,13.0,False
aj shop,0,13,0.0,12.384615384615385,True
aj shopping center,0,4,0.0,5.5,True
aj shops,0,11,0.0,9.181818181818182,True
aj shops malas,0,5,0.0,14.8,True
aj shows,0,5,0.0,4.4,True
aj spot,0,1,0.0,6.0,False
aj stores,0,11,0.0,36.81818181818182,True
aj summit,0,2,0.0,5.0,False
aj talentos,0,7,0.0,13.857142857142858,True
aj tecnologia,0,9,0.0,10.666666666666666,True
aj vip,0,2,0.0,5.5,False
aj way,0,1,0.0,19.0,False
aj web,0,1,0.0,1.0,False
aj xv,0,2,0.0,39.0,False
aj*,0,1,0.0,12.0,False
aj-marketing,0,1,0.0,19.0,False
aj.,0,1,0.0,3.0,False
aj.com,0,1,0.0,2.0,False
aj.ri,0,1,0.0,2.0,False
aj:,0,1,0.0,3.0,False
aj[,0,3,0.0,1.6666666666666665,True
aj],0,5,0.0,7.0,True
ajanns,0,1,0.0,1.0,False
ajc,0,3,0.0,4.666666666666666,True
ajc gateway ltda,0,14,0.0,3.5,True
ajcm marketing,0,1,0.0,7.0,False
aje,0,3,0.0,5.0,True
ajfamily,0,1,0.0,31.0,False
ajfan coupon code,0,1,0.0,14.0,False
ajfan near me,0,2,0.0,11.5,False
ajfan store,0,3,0.0,12.0,True
ajfans sorteio blumenau,0,73,0.0,1.5342465753424657,True
ajfi11,0,3,0.0,3.0,True
ajhome,0,2,0.0,8.5,False
ajjs,0,6,0.0,1.0,True
ajlog,0,5,0.0,8.4,True
ajm,0,4,0.0,1.75,True
ajmall,0,2,0.0,2.5,False
ajq,0,1,0.0,54.0,False
ajs,0,46,0.0,1.0434782608695652,True
ajs place,0,2,0.0,96.5,False
aju shopping,0,1,0.0,23.0,False
aj파크 앱,0,2,0.0,36.5,False
akfans,0,1,0.0,2.0,False
akmeida,0,2,0.0,9.0,False
al almeida,0,1,0.0,9.0,False
al eida,0,2,0.0,8.0,False
al meida,0,13,0.0,8.307692307692307,True
al.eida,0,5,0.0,6.6,True
alameda blumenau,0,3,0.0,51.333333333333336,True
alameda catharina,0,1,0.0,35.0,False
alameda center,0,5,0.0,4.4,True
alameda cinema,0,30,0.0,68.9,True
alameda continente,0,11,0.0,22.272727272727273,True
alameda das nações,0,2,0.0,53.0,False
alameda florianópolis,0,1,0.0,67.0,False
alameda futuro,0,2,0.0,7.0,False
alameda junior,0,1,0.0,1.0,False
alameda mall,0,3,0.0,41.0,True
alameda norte,0,2,0.0,56.0,False
alameda que significa,0,2,0.0,83.0,False
alameda shopping brasilia,0,1,0.0,68.0,False
alameda shopping center,0,1,0.0,1.0,False
alameda shopping cinema,0,19,0.0,63.578947368421055,True
alameda shopping continente,0,5,0.0,27.2,True
alameda shopping lojas,0,17,0.0,49.588235294117645,True
alameda shopping mall,0,2,0.0,59.5,False
alameda shopping porto,0,4,0.0,84.0,True
alameda shopping restaurantes,0,3,0.0,72.33333333333333,True
alameda shopping telefone,0,2,0.0,69.5,False
alameda towne center,0,1,0.0,76.0,False
alarme center avenida norte,0,1,0.0,11.0,False
aldo shoes brasil,0,1,0.0,1.0,False
alemao bar,0,3,0.0,7.333333333333333,True
alemao de itu,0,3,0.0,38.666666666666664,True
alemao itu,0,13,0.0,31.53846153846154,True
alemao parmegiana,0,1,0.0,3.0,False
alemdia,0,1,0.0,48.0,False
alemeida,0,17,0.0,11.647058823529411,True
alemida,0,165,0.0,12.89090909090909,True
alemão bar,0,1,0.0,7.0,False
alemão de itu,0,1,0.0,26.0,False
alemão em itu,0,2,0.0,29.0,False
alemão express,0,1,0.0,10.0,False
alemão itu,0,5,0.0,37.2,True
alessandra atriz,0,9,0.0,15.555555555555555,True
alessandra flavia,0,3,0.0,13.666666666666666,True
alexandre birman,0,1,0.0,3.0,False
alexandre birman esposa,0,1,0.0,2.0,False
alexandre birman marca,0,1,0.0,5.0,False
alexandre birman marcas,0,7,0.0,1.0,True
alexandre birman schutz,0,1,0.0,1.0,False
alexandre birman site,0,1,0.0,3.0,False
alexandria shopping,0,1,0.0,11.0,False
alfajor argentino,0,1,0.0,1.0,False
alfajor da havanna,0,2,0.0,4.5,False
alfajor havanna,0,3,0.0,5.333333333333333,True
alfred schütz,0,2,0.0,3.5,False
alghero shopping mall,0,1,0.0,104.0,False
aliansce sonae ri,0,1,0.0,31.0,False
alimentação norte shopping,0,1,0.0,9.0,False
all mini norte shopping,0,2,0.0,9.0,False
allemida feet,0,7,0.0,5.571428571428571,True
allemida privacy,0,6,0.0,8.5,True
allmeida,0,1,0.0,11.0,False
allmeida privacy,0,28,0.0,8.714285714285715,True
allmini,0,1,0.0,1.0,False
allwine,0,1,0.0,65.0,False
alm compliance,0,2,0.0,10.0,False
alm games,0,7,0.0,9.714285714285714,True
alm shop,0,2,0.0,21.5,False
alm shopping,0,1,0.0,7.0,False
almacen tania,0,1,0.0,7.0,False
almada shopping,0,1,0.0,6.0,False
almaeida,0,1,0.0,6.0,False
alme cashback,0,81,0.0,10.790123456790123,True
alme coupon,0,76,0.0,10.697368421052632,True
alme discount,0,53,0.0,10.18867924528302,True
alme restaurante,0,1,0.0,7.0,False
alme site,0,3,0.0,7.0,True
almeda termos,0,76,0.0,8.026315789473685,True
almedia board of directors,0,32,0.0,7.34375,True
almedia company almedia,0,1,0.0,9.0,False
almedia group,0,1,0.0,35.0,False
almedia official website,0,3,0.0,7.666666666666667,True
almedida,0,3,0.0,10.333333333333334,True
almeeta,0,4,0.0,10.25,True
almeica,0,2,0.0,12.0,False
almeid,0,82,0.0,11.74390243902439,True
"almeida & aguiar, lda",0,1,0.0,26.0,False
almeida 2021,0,4,0.0,4.5,True
almeida 2023,0,13,0.0,6.230769230769231,True
almeida 2025,0,12,0.0,6.333333333333333,True
almeida 2026,0,3,0.0,2.333333333333333,True
almeida 3,0,1,0.0,1.0,False
almeida 43,0,1,0.0,1.0,False
almeida 45,0,3,0.0,3.3333333333333335,True
almeida access tickets,0,1,0.0,24.0,False
almeida advisory,0,1,0.0,7.0,False
almeida almeida,0,7,0.0,4.428571428571429,True
almeida ambiental,0,27,0.0,27.666666666666668,True
almeida ambiental joinville,0,7,0.0,2.2857142857142856,True
almeida and bell,0,1,0.0,32.0,False
almeida andrade investimentos,0,2,0.0,35.0,False
almeida atacarejo,0,5,0.0,22.8,True
almeida balneario,0,17,0.0,27.294117647058822,True
almeida band,0,2,0.0,23.0,False
almeida bjj,0,1,0.0,3.0,False
almeida boyacá founded year,0,1,0.0,12.0,False
almeida brasil,0,16,0.0,23.9375,True
almeida brazil,0,19,0.0,14.105263157894736,True
almeida cafe,0,2,0.0,79.5,False
almeida calçados,0,4,0.0,65.75,True
almeida campello weisbach 2004 cash flow sensitivity of cash journal of finance,0,1,0.0,7.0,False
almeida campello weisbach 2004 cash flow sensitivity of cash journal of finance abstract,0,1,0.0,7.0,False
almeida campello weisbach 2004 cash flow sensitivity of cash pdf,0,1,0.0,8.0,False
almeida campos,0,7,0.0,42.714285714285715,True
almeida capital,0,4,0.0,16.5,True
almeida casa verde,0,1,0.0,3.0,False
almeida center,0,29,0.0,13.068965517241379,True
almeida centro comercial cariacica es,0,18,0.0,8.333333333333332,True
almeida centro comercial cariacica telefone,0,58,0.0,4.758620689655173,True
almeida centro comercial telefone,0,17,0.0,4.470588235294118,True
almeida centro comercial vila prud,0,62,0.0,10.096774193548388,True
almeida cidade,0,6,0.0,53.166666666666664,True
almeida clothing,0,1,0.0,63.0,False
almeida comercio,0,1,0.0,7.0,False
almeida company,0,22,0.0,10.5,True
almeida construtora,0,14,0.0,9.285714285714286,True
almeida construções,0,1,0.0,11.0,False
almeida consultoria,0,12,0.0,34.416666666666664,True
almeida contact,0,3,0.0,55.333333333333336,True
almeida corp,0,6,0.0,6.833333333333333,True
almeida corretora,0,5,0.0,40.4,True
almeida corrigida fiel copyright domínio público,0,1,0.0,9.0,False
almeida corrigida fiel copyright public domain,0,1,0.0,9.0,False
almeida costa,0,1,0.0,1.0,False
almeida crescent,0,1,0.0,39.0,False
almeida cruz,0,1,0.0,58.0,False
almeida e almeida,0,2,0.0,32.0,False
almeida e brasil,0,2,0.0,24.0,False
almeida e filho,0,4,0.0,40.0,True
almeida e filhos,0,1,0.0,2.0,False
almeida electric,0,1,0.0,6.0,False
almeida empreendimentos,0,4,0.0,7.25,True
almeida empresa,0,27,0.0,6.962962962962963,True
almeida esporte,0,7,0.0,12.857142857142858,True
almeida express,0,9,0.0,21.11111111111111,True
almeida filho,0,3,0.0,7.666666666666667,True
almeida foto privacy,0,12,0.0,8.583333333333332,True
almeida foto privacy.,0,2,0.0,10.0,False
almeida frança,0,2,0.0,43.0,False
almeida frança engenharia,0,1,0.0,50.0,False
almeida games,0,1,0.0,19.0,False
almeida garden,0,2,0.0,9.0,False
almeida garrett,0,1,0.0,6.0,False
almeida grill,0,11,0.0,14.454545454545455,True
almeida group,0,50,0.0,6.68,True
almeida history,0,2,0.0,33.5,False
almeida hotels,0,1,0.0,46.0,False
almeida imobiliária,0,1,0.0,1.0,False
almeida imoveis,0,1,0.0,10.0,False
almeida imports,0,4,0.0,17.5,True
almeida indústria e comércio de metais ltda,0,2,0.0,40.5,False
almeida indústria gráfica,0,1,0.0,53.0,False
almeida investimentos,0,31,0.0,6.451612903225806,True
almeida j,0,13,0.0,16.846153846153847,True
almeida jiu jitsu itaquera,0,3,0.0,4.666666666666666,True
almeida jj campanella,0,1,0.0,10.0,False
almeida jj casa verde,0,3,0.0,3.6666666666666665,True
almeida jj paraíba joão pessoa,0,1,0.0,6.0,False
almeida jr obras,0,1,0.0,1.0,False
almeida junior advogados associados,0,12,0.0,8.416666666666668,True
almeida junior e associados,0,42,0.0,7.976190476190476,True
almeida junior engenharia e construcoes ltda,0,5,0.0,7.4,True
almeida junior escola,0,2,0.0,27.0,False
almeida junior escritor,0,2,0.0,3.0,False
almeida junior eventos ltda,0,9,0.0,4.222222222222222,True
almeida junior guaruja,0,9,0.0,1.4444444444444444,True
almeida junior itu,0,3,0.0,28.333333333333332,True
almeida junior malls,0,35,0.0,1.0,True
almeida junior obras,0,15,0.0,1.4,True
almeida junior pinturas,0,1,0.0,1.0,False
almeida junior professor,0,1,0.0,4.0,False
almeida junior quadros,0,1,0.0,5.0,False
almeida junior sao jose,0,3,0.0,1.0,True
almeida junior shopping centers brazil,0,4,0.0,1.0,True
almeida júnior biografia,0,4,0.0,4.0,True
almeida júnior morte,0,1,0.0,2.0,False
almeida júnior nascimento,0,1,0.0,6.0,False
almeida júnior obras,0,3,0.0,1.3333333333333333,True
almeida júnior reading,0,4,0.0,42.0,True
almeida kruger,0,16,0.0,34.625,True
almeida kruguer,0,2,0.0,32.5,False
almeida krüger,0,4,0.0,38.0,True
almeida lages,0,25,0.0,15.6,True
almeida latest,0,3,0.0,69.66666666666667,True
almeida login,0,9,0.0,8.222222222222221,True
almeida logo,0,15,0.0,11.066666666666666,True
almeida loja,0,2,0.0,10.5,False
almeida mapa,0,5,0.0,72.0,True
almeida material de construção,0,1,0.0,8.0,False
almeida membership,0,2,0.0,15.0,False
almeida mercado,0,11,0.0,24.545454545454547,True
almeida mercados,0,21,0.0,40.285714285714285,True
almeida mercados trabalhe conosco,0,2,0.0,17.0,False
almeida monte,0,2,0.0,24.0,False
almeida motos,0,1,0.0,6.0,False
almeida municipality founding year,0,73,0.0,14.712328767123287,True
almeida news,0,1,0.0,5.0,False
almeida noticias,0,4,0.0,21.0,True
almeida official website,0,19,0.0,8.631578947368421,True
almeida oliveira,0,1,0.0,1.0,False
almeida park,0,11,0.0,65.27272727272727,True
almeida place,0,1,0.0,4.0,False
almeida planilhas,0,717,0.0,7.709902370990237,True
almeida plaza,0,2,0.0,5.5,False
almeida png,0,1,0.0,8.0,False
almeida porcelanato,0,1,0.0,3.0,False
almeida prado 6,0,1,0.0,71.0,False
almeida prado composer,0,1,0.0,5.0,False
almeida prado laxante,0,1,0.0,7.0,False
almeida prevenção,0,2,0.0,10.0,False
almeida prevenções,0,4,0.0,9.25,True
almeida reciclagem,0,59,0.0,11.084745762711865,True
almeida restaurant,0,9,0.0,70.55555555555556,True
almeida restaurante,0,1,0.0,11.0,False
almeida restaurantes,0,1,0.0,64.0,False
almeida revista e atualizada copyright sociedade bíblica do brasil,0,1,0.0,7.0,False
almeida revista e corrigida 1898 domínio público,0,1,0.0,7.0,False
almeida revista e corrigida 1911 domínio público bíblia português,0,1,0.0,9.0,False
almeida revista e corrigida copyright sociedade bíblica do brasil,0,3,0.0,8.666666666666668,True
almeida ricardo,0,9,0.0,7.111111111111111,True
almeida seculo 21,0,2,0.0,8.5,False
almeida serviços,0,1,0.0,1.0,False
almeida shop,0,4,0.0,17.75,True
almeida spa,0,2,0.0,74.0,False
almeida store,0,11,0.0,15.818181818181818,True
almeida strategic investments,0,6,0.0,8.333333333333332,True
almeida supermercado,0,1,0.0,1.0,False
almeida supermercados,0,1,0.0,1.0,False
almeida tech,0,1,0.0,12.0,False
almeida technologies,0,15,0.0,10.0,True
almeida telas,0,1,0.0,10.0,False
almeida telefone,0,72,0.0,6.930555555555555,True
almeida theater,0,4,0.0,62.5,True
almeida young company,0,4,0.0,46.0,True
almeida's,0,1,0.0,12.0,False
almeida's guest house panaji google maps,0,1,0.0,11.0,False
almeida's home services,0,2,0.0,10.0,False
"almeida,",0,4,0.0,8.5,True
almeida.,0,15,0.0,9.066666666666666,True
almeida?,0,3,0.0,10.333333333333334,True
almeidajj,0,1,0.0,11.0,False
almeidaleh,0,2,0.0,7.0,False
almeidas bar,0,3,0.0,49.333333333333336,True
almeidas clube,0,1,0.0,28.0,False
almeide,0,7,0.0,9.428571428571429,True
almeidia,0,3,0.0,9.333333333333334,True
almeido,0,5,0.0,11.2,True
almeidq,0,6,0.0,8.0,True
almeids,0,20,0.0,11.35,True
almeids games,0,1,0.0,31.0,False
almeidz,0,1,0.0,4.0,False
almeifa,0,8,0.0,9.75,True
almeija,0,2,0.0,5.0,False
almeinda,0,39,0.0,8.743589743589745,True
almeisa,0,10,0.0,8.7,True
almeita,0,9,0.0,9.444444444444445,True
almeival grupo,0,1,0.0,18.0,False
almejda,0,8,0.0,7.625,True
almenida,0,2,0.0,7.5,False
almeoda,0,19,0.0,18.473684210526315,True
almerda,0,2,0.0,9.0,False
almetda,0,1,0.0,12.0,False
almeuda,0,6,0.0,8.666666666666668,True
almeyda instagram,0,1,0.0,70.0,False
almieda,0,15,0.0,11.4,True
almouda,0,1,0.0,12.0,False
almoço continente,0,1,0.0,6.0,False
almrida,0,7,0.0,18.285714285714285,True
almwida,0,10,0.0,10.3,True
alneida,0,10,0.0,8.6,True
alneida rroshi,0,2,0.0,9.5,False
alo bebe norte sul,0,1,0.0,12.0,False
alo bebe shopping continente,0,1,0.0,13.0,False
alt walk,0,2,0.0,9.5,False
altemburg,0,8,0.0,9.5,True
altenbug,0,1,0.0,10.0,False
altenburg,0,36,0.0,9.5,True
altenburg balneario,0,13,0.0,10.538461538461538,True
altenburg balneario shopping,0,2,0.0,12.5,False
altenburg balneário camboriú,0,60,0.0,11.966666666666667,True
altenburg balneário rua 3300,0,1,0.0,11.0,False
altenburg center norte,0,3,0.0,35.666666666666664,True
altenburg itaim,0,66,0.0,13.212121212121213,True
altenburg joao cachoeira,0,2,0.0,40.5,False
altenburg loja,0,71,0.0,14.605633802816902,True
altenburg lojas,0,46,0.0,19.76086956521739,True
altenburg nordeste,0,1,0.0,4.0,False
altenburg outlet,0,2,0.0,79.5,False
altenburg portal do cliente,0,2,0.0,25.5,False
altenburg rua 3300 balneário camboriú,0,1,0.0,14.0,False
altenburg shopping,0,1,0.0,101.0,False
altenburg store,0,38,0.0,39.28947368421053,True
altentic feet,0,10,0.0,15.0,True
altentic fit,0,5,0.0,33.2,True
alterburg,0,1,0.0,9.0,False
alternatives to movidesk,0,6,0.0,60.333333333333336,True
altheman,0,5,0.0,20.6,True
althentic feet,0,14,0.0,17.357142857142858,True
altwalk,0,26,0.0,11.615384615384615,True
altwark,0,17,0.0,7.764705882352941,True
aluguel banheiro quimico,0,1,0.0,1.0,False
aluguel de carrinho pet,0,1,0.0,1.0,False
aluguel de franquias em shopping,0,305,0.0,10.649180327868853,True
aluguel de quiosque em shopping,0,2,0.0,2.0,False
aluguel de quiosque no shopping,0,1,0.0,1.0,False
aluguel de shopping,0,1,0.0,6.0,False
aluguel de um quiosque no shopping,0,2,0.0,3.5,False
aluguel quiosque,0,1,0.0,1.0,False
am junior,0,1,0.0,4.0,False
am malls,0,3,0.0,62.0,True
ama schutz,0,6,0.0,1.0,True
amalie arena jurassic world,0,1,0.0,78.0,False
amalls,0,1,0.0,7.0,False
amanhã estará aberto,0,1,0.0,2.0,False
amargossauro,0,17,0.0,10.058823529411764,True
amazing store lilica,0,8,0.0,11.375,True
amazonas shopping centauro,0,1,0.0,1.0,False
ame blumenau,0,1,0.0,1.0,False
ameilda,0,1,0.0,3.0,False
amekida,0,13,0.0,5.461538461538462,True
america kfc,0,1,0.0,57.0,False
american chain,0,1,0.0,75.0,False
american chain company,0,1,0.0,64.0,False
american cookies,0,2,0.0,45.0,False
american cookies conjunto nacional,0,4,0.0,8.5,True
american cookies franquia,0,8,0.0,13.5,True
american cookies itaim bibi,0,2,0.0,27.5,False
american cookies lojas,0,1,0.0,12.0,False
american cookies park shopping,0,72,0.0,9.597222222222221,True
american kfc,0,18,0.0,57.05555555555556,True
american shopee,0,5,0.0,22.8,True
american shopping center,0,1,0.0,69.0,False
americanas continente shopping,0,29,0.0,11.827586206896552,True
americanas nacoes shopping,0,1,0.0,12.0,False
americanas shopping balneario,0,1,0.0,5.0,False
americanas shopping continente,0,3,0.0,16.0,True
americanas shopping neumarkt,0,2,0.0,23.0,False
americanshopping,0,1,0.0,79.0,False
amidiario,0,1,0.0,23.0,False
amigao norte shopping,0,1,0.0,1.0,False
amilton junior,0,3,0.0,36.666666666666664,True
amleida,0,2,0.0,11.0,False
amor de pet texto,0,6,0.0,1.0,True
amp shopping centres,0,1,0.0,7.0,False
ampelies,0,1,0.0,36.0,False
américa,0,1,0.0,5.0,False
américa shopping center,0,2,0.0,53.5,False
an ju,0,9,0.0,7.111111111111111,True
an jun,0,2,0.0,16.5,False
an ri,0,1,0.0,11.0,False
ana capri,0,7,0.0,8.714285714285715,True
ana capri blumenau,0,37,0.0,10.594594594594595,True
ana capri center norte,0,1,0.0,14.0,False
ana capri franquia,0,5,0.0,19.6,True
ana capri iguatemi,0,1,0.0,1.0,False
ana capri norte shopping,0,22,0.0,10.590909090909092,True
ana capri votuporanga,0,29,0.0,12.689655172413794,True
ana hering feet,0,1,0.0,13.0,False
ana schultz loja,0,2,0.0,2.0,False
ana shopping,0,3,0.0,9.333333333333334,True
ana shopping fotos,0,8,0.0,3.375,True
anabela schutz,0,2,0.0,3.5,False
anacapri balneario shopping,0,2,0.0,12.0,False
anacapri blumenau,0,1,0.0,1.0,False
anacapri continente shopping,0,9,0.0,12.555555555555555,True
anacapri joinville,0,1,0.0,9.0,False
anacapri metrô tatuapé fotos,0,1,0.0,18.0,False
anacapri norte shopping,0,7,0.0,11.857142857142858,True
anacapri shopping continente,0,3,0.0,12.0,True
anacapri shopping paralela,0,3,0.0,10.0,True
anair_catarina instagram,0,3,0.0,14.666666666666666,True
analise,0,1,0.0,19.0,False
analista de marketing junior,0,1,0.0,1.0,False
ancar ivanhoe shopping centers,0,2,0.0,68.5,False
anchieta garden shopping,0,1,0.0,67.0,False
and shopping mall,0,26,0.0,71.73076923076923,True
andar,0,1,0.0,3.0,False
anderson almeida,0,1,0.0,13.0,False
anderson birman,0,1,0.0,3.0,False
anderson lemos birman,0,1,0.0,3.0,False
andrade junior,0,4,0.0,49.25,True
andreza calçados,0,2,0.0,3.0,False
animais de estimação frases,0,1,0.0,50.0,False
animale,0,1,0.0,11.0,False
animale balneario shopping,0,8,0.0,12.875,True
aninha schutz,0,1,0.0,7.0,False
anita mall,0,1,0.0,50.0,False
aniversario norte shopping,0,1,0.0,10.0,False
aniversario shopping,0,4,0.0,43.5,True
aniversário do shopping,0,9,0.0,20.88888888888889,True
aniversário dos carros,0,1,0.0,41.0,False
aniversário em shopping,0,1,0.0,42.0,False
anjos midia,0,1,0.0,29.0,False
anna havanna,0,2,0.0,1.0,False
anne com e livro,0,1,0.0,3.0,False
"anne with an ""e""",0,1,0.0,1.0,False
anne with an e livros,0,1,0.0,1.0,False
"anne with an e, a ficção baseada nos romances de lucy montgomery, anne of green gables.",0,5,0.0,7.4,True
ano 2026,0,1,0.0,2.0,False
ano de inauguração,0,5,0.0,5.6,True
anta lola,0,1,0.0,5.0,False
anthony recco,0,1,0.0,1.0,False
antonio almeida junior,0,1,0.0,2.0,False
antonio de almeida junior,0,7,0.0,1.8571428571428572,True
antonio duarte de almeida júnior,0,1,0.0,3.0,False
antonio recco,0,23,0.0,8.26086956521739,True
antonio ribeiro de almeida junior,0,1,0.0,5.0,False
antonio's boliche criciúma preço,0,1,0.0,9.0,False
antonio's boliche preço,0,1,0.0,5.0,False
antônio almeida,0,1,0.0,5.0,False
anunciar em shopping porto alegre,0,3,0.0,10.666666666666666,True
anália beach fotos,0,2,0.0,4.0,False
ao lado de que loja,0,1,0.0,2.0,False
ao todo,0,1,0.0,7.0,False
aonde,0,2,0.0,6.5,False
aonde faz passaporte,0,1,0.0,1.0,False
aonde fazer passaporte,0,1,0.0,1.0,False
aonde fica ?,0,1,0.0,1.0,False
aonde fica norte shopping,0,2,0.0,1.0,False
aonde fica o norte shopping,0,3,0.0,1.0,True
aonde fica o shopping,0,2,0.0,6.0,False
aonde que tem,0,1,0.0,12.0,False
aonde é o shopping,0,1,0.0,2.0,False
aouq,0,10,0.0,5.8,True
aparelhos auditivos em itajaí,0,1,0.0,100.0,False
apartamento balneario shopping,0,2,0.0,11.5,False
apartamento continente shopping,0,26,0.0,6.961538461538462,True
apartamento em cima do balneario shopping,0,2,0.0,1.0,False
apartamento shopping balneario camboriu,0,7,0.0,5.142857142857143,True
aplee.jr,0,1,0.0,10.0,False
aplicativo balneario shopping,0,48,0.0,4.020833333333334,True
aplicativo cupons fiscais,0,80,0.0,79.3625,True
aplicativo da shopping,0,4,0.0,43.5,True
aplicativo de fa,0,1,0.0,11.0,False
aplicativo de shopping,0,4,0.0,12.5,True
aplicativo do shopping,0,25,0.0,12.32,True
aplicativo fa,0,3,0.0,8.333333333333332,True
aplicativo fans,0,12,0.0,7.916666666666667,True
aplicativo para pagar estacionamento em shopping,0,1,0.0,1.0,False
aplicativo shopping,0,13,0.0,28.615384615384617,True
apmeida,0,3,0.0,6.0,True
apoiam,0,1,0.0,16.0,False
apoio ao cliente continente horário,0,1,0.0,47.0,False
apothek,0,12,0.0,35.083333333333336,True
app,0,1,0.0,1.0,False
app aj,0,46,0.0,3.1956521739130435,True
app cinemark,0,1,0.0,12.0,False
app de shopping,0,1,0.0,16.0,False
app do shopping,0,16,0.0,8.875,True
app estacionamento balneário camboriú,0,1,0.0,28.0,False
app fa,0,5,0.0,10.6,True
app fans,0,10,0.0,10.2,True
app fans shop,0,2,0.0,22.5,False
app fas,0,2,0.0,5.0,False
app garten,0,19,0.0,4.052631578947368,True
app garten shopping,0,9,0.0,3.6666666666666665,True
app ju,0,9,0.0,7.777777777777778,True
app junior,0,7,0.0,8.571428571428571,True
app mall,0,1,0.0,4.0,False
app pagar estacionamento shopping,0,1,0.0,1.0,False
app para comprar material escolar,0,1,0.0,4.0,False
app para pagar estacionamento shopping,0,8,0.0,6.875,True
app paris 6,0,1,0.0,3.0,False
app shopping,0,1,0.0,11.0,False
app shopping neumarkt,0,24,0.0,2.375,True
app.fa,0,1,0.0,10.0,False
app.fans/shop,0,1,0.0,10.0,False
app.fas,0,1,0.0,10.0,False
app.ju,0,1,0.0,8.0,False
apple continente shopping,0,1,0.0,12.0,False
apps shopper,0,2,0.0,42.5,False
apps shops,0,8,0.0,37.0,True
apresentacao comercial,0,1,0.0,60.0,False
apresentação comercial,0,208,0.0,32.52884615384615,True
apresentação comercial de empresa em pdf,0,113,0.0,13.230088495575222,True
apresentação empresa pdf,0,3,0.0,26.333333333333332,True
apresentações comerciais,0,3,0.0,57.0,True
april mall,0,2,0.0,9.0,False
april shopping,0,1,0.0,12.0,False
aptk,0,5,0.0,48.8,True
aptk lojas,0,16,0.0,9.625,True
aptk spirits,0,1,0.0,3.0,False
aptk spirits franquia,0,11,0.0,11.090909090909092,True
aqui ads,0,7,0.0,51.714285714285715,True
aqui seu pet é bem vindo,0,8,0.0,10.25,True
aquiads,0,1,0.0,29.0,False
aragon restaurante bc,0,1,0.0,4.0,False
aramis,0,24,0.0,10.916666666666666,True
aramis balneario shopping,0,7,0.0,11.428571428571429,True
aramis center norte,0,5,0.0,49.2,True
aramis franquia,0,8,0.0,22.0,True
aramis junior,0,22,0.0,31.318181818181817,True
aramis loja,0,1,0.0,49.0,False
aramis shopping,0,6,0.0,12.5,True
aramis shopping piracicaba,0,4,0.0,13.25,True
aramis trabalhe conosco,0,4,0.0,31.0,True
arawalk,0,1,0.0,11.0,False
are there any sales at the mall?,0,1,0.0,4.0,False
are there malls,0,1,0.0,2.0,False
area mall,0,5,0.0,62.2,True
area norte shopping,0,5,0.0,53.8,True
area shopping,0,1,0.0,12.0,False
arena aj,0,35,0.0,7.828571428571428,True
arena balneário,0,1,0.0,20.0,False
arena boliche,0,5,0.0,59.2,True
arena ecomax,0,2,0.0,31.5,False
arena jaragua,0,1,0.0,86.0,False
arena jaragua do sul,0,1,0.0,90.0,False
arena open balneario,0,5,0.0,8.4,True
arena sephora,0,3,0.0,9.333333333333334,True
arena shopping,0,2,0.0,7.5,False
arena summer,0,1,0.0,11.0,False
arena summer vibes,0,16,0.0,7.3125,True
arena summer vibes sephora,0,75,0.0,6.72,True
arena tabajara society,0,1,0.0,30.0,False
arena.aj,0,14,0.0,7.357142857142857,True
arezzo,0,4,0.0,6.5,True
arezzo balneario shopping,0,6,0.0,10.666666666666666,True
arezzo blumenau,0,1,0.0,1.0,False
arezzo brasil,0,1,0.0,3.0,False
arezzo brasil sapatos,0,1,0.0,4.0,False
arezzo continente shopping,0,2,0.0,6.5,False
arezzo e schutz,0,1,0.0,1.0,False
arezzo neumarkt,0,1,0.0,21.0,False
arezzo ou schutz,0,1,0.0,1.0,False
arezzo schutz,0,3,0.0,2.333333333333333,True
arezzo shopping continente,0,1,0.0,1.0,False
arezzo é brasileira,0,2,0.0,3.0,False
arezzo é uma marca brasileira,0,2,0.0,2.5,False
arichards,0,3,0.0,7.0,True
arkwalk,0,3,0.0,7.333333333333333,True
armazém montini jk,0,1,0.0,31.0,False
arquipelago continente shopping,0,2,0.0,11.0,False
arquipelago sushi continente shopping,0,4,0.0,12.0,True
arquipélago sushi,0,1,0.0,14.0,False
arquipélago sushi continente,0,2,0.0,23.5,False
arquipélago sushi continente shopping,0,9,0.0,13.777777777777779,True
arquipélago sushi oka,0,1,0.0,3.0,False
arr walk,0,5,0.0,8.2,True
arranjos express norte shopping,0,1,0.0,5.0,False
arrefacto,0,1,0.0,12.0,False
arrive norteshopping,0,1,0.0,14.0,False
arrtwalk,0,212,0.0,7.872641509433962,True
arrwali,0,1,0.0,7.0,False
arrwalk,0,46,0.0,8.173913043478262,True
ars centro comercial,0,2,0.0,46.5,False
art alk,0,22,0.0,7.545454545454546,True
art ealk,0,65,0.0,8.553846153846154,True
art walj,0,2,0.0,6.0,False
art walk,0,20,0.0,7.3,True
art walk barra shopping,0,7,0.0,11.285714285714286,True
art walk news,0,3,0.0,70.66666666666667,True
art walm,0,11,0.0,9.272727272727273,True
art wlak,0,10,0.0,10.1,True
art wslk,0,1,0.0,6.0,False
artawalk,0,5,0.0,7.6,True
arte walk,0,12,0.0,7.0,True
artealk,0,422,0.0,9.191943127962086,True
artealker,0,1,0.0,10.0,False
artefacto,0,280,0.0,7.235714285714286,True
artefacto black friday,0,1,0.0,18.0,False
artefacto loja,0,19,0.0,19.210526315789473,True
artefacto lojas,0,42,0.0,12.904761904761905,True
artefacto shop,0,69,0.0,50.36231884057971,True
artefacto trabalhe conosco,0,8,0.0,26.75,True
artefactor,0,1,0.0,4.0,False
artefactto,0,2,0.0,4.5,False
artefacyo,0,2,0.0,4.0,False
artefato loja,0,13,0.0,6.384615384615385,True
artefato moveis,0,61,0.0,5.213114754098361,True
artefatos loja,0,153,0.0,9.202614379084967,True
artefatos store,0,1,0.0,1.0,False
arteslk,0,21,0.0,8.0,True
artewalk,0,70,0.0,8.057142857142857,True
artex,0,7,0.0,6.428571428571429,True
artex barra shopping,0,1,0.0,2.0,False
artex blumenau,0,1,0.0,9.0,False
artex campinas,0,1,0.0,98.0,False
artex faliu,0,1,0.0,13.0,False
artex florianópolis,0,1,0.0,4.0,False
artex loja,0,2,0.0,17.5,False
artex norte shopping,0,1,0.0,5.0,False
artex outlet,0,1,0.0,12.0,False
artex shopping,0,2,0.0,9.5,False
artex shopping eldorado,0,1,0.0,3.0,False
artex site,0,2,0.0,24.0,False
artex sp market,0,6,0.0,13.666666666666666,True
artfacto,0,3,0.0,6.333333333333333,True
artifacto,0,1,0.0,11.0,False
artista almeida junior,0,4,0.0,3.75,True
artiwalk,0,9,0.0,7.222222222222222,True
artkwalk,0,15,0.0,9.466666666666667,True
artlk,0,1,0.0,6.0,False
artrfacto,0,1,0.0,7.0,False
arttalk,0,2,0.0,10.0,False
artvak,0,10,0.0,6.1,True
artwaalk,0,2,0.0,7.0,False
artwak,0,70,0.0,11.471428571428572,True
artwakk,0,1,0.0,8.0,False
artwakl,0,8,0.0,28.5,True
artwal,0,89,0.0,9.865168539325843,True
artwald,0,3,0.0,8.0,True
artwali,0,18,0.0,7.666666666666667,True
artwalj,0,51,0.0,10.96078431372549,True
artwalk,0,37242,0.0,8.356318135438483,True
artwalk analia franco,0,1,0.0,35.0,False
artwalk aricanduva,0,41,0.0,23.658536585365855,True
artwalk balneario,0,140,0.0,12.757142857142858,True
artwalk balneario camboriu,0,22,0.0,15.5,True
artwalk balneario shopping,0,114,0.0,10.587719298245615,True
artwalk br,0,1,0.0,19.0,False
artwalk brasil,0,1,0.0,6.0,False
artwalk brasilia,0,3,0.0,11.0,True
artwalk campinas,0,3,0.0,11.0,True
artwalk center norte,0,2,0.0,55.0,False
artwalk chat,0,1,0.0,12.0,False
artwalk cnpj,0,71,0.0,13.507042253521126,True
artwalk com br,0,4,0.0,46.75,True
artwalk com br partilhar,0,1,0.0,24.0,False
artwalk e authentic feet,0,1,0.0,67.0,False
artwalk florianopolis,0,28,0.0,7.0,True
artwalk iguatemi,0,12,0.0,47.75,True
artwalk iguatemi campinas,0,6,0.0,15.0,True
artwalk interlagos,0,96,0.0,13.739583333333334,True
artwalk loja,0,28,0.0,11.5,True
artwalk lojas,0,148,0.0,14.871621621621621,True
artwalk norte shopping,0,338,0.0,12.47337278106509,True
artwalk norteshopping fotos,0,2,0.0,9.0,False
artwalk outlet,0,4,0.0,10.25,True
artwalk partilhar,0,13,0.0,26.0,True
artwalk plaza,0,3,0.0,12.333333333333334,True
artwalk plaza niteroi,0,1,0.0,14.0,False
artwalk plaza shopping,0,1,0.0,12.0,False
artwalk rio de janeiro,0,17,0.0,14.0,True
artwalk shopping,0,19,0.0,14.578947368421053,True
artwalk shopping aricanduva,0,38,0.0,12.894736842105264,True
artwalk shopping iguatemi campinas,0,1,0.0,9.0,False
artwalk shopping interlagos,0,90,0.0,11.344444444444445,True
artwalk shopping penha,0,1,0.0,38.0,False
artwalk shopping piracicaba,0,1,0.0,11.0,False
artwalk shopping sp market,0,2,0.0,11.5,False
artwalk shopping tiete,0,2,0.0,12.0,False
artwalk site,0,6,0.0,30.833333333333332,True
artwalk sorocaba,0,5,0.0,11.0,True
artwalk sp market,0,2,0.0,9.5,False
artwalk tambore telefone,0,1,0.0,11.0,False
artwalk.com,0,1,0.0,65.0,False
artwalk.com.br,0,5,0.0,58.0,True
artwalke,0,7,0.0,7.857142857142857,True
artwalker,0,129,0.0,7.72093023255814,True
artwalking,0,1,0.0,9.0,False
artwallk,0,17,0.0,7.235294117647059,True
artwalm,0,42,0.0,8.166666666666668,True
artwalo,0,1,0.0,7.0,False
artwalt,0,11,0.0,8.636363636363637,True
artwapk,0,3,0.0,7.666666666666667,True
artwarlk,0,1,0.0,5.0,False
artwart,0,1,0.0,8.0,False
artwilk,0,1,0.0,10.0,False
artwk,0,28,0.0,8.428571428571429,True
artwl,0,1,0.0,9.0,False
artwlak,0,38,0.0,9.631578947368421,True
artwlk,0,26,0.0,9.0,True
artwok,0,3,0.0,7.333333333333333,True
artwolk,0,21,0.0,8.476190476190476,True
artwqlk,0,13,0.0,6.923076923076923,True
artwslk,0,40,0.0,7.675,True
artwwalk,0,2,0.0,12.5,False
arvo mall,0,1,0.0,9.0,False
arvore da solidariedade,0,1,0.0,93.0,False
arvore de natal solidaria,0,1,0.0,7.0,False
arvore do sonho,0,1,0.0,98.0,False
arvore dos sonhos,0,26,0.0,58.23076923076923,True
arvore dos sonhos empresa,0,3,0.0,9.333333333333334,True
arvore solidaria,0,1,0.0,10.0,False
arvores do sonhos,0,24,0.0,51.291666666666664,True
arwalk,0,32,0.0,7.1875,True
as 10 cidades mais ricas de santa catarina,0,1,0.0,1.0,False
as almeida,0,2,0.0,41.5,False
as bolsas da schutz são de couro,0,1,0.0,2.0,False
as cidades mais ricas do brasil,0,2,0.0,96.0,False
as duas opcoes,0,1,0.0,1.0,False
as garten,0,1,0.0,36.0,False
as invest neumarkt,0,8,0.0,10.875,True
as lojas,0,2,0.0,1.0,False
as vezes tem blumenau,0,4,0.0,10.5,True
as vezes tem criciuma,0,1,0.0,9.0,False
asics gt1000,0,1,0.0,4.0,False
aslmeida,0,1,0.0,10.0,False
asouq,0,2,0.0,9.0,False
aspen mall shopping center,0,1,0.0,70.0,False
assistir resgatados pela graça,0,1,0.0,19.0,False
assistir super poder da princesa ativado,0,1,0.0,26.0,False
assistir toque da fortuna,0,1,0.0,27.0,False
associação da altenburg,0,1,0.0,6.0,False
astetic feet,0,1,0.0,4.0,False
astore forneria,0,3,0.0,13.666666666666666,True
astral blumenau,0,1,0.0,5.0,False
at the marketplace,0,1,0.0,45.0,False
atacadao itajai,0,1,0.0,59.0,False
atacadao lazer,0,1,0.0,41.0,False
atacadao norte shopping,0,2,0.0,44.5,False
atacadao pertence a que grupo,0,1,0.0,43.0,False
"atacado de roupas em jaraguá do sul, sc",0,1,0.0,4.0,False
atacadão almeida,0,1,0.0,28.0,False
atacadão balneário camboriú,0,1,0.0,35.0,False
atacadão beira mar,0,1,0.0,36.0,False
atacadão blumenau,0,2,0.0,41.5,False
atacadão center,0,1,0.0,67.0,False
atacadão criciúma,0,1,0.0,28.0,False
atacadão dono,0,2,0.0,85.0,False
atacadão em balneário camboriú,0,1,0.0,40.0,False
atacadão em blumenau,0,1,0.0,69.0,False
atacadão em santa catarina,0,1,0.0,58.0,False
atacadão itajaí,0,1,0.0,38.0,False
atacadão itajaí sc,0,1,0.0,95.0,False
atacadão lages sc,0,1,0.0,64.0,False
atacadão lazer,0,1,0.0,56.0,False
atacadão santa catarina,0,1,0.0,41.0,False
atacadão shopping,0,2,0.0,37.5,False
ate quando dura a black friday 2023,0,8,0.0,85.375,True
ate que horas funciona a policia federal,0,2,0.0,6.5,False
atefacto,0,1,0.0,5.0,False
ateliê da ju florianópolis,0,4,0.0,12.0,True
atendimento ao cliente riachuelo,0,1,0.0,2.0,False
atendimento centauro,0,1,0.0,1.0,False
atendimento polícia federal,0,1,0.0,12.0,False
atendimento riachuelo whatsapp,0,1,0.0,1.0,False
atentic feet,0,7,0.0,14.714285714285714,True
atheletic feet,0,1,0.0,1.0,False
athentic feet,0,37,0.0,10.162162162162161,True
athentic fit,0,1,0.0,10.0,False
ativar via verde app millennium bcp,0,1,0.0,61.0,False
ativação sephora,0,36,0.0,10.25,True
atlantico shopping balneário camboriú,0,1,0.0,4.0,False
atlantico shopping balneário camboriú cinema,0,1,0.0,3.0,False
atlantico shopping center,0,1,0.0,4.0,False
atletic feet,0,12,0.0,16.25,True
atlântico shopping,0,2,0.0,6.5,False
atlântico shopping center balneário camboriú - sc,0,1,0.0,5.0,False
atlântico shopping center fotos,0,1,0.0,5.0,False
atlântico shopping cinema,0,1,0.0,4.0,False
atracoes balneario camboriu criancas,0,2,0.0,12.0,False
atrações balneario camboriu,0,2,0.0,99.5,False
atrações em balneario camboriu para crianças,0,9,0.0,24.666666666666668,True
atrações em camboriu,0,1,0.0,102.0,False
atrações em joinville,0,2,0.0,98.0,False
atrações joinville,0,1,0.0,79.0,False
atrações no shopping,0,1,0.0,1.0,False
atrações para crianças no shopping,0,1,0.0,13.0,False
atriz alessandra,0,8,0.0,22.0,True
atriz flavia,0,22,0.0,31.318181818181817,True
atriz flavia alessandra,0,20,0.0,26.4,True
atriz flávia,0,8,0.0,52.125,True
atriz flávia alessandra,0,20,0.0,39.05,True
atrwalk,0,1,0.0,8.0,False
attractions of,0,1,0.0,24.0,False
attwalk,0,2,0.0,7.0,False
atwak,0,1,0.0,9.0,False
atwalk,0,31,0.0,11.32258064516129,True
até que horas o centro fica aberto hoje,0,1,0.0,1.0,False
audithorium balneário camboriú,0,1,0.0,24.0,False
audithorium joinville,0,1,0.0,30.0,False
august sc,0,1,0.0,6.0,False
aumeida,0,74,0.0,13.337837837837839,True
aumento abl,0,1,0.0,93.0,False
auteentic feet,0,3,0.0,6.0,True
autehntic feet,0,9,0.0,19.555555555555557,True
autent feet,0,1,0.0,9.0,False
autentc feet,0,36,0.0,19.11111111111111,True
autenthic feet,0,68,0.0,9.647058823529411,True
autenthic fit,0,7,0.0,34.285714285714285,True
autenti feet,0,3,0.0,41.0,True
autentic feat,0,29,0.0,15.241379310344827,True
autentic fee,0,1,0.0,8.0,False
autentic feed,0,4,0.0,9.75,True
autentic feer,0,9,0.0,10.555555555555555,True
autentic feet,0,729,0.0,10.187928669410152,True
autentic feet vila almeida,0,5,0.0,12.0,True
autentic fert,0,18,0.0,7.055555555555555,True
autentic fet,0,7,0.0,8.857142857142858,True
autentic fit,0,176,0.0,15.096590909090908,True
autenticfeet,0,149,0.0,16.181208053691275,True
autenticfit,0,40,0.0,7.625,True
autentich feet,0,38,0.0,11.026315789473685,True
autentich fit,0,7,0.0,8.0,True
autentique feet,0,85,0.0,11.529411764705882,True
autentique loja,0,6,0.0,8.833333333333332,True
autentiquefit,0,3,0.0,9.666666666666666,True
autetic feet,0,5,0.0,8.8,True
authebtic feet,0,5,0.0,5.8,True
autheentic feet,0,32,0.0,13.625,True
authemtic feet,0,16,0.0,14.6875,True
authent feet,0,13,0.0,8.307692307692307,True
authentc feet,0,28,0.0,14.642857142857142,True
authenthic feet,0,12,0.0,10.916666666666666,True
authenti feet,0,9,0.0,8.777777777777779,True
authentic,0,3,0.0,25.333333333333332,True
authentic center,0,1,0.0,89.0,False
authentic feat,0,21,0.0,10.428571428571429,True
authentic fee,0,20,0.0,9.35,True
authentic feed,0,14,0.0,9.928571428571429,True
authentic feeet,0,2,0.0,10.0,False
authentic feer,0,41,0.0,9.146341463414634,True
authentic feet aracaju,0,1,0.0,13.0,False
authentic feet aricanduva,0,3,0.0,19.0,True
authentic feet augusta,0,7,0.0,15.142857142857142,True
authentic feet balneario camboriu,0,18,0.0,11.88888888888889,True
authentic feet barra shopping,0,781,0.0,11.348271446862997,True
authentic feet barra shopping fotos,0,5,0.0,8.8,True
authentic feet campo grande,0,76,0.0,11.078947368421053,True
authentic feet center norte,0,12,0.0,33.833333333333336,True
authentic feet cnpj,0,3,0.0,9.0,True
authentic feet com br,0,1,0.0,57.0,False
authentic feet dom pedro,0,56,0.0,16.19642857142857,True
authentic feet eldorado,0,90,0.0,17.522222222222222,True
authentic feet florianopolis,0,1,0.0,23.0,False
authentic feet fotos,0,2,0.0,3.5,False
authentic feet franquia,0,1,0.0,26.0,False
authentic feet guarulhos,0,22,0.0,11.0,True
authentic feet iguatemi,0,221,0.0,14.873303167420815,True
authentic feet iguatemi porto alegre,0,88,0.0,13.102272727272727,True
authentic feet iguatemi sorocaba,0,20,0.0,11.75,True
authentic feet instagram,0,1,0.0,88.0,False
authentic feet itaim paulista,0,1,0.0,2.0,False
authentic feet itaquera,0,1,0.0,13.0,False
authentic feet logo,0,1,0.0,16.0,False
authentic feet lojas,0,38,0.0,47.31578947368421,True
authentic feet lojas fisicas,0,1,0.0,1.0,False
authentic feet maringa,0,3,0.0,11.333333333333334,True
authentic feet minas shopping,0,3,0.0,12.0,True
authentic feet minas shopping fotos,0,1,0.0,20.0,False
authentic feet norte shopping,0,158,0.0,13.018987341772151,True
authentic feet norte shopping fotos,0,1,0.0,8.0,False
authentic feet osasco plaza shopping,0,11,0.0,11.909090909090908,True
authentic feet patio paulista,0,2,0.0,25.5,False
authentic feet piracicaba,0,72,0.0,14.0,True
authentic feet porto alegre,0,40,0.0,16.25,True
authentic feet praiamar,0,20,0.0,11.55,True
authentic feet ribeirao preto,0,1,0.0,54.0,False
authentic feet rio preto,0,3,0.0,14.0,True
authentic feet rio preto shopping,0,5,0.0,13.6,True
authentic feet rio sul,0,20,0.0,22.15,True
authentic feet sao carlos,0,10,0.0,12.2,True
authentic feet shopping,0,18,0.0,24.5,True
authentic feet shopping eldorado fotos,0,6,0.0,9.0,True
authentic feet shopping iguatemi,0,1,0.0,13.0,False
authentic feet shopping iguatemi porto alegre fotos,0,30,0.0,8.0,True
authentic feet shopping leste aricanduva fotos,0,1,0.0,5.0,False
authentic feet shopping morumbi,0,5,0.0,24.0,True
authentic feet shopping tatuapé,0,1,0.0,7.0,False
authentic feet shopping uniao,0,46,0.0,14.630434782608695,True
authentic feet site,0,2,0.0,79.5,False
authentic feet sorocaba,0,27,0.0,13.037037037037036,True
authentic feet trabalhe conosco,0,5,0.0,43.8,True
authentic feet uniao,0,4,0.0,9.5,True
authentic feet west plaza,0,1,0.0,44.0,False
authentic feet.,0,5,0.0,18.2,True
authentic feets,0,29,0.0,6.206896551724138,True
authentic feey,0,8,0.0,8.5,True
authentic fert,0,48,0.0,7.625,True
authentic fet,0,19,0.0,10.368421052631579,True
authentic fett,0,15,0.0,14.866666666666667,True
authentic fit,0,188,0.0,15.037234042553191,True
authentic foot,0,10,0.0,4.2,True
authentic iguatemi,0,7,0.0,12.714285714285714,True
authentic outlet,0,5,0.0,20.6,True
authentic shopping,0,1,0.0,55.0,False
authentic sport,0,2,0.0,9.5,False
authentic.feet,0,6,0.0,14.166666666666666,True
authenticfeet,0,552,0.0,11.367753623188406,True
authenticfeet com br,0,2,0.0,62.0,False
authenticfeet.com.br,0,4,0.0,73.0,True
authenticfit,0,22,0.0,15.818181818181818,True
authenticgames,0,9,0.0,2.111111111111111,True
authenticgames namorada,0,1,0.0,2.0,False
authenticgames namorada perfeita,0,1,0.0,2.0,False
authentich feet,0,4,0.0,8.25,True
authentique feet,0,15,0.0,10.533333333333333,True
authentix feet,0,10,0.0,8.7,True
authentuc feet,0,6,0.0,7.0,True
authetic feet,0,133,0.0,8.270676691729324,True
authetic fit,0,13,0.0,11.461538461538462,True
autheticfeet,0,8,0.0,15.0,True
authnetic feet,0,3,0.0,9.666666666666666,True
authrntic feet,0,6,0.0,4.0,True
authwntic feet,0,2,0.0,39.0,False
autjentic feet,0,1,0.0,3.0,False
autlet catarina,0,1,0.0,60.0,False
auto almeida,0,1,0.0,29.0,False
auto presenteei,0,1,0.0,40.0,False
autosserviço joinville,0,60,0.0,8.766666666666666,True
av 1604,0,1,0.0,11.0,False
av almeida,0,4,0.0,22.0,True
av almeida junior,0,85,0.0,18.858823529411765,True
av brig faria lima,0,6,0.0,61.166666666666664,True
av brig faria lima 2277,0,38,0.0,7.842105263157895,True
av brig faria lima cep,0,1,0.0,11.0,False
av brigadeiro,0,3,0.0,49.666666666666664,True
av brigadeiro faria lima 1616,0,2,0.0,14.0,False
av brigadeiro faria lima 1827,0,2,0.0,14.0,False
av brigadeiro faria lima 2277 jardim paulistano,0,6,0.0,8.5,True
av brigadeiro faria lima 2277 sao paulo,0,7,0.0,8.714285714285715,True
av brigadeiro faria lima 2369,0,9,0.0,37.0,True
"av brigadeiro faria lima, 2277",0,84,0.0,8.535714285714285,True
av dom helder camara 5332 norte shopping,0,1,0.0,3.0,False
av faria lima 1616,0,2,0.0,16.5,False
av faria lima 2277,0,457,0.0,9.045951859956237,True
av paulista 1227 centauro,0,1,0.0,2.0,False
av rolf wiest 333,0,1,0.0,67.0,False
av santa catarina 1,0,1,0.0,1.0,False
av.,0,1,0.0,7.0,False
av. almeida j,0,6,0.0,6.166666666666667,True
av. brig. faria lima,0,2,0.0,83.0,False
"av. brig. faria lima, 2277 - jardim paulistano, são paulo - sp",0,4,0.0,5.75,True
av. brigadeiro faria lima 2277,0,117,0.0,8.572649572649572,True
"av. brigadeiro faria lima, 2.277",0,171,0.0,6.315789473684211,True
"av. brigadeiro faria lima, 2277",0,721,0.0,8.570041608876561,True
ava schutz,0,2,0.0,1.0,False
avaliações sobre almeida junior consultoria,0,46,0.0,7.978260869565218,True
avaliações sobre arquipélago sushi continente shopping,0,62,0.0,10.580645161290322,True
avaliações sobre bacio di latte - balneário shopping,0,2,0.0,12.0,False
avaliações sobre bacio di latte - park shopping,0,1,0.0,9.0,False
avaliações sobre balneario levi,0,1,0.0,5.0,False
avaliações sobre balneário plaza,0,22,0.0,6.545454545454546,True
avaliações sobre balneário shopping,0,35,0.0,10.657142857142857,True
avaliações sobre bar do alemão itu,0,3,0.0,8.0,True
avaliações sobre boutique do pão de ló bal camb-sc,0,4,0.0,11.25,True
avaliações sobre colcci centro,0,1,0.0,4.0,False
avaliações sobre continente shopping,0,108,0.0,14.12037037037037,True
avaliações sobre crocs joinville,0,85,0.0,6.235294117647059,True
avaliações sobre divino fogão - shopping neumarkt centro,0,9,0.0,11.666666666666666,True
avaliações sobre garten shopping,0,14,0.0,10.571428571428571,True
avaliações sobre giardino gastronomia shopping garten joinville,0,2,0.0,8.0,False
avaliações sobre giraffas alameda shopping,0,1,0.0,9.0,False
avaliações sobre giraffas jaragua do sul,0,1,0.0,8.0,False
avaliações sobre giraffas joinville,0,3,0.0,10.0,True
avaliações sobre luiza barcelos balneário camboriú,0,3,0.0,11.0,True
avaliações sobre maria philó,0,5,0.0,8.0,True
avaliações sobre nações shopping,0,172,0.0,11.366279069767442,True
avaliações sobre norte shopping,0,2,0.0,11.0,False
avaliações sobre norte shopping blumenau,0,2,0.0,5.0,False
avaliações sobre o camarao norte shopping,0,3,0.0,5.333333333333333,True
avaliações sobre outlet sao jose são paulo,0,16,0.0,7.5,True
avaliações sobre paris 6 - shopping sp market,0,2,0.0,13.0,False
avaliações sobre paris 6 balneario camboriu,0,537,0.0,9.500931098696462,True
avaliações sobre paris 6 balneário camboriú,0,84,0.0,10.214285714285714,True
avaliações sobre paris 6 bistro balneario camboriu,0,282,0.0,8.819148936170212,True
avaliações sobre paris café club,0,1,0.0,5.0,False
avaliações sobre policia federal iguatemi,0,3,0.0,1.0,True
avaliações sobre polícia federal - posto de emissão de passaportes - shopping flamingo alphaville barueri,0,1,0.0,1.0,False
avaliações sobre quality shopping center,0,1,0.0,5.0,False
avaliações sobre restaurante dudu,0,1,0.0,6.0,False
avaliações sobre santa lolla centro,0,1,0.0,3.0,False
avaliações sobre shopping neumarkt,0,14,0.0,10.142857142857142,True
avaliações sobre shopping santa ursula,0,3,0.0,11.333333333333334,True
avaliações sobre shopping textil,0,1,0.0,9.0,False
avaliações sobre shopping viacatarina,0,1,0.0,11.0,False
avaliações sobre shopping villa romana,0,1,0.0,3.0,False
avaliações sobre tech smart balneário camboriú,0,1,0.0,11.0,False
avaliações sobre techsmart blumenau,0,1,0.0,12.0,False
avaliações sobre vans store caminho das árvores,0,1,0.0,17.0,False
avaliações sobre vans store estados,0,12,0.0,8.5,True
avancce,0,9,0.0,69.77777777777777,True
avantage shopping,0,4,0.0,47.0,True
avantim,0,22,0.0,78.45454545454545,True
avatim,0,13,0.0,4.230769230769231,True
avatim -guarulhos fotos,0,1,0.0,19.0,False
avatim balneario camboriu,0,6,0.0,11.5,True
avatim balneario shopping,0,121,0.0,6.809917355371901,True
avatim balneário camboriú,0,29,0.0,11.068965517241379,True
avatim barra shopping,0,3,0.0,30.333333333333332,True
avatim bc,0,4,0.0,7.75,True
avatim bh shopping,0,6,0.0,50.0,True
avatim brasilia,0,1,0.0,37.0,False
avatim brooklin,0,1,0.0,25.0,False
avatim campo grande ms,0,1,0.0,44.0,False
avatim center um,0,3,0.0,10.0,True
avatim conjunto nacional,0,4,0.0,27.75,True
avatim criciuma,0,1,0.0,10.0,False
avatim franquia,0,12,0.0,31.083333333333332,True
avatim franquia balneário camboriú fotos,0,10,0.0,8.8,True
avatim garten,0,3,0.0,12.333333333333334,True
avatim itabuna,0,2,0.0,33.0,False
avatim itajai,0,1,0.0,3.0,False
avatim joinville,0,1,0.0,34.0,False
avatim joão pessoa,0,2,0.0,21.0,False
avatim laranjeiras,0,2,0.0,17.5,False
avatim linhares,0,3,0.0,36.333333333333336,True
avatim maringa,0,1,0.0,16.0,False
avatim midway,0,2,0.0,40.5,False
avatim minas shopping,0,1,0.0,29.0,False
avatim park shopping,0,4,0.0,74.0,True
avatim park shopping brasília,0,1,0.0,28.0,False
avatim porto alegre,0,3,0.0,32.33333333333333,True
avatim ribeirão preto,0,1,0.0,26.0,False
avatim ribeirão preto fotos,0,2,0.0,25.0,False
avatim rio branco,0,1,0.0,19.0,False
avatim santana,0,1,0.0,27.0,False
avatim shopping anchieta,0,1,0.0,26.0,False
avatim shopping continental,0,3,0.0,11.666666666666666,True
avatim shopping del rey,0,1,0.0,21.0,False
avatim shopping ibirapuera,0,1,0.0,25.0,False
avatim shopping neumarkt,0,34,0.0,10.823529411764707,True
avatim shopping paralela,0,2,0.0,27.5,False
avatim shopping vitória,0,5,0.0,26.0,True
avatim site,0,1,0.0,66.0,False
avatim swiss park,0,1,0.0,25.0,False
avatim taguatinga shopping,0,2,0.0,35.5,False
avatim toledo,0,1,0.0,15.0,False
avatim | midway mall - natal/rn fotos,0,1,0.0,2.0,False
avenida almeida,0,3,0.0,23.666666666666668,True
avenida almeida j,0,4,0.0,10.0,True
avenida almeida junior,0,118,0.0,14.932203389830509,True
avenida almeida júnior,0,208,0.0,11.908653846153847,True
avenida brasil 1271,0,3,0.0,40.666666666666664,True
avenida brig faria lima,0,2,0.0,75.0,False
avenida brig faria lima 2369,0,2,0.0,40.5,False
avenida brigadeiro faria lima 1616,0,3,0.0,34.666666666666664,True
avenida brigadeiro faria lima 2277,0,599,0.0,9.333889816360601,True
avenida brigadeiro faria lima 2277 cep,0,99,0.0,7.646464646464646,True
avenida brigadeiro faria lima 2369,0,1,0.0,42.0,False
avenida brigadeiro faria lima jardim paulistano,0,1,0.0,45.0,False
avenida das américas 333,0,1,0.0,10.0,False
avenida do estado balneário camboriú,0,1,0.0,65.0,False
avenida mall,0,1,0.0,38.0,False
avenida martins júnior,0,1,0.0,52.0,False
avenida rolf wiest,0,3,0.0,79.33333333333333,True
avenida rolf wiest 133,0,1,0.0,11.0,False
avenida santa catarina 01 balneario camboriu,0,7,0.0,16.857142857142858,True
avenida santa catarina 1,0,3,0.0,2.0,True
avenida santa catarina 1 balneário camboriú,0,11,0.0,9.545454545454545,True
aventura jurassica,0,1,0.0,4.0,False
awards,0,1,0.0,7.0,False
awards for event management companies,0,1,0.0,56.0,False
ayres mall,0,2,0.0,36.5,False
azul almeida,0,1,0.0,6.0,False
azul skyline sala vip filetype:pdf,0,1,0.0,23.0,False
azzas 2154,0,2,0.0,2.5,False
ações de shopping,0,1,0.0,54.0,False
ações de shopping centers,0,66,0.0,78.42424242424242,True
ações de shopping na b3,0,2,0.0,43.5,False
b2w empresas,0,1,0.0,96.0,False
b3 fundo imobiliario,0,1,0.0,22.0,False
baccio de latte franquia,0,7,0.0,9.857142857142858,True
baccio di latte franquia,0,8,0.0,10.375,True
bacio,0,1,0.0,95.0,False
bacio de latte franquia,0,66,0.0,10.227272727272727,True
bacio de latte midway,0,1,0.0,13.0,False
bacio di latte,0,3,0.0,10.666666666666666,True
bacio di latte - park shopping fotos,0,2,0.0,2.0,False
bacio di latte - shopping center vale fotos,0,1,0.0,4.0,False
bacio di latte balneario,0,5,0.0,18.2,True
bacio di latte balneario shopping,0,8,0.0,11.75,True
bacio di latte balneário camboriú,0,1,0.0,18.0,False
bacio di latte blumenau,0,48,0.0,11.3125,True
bacio di latte carioca shopping,0,1,0.0,19.0,False
bacio di latte chapeco,0,2,0.0,11.5,False
bacio di latte chocolate belga,0,1,0.0,2.0,False
bacio di latte cidade jardim,0,1,0.0,24.0,False
bacio di latte continente shopping,0,39,0.0,12.897435897435898,True
bacio di latte franquia,0,349,0.0,11.020057306590259,True
bacio di latte franquia contato,0,4,0.0,11.5,True
bacio di latte franquia valor,0,8,0.0,21.75,True
bacio di latte franquias,0,2,0.0,20.0,False
bacio di latte interlagos,0,1,0.0,15.0,False
bacio di latte lojas,0,14,0.0,9.571428571428571,True
bacio di latte mais proximo,0,2,0.0,14.5,False
bacio di latte maringa,0,3,0.0,8.0,True
bacio di latte norte shopping,0,26,0.0,13.192307692307692,True
bacio di latte o que significa,0,1,0.0,2.0,False
bacio di latte perto de mim,0,8,0.0,11.0,True
bacio di latte portugal,0,1,0.0,8.0,False
bacio di latte preço franquia,0,1,0.0,12.0,False
bacio di latte quantas lojas,0,42,0.0,11.071428571428571,True
bacio di latte shopping abc,0,1,0.0,40.0,False
bacio di latte shopping campo limpo,0,1,0.0,1.0,False
bacio di latte shopping continental,0,5,0.0,13.2,True
bacio di latte shopping frei caneca,0,3,0.0,12.0,True
bacio di latte shopping granja vianna,0,3,0.0,12.666666666666666,True
bacio di latte tem franquia,0,6,0.0,12.166666666666666,True
bacio di latte unidades,0,4,0.0,12.25,True
bacio di latte usa,0,1,0.0,28.0,False
bacio di latte valor franquia,0,5,0.0,11.8,True
bacio di latte é franquia,0,35,0.0,13.228571428571428,True
bacio di latte é franquia?,0,2,0.0,10.5,False
bacio franquia,0,6,0.0,7.5,True
baden mall,0,1,0.0,72.0,False
bagaggio balneário shopping,0,11,0.0,10.272727272727273,True
bagaggio bh,0,1,0.0,14.0,False
bagaggio continente shopping,0,15,0.0,9.733333333333333,True
bagaggio instagram,0,1,0.0,62.0,False
bagaggio lojas,0,1,0.0,12.0,False
bagaggio nacoes shopping,0,60,0.0,8.25,True
bagaggio são paulo,0,1,0.0,16.0,False
bailinha,0,10,0.0,5.8,True
bailinhos de carnaval,0,2,0.0,10.0,False
bairro da liberdade,0,1,0.0,1.0,False
bairro de blumenau,0,1,0.0,63.0,False
bairro do shopping,0,2,0.0,11.0,False
baixar aplicativo shopping,0,1,0.0,31.0,False
baixar panico 7,0,1,0.0,27.0,False
baixar pânico 7,0,1,0.0,35.0,False
baixar shopping,0,2,0.0,72.0,False
bal balneario shopping,0,1,0.0,11.0,False
bal shopping,0,1,0.0,11.0,False
balance enfant,0,1,0.0,29.0,False
balbeario shopping,0,1,0.0,7.0,False
balde de kfc,0,6,0.0,1.5,True
balde kfc,0,32,0.0,1.875,True
balenario shopping,0,81,0.0,9.222222222222221,True
balneario a blumenau,0,1,0.0,53.0,False
balneario a florianopolis,0,2,0.0,75.5,False
balneario a floripa,0,2,0.0,63.0,False
balneario ahopping,0,9,0.0,9.333333333333334,True
balneario alameda,0,10,0.0,87.2,True
balneario almeida,0,36,0.0,34.888888888888886,True
balneario almeida 2,0,1,0.0,62.0,False
balneario camboriu 1990,0,1,0.0,71.0,False
balneario camboriu a blumenau,0,3,0.0,57.0,True
balneario camboriu a florianopolis,0,1,0.0,72.0,False
balneario camboriu a jaragua do sul,0,1,0.0,77.0,False
balneario camboriu bondinho,0,1,0.0,85.0,False
balneario camboriu cinema,0,5,0.0,60.4,True
balneario camboriu com criancas,0,5,0.0,59.0,True
balneario camboriu com criança,0,1,0.0,23.0,False
balneario camboriu florianopolis,0,2,0.0,59.5,False
balneario camboriu latest,0,8,0.0,74.375,True
balneario camboriu lojas,0,5,0.0,32.2,True
balneario camboriu mall,0,1,0.0,4.0,False
balneario camboriu mapa,0,1,0.0,84.0,False
balneario camboriu população,0,4,0.0,77.25,True
balneario camboriu shoping,0,5,0.0,8.8,True
balneario camboriu shopping center,0,1,0.0,11.0,False
balneario camboriu shopping cinema,0,15,0.0,41.333333333333336,True
balneario camboriu shopping lojas,0,11,0.0,7.090909090909091,True
balneario camboriu shopping mall,0,10,0.0,9.6,True
balneario camboriú shopping,0,65,0.0,20.907692307692308,True
balneario camburiu shopping,0,22,0.0,7.7272727272727275,True
balneario cinema,0,2,0.0,57.0,False
balneario de almeida,0,20,0.0,64.75,True
balneario de la alameda,0,6,0.0,86.83333333333333,True
balneario florianopolis,0,3,0.0,51.0,True
balneario floripa,0,3,0.0,58.333333333333336,True
balneario garden,0,7,0.0,22.428571428571427,True
balneario la alameda,0,6,0.0,86.66666666666667,True
balneario loja,0,9,0.0,10.333333333333334,True
balneario lojas,0,1,0.0,9.0,False
balneario miami,0,1,0.0,34.0,False
balneario paris,0,2,0.0,6.0,False
balneario piçarras shopping,0,3,0.0,20.333333333333332,True
balneario piçarras tem shopping,0,9,0.0,10.11111111111111,True
balneario shooping,0,21,0.0,9.047619047619047,True
balneario shop,0,62,0.0,10.290322580645162,True
balneario shoping,0,93,0.0,9.53763440860215,True
balneario shoping camboriu,0,4,0.0,7.75,True
balneario shopping (balnearioshopping) latest,0,6,0.0,14.166666666666666,True
balneario shopping apartamento,0,7,0.0,6.285714285714286,True
balneario shopping balneario camboriu,0,8,0.0,7.125,True
balneario shopping bc,0,22,0.0,7.409090909090909,True
balneario shopping camboriu,0,164,0.0,14.914634146341463,True
balneario shopping camboriú,0,11,0.0,5.363636363636363,True
balneario shopping cep,0,4,0.0,16.0,True
balneario shopping cinema,0,70,0.0,18.885714285714286,True
balneario shopping cinema ingresso,0,2,0.0,12.0,False
balneario shopping horario,0,3,0.0,4.666666666666666,True
balneario shopping horarios,0,1,0.0,8.0,False
balneario shopping inauguração,0,40,0.0,4.2,True
balneario shopping mall - avenida santa catarina - estados balneario camboriú - santa catarina brasil,0,1,0.0,10.0,False
balneario shopping mall - avenida santa catarina - estados balneário camboriú - sc,0,1,0.0,7.0,False
balneario shopping mall fotos,0,219,0.0,4.552511415525114,True
balneario shopping mall photos,0,13,0.0,6.846153846153846,True
balneario shopping mall tiendas,0,1,0.0,8.0,False
balneario shopping mapa,0,1,0.0,11.0,False
balneario shopping pet friendly,0,2,0.0,19.5,False
balneario shopping restaurantes,0,5,0.0,23.2,True
balneario shopping sc,0,4,0.0,9.75,True
balneario shopping sephora,0,8,0.0,6.25,True
balneario shopping sorteio,0,42,0.0,9.166666666666666,True
balneario shopping sorteio carro,0,15,0.0,9.466666666666667,True
balneario shopping tiendas,0,8,0.0,6.375,True
balneario shopping trabalhe conosco,0,2,0.0,10.0,False
balneario shopping valor estacionamento,0,11,0.0,10.454545454545455,True
balneario shopping zara,0,29,0.0,11.827586206896552,True
balneario shoppinh,0,29,0.0,16.482758620689655,True
balneario show,0,74,0.0,8.85135135135135,True
balneario tem shopping,0,7,0.0,7.571428571428571,True
balneario todo incluido,0,1,0.0,45.0,False
balneario.shoppong,0,7,0.0,8.142857142857142,True
balnearioshopping,0,23,0.0,7.869565217391305,True
balneário camboriú sephora loja,0,16,0.0,6.375,True
balneário camboriú shopping,0,1,0.0,11.0,False
balneário camboriú shopping center,0,8,0.0,7.0,True
balneário camboriú shopping official,0,1,0.0,11.0,False
balneário camboriú shopping official name balneário shopping,0,53,0.0,3.9245283018867925,True
balneário shopping,0,2,0.0,7.5,False
balneário shopping abl 77 mil m2 280 lojas,0,37,0.0,7.5675675675675675,True
balneário shopping balneário camboriú,0,1,0.0,11.0,False
balneário shopping balneário camboriú official,0,8,0.0,9.125,True
balneário shopping balneário camboriú official site,0,6,0.0,6.666666666666667,True
balneário shopping balneário camboriú official website,0,10,0.0,6.0,True
balneário shopping endereço,0,1,0.0,8.0,False
balneário shopping sephora,0,5,0.0,5.6,True
balneário shopping sephora loja,0,1,0.0,6.0,False
balnerio shopping,0,19,0.0,6.947368421052632,True
balneário,0,4,0.0,8.0,True
balneário barra do sul,0,4,0.0,2.5,True
balneário camboriu shopping,0,183,0.0,30.612021857923498,True
balneário camboriú,0,10,0.0,6.2,True
balneário camboriú a blumenau,0,3,0.0,57.333333333333336,True
balneário camboriú a florianópolis,0,26,0.0,68.61538461538461,True
balneário camboriú a joinville,0,6,0.0,58.5,True
balneário camboriú blumenau,0,1,0.0,38.0,False
balneário camboriú brasil,0,2,0.0,104.0,False
balneário camboriú centro,0,1,0.0,86.0,False
balneário camboriú cinema,0,3,0.0,55.333333333333336,True
balneário camboriú com crianças,0,90,0.0,54.68888888888889,True
balneário camboriú crianças,0,3,0.0,12.0,True
balneário camboriú curitiba,0,2,0.0,83.5,False
balneário camboriú dinossauro,0,1,0.0,22.0,False
balneário camboriú estado,0,1,0.0,79.0,False
balneário camboriú fica em florianópolis,0,2,0.0,65.5,False
balneário camboriú fica em qual estado,0,20,0.0,78.4,True
balneário camboriú florianópolis,0,1,0.0,66.0,False
balneário camboriú graus,0,1,0.0,34.0,False
balneário camboriú história,0,1,0.0,97.0,False
balneário camboriú idh,0,2,0.0,26.0,False
balneário camboriú lojas,0,1,0.0,34.0,False
balneário camboriú mapa,0,4,0.0,77.75,True
balneário camboriú nightlife,0,1,0.0,16.0,False
balneário camboriú o que fazer com crianças,0,16,0.0,11.625,True
balneário camboriú para blumenau,0,1,0.0,58.0,False
balneário camboriú para crianças,0,61,0.0,62.09836065573771,True
balneário camboriú para florianópolis,0,1,0.0,60.0,False
balneário camboriú para joinville,0,2,0.0,49.0,False
balneário camboriú população,0,1,0.0,75.0,False
balneário camboriú shopping cinema,0,9,0.0,38.77777777777778,True
balneário camboriú shopping lojas,0,6,0.0,10.833333333333334,True
balneário camboriú tem shopping,0,146,0.0,10.150684931506849,True
balneário da carol,0,1,0.0,6.0,False
balneário do guga,0,6,0.0,45.0,True
balneário dos sonhos do proprietário,0,1,0.0,11.0,False
balneário espaço do lazer,0,1,0.0,55.0,False
balneário espaço família,0,17,0.0,8.941176470588236,True
balneário fashion show,0,2,0.0,4.5,False
balneário florianópolis,0,1,0.0,46.0,False
balneário garden,0,5,0.0,36.4,True
balneário grande família,0,3,0.0,29.333333333333332,True
balneário piçarras tem shopping,0,1,0.0,15.0,False
balneário plaza fotos,0,8,0.0,9.0,True
balneário rua augusta,0,1,0.0,8.0,False
balneário shopping - avenida santa catarina - estados balneário camboriú - sc,0,6,0.0,9.166666666666666,True
balneário shopping avenida santa catarina estados balneário camboriú sc,0,5,0.0,39.2,True
balneário shopping balneário camboriú - sc,0,41,0.0,9.097560975609756,True
balneário shopping camboriú,0,122,0.0,12.385245901639344,True
balneário shopping cinema,0,14,0.0,16.214285714285715,True
balneário shopping endereço,0,14,0.0,7.714285714285714,True
balneário shopping estacionamento,0,21,0.0,6.142857142857143,True
balneário shopping locales,0,1,0.0,1.0,False
balneário shopping location,0,2,0.0,8.0,False
balneário shopping mall,0,21,0.0,6.857142857142857,True
balneário shopping mall fotos,0,4,0.0,3.0,True
balneário shopping mall tiendas,0,1,0.0,13.0,False
balneário shopping owner,0,144,0.0,1.0069444444444444,True
balneário shopping owner company,0,5,0.0,1.0,True
balneário shopping ownership,0,37,0.0,1.0,True
balneário shopping trabalhe conosco,0,66,0.0,10.121212121212121,True
balneário show,0,1,0.0,6.0,False
balneário zimmermann,0,8,0.0,79.625,True
balneários,0,1,0.0,15.0,False
banana blue criciuma,0,1,0.0,11.0,False
banco do estado de santa catarina,0,1,0.0,28.0,False
baneario shopping,0,3,0.0,7.666666666666667,True
banheiro família shopping,0,10,0.0,4.5,True
banheiro quimico,0,2,0.0,2.5,False
banheiro quimico aluguel,0,1,0.0,1.0,False
banheiro químico aluguel,0,1,0.0,1.0,False
banner de sorteio,0,1,0.0,69.0,False
banner sipat 2025,0,18,0.0,1.0,True
banner sorteio,0,1,0.0,88.0,False
baoali,0,2,0.0,7.5,False
bar alemao,0,14,0.0,7.857142857142857,True
bar alemao blumenau,0,32,0.0,5.59375,True
bar alemao itu,0,2,0.0,21.0,False
bar alemão,0,1,0.0,9.0,False
bar benjamin constant,0,1,0.0,9.0,False
bar blumenau,0,12,0.0,28.166666666666668,True
bar di alemao,0,1,0.0,4.0,False
bar do,0,1,0.0,6.0,False
bar do alem,0,2,0.0,9.0,False
bar do alema,0,1,0.0,9.0,False
bar do alemao cardapio,0,1,0.0,11.0,False
bar do alemao de itu,0,2,0.0,30.5,False
bar do alemao em itu,0,2,0.0,54.0,False
bar do alemao itu,0,7,0.0,29.142857142857142,True
bar do alemao parmegiana,0,2,0.0,4.5,False
bar do alemao parmegiana de itu,0,2,0.0,47.0,False
bar do alemao preco parmegiana,0,6,0.0,46.333333333333336,True
bar do alemao.,0,1,0.0,4.0,False
bar do alemã,0,1,0.0,8.0,False
bar do alemão de itu,0,2,0.0,28.5,False
bar do alemão em itu,0,3,0.0,33.333333333333336,True
bar do alemão endereço,0,3,0.0,47.333333333333336,True
bar do alemão itu,0,18,0.0,28.833333333333332,True
bar do alemão matriz,0,7,0.0,24.428571428571427,True
bar do alemão parmegiana,0,4,0.0,4.25,True
bar do alemão perto de mim,0,1,0.0,5.0,False
bar do alemão plaza sul,0,1,0.0,15.0,False
bar do alemão preços,0,2,0.0,55.0,False
bar do alemão restaurante,0,6,0.0,55.5,True
bar do alemão unidades,0,4,0.0,66.0,True
bar do almeida,0,2,0.0,51.0,False
bar do an,0,1,0.0,6.0,False
bar do lemão,0,2,0.0,7.5,False
bar do norte,0,8,0.0,7.125,True
bar do shopping,0,1,0.0,3.0,False
bar do shopping gastronomia,0,1,0.0,6.0,False
bar do the,0,1,0.0,5.0,False
bar do.alemao,0,1,0.0,3.0,False
bar em alemão,0,1,0.0,9.0,False
bar em blumenau,0,2,0.0,22.5,False
bar fo alemao,0,1,0.0,5.0,False
bar juniors,0,1,0.0,40.0,False
bar manoel,0,1,0.0,6.0,False
bar no norte shopping,0,4,0.0,3.5,True
bar no shopping,0,1,0.0,5.0,False
bar norte,0,3,0.0,8.333333333333332,True
bar norte shopping,0,1,0.0,6.0,False
bar perto do norte shopping,0,1,0.0,9.0,False
bar shopping,0,4,0.0,2.5,True
barbara schutz,0,1,0.0,1.0,False
barbearia vip balneário camboriú da avenida brasil,0,1,0.0,63.0,False
barbecue montana,0,1,0.0,74.0,False
barcelos shopping,0,3,0.0,44.666666666666664,True
barco pirata guaratuba,0,1,0.0,7.0,False
bardo alemao,0,1,0.0,7.0,False
bardoalemao,0,4,0.0,26.5,True
bares balneario camboriu,0,1,0.0,3.0,False
bares blumenau,0,29,0.0,28.93103448275862,True
bares em blumenau,0,39,0.0,26.666666666666668,True
bares norte shopping,0,3,0.0,23.333333333333332,True
bares plaza,0,1,0.0,34.0,False
barra de chocolate havanna,0,1,0.0,4.0,False
barra do sul santa catarina,0,1,0.0,3.0,False
barra norte balneário camboriú,0,1,0.0,2.0,False
barra ovomaltine brasil cacau,0,1,0.0,6.0,False
barra shopping,0,1,0.0,13.0,False
barra shopping tem riachuelo,0,3,0.0,1.0,True
barzinho blumenau,0,7,0.0,23.428571428571427,True
barzinho em blumenau,0,10,0.0,20.4,True
basketball nba shop,0,1,0.0,55.0,False
battle of giant dragons,0,1,0.0,65.0,False
bauducco casa,0,2,0.0,8.5,False
bauducco continente,0,2,0.0,1.0,False
bauducco franquia,0,16,0.0,10.8125,True
bauducco loja,0,44,0.0,12.25,True
bauducco lojas,0,28,0.0,12.392857142857142,True
bauduco loja,0,6,0.0,10.166666666666666,True
baumarkt shopping,0,1,0.0,40.0,False
bauneario shopping,0,2,0.0,6.5,False
bayard jk,0,1,0.0,11.0,False
bayard loja,0,2,0.0,22.0,False
bayard lojas,0,3,0.0,46.0,True
bayard shopping iguatemi,0,1,0.0,32.0,False
bayard shopping jk,0,3,0.0,13.0,True
bayard shopping jk iguatemi,0,2,0.0,32.0,False
bayard villa lobos,0,1,0.0,1.0,False
bb basico,0,119,0.0,8.176470588235293,True
bb basico goiania,0,8,0.0,10.5,True
bb basico lojas,0,365,0.0,13.161643835616438,True
bb básico,0,62,0.0,10.338709677419354,True
bb básico lojas,0,106,0.0,11.245283018867925,True
bb básico lojas rj,0,28,0.0,10.0,True
bb básico outlet,0,1,0.0,14.0,False
bb franquias,0,20,0.0,26.35,True
bbbasico,0,14,0.0,7.714285714285714,True
bc cinema,0,4,0.0,43.0,True
bc mall,0,2,0.0,8.0,False
bc sh,0,1,0.0,11.0,False
bc shopping,0,315,0.0,8.63809523809524,True
bc shopping cinema,0,8,0.0,43.375,True
bc vans,0,1,0.0,6.0,False
bc?,0,1,0.0,1.0,False
be almeida,0,2,0.0,17.5,False
be rock,0,1,0.0,12.0,False
beach shopping,0,1,0.0,6.0,False
beachwear brasil,0,1,0.0,15.0,False
beagle blumenau,0,1,0.0,1.0,False
beagle continente shopping,0,1,0.0,20.0,False
beagle criciuma,0,1,0.0,1.0,False
beauty boss cambui,0,1,0.0,11.0,False
bebe basico lojas,0,296,0.0,10.827702702702704,True
beigadeira,0,3,0.0,6.333333333333333,True
beigaderia,0,22,0.0,7.363636363636363,True
beira mar cinema florianopolis,0,1,0.0,46.0,False
beira mar continente,0,1,0.0,79.0,False
beira mar lojas,0,1,0.0,60.0,False
beira mar norte shopping,0,1,0.0,7.0,False
beira mar shopping,0,4,0.0,61.0,True
beira mar shopping cinema,0,1,0.0,85.0,False
beira mar shopping florianopolis,0,7,0.0,43.142857142857146,True
beira mar shopping lojas,0,1,0.0,92.0,False
beiramar floripa,0,1,0.0,5.0,False
beiramar shopping,0,3,0.0,66.0,True
beiramar shopping cinema,0,2,0.0,60.5,False
beiramar shopping florianopolis,0,1,0.0,47.0,False
beiramar shopping floripa,0,1,0.0,73.0,False
beiramar shopping lojas,0,3,0.0,22.0,True
bekko nacoes shopping,0,2,0.0,13.5,False
belacci caçapava,0,2,0.0,4.0,False
belacci salário,0,1,0.0,3.0,False
bell,0,1,0.0,16.0,False
bell mall,0,1,0.0,10.0,False
belo young,0,1,0.0,43.0,False
bemall blumenau jnk,0,1,0.0,4.0,False
bemall sistemas,0,5,0.0,8.8,True
ben aknoun shopping center,0,1,0.0,16.0,False
benefit joinville,0,1,0.0,59.0,False
benmore shopping center,0,1,0.0,41.0,False
beoali,0,1,0.0,5.0,False
bershka balneario camboriu,0,1,0.0,1.0,False
best brunch spots near me,0,1,0.0,1.0,False
best cities to live in santa catarina brazil,0,6,0.0,10.0,True
best french restaurants,0,13,0.0,1.0,True
best place to live,0,2,0.0,1.0,False
best places to shop,0,92,0.0,1.0,True
"best science museums, brazil",0,3,0.0,64.33333333333334,True
best smart city,0,1,0.0,63.0,False
betting retail solutions,0,1,0.0,60.0,False
beumarkt,0,1,0.0,8.0,False
bfs show,0,47,0.0,7.276595744680851,True
bh shopping,0,1,0.0,12.0,False
bh shopping riachuelo,0,4,0.0,1.0,True
bh shopping tem riachuelo,0,1,0.0,1.0,False
biacoitê,0,272,0.0,6.702205882352941,True
bibi,0,5,0.0,4.8,True
bibi balneario camboriu,0,3,0.0,12.333333333333334,True
bibi calcados,0,2,0.0,10.0,False
bibi calçados,0,8,0.0,10.375,True
bibi calçados cnpj,0,2,0.0,21.0,False
bibi calçados norte shopping,0,34,0.0,8.147058823529413,True
bibi calçados trabalhe conosco,0,3,0.0,9.666666666666666,True
bibi center,0,2,0.0,10.0,False
bibi center norte,0,14,0.0,11.642857142857142,True
bibi franquia,0,108,0.0,10.75,True
bibi gramado,0,1,0.0,25.0,False
bibi jr,0,32,0.0,8.9375,True
bibi junior,0,13,0.0,9.153846153846153,True
bibi júnior,0,6,0.0,6.0,True
bibi loja,0,3,0.0,24.333333333333332,True
bibi market,0,1,0.0,8.0,False
bibi newmarket,0,2,0.0,7.5,False
bibi norte shopping,0,27,0.0,21.85185185185185,True
bibi privacy,0,1,0.0,34.0,False
bibi shopping,0,1,0.0,10.0,False
bibi shopping recife,0,141,0.0,11.120567375886525,True
bicoitê,0,193,0.0,6.538860103626943,True
bife a parmegiana restaurante,0,1,0.0,7.0,False
big balneário camboriú,0,1,0.0,61.0,False
big blumenau norte shopping,0,43,0.0,46.86046511627907,True
big supermercado balneario camboriu,0,19,0.0,73.10526315789474,True
big supermercado balneario camboriu telefone,0,9,0.0,44.55555555555556,True
bigmac,0,1,0.0,6.0,False
biguaçu habitantes,0,1,0.0,5.0,False
bildanalys mall,0,1,0.0,12.0,False
bilder von norte shopping,0,1,0.0,2.0,False
bio mundo,0,3,0.0,11.0,True
bio mundo asa norte,0,5,0.0,33.0,True
bio mundo barra shopping,0,94,0.0,10.617021276595745,True
bio mundo center norte,0,118,0.0,9.745762711864407,True
bio mundo cnpj,0,1,0.0,37.0,False
bio mundo conjunto nacional,0,7,0.0,37.714285714285715,True
bio mundo franquia,0,5,0.0,25.8,True
bio mundo franquia valor,0,49,0.0,12.142857142857142,True
bio mundo gama,0,20,0.0,15.9,True
bio mundo ipanema,0,1,0.0,45.0,False
bio mundo jardins,0,1,0.0,90.0,False
bio mundo jk shopping,0,1,0.0,14.0,False
bio mundo norte shopping,0,31,0.0,6.225806451612903,True
bio mundo park shopping,0,34,0.0,9.088235294117647,True
bio mundo plaza norte,0,4,0.0,12.5,True
bio mundo recreio,0,1,0.0,12.0,False
bio mundo shopping,0,1,0.0,12.0,False
bio mundo shopping abc,0,9,0.0,11.555555555555555,True
bio mundo shopping center norte,0,15,0.0,12.2,True
bio mundo shopping pantanal,0,1,0.0,6.0,False
bio mundo taquari,0,14,0.0,8.857142857142858,True
biografia almeida junior,0,1,0.0,5.0,False
biografia de almeida junior,0,1,0.0,2.0,False
biografia de almeida júnior,0,2,0.0,2.5,False
biomundo,0,162,0.0,8.543209876543209,True
biomundo barra shopping,0,42,0.0,7.880952380952381,True
biomundo center norte,0,15,0.0,9.0,True
biomundo conjunto nacional,0,6,0.0,35.333333333333336,True
biomundo franquia,0,26,0.0,16.0,True
biomundo gama,0,44,0.0,11.022727272727273,True
biomundo ipanema,0,1,0.0,36.0,False
biomundo loja online,0,2,0.0,66.0,False
biomundo palmas,0,2,0.0,9.0,False
biomundo parkshopping,0,3,0.0,1.6666666666666665,True
biomundo plaza,0,2,0.0,46.5,False
biomundo plaza norte,0,1,0.0,11.0,False
biomundo shopping,0,9,0.0,7.777777777777778,True
biomundo site,0,2,0.0,14.0,False
biomundo spa,0,1,0.0,6.0,False
biomundo taquari,0,10,0.0,8.7,True
biomundo tijuca,0,14,0.0,9.714285714285714,True
biomundo trabalhe conosco,0,1,0.0,13.0,False
biomundo valinhos,0,3,0.0,13.333333333333334,True
biomunfo,0,3,0.0,7.0,True
biquini blue beach,0,41,0.0,62.31707317073171,True
biquini comprar,0,1,0.0,8.0,False
biquini de boa qualidade,0,1,0.0,4.0,False
biquini mulher,0,2,0.0,4.0,False
biquini ostra brasil,0,1,0.0,4.0,False
biquinis & cia,0,4,0.0,40.5,True
biquinis bluebeach,0,4,0.0,51.0,True
biquinis de marca,0,2,0.0,1.0,False
biquinis e cia,0,4,0.0,25.5,True
biquíni blue beach,0,3,0.0,62.0,True
biquínis companhia marítima,0,1,0.0,21.0,False
biquínis marcas,0,1,0.0,1.0,False
biriju,0,1,0.0,9.0,False
birman,0,1,0.0,33.0,False
birman azul,0,1,0.0,1.0,False
biscoife,0,57,0.0,8.087719298245613,True
biscoire,0,7,0.0,9.0,True
biscoite,0,79,0.0,20.240506329113924,True
biscoite balneario shopping,0,2,0.0,10.0,False
biscoite brasil,0,2,0.0,3.5,False
biscoite center norte,0,26,0.0,10.384615384615385,True
biscoite franquia,0,35,0.0,5.114285714285714,True
biscoite logo,0,24,0.0,1.0,True
biscoite loja,0,2,0.0,30.5,False
biscoite lojas,0,4,0.0,41.25,True
biscoite norte shopping,0,131,0.0,11.145038167938932,True
biscoitee,0,45,0.0,7.688888888888889,True
biscoiter,0,127,0.0,6.433070866141732,True
biscoiteria,0,26,0.0,29.846153846153847,True
biscoitie,0,57,0.0,7.2631578947368425,True
biscoitte,0,94,0.0,7.0638297872340425,True
biscoitw,0,163,0.0,6.58282208588957,True
biscoitê a biscoiteira fotos,0,41,0.0,2.7317073170731705,True
biscoitê a biscoiteria,0,1515,0.0,6.635643564356435,True
biscoitê biscoiteria,0,4,0.0,7.5,True
biscoitê compare,0,1,0.0,1.0,False
biscoitê franquia,0,295,0.0,6.491525423728813,True
biscoitê logo,0,16,0.0,1.125,True
biscoitê loja,0,9,0.0,9.555555555555555,True
biscoitê produtos,0,1,0.0,77.0,False
biscoitê trabalhe conosco,0,2,0.0,14.5,False
biscoiye,0,5,0.0,7.8,True
biscoote,0,17,0.0,6.588235294117647,True
biscotê,0,3,0.0,5.333333333333333,True
bistoite,0,1,0.0,5.0,False
bistro 6,0,1,0.0,10.0,False
bistro balneario camboriu,0,1,0.0,4.0,False
bistro paris 6,0,2,0.0,4.5,False
bistro paris 6 sao paulo,0,1,0.0,81.0,False
bistrô paris 6 | porto alegre fotos,0,1,0.0,6.0,False
bistrô paris 6 | salvador fotos,0,1,0.0,43.0,False
black friday 2023 br,0,1,0.0,89.0,False
black friday cartão,0,117,0.0,62.77777777777778,True
black friday cartão de visita,0,41,0.0,49.853658536585364,True
black friday desconto progressivo,0,1,0.0,53.0,False
black friday dia,0,7,0.0,1.0,True
black friday florianópolis,0,1,0.0,37.0,False
black friday shopping tv,0,4,0.0,65.25,True
black friday uza shoes,0,1,0.0,10.0,False
black friday visa,0,1,0.0,100.0,False
black friday voucher,0,1,0.0,57.0,False
black friday week 2020,0,5,0.0,93.0,True
black friday xp,0,6,0.0,14.666666666666666,True
black fridaydia,0,1,0.0,1.0,False
black jr,0,1,0.0,47.0,False
black promoção,0,1,0.0,56.0,False
blackpot balneário camboriú,0,1,0.0,6.0,False
blu shopping,0,1,0.0,12.0,False
blue beach,0,161,0.0,24.52173913043478,True
blue beach analia franco,0,1,0.0,20.0,False
blue beach balneario,0,1,0.0,7.0,False
blue beach biquini,0,1,0.0,46.0,False
blue beach biquínis,0,5,0.0,52.2,True
blue beach brasil,0,1,0.0,4.0,False
blue beach lojas,0,7,0.0,47.285714285714285,True
blue beach lojas shopping,0,12,0.0,37.083333333333336,True
blue beach maio,0,4,0.0,43.25,True
blue beach shopping analia franco,0,1,0.0,7.0,False
blue beach shopping tatuapé,0,1,0.0,12.0,False
blue beachfront,0,1,0.0,38.0,False
blue beack,0,3,0.0,30.0,True
blue bech,0,2,0.0,15.5,False
blue building detectives,0,284,0.0,2.26056338028169,True
blue center mall,0,1,0.0,9.0,False
blue e beach,0,4,0.0,46.5,True
bluebeach,0,16,0.0,20.4375,True
bluebeach biquinis,0,3,0.0,53.333333333333336,True
bluebeach cantareira,0,2,0.0,32.0,False
bluebeach lojas,0,3,0.0,59.0,True
blumenau,0,8,0.0,2.875,True
blumenau a balneario,0,1,0.0,49.0,False
blumenau a balneario camboriu,0,1,0.0,67.0,False
blumenau a balneário camboriú,0,6,0.0,63.666666666666664,True
blumenau a camboriu,0,1,0.0,52.0,False
blumenau a florianópolis,0,11,0.0,59.36363636363637,True
blumenau a floripa,0,1,0.0,51.0,False
blumenau a joinville,0,4,0.0,69.75,True
blumenau a lages,0,1,0.0,74.0,False
blumenau balneário camboriú,0,2,0.0,49.5,False
blumenau bar,0,11,0.0,24.636363636363637,True
blumenau bares,0,18,0.0,30.333333333333332,True
blumenau brasil,0,7,0.0,75.14285714285714,True
blumenau brasilien,0,1,0.0,194.0,False
blumenau brazil,0,2,0.0,146.0,False
blumenau camboriu,0,4,0.0,59.75,True
blumenau cinema,0,6,0.0,35.833333333333336,True
blumenau compras,0,1,0.0,35.0,False
blumenau estado,0,1,0.0,58.0,False
blumenau fica em qual estado,0,2,0.0,56.0,False
blumenau fica em qual região,0,1,0.0,58.0,False
blumenau fica em que estado,0,1,0.0,43.0,False
blumenau florianopolis,0,3,0.0,55.0,True
blumenau florianópolis,0,3,0.0,70.0,True
blumenau história,0,1,0.0,88.0,False
blumenau idh,0,1,0.0,33.0,False
blumenau jaragua do sul,0,1,0.0,83.0,False
blumenau joinville,0,2,0.0,52.5,False
blumenau mapa,0,19,0.0,77.6842105263158,True
blumenau neumarkt,0,83,0.0,7.301204819277109,True
blumenau norte shopping,0,520,0.0,10.676923076923076,True
blumenau norte shopping cinema,0,10,0.0,34.9,True
blumenau para balneário camboriú,0,1,0.0,54.0,False
blumenau para florianópolis,0,3,0.0,74.0,True
blumenau para joinville,0,4,0.0,67.5,True
blumenau população,0,1,0.0,65.0,False
blumenau restaurantes,0,1,0.0,100.0,False
blumenau santa catarina,0,2,0.0,110.0,False
blumenau santa catarina mapa,0,1,0.0,84.0,False
blumenau sc,0,2,0.0,6.0,False
blumenau sc shopping,0,12,0.0,19.5,True
blumenau shopping,0,148,0.0,13.945945945945946,True
blumenau shopping neumarkt,0,159,0.0,6.710691823899371,True
blumenau shopping norte,0,93,0.0,10.64516129032258,True
blumenau turismo,0,1,0.0,95.0,False
blumenau é uma cidade,0,4,0.0,75.0,True
blusa bmw,0,1,0.0,1.0,False
blusa colcci feminina canelada,0,1,0.0,5.0,False
blusa corta vento masculina,0,1,0.0,2.0,False
blusa da colcci,0,1,0.0,5.0,False
blusa do brasil feminina,0,1,0.0,2.0,False
blusa seleção brasileira,0,1,0.0,4.0,False
boa li,0,49,0.0,5.346938775510204,True
boaali,0,12,0.0,5.916666666666667,True
boale,0,2,0.0,17.0,False
"boali - alimentação saudável - restaurante de saladas, wraps, bowls, burritos, sanduíches, sucos e sobremesas fotos",0,1,0.0,10.0,False
"boali - alimentação saudável - restaurante de saladas, wraps, crepes, bowls, burritos, sanduíches, sucos e sobremesas fotos",0,5,0.0,9.0,True
boali acre,0,1,0.0,1.0,False
boali alimentação saudável,0,1066,0.0,6.021575984990619,True
boali araruama,0,1,0.0,1.0,False
boali barra funda,0,1,0.0,1.0,False
boali beiramar shopping,0,4,0.0,10.75,True
boali brasil,0,1,0.0,1.0,False
boali brasilia,0,1,0.0,4.0,False
boali braz leme,0,2,0.0,1.0,False
boali cardapio,0,1,0.0,6.0,False
boali cardápio preço,0,5,0.0,1.8,True
boali center norte,0,2,0.0,30.5,False
boali comida saudavel,0,13,0.0,5.923076923076923,True
boali curitiba,0,1,0.0,9.0,False
boali franquia,0,113,0.0,7.982300884955753,True
boali galleria shopping,0,4,0.0,11.0,True
boali garten,0,2,0.0,12.5,False
boali goiania,0,1,0.0,6.0,False
boali guarulhos,0,2,0.0,39.5,False
boali identidade visual logo cores,0,4,0.0,8.75,True
boali jardins open mall,0,1,0.0,3.0,False
boali logo,0,9,0.0,1.0,True
boali lojas,0,62,0.0,7.096774193548387,True
boali montes claros,0,1,0.0,27.0,False
boali natal shopping,0,1,0.0,2.0,False
boali perto de mim,0,2,0.0,4.5,False
boali porto alegre,0,1,0.0,1.0,False
boali restaurante,0,2032,0.0,6.678641732283465,True
boali santarem,0,1,0.0,3.0,False
boali santos,0,1,0.0,3.0,False
boali shopping,0,2,0.0,1.0,False
boali shopping morumbi,0,2,0.0,1.0,False
boali sorocaba,0,1,0.0,1.0,False
boali tabela nutricional,0,1,0.0,9.0,False
boali terraço shopping,0,2,0.0,1.0,False
boali unidades,0,2,0.0,1.0,False
boali vila olimpia,0,8,0.0,10.25,True
boalim,0,1,0.0,5.0,False
boalk,0,2,0.0,8.0,False
boalle,0,1,0.0,8.0,False
boalli,0,123,0.0,6.065040650406504,True
boally,0,6,0.0,5.0,True
boaloi,0,4,0.0,6.75,True
boaoli,0,2,0.0,6.5,False
board council,0,1,0.0,1.0,False
boaui,0,26,0.0,6.115384615384615,True
bob bob,0,1,0.0,55.0,False
bob chicken,0,1,0.0,1.0,False
bob shopping,0,1,0.0,91.0,False
bob's,0,4,0.0,32.75,True
bob's franquia,0,2,0.0,83.5,False
bob's good,0,1,0.0,1.0,False
bob's historia,0,1,0.0,100.0,False
bob's joinville,0,99,0.0,8.878787878787879,True
bob's loja,0,2,0.0,7.0,False
bob's lojas,0,1,0.0,7.0,False
bob's no shopping,0,1,0.0,7.0,False
bob's shopping,0,12,0.0,6.166666666666667,True
bobbie goods ri happy,0,1,0.0,6.0,False
bobe,0,1,0.0,3.0,False
bobs,0,2,0.0,25.0,False
bobs balneario camboriu,0,1,0.0,39.0,False
bobs continente,0,3,0.0,7.666666666666667,True
bobs cookies,0,1,0.0,77.0,False
bobs e,0,1,0.0,84.0,False
bobs em joinville,0,35,0.0,10.942857142857143,True
bobs fast food,0,1,0.0,74.0,False
bobs franquia,0,4,0.0,49.25,True
bobs franquia valor,0,1,0.0,77.0,False
bobs hangar,0,1,0.0,3.0,False
bobs junior,0,15,0.0,8.466666666666667,True
bobs loja,0,4,0.0,6.25,True
bobs lojas,0,2,0.0,12.0,False
bobs nacoes shopping,0,18,0.0,11.055555555555555,True
bobs shopping,0,3,0.0,10.333333333333334,True
bobs.com.br,0,1,0.0,76.0,False
bob’s,0,1,0.0,29.0,False
bodali,0,1,0.0,1.0,False
body schutz,0,1,0.0,1.0,False
bodytech neumarkt,0,1,0.0,4.0,False
boi de mamão florianópolis,0,1,0.0,46.0,False
boi na brasa balneário camboriú,0,1,0.0,4.0,False
boi ox,0,1,0.0,52.0,False
boiscoite,0,1,0.0,8.0,False
boliche ararangua,0,1,0.0,10.0,False
boliche arena,0,3,0.0,45.666666666666664,True
boliche balneario,0,1,0.0,26.0,False
boliche balneario camboriu,0,4,0.0,19.75,True
boliche balneário camboriú,0,7,0.0,23.571428571428573,True
boliche balneário camboriú preço,0,1,0.0,22.0,False
boliche bc,0,3,0.0,25.333333333333332,True
boliche blumenau,0,8,0.0,26.625,True
boliche blumenau norte shopping,0,2,0.0,30.0,False
boliche cancun,0,1,0.0,75.0,False
boliche center norte,0,4,0.0,69.25,True
boliche continente,0,3,0.0,13.666666666666666,True
boliche continente shopping,0,6,0.0,30.833333333333332,True
boliche criciuma,0,1,0.0,24.0,False
boliche criciúma nações shopping,0,1,0.0,4.0,False
boliche curitiba,0,16,0.0,76.4375,True
boliche em balneario camboriu,0,1,0.0,31.0,False
boliche em balneário camboriú,0,3,0.0,28.333333333333332,True
boliche em blumenau,0,1,0.0,29.0,False
boliche em curitiba,0,9,0.0,82.11111111111111,True
boliche em curitiba shopping,0,1,0.0,44.0,False
boliche em florianopolis,0,3,0.0,40.333333333333336,True
boliche em itajai,0,2,0.0,30.0,False
boliche em itajaí,0,2,0.0,44.0,False
boliche em jaraguá do sul,0,3,0.0,22.666666666666668,True
boliche em joinville,0,1,0.0,33.0,False
boliche florianopolis,0,5,0.0,35.6,True
boliche florianópolis,0,1,0.0,33.0,False
boliche floripa,0,2,0.0,30.5,False
boliche franquia,0,1,0.0,71.0,False
boliche groupon sp,0,1,0.0,59.0,False
boliche in english,0,1,0.0,59.0,False
boliche infantil,0,4,0.0,98.75,True
boliche infantil gigante,0,3,0.0,95.33333333333333,True
boliche itajai,0,3,0.0,27.333333333333332,True
boliche itajaí,0,4,0.0,35.0,True
boliche jaragua,0,2,0.0,30.0,False
boliche jaragua do sul,0,2,0.0,38.0,False
boliche jaraguá,0,2,0.0,23.5,False
boliche jaraguá do sul,0,2,0.0,22.0,False
boliche joinville,0,7,0.0,20.142857142857142,True
boliche lages,0,1,0.0,37.0,False
boliche lages sc,0,1,0.0,26.0,False
boliche nações shopping,0,1,0.0,30.0,False
boliche no norte shopping,0,1,0.0,89.0,False
boliche no park shopping,0,1,0.0,92.0,False
boliche no shopping continental,0,1,0.0,24.0,False
boliche norte shopping,0,31,0.0,68.90322580645162,True
boliche norte shopping blumenau,0,9,0.0,33.0,True
boliche norte shopping blumenau preço,0,2,0.0,23.0,False
boliche norte shopping preço,0,10,0.0,60.8,True
boliche palhoça,0,4,0.0,44.5,True
boliche park shopping,0,3,0.0,92.66666666666667,True
boliche park shopping valor,0,2,0.0,91.5,False
boliche patrulha canina,0,1,0.0,72.0,False
boliche piçarras,0,2,0.0,13.5,False
boliche porto alegre,0,1,0.0,95.0,False
boliche santa,0,1,0.0,66.0,False
boliche santa úrsula preço,0,1,0.0,5.0,False
boliche shopping center norte,0,3,0.0,73.33333333333333,True
boliche shopping cidade,0,3,0.0,93.0,True
boliche shopping continental,0,2,0.0,39.0,False
boliche shopping continente,0,6,0.0,21.666666666666668,True
boliche shopping curitiba,0,3,0.0,87.66666666666667,True
boliche shopping jaraguá do sul,0,1,0.0,21.0,False
boliche shopping norte blumenau,0,3,0.0,55.333333333333336,True
boliches curitiba,0,1,0.0,66.0,False
bolsa colcci chicago,0,1,0.0,4.0,False
bolsa colcci original como saber,0,1,0.0,3.0,False
bolsa da marca schutz,0,2,0.0,3.5,False
bolsa da schutz,0,2,0.0,4.0,False
bolsa hobo schutz,0,1,0.0,4.0,False
bolsa isla,0,1,0.0,3.0,False
bolsa marca schutz,0,1,0.0,5.0,False
bolsa paqueta,0,1,0.0,6.0,False
bolsa porta celular schutz,0,1,0.0,6.0,False
bolsa porta celular transversal schutz,0,1,0.0,4.0,False
bolsa prata schutz,0,1,0.0,4.0,False
bolsa schultz,0,1,0.0,7.0,False
bolsa schutz,0,48,0.0,5.479166666666667,True
bolsa schutz 944 média,0,1,0.0,12.0,False
bolsa schutz com alca de corrente,0,1,0.0,5.0,False
bolsa schutz estilo chanel,0,1,0.0,12.0,False
bolsa schutz grande,0,2,0.0,4.5,False
bolsa schutz jeans,0,1,0.0,5.0,False
bolsa schutz lancamento,0,1,0.0,2.0,False
bolsa schutz original,0,1,0.0,4.0,False
bolsa schutz original promoção,0,6,0.0,3.0,True
bolsa schutz original valor,0,1,0.0,3.0,False
bolsa schutz pequena,0,1,0.0,4.0,False
bolsa schutz preta,0,1,0.0,4.0,False
bolsa schutz transversal,0,1,0.0,5.0,False
bolsa schutz triangle,0,1,0.0,6.0,False
bolsa schutz triangle usada,0,1,0.0,5.0,False
bolsa shutz,0,2,0.0,5.5,False
bolsas colcci original,0,2,0.0,4.5,False
bolsas da schutz,0,2,0.0,4.0,False
bolsas schutz,0,12,0.0,4.25,True
bolsas schutz grande,0,1,0.0,4.0,False
bolsas schutz original,0,22,0.0,3.1363636363636362,True
bolsas schutz original valor,0,4,0.0,2.5,True
bolsas shutz,0,1,0.0,4.0,False
bom beef continente shopping,0,1,0.0,10.0,False
bom negócio balneario camboriu,0,1,0.0,87.0,False
bom negócio criciuma,0,5,0.0,37.8,True
bom sucesso shopping lojas,0,1,0.0,85.0,False
bomba de bola,0,1,0.0,2.0,False
bombeiro civil vaga de emprego,0,1,0.0,1.0,False
bombeiro civil vagas,0,1,0.0,1.0,False
bombinhas tem shopping,0,2,0.0,2.0,False
bombons goldko,0,1,0.0,45.0,False
bone corrida adidas,0,1,0.0,3.0,False
bone da schutz,0,1,0.0,4.0,False
bone jordan,0,1,0.0,2.0,False
bone roger federer,0,1,0.0,1.0,False
booali,0,3,0.0,7.333333333333333,True
boomundo,0,1,0.0,4.0,False
boouli,0,1,0.0,4.0,False
bopeyes,0,1,0.0,10.0,False
boqli,0,46,0.0,5.413043478260869,True
borte shopping,0,4,0.0,7.0,True
boscoitê,0,174,0.0,6.448275862068965,True
boscopia,0,55,0.0,4.781818181818181,True
boss balneario camboriu,0,63,0.0,9.555555555555555,True
boss catarina,0,2,0.0,5.5,False
boss catarina outlet,0,2,0.0,8.0,False
boss loja,0,67,0.0,18.686567164179106,True
boss lojas,0,2,0.0,7.0,False
boss norte shopping,0,5,0.0,11.2,True
boss outlet catarina,0,2,0.0,8.0,False
boss sao,0,1,0.0,39.0,False
boss shopping,0,9,0.0,9.777777777777779,True
bot schutz,0,1,0.0,1.0,False
bota schultz,0,1,0.0,37.0,False
bota schutz,0,1,0.0,38.0,False
bota timberland,0,1,0.0,2.0,False
bota uza marrom,0,1,0.0,9.0,False
botas femininas,0,2,0.0,6.0,False
botas schutz 2025,0,1,0.0,7.0,False
boteco em alemao,0,1,0.0,13.0,False
boticario blumenau,0,1,0.0,1.0,False
boticario nacoes shopping,0,7,0.0,10.142857142857142,True
boticario shopping balneario,0,18,0.0,10.833333333333334,True
boticario shopping neumarkt blumenau,0,10,0.0,2.8,True
botinha oakley,0,1,0.0,3.0,False
botique do pano,0,1,0.0,11.0,False
botique do pao,0,96,0.0,9.895833333333334,True
botique do pao de lo,0,74,0.0,9.445945945945946,True
botique do pão,0,3,0.0,10.333333333333334,True
botique pao de lo,0,101,0.0,9.455445544554456,True
botoclinic lojas,0,1,0.0,3.0,False
bottero blumenau,0,1,0.0,5.0,False
boulevard catarina,0,1,0.0,29.0,False
boulevard continente,0,3,0.0,6.333333333333333,True
boulevard continente shopping,0,1,0.0,1.0,False
boulevard de los continentes,0,4,0.0,50.75,True
boulevard gastronomico,0,6,0.0,7.166666666666667,True
boulevard gastronômico,0,27,0.0,9.25925925925926,True
boulevard monti mare,0,2,0.0,62.5,False
boulevard shopping nações,0,34,0.0,56.73529411764706,True
boutique de paes,0,4,0.0,4.0,True
boutique de pao de lo,0,38,0.0,9.631578947368421,True
boutique di pao de lo,0,2,0.0,8.5,False
boutique do p,0,1,0.0,12.0,False
boutique do pao,0,815,0.0,10.85644171779141,True
boutique do pao de lo balneario,0,183,0.0,9.59016393442623,True
boutique do pao de lo balneario camboriu,0,2,0.0,13.0,False
boutique do pao de lo bc,0,321,0.0,11.330218068535826,True
boutique do pao de lo itapema,0,26,0.0,13.846153846153847,True
boutique do pao de ló,0,32,0.0,8.9375,True
boutique do pao de queijo,0,3,0.0,34.0,True
boutique do pão,0,272,0.0,10.996323529411764,True
boutique do pão de lo,0,27,0.0,10.296296296296296,True
boutique do pão de ló bal camb-sc,0,33,0.0,10.303030303030303,True
boutique do pão de ló bal camb-sc balneário camboriú,0,1,0.0,12.0,False
boutique do pão de ló bal camb-sc fotos,0,46,0.0,5.673913043478261,True
boutique do pão de ló balneário,0,5,0.0,7.2,True
boutique do pão de ló balneário camboriú,0,26,0.0,8.807692307692307,True
boutique do pão de ló bc,0,40,0.0,11.775,True
boutique do pão de ló cardápio,0,6,0.0,7.0,True
boutique do pão de ló joinville-sc,0,1,0.0,5.0,False
boutique do pão delicatessen fotos,0,5,0.0,4.2,True
boutique do.pao de lo,0,2,0.0,9.0,False
boutique dos paes,0,66,0.0,10.272727272727273,True
boutique dos pães,0,7,0.0,10.428571428571429,True
boutique hall,0,1,0.0,7.0,False
boutique jr,0,1,0.0,48.0,False
boutique junior,0,1,0.0,16.0,False
boutique lo,0,1,0.0,12.0,False
boutique maria,0,2,0.0,12.0,False
boutique pao,0,29,0.0,9.310344827586206,True
boutique pao de lo balneario,0,231,0.0,8.688311688311689,True
boutique pao de lo bc,0,144,0.0,10.51388888888889,True
boutique pao de lo em balneario camboriu,0,2,0.0,12.0,False
boutique pao de lo itapema,0,8,0.0,14.625,True
boutique pao de ló,0,91,0.0,8.384615384615385,True
boutique pão de lo,0,73,0.0,10.027397260273972,True
boutique pão de ló balneário camboriú,0,20,0.0,13.5,True
br 470 blumenau,0,1,0.0,92.0,False
br fans,0,5,0.0,35.4,True
br junior,0,5,0.0,57.6,True
br malls,0,23,0.0,86.65217391304348,True
br malls ações,0,1,0.0,62.0,False
br malls ri,0,43,0.0,10.395348837209303,True
br malls shoppings,0,6,0.0,88.16666666666667,True
br mania,0,1,0.0,6.0,False
br mix mall,0,1,0.0,11.0,False
br shops,0,1,0.0,95.0,False
br uender almeida,0,2,0.0,7.5,False
br-470 blumenau,0,1,0.0,93.0,False
braday codigo promocional,0,8,0.0,66.5,True
brand in neumarkt,0,1,0.0,46.0,False
brand neumarkt,0,1,0.0,59.0,False
brasik cacau,0,1,0.0,3.0,False
brasil cacau araraquara,0,2,0.0,55.0,False
brasil cacau balneario,0,2,0.0,8.5,False
brasil cacau barra shopping,0,23,0.0,13.434782608695652,True
brasil cacau bc,0,9,0.0,10.0,True
brasil cacau big shopping,0,22,0.0,10.0,True
brasil cacau buriti shopping,0,30,0.0,12.566666666666666,True
brasil cacau campo grande,0,1,0.0,4.0,False
brasil cacau cataguases,0,29,0.0,11.241379310344827,True
brasil cacau chocolate,0,1,0.0,57.0,False
brasil cacau chocolates,0,2,0.0,30.0,False
brasil cacau conjunto nacional,0,29,0.0,8.0,True
brasil cacau continente shopping,0,30,0.0,10.033333333333333,True
brasil cacau de quem é,0,8,0.0,9.625,True
brasil cacau e cacau show,0,1,0.0,3.0,False
brasil cacau e cacau show é a mesma coisa,0,3,0.0,1.3333333333333333,True
brasil cacau em joinville,0,24,0.0,9.583333333333334,True
brasil cacau em osasco,0,1,0.0,3.0,False
brasil cacau endereço,0,1,0.0,8.0,False
brasil cacau fazenda rio grande,0,1,0.0,1.0,False
brasil cacau fazendinha fotos,0,1,0.0,17.0,False
brasil cacau fondue,0,1,0.0,12.0,False
brasil cacau fotos,0,3,0.0,45.666666666666664,True
brasil cacau franquia,0,135,0.0,28.237037037037037,True
brasil cacau ingleses,0,1,0.0,3.0,False
brasil cacau it center,0,1,0.0,10.0,False
brasil cacau itapema,0,1,0.0,1.0,False
brasil cacau jaragua do sul,0,1,0.0,1.0,False
brasil cacau loja,0,2,0.0,10.5,False
brasil cacau lojas,0,35,0.0,8.428571428571429,True
brasil cacau lojas shopping,0,17,0.0,14.941176470588236,True
brasil cacau mais perto de mim,0,1,0.0,7.0,False
brasil cacau manaus,0,1,0.0,5.0,False
brasil cacau norte shopping,0,275,0.0,13.0,True
brasil cacau perto de mim,0,23,0.0,7.0,True
brasil cacau sao jose dos pinhais,0,1,0.0,4.0,False
brasil cacau shopping,0,1,0.0,12.0,False
brasil cacau shopping abc,0,1,0.0,14.0,False
brasil cacau shopping center norte,0,2,0.0,14.5,False
brasil cacau shopping contagem,0,6,0.0,9.166666666666666,True
brasil cacau shopping piracicaba,0,5,0.0,12.4,True
brasil cacau site,0,1,0.0,60.0,False
brasil cacau teresina,0,1,0.0,1.0,False
brasil cacau trabalhe conosco,0,3,0.0,32.0,True
brasil cacau umuarama,0,2,0.0,33.5,False
brasil cacau é da cacau show,0,5,0.0,2.2,True
brasil cacau é da cacau show?,0,1,0.0,2.0,False
brasil cacau é da kopenhagen,0,2,0.0,2.0,False
brasil cacau é da nestlé,0,1,0.0,3.0,False
brasil cacau é de quem,0,6,0.0,10.833333333333334,True
brasil cacau é de quem?,0,1,0.0,10.0,False
brasil cacay,0,1,0.0,3.0,False
brasil chocolates,0,2,0.0,53.5,False
brasil continente,0,5,0.0,64.2,True
brasil fica em qual continente,0,7,0.0,69.57142857142857,True
brasil fica em que continente,0,1,0.0,74.0,False
brasil fica localizado em qual continente,0,1,0.0,50.0,False
brasil pertence a qual continente,0,1,0.0,43.0,False
brasil é localizado em qual continente,0,2,0.0,57.5,False
brasil.cacau lojas,0,1,0.0,14.0,False
brasil?,0,1,0.0,3.0,False
brasilia shopping tem centauro,0,1,0.0,1.0,False
brazil children’s entertainment centers market,0,42,0.0,49.73809523809524,True
brazil clean room robots market,0,3,0.0,75.66666666666667,True
brazil honorary citizenship famous leader,0,2,0.0,14.0,False
brazil ice cream market,0,18,0.0,92.16666666666667,True
brazil malls,0,3,0.0,7.666666666666667,True
brazil marketplace online,0,2,0.0,86.0,False
brazil novo mercado listing requirements -site:youtube.com -site:facebook.com -site:instagram.com,0,4,0.0,79.25,True
brazil online marketplace,0,1,0.0,48.0,False
brazil shopping centers,0,1,0.0,77.0,False
brazil shopping mall news,0,1,0.0,69.0,False
brazil shopping malls,0,3,0.0,61.0,True
brazil skin care,0,1,0.0,1.0,False
brazilian beauty brands,0,6,0.0,1.8333333333333335,True
brazilian beauty products,0,1,0.0,1.0,False
brazilian cosmetic brands,0,1,0.0,1.0,False
brazilian cosmetics brands,0,2,0.0,1.0,False
brazilian fast food chains,0,1,0.0,1.0,False
brazilian hair care brands,0,1,0.0,1.0,False
brazilian skin care brands,0,3,0.0,1.0,True
brazilian skincare brands,0,7,0.0,1.0,True
brazilian storm surf,0,1,0.0,2.0,False
breaknet 2.0,0,1,0.0,3.0,False
bri ju,0,1,0.0,6.0,False
brigadeira,0,16,0.0,8.125,True
brigadeiria,0,1043,0.0,7.37967401725791,True
brigadeiria ou brigaderia,0,208,0.0,10.870192307692308,True
brigadeiro definition,0,1,0.0,37.0,False
brigadeiro faria lima 2277,0,266,0.0,9.06766917293233,True
brigaderia franquia,0,5,0.0,5.6,True
brigaderia higienopolis,0,2,0.0,12.0,False
brigaderia lojas,0,16,0.0,9.875,True
brigaderia ou brigadeiria,0,44,0.0,13.068181818181818,True
brigaderia shopping bourbon,0,9,0.0,12.555555555555555,True
brigaderia shopping higienopolis,0,1,0.0,28.0,False
brigaderia shopping paulista,0,2,0.0,9.5,False
brigaderis,0,11,0.0,7.454545454545454,True
brigaderoa,0,44,0.0,6.659090909090909,True
brigaderua,0,2,0.0,5.5,False
briju,0,144,0.0,9.402777777777779,True
brinde natura maio 2025,0,1,0.0,45.0,False
brinde natura setembro 2025,0,1,0.0,1.0,False
brinquedo shoppings,0,5,0.0,28.4,True
brinquedos continente 2023,0,1,0.0,24.0,False
brinquedos mimo santa isabel,0,1,0.0,40.0,False
briuj,0,1,0.0,11.0,False
broali,0,3,0.0,7.666666666666667,True
bronze shopping,0,1,0.0,12.0,False
brooksfield blumenau,0,1,0.0,2.0,False
brsil cacau,0,1,0.0,3.0,False
bruna cotton,0,1,0.0,1.0,False
bruno camara,0,162,0.0,4.401234567901234,True
bruno câmara,0,11,0.0,3.3636363636363638,True
bruno gissoni instagram,0,1,0.0,70.0,False
brusque tem roupas baratas,0,1,0.0,2.0,False
brusque tem shopping,0,1,0.0,3.0,False
bs center,0,1,0.0,10.0,False
bs construtora,0,2,0.0,35.0,False
bs hall,0,5,0.0,1.8,True
bs lauf,0,2,0.0,6.5,False
bs mall,0,1,0.0,8.0,False
bs shopping,0,3,0.0,23.0,True
bscoite,0,4,0.0,7.0,True
bscoitê,0,1293,0.0,7.180201082753287,True
bshope,0,29,0.0,5.862068965517241,True
buali restaurant,0,1,0.0,5.0,False
bucks camisa,0,1,0.0,1.0,False
buda resorts,0,48,0.0,26.625,True
buda spar,0,1,0.0,24.0,False
buddha sa,0,2,0.0,6.0,False
buddha spa,0,20,0.0,23.85,True
buddha spa balneário shopping,0,1,0.0,61.0,False
buddha spa garten shopping,0,3,0.0,17.666666666666668,True
buddha spa perto de mim,0,1,0.0,8.0,False
buddha spa unidades,0,1,0.0,12.0,False
buddha spa фото,0,2,0.0,5.0,False
buddha to buddha junior,0,1,0.0,18.0,False
budha spa,0,1,0.0,14.0,False
bulevar de los continentes,0,1,0.0,70.0,False
bull hora da vingança rede canais,0,1,0.0,9.0,False
bull prime,0,2,0.0,56.5,False
bull prime curitiba,0,2,0.0,46.0,False
bull prime joinville,0,2,0.0,23.0,False
bull prime steak house - garten shopping ofertas,0,1,0.0,12.0,False
bullprime,0,2,0.0,41.0,False
burger king piçarras,0,2,0.0,11.5,False
busca aj,0,1,0.0,3.0,False
busca busca é pet friendly,0,1,0.0,1.0,False
buscoitê,0,98,0.0,6.673469387755102,True
business in santa catarina brazil,0,9,0.0,87.88888888888889,True
businessman ceo,0,18,0.0,14.055555555555555,True
businessman of the year,0,1,0.0,96.0,False
butique do pao,0,54,0.0,9.12962962962963,True
butique do pão,0,8,0.0,11.375,True
buy g5,0,4,0.0,37.0,True
buy grocery,0,1,0.0,76.0,False
buy more shop,0,1,0.0,21.0,False
buying my way to the top pt br,0,2,0.0,8.5,False
buying school supplies,0,1,0.0,13.0,False
bvmf: azza3,0,1,0.0,4.0,False
byd balneario camboriu,0,1,0.0,41.0,False
byd blumenau,0,1,0.0,10.0,False
byd campanhas,0,1,0.0,72.0,False
byd criciuma,0,2,0.0,28.0,False
byd natal,0,18,0.0,17.555555555555557,True
byd natal shopping,0,14,0.0,10.714285714285714,True
byd promoção abril 2025,0,2,0.0,87.0,False
byd shopping,0,3,0.0,3.0,True
byd sorteio,0,10,0.0,8.0,True
bys ceo,0,1,0.0,9.0,False
c & a celulares,0,26,0.0,76.96153846153847,True
c & a neumarkt,0,1,0.0,9.0,False
c e c norte shopping,0,1,0.0,12.0,False
c&a balneario shopping,0,1,0.0,14.0,False
c&a balneário camboriú,0,3,0.0,23.666666666666668,True
c&a celulares,0,1,0.0,11.0,False
c&a continente shopping,0,2,0.0,6.0,False
c&a criciuma,0,126,0.0,8.103174603174603,True
c&a do shopping,0,1,0.0,9.0,False
c&a em santa catarina,0,1,0.0,14.0,False
c&a kaufhaus,0,2,0.0,81.0,False
c&a lojas,0,9,0.0,8.11111111111111,True
c&a lojas de roupas,0,16,0.0,82.1875,True
c&a lojas roupas femininas,0,1,0.0,98.0,False
c&a lojas shopping,0,29,0.0,8.551724137931036,True
c&a mais proxima,0,1,0.0,11.0,False
c&a mais próxima,0,4,0.0,27.75,True
c&a mastercard,0,10,0.0,56.0,True
c&a moda feminina,0,2,0.0,35.0,False
c&a modas roupas femininas masculinas infantis e beleza,0,6,0.0,44.5,True
c&a natal shopping,0,1,0.0,46.0,False
c&a neumarkt,0,66,0.0,11.030303030303031,True
c&a norte shopping,0,2,0.0,65.5,False
c&a norteshopping,0,1,0.0,39.0,False
c&a novo shopping,0,1,0.0,11.0,False
c&a online criança,0,1,0.0,25.0,False
c&a plaza sul,0,1,0.0,77.0,False
c&a santa catarina,0,30,0.0,23.0,True
c&a shopping,0,6,0.0,17.166666666666668,True
c&a shopping balneario,0,3,0.0,11.333333333333334,True
c&a shopping beiramar,0,1,0.0,1.0,False
c&a shopping continente,0,5,0.0,15.8,True
c&a shopping norte sul,0,1,0.0,12.0,False
c&a store,0,1,0.0,27.0,False
c&a trees clothing store,0,1,0.0,25.0,False
c&a united states,0,4,0.0,70.5,True
c&a é franquia,0,1,0.0,1.0,False
c&a?,0,1,0.0,3.0,False
ca shopping,0,1,0.0,12.0,False
cabem quantas pessoas?,0,1,0.0,2.0,False
caca noit,0,2,0.0,4.5,False
cacao noir,0,1,0.0,5.0,False
cacau brasil,0,14,0.0,7.785714285714286,True
cacau brasil blumenau,0,3,0.0,5.0,True
cacau brasil fondue,0,1,0.0,71.0,False
cacau brasil franquia,0,86,0.0,36.76744186046512,True
cacau brasil joinville,0,102,0.0,11.392156862745098,True
cacau brasil lojas,0,28,0.0,50.964285714285715,True
cacau brasil norte shopping,0,6,0.0,12.333333333333334,True
cacau brasil shopping,0,10,0.0,10.2,True
cacau noar,0,30,0.0,6.533333333333333,True
cacau noir barra shopping,0,84,0.0,8.702380952380953,True
cacau noir centro,0,1,0.0,12.0,False
cacau noir cidade jardim,0,6,0.0,11.666666666666666,True
cacau noir copacabana,0,4,0.0,10.5,True
cacau noir leblon,0,1,0.0,3.0,False
cacau noir lojas,0,6,0.0,21.0,True
cacau noir plaza,0,1,0.0,36.0,False
cacau noir shopping leblon,0,3,0.0,12.0,True
cacau noir shopping morumbi,0,9,0.0,10.444444444444445,True
cacau noir shopping tijuca,0,51,0.0,11.882352941176471,True
cacau noit,0,425,0.0,7.261176470588235,True
cacau show continente shopping,0,2,0.0,7.5,False
cacau show e brasil cacau é a mesma coisa,0,1,0.0,2.0,False
cacau show e cacau brasil,0,1,0.0,1.0,False
cacau show garten,0,1,0.0,10.0,False
cacau show shopping continente,0,5,0.0,9.4,True
cacau show shopping neumarkt,0,1,0.0,4.0,False
cacaunoir,0,111,0.0,9.063063063063064,True
cachorro,0,1,0.0,1.0,False
cachorro melhor amigo frases,0,1,0.0,1.0,False
cachorro pode entrar em mercado,0,4,0.0,1.0,True
cachorro pode ir no shopping,0,6,0.0,1.0,True
cacu brasil,0,1,0.0,10.0,False
cada shopping,0,1,0.0,14.0,False
cadastrar jeunesse,0,6,0.0,60.0,True
cadastre e ganhe,0,1,0.0,5.0,False
cadastro realizado com sucesso,0,59,0.0,9.152542372881356,True
caderno americanas,0,1,0.0,68.0,False
caderno kalunga,0,1,0.0,20.0,False
caderno lojas americanas,0,1,0.0,38.0,False
cadu duarte,0,10,0.0,17.9,True
cafe almeida,0,2,0.0,10.5,False
cafe balneario shopping,0,2,0.0,7.5,False
cafe da manha no paris 6,0,3,0.0,54.666666666666664,True
cafe da manha paris 6,0,5,0.0,54.4,True
cafe de pais,0,1,0.0,11.0,False
cafe de paris,0,3,0.0,7.666666666666667,True
cafe em santa catarina,0,1,0.0,93.0,False
cafe havana,0,2,0.0,3.5,False
cafe metro neumarkt,0,4,0.0,34.75,True
cafe neumarkt,0,2,0.0,11.0,False
cafe pao de lo,0,4,0.0,7.75,True
cafe paris,0,39,0.0,6.923076923076923,True
cafe paris 6,0,53,0.0,14.245283018867925,True
cafe paris floripa,0,1,0.0,25.0,False
cafe paris sao paulo,0,1,0.0,1.0,False
cafe santa catarina,0,6,0.0,61.666666666666664,True
cafeteira osklen,0,1,0.0,12.0,False
cafeteria balneario shopping,0,1,0.0,12.0,False
cafeteria em balneário camboriú,0,1,0.0,6.0,False
cafeteria pao de lo,0,1,0.0,11.0,False
cafeteria paris,0,7,0.0,5.428571428571429,True
cafeteria paris 6,0,4,0.0,5.0,True
café almen,0,1,0.0,11.0,False
café cultura balneario shopping,0,1,0.0,33.0,False
café neumarkt,0,2,0.0,10.5,False
café paris,0,10,0.0,5.0,True
café paris 6,0,8,0.0,9.875,True
café paris campinas,0,1,0.0,32.0,False
café santa catarina,0,3,0.0,53.0,True
caio almeida jiu jitsu,0,1,0.0,2.0,False
caipira almeida junior,0,1,0.0,2.0,False
caipira chopping tobacco sketch,0,1,0.0,5.0,False
caito wagner hall,0,1,0.0,82.0,False
calcado ferri,0,1,0.0,5.0,False
calcados tabita ltda,0,1,0.0,2.0,False
calcados uza,0,2,0.0,4.5,False
calcenter calçados,0,1,0.0,5.0,False
calcinha,0,1,0.0,17.0,False
calcinhas loungerie,0,139,0.0,57.35251798561151,True
calendario de junior,0,2,0.0,10.5,False
calendario jun,0,3,0.0,10.666666666666666,True
calendario junior,0,5,0.0,6.2,True
calendario ri,0,1,0.0,96.0,False
calendário de junior,0,33,0.0,8.151515151515152,True
calendário junior,0,80,0.0,7.8625,True
calendário júnior,0,44,0.0,7.568181818181818,True
calidad de vida,0,1,0.0,6.0,False
call almeida,0,5,0.0,9.0,True
caloi city tour,0,1,0.0,3.0,False
caloi comfort,0,1,0.0,1.0,False
caloi velox,0,1,0.0,3.0,False
calopsita cobasi,0,3,0.0,1.6666666666666665,True
calvin clai,0,1,0.0,7.0,False
calvin kein,0,2,0.0,42.5,False
calvin kelin,0,1,0.0,9.0,False
calvin kkein,0,1,0.0,37.0,False
calvin klain,0,2,0.0,38.5,False
calvin klay,0,1,0.0,38.0,False
calvin klei,0,1,0.0,37.0,False
calvin klein,0,29,0.0,27.310344827586206,True
calvin klein balneario camboriu,0,128,0.0,10.84375,True
calvin klein balneario shopping,0,99,0.0,9.83838383838384,True
calvin klein bh shopping,0,1,0.0,14.0,False
calvin klein blumenau,0,1,0.0,33.0,False
calvin klein de onde é,0,19,0.0,6.157894736842105,True
calvin klein empresa,0,4,0.0,11.75,True
calvin klein história da marca,0,6,0.0,53.333333333333336,True
calvin klein idade,0,6,0.0,1.0,True
calvin klein marca,0,3,0.0,58.333333333333336,True
calvin klein norte shopping,0,97,0.0,13.082474226804123,True
calvin klein o que é,0,3,0.0,1.0,True
calvin klein pais de origem,0,1,0.0,1.0,False
calvin klein quem é,0,2,0.0,1.0,False
calvin klein trabalhe conosco,0,38,0.0,10.421052631578947,True
calzedonia,0,9,0.0,6.111111111111111,True
calzedonia balneario,0,44,0.0,10.795454545454545,True
calzedonia balneario camboriu,0,10,0.0,12.2,True
calzedonia balneario shopping,0,76,0.0,9.513157894736842,True
calzedonia blumenau,0,6,0.0,10.833333333333334,True
calzedonia br,0,1,0.0,37.0,False
calzedonia continente shopping,0,54,0.0,10.38888888888889,True
calzedonia franchise,0,1,0.0,44.0,False
calzedonia franquicia,0,1,0.0,9.0,False
calzedonia joinville,0,1,0.0,1.0,False
calzedonia lojas,0,1,0.0,4.0,False
calzedonia lojas shopping,0,19,0.0,51.78947368421053,True
calzedonia outlet,0,2,0.0,6.0,False
calzedonia porto alegre,0,3,0.0,40.666666666666664,True
calzedonia shopping continente,0,13,0.0,10.76923076923077,True
calça colcci feminina original,0,1,0.0,4.0,False
calça dri-fit nike knit masculina,0,1,0.0,2.0,False
calça jeans cotton on,0,1,0.0,3.0,False
calça jeans da colcci,0,1,0.0,4.0,False
calça lee feminina,0,1,0.0,3.0,False
calça lee masculina,0,1,0.0,2.0,False
calça levis,0,1,0.0,12.0,False
calça levis 505 masculina com elastano,0,1,0.0,2.0,False
calça lez a lez,0,1,0.0,5.0,False
calça moletom fila feminina,0,1,0.0,5.0,False
calçadeira decathlon,0,2,0.0,13.0,False
calçado,0,2,0.0,3.0,False
calçado usaflex,0,1,0.0,74.0,False
calçados,0,1,0.0,2.0,False
calçados beira rio s/a,0,1,0.0,4.0,False
calçados birman,0,1,0.0,2.0,False
calçados brasileiros,0,6,0.0,1.3333333333333333,True
calçados da santa lolla,0,1,0.0,76.0,False
calçados da usaflex,0,1,0.0,68.0,False
calçados jau,0,1,0.0,12.0,False
calçados pampili,0,3,0.0,26.666666666666668,True
calçados sandra,0,1,0.0,11.0,False
calçados schutz,0,4,0.0,4.75,True
calçados schutz feminino,0,1,0.0,4.0,False
calçados shoes,0,1,0.0,7.0,False
calçados usaflex,0,1,0.0,76.0,False
calçados uza,0,1,0.0,3.0,False
calçados uza shoes,0,1,0.0,4.0,False
calças lee,0,2,0.0,2.0,False
cama mesa e banho riachuelo,0,2,0.0,26.0,False
camacc,0,1,0.0,7.0,False
camaleão dragão,0,1,0.0,2.0,False
camarao express,0,7,0.0,25.714285714285715,True
camarao express itapema,0,2,0.0,31.0,False
camarão express,0,14,0.0,24.285714285714285,True
camarão express shopping itaguaçu,0,2,0.0,14.0,False
camboriu a blumenau,0,1,0.0,72.0,False
camboriu a florianopolis,0,16,0.0,89.375,True
camboriu brasil shopping,0,1,0.0,11.0,False
camboriu center,0,1,0.0,67.0,False
camboriu o florianopolis,0,14,0.0,90.92857142857143,True
camboriu sephora,0,49,0.0,7.122448979591836,True
camboriu shoping,0,4,0.0,7.25,True
camboriu shopping,0,460,0.0,17.77391304347826,True
camboriu shopping balneario,0,3,0.0,6.666666666666667,True
camboriu shopping cinema,0,1,0.0,37.0,False
camboriu shopping lojas,0,107,0.0,9.616822429906541,True
camboriu shopping mall,0,2,0.0,11.0,False
camboriu y florianopolis,0,1,0.0,97.0,False
camboriú a florianópolis,0,1,0.0,67.0,False
camboriú brasil mapa,0,1,0.0,97.0,False
camboriú mapa,0,4,0.0,94.0,True
camboriú shopping,0,181,0.0,11.425414364640885,True
camelódromo balneário camboriú - rua 1520 - centro balneário camboriú - sc,0,1,0.0,5.0,False
camelódromo balneário camboriú lojas,0,3,0.0,2.666666666666667,True
camelódromo blumenau,0,1,0.0,2.0,False
camicado norte shopping,0,1,0.0,6.0,False
camicado norte shopping telefone,0,1,0.0,4.0,False
camicado shopping continente,0,19,0.0,9.31578947368421,True
camil alimentos ri,0,1,0.0,14.0,False
camisa 2 corinthians 2024,0,1,0.0,1.0,False
camisa 3 fluminense 2025 feminina,0,1,0.0,11.0,False
camisa 3 juventus 24/25,0,1,0.0,1.0,False
camisa do corinthians feminina,0,1,0.0,3.0,False
camisa do real madrid,0,1,0.0,1.0,False
camisa flamengo baseball,0,1,0.0,3.0,False
camisa holanda,0,1,0.0,1.0,False
camisa jogador corinthians all black,0,1,0.0,1.0,False
camisa liverpool,0,2,0.0,7.0,False
camisa longa corinthians,0,1,0.0,1.0,False
camisa nike corinthians treino 2025 masculina,0,1,0.0,3.0,False
camisa nike vermelha dri fit,0,1,0.0,1.0,False
camisa orlando city,0,1,0.0,3.0,False
camisa reserva,0,1,0.0,4.0,False
camisa sipat 2025,0,8,0.0,1.0,True
camisa social colcci,0,1,0.0,4.0,False
camisa termica puma,0,1,0.0,1.0,False
camisa zapalla masculina,0,1,0.0,2.0,False
camisas da taco,0,1,0.0,5.0,False
camisas goias,0,1,0.0,3.0,False
camisas psg,0,1,0.0,1.0,False
camisas richards masculina,0,1,0.0,6.0,False
camiseta,0,1,0.0,4.0,False
camiseta brasil feminina original,0,1,0.0,6.0,False
camiseta brasil masculina,0,1,0.0,2.0,False
camiseta colcci masculina,0,1,0.0,6.0,False
camiseta da selecao,0,1,0.0,2.0,False
camiseta degrade masculina,0,1,0.0,4.0,False
camiseta feminina,0,1,0.0,21.0,False
camiseta nike,0,1,0.0,6.0,False
camiseta sipat 2025,0,4,0.0,1.0,True
camisetas da baw,0,1,0.0,5.0,False
campanha 1,0,2,0.0,80.5,False
campanha carros,0,1,0.0,9.0,False
campanha compre ganhe,0,1,0.0,44.0,False
campanha de aniversário,0,2,0.0,80.0,False
campanha de natal shopping,0,4,0.0,94.75,True
campanha de premios,0,1,0.0,11.0,False
campanha de prêmios,0,3,0.0,62.666666666666664,True
campanha de sorteio,0,8,0.0,82.25,True
campanha de verão,0,3,0.0,87.0,True
campanha dia das mães,0,1,0.0,48.0,False
campanha dia dos namorados shopping,0,1,0.0,91.0,False
campanha dia dos pais shopping,0,1,0.0,76.0,False
campanha disney,0,1,0.0,11.0,False
campanha iphone,0,1,0.0,1.0,False
campanha sipat,0,1,0.0,11.0,False
campanha sipat 2025,0,20,0.0,6.5,True
campanha sorteio,0,3,0.0,68.66666666666667,True
campanhas carros,0,1,0.0,77.0,False
campanhas de shopping,0,1,0.0,24.0,False
canais de moda,0,1,0.0,86.0,False
canal,0,127,0.0,1.031496062992126,True
canal 27,0,1,0.0,4.0,False
canal center,0,1,0.0,11.0,False
canal concep,0,6,0.0,34.333333333333336,True
canal concept,0,353,0.0,32.141643059490086,True
canal concept moema,0,2,0.0,18.0,False
canal concept outlet,0,83,0.0,10.228915662650602,True
canal concepto,0,1,0.0,1.0,False
canal da loja,0,51,0.0,11.92156862745098,True
canal da moda fotos,0,4,0.0,5.5,True
canal jeans,0,1,0.0,2.0,False
canal loja,0,68,0.0,19.88235294117647,True
canal loja de roupa,0,101,0.0,10.178217821782178,True
canal lojas,0,35,0.0,10.342857142857143,True
canal marca,0,1,0.0,9.0,False
canal marca de roupa,0,33,0.0,10.727272727272727,True
canal moda,0,26,0.0,43.92307692307692,True
canal moda feminina,0,1,0.0,76.0,False
canal moema,0,1,0.0,8.0,False
canal outlet,0,1,0.0,19.0,False
canal roupas,0,119,0.0,12.890756302521009,True
canal roupas femininas,0,3,0.0,64.33333333333334,True
canal shopping,0,151,0.0,7.913907284768212,True
canal shopping centre,0,2,0.0,8.5,False
canalconcept,0,11,0.0,28.454545454545453,True
canau,0,1,0.0,1.0,False
cancun compras,0,31,0.0,53.54838709677419,True
cancun fica em qual estado,0,1,0.0,99.0,False
cancun outlet,0,1,0.0,35.0,False
cancun outlet mall,0,1,0.0,29.0,False
cancun passeio,0,1,0.0,99.0,False
cancun shopping,0,9,0.0,41.77777777777778,True
candy aj,0,2,0.0,10.0,False
caneca superman cacau show,0,1,0.0,37.0,False
canecão balneário camboriú,0,1,0.0,11.0,False
canoinhas,0,1,0.0,8.0,False
canoinhas sc,0,1,0.0,3.0,False
canql,0,1,0.0,1.0,False
cansk,0,2,0.0,1.0,False
cansl,0,1,0.0,1.0,False
cantagalo general grains,0,3,0.0,45.333333333333336,True
cantina em alemao,0,1,0.0,13.0,False
capa de chuva esportiva,0,1,0.0,1.0,False
capri junior,0,2,0.0,16.0,False
carbone continente,0,30,0.0,9.3,True
carbone forneria,0,6,0.0,8.333333333333332,True
carbone shopping continente,0,85,0.0,9.047058823529412,True
card shopping,0,12,0.0,10.166666666666666,True
cardapio lojista giraffas,0,3,0.0,7.333333333333333,True
carddigital,0,1,0.0,52.0,False
cardigan maria filo,0,1,0.0,4.0,False
cardiologista criciuma,0,1,0.0,45.0,False
cardápio boali,0,1,0.0,6.0,False
cardápio de açaí para editar word,0,1,0.0,18.0,False
cardápio de bar do alemão itu,0,15,0.0,3.1333333333333333,True
cardápio de lá morena - carnes nobres urubici,0,1,0.0,4.0,False
cardápio de paris 6 balneário camboriú,0,16,0.0,9.25,True
cardápio de paris 6 bistro balneario camboriu,0,46,0.0,10.934782608695652,True
cardápio do girafas,0,2,0.0,57.0,False
cardápio paris 6 balneário camboriú,0,4,0.0,17.5,True
carl zeiss,0,1,0.0,1.0,False
carl zeiss alemanha,0,49,0.0,76.16326530612245,True
carl zeiss trabalhe conosco,0,1,0.0,16.0,False
carl zeiss vision trabalhe conosco,0,145,0.0,20.46206896551724,True
carlos dale junior,0,1,0.0,2.0,False
carlos de almeida baptista júnior cargo anterior,0,1,0.0,4.0,False
carlos sanchez almeida,0,1,0.0,67.0,False
carlos sanchez nsc,0,1,0.0,1.0,False
carmen steffens de onde é,0,1,0.0,3.0,False
carol bassi idade,0,1,0.0,3.0,False
carol jean wink,0,1,0.0,66.0,False
carol junior,0,1,0.0,45.0,False
carol trentine,0,6,0.0,12.5,True
carol trentini,0,435,0.0,13.570114942528736,True
carol trentini met gala,0,2,0.0,79.5,False
carol.trentini,0,4,0.0,4.0,True
carolina trentini,0,2,0.0,15.0,False
caroline topmodel,0,1,0.0,20.0,False
caroline trentini vorcaro,0,1,0.0,30.0,False
carrefour criciuma,0,2,0.0,1.0,False
carrefour norte shopping,0,2,0.0,5.5,False
carregador carro hibrido plug in,0,1,0.0,1.0,False
carro,0,3,0.0,2.0,True
carro dobro,0,1,0.0,67.0,False
carro eclipse,0,1,0.0,1.0,False
carro eletrico norte shopping,0,1,0.0,10.0,False
carro junior,0,1,0.0,71.0,False
carro sorteio shopping,0,1,0.0,6.0,False
carro zero km,0,1,0.0,72.0,False
carros king,0,3,0.0,59.333333333333336,True
cars autismo,0,1,0.0,7.0,False
cartao almeida mercados,0,1,0.0,10.0,False
cartao continente fans,0,1,0.0,12.0,False
cartao xp black friday,0,1,0.0,14.0,False
cartaz sipat 2025,0,11,0.0,1.0,True
carteira feminina colcci,0,1,0.0,5.0,False
carter riachuelo,0,1,0.0,61.0,False
cartorio blumenau,0,1,0.0,1.0,False
cartorio passaporte,0,1,0.0,1.0,False
cartão riachuelo telefone,0,1,0.0,2.0,False
cas riachuelo,0,2,0.0,5.0,False
casa & loja,0,1,0.0,15.0,False
casa almeida,0,204,0.0,2.4754901960784315,True
casa almeida - brooklin,0,1,0.0,6.0,False
casa almeida loja,0,1,0.0,49.0,False
casa almeida outlet,0,1,0.0,3.0,False
casa almeida park shopping,0,1,0.0,38.0,False
casa balducco,0,2,0.0,11.0,False
casa balduco,0,3,0.0,10.0,True
casa bauducco balneario shopping,0,22,0.0,10.454545454545455,True
casa bauducco balneário camboriú,0,3,0.0,11.0,True
casa bauducco blumenau,0,12,0.0,6.416666666666667,True
casa bauducco cnpj,0,3,0.0,11.333333333333334,True
casa bauducco conjunto nacional,0,4,0.0,37.5,True
casa bauducco fotos,0,48,0.0,3.1041666666666665,True
casa bauducco franca,0,1,0.0,12.0,False
casa bauducco franquia valor,0,1,0.0,64.0,False
casa bauducco golden square,0,21,0.0,12.666666666666666,True
casa bauducco jockey,0,1,0.0,2.0,False
casa bauducco loja,0,13,0.0,10.076923076923077,True
casa bauducco lojas,0,57,0.0,5.0701754385964914,True
casa bauducco norte shopping,0,10,0.0,12.6,True
casa bauducco sao paulo,0,1,0.0,39.0,False
casa bauducco shopping,0,13,0.0,16.76923076923077,True
casa bauducco shopping continental,0,22,0.0,10.272727272727273,True
casa bauducco são paulo,0,1,0.0,61.0,False
casa bauduco,0,49,0.0,10.244897959183673,True
casa bauduco franquia,0,47,0.0,11.595744680851064,True
casa bauducoo,0,2,0.0,22.5,False
casa continente,0,2,0.0,11.0,False
casa da bauducco,0,21,0.0,7.9523809523809526,True
casa da cueca,0,7,0.0,14.857142857142858,True
casa da lagosta balneário camboriú,0,1,0.0,4.0,False
casa da sopa balneário camboriú,0,2,0.0,8.5,False
casa das cueca,0,1,0.0,2.0,False
casa das cuecas,0,1341,0.0,12.1193139448173,True
casa das cuecas bourbon shopping,0,3,0.0,9.666666666666666,True
casa das cuecas center norte,0,2,0.0,37.0,False
casa das cuecas eldorado,0,1,0.0,10.0,False
casa das cuecas endereços,0,1,0.0,1.0,False
casa das cuecas fotos,0,1,0.0,28.0,False
casa das cuecas goiania,0,1,0.0,17.0,False
casa das cuecas lojas,0,53,0.0,14.924528301886792,True
casa das cuecas oscar freire,0,224,0.0,10.424107142857142,True
casa das cuecas outlet,0,1,0.0,32.0,False
casa das cuecas perto de mim,0,7,0.0,16.0,True
casa das cuecas rio de janeiro,0,8,0.0,7.125,True
casa das cuecas shopping,0,23,0.0,14.826086956521738,True
casa das cuecas shopping barigui,0,2,0.0,10.5,False
casa das cuecas shopping eldorado,0,1,0.0,12.0,False
casa das cuecas shopping morumbi,0,22,0.0,9.772727272727273,True
casa das curcas,0,3,0.0,5.666666666666667,True
casa de cambio shopping continente,0,1,0.0,1.0,False
casa de cuecas,0,2,0.0,3.5,False
casa de câmbio blumenau shopping,0,1,0.0,2.0,False
casa de câmbio norte shopping,0,1,0.0,1.0,False
casa de câmbio shopping neumarkt,0,1,0.0,4.0,False
casa do bauducco,0,1,0.0,23.0,False
casa do camarão menu,0,1,0.0,4.0,False
casa do celular,0,1,0.0,3.0,False
casa eiachuelo,0,19,0.0,5.052631578947368,True
casa reserva morumbi,0,1,0.0,14.0,False
casa riachelo,0,16,0.0,4.875,True
casa riacheulo,0,1,0.0,4.0,False
casa riachielo,0,31,0.0,5.161290322580645,True
casa riachu,0,7,0.0,5.142857142857143,True
casa riachueko,0,3,0.0,7.333333333333333,True
casa riachuel,0,12,0.0,4.416666666666666,True
casa riachuela,0,10,0.0,4.5,True
casa riachueli,0,11,0.0,6.090909090909091,True
casa riachuell,0,1,0.0,4.0,False
casa riachuello,0,76,0.0,7.907894736842105,True
casa riachuelo bh shopping,0,4,0.0,1.0,True
casa riachuelo brasil,0,1,0.0,34.0,False
casa riachuelo decoração,0,57,0.0,4.87719298245614,True
casa riachuelo endereços,0,29,0.0,9.275862068965518,True
casa riachuelo fotos,0,1,0.0,5.0,False
casa riachuelo goiania,0,2,0.0,1.0,False
casa riachuelo loja,0,32,0.0,16.625,True
casa riachuelo loja fisica,0,11,0.0,9.909090909090908,True
casa riachuelo lojas fisicas,0,519,0.0,6.674373795761079,True
casa riachuelo onde tem,0,2,0.0,11.0,False
casa riachuelo patio paulista,0,2,0.0,3.0,False
casa riachuelo perto de mim,0,1,0.0,8.0,False
casa riachuelo rio de janeiro,0,2,0.0,5.5,False
casa riachuelo rio sul,0,1,0.0,12.0,False
casa riachuelo shopping,0,26,0.0,10.423076923076923,True
casa riachuelo shopping vitoria,0,1,0.0,1.0,False
casa riachuelo.,0,3,0.0,4.666666666666666,True
casa riachuelp,0,21,0.0,5.285714285714286,True
casa riachueo,0,3,0.0,6.0,True
casa riachuleo,0,13,0.0,4.846153846153847,True
casa riachulo,0,15,0.0,4.133333333333333,True
casa riachuo,0,12,0.0,7.833333333333333,True
casa riachurlo,0,17,0.0,5.117647058823529,True
casa riacuelo,0,12,0.0,4.583333333333334,True
casa riaxhuelo,0,12,0.0,6.083333333333333,True
casa ricahuelo,0,12,0.0,4.75,True
casa richuelo,0,18,0.0,4.333333333333334,True
casa riqchuelo,0,5,0.0,5.2,True
casa rischuelo,0,31,0.0,5.225806451612903,True
casa roachuelo,0,12,0.0,5.25,True
casa ruachuelo,0,17,0.0,5.647058823529412,True
casa schutz,0,2,0.0,2.5,False
casa shopping lojas,0,1,0.0,9.0,False
casa souq,0,1,0.0,4.0,False
casa tiachuelo,0,14,0.0,5.857142857142857,True
casa.riachuelo,0,7,0.0,8.857142857142858,True
casabauducco,0,36,0.0,7.222222222222222,True
casaco barcelona,0,1,0.0,5.0,False
casacor santa catarina,0,1,0.0,18.0,False
casadascuecas,0,35,0.0,32.37142857142857,True
casariachelo,0,1,0.0,30.0,False
casariachuelo,0,3,0.0,16.333333333333336,True
casas bahia norte shopping blumenau,0,11,0.0,2.2727272727272725,True
casas bauducco,0,756,0.0,6.738095238095238,True
casas bauducco lojas,0,2,0.0,95.0,False
casas bauduco,0,116,0.0,7.387931034482759,True
casas das cuecas,0,7,0.0,11.571428571428571,True
casas riachuelo,0,807,0.0,5.9021065675340765,True
case criciuma,0,1,0.0,45.0,False
case joinville,0,13,0.0,59.84615384615385,True
case jr,0,15,0.0,87.93333333333334,True
case lages,0,1,0.0,37.0,False
casede garden,0,7,0.0,40.285714285714285,True
cash back gift card where to buy,0,1,0.0,13.0,False
cash back gift cards,0,4,0.0,11.75,True
cashback for gift cards,0,1,0.0,11.0,False
cashback gift card,0,2,0.0,8.0,False
cashback gift cards,0,3,0.0,9.0,True
cashback giftcard,0,1,0.0,12.0,False
cassol blumenau norte shopping,0,1,0.0,35.0,False
cassol nações shopping,0,6,0.0,30.833333333333332,True
castanheira natal,0,1,0.0,87.0,False
cata quiroga,0,1,0.0,16.0,False
catarina almeida,0,13,0.0,72.0,True
catarina creamery,0,1,0.0,34.0,False
catarina fashion,0,6,0.0,61.833333333333336,True
catarina fashion outlet,0,29,0.0,67.20689655172414,True
catarina fashion outlet lojas,0,1,0.0,74.0,False
catarina mall,0,2,0.0,55.5,False
catarina outlet,0,59,0.0,64.50847457627118,True
catarina outlet cinema,0,1,0.0,55.0,False
catarina outlet lojas,0,3,0.0,79.66666666666667,True
catarina outlet mapa,0,4,0.0,70.25,True
catarina outlet pet friendly,0,2,0.0,1.0,False
catarina outlet restaurantes,0,4,0.0,80.75,True
catarina shopping,0,8,0.0,76.0,True
catarina shopping lojas,0,2,0.0,47.5,False
catarina significa,0,1,0.0,68.0,False
catarinacreamery,0,1,0.0,18.0,False
catarinas creamery,0,2,0.0,24.5,False
catarinascreamery,0,2,0.0,10.5,False
catarinense garden,0,1,0.0,34.0,False
cavanhas balneário camboriú,0,1,0.0,4.0,False
cavezzale blumenau,0,1,0.0,5.0,False
caza restaurante balneario camboriu,0,1,0.0,5.0,False
cc continente,0,1,0.0,9.0,False
cea balneário camboriú,0,1,0.0,11.0,False
cea blumenau neumarkt,0,3,0.0,5.0,True
cea continente shopping,0,3,0.0,8.333333333333332,True
cea floripa,0,1,0.0,1.0,False
cea loja shopping,0,2,0.0,12.0,False
cea lojas proximas,0,1,0.0,8.0,False
cea marechal,0,1,0.0,3.0,False
cea near me,0,1,0.0,1.0,False
cea neumarkt shopping,0,3,0.0,13.0,True
cea perto de mim,0,1,0.0,1.0,False
cea santa catarina,0,4,0.0,9.25,True
cea shopping,0,2,0.0,5.0,False
cea shopping cidade,0,1,0.0,1.0,False
cea shopping continente,0,5,0.0,9.8,True
cea shopping neumarkt,0,16,0.0,11.0625,True
cecconello,0,10,0.0,10.1,True
cecconello loja fisica sp,0,1,0.0,9.0,False
cecconello loja física,0,5,0.0,12.8,True
cecconello lojas,0,266,0.0,8.236842105263158,True
cecconelo,0,2,0.0,9.5,False
ceconello,0,2,0.0,10.0,False
ceconnelo,0,1,0.0,9.0,False
ceiamigos,0,4,0.0,7.0,True
celular promocao dia dos pais,0,1,0.0,72.0,False
celular promoção dias dos pais,0,1,0.0,87.0,False
celular promoções dia dos pais,0,1,0.0,69.0,False
celular samsung promoção dia dos pais,0,5,0.0,60.4,True
celular samsung riachuelo,0,2,0.0,68.0,False
centaro loja,0,8,0.0,5.5,True
centauro,0,25,0.0,3.24,True
centauro .com,0,1,0.0,7.0,False
centauro .com.br,0,1,0.0,6.0,False
centauro araguaia shopping,0,1,0.0,1.0,False
centauro artigos esportivos,0,3,0.0,57.0,True
centauro balneario,0,19,0.0,16.736842105263158,True
centauro balneario camboriu,0,75,0.0,51.52,True
centauro balneario shopping,0,13,0.0,12.0,True
centauro balneário camboriú,0,162,0.0,32.74691358024691,True
centauro balneário camboriú shopping,0,2,0.0,7.5,False
centauro balneário camboriú whatsapp,0,1,0.0,5.0,False
centauro balneário shopping,0,70,0.0,11.9,True
centauro barra shopping telefone,0,1,0.0,5.0,False
centauro bauru shopping,0,1,0.0,66.0,False
centauro bc,0,20,0.0,25.75,True
centauro bc shopping,0,4,0.0,8.5,True
centauro bh shopping,0,1,0.0,44.0,False
centauro bike,0,1,0.0,100.0,False
centauro blumenau,0,3,0.0,38.333333333333336,True
centauro blumenau shopping neumarkt,0,7,0.0,5.714285714285714,True
centauro blumenau shopping neumarkt telefone,0,2,0.0,12.0,False
centauro blumenau whatsapp,0,1,0.0,2.0,False
centauro boulevard bauru,0,1,0.0,2.0,False
centauro brusque,0,2,0.0,1.0,False
centauro camboriu,0,1,0.0,12.0,False
centauro camisa do brasil,0,1,0.0,3.0,False
centauro catarina,0,3,0.0,9.666666666666666,True
centauro catarina outlet,0,59,0.0,12.813559322033898,True
centauro clique e retire,0,1,0.0,9.0,False
centauro com,0,1,0.0,6.0,False
centauro com br,0,1,0.0,5.0,False
centauro com.br,0,3,0.0,5.333333333333333,True
centauro contato whatsapp,0,1,0.0,1.0,False
centauro continente,0,171,0.0,10.847953216374268,True
centauro continente shopping,0,608,0.0,10.981907894736842,True
centauro continente shopping telefone,0,14,0.0,12.428571428571429,True
centauro do brasil,0,1,0.0,56.0,False
centauro do norte shopping,0,2,0.0,62.0,False
centauro do shopping,0,15,0.0,9.0,True
centauro em florianópolis,0,13,0.0,6.615384615384615,True
centauro em itajaí,0,1,0.0,1.0,False
centauro em santa catarina,0,1,0.0,8.0,False
centauro em santos,0,5,0.0,1.0,True
centauro em teresina,0,1,0.0,3.0,False
centauro endereço,0,1,0.0,1.0,False
centauro entrega sábado,0,1,0.0,1.0,False
centauro esteira,0,3,0.0,22.666666666666668,True
centauro existe,0,10,0.0,1.0,True
centauro existe?,0,1,0.0,1.0,False
centauro florianopolis,0,22,0.0,56.81818181818182,True
centauro florianópolis,0,3,0.0,46.333333333333336,True
centauro foto,0,82,0.0,1.0,True
centauro fotos,0,5,0.0,1.2,True
centauro foz do iguaçu,0,1,0.0,1.0,False
centauro franquia,0,5,0.0,10.8,True
centauro futebol,0,1,0.0,1.0,False
centauro garten,0,162,0.0,12.432098765432098,True
centauro garten shopping,0,2,0.0,6.5,False
centauro iguatemi,0,3,0.0,12.666666666666666,True
centauro iguatemi alphaville,0,1,0.0,12.0,False
centauro imagens,0,1,0.0,1.0,False
centauro itapema,0,21,0.0,9.0,True
centauro itaquaquecetuba,0,2,0.0,1.0,False
centauro jaragua do sul,0,1,0.0,1.0,False
centauro jockey,0,3,0.0,43.666666666666664,True
centauro joinville,0,1,0.0,6.0,False
centauro lages,0,27,0.0,11.555555555555555,True
centauro lija,0,2,0.0,4.0,False
centauro loja,0,1533,0.0,9.778212654924983,True
centauro loja centauro,0,21,0.0,6.428571428571429,True
centauro loja de esportes,0,1,0.0,91.0,False
centauro loja de rua,0,2,0.0,1.0,False
centauro loja fisica,0,88,0.0,12.977272727272727,True
centauro loja física,0,4,0.0,8.75,True
centauro loja shopping,0,14,0.0,7.714285714285714,True
centauro lojas,0,223,0.0,37.73542600896861,True
centauro lojas fisicas,0,165,0.0,20.151515151515152,True
centauro lojas perto de mim,0,1,0.0,1.0,False
centauro lojas rj,0,1,0.0,1.0,False
centauro lojas shopping,0,3,0.0,25.333333333333332,True
centauro mais próxima,0,3,0.0,1.0,True
centauro mais próximo de mim,0,1,0.0,1.0,False
centauro manaus amazonas shopping,0,6,0.0,1.0,True
centauro marcas,0,1,0.0,100.0,False
centauro metropole shopping,0,1,0.0,1.0,False
centauro midway,0,1,0.0,1.0,False
centauro minas shopping telefone,0,1,0.0,1.0,False
centauro na avenida paulista,0,1,0.0,2.0,False
centauro nacoes shopping,0,29,0.0,20.517241379310345,True
centauro nações shopping,0,59,0.0,19.033898305084747,True
centauro nações shopping criciuma,0,1,0.0,13.0,False
centauro no barra shopping,0,1,0.0,1.0,False
centauro no parque shopping,0,1,0.0,1.0,False
centauro no shopping,0,22,0.0,6.363636363636363,True
centauro norte shopping,0,9,0.0,1.3333333333333333,True
centauro norte shopping blumenau,0,2,0.0,27.0,False
centauro norte shopping qual piso,0,1,0.0,1.0,False
centauro noticias,0,3,0.0,52.0,True
centauro novo shopping,0,6,0.0,45.333333333333336,True
centauro o,0,5,0.0,4.8,True
centauro o que é,0,2,0.0,13.0,False
centauro o'que é,0,1,0.0,99.0,False
centauro oq é,0,1,0.0,13.0,False
centauro outlet catarina,0,5,0.0,10.2,True
centauro palladium,0,2,0.0,12.0,False
centauro park shopping,0,3,0.0,11.0,True
centauro park shopping df,0,4,0.0,4.0,True
centauro parque shopping,0,1,0.0,1.0,False
centauro partage shopping,0,2,0.0,1.0,False
centauro patio norte,0,1,0.0,1.0,False
centauro paulista,0,1,0.0,2.0,False
centauro paulista endereço,0,2,0.0,1.0,False
centauro plaza shopping,0,1,0.0,4.0,False
centauro portão,0,1,0.0,3.0,False
centauro proxima,0,1,0.0,12.0,False
centauro retire na loja,0,1,0.0,28.0,False
centauro rio sul,0,1,0.0,2.0,False
centauro santa catarina,0,215,0.0,6.530232558139535,True
centauro santa cruz,0,1,0.0,1.0,False
centauro santa ursula,0,3,0.0,11.333333333333334,True
centauro santos,0,59,0.0,1.0,True
centauro shopping,0,89,0.0,14.49438202247191,True
centauro shopping balneario,0,6,0.0,11.166666666666666,True
centauro shopping balneário camboriú,0,13,0.0,14.76923076923077,True
centauro shopping bela vista,0,2,0.0,1.0,False
centauro shopping boa vista,0,2,0.0,1.0,False
centauro shopping boulevard,0,1,0.0,2.0,False
centauro shopping bourbon,0,3,0.0,1.6666666666666665,True
centauro shopping campinas,0,10,0.0,1.2,True
centauro shopping campo limpo,0,7,0.0,1.0,True
centauro shopping contagem,0,1,0.0,1.0,False
centauro shopping continental,0,176,0.0,8.0625,True
centauro shopping continente,0,352,0.0,11.110795454545455,True
centauro shopping continente telefone,0,1,0.0,13.0,False
centauro shopping curitiba,0,1,0.0,3.0,False
centauro shopping da bahia,0,5,0.0,1.0,True
centauro shopping eldorado,0,3,0.0,3.0,True
centauro shopping garten,0,1,0.0,27.0,False
centauro shopping grand plaza,0,1,0.0,3.0,False
centauro shopping grande rio,0,2,0.0,1.5,False
centauro shopping granja vianna,0,1,0.0,3.0,False
centauro shopping guadalupe,0,8,0.0,1.0,True
centauro shopping internacional,0,3,0.0,4.333333333333334,True
centauro shopping jardins,0,3,0.0,3.0,True
centauro shopping light,0,1,0.0,3.0,False
centauro shopping mais,0,42,0.0,11.333333333333334,True
centauro shopping metropole,0,1,0.0,1.0,False
centauro shopping metropole sbc,0,1,0.0,1.0,False
centauro shopping neumarkt,0,2,0.0,5.5,False
centauro shopping patio paulista,0,5,0.0,1.0,True
centauro shopping plaza telefone,0,1,0.0,1.0,False
centauro shopping tambore,0,2,0.0,13.0,False
centauro shopping tatuapé,0,1,0.0,1.0,False
centauro shopping vila velha,0,1,0.0,1.0,False
centauro shopping villa lobos,0,1,0.0,1.0,False
centauro shopping villa romana,0,1,0.0,1.0,False
centauro shopping vitória,0,4,0.0,3.75,True
centauro site,0,1,0.0,1.0,False
centauro store,0,3,0.0,56.666666666666664,True
centauro suplementos,0,4,0.0,49.0,True
centauro tambore,0,1,0.0,13.0,False
centauro telefone,0,1,0.0,1.0,False
centauro tenis,0,3,0.0,71.0,True
centauro tenis feminino,0,1,0.0,1.0,False
centauro teresina,0,9,0.0,2.888888888888889,True
centauro tênis,0,1,0.0,66.0,False
centauro uberaba,0,9,0.0,1.0,True
centauro via parque,0,2,0.0,1.0,False
centauro via shopping,0,1,0.0,2.0,False
centauro villa romana,0,1,0.0,1.0,False
centauro west plaza,0,2,0.0,1.0,False
centauro west shopping,0,1,0.0,2.0,False
centauro whatsapp,0,2,0.0,1.0,False
centauro é confiavel,0,1,0.0,1.0,False
centauro.com,0,47,0.0,12.48936170212766,True
centauro.com.br,0,160,0.0,15.0125,True
centauro.com.br],0,2,0.0,6.5,False
centauro.com.vr,0,1,0.0,7.0,False
centauro.combr,0,2,0.0,5.5,False
centauros loja,0,35,0.0,14.685714285714285,True
centauros lojas,0,5,0.0,26.0,True
centauros tenis,0,1,0.0,87.0,False
centaurus loja,0,3,0.0,6.666666666666667,True
center 3,0,1,0.0,3.0,False
center imóveis,0,6,0.0,94.66666666666667,True
center junior,0,1,0.0,2.0,False
center lojas,0,1,0.0,11.0,False
center mix,0,1,0.0,54.0,False
center norte,0,1,0.0,3.0,False
center norte boliche,0,3,0.0,67.66666666666667,True
center norte lojas,0,2,0.0,45.5,False
center norte shopping,0,1,0.0,67.0,False
center norte shopping lojas,0,1,0.0,40.0,False
center park criciúma,0,1,0.0,10.0,False
center point valqueire,0,1,0.0,37.0,False
center s,0,15,0.0,6.733333333333333,True
center sc,0,1,0.0,4.0,False
center seguidores,0,2,0.0,87.0,False
center sh,0,4,0.0,27.5,True
center sho,0,2,0.0,11.0,False
center shop cidade baixa,0,1,0.0,26.0,False
center shopp,0,1,0.0,12.0,False
center shopping,0,6,0.0,10.666666666666666,True
center sul,0,1,0.0,89.0,False
center um,0,4,0.0,14.0,True
center um shopping,0,1,0.0,44.0,False
centeres,0,10,0.0,34.7,True
centermarket,0,4,0.0,10.0,True
centers,0,83,0.0,16.7710843373494,True
centers malls,0,4,0.0,30.25,True
centers.,0,1,0.0,1.0,False
central da riachuelo telefone,0,1,0.0,2.0,False
central de atendimento riachuelo,0,2,0.0,2.0,False
central de atendimento schutz,0,1,0.0,2.0,False
central mix,0,4,0.0,79.25,True
central park joinville,0,1,0.0,80.0,False
central shopping,0,1,0.0,10.0,False
centre commercial,0,2,0.0,7.0,False
centre juvenil,0,1,0.0,27.0,False
centre param,0,7,0.0,6.428571428571429,True
centro balneario camboriu,0,1,0.0,91.0,False
centro balneário camboriú,0,6,0.0,89.33333333333333,True
centro blumenau lojas,0,2,0.0,2.0,False
centro comercial,0,12,0.0,2.0,True
centro comercial almeida cariacica,0,1,0.0,9.0,False
centro comercial almeida vila prud,0,124,0.0,5.129032258064516,True
centro comercial ars,0,10,0.0,50.4,True
centro comercial balneario camboriu,0,7,0.0,14.285714285714286,True
centro comercial blumenau,0,1,0.0,1.0,False
centro comercial continente,0,6,0.0,10.666666666666666,True
centro comercial criciuma,0,1,0.0,54.0,False
centro comercial garopaba,0,2,0.0,70.0,False
centro comercial irmãos daux,0,1,0.0,46.0,False
centro comercial shopping center,0,1,0.0,7.0,False
centro da visão florianópolis,0,2,0.0,90.0,False
centro de balneario camboriú,0,1,0.0,89.0,False
centro de balneário camboriú,0,14,0.0,89.07142857142857,True
centro de blumenau lojas,0,1,0.0,1.0,False
centro de eventos criciuma,0,1,0.0,91.0,False
centro de inovação blumenau,0,1,0.0,92.0,False
centro de inovação de blumenau,0,2,0.0,97.0,False
centro europeu curitiba,0,5,0.0,78.0,True
centro fashion,0,7,0.0,88.57142857142857,True
centro medico hospital santa catarina,0,6,0.0,52.166666666666664,True
centro medico santa catarina,0,3,0.0,45.0,True
centro medico santa catarina rj,0,1,0.0,14.0,False
centro medico santa isabel,0,2,0.0,48.0,False
centro médico do hospital santa isabel,0,1,0.0,11.0,False
centro médico hospital santa isabel,0,7,0.0,36.285714285714285,True
centro médico norte shopping,0,7,0.0,9.285714285714286,True
centro médico público,0,1,0.0,93.0,False
centro médico santa catarina,0,1,0.0,43.0,False
centro médico santa catarina norte shopping,0,3,0.0,10.666666666666666,True
centro médico santa isabel,0,3,0.0,32.0,True
centro médico santa isabel telefone,0,1,0.0,42.0,False
centro shopping,0,2,0.0,8.0,False
centros comerciais,0,2,0.0,3.0,False
ceo continente,0,1,0.0,12.0,False
ceo criciuma,0,11,0.0,26.454545454545453,True
ceo junior,0,10,0.0,7.0,True
ceo lindt brasil,0,1,0.0,1.0,False
ceo neogrid,0,1,0.0,81.0,False
cep 01452-000,0,7,0.0,10.142857142857142,True
cep almeida,0,2,0.0,4.0,False
cep almeida junior,0,81,0.0,7.679012345679013,True
cep av brigadeiro faria lima,0,5,0.0,10.4,True
cep av brigadeiro faria lima 3477,0,1,0.0,12.0,False
cep balneario shopping,0,9,0.0,10.11111111111111,True
cep blumenau shopping neumarkt,0,1,0.0,2.0,False
cep brigadeiro faria lima,0,3,0.0,8.333333333333332,True
cep continente shopping,0,22,0.0,7.454545454545454,True
cep criciuma nacoes shopping,0,2,0.0,4.0,False
cep criciuma shopping,0,3,0.0,3.0,True
cep da faria lima sp,0,5,0.0,9.0,True
cep da ri,0,9,0.0,6.0,True
cep do norte shopping,0,1,0.0,1.0,False
cep do shopping continente,0,1,0.0,1.0,False
cep faria lima 2277,0,49,0.0,6.1020408163265305,True
cep faria lima 3400,0,1,0.0,10.0,False
cep faria lima plaza,0,54,0.0,9.462962962962964,True
cep faria lima sp,0,4,0.0,7.75,True
cep iguatemi faria lima,0,101,0.0,9.178217821782178,True
cep nacoes shopping,0,7,0.0,3.142857142857143,True
cep nações shopping criciuma,0,2,0.0,1.0,False
cep neumarkt,0,6,0.0,1.0,True
cep neumarkt shopping,0,1,0.0,1.0,False
cep norte shopping blumenau,0,12,0.0,1.25,True
cep ri,0,50,0.0,8.48,True
cep rua almeida junior,0,5,0.0,28.8,True
cep shopping,0,1,0.0,2.0,False
cep shopping balneario,0,6,0.0,7.666666666666667,True
cep shopping balneario camboriu,0,46,0.0,11.41304347826087,True
cep shopping continente,0,6,0.0,3.1666666666666665,True
cep shopping garten joinville,0,23,0.0,1.3478260869565217,True
cep shopping iguatemi faria lima,0,1,0.0,12.0,False
cep shopping neumarkt blumenau,0,7,0.0,4.571428571428571,True
cep são paulo faria lima,0,4,0.0,9.75,True
ceramica almeida,0,1,0.0,3.0,False
certeza que tem?,0,1,0.0,6.0,False
certificado energético em almeida,0,1,0.0,33.0,False
cervejaria stannis,0,7,0.0,17.142857142857142,True
cevin klein,0,1,0.0,40.0,False
chanel schutz,0,1,0.0,1.0,False
chaplin bar balneário camboriú,0,1,0.0,3.0,False
chaplin restaurante bc,0,1,0.0,5.0,False
chat balneario camboriu,0,3,0.0,72.0,True
chat centauro,0,1,0.0,1.0,False
chaussures brésiliennes de luxe,0,1,0.0,4.0,False
chaveiro shopping neumarkt,0,1,0.0,10.0,False
checklist game,0,3,0.0,12.333333333333334,True
checklist games,0,8,0.0,8.25,True
chef almeida,0,3,0.0,16.666666666666664,True
chef junior durski,0,1,0.0,42.0,False
chelsea camisa,0,2,0.0,1.0,False
cherards,0,1,0.0,6.0,False
cherokee marketplace,0,1,0.0,11.0,False
chili beans cnpj,0,1,0.0,13.0,False
chili beans otica,0,4,0.0,59.25,True
chilibeans otica,0,1,0.0,15.0,False
chilleans,0,3,0.0,5.666666666666667,True
chilli beans,0,18,0.0,9.277777777777779,True
chilli beans cnpj,0,9,0.0,18.22222222222222,True
chilli beans conjunto nacional,0,17,0.0,56.23529411764706,True
chilli beans continente shopping,0,124,0.0,8.137096774193548,True
chilli beans franquia,0,17,0.0,60.8235294117647,True
chilli beans neumarkt,0,16,0.0,10.75,True
chilli beans otica,0,70,0.0,11.0,True
chilli beans quantas lojas,0,6,0.0,62.333333333333336,True
chilli beans razão social,0,1,0.0,38.0,False
chilli beans shopping continente,0,26,0.0,11.346153846153847,True
chilli beans ótica,0,8,0.0,40.875,True
chillibeans,0,2,0.0,10.0,False
chilly beans,0,1,0.0,9.0,False
china,0,1,0.0,1.0,False
chinelo beeton anos 90,0,1,0.0,4.0,False
chinelo do brasil,0,1,0.0,14.0,False
chinelo japones,0,1,0.0,2.0,False
chinelo nike brasil,0,1,0.0,5.0,False
chinelo oakley titan,0,1,0.0,3.0,False
chinelo olympikus masculino,0,1,0.0,3.0,False
chinelo rider feminino,0,1,0.0,13.0,False
chinelo santa lolla original,0,1,0.0,4.0,False
chinelo schutz original,0,1,0.0,4.0,False
chinelo umbro diamond slider,0,1,0.0,2.0,False
chinelos nike masculino,0,1,0.0,5.0,False
chiquinho norte shopping,0,1,0.0,9.0,False
chitizo,0,1,0.0,2.0,False
chocolate brasil cacau,0,2,0.0,31.5,False
chocolate brasil cacau lojas,0,3,0.0,83.33333333333333,True
chocolate cacau brasil,0,1,0.0,3.0,False
chocolate com vinho,0,10,0.0,74.6,True
chocolate combina com vinho,0,9,0.0,66.66666666666667,True
chocolate de vinho,0,30,0.0,82.96666666666667,True
chocolate dengo,0,4,0.0,10.0,True
chocolate dengo franquia,0,1,0.0,13.0,False
chocolate dengo lojas,0,23,0.0,7.478260869565218,True
chocolate e vinho,0,11,0.0,72.18181818181819,True
chocolate havana,0,3,0.0,2.333333333333333,True
chocolate havanna,0,8,0.0,11.25,True
chocolate havanna origem,0,29,0.0,3.0,True
chocolate havanna é bom,0,1,0.0,3.0,False
chocolate kopenhagen,0,1,0.0,3.0,False
chocolate lindt shopping,0,1,0.0,7.0,False
chocolate match,0,1,0.0,11.0,False
chocolate meio amargo kopenhagen,0,1,0.0,20.0,False
chocolate para fondue cacau show,0,1,0.0,1.0,False
chocolate planalto gramado,0,2,0.0,3.5,False
chocolate que combina com vinho,0,1,0.0,78.0,False
chocolate santa catarina,0,1,0.0,39.0,False
chocolate sem glúten kopenhagen,0,1,0.0,2.0,False
chocolate vinho,0,6,0.0,52.833333333333336,True
chocolates brasil cacau,0,3,0.0,9.333333333333334,True
chocolates brasil cacau centro,0,3,0.0,9.333333333333334,True
chocolates brasil cacau fotos,0,2,0.0,3.0,False
chocolates brasil cacau franquia,0,17,0.0,31.529411764705884,True
chocolates brasil cacau logo,0,1,0.0,60.0,False
chocolates brasil cacau lojas,0,2,0.0,7.5,False
chocolates brasil cacau norteshopping,0,3,0.0,13.666666666666666,True
chocolates brasil cacau perto de mim,0,1,0.0,6.0,False
chocolates dengo,0,4,0.0,30.0,True
chocolates havana,0,1,0.0,3.0,False
chocolates no brasil,0,1,0.0,91.0,False
chocolates shopping,0,1,0.0,7.0,False
chocolatesbrasilcacau.com.br,0,2,0.0,3.0,False
chop mall,0,1,0.0,13.0,False
choperia do alemão,0,2,0.0,12.5,False
chopin center,0,5,0.0,32.6,True
choping center,0,1,0.0,2.0,False
chopping center,0,1,0.0,7.0,False
chua balneario camboriu,0,2,0.0,13.0,False
chuntz,0,1,0.0,1.0,False
churasco mania,0,26,0.0,7.230769230769231,True
churrascaria balneário camboriú,0,1,0.0,5.0,False
churrascaria em balneário camboriú,0,1,0.0,5.0,False
churrascaria panorama balneário camboriú,0,1,0.0,5.0,False
churrasco mania,0,1528,0.0,6.909031413612565,True
churrasco manoa,0,23,0.0,7.608695652173913,True
churrasco norte shopping,0,1,0.0,11.0,False
churrascomania,0,14,0.0,6.785714285714286,True
churrasqueira almeida,0,2,0.0,13.0,False
churtes,0,1,0.0,1.0,False
churts,0,1,0.0,3.0,False
chustz,0,1,0.0,1.0,False
chuteira campo adidas crazyfast,0,1,0.0,2.0,False
chuteira futsal,0,1,0.0,10.0,False
chuteira futsal neymar,0,1,0.0,8.0,False
chuteira nike beco society,0,1,0.0,4.0,False
chuteiras dia do consumidor 2025,0,1,0.0,50.0,False
chutg,0,1,0.0,2.0,False
chuts,0,1,0.0,3.0,False
chutx,0,2,0.0,1.0,False
chutz,0,5,0.0,8.2,True
chutza,0,1,0.0,1.0,False
chutzi,0,1,0.0,1.0,False
cia loja,0,28,0.0,31.75,True
cia lojas,0,7,0.0,45.714285714285715,True
cia mari,0,7,0.0,5.714285714285714,True
cia marinha,0,1,0.0,2.0,False
cia maritima,0,454,0.0,25.51101321585903,True
cia maritima balneario camboriu,0,213,0.0,12.253521126760564,True
cia maritima barra shopping,0,1,0.0,21.0,False
cia maritima bc,0,52,0.0,5.923076923076923,True
cia maritima beachwear,0,1,0.0,43.0,False
cia maritima bh,0,119,0.0,14.361344537815127,True
cia maritima bh shopping,0,115,0.0,9.530434782608696,True
cia maritima boulevard,0,1,0.0,51.0,False
cia maritima brasilia,0,3,0.0,31.0,True
cia maritima campo grande,0,1,0.0,35.0,False
cia maritima center norte,0,4,0.0,13.25,True
cia maritima curitiba,0,2,0.0,32.5,False
cia maritima diamond mall,0,1,0.0,12.0,False
cia maritima eldorado,0,1,0.0,13.0,False
cia maritima joinville,0,9,0.0,11.333333333333334,True
cia maritima logo,0,1,0.0,47.0,False
cia maritima loja,0,10,0.0,48.9,True
cia maritima lojas,0,15,0.0,15.4,True
cia maritima lojas bh,0,4,0.0,11.75,True
cia maritima lojas mais proximas,0,1,0.0,81.0,False
cia maritima lojas shopping sp,0,1,0.0,10.0,False
cia maritima maios,0,10,0.0,61.2,True
cia maritima moda praia,0,1,0.0,93.0,False
cia maritima oscar freire,0,3,0.0,32.33333333333333,True
cia maritima portugal,0,1,0.0,25.0,False
cia maritima shopping,0,1,0.0,5.0,False
cia maritima shopping eldorado,0,1,0.0,9.0,False
cia maritima shopping ibirapuera,0,1,0.0,11.0,False
cia maritima shopping mooca,0,11,0.0,10.727272727272727,True
cia maritima site,0,1,0.0,26.0,False
cia maritima turismo,0,10,0.0,8.3,True
cia maritima uberlandia,0,20,0.0,12.9,True
cia maritma,0,8,0.0,23.375,True
cia martima,0,2,0.0,20.5,False
cia marítima,0,124,0.0,39.556451612903224,True
cia marítima beachwear,0,8,0.0,74.25,True
cia marítima curitiba,0,1,0.0,60.0,False
cia marítima fotos,0,12,0.0,2.583333333333333,True
cia marítima loja,0,1,0.0,74.0,False
cia marítima lojas,0,11,0.0,16.363636363636363,True
cia marítima moda praia,0,2,0.0,89.0,False
cia marítima outlet premium,0,3,0.0,46.333333333333336,True
cia shopping,0,2,0.0,11.0,False
cia. maritima,0,4,0.0,18.5,True
cia. marítima,0,4,0.0,6.25,True
cia.maritima,0,3,0.0,16.0,True
cia.marítima,0,2,0.0,23.0,False
cia.marítima fotos,0,9,0.0,1.5555555555555556,True
ciamaritima,0,709,0.0,12.638928067700988,True
ciamaritima beachwear,0,2,0.0,63.5,False
ciamaritma,0,1,0.0,2.0,False
ciamigos,0,7,0.0,9.571428571428571,True
cic blumenau fotos,0,1,0.0,2.0,False
cidade blumenau santa catarina,0,2,0.0,79.0,False
cidade com maior idh do brasil,0,18,0.0,87.94444444444444,True
cidade com maior pib de santa catarina,0,1,0.0,63.0,False
cidade com maior pib per capita do brasil,0,1,0.0,86.0,False
cidade com mais shoppings no brasil,0,1,0.0,40.0,False
cidade com melhor idh do brasil,0,1,0.0,99.0,False
cidade com o maior idh do brasil,0,5,0.0,94.2,True
cidade de blumenau santa catarina,0,1,0.0,75.0,False
cidade do porto shopping,0,2,0.0,79.0,False
cidade maior idh brasil,0,1,0.0,84.0,False
cidade norte shopping,0,6,0.0,53.833333333333336,True
cidade porto shopping,0,2,0.0,91.5,False
cidades,0,1,0.0,1.0,False
cidades brasileiras com maior idh,0,2,0.0,80.5,False
cidades com maior idh do brasil,0,4,0.0,85.5,True
cidades com maior pib no brasil,0,1,0.0,87.0,False
cidades da grande florianópolis,0,4,0.0,81.5,True
cidades de balneário camboriú,0,1,0.0,97.0,False
cidades de blumenau,0,1,0.0,63.0,False
cidades de sc,0,1,0.0,13.0,False
cidades grande florianopolis,0,1,0.0,58.0,False
cidades maior idh brasil,0,8,0.0,88.625,True
cidades mais desenvolvidas de são paulo,0,1,0.0,83.0,False
cidades mais desenvolvidas do brasil,0,48,0.0,76.85416666666667,True
cidades mais ricas de santa catarina,0,5,0.0,57.2,True
cidades mais ricas de santa catarina 2025,0,1,0.0,1.0,False
cidades mais ricas do brasil,0,15,0.0,95.6,True
cidades mais ricas do brasil per capita,0,1,0.0,74.0,False
cidades mais ricas do rio grande do sul,0,1,0.0,49.0,False
cidades perto de blumenau,0,4,0.0,75.0,True
cidades proximas a balneario camboriu,0,1,0.0,94.0,False
cidades proximas a balneário camboriú,0,4,0.0,90.0,True
cidades próximas a blumenau,0,2,0.0,60.0,False
cidades que tem,0,1,0.0,6.0,False
cidades que tem shopping,0,10,0.0,9.5,True
cimbic,0,1,0.0,8.0,False
cine balneario camboriu,0,2,0.0,51.0,False
cine blumenau,0,1,0.0,98.0,False
cine continente,0,1,0.0,41.0,False
cine criciuma,0,1,0.0,84.0,False
cine criciúma,0,1,0.0,51.0,False
cine floripa,0,1,0.0,64.0,False
cine floripa shopping,0,3,0.0,64.0,True
cine nacoes,0,3,0.0,32.66666666666667,True
cine shopping norte sul,0,1,0.0,54.0,False
cine shopping total,0,1,0.0,57.0,False
cine são josé,0,1,0.0,10.0,False
cinema,0,15,0.0,7.733333333333333,True
cinema alameda,0,25,0.0,66.56,True
cinema alameda porto,0,1,0.0,52.0,False
cinema alameda shopping,0,23,0.0,60.78260869565217,True
cinema atlântico shopping,0,1,0.0,5.0,False
cinema balneario,0,7,0.0,44.285714285714285,True
cinema balneario camboriu,0,43,0.0,50.95348837209303,True
cinema balneario camboriu shopping,0,20,0.0,30.7,True
cinema balneario camboriú,0,1,0.0,35.0,False
cinema balneario shoping,0,5,0.0,11.2,True
cinema balneario shopping,0,163,0.0,14.460122699386503,True
cinema balneario shopping horarios,0,1,0.0,13.0,False
cinema balneario shopping programação,0,1,0.0,25.0,False
cinema balneario.shopping,0,21,0.0,9.619047619047619,True
cinema balneário,0,2,0.0,61.0,False
cinema balneário camboriú,0,35,0.0,51.77142857142857,True
cinema balneário camboriú shopping,0,15,0.0,30.2,True
cinema balneário shopping,0,453,0.0,11.280353200883003,True
cinema balneário shopping filmes,0,24,0.0,11.333333333333334,True
cinema balneário shopping filmes em cartaz,0,17,0.0,11.411764705882353,True
cinema balneário shopping valor do ingresso,0,48,0.0,12.25,True
cinema bc,0,2,0.0,48.0,False
cinema bc shopping,0,1,0.0,10.0,False
cinema beira mar floripa,0,2,0.0,41.0,False
cinema beira mar shopping,0,3,0.0,70.33333333333333,True
cinema beira mar shopping florianopolis,0,8,0.0,44.75,True
cinema beiramar,0,1,0.0,54.0,False
cinema beiramar shopping,0,1,0.0,52.0,False
cinema beiramar shopping florianópolis,0,1,0.0,11.0,False
cinema blumenau,0,80,0.0,20.425,True
cinema blumenau neumarkt,0,1,0.0,7.0,False
cinema blumenau norte,0,17,0.0,49.1764705882353,True
cinema blumenau norte shopping,0,37,0.0,35.13513513513514,True
cinema blumenau park europeu,0,6,0.0,28.166666666666668,True
cinema blumenau sc,0,3,0.0,35.0,True
cinema blumenau shopping,0,1,0.0,52.0,False
cinema blumenau shopping neumarkt,0,2,0.0,15.5,False
cinema blumenau shopping norte,0,3,0.0,35.333333333333336,True
cinema blumenau shopping park europeu,0,1,0.0,26.0,False
cinema bs,0,1,0.0,11.0,False
cinema camboriu,0,11,0.0,50.09090909090909,True
cinema catarina outlet,0,2,0.0,55.5,False
cinema center norte,0,1,0.0,62.0,False
cinema cento white park,0,1,0.0,34.0,False
cinema chapeco,0,51,0.0,60.294117647058826,True
cinema chapecó,0,6,0.0,54.333333333333336,True
cinema chapecó shopping,0,1,0.0,37.0,False
cinema cinemark lages em lages,0,2,0.0,50.0,False
cinema cinépolis continente park em são josé,0,5,0.0,46.8,True
cinema continental,0,4,0.0,30.25,True
cinema continental shopping,0,1,0.0,34.0,False
cinema continente,0,27,0.0,40.55555555555556,True
cinema continente park,0,2,0.0,26.0,False
cinema continente park shopping,0,24,0.0,33.208333333333336,True
cinema continente shopping,0,68,0.0,29.61764705882353,True
cinema continente shopping comprar ingresso,0,5,0.0,11.8,True
cinema continente shopping preço,0,4,0.0,33.25,True
cinema continente shopping sao jose,0,1,0.0,34.0,False
cinema continente shopping são josé,0,1,0.0,34.0,False
cinema continete,0,1,0.0,32.0,False
cinema criciuma,0,12,0.0,52.75,True
cinema criciuma nações,0,2,0.0,30.5,False
cinema criciuma shoping,0,2,0.0,10.0,False
cinema criciuma shopping,0,4,0.0,39.0,True
cinema criciúma,0,2,0.0,38.5,False
cinema criciúma shopping,0,4,0.0,34.0,True
cinema curitiba barigui,0,1,0.0,66.0,False
cinema de balneário camboriú,0,6,0.0,55.166666666666664,True
cinema de blumenau,0,2,0.0,60.5,False
cinema de cambui,0,2,0.0,79.5,False
cinema de chapecó,0,1,0.0,62.0,False
cinema de itajai,0,1,0.0,83.0,False
cinema de joinville,0,2,0.0,80.0,False
cinema de lages,0,3,0.0,56.666666666666664,True
cinema do alameda,0,1,0.0,62.0,False
cinema do balneário shopping,0,1,0.0,11.0,False
cinema do continente,0,1,0.0,52.0,False
cinema do continente shopping,0,1,0.0,38.0,False
cinema do floripa shopping,0,15,0.0,67.13333333333334,True
cinema do norte shopping,0,1,0.0,4.0,False
cinema do norte shopping blumenau,0,5,0.0,44.8,True
cinema do park europeu,0,1,0.0,32.0,False
cinema do shopping balneário camboriú,0,1,0.0,40.0,False
cinema do shopping beiramar,0,2,0.0,59.5,False
cinema do shopping continente,0,1,0.0,43.0,False
cinema do shopping garten,0,1,0.0,16.0,False
cinema do shopping mueller,0,1,0.0,52.0,False
cinema do shopping neumarkt,0,1,0.0,5.0,False
cinema do shopping norte sul,0,1,0.0,59.0,False
cinema do shopping park europeu,0,2,0.0,37.5,False
cinema em balneario camboriu,0,7,0.0,52.42857142857143,True
cinema em balneário camboriú,0,27,0.0,50.666666666666664,True
cinema em balneário shopping,0,3,0.0,12.0,True
cinema em bc,0,2,0.0,37.0,False
cinema em blumenau,0,8,0.0,51.125,True
cinema em blumenau norte shopping,0,2,0.0,31.5,False
cinema em blumenau park europeu,0,1,0.0,29.0,False
cinema em blumenau sc,0,1,0.0,59.0,False
cinema em chapeco,0,2,0.0,54.0,False
cinema em chapecó,0,4,0.0,57.25,True
cinema em criciuma,0,4,0.0,57.25,True
cinema em criciúma,0,4,0.0,27.5,True
cinema em florianopolis,0,10,0.0,78.1,True
cinema em florianópolis,0,6,0.0,80.33333333333333,True
cinema em floripa,0,22,0.0,78.5,True
cinema em itajai,0,2,0.0,77.5,False
cinema em jaragua do sul,0,3,0.0,59.333333333333336,True
cinema em joinville,0,14,0.0,64.92857142857143,True
cinema em joinville garten,0,1,0.0,32.0,False
cinema em lages,0,2,0.0,47.0,False
cinema em sao jose sc,0,1,0.0,72.0,False
cinema farol shopping,0,2,0.0,48.5,False
cinema florianopolis beira mar,0,1,0.0,42.0,False
cinema florianópolis,0,14,0.0,73.78571428571429,True
cinema floripa,0,11,0.0,68.0,True
cinema floripa beira mar,0,2,0.0,34.5,False
cinema floripa shoping,0,1,0.0,70.0,False
cinema floripa shopping,0,72,0.0,63.888888888888886,True
cinema floripa shopping programação,0,1,0.0,46.0,False
cinema garden,0,6,0.0,71.5,True
cinema garden shopping,0,10,0.0,70.2,True
cinema garten,0,44,0.0,28.363636363636363,True
cinema garten jlle,0,5,0.0,44.4,True
cinema garten joinville,0,12,0.0,32.5,True
cinema garten joinville preços ingressos,0,2,0.0,18.0,False
cinema garten shopping,0,10,0.0,21.1,True
cinema garten shopping joinville,0,15,0.0,23.6,True
cinema gnc nações em criciúma,0,15,0.0,41.46666666666667,True
cinema iguatemi florianópolis,0,1,0.0,52.0,False
cinema itajai,0,12,0.0,62.833333333333336,True
cinema itajai sc,0,4,0.0,63.75,True
cinema itajai shopping,0,11,0.0,50.45454545454545,True
cinema itajaí,0,3,0.0,67.0,True
cinema itajaí shopping,0,9,0.0,42.333333333333336,True
cinema jaragua do sul,0,60,0.0,56.11666666666667,True
cinema jaraguá do sul,0,3,0.0,52.666666666666664,True
cinema jaraguá do sul shopping,0,2,0.0,31.0,False
cinema jlle,0,1,0.0,37.0,False
cinema joinville,0,39,0.0,55.84615384615385,True
cinema joinville garten,0,16,0.0,28.625,True
cinema joinville garten shopping,0,42,0.0,35.404761904761905,True
cinema joinville mueller,0,2,0.0,60.0,False
cinema joinville programação,0,1,0.0,55.0,False
cinema joinville shopping garten,0,7,0.0,48.0,True
cinema juniors,0,1,0.0,51.0,False
cinema júnior,0,1,0.0,10.0,False
cinema lages,0,6,0.0,42.0,True
cinema lages garden shopping,0,2,0.0,29.5,False
cinema lages sc,0,4,0.0,46.5,True
cinema mall,0,1,0.0,74.0,False
cinema mueller joinville,0,1,0.0,84.0,False
cinema muller joinville,0,1,0.0,66.0,False
cinema nacoes,0,9,0.0,20.666666666666668,True
cinema nacoes criciuma,0,1,0.0,3.0,False
cinema nacoes shoping,0,3,0.0,21.666666666666668,True
cinema nacoes shopping,0,3,0.0,29.333333333333332,True
cinema naçoes shopping,0,5,0.0,28.2,True
cinema nações,0,4,0.0,45.75,True
cinema nações shopping,0,14,0.0,36.785714285714285,True
cinema nações shopping criciuma,0,2,0.0,32.5,False
cinema nações shopping criciúma,0,6,0.0,24.333333333333332,True
cinema nações shopping ingresso,0,1,0.0,6.0,False
cinema neumarket,0,3,0.0,32.66666666666667,True
cinema neumarketing,0,4,0.0,8.75,True
cinema neumarkt,0,28,0.0,28.071428571428573,True
cinema neumarkt blumenau,0,9,0.0,15.88888888888889,True
cinema neumarkt filmes,0,1,0.0,4.0,False
cinema neumarkt shopping,0,4,0.0,15.25,True
cinema newmarketing,0,6,0.0,9.666666666666666,True
cinema newmarketing blumenau,0,2,0.0,5.0,False
cinema no alameda,0,1,0.0,74.0,False
cinema no balneário shopping,0,3,0.0,11.666666666666666,True
cinema no continente park,0,1,0.0,42.0,False
cinema no floripa shopping,0,6,0.0,69.0,True
cinema no garten shopping joinville,0,1,0.0,44.0,False
cinema no shopping continente,0,8,0.0,42.75,True
cinema no shopping mueller,0,1,0.0,76.0,False
cinema no shopping neumarkt,0,1,0.0,3.0,False
cinema no shopping norte blumenau,0,2,0.0,54.5,False
cinema no shopping norte sul,0,1,0.0,55.0,False
cinema norte shopping blumenau,0,21,0.0,35.61904761904762,True
cinema norte shopping blumenau valor,0,6,0.0,4.0,True
cinema norte shopping valor,0,1,0.0,1.0,False
cinema norte shopping valor do ingresso,0,1,0.0,1.0,False
cinema norte sul,0,4,0.0,63.25,True
cinema norte sul plaza,0,3,0.0,59.333333333333336,True
cinema outlet catarina,0,1,0.0,62.0,False
cinema palhoça,0,1,0.0,71.0,False
cinema park europeu,0,16,0.0,29.0,True
cinema park europeu blumenau,0,3,0.0,30.0,True
cinema park shopping jaraguá do sul,0,4,0.0,44.75,True
cinema passeio das aguas,0,1,0.0,101.0,False
cinema porto belo,0,12,0.0,53.583333333333336,True
cinema praia grande,0,1,0.0,9.0,False
cinema santa ursula,0,7,0.0,1.1428571428571428,True
cinema santa ursula ribeirão preto,0,1,0.0,2.0,False
cinema santa úrsula,0,1,0.0,2.0,False
cinema shoping balneario,0,1,0.0,9.0,False
cinema shoping continente,0,5,0.0,12.6,True
cinema shopping,0,2,0.0,1.0,False
cinema shopping alameda,0,3,0.0,85.33333333333333,True
cinema shopping balneario,0,4,0.0,37.5,True
cinema shopping balneario camboriu,0,1,0.0,46.0,False
cinema shopping balneário,0,1,0.0,10.0,False
cinema shopping balneário camboriú,0,2,0.0,32.5,False
cinema shopping bc,0,2,0.0,40.5,False
cinema shopping beira mar,0,3,0.0,78.33333333333333,True
cinema shopping beira mar florianopolis,0,8,0.0,49.0,True
cinema shopping beira mar floripa,0,1,0.0,55.0,False
cinema shopping beiramar,0,1,0.0,57.0,False
cinema shopping beiramar florianópolis,0,1,0.0,41.0,False
cinema shopping blumenau,0,2,0.0,54.0,False
cinema shopping blumenau neumarkt,0,1,0.0,2.0,False
cinema shopping catarina,0,4,0.0,73.25,True
cinema shopping center norte,0,3,0.0,48.666666666666664,True
cinema shopping chapecó,0,3,0.0,45.0,True
cinema shopping continental,0,1,0.0,49.0,False
cinema shopping continente,0,25,0.0,30.08,True
cinema shopping continente park,0,2,0.0,32.0,False
cinema shopping continente são josé,0,2,0.0,34.5,False
cinema shopping criciuma nacoes,0,1,0.0,27.0,False
cinema shopping criciúma,0,1,0.0,46.0,False
cinema shopping das nações,0,1,0.0,43.0,False
cinema shopping farol,0,2,0.0,40.5,False
cinema shopping floripa,0,17,0.0,65.52941176470588,True
cinema shopping garden,0,1,0.0,65.0,False
cinema shopping garten,0,13,0.0,28.692307692307693,True
cinema shopping garten joinville,0,12,0.0,25.583333333333332,True
cinema shopping itajai,0,10,0.0,46.4,True
cinema shopping itajaí,0,2,0.0,37.0,False
cinema shopping jaragua,0,3,0.0,47.0,True
cinema shopping jaraguá,0,2,0.0,46.5,False
cinema shopping joinville,0,1,0.0,51.0,False
cinema shopping lages,0,1,0.0,25.0,False
cinema shopping mueller,0,5,0.0,48.4,True
cinema shopping mueller curitiba,0,2,0.0,34.5,False
cinema shopping mueller programação,0,1,0.0,55.0,False
cinema shopping nações,0,3,0.0,34.666666666666664,True
cinema shopping nações criciuma,0,2,0.0,31.5,False
cinema shopping neumarkt,0,17,0.0,20.88235294117647,True
cinema shopping neumarkt blumenau,0,3,0.0,21.666666666666668,True
cinema shopping neumarkt valor ingresso,0,1,0.0,1.0,False
cinema shopping norte blumenau,0,9,0.0,33.666666666666664,True
cinema shopping norte sul,0,10,0.0,61.8,True
cinema shopping park europeu,0,3,0.0,24.333333333333332,True
cinema shopping santa ursula,0,2,0.0,10.0,False
cinema shopping santa úrsula,0,1,0.0,13.0,False
cinema shopping sao jose,0,3,0.0,74.0,True
cinema shopping sao josé,0,1,0.0,81.0,False
cinema shopping são josé,0,3,0.0,58.0,True
cinema shopping total curitiba,0,1,0.0,71.0,False
cinema shopping total ponta grossa,0,1,0.0,73.0,False
cinema shopping via catarina,0,1,0.0,55.0,False
cinema total,0,13,0.0,51.30769230769231,True
cinema total curitiba,0,10,0.0,43.4,True
cinema total shopping,0,4,0.0,51.0,True
cinema tubarao sc,0,1,0.0,40.0,False
cinema vip balneario shopping,0,3,0.0,11.333333333333334,True
cinema.balneario shopping,0,3,0.0,17.0,True
cinema.garten,0,1,0.0,26.0,False
cinema.jaragua do sul,0,1,0.0,55.0,False
cinemark,0,1,0.0,2.0,False
cinemark beira mar,0,1,0.0,59.0,False
cinemark blumenau,0,4,0.0,1.75,True
cinemark em joinville,0,1,0.0,5.0,False
cinemark floripa,0,2,0.0,71.0,False
cinemark floripa shopping florianópolis sc,0,3,0.0,90.33333333333333,True
cinemark itajaí,0,4,0.0,56.75,True
cinemark ribeirao preto santa ursula,0,7,0.0,55.714285714285715,True
cinemas alameda,0,3,0.0,65.66666666666667,True
cinemas balneario camboriu,0,12,0.0,50.416666666666664,True
cinemas blumenau,0,10,0.0,43.2,True
cinemas chapeco,0,1,0.0,42.0,False
cinemas continente,0,2,0.0,56.0,False
cinemas continente shopping,0,1,0.0,34.0,False
cinemas em balneário camboriú,0,1,0.0,52.0,False
cinemas em blumenau,0,12,0.0,47.833333333333336,True
cinemas em criciuma,0,1,0.0,59.0,False
cinemas em florianopolis,0,10,0.0,73.2,True
cinemas em florianópolis,0,43,0.0,74.69767441860465,True
cinemas em floripa,0,1,0.0,80.0,False
cinemas em itajai,0,1,0.0,81.0,False
cinemas em joinville,0,12,0.0,56.583333333333336,True
cinemas florianopolis,0,13,0.0,64.38461538461539,True
cinemas floripa,0,9,0.0,63.111111111111114,True
cinemas floripa shopping,0,1,0.0,44.0,False
cinemas garten,0,2,0.0,20.5,False
cinemas itajai,0,1,0.0,47.0,False
cinemas jaraguá do sul,0,2,0.0,46.0,False
cinemas joinville,0,18,0.0,49.888888888888886,True
cinemas joinville garten,0,1,0.0,17.0,False
cinemas neumarkt,0,1,0.0,30.0,False
cinemas shopping continente,0,1,0.0,40.0,False
cinepolis jr,0,1,0.0,80.0,False
cinepolis santa ursula,0,3,0.0,6.333333333333333,True
cinerama balneário camboriú,0,1,0.0,42.0,False
cinesystem iguatemi florianopolis,0,1,0.0,71.0,False
cinstance,0,1,0.0,10.0,False
cinta modeladora plie,0,1,0.0,3.0,False
cinéma joinville,0,3,0.0,95.66666666666667,True
cinépolis continente,0,1,0.0,25.0,False
cinépolis continente park shopping,0,44,0.0,43.75,True
cinépolis continente shopping,0,2,0.0,15.5,False
cinépolis norte shopping,0,7,0.0,2.7142857142857144,True
cinépolis norte shopping blumenau,0,5,0.0,6.6,True
cinépolis ribeirão preto,0,1,0.0,6.0,False
cioamigos,0,1,0.0,2.0,False
circulo acessórios,0,1,0.0,11.0,False
citações sobre cães,0,2,0.0,75.5,False
cite,0,1,0.0,8.0,False
cities,0,1,0.0,16.0,False
cities in santa catarina,0,126,0.0,9.817460317460318,True
cities in santa catarina brazil,0,244,0.0,12.299180327868852,True
"cities in santa catarina, brazil",0,46,0.0,12.065217391304348,True
cities near santa catarina (brazil),0,3,0.0,36.666666666666664,True
cities near santa catarina brazil,0,51,0.0,21.15686274509804,True
city close to santa catarina,0,1,0.0,90.0,False
city headquarters,0,1,0.0,7.0,False
city in santa catarina,0,57,0.0,9.649122807017545,True
city near santa catarina,0,4,0.0,9.75,True
city near santa catarina brazil,0,1,0.0,48.0,False
clara liotto,0,8,0.0,8.875,True
clarita alexandre birman,0,1,0.0,2.0,False
claro balneario shopping,0,2,0.0,19.0,False
claro blumenau shopping neumarkt,0,1,0.0,2.0,False
claro neumarkt,0,3,0.0,2.333333333333333,True
claro norte shopping blumenau,0,1,0.0,1.0,False
claro shopping garten,0,1,0.0,7.0,False
claro shopping neumarkt,0,7,0.0,6.285714285714286,True
claro tv pacote familia cinema total 4 pontos,0,1,0.0,52.0,False
clarocadastro.com.br,0,1,0.0,48.0,False
clibe melissa,0,20,0.0,10.45,True
click chique,0,1,0.0,7.0,False
cliente solicita retirar en cs,0,1,0.0,11.0,False
clima em canoinhas,0,1,0.0,4.0,False
clima em laguna,0,1,0.0,2.0,False
clima em são josé do almeida,0,1,0.0,12.0,False
clinica medica norte shopping,0,2,0.0,11.0,False
clinica no norte shopping,0,2,0.0,76.0,False
clinica santa isabel tijucas,0,15,0.0,79.0,True
clique e retire,0,1,0.0,12.0,False
close fans como funciona,0,1,0.0,93.0,False
close fans é seguro,0,2,0.0,43.0,False
closest mall,0,6,0.0,5.5,True
closest shopping,0,2,0.0,7.0,False
closest shopping center to me,0,1,0.0,10.0,False
club aj,0,2,0.0,7.0,False
club da melissa,0,47,0.0,8.553191489361701,True
club de tennis,0,1,0.0,6.0,False
club melissa,0,155,0.0,9.90967741935484,True
clube continente,0,2,0.0,9.5,False
clube da melissa,0,33,0.0,21.757575757575758,True
clube da melissinha,0,24,0.0,1.7916666666666665,True
clube das melissas,0,1,0.0,85.0,False
clube das nações,0,1,0.0,75.0,False
clube junior,0,2,0.0,39.5,False
clube matri cartão de credito,0,5,0.0,11.6,True
clube melisa,0,2,0.0,11.0,False
clube melissa center norte,0,29,0.0,43.172413793103445,True
clube melissa conjunto nacional,0,12,0.0,22.833333333333332,True
clube melissa fotos,0,88,0.0,4.034090909090909,True
clube melissa foz do iguaçu fotos,0,1,0.0,5.0,False
clube melissa franquia,0,110,0.0,25.118181818181817,True
clube melissa lojas,0,2,0.0,9.5,False
clube melissa norte shopping,0,2,0.0,10.5,False
clube melissa parangaba fotos,0,1,0.0,7.0,False
clube melissa photos,0,8,0.0,2.625,True
clube melissa shopping,0,1,0.0,7.0,False
clube melissa trabalhe conosco,0,1,0.0,43.0,False
clube shopping,0,1,0.0,9.0,False
clubemelissa,0,53,0.0,10.528301886792454,True
clubemelissa.com,0,104,0.0,37.29807692307692,True
clubmelissa,0,13,0.0,9.615384615384615,True
clun melide,0,1,0.0,8.0,False
clínica santa isabel fotos,0,2,0.0,62.5,False
cnova marketplace,0,1,0.0,39.0,False
cnpj,0,3,0.0,3.6666666666666665,True
cnpj 41707896000120,0,1,0.0,11.0,False
cnpj almeida,0,13,0.0,5.6923076923076925,True
cnpj artwalk,0,2,0.0,7.0,False
cnpj barra shopping,0,3,0.0,6.666666666666667,True
cnpj chilli beans,0,17,0.0,14.470588235294118,True
cnpj criciuma,0,1,0.0,67.0,False
cnpj da crocs,0,1,0.0,13.0,False
cnpj divino fogao,0,1,0.0,1.0,False
cnpj fast shop,0,2,0.0,50.0,False
cnpj imaginarium,0,2,0.0,41.5,False
cnpj lança perfume,0,1,0.0,1.0,False
cnpj loungerie,0,2,0.0,38.0,False
cnpj madero,0,3,0.0,46.666666666666664,True
cnpj mundo verde,0,1,0.0,20.0,False
cnpj norte shopping,0,1,0.0,10.0,False
cnpj oceane,0,2,0.0,10.5,False
cnpj santa lolla,0,1,0.0,12.0,False
cnpj shopping,0,1,0.0,1.0,False
cnpj suzane barbosa de almeida,0,47,0.0,7.914893617021277,True
cnpj uza shoes,0,1,0.0,11.0,False
cnpj.biz junin brabo,0,4,0.0,11.75,True
cnpj.biz júnior almeida,0,30,0.0,6.6,True
cnpj.biz thata perrony,0,1,0.0,2.0,False
co selho,0,1,0.0,1.0,False
coa maritima,0,1,0.0,4.0,False
cobase,0,2,0.0,10.0,False
cobasi,0,95,0.0,9.68421052631579,True
cobasi araraquara,0,2,0.0,62.0,False
cobasi balneario camboriu,0,17,0.0,9.058823529411764,True
cobasi balneário camboriú,0,105,0.0,9.161904761904761,True
cobasi bc,0,1,0.0,2.0,False
cobasi blumenau neumarkt,0,378,0.0,8.33068783068783,True
cobasi blumenau norte shopping,0,270,0.0,10.207407407407407,True
cobasi blumenau telefone,0,27,0.0,11.222222222222221,True
cobasi cantareira norte shopping,0,7,0.0,34.142857142857146,True
cobasi carrefour nações,0,2,0.0,38.0,False
cobasi casa forte,0,1,0.0,8.0,False
cobasi center norte,0,1,0.0,38.0,False
cobasi centro,0,9,0.0,6.0,True
cobasi chapeco,0,1,0.0,2.0,False
cobasi continente,0,2,0.0,32.5,False
cobasi continente shopping,0,3,0.0,34.666666666666664,True
cobasi criciúma,0,1,0.0,17.0,False
cobasi criciúma fotos,0,1,0.0,28.0,False
cobasi decathlon,0,1,0.0,4.0,False
cobasi del rey,0,1,0.0,14.0,False
cobasi em blumenau,0,41,0.0,9.21951219512195,True
cobasi fale conosco,0,1,0.0,9.0,False
cobasi flor,0,1,0.0,46.0,False
cobasi garten,0,13,0.0,10.153846153846153,True
cobasi indaial,0,2,0.0,12.0,False
cobasi itajai,0,3,0.0,18.333333333333332,True
cobasi itajaí,0,1,0.0,2.0,False
cobasi itapema,0,1,0.0,3.0,False
cobasi jaragua do sul,0,2,0.0,1.0,False
cobasi jau,0,5,0.0,3.6,True
cobasi joinville,0,1,0.0,17.0,False
cobasi lages,0,1,0.0,1.0,False
cobasi limeira shopping,0,1,0.0,3.0,False
cobasi lojas,0,8,0.0,12.375,True
cobasi marketplace,0,1,0.0,26.0,False
cobasi nacoes unidas,0,2,0.0,67.0,False
cobasi nações shopping,0,63,0.0,10.507936507936508,True
cobasi nações unidas,0,1,0.0,51.0,False
cobasi neumarkt - blumenau fotos,0,163,0.0,6.987730061349693,True
cobasi niteroi,0,1,0.0,4.0,False
cobasi no shopping,0,2,0.0,6.0,False
cobasi norte shopping,0,159,0.0,13.30188679245283,True
cobasi norte shopping rio fotos,0,1,0.0,1.0,False
cobasi o shopping do seu animal,0,2,0.0,13.0,False
cobasi open mall,0,3,0.0,53.0,True
cobasi palhoça,0,1,0.0,2.0,False
cobasi perto de mim,0,2,0.0,1.0,False
cobasi produtos para piscina,0,2,0.0,9.0,False
cobasi promoção,0,1,0.0,44.0,False
cobasi próximo,0,5,0.0,42.6,True
cobasi ricardo jafet plaza sul,0,4,0.0,38.75,True
cobasi rio branco,0,1,0.0,1.0,False
cobasi santa catarina,0,15,0.0,30.066666666666666,True
cobasi santa maria,0,1,0.0,1.0,False
cobasi sao jose,0,1,0.0,62.0,False
cobasi sao jose sc,0,2,0.0,56.5,False
cobasi sc 401,0,1,0.0,3.0,False
cobasi shopping,0,27,0.0,9.74074074074074,True
cobasi shopping continente,0,2,0.0,30.0,False
cobasi shopping del rey,0,2,0.0,33.5,False
cobasi shopping eldorado,0,10,0.0,46.4,True
cobasi shopping norte,0,47,0.0,9.063829787234043,True
cobasi site oficial,0,1,0.0,8.0,False
cobasi unidades,0,1,0.0,20.0,False
cobasi zona norte,0,4,0.0,54.25,True
cobassi,0,2,0.0,7.0,False
cobsai,0,1,0.0,9.0,False
coco bambu balneario camboriu,0,1,0.0,13.0,False
coco bambu blumenau,0,2,0.0,1.5,False
coco bambu continente shopping,0,7,0.0,12.285714285714286,True
coco bambu criciuma,0,2,0.0,11.0,False
coco bambu shopping continente,0,2,0.0,9.0,False
cocoaxnoir,0,1,0.0,6.0,False
code aj,0,2,0.0,21.0,False
codigo de vendedor adcos,0,1,0.0,54.0,False
codigo vendedor pittol,0,1,0.0,25.0,False
codigo vendedora paula torres,0,1,0.0,32.0,False
coisas legais para fazer em balneário camboriú,0,1,0.0,3.0,False
coisas para fazer em blumenau,0,2,0.0,1.0,False
coisas para fazer em criciuma,0,1,0.0,2.0,False
coisas para fazer no shopping,0,1,0.0,1.0,False
colcci atacado original,0,2,0.0,4.0,False
colcci brusque,0,33,0.0,12.909090909090908,True
colcci campinas,0,1,0.0,5.0,False
colcci chapeco,0,1,0.0,3.0,False
colcci de donde es,0,3,0.0,11.666666666666666,True
colcci de onde é,0,83,0.0,11.44578313253012,True
colcci dono,0,2,0.0,10.5,False
colcci fabrica,0,7,0.0,6.285714285714286,True
colcci fotos,0,35,0.0,2.2285714285714286,True
colcci franquia,0,26,0.0,11.884615384615385,True
colcci fun site oficial,0,1,0.0,5.0,False
colcci goiania,0,1,0.0,8.0,False
colcci historia,0,5,0.0,30.0,True
colcci itajai,0,5,0.0,6.8,True
colcci jaraguá do sul,0,1,0.0,5.0,False
colcci jeans,0,2,0.0,2.5,False
colcci loja,0,6,0.0,17.666666666666668,True
colcci loja fisica,0,1,0.0,8.0,False
colcci loja oficial,0,2,0.0,34.5,False
colcci lojas,0,8,0.0,35.375,True
colcci lojas fisicas,0,5,0.0,19.2,True
colcci marilia,0,1,0.0,4.0,False
colcci masculino,0,1,0.0,6.0,False
colcci oculos,0,1,0.0,4.0,False
colcci origem,0,3,0.0,5.0,True
colcci portugal,0,1,0.0,3.0,False
colcci revenda,0,2,0.0,3.0,False
colcci sao paulo,0,1,0.0,7.0,False
colcci shopping,0,1,0.0,11.0,False
colcci site,0,2,0.0,3.5,False
colcci store,0,1,0.0,63.0,False
colcci taguatinga shopping,0,1,0.0,19.0,False
colcci tem quantas fabricas,0,1,0.0,7.0,False
colcci trabalhe conosco,0,103,0.0,19.524271844660195,True
colcci tradução,0,1,0.0,3.0,False
colcci umuarama,0,1,0.0,3.0,False
colcci wiki,0,4,0.0,6.75,True
colcci wikipedia,0,1,0.0,6.0,False
colcci é brasileira,0,2,0.0,8.0,False
colcci é da onde,0,1,0.0,12.0,False
colcci é de onde,0,35,0.0,9.742857142857142,True
colcci é marca de rico,0,1,0.0,1.0,False
colecao inverno farm,0,1,0.0,101.0,False
coleira cobasi,0,1,0.0,35.0,False
coleção nova farm,0,2,0.0,77.5,False
coleção santa lolla 2026,0,1,0.0,12.0,False
collci,0,1,0.0,39.0,False
com quatro,0,2,0.0,56.5,False
comacate,0,2,0.0,27.0,False
comercial almeida,0,10,0.0,6.6,True
comercial junior,0,5,0.0,25.0,True
comercial júnior,0,1,0.0,21.0,False
comercial knetig fotos,0,3,0.0,4.0,True
comercial novo jabaquara,0,1,0.0,45.0,False
comercio balneario camboriu,0,1,0.0,1.0,False
comfort sapatos,0,1,0.0,4.0,False
comida alemã blumenau,0,3,0.0,60.0,True
comida norte shopping,0,2,0.0,11.0,False
comida spoleto,0,3,0.0,60.0,True
comisarias pasaporte,0,1,0.0,6.0,False
comistitch,0,2,0.0,5.5,False
comite,0,1,0.0,1.0,False
commercial advantage,0,1,0.0,17.0,False
commercial center,0,7,0.0,7.714285714285714,True
commercial centers,0,2,0.0,11.0,False
comnstance,0,1,0.0,10.0,False
como abrir uma franquia bacio di latte,0,1,0.0,13.0,False
como acessar?,0,1,0.0,2.0,False
como agendar,0,1,0.0,1.0,False
como alugar uma loja no shopping,0,1,0.0,7.0,False
como cadastrar,0,1,0.0,3.0,False
como cancelar pedido na riachuelo,0,1,0.0,2.0,False
como chegar na polícia federal,0,1,0.0,1.0,False
como chegar no shopping,0,1,0.0,1.0,False
como divulgar uma franquia,0,59,0.0,86.77966101694915,True
como e a riachuelo em santa catarina,0,57,0.0,13.350877192982455,True
como economizar nas compras,0,10,0.0,7.7,True
como economizar no material escolar,0,101,0.0,54.23762376237624,True
como economizar no material escolar​,0,100,0.0,52.83,True
como entra,0,1,0.0,2.0,False
como entrar no estacionamento do shopping,0,1,0.0,8.0,False
como escolher material escolar,0,5,0.0,106.8,True
como escreve schutz,0,33,0.0,1.0,True
como está o shopping,0,1,0.0,1.0,False
como falar com a riachuelo,0,2,0.0,2.0,False
como fazer frango do popeye,0,2,0.0,3.0,False
como fazer o passaporte em joinville,0,81,0.0,1.1358024691358024,True
como fazer passaporte em joinville sc,0,9,0.0,1.0,True
como faço agora?,0,1,0.0,2.0,False
como funciona o estacionamento do shopping,0,1,0.0,2.0,False
como funciona o sorteio?,0,1,0.0,2.0,False
como incluir brinde na compra do ingresso,0,4,0.0,18.25,True
como marcas,0,2,0.0,62.5,False
como montar quiosque no shopping,0,5,0.0,86.0,True
como pagar estacionamento do shopping,0,1,0.0,1.0,False
como pagar estacionamento no shopping,0,1,0.0,5.0,False
como pagar estacionamento shopping,0,1,0.0,4.0,False
como pagar o estacionamento do shopping,0,3,0.0,9.0,True
como participar,0,1,0.0,1.0,False
como pronunciar colcci,0,1,0.0,2.0,False
como realizar o pagamento,0,1,0.0,2.0,False
como revender milon,0,1,0.0,6.0,False
como revender santa lolla original,0,1,0.0,3.0,False
como saber se o tênis schutz é original,0,1,0.0,1.0,False
como se escreve schutz,0,36,0.0,1.0,True
como se pronuncia a palavra colcci,0,1,0.0,2.0,False
como se pronuncia schutz,0,3,0.0,2.0,True
como se uza,0,1,0.0,4.0,False
como shopping outlet,0,3,0.0,92.0,True
como tirar o passaporte em joinville,0,18,0.0,1.1111111111111112,True
como treinar seu dragão continente shopping,0,23,0.0,10.782608695652174,True
como é a riachuelo de santa catarina,0,27,0.0,6.814814814814815,True
como é a riachuelo em santa catarina,0,287,0.0,11.484320557491289,True
como é feito o sorteio,0,1,0.0,2.0,False
como é morar em balneario camboriu,0,1,0.0,99.0,False
como é o shopping,0,2,0.0,11.0,False
como é que é o nome do shopping,0,1,0.0,11.0,False
como é riachuelo em santa catarina,0,5,0.0,13.0,True
compahia maritima,0,2,0.0,30.5,False
companhia maritima,0,51,0.0,33.80392156862745,True
companhia maritima loja,0,2,0.0,77.5,False
companhia maritima lojas,0,4,0.0,9.75,True
companhia maritima maio,0,1,0.0,54.0,False
companhia maritma,0,2,0.0,30.0,False
companhia marítima,0,4,0.0,21.25,True
companhia marítima moda praia,0,1,0.0,80.0,False
competitive advantage,0,6,0.0,9.5,True
competitive to,0,1,0.0,10.0,False
complexo alameda,0,3,0.0,82.0,True
complexo de exclusividade,0,1,0.0,67.0,False
complexo de lojas,0,1,0.0,12.0,False
complexo tour geneve,0,1,0.0,2.0,False
compliance lojas de varejo,0,4,0.0,55.0,True
compra de material,0,6,0.0,71.16666666666667,True
compra do material escolar,0,108,0.0,73.6574074074074,True
compra fácil lingerie,0,1,0.0,8.0,False
compra material,0,2,0.0,98.5,False
compra premiada visa,0,1,0.0,96.0,False
comprar all star,0,1,0.0,4.0,False
comprar fans en facebook,0,3,0.0,48.0,True
comprar ingresso cinema balneario shopping,0,3,0.0,10.0,True
comprar material escolar online,0,1,0.0,1.0,False
compras,0,1,0.0,1.0,False
compras blumenau,0,2,0.0,40.0,False
compras de material escolar,0,1,0.0,58.0,False
compras e shoppings em al qasim province,0,4,0.0,39.75,True
compras e shoppings em curitiba,0,1,0.0,64.0,False
compras e shoppings em estado de são paulo,0,7,0.0,86.28571428571429,True
compras e shoppings em florianópolis,0,33,0.0,31.666666666666668,True
compras e shoppings em lindóia,0,2,0.0,95.0,False
compras e shoppings em macon,0,1,0.0,91.0,False
compras e shoppings em porto alegre,0,1,0.0,86.0,False
compras e shoppings em samos,0,3,0.0,27.0,True
compras e shoppings em sertã,0,2,0.0,78.0,False
compras e shoppings em são lourenço do oeste,0,1,0.0,82.0,False
compras e shoppings em vizela,0,6,0.0,74.83333333333333,True
compras em balneário camboriú,0,154,0.0,29.266233766233768,True
compras em blumenau,0,6,0.0,5.0,True
compras em camboriú,0,146,0.0,47.86986301369863,True
compras em cancun,0,3,0.0,72.0,True
compras em jaraguá do sul,0,1,0.0,60.0,False
compras em joinville,0,2,0.0,32.5,False
compras em santa catarina,0,17,0.0,36.470588235294116,True
compras m2,0,5,0.0,6.8,True
compras sc,0,17,0.0,59.411764705882355,True
compras sephora,0,1,0.0,21.0,False
compre certo shopping park,0,1,0.0,40.0,False
compressor schulz,0,2,0.0,5.0,False
compressor schulz 8.6,0,1,0.0,6.0,False
compressor schulz é bom,0,1,0.0,3.0,False
compressores schulz,0,1,0.0,6.0,False
comprinhas de natal,0,3,0.0,87.0,True
comtinente shopping,0,81,0.0,7.765432098765432,True
comunicação digital dentro do elevador,0,1,0.0,54.0,False
comércio aberto perto de mim,0,1,0.0,1.0,False
comércio perto de mim,0,3,0.0,1.3333333333333333,True
conatnce,0,1,0.0,11.0,False
conceito bs,0,1,0.0,8.0,False
conceito de continente,0,4,0.0,66.25,True
conceito de idh,0,1,0.0,84.0,False
conceito de pib per capita,0,5,0.0,90.4,True
conceito idh,0,3,0.0,101.0,True
concentra store,0,14,0.0,19.785714285714285,True
concept,0,1,0.0,1.0,False
concept loja,0,3,0.0,52.666666666666664,True
concept marca,0,2,0.0,1.0,False
concept moda,0,1,0.0,9.0,False
concept shop,0,5,0.0,83.4,True
concept shopping,0,4,0.0,9.25,True
concierge,0,1,0.0,1.0,False
concordia sc,0,1,0.0,3.0,False
concorra a premios,0,5,0.0,44.8,True
concorre a,0,1,0.0,32.0,False
condominio continente park shopping,0,1,0.0,26.0,False
condominio continente shopping,0,6,0.0,9.166666666666666,True
condominio shopping continente,0,4,0.0,10.75,True
condominio the spot,0,3,0.0,50.333333333333336,True
condomínio almeida,0,12,0.0,13.0,True
condomínio the spot,0,2,0.0,11.5,False
conect car itau,0,1,0.0,60.0,False
conectar junior,0,1,0.0,40.0,False
conectar.com,0,1,0.0,58.0,False
conectcar contato,0,1,0.0,19.0,False
conexões empresariais em florianópolis,0,1,0.0,47.0,False
confecções santa catarina,0,1,0.0,4.0,False
conjunto centauro,0,1,0.0,57.0,False
conjunto lingerie,0,1,0.0,12.0,False
conjunto nike feminino,0,1,0.0,3.0,False
conjuntos vivara,0,2,0.0,52.5,False
connected smart cities ranking,0,18,0.0,72.66666666666667,True
connections neumarkt,0,2,0.0,5.5,False
consatance,0,2,0.0,9.0,False
consatnce,0,2,0.0,10.0,False
consegue mostrar uma imagem,0,1,0.0,2.0,False
constaance,0,1,0.0,10.0,False
constace,0,8,0.0,9.0,True
constacne,0,1,0.0,10.0,False
constamc,0,1,0.0,10.0,False
constanc,0,1,0.0,10.0,False
constancce,0,1,0.0,10.0,False
constance,0,578,0.0,10.03287197231834,True
constance - buriti shopping fotos,0,1,0.0,8.0,False
constance - norte shopping fotos,0,4,0.0,5.25,True
constance - shopping internacional de guarulhos fotos,0,1,0.0,20.0,False
constance almeida,0,1,0.0,2.0,False
constance arapiraca,0,1,0.0,6.0,False
constance balneario camboriu,0,2,0.0,11.0,False
constance center norte,0,19,0.0,10.947368421052632,True
constance center shopping,0,1,0.0,8.0,False
constance continente shopping,0,44,0.0,10.863636363636363,True
constance diamond mall,0,1,0.0,2.0,False
constance franquia,0,25,0.0,33.84,True
constance franquia valor,0,4,0.0,66.75,True
constance freguesia,0,1,0.0,2.0,False
constance jeangeorges,0,1,0.0,1.0,False
constance open mall,0,6,0.0,69.16666666666667,True
constance park shopping,0,2,0.0,1.0,False
constance sapatos,0,1,0.0,34.0,False
constance taquara plaza,0,11,0.0,1.0,True
constance é marca boa,0,1,0.0,2.0,False
constance.com.br,0,1,0.0,70.0,False
constancec,0,1,0.0,9.0,False
constancwe,0,2,0.0,10.5,False
constande,0,1,0.0,5.0,False
constane,0,2,0.0,10.0,False
constanec,0,1,0.0,9.0,False
constanse,0,3,0.0,9.666666666666666,True
constence,0,1,0.0,10.0,False
constnce,0,2,0.0,10.0,False
construtora ancora,0,2,0.0,62.5,False
construtora blumenau,0,8,0.0,92.125,True
construtora bs,0,1,0.0,43.0,False
construtora camboriu,0,1,0.0,82.0,False
construtora criciuma,0,2,0.0,90.5,False
construtora em criciuma sc,0,1,0.0,95.0,False
construtora em jaraguá do sul,0,10,0.0,83.8,True
construtora em joinville,0,2,0.0,99.5,False
construtora em piçarras,0,1,0.0,75.0,False
construtora itajai,0,1,0.0,100.0,False
construtora lages sc,0,7,0.0,76.57142857142857,True
construtora sao jose sc,0,1,0.0,107.0,False
construtoras de shoppings em sp,0,2,0.0,74.0,False
construção shopping,0,1,0.0,3.0,False
consultar a lista,0,1,0.0,1.0,False
consultorio medico santa isabel,0,2,0.0,10.0,False
consultório santa isabel,0,1,0.0,53.0,False
consumer week,0,47,0.0,7.957446808510638,True
consumer week 2026,0,1,0.0,7.0,False
contact junior,0,1,0.0,1.0,False
contact souq,0,1,0.0,81.0,False
contanc,0,1,0.0,9.0,False
contance,0,14,0.0,9.642857142857142,True
contanse,0,1,0.0,10.0,False
contato,0,1,0.0,5.0,False
contato oceane,0,1,0.0,31.0,False
contato policia federal passaporte,0,1,0.0,1.0,False
contato polícia federal passaporte,0,1,0.0,2.0,False
contato riachuelo central,0,1,0.0,3.0,False
contato riachuelo whatsapp,0,1,0.0,1.0,False
contatos,0,1,0.0,2.0,False
contin,0,1,0.0,37.0,False
contine,0,6,0.0,28.333333333333332,True
continen,0,1,0.0,28.0,False
continent,0,4,0.0,18.5,True
continent shop,0,1,0.0,11.0,False
continent shopping,0,107,0.0,7.635514018691588,True
continent store,0,1,0.0,8.0,False
continental shopping,0,290,0.0,15.903448275862068,True
continental shopping boliche,0,1,0.0,23.0,False
continental shopping centre,0,2,0.0,10.5,False
continental shopping cinema,0,7,0.0,31.571428571428573,True
continental shopping florianópolis,0,49,0.0,6.775510204081633,True
continental shopping floripa,0,4,0.0,4.75,True
continental shopping fotos,0,7,0.0,4.714285714285714,True
continental shopping lojas,0,65,0.0,33.784615384615385,True
continental shopping sao jose,0,148,0.0,6.70945945945946,True
continente,0,162,0.0,34.26543209876543,True
continente ahopping,0,117,0.0,7.786324786324786,True
continente alameda,0,12,0.0,45.0,True
continente alameda porto,0,1,0.0,75.0,False
continente alameda shopping,0,9,0.0,19.77777777777778,True
continente alma shopping,0,3,0.0,11.0,True
continente ancora,0,1,0.0,9.0,False
continente bom dia norte shopping,0,1,0.0,44.0,False
continente bom sucesso,0,1,0.0,93.0,False
continente boulevard,0,19,0.0,8.105263157894736,True
continente brasil,0,11,0.0,69.0,True
continente cabides,0,1,0.0,9.0,False
continente card benefits,0,1,0.0,41.0,False
continente casa,0,1,0.0,26.0,False
continente cinema,0,12,0.0,54.083333333333336,True
continente cinema shopping,0,1,0.0,20.0,False
continente com maior número de países,0,1,0.0,56.0,False
continente com maior população,0,7,0.0,53.714285714285715,True
continente de sao paulo,0,1,0.0,58.0,False
continente do brasil,0,31,0.0,62.096774193548384,True
continente doces,0,2,0.0,24.0,False
continente dono,0,2,0.0,47.0,False
continente dragao,0,4,0.0,3.75,True
continente empresa,0,1,0.0,10.0,False
continente estacionamento,0,1,0.0,2.0,False
continente europeu mapa,0,5,0.0,88.2,True
continente fan,0,2,0.0,10.0,False
continente fans,0,5,0.0,9.8,True
continente fica o brasil,0,2,0.0,69.0,False
continente florianopolis,0,25,0.0,52.0,True
continente florianópolis,0,2,0.0,22.5,False
continente floripa,0,1,0.0,11.0,False
continente forum,0,10,0.0,7.6,True
continente fotos,0,1,0.0,18.0,False
continente gaiashopping,0,1,0.0,32.0,False
continente ginasio,0,1,0.0,63.0,False
continente grupo,0,2,0.0,11.0,False
continente historia,0,1,0.0,101.0,False
continente horario,0,1,0.0,1.0,False
continente horarios,0,2,0.0,8.0,False
continente horário,0,1,0.0,100.0,False
continente horário fim de semana,0,2,0.0,18.5,False
continente horários,0,1,0.0,29.0,False
continente imobiliaria,0,1,0.0,38.0,False
continente jogos de tabuleiro,0,3,0.0,10.333333333333334,True
continente jogos tabuleiro,0,1,0.0,30.0,False
continente localização,0,1,0.0,11.0,False
continente loja,0,4,0.0,20.0,True
continente lojas,0,64,0.0,14.09375,True
continente mais shopping,0,1,0.0,10.0,False
continente mall,0,1,0.0,11.0,False
continente mapa,0,1,0.0,59.0,False
continente modelo,0,3,0.0,22.666666666666668,True
continente negocios,0,1,0.0,2.0,False
continente negócios,0,1,0.0,54.0,False
continente news,0,1,0.0,5.0,False
continente norte,0,1,0.0,13.0,False
continente norte shopping,0,12,0.0,17.333333333333332,True
continente norte shopping horário,0,4,0.0,35.5,True
continente norte shopping inauguração,0,2,0.0,1.0,False
continente norteshopping,0,38,0.0,72.26315789473684,True
continente official website,0,1,0.0,6.0,False
continente online telefone,0,1,0.0,41.0,False
continente oportunidades,0,1,0.0,7.0,False
continente park,0,73,0.0,22.123287671232877,True
continente park shopping,0,1626,0.0,9.28290282902829,True
continente park shopping cinema,0,17,0.0,38.0,True
continente park shopping estacionamento,0,6,0.0,6.833333333333333,True
continente park shopping florianópolis,0,7,0.0,9.714285714285714,True
continente park shopping lojas,0,11,0.0,14.727272727272727,True
continente park shopping sao jose,0,10,0.0,11.7,True
continente park shopping são josé,0,90,0.0,7.4222222222222225,True
continente parque shopping,0,8,0.0,8.0,True
continente peças diesel,0,6,0.0,59.5,True
continente place brand,0,1,0.0,10.0,False
continente plug and charge,0,1,0.0,62.0,False
continente porto,0,1,0.0,92.0,False
continente promocao,0,1,0.0,10.0,False
continente próximo a mim,0,2,0.0,1.0,False
continente puzzles,0,1,0.0,48.0,False
continente que fica o brasil,0,1,0.0,71.0,False
continente residence,0,15,0.0,7.2,True
continente restaurante,0,24,0.0,9.791666666666666,True
continente ribeirao,0,1,0.0,9.0,False
continente roupas,0,1,0.0,8.0,False
continente santa catarina,0,12,0.0,9.083333333333334,True
continente sc,0,25,0.0,10.16,True
continente sede,0,1,0.0,1.0,False
continente shooping,0,93,0.0,7.139784946236559,True
continente shop,0,138,0.0,8.347826086956522,True
continente shoping,0,415,0.0,7.604819277108434,True
continente shopp,0,3,0.0,7.0,True
continente shoppimg,0,4,0.0,34.0,True
continente shoppin,0,5,0.0,17.0,True
continente shopping (continenteshopping) latest,0,6,0.0,12.666666666666666,True
continente shopping alameda,0,4,0.0,9.0,True
continente shopping brasil,0,10,0.0,3.7,True
continente shopping cadastrar cupom,0,9,0.0,4.111111111111111,True
continente shopping centauro,0,2,0.0,12.0,False
continente shopping center,0,30,0.0,11.366666666666667,True
continente shopping cep,0,12,0.0,9.416666666666666,True
continente shopping cinema,0,54,0.0,33.03703703703704,True
continente shopping cinema sao jose,0,1,0.0,20.0,False
continente shopping endereço,0,34,0.0,6.147058823529412,True
continente shopping esquina rod - br-101 - distrito industrial são josé - sc,0,3,0.0,5.333333333333333,True
continente shopping estacionamento,0,173,0.0,6.497109826589595,True
continente shopping filmes em cartaz,0,1,0.0,9.0,False
continente shopping florianópolis site oficial,0,1,0.0,9.0,False
continente shopping florianópolis,0,863,0.0,7.4356894553881805,True
continente shopping floripa,0,132,0.0,7.356060606060606,True
continente shopping fotos,0,487,0.0,4.24640657084189,True
continente shopping logo,0,6,0.0,5.166666666666667,True
continente shopping lojas,0,507,0.0,12.331360946745562,True
continente shopping mapa,0,9,0.0,8.444444444444445,True
continente shopping marcas,0,8,0.0,2.375,True
continente shopping palhoça,0,62,0.0,5.758064516129032,True
continente shopping palhoça brazil,0,27,0.0,8.333333333333332,True
continente shopping promoção,0,5,0.0,3.4,True
continente shopping promoção de natal,0,1,0.0,2.0,False
continente shopping residences valor,0,6,0.0,17.5,True
continente shopping s,0,2,0.0,8.0,False
continente shopping sao jose sc,0,23,0.0,10.782608695652174,True
continente shopping são josé sc,0,3,0.0,7.0,True
continente shopping sorteio,0,3,0.0,2.333333333333333,True
continente shopping são josé,0,319,0.0,6.843260188087775,True
continente shopping são josé - sc,0,14,0.0,6.785714285714286,True
continente shopping trabalhe conosco,0,11,0.0,8.818181818181818,True
continente shopping wow park,0,1,0.0,12.0,False
continente shopping zara,0,1,0.0,9.0,False
continente shopping.,0,1,0.0,8.0,False
continente shoppinh,0,11,0.0,6.545454545454546,True
continente store,0,2,0.0,25.0,False
continente suil park,0,1,0.0,4.0,False
continente sul,0,2,0.0,83.0,False
continente trabalhe conosco,0,13,0.0,25.615384615384617,True
continente via catarina,0,1,0.0,3.0,False
continente wells,0,1,0.0,76.0,False
continentes por população,0,1,0.0,77.0,False
continentes restaurante,0,1,0.0,10.0,False
continentes shopping,0,2,0.0,5.0,False
continenteshopping,0,30,0.0,7.733333333333333,True
continentie,0,1,0.0,37.0,False
continet,0,2,0.0,38.5,False
continetal shopping,0,1,0.0,9.0,False
continete,0,1,0.0,37.0,False
contstance,0,1,0.0,10.0,False
convention balneario camboriu,0,13,0.0,82.92307692307692,True
convite sipat 2025,0,26,0.0,1.0,True
cookie shopping recife,0,1,0.0,8.0,False
cookies mr cheney,0,1,0.0,44.0,False
cooperative oceane,0,1,0.0,24.0,False
coordenadora contabil,0,1,0.0,5.0,False
cooten,0,1,0.0,1.0,False
cooton.on,0,1,0.0,9.0,False
copenhagen chocolate,0,1,0.0,8.0,False
coqueteleira continente,0,2,0.0,26.5,False
cores do continente,0,1,0.0,84.0,False
corning shopping,0,1,0.0,38.0,False
corporate governance rhode island,0,6,0.0,33.333333333333336,True
corporate ri,0,8,0.0,26.0,True
corradini red canids,0,1,0.0,29.0,False
corre 4,0,3,0.0,2.666666666666667,True
corre 4 olympikus,0,1,0.0,6.0,False
corredores da meia noite,0,1,0.0,24.0,False
correio shopping neumarkt,0,10,0.0,2.6,True
correios neumarkt,0,4,0.0,2.25,True
correios shopping neumarkt,0,5,0.0,1.2,True
correr no shopping center,0,2,0.0,72.5,False
corrida dentro do shopping,0,11,0.0,8.454545454545453,True
corrida do shopping,0,8,0.0,6.125,True
corrida garten shopping,0,4,0.0,7.5,True
corrida nacoes shopping criciuma,0,1,0.0,5.0,False
corrida no shopping,0,13,0.0,7.0,True
corrida shopping,0,8,0.0,5.375,True
corrida shopping garten joinville,0,1,0.0,6.0,False
corridas noturnas,0,1,0.0,4.0,False
corrigir endereço,0,1,0.0,1.0,False
corsair vs new balance,0,1,0.0,1.0,False
cortina riachuelo,0,2,0.0,29.5,False
cortton telecom,0,18,0.0,1.0555555555555556,True
cosmetics company store blumenau,0,1,0.0,90.0,False
cosméticos adcos,0,1,0.0,86.0,False
cosntace,0,1,0.0,10.0,False
cosntance,0,3,0.0,9.333333333333334,True
costance,0,7,0.0,9.714285714285714,True
costureira balneario shopping,0,25,0.0,11.28,True
costureira shopping balneario,0,5,0.0,10.2,True
costureira shopping balneario camboriu,0,14,0.0,11.714285714285714,True
coton,0,3,0.0,2.0,True
coton loja,0,1,0.0,12.0,False
coton on,0,2,0.0,7.5,False
coton.on,0,1,0.0,10.0,False
cotron,0,1,0.0,5.0,False
cotto on,0,1,0.0,9.0,False
cotto.on,0,12,0.0,10.0,True
cottom.on,0,1,0.0,9.0,False
cotton bh,0,1,0.0,2.0,False
cotton calca,0,1,0.0,4.0,False
cotton e cotton fabrica,0,1,0.0,1.0,False
cotton in,0,2,0.0,9.0,False
cotton loja,0,2,0.0,14.0,False
cotton loja fisica,0,7,0.0,8.428571428571429,True
cotton marca,0,10,0.0,3.8,True
cotton merchant,0,1,0.0,53.0,False
cotton mon,0,1,0.0,5.0,False
cotton morumbi,0,6,0.0,11.166666666666666,True
cotton net,0,1,0.0,2.0,False
cotton of,0,1,0.0,1.0,False
cotton on,0,87,0.0,6.402298850574713,True
cotton on 1 utama,0,1,0.0,28.0,False
cotton on abc,0,1,0.0,9.0,False
cotton on about,0,1,0.0,1.0,False
cotton on analia franco,0,6,0.0,1.0,True
cotton on argentina,0,2,0.0,10.0,False
cotton on austin,0,1,0.0,15.0,False
cotton on avenue k,0,1,0.0,11.0,False
cotton on bala,0,6,0.0,6.833333333333333,True
cotton on balneario,0,43,0.0,9.325581395348838,True
cotton on balneario camboriu,0,58,0.0,13.120689655172415,True
cotton on barra shopping,0,3,0.0,11.333333333333334,True
cotton on bauru,0,5,0.0,11.6,True
cotton on belo horizonte,0,18,0.0,11.444444444444445,True
cotton on bh,0,27,0.0,11.11111111111111,True
cotton on blumenau,0,2,0.0,10.5,False
cotton on body,0,1,0.0,2.0,False
cotton on bourbon,0,11,0.0,11.454545454545455,True
cotton on brasil,0,3,0.0,7.333333333333333,True
cotton on brasil cupom de desconto,0,3,0.0,6.0,True
cotton on brasil cupom desconto,0,29,0.0,7.310344827586207,True
cotton on brasil cupom primeira compra,0,5,0.0,2.4,True
cotton on brasil cupons de desconto,0,2,0.0,8.5,False
cotton on brasil lojas,0,2,0.0,4.0,False
cotton on brasil promoção cupom,0,1,0.0,10.0,False
cotton on brasilia,0,64,0.0,11.359375,True
cotton on broadway shopping centre,0,1,0.0,42.0,False
cotton on campo grande,0,10,0.0,10.9,True
cotton on cascavel,0,32,0.0,10.03125,True
cotton on center norte,0,2,0.0,13.5,False
cotton on city,0,1,0.0,13.0,False
cotton on company,0,1,0.0,51.0,False
cotton on cuiaba,0,3,0.0,11.333333333333334,True
cotton on de donde es,0,3,0.0,8.666666666666668,True
cotton on de onde é,0,91,0.0,9.054945054945055,True
cotton on do brasil comercial e participacoes ltda,0,1,0.0,3.0,False
cotton on dom pedro,0,21,0.0,11.19047619047619,True
cotton on eastland,0,1,0.0,26.0,False
cotton on eldorado,0,116,0.0,9.827586206896552,True
cotton on espirito santo,0,5,0.0,10.4,True
cotton on estação,0,1,0.0,27.0,False
cotton on europa,0,1,0.0,11.0,False
cotton on florianopolis,0,8,0.0,16.75,True
cotton on florianópolis,0,7,0.0,12.857142857142858,True
cotton on floripa,0,3,0.0,45.0,True
cotton on fortaleza,0,80,0.0,9.4875,True
cotton on founder,0,1,0.0,37.0,False
cotton on fountain gate,0,1,0.0,38.0,False
cotton on fourways mall,0,1,0.0,19.0,False
cotton on foz do iguaçu,0,4,0.0,10.5,True
cotton on franchise,0,1,0.0,44.0,False
cotton on galaxy mall,0,1,0.0,9.0,False
cotton on gpo,0,1,0.0,19.0,False
cotton on grand plaza,0,11,0.0,9.181818181818182,True
cotton on guarulhos,0,5,0.0,9.8,True
cotton on higienopolis,0,83,0.0,10.831325301204819,True
cotton on iguatemi campinas,0,1,0.0,5.0,False
cotton on imago,0,1,0.0,29.0,False
cotton on infantil,0,6,0.0,45.666666666666664,True
cotton on italia,0,1,0.0,2.0,False
cotton on jennie,0,3,0.0,2.0,True
cotton on jk,0,2,0.0,36.5,False
cotton on jk iguatemi,0,3,0.0,17.0,True
cotton on joinville quando abre,0,20,0.0,11.35,True
cotton on jpo,0,1,0.0,26.0,False
cotton on jundiai shopping,0,1,0.0,11.0,False
cotton on kids,0,2,0.0,5.0,False
cotton on loja,0,1,0.0,11.0,False
cotton on loja fisica,0,1,0.0,2.0,False
cotton on lojas,0,14,0.0,41.214285714285715,True
cotton on lojas brasil,0,1,0.0,6.0,False
cotton on lojas sp,0,1,0.0,4.0,False
cotton on londrina,0,16,0.0,13.375,True
cotton on mais perto de mim,0,3,0.0,3.0,True
cotton on mais proxima,0,2,0.0,9.0,False
cotton on manaus,0,1,0.0,9.0,False
cotton on marca,0,11,0.0,8.272727272727273,True
cotton on maringa,0,13,0.0,9.692307692307692,True
cotton on morumbi,0,84,0.0,12.845238095238095,True
cotton on morumbi shopping,0,7,0.0,10.142857142857142,True
cotton on mueller,0,1,0.0,12.0,False
cotton on necessaire,0,13,0.0,5.461538461538462,True
cotton on onde tem,0,439,0.0,10.216400911161731,True
cotton on origem,0,54,0.0,10.5,True
cotton on outlet,0,1,0.0,15.0,False
cotton on outlet premium,0,1,0.0,1.0,False
cotton on paris,0,1,0.0,1.0,False
cotton on patio paulista,0,15,0.0,12.133333333333333,True
cotton on paulista,0,58,0.0,11.39655172413793,True
cotton on perto de mim,0,5,0.0,6.8,True
cotton on piracicaba,0,85,0.0,9.51764705882353,True
cotton on plaza sul,0,1,0.0,8.0,False
cotton on poa,0,2,0.0,6.5,False
cotton on recife,0,11,0.0,10.727272727272727,True
cotton on ribeirao preto,0,9,0.0,11.555555555555555,True
cotton on rio,0,2,0.0,10.0,False
cotton on rio de janeiro,0,39,0.0,12.743589743589743,True
cotton on rio preto,0,6,0.0,10.333333333333334,True
cotton on rj,0,51,0.0,12.96078431372549,True
cotton on rj endereço,0,46,0.0,9.804347826086957,True
cotton on salvador,0,74,0.0,10.27027027027027,True
cotton on sao paulo,0,27,0.0,12.037037037037036,True
cotton on sc,0,1,0.0,11.0,False
cotton on shopping,0,11,0.0,17.0,True
cotton on shopping abc,0,3,0.0,9.333333333333334,True
cotton on shopping analia franco,0,1,0.0,1.0,False
cotton on shopping barigui,0,3,0.0,1.0,True
cotton on shopping center norte,0,1,0.0,1.0,False
cotton on shopping continente,0,98,0.0,8.10204081632653,True
cotton on shopping eldorado,0,25,0.0,11.04,True
cotton on shopping higienopolis,0,14,0.0,11.428571428571429,True
cotton on shopping jk,0,13,0.0,12.384615384615385,True
cotton on shopping morumbi,0,1,0.0,36.0,False
cotton on shopping piracicaba,0,4,0.0,10.5,True
cotton on sjc,0,4,0.0,13.75,True
cotton on sorocaba,0,1,0.0,13.0,False
cotton on são paulo,0,7,0.0,30.142857142857142,True
cotton on tambore,0,7,0.0,12.857142857142858,True
cotton on tamworth,0,1,0.0,30.0,False
cotton on tienda,0,1,0.0,72.0,False
cotton on trabalhe conosco,0,8,0.0,13.5,True
cotton on uberlandia,0,9,0.0,8.0,True
cotton on unidades,0,8,0.0,10.5,True
cotton on ventosa,0,3,0.0,5.0,True
cotton on washington,0,1,0.0,10.0,False
cotton on wikipedia,0,3,0.0,7.666666666666667,True
cotton on é confiavel,0,22,0.0,11.272727272727273,True
cotton one,0,1,0.0,5.0,False
cotton pon,0,1,0.0,8.0,False
cotton shopping,0,4,0.0,10.25,True
cotton.on,0,1,0.0,42.0,False
cottonin trimmaus,0,1,0.0,33.0,False
cottonon,0,12,0.0,31.5,True
cottons,0,4,0.0,1.0,True
coturno schutz,0,1,0.0,8.0,False
court vision alta,0,1,0.0,3.0,False
coworking neumarkt,0,8,0.0,8.25,True
cpf na nota joinville reembolso,0,3,0.0,33.0,True
cpfe ri,0,1,0.0,7.0,False
cr almeida,0,1,0.0,3.0,False
cr almeida faliu,0,1,0.0,5.0,False
cramigos,0,3,0.0,10.333333333333334,True
crcos,0,2,0.0,4.5,False
creamigos,0,9,0.0,9.666666666666666,True
creatina animal,0,1,0.0,3.0,False
cri pacaembu,0,1,0.0,3.0,False
cri ri,0,1,0.0,31.0,False
cria amogos,0,1,0.0,8.0,False
cria migos,0,12,0.0,9.0,True
criaamigos,0,314,0.0,9.449044585987261,True
criamifos,0,2,0.0,9.5,False
criamigis,0,10,0.0,7.7,True
criamigoa,0,11,0.0,8.181818181818182,True
criamigod,0,17,0.0,8.647058823529413,True
criamigos balneário camboriú,0,8,0.0,15.75,True
criamigos bh shopping fotos,0,1,0.0,6.0,False
criamigos center norte,0,5,0.0,42.8,True
criamigos criamigos,0,17,0.0,2.5294117647058822,True
criamigos fotos,0,3,0.0,2.0,True
criamigos franquia,0,23,0.0,17.82608695652174,True
criamigos gramado,0,1,0.0,10.0,False
criamigos gramado parque,0,1,0.0,10.0,False
criamigos jundiai shopping,0,1,0.0,5.0,False
criamigos loja,0,44,0.0,7.113636363636363,True
criamigos loja online,0,4,0.0,5.0,True
criamigos lojas,0,38,0.0,9.078947368421053,True
criamigos norte shopping,0,179,0.0,11.932960893854748,True
criamigos norte shopping fotos,0,7,0.0,4.428571428571429,True
criamigos onde tem,0,25,0.0,16.48,True
criamigos online,0,1,0.0,6.0,False
criamigos portugal,0,1,0.0,20.0,False
criamigos shopping,0,48,0.0,12.895833333333334,True
criamigos shopping abc,0,2,0.0,42.5,False
criamigos site,0,3,0.0,5.666666666666667,True
criamigos taguatinga shopping,0,2,0.0,9.5,False
criamigos ursos,0,1,0.0,2.0,False
criamigos.com.br,0,1,0.0,75.0,False
criamihos,0,7,0.0,7.142857142857143,True
criamis,0,5,0.0,9.4,True
criamogos,0,41,0.0,8.146341463414634,True
crianca fazendo coco verde o'que e,0,1,0.0,95.0,False
crianigos,0,16,0.0,7.1875,True
crianjos,0,1,0.0,5.0,False
crianças de férias,0,1,0.0,56.0,False
crianças férias,0,3,0.0,21.333333333333332,True
criar checklist material escolar,0,3,0.0,50.0,True
criar conta merchant center,0,1,0.0,41.0,False
criaramigos,0,6,0.0,8.5,True
criarmigos,0,2,0.0,9.0,False
criatiff promoção,0,2,0.0,11.0,False
cribl login,0,1,0.0,5.0,False
crichards,0,2,0.0,7.5,False
criciuma,0,2,0.0,1.5,False
criciuma a balneario camboriu,0,9,0.0,51.77777777777778,True
criciuma a blumenau,0,1,0.0,47.0,False
criciuma a florianopolis,0,2,0.0,67.5,False
criciuma a floripa,0,1,0.0,67.0,False
criciuma a joinville,0,2,0.0,83.5,False
criciuma ate joinville,0,1,0.0,73.0,False
criciuma balneario camboriu,0,1,0.0,67.0,False
criciuma florianopolis,0,1,0.0,77.0,False
criciuma idh,0,1,0.0,40.0,False
criciuma joinville,0,2,0.0,88.0,False
criciuma população,0,5,0.0,77.8,True
criciuma restaurantes,0,2,0.0,80.5,False
criciuma sc,0,1,0.0,1.0,False
criciuma sc mapa,0,2,0.0,86.5,False
criciuma sc shopping,0,2,0.0,7.5,False
criciuma shopping,0,32,0.0,24.84375,True
criciuma shopping center,0,10,0.0,30.0,True
criciuma shopping cinema,0,5,0.0,40.6,True
criciuma shopping nacoes,0,272,0.0,6.227941176470588,True
criciuma tem shopping,0,9,0.0,12.444444444444445,True
criciúma,0,2,0.0,4.5,False
criciúma fica em qual estado,0,2,0.0,92.5,False
criciúma ganhou,0,2,0.0,50.5,False
criciúma para florianópolis,0,2,0.0,80.0,False
criciúma sc mapa,0,2,0.0,90.0,False
criciúma shopping,0,5,0.0,24.6,True
criciúma shopping center,0,5,0.0,15.2,True
criciúma shopping center criciúma - sc,0,1,0.0,25.0,False
criciúma shopping center fotos,0,6,0.0,5.0,True
criciúma shopping cinema,0,2,0.0,48.0,False
criciúma shopping lojas,0,1,0.0,12.0,False
criciúma/sc população,0,1,0.0,81.0,False
crics,0,1,0.0,4.0,False
crie amigos,0,7,0.0,5.857142857142857,True
crieamigos,0,156,0.0,9.512820512820513,True
cristais em blumenau,0,1,0.0,6.0,False
crivs,0,1,0.0,7.0,False
crmbonus,0,1,0.0,3.0,False
croasonho franquia,0,13,0.0,52.15384615384615,True
croasonho lojas,0,1,0.0,68.0,False
croasonho norte shopping,0,2,0.0,13.5,False
croassonho,0,38,0.0,6.342105263157895,True
croc,0,2,0.0,6.0,False
croc loja,0,1,0.0,4.0,False
croc sneakers,0,1,0.0,65.0,False
crocs,0,289,0.0,5.7923875432525955,True
crocs - minas shopping fotos,0,1,0.0,4.0,False
crocs - parque dom pedro fotos,0,2,0.0,18.5,False
crocs amazonas shopping,0,1,0.0,15.0,False
crocs americas shopping,0,1,0.0,11.0,False
crocs araraquara fotos,0,1,0.0,29.0,False
crocs barra shopping fotos,0,1,0.0,14.0,False
crocs blumenau fotos,0,1,0.0,2.0,False
crocs brasil,0,3,0.0,49.333333333333336,True
crocs caxias do sul,0,1,0.0,37.0,False
crocs center shopping fotos,0,1,0.0,19.0,False
crocs center vale - sjc fotos,0,1,0.0,3.0,False
crocs conjunto nacional,0,4,0.0,35.5,True
crocs continente shopping,0,35,0.0,11.628571428571428,True
crocs curitiba,0,2,0.0,41.0,False
crocs em blumenau,0,3,0.0,12.666666666666666,True
crocs em joinville,0,150,0.0,9.5,True
crocs franquia valor,0,5,0.0,10.2,True
crocs garten shopping,0,35,0.0,6.742857142857143,True
crocs gramado fotos,0,3,0.0,23.0,True
crocs iguatemi alphaville,0,7,0.0,8.428571428571429,True
crocs internacional shopping guarulhos fotos,0,1,0.0,12.0,False
crocs joinville distrito industrial,0,5,0.0,8.4,True
crocs joinville fotos,0,86,0.0,7.511627906976744,True
crocs loja shopping,0,3,0.0,8.666666666666668,True
crocs lojas,0,24,0.0,8.666666666666668,True
crocs millennium mall,0,1,0.0,6.0,False
crocs nacoes shopping,0,6,0.0,12.0,True
crocs no shopping,0,20,0.0,8.25,True
crocs norte shopping,0,332,0.0,7.463855421686747,True
crocs osasco fotos,0,1,0.0,5.0,False
crocs park shopping,0,2,0.0,96.0,False
crocs perimeter mall,0,1,0.0,10.0,False
crocs pt,0,2,0.0,66.5,False
crocs rio de janeiro,0,5,0.0,47.0,True
crocs sh,0,1,0.0,10.0,False
crocs shop manaira fotos,0,1,0.0,24.0,False
crocs shopping,0,12,0.0,8.25,True
crocs shopping center norte fotos,0,1,0.0,5.0,False
crocs shopping continental,0,74,0.0,8.608108108108109,True
crocs shopping eldorado fotos,0,1,0.0,28.0,False
crocs shopping jardins,0,1,0.0,12.0,False
crocs shopping uniao,0,5,0.0,6.6,True
crocs store,0,1,0.0,11.0,False
crocs tijuca,0,1,0.0,30.0,False
crocxs,0,1,0.0,3.0,False
croque madame near me,0,1,0.0,5.0,False
croque monsieur near me,0,2,0.0,6.0,False
crovs,0,1,0.0,6.0,False
cs garten,0,1,0.0,10.0,False
cs mall,0,1,0.0,18.0,False
cs novo continente,0,3,0.0,6.666666666666667,True
cs park blumenau,0,4,0.0,9.5,True
cs residence shopping continente,0,1,0.0,7.0,False
cs residences fotos,0,3,0.0,8.666666666666668,True
cs residences preço,0,1,0.0,14.0,False
cs residences shopping,0,8,0.0,6.0,True
cs residences são josé,0,1,0.0,8.0,False
cs residences valor,0,3,0.0,13.666666666666666,True
cs working,0,2,0.0,10.5,False
csartex,0,1,0.0,7.0,False
cschutz,0,1,0.0,2.0,False
cteep ri,0,1,0.0,15.0,False
cual es el mejor shopping de camboriú,0,6,0.0,35.333333333333336,True
cual es el shopping mas grande de florianopolis,0,1,0.0,4.0,False
cual es el shopping más grande de camboriú,0,1,0.0,2.0,False
cuantos shopping hay en camboriu brasil,0,1,0.0,11.0,False
cuantos shopping hay en florianopolis brasil,0,1,0.0,3.0,False
cub blumenau,0,1,0.0,38.0,False
cuecas marcas,0,1,0.0,1.0,False
cuidado fãs disso,0,1,0.0,21.0,False
culinary experience,0,2,0.0,3.0,False
cunda market,0,1,0.0,54.0,False
cupom bibi calçados,0,11,0.0,60.72727272727273,True
cupom casa almeida primeira compra,0,1,0.0,17.0,False
cupom cerveja store,0,2,0.0,57.5,False
cupom cinépolis,0,1,0.0,12.0,False
cupom continente,0,1,0.0,2.0,False
cupom de desconto bibi,0,3,0.0,94.33333333333333,True
cupom de desconto bibi calçados,0,1,0.0,63.0,False
cupom de desconto cotton on brasil,0,12,0.0,7.083333333333333,True
cupom de desconto kings,0,1,0.0,54.0,False
cupom de desconto plie,0,1,0.0,52.0,False
cupom de desconto pop me,0,10,0.0,34.8,True
cupom de desconto sabin,0,1,0.0,3.0,False
cupom de desconto sua foto no jogo,0,1,0.0,17.0,False
cupom de desconto time center,0,32,0.0,67.84375,True
cupom de desconto wow park,0,22,0.0,8.636363636363637,True
cupom de primeira compra,0,1,0.0,6.0,False
cupom desconto cacau show,0,1,0.0,4.0,False
cupom desconto centauro,0,2,0.0,1.5,False
cupom desconto cotton on brasil,0,6,0.0,7.833333333333333,True
cupom desconto grandvision,0,1,0.0,65.0,False
cupom desconto oculos shop,0,1,0.0,73.0,False
cupom desconto uza shoes,0,1,0.0,1.0,False
cupom desconto wow park,0,1,0.0,11.0,False
cupom fom,0,15,0.0,47.8,True
cupom frete grátis uza shoes,0,1,0.0,4.0,False
cupom google play,0,2,0.0,22.5,False
cupom grand vision,0,1,0.0,72.0,False
cupom itau shop,0,1,0.0,6.0,False
cupom loja kings,0,1,0.0,39.0,False
cupom otica grandvision,0,2,0.0,47.5,False
cupom para propaganda no facebook,0,1,0.0,75.0,False
cupom plié,0,28,0.0,58.214285714285715,True
cupom pop me,0,32,0.0,67.375,True
cupom primeira compra uza shoes,0,1,0.0,7.0,False
cupom santa lolla blogueira,0,1,0.0,4.0,False
cupom turbo flix,0,2,0.0,9.5,False
cupom universo alegria 2025,0,1,0.0,69.0,False
cupom uza,0,1,0.0,8.0,False
cupom uza shoes,0,7,0.0,3.0,True
cupom uza shoes 100 reais,0,1,0.0,6.0,False
cupom uza shoes aniversario,0,1,0.0,1.0,False
cupom uza shoes primeira compra,0,2,0.0,5.0,False
cupom vr collezioni,0,141,0.0,44.93617021276596,True
cupom óculos shop,0,4,0.0,94.5,True
cupom óculos world,0,3,0.0,59.666666666666664,True
cupons black friday,0,1,0.0,68.0,False
curiosidade,0,1,0.0,2.0,False
curiosidades sobre dragões,0,1,0.0,19.0,False
curitiba,0,1,0.0,2.0,False
curitiba a balneario camboriu,0,3,0.0,94.33333333333333,True
curitiba a balneário camboriú,0,10,0.0,97.1,True
curitiba balneário camboriú,0,3,0.0,82.33333333333333,True
curitiba boliche,0,3,0.0,71.0,True
curitiba idh,0,1,0.0,68.0,False
curitiba para balneário camboriú,0,2,0.0,81.5,False
curitiba para criciúma,0,3,0.0,89.33333333333333,True
curitiba shopping,0,1,0.0,89.0,False
curitiba shoppings,0,3,0.0,60.666666666666664,True
cussy de almeida,0,1,0.0,4.0,False
cussy de almeida junior,0,1,0.0,2.0,False
cuál es el shopping más grande de camboriú,0,3,0.0,11.0,True
cvc continente shopping,0,1,0.0,7.0,False
cvc shopping itaguaçu,0,1,0.0,11.0,False
cvm - creche e orfanato vinde a mim as criancinhas fotos,0,4,0.0,6.0,True
cvm br,0,2,0.0,37.5,False
cvm documentos,0,8,0.0,11.625,True
cão interativo continente,0,1,0.0,10.0,False
código do vendedor dress to,0,2,0.0,92.0,False
d almeida,0,1,0.0,54.0,False
d spot,0,1,0.0,23.0,False
da aj,0,3,0.0,9.0,True
da almeida,0,23,0.0,3.391304347826087,True
da centauro,0,4,0.0,6.75,True
da imobiliária,0,1,0.0,7.0,False
da junior,0,1,0.0,12.0,False
da santa lolla,0,1,0.0,37.0,False
da schutz,0,1,0.0,4.0,False
dabeleza cosméticos - loja 02 balneário camboriú,0,1,0.0,8.0,False
dafyne,0,1,0.0,4.0,False
daiso balneário camboriú,0,1,0.0,5.0,False
daiso blumenau,0,2,0.0,3.5,False
daiso blumenau inauguração,0,1,0.0,5.0,False
daiso floripa,0,1,0.0,3.0,False
daite,0,1,0.0,1.0,False
daniel echer,0,1,0.0,5.0,False
daniela macaneiro,0,1,0.0,113.0,False
danke schutz,0,1,0.0,1.0,False
danta lola,0,1,0.0,3.0,False
darlan almeida,0,1,0.0,2.0,False
data de inauguração do norteshopping,0,1,0.0,45.0,False
data schutz,0,2,0.0,1.0,False
datas,0,1,0.0,6.0,False
dataschutz,0,1,0.0,1.0,False
davenport shopping centers for sale,0,1,0.0,7.0,False
david almeida,0,1,0.0,5.0,False
days for sale,0,8,0.0,7.875,True
dchutz,0,1,0.0,1.0,False
de + abl,0,1,0.0,51.0,False
de aj,0,1,0.0,10.0,False
de balneário camboriú,0,1,0.0,9.0,False
de curitiba a balneário camboriú,0,1,0.0,98.0,False
de curitiba para balneário camboriú santa catarina,0,2,0.0,73.0,False
de faturamento,0,1,0.0,2.0,False
de florianopolis a camboriu,0,2,0.0,82.0,False
de florianópolis para balneário camboriú,0,2,0.0,64.0,False
de férias com as crianças,0,1,0.0,8.0,False
de ibiúna,0,1,0.0,1.0,False
de joinville,0,1,0.0,8.0,False
de joinville a balneário camboriú,0,7,0.0,51.714285714285715,True
de joinville a blumenau,0,1,0.0,65.0,False
de joinville para balneário camboriú,0,5,0.0,63.0,True
de júnior,0,1,0.0,6.0,False
de l'ete,0,9,0.0,71.88888888888889,True
de marca,0,1,0.0,8.0,False
de material escolar,0,1,0.0,10.0,False
de onde ele é?,0,1,0.0,3.0,False
de onde vem a luz da lua,0,2,0.0,2.0,False
de onde é a marca colcci,0,1,0.0,3.0,False
de onde é a marca santa lolla,0,6,0.0,7.333333333333333,True
de onde é o giraffas,0,1,0.0,10.0,False
de quem é o montana grill,0,4,0.0,12.75,True
de santa catarina,0,4,0.0,8.75,True
de sc,0,1,0.0,2.0,False
decathlon balneário camboriú,0,2,0.0,31.0,False
decathlon blumenau,0,1,0.0,45.0,False
decathlon brasil,0,1,0.0,1.0,False
decathlon continente shopping,0,3,0.0,22.666666666666668,True
decathlon park premium express,0,2,0.0,15.5,False
decathlon santa catarina,0,1,0.0,1.0,False
decathlon shopping continente,0,14,0.0,22.928571428571427,True
declaração anual,0,1,0.0,1.0,False
decoracao riachuelo,0,11,0.0,2.4545454545454546,True
decoração casa riachuelo,0,21,0.0,2.571428571428571,True
decoração para sipat 2025,0,2,0.0,1.0,False
decoração riachuelo,0,103,0.0,4.0,True
decoração sipat 2025,0,1,0.0,1.0,False
defina almeida,0,1,0.0,64.0,False
defina shopping,0,2,0.0,72.0,False
definition,0,1,0.0,11.0,False
degalls,0,364,0.0,12.728021978021978,True
degalls analia franco,0,1,0.0,4.0,False
degalls bolsa,0,1,0.0,2.0,False
degalls calçados,0,68,0.0,12.470588235294118,True
degalls loja,0,49,0.0,14.755102040816327,True
degalls lojas,0,50,0.0,13.6,True
degalls moema,0,2,0.0,5.5,False
degalls sapatos,0,10,0.0,31.0,True
degalls telefone,0,1,0.0,11.0,False
degalss,0,1,0.0,2.0,False
deggals,0,1,0.0,9.0,False
deichmann brasil,0,1,0.0,3.0,False
delegacia policia federal joinville,0,3,0.0,5.0,True
delivery de produtos naturais,0,1,0.0,97.0,False
democrata norte shopping,0,1,0.0,7.0,False
dengo,0,11,0.0,9.090909090909092,True
dengo balneario,0,6,0.0,11.0,True
dengo balneario shopping,0,18,0.0,11.777777777777779,True
dengo batel,0,3,0.0,12.0,True
dengo catarina outlet,0,2,0.0,13.0,False
dengo center norte,0,4,0.0,21.25,True
dengo chocolate,0,5,0.0,9.6,True
dengo chocolate franquia,0,11,0.0,10.181818181818182,True
dengo chocolate loja,0,1,0.0,10.0,False
dengo chocolate lojas,0,10,0.0,10.1,True
dengo chocolates,0,6,0.0,30.0,True
dengo chocolates franquia,0,40,0.0,18.675,True
dengo chocolates fábrica de dengo,0,2,0.0,102.5,False
dengo chocolates logo,0,1,0.0,1.0,False
dengo chocolates loja,0,3,0.0,69.0,True
dengo chocolates lojas,0,21,0.0,45.333333333333336,True
dengo chocolates s/a,0,1,0.0,14.0,False
dengo chocolates | fábrica de dengo fotos,0,15,0.0,5.933333333333334,True
dengo em curitiba,0,1,0.0,6.0,False
dengo florianopolis,0,47,0.0,12.297872340425531,True
dengo franquia,0,151,0.0,13.410596026490067,True
dengo franquia valor,0,112,0.0,10.25,True
dengo franquias,0,11,0.0,12.090909090909092,True
dengo haddock lobo,0,1,0.0,43.0,False
dengo itaim,0,1,0.0,34.0,False
dengo loja,0,1,0.0,11.0,False
dengo loja de chocolate,0,39,0.0,12.153846153846153,True
dengo lojas,0,35,0.0,11.457142857142857,True
dengo near me,0,1,0.0,37.0,False
dengo norte shopping,0,26,0.0,8.307692307692307,True
dengo park shopping,0,1,0.0,35.0,False
dengo patio batel,0,3,0.0,49.333333333333336,True
dengo perto de mim,0,2,0.0,42.5,False
dengo salvador shopping,0,3,0.0,51.333333333333336,True
dengo shopping,0,3,0.0,12.0,True
dengo shopping center norte,0,1,0.0,10.0,False
dengo shopping morumbi,0,1,0.0,49.0,False
dengo significado,0,2,0.0,6.0,False
dengo é franquia,0,7,0.0,13.142857142857142,True
dentro,0,2,0.0,6.5,False
depilação a laser nacoes shopping,0,1,0.0,9.0,False
dermage,0,1,0.0,4.0,False
descarte de material escolar,0,1,0.0,1.0,False
desconto lojista shopping,0,1,0.0,3.0,False
desconto schutz,0,1,0.0,7.0,False
desconto uza shoes,0,1,0.0,3.0,False
desenvolvimento de loja virtual balneário camboriú,0,42,0.0,55.54761904761905,True
desenvolvimento de sites balneário camboriú,0,2,0.0,92.5,False
desonto rd summit,0,4,0.0,87.0,True
devplans,0,2,0.0,28.5,False
devzapp,0,1,0.0,2.0,False
dfans app,0,1,0.0,9.0,False
dfps,0,286,0.0,5.821678321678322,True
dia 03/06 comemora o que,0,1,0.0,100.0,False
dia 22,0,1,0.0,11.0,False
dia 7 de agosto,0,1,0.0,8.0,False
dia da criança colorir,0,5,0.0,51.8,True
dia da inauguração,0,1,0.0,9.0,False
dia das crianças campanha,0,1,0.0,10.0,False
dia das maes promoçao​,0,3,0.0,99.33333333333333,True
dia das mães carro,0,1,0.0,54.0,False
dia das mães shopping,0,1,0.0,99.0,False
dia de promoção no cinema norte shopping,0,1,0.0,1.0,False
dia do lojista,0,2,0.0,75.0,False
dia do mclanche feliz,0,1,0.0,14.0,False
dia dos dinossauros,0,1,0.0,1.0,False
dia dos namorados,0,3,0.0,1.3333333333333333,True
dia dos namorados promoção,0,2,0.0,95.5,False
dia dos namorados shopping,0,2,0.0,49.0,False
dia dos pais,0,1,0.0,1.0,False
dia dos pais campanha,0,1,0.0,43.0,False
dia dos pais samsung,0,4,0.0,33.75,True
dia dos pais shopping,0,1,0.0,70.0,False
dia feliz mc,0,1,0.0,13.0,False
dias do namorados,0,1,0.0,78.0,False
dias volvo,0,1,0.0,33.0,False
dicas,0,1,0.0,9.0,False
dicas de material escolar,0,1,0.0,1.0,False
dicas do guga junior,0,2,0.0,20.5,False
dicas escolares,0,1,0.0,56.0,False
dicas para economizar na volta às aulas,0,82,0.0,44.09756097560975,True
dichards,0,2,0.0,5.5,False
didi wagner instagram,0,1,0.0,71.0,False
dificuldade,0,1,0.0,2.0,False
digital influencer balneario camboriu,0,1,0.0,42.0,False
diniz,0,3,0.0,6.666666666666667,True
diniz brotas,0,1,0.0,1.0,False
diniz otica,0,1497,0.0,9.390113560454243,True
diniz oticas,0,291,0.0,6.869415807560137,True
diniz shopping,0,22,0.0,6.318181818181818,True
diniz óculos,0,1,0.0,51.0,False
diniz ótica,0,200,0.0,7.3,True
diniz óticas,0,5,0.0,9.0,True
dinossauro no shopping,0,5,0.0,3.8,True
dinossauro norte shopping,0,1,0.0,12.0,False
dinossauro shopping,0,3,0.0,7.666666666666667,True
dinossauros continente,0,1,0.0,1.0,False
dinossauros no shopping,0,4,0.0,8.0,True
dinossauros shopping,0,4,0.0,8.75,True
directa shopping centers,0,1,0.0,7.0,False
directorio de balneario shopping,0,4,0.0,8.75,True
directorio de continente shopping,0,4,0.0,10.0,True
diretoria,0,2,0.0,1.0,False
diretório de balneário shopping,0,455,0.0,9.872527472527473,True
diretório de garten shopping,0,129,0.0,9.821705426356589,True
diretório de nações shopping,0,241,0.0,8.058091286307054,True
diretório de norte shopping blumenau,0,183,0.0,9.333333333333334,True
diretório de shopping neumarkt,0,322,0.0,8.444099378881987,True
diretório de shopping santa ursula,0,11,0.0,11.636363636363637,True
disney j,0,1,0.0,68.0,False
disney junior shop,0,1,0.0,30.0,False
disney norteshopping,0,1,0.0,45.0,False
disney shop black friday,0,2,0.0,63.0,False
display bauducco,0,1,0.0,18.0,False
distancia chapeco a sao miguel do oeste,0,1,0.0,2.0,False
distancia entre balneario camboriu e blumenau,0,2,0.0,34.5,False
distancia shopping,0,1,0.0,1.0,False
distretto,0,1,0.0,3.0,False
distretto bar & trattoria,0,1,0.0,3.0,False
distretto bar e trattoria balneário camboriú,0,1,0.0,5.0,False
distretto brava,0,1,0.0,5.0,False
distância do shopping,0,1,0.0,1.0,False
divercificado,0,1,0.0,46.0,False
diversao criancas,0,1,0.0,10.0,False
diversificado,0,32,0.0,44.4375,True
diversão para crianças,0,2,0.0,10.5,False
divert park continente shopping,0,1,0.0,5.0,False
dividendos,0,1,0.0,2.0,False
divino,0,1,0.0,1.0,False
divino fogao balneario,0,1,0.0,1.0,False
divino fogao balneario shopping,0,7,0.0,10.0,True
divino fogao beiramar shopping,0,2,0.0,10.0,False
divino fogao continente shopping,0,30,0.0,11.566666666666666,True
divino fogao neumarkt,0,4,0.0,10.5,True
divino fogão,0,1,0.0,10.0,False
divino fogão center norte,0,5,0.0,13.0,True
divino fogão conjunto nacional,0,2,0.0,38.0,False
divino fogão franquia,0,26,0.0,25.5,True
divino fogão logo,0,1,0.0,24.0,False
divino fogão norte shopping,0,3,0.0,10.333333333333334,True
divino fogão restaurante,0,4,0.0,5.5,True
divulgar franquia,0,65,0.0,79.32307692307693,True
dj blumenau,0,1,0.0,1.0,False
dkuq,0,1,0.0,7.0,False
dna webmail,0,1,0.0,65.0,False
do alemao,0,1,0.0,12.0,False
do alemão,0,2,0.0,7.0,False
do shopping,0,1,0.0,1.0,False
do sul,0,1,0.0,9.0,False
do the shopping,0,1,0.0,66.0,False
doce,0,1,0.0,6.0,False
doce de leite havana,0,1,0.0,2.0,False
doce de leite havanna,0,5,0.0,2.6,True
documento fiscal da empresa,0,1,0.0,1.0,False
documentos cvm,0,171,0.0,9.052631578947368,True
dog sh,0,1,0.0,53.0,False
dolce gabbana balneario shopping,0,1,0.0,8.0,False
doliva mar e bar,0,1,0.0,14.0,False
dom alberto balneário camboriú,0,1,0.0,12.0,False
domingo de almeida,0,1,0.0,1.0,False
dona da colcci,0,1,0.0,46.0,False
dona da otica diniz,0,1,0.0,2.0,False
dona da schutz,0,14,0.0,1.1428571428571428,True
donde comprar ropa,0,2,0.0,1.0,False
dono,0,1,0.0,3.0,False
dono da colcci,0,2,0.0,57.5,False
dono da empresa,0,1,0.0,1.0,False
dono da fast shop,0,1,0.0,99.0,False
dono da ilha das cabras balneário camboriú,0,1,0.0,3.0,False
dono da santa lolla,0,1,0.0,2.0,False
dono da schulz,0,1,0.0,1.0,False
dono da schutz,0,159,0.0,27.9874213836478,True
dono da sephora,0,1,0.0,1.0,False
dono da ótica diniz,0,1,0.0,2.0,False
dono de shopping,0,159,0.0,6.8742138364779874,True
dono do center shopping,0,4,0.0,12.25,True
dono do continente,0,6,0.0,48.0,True
dono do madeiro,0,1,0.0,100.0,False
dono do norte shopping,0,108,0.0,7.796296296296297,True
dono do north shopping,0,1,0.0,2.0,False
dono do paris 6,0,1,0.0,1.0,False
dono do park shopping,0,41,0.0,13.829268292682928,True
dono do shopping,0,383,0.0,7.067885117493472,True
dono do shopping tambiá,0,9,0.0,2.2222222222222223,True
dono do taco bell,0,1,0.0,1.0,False
dono madero,0,2,0.0,100.0,False
donos shopping,0,1,0.0,5.0,False
dos dias dos pais,0,28,0.0,84.57142857142857,True
douglas boss,0,1,0.0,3.0,False
douq,0,17,0.0,6.0588235294117645,True
dove comprare economico,0,1,0.0,1.0,False
download filmes,0,1,0.0,10.0,False
dpf/jve/sc,0,2,0.0,1.0,False
dr carlos almeida jr,0,6,0.0,82.33333333333333,True
dr juliano kuhnen,0,1,0.0,10.0,False
dr rafael almeida,0,1,0.0,14.0,False
dr wells norteshopping,0,1,0.0,10.0,False
dr. denis birman,0,1,0.0,2.0,False
dragao continente,0,1,0.0,1.0,False
dragoes,0,1,0.0,89.0,False
dragoes rpg,0,2,0.0,42.5,False
dragão,0,7,0.0,2.428571428571429,True
dragão tipos,0,1,0.0,1.0,False
dragões,0,1,0.0,45.0,False
dragões corrida até o limite rede de canais,0,1,0.0,17.0,False
dragões exposição internacional,0,1,0.0,67.0,False
dragões gigantes,0,24,0.0,12.5,True
dreams about shopping malls,0,30,0.0,35.6,True
dress,0,1,0.0,6.0,False
dress 2,0,1,0.0,2.0,False
dress diagnostico,0,1,0.0,3.0,False
dress jr,0,1,0.0,13.0,False
dress to,0,12,0.0,8.75,True
dress to barra shopping,0,4,0.0,22.75,True
dress to brasil,0,504,0.0,8.964285714285715,True
dress to brasilia,0,4,0.0,11.0,True
dress to brazil,0,6,0.0,4.666666666666666,True
dress to fotos,0,1,0.0,24.0,False
dress to kill,0,1,0.0,5.0,False
dress to loja,0,12,0.0,11.416666666666666,True
dress to loja brasil,0,8,0.0,9.125,True
dress to loja fisica,0,31,0.0,9.96774193548387,True
dress to lojas,0,2,0.0,19.0,False
dress to lojas fisicas,0,26,0.0,7.884615384615385,True
dress to marca,0,1,0.0,66.0,False
dress to multicenter,0,1,0.0,14.0,False
dress to outlet,0,3,0.0,13.0,True
dress to salvador,0,40,0.0,12.075,True
dress to salvador shopping,0,4,0.0,11.75,True
dress to shop,0,89,0.0,43.764044943820224,True
dress to shop online,0,31,0.0,46.16129032258065,True
dress to shopping vila velha,0,30,0.0,11.533333333333333,True
dress to site,0,1,0.0,74.0,False
dress to trabalhe conosco,0,5,0.0,40.0,True
dress to vestido,0,1,0.0,31.0,False
dress to you,0,1,0.0,6.0,False
dress word,0,1,0.0,3.0,False
dressinn entrega no brasil,0,1,0.0,3.0,False
dressto.com.br,0,1,0.0,62.0,False
dresto,0,21,0.0,14.285714285714286,True
drichards,0,1,0.0,6.0,False
drive thrue,0,1,0.0,5.0,False
drummond restaurante,0,1,0.0,7.0,False
dsa vertical,0,1,0.0,44.0,False
dubai mall santa catarina,0,5,0.0,51.6,True
duda lina,0,3,0.0,6.666666666666667,True
dudalina aracaju,0,4,0.0,7.5,True
dudalina franquia,0,2,0.0,23.5,False
dudalina loja fisica,0,1,0.0,1.0,False
dudalina lojas,0,1,0.0,1.0,False
dudalina mueller,0,22,0.0,11.454545454545455,True
dudalina outlet,0,2,0.0,23.5,False
dudalina shopping,0,1,0.0,10.0,False
dudalina shopping abc,0,12,0.0,11.583333333333334,True
dudalina trabalhe conosco,0,42,0.0,45.5,True
dudalna,0,1,0.0,10.0,False
dumond calçados,0,1,0.0,4.0,False
duo sushi balneário camboriú,0,1,0.0,4.0,False
duramo speed 2 feminino,0,1,0.0,2.0,False
duratex ri,0,1,0.0,13.0,False
dus vertical,0,2,0.0,50.0,False
dvie joalheria,0,1,0.0,13.0,False
díadas,0,2,0.0,49.5,False
dónde queda sephora,0,1,0.0,2.0,False
e a flávia alessandra,0,1,0.0,12.0,False
e agora,0,1,0.0,2.0,False
e alimentação?,0,1,0.0,3.0,False
e almeida,0,6,0.0,6.0,True
e blumenau?,0,1,0.0,1.0,False
e carro?,0,1,0.0,2.0,False
e commerce riachuelo telefone,0,2,0.0,1.0,False
e como ficou,0,1,0.0,5.0,False
e coton,0,1,0.0,1.0,False
e de chocolate?,0,1,0.0,1.0,False
e de florianópolis,0,1,0.0,8.0,False
e de moto?,0,1,0.0,1.0,False
e de santa catarina,0,1,0.0,3.0,False
e depois dele?,0,1,0.0,2.0,False
e do sul do brasil,0,1,0.0,25.0,False
e ele?,0,1,0.0,2.0,False
e em 2025,0,1,0.0,1.0,False
e em 2025?,0,1,0.0,3.0,False
e em balneário camboriú,0,2,0.0,6.0,False
e em criciúma?,0,1,0.0,1.0,False
e em curitiba,0,1,0.0,3.0,False
e em santa catarina,0,2,0.0,8.5,False
e em santa catarina?,0,2,0.0,2.0,False
e em são paulo?,0,1,0.0,1.0,False
e finais de semana?,0,1,0.0,2.0,False
e itajaí?,0,1,0.0,7.0,False
e jr,0,1,0.0,75.0,False
e luxo,0,1,0.0,2.0,False
e moto?,0,1,0.0,2.0,False
e o apartamento?,0,1,0.0,5.0,False
e o burguer king?,0,1,0.0,4.0,False
e o continente,0,3,0.0,4.0,True
e o continente?,0,1,0.0,13.0,False
e o estacionamento,0,1,0.0,2.0,False
e o mais rico,0,1,0.0,8.0,False
e o norte shopping?,0,1,0.0,2.0,False
e o que mais,0,1,0.0,1.0,False
e o segundo maior?,0,2,0.0,3.0,False
e o terceiro?,0,1,0.0,5.0,False
e pago,0,1,0.0,4.0,False
e para o almoço?,0,1,0.0,8.0,False
e por dia,0,1,0.0,4.0,False
e qual o segundo,0,1,0.0,1.0,False
e quem mais,0,2,0.0,1.0,False
e s,0,1,0.0,2.0,False
e santa catarina,0,1,0.0,4.0,False
e sc?,0,2,0.0,3.0,False
e se passar,0,1,0.0,2.0,False
e shopping,0,4,0.0,84.0,True
e todos,0,1,0.0,3.0,False
e vale refeição,0,1,0.0,2.0,False
ebtida,0,1,0.0,6.0,False
eclipse carro,0,5,0.0,1.0,True
eclipse cross 2020 hpe-s,0,1,0.0,6.0,False
eclipse cross hpe,0,1,0.0,19.0,False
eclipse cross hpe s,0,2,0.0,36.5,False
eclipse cross hpe-s,0,1,0.0,46.0,False
eclipse cross zero preço,0,3,0.0,1.0,True
eclipse zero,0,1,0.0,1.0,False
ecomax,0,28,0.0,75.07142857142857,True
ecomax 50,0,2,0.0,75.5,False
ecomax blumenau,0,19,0.0,30.736842105263158,True
ecomax blumenau telefone,0,1,0.0,53.0,False
ecomax em blumenau,0,1,0.0,58.0,False
ecomax florianópolis,0,2,0.0,43.0,False
ecomax norte shopping,0,20,0.0,25.5,True
ecomax norte shopping fotos,0,2,0.0,5.0,False
ecomax shopping norte,0,11,0.0,30.727272727272727,True
ecomax timbo,0,1,0.0,9.0,False
ecomax trabalhe conosco,0,1,0.0,21.0,False
ecommerce para shopping center,0,6,0.0,32.5,True
economicamente,0,1,0.0,16.0,False
economizar na compra de um celular usado,0,6,0.0,71.5,True
economizar na hora de comprar material escolar,0,6,0.0,32.66666666666667,True
econômico atacadão trabalhe conosco,0,2,0.0,26.5,False
ecos da esperança joinville,0,1,0.0,12.0,False
ecplise carro,0,1,0.0,1.0,False
ed almeida,0,1,0.0,93.0,False
ed shopping,0,1,0.0,9.0,False
ed shopping centre,0,2,0.0,5.5,False
edificio almeida,0,3,0.0,9.333333333333334,True
edificio center,0,1,0.0,4.0,False
edificio continente,0,1,0.0,3.0,False
edificio junior,0,1,0.0,39.0,False
edificio plaza faria lima,0,1,0.0,86.0,False
edificio plaza iguatemi,0,3,0.0,33.333333333333336,True
edificio trade center,0,30,0.0,6.2,True
edifício continente,0,1,0.0,5.0,False
edifício plaza iguatemi,0,8,0.0,38.25,True
edifício plaza iguatemi fotos,0,2,0.0,51.5,False
edifício trade center,0,135,0.0,5.518518518518518,True
edson recco,0,1,0.0,3.0,False
eduardo almeida,0,1,0.0,4.0,False
ee almeida junior,0,3,0.0,24.333333333333332,True
ee antônio de almeida júnior,0,3,0.0,36.0,True
eiachuelo casa,0,18,0.0,4.722222222222222,True
eichards,0,169,0.0,6.479289940828402,True
einjfans,0,4,0.0,1.0,True
einkaufsstadt neumarkt,0,1,0.0,81.0,False
einkaufszentren,0,3,0.0,7.666666666666667,True
einkaufszentrum forum,0,1,0.0,8.0,False
einkaufszentrum neumarkt,0,1,0.0,101.0,False
ejamin admin,0,1,0.0,9.0,False
ejc construtora,0,1,0.0,9.0,False
ejunior,0,2,0.0,9.0,False
el boliche alameda,0,4,0.0,50.25,True
el turf norte shopping,0,7,0.0,5.571428571428571,True
elas shopping,0,12,0.0,58.0,True
ele,0,1,0.0,2.0,False
ele tem filhos,0,1,0.0,1.0,False
ele tem filhos?,0,1,0.0,1.0,False
ele é casado?,0,1,0.0,2.0,False
elemidia elevador,0,8,0.0,25.625,True
eles são irmãos?,0,1,0.0,3.0,False
eles são ricos?,0,1,0.0,2.0,False
elite norte shopping,0,1,0.0,10.0,False
elle assume,0,2,0.0,2.0,False
elle brasil,0,7,0.0,2.857142857142857,True
elle brasil trabalhe conosco,0,13,0.0,9.846153846153847,True
elle entrevista,0,1,0.0,1.0,False
elle junior,0,2,0.0,2.0,False
ellus,0,112,0.0,16.0,True
ellus barra shopping,0,1,0.0,26.0,False
ellus center norte,0,3,0.0,11.0,True
ellus fale conosco,0,2,0.0,12.0,False
ellus iguatemi,0,2,0.0,13.0,False
ellus loja,0,57,0.0,7.43859649122807,True
ellus shop online,0,27,0.0,72.51851851851852,True
ellus shopping,0,1,0.0,6.0,False
ellus significado,0,128,0.0,10.0859375,True
ellus store,0,21,0.0,62.857142857142854,True
elmeida,0,1,0.0,12.0,False
eluus,0,1,0.0,10.0,False
elú loja,0,1,0.0,5.0,False
em 2024,0,1,0.0,1.0,False
em 2025,0,2,0.0,2.0,False
em 2026?,0,1,0.0,5.0,False
em aj,0,29,0.0,9.03448275862069,True
em area,0,1,0.0,3.0,False
em balneario camboriu,0,1,0.0,2.0,False
em balneário,0,2,0.0,11.5,False
em balneário camboriú,0,3,0.0,6.0,True
em balneário camboriú tem shopping,0,22,0.0,12.318181818181818,True
em bc,0,2,0.0,3.0,False
em blumenau,0,2,0.0,4.0,False
em bolsas,0,1,0.0,3.0,False
em continente,0,1,0.0,4.0,False
em criciuma,0,1,0.0,1.0,False
em criciúma,0,1,0.0,11.0,False
em garten,0,1,0.0,48.0,False
em j,0,1,0.0,5.0,False
em joinville,0,8,0.0,2.75,True
em joinville sc,0,2,0.0,1.5,False
em ju,0,5,0.0,7.0,True
em km?,0,1,0.0,1.0,False
em nações,0,10,0.0,17.7,True
em qual andar,0,1,0.0,3.0,False
em qual continente,0,1,0.0,6.0,False
em qual continente está localizado o brasil,0,2,0.0,52.0,False
em qual continente fica o brasil,0,7,0.0,73.85714285714286,True
em qual continente o brasil está localizado,0,2,0.0,57.5,False
em qual continente o brasil está localizado?,0,1,0.0,44.0,False
em qual continente o brasil fica,0,2,0.0,82.5,False
em qual estado fica balneário camboriú,0,1,0.0,68.0,False
em qual shopping,0,1,0.0,1.0,False
em qual shopping tem a loja zara,0,1,0.0,13.0,False
em que ano abriu o norte shopping,0,1,0.0,11.0,False
em que ano foi inaugurado,0,2,0.0,4.0,False
em que ano inaugurou,0,1,0.0,5.0,False
em que bairro fica o norte shopping,0,2,0.0,5.5,False
em que continente está localizado o brasil,0,1,0.0,69.0,False
em que continente está o brasil,0,1,0.0,55.0,False
em que continente fica,0,2,0.0,46.0,False
em que continente fica o brasil,0,8,0.0,80.125,True
em que continente o brasil está localizado,0,3,0.0,55.666666666666664,True
em que piso,0,1,0.0,1.0,False
em que piso?,0,1,0.0,1.0,False
em santa catarina,0,5,0.0,7.0,True
em santa catarina tem shopping,0,2,0.0,1.5,False
em santa catarina?,0,1,0.0,9.0,False
em sc,0,2,0.0,4.0,False
em sc?,0,1,0.0,2.0,False
em shopping,0,8,0.0,7.125,True
em shoppings,0,3,0.0,5.0,True
em são josé,0,1,0.0,1.0,False
em são josé santa catarina,0,1,0.0,5.0,False
em ジュニア,0,9,0.0,71.44444444444444,True
emas jr,0,2,0.0,38.5,False
emef almeida junior,0,1,0.0,35.0,False
emilly puppim altura,0,3,0.0,9.666666666666666,True
emissão de passaporte pf,0,1,0.0,39.0,False
emitir passaporte emergencial,0,1,0.0,1.0,False
emitir passaporte joinville,0,12,0.0,2.083333333333333,True
emporio junior,0,1,0.0,23.0,False
emporio vans,0,1,0.0,1.0,False
empreendimento continente shopping,0,14,0.0,7.357142857142857,True
empreendimento shopping continente,0,4,0.0,8.5,True
empreendimento the one,0,1,0.0,6.0,False
empreendimentos em joinville,0,2,0.0,63.0,False
empreendimentos florianopolis,0,1,0.0,42.0,False
empreendimentos joinville,0,1,0.0,96.0,False
emprego vigilante,0,1,0.0,1.0,False
empregos,0,1,0.0,1.0,False
empregos marketing,0,1,0.0,1.0,False
empregos porto velho nos últimos 3 dias,0,1,0.0,1.0,False
empreiteira almeida,0,1,0.0,10.0,False
empresa,0,1,0.0,1.0,False
empresa aj,0,3,0.0,32.33333333333333,True
empresa almeida,0,85,0.0,6.952941176470588,True
empresa anjos,0,1,0.0,67.0,False
empresa arvore dos sonhos,0,3,0.0,8.333333333333332,True
empresa balneario camboriu,0,2,0.0,71.5,False
empresa boali,0,5,0.0,1.0,True
empresa calvin klein,0,2,0.0,2.0,False
empresa centauro,0,3,0.0,7.0,True
empresa centro,0,1,0.0,1.0,False
empresa cidadã,0,2,0.0,59.0,False
empresa cidadã o que é,0,1,0.0,27.0,False
empresa colcci,0,1,0.0,3.0,False
empresa continente,0,3,0.0,10.666666666666666,True
empresa de desenvolvimento de sites em balneário camboriú,0,6,0.0,56.0,True
empresa de mailing,0,2,0.0,97.5,False
empresa de segurança para shoppings,0,2,0.0,28.5,False
empresa de shopping,0,10,0.0,13.4,True
empresa ecomax,0,1,0.0,62.0,False
empresa gde,0,2,0.0,64.5,False
empresa giraffas,0,1,0.0,1.0,False
empresa havanna,0,2,0.0,1.0,False
empresa imaginarium,0,5,0.0,12.4,True
empresa impar,0,1,0.0,89.0,False
empresa jaime,0,1,0.0,7.0,False
empresa jr,0,11,0.0,7.818181818181818,True
empresa junior,0,9,0.0,5.111111111111111,True
empresa lars,0,10,0.0,9.6,True
empresa madero,0,2,0.0,90.5,False
empresa missão visão e valores,0,1,0.0,90.0,False
empresa nk,0,10,0.0,90.5,True
empresa no distrito industrial,0,1,0.0,71.0,False
empresa oakley,0,1,0.0,41.0,False
empresa recco,0,2,0.0,6.5,False
empresa santa lolla,0,10,0.0,8.0,True
empresa santa ursula,0,1,0.0,13.0,False
empresa saudável,0,1,0.0,4.0,False
empresa schulz,0,1,0.0,3.0,False
empresa schulz em joinville,0,1,0.0,2.0,False
empresa schutz,0,13,0.0,1.1538461538461537,True
empresa shopping,0,6,0.0,8.833333333333332,True
empresa spot,0,2,0.0,45.5,False
empresa valisere,0,1,0.0,3.0,False
empresarial newton almeida,0,2,0.0,20.5,False
empresas balneario camboriu,0,2,0.0,49.5,False
empresas com boa reputação (cases),0,61,0.0,74.1639344262295,True
empresas de mailing,0,3,0.0,94.0,True
empresas de shopping,0,299,0.0,19.120401337792643,True
empresas distrito industrial são josé - sc,0,1,0.0,115.0,False
empresas em balneário camboriú,0,2,0.0,51.0,False
empresas grandes em criciuma,0,1,0.0,1.0,False
empresas que fazem esse serviço,0,1,0.0,6.0,False
empresário de comércio em shopping center,0,7,0.0,5.285714285714286,True
empresário de comércio em shopping center codycross,0,7,0.0,3.142857142857143,True
empório verde garden center fotos,0,4,0.0,5.5,True
en camboriu,0,1,0.0,3.0,False
en camboriu hay sephora,0,3,0.0,12.0,True
en español,0,1,0.0,4.0,False
en españos,0,1,0.0,1.0,False
en qué parte está ?,0,1,0.0,1.0,False
en shopping,0,1,0.0,10.0,False
enashopp,0,2,0.0,43.0,False
encontro das nações,0,4,0.0,22.0,True
endereco avatim bc,0,37,0.0,11.027027027027026,True
endereco do norte shopping,0,1,0.0,11.0,False
endereço,0,2,0.0,4.0,False
endereço balneario shopping,0,2,0.0,21.0,False
endereço balneário shopping,0,10,0.0,6.7,True
endereço continente shopping,0,26,0.0,6.8076923076923075,True
endereço da,0,1,0.0,9.0,False
endereço da centauro,0,1,0.0,1.0,False
endereço da polícia federal,0,1,0.0,1.0,False
endereço da ótica diniz,0,23,0.0,9.217391304347826,True
endereço do floripa shopping,0,2,0.0,99.5,False
endereço do norte shopping,0,23,0.0,10.173913043478262,True
endereço do paris 6,0,1,0.0,8.0,False
endereço e telefone,0,1,0.0,1.0,False
endereço fabrica colcci itajaí,0,1,0.0,2.0,False
endereço garden shopping,0,1,0.0,2.0,False
endereço nações shopping criciuma,0,16,0.0,7.5,True
endereço norte shopping,0,40,0.0,6.65,True
endereço paris,0,1,0.0,12.0,False
endereço paris 6,0,2,0.0,23.5,False
endereço shopping,0,1,0.0,1.0,False
endereço shopping balneario camboriu,0,9,0.0,9.0,True
endereço shopping boulevard,0,1,0.0,1.0,False
endereço shopping continente,0,50,0.0,6.22,True
endereço shopping garten joinville,0,2,0.0,6.5,False
endereço shopping neumarkt,0,12,0.0,3.3333333333333335,True
endereço shopping neumarkt blumenau,0,9,0.0,10.666666666666666,True
endereço shopping norte,0,2,0.0,11.0,False
endereço shopping santa ursula ribeirao preto,0,8,0.0,1.0,True
endres almeida & cia ltda,0,1,0.0,1.0,False
energia certificada,0,1,0.0,84.0,False
enoticias,0,1,0.0,13.0,False
enterprise shopping,0,1,0.0,7.0,False
entrada principal norte shopping,0,1,0.0,1.0,False
epica serviços joinville,0,1,0.0,13.0,False
erichards,0,3,0.0,6.0,True
erp ri,0,1,0.0,8.0,False
escape room ribeirão preto,0,1,0.0,4.0,False
escola almeida junior,0,6,0.0,15.166666666666666,True
escola almeida júnior,0,1,0.0,8.0,False
escritorio,0,1,0.0,1.0,False
escritorio almeida,0,1,0.0,93.0,False
escritório,0,3,0.0,1.3333333333333333,True
escritório debênture,0,5,0.0,81.2,True
escuz,0,1,0.0,1.0,False
esg 07,0,3,0.0,52.333333333333336,True
esg e sustentabilidade,0,1,0.0,10.0,False
esg junior,0,18,0.0,4.666666666666666,True
esg shop,0,1,0.0,15.0,False
esg store,0,1,0.0,7.0,False
espaco almeida,0,1,0.0,93.0,False
espaco da familia,0,2,0.0,7.5,False
espaco familia,0,106,0.0,27.07547169811321,True
espaco vr,0,1,0.0,4.0,False
espaço almeida,0,3,0.0,49.0,True
espaço bobos,0,2,0.0,50.0,False
espaço da familia,0,1,0.0,2.0,False
espaço da família,0,4,0.0,49.75,True
espaço da ju,0,1,0.0,11.0,False
espaço familia,0,8,0.0,6.625,True
espaço familia shopping,0,69,0.0,4.710144927536232,True
espaço família,0,196,0.0,22.193877551020407,True
espaço fashion floripa,0,2,0.0,34.0,False
espaço hering blumenau,0,1,0.0,5.0,False
espaço junior joinville,0,4,0.0,23.75,True
espaço junior lages,0,1,0.0,37.0,False
espaço lar joinville,0,1,0.0,86.0,False
espaço recomeçar preço,0,1,0.0,59.0,False
espaço rubro negro norte shopping,0,1,0.0,8.0,False
espaço vr,0,2,0.0,86.5,False
espaçolaser balneario camboriu,0,1,0.0,16.0,False
espaçolaser blumenau,0,1,0.0,24.0,False
espaçolaser continente shopping,0,2,0.0,9.5,False
espaçolaser garibaldi,0,1,0.0,29.0,False
espaçolaser nacoes shopping,0,7,0.0,12.142857142857142,True
especies de dragões,0,4,0.0,1.0,True
espetinho de ouro em balneário camboriú,0,1,0.0,4.0,False
espetáculos musicais,0,1,0.0,97.0,False
espoleto,0,8,0.0,6.5,True
espécies de dragões,0,3,0.0,1.0,True
esquema tatico basquete,0,1,0.0,1.0,False
essa conta não fecha,0,1,0.0,1.0,False
esse,0,1,0.0,30.0,False
esse dado é de quando?,0,1,0.0,1.0,False
estacionamento,0,3,0.0,4.0,True
estacionamento 24 horas joinville,0,1,0.0,4.0,False
estacionamento continente,0,26,0.0,7.153846153846154,True
estacionamento continente shopping,0,670,0.0,8.610447761194031,True
estacionamento continente shopping gratuito,0,23,0.0,6.304347826086956,True
estacionamento continente shopping valor,0,23,0.0,10.434782608695652,True
estacionamento do shopping,0,10,0.0,5.4,True
estacionamento do shopping continente,0,10,0.0,4.8,True
estacionamento em balneário camboriú,0,1,0.0,2.0,False
estacionamento garden shopping,0,1,0.0,25.0,False
estacionamento garten,0,101,0.0,5.287128712871287,True
estacionamento garten shopping joinville,0,19,0.0,2.6842105263157894,True
estacionamento garten shopping valor,0,20,0.0,11.95,True
estacionamento gratuito continente shopping,0,138,0.0,3.36231884057971,True
estacionamento gratuito shopping,0,1,0.0,5.0,False
estacionamento livre,0,1,0.0,2.0,False
estacionamento nacoes shopping,0,21,0.0,5.714285714285714,True
estacionamento nacoes shopping criciuma,0,5,0.0,1.2,True
estacionamento no shopping,0,1,0.0,1.0,False
estacionamento norte shopping blumenau,0,4,0.0,1.5,True
estacionamento programa,0,14,0.0,61.285714285714285,True
estacionamento shopping,0,7,0.0,5.142857142857143,True
estacionamento shopping balneario,0,4,0.0,5.75,True
estacionamento shopping balneario camboriu,0,211,0.0,7.729857819905213,True
estacionamento shopping continental,0,4,0.0,11.75,True
estacionamento shopping continente valor,0,6,0.0,10.5,True
estacionamento shopping mooca valor,0,1,0.0,3.0,False
estacionamento shopping mueller joinville,0,1,0.0,3.0,False
estacionamento shopping neumarkt valor,0,22,0.0,9.181818181818182,True
estacionamento shopping rio poty,0,1,0.0,3.0,False
estacionamento é pago,0,1,0.0,2.0,False
estado com maior idh do brasil,0,3,0.0,93.0,True
estado do rio grande do sul,0,1,0.0,6.0,False
estação de massas tipo spoleto,0,1,0.0,1.0,False
esteira centauro,0,2,0.0,27.5,False
estojo kalunga,0,1,0.0,4.0,False
estou apenas aproveitando meu tempo limite pt br,0,3,0.0,20.666666666666668,True
estrutura societaria,0,4,0.0,81.25,True
estrutura societária,0,13,0.0,74.15384615384616,True
estudio almeida junior,0,26,0.0,10.846153846153847,True
está aberta,0,1,0.0,7.0,False
etiqueta colcci original,0,1,0.0,2.0,False
eu moro em santa catarina,0,1,0.0,3.0,False
eu quero,0,1,0.0,1.0,False
eumarkt,0,2,0.0,6.0,False
europa shopping center,0,1,0.0,9.0,False
evento abrasce 2025,0,2,0.0,6.5,False
evento calendario,0,1,0.0,78.0,False
evento lide,0,1,0.0,82.0,False
evento sephora 2026,0,1,0.0,5.0,False
eventos de esports,0,7,0.0,38.714285714285715,True
eventos esports,0,2,0.0,77.0,False
events in malls,0,1,0.0,21.0,False
evolucell celulares,0,5,0.0,10.0,True
exclusiv lavanderia,0,1,0.0,8.0,False
existe loja,0,1,0.0,11.0,False
existe santa lolla,0,22,0.0,10.272727272727273,True
existem quantos continente,0,1,0.0,71.0,False
existiu dragões na terra,0,1,0.0,1.0,False
expansao,0,1,0.0,5.0,False
experiencia balneario,0,1,0.0,101.0,False
experiencia gamer,0,1,0.0,10.0,False
experiência gastronômica,0,1,0.0,5.0,False
explore.fans,0,1,0.0,5.0,False
exposição das ilusões,0,1,0.0,25.0,False
exposição de dinossauro no shopping,0,7,0.0,6.285714285714286,True
exposição de dinossauro shopping,0,2,0.0,11.5,False
exposição de dinossauros no shopping,0,2,0.0,2.0,False
exposição de dinossauros shopping,0,1,0.0,5.0,False
exposição de dragões no shopping,0,1,0.0,10.0,False
exposição dinossauro shopping,0,2,0.0,9.0,False
exposição dinossauros shopping,0,4,0.0,4.0,True
exposição dos dinossauros no shopping,0,1,0.0,83.0,False
exposição ilusao de otica,0,1,0.0,11.0,False
exposição ilusão de ótica,0,6,0.0,14.5,True
exposição mundo jurassico,0,1,0.0,11.0,False
express grill,0,1,0.0,10.0,False
express grill blumenau,0,53,0.0,11.716981132075471,True
express grill norte shopping,0,16,0.0,5.9375,True
express mall jk,0,29,0.0,58.55172413793103,True
exterminio 3 rede canais,0,1,0.0,7.0,False
extra itaim bibi,0,4,0.0,73.25,True
fa app,0,1,0.0,10.0,False
fa outlet,0,43,0.0,22.53488372093023,True
fa shop,0,2,0.0,15.5,False
fa shopping,0,3,0.0,6.0,True
fabio voelz,0,1,0.0,9.0,False
fabrica almeida,0,1,0.0,11.0,False
fabrica colcci,0,5,0.0,7.6,True
fabrica colcci brusque,0,5,0.0,9.4,True
fabrica da colcci,0,10,0.0,4.0,True
fabrica da schutz,0,3,0.0,2.0,True
fabrica lez a lez,0,1,0.0,4.0,False
fabrica lilica ripilica,0,1,0.0,51.0,False
fabrica luz da lua,0,3,0.0,11.666666666666666,True
fabrica schutz,0,14,0.0,1.3571428571428572,True
fabricas de roupas em santa catarina,0,1,0.0,2.0,False
fala ju login,0,2,0.0,7.5,False
fale conosco continente,0,1,0.0,47.0,False
"fale conosco continente,0,1,0%,7",0,1,0.0,23.0,False
fale sobre essa empresa,0,1,0.0,1.0,False
falvia alessandra,0,1,0.0,14.0,False
familia almeida,0,29,0.0,45.55172413793103,True
familia mall,0,1,0.0,13.0,False
familia no shopping,0,12,0.0,7.416666666666667,True
familia schutz,0,1,0.0,1.0,False
family area,0,1,0.0,12.0,False
family court,0,1,0.0,44.0,False
family shopping centre,0,1,0.0,30.0,False
famosa marca de calçados,0,1,0.0,3.0,False
família almeida,0,2,0.0,43.5,False
família schutz,0,5,0.0,1.0,True
famílias mais ricas de curitiba,0,3,0.0,69.33333333333333,True
fan beneficios,0,1,0.0,33.0,False
fan market near me,0,2,0.0,9.0,False
fan nr,0,2,0.0,12.0,False
fan outlet,0,1,0.0,36.0,False
fan shopping,0,1,0.0,38.0,False
fans,0,2,0.0,11.5,False
fans aplicativo,0,1,0.0,9.0,False
fans app,0,14,0.0,9.0,True
fans app shop,0,1,0.0,21.0,False
fans garden,0,1,0.0,1.0,False
fans mobile,0,1,0.0,36.0,False
fans ou fãns,0,1,0.0,12.0,False
fans park,0,4,0.0,45.25,True
fans sites,0,2,0.0,75.5,False
fans.com,0,2,0.0,29.5,False
farfetch argentina,0,1,0.0,2.0,False
faria lima 1616,0,3,0.0,19.0,True
faria lima 1663,0,2,0.0,18.5,False
faria lima 2189,0,1,0.0,10.0,False
faria lima 2777,0,1,0.0,90.0,False
faria lima capital,0,1,0.0,76.0,False
faria lima plaza cep,0,6,0.0,10.333333333333334,True
faria lima plaza endereço,0,1,0.0,95.0,False
"faria lima, 2277",0,28,0.0,9.678571428571429,True
farm balneario,0,35,0.0,10.314285714285715,True
farm balneario camboriu,0,24,0.0,10.833333333333334,True
farm balneario shopping,0,195,0.0,9.533333333333333,True
farm balneário camboriú,0,220,0.0,10.336363636363636,True
farm bc,0,5,0.0,5.8,True
farm blumenau,0,1,0.0,2.0,False
farm camboriu,0,4,0.0,11.0,True
farm coleção,0,2,0.0,69.5,False
farm continente shopping,0,1,0.0,13.0,False
farm em balneario camboriu,0,10,0.0,10.1,True
farm em são paulo,0,1,0.0,75.0,False
farm grife,0,1,0.0,89.0,False
farm inverno,0,4,0.0,62.75,True
farm loja shopping,0,7,0.0,88.0,True
farm mais perto de mim,0,1,0.0,1.0,False
farm norte shopping,0,2,0.0,31.0,False
farm nova coleção,0,7,0.0,70.0,True
farm rio balneario camboriu,0,33,0.0,11.454545454545455,True
farm rio camboriu,0,2,0.0,12.5,False
farm surf,0,1,0.0,70.0,False
farmacia nacoes shopping,0,7,0.0,13.0,True
farmacia popular blumenau,0,1,0.0,1.0,False
farmacia shopping neumarkt,0,3,0.0,16.666666666666664,True
farmácia schutz,0,1,0.0,2.0,False
farol joinville,0,1,0.0,22.0,False
farol mix,0,1,0.0,13.0,False
farol shoping,0,1,0.0,37.0,False
farol shopping,0,1,0.0,46.0,False
farol shopping cinema,0,1,0.0,48.0,False
farol shopping lojas,0,1,0.0,27.0,False
farolshopping,0,1,0.0,37.0,False
fas app,0,1,0.0,7.0,False
fashion arena,0,17,0.0,43.529411764705884,True
fashion outlet porto belo,0,2,0.0,42.5,False
fashion outlet santa catarina,0,2,0.0,27.5,False
fashion shopping center,0,1,0.0,97.0,False
fashion show,0,2,0.0,10.0,False
fast construtora,0,1,0.0,97.0,False
fast escova blumenau,0,18,0.0,9.333333333333334,True
fast food bob's,0,1,0.0,54.0,False
fast shop balneario camboriu,0,8,0.0,10.375,True
fast shop center norte,0,1,0.0,70.0,False
fast shop cnpj,0,1,0.0,41.0,False
fast shop dono,0,1,0.0,43.0,False
fast shop florianopolis,0,28,0.0,10.285714285714286,True
fast shop joinville,0,1,0.0,24.0,False
fast shop salvador norte,0,1,0.0,77.0,False
fatima esportes nações shopping,0,1,0.0,9.0,False
fatos relevantes,0,1,0.0,1.0,False
faturamento,0,4,0.0,1.25,True
faturamento anual,0,1,0.0,2.0,False
faturamento vagas,0,1,0.0,1.0,False
favia alessandra,0,1,0.0,1.0,False
favor indicar,0,1,0.0,5.0,False
fazenda sao paulo itapeva,0,1,0.0,14.0,False
fazenda são paulo itapeva,0,1,0.0,3.0,False
fazer orçamento de material escolar,0,1,0.0,1.0,False
fazer passaporte em joinville,0,143,0.0,6.685314685314685,True
federal park service,0,1,0.0,61.0,False
federal shopping,0,1,0.0,1.0,False
feira abrasce 2025,0,14,0.0,13.857142857142858,True
feira de adoção filhotes sp,0,1,0.0,1.0,False
felippe corradini,0,1,0.0,41.0,False
feliz farma almeida junior,0,1,0.0,1.0,False
femininos,0,1,0.0,13.0,False
feng cheng shopping estacao,0,1,0.0,12.0,False
ferias com as crianças,0,2,0.0,43.0,False
ferias crianca,0,1,0.0,9.0,False
ferias criancas,0,3,0.0,6.0,True
ferias crianças,0,1,0.0,4.0,False
ferias de crianças,0,1,0.0,1.0,False
ferrette calçados site oficial,0,1,0.0,4.0,False
ferris heights,0,2,0.0,9.0,False
festa alema,0,2,0.0,97.0,False
fica em qual continente,0,2,0.0,62.5,False
fica no estacionamento?,0,1,0.0,2.0,False
fica perto de que loja?,0,1,0.0,5.0,False
fiesc cnpj,0,1,0.0,8.0,False
figueirense futebol clube,0,1,0.0,3.0,False
fii,0,1,0.0,59.0,False
fii aj malls,0,9,0.0,7.888888888888889,True
fiis de shopping,0,1,0.0,12.0,False
fila float flux,0,1,0.0,9.0,False
fila santa ursula,0,1,0.0,2.0,False
filet mignon continente,0,1,0.0,6.0,False
filhos,0,1,0.0,1.0,False
filme em cartaz balneário shopping,0,2,0.0,11.5,False
filme em cartaz nações shopping,0,1,0.0,47.0,False
filme f1 norte shopping,0,2,0.0,13.0,False
filme michael jackson continente shopping,0,2,0.0,10.5,False
filmes balneario shopping,0,5,0.0,16.4,True
filmes balneário shopping,0,7,0.0,12.428571428571429,True
filmes cinema balneario shopping,0,1,0.0,12.0,False
filmes em cartaz balneario shopping,0,3,0.0,14.333333333333334,True
filmes em cartaz balneário shopping,0,128,0.0,11.8203125,True
filmes em cartaz em balneário shopping,0,1,0.0,12.0,False
filmes em cartaz joinville garten,0,2,0.0,17.5,False
filmes em cartaz nações shopping,0,1,0.0,50.0,False
filmes em cartaz neumarkt shopping blumenau,0,3,0.0,11.666666666666666,True
filmes em cartaz no balneário shopping,0,8,0.0,11.875,True
filmes em cartaz no cinepolis,0,1,0.0,8.0,False
filmes em cartaz no via norte,0,1,0.0,28.0,False
filmes em cartaz norte shopping,0,1,0.0,19.0,False
filmes em cartaz shopping balneario,0,1,0.0,11.0,False
filmes nacoes shopping,0,2,0.0,15.5,False
filmes que estão no cinema,0,1,0.0,5.0,False
filo,0,1,0.0,1.0,False
filo almeida,0,11,0.0,10.727272727272727,True
filé a parmegiana perto de mim,0,4,0.0,7.75,True
filé mignon continente,0,3,0.0,13.0,True
filó almeida,0,9,0.0,13.0,True
final de semana,0,1,0.0,2.0,False
finalista,0,1,0.0,89.0,False
finalista do,0,2,0.0,7.0,False
finalistas abrasce,0,1,0.0,11.0,False
finalistas abrasce 2025,0,6,0.0,8.666666666666668,True
finalistas premio abrasce,0,28,0.0,8.535714285714285,True
finalistas premio abrasce 2025,0,6,0.0,11.166666666666666,True
financeira almeida,0,43,0.0,10.837209302325581,True
financial highlights,0,1,0.0,1.0,False
fiqe3 o que é,0,2,0.0,1.0,False
first kfc,0,18,0.0,44.94444444444444,True
first kfc restaurant,0,22,0.0,73.77272727272727,True
first kfc shop,0,1,0.0,16.0,False
first shopping center,0,1,0.0,39.0,False
five cities center,0,1,0.0,3.0,False
five cities in brazil,0,1,0.0,47.0,False
fla project,0,2,0.0,65.0,False
flakes brasil,0,13,0.0,65.76923076923077,True
flakes loja,0,1,0.0,48.0,False
flakes lojas,0,1,0.0,37.0,False
flakes power,0,39,0.0,33.12820512820513,True
flakes power onde mora,0,3,0.0,9.0,True
flakes sao paulo,0,4,0.0,56.75,True
flakes são paulo,0,2,0.0,66.5,False
flakespower,0,2,0.0,35.0,False
flamengo já foi campeão mundial,0,1,0.0,1.0,False
flamengo tem quantos mundiais,0,1,0.0,1.0,False
flavia ale,0,1,0.0,18.0,False
flavia alesandra,0,2,0.0,13.5,False
flavia alessanda,0,2,0.0,13.5,False
flavia alessandra,0,382,0.0,11.11780104712042,True
flavia alessandra advogada,0,1,0.0,1.0,False
flavia alessandra atriz,0,4,0.0,37.0,True
flavia alessandra gostosa,0,6,0.0,28.166666666666668,True
flavia alessandra salve jorge,0,1,0.0,12.0,False
flavia alessandta,0,1,0.0,1.0,False
flavia alexandra,0,1,0.0,1.0,False
flavia allesandra,0,6,0.0,13.333333333333334,True
flavia allessandra,0,1,0.0,13.0,False
flavia atriz,0,2,0.0,43.0,False
flavia história de vida,0,9,0.0,63.888888888888886,True
flaviaalessandra,0,13,0.0,61.38461538461539,True
flávia alessandra,0,3,0.0,14.0,True
flor brasil cacau,0,1,0.0,3.0,False
florianopolis a balneario camboriu,0,39,0.0,73.82051282051282,True
florianopolis a blumenau,0,33,0.0,64.93939393939394,True
florianopolis a camboriu,0,8,0.0,85.625,True
florianopolis a criciuma,0,4,0.0,71.0,True
florianopolis balneario,0,1,0.0,71.0,False
florianopolis blumenau,0,3,0.0,58.666666666666664,True
florianopolis camboriu,0,3,0.0,57.333333333333336,True
florianopolis cinema,0,3,0.0,73.0,True
florianopolis continente,0,4,0.0,49.75,True
florianopolis criciuma,0,4,0.0,84.75,True
florianopolis idh,0,7,0.0,59.57142857142857,True
florianopolis joinville,0,2,0.0,48.0,False
florianopolis mall,0,1,0.0,55.0,False
florianopolis o camboriu,0,5,0.0,88.6,True
florianopolis para balneario,0,1,0.0,75.0,False
florianopolis para blumenau,0,1,0.0,97.0,False
florianopolis para criciuma,0,1,0.0,63.0,False
florianopolis shopping,0,6,0.0,31.166666666666668,True
florianopolis shopping center,0,1,0.0,9.0,False
florianopolis shopping mall,0,2,0.0,12.0,False
florianopolis to balneario camboriu,0,41,0.0,73.39024390243902,True
florianopolis to blumenau,0,24,0.0,65.75,True
florianópolis,0,1,0.0,1.0,False
florianópolis a balneário camboriú,0,24,0.0,73.70833333333333,True
florianópolis a camboriú,0,1,0.0,63.0,False
florianópolis a criciuma,0,1,0.0,92.0,False
florianópolis a criciúma,0,1,0.0,94.0,False
florianópolis a jaraguá do sul,0,1,0.0,97.0,False
florianópolis balneário camboriú,0,1,0.0,67.0,False
florianópolis blumenau,0,1,0.0,94.0,False
florianópolis camboriú,0,1,0.0,62.0,False
florianópolis cinema,0,1,0.0,78.0,False
florianópolis compras,0,64,0.0,68.609375,True
florianópolis continente,0,1,0.0,48.0,False
florianópolis em outubro,0,3,0.0,95.33333333333333,True
florianópolis fica em qual estado,0,7,0.0,79.71428571428571,True
florianópolis idh,0,1,0.0,58.0,False
florianópolis joinville,0,1,0.0,70.0,False
florianópolis para balneário camboriú,0,1,0.0,100.0,False
florianópolis para blumenau,0,1,0.0,52.0,False
florianópolis para criciúma,0,2,0.0,92.5,False
florianópolis shopping,0,31,0.0,29.225806451612904,True
florianópolis shoppings,0,14,0.0,16.57142857142857,True
florianópolis tem shopping,0,1,0.0,2.0,False
floricultura joinville,0,1,0.0,2.0,False
florioa shopping,0,1,0.0,75.0,False
floripa a blumenau,0,1,0.0,55.0,False
floripa cinema,0,6,0.0,81.16666666666667,True
floripa criciuma,0,3,0.0,84.0,True
floripa fica em qual estado,0,1,0.0,96.0,False
floripa joinville,0,1,0.0,82.0,False
floripa mall,0,11,0.0,31.0,True
floripa para balneario,0,2,0.0,79.5,False
floripa para balneario camboriu,0,2,0.0,64.0,False
floripa passeios,0,1,0.0,103.0,False
floripa shoping,0,8,0.0,68.25,True
floripa shopping,0,154,0.0,61.006493506493506,True
floripa shopping centauro,0,1,0.0,64.0,False
floripa shopping cinema,0,19,0.0,55.0,True
floripa shopping cinemark,0,1,0.0,56.0,False
floripa shopping fotos,0,4,0.0,2.0,True
floripa shopping horario,0,1,0.0,4.0,False
floripa shopping locales,0,1,0.0,2.0,False
floripa shopping lojas,0,12,0.0,57.666666666666664,True
floripa shopping passaporte,0,1,0.0,1.0,False
floripa shopping pet friendly,0,2,0.0,1.0,False
floripa shopping tiendas,0,2,0.0,63.5,False
floripa shoppping,0,2,0.0,67.5,False
floripratas shopping continente,0,1,0.0,14.0,False
fluxou floripa,0,5,0.0,52.4,True
flávia alessandra,0,427,0.0,12.718969555035128,True
flávia alessandra atriz,0,13,0.0,34.15384615384615,True
flávia alessandra atriz da globo,0,1,0.0,1.0,False
flávia alessandra atual,0,1,0.0,93.0,False
flávia alessandra gostosa,0,5,0.0,54.8,True
flávia alessandra participações,0,43,0.0,8.558139534883722,True
flávia alessandra.,0,2,0.0,26.0,False
flávia história de vida,0,1,0.0,100.0,False
foco em renda mensal,0,1,0.0,1.0,False
foco sh,0,7,0.0,63.857142857142854,True
foi criado,0,1,0.0,3.0,False
foi shop,0,1,0.0,88.0,False
fondue balneário camboriú,0,2,0.0,5.5,False
fondue em balneário camboriú,0,1,0.0,3.0,False
fone do flakes power,0,1,0.0,92.0,False
for junior,0,1,0.0,10.0,False
fora do brasil,0,1,0.0,1.0,False
formada onde,0,1,0.0,3.0,False
forneria carbone,0,29,0.0,10.827586206896552,True
forneria carbone cardápio,0,1,0.0,8.0,False
forneria carbone continente park shopping,0,9,0.0,12.555555555555555,True
forneria carbone florianopolis,0,7,0.0,9.714285714285714,True
foro shopping,0,2,0.0,12.0,False
forte de almeida,0,1,0.0,52.0,False
forte norte shopping,0,1,0.0,11.0,False
fortuna,0,3,0.0,2.0,True
fortuna flavia alessandra,0,1,0.0,2.0,False
fortuna weg,0,1,0.0,3.0,False
forum,0,1,0.0,10.0,False
forum continente,0,138,0.0,8.985507246376812,True
forum design shop,0,2,0.0,10.5,False
forum do continente,0,5,0.0,10.6,True
forum loja,0,4,0.0,8.5,True
forum lojas,0,24,0.0,15.708333333333334,True
forum marca,0,81,0.0,8.444444444444445,True
forum marca de roupa,0,1,0.0,71.0,False
forum palhoca,0,1,0.0,33.0,False
forum park shopping,0,1,0.0,70.0,False
forum shop,0,1,0.0,12.0,False
forum shopping,0,12,0.0,31.083333333333332,True
foto da canal,0,2,0.0,16.5,False
foto da centauro,0,18,0.0,1.0,True
foto da dona,0,2,0.0,1.0,False
foto da loja,0,3,0.0,13.333333333333334,True
foto dele,0,1,0.0,1.0,False
foto do dono,0,1,0.0,1.0,False
foto do prédio,0,1,0.0,3.0,False
foto em pé,0,1,0.0,5.0,False
foto lança perfume,0,1,0.0,28.0,False
foto market place,0,1,0.0,27.0,False
foto norte shopping,0,2,0.0,5.0,False
fotos,0,10,0.0,18.8,True
fotos balneário camboriú,0,1,0.0,88.0,False
fotos da inauguração,0,1,0.0,1.0,False
fotos da loja,0,2,0.0,1.5,False
fotos de balneário camboriú,0,1,0.0,82.0,False
fotos de continente shopping,0,60,0.0,5.033333333333333,True
fotos de floripa shopping,0,5,0.0,42.8,True
fotos de norte shopping,0,1,0.0,4.0,False
fotos de shopping balneario camboriu atlantico,0,1,0.0,4.0,False
fotos de shopping center,0,1,0.0,11.0,False
fotos de shopping norte,0,1,0.0,2.0,False
fotos de vitrines de lojas,0,1,0.0,51.0,False
fotos del shopping,0,1,0.0,6.0,False
fotos deles,0,1,0.0,3.0,False
fotos loja,0,1,0.0,1.0,False
fotos norte shopping,0,2,0.0,5.5,False
founding year of almeida municipality,0,3,0.0,27.0,True
foxton,0,1,0.0,3.0,False
foxton beiramar shopping,0,1,0.0,11.0,False
foxton bh shopping,0,1,0.0,4.0,False
foxton brasil,0,22,0.0,37.54545454545455,True
foxton história,0,3,0.0,23.666666666666668,True
foxton plaza,0,6,0.0,12.5,True
foxton shopping jk fotos,0,1,0.0,8.0,False
foxton site,0,1,0.0,60.0,False
foxton villa lobos,0,29,0.0,10.10344827586207,True
fralda mili,0,1,0.0,3.0,False
fraldário parede,0,1,0.0,66.0,False
franchise crocs,0,1,0.0,7.0,False
franchise levis,0,1,0.0,12.0,False
franchise opportunities near me,0,4,0.0,1.0,True
franchises store,0,1,0.0,31.0,False
franchising lacoste,0,3,0.0,11.666666666666666,True
franchising sisley,0,1,0.0,61.0,False
frango americano,0,1,0.0,1.0,False
frango do popeye,0,3,0.0,24.666666666666668,True
frango frito popeyes,0,1,0.0,40.0,False
frango popeye,0,1,0.0,56.0,False
frango popeyes,0,3,0.0,4.0,True
frank d`ferran cabeleireiros e barbearia continente shopping,0,5,0.0,11.2,True
franqueado,0,1,0.0,12.0,False
franqueadora otica center,0,4,0.0,65.25,True
franquear buddha spa,0,6,0.0,12.0,True
franquia,0,3,0.0,6.0,True
franquia altenburg,0,9,0.0,12.666666666666666,True
franquia american cookies,0,5,0.0,12.4,True
franquia ana capri,0,1,0.0,2.0,False
franquia anacapri,0,2,0.0,1.5,False
franquia aramis,0,55,0.0,12.709090909090909,True
franquia artex,0,27,0.0,8.444444444444445,True
franquia artwalk,0,23,0.0,14.73913043478261,True
franquia authentic feet,0,2,0.0,19.5,False
franquia avatim,0,13,0.0,35.0,True
franquia baccio,0,6,0.0,12.0,True
franquia baccio di latte,0,7,0.0,13.142857142857142,True
franquia bacio,0,1,0.0,12.0,False
franquia bacio de late,0,2,0.0,11.0,False
franquia bacio de latte,0,16,0.0,13.3125,True
franquia bacio di late,0,2,0.0,12.0,False
franquia bacio di latte,0,127,0.0,15.078740157480315,True
franquia bacio di latte preço,0,9,0.0,34.111111111111114,True
franquia bacio di latte valor,0,29,0.0,31.551724137931036,True
franquia bauduco,0,101,0.0,9.841584158415841,True
franquia bb basico,0,3,0.0,11.0,True
franquia bibi calçados,0,40,0.0,12.2,True
franquia bio mundo,0,10,0.0,33.2,True
franquia bio mundo valor,0,30,0.0,11.733333333333333,True
franquia biomundo,0,12,0.0,30.0,True
franquia biscoite,0,99,0.0,8.868686868686869,True
franquia biscoitê,0,143,0.0,6.496503496503497,True
franquia boali,0,33,0.0,8.636363636363637,True
franquia bob's,0,3,0.0,58.0,True
franquia bobs,0,33,0.0,54.303030303030305,True
franquia brasil cacau,0,240,0.0,26.233333333333334,True
franquia buddha spa,0,19,0.0,25.210526315789473,True
franquia cacau brasil,0,59,0.0,31.88135593220339,True
franquia calvin klein preço,0,51,0.0,7.470588235294118,True
franquia camarao,0,14,0.0,4.785714285714286,True
franquia casa bauducco,0,1019,0.0,8.122669283611383,True
franquia casa bauduco,0,154,0.0,8.844155844155845,True
franquia casas bauducco,0,22,0.0,28.318181818181817,True
franquia chili beans,0,1,0.0,52.0,False
franquia chilli beans,0,30,0.0,59.733333333333334,True
franquia chocolate brasil,0,10,0.0,9.4,True
franquia chocolate dengo,0,12,0.0,13.916666666666666,True
franquia chocolates brasil cacau,0,45,0.0,31.444444444444443,True
franquia cia maritima,0,5,0.0,9.4,True
franquia clube melissa,0,9,0.0,28.666666666666668,True
franquia colcci,0,78,0.0,11.423076923076923,True
franquia constance,0,33,0.0,35.878787878787875,True
franquia criamigos,0,17,0.0,28.58823529411765,True
franquia croasonho,0,14,0.0,50.07142857142857,True
franquia da avatim,0,5,0.0,27.6,True
franquia da bacio di latte,0,4,0.0,16.5,True
franquia da bauducco,0,124,0.0,9.830645161290322,True
franquia da brasil cacau,0,18,0.0,20.833333333333332,True
franquia da cacau brasil,0,5,0.0,59.4,True
franquia da chilli beans,0,5,0.0,60.8,True
franquia da colcci,0,5,0.0,23.0,True
franquia da colcci valor,0,1,0.0,21.0,False
franquia da crocs valor,0,47,0.0,9.319148936170214,True
franquia da dengo,0,30,0.0,12.233333333333333,True
franquia da hope,0,15,0.0,47.733333333333334,True
franquia da lindt,0,5,0.0,8.0,True
franquia da melissa,0,91,0.0,43.81318681318681,True
franquia da mormaii,0,1,0.0,31.0,False
franquia da pizza hut,0,40,0.0,22.75,True
franquia da puket,0,35,0.0,20.8,True
franquia da puket vale a pena,0,21,0.0,11.714285714285714,True
franquia da quem disse berenice,0,32,0.0,12.03125,True
franquia da reserva,0,1,0.0,38.0,False
franquia da santa lolla,0,142,0.0,13.943661971830986,True
franquia da santa lolla valor,0,1,0.0,1.0,False
franquia da schutz,0,10,0.0,12.5,True
franquia da schutz valor,0,1,0.0,3.0,False
franquia da spoleto,0,5,0.0,19.8,True
franquia de boliche,0,4,0.0,73.25,True
franquia de boliche preço,0,1,0.0,83.0,False
franquia de brigadeiro,0,2,0.0,31.0,False
franquia de camarao,0,7,0.0,5.285714285714286,True
franquia de chocolates,0,1,0.0,13.0,False
franquia de churrascaria,0,1,0.0,6.0,False
franquia de macarrao shopping,0,1,0.0,1.0,False
franquia de massas shopping,0,14,0.0,12.571428571428571,True
franquia de papelaria,0,1,0.0,63.0,False
franquia de pizza,0,30,0.0,13.133333333333333,True
franquia de pizzaria,0,12,0.0,8.333333333333332,True
franquia de produtos naturais,0,9,0.0,64.33333333333334,True
franquia de salada,0,2,0.0,74.0,False
franquia de saladas,0,7,0.0,19.285714285714285,True
franquia de sapatos femininos,0,1,0.0,4.0,False
franquia de vinhos,0,2,0.0,37.5,False
franquia dengo,0,360,0.0,12.683333333333334,True
franquia dengo chocolates,0,38,0.0,18.18421052631579,True
franquia dengo chocolates valor,0,16,0.0,29.0,True
franquia dengo valor,0,214,0.0,11.504672897196262,True
franquia divino fogão,0,35,0.0,33.94285714285714,True
franquia do bacio di latte,0,3,0.0,11.666666666666666,True
franquia do bob's,0,9,0.0,60.111111111111114,True
franquia do bobs,0,3,0.0,56.333333333333336,True
franquia do brasil cacau,0,36,0.0,42.25,True
franquia do giraffas,0,16,0.0,40.25,True
franquia do madero,0,1,0.0,73.0,False
franquia do popeyes,0,25,0.0,10.36,True
franquia do spoleto,0,66,0.0,26.060606060606062,True
franquia dress to,0,52,0.0,7.423076923076923,True
franquia dudalina,0,1,0.0,10.0,False
franquia ellus valor,0,4,0.0,7.25,True
franquia em shopping,0,530,0.0,28.30377358490566,True
franquia espoleto,0,1,0.0,8.0,False
franquia forum,0,1,0.0,7.0,False
franquia gelato bacio di latte,0,2,0.0,10.5,False
franquia girafas,0,5,0.0,43.2,True
franquia giraffas,0,76,0.0,39.86842105263158,True
franquia giraffas valor,0,31,0.0,39.67741935483871,True
franquia goldko,0,4,0.0,16.75,True
franquia grand cru,0,32,0.0,12.0,True
franquia hermanito,0,46,0.0,16.586956521739133,True
franquia hope,0,29,0.0,34.96551724137931,True
franquia hope resort,0,3,0.0,11.666666666666666,True
franquia imaginarium,0,145,0.0,27.53793103448276,True
franquia imaginarium valor,0,23,0.0,77.04347826086956,True
franquia kalunga,0,2,0.0,84.5,False
franquia kopenhagen valor,0,1,0.0,1.0,False
franquia la guapa,0,9,0.0,9.333333333333334,True
franquia lacoste valor,0,1,0.0,10.0,False
franquia lança perfume,0,60,0.0,6.316666666666666,True
franquia laser e co,0,1,0.0,10.0,False
franquia levis,0,403,0.0,7.580645161290323,True
franquia lez a lez,0,13,0.0,10.615384615384615,True
franquia lilica e tigor valor,0,98,0.0,9.16326530612245,True
franquia lindt,0,20,0.0,16.7,True
franquia loungerie,0,124,0.0,9.314516129032258,True
franquia loungerie valor,0,46,0.0,8.130434782608695,True
franquia luiza barcelos,0,243,0.0,9.695473251028806,True
franquia luiza barcelos valor,0,8,0.0,6.125,True
franquia luz da lua,0,219,0.0,7.8173515981735155,True
franquia luz da lua valor,0,116,0.0,9.922413793103448,True
franquia madeiro,0,1,0.0,67.0,False
franquia madero,0,3,0.0,46.666666666666664,True
franquia mania de churrasco,0,13,0.0,26.615384615384617,True
franquia melissa,0,153,0.0,30.934640522875817,True
franquia milon,0,263,0.0,11.32319391634981,True
franquia milon valor,0,17,0.0,11.470588235294118,True
franquia montana grill,0,137,0.0,34.7956204379562,True
franquia mormaii,0,156,0.0,11.756410256410257,True
franquia mormaii fitness,0,1,0.0,63.0,False
franquia mr cheney,0,4,0.0,29.25,True
franquia mr. cheney,0,70,0.0,35.07142857142857,True
franquia mundo verde,0,137,0.0,25.16058394160584,True
franquia mundo verde preço,0,33,0.0,36.72727272727273,True
franquia mundo verde vale a pena,0,12,0.0,11.416666666666666,True
franquia nacho man,0,29,0.0,11.379310344827585,True
franquia oakley valor,0,6,0.0,7.666666666666667,True
franquia otica diniz,0,100,0.0,11.23,True
franquia oticas diniz,0,10,0.0,41.0,True
franquia pampili valor,0,4,0.0,4.75,True
franquia papelaria,0,3,0.0,54.666666666666664,True
franquia para shopping,0,43,0.0,55.0,True
franquia parme,0,1,0.0,43.0,False
franquia parmeggio,0,7,0.0,26.714285714285715,True
franquia petite jolie,0,327,0.0,7.81039755351682,True
franquia pizza hut,0,469,0.0,23.577825159914713,True
franquia plie,0,2,0.0,14.5,False
franquia popeyes,0,96,0.0,15.822916666666666,True
franquia popeyes valor,0,1,0.0,31.0,False
franquia puket,0,336,0.0,8.270833333333332,True
franquia puket quanto custa,0,4,0.0,3.5,True
franquia quem disse berenice,0,477,0.0,21.947589098532493,True
franquia quem disse berenice boticario,0,1,0.0,80.0,False
franquia quem disse berenice como abrir,0,1,0.0,98.0,False
franquia quem disse berenice contato,0,58,0.0,16.96551724137931,True
franquia quem disse berenice preço,0,2,0.0,83.0,False
franquia quem disse berenice quanto custa,0,7,0.0,46.285714285714285,True
franquia quem disse berenice quiosque,0,54,0.0,28.574074074074073,True
franquia quem disse berenice valor,0,27,0.0,33.666666666666664,True
franquia riachuelo,0,1,0.0,80.0,False
franquia salinas,0,25,0.0,8.24,True
franquia santa lola,0,221,0.0,9.475113122171946,True
franquia santa lolla vale a pena,0,7,0.0,22.285714285714285,True
franquia santa lolla valor,0,611,0.0,7.530278232405892,True
franquia schutz,0,245,0.0,11.159183673469387,True
franquia schutz valor,0,116,0.0,11.620689655172415,True
franquia shopping,0,125,0.0,20.76,True
franquia simple organic,0,18,0.0,11.38888888888889,True
franquia sorvete bacio di latte,0,12,0.0,11.75,True
franquia spoleto,0,308,0.0,33.201298701298704,True
franquia spoleto valor,0,13,0.0,63.92307692307692,True
franquia taco,0,9,0.0,20.77777777777778,True
franquia taco bell,0,35,0.0,37.885714285714286,True
franquia tip top,0,99,0.0,27.80808080808081,True
franquia usaflex,0,7,0.0,35.42857142857143,True
franquia uza,0,81,0.0,9.74074074074074,True
franquia uza shoes,0,76,0.0,10.394736842105264,True
franquia vivenda do camarão,0,12,0.0,28.333333333333332,True
franquia yes,0,7,0.0,93.14285714285714,True
franquia zee dog,0,17,0.0,9.588235294117647,True
franquia ótica diniz valor,0,1,0.0,7.0,False
franquias ambev,0,1,0.0,36.0,False
franquias bacio di latte,0,2,0.0,14.0,False
franquias brasil cacau,0,8,0.0,28.125,True
franquias cacau brasil,0,23,0.0,86.52173913043478,True
franquias chilli beans,0,3,0.0,49.333333333333336,True
franquias chocolates,0,49,0.0,11.408163265306122,True
franquias de macarrão,0,7,0.0,96.14285714285714,True
franquias de shopping,0,26,0.0,15.961538461538462,True
franquias de óticas,0,4,0.0,92.25,True
franquias em shopping,0,55,0.0,34.61818181818182,True
franquias em shoppings,0,239,0.0,53.0,True
franquias giraffas,0,95,0.0,41.4,True
franquias havanna,0,263,0.0,28.517110266159698,True
franquias milon,0,804,0.0,20.111940298507463,True
franquias mrcheney,0,87,0.0,27.057471264367816,True
franquias para shopping,0,287,0.0,23.637630662020907,True
franquias perfumes,0,1,0.0,92.0,False
franquias quiosque,0,1,0.0,67.0,False
franquias shopping,0,65,0.0,13.938461538461539,True
franquias yoga,0,98,0.0,47.52040816326531,True
franquicia imaginarium,0,3,0.0,87.66666666666667,True
franquicia levis,0,1,0.0,8.0,False
franquicia popeyes,0,1,0.0,21.0,False
franquicias de parques infantiles,0,1,0.0,101.0,False
franquicias imaginarium,0,4,0.0,12.0,True
franquicias moda infantil,0,1,0.0,77.0,False
franquicias parques infantiles,0,1,0.0,101.0,False
frase animais de estimação,0,1,0.0,47.0,False
frase cachorro amigo,0,1,0.0,1.0,False
frase para animal de estimação,0,3,0.0,23.666666666666668,True
frase para pet,0,3,0.0,1.0,True
frases de animais para status,0,1,0.0,1.0,False
frases de cachorro para status,0,1,0.0,1.0,False
frases para cachorros que amamos,0,1,0.0,1.0,False
frases para loja de ração,0,2,0.0,41.0,False
frescobol bolinha,0,1,0.0,4.0,False
frescobol raquete,0,1,0.0,3.0,False
frete grátis santa lolla,0,1,0.0,2.0,False
friday junior,0,3,0.0,2.0,True
friendly shopping center,0,2,0.0,38.0,False
friendly shops,0,1,0.0,5.0,False
fromelle,0,1,0.0,10.0,False
fts,0,1,0.0,12.0,False
fundador,0,1,0.0,3.0,False
fundo de investimento de shopping,0,1,0.0,11.0,False
fundo de promoção em shopping center são paulo,0,1,0.0,57.0,False
fundo de shopping,0,23,0.0,51.0,True
fundo imobiliario bovespa,0,8,0.0,66.0,True
fundo imobiliario de shopping,0,15,0.0,34.86666666666667,True
fundo imobiliario shopping,0,36,0.0,36.666666666666664,True
fundo imobiliário de shopping,0,29,0.0,36.206896551724135,True
fundo imobiliários de shopping,0,58,0.0,51.12068965517241,True
fundo shopping,0,9,0.0,49.666666666666664,True
fundos de shopping,0,7,0.0,64.28571428571428,True
fundos de shoppings,0,5,0.0,62.8,True
fundos imobiliarios de shopping,0,79,0.0,53.36708860759494,True
fundos imobiliarios de shoppings,0,5,0.0,62.6,True
fundos imobiliarios shopping,0,91,0.0,54.78021978021978,True
fundos imobiliário de shopping,0,6,0.0,39.333333333333336,True
fundos imobiliários de shopping,0,69,0.0,55.608695652173914,True
fundos imobiliários de shoppings,0,36,0.0,52.25,True
futebol americano feminino,0,1,0.0,6.0,False
futurekids lausanne,0,1,0.0,63.0,False
futuro,0,1,0.0,1.0,False
futuro shopping,0,1,0.0,11.0,False
fábrica de calçados de couro em jaú,0,1,0.0,3.0,False
fábrica de malhas em blumenau sc,0,1,0.0,10.0,False
fábrica luz da lua,0,2,0.0,9.0,False
fábrica luz da lua fotos,0,1,0.0,3.0,False
fãs fans,0,1,0.0,82.0,False
férias crianças,0,1,0.0,10.0,False
fórum de franquias,0,133,0.0,34.27067669172932,True
fórum loja,0,4,0.0,61.5,True
fórum marca,0,13,0.0,19.615384615384617,True
fórum shopping,0,2,0.0,31.0,False
g5 loja,0,1,0.0,13.0,False
g5 shop,0,1,0.0,13.0,False
g5 store,0,4,0.0,9.5,True
g5store,0,8,0.0,18.0,True
gabby continente,0,2,0.0,12.0,False
gabriela verdeja,0,1,0.0,3.0,False
gaeten,0,5,0.0,11.4,True
galeria alameda futuro,0,1,0.0,36.0,False
galeria d'almeida center,0,1,0.0,15.0,False
galeria dooh balneario,0,76,0.0,5.578947368421052,True
galeria jaragua center,0,1,0.0,71.0,False
galeria monti mare,0,2,0.0,46.5,False
galeria neumarkt,0,1,0.0,12.0,False
galeto balneario camboriu,0,1,0.0,5.0,False
galleria cotton on,0,1,0.0,13.0,False
galmeida.sc,0,4,0.0,5.25,True
galvanaria,0,1,0.0,13.0,False
game checklist,0,4,0.0,11.0,True
game checklists,0,2,0.0,9.0,False
gamer checklist,0,4,0.0,8.0,True
games checklist,0,5,0.0,9.8,True
ganesh balneário camboriú,0,1,0.0,5.0,False
ganhador carro balneario shopping,0,4,0.0,11.25,True
ganhador carro shopping neumarkt blumenau,0,11,0.0,8.454545454545453,True
ganhador codigo promocional,0,69,0.0,72.56521739130434,True
ganhador do carro,0,2,0.0,6.0,False
ganhador do sorteio,0,5,0.0,57.8,True
ganhadores da,0,2,0.0,90.0,False
ganhadores do sorteio,0,2,0.0,82.0,False
ganhar promoção,0,3,0.0,77.33333333333333,True
garantia compressor schulz,0,1,0.0,2.0,False
gardem shopping,0,1,0.0,9.0,False
garden administradora,0,1,0.0,89.0,False
garden balneario camboriu,0,3,0.0,66.0,True
garden blumenau,0,4,0.0,49.25,True
garden center blumenau,0,1,0.0,16.0,False
garden conceito,0,4,0.0,61.0,True
garden florianopolis,0,35,0.0,75.02857142857142,True
garden floripa,0,1,0.0,54.0,False
garden joinville,0,214,0.0,9.341121495327103,True
garden lojas,0,1,0.0,10.0,False
garden mall,0,1,0.0,8.0,False
garden open mall,0,1,0.0,38.0,False
garden sho,0,1,0.0,11.0,False
garden shoping,0,1,0.0,59.0,False
garden shopping cinema,0,1,0.0,85.0,False
garden shopping cinema joinville,0,1,0.0,4.0,False
garden shopping lages,0,6,0.0,42.0,True
garden shopping lojas,0,5,0.0,10.6,True
garden shopping mall,0,1,0.0,13.0,False
garner shopping center,0,1,0.0,12.0,False
garopaba tem shopping,0,1,0.0,2.0,False
garotos de programa balneario,0,3,0.0,6.0,True
garrten,0,1,0.0,11.0,False
garteb,0,12,0.0,9.583333333333334,True
gartej,0,1,0.0,11.0,False
gartem,0,90,0.0,8.655555555555555,True
garten,0,1900,0.0,10.203157894736842,True
garten ambiente,0,1,0.0,60.0,False
garten as,0,4,0.0,28.0,True
garten automation,0,1,0.0,86.0,False
garten center,0,52,0.0,8.846153846153847,True
garten cinema,0,16,0.0,27.3125,True
garten cinema joinville,0,4,0.0,21.25,True
garten cinemas,0,4,0.0,27.75,True
garten cookies,0,11,0.0,10.818181818181818,True
garten criciuma,0,3,0.0,15.333333333333334,True
garten crocs,0,7,0.0,5.857142857142857,True
garten express,0,1,0.0,11.0,False
garten forum,0,6,0.0,5.333333333333333,True
garten garten,0,6,0.0,7.333333333333333,True
garten grill,0,3,0.0,11.666666666666666,True
garten horizonte,0,1,0.0,6.0,False
garten imóveis,0,8,0.0,33.125,True
garten joinville cinema,0,2,0.0,29.5,False
garten kauf,0,1,0.0,21.0,False
garten lifestyle,0,1,0.0,49.0,False
garten logo,0,6,0.0,6.0,True
garten lojas,0,47,0.0,9.48936170212766,True
garten m,0,1,0.0,2.0,False
garten mall,0,2,0.0,7.5,False
garten market,0,1,0.0,16.0,False
garten news,0,1,0.0,11.0,False
garten night run,0,8,0.0,7.75,True
garten ou garden,0,1,0.0,9.0,False
garten outlet,0,5,0.0,45.8,True
garten pod,0,1,0.0,40.0,False
garten renner,0,4,0.0,11.0,True
garten s,0,6,0.0,8.666666666666668,True
garten schutz,0,6,0.0,3.8333333333333335,True
garten shop,0,66,0.0,10.5,True
garten shoping,0,74,0.0,9.297297297297296,True
garten shopping cinema,0,16,0.0,25.4375,True
garten shopping cinema joinville,0,2,0.0,20.5,False
garten shopping do proprietário,0,45,0.0,2.7555555555555555,True
garten shopping em joinville,0,13,0.0,16.153846153846153,True
garten shopping estacionamento,0,112,0.0,7.008928571428571,True
garten shopping estacionamento gratuito,0,1,0.0,8.0,False
garten shopping joinville - sc,0,19,0.0,8.526315789473685,True
garten shopping joinville cinema,0,2,0.0,29.5,False
garten shopping joinville lojas,0,127,0.0,9.590551181102363,True
garten shopping joinville sc,0,1,0.0,13.0,False
garten shopping lojas,0,139,0.0,10.654676258992806,True
garten shopping praça de alimentação,0,1,0.0,13.0,False
garten shopping sorteio,0,1,0.0,11.0,False
garten shopping trabalhe conosco,0,19,0.0,11.789473684210526,True
garten shops,0,6,0.0,15.833333333333334,True
garten store,0,2,0.0,7.0,False
garten tips,0,5,0.0,12.8,True
garten total,0,9,0.0,35.44444444444444,True
garten-center,0,1,0.0,30.0,False
garten.,0,3,0.0,8.666666666666668,True
gartenhaus anyos,0,6,0.0,28.833333333333332,True
gartenm,0,1,0.0,7.0,False
gartenn,0,4,0.0,10.25,True
gartenshopping,0,1,0.0,11.0,False
garter shopping,0,1,0.0,7.0,False
garthen shopping,0,28,0.0,8.214285714285715,True
gartrn,0,3,0.0,10.333333333333334,True
gartten,0,2,0.0,8.0,False
gartwn,0,1,0.0,10.0,False
gastronomia balneário camboriú,0,20,0.0,85.45,True
gastronomia blumenau,0,2,0.0,84.0,False
gastronomia cancun,0,2,0.0,95.0,False
gastronomia em blumenau,0,1,0.0,64.0,False
gastronomia joinville,0,27,0.0,71.07407407407408,True
gastronomia norte shopping,0,6,0.0,8.833333333333332,True
gelatony,0,7,0.0,13.714285714285714,True
gen shopping,0,5,0.0,57.0,True
general almeida junior,0,26,0.0,3.8076923076923075,True
geofusion onmaps,0,84,0.0,36.13095238095238,True
german shopping,0,1,0.0,8.0,False
germán quiroga,0,20,0.0,8.3,True
ggarten,0,1,0.0,7.0,False
giannis immortality 3,0,1,0.0,2.0,False
giant toys,0,6,0.0,9.5,True
giassi blumenau,0,1,0.0,5.0,False
gift,0,1,0.0,72.0,False
gift card cash back,0,2,0.0,11.0,False
gift card cashback,0,2,0.0,13.5,False
gift card com cashback,0,1,0.0,11.0,False
gift card continente,0,1,0.0,9.0,False
gift card o melhor presente para,0,1,0.0,66.0,False
gift card shopping center,0,3,0.0,6.0,True
giftcard cashback,0,2,0.0,14.5,False
giftcard.com,0,1,0.0,62.0,False
gigante shopping,0,4,0.0,4.0,True
gilaffas,0,1,0.0,12.0,False
gimnasio,0,1,0.0,1.0,False
girafa lanches,0,1,0.0,5.0,False
girafa loja,0,2,0.0,40.0,False
girafa restaurant,0,1,0.0,11.0,False
girafa restaurante,0,1,0.0,8.0,False
girafa shopping,0,11,0.0,7.636363636363637,True
girafaas,0,1,0.0,11.0,False
girafas,0,81,0.0,6.703703703703703,True
girafas franquia,0,1,0.0,8.0,False
girafas itapema,0,2,0.0,7.0,False
girafas lanche,0,2,0.0,8.0,False
girafas lanchonete,0,1,0.0,6.0,False
girafas lem,0,1,0.0,11.0,False
girafas loja,0,2,0.0,9.5,False
girafas lojas,0,2,0.0,8.5,False
girafas menu,0,1,0.0,66.0,False
girafas proximo a mim,0,1,0.0,8.0,False
girafas restaurante,0,14,0.0,8.428571428571429,True
girafas shopping,0,2,0.0,32.5,False
girafas site,0,1,0.0,6.0,False
girafas trabalhe conosco,0,36,0.0,48.0,True
giraffa mall,0,2,0.0,8.0,False
giraffa's,0,4,0.0,21.0,True
giraffas abertos agora,0,1,0.0,6.0,False
giraffas administradora de franquias sa,0,1,0.0,1.0,False
giraffas alphaville,0,3,0.0,10.666666666666666,True
giraffas arena mall,0,1,0.0,7.0,False
giraffas balneário camboriú,0,1,0.0,13.0,False
giraffas barra shopping,0,5,0.0,43.4,True
giraffas brasil,0,1,0.0,49.0,False
giraffas campinas shopping,0,2,0.0,14.0,False
giraffas cardapio,0,2,0.0,20.0,False
giraffas cardápio,0,1,0.0,9.0,False
giraffas carrefour,0,2,0.0,26.5,False
giraffas chapecó,0,2,0.0,19.0,False
giraffas cianorte,0,2,0.0,33.5,False
giraffas cnpj,0,3,0.0,12.333333333333334,True
giraffas comercial norte,0,6,0.0,12.833333333333334,True
giraffas container jaraguá do sul fotos,0,1,0.0,3.0,False
giraffas criciuma,0,7,0.0,12.0,True
giraffas delivery,0,1,0.0,12.0,False
giraffas drive thru,0,1,0.0,68.0,False
giraffas em joinville,0,1,0.0,7.0,False
giraffas fast food,0,2,0.0,10.0,False
giraffas franquia,0,16,0.0,31.9375,True
giraffas franquia valor,0,4,0.0,43.0,True
giraffas guara,0,2,0.0,45.5,False
giraffas itapema,0,19,0.0,10.105263157894736,True
giraffas juazeiro do norte,0,4,0.0,10.75,True
giraffas kids,0,2,0.0,18.0,False
giraffas lajeado fotos,0,2,0.0,4.0,False
giraffas lanches,0,9,0.0,35.333333333333336,True
giraffas lanchonete,0,6,0.0,26.833333333333332,True
giraffas lem,0,6,0.0,8.333333333333332,True
giraffas logo,0,1,0.0,1.0,False
giraffas loja,0,1,0.0,11.0,False
giraffas lojas,0,23,0.0,32.869565217391305,True
giraffas mais perto,0,2,0.0,9.0,False
giraffas mais proximo,0,1,0.0,5.0,False
giraffas mais próximo,0,34,0.0,5.5,True
giraffas navegantes,0,1,0.0,29.0,False
giraffas no shopping,0,7,0.0,9.857142857142858,True
giraffas norte shopping,0,40,0.0,16.175,True
giraffas novo hamburgo,0,1,0.0,16.0,False
giraffas park shopping,0,13,0.0,46.07692307692308,True
giraffas pato branco,0,6,0.0,15.0,True
giraffas perto de mim,0,9,0.0,8.333333333333332,True
giraffas ponta grossa fotos,0,1,0.0,4.0,False
giraffas porto alegre,0,1,0.0,66.0,False
giraffas praia de belas,0,2,0.0,30.5,False
giraffas proximo a mim,0,4,0.0,4.0,True
giraffas restaurante,0,208,0.0,17.485576923076923,True
giraffas restaurante perto de mim,0,1,0.0,2.0,False
giraffas restaurante shopping,0,11,0.0,11.363636363636363,True
giraffas salvador,0,2,0.0,46.5,False
giraffas sapiranga fotos,0,2,0.0,4.0,False
giraffas shopping,0,50,0.0,19.76,True
giraffas shopping balneário camboriú fotos,0,3,0.0,8.0,True
giraffas shopping itaguaçu,0,2,0.0,12.0,False
giraffas shopping jardins,0,33,0.0,11.0,True
giraffas shopping light,0,1,0.0,12.0,False
giraffas site,0,21,0.0,49.333333333333336,True
giraffas sobre,0,2,0.0,10.5,False
giraffas são josé dos pinhais,0,1,0.0,33.0,False
giraffas trabalhe conosco,0,35,0.0,34.74285714285714,True
giraffas vacaria,0,6,0.0,23.5,True
giraffas videira,0,1,0.0,23.0,False
giraffss,0,1,0.0,11.0,False
girrafas,0,2,0.0,7.0,False
girraffas,0,2,0.0,9.5,False
gisdany,0,1,0.0,9.0,False
gla shopping center,0,2,0.0,53.5,False
glen almeida,0,1,0.0,49.0,False
glenridge shopping center,0,1,0.0,48.0,False
glória meneses,0,1,0.0,46.0,False
gnc balneario camboriu shopping,0,7,0.0,38.285714285714285,True
gnc balneário shopping,0,1,0.0,38.0,False
gnc cinema garten,0,2,0.0,58.5,False
gnc cinema jlle,0,1,0.0,61.0,False
gnc cinemas,0,1,0.0,3.0,False
gnc cinemas balneario camboriu horarios,0,1,0.0,32.0,False
gnc cinemas garten,0,11,0.0,51.63636363636363,True
gnc cinemas joinville,0,1,0.0,3.0,False
gnc cinemas neumarkt blumenau,0,2,0.0,40.5,False
gnc criciuma,0,1,0.0,45.0,False
gnc garten,0,9,0.0,41.888888888888886,True
gnc garten jlle,0,4,0.0,26.5,True
gnc garten joinville,0,1,0.0,42.0,False
gnc garten joinville programação,0,1,0.0,32.0,False
gnc garten shopping joinville,0,32,0.0,37.3125,True
gnc garten telefone,0,2,0.0,19.5,False
gogood,0,2,0.0,10.0,False
golden square shopping,0,1,0.0,1.0,False
goldko,0,2,0.0,6.5,False
goldko cnpj,0,2,0.0,8.0,False
goldko franquia,0,181,0.0,11.237569060773481,True
goldko loja,0,2,0.0,50.5,False
goldko lojas,0,33,0.0,23.636363636363637,True
goldko trabalhe conosco,0,6,0.0,10.333333333333334,True
golpe riachuelo whatsapp,0,1,0.0,3.0,False
google schutz,0,2,0.0,1.0,False
google uza,0,1,0.0,2.0,False
goraffas,0,5,0.0,21.0,True
gordita taco bell,0,1,0.0,1.0,False
gosta de adrenalina posso proporcionar,0,1,0.0,8.0,False
gostaria,0,1,0.0,2.0,False
gostaria de saber,0,1,0.0,10.0,False
"gostaria sim, por favor",0,1,0.0,4.0,False
goup entertainment cnpj,0,1,0.0,25.0,False
governaca,0,1,0.0,8.0,False
governador celso ramos tem shopping,0,1,0.0,1.0,False
grafismos verão,0,2,0.0,8.0,False
gran piçarras shopping,0,1,0.0,2.0,False
granado blumenau,0,1,0.0,1.0,False
grand continente,0,1,0.0,9.0,False
grand cru,0,1,0.0,3.0,False
grand cru bh,0,31,0.0,10.67741935483871,True
grand cru bh shopping,0,100,0.0,11.22,True
grand cru copacabana fotos,0,1,0.0,5.0,False
grand cru fotos,0,16,0.0,3.25,True
grand cru franquia,0,4,0.0,22.25,True
grand cru ipanema,0,115,0.0,11.4,True
grand cru jardins,0,2,0.0,79.0,False
grand cru joinville,0,40,0.0,8.25,True
grand cru loja,0,1,0.0,95.0,False
grand cru lojas,0,4,0.0,43.25,True
grand cru mooca,0,3,0.0,13.666666666666666,True
grand cru morumbi,0,44,0.0,15.681818181818182,True
grand cru morumbi shopping,0,7,0.0,11.714285714285714,True
grand cru norte shopping,0,40,0.0,7.85,True
grand cru o que é,0,105,0.0,13.40952380952381,True
grand cru shopping morumbi,0,17,0.0,12.0,True
grand cru shopping tijuca,0,1,0.0,18.0,False
grand cru site,0,1,0.0,85.0,False
grand jardim shopping,0,1,0.0,53.0,False
grande florianopolis mapa,0,1,0.0,77.0,False
grande florianópolis,0,12,0.0,70.16666666666667,True
grande florianópolis cidades,0,2,0.0,79.5,False
grande inauguração,0,1,0.0,85.0,False
grandes lojas de santa catarina,0,5,0.0,15.6,True
grandvision arezzo,0,2,0.0,55.5,False
granja almeida,0,1,0.0,1.0,False
gratuitos,0,1,0.0,7.0,False
graus agora joinville,0,1,0.0,2.0,False
gravity vr,0,1,0.0,7.0,False
greater florianopolis,0,5,0.0,25.0,True
grecco confecções,0,1,0.0,32.0,False
green alm,0,1,0.0,2.0,False
green franquias,0,5,0.0,25.6,True
green junior,0,3,0.0,8.666666666666668,True
green shopping morumbi,0,4,0.0,7.75,True
greenfield shopping center,0,1,0.0,9.0,False
greens shopping,0,1,0.0,17.0,False
grife balneario camboriu,0,5,0.0,7.0,True
grife de exposição de shopping,0,2,0.0,10.0,False
grife de santa catarina,0,2,0.0,8.5,False
grife fundada em santa catarina,0,1,0.0,23.0,False
grifes,0,2,0.0,2.0,False
grifes brasileiras,0,1,0.0,3.0,False
grileto,0,1,0.0,9.0,False
griletto,0,99,0.0,8.484848484848484,True
griletto joinville,0,1,0.0,13.0,False
grill garten,0,2,0.0,10.5,False
grill montana,0,6,0.0,10.666666666666666,True
grillkurs neumarkt,0,1,0.0,14.0,False
group jr,0,1,0.0,10.0,False
group shopping,0,3,0.0,17.0,True
group stores,0,1,0.0,36.0,False
groupon balneario camboriu,0,38,0.0,34.94736842105263,True
grow roupas,0,3,0.0,41.666666666666664,True
grow up,0,1,0.0,24.0,False
grow up loja,0,1,0.0,64.0,False
grow up roupas,0,3,0.0,27.333333333333332,True
grow up toledo,0,1,0.0,13.0,False
growup roupas,0,8,0.0,36.0,True
growup store,0,1,0.0,12.0,False
grupo aaj,0,1,0.0,3.0,False
grupo abl,0,35,0.0,31.62857142857143,True
grupo ad shopping,0,8,0.0,74.75,True
grupo aj,0,5,0.0,25.6,True
grupo aj login,0,28,0.0,8.5,True
grupo aj plataforma,0,1,0.0,21.0,False
grupo alameda,0,4,0.0,9.0,True
grupo alme,0,12,0.0,16.166666666666664,True
grupo almeda,0,8,0.0,7.625,True
grupo almeida campos,0,25,0.0,17.08,True
grupo almeida campos trabalhe conosco,0,6,0.0,9.833333333333334,True
grupo almeida ceramica,0,2,0.0,3.0,False
grupo almeida cnpj,0,38,0.0,6.184210526315789,True
grupo almeida compra pointer,0,2,0.0,10.5,False
grupo almeida investimentos,0,52,0.0,5.153846153846154,True
grupo almeida prado,0,1,0.0,11.0,False
grupo bs,0,1,0.0,41.0,False
grupo catarina,0,1,0.0,25.0,False
grupo continente,0,6,0.0,67.66666666666667,True
grupo cr almeida,0,1,0.0,5.0,False
grupo de doações,0,1,0.0,82.0,False
grupo de relacionamento em balneário camboriú,0,3,0.0,12.666666666666666,True
grupo de relacionamento em florianópolis,0,1,0.0,29.0,False
grupo de relacionamento em florianópolis whatsapp,0,1,0.0,11.0,False
grupo de relacionamento em santa catarina,0,1,0.0,35.0,False
grupo de relacionamento joinville,0,1,0.0,40.0,False
grupo de santa catarina,0,5,0.0,47.4,True
grupo de shoppings,0,8,0.0,8.25,True
grupo esg,0,1,0.0,7.0,False
grupo fundosa,0,2,0.0,85.0,False
grupo geniale,0,3,0.0,44.666666666666664,True
grupo giraffas,0,1,0.0,10.0,False
grupo havana,0,1,0.0,1.0,False
grupo jnp,0,1,0.0,12.0,False
grupo junior,0,26,0.0,6.846153846153846,True
grupo levis,0,3,0.0,1.0,True
grupo lhasa trabalhe conosco,0,1,0.0,84.0,False
grupo lide,0,1,0.0,43.0,False
grupo madeiro,0,1,0.0,76.0,False
grupo madero,0,3,0.0,87.0,True
grupo madero restaurantes,0,5,0.0,82.0,True
grupo madero trabalhe conosco,0,1,0.0,42.0,False
grupo mall,0,6,0.0,22.0,True
grupo mix,0,7,0.0,62.57142857142857,True
grupo msj,0,1,0.0,11.0,False
grupo nau vendido,0,1,0.0,72.0,False
grupo nk,0,1,0.0,21.0,False
grupo nk login,0,1,0.0,9.0,False
grupo novas,0,1,0.0,98.0,False
grupo ns,0,11,0.0,49.81818181818182,True
grupo oniverse,0,1,0.0,4.0,False
grupo promover,0,1,0.0,78.0,False
grupo recco,0,6,0.0,6.666666666666667,True
grupo rede compras,0,1,0.0,46.0,False
grupo savoy shoppings,0,2,0.0,1.0,False
grupo schutz,0,10,0.0,3.8,True
grupo schutz segurança,0,3,0.0,2.0,True
grupo shop mix,0,27,0.0,29.0,True
grupo shopping mix,0,1,0.0,17.0,False
grupo soma cnpj,0,1,0.0,3.0,False
grupo spot,0,1,0.0,20.0,False
grupo zapala,0,1,0.0,1.0,False
gráfica em shopping,0,1,0.0,54.0,False
grátis,0,1,0.0,4.0,False
gs construtora,0,1,0.0,43.0,False
gs kopenhag,0,1,0.0,7.0,False
gs modas boutique,0,1,0.0,11.0,False
gs neumarkt,0,1,0.0,15.0,False
gs prime lages,0,2,0.0,20.5,False
gsrten,0,2,0.0,9.0,False
guapa shopping,0,1,0.0,10.0,False
guarajuba center,0,1,0.0,37.0,False
gucci balneario camboriu,0,7,0.0,8.428571428571429,True
guereiro,0,1,0.0,1.0,False
guerreiro joalheria,0,2,0.0,57.5,False
guerreiro joias,0,3,0.0,26.666666666666668,True
guerreiro joias lojas,0,37,0.0,12.783783783783784,True
guerreiro loja,0,6,0.0,16.0,True
guerreiro lojas,0,16,0.0,23.125,True
guerreiro oscar freire,0,2,0.0,5.0,False
guerreiros joias,0,4,0.0,30.25,True
guerrero joias,0,2,0.0,33.5,False
guga dreams,0,2,0.0,31.0,False
guga junior,0,3,0.0,31.333333333333332,True
guga junior app,0,10,0.0,10.4,True
guga junior shop,0,50,0.0,7.28,True
guga sphere,0,22,0.0,13.909090909090908,True
guido boabaid,0,1,0.0,7.0,False
gurafas,0,1,0.0,7.0,False
guraffas,0,3,0.0,10.0,True
gust store,0,1,0.0,20.0,False
gustavo lima nacoes,0,1,0.0,5.0,False
gustavo lima nacoes shopping,0,10,0.0,6.5,True
gustavo lima nações shopping,0,2,0.0,3.5,False
gusttavo lima criciuma 2026,0,14,0.0,4.571428571428571,True
gusttavo lima em santa catarina,0,1,0.0,2.0,False
gusttavo lima nacoes shopping,0,2,0.0,5.0,False
gusttavo lima nacoes shopping ingresso,0,2,0.0,7.5,False
gusttavo lima nações shopping,0,3,0.0,4.666666666666666,True
guzatti criciuma,0,2,0.0,22.0,False
guzzatti nações shopping,0,1,0.0,19.0,False
gym,0,2,0.0,1.0,False
gym near me,0,1,0.0,1.0,False
gärten,0,2,0.0,53.5,False
hall bc,0,1,0.0,8.0,False
hall exclusive,0,1,0.0,7.0,False
hall shopping,0,16,0.0,9.1875,True
hamburgueria artesanal balneário camboriú,0,1,0.0,4.0,False
handmade shoes brasil,0,1,0.0,3.0,False
hannava,0,1,0.0,10.0,False
harry potter gigantes,0,1,0.0,38.0,False
havaianas balneario shopping,0,1,0.0,5.0,False
havaianas continente shopping,0,2,0.0,10.0,False
havaianas neumarkt,0,4,0.0,1.0,True
havaianas norte shopping blumenau,0,1,0.0,13.0,False
havaianas shopping continente,0,4,0.0,11.5,True
havaianas shopping neumarkt,0,23,0.0,1.0,True
havaianas é brasileira,0,1,0.0,3.0,False
havan,0,1,0.0,1.0,False
havan blumenau shopping neumarkt,0,1,0.0,1.0,False
havan do shopping neumarkt,0,1,0.0,1.0,False
havan neumarkt,0,3,0.0,2.333333333333333,True
havan neumarkt shopping,0,1,0.0,4.0,False
havan shopping neumarkt,0,14,0.0,3.142857142857143,True
havan é pet friendly,0,1,0.0,1.0,False
havan3,0,1,0.0,30.0,False
havana,0,8,0.0,2.25,True
havana café,0,1,0.0,1.0,False
havana chocolates,0,2,0.0,20.0,False
havana empresa,0,1,0.0,1.0,False
havana group,0,1,0.0,1.0,False
havana marca,0,12,0.0,1.0833333333333333,True
havana panetone,0,1,0.0,3.0,False
havana pao de mel,0,1,0.0,3.0,False
havana rio de janeiro,0,1,0.0,2.0,False
havana v4,0,1,0.0,1.0,False
havana é argentina,0,8,0.0,11.625,True
havanna,0,38,0.0,4.421052631578947,True
havanna alfajor,0,1,0.0,5.0,False
havanna alfajores,0,1,0.0,3.0,False
havanna argentina,0,5,0.0,14.0,True
havanna buenos aires,0,1,0.0,6.0,False
havanna cafeteria argentina,0,1,0.0,4.0,False
havanna chocolate,0,2,0.0,28.5,False
havanna chocolates,0,1,0.0,57.0,False
havanna de onde é,0,24,0.0,10.208333333333334,True
havanna doce de leite,0,1,0.0,2.0,False
havanna gaminito,0,1,0.0,2.0,False
havanna gelateria argentina,0,1,0.0,4.0,False
havanna loja física,0,1,0.0,1.0,False
havanna marca,0,1,0.0,9.0,False
havanna marca origem,0,2,0.0,5.0,False
havanna norte shopping,0,3,0.0,12.0,True
havanna origem,0,8,0.0,5.25,True
havanna rio preto,0,1,0.0,12.0,False
havanna é argentina,0,1,0.0,2.0,False
havanna é de onde,0,108,0.0,10.314814814814815,True
havanna é de qual pais,0,1,0.0,1.0,False
havanna é marca argentina,0,4,0.0,10.25,True
hay sephora en brasil camboriu,0,2,0.0,1.0,False
hay sephora en camboriu,0,11,0.0,11.909090909090908,True
headquarters,0,2,0.0,7.0,False
helmut lang,0,1,0.0,2.0,False
hemos alameda,0,1,0.0,28.0,False
hemos blumenau,0,10,0.0,42.9,True
hemos laboratório,0,3,0.0,36.333333333333336,True
hemos norte shopping,0,10,0.0,20.7,True
henrique do rego almeida,0,2,0.0,2.5,False
henry schutz,0,1,0.0,2.0,False
hering continente shopping,0,1,0.0,30.0,False
hering em blumenau,0,1,0.0,2.0,False
hering nacoes shopping,0,1,0.0,12.0,False
hermanito,0,8,0.0,5.0,True
hermanito franquia,0,8,0.0,11.375,True
hermanito joinville,0,2,0.0,14.5,False
hermanito significado,0,1,0.0,2.0,False
hermanito tradução,0,5,0.0,2.0,True
hf schutz,0,1,0.0,1.0,False
high end goods,0,1,0.0,1.0,False
high peak paros 6,0,1,0.0,37.0,False
hinode perto de mim,0,1,0.0,5.0,False
hipermercado big balneario camboriu telefone,0,16,0.0,48.5,True
hipermercado big blumenau,0,1,0.0,68.0,False
historia da colcci,0,1,0.0,26.0,False
historia da marca calvin klein,0,112,0.0,78.66071428571429,True
historia de florianopolis,0,3,0.0,93.33333333333333,True
historia de santa catarina,0,1,0.0,102.0,False
historia do atacadão,0,1,0.0,102.0,False
historia do boliche,0,3,0.0,89.0,True
historia mall,0,1,0.0,90.0,False
historia shopping,0,2,0.0,19.5,False
historia shopping mall,0,1,0.0,64.0,False
historic almeda,0,16,0.0,8.0625,True
historic almeida,0,40,0.0,9.45,True
history shopping,0,2,0.0,6.0,False
história de blumenau,0,1,0.0,91.0,False
história de joinville,0,1,0.0,100.0,False
história do boliche no brasil,0,4,0.0,77.25,True
história do madero,0,1,0.0,101.0,False
hnwmarketing,0,1,0.0,7.0,False
hoje,0,1,0.0,5.0,False
holiday,0,2,0.0,11.0,False
holly foods,0,1,0.0,2.0,False
holographic led,0,1,0.0,15.0,False
hologruf,0,1,0.0,44.0,False
home riachuelo,0,1,0.0,3.0,False
honorary citizenship,0,1,0.0,13.0,False
hope,0,4,0.0,3.5,True
hope balneario,0,71,0.0,10.830985915492958,True
hope balneario shopping,0,46,0.0,10.41304347826087,True
hope bc shopping,0,4,0.0,10.5,True
hope continente shopping,0,70,0.0,9.557142857142857,True
hope franquia,0,28,0.0,35.67857142857143,True
hope garten,0,30,0.0,9.1,True
hope loja online,0,1,0.0,2.0,False
hope moda praia,0,9,0.0,60.888888888888886,True
hope norte shopping,0,1,0.0,12.0,False
hope resort,0,101,0.0,25.019801980198018,True
hope resort barra shopping,0,7,0.0,24.714285714285715,True
hope resort bh,0,11,0.0,10.545454545454545,True
hope resort curitiba,0,10,0.0,9.0,True
hope resort loja,0,4,0.0,11.0,True
hope resort loja fisica,0,1,0.0,11.0,False
hope resort lojas,0,411,0.0,9.085158150851582,True
hope resort lojas rj,0,2,0.0,13.0,False
hope resort maringa,0,7,0.0,12.714285714285714,True
hope resort negócios,0,17,0.0,11.588235294117647,True
hope resort salvador,0,1,0.0,95.0,False
hope resort shopping morumbi,0,1,0.0,11.0,False
hope resort site,0,2,0.0,22.5,False
hope resorts,0,20,0.0,50.7,True
hope resprt,0,1,0.0,46.0,False
hope risort,0,1,0.0,43.0,False
hope tesort,0,1,0.0,20.0,False
hope trabalhe conosco,0,1,0.0,95.0,False
hope.resort,0,1,0.0,5.0,False
hoperesort,0,16,0.0,44.125,True
hopoing,0,1,0.0,6.0,False
horario atendimento policia federal passaporte,0,6,0.0,8.166666666666668,True
horario balneario shopping,0,2,0.0,28.0,False
horario buscar passaporte policia federal,0,1,0.0,1.0,False
horario cinema balneario shopping,0,1,0.0,13.0,False
horario continente shopping,0,1,0.0,1.0,False
horario da policia federal,0,6,0.0,8.5,True
horario da policia federal no shopping,0,4,0.0,3.0,True
horario de atendimento da policia federal para passaporte,0,2,0.0,7.0,False
horario de atendimento pf passaporte,0,1,0.0,1.0,False
horario de atendimento policia federal,0,4,0.0,9.0,True
horario de atendimento?,0,1,0.0,2.0,False
horario de entrega passaporte policia federal,0,2,0.0,1.0,False
horario de funcionamento da policia federal,0,1,0.0,1.0,False
horario de funcionamento nacoes shopping criciuma,0,5,0.0,1.8,True
horario de funcionamento outlet catarina,0,2,0.0,93.0,False
horario de funcionamento para pegar passaporte,0,2,0.0,1.0,False
horario de funcionamento para retirada de passaporte,0,1,0.0,8.0,False
horario de funcionamento para tirar passaporte,0,1,0.0,1.0,False
horario de funcionamento passaporte polícia federal,0,2,0.0,4.5,False
horario de funcionamento pf passaporte,0,1,0.0,1.0,False
horario de funcionamento policia federal,0,1,0.0,5.0,False
horario de funcionamento policia federal passaporte,0,1,0.0,61.0,False
horario de funcionamento polícia federal shopping iguatemi ribeirão preto,0,3,0.0,1.0,True
horario de funcionamento shopping balneario,0,1,0.0,1.0,False
horario de funcionamento shopping continente,0,1,0.0,26.0,False
horario do sao jose de almeida,0,3,0.0,45.0,True
horario do shopping balneario camboriu,0,1,0.0,27.0,False
horario funcionamento policia federal,0,1,0.0,7.0,False
horario funcionamento policia federal passaporte,0,13,0.0,1.0769230769230769,True
horario lojas balneario shopping,0,1,0.0,1.0,False
horario lojas nacoes shopping,0,3,0.0,14.666666666666666,True
horario lojas shopping balneario camboriu,0,2,0.0,3.0,False
horario nacoes shopping hoje,0,1,0.0,5.0,False
horario nações shopping,0,1,0.0,46.0,False
horario pf,0,1,0.0,1.0,False
horario policia federal,0,4,0.0,10.0,True
horario policia federal floripa shopping,0,2,0.0,1.0,False
horario policia federal itajai shopping,0,14,0.0,1.0,True
horario policia federal passaporte,0,2,0.0,6.0,False
horario shopping balneario,0,7,0.0,5.142857142857143,True
horario shopping continente,0,3,0.0,15.666666666666666,True
horario shopping garten joinville,0,1,0.0,42.0,False
horario shopping neumarkt,0,2,0.0,1.0,False
horarios shopping,0,1,0.0,1.0,False
horas adicionais,0,1,0.0,1.0,False
horizonte restaurantes kfc,0,4,0.0,26.0,True
horário,0,1,0.0,3.0,False
horário atendimento,0,1,0.0,3.0,False
horário continente norteshopping,0,1,0.0,101.0,False
horário da polícia federal,0,1,0.0,8.0,False
horário de atendimento da polícia federal,0,1,0.0,12.0,False
horário de atendimento policia federal,0,1,0.0,1.0,False
horário de atendimento policia federal passaporte,0,5,0.0,9.0,True
horário de funcionamento da policia federal passaporte,0,5,0.0,2.2,True
horário de funcionamento da polícia federal,0,4,0.0,2.75,True
horário de funcionamento policia federal,0,1,0.0,8.0,False
horário de funcionamento polícia federal passaporte,0,69,0.0,1.7536231884057971,True
horário de funcionamento shopping balneário camboriú,0,2,0.0,4.0,False
horário de funcionamento shopping garten joinville,0,3,0.0,28.0,True
horário de retirada,0,1,0.0,5.0,False
horário lojas shopping domingo,0,1,0.0,2.0,False
horário policia federal,0,1,0.0,12.0,False
horário shopping continente,0,1,0.0,1.0,False
horários de exibição de filmes em neumarkt shopping,0,1,0.0,14.0,False
horários de exibição de filmes em norte shopping blumenau,0,1,0.0,1.0,False
horários de exibição de filmes em ribeirão preto,0,1,0.0,7.0,False
horários de exibição de filmes em shopping garten,0,2,0.0,11.5,False
horários de exibição de filmes em shopping neumarkt,0,2,0.0,17.5,False
horários de exibição de filmes perto de continente shopping,0,1,0.0,37.0,False
hospital balneário camboriú trabalhe conosco,0,1,0.0,74.0,False
hospital dia santa izabel brazil,0,1,0.0,92.0,False
hospital dia shopping neumarkt,0,1,0.0,18.0,False
hospital do coração balneário camboriú trabalhe conosco,0,5,0.0,45.8,True
hospital infantil joinville,0,1,0.0,59.0,False
hospital josé de almeida,0,1,0.0,81.0,False
hospital norte shopping,0,10,0.0,9.5,True
hospital paulistano cnpj,0,1,0.0,8.0,False
hospital santa catarina criciuma,0,1,0.0,53.0,False
hospital santa catarina criciúma telefone,0,1,0.0,47.0,False
hospital santa isabel santa catarina,0,1,0.0,39.0,False
hospital santo antônio blumenau,0,1,0.0,37.0,False
hospital são josé criciuma,0,1,0.0,47.0,False
hospital unimed criciúma,0,1,0.0,45.0,False
host blue,0,1,0.0,48.0,False
hoteis almeida,0,22,0.0,86.13636363636364,True
hoteis for hope,0,2,0.0,80.0,False
hotel almeida,0,1,0.0,36.0,False
hotel d almeida,0,1,0.0,40.0,False
hotel fortaleza de almeida contactos,0,1,0.0,42.0,False
hotel negrini balneário camboriú telefone,0,1,0.0,4.0,False
hotel norte blu blumenau,0,1,0.0,2.0,False
hotel pet friend,0,1,0.0,1.0,False
hotel pet friendly são paulo,0,1,0.0,1.0,False
hotel proximo ao norte shopping,0,11,0.0,66.63636363636364,True
hotel the spot one balneario camboriu,0,6,0.0,17.5,True
how do you spot one,0,1,0.0,8.0,False
how old is taco bell,0,1,0.0,1.0,False
how to save money on school supplies,0,4,0.0,32.0,True
how to save on school supplies,0,5,0.0,32.4,True
hpe fellows,0,1,0.0,34.0,False
hpe resort,0,1,0.0,9.0,False
https://www.centauro.com.br/,0,28,0.0,29.571428571428573,True
hub blumenau,0,2,0.0,4.5,False
hub disney,0,1,0.0,50.0,False
hub norte,0,2,0.0,6.5,False
hugani restaurante,0,1,0.0,12.0,False
hugo balneario,0,15,0.0,24.8,True
hugo boss balneario camboriu,0,120,0.0,8.275,True
hugo boss catarina,0,14,0.0,4.857142857142858,True
hugo boss catarina outlet,0,95,0.0,8.16842105263158,True
hugo boss loja,0,20,0.0,19.65,True
hugo boss loja fisica,0,1,0.0,14.0,False
hugo boss lojas,0,6,0.0,55.5,True
hugo boss norte shopping,0,13,0.0,17.307692307692307,True
hugo boss outlet catarina,0,129,0.0,8.488372093023255,True
hugo boss perto de mim,0,1,0.0,1.0,False
hugo boss shopping,0,6,0.0,35.5,True
humanitarian calçados,0,1,0.0,5.0,False
hut pizzaria,0,1,0.0,11.0,False
huts pizzaria,0,1,0.0,10.0,False
i am authoria,0,1,0.0,4.0,False
i place,0,1,0.0,2.0,False
i shopping,0,1,0.0,11.0,False
i'm ri,0,1,0.0,11.0,False
ia junior,0,1,0.0,1.0,False
ibge blumenau,0,1,0.0,5.0,False
ibi shopping,0,2,0.0,18.0,False
ibi shopping montes claros,0,1,0.0,46.0,False
ibracon auditores,0,1,0.0,92.0,False
ibscoitê,0,1297,0.0,7.182729375481881,True
ice bar bc,0,1,0.0,7.0,False
icebot,0,2,0.0,10.0,False
ichards,0,19,0.0,6.894736842105263,True
ico cidade,0,1,0.0,5.0,False
icone shopping,0,2,0.0,61.5,False
iconic mall,0,11,0.0,4.090909090909091,True
ida loja,0,2,0.0,23.5,False
ida marca,0,1,0.0,100.0,False
ida moda feminina,0,6,0.0,10.333333333333334,True
ida oscar freire,0,1,0.0,18.0,False
idade e filhos,0,1,0.0,1.0,False
ideias para sipat 2025,0,3,0.0,6.0,True
idh balneário camboriú,0,27,0.0,24.962962962962962,True
idh blumenau,0,1,0.0,34.0,False
idh cidades brasileiras,0,5,0.0,79.6,True
idh cidades santa catarina,0,5,0.0,57.8,True
idh conceito,0,3,0.0,87.66666666666667,True
idh criciuma,0,2,0.0,1.0,False
idh curitiba,0,2,0.0,84.0,False
idh da região norte,0,1,0.0,69.0,False
idh da região sul,0,1,0.0,83.0,False
idh das cidades brasileiras,0,2,0.0,81.0,False
idh das regiões do brasil,0,2,0.0,93.5,False
idh de balneário camboriú,0,2,0.0,21.5,False
idh de blumenau,0,2,0.0,43.0,False
idh de chapecó,0,1,0.0,54.0,False
idh de curitiba,0,5,0.0,71.2,True
idh de florianopolis,0,1,0.0,56.0,False
idh de santa catarina,0,13,0.0,48.46153846153846,True
idh do brasil em 2010,0,1,0.0,64.0,False
idh do norte,0,2,0.0,78.0,False
idh e pib,0,1,0.0,76.0,False
idh europeu,0,4,0.0,56.75,True
idh florianopolis,0,4,0.0,60.0,True
idh florianópolis,0,11,0.0,60.27272727272727,True
idh joinville,0,2,0.0,39.0,False
idh regiao sul,0,1,0.0,69.0,False
idh região sul,0,1,0.0,97.0,False
idh santa catarina,0,3,0.0,54.333333333333336,True
idh santa catarina 2023,0,48,0.0,30.979166666666668,True
idh sc,0,2,0.0,36.5,False
ifood balneario camboriu,0,1,0.0,5.0,False
igreja aba blumenau,0,1,0.0,4.0,False
iguatemi ação,0,1,0.0,69.0,False
iguatemi cinema florianopolis,0,9,0.0,72.55555555555556,True
iguatemi empresa de shopping centers,0,2,0.0,75.5,False
iguatemi esplanada,0,1,0.0,12.0,False
iguatemi florianópolis,0,7,0.0,2.857142857142857,True
iguatemi ms,0,3,0.0,3.3333333333333335,True
iguatemi relações com investidores,0,1,0.0,23.0,False
iguatemi ri,0,2,0.0,33.0,False
iguatemi santa catarina,0,1,0.0,2.0,False
ijp mall,0,1,0.0,22.0,False
il porto shopping center,0,1,0.0,97.0,False
illusion museum,0,1,0.0,6.0,False
ilusao de otica numeros,0,2,0.0,61.5,False
ilusoes,0,1,0.0,59.0,False
ilusão de ótica pessoas,0,1,0.0,94.0,False
ilusões de ótica,0,42,0.0,68.0952380952381,True
ilusões de óticas,0,10,0.0,65.7,True
ilusões óticas,0,1,0.0,93.0,False
im,0,1,0.0,10.0,False
im juni,0,1,0.0,73.0,False
imagem,0,4,0.0,8.0,True
imagem centauro loja,0,1,0.0,1.0,False
imagem do local,0,1,0.0,18.0,False
imagem sipat 2025,0,74,0.0,1.0,True
imagens,0,11,0.0,16.545454545454547,True
imagens da loja,0,2,0.0,1.5,False
imagens de ana shopping,0,15,0.0,3.2,True
imagens de artefacto outlet,0,1,0.0,28.0,False
imagens de authentic feet barra shopping,0,1,0.0,8.0,False
imagens de authentic feet norte shopping,0,2,0.0,6.5,False
imagens de avatim franquia balneário camboriú centro,0,1,0.0,9.0,False
imagens de balneário shopping,0,4683,0.0,4.050395045910741,True
imagens de bar do alemão,0,5,0.0,17.8,True
imagens de bar do alemão itu,0,27,0.0,4.148148148148149,True
imagens de blue shop,0,16,0.0,3.0625,True
imagens de boutique do pão de ló bal camb-sc,0,16,0.0,6.125,True
imagens de boutique do pão de ló bal camb-sc balneário camboriú,0,1,0.0,4.0,False
imagens de brasil cacau norte shopping,0,1,0.0,5.0,False
imagens de c e a modas criciúma,0,5,0.0,8.0,True
imagens de canal da moda,0,9,0.0,3.7777777777777777,True
imagens de centauro artigos esportivos,0,1,0.0,3.0,False
imagens de centauro outlet,0,1,0.0,5.0,False
imagens de centauro vila almeida,0,2,0.0,9.0,False
imagens de cinépolis continente shopping,0,7,0.0,2.142857142857143,True
imagens de cinépolis norte shopping blumenau,0,1,0.0,5.0,False
imagens de clube melissa centro,0,2,0.0,19.0,False
imagens de cobasi casa forte,0,3,0.0,3.3333333333333335,True
imagens de cobasi linha verde,0,6,0.0,3.0,True
imagens de cobasi neumarkt,0,73,0.0,10.32876712328767,True
imagens de cobasi norte shopping,0,6,0.0,8.333333333333332,True
imagens de condomínio the spot,0,4,0.0,4.25,True
imagens de continental shopping,0,3,0.0,14.0,True
imagens de continente bom dia norteshopping,0,1,0.0,2.0,False
imagens de cotton on morumbi,0,1,0.0,1.0,False
imagens de criamigos balneário camboriú,0,5,0.0,4.0,True
imagens de criamigos barra da tijuca,0,1,0.0,3.0,False
imagens de criamigos norte shopping,0,2,0.0,4.5,False
imagens de criamigos oficina de amigos morumbi shopping jardim das acacias,0,1,0.0,5.0,False
imagens de criciúma shopping center,0,18,0.0,2.9444444444444446,True
imagens de crocs center shopping,0,1,0.0,1.0,False
imagens de crocs internacional shopping guarulhos,0,1,0.0,7.0,False
imagens de crocs joinville distrito industrial,0,3,0.0,5.333333333333333,True
imagens de cvm - creche e orfanato vinde a mim as criancinhas são josé,0,4,0.0,3.25,True
imagens de dragões,0,1,0.0,1.0,False
imagens de ecomax norte shopping,0,5,0.0,3.0,True
imagens de ee antônio de almeida júnior,0,1,0.0,2.0,False
imagens de elite norte shopping,0,5,0.0,4.0,True
imagens de emef almeida junior,0,1,0.0,3.0,False
imagens de estação mall,0,5,0.0,3.0,True
imagens de galeria shopping center salto.,0,3,0.0,3.6666666666666665,True
imagens de garten shopping,0,449,0.0,4.7616926503340755,True
imagens de giraffas jaragua do sul,0,1,0.0,2.0,False
imagens de giraffas ponta grossa,0,2,0.0,3.5,False
imagens de grand cru morumbi,0,3,0.0,3.3333333333333335,True
imagens de grupo schutz,0,1,0.0,3.0,False
imagens de jardim verde shopping,0,3,0.0,3.0,True
imagens de joalheria a novidade,0,8,0.0,3.0,True
imagens de lages shopping center,0,1,0.0,4.0,False
imagens de loja maria,0,2,0.0,5.0,False
imagens de loja natura balneário shopping estados,0,6,0.0,10.0,True
imagens de lojas,0,12,0.0,1.0833333333333333,True
imagens de lojas g blumenau,0,1,0.0,14.0,False
imagens de lojas vanmar,0,1,0.0,4.0,False
imagens de luz da lua fábrica,0,24,0.0,2.25,True
imagens de magic day,0,1,0.0,3.0,False
imagens de maria philó,0,8,0.0,3.0,True
imagens de mundo verde north shopping,0,1,0.0,4.0,False
imagens de natura neumarkt shopping blumenau,0,4,0.0,7.5,True
imagens de nações shopping,0,466,0.0,4.036480686695279,True
imagens de norte design,0,27,0.0,3.5555555555555554,True
imagens de norte shopping,0,105,0.0,3.1904761904761907,True
imagens de norte shopping blumenau,0,220,0.0,4.65,True
imagens de norte utilidades,0,2,0.0,3.0,False
imagens de novo shopping center ribeirão preto,0,5,0.0,5.2,True
imagens de o camarao norte shopping,0,3,0.0,3.0,True
imagens de paris 6 - shopping sp market,0,1,0.0,3.0,False
imagens de paris 6 balneario camboriu,0,61,0.0,8.327868852459016,True
imagens de paris 6 balneário camboriú,0,28,0.0,7.535714285714286,True
imagens de paris 6 campinas,0,1,0.0,3.0,False
imagens de paris 6 sjc,0,1,0.0,3.0,False
imagens de paris café club,0,1,0.0,3.0,False
imagens de parque mall,0,1,0.0,3.0,False
imagens de polícia federal - joinville,0,7,0.0,2.2857142857142856,True
imagens de quality shopping center,0,11,0.0,3.909090909090909,True
imagens de reserva open mall,0,1,0.0,3.0,False
imagens de restaurante mania de churrasco! buffet express,0,1,0.0,5.0,False
imagens de riachuelo asa norte,0,1,0.0,2.0,False
imagens de salinas casa shopping,0,2,0.0,4.5,False
imagens de santa lolla centro,0,18,0.0,4.888888888888889,True
imagens de sephora - catarina outlet,0,4,0.0,3.0,True
imagens de shop v. by vannini,0,1,0.0,11.0,False
imagens de shopping casa e design,0,2,0.0,3.5,False
imagens de shopping center um,0,13,0.0,3.1538461538461537,True
imagens de shopping d,0,19,0.0,3.0,True
imagens de shopping garten,0,160,0.0,3.675,True
imagens de shopping hd,0,2,0.0,3.0,False
imagens de shopping nacoes limeira,0,9,0.0,4.0,True
imagens de shopping nações unidas,0,5,0.0,4.4,True
imagens de shopping neumarkt,0,751,0.0,3.6897470039946736,True
imagens de shopping norte,0,16,0.0,7.5625,True
imagens de shopping santa ursula,0,60,0.0,8.066666666666666,True
imagens de shopping trade center,0,2,0.0,3.0,False
imagens de shopping villa romana,0,1,0.0,3.0,False
imagens de the spot one,0,2,0.0,9.0,False
imagens de tip top loja de fábrica,0,1,0.0,29.0,False
imagens de torre norte shopping,0,1,0.0,5.0,False
imagens de uza shoes jaú,0,1,0.0,3.0,False
imagens de vans store estados,0,179,0.0,9.804469273743017,True
imagens de wow park balneário camboriú,0,1,0.0,5.0,False
"imagens de zara estados, balneário camboriú",0,2,0.0,13.5,False
imagens de ótica leader,0,1,0.0,4.0,False
imagens do projeto,0,1,0.0,6.0,False
imagens iguais,0,1,0.0,15.0,False
imagens lojas,0,1,0.0,1.0,False
imagens sipat 2025,0,34,0.0,1.0,True
images,0,1,0.0,18.0,False
imaginarim,0,2,0.0,13.5,False
imaginario loja,0,7,0.0,42.142857142857146,True
imaginarium,0,306,0.0,14.656862745098039,True
imaginarium americana,0,1,0.0,1.0,False
imaginarium aracaju,0,1,0.0,5.0,False
imaginarium balneario camboriu,0,2,0.0,4.0,False
imaginarium bauru,0,3,0.0,1.3333333333333333,True
imaginarium bh,0,3,0.0,5.0,True
imaginarium biguaçu,0,2,0.0,1.0,False
imaginarium brasil,0,132,0.0,16.795454545454547,True
imaginarium brasilia,0,8,0.0,14.375,True
imaginarium brasília,0,9,0.0,10.777777777777779,True
imaginarium campinas,0,4,0.0,5.25,True
imaginarium caruaru,0,1,0.0,1.0,False
imaginarium cnpj,0,21,0.0,22.285714285714285,True
imaginarium cuiaba,0,1,0.0,1.0,False
imaginarium curitiba,0,6,0.0,25.5,True
imaginarium fechou,0,8,0.0,2.375,True
imaginarium florianópolis,0,1,0.0,1.0,False
imaginarium fotos,0,1,0.0,3.0,False
imaginarium franquia,0,11,0.0,39.72727272727273,True
imaginarium franquicia,0,1,0.0,39.0,False
imaginarium goiania,0,3,0.0,4.666666666666666,True
imaginarium goiania shopping,0,1,0.0,1.0,False
imaginarium ibirapuera,0,1,0.0,4.0,False
imaginarium iguatemi,0,5,0.0,1.6,True
imaginarium jaqueira,0,1,0.0,1.0,False
imaginarium joao pessoa,0,2,0.0,1.0,False
imaginarium jockey,0,3,0.0,1.0,True
imaginarium juiz de fora,0,2,0.0,5.5,False
imaginarium jundiai,0,1,0.0,4.0,False
imaginarium loja,0,427,0.0,13.93208430913349,True
imaginarium loja brasil,0,1,0.0,101.0,False
imaginarium loja online,0,3,0.0,5.333333333333333,True
imaginarium lojas,0,13,0.0,12.23076923076923,True
imaginarium lojas físicas,0,2,0.0,2.0,False
imaginarium lojas rj,0,17,0.0,39.588235294117645,True
imaginarium lojas sp,0,14,0.0,36.0,True
imaginarium londrina,0,1,0.0,1.0,False
imaginarium maceio,0,1,0.0,4.0,False
imaginarium manaus,0,6,0.0,2.0,True
imaginarium midway,0,1,0.0,14.0,False
imaginarium mooca,0,3,0.0,17.333333333333332,True
imaginarium online,0,1,0.0,4.0,False
imaginarium papelaria,0,2,0.0,8.0,False
imaginarium passo fundo,0,1,0.0,4.0,False
imaginarium patio brasil,0,3,0.0,1.3333333333333333,True
imaginarium pelotas,0,1,0.0,5.0,False
imaginarium perto de mim,0,2,0.0,1.0,False
imaginarium piracicaba,0,1,0.0,3.0,False
imaginarium plaza sul,0,1,0.0,1.0,False
imaginarium porto alegre,0,10,0.0,23.1,True
imaginarium porto velho,0,1,0.0,3.0,False
imaginarium praia de belas,0,1,0.0,1.0,False
imaginarium ribeirao preto,0,2,0.0,1.0,False
imaginarium ribeirão preto,0,2,0.0,1.0,False
imaginarium rio preto,0,1,0.0,1.0,False
imaginarium rio sul,0,1,0.0,3.0,False
imaginarium salvador,0,1,0.0,4.0,False
imaginarium shopping,0,11,0.0,11.0,True
imaginarium shopping curitiba,0,4,0.0,21.75,True
imaginarium shopping morumbi,0,1,0.0,4.0,False
imaginarium shopping tijuca,0,2,0.0,1.0,False
imaginarium significado,0,1,0.0,1.0,False
imaginarium site,0,7,0.0,86.57142857142857,True
imaginarium sorocaba,0,2,0.0,2.0,False
imaginarium sp,0,1,0.0,3.0,False
imaginarium tatuape,0,4,0.0,11.0,True
imaginarium teresina,0,1,0.0,4.0,False
imaginarium tiete plaza,0,12,0.0,10.75,True
imaginarium trabalhe conosco,0,52,0.0,22.192307692307693,True
imaginarium uberlandia,0,1,0.0,3.0,False
imaginarium vitoria da conquista,0,1,0.0,1.0,False
imaginarium west plaza,0,1,0.0,13.0,False
imaginarium.com.br,0,1,0.0,2.0,False
imaginaru,0,2,0.0,8.0,False
imaginaruium,0,1,0.0,9.0,False
imaginárium,0,1,0.0,3.0,False
imagm,0,1,0.0,17.0,False
imalls,0,3,0.0,6.666666666666667,True
imbituba tem shopping,0,1,0.0,2.0,False
imd comite,0,1,0.0,57.0,False
imf board,0,1,0.0,1.0,False
img ri,0,1,0.0,4.0,False
immaginarium,0,1,0.0,18.0,False
immense immense,0,1,0.0,24.0,False
imo uza,0,4,0.0,7.5,True
imobiliaria almeida,0,2,0.0,70.0,False
imobiliaria continente,0,1,0.0,37.0,False
imobiliaria novo continente,0,6,0.0,43.0,True
imobiliária,0,1,0.0,9.0,False
imobiliária continente,0,3,0.0,36.666666666666664,True
imobiliária novo continente,0,2,0.0,29.0,False
impar cidade nova,0,1,0.0,92.0,False
impar construtora,0,2,0.0,49.5,False
impar imóveis,0,1,0.0,51.0,False
impar latin,0,1,0.0,61.0,False
imponence,0,9,0.0,67.11111111111111,True
impossível,0,1,0.0,1.0,False
impressão 3d,0,1,0.0,1.0,False
imágenes,0,1,0.0,2.0,False
in cities,0,1,0.0,23.0,False
in juni,0,1,0.0,11.0,False
in mob,0,1,0.0,54.0,False
inaugura,0,1,0.0,1.0,False
inaugura loja,0,1,0.0,71.0,False
inauguracao,0,25,0.0,18.24,True
inaugurado,0,4,0.0,15.75,True
inaugurado em,0,1,0.0,8.0,False
inauguraçao,0,1,0.0,6.0,False
inauguração,0,12,0.0,11.916666666666666,True
inauguração balneário camboriu,0,110,0.0,8.0,True
inauguração de loja infantil,0,1,0.0,89.0,False
inauguração do,0,4,0.0,7.75,True
inauguração do norte shopping,0,12,0.0,9.75,True
inauguração do shopping,0,22,0.0,11.454545454545455,True
inauguração em balneário camboriú,0,13,0.0,10.846153846153847,True
inauguração lojas,0,1,0.0,68.0,False
inauguração norte shopping,0,26,0.0,5.6923076923076925,True
inauguração novo shopping ribeirao preto,0,3,0.0,5.333333333333333,True
inauguração ribeirao shopping,0,4,0.0,12.5,True
inaugurações,0,1,0.0,9.0,False
inaugurou,0,1,0.0,9.0,False
incendio continente shopping,0,1,0.0,57.0,False
include jr,0,1,0.0,39.0,False
indaial tem shopping,0,2,0.0,2.5,False
indeed são josé,0,1,0.0,2.0,False
indoor malls,0,2,0.0,8.0,False
ine fansa,0,1,0.0,51.0,False
infinity business & shopping,0,1,0.0,53.0,False
ingleses norte brasil,0,1,0.0,1.0,False
ingresso cinema balneário shopping,0,104,0.0,11.759615384615385,True
ingresso cinema garten,0,1,0.0,20.0,False
ingresso cinema shopping norte,0,1,0.0,24.0,False
ingresso museu da ilusao,0,5,0.0,77.6,True
ingressos museu das ilusões,0,5,0.0,66.0,True
ingressos norte shopping,0,1,0.0,3.0,False
inicio das obras,0,1,0.0,1.0,False
innovation or inovation,0,1,0.0,9.0,False
innovative retail,0,1,0.0,29.0,False
inova shopping,0,3,0.0,37.333333333333336,True
inovacell,0,2,0.0,5.0,False
inovated,0,2,0.0,39.5,False
inovathi joinville,0,1,0.0,31.0,False
inovation solutions,0,1,0.0,41.0,False
inovations,0,4,0.0,12.5,True
inovative,0,5,0.0,53.8,True
inpot balneário camboriú,0,1,0.0,25.0,False
inscricao,0,1,0.0,3.0,False
insider store cnpj,0,1,0.0,43.0,False
insper jr,0,1,0.0,41.0,False
inspiraram,0,5,0.0,73.8,True
inspiração,0,1,0.0,5.0,False
instagram de flavia alessandra,0,2,0.0,60.0,False
instituição,0,1,0.0,2.0,False
instituições,0,1,0.0,12.0,False
instituto da visão blumenau,0,3,0.0,58.0,True
instituto dos auditores independentes do brasil,0,1,0.0,88.0,False
instituto grupo solidário,0,1,0.0,64.0,False
instituto guga kuerten,0,14,0.0,35.07142857142857,True
instituto guga kuerten e bepantol,0,2,0.0,39.5,False
instituto mix criciuma,0,1,0.0,17.0,False
instituto mix itajai,0,2,0.0,28.5,False
instituto mix joinville,0,12,0.0,34.916666666666664,True
instituto mix lages,0,2,0.0,20.0,False
instituto mix palhoça,0,1,0.0,20.0,False
instituto+guga+kuerten+e+bepantol,0,6,0.0,37.5,True
intelbras joinville,0,1,0.0,50.0,False
intercorp iris programa de integridad corporativa,0,1,0.0,8.0,False
internet shopping card,0,1,0.0,62.0,False
intimissi,0,1,0.0,5.0,False
intimissimi,0,1,0.0,5.0,False
intimissimi santa catarina,0,1,0.0,63.0,False
"inurl:admin intitle:""login""",0,2,0.0,74.5,False
inverno farm,0,3,0.0,59.333333333333336,True
invest in balneário camboriú santa catarina brazil,0,12,0.0,86.75,True
invest in itajaí santa catarina brazil,0,12,0.0,89.5,True
invest in joinville santa catarina brazil,0,6,0.0,86.83333333333333,True
investidores,0,2,0.0,59.0,False
investor relations for angeloni.com.br,0,1,0.0,2.0,False
iphone 17 ale,0,1,0.0,3.0,False
iphone aj,0,1,0.0,1.0,False
iphone ale,0,1,0.0,7.0,False
iphone arbil da7,0,1,0.0,66.0,False
iphone junior,0,2,0.0,2.0,False
iphone lista,0,1,0.0,1.0,False
iphone raffle,0,1,0.0,7.0,False
iplace - shopping balneário,0,1,0.0,15.0,False
iplace balneario camboriu,0,3,0.0,26.666666666666668,True
iplace blumenau,0,1,0.0,18.0,False
iplace cambui,0,3,0.0,21.666666666666668,True
iplace continente,0,1,0.0,19.0,False
iplace garten,0,1,0.0,33.0,False
iplace itapema,0,3,0.0,11.666666666666666,True
iplace shopping continente,0,1,0.0,26.0,False
ipo,0,1,0.0,12.0,False
ipo expand,0,1,0.0,9.0,False
ipo ju,0,1,0.0,9.0,False
ipo mall,0,2,0.0,6.0,False
ipo projects,0,2,0.0,9.0,False
ipo shopping,0,1,0.0,10.0,False
ipo store,0,1,0.0,7.0,False
ipo works,0,1,0.0,11.0,False
ipovia,0,5,0.0,5.6,True
ir contacts,0,2,0.0,7.0,False
irao continente,0,1,0.0,1.0,False
irreplicavel,0,4,0.0,25.0,True
irreplicável,0,2,0.0,33.0,False
irão continente,0,1,0.0,51.0,False
is almeida legit,0,1,0.0,1.0,False
is it best places for back-to-school supply shopping,0,1,0.0,8.0,False
is kfc american,0,2,0.0,64.0,False
is kfc american?,0,1,0.0,9.0,False
is mall,0,2,0.0,4.0,False
is there kfc in brazil,0,1,0.0,1.0,False
isa schutz,0,1,0.0,1.0,False
isa_schulz,0,2,0.0,2.5,False
isenções,0,1,0.0,2.0,False
isla balneario,0,29,0.0,7.0344827586206895,True
isla balneario camboriu,0,92,0.0,9.282608695652174,True
isla bc,0,1,0.0,6.0,False
isla bolsas,0,4,0.0,10.25,True
isla bolsas lojas,0,15,0.0,6.066666666666666,True
isla camboriu,0,3,0.0,9.333333333333334,True
itaim bibi shopping,0,2,0.0,18.0,False
itaim shopping,0,4,0.0,46.5,True
itajai a blumenau,0,2,0.0,88.0,False
itajai blumenau,0,1,0.0,99.0,False
itajai cinema,0,1,0.0,52.0,False
itajai lojas,0,1,0.0,82.0,False
itajai para blumenau,0,1,0.0,99.0,False
itajai shopping,0,31,0.0,49.29032258064516,True
itajai shopping cinema,0,18,0.0,47.111111111111114,True
itajai tem shopping,0,1,0.0,9.0,False
itajaí shopping,0,31,0.0,41.935483870967744,True
itajaí shopping - centro itajaí - sc,0,3,0.0,21.0,True
itajaí shopping cinema,0,3,0.0,37.333333333333336,True
itajaí tem shopping,0,1,0.0,9.0,False
itanhaem shopping,0,1,0.0,46.0,False
itapema,0,1,0.0,3.0,False
itapema sc shopping,0,1,0.0,2.0,False
itapema shopping,0,1,0.0,4.0,False
itapema-sc,0,1,0.0,2.0,False
itaú conectcar,0,1,0.0,67.0,False
itens essenciais para casa,0,1,0.0,1.0,False
itrrs,0,1,0.0,9.0,False
itrs,0,73,0.0,9.972602739726028,True
its susana,0,1,0.0,9.0,False
itsjuniorbr,0,2,0.0,17.0,False
itu bar do alemão,0,1,0.0,29.0,False
ivan almeida da silva,0,1,0.0,10.0,False
ivan de almeida,0,1,0.0,3.0,False
ivaucher app,0,1,0.0,75.0,False
içara,0,2,0.0,1.0,False
j almeida,0,10,0.0,18.0,True
j mainhardt,0,1,0.0,72.0,False
j u n i o r,0,6,0.0,42.5,True
j&j shopping mall,0,1,0.0,10.0,False
j. almeida,0,1,0.0,1.0,False
ja shopping farol,0,1,0.0,25.0,False
jackelin boing boing,0,1,0.0,63.0,False
jade frampton elle editor,0,1,0.0,3.0,False
jaecoo,0,1,0.0,2.0,False
jah continente,0,2,0.0,9.0,False
jah do açai,0,1,0.0,1.0,False
jahyr boeira de almeida,0,1,0.0,13.0,False
jaime almeida,0,1,0.0,1.0,False
jaime bento de almeida junior,0,1,0.0,3.0,False
jaime de almeida,0,1,0.0,1.0,False
jaime jaimes,0,3,0.0,5.666666666666667,True
jaime vendera wikipedia,0,1,0.0,9.0,False
jaimes,0,19,0.0,22.68421052631579,True
jaimes almeida junior fortuna,0,7,0.0,1.0,True
jaimes jaimes,0,1,0.0,25.0,False
jalmeida,0,2,0.0,24.5,False
james almeida,0,28,0.0,2.321428571428571,True
jan.com.br founded,0,5,0.0,7.4,True
janguie diniz empresa,0,1,0.0,3.0,False
japon by cleber,0,1,0.0,8.0,False
jaqueta canal concept,0,1,0.0,4.0,False
jaqueta corta vento feminina forrada,0,1,0.0,4.0,False
jaqueta new balance cinza,0,1,0.0,3.0,False
jaqueta time brasil,0,1,0.0,7.0,False
jaragua do sul cinema,0,5,0.0,63.2,True
jaragua do sul para balneario camboriu,0,1,0.0,49.0,False
jaragua do sul park shopping,0,2,0.0,44.0,False
jaragua do sul população,0,5,0.0,86.4,True
jaragua do sul restaurantes,0,2,0.0,74.5,False
jaragua do sul shopping,0,8,0.0,46.25,True
jaragua do sul tem shopping,0,3,0.0,9.666666666666666,True
jaragua park shopping,0,2,0.0,78.5,False
jaragua shopping,0,2,0.0,71.5,False
jaragua shopping cinema,0,1,0.0,45.0,False
jaraguá do sul a balneário camboriú,0,3,0.0,50.666666666666664,True
jaraguá do sul park shopping,0,7,0.0,53.57142857142857,True
jaraguá do sul shopping,0,5,0.0,37.8,True
jaraguá do sul tem shopping,0,1,0.0,11.0,False
jaraguá park shopping,0,1,0.0,95.0,False
jardim almeida,0,2,0.0,67.5,False
jardinagem blumenau,0,1,0.0,1.0,False
jaya 33 shopping centre,0,1,0.0,24.0,False
jayme canet júnior,0,1,0.0,6.0,False
jayme lago,0,1,0.0,52.0,False
jbay continente,0,1,0.0,9.0,False
jcc ri,0,1,0.0,4.0,False
jcc shoppings,0,1,0.0,32.0,False
jck business hall,0,1,0.0,50.0,False
jcpm shopping centers,0,1,0.0,42.0,False
je shopping,0,1,0.0,10.0,False
jean levi's,0,1,0.0,41.0,False
jeans,0,3,0.0,2.0,True
jeans levis,0,1,0.0,75.0,False
jeans lez a lez é bom,0,1,0.0,2.0,False
jee altheman,0,3,0.0,28.0,True
jeep junior,0,20,0.0,1.0,True
jeep natal,0,3,0.0,29.666666666666668,True
jeep shopping,0,4,0.0,8.5,True
jefferson colman campelo,0,4,0.0,1.0,True
jeimes almeida,0,21,0.0,5.857142857142857,True
jequitimar shopping,0,1,0.0,46.0,False
jeronimo continente shopping,0,1,0.0,1.0,False
jeronimo durski,0,1,0.0,96.0,False
jeronimo neumarkt,0,1,0.0,1.0,False
jeronimo shopping continente,0,1,0.0,2.0,False
jeronimo shopping curitiba,0,1,0.0,25.0,False
jesualdo almeida,0,4,0.0,2.25,True
jesualdo almeida junior,0,2,0.0,2.0,False
jfc almeida jj,0,1,0.0,6.0,False
jffans,0,6,0.0,7.5,True
jfi,0,1,0.0,5.0,False
jin jin,0,1,0.0,11.0,False
jin jin brooklyn,0,1,0.0,9.0,False
jin jin near me,0,1,0.0,5.0,False
jin jin panama city,0,1,0.0,5.0,False
jin jin restaurant,0,1,0.0,4.0,False
jinjin,0,3,0.0,1.6666666666666665,True
jinjin meaning,0,1,0.0,5.0,False
jinjin shopping,0,1,0.0,10.0,False
jj almeida,0,3,0.0,5.0,True
jj almeida jiu jitsu,0,1,0.0,4.0,False
jmall concentrix,0,1,0.0,38.0,False
jmp incorporadora,0,1,0.0,49.0,False
jn investimentos joinville,0,1,0.0,11.0,False
jne amplas trade center,0,1,0.0,6.0,False
jo malone norte shopping,0,13,0.0,47.46153846153846,True
jo malone norteshopping,0,23,0.0,44.43478260869565,True
joalheria balneário shopping,0,3,0.0,20.333333333333332,True
joalheria guerreiro,0,3,0.0,71.66666666666667,True
joao almeida dias,0,24,0.0,4.25,True
joao almeida dias acidente,0,2,0.0,10.0,False
joao almeida dias fazendeiro,0,1,0.0,12.0,False
joao almeida dias itapeva,0,1,0.0,12.0,False
joao dias almeida,0,5,0.0,5.2,True
joao dias almeida acidente,0,1,0.0,7.0,False
joao dias de almeida,0,1,0.0,11.0,False
joao eustaquio de almeida junior,0,57,0.0,6.175438596491228,True
joaçaba,0,1,0.0,3.0,False
joaçaba tem shopping,0,6,0.0,12.166666666666666,True
job,0,1,0.0,1.0,False
joel paulo de almeida junior,0,1,0.0,41.0,False
joelheira asics volei,0,1,0.0,1.0,False
joge brasil,0,1,0.0,39.0,False
joge lingerie,0,1,0.0,10.0,False
joge loja,0,37,0.0,22.216216216216218,True
joge outlet,0,2,0.0,11.0,False
joge site,0,3,0.0,52.333333333333336,True
jogeb,0,4,0.0,10.0,True
jogo de cama solteiro percal,0,1,0.0,26.0,False
jogo realidade virtual shopping,0,1,0.0,12.0,False
jogos de experiência,0,2,0.0,89.5,False
jogos no continente,0,1,0.0,8.0,False
jogos norte shopping,0,1,0.0,22.0,False
jogé,0,23,0.0,11.652173913043478,True
jogê história,0,1,0.0,11.0,False
jogê loja,0,89,0.0,9.617977528089888,True
jogê lojas,0,52,0.0,23.846153846153847,True
jogê outlet,0,9,0.0,14.88888888888889,True
johanna stein,0,4,0.0,2.0,True
joi almeida,0,6,0.0,42.666666666666664,True
joias guerreiro,0,3,0.0,57.333333333333336,True
joinpark estacionamentos,0,1,0.0,4.0,False
joinville,0,14,0.0,3.857142857142857,True
joinville / sc,0,1,0.0,3.0,False
joinville a balneario,0,3,0.0,58.0,True
joinville a balneario camboriu,0,3,0.0,66.0,True
joinville a balneário camboriú,0,6,0.0,57.166666666666664,True
joinville a blumenau,0,1,0.0,61.0,False
joinville a camboriu,0,3,0.0,52.666666666666664,True
joinville a florianopolis,0,1,0.0,70.0,False
joinville a florianópolis,0,1,0.0,85.0,False
joinville ate blumenau,0,1,0.0,70.0,False
joinville ate floripa,0,1,0.0,59.0,False
joinville balneário camboriú,0,2,0.0,57.0,False
joinville blumenau,0,4,0.0,63.0,True
joinville cinema,0,7,0.0,62.285714285714285,True
joinville city,0,1,0.0,190.0,False
joinville fica em qual estado,0,3,0.0,76.0,True
joinville fica em que estado,0,1,0.0,57.0,False
joinville florianopolis,0,8,0.0,84.5,True
joinville florianópolis,0,1,0.0,88.0,False
joinville garten,0,117,0.0,12.88034188034188,True
joinville garten cinema,0,4,0.0,48.5,True
joinville garten shopping cinema,0,61,0.0,35.032786885245905,True
joinville idh,0,3,0.0,45.666666666666664,True
joinville lojas,0,1,0.0,26.0,False
joinville ou blumenau,0,1,0.0,65.0,False
joinville para balneario,0,1,0.0,92.0,False
joinville para balneário camboriú,0,3,0.0,43.666666666666664,True
joinville para blumenau,0,5,0.0,72.2,True
joinville para camboriu,0,2,0.0,60.0,False
joinville para florianopolis,0,1,0.0,82.0,False
joinville pib,0,1,0.0,42.0,False
joinville santa catarina,0,1,0.0,3.0,False
joinville sc,0,2,0.0,10.5,False
joinville shopping,0,211,0.0,12.592417061611375,True
joinville shopping garden,0,16,0.0,9.1875,True
joinville shopping garten,0,132,0.0,8.083333333333332,True
joinville shopping mueller,0,1,0.0,36.0,False
joinville shoppings,0,39,0.0,10.282051282051283,True
joinville tem shopping,0,130,0.0,12.092307692307692,True
joinville-sc,0,1,0.0,4.0,False
joinville.,0,1,0.0,4.0,False
jojê,0,4,0.0,8.75,True
jolie loja,0,17,0.0,14.764705882352942,True
jolies,0,1,0.0,3.0,False
jonas almeida,0,3,0.0,5.333333333333333,True
jonas almeida vanguarda,0,1,0.0,3.0,False
joni single,0,1,0.0,25.0,False
jordan,0,1,0.0,11.0,False
jorgê,0,1,0.0,10.0,False
jose almeida junior,0,5,0.0,44.4,True
jose de almeida junior,0,5,0.0,7.6,True
jose eduardo souza aranha,0,1,0.0,10.0,False
jose ferraz de almeida junior,0,2,0.0,4.0,False
jose ferreira de almeida junior,0,2,0.0,10.5,False
josé almeida,0,4,0.0,2.5,True
josé ferraz de almeida junior,0,3,0.0,3.0,True
jounior,0,1,0.0,35.0,False
jovens talentos,0,1,0.0,3.0,False
jovilee gift app,0,1,0.0,6.0,False
joão almeida dias,0,8,0.0,3.5,True
joão almeida dias acidente,0,1,0.0,11.0,False
joão dias almeida,0,2,0.0,3.0,False
joão dias almeida acidente,0,2,0.0,10.5,False
joão eustaquio de almeida junior,0,5,0.0,5.8,True
joão eustáquio de almeida junior,0,17,0.0,21.058823529411764,True
joão eustáquio de almeida júnior,0,11,0.0,5.909090909090909,True
jp almeida,0,1,0.0,1.0,False
jp almeida florianópolis,0,1,0.0,9.0,False
jp almeida ltda,0,1,0.0,5.0,False
jp almeida santa catarina,0,110,0.0,4.9363636363636365,True
jr,0,3,0.0,2.0,True
jr 2016,0,1,0.0,10.0,False
jr acessorios,0,1,0.0,35.0,False
jr almeida,0,31,0.0,5.451612903225806,True
jr and r,0,1,0.0,38.0,False
jr center,0,4,0.0,8.5,True
jr construtora,0,4,0.0,46.5,True
jr empreendimentos,0,3,0.0,41.333333333333336,True
jr empresa,0,2,0.0,1.0,False
jr estacionamento,0,1,0.0,12.0,False
jr i,0,1,0.0,20.0,False
jr juniors,0,2,0.0,53.0,False
jr lajes,0,1,0.0,33.0,False
jr logo imagens,0,2,0.0,27.5,False
jr midia digital,0,1,0.0,9.0,False
jr mix,0,2,0.0,39.5,False
jr outlet,0,4,0.0,25.75,True
jr promotions,0,1,0.0,84.0,False
jr promoção,0,2,0.0,46.0,False
jr promoções,0,10,0.0,13.3,True
jr promoções app,0,2,0.0,11.0,False
jr promoções curitiba,0,1,0.0,12.0,False
jr ri,0,5,0.0,5.2,True
jr sa,0,2,0.0,6.5,False
jr sao paulo,0,1,0.0,96.0,False
jr scooters,0,1,0.0,12.0,False
jr segurança e vigilância ltda,0,1,0.0,55.0,False
jr shop,0,4,0.0,16.75,True
jr shop online,0,1,0.0,10.0,False
jr shopping,0,50,0.0,9.68,True
jr shopping center,0,10,0.0,8.2,True
jr site,0,3,0.0,6.0,True
jr stitch,0,1,0.0,9.0,False
jr tips,0,1,0.0,16.0,False
jr vans,0,1,0.0,24.0,False
jr_almeida07,0,5,0.0,9.6,True
ju almeida,0,3,0.0,15.0,True
ju authentica,0,1,0.0,16.0,False
ju de,0,1,0.0,32.0,False
ju fact,0,1,0.0,94.0,False
ju feet,0,5,0.0,13.2,True
ju gratis,0,2,0.0,70.0,False
ju laser,0,1,0.0,11.0,False
ju montana,0,2,0.0,13.5,False
ju no ri,0,2,0.0,22.0,False
ju one,0,1,0.0,8.0,False
ju privacy,0,19,0.0,14.947368421052632,True
ju we,0,1,0.0,97.0,False
ju.com,0,2,0.0,23.5,False
jua gift card,0,1,0.0,21.0,False
jum e,0,2,0.0,45.5,False
jum.com,0,9,0.0,7.555555555555555,True
jum.com*,0,5,0.0,6.4,True
jumio brasil,0,2,0.0,40.0,False
jun app,0,2,0.0,11.5,False
jun center,0,1,0.0,12.0,False
jun jum,0,1,0.0,8.0,False
jun model,0,1,0.0,8.0,False
jun ri,0,69,0.0,10.347826086956522,True
jun shop,0,2,0.0,8.5,False
jun.com,0,49,0.0,7.448979591836735,True
juni e,0,3,0.0,52.333333333333336,True
juni shop,0,1,0.0,11.0,False
junin privacy,0,5,0.0,13.6,True
junin shopping,0,2,0.0,2.0,False
juninho lacoste,0,3,0.0,17.666666666666668,True
junio buy,0,2,0.0,5.0,False
junio official website,0,1,0.0,5.0,False
junio purchase,0,5,0.0,7.4,True
junio resultados,0,2,0.0,20.0,False
junior,0,40,0.0,44.95,True
junior alonso,0,1,0.0,5.0,False
junior anchor store,0,1,0.0,8.0,False
junior app,0,3,0.0,4.333333333333334,True
junior auto center porto alegre,0,1,0.0,14.0,False
junior barranquilla,0,1,0.0,5.0,False
junior bc,0,1,0.0,2.0,False
junior br,0,1,0.0,25.0,False
junior brasil,0,2,0.0,71.0,False
junior buy,0,2,0.0,6.0,False
junior calendario,0,6,0.0,6.5,True
junior calçados rio do sul,0,1,0.0,7.0,False
junior card,0,1,0.0,1.0,False
junior cards,0,4,0.0,14.75,True
junior central,0,1,0.0,8.0,False
junior ceo,0,2,0.0,4.0,False
junior cinepolis,0,1,0.0,54.0,False
junior com,0,4,0.0,6.75,True
junior company,0,2,0.0,12.0,False
junior contact,0,3,0.0,49.333333333333336,True
junior crianca,0,1,0.0,82.0,False
junior durski madero,0,1,0.0,70.0,False
junior durski restaurantes,0,1,0.0,69.0,False
junior e carol,0,4,0.0,65.75,True
junior email,0,1,0.0,17.0,False
junior empresa,0,3,0.0,43.666666666666664,True
junior esg,0,4,0.0,5.75,True
junior estacionamento,0,11,0.0,18.181818181818183,True
junior express bobs,0,5,0.0,60.4,True
junior fans,0,1,0.0,13.0,False
junior feet,0,1,0.0,11.0,False
junior garagem mais exclusiva do brasil,0,1,0.0,41.0,False
junior group,0,3,0.0,11.666666666666666,True
junior grupo,0,2,0.0,5.5,False
junior ida,0,3,0.0,9.666666666666666,True
junior inc,0,1,0.0,1.0,False
junior investor relations,0,1,0.0,5.0,False
junior iphone,0,5,0.0,12.0,True
"junior jaimes, latest",0,2,0.0,13.5,False
junior jeep,0,4,0.0,12.0,True
junior logo,0,10,0.0,28.9,True
junior loterias,0,3,0.0,82.66666666666667,True
junior magia,0,1,0.0,74.0,False
junior mall,0,6,0.0,6.5,True
junior mall fotos,0,1,0.0,6.0,False
junior marcelo,0,1,0.0,52.0,False
junior market,0,1,0.0,6.0,False
junior markets,0,1,0.0,6.0,False
junior mercado,0,2,0.0,9.5,False
junior mix,0,1,0.0,28.0,False
junior model,0,2,0.0,8.0,False
junior noir,0,1,0.0,1.0,False
junior noticias,0,2,0.0,10.5,False
junior ones,0,1,0.0,16.0,False
junior pets,0,2,0.0,38.5,False
junior place,0,3,0.0,10.0,True
junior plaza,0,1,0.0,1.0,False
junior premiações,0,9,0.0,5.444444444444445,True
junior premios,0,2,0.0,6.0,False
junior privacy,0,22,0.0,9.0,True
junior purchase,0,2,0.0,12.0,False
junior resultado,0,15,0.0,9.866666666666667,True
junior resultados,0,2,0.0,11.5,False
junior revista,0,1,0.0,96.0,False
junior ri,0,4,0.0,3.5,True
junior rifas,0,1,0.0,10.0,False
junior sc,0,1,0.0,2.0,False
junior shop,0,8,0.0,40.625,True
junior shopping,0,57,0.0,6.807017543859649,True
junior shopping online,0,1,0.0,2.0,False
junior shops,0,1,0.0,9.0,False
junior store,0,6,0.0,80.0,True
junior suspensão,0,2,0.0,9.5,False
junior suspensões,0,1,0.0,65.0,False
junior taco,0,1,0.0,9.0,False
junior technology,0,2,0.0,58.0,False
junior top top,0,2,0.0,16.5,False
junior vs buy,0,1,0.0,7.0,False
junior web award,0,1,0.0,15.0,False
junior white,0,3,0.0,10.666666666666666,True
junior x,0,1,0.0,23.0,False
junior's,0,1,0.0,5.0,False
junior.,0,1,0.0,41.0,False
junior.com,0,2,0.0,9.5,False
junior.com.br,0,4,0.0,7.25,True
juniors flats,0,1,0.0,60.0,False
juniors group,0,1,0.0,9.0,False
juniors logo,0,1,0.0,27.0,False
juniors shop,0,15,0.0,10.866666666666667,True
juniors vans,0,1,0.0,9.0,False
juniro,0,1,0.0,70.0,False
junjor,0,1,0.0,9.0,False
junn.com,0,54,0.0,6.018518518518518,True
junoir,0,1,0.0,50.0,False
jur-395,0,1,0.0,9.0,False
jurassic world,0,1,0.0,1.0,False
jurassic world mundo dos dinossauros,0,1,0.0,1.0,False
jurassic world mundo jurásico,0,1,0.0,1.0,False
jurassic world norte shopping,0,16,0.0,11.6875,True
jurassico,0,9,0.0,12.777777777777779,True
jurássico,0,19,0.0,8.578947368421051,True
jurássico restaurante balneário camboriú,0,1,0.0,4.0,False
jusett almeida,0,1,0.0,5.0,False
juvenil plaza,0,1,0.0,10.0,False
já começou?,0,1,0.0,1.0,False
já existiu?,0,1,0.0,1.0,False
jöge,0,4,0.0,75.5,True
júnior,0,20,0.0,24.5,True
júnior e carol,0,2,0.0,64.5,False
júnior empresário,0,25,0.0,79.68,True
júnior rifas,0,1,0.0,22.0,False
júnior tem,0,3,0.0,36.0,True
kalunga,0,1,0.0,1.0,False
kalunga balneário camboriú,0,2,0.0,10.0,False
kalunga bc,0,1,0.0,4.0,False
kalunga blumenau,0,1,0.0,3.0,False
kalunga celular samsung,0,1,0.0,71.0,False
kalunga continente shopping,0,10,0.0,14.8,True
kalunga criciuma,0,33,0.0,10.030303030303031,True
kalunga em blumenau,0,1,0.0,7.0,False
kalunga floripa shopping,0,1,0.0,1.0,False
kalunga imperatriz,0,1,0.0,47.0,False
kalunga lojas shopping,0,1,0.0,31.0,False
kalunga monitor,0,1,0.0,71.0,False
kalunga neumarkt shopping,0,1,0.0,11.0,False
kalunga shopping continente,0,12,0.0,27.333333333333332,True
kalunga shopping neumarkt,0,7,0.0,16.714285714285715,True
karbonell,0,8,0.0,44.5,True
kart nacoes shopping,0,1,0.0,34.0,False
kart nações shopping,0,2,0.0,21.5,False
kart ribeirao preto,0,1,0.0,2.0,False
kart ribeirão preto,0,1,0.0,2.0,False
kart santa ursula,0,1,0.0,10.0,False
kart shopping nacoes,0,1,0.0,6.0,False
kela calçados,0,1,0.0,11.0,False
kentucky fried chicken,0,4,0.0,1.0,True
kentucky fried chicken crispy chicken strips,0,1,0.0,1.0,False
kentucky restaurante,0,1,0.0,5.0,False
kentucky santa catarina,0,7,0.0,26.571428571428573,True
key account junior,0,4,0.0,1.0,True
kfc,0,6,0.0,6.333333333333333,True
kfc american,0,5,0.0,52.8,True
kfc americana,0,30,0.0,11.533333333333333,True
kfc balcones,0,1,0.0,28.0,False
kfc balde,0,25,0.0,2.6399999999999997,True
kfc balneario,0,28,0.0,9.464285714285714,True
kfc balneario camboriu,0,23,0.0,8.347826086956522,True
kfc balneario shopping,0,3,0.0,9.666666666666666,True
kfc balneário camboriú,0,49,0.0,15.979591836734693,True
kfc brand country,0,1,0.0,80.0,False
kfc camboriu,0,3,0.0,9.333333333333334,True
kfc carrers,0,2,0.0,6.5,False
kfc catarina outlet,0,3,0.0,11.333333333333334,True
kfc cnpj,0,1,0.0,13.0,False
kfc concordia,0,3,0.0,4.0,True
kfc continente,0,1,0.0,1.0,False
kfc continente shopping,0,17,0.0,12.294117647058824,True
kfc em balneário camboriú,0,9,0.0,9.555555555555555,True
kfc em joinville,0,5,0.0,10.4,True
kfc em santa catarina,0,40,0.0,6.475,True
kfc en,0,3,0.0,68.33333333333333,True
kfc en camboriu,0,1,0.0,14.0,False
kfc florianopolis,0,3,0.0,51.666666666666664,True
kfc florianópolis,0,15,0.0,6.133333333333334,True
kfc grande rio,0,1,0.0,2.0,False
kfc in brazil,0,1,0.0,80.0,False
kfc in the us,0,2,0.0,94.5,False
kfc is a restaurant,0,1,0.0,19.0,False
kfc itajai,0,7,0.0,8.428571428571429,True
kfc itapema,0,2,0.0,1.0,False
kfc joinville,0,6,0.0,6.5,True
kfc jr,0,1,0.0,10.0,False
kfc junior,0,29,0.0,10.724137931034482,True
kfc kelmscott,0,1,0.0,32.0,False
kfc made,0,1,0.0,80.0,False
kfc mais próximo,0,1,0.0,21.0,False
kfc nações criciúma,0,1,0.0,1.0,False
kfc nações shopping,0,7,0.0,12.571428571428571,True
kfc neumarkt,0,25,0.0,10.6,True
kfc norte shopping,0,1,0.0,14.0,False
kfc nova america,0,3,0.0,25.666666666666668,True
kfc quando foi criado,0,6,0.0,26.5,True
kfc recreio shopping,0,1,0.0,95.0,False
kfc restaurant usa,0,2,0.0,77.0,False
kfc restaurante,0,22,0.0,30.363636363636363,True
kfc restaurantes,0,1,0.0,11.0,False
kfc santa,0,1,0.0,5.0,False
kfc santa catarina,0,368,0.0,7.978260869565218,True
kfc santa catarina promociones,0,1,0.0,5.0,False
kfc sc,0,50,0.0,6.18,True
kfc selkirk,0,4,0.0,9.25,True
kfc shopping da bahia,0,1,0.0,4.0,False
kfc steinbach,0,38,0.0,9.368421052631579,True
kfc tubarao,0,1,0.0,6.0,False
kfc which country,0,1,0.0,58.0,False
kfcrestaurant,0,1,0.0,83.0,False
kichen chicken,0,1,0.0,1.0,False
kid junior privacy,0,27,0.0,9.222222222222221,True
kid júnior privacy,0,19,0.0,8.157894736842106,True
kimono almeida jj,0,1,0.0,5.0,False
king rifa,0,3,0.0,10.0,True
king sushi vix,0,1,0.0,39.0,False
kings continente shopping,0,4,0.0,10.5,True
kiosk neumarkt,0,1,0.0,11.0,False
kit churrasco imaginarium,0,11,0.0,47.27272727272727,True
kit de maquiagemlifestyle,0,10,0.0,24.8,True
kit para fazer sushi continente,0,1,0.0,35.0,False
kit pet friendly,0,4,0.0,11.0,True
kits gratuitos,0,9,0.0,14.88888888888889,True
kits para crianças,0,1,0.0,85.0,False
kmart blumenau,0,1,0.0,8.0,False
kobasi,0,1,0.0,10.0,False
kontynenty,0,1,0.0,30.0,False
kopenhagen,0,2,0.0,4.0,False
kopenhagen balneario shopping,0,101,0.0,11.603960396039604,True
kopenhagen blumenau neumarkt shopping centro,0,1,0.0,1.0,False
kopenhagen chocolate franquia,0,27,0.0,66.85185185185185,True
kopenhagen e brasil cacau,0,1,0.0,1.0,False
kopenhagen franquia,0,1,0.0,66.0,False
kopenhagen joinville,0,347,0.0,9.988472622478387,True
kopenhagen mais próxima,0,1,0.0,42.0,False
kopenhagen norte shopping,0,2,0.0,22.5,False
kopenhagen shopping,0,1,0.0,9.0,False
kopenhagen shopping balneario,0,8,0.0,12.375,True
kraft mall,0,1,0.0,12.0,False
l occitane lojas shopping,0,1,0.0,2.0,False
l'occitane shopping continente,0,4,0.0,13.5,True
la guapa franquia,0,5,0.0,10.8,True
la guapa é franquia,0,3,0.0,9.0,True
la mandinne balneário camboriú,0,1,0.0,44.0,False
la mandinne joinville,0,1,0.0,37.0,False
la vita balneário camboriú,0,1,0.0,5.0,False
laboratorio floripa shopping,0,1,0.0,29.0,False
laboratorio hemos blumenau,0,1,0.0,53.0,False
laboratório almeida,0,2,0.0,45.0,False
laboratório camboriu,0,1,0.0,92.0,False
laboratório camboriú,0,4,0.0,96.25,True
laboratório continente,0,6,0.0,37.0,True
laboratório em camboriú,0,1,0.0,97.0,False
laboratório hemos,0,1,0.0,38.0,False
laboratório hemos blumenau,0,1,0.0,51.0,False
laboratório no norte shopping,0,7,0.0,8.142857142857142,True
laboratório norte shopping,0,23,0.0,15.26086956521739,True
laboratório santa catarina blumenau,0,1,0.0,97.0,False
laboratório shopping norte,0,1,0.0,8.0,False
lacoste,0,3,0.0,4.333333333333334,True
lacoste balneario shopping,0,63,0.0,11.88888888888889,True
lacoste center norte fotos,0,1,0.0,5.0,False
lacoste lojas,0,1,0.0,11.0,False
lacoste norte shopping,0,6,0.0,20.166666666666668,True
lacoste norteshopping fotos,0,1,0.0,4.0,False
lacoste outlet - moema fotos,0,1,0.0,28.0,False
lacoste perto de mim,0,1,0.0,6.0,False
lacoste sa,0,1,0.0,30.0,False
lacoste shopping,0,47,0.0,13.659574468085106,True
lacoste trabalhe conosco,0,5,0.0,31.8,True
lages a balneário camboriú,0,2,0.0,72.5,False
lages a blumenau,0,1,0.0,81.0,False
lages garden shopping,0,5,0.0,41.8,True
lages garden shopping cinema,0,1,0.0,36.0,False
lages garden shopping lojas,0,3,0.0,28.666666666666668,True
lages sc shopping,0,2,0.0,21.0,False
lages shopping,0,8,0.0,35.875,True
lages shopping center lages - sc,0,1,0.0,95.0,False
lages tem shopping,0,2,0.0,9.5,False
laks company balneario camboriu,0,3,0.0,42.0,True
lan house ribeirao preto,0,1,0.0,1.0,False
lanca perfume,0,12,0.0,9.0,True
lanca perfume loja,0,55,0.0,7.254545454545455,True
lanca perfume lojas,0,4,0.0,15.5,True
lanca perfume roupa,0,2,0.0,71.5,False
lanca perfume site,0,1,0.0,58.0,False
lancamentos farm,0,1,0.0,50.0,False
lancaperfume site,0,3,0.0,71.33333333333333,True
lanche giraffas,0,3,0.0,29.0,True
lanche popeye,0,2,0.0,1.0,False
lanches do giraffas,0,1,0.0,7.0,False
lanches giraffas,0,1,0.0,26.0,False
lanchonete do alemão,0,1,0.0,13.0,False
lanchonete giraffas,0,6,0.0,26.333333333333332,True
lanvanderia,0,2,0.0,5.5,False
lanzara shopping continente,0,1,0.0,11.0,False
lança perfume,0,11,0.0,7.7272727272727275,True
lança perfume boulevard,0,43,0.0,7.790697674418604,True
lança perfume e shop,0,4,0.0,47.0,True
lança perfume era legalizado,0,1,0.0,13.0,False
lança perfume loja,0,1548,0.0,6.6686046511627906,True
lança perfume loja fisica,0,1,0.0,72.0,False
lança perfume loja física,0,45,0.0,13.244444444444444,True
lança perfume loja online,0,1,0.0,58.0,False
lança perfume lojas,0,14,0.0,17.928571428571427,True
lança perfume marca de roupa origem,0,1,0.0,8.0,False
lança perfume marca origem,0,2,0.0,2.0,False
lança perfume moda,0,3,0.0,46.0,True
lança perfume roupas,0,2,0.0,2.5,False
lança perfume site,0,13,0.0,76.38461538461539,True
lança perfume é grife,0,2,0.0,3.0,False
lapierre neumarkt,0,1,0.0,9.0,False
largest shopping mall in florianopolis brazil,0,7,0.0,10.857142857142858,True
larroude,0,3,0.0,3.0,True
laser e company,0,1,0.0,21.0,False
laser fast blumenau,0,1,0.0,13.0,False
laser neumarkt,0,1,0.0,11.0,False
laser&company,0,1,0.0,23.0,False
lauf loja,0,43,0.0,6.046511627906977,True
lauf lojas,0,42,0.0,13.666666666666666,True
launch shopping,0,1,0.0,9.0,False
laura porto sapatos,0,1,0.0,4.0,False
laurindo almeida,0,1,0.0,5.0,False
lavabderia,0,2,0.0,7.0,False
lavabderia omo,0,1,0.0,6.0,False
lavamderia,0,2,0.0,9.5,False
lavandaria omo,0,1,0.0,5.0,False
lavandaria shopping,0,2,0.0,9.0,False
lavandeeia,0,1,0.0,12.0,False
lavandeira omo,0,2,0.0,7.0,False
lavandeiria,0,3,0.0,37.0,True
lavanderi,0,1,0.0,7.0,False
lavanderia,0,277,0.0,9.176895306859207,True
lavanderia avenida santa catarina,0,3,0.0,12.0,True
lavanderia balneario camboriu,0,1,0.0,4.0,False
lavanderia catarina,0,25,0.0,14.92,True
lavanderia da omo,0,3,0.0,5.666666666666667,True
lavanderia de,0,1,0.0,8.0,False
lavanderia dentro do shopping,0,1,0.0,10.0,False
lavanderia do shopping,0,5,0.0,5.2,True
lavanderia domingo,0,1,0.0,8.0,False
lavanderia em shopping,0,6,0.0,8.666666666666668,True
lavanderia garten shopping joinville,0,1,0.0,43.0,False
lavanderia no norte shopping,0,1,0.0,7.0,False
lavanderia no shopping,0,9,0.0,3.7777777777777777,True
lavanderia no shopping iguatemi,0,1,0.0,8.0,False
lavanderia norte shopping,0,20,0.0,18.3,True
lavanderia omo,0,64,0.0,8.15625,True
lavanderia omo em porto alegre,0,2,0.0,13.0,False
lavanderia omo natal,0,2,0.0,13.0,False
lavanderia omo preço,0,8,0.0,1.0,True
lavanderia omo quanto custa,0,2,0.0,1.0,False
lavanderia ono,0,3,0.0,6.333333333333333,True
lavanderia santa catarina,0,78,0.0,14.602564102564102,True
lavanderia self-service,0,2,0.0,9.5,False
lavanderia shopping,0,8,0.0,7.125,True
lavanderia shopping neumarkt,0,11,0.0,9.545454545454545,True
lavanderia.,0,1,0.0,11.0,False
lavanderias omo,0,3,0.0,7.666666666666667,True
lavandrria,0,1,0.0,8.0,False
lavnderia,0,1,0.0,6.0,False
lazer,0,1,0.0,8.0,False
lazer junior,0,3,0.0,41.0,True
le briju,0,31,0.0,39.16129032258065,True
le briju franquia,0,8,0.0,11.75,True
le briju loja online,0,23,0.0,10.217391304347826,True
le briju lojas,0,60,0.0,14.116666666666667,True
le creuset balneario camboriu,0,6,0.0,24.166666666666668,True
le creuset balneario shopping,0,1,0.0,13.0,False
le creuset bc,0,4,0.0,14.75,True
le creuset catarina,0,1,0.0,34.0,False
le postiche lojas,0,1,0.0,45.0,False
le postiche mochila,0,1,0.0,20.0,False
le postiche shopping cidade,0,4,0.0,81.75,True
leadership panel,0,1,0.0,32.0,False
lebriju,0,12,0.0,16.5,True
lee,0,1,0.0,4.0,False
lee jeans,0,1,0.0,2.0,False
legging nike,0,1,0.0,9.0,False
lei do material escolar,0,1,0.0,1.0,False
lemida para que sirve,0,1,0.0,12.0,False
lentes contato coloridas otica diniz,0,1,0.0,47.0,False
lentes de contato oticas diniz,0,6,0.0,39.333333333333336,True
lentes zeiss,0,1,0.0,1.0,False
lep lol namorada,0,1,0.0,20.0,False
les lez,0,1,0.0,1.0,False
levi,0,124,0.0,1.2258064516129032,True
levi argentina,0,1,0.0,3.0,False
levi jeans,0,1,0.0,42.0,False
levi levi jeans,0,1,0.0,54.0,False
levi s,0,101,0.0,26.524752475247524,True
levi s jeans,0,2,0.0,42.5,False
levi strauss,0,5,0.0,1.0,True
levi strauss & co,0,3,0.0,1.0,True
levi strauss jeans,0,1,0.0,3.0,False
levi strauss marca,0,1,0.0,1.0,False
levi's,0,5,0.0,26.4,True
levi's - shopping iguatemi porto alegre fotos,0,1,0.0,23.0,False
levi's - shopping vitória fotos,0,1,0.0,9.0,False
levi's norte shoppin,0,16,0.0,11.0,True
levi's norte shopping,0,121,0.0,11.239669421487603,True
levi's norte shopping fotos,0,2,0.0,7.5,False
levi's outlet,0,1,0.0,14.0,False
levi's shopping esta,0,23,0.0,14.304347826086957,True
levi's store,0,1,0.0,9.0,False
levi's trabalhe conosco,0,2,0.0,11.0,False
levi.com.br,0,4,0.0,41.5,True
levi],0,1,0.0,1.0,False
levia sa,0,9,0.0,50.44444444444444,True
levies jeans,0,1,0.0,47.0,False
levis,0,123,0.0,13.91869918699187,True
levis 502 masculina,0,1,0.0,3.0,False
levis balneario shopping,0,9,0.0,11.333333333333334,True
levis blumenau,0,3,0.0,1.0,True
levis center norte,0,1,0.0,48.0,False
levis garten,0,18,0.0,10.055555555555555,True
levis jeans,0,4,0.0,48.25,True
levis juniors,0,1,0.0,3.0,False
levis logo,0,1,0.0,1.0,False
levis loja,0,1,0.0,59.0,False
levis norte shopping,0,948,0.0,10.609704641350211,True
levis norteshopping,0,9,0.0,10.555555555555555,True
levis original,0,1,0.0,54.0,False
levis shopping center norte,0,2,0.0,9.0,False
levis significado,0,1,0.0,1.0,False
levis strauss,0,1,0.0,5.0,False
levis trabalhe conosco,0,5,0.0,26.4,True
levis wrangler jeans,0,1,0.0,1.0,False
levlis,0,1,0.0,10.0,False
levos,0,1,0.0,10.0,False
lez,0,1,0.0,3.0,False
lez a lex,0,1,0.0,4.0,False
lez a lez,0,15,0.0,6.866666666666666,True
lez a lez balneario,0,9,0.0,10.666666666666666,True
lez a lez balneário camboriú,0,2,0.0,39.5,False
lez a lez blusa,0,1,0.0,4.0,False
lez a lez campinas,0,7,0.0,11.714285714285714,True
lez a lez continente shopping,0,11,0.0,10.818181818181818,True
lez a lez curitiba,0,1,0.0,7.0,False
lez a lez fabrica,0,1,0.0,8.0,False
lez a lez fotos,0,1,0.0,2.0,False
lez a lez franquia,0,14,0.0,10.357142857142858,True
lez a lez gramado,0,1,0.0,3.0,False
lez a lez iguatemi,0,1,0.0,5.0,False
lez a lez joinville,0,1277,0.0,11.155833985904463,True
lez a lez logo,0,1,0.0,49.0,False
lez a lez loja fisica,0,5,0.0,9.8,True
lez a lez loja online,0,12,0.0,8.5,True
lez a lez lojas,0,1622,0.0,12.331072749691739,True
lez a lez oficial,0,1,0.0,3.0,False
lez a lez oscar freire,0,1,0.0,4.0,False
lez a lez park shopping,0,1,0.0,23.0,False
lez a lez salvador,0,1,0.0,5.0,False
lez a lez shopping,0,5,0.0,9.8,True
lez a lez tradução,0,2,0.0,1.0,False
lez a lez uberaba,0,2,0.0,2.5,False
lez les,0,1,0.0,10.0,False
lez significado,0,9,0.0,12.88888888888889,True
lezalez loja,0,4,0.0,23.5,True
lezalez lojas,0,156,0.0,8.391025641025642,True
lide,0,1,0.0,1.0,False
lide - grupo de líderes empresariais,0,1,0.0,52.0,False
lide evento,0,1,0.0,59.0,False
lide mulher,0,8,0.0,7.0,True
lide noticia,0,1,0.0,56.0,False
lide português,0,2,0.0,85.0,False
lide santa catarina,0,16,0.0,12.625,True
lide sc,0,13,0.0,12.153846153846153,True
lide store,0,3,0.0,10.0,True
lide talks,0,4,0.0,21.75,True
lidesc,0,1,0.0,11.0,False
liebe endereço,0,1,0.0,3.0,False
lift media,0,2,0.0,13.0,False
lija centauro,0,25,0.0,7.24,True
lija de taco,0,2,0.0,8.5,False
lija taco,0,2,0.0,7.5,False
lija vans,0,66,0.0,9.015151515151516,True
lijas centauro,0,3,0.0,5.666666666666667,True
lil ica,0,6,0.0,55.0,True
lilica,0,412,0.0,11.837378640776699,True
lilica & tigor centro,0,2,0.0,13.0,False
lilica & tigor fotos,0,6,0.0,5.5,True
lilica e,0,4,0.0,6.5,True
lilica e ripilica e tigor,0,1,0.0,20.0,False
lilica e tigor fotos,0,17,0.0,3.235294117647059,True
lilica e tigor franquia,0,22,0.0,10.227272727272727,True
lilica e tigor loja online,0,6,0.0,11.166666666666666,True
lilica e tigor lojas,0,239,0.0,10.476987447698745,True
lilica e tigor midway,0,1,0.0,9.0,False
lilica e tigor site,0,118,0.0,10.44915254237288,True
lilica e tigor site oficial,0,1,0.0,25.0,False
lilica leaks,0,1,0.0,2.0,False
lilica lilica,0,1,0.0,1.0,False
lilica loja,0,166,0.0,10.012048192771084,True
lilica modas,0,1,0.0,7.0,False
lilica pililica,0,2,0.0,11.0,False
lilica pipilica,0,1,0.0,14.0,False
lilica privacy,0,23,0.0,10.391304347826088,True
lilica repelica,0,1,0.0,11.0,False
lilica repilica,0,33,0.0,10.363636363636363,True
lilica repiloca,0,1,0.0,19.0,False
lilica replica,0,8,0.0,10.625,True
lilica rioilica,0,2,0.0,20.0,False
lilica ripica,0,1,0.0,12.0,False
lilica ripilica,0,610,0.0,12.627868852459017,True
lilica ripilica anos 2000,0,1,0.0,3.0,False
lilica ripilica baby,0,2,0.0,7.0,False
lilica ripilica brasil,0,1,0.0,66.0,False
lilica ripilica clube,0,2,0.0,36.5,False
lilica ripilica e tigor,0,538,0.0,9.776951672862454,True
lilica ripilica logo,0,1,0.0,64.0,False
lilica ripilica loja virtual,0,1,0.0,48.0,False
lilica ripilica lojas,0,191,0.0,10.272251308900524,True
lilica ripilica natal,0,2,0.0,6.0,False
lilica ripilica o que é,0,4,0.0,35.75,True
lilica ripilica outlet,0,51,0.0,19.03921568627451,True
lilica ripilica para adultos,0,1,0.0,7.0,False
lilica ripilica roupas,0,1,0.0,60.0,False
lilica ripilica shopping,0,30,0.0,4.666666666666666,True
lilica ripilica site,0,68,0.0,10.117647058823529,True
lilica ripilica site oficial,0,23,0.0,27.26086956521739,True
lilica ripilica tigor,0,53,0.0,12.320754716981131,True
lilica roupa infantil,0,2,0.0,39.5,False
lilica zona norte,0,25,0.0,9.6,True
lilica&tigor,0,2,0.0,6.0,False
lilica&tigor (@lilicaetigor),0,9,0.0,2.0,True
lilica.ripilica,0,1,0.0,5.0,False
lilicaetigor,0,2,0.0,3.5,False
lilicarepilica,0,1,0.0,13.0,False
lilicaripilica,0,6,0.0,14.666666666666666,True
lilicas,0,1,0.0,1.0,False
liligre,0,2,0.0,1.0,False
lilika e tigor,0,2,0.0,7.0,False
lilika repilica,0,1,0.0,15.0,False
lilika ripilica,0,2,0.0,11.5,False
lincon almeida,0,1,0.0,3.0,False
lindimais,0,1,0.0,3.0,False
lindt,0,3,0.0,6.666666666666667,True
lindt - shopping balneário camboriú fotos,0,3,0.0,10.0,True
lindt - shopping vitória fotos,0,1,0.0,27.0,False
lindt analia franco,0,1,0.0,46.0,False
lindt balneario camboriu,0,50,0.0,10.32,True
lindt balneário camboriú,0,260,0.0,9.46923076923077,True
lindt bc,0,9,0.0,11.222222222222221,True
lindt blumenau,0,1,0.0,13.0,False
lindt brazil,0,2,0.0,65.5,False
lindt catarina,0,142,0.0,9.429577464788732,True
lindt catarina outlet,0,58,0.0,10.655172413793103,True
lindt chocolate shopping,0,5,0.0,10.0,True
lindt cidade,0,1,0.0,1.0,False
lindt continente,0,1,0.0,20.0,False
lindt de,0,3,0.0,22.333333333333332,True
lindt del rey,0,1,0.0,38.0,False
lindt dia dos pais,0,1,0.0,88.0,False
lindt franquia,0,1,0.0,11.0,False
lindt garten shopping,0,2,0.0,14.5,False
lindt grand plaza,0,1,0.0,9.0,False
lindt joinville,0,10,0.0,10.5,True
lindt lojas,0,1,0.0,4.0,False
lindt lojas shopping,0,2,0.0,6.0,False
lindt mais próximo de mim,0,1,0.0,9.0,False
lindt natal shopping,0,1,0.0,35.0,False
lindt neumarkt,0,3,0.0,10.0,True
lindt newmarket,0,3,0.0,10.333333333333334,True
lindt norte shopping,0,24,0.0,45.916666666666664,True
lindt noticias,0,1,0.0,11.0,False
lindt nova america,0,14,0.0,12.428571428571429,True
lindt outlet catarina,0,64,0.0,11.125,True
lindt perto de mim,0,6,0.0,3.3333333333333335,True
lindt plaza,0,5,0.0,84.8,True
lindt proximo a mim,0,1,0.0,1.0,False
lindt sc,0,1,0.0,13.0,False
lindt shopping,0,5,0.0,11.2,True
lindt shopping boulevard,0,1,0.0,12.0,False
lindt shopping center 3,0,1,0.0,43.0,False
lindt since,0,1,0.0,18.0,False
lindt.de,0,7,0.0,66.14285714285714,True
line schutz,0,25,0.0,1.08,True
linha almeida,0,1,0.0,77.0,False
link,0,1,0.0,3.0,False
link aj,0,1,0.0,3.0,False
linkedin,0,1,0.0,12.0,False
links place,0,2,0.0,8.5,False
linus sandalia,0,1,0.0,3.0,False
liquidae balneário camboriú fotos,0,1,0.0,17.0,False
liquidação de natal,0,16,0.0,67.9375,True
lista,0,1,0.0,7.0,False
lista de documentos,0,1,0.0,1.0,False
lista de ganhadores,0,2,0.0,3.0,False
lista de lojas,0,1,0.0,13.0,False
lista de materi,0,1,0.0,2.0,False
lista de materiais,0,35,0.0,2.8857142857142857,True
lista de materiais escolares,0,1,0.0,24.0,False
lista de material,0,25,0.0,2.3200000000000003,True
lista de material escolar,0,8,0.0,1.0,True
lista de médicos,0,1,0.0,4.0,False
lista de presente preçolandia,0,1,0.0,29.0,False
lista de presentes preçolandia,0,9,0.0,36.111111111111114,True
lista de shopping,0,3,0.0,3.0,True
lista de todos,0,1,0.0,14.0,False
lista materiais,0,2,0.0,2.0,False
lista material,0,2,0.0,2.5,False
lista o top 10,0,1,0.0,17.0,False
listar todos,0,1,0.0,16.0,False
litoral de santa catarina,0,1,0.0,1.0,False
litoral restaurante e churrascaria,0,1,0.0,3.0,False
litoral shopping balneario camboriu,0,6,0.0,9.833333333333334,True
litoral shopping balneário camboriú,0,126,0.0,10.055555555555555,True
litoral shopping camboriu,0,20,0.0,10.3,True
litoral shopping camboriú,0,99,0.0,9.797979797979798,True
live continente shopping,0,1,0.0,1.0,False
live me dicas,0,2,0.0,59.5,False
livraria blumenau shopping neumarkt,0,1,0.0,23.0,False
livraria catarinense balneário camboriú,0,1,0.0,59.0,False
livraria kalunga,0,1,0.0,9.0,False
livraria no shopping center norte,0,2,0.0,55.0,False
livraria norte shopping blumenau,0,1,0.0,3.0,False
livraria passeio das aguas,0,1,0.0,61.0,False
livraria shopping mueller,0,1,0.0,80.0,False
livraria shopping neumarkt,0,1,0.0,3.0,False
livrarias curitiba shopping estacao,0,2,0.0,89.5,False
livrarias perto de mim,0,1,0.0,1.0,False
livro que virou serie,0,2,0.0,91.5,False
livros de almeida júnior,0,1,0.0,49.0,False
livros de séries,0,86,0.0,88.6046511627907,True
livros inesquecíveis,0,13,0.0,28.46153846153846,True
livros para quem gostou de o conto da aia,0,4,0.0,67.75,True
livros que deram origem a series de sucesso,0,1,0.0,22.0,False
livros que viraram serie,0,2,0.0,66.0,False
livros que viraram series,0,33,0.0,93.51515151515152,True
livros que viraram séries,0,1,0.0,71.0,False
livros que viraram séries na apple tv,0,51,0.0,53.372549019607845,True
lmeida,0,16,0.0,14.5,True
lo boutique,0,6,0.0,10.5,True
loafer schutz,0,1,0.0,4.0,False
locais para fazer passaporte,0,1,0.0,12.0,False
local guide program,0,65,0.0,1.0,True
localização,0,1,0.0,2.0,False
localização do norte shopping,0,5,0.0,7.4,True
localização exata,0,2,0.0,2.5,False
localização nações shopping criciúma,0,17,0.0,8.823529411764707,True
loft balneário shopping,0,7,0.0,12.0,True
logicamente bc,0,2,0.0,9.5,False
login dress to,0,1,0.0,2.0,False
logo almeida,0,105,0.0,8.219047619047618,True
logo biscoite,0,15,0.0,1.0,True
logo biscoitê,0,8,0.0,1.0,True
logo boali,0,8,0.0,1.0,True
logo continente,0,1,0.0,39.0,False
logo continente portugal,0,2,0.0,11.0,False
logo dress to,0,1,0.0,1.0,False
logo garten,0,8,0.0,6.25,True
logo junior,0,3,0.0,36.0,True
logo lilica e tigor,0,2,0.0,48.0,False
logo norte shopping,0,23,0.0,1.1739130434782608,True
logo oticas diniz,0,1,0.0,1.0,False
logo sipat,0,1,0.0,18.0,False
logo spog,0,1,0.0,8.0,False
logo óticas diniz,0,2,0.0,41.0,False
logotipo juniores,0,1,0.0,21.0,False
logotipo levis,0,1,0.0,1.0,False
loj,0,1,0.0,13.0,False
loja,0,10,0.0,9.0,True
loja adcos,0,1,0.0,45.0,False
loja adidas blumenau,0,1,0.0,4.0,False
loja almeida,0,47,0.0,27.851063829787233,True
loja altemburg,0,3,0.0,13.666666666666666,True
loja altenburg,0,29,0.0,19.24137931034483,True
loja americanas balneário camboriú,0,1,0.0,5.0,False
loja ao lado do shopping neumarkt,0,9,0.0,10.777777777777779,True
loja apple continente shopping,0,2,0.0,12.5,False
loja aptk,0,1,0.0,8.0,False
loja aramis,0,1,0.0,53.0,False
loja arezzo perto de mim,0,1,0.0,2.0,False
loja artefacto,0,48,0.0,13.604166666666666,True
loja artefatos,0,6,0.0,10.166666666666666,True
loja artex,0,9,0.0,7.333333333333333,True
loja artex shopping,0,1,0.0,6.0,False
loja artwalk,0,123,0.0,15.487804878048781,True
loja as vezes tem criciuma,0,2,0.0,8.5,False
loja australiana,0,2,0.0,79.0,False
loja australiana cotton,0,2,0.0,13.5,False
loja authentic feet,0,58,0.0,12.810344827586206,True
loja avans,0,3,0.0,9.666666666666666,True
loja avatim balneario camboriu,0,2,0.0,8.5,False
loja avatim vila leopoldina,0,1,0.0,44.0,False
loja bacio di latte,0,1,0.0,23.0,False
loja bagaggio balneario camboriu,0,5,0.0,9.8,True
loja balneario camboriu,0,5,0.0,14.4,True
loja balneario shopping,0,37,0.0,9.864864864864865,True
loja balneário camboriú,0,12,0.0,38.25,True
loja bauducco fotos,0,1,0.0,26.0,False
loja bb basico,0,52,0.0,10.115384615384615,True
loja bebe basico,0,28,0.0,15.75,True
loja bibi,0,9,0.0,28.77777777777778,True
loja bibi balneario camboriu,0,37,0.0,11.837837837837839,True
loja bibi center norte,0,6,0.0,12.333333333333334,True
loja bibi gramado,0,3,0.0,20.333333333333332,True
loja bibi norte shopping,0,12,0.0,10.666666666666666,True
loja biomundo,0,12,0.0,9.75,True
loja biscoite,0,2,0.0,42.5,False
loja biscoitê,0,48,0.0,8.625,True
loja blue beach,0,4,0.0,34.5,True
loja boali,0,183,0.0,5.437158469945355,True
loja bob's,0,5,0.0,10.0,True
loja bobs,0,3,0.0,8.333333333333332,True
loja boos,0,10,0.0,8.2,True
loja boss,0,134,0.0,9.507462686567164,True
loja boss brasil,0,1,0.0,50.0,False
loja boticário blumenau,0,1,0.0,4.0,False
loja bottero balneário shopping,0,2,0.0,11.5,False
loja brasil cacau,0,16,0.0,9.0,True
loja brasil cacau perto de mim,0,4,0.0,11.5,True
loja breezy norte shopping,0,1,0.0,6.0,False
loja brigaderia,0,13,0.0,6.461538461538462,True
loja c&a mais próxima,0,13,0.0,15.461538461538462,True
loja c&a no shopping,0,1,0.0,1.0,False
loja c&a norte shopping,0,2,0.0,1.0,False
loja c&a perto de mim,0,1,0.0,10.0,False
loja c&a shopping,0,3,0.0,10.0,True
loja cacau brasil,0,1,0.0,4.0,False
loja cacau brasil mais próxima,0,3,0.0,12.0,True
loja calvin klein norte shopping,0,2,0.0,11.5,False
loja calçados balneario camboriu,0,1,0.0,1.0,False
loja camicado mais próxima,0,1,0.0,65.0,False
loja canal,0,84,0.0,15.345238095238095,True
loja canal concept,0,46,0.0,15.478260869565217,True
loja canal moema,0,20,0.0,7.25,True
loja casa bauducco,0,60,0.0,8.95,True
loja casa das cuecas,0,4,0.0,19.5,True
loja casa riachuelo,0,91,0.0,10.296703296703297,True
loja cea mais proxima,0,1,0.0,13.0,False
loja cea shopping,0,7,0.0,8.571428571428571,True
loja cebtauro,0,1,0.0,5.0,False
loja cecconello,0,130,0.0,13.115384615384615,True
loja ceconello,0,4,0.0,10.5,True
loja centaro,0,46,0.0,8.021739130434781,True
loja centauro av paulista,0,1,0.0,2.0,False
loja centauro balneário camboriú,0,59,0.0,10.305084745762711,True
loja centauro do shopping,0,5,0.0,7.2,True
loja centauro em balneário camboriú,0,4,0.0,4.5,True
loja centauro em florianópolis,0,7,0.0,8.714285714285715,True
loja centauro em joinville,0,1,0.0,33.0,False
loja centauro em nova iguaçu,0,1,0.0,1.0,False
loja centauro em santos,0,1,0.0,1.0,False
loja centauro em teresina,0,5,0.0,1.0,True
loja centauro florianópolis,0,1,0.0,39.0,False
loja centauro mais próxima,0,13,0.0,1.0,True
loja centauro midway,0,1,0.0,1.0,False
loja centauro na avenida paulista,0,1,0.0,1.0,False
loja centauro no shopping,0,65,0.0,5.846153846153846,True
loja centauro norte shopping,0,1,0.0,1.0,False
loja centauro nova américa,0,1,0.0,1.0,False
loja centauro paulista,0,2,0.0,1.0,False
loja centauro perto de mim,0,6,0.0,1.0,True
loja centauro shopping,0,24,0.0,8.333333333333332,True
loja centauro shopping continente,0,23,0.0,10.391304347826088,True
loja centauro shopping da bahia,0,3,0.0,1.0,True
loja centauro shopping iguatemi,0,1,0.0,1.0,False
loja centauro shopping interlagos,0,12,0.0,1.0,True
loja centauro shopping palladium,0,1,0.0,1.0,False
loja centauros,0,256,0.0,6.6875,True
loja centauros no shopping,0,14,0.0,4.928571428571429,True
loja centaurus,0,35,0.0,6.914285714285715,True
loja centric,0,1,0.0,30.0,False
loja centro florianopolis,0,1,0.0,86.0,False
loja chocolate brasil cacau,0,2,0.0,29.0,False
loja chocolate dengo,0,6,0.0,10.666666666666666,True
loja chua joinville,0,1,0.0,45.0,False
loja cia maritima,0,24,0.0,12.833333333333334,True
loja clube melissa,0,3,0.0,6.333333333333333,True
loja cobasi mais próxima,0,1,0.0,13.0,False
loja cobasi norte shopping,0,4,0.0,8.75,True
loja colcci,0,76,0.0,13.960526315789474,True
loja colcci shopping,0,5,0.0,8.0,True
loja columbia balneário camboriú,0,1,0.0,28.0,False
loja companhia maritima,0,4,0.0,53.0,True
loja companhia marítima,0,8,0.0,19.5,True
loja conceito natura,0,3,0.0,15.0,True
loja concept,0,12,0.0,54.833333333333336,True
loja constance norte shopping,0,397,0.0,10.926952141057935,True
loja constance shopping center norte,0,1,0.0,11.0,False
loja continente,0,70,0.0,11.514285714285714,True
loja continente shopping,0,57,0.0,10.333333333333334,True
loja coolci,0,1,0.0,9.0,False
loja cosmeticos centro,0,1,0.0,1.0,False
loja cotton,0,4,0.0,10.25,True
loja cotton iguatemi,0,1,0.0,1.0,False
loja cotton on,0,13,0.0,7.384615384615385,True
loja cotton on curitiba,0,1,0.0,6.0,False
loja cotton on rio de janeiro,0,11,0.0,11.909090909090908,True
loja cria amigos,0,3,0.0,3.3333333333333335,True
loja crics,0,2,0.0,10.0,False
loja croca,0,2,0.0,8.5,False
loja crock,0,2,0.0,7.0,False
loja crocks,0,6,0.0,8.5,True
loja crocs,0,251,0.0,7.48605577689243,True
loja crocs balneario camboriu,0,5,0.0,11.2,True
loja crocs blumenau,0,82,0.0,11.036585365853659,True
loja crocs campo grande ms,0,1,0.0,15.0,False
loja crocs catarina outlet,0,2,0.0,11.5,False
loja crocs caxias do sul,0,1,0.0,8.0,False
loja crocs criciuma,0,1,0.0,19.0,False
loja crocs curitiba,0,2,0.0,42.5,False
loja crocs em balneario camboriu,0,1,0.0,11.0,False
loja crocs em florianopolis,0,1,0.0,10.0,False
loja crocs jk shopping,0,2,0.0,43.0,False
loja crocs mais próxima,0,6,0.0,7.5,True
loja crocs minas shopping,0,1,0.0,9.0,False
loja crocs no shopping,0,2,0.0,6.5,False
loja crocs norte shopping,0,27,0.0,6.62962962962963,True
loja crocs porto velho,0,1,0.0,12.0,False
loja crocs rio de janeiro,0,3,0.0,41.666666666666664,True
loja crocs sao luis,0,1,0.0,10.0,False
loja crocs shopping,0,3,0.0,9.666666666666666,True
loja crocs shopping itaquera,0,1,0.0,9.0,False
loja crocs shopping morumbi,0,1,0.0,5.0,False
loja crocs teresina shopping fotos,0,1,0.0,28.0,False
loja croocs,0,1,0.0,6.0,False
loja cros,0,2,0.0,7.5,False
loja da,0,14,0.0,11.5,True
loja da boss,0,13,0.0,38.46153846153846,True
loja da centauro,0,2649,0.0,5.519441298603247,True
loja da centauro mais próxima,0,5,0.0,8.0,True
loja da centauro no shopping,0,2,0.0,7.5,False
loja da centauros,0,194,0.0,3.6752577319587627,True
loja da cia maritima,0,1,0.0,49.0,False
loja da claro perto de mim,0,1,0.0,3.0,False
loja da cobasi,0,2,0.0,75.5,False
loja da colcci,0,263,0.0,6.840304182509506,True
loja da colcci perto de mim,0,2,0.0,11.0,False
loja da crocs,0,1,0.0,9.0,False
loja da crocs em balneário camboriú,0,1,0.0,5.0,False
loja da crocs no rio de janeiro,0,1,0.0,46.0,False
loja da crocs shopping,0,30,0.0,5.033333333333333,True
loja da dengo,0,6,0.0,38.0,True
loja da dudalina,0,1,0.0,1.0,False
loja da ellus,0,1,0.0,6.0,False
loja da ellus no shopping,0,1,0.0,5.0,False
loja da familia blumenau,0,1,0.0,10.0,False
loja da forum,0,48,0.0,30.0625,True
loja da imaginarium,0,15,0.0,76.66666666666667,True
loja da jolie,0,2,0.0,41.5,False
loja da kalunga mais próxima,0,1,0.0,1.0,False
loja da lacoste mais próxima,0,4,0.0,5.25,True
loja da lacoste no norte shopping,0,1,0.0,18.0,False
loja da lacoste no shopping,0,26,0.0,12.923076923076923,True
loja da lacoste perto de mim,0,1,0.0,6.0,False
loja da lacoste shopping,0,5,0.0,5.6,True
loja da lança perfume,0,3,0.0,32.66666666666667,True
loja da lilica,0,81,0.0,16.345679012345677,True
loja da lindt perto de mim,0,5,0.0,8.2,True
loja da melissa,0,1,0.0,8.0,False
loja da melissa no centro,0,1,0.0,16.0,False
loja da melissa norte shopping,0,17,0.0,25.11764705882353,True
loja da milon,0,3,0.0,6.666666666666667,True
loja da natura mais próxima,0,4,0.0,11.25,True
loja da natura no shopping,0,1,0.0,10.0,False
loja da natura perto de mim,0,1,0.0,1.0,False
loja da natura shopping,0,1,0.0,13.0,False
loja da nba,0,28,0.0,16.607142857142858,True
loja da nba brasil,0,8,0.0,77.25,True
loja da nba perto de mim,0,1,0.0,8.0,False
loja da new balance,0,330,0.0,10.575757575757576,True
loja da new balance no rio de janeiro,0,1,0.0,11.0,False
loja da oceane,0,2,0.0,47.5,False
loja da pampili,0,15,0.0,16.53333333333333,True
loja da pampili no shopping,0,1,0.0,12.0,False
loja da petite jolie,0,8,0.0,68.25,True
loja da puket,0,1,0.0,5.0,False
loja da puma perto de mim,0,1,0.0,12.0,False
loja da riachuelo,0,1,0.0,16.0,False
loja da richards,0,22,0.0,64.4090909090909,True
loja da santa lola,0,2,0.0,9.5,False
loja da schutz,0,5,0.0,24.4,True
loja da schutz em joinville,0,3,0.0,12.333333333333334,True
loja da sestini,0,2,0.0,41.0,False
loja da taco,0,280,0.0,5.496428571428571,True
loja da tigor,0,4,0.0,25.75,True
loja da tim criciuma,0,1,0.0,1.0,False
loja da valisere,0,2,0.0,41.0,False
loja da van,0,2,0.0,6.5,False
loja da vans,0,2139,0.0,7.418419822346891,True
loja da vans em bh,0,1,0.0,92.0,False
loja da vans em porto alegre,0,1,0.0,34.0,False
loja da vans no rio de janeiro,0,4,0.0,43.25,True
loja da vans perto de mim,0,25,0.0,7.04,True
loja da vans shopping,0,35,0.0,6.257142857142857,True
loja da zara em balneário camboriú,0,1,0.0,9.0,False
loja da zara mais perto de mim,0,1,0.0,6.0,False
loja da zara perto de mim,0,1,0.0,6.0,False
loja das marcas,0,1,0.0,10.0,False
loja das nações,0,1,0.0,9.0,False
loja das vans,0,20,0.0,12.6,True
loja de basquete perto de mim,0,1,0.0,8.0,False
loja de bebê balneário camboriú shopping,0,94,0.0,53.9468085106383,True
loja de bebê continente shopping - são josé,0,57,0.0,33.94736842105263,True
loja de biquini balneario shopping,0,5,0.0,11.0,True
loja de biquini brasília shopping,0,1,0.0,1.0,False
loja de biquini continente shopping,0,9,0.0,10.222222222222221,True
loja de biquini nacoes shopping,0,7,0.0,9.285714285714286,True
loja de biquíni bluebeach,0,1,0.0,66.0,False
loja de bolsas balneario camboriu,0,8,0.0,8.875,True
loja de brigadeiro,0,1,0.0,71.0,False
loja de brigadeiros,0,10,0.0,68.2,True
loja de brinquedos no centro de ribeirão preto,0,1,0.0,7.0,False
loja de cachorro no shopping,0,2,0.0,6.0,False
loja de calçados centauro,0,11,0.0,9.181818181818182,True
loja de calçados santa lolla,0,16,0.0,8.0,True
loja de chocolate brasil cacau,0,1,0.0,5.0,False
loja de cosméticos shopping neumarkt,0,2,0.0,9.0,False
loja de crocs,0,1,0.0,7.0,False
loja de crocs no shopping,0,5,0.0,7.4,True
loja de cuecas,0,3,0.0,49.666666666666664,True
loja de esporte norte shopping,0,1,0.0,91.0,False
loja de esportes balneario camboriu,0,1,0.0,5.0,False
loja de esportes centauro,0,3,0.0,62.333333333333336,True
loja de fabrica artex,0,1,0.0,52.0,False
loja de frango frito,0,1,0.0,1.0,False
loja de grife,0,1,0.0,1.0,False
loja de moda masculina,0,1,0.0,1.0,False
loja de moveis artefacto,0,19,0.0,7.052631578947368,True
loja de pizza,0,11,0.0,6.090909090909091,True
loja de pizzaria,0,4,0.0,17.25,True
loja de roupa colcci,0,2,0.0,12.0,False
loja de roupa perto de mim,0,1,0.0,1.0,False
loja de roupa santa catarina,0,1,0.0,4.0,False
loja de roupas famosas,0,1,0.0,1.0,False
loja de santa catarina,0,3,0.0,84.66666666666667,True
loja de sapato,0,2,0.0,4.0,False
loja de sapato crocs,0,1,0.0,6.0,False
loja de sapato schutz,0,1,0.0,89.0,False
loja de sapatos blumenau,0,2,0.0,90.0,False
loja de sapatos brasil,0,2,0.0,2.0,False
loja de shopping,0,63,0.0,12.047619047619047,True
loja de suplementos no norte shopping,0,7,0.0,9.571428571428571,True
loja de suplementos norte shopping,0,9,0.0,11.555555555555555,True
loja de taco,0,21,0.0,10.761904761904763,True
loja de tacos,0,64,0.0,10.65625,True
loja de tenis continente shopping,0,2,0.0,25.0,False
loja de tenis nacoes shopping,0,1,0.0,12.0,False
loja de tenis vans,0,25,0.0,35.6,True
loja de utensílios de cozinha barato,0,1,0.0,9.0,False
loja de vans,0,62,0.0,21.080645161290324,True
loja degalls,0,8,0.0,9.875,True
loja democrata,0,1,0.0,4.0,False
loja dengo,0,5,0.0,10.0,True
loja dengo chocolate,0,1,0.0,7.0,False
loja dengo chocolates,0,5,0.0,9.4,True
loja dengo perto de mim,0,8,0.0,14.25,True
loja dengo​,0,3,0.0,8.666666666666668,True
loja diniz,0,6,0.0,19.833333333333332,True
loja do bob's,0,1,0.0,92.0,False
loja do canal,0,8,0.0,10.125,True
loja do capita,0,9,0.0,19.444444444444443,True
loja do continente,0,4,0.0,6.75,True
loja do criamigos,0,1,0.0,3.0,False
loja do criciuma nacoes shopping,0,19,0.0,10.263157894736842,True
loja do familião,0,2,0.0,45.5,False
loja do lado do shopping neumarkt,0,1,0.0,17.0,False
loja do richard,0,2,0.0,10.5,False
loja do shopping,0,1,0.0,2.0,False
loja dos sapatos,0,1,0.0,1.0,False
loja dress to,0,118,0.0,24.152542372881356,True
loja dress to barra shopping,0,4,0.0,6.0,True
loja dudalina shopping,0,1,0.0,71.0,False
loja ellus,0,30,0.0,6.666666666666667,True
loja ellus rj,0,5,0.0,92.6,True
loja ellus shopping,0,1,0.0,13.0,False
loja em balneario camboriu,0,1,0.0,63.0,False
loja em balneário camboriú,0,1,0.0,22.0,False
loja em blumenau,0,2,0.0,64.5,False
loja em santa catarina,0,3,0.0,40.666666666666664,True
loja em shopping para alugar,0,1,0.0,1.0,False
loja exclusiva bauducco fotos,0,2,0.0,14.5,False
loja farm balneario camboriu,0,24,0.0,10.416666666666666,True
loja feliz,0,3,0.0,17.0,True
loja fisica centauro,0,2,0.0,20.5,False
loja fisica crocs,0,2,0.0,9.5,False
loja fisica lança perfume,0,2,0.0,13.5,False
loja fisica lilica ripilica,0,17,0.0,8.588235294117647,True
loja fisica new balance,0,11,0.0,31.09090909090909,True
loja fisica oceane,0,3,0.0,37.666666666666664,True
loja fisica uza shoes,0,1,0.0,4.0,False
loja fisica vans,0,3,0.0,5.333333333333333,True
loja forum,0,3,0.0,13.333333333333334,True
loja forum shopping,0,1,0.0,57.0,False
loja física centauro,0,1,0.0,6.0,False
loja física da centauro,0,40,0.0,10.25,True
loja fórum,0,4,0.0,10.0,True
loja g5,0,1,0.0,9.0,False
loja garten shopping,0,2,0.0,6.0,False
loja girafa,0,6,0.0,53.166666666666664,True
loja girafas,0,1,0.0,11.0,False
loja giraffas,0,15,0.0,12.4,True
loja grande,0,1,0.0,1.0,False
loja guerreiro,0,1,0.0,8.0,False
loja havaianas shopping neumarkt,0,1,0.0,1.0,False
loja havana,0,2,0.0,5.5,False
loja havanna,0,2,0.0,3.0,False
loja havanna perto de mim,0,1,0.0,4.0,False
loja hope resort,0,89,0.0,9.134831460674157,True
loja hugo,0,3,0.0,7.333333333333333,True
loja hugo boss,0,36,0.0,18.0,True
loja hugo boss perto de mim,0,8,0.0,8.75,True
loja hugo boss shopping,0,8,0.0,19.0,True
loja imaginario,0,6,0.0,37.0,True
loja imaginarium,0,200,0.0,23.125,True
loja imaginarium campinas,0,1,0.0,3.0,False
loja imaginarium curitiba,0,2,0.0,13.0,False
loja imaginarium fortaleza,0,1,0.0,5.0,False
loja imaginarium perto de mim,0,2,0.0,1.0,False
loja imaginarium rj,0,5,0.0,40.2,True
loja imaginarium salvador,0,1,0.0,6.0,False
loja imaginarium shopping,0,34,0.0,19.470588235294116,True
loja imaginário,0,1,0.0,9.0,False
loja infantil shopping continente,0,1,0.0,12.0,False
loja intimissimi perto de mim,0,1,0.0,1.0,False
loja joge,0,7,0.0,30.571428571428573,True
loja jogê,0,92,0.0,9.402173913043478,True
loja joinville,0,1,0.0,2.0,False
loja jolie,0,27,0.0,31.814814814814813,True
loja jr,0,6,0.0,45.5,True
loja junior,0,3,0.0,22.333333333333332,True
loja junior confecções,0,1,0.0,87.0,False
loja kopenhagen,0,4,0.0,8.5,True
loja kopenhagen joinville,0,1,0.0,13.0,False
loja kopenhagen mais próxima,0,2,0.0,9.5,False
loja lacoste mais proxima,0,3,0.0,9.0,True
loja lacoste norte shopping,0,1,0.0,15.0,False
loja lacoste perto de mim,0,1,0.0,7.0,False
loja lacoste shopping,0,1,0.0,8.0,False
loja lanca perfume,0,40,0.0,8.125,True
loja lança perfume,0,1353,0.0,6.621581670362158,True
loja lança perfume perto de mim,0,5,0.0,10.4,True
loja lauf,0,20,0.0,6.35,True
loja levi's,0,8,0.0,50.125,True
loja levi's mais próxima,0,1,0.0,8.0,False
loja levi's online,0,1,0.0,10.0,False
loja levi's shopping,0,261,0.0,7.888888888888889,True
loja levis norte shopping,0,39,0.0,11.307692307692308,True
loja lez a lez,0,377,0.0,11.037135278514588,True
loja lez lez,0,1,0.0,6.0,False
loja lezalez,0,1,0.0,7.0,False
loja lilica,0,275,0.0,10.094545454545454,True
loja lilica repilica,0,5,0.0,6.4,True
loja lilica ripilica,0,2400,0.0,9.485,True
loja lilica ripilica e tigor,0,25,0.0,7.96,True
loja lilica ripilica perto de mim,0,2,0.0,1.0,False
loja lilica ripilica shopping,0,31,0.0,11.161290322580646,True
loja lilica tigor,0,1,0.0,9.0,False
loja lilika,0,3,0.0,10.333333333333334,True
loja lindt,0,3,0.0,6.666666666666667,True
loja lindt balneario camboriu,0,8,0.0,4.375,True
loja lindt florianopolis,0,1,0.0,12.0,False
loja lindt mais proxima,0,3,0.0,11.333333333333334,True
loja lindt perto de mim,0,9,0.0,8.777777777777779,True
loja lindt shopping,0,1,0.0,1.0,False
loja lolla,0,21,0.0,14.523809523809524,True
loja loungerie,0,5,0.0,7.0,True
loja loungerie rj,0,11,0.0,58.09090909090909,True
loja luiza barcelos,0,33,0.0,45.21212121212121,True
loja lupo em blumenau,0,1,0.0,7.0,False
loja luz da lua shopping,0,50,0.0,8.440000000000001,True
loja luz da lua shopping barigui,0,1,0.0,13.0,False
loja magazine luiza balneário camboriú,0,2,0.0,33.5,False
loja makenji curitiba,0,1,0.0,58.0,False
loja maria filo,0,128,0.0,28.0546875,True
loja maria filo brasilia,0,18,0.0,10.944444444444445,True
loja maria filó,0,3,0.0,8.333333333333332,True
loja maria fotos,0,10,0.0,4.0,True
loja maritima,0,25,0.0,12.2,True
loja melisa,0,1,0.0,71.0,False
loja meliss,0,3,0.0,85.33333333333333,True
loja melissa,0,48,0.0,69.04166666666667,True
loja melissa balneário camboriú,0,1,0.0,12.0,False
loja melissa blumenau,0,2,0.0,9.5,False
loja melissa em joinville,0,2,0.0,11.5,False
loja melissa no norte shopping,0,2,0.0,32.0,False
loja melissa no shopping,0,2,0.0,4.0,False
loja melissa shopping,0,9,0.0,7.222222222222222,True
loja melissa shopping continente,0,5,0.0,9.8,True
loja melissas,0,1,0.0,11.0,False
loja mellissa,0,1,0.0,81.0,False
loja mili,0,1,0.0,2.0,False
loja milin,0,3,0.0,9.666666666666666,True
loja milion,0,1,0.0,8.0,False
loja millon,0,2,0.0,9.5,False
loja milom,0,2,0.0,8.0,False
loja milon,0,158,0.0,7.113924050632911,True
loja milon shopping,0,5,0.0,7.6,True
loja mix brasil,0,1,0.0,100.0,False
loja mob,0,8,0.0,19.25,True
loja modele,0,2,0.0,79.0,False
loja molon,0,1,0.0,1.0,False
loja montana,0,4,0.0,25.0,True
loja montana shopping,0,25,0.0,10.48,True
loja mormaii,0,9,0.0,49.22222222222222,True
loja mormaii shopping,0,14,0.0,8.785714285714285,True
loja mundo pet cobasi casa forte,0,4,0.0,48.5,True
loja nacoesshopping,0,14,0.0,9.5,True
loja natura,0,44,0.0,7.2272727272727275,True
loja natura balneário camboriú,0,17,0.0,9.352941176470589,True
loja natura balneário shopping,0,5,0.0,19.2,True
loja natura norte sh,0,6,0.0,30.833333333333332,True
loja natura oscar freire,0,1,0.0,23.0,False
loja natura shopping,0,31,0.0,16.161290322580648,True
loja natura shopping da ilha,0,1,0.0,11.0,False
loja natura shopping light,0,2,0.0,16.0,False
loja natura sp marke,0,1,0.0,73.0,False
loja nações shopping,0,50,0.0,9.0,True
loja nba,0,5,0.0,9.8,True
loja nba balneário camboriú,0,22,0.0,8.318181818181818,True
loja nba brasil,0,3,0.0,27.333333333333332,True
loja nba catarina outlet,0,1,0.0,13.0,False
loja nba florianopolis,0,10,0.0,6.8,True
loja nba oficial,0,5,0.0,68.0,True
loja nba perto de mim,0,7,0.0,9.142857142857142,True
loja nba recife,0,1,0.0,4.0,False
loja nba store,0,3,0.0,38.0,True
loja new balace,0,24,0.0,11.125,True
loja new balance,0,2726,0.0,11.185619955979456,True
loja new balance balneario camboriu,0,46,0.0,12.152173913043478,True
loja new balance norte shopping,0,8,0.0,10.25,True
loja new balance outlet,0,4,0.0,19.75,True
loja new balance rio de janeiro,0,2,0.0,13.0,False
loja new balance rj,0,42,0.0,11.380952380952381,True
loja nike balneario shopping,0,2,0.0,13.5,False
loja nk,0,9,0.0,59.111111111111114,True
loja no norte shopping,0,8,0.0,20.5,True
loja no shopping neumarkt blumenau,0,6,0.0,7.166666666666667,True
loja norte shopping,0,10,0.0,7.8,True
loja nova do shopping,0,2,0.0,11.0,False
loja nova norte shopping,0,1,0.0,1.0,False
loja oceane,0,312,0.0,14.89102564102564,True
loja oceane brasilia,0,2,0.0,8.5,False
loja oceane curitiba,0,1,0.0,12.0,False
loja oceane rj,0,1,0.0,68.0,False
loja oficial,0,1,0.0,10.0,False
loja oficial da nba,0,10,0.0,76.6,True
loja oficial nba,0,7,0.0,79.71428571428571,True
loja oficial nba brasil,0,1,0.0,9.0,False
loja onde comprar,0,1,0.0,1.0,False
loja online avatim,0,1,0.0,93.0,False
loja online dress to,0,2,0.0,99.5,False
loja ophicina,0,7,0.0,68.71428571428571,True
loja pampili,0,34,0.0,13.5,True
loja pampili perto de mim,0,5,0.0,7.4,True
loja pampili rio de janeiro,0,31,0.0,2.161290322580645,True
loja pampili shopping,0,13,0.0,21.153846153846153,True
loja papel kraft,0,7,0.0,6.428571428571429,True
loja paris balneario shopping,0,51,0.0,9.549019607843137,True
loja paris shopping bc,0,1,0.0,10.0,False
loja pet,0,1,0.0,1.0,False
loja pet friendly,0,1,0.0,1.0,False
loja petit,0,2,0.0,12.5,False
loja petit jolie,0,6,0.0,25.833333333333332,True
loja petite,0,2,0.0,7.0,False
loja petite jolie,0,582,0.0,14.054982817869416,True
loja petite jolie curitiba,0,23,0.0,11.130434782608695,True
loja petite jolie em salvador,0,7,0.0,22.285714285714285,True
loja petite jolie norte shopping,0,153,0.0,8.915032679738562,True
loja petite jolie shopping,0,23,0.0,8.695652173913043,True
loja petite jolie shopping da bahia,0,2,0.0,8.0,False
loja pizza,0,26,0.0,11.192307692307692,True
loja pizza hut,0,23,0.0,11.347826086956522,True
loja plié shopping,0,1,0.0,29.0,False
loja popeyes,0,1,0.0,7.0,False
loja precolandia,0,3,0.0,73.0,True
loja preçolandia,0,5,0.0,50.4,True
loja prime joinville,0,1,0.0,41.0,False
loja puket mais proxima,0,3,0.0,4.666666666666666,True
loja puket mais próxima,0,2,0.0,4.5,False
loja puket perto de mim,0,4,0.0,5.0,True
loja puket pijamas,0,1,0.0,5.0,False
loja puket shopping,0,2,0.0,10.5,False
loja que,0,7,0.0,65.57142857142857,True
loja que vende biquini perto de mim,0,1,0.0,1.0,False
loja que vende lança perfume,0,1,0.0,14.0,False
loja que vende melissa,0,9,0.0,21.333333333333332,True
loja que vende travesseiro perto de mim,0,1,0.0,4.0,False
loja quebra gelo shopping continente,0,1,0.0,14.0,False
loja quem disse berenice mais próxima,0,1,0.0,13.0,False
loja quem disse berenice rj,0,1,0.0,98.0,False
"loja quem disse, berenice mais próxima",0,1,0.0,12.0,False
loja recco,0,31,0.0,7.870967741935484,True
loja recco em sao paulo,0,1,0.0,10.0,False
loja renner gramado,0,1,0.0,5.0,False
loja riachuelo anápolis,0,2,0.0,2.5,False
loja riachuelo barra shopping,0,4,0.0,1.0,True
loja riachuelo casa,0,228,0.0,7.881578947368421,True
loja riachuelo centro porto alegre,0,4,0.0,2.5,True
loja riachuelo cidade alta,0,1,0.0,3.0,False
loja riachuelo em curitiba,0,2,0.0,1.5,False
loja riachuelo em juiz de fora,0,3,0.0,1.0,True
loja riachuelo em niterói,0,2,0.0,1.0,False
loja riachuelo em são josé dos pinhais,0,2,0.0,1.0,False
loja riachuelo florianópolis,0,3,0.0,24.333333333333332,True
loja riachuelo mais proxima,0,3,0.0,76.0,True
loja riachuelo na tijuca,0,10,0.0,1.0,True
loja riachuelo perto de mim,0,1,0.0,1.0,False
loja riachuelo rio sul,0,2,0.0,1.0,False
loja riachuelo salvador,0,2,0.0,1.0,False
loja riachuelo salvador shopping,0,4,0.0,1.0,True
loja riachuelo tijuca,0,1,0.0,1.0,False
loja ricardo almeida,0,2,0.0,1.0,False
loja richard,0,364,0.0,7.271978021978022,True
loja richards,0,2562,0.0,7.747072599531616,True
loja richards manaus,0,9,0.0,7.777777777777778,True
loja richards oscar freire,0,1,0.0,3.0,False
loja richards outlet,0,6,0.0,19.333333333333332,True
loja richards shopping iguatemi,0,12,0.0,10.416666666666666,True
loja salinas,0,89,0.0,12.865168539325843,True
loja samsung continente shopping,0,14,0.0,13.571428571428571,True
loja samsung shopping continente,0,2,0.0,11.5,False
loja santa,0,20,0.0,20.1,True
loja santa catarina,0,25,0.0,65.84,True
loja santa lola,0,88,0.0,8.647727272727273,True
loja santa lolla,0,659,0.0,8.50834597875569,True
loja santa lolla balneario camboriu,0,30,0.0,8.533333333333333,True
loja santa lolla mais próxima,0,16,0.0,6.9375,True
loja santa lolla no shopping,0,7,0.0,4.428571428571429,True
loja santa lolla rj,0,6,0.0,53.5,True
loja santa lolla shopping eldorado,0,17,0.0,13.352941176470589,True
loja sapato,0,1,0.0,5.0,False
loja schultz,0,2,0.0,14.0,False
loja schutz,0,63,0.0,20.746031746031747,True
loja schutz blumenau,0,28,0.0,6.857142857142857,True
loja schutz campinas,0,1,0.0,1.0,False
loja schutz curitiba,0,1,0.0,4.0,False
loja schutz joinville,0,20,0.0,12.95,True
loja schutz perto de mim,0,27,0.0,1.0,True
loja schutz shopping,0,11,0.0,4.727272727272727,True
loja sem parar mais próximo,0,2,0.0,1.0,False
loja sentauro,0,73,0.0,6.671232876712328,True
loja sephora balneario camboriu,0,3,0.0,10.333333333333334,True
loja sephora balneario shopping,0,2,0.0,14.5,False
loja sergio's,0,2,0.0,50.0,False
loja shopping balneario,0,35,0.0,9.0,True
loja shopping continente,0,44,0.0,13.977272727272727,True
loja shopping norte,0,1,0.0,10.0,False
loja shopping sul,0,1,0.0,80.0,False
loja shutz,0,7,0.0,32.57142857142857,True
loja simple organic,0,2,0.0,47.0,False
loja sostiqs,0,1,0.0,6.0,False
loja souq,0,33,0.0,8.181818181818182,True
loja souq moema,0,4,0.0,3.5,True
loja souq outlet,0,1,0.0,8.0,False
loja spoleto,0,4,0.0,3.5,True
loja suplementos norteshopping,0,1,0.0,15.0,False
loja tacco,0,11,0.0,7.0,True
loja taco barra shopping,0,82,0.0,8.475609756097562,True
loja taco bell,0,25,0.0,4.96,True
loja taco conjunto nacional,0,4,0.0,8.0,True
loja taco em sao paulo,0,2,0.0,5.0,False
loja taco mangabeira shopping,0,1,0.0,9.0,False
loja taco norte shopping,0,61,0.0,9.885245901639344,True
loja taco ribeirao preto,0,1,0.0,12.0,False
loja taco shopping,0,548,0.0,6.8010948905109485,True
loja taco shopping butanta,0,2,0.0,10.5,False
loja taco shopping da bahia,0,2,0.0,12.5,False
loja tacos,0,1,0.0,93.0,False
loja tako,0,1,0.0,6.0,False
loja tania bulhoes,0,2,0.0,7.5,False
loja tavo,0,9,0.0,7.111111111111111,True
loja tenis balneario shopping,0,7,0.0,11.0,True
loja ticket,0,1,0.0,5.0,False
loja tigor,0,124,0.0,17.411290322580644,True
loja tigor e lilica,0,75,0.0,12.866666666666667,True
loja tim balneario shopping,0,1,0.0,16.0,False
loja tim criciuma,0,1,0.0,1.0,False
loja tim shopping balneário camboriú,0,2,0.0,1.0,False
loja tim shopping neumarkt,0,2,0.0,4.0,False
loja tip top,0,126,0.0,12.5,True
loja toco,0,19,0.0,8.68421052631579,True
loja top mix,0,2,0.0,49.5,False
loja triya,0,3,0.0,9.666666666666666,True
loja três,0,1,0.0,10.0,False
loja ugg balneario camboriu,0,2,0.0,11.0,False
loja unifique blumenau,0,1,0.0,1.0,False
loja unipraias,0,1,0.0,75.0,False
loja usaflex joinville,0,1,0.0,11.0,False
loja usaflex norte shopping,0,4,0.0,12.25,True
loja usaflex park shopping,0,1,0.0,5.0,False
loja uvline,0,74,0.0,47.63513513513514,True
loja uza,0,14,0.0,17.357142857142858,True
loja uza brasilia,0,2,0.0,3.0,False
loja uza em bh,0,3,0.0,4.666666666666666,True
loja uza shoes,0,290,0.0,10.448275862068966,True
loja uza shoes perto de mim,0,2,0.0,10.0,False
loja vabs,0,27,0.0,8.148148148148149,True
loja valisere,0,15,0.0,13.266666666666667,True
loja valisere rio de janeiro,0,1,0.0,11.0,False
loja valisere sao paulo,0,1,0.0,12.0,False
loja vams,0,116,0.0,8.46551724137931,True
loja vand,0,240,0.0,8.508333333333333,True
loja vans brasil,0,12,0.0,69.58333333333333,True
loja vans catarina outlet,0,12,0.0,10.5,True
loja vans curitiba,0,1,0.0,13.0,False
loja vans em natal,0,1,0.0,8.0,False
loja vans joinville,0,9,0.0,12.555555555555555,True
loja vans mais proxima,0,3,0.0,8.333333333333332,True
loja vans no rio de janeiro,0,3,0.0,39.333333333333336,True
loja vans norte shopping,0,89,0.0,8.224719101123595,True
loja vans outlet,0,1,0.0,37.0,False
loja vans park shopping,0,1,0.0,14.0,False
loja vans piracicaba,0,1,0.0,13.0,False
loja vans por perto,0,1,0.0,9.0,False
loja vans rio de janeiro,0,6,0.0,48.833333333333336,True
loja vans rj,0,1,0.0,41.0,False
loja vans shopping,0,30,0.0,26.933333333333334,True
loja vans shopping campo grande,0,1,0.0,13.0,False
loja vanz,0,8,0.0,7.0,True
loja vas,0,21,0.0,7.0476190476190474,True
loja vazia,0,81,0.0,11.802469135802468,True
loja ventoro,0,2,0.0,5.5,False
loja virtual dress to,0,1,0.0,87.0,False
loja virtual riachuelo,0,1,0.0,24.0,False
loja virus 41 - balneário shopping,0,1,0.0,9.0,False
loja vivo balneário shopping,0,2,0.0,15.0,False
loja vivo blumenau shopping neumarkt,0,1,0.0,3.0,False
loja vivo criciúma shopping,0,1,0.0,1.0,False
loja vivo nacoes shopping,0,1,0.0,9.0,False
loja walk,0,1,0.0,13.0,False
loja world wine,0,1,0.0,12.0,False
loja yogini,0,4,0.0,24.75,True
loja zapalla,0,20,0.0,30.45,True
loja zara balneario shopping,0,7,0.0,10.857142857142858,True
loja zara em balneário camboriú,0,21,0.0,8.095238095238095,True
loja zara em santa catarina,0,10,0.0,9.7,True
loja zara mais próxima,0,1,0.0,9.0,False
loja zara perto de mim,0,2,0.0,11.0,False
loja zara santa catarina,0,2,0.0,9.5,False
loja zara shopping continente,0,1,0.0,11.0,False
loja zee dog,0,8,0.0,56.875,True
loja zee dog temple,0,3,0.0,45.333333333333336,True
loja zeedog,0,1,0.0,67.0,False
loja zeiss,0,2,0.0,11.0,False
loja ótica diniz,0,8,0.0,11.875,True
lojamilon,0,1,0.0,8.0,False
lojao do norte,0,1,0.0,12.0,False
lojas,0,6,0.0,3.6666666666666665,True
lojas - continente shopping,0,119,0.0,11.781512605042018,True
lojas abertas hoje,0,1,0.0,1.0,False
lojas alameda shopping,0,2,0.0,69.5,False
lojas alme,0,2,0.0,31.0,False
lojas almeida,0,42,0.0,20.238095238095237,True
lojas altenburg,0,3,0.0,27.666666666666668,True
lojas americanas continente shopping,0,9,0.0,11.777777777777779,True
lojas americanas shopping continente,0,3,0.0,9.0,True
lojas americanas shopping mueller joinville,0,1,0.0,40.0,False
lojas ancora,0,1,0.0,94.0,False
lojas ancoras,0,1,0.0,94.0,False
lojas ancoras em shopping,0,1,0.0,11.0,False
lojas ancoras shopping,0,2,0.0,7.5,False
lojas arena shopping,0,1,0.0,85.0,False
lojas artefacto,0,6,0.0,18.0,True
lojas artex,0,1,0.0,25.0,False
lojas artex rj,0,29,0.0,44.51724137931034,True
lojas artex shopping,0,1,0.0,7.0,False
lojas artwalk,0,30,0.0,11.3,True
lojas avenida brasil balneario camboriu,0,1,0.0,5.0,False
lojas bacio di latte,0,1,0.0,10.0,False
lojas balneario,0,21,0.0,13.761904761904763,True
lojas balneario camboriu,0,12,0.0,30.333333333333332,True
lojas balneário camboriú,0,58,0.0,17.517241379310345,True
lojas balneário camboriú shopping,0,39,0.0,9.333333333333334,True
lojas bauducco,0,116,0.0,13.362068965517242,True
lojas bauduco,0,12,0.0,12.583333333333334,True
lojas bc shopping,0,57,0.0,9.0,True
lojas beira mar shopping,0,1,0.0,91.0,False
lojas beiramar shopping,0,1,0.0,44.0,False
lojas bibi,0,1,0.0,10.0,False
lojas bibi calçados,0,1,0.0,12.0,False
lojas bibi center norte,0,10,0.0,11.6,True
lojas biscoitê,0,3,0.0,6.333333333333333,True
lojas blue beach,0,2,0.0,36.5,False
lojas bluebeach,0,1,0.0,42.0,False
lojas blumenau,0,1,0.0,1.0,False
lojas boali,0,3,0.0,16.0,True
lojas boss,0,11,0.0,9.727272727272727,True
lojas brasil cacau,0,11,0.0,10.454545454545455,True
lojas brasil cacau perto de mim,0,2,0.0,10.5,False
lojas c&a abertas hoje,0,18,0.0,9.444444444444445,True
lojas c&a celulares,0,2,0.0,61.0,False
lojas c&a shopping,0,2,0.0,5.5,False
lojas cacau brasil,0,1,0.0,4.0,False
lojas cacau brasil perto de mim,0,1,0.0,2.0,False
lojas canal concept,0,279,0.0,9.412186379928315,True
lojas caras de roupas,0,1,0.0,1.0,False
lojas caras de shopping,0,1,0.0,5.0,False
lojas carioca shopping,0,1,0.0,7.0,False
lojas casa bauducco,0,1,0.0,4.0,False
lojas casa das cuecas,0,1,0.0,11.0,False
lojas casa riachuelo,0,63,0.0,10.26984126984127,True
lojas catarina outlet,0,2,0.0,69.5,False
lojas catarinense,0,3,0.0,71.0,True
lojas centauro balneário camboriú,0,6,0.0,5.666666666666667,True
lojas centauro em florianópolis,0,36,0.0,10.055555555555555,True
lojas centauro em joinville,0,1,0.0,5.0,False
lojas centauro em santa catarina,0,53,0.0,8.716981132075471,True
lojas centauro norte shopping,0,14,0.0,96.71428571428571,True
lojas centauro perto de mim,0,1,0.0,1.0,False
lojas centauro shopping,0,42,0.0,7.9523809523809526,True
lojas centauros,0,531,0.0,7.834274952919021,True
lojas centaurus,0,1,0.0,7.0,False
lojas center norte,0,2,0.0,45.0,False
lojas center shopping,0,2,0.0,9.0,False
lojas centers,0,2,0.0,33.0,False
lojas centro florianopolis,0,1,0.0,66.0,False
lojas centro florianópolis,0,1,0.0,63.0,False
lojas centro joinville,0,3,0.0,65.33333333333333,True
lojas cia maritima,0,6,0.0,7.0,True
lojas cobasi,0,1,0.0,2.0,False
lojas cobasi perto de mim,0,1,0.0,1.0,False
lojas colcci,0,27,0.0,8.962962962962962,True
lojas com,0,1,0.0,1.0,False
lojas companhia maritima,0,1,0.0,11.0,False
lojas concept,0,1,0.0,96.0,False
lojas continental shopping,0,2,0.0,13.5,False
lojas continente,0,135,0.0,11.91851851851852,True
lojas continente park shopping,0,44,0.0,11.181818181818182,True
lojas continente shopping,0,1152,0.0,10.46701388888889,True
lojas criamigos,0,2,0.0,12.0,False
lojas criança norte shopping,0,1,0.0,9.0,False
lojas criciuma,0,3,0.0,72.66666666666667,True
lojas criciúma,0,1,0.0,63.0,False
lojas croasonho,0,1,0.0,55.0,False
lojas crocs,0,46,0.0,7.3478260869565215,True
lojas crocs rio de janeiro,0,3,0.0,40.0,True
lojas crocs shopping,0,1,0.0,6.0,False
lojas da bauducco,0,10,0.0,12.5,True
lojas da brasil cacau,0,1,0.0,13.0,False
lojas da c&a,0,1,0.0,1.0,False
lojas da centauro,0,96,0.0,28.5,True
lojas da centauro perto de mim,0,1,0.0,7.0,False
lojas da colcci,0,5,0.0,8.2,True
lojas da crocs,0,3,0.0,11.0,True
lojas da farm perto de mim,0,1,0.0,1.0,False
lojas da lacoste,0,1,0.0,3.0,False
lojas da levi's,0,2,0.0,99.5,False
lojas da nba,0,1,0.0,93.0,False
lojas da nba no brasil,0,1,0.0,5.0,False
lojas da petite jolie,0,6,0.0,7.666666666666667,True
lojas da preçolandia,0,12,0.0,76.41666666666667,True
lojas da santa lolla,0,47,0.0,9.212765957446809,True
lojas da schutz,0,4,0.0,32.25,True
lojas da taco,0,37,0.0,6.405405405405405,True
lojas da vans,0,196,0.0,10.979591836734693,True
lojas da vans perto de mim,0,2,0.0,11.0,False
lojas de,0,2,0.0,1.0,False
lojas de balneário camboriú,0,6,0.0,24.333333333333332,True
lojas de biquini bh shopping,0,1,0.0,37.0,False
lojas de biscoitos,0,1,0.0,67.0,False
lojas de c,0,1,0.0,11.0,False
lojas de calçados balneário camboriú shopping,0,11,0.0,11.727272727272727,True
lojas de calçados em ponta grossa,0,1,0.0,6.0,False
lojas de crocs,0,8,0.0,7.75,True
lojas de cuecas,0,2,0.0,66.0,False
lojas de grife,0,4,0.0,66.75,True
lojas de grife em balneário camboriú,0,28,0.0,7.678571428571429,True
lojas de loungerie,0,1,0.0,6.0,False
lojas de marcas,0,8,0.0,57.0,True
lojas de moda praia,0,1,0.0,3.0,False
lojas de pizza,0,2,0.0,5.0,False
lojas de roupa balneario camboriu,0,1,0.0,19.0,False
lojas de roupa em balneário camboriú,0,2,0.0,72.0,False
lojas de roupa em blumenau,0,1,0.0,5.0,False
lojas de roupa norteshopping,0,1,0.0,61.0,False
lojas de roupas balneario camboriu,0,1,0.0,2.0,False
lojas de roupas blumenau,0,1,0.0,6.0,False
lojas de roupas e sapatos,0,1,0.0,9.0,False
lojas de roupas em santa catarina online,0,1,0.0,5.0,False
lojas de salto,0,1,0.0,2.0,False
lojas de santa catarina,0,19,0.0,46.473684210526315,True
lojas de sapatos no brasil,0,1,0.0,7.0,False
lojas de shopping,0,2,0.0,6.5,False
lojas de shopping famosas,0,1,0.0,5.0,False
lojas de tenis no brasil,0,1,0.0,1.0,False
lojas de van,0,1,0.0,8.0,False
lojas de vans,0,1,0.0,94.0,False
lojas dengo,0,4,0.0,6.75,True
lojas dengo chocolate,0,1,0.0,11.0,False
lojas dentro do continente,0,1,0.0,11.0,False
lojas do,0,1,0.0,1.0,False
lojas do barra shopping,0,1,0.0,3.0,False
lojas do camelódromo de balneário camboriú,0,1,0.0,1.0,False
lojas do continente,0,11,0.0,14.0,True
lojas do continente shopping,0,160,0.0,10.21875,True
lojas do floripa shopping,0,2,0.0,77.0,False
lojas do garden shopping,0,1,0.0,12.0,False
lojas do garten,0,2,0.0,14.0,False
lojas do garten shopping,0,12,0.0,9.916666666666666,True
lojas do garten shopping joinville,0,12,0.0,28.75,True
lojas do nacoes shopping criciuma,0,58,0.0,8.068965517241379,True
lojas do nações shopping,0,19,0.0,10.105263157894736,True
lojas do norte,0,1,0.0,11.0,False
lojas do norte shopping,0,44,0.0,19.886363636363637,True
lojas do norte shopping blumenau,0,90,0.0,11.011111111111111,True
lojas do norteshopping,0,12,0.0,71.0,True
lojas do outlet catarina,0,1,0.0,67.0,False
lojas do partage shopping betim,0,1,0.0,1.0,False
lojas do plaza sul,0,1,0.0,86.0,False
lojas do shopping,0,1,0.0,1.0,False
lojas do shopping continental,0,3,0.0,48.333333333333336,True
lojas do shopping do avião,0,1,0.0,3.0,False
lojas do shopping fecham que horas,0,1,0.0,1.0,False
lojas do shopping floripa,0,1,0.0,42.0,False
lojas do shopping garten,0,11,0.0,9.090909090909092,True
lojas do shopping garten joinville,0,180,0.0,11.227777777777778,True
lojas do shopping nações criciúma,0,4,0.0,10.75,True
lojas do shopping neumarkt blumenau,0,153,0.0,7.810457516339869,True
lojas do shopping norte,0,23,0.0,7.6521739130434785,True
lojas do shopping norte blumenau,0,110,0.0,11.581818181818182,True
lojas do shopping norte shopping,0,13,0.0,9.307692307692308,True
lojas do shopping nova america,0,2,0.0,2.0,False
lojas do shopping santa ursula,0,1,0.0,2.0,False
lojas do shopping total,0,1,0.0,86.0,False
lojas do top shopping,0,1,0.0,2.0,False
lojas dress to,0,19,0.0,9.578947368421053,True
lojas dudalina perto de mim,0,1,0.0,1.0,False
lojas em balneario camboriu,0,17,0.0,41.1764705882353,True
lojas em balneário camboriú,0,301,0.0,30.142857142857142,True
lojas em blumenau,0,3,0.0,42.666666666666664,True
lojas em cancun,0,18,0.0,52.0,True
lojas em criciuma,0,1,0.0,74.0,False
lojas em florianopolis,0,9,0.0,58.44444444444444,True
lojas em florianópolis,0,18,0.0,64.5,True
lojas em itajai,0,1,0.0,86.0,False
lojas em joinville,0,6,0.0,70.16666666666667,True
lojas em santa catarina,0,43,0.0,23.069767441860463,True
lojas famosas,0,2,0.0,7.5,False
lojas famosas de shopping,0,6,0.0,8.333333333333332,True
lojas fan,0,3,0.0,51.333333333333336,True
lojas farol shopping,0,1,0.0,34.0,False
lojas fem santa catarina,0,2,0.0,12.0,False
lojas fisicas oceane,0,1,0.0,6.0,False
lojas florianopolis,0,5,0.0,50.6,True
lojas floripa shopping,0,2,0.0,57.0,False
lojas forum,0,65,0.0,16.984615384615385,True
lojas forum shopping,0,116,0.0,10.336206896551724,True
lojas franca shopping,0,1,0.0,2.0,False
lojas fórum,0,16,0.0,11.6875,True
lojas garden,0,5,0.0,65.8,True
lojas garden shopping,0,6,0.0,17.833333333333332,True
lojas garten,0,48,0.0,9.541666666666666,True
lojas garten joinville,0,6,0.0,8.5,True
lojas garten shopping,0,156,0.0,11.0,True
lojas garten shopping joinville,0,25,0.0,10.32,True
lojas girafas,0,2,0.0,33.0,False
lojas giraffas,0,9,0.0,19.666666666666668,True
lojas gol em shopping,0,1,0.0,1.0,False
lojas goldko,0,1,0.0,11.0,False
lojas grande,0,1,0.0,8.0,False
lojas grandes,0,2,0.0,8.0,False
lojas guerreiro,0,4,0.0,10.75,True
lojas havanas,0,1,0.0,1.0,False
lojas havanna perto de mim,0,1,0.0,5.0,False
lojas hering shopping,0,1,0.0,1.0,False
lojas hope resort,0,5,0.0,15.6,True
lojas hugo boss,0,2,0.0,61.0,False
lojas imaginarium,0,6,0.0,9.833333333333334,True
lojas imaginarium rj,0,7,0.0,9.571428571428571,True
lojas joge,0,1,0.0,1.0,False
lojas joinville,0,3,0.0,50.333333333333336,True
lojas jr,0,1,0.0,82.0,False
lojas kings shopping,0,1,0.0,1.0,False
lojas lacoste,0,3,0.0,7.666666666666667,True
lojas lacoste shopping,0,3,0.0,6.333333333333333,True
lojas lacoste sp shopping,0,10,0.0,80.0,True
lojas lages,0,1,0.0,90.0,False
lojas lanca perfume,0,5,0.0,50.0,True
lojas lança perfume,0,47,0.0,11.659574468085106,True
lojas levis,0,8,0.0,50.25,True
lojas levis outlet,0,1,0.0,16.0,False
lojas lez a lez,0,180,0.0,10.627777777777778,True
lojas lilica,0,26,0.0,12.538461538461538,True
lojas lilica e tigor,0,41,0.0,10.926829268292684,True
lojas lindt,0,1,0.0,8.0,False
lojas lindt perto de mim,0,3,0.0,11.333333333333334,True
lojas lindt rj,0,1,0.0,34.0,False
lojas loungerie,0,7,0.0,49.0,True
lojas luiza barcelos,0,9,0.0,7.777777777777778,True
lojas luz da lua,0,8,0.0,9.125,True
lojas manhattan shopping,0,1,0.0,2.0,False
lojas maria filo,0,1,0.0,44.0,False
lojas maria filó,0,7,0.0,51.0,True
lojas marisa shopping continente,0,28,0.0,10.642857142857142,True
lojas melissa,0,5,0.0,85.6,True
lojas melissa perto de mim,0,1,0.0,7.0,False
lojas melissas,0,41,0.0,51.90243902439025,True
lojas minon fotos,0,3,0.0,7.0,True
lojas miramar shopping,0,1,0.0,4.0,False
lojas mix,0,3,0.0,61.0,True
lojas modernas,0,2,0.0,53.5,False
lojas mormaii,0,25,0.0,50.48,True
lojas multicenter,0,5,0.0,61.8,True
lojas nacional,0,2,0.0,5.5,False
lojas nacoes,0,49,0.0,8.36734693877551,True
lojas nacoes shopping,0,132,0.0,9.174242424242424,True
lojas nações shopping,0,19,0.0,8.842105263157894,True
lojas nba store,0,3,0.0,11.0,True
lojas neumarkt,0,787,0.0,7.578144853875476,True
lojas neumarkt blumenau,0,93,0.0,8.193548387096774,True
lojas new balance,0,76,0.0,15.789473684210526,True
lojas new balance rio de janeiro,0,2,0.0,31.0,False
lojas no centro de joinville,0,2,0.0,37.5,False
lojas no continente,0,5,0.0,26.6,True
lojas no continente shopping,0,103,0.0,13.728155339805825,True
lojas no floripa shopping,0,1,0.0,82.0,False
lojas no garden shopping,0,1,0.0,8.0,False
lojas no garten shopping,0,17,0.0,8.823529411764707,True
lojas no garten shopping joinville,0,1,0.0,14.0,False
lojas no nações shopping,0,104,0.0,9.576923076923077,True
lojas no nações shopping criciúma,0,2,0.0,9.0,False
lojas no norte shopping,0,25,0.0,20.56,True
lojas no norte shopping blumenau,0,95,0.0,12.347368421052632,True
lojas no norteshopping,0,1,0.0,91.0,False
lojas no outlet catarina,0,1,0.0,74.0,False
lojas no shopping,0,1,0.0,7.0,False
lojas no shopping balneario,0,67,0.0,9.597014925373134,True
lojas no shopping bela vista,0,1,0.0,2.0,False
lojas no shopping boulevard,0,1,0.0,1.0,False
lojas no shopping continente,0,74,0.0,21.5,True
lojas no shopping de balneario camboriu,0,43,0.0,6.674418604651163,True
lojas no shopping garten joinville,0,55,0.0,12.6,True
lojas no shopping iguatemi sao paulo,0,1,0.0,160.0,False
lojas no shopping neumarkt,0,154,0.0,9.396103896103897,True
lojas no shopping neumarkt blumenau,0,5,0.0,11.2,True
lojas no shopping norte,0,16,0.0,10.8125,True
lojas no shopping norte blumenau,0,1,0.0,9.0,False
lojas no shopping total,0,2,0.0,88.5,False
lojas norte shoping,0,1,0.0,10.0,False
lojas norte shopping,0,166,0.0,14.132530120481928,True
lojas norte shopping blumenau,0,426,0.0,12.737089201877934,True
lojas norte shopping porto,0,1,0.0,97.0,False
lojas norteshopping,0,4,0.0,48.0,True
lojas nosso shopping,0,9,0.0,72.88888888888889,True
lojas novas,0,2,0.0,48.0,False
lojas oceane,0,57,0.0,19.263157894736842,True
lojas oceane em sao paulo,0,1,0.0,52.0,False
lojas oceane sp,0,2,0.0,11.5,False
lojas online brasil,0,1,0.0,23.0,False
lojas outlet catarina,0,2,0.0,81.5,False
lojas outlet porto belo,0,1,0.0,37.0,False
lojas pampili,0,12,0.0,19.333333333333332,True
lojas pampili rj,0,4,0.0,1.0,True
lojas pampili shopping,0,4,0.0,20.25,True
lojas park europeu,0,6,0.0,44.166666666666664,True
lojas petite jolie,0,30,0.0,25.5,True
lojas pizza hut,0,1,0.0,11.0,False
lojas popeyes,0,2,0.0,24.0,False
lojas precolandia,0,5,0.0,55.4,True
lojas preçolandia,0,56,0.0,50.07142857142857,True
lojas preçolândia,0,3,0.0,30.0,True
lojas preçolândia endereços,0,2,0.0,1.0,False
lojas pátio savassi,0,2,0.0,3.0,False
lojas que estão abertas hoje,0,1,0.0,1.0,False
lojas que estão contratando perto de mim,0,1,0.0,1.0,False
lojas que tem no barra shopping,0,1,0.0,2.0,False
lojas que tem no shopping,0,1,0.0,10.0,False
lojas que vende,0,1,0.0,1.0,False
lojas que vendem cecconello,0,38,0.0,14.631578947368421,True
lojas que vendem tenis veja,0,1,0.0,6.0,False
lojas quem disse berenice rj,0,1,0.0,84.0,False
lojas recco,0,48,0.0,6.0625,True
lojas renner,0,1,0.0,19.0,False
lojas renner blumenau,0,1,0.0,3.0,False
lojas renner lavras,0,1,0.0,2.0,False
lojas renner nacoes shopping criciuma,0,12,0.0,11.166666666666666,True
lojas riachuelo anápolis,0,1,0.0,2.0,False
lojas riachuelo cama mesa e banho,0,1,0.0,24.0,False
lojas riachuelo casa,0,144,0.0,8.430555555555555,True
lojas riachuelo caxias do sul,0,1,0.0,1.0,False
lojas riachuelo centro rj,0,1,0.0,1.0,False
lojas riachuelo em florianópolis,0,1,0.0,1.0,False
lojas riachuelo em joinville,0,10,0.0,1.0,True
lojas riachuelo florianópolis,0,5,0.0,1.0,True
lojas riachuelo jacarei,0,1,0.0,3.0,False
lojas riachuelo juiz de fora,0,4,0.0,1.0,True
lojas riachuelo moda infantil,0,1,0.0,70.0,False
lojas riachuelo perto de mim,0,2,0.0,1.0,False
lojas riachuelo rio sul,0,2,0.0,1.0,False
lojas riachuelo santo amaro,0,1,0.0,1.0,False
lojas riachuelo shopping,0,1,0.0,1.0,False
lojas riachuelo shopping penha,0,4,0.0,1.0,True
lojas riachuelo tijuca,0,4,0.0,1.0,True
lojas ricardo almeida,0,1,0.0,1.0,False
lojas richard,0,82,0.0,7.719512195121951,True
lojas richards,0,235,0.0,7.740425531914894,True
lojas richards rj,0,3,0.0,12.0,True
lojas richards sp,0,6,0.0,58.666666666666664,True
lojas roupas caras balneario camboriu,0,68,0.0,8.279411764705882,True
lojas salinas,0,2,0.0,9.0,False
lojas santa catarina,0,36,0.0,31.61111111111111,True
lojas santa lola,0,96,0.0,9.947916666666666,True
lojas santa lolla,0,582,0.0,9.88659793814433,True
lojas santa lolla shopping,0,69,0.0,8.63768115942029,True
lojas sc,0,4,0.0,80.5,True
lojas schutz,0,24,0.0,22.0,True
lojas schutz em são paulo,0,2,0.0,13.0,False
lojas schutz oficial,0,1,0.0,4.0,False
lojas schutz perto de mim,0,9,0.0,3.6666666666666665,True
lojas schutz shopping,0,3,0.0,25.0,True
lojas shoping,0,1,0.0,1.0,False
lojas shopping,0,2,0.0,6.5,False
lojas shopping aldeota,0,1,0.0,3.0,False
lojas shopping balneario camboriu,0,68,0.0,9.102941176470589,True
lojas shopping balneario camboriu sc,0,5,0.0,11.6,True
lojas shopping balneário santos,0,2,0.0,4.5,False
lojas shopping beira mar,0,1,0.0,78.0,False
lojas shopping beiramar,0,1,0.0,85.0,False
lojas shopping blumenau,0,5,0.0,9.4,True
lojas shopping center norte,0,1,0.0,41.0,False
lojas shopping continental,0,3,0.0,30.0,True
lojas shopping continente,0,568,0.0,12.588028169014084,True
lojas shopping continente são josé sc,0,41,0.0,7.463414634146342,True
lojas shopping curitiba,0,1,0.0,94.0,False
lojas shopping d,0,1,0.0,4.0,False
lojas shopping dom pedro,0,1,0.0,4.0,False
lojas shopping estação joinville,0,1,0.0,14.0,False
lojas shopping floripa,0,18,0.0,53.388888888888886,True
lojas shopping garden,0,2,0.0,13.5,False
lojas shopping garten,0,58,0.0,10.482758620689655,True
lojas shopping garten joinville,0,99,0.0,11.292929292929292,True
lojas shopping iguatemi,0,5,0.0,155.0,True
lojas shopping iguatemi faria lima,0,3,0.0,117.66666666666667,True
lojas shopping iguatemi sp,0,1,0.0,158.0,False
lojas shopping itajai,0,2,0.0,18.0,False
lojas shopping itajaí,0,2,0.0,17.0,False
lojas shopping joinville,0,12,0.0,12.25,True
lojas shopping lages,0,4,0.0,11.75,True
lojas shopping lages sc,0,1,0.0,12.0,False
lojas shopping nacoes,0,2,0.0,11.0,False
lojas shopping nações criciuma,0,48,0.0,9.9375,True
lojas shopping nações unidas,0,1,0.0,3.0,False
lojas shopping norte,0,54,0.0,12.166666666666666,True
lojas shopping norte blumenau,0,261,0.0,11.222222222222221,True
lojas shopping norte shopping,0,5,0.0,6.6,True
lojas shopping norte sul,0,1,0.0,100.0,False
lojas shopping park europeu,0,3,0.0,26.333333333333332,True
lojas shopping parque shopping,0,1,0.0,2.0,False
lojas shopping santa ursula,0,1,0.0,2.0,False
lojas shopping sul,0,1,0.0,99.0,False
lojas shopping são josé,0,1,0.0,91.0,False
lojas shopping total,0,6,0.0,85.66666666666667,True
lojas shopping tubarão,0,1,0.0,3.0,False
lojas shopping via catarina,0,3,0.0,39.666666666666664,True
lojas souq,0,2,0.0,12.5,False
lojas spoleto,0,1,0.0,6.0,False
lojas sul center,0,5,0.0,91.4,True
lojas tacco,0,1,0.0,4.0,False
lojas taco bell,0,119,0.0,5.285714285714286,True
lojas taco shopping,0,5,0.0,62.2,True
lojas tania bulhoes,0,1,0.0,10.0,False
lojas tigor,0,4,0.0,33.5,True
lojas tip top endereços,0,2,0.0,9.0,False
lojas top shopping,0,1,0.0,40.0,False
lojas uza,0,2,0.0,31.0,False
lojas uza shoes,0,145,0.0,12.241379310344827,True
lojas valisere,0,25,0.0,13.12,True
lojas valisere sp,0,12,0.0,9.833333333333334,True
lojas van,0,2,0.0,3.0,False
lojas vans perto de mim,0,5,0.0,5.0,True
lojas vans rio de janeiro,0,5,0.0,42.8,True
lojas via catarina,0,1,0.0,71.0,False
lojas vivara shopping,0,1,0.0,1.0,False
lojas yes,0,1,0.0,84.0,False
lojas zapalla,0,3,0.0,18.666666666666668,True
lojas zara em florianópolis,0,1,0.0,3.0,False
lojas zara em santa catarina,0,57,0.0,10.175438596491228,True
lojas zee dog,0,5,0.0,36.8,True
lojas âncoras,0,1,0.0,83.0,False
lojas óticas diniz,0,1,0.0,13.0,False
lojas.norte shopping,0,1,0.0,9.0,False
lojasimporium,0,3,0.0,8.0,True
lojasmelissa,0,5,0.0,73.8,True
lojinha kopenhagen,0,2,0.0,55.5,False
lojinha petite jolie,0,6,0.0,8.0,True
lojinhas em balneario camboriu,0,5,0.0,40.4,True
lol continente,0,4,0.0,70.0,True
lola rio pomba,0,1,0.0,3.0,False
lola santa,0,1,0.0,2.0,False
lolla,0,17,0.0,8.117647058823529,True
lolla loja,0,55,0.0,11.327272727272728,True
lolopiana,0,1,0.0,3.0,False
longchamp santa lolla,0,1,0.0,3.0,False
los angeles fc camisa,0,1,0.0,1.0,False
loteria federal 59862,0,5,0.0,8.2,True
loteria federal 59900 resultado,0,1,0.0,1.0,False
loteria federal 59960 resultado de hoje,0,1,0.0,1.0,False
loteria federal 60046,0,1,0.0,4.0,False
loteria federal dia das maes,0,1,0.0,38.0,False
loterica balneario shopping,0,3,0.0,1.6666666666666665,True
loterica shopping continente,0,1,0.0,3.0,False
loterica shopping neumarkt blumenau,0,7,0.0,1.2857142857142856,True
lotérica floripa shopping,0,1,0.0,5.0,False
lounge shopping,0,4,0.0,6.25,True
lounge tabacaria,0,1,0.0,1.0,False
loungerie,0,147,0.0,8.408163265306122,True
loungerie balneario camboriu,0,3,0.0,10.666666666666666,True
loungerie belem,0,1,0.0,3.0,False
loungerie brasil,0,1,0.0,4.0,False
loungerie calcinhas,0,134,0.0,60.5,True
loungerie com br,0,3,0.0,68.0,True
loungerie conjunto,0,45,0.0,71.64444444444445,True
loungerie conjunto nacional,0,4,0.0,32.0,True
loungerie jk,0,1,0.0,11.0,False
loungerie loja,0,13,0.0,9.923076923076923,True
loungerie loja fisica,0,1,0.0,9.0,False
loungerie lojas,0,21,0.0,10.523809523809524,True
loungerie lojas perto de mim,0,1,0.0,9.0,False
loungerie lojas rj,0,6,0.0,36.5,True
loungerie lojas shopping,0,5,0.0,6.8,True
loungerie marca,0,4,0.0,87.5,True
loungerie meaning,0,3,0.0,47.333333333333336,True
loungerie metropolitano,0,1,0.0,5.0,False
loungerie morumbi shopping,0,1,0.0,62.0,False
loungerie norte shopping,0,245,0.0,9.236734693877551,True
loungerie o que é,0,1,0.0,10.0,False
loungerie outlet,0,6,0.0,41.166666666666664,True
loungerie patio,0,3,0.0,38.0,True
loungerie perto de mim,0,2,0.0,6.5,False
loungerie pijamas,0,27,0.0,42.51851851851852,True
loungerie piracicaba,0,3,0.0,10.333333333333334,True
loungerie recife shopping fotos,0,1,0.0,3.0,False
loungerie s/a,0,6,0.0,20.833333333333332,True
loungerie salvador shopping,0,2,0.0,3.0,False
loungerie salvador shopping fotos,0,1,0.0,1.0,False
loungerie sao caetano,0,13,0.0,9.846153846153847,True
loungerie shopping,0,6,0.0,20.333333333333332,True
loungerie shopping abc,0,1,0.0,36.0,False
loungerie shopping barra,0,3,0.0,27.666666666666668,True
loungerie shopping morumbi,0,1,0.0,5.0,False
loungerie shopping sao caetano,0,2,0.0,17.5,False
loungerie shopping tijuca,0,6,0.0,13.166666666666666,True
loungerie significado,0,5,0.0,9.6,True
loungerie sutia,0,1,0.0,57.0,False
loungerie trabalhe conosco,0,55,0.0,25.581818181818182,True
loungerie é brasileira,0,27,0.0,5.2592592592592595,True
lourdes trentini,0,17,0.0,59.64705882352941,True
louth shoes,0,1,0.0,6.0,False
lriachuelo,0,1,0.0,17.0,False
lua lua loja,0,1,0.0,5.0,False
lualmeidasp privacy,0,99,0.0,7.98989898989899,True
luciane almeida,0,1,0.0,2.0,False
lucky eclipse,0,1,0.0,9.0,False
lucky fellows,0,4,0.0,13.5,True
lugano norte shopping,0,58,0.0,12.120689655172415,True
lugar especial para pessoas especiais nike,0,1,0.0,52.0,False
lugar para comer balneario camboriu,0,1,0.0,2.0,False
lugar para doar gatos,0,1,0.0,1.0,False
lugar para tirar passaporte,0,1,0.0,1.0,False
lugares baratos para comer em balneário camboriú,0,1,0.0,2.0,False
lugares em blumenau,0,1,0.0,1.0,False
lugares para comemorar aniversario em balneario camboriu,0,1,0.0,2.0,False
lugares para comer balneario camboriu,0,1,0.0,2.0,False
lugares para comer no shopping,0,2,0.0,10.5,False
lugares para conhecer em criciuma,0,1,0.0,1.0,False
lugares petfriendly,0,1,0.0,1.0,False
lugatasstore,0,1,0.0,1.0,False
luisa barcelos,0,1,0.0,32.0,False
luisa buissa,0,14,0.0,10.571428571428571,True
luisere,0,1,0.0,1.0,False
luiz carlos passetti,0,7,0.0,9.714285714285714,True
luiza barce,0,1,0.0,5.0,False
luiza barcellos,0,2,0.0,32.5,False
luiza barcelos,0,24,0.0,12.041666666666666,True
luiza barcelos balneario camboriu,0,173,0.0,11.115606936416185,True
luiza barcelos balneario shopping,0,4,0.0,12.5,True
luiza barcelos balneário camboriú,0,2,0.0,11.0,False
luiza barcelos cnpj,0,2,0.0,40.0,False
luiza barcelos franquia,0,140,0.0,8.928571428571429,True
luiza barcelos logo,0,1,0.0,21.0,False
luiza barcelos loja,0,3,0.0,55.333333333333336,True
luiza barcelos lojas,0,3,0.0,7.666666666666667,True
luiza barcelos lojas em sp,0,12,0.0,89.5,True
luiza barcelos shopping,0,1,0.0,6.0,False
luiza barcelos site,0,1,0.0,4.0,False
luiza barcelos trabalhe conosco,0,1,0.0,29.0,False
luiza barcelos.,0,1,0.0,47.0,False
luka 4,0,1,0.0,1.0,False
luka 77,0,1,0.0,2.0,False
lupo balneario camboriu,0,1,0.0,12.0,False
lupo balneário camboriú,0,1,0.0,27.0,False
lupo continente shopping,0,36,0.0,8.444444444444445,True
lupo garten,0,4,0.0,10.0,True
lupo itajai,0,1,0.0,9.0,False
lupo itajai shopping,0,1,0.0,15.0,False
lupo shopping continente,0,29,0.0,9.517241379310345,True
luxo,0,2,0.0,4.0,False
luxo jr,0,1,0.0,79.0,False
luxo junior,0,2,0.0,79.0,False
luxury halls,0,2,0.0,58.5,False
luz da lua aracaju,0,6,0.0,12.333333333333334,True
luz da lua fabrica,0,1,0.0,7.0,False
luz da lua franquia,0,42,0.0,6.833333333333333,True
luz da lua franquia valor,0,95,0.0,9.8,True
luz da lua fábrica,0,2,0.0,8.0,False
luz da lua loja,0,1,0.0,7.0,False
luz da lua lojas,0,4,0.0,62.0,True
luz da lua shopping,0,1,0.0,7.0,False
luz da lua shopping campo grande,0,22,0.0,12.681818181818182,True
luz da lua sjc,0,8,0.0,18.5,True
luz dalua,0,2,0.0,4.5,False
luzdalua,0,1,0.0,9.0,False
lés a lés significado,0,3,0.0,1.0,True
m a almeida,0,1,0.0,28.0,False
m2 empreendimentos,0,1,0.0,42.0,False
ma almeida,0,10,0.0,26.5,True
mac blumenau,0,1,0.0,3.0,False
mac dia feliz,0,1,0.0,9.0,False
mac junior,0,1,0.0,53.0,False
macarronada italiana bc,0,1,0.0,4.0,False
macarrão spoleto,0,4,0.0,1.0,True
madeiro criciuma,0,1,0.0,10.0,False
madeiro curitiba,0,1,0.0,72.0,False
madero balneario,0,1,0.0,21.0,False
madero balneario camboriu,0,1,0.0,34.0,False
madero balneario shopping,0,3,0.0,27.333333333333332,True
madero balneário camboriú,0,3,0.0,28.666666666666668,True
madero balneário shopping,0,2,0.0,28.0,False
madero bc,0,2,0.0,41.5,False
madero beira mar,0,3,0.0,40.666666666666664,True
madero beiramar shopping,0,1,0.0,21.0,False
madero blumenau,0,5,0.0,27.2,True
madero brasil,0,1,0.0,93.0,False
madero camboriu,0,1,0.0,40.0,False
madero catarina outlet,0,1,0.0,14.0,False
madero center norte,0,4,0.0,39.0,True
madero centro curitiba,0,1,0.0,60.0,False
madero chapeco,0,2,0.0,40.0,False
madero continente shopping,0,9,0.0,12.444444444444445,True
madero criciuma,0,4,0.0,23.5,True
madero criciúma,0,1,0.0,31.0,False
madero curitiba,0,16,0.0,70.875,True
madero dono,0,2,0.0,102.0,False
madero durski,0,1,0.0,88.0,False
madero em curitiba,0,6,0.0,77.16666666666667,True
madero em sao paulo,0,1,0.0,75.0,False
madero eventos,0,2,0.0,76.5,False
madero florianopolis,0,4,0.0,50.0,True
madero floripa,0,1,0.0,45.0,False
madero floripa shopping,0,1,0.0,23.0,False
madero franquia valor,0,1,0.0,51.0,False
madero garten,0,2,0.0,46.0,False
madero garten shopping,0,2,0.0,11.0,False
madero itajai,0,4,0.0,37.25,True
madero jaraguá do sul,0,6,0.0,13.0,True
madero joinville,0,5,0.0,38.8,True
madero junior,0,2,0.0,51.0,False
madero neumarkt,0,2,0.0,10.0,False
madero norte shopping,0,2,0.0,22.0,False
madero park shopping,0,3,0.0,69.66666666666667,True
madero porto belo,0,1,0.0,12.0,False
madero prime,0,2,0.0,32.0,False
madero restaurante curitiba,0,1,0.0,67.0,False
madero santa catarina,0,1,0.0,18.0,False
madero shopping,0,3,0.0,57.333333333333336,True
madero shopping beira mar,0,2,0.0,26.0,False
madero shopping center norte,0,1,0.0,19.0,False
madero shopping cidade,0,2,0.0,64.5,False
madero shopping continente,0,10,0.0,14.1,True
madero shopping curitiba,0,3,0.0,39.333333333333336,True
madero shopping mueller,0,1,0.0,26.0,False
madero shopping neumarkt,0,1,0.0,11.0,False
madero unidades,0,2,0.0,52.5,False
madero é franquia,0,1,0.0,80.0,False
madison plaza,0,4,0.0,54.5,True
madison shopping center,0,1,0.0,6.0,False
mae estilosa,0,1,0.0,97.0,False
mae promo,0,1,0.0,70.0,False
maes e,0,3,0.0,73.33333333333333,True
mafra sc,0,1,0.0,1.0,False
mafra shopping,0,1,0.0,2.0,False
magalu belo horizonte,0,1,0.0,77.0,False
magasin junior,0,5,0.0,6.4,True
magazine balneário camboriú,0,3,0.0,90.0,True
magazine luiza balneario camboriu endereço,0,1,0.0,43.0,False
magazine luiza balneário camboriú,0,1,0.0,6.0,False
magazine luiza balneário camboriú - sc,0,4,0.0,65.5,True
magazine luiza balneário shopping,0,34,0.0,13.029411764705882,True
magazine luiza blumenau,0,1,0.0,5.0,False
magazine luiza blumenau norte shopping,0,1,0.0,1.0,False
magazine luiza continente shopping,0,2,0.0,1.0,False
magazine luiza itajai whatsapp,0,1,0.0,12.0,False
magazine luiza norte shopping,0,1,0.0,12.0,False
magazine luiza shopping balneario,0,4,0.0,12.5,True
magazine luiza shopping balneário camboriú,0,15,0.0,12.533333333333333,True
magazine luiza shopping continente,0,4,0.0,24.0,True
magazine luiza shopping norte,0,1,0.0,31.0,False
magazine luiza shopping via catarina,0,1,0.0,16.0,False
maggiore shopping,0,3,0.0,23.0,True
magic of the day,0,1,0.0,38.0,False
magicdisney,0,1,0.0,68.0,False
magicfeet com br partilhar,0,2,0.0,21.0,False
magicfeet partilhar,0,5,0.0,25.8,True
maiara nuernberg philippi,0,1,0.0,1.0,False
mailing,0,1,0.0,95.0,False
mailing de empresas,0,1,0.0,92.0,False
mailing rio de janeiro,0,1,0.0,58.0,False
mailing santa catarina,0,2,0.0,73.5,False
main garten,0,4,0.0,9.5,True
maio blue beach,0,5,0.0,49.0,True
maio companhia maritima,0,1,0.0,65.0,False
maio infantil c&a,0,2,0.0,23.5,False
maio natação,0,1,0.0,1.0,False
maio shopping da américa latina,0,1,0.0,1.0,False
maior centauro de sp,0,1,0.0,1.0,False
maior continente,0,21,0.0,51.38095238095238,True
maior empresa de shopping,0,256,0.0,32.1015625,True
maior empresa junior do brasil,0,3,0.0,99.66666666666667,True
maior idh,0,1,0.0,75.0,False
maior idh brasil,0,11,0.0,91.0909090909091,True
maior idh do brasil,0,11,0.0,79.54545454545455,True
maior idh do brasil cidade,0,2,0.0,94.5,False
maior latin,0,1,0.0,80.0,False
maior loja de produtos naturais do brasil,0,1,0.0,49.0,False
maior outlet de santa catarina,0,1,0.0,2.0,False
maior pib de santa catarina,0,1,0.0,88.0,False
maior pib per capita,0,5,0.0,85.8,True
maior pib per capita do brasil,0,1,0.0,82.0,False
maior rede de shopping do brasil,0,22,0.0,8.318181818181818,True
maior shopping,0,15,0.0,14.066666666666666,True
maior shopping balneário camboriú,0,56,0.0,10.178571428571429,True
maior shopping blumenau sc,0,2,0.0,11.5,False
maior shopping brasil,0,5,0.0,42.6,True
maior shopping center do mundo,0,1,0.0,58.0,False
maior shopping curitiba,0,4,0.0,35.75,True
maior shopping da america do sul,0,1,0.0,57.0,False
maior shopping da america sul,0,1,0.0,24.0,False
maior shopping da américa do sul,0,1,0.0,40.0,False
maior shopping de,0,2,0.0,6.5,False
maior shopping de balneario,0,22,0.0,7.7727272727272725,True
maior shopping de balneario camboriu,0,39,0.0,13.0,True
maior shopping de balneário camboriú,0,352,0.0,10.642045454545455,True
maior shopping de blumenau sc,0,1,0.0,9.0,False
maior shopping de curitiba,0,24,0.0,38.541666666666664,True
maior shopping de florianopolis,0,64,0.0,14.46875,True
maior shopping de floripa,0,33,0.0,5.909090909090909,True
maior shopping de porto,0,3,0.0,97.66666666666667,True
maior shopping de porto alegre,0,3,0.0,57.333333333333336,True
maior shopping de recife,0,12,0.0,75.41666666666667,True
maior shopping de salvador,0,6,0.0,82.66666666666667,True
maior shopping de sao jose dos campos,0,5,0.0,63.2,True
maior shopping de sao paulo,0,8,0.0,52.5,True
maior shopping de sc,0,256,0.0,7.94140625,True
maior shopping de sp,0,10,0.0,82.0,True
maior shopping de são paulo,0,1,0.0,47.0,False
maior shopping do brasil,0,83,0.0,36.493975903614455,True
maior shopping do es,0,1,0.0,33.0,False
maior shopping do estado de são paulo,0,2,0.0,33.5,False
maior shopping do norte,0,10,0.0,8.6,True
maior shopping do porto,0,4,0.0,67.5,True
maior shopping do recife,0,1,0.0,76.0,False
maior shopping do rio grande do sul,0,1,0.0,10.0,False
maior shopping do sul,0,1,0.0,2.0,False
maior shopping do sul do brasil,0,17,0.0,12.294117647058824,True
maior shopping em balneário camboriú,0,13,0.0,6.6923076923076925,True
maior shopping em blumenau,0,5,0.0,1.2,True
maior shopping em curitiba,0,3,0.0,34.666666666666664,True
maior shopping em florianópolis,0,4,0.0,8.25,True
maior shopping em joinville,0,33,0.0,8.333333333333332,True
maior shopping florianopolis,0,48,0.0,7.291666666666667,True
maior shopping joinville,0,291,0.0,10.034364261168385,True
maior shopping joinville santa catarina,0,20,0.0,10.5,True
maior shopping porto alegre,0,1,0.0,42.0,False
maior shopping santa catarina,0,71,0.0,9.71830985915493,True
maior shopping sao paulo,0,4,0.0,89.75,True
maiores administradoras de shopping do brasil,0,6,0.0,52.833333333333336,True
maiores administradoras de shoppings do brasil,0,2,0.0,57.0,False
maiores cidade de santa catarina,0,2,0.0,56.5,False
maiores cidades de santa catarina,0,1,0.0,102.0,False
maiores cidades de sc,0,8,0.0,52.0,True
maiores cidades sc,0,3,0.0,54.0,True
maiores fundos imobiliários de shopping,0,3,0.0,61.666666666666664,True
maiores idh brasil,0,8,0.0,94.625,True
maiores idh do brasil,0,16,0.0,92.9375,True
maiores latin,0,1,0.0,98.0,False
maiores pib per capita do brasil,0,1,0.0,98.0,False
maiores redes de supermercado de santa catarina,0,1,0.0,70.0,False
maiores shopping da américa do sul,0,1,0.0,2.0,False
maiores shopping de curitiba,0,1,0.0,30.0,False
maiores shopping de são paulo,0,1,0.0,38.0,False
maiores shopping do brasil,0,8,0.0,28.625,True
maiores shoppings,0,3,0.0,57.0,True
maiores shoppings brasil,0,5,0.0,59.6,True
maiores shoppings curitiba,0,22,0.0,51.77272727272727,True
maiores shoppings de curitiba,0,12,0.0,45.083333333333336,True
maiores shoppings de florianópolis,0,14,0.0,5.0,True
maiores shoppings de porto alegre,0,1,0.0,48.0,False
maiores shoppings de sao paulo,0,2,0.0,58.0,False
maiores shoppings de sp,0,5,0.0,56.6,True
maiores shoppings de são paulo,0,3,0.0,66.33333333333333,True
maiores shoppings do brasil,0,73,0.0,59.602739726027394,True
maiores shoppings do sul do brasil,0,1,0.0,8.0,False
maiores shoppings florianopolis,0,1,0.0,1.0,False
maios blue beach,0,33,0.0,40.15151515151515,True
maios cia maritima,0,1,0.0,53.0,False
maios companhia maritima,0,1,0.0,51.0,False
maios salinas,0,1,0.0,81.0,False
mais,0,1,0.0,1.0,False
mais continente,0,1,0.0,19.0,False
mais detalhes,0,1,0.0,1.0,False
mais garten,0,1,0.0,7.0,False
mais jr,0,5,0.0,58.0,True
mais lojas,0,1,0.0,3.0,False
mais municípios,0,1,0.0,1.0,False
mais opções,0,1,0.0,2.0,False
mais ou menos,0,1,0.0,2.0,False
mais shopping,0,9,0.0,36.55555555555556,True
mais shopping cinema,0,4,0.0,72.25,True
mais shopping lojas,0,2,0.0,49.0,False
maiô bluebeach,0,8,0.0,50.5,True
maiô salinas,0,3,0.0,52.666666666666664,True
makenji blumenau,0,1,0.0,34.0,False
makenji origem,0,1,0.0,34.0,False
makenji vestidos,0,1,0.0,37.0,False
mala de viagem schutz,0,1,0.0,6.0,False
mala schutz,0,1,0.0,6.0,False
malda kfc,0,1,0.0,32.0,False
mall,0,2,0.0,4.0,False
mall alameda,0,1,0.0,40.0,False
mall almeda,0,2,0.0,9.0,False
mall awards,0,1,0.0,7.0,False
mall balneario camboriu,0,6,0.0,11.333333333333334,True
mall bar,0,1,0.0,62.0,False
mall brasil,0,1,0.0,12.0,False
mall brazil,0,2,0.0,52.0,False
mall camboriu,0,25,0.0,11.04,True
mall center,0,2,0.0,5.0,False
mall coupons,0,1,0.0,72.0,False
mall dates,0,1,0.0,20.0,False
mall de camboriu,0,9,0.0,10.444444444444445,True
mall de lojas,0,1,0.0,5.0,False
mall de shopping,0,5,0.0,5.2,True
mall do shopping,0,4,0.0,7.5,True
mall e midia,0,1,0.0,19.0,False
mall em português,0,1,0.0,83.0,False
mall en camboriu,0,4,0.0,10.5,True
mall en camboriu brasil,0,4,0.0,8.5,True
mall fan,0,1,0.0,48.0,False
mall florianopolis,0,6,0.0,17.166666666666668,True
mall florianopolis sephora,0,2,0.0,12.0,False
mall floripa,0,2,0.0,37.0,False
mall franchises,0,3,0.0,69.66666666666667,True
mall historia,0,1,0.0,33.0,False
mall in sc,0,1,0.0,43.0,False
mall inauguration,0,1,0.0,3.0,False
mall inc,0,1,0.0,6.0,False
mall kid,0,1,0.0,7.0,False
mall malls,0,81,0.0,48.17283950617284,True
mall media,0,1,0.0,9.0,False
mall mission,0,1,0.0,27.0,False
mall mob,0,1,0.0,5.0,False
mall pet,0,1,0.0,6.0,False
mall program,0,1,0.0,30.0,False
mall reference,0,1,0.0,31.0,False
mall ri,0,3,0.0,9.666666666666666,True
mall sao paulo,0,1,0.0,98.0,False
mall shopping,0,2,0.0,22.5,False
mall shopping centers,0,6,0.0,13.666666666666666,True
mall taco bell,0,1,0.0,5.0,False
mall trigger,0,1,0.0,12.0,False
malleljardin.com.ec founded,0,1,0.0,44.0,False
mallj,0,2,0.0,7.5,False
malls,0,79,0.0,14.215189873417721,True
malls and outlets,0,6,0.0,79.66666666666667,True
malls and shopping centers,0,3,0.0,24.666666666666668,True
malls in porto,0,2,0.0,92.5,False
malls in salinas,0,13,0.0,29.692307692307693,True
malls shopping centers,0,1,0.0,20.0,False
maltesa santa ursula,0,1,0.0,8.0,False
mamao continente,0,1,0.0,10.0,False
mamao papaya,0,1,0.0,71.0,False
mamão continente,0,4,0.0,32.75,True
manda fotos,0,1,0.0,9.0,False
manda o cnpj,0,1,0.0,6.0,False
mania de churrasco continental,0,1,0.0,31.0,False
mania de churrasco franquia,0,11,0.0,26.363636363636363,True
mania de churrasco lojas,0,18,0.0,11.444444444444445,True
mania de churrasco norte shopping,0,1,0.0,31.0,False
mania de churrasco parque shopping barueri,0,2,0.0,35.5,False
mania de churrasco shopping ibirapuera,0,15,0.0,22.866666666666667,True
mania de churrasco taguatinga shopping,0,1,0.0,20.0,False
mania do churrasco,0,1,0.0,2.0,False
mapa balneario camboriu,0,6,0.0,92.0,True
mapa balneario shopping,0,13,0.0,9.538461538461538,True
mapa balneário camboriú,0,5,0.0,94.4,True
mapa blumenau,0,8,0.0,73.875,True
mapa blumenau santa catarina,0,1,0.0,65.0,False
mapa blumenau sc,0,2,0.0,68.5,False
mapa camboriú,0,1,0.0,98.0,False
mapa catarina outlet,0,1,0.0,69.0,False
mapa continente,0,1,0.0,60.0,False
mapa continente shopping,0,74,0.0,8.72972972972973,True
mapa criciuma,0,1,0.0,93.0,False
mapa da br 470,0,1,0.0,55.0,False
mapa da br-470,0,1,0.0,62.0,False
mapa da cidade de blumenau,0,1,0.0,41.0,False
mapa de balneario camboriu,0,2,0.0,94.0,False
mapa de balneário camboriú,0,1,0.0,90.0,False
mapa de blumenau,0,3,0.0,88.0,True
mapa de blumenau santa catarina,0,1,0.0,72.0,False
mapa de camboriu,0,1,0.0,96.0,False
mapa de camboriú,0,1,0.0,102.0,False
mapa de criciuma,0,5,0.0,81.8,True
mapa de criciúma,0,2,0.0,89.5,False
mapa de joinville,0,3,0.0,91.0,True
mapa de santa catarina joinville,0,1,0.0,83.0,False
mapa do continente,0,5,0.0,86.8,True
mapa do continente europeu,0,18,0.0,77.72222222222223,True
mapa do norte shopping,0,3,0.0,40.666666666666664,True
mapa do shopping,0,1,0.0,4.0,False
mapa do shopping center norte,0,2,0.0,59.5,False
mapa do shopping continente,0,12,0.0,8.833333333333332,True
mapa dos continente,0,1,0.0,78.0,False
mapa e continentes,0,1,0.0,99.0,False
mapa florianopolis camboriu,0,1,0.0,61.0,False
mapa florianópolis continente,0,1,0.0,39.0,False
mapa grande florianopolis,0,4,0.0,68.5,True
mapa grande florianópolis,0,2,0.0,72.0,False
mapa joinville,0,1,0.0,76.0,False
mapa lojas norte shopping,0,2,0.0,48.0,False
mapa norte shopping,0,9,0.0,74.0,True
mapa norte shopping blumenau,0,3,0.0,1.6666666666666665,True
mapa shopping,0,2,0.0,6.0,False
mapa shopping balneario,0,1,0.0,8.0,False
mapa shopping center norte,0,2,0.0,77.0,False
mapa shopping continente,0,84,0.0,9.0,True
mapa shopping garten joinville,0,15,0.0,6.2,True
mapa shopping neumarkt,0,4,0.0,7.75,True
maquiagem,0,1,0.0,4.0,False
marca,0,1,0.0,8.0,False
marca aj,0,1,0.0,7.0,False
marca alexandre birman,0,1,0.0,4.0,False
marca almeida,0,1,0.0,1.0,False
marca ambiente,0,2,0.0,89.5,False
marca arezzo,0,1,0.0,2.0,False
marca avatim,0,1,0.0,9.0,False
marca biquini,0,2,0.0,1.0,False
marca birman,0,4,0.0,1.0,True
marca brasil cacau,0,1,0.0,1.0,False
marca brasileira de sandália,0,1,0.0,1.0,False
marca brasileira de sandálias,0,7,0.0,1.8571428571428572,True
marca brasileira de tenis,0,4,0.0,1.0,True
marca bugbee,0,1,0.0,52.0,False
marca calcado,0,1,0.0,1.0,False
marca calvin klein,0,2,0.0,58.5,False
marca canal,0,89,0.0,14.202247191011235,True
marca canal roupas,0,8,0.0,7.5,True
marca colcci,0,5,0.0,2.0,True
marca com v,0,4,0.0,2.25,True
marca concept,0,43,0.0,73.65116279069767,True
marca cotton,0,34,0.0,3.8823529411764706,True
marca cucco e boa,0,1,0.0,6.0,False
marca da sephora,0,1,0.0,48.0,False
marca de bolsa feminina,0,1,0.0,6.0,False
marca de bolsa schutz,0,1,0.0,2.0,False
marca de bolsa ss,0,1,0.0,2.0,False
marca de bota,0,1,0.0,14.0,False
marca de bota feminina,0,1,0.0,3.0,False
marca de calcados feminino,0,1,0.0,3.0,False
marca de calçado feminino,0,1,0.0,3.0,False
marca de calçados,0,1,0.0,3.0,False
marca de calçados brasileiros,0,17,0.0,1.0,True
marca de calçados schutz,0,2,0.0,3.5,False
marca de cueca,0,2,0.0,1.0,False
marca de lingerie,0,1,0.0,1.0,False
marca de lojas,0,1,0.0,92.0,False
marca de moda,0,1,0.0,6.0,False
marca de oculos,0,1,0.0,1.0,False
marca de roupa canal,0,136,0.0,5.801470588235294,True
marca de roupa colcci,0,1,0.0,2.0,False
marca de roupa com a letra m,0,1,0.0,1.0,False
marca de roupa infantil lilica ripilica,0,9,0.0,6.111111111111111,True
marca de roupa lanca perfume,0,4,0.0,49.75,True
marca de roupa lança perfume,0,1,0.0,2.0,False
marca de roupa lilica ripilica,0,61,0.0,6.934426229508197,True
marca de roupa richards,0,55,0.0,5.236363636363636,True
marca de roupa rio de janeiro,0,1,0.0,3.0,False
marca de roupas,0,1,0.0,3.0,False
marca de salto,0,1,0.0,1.0,False
marca de sandalia brasileira,0,1,0.0,1.0,False
marca de sandalias brasileras,0,6,0.0,1.0,True
marca de sandália schutz,0,2,0.0,3.0,False
marca de sapato,0,2,0.0,1.0,False
marca de sapato brasileira,0,68,0.0,1.0,True
marca de sapato com a,0,2,0.0,1.0,False
marca de sapato com s,0,1,0.0,1.0,False
marca de sapato feminino,0,2,0.0,3.0,False
marca de sapato schutz,0,2,0.0,2.5,False
marca de shopping,0,10,0.0,11.6,True
marca de sutia,0,1,0.0,1.0,False
marca de tenis brasileira,0,16,0.0,1.125,True
marca de tenis brasileiro,0,2,0.0,1.0,False
marca de tenis nacional,0,1,0.0,1.0,False
marca de tênis brasileira,0,2,0.0,1.0,False
marca de tênis brasileiro,0,1,0.0,1.0,False
marca de tênis nacional,0,2,0.0,1.0,False
marca de tênis vans,0,1,0.0,7.0,False
marca de zapatos brasileros,0,2,0.0,1.0,False
marca degalls,0,32,0.0,5.53125,True
marca forum,0,579,0.0,6.9550949913644216,True
marca fórum,0,1,0.0,10.0,False
marca grow up é boa,0,1,0.0,1.0,False
marca habana,0,1,0.0,3.0,False
marca havana,0,15,0.0,1.2666666666666666,True
marca havanna,0,5,0.0,2.2,True
marca havanna é de onde,0,11,0.0,5.7272727272727275,True
marca lança perfume,0,9,0.0,2.333333333333333,True
marca levais,0,1,0.0,1.0,False
marca levi's,0,1,0.0,1.0,False
marca levis,0,2,0.0,28.0,False
marca levis strauss,0,1,0.0,1.0,False
marca lez a lez,0,1,0.0,2.0,False
marca lilica ripilica,0,1,0.0,43.0,False
marca loungerie,0,5,0.0,68.6,True
marca maria filó,0,1,0.0,21.0,False
marca melissa,0,1,0.0,58.0,False
marca mormaii,0,1,0.0,15.0,False
marca nk,0,8,0.0,81.5,True
marca penalty origem,0,1,0.0,3.0,False
marca petite jolie,0,498,0.0,7.857429718875502,True
marca recco,0,1,0.0,4.0,False
marca richard,0,1,0.0,1.0,False
marca richards,0,408,0.0,5.03921568627451,True
marca richards é boa,0,5,0.0,2.0,True
marca salto,0,1,0.0,3.0,False
marca sandalias,0,1,0.0,3.0,False
marca sandalias brasileras,0,1,0.0,1.0,False
marca santa lola,0,235,0.0,5.548936170212766,True
marca santa lolla origem,0,2,0.0,3.0,False
marca santa lolla é boa,0,85,0.0,10.764705882352942,True
marca scarpin,0,1,0.0,1.0,False
marca schutz,0,51,0.0,6.0588235294117645,True
marca schutz de onde é,0,54,0.0,5.685185185185185,True
marca schutz origem,0,82,0.0,4.2560975609756095,True
marca schutz é boa,0,20,0.0,1.15,True
marca schwartz,0,1,0.0,1.0,False
marca shoes,0,3,0.0,1.0,True
marca shopping,0,4,0.0,9.25,True
marca shutz,0,2,0.0,11.0,False
marca souq,0,1,0.0,3.0,False
marca suzana santos,0,1,0.0,3.0,False
marca taco,0,5,0.0,18.0,True
marca taco bell,0,1,0.0,7.0,False
marca tenis brasileira,0,1,0.0,1.0,False
marca tenis brasileiro,0,2,0.0,1.0,False
marca tigor infantil,0,1,0.0,2.0,False
marca usa,0,2,0.0,1.0,False
marca uza,0,4,0.0,3.0,True
marca zapalla,0,172,0.0,2.8197674418604652,True
marcas,0,1,0.0,3.0,False
marcas biquini,0,1,0.0,1.0,False
marcas brasileiras de calçados,0,14,0.0,1.1428571428571428,True
marcas brasileiras de sapato,0,2,0.0,1.0,False
marcas brasileiras de sapatos,0,14,0.0,1.0,True
marcas brasileiras de sapatos femininos,0,3,0.0,1.0,True
marcas brasileiras de tenis,0,6,0.0,2.166666666666667,True
marcas brasileñas de sandalias,0,1,0.0,1.0,False
marcas cariocas,0,1,0.0,5.0,False
marcas cariocas moda feminina,0,1,0.0,4.0,False
marcas de biquini,0,4,0.0,1.0,True
marcas de biquini brasileiras,0,1,0.0,4.0,False
marcas de biquinis,0,1,0.0,1.0,False
marcas de biquíni,0,2,0.0,1.0,False
marcas de bolsas femininas,0,1,0.0,2.0,False
marcas de botas femininas,0,1,0.0,3.0,False
marcas de calçado feminino,0,2,0.0,3.0,False
marcas de calçados,0,3,0.0,3.6666666666666665,True
marcas de calçados brasileiras,0,2,0.0,1.0,False
marcas de calçados brasileiros,0,26,0.0,1.3846153846153846,True
marcas de calçados femininos brasileiros,0,1,0.0,2.0,False
marcas de chinelo,0,1,0.0,3.0,False
marcas de chuteiras brasileiras,0,1,0.0,2.0,False
marcas de crocs,0,2,0.0,66.5,False
marcas de cueca de luxo,0,2,0.0,1.0,False
marcas de lingerie,0,4,0.0,1.0,True
marcas de lujo,0,1,0.0,2.0,False
marcas de roupa de santa catarina,0,1,0.0,18.0,False
marcas de roupas cariocas masculinas,0,2,0.0,3.0,False
marcas de roupas masculina,0,1,0.0,19.0,False
marcas de salto,0,1,0.0,1.0,False
marcas de salto alto,0,1,0.0,1.0,False
marcas de sandalia brasileira,0,3,0.0,1.0,True
marcas de sandalias brasileiras,0,1,0.0,1.0,False
marcas de sandalias brasileras,0,4,0.0,1.0,True
marcas de sandália,0,2,0.0,3.0,False
marcas de sandália feminina,0,1,0.0,3.0,False
marcas de sandálias brasileiras,0,17,0.0,1.0,True
marcas de sandálias femininas,0,2,0.0,8.5,False
marcas de sandálias femininas brasileiras,0,2,0.0,2.0,False
marcas de santa catarina,0,6,0.0,12.833333333333334,True
marcas de sapato,0,2,0.0,3.0,False
marcas de sapato brasil,0,7,0.0,1.0,True
marcas de sapato brasileira,0,5,0.0,1.0,True
marcas de sapato de luxo brasileira,0,164,0.0,1.0,True
marcas de sapato feminino,0,1,0.0,3.0,False
marcas de sapato feminino brasileira,0,1,0.0,1.0,False
marcas de sapato nacionais,0,2,0.0,1.0,False
marcas de sapatos,0,4,0.0,3.0,True
marcas de sapatos brasileiras,0,70,0.0,1.0,True
marcas de sapatos brasileiros,0,27,0.0,1.074074074074074,True
marcas de sapatos femininos brasileiras,0,16,0.0,1.8125,True
marcas de sapatos nacionais,0,28,0.0,1.5357142857142856,True
marcas de shopping,0,42,0.0,12.904761904761905,True
marcas de tenis brasil,0,2,0.0,1.0,False
marcas de tenis brasileiras,0,5,0.0,1.8,True
marcas de tenis brasileiro,0,8,0.0,1.0,True
marcas de tenis brasileiros,0,7,0.0,1.0,True
marcas de tenis nacionais,0,5,0.0,1.8,True
marcas de tenis nacional,0,3,0.0,1.0,True
marcas de tênis brasileira,0,2,0.0,4.0,False
marcas de tênis brasileiras,0,11,0.0,1.0,True
marcas de tênis brasileiras femininas,0,3,0.0,1.0,True
marcas de zapatos en brasil,0,1,0.0,1.0,False
marcas de óculos,0,1,0.0,1.0,False
marcas famosas de jeans,0,1,0.0,1.0,False
marcas famosas de roupas em santa catarina,0,4,0.0,35.25,True
marcas famosas de santa catarina,0,4,0.0,12.25,True
marcas grandes,0,1,0.0,2.0,False
marcas nacionais de tenis,0,6,0.0,1.0,True
marcas novas,0,1,0.0,78.0,False
marcas ricas,0,1,0.0,68.0,False
marcas rio de janeiro,0,1,0.0,5.0,False
marcas sandalias brasileras,0,2,0.0,1.0,False
marcas sapatos brasileiras,0,1,0.0,1.0,False
marcas sapatos femininos brasileiras,0,2,0.0,1.0,False
marcas shopping,0,4,0.0,3.25,True
marcas store,0,1,0.0,10.0,False
marcas top of mind,0,3,0.0,62.666666666666664,True
marcela schutz,0,1,0.0,5.0,False
marcelo angeloni junior,0,25,0.0,10.32,True
marcelo cechinel reis,0,1,0.0,9.0,False
marci foru,0,1,0.0,5.0,False
marco aurélio,0,1,0.0,1.0,False
marcão shopping,0,1,0.0,13.0,False
mari filo,0,1,0.0,27.0,False
maria fila,0,2,0.0,5.0,False
maria file,0,1,0.0,2.0,False
maria filo,0,102,0.0,9.333333333333334,True
maria filo aracaju,0,1,0.0,10.0,False
maria filo brazil,0,1,0.0,35.0,False
maria filo downtown,0,2,0.0,3.5,False
maria filo loja,0,32,0.0,34.125,True
maria filo lojas,0,22,0.0,37.09090909090909,True
maria filo marca,0,1,0.0,75.0,False
maria filo norte shopping,0,4,0.0,10.5,True
maria filo park shopping,0,3,0.0,10.333333333333334,True
maria filo roupas,0,1,0.0,4.0,False
maria filó,0,44,0.0,21.15909090909091,True
maria filó campos dos goytacazes,0,4,0.0,8.5,True
maria filó loja,0,63,0.0,62.523809523809526,True
maria filó moda feminina,0,1,0.0,50.0,False
maria filó trabalhe conosco,0,1,0.0,10.0,False
maria folo,0,1,0.0,65.0,False
maria gilo,0,2,0.0,36.5,False
maria philó fotos,0,6,0.0,3.1666666666666665,True
maria schutz,0,3,0.0,1.0,True
maria.filo,0,2,0.0,32.5,False
mariafilo,0,2,0.0,27.5,False
mariafilo brazil,0,3,0.0,97.0,True
mariafiló,0,4,0.0,44.25,True
mario veiga de almeida junior,0,3,0.0,2.0,True
marisa continente shopping,0,16,0.0,9.75,True
marisa shopping continente,0,3,0.0,10.666666666666666,True
maritima,0,3,0.0,1.0,True
maritima moda praia loja fisica,0,1,0.0,66.0,False
market centers,0,5,0.0,61.4,True
market feet,0,1,0.0,2.0,False
market malls,0,1,0.0,92.0,False
market near dress,0,1,0.0,1.0,False
market place ja,0,1,0.0,19.0,False
market sh,0,7,0.0,55.714285714285715,True
market shopping,0,10,0.0,9.0,True
market shopping center,0,3,0.0,7.333333333333333,True
marketing de rede balneário camboriú,0,21,0.0,73.04761904761905,True
marketing digital santa catarina,0,1,0.0,68.0,False
marketing digital vagas,0,1,0.0,1.0,False
marketing em blumenau,0,1,0.0,94.0,False
marketing integrado joinville,0,2,0.0,95.5,False
marketing integrado são paulo,0,4,0.0,75.0,True
marketing para inauguração de loja,0,9,0.0,95.22222222222223,True
marketing para negócios locais em bc,0,19,0.0,56.94736842105263,True
marketing@lojatim.com.br,0,3,0.0,11.333333333333334,True
marketo summit,0,1,0.0,39.0,False
marketplace b2w,0,1,0.0,90.0,False
marketplace brazil,0,1,0.0,94.0,False
marketplace criciuma,0,4,0.0,36.25,True
marketplace para shopping,0,5,0.0,18.2,True
marketplace project,0,1,0.0,40.0,False
marketplace shopping,0,8,0.0,77.375,True
marketplace shopping center,0,1,0.0,78.0,False
marketplace shopping site,0,2,0.0,59.5,False
marketplace via varejo,0,1,0.0,94.0,False
mas quais?,0,1,0.0,1.0,False
mascaras personalizadas em blumenau,0,1,0.0,52.0,False
mascote da sipat,0,5,0.0,61.6,True
massage planet newmarket,0,1,0.0,28.0,False
massagem em blumenau,0,1,0.0,1.0,False
massagem erotica balneário camboriú,0,1,0.0,24.0,False
massagem no shopping,0,1,0.0,2.0,False
massagem norte shopping,0,1,0.0,98.0,False
massagem tântrica,0,1,0.0,1.0,False
mastercard c&a,0,11,0.0,60.18181818181818,True
match chocolate,0,1,0.0,10.0,False
materiais,0,1,0.0,5.0,False
materiais escolar,0,1,0.0,5.0,False
materiais escolares,0,8,0.0,1.0,True
materiais escolares 2026,0,1,0.0,1.0,False
materiais escolares com e,0,1,0.0,93.0,False
material escola,0,1,0.0,1.0,False
material escolar,0,24,0.0,1.0,True
material escolar 2020,0,1,0.0,87.0,False
material escolar 2026,0,1,0.0,1.0,False
material escolar barato,0,2,0.0,1.5,False
material escolar continente,0,1,0.0,64.0,False
material escolar lista,0,2,0.0,1.0,False
material lista,0,3,0.0,3.0,True
matheus trentini,0,2,0.0,25.0,False
matriz blumenau,0,1,0.0,13.0,False
maua jr,0,4,0.0,38.25,True
maua junior,0,4,0.0,29.75,True
mauiiswim,0,1,0.0,9.0,False
mauá plaza shopping,0,1,0.0,9.0,False
may and august,0,1,0.0,19.0,False
may sc,0,1,0.0,27.0,False
may stake,0,9,0.0,76.77777777777777,True
mc donald ceretta,0,1,0.0,34.0,False
mc donalds,0,1,0.0,2.0,False
mc donalds neumarkt,0,2,0.0,3.0,False
mc donalds shopping boa vista,0,51,0.0,11.627450980392156,True
mc elevadores,0,1,0.0,52.0,False
mc guga jr,0,1,0.0,57.0,False
mcdia,0,16,0.0,16.5,True
mcdia feliz,0,24,0.0,9.333333333333334,True
mcdia feliz voucher,0,2,0.0,11.0,False
mcdonald's continente shopping,0,1,0.0,12.0,False
mcdonalds neumarkt,0,1,0.0,1.0,False
mchus,0,1,0.0,1.0,False
me de mais detalhes,0,1,0.0,5.0,False
me de um cupom valido,0,1,0.0,3.0,False
me dê outras opções,0,1,0.0,5.0,False
me informe ambos,0,1,0.0,1.0,False
me linda continente shopping,0,1,0.0,5.0,False
me mostra fotos.,0,1,0.0,3.0,False
me mostra uma foto,0,1,0.0,9.0,False
me mostre onde comprar,0,1,0.0,23.0,False
me nota,0,1,0.0,41.0,False
me notas,0,10,0.0,56.9,True
me ois,0,1,0.0,10.0,False
me puede mostrar fotos,0,1,0.0,15.0,False
media mall,0,2,0.0,18.5,False
mega bros holdings emp,0,1,0.0,8.0,False
mega days,0,1,0.0,6.0,False
mega descontos,0,1,0.0,68.0,False
mega fan app,0,3,0.0,8.0,True
mega moda shopping,0,1,0.0,50.0,False
mega molas blumenau,0,2,0.0,27.5,False
mega polo moda,0,1,0.0,79.0,False
mega sale,0,42,0.0,11.785714285714286,True
mega sale day,0,1,0.0,7.0,False
mega sale days,0,33,0.0,2.121212121212121,True
mega sale significado,0,5,0.0,6.2,True
mega sale什么意思,0,1,0.0,26.0,False
mega sh,0,2,0.0,7.0,False
mega shopping 20,0,2,0.0,11.0,False
"megasaledays or ""mega sale days""",0,6,0.0,10.0,True
"megasaledays or ""mega sale days"" or megasaledays.com",0,7,0.0,8.142857142857142,True
megasaledays.com,0,2,0.0,6.0,False
"megasaledays.com or ""mega sale days""",0,15,0.0,8.8,True
"megasaledays.com or ""mega sale days"" or megasaledays",0,9,0.0,9.222222222222221,True
"megasaledays.com or megasaledays or ""mega sale days""",0,6,0.0,8.166666666666668,True
megastore24,0,1,0.0,27.0,False
meia de compressão perna inteira,0,1,0.0,2.0,False
meia entrada cinema balneario shopping,0,4,0.0,13.25,True
meia nike cano alto,0,1,0.0,4.0,False
meia sola sapatos,0,1,0.0,3.0,False
meia wow park,0,1,0.0,7.0,False
meias anti derrapantes,0,1,0.0,4.0,False
meias de corrida feminina,0,1,0.0,6.0,False
meias dia do consumidor 2025,0,1,0.0,56.0,False
meida,0,1,0.0,6.0,False
mein garten shop,0,1,0.0,36.0,False
mejor shopping en florianópolis,0,1,0.0,41.0,False
melhor chocolate de gramado,0,1,0.0,3.0,False
melhor cinema de santa catarina,0,1,0.0,5.0,False
melhor corredor,0,1,0.0,6.0,False
melhor fondue em balneário camboriú,0,1,0.0,3.0,False
melhor idh brasil,0,7,0.0,92.85714285714286,True
melhor idh do brasil,0,7,0.0,92.85714285714286,True
melhor marca de biquini,0,2,0.0,1.0,False
melhor marca de biquini do brasil,0,1,0.0,1.0,False
melhor parmegiana,0,2,0.0,1.0,False
melhor restaurante balneario camboriu,0,1,0.0,3.0,False
melhor restaurante de balneário camboriú,0,2,0.0,3.0,False
melhor restaurante de itu,0,1,0.0,52.0,False
melhor rodízio de frutos do mar em balneário camboriú,0,1,0.0,2.0,False
melhor shopping balneário camboriú,0,14,0.0,14.571428571428571,True
melhor shopping curitiba,0,1,0.0,32.0,False
melhor shopping de balneario,0,1,0.0,1.0,False
melhor shopping de balneário camboriú,0,268,0.0,19.470149253731343,True
melhor shopping de criciúma,0,275,0.0,10.610909090909091,True
melhor shopping de curitiba,0,36,0.0,51.666666666666664,True
melhor shopping de florianopolis,0,38,0.0,19.18421052631579,True
melhor shopping de florianópolis,0,87,0.0,11.67816091954023,True
melhor shopping de floripa,0,5,0.0,19.2,True
melhor shopping de itapema,0,1,0.0,2.0,False
melhor shopping de joinville,0,112,0.0,10.375,True
melhor shopping de lages,0,1,0.0,3.0,False
melhor shopping de santa catarina,0,30,0.0,9.133333333333333,True
melhor shopping de sao jose do rio preto,0,2,0.0,2.0,False
melhor shopping de sao paulo,0,2,0.0,55.0,False
melhor shopping de sp,0,3,0.0,82.66666666666667,True
melhor shopping de são paulo,0,5,0.0,52.0,True
melhor shopping do brasil,0,4,0.0,37.75,True
melhor shopping em balneário camboriú,0,8,0.0,16.75,True
melhor shopping em curitiba,0,1,0.0,76.0,False
melhor shopping em florianópolis,0,8,0.0,20.0,True
melhor shopping em joinville,0,6,0.0,11.5,True
melhor shopping florianopolis,0,8,0.0,12.5,True
melhor shopping florianópolis,0,3,0.0,28.0,True
melhor shopping joinville,0,58,0.0,12.155172413793103,True
melhor shopping sjc,0,1,0.0,3.0,False
melhor site barato livros didáticos 2025 2026 brasil,0,2,0.0,17.0,False
melhor site comprar livros didáticos barato 2025 2026 brasil,0,1,0.0,12.0,False
melhor site comprar livros didáticos barato brasil 2024 2025,0,1,0.0,16.0,False
melhor site livros didáticos mais barato brasil 2025 2026,0,1,0.0,19.0,False
melhor site mais barato livros didáticos 2025 2026 brasil,0,7,0.0,17.285714285714285,True
melhor site para comprar material escolar,0,1,0.0,1.0,False
melhor sushi em balneário camboriú,0,1,0.0,3.0,False
melhores bares em balneário camboriú,0,1,0.0,4.0,False
melhores campanhas aniversário shopping brasil,0,7,0.0,7.857142857142857,True
melhores chocolates de gramado,0,1,0.0,3.0,False
melhores cinemas de curitiba,0,2,0.0,76.0,False
melhores idh do brasil,0,8,0.0,92.25,True
melhores jogadores live arena,0,1,0.0,100.0,False
melhores lojas na rua dos biquínis cabo frio,0,1,0.0,4.0,False
melhores lojas para comprar material escolar,0,1,0.0,1.0,False
melhores lugares de balneário camboriú,0,8,0.0,74.625,True
melhores lugares em balneário camboriú,0,7,0.0,75.71428571428571,True
melhores lugares para comprar materiais escolares,0,1,0.0,4.0,False
melhores marcas de sapatos,0,1,0.0,1.0,False
melhores marcas de sutiã no brasil,0,1,0.0,3.0,False
melhores programas de bem-estar corporativo com acesso a academias brasil,0,10,0.0,6.0,True
melhores práticas de cashback,0,6,0.0,95.5,True
melhores restaurantes balneario camboriu,0,6,0.0,43.5,True
melhores restaurantes balneário camboriú,0,10,0.0,79.7,True
melhores restaurantes blumenau,0,4,0.0,81.5,True
melhores restaurantes criciuma,0,6,0.0,70.5,True
melhores restaurantes de balneario camboriu,0,1,0.0,83.0,False
melhores restaurantes de balneário camboriú,0,11,0.0,79.81818181818181,True
melhores restaurantes de blumenau,0,4,0.0,90.25,True
melhores restaurantes de cancun,0,17,0.0,64.29411764705883,True
melhores restaurantes de criciuma,0,5,0.0,63.6,True
melhores restaurantes de joinville,0,1,0.0,81.0,False
melhores restaurantes em balneario camboriu,0,2,0.0,88.5,False
melhores restaurantes em balneário camboriú,0,14,0.0,68.07142857142857,True
melhores restaurantes em blumenau,0,2,0.0,86.5,False
melhores restaurantes em cancun,0,16,0.0,63.8125,True
melhores restaurantes em criciuma,0,2,0.0,70.0,False
melhores restaurantes em itajai,0,1,0.0,68.0,False
melhores restaurantes em itajaí,0,1,0.0,77.0,False
melhores restaurantes em jaraguá do sul,0,2,0.0,50.5,False
melhores restaurantes em joinville,0,1,0.0,90.0,False
melhores restaurantes jaragua do sul,0,2,0.0,60.0,False
melhores restaurantes no centro de sao paulo,0,1,0.0,8.0,False
melhores restaurantes norte shopping,0,13,0.0,36.53846153846154,True
melhores restaurantes shopping center norte,0,2,0.0,57.0,False
melhores restaurantes são josé sc,0,1,0.0,74.0,False
melhores shopping,0,1,0.0,59.0,False
melhores shopping de florianópolis,0,5,0.0,16.2,True
melhores shopping de sao paulo,0,1,0.0,49.0,False
melhores shopping de são paulo,0,2,0.0,51.0,False
melhores shopping do brasil,0,2,0.0,20.0,False
melhores shoppings,0,13,0.0,35.15384615384615,True
melhores shoppings curitiba,0,2,0.0,39.5,False
melhores shoppings de curitiba,0,3,0.0,33.666666666666664,True
melhores shoppings de florianópolis,0,9,0.0,24.666666666666668,True
melhores shoppings de sao paulo,0,4,0.0,81.0,True
melhores shoppings de sp,0,7,0.0,96.42857142857143,True
melhores shoppings do brasil,0,2,0.0,35.0,False
melhores shoppings florianopolis,0,2,0.0,13.5,False
melhores shoppings são paulo,0,1,0.0,96.0,False
melissa,0,1,0.0,12.0,False
melissa aberta,0,3,0.0,39.0,True
melissa alm,0,1,0.0,4.0,False
melissa almeida,0,19,0.0,24.263157894736842,True
melissa avenida paulista,0,1,0.0,29.0,False
melissa balneario shopping,0,23,0.0,9.91304347826087,True
melissa center shopping,0,1,0.0,90.0,False
melissa centervale,0,1,0.0,3.0,False
melissa club,0,3,0.0,30.0,True
melissa club shop,0,1,0.0,10.0,False
melissa clube,0,199,0.0,12.884422110552764,True
melissa clube fotos,0,5,0.0,2.4,True
melissa conjunto nacional,0,4,0.0,22.25,True
melissa continente,0,2,0.0,11.5,False
melissa continente shopping,0,116,0.0,9.017241379310345,True
melissa de almeida,0,6,0.0,18.833333333333332,True
melissa do norte shopping,0,2,0.0,36.5,False
melissa fachada,0,3,0.0,1.6666666666666665,True
melissa franquia,0,38,0.0,28.0,True
melissa jk shopping,0,1,0.0,28.0,False
melissa join,0,4,0.0,37.0,True
melissa junior,0,7,0.0,9.857142857142858,True
melissa mall,0,4,0.0,10.0,True
melissa marca,0,1,0.0,54.0,False
melissa no norte shopping,0,3,0.0,56.666666666666664,True
melissa no shopping,0,1,0.0,3.0,False
melissa norte shopping,0,3,0.0,38.666666666666664,True
melissa novidades,0,5,0.0,73.8,True
melissa park shopping,0,1,0.0,12.0,False
melissa shop,0,141,0.0,8.829787234042552,True
melissa shopping,0,6,0.0,18.0,True
melissa shopping balneario,0,2,0.0,11.5,False
melissa shopping continental,0,3,0.0,12.0,True
melissa shopping continente,0,152,0.0,7.572368421052632,True
melissa shopping internacional,0,1,0.0,12.0,False
melissa shopping neumarkt,0,15,0.0,9.866666666666667,True
melissa shopping palladium,0,25,0.0,9.68,True
melissa é brasileira,0,1,0.0,22.0,False
melissa é uma marca brasileira,0,1,0.0,11.0,False
mellisa shop,0,3,0.0,8.333333333333332,True
mendes junior,0,2,0.0,51.5,False
mendes júnior,0,2,0.0,49.0,False
mensagem animal,0,1,0.0,81.0,False
menú de el tocom restaurante,0,1,0.0,11.0,False
mercadinho almeida,0,1,0.0,1.0,False
mercadinho floripa,0,1,0.0,31.0,False
mercado adj,0,1,0.0,37.0,False
mercado almeida,0,10,0.0,9.8,True
mercado continente rio de janeiro,0,1,0.0,59.0,False
mercado continente shopping,0,136,0.0,7.382352941176471,True
mercado de shopping,0,69,0.0,41.55072463768116,True
mercado foschiera,0,1,0.0,56.0,False
mercado na avenida brasil,0,1,0.0,1.0,False
mercado no continente shopping,0,1,0.0,10.0,False
mercado no norte shopping,0,22,0.0,10.090909090909092,True
mercado no shopping norte,0,1,0.0,9.0,False
mercado norte shopping,0,31,0.0,8.161290322580644,True
mercado ri,0,7,0.0,39.57142857142857,True
mercado santa ursula,0,2,0.0,11.5,False
mercado shopping,0,9,0.0,10.555555555555555,True
mercado shopping continente,0,33,0.0,4.3939393939393945,True
mercado shopping norte,0,1,0.0,8.0,False
mercado tania,0,2,0.0,10.0,False
mercantil almeida,0,1,0.0,12.0,False
mercearia almeida,0,2,0.0,9.0,False
mesa riachuelo,0,1,0.0,11.0,False
meta bowling norte shopping,0,1,0.0,30.0,False
metro quadrado balneário camboriú,0,1,0.0,58.0,False
metroville prime grill,0,2,0.0,28.0,False
meu acesso espaço laser,0,1,0.0,84.0,False
meumarkt,0,12,0.0,7.083333333333333,True
mglu3 ri calendario,0,1,0.0,10.0,False
mi store westfield,0,1,0.0,11.0,False
micro franquia santa lolla,0,60,0.0,9.966666666666667,True
mida almeida,0,5,0.0,14.0,True
midia,0,5,0.0,6.2,True
midia de elevador,0,26,0.0,13.038461538461538,True
midia de elevadores,0,20,0.0,8.3,True
midia elevador,0,121,0.0,10.677685950413224,True
midia elevador residencial,0,7,0.0,22.428571428571427,True
midia elevadores,0,84,0.0,7.666666666666667,True
midia em elevador,0,28,0.0,17.428571428571427,True
midia em shopping,0,2,0.0,95.0,False
midia indoor elevador,0,3,0.0,35.0,True
midia mall,0,11,0.0,8.0,True
midia no elevador,0,6,0.0,10.5,True
midia para elevadores,0,34,0.0,7.5588235294117645,True
midia shopping,0,40,0.0,40.5,True
midway riachuelo telefone,0,1,0.0,2.0,False
midway riachuelo telefone central de atendimento,0,1,0.0,2.0,False
miguel abuhab,0,1,0.0,42.0,False
miguel abuhab namorada,0,1,0.0,23.0,False
miguel abuhab neogrid,0,1,0.0,43.0,False
miklos birthday,0,1,0.0,1.0,False
milhao lottery,0,1,0.0,21.0,False
mili mall,0,7,0.0,5.714285714285714,True
mili últimas notícias,0,10,0.0,39.6,True
milion loja,0,3,0.0,6.666666666666667,True
milklandia balneário camboriú,0,1,0.0,21.0,False
millon loja,0,1,0.0,7.0,False
milon,0,5,0.0,10.4,True
milon balneario shopping,0,8,0.0,10.875,True
milon bc,0,6,0.0,9.0,True
milon center vale,0,5,0.0,11.2,True
milon franca,0,3,0.0,14.666666666666666,True
milon france,0,1,0.0,12.0,False
milon franquia,0,124,0.0,11.185483870967742,True
milon loja,0,167,0.0,7.0359281437125745,True
milon norte shopping,0,4,0.0,12.5,True
milon park shopping,0,1,0.0,23.0,False
milon shopping,0,5,0.0,10.6,True
milton salvador de almeida junior,0,1,0.0,12.0,False
mim.fans,0,1,0.0,10.0,False
mimha empresa,0,1,0.0,2.0,False
mind brands,0,3,0.0,53.0,True
mind loja,0,1,0.0,97.0,False
mind2025,0,1,0.0,11.0,False
mindda,0,1,0.0,9.0,False
mindi main,0,2,0.0,10.0,False
minds shop,0,1,0.0,95.0,False
minha empresa,0,7,0.0,3.857142857142857,True
mini bola mikasa,0,1,0.0,1.0,False
mini kalzone continente shopping,0,2,0.0,13.5,False
mintana grill,0,16,0.0,5.4375,True
mirage shopping center,0,1,0.0,12.0,False
miramar pet friendly,0,1,0.0,1.0,False
misa almeida,0,2,0.0,10.5,False
missao valores visao,0,1,0.0,1.0,False
missaõ visao valores,0,1,0.0,65.0,False
missão coca cola,0,2,0.0,101.0,False
missão valores visão,0,1,0.0,53.0,False
missão visão e valores loja de roupas,0,2,0.0,30.0,False
missão x visão x valores,0,9,0.0,79.77777777777777,True
mitsubishi eclipse cross hpe,0,1,0.0,18.0,False
mitsubishi eclipse cross hpe s,0,2,0.0,23.5,False
mitsubishi hpe,0,1,0.0,41.0,False
mitsubishi v40,0,2,0.0,1.5,False
mix 2010,0,4,0.0,13.25,True
mix 2012,0,1,0.0,42.0,False
mix 2016,0,1,0.0,10.0,False
mix adulto . com,0,2,0.0,6.0,False
mix adulto site,0,1,0.0,31.0,False
mix atacadão,0,1,0.0,80.0,False
mix blu,0,1,0.0,8.0,False
mix center,0,2,0.0,42.5,False
mix central,0,2,0.0,71.5,False
mix conceito,0,2,0.0,52.0,False
mix construtora,0,1,0.0,37.0,False
mix curitiba,0,2,0.0,64.0,False
mix de marketing,0,1,0.0,77.0,False
mix de marketing praça,0,1,0.0,85.0,False
mix diesel,0,1,0.0,72.0,False
mix gardem,0,1,0.0,54.0,False
mix garden,0,13,0.0,52.76923076923077,True
mix junior,0,1,0.0,7.0,False
mix mall,0,1,0.0,75.0,False
mix mil,0,2,0.0,45.5,False
mix park,0,1,0.0,46.0,False
mix park sul,0,6,0.0,93.33333333333333,True
mix shop,0,8,0.0,48.625,True
mix shopping,0,10,0.0,63.8,True
mix variedade,0,16,0.0,72.5625,True
mizuno thunder blade z,0,1,0.0,3.0,False
mk innovates,0,2,0.0,7.5,False
mk innovates photos,0,2,0.0,3.0,False
mob by,0,1,0.0,1.0,False
mob jan,0,3,0.0,4.0,True
mob marca,0,8,0.0,56.75,True
mob outlet,0,1,0.0,13.0,False
mob patio paulista,0,1,0.0,6.0,False
mob shopping,0,3,0.0,12.333333333333334,True
mob trabalhe conosco,0,1,0.0,1.0,False
mobile shopper,0,1,0.0,38.0,False
moby dick tratamentos automotivos,0,1,0.0,9.0,False
mocaschutz,0,1,0.0,1.0,False
mocassim feminino schutz,0,2,0.0,4.0,False
mochila da colcci,0,1,0.0,3.0,False
mochila flamengo adidas,0,1,0.0,1.0,False
mochila le postiche,0,1,0.0,18.0,False
mochila rosa nike,0,1,0.0,6.0,False
mochila schutz original,0,2,0.0,4.0,False
moda,0,1,0.0,1.0,False
moda arenası,0,1,0.0,76.0,False
moda brasil shopping,0,2,0.0,39.5,False
moda brasileira masculina,0,1,0.0,89.0,False
moda casa riachuelo,0,55,0.0,5.472727272727273,True
moda concept,0,3,0.0,37.333333333333336,True
moda continente,0,6,0.0,21.666666666666668,True
moda grande joinville,0,1,0.0,55.0,False
moda infantil lilica ripilica,0,4,0.0,45.0,True
moda junior,0,1,0.0,41.0,False
moda lança perfume,0,5,0.0,51.4,True
moda masculina verao,0,3,0.0,97.33333333333333,True
moda masculina verão,0,5,0.0,97.6,True
moda modelos,0,3,0.0,57.666666666666664,True
moda praia blue beach,0,59,0.0,80.8135593220339,True
moda praia cia maritima,0,2,0.0,85.5,False
moda verão masculina,0,2,0.0,78.5,False
modare sandália,0,1,0.0,5.0,False
model encontros,0,2,0.0,7.0,False
model fashion agency,0,1,0.0,2.0,False
model junior,0,4,0.0,9.75,True
model mundo,0,2,0.0,86.5,False
model ri,0,1,0.0,9.0,False
model sc,0,2,0.0,1.0,False
model.me,0,1,0.0,40.0,False
modelmaße männer,0,1,0.0,48.0,False
modelo carol trentini,0,11,0.0,13.272727272727273,True
modelo centauro,0,1,0.0,1.0,False
modelos brasileiras mais famosas,0,1,0.0,3.0,False
modelos catarinenses,0,1,0.0,2.0,False
modelos jovens,0,1,0.0,71.0,False
modelos novas,0,1,0.0,77.0,False
modelos sc,0,1,0.0,46.0,False
models,0,1,0.0,1.0,False
moletom do milan,0,1,0.0,6.0,False
molho spoleto,0,1,0.0,1.0,False
momtana grill,0,3,0.0,4.333333333333334,True
moncloa significado,0,4,0.0,9.75,True
monitor kalunga,0,1,0.0,56.0,False
monja coen roshi,0,1,0.0,35.0,False
monta grill,0,8,0.0,6.25,True
monta junior,0,1,0.0,77.0,False
montalccino pasta grill fotos,0,1,0.0,3.0,False
montana churrascaria,0,14,0.0,18.357142857142858,True
montana express,0,5,0.0,6.2,True
montana g,0,7,0.0,7.857142857142857,True
montana geill,0,4,0.0,6.0,True
montana griil,0,17,0.0,6.0,True
montana grill andorinha,0,1,0.0,10.0,False
montana grill balneário camboriú,0,31,0.0,11.806451612903226,True
montana grill barra shopping,0,1,0.0,9.0,False
montana grill bc,0,3,0.0,13.0,True
montana grill beiramar shopping,0,4,0.0,13.0,True
montana grill campinas,0,13,0.0,6.3076923076923075,True
montana grill cnpj,0,2,0.0,13.0,False
montana grill express fotos,0,1,0.0,5.0,False
montana grill fotos,0,28,0.0,2.071428571428571,True
montana grill franquia valor,0,1,0.0,41.0,False
montana grill iguatemi,0,1,0.0,20.0,False
montana grill joinville,0,31,0.0,10.225806451612904,True
montana grill logo,0,13,0.0,3.3076923076923075,True
montana grill porto alegre,0,1,0.0,8.0,False
montana grill shopping,0,47,0.0,13.957446808510639,True
montana grill shopping continente,0,37,0.0,11.594594594594595,True
montana grill shopping itaguaçu,0,16,0.0,13.75,True
montana grill sobre,0,1,0.0,7.0,False
montana grill é de quem,0,3,0.0,10.333333333333334,True
montana grille photos,0,10,0.0,2.2,True
montana grills,0,1,0.0,7.0,False
montana grull,0,2,0.0,6.5,False
montana gs,0,1,0.0,2.0,False
montana loja,0,1,0.0,9.0,False
montana shopping,0,12,0.0,7.833333333333333,True
montanagrill,0,10,0.0,4.2,True
montanas grill,0,78,0.0,7.32051282051282,True
montanna grill,0,15,0.0,7.2,True
montaña gril,0,1,0.0,4.0,False
montaña grill,0,71,0.0,5.647887323943662,True
montini jk,0,1,0.0,30.0,False
morana,0,1,0.0,6.0,False
morana blumenau,0,9,0.0,11.0,True
more,0,1,0.0,6.0,False
mormaii,0,3,0.0,23.333333333333332,True
mormaii franquias,0,1,0.0,25.0,False
mormaii loja,0,1,0.0,44.0,False
mormaii lojas,0,2,0.0,74.0,False
mormaii shopping,0,1,0.0,20.0,False
mormaii tenis,0,1,0.0,4.0,False
morro dos ventos uivantes rede canais,0,2,0.0,9.0,False
morumbi shopping riachuelo,0,1,0.0,1.0,False
mosaic shopping mall,0,1,0.0,85.0,False
moselle sapatos,0,1,0.0,4.0,False
mostrar imagem,0,1,0.0,11.0,False
mostrar imagens,0,1,0.0,2.0,False
mostre imagens,0,1,0.0,1.0,False
motana grill,0,7,0.0,7.0,True
moto,0,1,0.0,4.0,False
motorino italiano,0,2,0.0,10.5,False
moveis artefacto,0,18,0.0,7.277777777777778,True
moveis artefato,0,16,0.0,4.75,True
moveis continente,0,1,0.0,7.0,False
movidesk alternatives,0,6,0.0,44.166666666666664,True
movie franchises,0,1,0.0,18.0,False
mozzarellart - balneário camboriú,0,1,0.0,5.0,False
mr a farm pt br,0,1,0.0,38.0,False
mr a's farm pt br,0,1,0.0,9.0,False
mr as farm pt br,0,1,0.0,47.0,False
mr cheney cookies,0,1,0.0,21.0,False
mr cheney franquia,0,19,0.0,19.36842105263158,True
mr cheney norte shopping,0,17,0.0,10.529411764705882,True
mr chenny,0,2,0.0,8.0,False
mr schutz,0,1,0.0,1.0,False
mrcheney,0,4,0.0,36.75,True
mrichards,0,3,0.0,6.666666666666667,True
mrs calçados,0,1,0.0,12.0,False
ms_dira forum,0,5,0.0,3.2,True
mudo verde,0,1,0.0,9.0,False
mueller joinville cinema,0,1,0.0,59.0,False
mueller shopping cinema,0,4,0.0,47.75,True
mueller shopping joinville,0,2,0.0,90.0,False
muitas operações seguidas faça uma pausa 99,0,1,0.0,22.0,False
mule schutz,0,1,0.0,5.0,False
multi villagio esplanada,0,1,0.0,38.0,False
multicenter lojas,0,14,0.0,47.285714285714285,True
multiplan administrado,0,2,0.0,47.5,False
multiplan administradora de shopping centers ltda,0,1,0.0,42.0,False
multisom blumenau,0,2,0.0,1.5,False
mundaka blumenau,0,1,0.0,22.0,False
mundo bio,0,1,0.0,14.0,False
mundo das vans,0,1,0.0,6.0,False
mundo imaginarium,0,1,0.0,1.0,False
mundo juracico,0,3,0.0,4.333333333333334,True
mundo juradico,0,1,0.0,1.0,False
mundo jurasico,0,7,0.0,10.0,True
mundo jurassico,0,328,0.0,6.2682926829268295,True
mundo jurassico shopping,0,11,0.0,28.545454545454547,True
mundo jurrasico,0,8,0.0,4.625,True
mundo jurássico,0,721,0.0,4.2552011095700415,True
mundo kids continente shopping,0,2,0.0,3.0,False
mundo nails balneário camboriú,0,2,0.0,12.0,False
mundo verde,0,25,0.0,10.88,True
mundo verde - joinville,0,20,0.0,11.45,True
mundo verde aceita vale alimentação,0,1,0.0,3.0,False
mundo verde americas shopping,0,101,0.0,10.237623762376238,True
mundo verde brasil,0,1,0.0,42.0,False
mundo verde cambui,0,1,0.0,5.0,False
mundo verde campo grande ms,0,1,0.0,1.0,False
mundo verde campo grande rj,0,16,0.0,7.5625,True
mundo verde center 3,0,1,0.0,55.0,False
mundo verde centro,0,3,0.0,19.0,True
mundo verde cnpj,0,6,0.0,12.166666666666666,True
mundo verde desembargador moreira,0,6,0.0,12.666666666666666,True
mundo verde franquia,0,129,0.0,20.666666666666668,True
mundo verde iguatemi,0,2,0.0,14.5,False
mundo verde itaigara,0,2,0.0,9.5,False
mundo verde joinville,0,161,0.0,9.826086956521738,True
mundo verde loja,0,2,0.0,8.0,False
mundo verde lojas,0,19,0.0,11.105263157894736,True
mundo verde méier,0,1,0.0,20.0,False
mundo verde norte shopping,0,18,0.0,12.833333333333334,True
mundo verde nova america,0,7,0.0,14.571428571428571,True
mundo verde perto de mim,0,1,0.0,4.0,False
mundo verde produtos,0,61,0.0,61.57377049180328,True
mundo verde produtos naturais,0,2,0.0,18.0,False
mundo verde prudente de morais,0,1,0.0,15.0,False
mundo verde recreio,0,16,0.0,11.8125,True
mundo verde recreio shopping,0,3,0.0,12.333333333333334,True
mundo verde ribeirão preto,0,1,0.0,1.0,False
mundo verde sao judas,0,4,0.0,33.75,True
mundo verde shopping,0,1,0.0,39.0,False
mundo verde shopping eldorado,0,1,0.0,12.0,False
mundo verde shopping tijuca,0,2,0.0,13.5,False
mundo verde trabalhe conosco,0,12,0.0,26.25,True
mundo verde whatsapp,0,1,0.0,1.0,False
mundo.jurasico,0,2,0.0,8.0,False
mundojurassico,0,2,0.0,1.0,False
mundopuket,0,1,0.0,9.0,False
museu da ilusao,0,58,0.0,46.48275862068966,True
museu da ilusao de otica sp,0,1,0.0,89.0,False
museu da ilusão,0,112,0.0,54.00892857142857,True
museu da ilusão de ótica,0,4,0.0,37.0,True
museu da ilusão em são paulo,0,5,0.0,88.8,True
museu da ilusão preço,0,3,0.0,57.333333333333336,True
museu da ilusão valor,0,1,0.0,50.0,False
museu da ilusões,0,17,0.0,48.588235294117645,True
museu das ilusoes,0,5,0.0,10.6,True
museu das ilusões,0,3,0.0,37.666666666666664,True
museu das ilusões bh,0,1,0.0,41.0,False
museu das ilusões em em cuiabá,0,7,0.0,82.14285714285714,True
museu das ilusões em em goiânia,0,7,0.0,64.42857142857143,True
museu das ilusões endereço,0,1,0.0,58.0,False
museu das ilusões logo,0,1,0.0,84.0,False
museu das ilusões preços,0,1,0.0,44.0,False
museu das ilusões quanto custa,0,2,0.0,67.5,False
museu das ilusões sao paulo,0,1,0.0,13.0,False
museu das ilusões valor,0,1,0.0,60.0,False
museu das luzes,0,1,0.0,11.0,False
museu das.ilusoes,0,1,0.0,75.0,False
museu de ilusao,0,1,0.0,94.0,False
museu de ilusao de otica,0,1,0.0,6.0,False
museu de ilusão,0,5,0.0,39.0,True
museu de ilusão de ótica,0,22,0.0,38.04545454545455,True
museu de ilusões,0,2,0.0,11.0,False
museu de otica,0,14,0.0,35.642857142857146,True
museu de ptica,0,28,0.0,3.607142857142857,True
museu do ilusionismo,0,1,0.0,10.0,False
museu do oculos,0,4,0.0,82.0,True
museu do óculos,0,1,0.0,65.0,False
museu ilusao,0,11,0.0,55.72727272727273,True
museu ilusionismo,0,9,0.0,15.777777777777779,True
museu ilusão,0,12,0.0,48.583333333333336,True
museu ilusão de ótica,0,9,0.0,34.111111111111114,True
museu ilusões,0,2,0.0,25.5,False
museu.das.ilusoes,0,4,0.0,53.25,True
museudasilusoes,0,1,0.0,95.0,False
museum attractions,0,1,0.0,45.0,False
museum of illusions,0,6,0.0,44.5,True
museum of illusions bangalore,0,1,0.0,36.0,False
museum of illusions nairobi,0,1,0.0,1.0,False
museum of optical illusions,0,1,0.0,11.0,False
museum optical illusion,0,1,0.0,33.0,False
museums of illusions,0,1,0.0,45.0,False
mutua junior,0,2,0.0,38.0,False
muéstrame imágenes,0,1,0.0,26.0,False
my favorite things é da lança perfume,0,1,0.0,2.0,False
my shopping center,0,1,0.0,11.0,False
my store,0,1,0.0,1.0,False
mytz,0,1,0.0,6.0,False
mziq api,0,3,0.0,9.0,True
mziq.com,0,8,0.0,12.625,True
mídia eletrônica,0,3,0.0,19.666666666666668,True
mídia em elevadores comerciais,0,1,0.0,9.0,False
mídia em shopping,0,3,0.0,98.66666666666667,True
mídia em shopping porto alegre,0,4,0.0,46.0,True
mídia indoor em condomínios,0,1,0.0,57.0,False
mídia shopping,0,1,0.0,100.0,False
n&s moda,0,1,0.0,29.0,False
n9rte shopping,0,1,0.0,7.0,False
na c&a,0,1,0.0,92.0,False
na centauro,0,1,0.0,46.0,False
na cidade,0,1,0.0,1.0,False
na continente,0,1,0.0,52.0,False
na na bar,0,1,0.0,53.0,False
na santa,0,1,0.0,7.0,False
na schutz,0,1,0.0,1.0,False
naborna,0,1,0.0,14.0,False
nacho man,0,4,0.0,13.5,True
nacho man franquia,0,28,0.0,11.25,True
nacho man franquia valor,0,3,0.0,10.333333333333334,True
nacho man mexican food bc,0,1,0.0,37.0,False
nacho men,0,123,0.0,10.845528455284553,True
nacho nacho men,0,1,0.0,7.0,False
nachoman,0,6,0.0,10.666666666666666,True
nachomen,0,353,0.0,9.495750708215297,True
nacies,0,2,0.0,10.0,False
nacional shopping,0,1,0.0,8.0,False
nacoe,0,3,0.0,8.333333333333332,True
nacoes ahopping,0,22,0.0,7.590909090909091,True
nacoes cinema,0,4,0.0,16.25,True
nacoes criciuma,0,133,0.0,6.977443609022556,True
nacoes shooping,0,17,0.0,8.823529411764707,True
nacoes shop,0,26,0.0,6.576923076923077,True
nacoes shoping,0,566,0.0,7.528268551236749,True
nacoes shopping abre hoje,0,4,0.0,10.5,True
nacoes shopping bauru,0,1,0.0,30.0,False
nacoes shopping cinema,0,5,0.0,23.0,True
nacoes shopping criciuma,0,771,0.0,6.309987029831388,True
nacoes shopping horario lojas,0,3,0.0,7.0,True
nacoes shopping lojas,0,95,0.0,9.473684210526315,True
nacoes shopping sorteio,0,2,0.0,3.0,False
nacoesshopping,0,36,0.0,7.472222222222222,True
nacões,0,7,0.0,43.714285714285715,True
nações shopping criciúma,0,30,0.0,5.733333333333333,True
nações shopping criciúma endereço oficial,0,1,0.0,10.0,False
nações unidas brasil ods 12 consumo e produção responsáveis,0,1,0.0,7.0,False
nagiatepumpkins,0,1,0.0,9.0,False
nah wine,0,1,0.0,13.0,False
namorada do authentic games,0,1,0.0,3.0,False
namorada do flakes power,0,1,0.0,29.0,False
namorados in english,0,1,0.0,81.0,False
nao é essa,0,1,0.0,1.0,False
nar do alemao,0,1,0.0,4.0,False
narbona continente,0,1,0.0,6.0,False
narbona continente shopping cardápio,0,58,0.0,10.10344827586207,True
narbona florianopolis,0,1,0.0,20.0,False
narbona restaurante,0,56,0.0,12.535714285714286,True
narbona restaurante continente shopping,0,57,0.0,11.807017543859649,True
narbona restaurante sao paulo,0,1,0.0,22.0,False
narbona sao paulo,0,13,0.0,10.307692307692308,True
narbona vinho,0,1,0.0,88.0,False
nas quais,0,1,0.0,42.0,False
nascimento,0,1,0.0,3.0,False
nascoes,0,38,0.0,7.842105263157895,True
natal almeida,0,1,0.0,7.0,False
natal compras,0,3,0.0,82.66666666666667,True
natal jeep,0,2,0.0,28.0,False
natal promoção,0,7,0.0,88.71428571428571,True
natal shopping tem riachuelo,0,1,0.0,1.0,False
national football league super bowl,0,1,0.0,66.0,False
natura asa sul,0,3,0.0,12.666666666666666,True
natura avenida brasil,0,5,0.0,11.0,True
natura balneario camboriu,0,4,0.0,11.0,True
natura balneario shopping,0,35,0.0,8.0,True
natura balneário camboriú,0,88,0.0,7.2272727272727275,True
natura bc,0,4,0.0,9.75,True
natura blumenau,0,1,0.0,7.0,False
natura brasil,0,1,0.0,25.0,False
natura camboriu,0,5,0.0,11.0,True
natura continente shopping,0,12,0.0,11.0,True
natura goiania shopping,0,1,0.0,29.0,False
natura loja,0,1,0.0,14.0,False
natura loja física,0,1,0.0,10.0,False
natura norte shopping,0,4,0.0,36.25,True
natura norteshopping,0,1,0.0,29.0,False
natura rio do sul,0,3,0.0,9.666666666666666,True
natura rio sul,0,1,0.0,18.0,False
natura shopping,0,2,0.0,10.5,False
natura shopping balneario camboriu,0,5,0.0,12.4,True
natura shopping da ilha,0,5,0.0,9.8,True
natura shopping neumarkt,0,9,0.0,9.11111111111111,True
natura shopping neumarkt blumenau,0,2,0.0,15.0,False
natura shopping sul,0,4,0.0,12.75,True
natural de onde,0,1,0.0,7.0,False
naumarkt,0,6,0.0,7.333333333333333,True
navegantes sc tem shopping,0,1,0.0,3.0,False
navegantes tem shopping,0,2,0.0,3.5,False
navoes,0,9,0.0,9.11111111111111,True
navoes shopping,0,2,0.0,9.5,False
naçoes,0,317,0.0,11.67192429022082,True
naçoes shoping,0,38,0.0,6.052631578947368,True
nação shopping,0,17,0.0,9.823529411764707,True
nação shopping criciúma,0,14,0.0,6.928571428571429,True
nações,0,1003,0.0,12.938185443668994,True
nações balneario camboriu,0,3,0.0,84.66666666666667,True
nações shopping (nacoesshopping) latest,0,33,0.0,11.878787878787879,True
nações shopping - avenida jorge elias de lucca - nossa senhora da salete criciúma - sc,0,4,0.0,9.5,True
nações shopping cinema,0,12,0.0,30.583333333333332,True
nações shopping cinema criciúma,0,11,0.0,24.545454545454547,True
nações shopping criciúma - sc,0,18,0.0,9.055555555555555,True
nações shopping criciúma lojas,0,9,0.0,12.333333333333334,True
nações shopping criciúma sc,0,3,0.0,7.333333333333333,True
nações shopping do proprietário,0,9,0.0,5.111111111111111,True
nações shopping estacionamento,0,110,0.0,4.836363636363636,True
nações shopping estacionamento preço,0,1,0.0,13.0,False
nações shopping logo,0,4,0.0,8.0,True
nações shopping lojas horário de funcionamento,0,14,0.0,9.285714285714286,True
nações shopping praça de alimentação,0,6,0.0,12.166666666666666,True
nações shopping telefone,0,3,0.0,9.666666666666666,True
nações shopping trabalhe conosco,0,27,0.0,9.88888888888889,True
nações unidas shopping,0,1,0.0,8.0,False
nba balneário camboriú,0,5,0.0,10.0,True
nba brasil loja,0,5,0.0,78.4,True
nba brasil store,0,6,0.0,21.666666666666668,True
nba catarina outlet,0,12,0.0,9.25,True
nba loja,0,15,0.0,25.066666666666666,True
nba loja brasil,0,8,0.0,43.25,True
nba loja oficial,0,5,0.0,66.0,True
nba loja shopping,0,2,0.0,13.0,False
nba sc,0,10,0.0,11.1,True
nba shop brasil,0,2,0.0,11.0,False
nba shopping,0,5,0.0,20.4,True
nba storage,0,2,0.0,68.0,False
nba store,0,6,0.0,12.166666666666666,True
nba store balneario camboriu,0,27,0.0,10.222222222222221,True
nba store balneário,0,9,0.0,15.88888888888889,True
nba store br,0,5,0.0,8.4,True
nba store brasil lojas,0,1,0.0,14.0,False
nba store camboriu,0,8,0.0,9.0,True
nba store catarina,0,31,0.0,13.129032258064516,True
nba store catarina outlet,0,86,0.0,9.976744186046512,True
nba store curitiba fotos,0,1,0.0,10.0,False
nba store estados unidos,0,2,0.0,11.5,False
nba store eua,0,1,0.0,30.0,False
nba store faria lima,0,1,0.0,63.0,False
nba store nba,0,7,0.0,70.28571428571429,True
nba store near me,0,1,0.0,35.0,False
nba store norte shopping,0,2,0.0,13.0,False
nba store perto de mim,0,3,0.0,9.666666666666666,True
nba stroe,0,1,0.0,33.0,False
nba superstore,0,5,0.0,21.8,True
nbastore,0,5,0.0,10.6,True
near big shopping mall,0,1,0.0,1.0,False
nearest malls,0,1,0.0,5.0,False
necessaire cotton on,0,16,0.0,4.4375,True
necessaire homem continente,0,1,0.0,47.0,False
nechut,0,1,0.0,4.0,False
negocio imobiliario,0,1,0.0,79.0,False
negócio multinível jan rosê,0,6,0.0,45.333333333333336,True
neiman marcus spa,0,1,0.0,34.0,False
neimarkt,0,1,0.0,6.0,False
nelson alvarenga,0,4,0.0,19.0,True
nelson alvarenga ellus,0,3,0.0,13.666666666666666,True
nelson ellus,0,2,0.0,37.0,False
nemarkt,0,9,0.0,7.222222222222222,True
neo continente residence,0,3,0.0,20.333333333333332,True
neogrid joinville,0,1,0.0,83.0,False
neomarket,0,3,0.0,6.0,True
neoville center mall,0,3,0.0,42.333333333333336,True
nesico plaza,0,1,0.0,9.0,False
nessa organics,0,3,0.0,48.666666666666664,True
nesse,0,1,0.0,1.0,False
neu market,0,1,0.0,10.0,False
neu markt,0,8,0.0,5.625,True
neu.arkt,0,1,0.0,6.0,False
neukmart,0,4,0.0,8.5,True
neumaekt,0,6,0.0,7.166666666666667,True
neumakrt,0,36,0.0,6.805555555555555,True
neumakt,0,22,0.0,7.545454545454546,True
neumarc,0,1,0.0,7.0,False
neumarck,0,4,0.0,6.75,True
neumarjt,0,2,0.0,4.5,False
neumark,0,1,0.0,6.0,False
neumark shopping,0,22,0.0,8.636363636363637,True
neumarket,0,916,0.0,7.185589519650655,True
neumarket blumenau,0,2,0.0,9.0,False
neumarket cinema,0,1,0.0,45.0,False
neumarket shopping,0,171,0.0,7.485380116959064,True
neumarketing,0,2,0.0,7.0,False
neumarkr,0,5,0.0,8.8,True
neumarkt 15,0,2,0.0,7.0,False
neumarkt 17,0,2,0.0,33.5,False
neumarkt blumenau,0,308,0.0,7.555194805194805,True
neumarkt blumenau cinema,0,2,0.0,49.5,False
neumarkt cinema,0,9,0.0,23.333333333333332,True
neumarkt city,0,1,0.0,25.0,False
neumarkt hoteis,0,6,0.0,63.333333333333336,True
neumarkt logo,0,12,0.0,8.25,True
neumarkt mall,0,5,0.0,11.2,True
neumarkt massage,0,1,0.0,6.0,False
neumarkt restaurant,0,1,0.0,36.0,False
neumarkt shopping blumenau lojas,0,9,0.0,9.11111111111111,True
neumarkt shopping blumenau tamanho,0,4,0.0,6.75,True
neumarkt shopping center,0,8,0.0,15.75,True
neumarkt shopping cinema,0,3,0.0,15.0,True
neumarkt shopping mall,0,6,0.0,9.5,True
neumarkt trade and financial center,0,74,0.0,24.094594594594593,True
neumarkt zara,0,2,0.0,8.0,False
neumarkt.,0,5,0.0,6.8,True
neumarktl,0,1,0.0,8.0,False
neumarky,0,10,0.0,7.9,True
neumarlt,0,7,0.0,7.571428571428571,True
neumart,0,6,0.0,5.5,True
neumartk,0,59,0.0,7.864406779661017,True
neumatkt,0,2,0.0,8.5,False
neumrkt,0,2,0.0,6.0,False
neumsrkt,0,3,0.0,8.0,True
neunarkt,0,6,0.0,8.0,True
neunmarkt,0,2,0.0,5.5,False
neurmark,0,5,0.0,11.6,True
neurmarkt,0,6,0.0,6.5,True
new,0,1,0.0,1.0,False
new balance,0,2,0.0,11.0,False
new balance 237,0,1,0.0,7.0,False
new balance 480 low masculino tênis,0,1,0.0,1.0,False
new balance 676,0,1,0.0,10.0,False
new balance 997 original,0,1,0.0,3.0,False
new balance balneario camboriu,0,174,0.0,12.074712643678161,True
new balance bb80,0,1,0.0,3.0,False
new balance brasil,0,1,0.0,61.0,False
new balance em balneario camboriu,0,5,0.0,13.4,True
new balance empresa,0,1,0.0,6.0,False
new balance lojas,0,36,0.0,13.75,True
new balance norte shopping,0,19,0.0,9.473684210526315,True
new balance noticias,0,8,0.0,70.375,True
new balance park shopping,0,1,0.0,22.0,False
new balance santa catarina,0,3,0.0,38.666666666666664,True
new balance shopping,0,91,0.0,18.065934065934066,True
new balance shopping eldorado fotos,0,1,0.0,12.0,False
new balance shopping iguatemi brasília fotos,0,1,0.0,27.0,False
new balance shopping rio sul,0,14,0.0,9.642857142857142,True
new balance shopping rio sul fotos,0,1,0.0,12.0,False
new balance trabalhe conosco,0,1,0.0,32.0,False
new balance tênis,0,1,0.0,52.0,False
new era,0,1,0.0,10.0,False
new era balneario,0,4,0.0,8.75,True
new era balneario shopping,0,11,0.0,10.727272727272727,True
new era balneário shopping fotos,0,4,0.0,10.0,True
new era continente shopping,0,5,0.0,9.2,True
new era florianopolis,0,1,0.0,2.0,False
new era perto de mim,0,1,0.0,1.0,False
new era shopping balneario,0,14,0.0,11.714285714285714,True
new horizon mall,0,1,0.0,30.0,False
new junior sa,0,2,0.0,8.0,False
new mall media,0,5,0.0,12.4,True
new malls,0,1,0.0,9.0,False
new market,0,12,0.0,16.333333333333336,True
new market shopping,0,211,0.0,8.417061611374407,True
new market shopping center,0,2,0.0,6.0,False
new market shopping centre,0,1,0.0,10.0,False
new markt,0,1,0.0,11.0,False
new mart building,0,1,0.0,58.0,False
new shopping center,0,1,0.0,3.0,False
new shopping centers,0,35,0.0,16.114285714285714,True
new shopping centres,0,16,0.0,32.125,True
new shopping malls,0,36,0.0,18.916666666666668,True
new shopping stores,0,2,0.0,51.5,False
new stores,0,1,0.0,12.0,False
newark shopping,0,3,0.0,10.666666666666666,True
newark shopping center,0,6,0.0,8.0,True
newbalance,0,1,0.0,10.0,False
newbalance loja,0,10,0.0,9.7,True
newell brands brasil ltda sc,0,1,0.0,54.0,False
newfan,0,1,0.0,1.0,False
newman shopping centre,0,3,0.0,9.0,True
newmarket,0,32,0.0,8.8125,True
newmarket shopping,0,105,0.0,8.561904761904762,True
newmarket shopping centre,0,3,0.0,10.666666666666666,True
newmarket shopping mall,0,3,0.0,7.333333333333333,True
newmarket taco bell,0,1,0.0,13.0,False
newmarketing,0,153,0.0,8.209150326797385,True
newmarketing cinema,0,1,0.0,11.0,False
newmarketing shopping,0,277,0.0,8.36101083032491,True
newmarketing shopping blumenau,0,56,0.0,7.125,True
newmart,0,1,0.0,18.0,False
newpark shopping centre,0,1,0.0,10.0,False
neymarkt,0,2,0.0,7.5,False
niad shopping centers,0,31,0.0,47.67741935483871,True
nidec joinville,0,1,0.0,1.0,False
nigel cotton on,0,3,0.0,7.0,True
night run garten shopping,0,1,0.0,5.0,False
nike,0,2,0.0,7.5,False
nike academy 21 tracksuit,0,1,0.0,1.0,False
nike balneario shopping,0,16,0.0,9.4375,True
nike calm mule,0,1,0.0,7.0,False
nike camisa corinthians jogador,0,1,0.0,5.0,False
nike centauro,0,1,0.0,4.0,False
nike continente shopping,0,5,0.0,44.2,True
nike cosmic unity 2,0,1,0.0,2.0,False
nike court vision alta,0,1,0.0,13.0,False
nike initiator preto e branco,0,1,0.0,1.0,False
nike legging,0,1,0.0,5.0,False
nike precision 7,0,1,0.0,3.0,False
nike premier 3,0,1,0.0,2.0,False
nike revolution 7 azul escuro,0,1,0.0,5.0,False
nike sb malor masculino,0,1,0.0,2.0,False
nike schultz,0,1,0.0,1.0,False
nike shopping balneario,0,2,0.0,12.5,False
nike shopping continente,0,1,0.0,77.0,False
nike shox,0,1,0.0,2.0,False
nilton schutz,0,1,0.0,5.0,False
nirte shopping,0,1,0.0,5.0,False
njoge,0,5,0.0,6.0,True
nk 762,0,1,0.0,37.0,False
nk center,0,1,0.0,32.0,False
nk empreendimentos,0,1,0.0,80.0,False
nk historia,0,1,0.0,77.0,False
nk junior,0,13,0.0,61.84615384615385,True
nk loja,0,1,0.0,80.0,False
nk lounge,0,21,0.0,9.761904761904763,True
nk marca,0,1,0.0,85.0,False
nk site,0,8,0.0,76.25,True
nk store cnpj,0,1,0.0,3.0,False
nk store sao paulo,0,1,0.0,77.0,False
nk store sp,0,3,0.0,89.0,True
nk stores,0,1,0.0,72.0,False
no continente,0,1,0.0,20.0,False
no final de semana,0,1,0.0,3.0,False
no norte shopping,0,12,0.0,17.916666666666668,True
no parque shopping,0,1,0.0,11.0,False
no sabado,0,1,0.0,1.0,False
no shopping,0,10,0.0,1.3,True
no shopping center,0,3,0.0,6.666666666666667,True
no shopping continente,0,9,0.0,8.0,True
no shopping neumarkt,0,2,0.0,5.5,False
no shopping norte,0,3,0.0,6.666666666666667,True
no shopping tem,0,2,0.0,7.0,False
no sul,0,1,0.0,7.0,False
no sábado,0,1,0.0,2.0,False
nobuck marca,0,1,0.0,1.0,False
noemark,0,1,0.0,5.0,False
noete shopping,0,2,0.0,7.5,False
noimark,0,1,0.0,4.0,False
noimarkt,0,1,0.0,5.0,False
noir cacau,0,224,0.0,6.241071428571429,True
noir de junio,0,1,0.0,11.0,False
nome,0,1,0.0,2.0,False
nome completo,0,1,0.0,1.0,False
nome da namorada do flakes power,0,1,0.0,20.0,False
nome das cidades,0,1,0.0,1.0,False
nome das lojas,0,1,0.0,10.0,False
nome das lojas do shopping,0,1,0.0,1.0,False
nome de shopping,0,15,0.0,3.533333333333333,True
nome do shopping,0,12,0.0,12.25,True
nome do shopping de balneário camboriú,0,24,0.0,8.625,True
nome sale,0,3,0.0,10.0,True
nome shopping,0,24,0.0,22.0,True
nomes das lojas do shopping,0,1,0.0,1.0,False
nomes de shopping,0,12,0.0,5.583333333333333,True
nominee director in santa catarina brazil,0,6,0.0,14.5,True
nort shop,0,3,0.0,6.0,True
nort shopping,0,20,0.0,13.35,True
norte,0,1,0.0,1.0,False
norte 10,0,1,0.0,9.0,False
norte ahopping,0,17,0.0,6.764705882352941,True
norte bar,0,1,0.0,9.0,False
norte c,0,1,0.0,11.0,False
norte catarinense,0,3,0.0,77.66666666666667,True
norte center,0,2,0.0,87.0,False
norte design,0,15,0.0,9.133333333333333,True
norte design fotos,0,10,0.0,5.1,True
norte dhopping,0,3,0.0,5.333333333333333,True
norte grill fotos,0,4,0.0,3.0,True
norte marketing,0,2,0.0,77.5,False
norte mix,0,1,0.0,47.0,False
norte restaurante,0,8,0.0,8.125,True
norte sh,0,7,0.0,15.428571428571429,True
norte sho,0,16,0.0,6.875,True
norte shooping,0,19,0.0,6.2105263157894735,True
norte shooping lojas,0,1,0.0,10.0,False
norte shop,0,24,0.0,15.625,True
norte shopin,0,4,0.0,6.5,True
norte shoping,0,88,0.0,12.284090909090908,True
norte shoping blumenau,0,4,0.0,10.0,True
norte shoping lojas,0,12,0.0,7.833333333333333,True
norte shopp,0,8,0.0,6.25,True
norte shoppibg,0,1,0.0,9.0,False
norte shoppig,0,1,0.0,4.0,False
norte shoppimg,0,7,0.0,6.0,True
norte shoppin,0,11,0.0,6.2727272727272725,True
norte shoppinf,0,3,0.0,7.0,True
norte shopping - br-470 - salto norte blumenau - sc,0,30,0.0,27.5,True
norte shopping administração,0,1,0.0,1.0,False
norte shopping alimentação,0,2,0.0,10.0,False
norte shopping antigamente,0,1,0.0,22.0,False
norte shopping bairro,0,2,0.0,1.0,False
norte shopping blumenau - sc,0,8,0.0,8.5,True
norte shopping blumenau boliche,0,4,0.0,21.25,True
norte shopping blumenau cinema,0,14,0.0,28.142857142857142,True
norte shopping blumenau horário de funcionamento,0,5,0.0,1.6,True
norte shopping blumenau lojas,0,474,0.0,10.715189873417721,True
norte shopping blumenau sc,0,128,0.0,7.375,True
norte shopping blumenau tamanho,0,9,0.0,7.0,True
norte shopping boliche,0,27,0.0,61.96296296296296,True
norte shopping calvin klein,0,10,0.0,13.4,True
norte shopping carregamento elétrico,0,3,0.0,18.0,True
norte shopping center,0,2,0.0,53.0,False
norte shopping cinema blumenau,0,3,0.0,23.666666666666668,True
norte shopping continente,0,4,0.0,65.0,True
norte shopping coworking,0,1,0.0,10.0,False
norte shopping crocs,0,5,0.0,10.8,True
norte shopping do proprietário,0,3,0.0,7.666666666666667,True
norte shopping em blumenau,0,132,0.0,10.181818181818182,True
norte shopping endereco,0,1,0.0,10.0,False
norte shopping endereço,0,12,0.0,11.416666666666666,True
norte shopping fica em qual bairro,0,3,0.0,4.666666666666666,True
norte shopping fica onde,0,4,0.0,3.75,True
norte shopping fotos,0,141,0.0,9.375886524822695,True
norte shopping horario de funcionamento,0,4,0.0,79.0,True
norte shopping hotel,0,1,0.0,77.0,False
norte shopping inauguração,0,23,0.0,5.565217391304348,True
norte shopping lacoste,0,3,0.0,11.0,True
norte shopping localização,0,2,0.0,9.5,False
norte shopping logo,0,22,0.0,6.818181818181818,True
norte shopping loja,0,2,0.0,47.0,False
norte shopping loja de suplementos,0,1,0.0,12.0,False
norte shopping lojas,0,303,0.0,12.316831683168317,True
norte shopping mall,0,1,0.0,49.0,False
norte shopping mapa,0,6,0.0,59.666666666666664,True
norte shopping melissa,0,6,0.0,43.0,True
norte shopping mercado,0,14,0.0,9.5,True
norte shopping norte shopping,0,2,0.0,4.0,False
norte shopping onde fica,0,2,0.0,1.0,False
norte shopping pizza hut,0,2,0.0,10.5,False
norte shopping porto,0,47,0.0,85.27659574468085,True
norte shopping porto portugal,0,1,0.0,49.0,False
norte shopping praça de alimentação,0,8,0.0,40.25,True
norte shopping promoção de natal,0,2,0.0,2.0,False
norte shopping restaurante,0,18,0.0,8.777777777777779,True
norte shopping restaurantes,0,49,0.0,17.408163265306122,True
norte shopping rio de janeiro,0,1,0.0,6.0,False
norte shopping santa catarina,0,8,0.0,7.5,True
norte shopping sc,0,9,0.0,7.0,True
norte shopping site,0,1,0.0,9.0,False
norte shopping sorteio,0,4,0.0,6.5,True
norte shopping supermercado,0,1,0.0,9.0,False
norte shopping tamanho,0,18,0.0,7.833333333333333,True
norte shopping tem mercado,0,7,0.0,9.714285714285714,True
norte shopping.,0,7,0.0,5.0,True
norte shoppinh,0,13,0.0,6.3076923076923075,True
norte shoppong,0,1,0.0,8.0,False
norte shoppping,0,1,0.0,7.0,False
norte shoppung,0,2,0.0,7.0,False
norte shpping,0,3,0.0,23.333333333333332,True
norte sjopping,0,1,0.0,6.0,False
norte utilidades,0,2,0.0,11.0,False
norte venture,0,2,0.0,29.5,False
norte. shopping,0,1,0.0,6.0,False
norte.shopping lojas,0,4,0.0,8.5,True
norteahopping,0,1,0.0,15.0,False
norterra shopping,0,1,0.0,7.0,False
nortes shopping,0,2,0.0,42.0,False
norteshooping,0,1,0.0,7.0,False
norteshoping,0,8,0.0,21.375,True
norteshopoing,0,1,0.0,6.0,False
norteshopping,0,91,0.0,20.175824175824175,True
norteshopping blumenau,0,131,0.0,8.083969465648856,True
norteshopping continente,0,1,0.0,17.0,False
norteshopping gla m2,0,7,0.0,8.857142857142858,True
norteshopping gross leasable area,0,2,0.0,11.5,False
norteshopping incident authorities statement,0,2,0.0,12.0,False
norteshopping incident news,0,9,0.0,16.444444444444443,True
norteshopping lojas,0,12,0.0,71.16666666666667,True
norteshopping mapa,0,1,0.0,66.0,False
norteshopping zara,0,2,0.0,73.0,False
norteshoppong,0,1,0.0,46.0,False
north face balneario camboriu,0,1,0.0,11.0,False
north shopping,0,1,0.0,9.0,False
north shopping restaurantes,0,1,0.0,11.0,False
northside,0,1,0.0,1.0,False
nortr shopping,0,3,0.0,5.333333333333333,True
nortshopping,0,10,0.0,58.7,True
nortw shopping,0,4,0.0,7.5,True
nosso continente,0,17,0.0,8.411764705882353,True
nosso shopping,0,21,0.0,71.19047619047619,True
nosso shopping lojas,0,1,0.0,95.0,False
nossos,0,10,0.0,20.8,True
not shopping,0,1,0.0,8.0,False
notalka nu,0,3,0.0,5.333333333333333,True
notaway,0,3,0.0,7.333333333333333,True
note shopping,0,7,0.0,6.428571428571429,True
noticias almeida,0,1,0.0,51.0,False
noticias centauro,0,1,0.0,89.0,False
noticias em destaque,0,3,0.0,95.0,True
noticias junior,0,1,0.0,21.0,False
noticias shopping,0,1,0.0,21.0,False
noto fashion week,0,1,0.0,11.0,False
notícia sobre dragões,0,1,0.0,15.0,False
notícias de balneário camboriú sc,0,1,0.0,87.0,False
nova almeida mapa,0,1,0.0,66.0,False
nova centauro,0,6,0.0,3.3333333333333335,True
nova cidade shopping centers s/a,0,6,0.0,8.666666666666668,True
nova colecao riachuelo,0,1,0.0,97.0,False
nova coleção da farm,0,12,0.0,74.25,True
nova loja continente,0,1,0.0,12.0,False
nova loja zara,0,3,0.0,11.0,True
nova pro 5 bump,0,1,0.0,4.0,False
novablast 5,0,1,0.0,2.0,False
novas lojas,0,14,0.0,49.42857142857143,True
novas lojas norte shopping,0,1,0.0,8.0,False
novas marcas de tenis,0,1,0.0,80.0,False
novas posição,0,1,0.0,56.0,False
novidades da boss,0,19,0.0,76.89473684210526,True
novidades melissa,0,7,0.0,73.85714285714286,True
novidades riachuelo,0,2,0.0,24.5,False
novo continente imobiliaria,0,1,0.0,62.0,False
novo riachuelo,0,1,0.0,23.0,False
novo shopping center ribeirão preto,0,2,0.0,12.0,False
novo shopping center ribeirão preto fotos,0,4,0.0,5.5,True
novo shopping em santa catarina,0,2,0.0,6.0,False
novo shopping joinville,0,1,0.0,52.0,False
novo shopping ribeirão preto cinema,0,1,0.0,30.0,False
novos investimentos,0,1,0.0,1.0,False
novos restaurantes norte shopping,0,1,0.0,12.0,False
novos shoppings em são paulo,0,1,0.0,174.0,False
novos shoppings no brasil,0,1,0.0,64.0,False
nr impar,0,1,0.0,54.0,False
nrasil cacau,0,1,0.0,3.0,False
nrichards,0,1,0.0,43.0,False
ns aj sc,0,1,0.0,4.0,False
ns blumenau,0,4,0.0,41.5,True
ns construtora,0,5,0.0,29.4,True
ns expositores,0,1,0.0,2.0,False
ns feet,0,1,0.0,1.0,False
ns fogoes,0,1,0.0,12.0,False
ns o que significa,0,1,0.0,89.0,False
ns tem,0,1,0.0,61.0,False
ns-aj-sc,0,2,0.0,13.0,False
nstance,0,1,0.0,9.0,False
nuemarkt,0,8,0.0,6.125,True
nugget shopping center,0,1,0.0,10.0,False
numa quarta feira,0,1,0.0,2.0,False
numarkt,0,3,0.0,5.666666666666667,True
number of municipalities in santa catarina brazil,0,2,0.0,9.0,False
numero centauro,0,1,0.0,1.0,False
numero da riachuelo zap,0,1,0.0,1.0,False
numero de lojas,0,1,0.0,6.0,False
numero de shopping center,0,1,0.0,2.0,False
numero de telefone policia federal passaporte,0,1,0.0,12.0,False
numero e commerce riachuelo,0,1,0.0,1.0,False
numero riachuelo,0,1,0.0,3.0,False
numeros exatos,0,1,0.0,1.0,False
não achei,0,1,0.0,1.0,False
não consegui,0,1,0.0,2.0,False
não deu,0,1,0.0,1.0,False
não estou conseguindo cadastrar,0,1,0.0,5.0,False
não mostrou as fotos,0,1,0.0,1.0,False
número da centauro do shopping,0,1,0.0,2.0,False
número da central da riachuelo,0,1,0.0,2.0,False
número da riachuelo para falar com atendente,0,2,0.0,2.0,False
número de lojas,0,1,0.0,1.0,False
número exato,0,1,0.0,1.0,False
número riachuelo whatsapp,0,1,0.0,1.0,False
números sorteados,0,1,0.0,1.0,False
o agente secreto continente shopping,0,1,0.0,11.0,False
o bar do,0,1,0.0,8.0,False
o bob,0,1,0.0,74.0,False
o boticario nacoes shopping,0,1,0.0,13.0,False
o brasil está localizado em qual continente,0,9,0.0,49.111111111111114,True
o brasil está localizado em que continente,0,1,0.0,75.0,False
o brasil fica em qual continente,0,5,0.0,63.0,True
o brasil fica em qual continente?,0,1,0.0,61.0,False
o brasil fica em que continente,0,1,0.0,57.0,False
o brasil fica localizado em qual continente,0,2,0.0,65.5,False
o brasil fica no continente,0,1,0.0,79.0,False
o brasil pertence a qual continente,0,1,0.0,52.0,False
o brasil é localizado em qual continente,0,2,0.0,49.5,False
o camarão norte shopping,0,1,0.0,75.0,False
o camarão norteshopping fotos,0,26,0.0,3.076923076923077,True
o continente,0,5,0.0,55.4,True
o continente do brasil,0,1,0.0,71.0,False
o cotton,0,1,0.0,1.0,False
o de almeida,0,1,0.0,1.0,False
o desafio do dragão azul,0,1,0.0,18.0,False
o flamengo tem mundial,0,1,0.0,1.0,False
o lugar favorito de rex é o parque qual é o sujeito,0,3,0.0,10.333333333333334,True
o maior continente,0,2,0.0,85.0,False
o maior shopping de curitiba,0,1,0.0,41.0,False
o maior shopping de salvador,0,1,0.0,82.0,False
o maior shopping de são paulo,0,1,0.0,51.0,False
o maior shopping do brasil,0,13,0.0,41.76923076923077,True
o morro dos ventos uivantes 2026 torrent magnet,0,5,0.0,9.0,True
o mundo jurassico,0,2,0.0,1.0,False
o museu das ilusões,0,1,0.0,4.0,False
o nome shopping,0,1,0.0,5.0,False
o norte shopping,0,3,0.0,2.666666666666667,True
o q é pace na corrida,0,1,0.0,10.0,False
o que a empresa faz,0,1,0.0,2.0,False
o que abre hoje em ribeirão preto,0,1,0.0,1.0,False
o que e abl,0,1,0.0,101.0,False
o que e missao visao valores,0,1,0.0,79.0,False
o que e tip top,0,1,0.0,69.0,False
o que e um continente,0,3,0.0,100.0,True
o que ele faz atualmente,0,1,0.0,1.0,False
o que fazer com as criancas nas ferias,0,2,0.0,30.5,False
o que fazer com crianca nas ferias,0,1,0.0,11.0,False
o que fazer com criancas,0,1,0.0,8.0,False
o que fazer com criancas nas ferias,0,2,0.0,40.0,False
o que fazer com criança em balneário camboriú,0,39,0.0,16.17948717948718,True
o que fazer com crianças em balneário camboriú,0,37,0.0,13.54054054054054,True
o que fazer em balneario com crianças,0,37,0.0,14.216216216216216,True
o que fazer em balneário camboriú a noite,0,1,0.0,3.0,False
o que fazer em balneário camboriú com criança,0,172,0.0,45.52325581395349,True
o que fazer em balneário camboriú com crianças,0,154,0.0,38.09090909090909,True
o que fazer em bc com crianças,0,3,0.0,10.666666666666666,True
o que fazer em blumenau,0,4,0.0,64.5,True
o que fazer em blumenau com chuva,0,1,0.0,2.0,False
o que fazer em blumenau com crianças,0,1,0.0,2.0,False
o que fazer em criciuma,0,1,0.0,1.0,False
o que fazer em pomerode,0,1,0.0,3.0,False
o que fazer férias escolares,0,2,0.0,14.0,False
o que fazer nas ferias,0,136,0.0,7.176470588235294,True
o que fazer nas ferias com as crianças,0,2,0.0,4.0,False
o que fazer nas ferias das crianças,0,1,0.0,8.0,False
o que fazer newmarket,0,7,0.0,18.285714285714285,True
o que que tem no shopping,0,2,0.0,11.0,False
o que significa abl,0,2,0.0,65.0,False
o que significa aia em bridgerton,0,1,0.0,10.0,False
o que significa colcci,0,2,0.0,62.0,False
o que significa colcci em português,0,3,0.0,10.666666666666666,True
o que significa garten,0,1,0.0,1.0,False
o que significa gde,0,2,0.0,65.0,False
o que significa lez a lez,0,206,0.0,10.533980582524272,True
o que significa lilica ripilica,0,1,0.0,2.0,False
o que significa mall,0,2,0.0,44.0,False
o que significa ns,0,3,0.0,80.66666666666667,True
o que significa o nome júnior,0,1,0.0,70.0,False
o que significa outlet em lojas,0,1,0.0,87.0,False
o que significa puket,0,28,0.0,9.535714285714286,True
o que significa santa lolla,0,13,0.0,7.769230769230769,True
o que significa schutz,0,30,0.0,1.1,True
o que significa schutz em alemão,0,6,0.0,2.666666666666667,True
o que significa shopping,0,2,0.0,54.5,False
o que significa spoleto,0,1,0.0,1.0,False
o que significa top of mind,0,3,0.0,96.66666666666667,True
o que são as zonas econômicas especiais,0,2,0.0,1.0,False
o que são pets,0,1,0.0,1.0,False
o que tem no norte shopping,0,1,0.0,12.0,False
o que um continente,0,1,0.0,99.0,False
o que é abl,0,1,0.0,100.0,False
o que é abl?,0,1,0.0,99.0,False
o que é almeida,0,19,0.0,6.105263157894737,True
o que é apresentação comercial,0,63,0.0,65.73015873015873,True
o que é bob's,0,3,0.0,49.666666666666664,True
o que é clube melissa,0,10,0.0,8.4,True
o que é cobasi,0,1,0.0,2.0,False
o que é complexo ativado,0,2,0.0,100.5,False
o que é continente,0,1,0.0,100.0,False
o que é filme 2d,0,1,0.0,10.0,False
o que é h3,0,1,0.0,1.0,False
o que é isso?,0,1,0.0,42.0,False
o que é lilica ripilica,0,2,0.0,54.5,False
o que é mall,0,2,0.0,77.0,False
o que é melissa no rio de janeiro,0,1,0.0,1.0,False
o que é noi shopping,0,1,0.0,69.0,False
o que é paris 6,0,1,0.0,1.0,False
o que é petite jolie,0,1,0.0,1.0,False
o que é puket,0,23,0.0,10.652173913043478,True
o que é santa lolla,0,145,0.0,8.662068965517243,True
o que é schutz,0,1,0.0,1.0,False
o que é souq,0,4,0.0,2.0,True
o que é spoleto,0,8,0.0,28.875,True
o que é taco bell,0,2,0.0,4.0,False
o que é tip top,0,2,0.0,42.0,False
o que é treino de mobilidade,0,1,0.0,1.0,False
o que é um numero impar,0,1,0.0,85.0,False
o que é um shopping center,0,1,0.0,2.0,False
o que é uma pessoa celíaca,0,4,0.0,58.25,True
o que é zee,0,1,0.0,1.0,False
o que é?,0,1,0.0,2.0,False
o rei da internet filme online completo,0,1,0.0,17.0,False
o rei da internet torrent,0,1,0.0,14.0,False
o resultado do sorteio,0,1,0.0,7.0,False
o shopping,0,13,0.0,41.76923076923077,True
o shopping app,0,7,0.0,49.714285714285715,True
o shopping center,0,27,0.0,3.2962962962962963,True
o terceiro,0,1,0.0,15.0,False
o violeiro almeida junior,0,1,0.0,3.0,False
o'que e lança perfume,0,2,0.0,88.0,False
o'que fazer com as criancas nas ferias,0,1,0.0,4.0,False
o'que fazer em blumenau,0,1,0.0,2.0,False
o'que fazer nas ferias,0,1,0.0,55.0,False
o'que fazer nas férias,0,1,0.0,41.0,False
o'que é gift card,0,2,0.0,89.5,False
o'que é lança perfume,0,3,0.0,80.33333333333333,True
o'que é spoleto,0,1,0.0,96.0,False
o'que é um lança perfume,0,1,0.0,80.0,False
oakley balneario shopping,0,8,0.0,10.375,True
oakley barra shopping,0,8,0.0,15.625,True
oakley jim jannard,0,7,0.0,78.85714285714286,True
oakley studios,0,7,0.0,76.28571428571429,True
obras almeida junior,0,1,0.0,2.0,False
obras de almeida junior,0,5,0.0,2.4,True
oce ane,0,1,0.0,9.0,False
oceane,0,18,0.0,8.944444444444445,True
oceane cnpj,0,1,0.0,23.0,False
oceane contato,0,7,0.0,16.0,True
oceane franquia,0,41,0.0,5.804878048780488,True
oceane loja,0,454,0.0,16.348017621145374,True
oceane loja fisica,0,35,0.0,12.714285714285714,True
oceane lojas fisicas,0,4,0.0,65.0,True
oceane shopping,0,1,0.0,44.0,False
oceane shopping morumbi,0,2,0.0,1.0,False
oceane telefone,0,5,0.0,1.0,True
oceane trabalhe conosco,0,8,0.0,11.5,True
oculos luiza barcelos,0,1,0.0,6.0,False
océane fotos,0,2,0.0,42.5,False
océane loja,0,1,0.0,14.0,False
océane loja fisica,0,1,0.0,37.0,False
océane lojas físicas,0,2,0.0,31.0,False
océane lojas perto de mim,0,1,0.0,8.0,False
océane lojas shopping,0,36,0.0,37.833333333333336,True
océane portugal,0,1,0.0,72.0,False
océane é brasileira,0,1,0.0,53.0,False
odd junior,0,1,0.0,48.0,False
odisseia continente shopping,0,1,0.0,10.0,False
odisseia shopping continente,0,1,0.0,12.0,False
oferecer serviços,0,1,0.0,1.0,False
oferta balneario,0,1,0.0,82.0,False
ofertas junio,0,1,0.0,50.0,False
ofertas krolow,0,3,0.0,10.0,True
office,0,1,0.0,11.0,False
officialization,0,12,0.0,10.916666666666666,True
offres black friday 2023,0,1,0.0,89.0,False
ogocho,0,1,0.0,2.0,False
ohana sushi bc,0,1,0.0,4.0,False
oi,0,1,0.0,2.0,False
oje midias,0,1,0.0,37.0,False
ok,0,1,0.0,5.0,False
oktoberfest blumenau 2019,0,1,0.0,64.0,False
oktoberfest shopping,0,1,0.0,9.0,False
old ri,0,1,0.0,8.0,False
olimpikus laranja,0,1,0.0,4.0,False
olimpus corre 4,0,1,0.0,2.0,False
olympikus,0,1,0.0,3.0,False
olympikus corre,0,1,0.0,3.0,False
olympikus corre 3,0,1,0.0,2.0,False
omo continente,0,1,0.0,18.0,False
omo lavanderia porto alegre,0,1,0.0,13.0,False
omo shop,0,1,0.0,18.0,False
omo store,0,1,0.0,12.0,False
omoda jaecoo cnpj,0,1,0.0,3.0,False
on english,0,1,0.0,1.0,False
on ju,0,1,0.0,37.0,False
on runing,0,2,0.0,2.5,False
on time mall inc,0,1,0.0,30.0,False
onde,0,1,0.0,12.0,False
onde almoçar em balneário camboriú com crianças,0,1,0.0,4.0,False
onde almoçar no norte shopping,0,8,0.0,9.875,True
onde comer bife a parmegiana,0,1,0.0,1.0,False
onde comer bife a parmegiana perto de mim,0,3,0.0,6.0,True
onde comer em balneário camboriú,0,1,0.0,2.0,False
onde comer em balneário camboriú a noite,0,1,0.0,2.0,False
onde comer em.balneario camboriu,0,1,0.0,2.0,False
onde comer parmegiana perto de mim,0,3,0.0,7.0,True
onde comprar,0,3,0.0,19.0,True
onde comprar camiseta do brasil original,0,1,0.0,3.0,False
onde comprar chocolate de verdade,0,1,0.0,1.0,False
onde comprar mudas de banana,0,1,0.0,35.0,False
onde comprar sapato de couro brasil,0,3,0.0,9.666666666666666,True
onde comprar utensílios de cozinha barato em sp,0,1,0.0,6.0,False
onde deixar as crianças nas férias,0,2,0.0,9.0,False
onde e o shopping,0,1,0.0,8.0,False
onde ele mora,0,2,0.0,8.0,False
onde ele mora?,0,1,0.0,7.0,False
onde está localizado o continente europeu,0,1,0.0,68.0,False
onde faz passaporte em joinville,0,12,0.0,4.416666666666666,True
onde fazer passaporte,0,1,0.0,1.0,False
onde fazer passaporte em joinville,0,274,0.0,8.215328467153284,True
onde fazer passaporte em santa catarina,0,1,0.0,3.0,False
onde fica a casa bauducco,0,4,0.0,3.25,True
onde fica a centauro,0,1,0.0,7.0,False
onde fica a cidade blumenau,0,1,0.0,52.0,False
onde fica a cidade de blumenau,0,2,0.0,77.0,False
onde fica a cidade de criciúma,0,2,0.0,71.0,False
onde fica a cidade de florianópolis,0,5,0.0,77.6,True
onde fica a cidade de joinville,0,1,0.0,92.0,False
onde fica a cobasi,0,2,0.0,5.5,False
onde fica a criamigos,0,1,0.0,4.0,False
onde fica a fabrica da lança perfume,0,1,0.0,4.0,False
onde fica a fábrica da colcci,0,10,0.0,1.9,True
onde fica a fábrica da schutz,0,4,0.0,2.25,True
onde fica a loja centauro,0,2,0.0,5.0,False
onde fica a loja criamigos,0,7,0.0,19.0,True
onde fica a loja preçolândia,0,3,0.0,9.333333333333334,True
onde fica a loja santa lolla,0,1,0.0,4.0,False
onde fica a policia federal no shopping blumenau,0,23,0.0,1.0,True
onde fica a polícia federal,0,9,0.0,5.777777777777778,True
onde fica a sede,0,1,0.0,5.0,False
onde fica a sede?,0,1,0.0,2.0,False
onde fica a ótica diniz,0,4,0.0,5.75,True
onde fica almeida,0,2,0.0,71.5,False
onde fica balneario camboriu,0,1,0.0,68.0,False
onde fica balneário camboriú no mapa,0,3,0.0,67.33333333333333,True
onde fica balneário shopping,0,5,0.0,5.2,True
onde fica cobasi,0,4,0.0,3.0,True
onde fica localizado cancún,0,1,0.0,90.0,False
onde fica localizado o norte shopping,0,2,0.0,10.0,False
onde fica localizado o shopping,0,1,0.0,12.0,False
onde fica nações shopping,0,13,0.0,8.384615384615385,True
onde fica norte shopping,0,9,0.0,2.333333333333333,True
onde fica o balneário camboriú,0,1,0.0,98.0,False
onde fica o bar do alemão,0,4,0.0,3.75,True
onde fica o continente shopping,0,26,0.0,5.384615384615385,True
onde fica o nações shopping,0,18,0.0,9.944444444444445,True
onde fica o norte shopping,0,22,0.0,1.8181818181818183,True
onde fica o paris 6,0,2,0.0,60.5,False
onde fica o restaurante paris 6,0,5,0.0,1.0,True
onde fica o shopping,0,2,0.0,9.0,False
onde fica o shopping center,0,1,0.0,9.0,False
onde fica o shopping continental,0,2,0.0,1.0,False
onde fica o shopping continente,0,13,0.0,5.230769230769231,True
onde fica o shopping mix,0,2,0.0,10.5,False
onde fica o shopping norte shopping,0,1,0.0,1.0,False
onde fica paris 6,0,3,0.0,48.666666666666664,True
onde fica pf,0,1,0.0,10.0,False
onde fica riachuelo rj,0,2,0.0,1.0,False
onde fica shopping mix,0,1,0.0,11.0,False
onde fica?,0,1,0.0,3.0,False
onde ficq,0,1,0.0,1.0,False
onde jantar em balneário camboriú,0,1,0.0,4.0,False
onde mora,0,1,0.0,1.0,False
onde paga,0,1,0.0,2.0,False
onde paga o estacionamento do shopping,0,3,0.0,1.0,True
onde pagar o estacionamento do shopping,0,3,0.0,5.0,True
onde surgiu,0,1,0.0,2.0,False
onde tem,0,1,0.0,6.0,False
onde tem a loja centauro,0,1,0.0,1.0,False
onde tem a loja cotton on,0,3,0.0,13.0,True
onde tem authentic feet,0,1,0.0,8.0,False
onde tem bacio di latte,0,1,0.0,9.0,False
onde tem brasil cacau,0,4,0.0,6.25,True
onde tem brasil cacau perto de mim,0,1,0.0,4.0,False
onde tem casa riachuelo,0,12,0.0,9.916666666666666,True
onde tem centauro,0,1,0.0,9.0,False
onde tem cobasi perto de mim,0,1,0.0,10.0,False
onde tem cotton on,0,1,0.0,9.0,False
onde tem criamigos,0,3,0.0,2.666666666666667,True
onde tem girafas,0,4,0.0,9.25,True
onde tem giraffas,0,44,0.0,12.772727272727273,True
onde tem loja brasil cacau,0,1,0.0,8.0,False
onde tem loja centauro,0,10,0.0,17.2,True
onde tem loja da centauro,0,84,0.0,10.011904761904763,True
onde tem loja da crocs,0,1,0.0,9.0,False
onde tem loja da dengo,0,1,0.0,12.0,False
onde tem loja da melissa,0,1,0.0,6.0,False
onde tem loja da new balance,0,5,0.0,9.4,True
onde tem loja petite jolie,0,62,0.0,18.0,True
onde tem loja riachuelo no rio de janeiro,0,1,0.0,1.0,False
onde tem lojas centauro,0,7,0.0,6.857142857142857,True
onde tem o restaurante giraffas,0,3,0.0,11.0,True
onde tem paris 6,0,5,0.0,2.6,True
onde tem popeyes,0,1,0.0,1.0,False
onde tem restaurante giraffas,0,5,0.0,5.2,True
onde tem riachuelo casa,0,54,0.0,7.703703703703703,True
onde tem shopping,0,2,0.0,9.0,False
onde tem spoleto,0,1,0.0,12.0,False
onde tem taco bell,0,1,0.0,7.0,False
onde tem taco bell no brasil,0,1,0.0,6.0,False
onde tem zara,0,1,0.0,10.0,False
onde tem zara em florianópolis,0,2,0.0,2.5,False
onde tem zara em santa catarina,0,36,0.0,10.722222222222221,True
onde tirar o passaporte em joinville,0,44,0.0,11.113636363636363,True
onde tirar o passaporte em santa catarina,0,2,0.0,1.5,False
onde tirar passaporte,0,1,0.0,1.0,False
onde tirar passaporte em joinville sc,0,37,0.0,10.621621621621621,True
onde tirar passaporte em sc,0,1,0.0,2.0,False
onde tirar passaporte perto de mim,0,2,0.0,11.0,False
onde ver o resultado?,0,1,0.0,1.0,False
onde é a fabrica da colcci,0,1,0.0,12.0,False
onde é norte shopping,0,3,0.0,7.333333333333333,True
onde é o norte shopping,0,2,0.0,6.0,False
onde é o shopping,0,1,0.0,5.0,False
one internet group cnpj,0,1,0.0,50.0,False
one mall,0,11,0.0,47.54545454545455,True
one shopping,0,2,0.0,8.0,False
one spot,0,46,0.0,8.043478260869566,True
one spot beauty,0,1,0.0,20.0,False
one spot on,0,4,0.0,8.5,True
one spot one,0,1,0.0,9.0,False
one the spot,0,5,0.0,9.2,True
online,0,1,0.0,5.0,False
onmaps,0,1,0.0,49.0,False
onmaps geofusion,0,2,0.0,23.5,False
onstance,0,2,0.0,9.5,False
opananken antistress calcados ltda,0,1,0.0,4.0,False
opcao sjalmeida,0,1,0.0,9.0,False
open aj,0,1,0.0,6.0,False
open english junior valor,0,1,0.0,63.0,False
open mall the square,0,1,0.0,4.0,False
open shopping ingleses,0,1,0.0,5.0,False
opening junior,0,3,0.0,20.333333333333332,True
operações,0,1,0.0,1.0,False
ophicina,0,82,0.0,25.914634146341463,True
ophicina campinas,0,2,0.0,23.5,False
ophicina continente shopping,0,82,0.0,9.390243902439025,True
ophicina loja,0,8,0.0,58.875,True
ophicina novo shopping,0,3,0.0,17.0,True
ophicina palladium,0,1,0.0,10.0,False
ophicina shopping dom pedro,0,13,0.0,16.692307692307693,True
ophicina site,0,1,0.0,4.0,False
oportunidades de franquicias,0,1,0.0,55.0,False
oportunidades de negocio,0,8,0.0,31.875,True
oportunidades de negócio,0,1,0.0,43.0,False
oportunidades negocio,0,1,0.0,36.0,False
opportunities business,0,1,0.0,15.0,False
opportunizing,0,9,0.0,88.44444444444444,True
optica diniz,0,42,0.0,3.642857142857143,True
optical illusion museum,0,2,0.0,44.0,False
optical illusion places,0,1,0.0,1.0,False
opticas diniz,0,18,0.0,10.222222222222221,True
options mall,0,1,0.0,9.0,False
opção a,0,1,0.0,5.0,False
opção construtora,0,1,0.0,69.0,False
oq faz,0,1,0.0,1.0,False
oq fazer no shopping,0,1,0.0,1.0,False
oq é lança perfume,0,3,0.0,76.0,True
oque é lanca perfume,0,1,0.0,93.0,False
oqvestir luiza barcelos,0,1,0.0,95.0,False
orfanato em blumenau,0,1,0.0,47.0,False
organic shopping,0,57,0.0,18.140350877192983,True
orica diniz,0,28,0.0,8.25,True
oricas diniz,0,20,0.0,9.9,True
orichards,0,1,0.0,4.0,False
orizzonte shopping,0,2,0.0,6.0,False
orla flávia alessandra,0,1,0.0,99.0,False
orlando de almeida soares junior quem é,0,1,0.0,2.0,False
orte shopping,0,1,0.0,4.0,False
ortobom continente shopping,0,1,0.0,12.0,False
ortwalk,0,1,0.0,9.0,False
orçamento material escolar,0,1,0.0,3.0,False
os 2,0,1,0.0,2.0,False
os alemão,0,1,0.0,5.0,False
os dois,0,1,0.0,2.0,False
os maiores shoppings de são paulo,0,2,0.0,47.0,False
os maiores shoppings do brasil,0,1,0.0,91.0,False
os melhores restaurantes de balneário camboriú,0,8,0.0,86.875,True
os números sorteados,0,1,0.0,1.0,False
os pais,0,1,0.0,12.0,False
os sapatos,0,1,0.0,2.0,False
os shopping,0,5,0.0,26.2,True
os shoppings,0,30,0.0,11.333333333333334,True
os shops,0,1,0.0,42.0,False
oshoping,0,1,0.0,72.0,False
oshopping,0,10,0.0,73.5,True
oshopping app,0,11,0.0,45.18181818181818,True
osklen balneario camboriu,0,34,0.0,11.235294117647058,True
oswaldo nunes riachuelo,0,1,0.0,62.0,False
oswaldo paz de almeida junior,0,1,0.0,2.0,False
otca diniz,0,3,0.0,10.0,True
otica,0,2,0.0,13.0,False
otica almeida,0,9,0.0,21.666666666666668,True
otica certa,0,1,0.0,11.0,False
otica chilli beans,0,1,0.0,12.0,False
otica de diniz,0,6,0.0,16.666666666666664,True
otica de niz,0,2,0.0,6.0,False
otica deniz,0,23,0.0,9.826086956521738,True
otica dini,0,11,0.0,9.454545454545455,True
otica dinis,0,80,0.0,10.2,True
otica dinix,0,8,0.0,10.25,True
otica diniz analia franco,0,2,0.0,10.5,False
otica diniz aracaju,0,3,0.0,12.333333333333334,True
otica diniz arapiraca,0,2,0.0,28.0,False
otica diniz araraquara,0,2,0.0,20.0,False
otica diniz araucaria,0,1,0.0,19.0,False
otica diniz armações,0,1,0.0,68.0,False
otica diniz azenha,0,4,0.0,21.5,True
otica diniz bancarios,0,2,0.0,15.5,False
otica diniz barra shopping,0,1,0.0,15.0,False
otica diniz brazil,0,20,0.0,16.85,True
otica diniz buriti shopping,0,2,0.0,14.0,False
otica diniz conjunto nacional,0,39,0.0,12.282051282051283,True
otica diniz cuiabá,0,2,0.0,21.5,False
otica diniz eldorado 2796,0,4,0.0,8.5,True
otica diniz gama,0,89,0.0,11.853932584269662,True
otica diniz itatiba,0,2,0.0,12.5,False
otica diniz juazeiro do norte,0,9,0.0,35.0,True
otica diniz kobrasol,0,14,0.0,17.928571428571427,True
otica diniz lentes de contato,0,30,0.0,29.8,True
otica diniz midway,0,2,0.0,9.5,False
otica diniz minas shopping,0,2,0.0,31.5,False
otica diniz mogi shopping,0,24,0.0,11.5,True
otica diniz montese,0,4,0.0,13.0,True
otica diniz norte shopping,0,254,0.0,11.051181102362206,True
otica diniz north shopping,0,1,0.0,12.0,False
otica diniz oculos de grau,0,6,0.0,40.0,True
otica diniz oculos de sol,0,16,0.0,39.4375,True
otica diniz parnamirim,0,114,0.0,11.18421052631579,True
otica diniz parque shopping,0,16,0.0,13.4375,True
otica diniz shopping contagem,0,7,0.0,20.857142857142858,True
otica diniz shopping uniao,0,1,0.0,16.0,False
otica diniz trabalhe conosco,0,65,0.0,22.246153846153845,True
otica dinoz,0,11,0.0,4.454545454545455,True
otica dinz,0,7,0.0,13.142857142857142,True
otica doniz,0,1,0.0,3.0,False
otica en sao dinis,0,87,0.0,50.839080459770116,True
otica finiz,0,6,0.0,10.333333333333334,True
otica junior,0,1,0.0,17.0,False
otica mari,0,13,0.0,6.076923076923077,True
otica norte shopping,0,5,0.0,36.6,True
otica shopping neumarkt,0,2,0.0,11.0,False
oticad diniz,0,8,0.0,10.125,True
oticadiniz,0,243,0.0,9.534979423868313,True
oticas almeida,0,1,0.0,27.0,False
oticas carol florianopolis,0,1,0.0,19.0,False
oticas chilli beans,0,5,0.0,28.8,True
oticas deniz,0,20,0.0,10.65,True
oticas dini,0,23,0.0,9.869565217391305,True
oticas dinis,0,191,0.0,10.209424083769633,True
oticas dinix,0,19,0.0,9.947368421052632,True
oticas diniz - blumenau sc fotos,0,1,0.0,5.0,False
oticas diniz atendimento ao cliente,0,1,0.0,45.0,False
oticas diniz fotos,0,32,0.0,3.4375,True
oticas diniz franquia,0,20,0.0,50.65,True
oticas diniz gama,0,1,0.0,17.0,False
oticas diniz iguatemi,0,1,0.0,21.0,False
oticas diniz juazeiro do norte,0,1,0.0,39.0,False
oticas diniz lentes de contato,0,4,0.0,38.0,True
oticas diniz mogi shopping,0,1,0.0,10.0,False
oticas diniz mossoro,0,3,0.0,10.333333333333334,True
oticas diniz north shopping,0,4,0.0,12.25,True
oticas diniz oculos de sol,0,5,0.0,42.4,True
oticas diniz rede de franquias,0,1,0.0,48.0,False
oticas diniz rua rio de janeiro bh,0,1,0.0,2.0,False
oticas diniz santa maria,0,1,0.0,1.0,False
oticas diniz shopping contagem,0,3,0.0,23.333333333333332,True
oticas diniz trabalhe conosco,0,55,0.0,40.70909090909091,True
oticas dinoz,0,4,0.0,9.25,True
oticas dinz,0,1,0.0,13.0,False
oticas finiz,0,3,0.0,10.0,True
oticasdiniz,0,144,0.0,9.930555555555555,True
otics diniz,0,6,0.0,8.666666666666668,True
otima diniz,0,4,0.0,9.25,True
otivas diniz,0,5,0.0,10.0,True
otixa diniz,0,1,0.0,5.0,False
oto schutz,0,1,0.0,1.0,False
otoca diniz,0,3,0.0,9.333333333333334,True
otocas diniz,0,2,0.0,3.0,False
otop store,0,1,0.0,49.0,False
our mall,0,1,0.0,8.0,False
ourmall,0,5,0.0,15.8,True
ousy shoes é bom,0,1,0.0,5.0,False
outback balneário camboriú,0,2,0.0,5.0,False
outback blumenau,0,1,0.0,30.0,False
outback continente,0,4,0.0,39.25,True
outback continente shopping,0,1,0.0,24.0,False
outback criciuma,0,8,0.0,46.875,True
outback criciúma,0,2,0.0,33.0,False
outback cupom fiscal,0,8,0.0,49.25,True
outback nacoes shopping,0,3,0.0,13.0,True
outback neumarkt,0,18,0.0,17.22222222222222,True
outback norte shopping,0,1,0.0,69.0,False
outback shopping continente,0,18,0.0,32.33333333333333,True
outback significado,0,1,0.0,83.0,False
outdoor shopping centers,0,1,0.0,85.0,False
outleet catarina,0,1,0.0,69.0,False
outlet alvarenga,0,1,0.0,11.0,False
outlet bibi,0,1,0.0,11.0,False
outlet canal concept,0,2,0.0,14.5,False
outlet catarina,0,64,0.0,61.765625,True
outlet catarina fashion,0,6,0.0,67.33333333333333,True
outlet catarina horario de funcionamento,0,1,0.0,96.0,False
outlet catarina horário de funcionamento,0,1,0.0,85.0,False
outlet catarina lojas,0,11,0.0,60.54545454545455,True
outlet catarina mapa,0,3,0.0,61.666666666666664,True
outlet catarina pet friendly,0,1,0.0,1.0,False
outlet catarina restaurantes,0,1,0.0,82.0,False
outlet centers,0,2,0.0,41.0,False
outlet colcci brusque,0,1,0.0,6.0,False
outlet colcci rio branco,0,1,0.0,5.0,False
outlet colcci sp,0,1,0.0,7.0,False
outlet concept,0,2,0.0,12.5,False
outlet cotton on,0,1,0.0,12.0,False
outlet crocs catarina,0,3,0.0,87.0,True
outlet da colcci,0,1,0.0,2.0,False
outlet da cotton on,0,1,0.0,4.0,False
outlet da levis,0,1,0.0,13.0,False
outlet de porto belo,0,1,0.0,39.0,False
outlet em blumenau,0,1,0.0,59.0,False
outlet em santa catarina,0,2,0.0,25.0,False
outlet fashion porto belo,0,1,0.0,48.0,False
outlet florianópolis,0,8,0.0,47.375,True
outlet hering blumenau endereço,0,1,0.0,4.0,False
outlet imaginarium,0,4,0.0,64.5,True
outlet joge,0,2,0.0,67.5,False
outlet lez a lez,0,1,0.0,44.0,False
outlet liberdade,0,3,0.0,13.666666666666666,True
outlet lilica ripilica,0,84,0.0,13.547619047619047,True
outlet lilica ripilica online,0,1,0.0,4.0,False
outlet luiza barcelos,0,3,0.0,35.0,True
outlet luz da lua gramado,0,2,0.0,48.5,False
outlet porto belo,0,18,0.0,42.5,True
outlet porto belo lojas,0,1,0.0,53.0,False
outlet porto belo sc,0,1,0.0,31.0,False
outlet puket online,0,1,0.0,5.0,False
outlet quem disse berenice,0,1,0.0,89.0,False
outlet samsonite,0,1,0.0,10.0,False
outlet santa catarina,0,19,0.0,57.63157894736842,True
outlet santa catarina sp,0,1,0.0,52.0,False
outlet sc,0,1,0.0,32.0,False
outlet schutz gramado,0,1,0.0,5.0,False
outlet suplementos continente,0,1,0.0,29.0,False
outlet são josé,0,1,0.0,67.0,False
outlet tip top,0,49,0.0,48.857142857142854,True
outlet tip top sp,0,2,0.0,97.0,False
outlet valisere santo andre,0,1,0.0,12.0,False
outlet zapalla,0,1,0.0,25.0,False
outlets,0,1,0.0,10.0,False
outlets em blumenau,0,2,0.0,15.0,False
outlets santa catarina,0,3,0.0,37.0,True
outra,0,1,0.0,3.0,False
outras,0,4,0.0,3.5,True
outras cidades,0,1,0.0,5.0,False
outras lojas,0,1,0.0,5.0,False
outras marcas,0,1,0.0,1.0,False
outros shopping,0,1,0.0,16.0,False
outubro em cancun,0,1,0.0,94.0,False
outwark,0,2,0.0,27.5,False
ouvidoria schutz,0,1,0.0,2.0,False
over malls,0,1,0.0,9.0,False
ovo de pascoa havana,0,1,0.0,6.0,False
ovo de pascoa havanna,0,1,0.0,12.0,False
ovo de pascoa havanna limao siciliano,0,1,0.0,12.0,False
ovo de páscoa havanna,0,1,0.0,9.0,False
ovo de páscoa havanna preço,0,1,0.0,6.0,False
ovo havana,0,1,0.0,9.0,False
ovos de pascoa havana,0,1,0.0,7.0,False
p almeida roupas,0,1,0.0,7.0,False
padaria maria filo,0,1,0.0,5.0,False
pae.jve.sc@pf.gov.br,0,4,0.0,11.5,True
pagar estacionamento shopping,0,12,0.0,4.166666666666666,True
painel empresarial,0,7,0.0,29.571428571428573,True
painel esg,0,3,0.0,34.0,True
painel sipat 2025,0,4,0.0,1.0,True
pais com maior pib per capita,0,5,0.0,83.0,True
pais com o maior pib per capita,0,2,0.0,95.0,False
pais samsung,0,1,0.0,11.0,False
palhoça a balneario camboriu,0,2,0.0,42.0,False
palhoça shopping,0,1,0.0,47.0,False
"palhoça, sc",0,1,0.0,4.0,False
palmilhas para tênis,0,1,0.0,5.0,False
pampelli,0,1,0.0,11.0,False
pampili,0,16,0.0,11.5,True
pampili calcados,0,1,0.0,58.0,False
pampili center norte,0,3,0.0,26.0,True
pampili infantil,0,2,0.0,33.5,False
pampili loja,0,14,0.0,17.714285714285715,True
pampili lojas,0,90,0.0,13.177777777777777,True
pampili lojas fisicas,0,1,0.0,7.0,False
pampili park shopping,0,11,0.0,11.272727272727273,True
pampili shopping,0,1,0.0,13.0,False
pampili trabalhe conosco,0,7,0.0,19.285714285714285,True
panda tabacaria blumenau,0,1,0.0,12.0,False
pandora continente shopping,0,8,0.0,11.875,True
panettone brands,0,1,0.0,2.0,False
panico 7 download,0,1,0.0,18.0,False
panico 7 torrent magnet,0,1,0.0,20.0,False
pank compras coletivas,0,2,0.0,22.0,False
panvel continente shopping,0,4,0.0,14.75,True
pao boutique,0,1,0.0,7.0,False
pao de lo balneario,0,247,0.0,7.619433198380567,True
pao de lo balneario camboriu,0,5,0.0,9.6,True
pao de lo balneario gaivota,0,1,0.0,5.0,False
pao de lo bc,0,63,0.0,8.444444444444445,True
pao de lo boutique,0,35,0.0,10.371428571428572,True
papanduva sc,0,1,0.0,8.0,False
paparella balneário camboriú,0,1,0.0,15.0,False
papaya mall,0,1,0.0,35.0,False
papel craft,0,48,0.0,8.541666666666668,True
papel craft - park shopping brasilia fotos,0,1,0.0,19.0,False
papel craft barra shopping,0,23,0.0,8.478260869565219,True
papel craft leblon,0,99,0.0,7.02020202020202,True
papel craft loja,0,7,0.0,5.142857142857143,True
papel craft morumbi,0,32,0.0,10.21875,True
papel craft papelaria,0,35,0.0,68.6,True
papel craft park shopping,0,1,0.0,33.0,False
papel craft shopping leblon,0,121,0.0,13.950413223140496,True
papel craft shopping morumbi,0,8,0.0,9.625,True
papel kraft continente,0,1,0.0,29.0,False
papel kraft loja,0,4,0.0,4.5,True
papel kraft shopping leblon,0,66,0.0,13.43939393939394,True
papel kraft shopping morumbi,0,2,0.0,10.5,False
papelaria no norte shopping,0,1,0.0,12.0,False
papelaria papel craft,0,8,0.0,75.75,True
papete de plastico feminina,0,1,0.0,3.0,False
papete feminina,0,3,0.0,6.666666666666667,True
papete feminina schutz,0,2,0.0,4.5,False
papete schutz original,0,1,0.0,4.0,False
papetes,0,1,0.0,6.0,False
paqueta grill,0,3,0.0,26.666666666666668,True
paqueta shopping neumarkt,0,1,0.0,6.0,False
para aj,0,2,0.0,8.0,False
para almeida,0,1,0.0,9.0,False
para desenhar,0,1,0.0,3.0,False
para ju,0,2,0.0,39.0,False
para junior,0,2,0.0,55.5,False
para júnior,0,1,0.0,8.0,False
para o shopping,0,1,0.0,12.0,False
parada 50 gramado,0,1,0.0,4.0,False
parchi europei,0,1,0.0,64.0,False
paria 6,0,2,0.0,8.0,False
paris 06,0,2,0.0,8.0,False
paris 5,0,2,0.0,1.0,False
paris 5 restaurante,0,1,0.0,8.0,False
paris 6,0,344,0.0,8.38081395348837,True
paris 6 - vaudeville,0,1,0.0,3.0,False
paris 6 alphaville,0,2,0.0,24.5,False
paris 6 analia franco,0,1,0.0,1.0,False
paris 6 balneário camboriú cardápio,0,28,0.0,10.464285714285714,True
paris 6 belo horizonte,0,1,0.0,54.0,False
paris 6 bh,0,1,0.0,1.0,False
paris 6 bistro,0,2,0.0,7.5,False
paris 6 bistro balneario camboriu comentários,0,255,0.0,10.337254901960785,True
paris 6 bistro balneario camboriu menu,0,19,0.0,10.157894736842104,True
paris 6 bistro sao paulo,0,1,0.0,49.0,False
paris 6 bistrô,0,7,0.0,8.857142857142858,True
paris 6 brasilia,0,1,0.0,1.0,False
paris 6 brasília,0,1,0.0,47.0,False
paris 6 cafe,0,34,0.0,7.882352941176471,True
paris 6 camboriu,0,103,0.0,10.262135922330097,True
paris 6 cardapio sobremesas,0,1,0.0,64.0,False
paris 6 cardápio preços,0,1,0.0,4.0,False
paris 6 endereço,0,3,0.0,35.333333333333336,True
paris 6 endereços sp,0,1,0.0,4.0,False
paris 6 famosos,0,1,0.0,92.0,False
paris 6 goiania,0,1,0.0,19.0,False
paris 6 goiânia,0,1,0.0,25.0,False
paris 6 horario de funcionamento,0,1,0.0,61.0,False
paris 6 iguatemi,0,1,0.0,8.0,False
paris 6 locais,0,16,0.0,11.25,True
paris 6 lojas,0,3,0.0,9.333333333333334,True
paris 6 mais próximo de mim,0,1,0.0,8.0,False
paris 6 onde fica,0,4,0.0,41.75,True
paris 6 onde tem,0,11,0.0,4.818181818181818,True
paris 6 perto de mim,0,5,0.0,7.0,True
paris 6 proximo a mim,0,3,0.0,1.0,True
paris 6 rafa e boca rosa,0,1,0.0,6.0,False
paris 6 restaurante,0,34,0.0,7.9411764705882355,True
paris 6 restaurante cardapio,0,2,0.0,77.0,False
paris 6 restaurante sao paulo,0,2,0.0,95.0,False
paris 6 salvador,0,1,0.0,22.0,False
paris 6 santa catarina,0,22,0.0,7.318181818181818,True
paris 6 sao jose dos campos,0,1,0.0,18.0,False
paris 6 shopping,0,11,0.0,24.818181818181817,True
paris 6 shopping abc,0,1,0.0,18.0,False
paris 6 site,0,5,0.0,10.4,True
paris 6 são paulo cardápio,0,1,0.0,23.0,False
paris 6 trabalhe conosco,0,7,0.0,20.714285714285715,True
paris 6 unidades,0,9,0.0,17.22222222222222,True
paris 6 vale sul,0,1,0.0,5.0,False
paris 6 valores,0,1,0.0,1.0,False
paris 6 vila da serra,0,1,0.0,1.0,False
paris 66 restaurante,0,1,0.0,8.0,False
paris balneario camboriu,0,8,0.0,7.375,True
paris balneario shopping,0,49,0.0,9.10204081632653,True
paris bistro,0,11,0.0,8.0,True
paris bistrô,0,1,0.0,1.0,False
paris cafe,0,12,0.0,8.916666666666668,True
paris cafe recreio,0,7,0.0,10.857142857142858,True
paris café,0,3,0.0,6.333333333333333,True
paris cosmeticos balneario shopping,0,6,0.0,9.333333333333334,True
paris restaurante,0,37,0.0,8.64864864864865,True
paris sc,0,5,0.0,35.0,True
paris seis,0,2,0.0,8.5,False
paris seis restaurante,0,3,0.0,8.666666666666668,True
paris.6,0,2,0.0,5.0,False
paris6,0,25,0.0,8.559999999999999,True
paris6 bc,0,1,0.0,4.0,False
paris6 restaurante,0,3,0.0,7.666666666666667,True
park barigui cinema,0,1,0.0,91.0,False
park europeu,0,5,0.0,79.4,True
park europeu blumenau,0,3,0.0,67.66666666666667,True
park europeu blumenau cinema,0,3,0.0,25.0,True
park europeu cinema,0,6,0.0,33.333333333333336,True
park europeu cinema blumenau,0,4,0.0,27.25,True
park europeu shopping,0,1,0.0,3.0,False
park europeu shopping blumenau,0,2,0.0,49.0,False
park inn neumarkt,0,5,0.0,53.8,True
park sh,0,9,0.0,9.222222222222221,True
park shopping blumenau,0,1,0.0,31.0,False
park shopping boliche,0,1,0.0,98.0,False
park shopping centauro,0,1,0.0,1.0,False
park shopping cinema preços,0,1,0.0,98.0,False
park shopping europeu,0,10,0.0,58.1,True
park shopping jaragua,0,1,0.0,31.0,False
parmedio,0,6,0.0,5.833333333333333,True
parmeggia,0,6,0.0,5.5,True
parmeggio,0,769,0.0,6.6449934980494145,True
parmeggio franquia,0,89,0.0,10.595505617977528,True
parmeggio shopping,0,2,0.0,9.5,False
parmegiana,0,2,0.0,1.0,False
parmegiana alemao,0,12,0.0,45.666666666666664,True
parmegiana alemão,0,1,0.0,56.0,False
parmegiana bar do alemão,0,11,0.0,40.63636363636363,True
parmegiana bar do alemão preço,0,3,0.0,77.0,True
parmegiana do alemão,0,1,0.0,74.0,False
parmegiana do bar do alemão,0,1,0.0,10.0,False
parmegiana perto de mim,0,1,0.0,7.0,False
parmegiana restaurante,0,2,0.0,7.5,False
parmegiana shopping,0,1,0.0,4.0,False
parmegio,0,124,0.0,6.870967741935484,True
parmesao,0,1,0.0,1.0,False
paros 6,0,2,0.0,8.5,False
parq souq,0,6,0.0,5.666666666666667,True
parque almeida junior,0,5,0.0,22.0,True
parque almeida junior itu,0,1,0.0,50.0,False
parque balneario camboriu,0,1,0.0,99.0,False
parque balneário shopping,0,23,0.0,39.47826086956522,True
parque bebé continente,0,1,0.0,46.0,False
parque continente norte shopping,0,1,0.0,13.0,False
parque da monica qual shopping,0,1,0.0,1.0,False
parque europeu blumenau,0,3,0.0,60.0,True
parque europeu cinema,0,2,0.0,35.5,False
parque industrial santa catarina,0,1,0.0,1.0,False
parque infantil blumenau,0,1,0.0,91.0,False
parque infantil em joinville,0,1,0.0,85.0,False
parque infantil florianópolis,0,1,0.0,60.0,False
parque liberdade,0,3,0.0,1.6666666666666665,True
parque mall,0,2,0.0,67.0,False
parque shopping,0,1,0.0,1.0,False
parque zoobotânico em joinville,0,1,0.0,3.0,False
part time continente,0,1,0.0,43.0,False
parís restaurante,0,1,0.0,15.0,False
pasep 2024,0,1,0.0,82.0,False
passagem para navegantes santa catarina,0,1,0.0,3.0,False
passaporte,0,4,0.0,3.25,True
passaporte criciuma nacoes,0,109,0.0,8.908256880733944,True
passaporte em araraquara,0,1,0.0,82.0,False
passaporte em joinville endereço,0,8,0.0,5.5,True
passaporte garten shopping,0,128,0.0,7.5546875,True
passaporte itajaí shopping,0,4,0.0,2.75,True
passaporte jaragua do sul,0,2,0.0,1.0,False
passaporte joinville garten,0,584,0.0,7.25513698630137,True
passaporte joinville telefone,0,3,0.0,1.0,True
passaporte nacoes shopping,0,30,0.0,9.6,True
passaporte para autista,0,1,0.0,1.0,False
passaporte policia federal,0,6,0.0,11.0,True
passaporte polícia federal,0,3,0.0,14.0,True
passaporte shopping,0,4,0.0,6.0,True
passaporte shopping eldorado,0,1,0.0,2.0,False
passeio camboriu,0,1,0.0,85.0,False
passeio em balneario,0,1,0.0,102.0,False
passeio em balneário camboriú,0,4,0.0,83.25,True
passeio em balneário camboriú com criança,0,1,0.0,84.0,False
passeio em camboriú,0,1,0.0,85.0,False
passeio em florianopolis,0,1,0.0,113.0,False
passeio em florianópolis,0,10,0.0,105.8,True
passeio em joinville,0,4,0.0,84.5,True
passeio florianópolis,0,2,0.0,100.5,False
passeio joinville,0,2,0.0,74.5,False
passeio san miguel,0,1,0.0,3.0,False
passeio sc,0,1,0.0,83.0,False
passeios joinville,0,1,0.0,85.0,False
passo fundo shopping cinema,0,2,0.0,71.5,False
patins oxer,0,1,0.0,4.0,False
patio brasil tem riachuelo,0,1,0.0,1.0,False
patio paulista riachuelo,0,2,0.0,1.0,False
patrimônio,0,1,0.0,1.0,False
paula torres brand,0,1,0.0,4.0,False
paula torres calçados,0,4,0.0,3.0,True
paula torres lojas,0,3,0.0,5.333333333333333,True
paulo miklos,0,15,0.0,40.6,True
paulo miklos birthday,0,1,0.0,12.0,False
paulo miklos instagram,0,1,0.0,48.0,False
paulo mikos,0,4,0.0,12.0,True
país com a maior economia do continente,0,1,0.0,81.0,False
países com maior idh,0,3,0.0,97.0,True
países com maior pib per capita,0,1,0.0,71.0,False
pcanal,0,1,0.0,1.0,False
pcobasi,0,1,0.0,9.0,False
pcrichrds,0,1,0.0,35.0,False
pdf apresentação empresa,0,2,0.0,60.0,False
pedro almeida,0,1,0.0,12.0,False
pegar o passaporte,0,1,0.0,8.0,False
pegar passaporte horario,0,1,0.0,1.0,False
pelomix,0,2,0.0,39.5,False
pelucia criamigos,0,1,0.0,8.0,False
pelúcia criamigos,0,2,0.0,70.0,False
pep garden,0,1,0.0,10.0,False
pep joinville,0,1,0.0,11.0,False
pep nações shopping,0,3,0.0,12.0,True
pep patio batel,0,1,0.0,3.0,False
pep shopping,0,1,0.0,6.0,False
per schutz,0,1,0.0,1.0,False
perfil corporativo,0,7,0.0,48.0,True
perfil corporativo da empresa,0,1,0.0,47.0,False
perfil paris cosméticos,0,1,0.0,47.0,False
performance junior,0,1,0.0,3.0,False
perfume avatim,0,2,0.0,53.5,False
perfume de presente para namorada,0,2,0.0,84.0,False
perfume para namorada,0,2,0.0,59.0,False
pernambucanas shopping continente,0,4,0.0,10.25,True
personalidade dela,0,1,0.0,3.0,False
perto de q loja,0,1,0.0,1.0,False
perto do shopping,0,1,0.0,2.0,False
pesquisa,0,1,0.0,6.0,False
pet almeida,0,11,0.0,9.454545454545455,True
pet friendly,0,5,0.0,3.0,True
pet friendly regras,0,1,0.0,1.0,False
pet friendly restaurantes,0,1,0.0,1.0,False
pet shop almeida,0,1,0.0,14.0,False
pet shop av sao paulo,0,1,0.0,1.0,False
pet shop bichinho de estimação,0,3,0.0,54.333333333333336,True
pet shop e distribuidora almeida's fotos,0,2,0.0,7.5,False
pet shop grao para,0,1,0.0,4.0,False
pet shop jr,0,2,0.0,27.0,False
pet shop nacoes,0,2,0.0,38.0,False
pet shop north shopping,0,1,0.0,1.0,False
pet shop vila velha itaparica,0,1,0.0,4.0,False
pet shopping,0,1,0.0,20.0,False
pet store near me within 5 mi,0,1,0.0,1.0,False
petie jolie,0,1,0.0,59.0,False
petit & jolie,0,1,0.0,76.0,False
petit jolie,0,2100,0.0,10.57904761904762,True
petit jolie loja,0,10,0.0,31.5,True
petit jolie lojas,0,37,0.0,10.567567567567568,True
petit paris cafe,0,1,0.0,9.0,False
petite jolie,0,24,0.0,34.0,True
petite jolie franquia,0,19,0.0,7.7894736842105265,True
petite jolie logo,0,2,0.0,1.0,False
petite jolie loja,0,71,0.0,43.901408450704224,True
petite jolie loja fisica,0,10,0.0,9.6,True
petite jolie lojas,0,117,0.0,15.905982905982906,True
petite jolie lojinha,0,21,0.0,34.57142857142857,True
petite jolie marca,0,43,0.0,7.3023255813953485,True
petite jolie norte shopping,0,180,0.0,9.438888888888888,True
petite jolie reclame aqui,0,1,0.0,2.0,False
petite jolie salvador norte shopping,0,13,0.0,11.23076923076923,True
petite jolie shopping,0,8,0.0,17.625,True
petite jolie shopping da bahia,0,46,0.0,4.5,True
petite jolie shopping recife,0,31,0.0,13.516129032258064,True
petite jolie trabalhe conosco,0,4,0.0,10.0,True
petite junior,0,1,0.0,9.0,False
petite mall,0,3,0.0,30.666666666666668,True
petite shopping,0,2,0.0,8.5,False
petite+jolie,0,1,0.0,52.0,False
petitejolie,0,10,0.0,10.7,True
pets almeida,0,10,0.0,10.3,True
pets bem,0,1,0.0,81.0,False
pets cobasi,0,1,0.0,1.0,False
pets o que significa,0,12,0.0,50.25,True
petshop blumenau,0,1,0.0,1.0,False
pf garten shopping,0,19,0.0,6.684210526315789,True
pf joinville,0,10,0.0,11.7,True
pf mais próximo,0,1,0.0,10.0,False
pf park,0,1,0.0,1.0,False
pf passaporte horario de funcionamento,0,1,0.0,8.0,False
pf shopping,0,6,0.0,5.333333333333333,True
pg prime passaportes,0,1,0.0,1.0,False
pharol balneário camboriú,0,1,0.0,5.0,False
photos,0,1,0.0,2.0,False
photos de wok de jin,0,1,0.0,3.0,False
pib balneario camboriu,0,1,0.0,26.0,False
pib balneário camboriú,0,19,0.0,21.842105263157894,True
pib balneário camboriú 2024,0,10,0.0,15.5,True
pib blumenau,0,3,0.0,34.0,True
pib brasil per capita,0,1,0.0,92.0,False
pib conceito,0,2,0.0,89.5,False
pib curitiba,0,69,0.0,60.27536231884058,True
pib curitiba programação,0,1,0.0,68.0,False
pib da região sul,0,1,0.0,85.0,False
pib de balneário camboriú,0,7,0.0,20.714285714285715,True
pib de balneário camboriú 2024,0,12,0.0,10.416666666666666,True
pib de curitiba,0,4,0.0,72.25,True
pib de itajai,0,1,0.0,86.0,False
pib de itajaí,0,1,0.0,78.0,False
pib de joinville,0,1,0.0,52.0,False
pib de santa catarina,0,8,0.0,92.875,True
pib dos continentes,0,1,0.0,48.0,False
pib florianopolis,0,4,0.0,42.5,True
pib jaragua do sul,0,8,0.0,52.875,True
pib joinville,0,3,0.0,36.666666666666664,True
pib per capita,0,2,0.0,90.0,False
pib per capita balneário camboriú,0,10,0.0,24.0,True
pib per capita br,0,3,0.0,73.0,True
pib per capita brasil,0,16,0.0,97.5625,True
pib per capita cidades brasil,0,1,0.0,81.0,False
pib per capita curitiba,0,3,0.0,48.666666666666664,True
pib per capita de são paulo,0,1,0.0,88.0,False
pib per capita do brasil,0,2,0.0,99.0,False
pib per capita no brasil,0,1,0.0,93.0,False
pib per capita o que significa,0,3,0.0,85.66666666666667,True
pib per capita por estado,0,1,0.0,81.0,False
pib per capita santa catarina,0,2,0.0,55.5,False
pib per capita sao paulo,0,2,0.0,41.5,False
pib per capita são paulo,0,3,0.0,56.666666666666664,True
pib percapita brasil,0,1,0.0,99.0,False
pib região sul,0,3,0.0,81.33333333333333,True
pib sc,0,1,0.0,60.0,False
picadilly loja,0,1,0.0,9.0,False
pictures,0,1,0.0,10.0,False
pijama puket feminino,0,1,0.0,6.0,False
pijama recco,0,1,0.0,5.0,False
pijamas continente,0,1,0.0,8.0,False
pijamas loungerie,0,9,0.0,42.666666666666664,True
pilar vidigal,0,1,0.0,1.0,False
pintor almeida junior,0,6,0.0,3.1666666666666665,True
pintura de almeida junior,0,1,0.0,2.0,False
piraju tem shopping,0,1,0.0,10.0,False
piranha schutz,0,1,0.0,5.0,False
pis pasep 2024,0,1,0.0,99.0,False
piscina infantil continente,0,1,0.0,34.0,False
piso ouro preto bh shopping,0,1,0.0,3.0,False
piticas,0,1,0.0,15.0,False
pittol centro blumenau,0,1,0.0,1.0,False
pix aj,0,1,0.0,10.0,False
pixza hut,0,1,0.0,18.0,False
pizaria hut,0,16,0.0,6.0,True
pizza,0,1,0.0,2.0,False
pizza bc balneário camboriú,0,1,0.0,5.0,False
pizza bis cardápio,0,1,0.0,22.0,False
pizza bis franquia,0,8,0.0,11.125,True
pizza garten,0,7,0.0,10.857142857142858,True
pizza hout,0,1,0.0,2.0,False
pizza hut,0,6,0.0,14.166666666666666,True
pizza hut aquitania,0,5,0.0,10.2,True
pizza hut continente,0,2,0.0,11.0,False
pizza hut express,0,1,0.0,1.0,False
pizza hut franquia,0,390,0.0,24.20769230769231,True
pizza hut franquia valor,0,42,0.0,47.404761904761905,True
pizza hut fundada em,0,17,0.0,9.235294117647058,True
pizza hut loja,0,73,0.0,7.6438356164383565,True
pizza hut lojas,0,47,0.0,7.957446808510638,True
pizza hut norte shopping,0,134,0.0,20.15671641791045,True
pizza hut norte shoppinh,0,1,0.0,14.0,False
pizza hut shopping,0,34,0.0,10.029411764705882,True
pizza hut shopping interlagos,0,1,0.0,1.0,False
pizza hut sp,0,1,0.0,41.0,False
pizza hut taguatinga shopping,0,5,0.0,12.0,True
pizza hut é de onde,0,4,0.0,12.75,True
pizzahut,0,1,0.0,33.0,False
pizzahut #,0,1,0.0,44.0,False
pizzahutsp,0,1,0.0,44.0,False
pizzaria balneario camboriu,0,1,0.0,4.0,False
pizzaria balneário camboriú,0,1,0.0,3.0,False
pizzaria hu,0,6,0.0,6.166666666666667,True
pizzaria hurt,0,19,0.0,5.7368421052631575,True
pizzaria hut,0,1105,0.0,6.383710407239819,True
pizzaria huts,0,48,0.0,7.791666666666667,True
pizzaria hutz,0,3,0.0,4.666666666666666,True
pizzaria huy,0,1,0.0,6.0,False
pizzaria neumarkt,0,1,0.0,8.0,False
pizzaria pizza hut,0,2,0.0,8.0,False
pizzaria shopping,0,80,0.0,8.2375,True
pizzaria tematica balneario camboriu,0,1,0.0,10.0,False
pizzarias balneario camboriu,0,1,0.0,4.0,False
pizzas hut,0,1,0.0,35.0,False
piçarras shopping,0,1,0.0,4.0,False
piçarras tem shopping,0,5,0.0,9.4,True
piźza hut,0,576,0.0,6.6875,True
pj malls,0,1,0.0,31.0,False
planilha da ju,0,10,0.0,9.7,True
planilhas da ju,0,17,0.0,10.823529411764707,True
plano cobasi,0,1,0.0,24.0,False
planta baixa shopping,0,2,0.0,49.5,False
planta do empreendimento,0,1,0.0,2.0,False
plantas de reciclagem de carros,0,2,0.0,95.5,False
plataforma continente,0,1,0.0,65.0,False
plataforma da petite jolie,0,1,0.0,5.0,False
plataforma jun,0,4,0.0,12.5,True
plataforma schutz,0,1,0.0,5.0,False
plataforma uza,0,3,0.0,2.0,True
plataformas de benefícios que incluem programas de condicionamento físico,0,13,0.0,13.846153846153847,True
play one empreendimentos ltda,0,4,0.0,42.25,True
play station in mall,0,1,0.0,81.0,False
plaza almeida,0,1,0.0,1.0,False
plaza iguatemi 2277,0,2,0.0,16.5,False
plaza iguatemi faria lima,0,7,0.0,30.142857142857142,True
plaza outlet cancun,0,1,0.0,36.0,False
plaza sh,0,1,0.0,96.0,False
plaza sul lojas,0,2,0.0,99.5,False
plie,0,1,0.0,1.0,False
plie franquia,0,5,0.0,10.8,True
plie lojas,0,1,0.0,10.0,False
plie shopping,0,4,0.0,10.25,True
plier,0,1,0.0,1.0,False
plié loja,0,1,0.0,79.0,False
plié lojas,0,1,0.0,25.0,False
pliê loja,0,1,0.0,77.0,False
plug and charge continente,0,1,0.0,70.0,False
plus es junior,0,2,0.0,25.0,False
poayes,0,1,0.0,10.0,False
pode cachorro,0,1,0.0,1.0,False
pode entrar com cachorro no shopping,0,1,0.0,1.0,False
pode fazer,0,1,0.0,4.0,False
pode ser,0,4,0.0,2.5,True
poderia me mostrar fotos,0,1,0.0,2.0,False
poket,0,22,0.0,3.5,True
policia federal,0,6,0.0,3.3333333333333335,True
policia federal abre que horas,0,1,0.0,11.0,False
policia federal alphaville,0,5,0.0,1.8,True
policia federal center shopping,0,6,0.0,11.833333333333334,True
policia federal chapecó passaporte,0,8,0.0,84.125,True
policia federal criciuma,0,6,0.0,1.0,True
policia federal de joinville,0,106,0.0,18.528301886792452,True
policia federal em joinville,0,123,0.0,12.170731707317072,True
policia federal em joinville sc,0,1,0.0,12.0,False
policia federal em ponta grossa,0,1,0.0,2.0,False
policia federal florianópolis passaporte,0,2,0.0,89.5,False
policia federal funcionamento,0,1,0.0,12.0,False
policia federal galeao horario atendimento,0,7,0.0,65.57142857142857,True
policia federal galeao horario de funcionamento,0,4,0.0,47.75,True
policia federal horario,0,3,0.0,10.666666666666666,True
policia federal horario de atendimento,0,18,0.0,9.333333333333334,True
policia federal horario de funcionamento,0,1,0.0,10.0,False
policia federal horarios,0,1,0.0,1.0,False
policia federal horário de atendimento,0,1,0.0,11.0,False
policia federal itajaí shopping horario de atendimento,0,11,0.0,1.6363636363636362,True
policia federal joinville,0,788,0.0,19.398477157360407,True
policia federal joinville garten shopping,0,331,0.0,7.151057401812689,True
policia federal joinville garten shopping telefone,0,17,0.0,11.294117647058824,True
policia federal joinville sc,0,35,0.0,20.228571428571428,True
policia federal mais próximo,0,1,0.0,1.0,False
policia federal mais próximo de mim,0,1,0.0,1.0,False
policia federal market place,0,2,0.0,22.0,False
policia federal marketplace,0,1,0.0,68.0,False
policia federal nações shopping,0,105,0.0,10.447619047619048,True
policia federal no shopping,0,6,0.0,4.0,True
policia federal partage shopping,0,1,0.0,1.0,False
policia federal passaporte,0,24,0.0,9.375,True
policia federal passaporte esta aberto hoje,0,1,0.0,6.0,False
policia federal passaporte horario,0,1,0.0,44.0,False
policia federal passaporte horario de atendimento,0,7,0.0,20.0,True
policia federal passaporte horário de funcionamento,0,8,0.0,6.125,True
policia federal passaporte joinville telefone,0,1,0.0,4.0,False
policia federal passaporte mais próximo,0,1,0.0,10.0,False
policia federal passaporte sc,0,1,0.0,2.0,False
policia federal passaporte telefone,0,1,0.0,2.0,False
policia federal perto de mim,0,3,0.0,1.0,True
policia federal plaza shopping,0,1,0.0,42.0,False
policia federal pontal shopping horario de funcionamento,0,11,0.0,1.0,True
policia federal santo andre shopping abc,0,1,0.0,1.0,False
policia federal shopping,0,23,0.0,41.130434782608695,True
policia federal shopping abc santo andre,0,2,0.0,1.0,False
policia federal shopping blumenau,0,1,0.0,1.0,False
policia federal shopping floripa,0,1,0.0,41.0,False
policia federal shopping garten joinville,0,10,0.0,7.2,True
policia federal shopping light telefone,0,1,0.0,15.0,False
policia federal shopping norte,0,1,0.0,7.0,False
policia federal shopping santo andre,0,1,0.0,2.0,False
policia federal telefone,0,1,0.0,2.0,False
policia federal.passaporte,0,1,0.0,5.0,False
policia shopping,0,2,0.0,2.5,False
policía federal joinville,0,6,0.0,11.333333333333334,True
polishop balneario shopping,0,5,0.0,14.2,True
polishop blumenau,0,1,0.0,2.0,False
polishop celulares samsung,0,5,0.0,36.4,True
polishop celulares samsung galaxy,0,2,0.0,36.5,False
polishop continente shopping,0,11,0.0,11.818181818181818,True
politicas de privacidade,0,90,0.0,71.86666666666666,True
polo norte continente,0,2,0.0,78.5,False
polo norte fica em qual continente,0,3,0.0,59.0,True
polo norte é um continente,0,1,0.0,34.0,False
polo richards,0,1,0.0,8.0,False
polo shopping curitiba,0,10,0.0,70.9,True
polo wear nacoes shopping,0,7,0.0,9.0,True
polo wear shopping neumarkt,0,3,0.0,22.666666666666668,True
polícia de joinville,0,1,0.0,8.0,False
polícia federal,0,7,0.0,4.428571428571429,True
polícia federal - joinville,0,10,0.0,11.6,True
polícia federal - joinville fotos,0,9,0.0,5.222222222222222,True
polícia federal alphaville,0,1,0.0,2.0,False
polícia federal criciúma,0,2,0.0,28.5,False
polícia federal criciúma nações shopping,0,75,0.0,12.186666666666667,True
polícia federal em joinville,0,43,0.0,11.418604651162791,True
polícia federal horario de atendimento,0,1,0.0,1.0,False
polícia federal horario de funcionamento,0,3,0.0,11.0,True
polícia federal horário de atendimento,0,1,0.0,8.0,False
polícia federal itajaí shopping,0,1,0.0,2.0,False
polícia federal joinville telefone,0,3,0.0,20.333333333333332,True
polícia federal mais próxima,0,4,0.0,10.0,True
polícia federal mais próxima de mim,0,2,0.0,1.0,False
polícia federal mais próximo de mim,0,1,0.0,1.0,False
polícia federal nações shopping horário de funcionamento,0,12,0.0,2.833333333333333,True
polícia federal nações shopping telefone,0,10,0.0,4.5,True
polícia federal no shopping,0,2,0.0,7.0,False
polícia federal numero,0,1,0.0,2.0,False
polícia federal passaporte criciúma nações shopping,0,70,0.0,11.228571428571428,True
polícia federal passaporte joinville,0,122,0.0,10.647540983606557,True
polícia federal passaporte ribeirão preto,0,5,0.0,1.0,True
polícia federal passaporte shopping,0,1,0.0,13.0,False
polícia federal passaporte telefone,0,3,0.0,2.0,True
polícia federal próximo de mim,0,1,0.0,1.0,False
polícia federal renovar passaporte,0,1,0.0,1.0,False
polícia federal shopping,0,10,0.0,17.4,True
polícia federal shopping rio poty horário de funcionamento,0,1,0.0,1.0,False
polícia federal via parque telefone,0,1,0.0,1.0,False
polícia joinville,0,1,0.0,7.0,False
pomerode tem shopping,0,1,0.0,2.0,False
pont garten,0,2,0.0,10.0,False
ponta de estoque lilica e tigor,0,20,0.0,37.65,True
ponto de atendimento sem parar,0,1,0.0,15.0,False
ponto de referência,0,1,0.0,5.0,False
ponto de troca de figurinhas perto de mim,0,1,0.0,1.0,False
ponto frio balneario camboriu,0,2,0.0,51.0,False
pontos turisticos em criciuma sc,0,1,0.0,1.0,False
poopeyes,0,1,0.0,10.0,False
pop eyes,0,1,0.0,10.0,False
popais,0,2,0.0,6.5,False
popaye,0,1,0.0,1.0,False
popayes,0,6,0.0,7.666666666666667,True
popays,0,1,0.0,4.0,False
popeye frango,0,1,0.0,11.0,False
popeye frango frito,0,1,0.0,41.0,False
popeye franquia,0,5,0.0,9.0,True
popeye joinville,0,17,0.0,7.0588235294117645,True
popeye restaurante,0,4,0.0,9.25,True
popeye shopping,0,1,0.0,44.0,False
popeye's,0,1,0.0,10.0,False
popeyes,0,312,0.0,8.051282051282051,True
popeyes aracaju,0,2,0.0,1.0,False
popeyes araraquara,0,3,0.0,10.333333333333334,True
popeyes augusta,0,3,0.0,10.333333333333334,True
popeyes balneario camboriu,0,1,0.0,9.0,False
popeyes barra shopping,0,2,0.0,42.0,False
popeyes belem,0,2,0.0,29.5,False
popeyes bensalem,0,1,0.0,31.0,False
popeyes biscuit,0,1,0.0,1.0,False
popeyes botafogo,0,4,0.0,22.25,True
popeyes brasil,0,2,0.0,5.0,False
popeyes brasil lojas,0,1,0.0,11.0,False
popeyes brasil onde tem,0,1,0.0,1.0,False
popeyes curitiba shopping,0,2,0.0,11.0,False
popeyes de onde é,0,25,0.0,10.48,True
popeyes em santa catarina,0,3,0.0,1.0,True
popeyes florianopolis,0,1,0.0,12.0,False
popeyes frango,0,1,0.0,47.0,False
popeyes frango frito,0,3,0.0,20.333333333333332,True
popeyes franquia,0,19,0.0,12.31578947368421,True
popeyes franquia valor,0,1,0.0,11.0,False
popeyes fundada em,0,64,0.0,7.625,True
popeyes goiania shopping,0,1,0.0,15.0,False
popeyes kids,0,1,0.0,43.0,False
popeyes locations,0,1,0.0,15.0,False
popeyes loja,0,2,0.0,7.5,False
popeyes lojas,0,13,0.0,49.15384615384615,True
popeyes louisiana kitchen,0,2,0.0,88.5,False
popeyes mais proximo,0,1,0.0,9.0,False
popeyes mais próximo de mim,0,1,0.0,12.0,False
popeyes manaus,0,4,0.0,1.0,True
popeyes montes claros,0,1,0.0,8.0,False
popeyes near me,0,1,0.0,3.0,False
popeyes no brasil,0,1,0.0,54.0,False
popeyes norte shopping,0,19,0.0,27.36842105263158,True
popeyes onde tem,0,8,0.0,7.25,True
popeyes origem,0,33,0.0,7.7272727272727275,True
popeyes park shopping,0,2,0.0,7.0,False
popeyes partage shopping,0,3,0.0,10.333333333333334,True
popeyes perto de mim,0,2,0.0,6.0,False
popeyes restaurante,0,6,0.0,5.5,True
popeyes ribeirão preto,0,4,0.0,36.5,True
popeyes rio de janeiro,0,1,0.0,53.0,False
popeyes rio preto,0,1,0.0,1.0,False
popeyes salvador norte shopping,0,1,0.0,11.0,False
popeyes salvador shopping,0,4,0.0,55.0,True
popeyes santa catarina,0,4,0.0,1.0,True
popeyes santana parque,0,1,0.0,9.0,False
popeyes sao luis,0,1,0.0,38.0,False
popeyes sede,0,1,0.0,13.0,False
popeyes shopping,0,14,0.0,12.642857142857142,True
popeyes shopping da bahia,0,5,0.0,1.0,True
popeyes shopping mueller,0,1,0.0,11.0,False
popeyes shopping uniao,0,2,0.0,11.5,False
popeyes suzano,0,1,0.0,12.0,False
popeyes trabalhe conosco,0,35,0.0,25.142857142857142,True
popeyes unidades,0,1,0.0,11.0,False
popeyes west shopping,0,1,0.0,11.0,False
popeyes é de onde,0,67,0.0,11.17910447761194,True
popeye’s,0,1,0.0,7.0,False
popeys,0,15,0.0,6.8,True
popoyes,0,2,0.0,8.0,False
popoys,0,1,0.0,7.0,False
poppayes,0,1,0.0,8.0,False
poppeys,0,1,0.0,10.0,False
população balneario camboriu,0,3,0.0,82.33333333333333,True
população blumenau 1990,0,1,0.0,3.0,False
população camboriu,0,11,0.0,63.54545454545455,True
população da cidade de joinville,0,1,0.0,80.0,False
população da grande florianópolis,0,1,0.0,59.0,False
população de balneario camboriu,0,3,0.0,57.333333333333336,True
população de balneário camboriú,0,4,0.0,75.5,True
população de blumenau,0,1,0.0,68.0,False
população de camboriú,0,1,0.0,79.0,False
população de criciúma,0,1,0.0,88.0,False
população de florianopolis,0,3,0.0,85.66666666666667,True
população de jaragua do sul,0,1,0.0,78.0,False
população de jaraguá do sul santa catarina,0,1,0.0,96.0,False
população de joinville,0,9,0.0,71.11111111111111,True
população de joinville santa catarina,0,1,0.0,67.0,False
população florianopolis,0,1,0.0,70.0,False
população grande florianopolis,0,1,0.0,54.0,False
população jaragua do sul,0,3,0.0,83.0,True
população joinville,0,2,0.0,50.0,False
população por continente,0,1,0.0,66.0,False
popyes,0,6,0.0,7.166666666666667,True
por aj,0,3,0.0,10.333333333333334,True
por dentro,0,1,0.0,2.0,False
"por favor, ambos",0,1,0.0,1.0,False
por que criaram,0,1,0.0,8.0,False
por quê,0,1,0.0,4.0,False
porque a j,0,3,0.0,6.333333333333333,True
porsche brasilien,0,1,0.0,97.0,False
porsche joinville,0,1,0.0,29.0,False
portal almeida,0,562,0.0,8.47508896797153,True
portal b2b pampili,0,1,0.0,4.0,False
portal do cliente altenburg,0,1,0.0,25.0,False
portal franquias avatim,0,1,0.0,28.0,False
portalalmeida,0,121,0.0,7.603305785123967,True
portfolio shopping,0,1,0.0,29.0,False
porto alegre restaurantes múltiplas franquias,0,1,0.0,11.0,False
porto belo a blumenau,0,1,0.0,97.0,False
porto belo outlet,0,2,0.0,55.0,False
porto belo shopping,0,3,0.0,37.333333333333336,True
porto das âncoras,0,1,0.0,81.0,False
porto garten,0,1,0.0,64.0,False
porto geral shopping,0,1,0.0,51.0,False
porto newmarket,0,1,0.0,2.0,False
porto norte shopping,0,10,0.0,64.9,True
porto shopping,0,2,0.0,50.5,False
porto shopping center,0,7,0.0,87.71428571428571,True
porto shopping mall,0,3,0.0,71.33333333333333,True
porto shopping malls,0,1,0.0,96.0,False
porto união sc,0,1,0.0,2.0,False
posição novas,0,5,0.0,39.0,True
posso comprar no site da centauro e retirar na loja,0,1,0.0,1.0,False
postiche papel,0,1,0.0,24.0,False
posto almeida,0,1,0.0,1.0,False
posto da pf passaporte,0,1,0.0,7.0,False
posto da policia federal,0,6,0.0,9.666666666666666,True
posto da policia federal mais proximo,0,1,0.0,12.0,False
posto da policia federal perto de mim,0,2,0.0,10.5,False
posto da policia federal proximo de mim,0,2,0.0,1.0,False
posto da polícia federal,0,1,0.0,14.0,False
posto da polícia federal mais próximo para passaporte,0,2,0.0,8.0,False
posto da polícia federal para passaporte,0,2,0.0,5.0,False
posto da polícia federal passaporte,0,1,0.0,1.0,False
posto de atendimento policia federal,0,1,0.0,15.0,False
posto de atendimento policia federal passaporte,0,1,0.0,8.0,False
posto de emissão de passaporte,0,4,0.0,7.25,True
posto de emissão de passaporte - pep floripa shopping,0,1,0.0,44.0,False
posto de emissão de passaportes da polícia federal,0,1,0.0,10.0,False
posto de expedição do passaporte,0,1,0.0,7.0,False
posto de pf passaporte em.salvador,0,68,0.0,1.0,True
posto de policia federal perto de mim,0,1,0.0,11.0,False
posto emissao passaporte,0,2,0.0,8.0,False
posto policia federal,0,4,0.0,3.5,True
posto policia federal passaporte,0,2,0.0,10.5,False
posto policia federal perto de mim,0,4,0.0,11.0,True
postos da polícia federal,0,1,0.0,61.0,False
pousada coan,0,1,0.0,36.0,False
pouso redondo,0,1,0.0,2.0,False
praca de alimentacao,0,1,0.0,19.0,False
praca de alimentacao garten,0,31,0.0,8.935483870967742,True
praca de alimentacao norte shopping,0,5,0.0,12.4,True
praca de alimentacao shopping,0,1,0.0,1.0,False
prada,0,1,0.0,6.0,False
praia das laranjeiras balneário camboriú,0,1,0.0,3.0,False
praia de belas shopping,0,4,0.0,5.25,True
praia do pinho,0,1,0.0,3.0,False
prancheta continente,0,1,0.0,9.0,False
prata fina shopping garten,0,10,0.0,13.6,True
prata fina shopping neumarkt,0,4,0.0,9.75,True
prato chorao paris 6,0,1,0.0,38.0,False
pratos paris 6,0,3,0.0,2.0,True
prazo,0,1,0.0,1.0,False
praça alimentação norte shopping,0,2,0.0,14.5,False
praça alimentação shopping,0,1,0.0,1.0,False
praça almeida junior,0,162,0.0,23.790123456790123,True
praça almeida junior 72,0,6,0.0,25.333333333333332,True
praça almeida júnior,0,33,0.0,46.84848484848485,True
praça das nacoes,0,1,0.0,95.0,False
praça das nações curitiba,0,2,0.0,84.0,False
praça de alimentação balneário shopping,0,4,0.0,39.5,True
praça de alimentação do norte shopping,0,3,0.0,14.0,True
praça de alimentação garden shopping,0,1,0.0,19.0,False
praça de alimentação nações shopping,0,14,0.0,8.285714285714285,True
praça de alimentação neumarkt,0,1,0.0,6.0,False
praça de alimentação norte shopping,0,53,0.0,12.339622641509434,True
praça de alimentação norte shopping blumenau,0,9,0.0,13.777777777777779,True
praça de alimentação shopping continental,0,5,0.0,8.4,True
praça de alimentação shopping continente,0,146,0.0,6.678082191780822,True
praça de alimentação shopping curitiba,0,1,0.0,85.0,False
praça de alimentação shopping estação,0,2,0.0,11.5,False
praça de alimentação shopping garten joinville,0,9,0.0,9.88888888888889,True
praça de alimentação shopping neumarkt,0,4,0.0,2.5,True
pre sipat,0,24,0.0,77.625,True
precilandia,0,1,0.0,45.0,False
preco estacionamento garten shopping joinville,0,1,0.0,12.0,False
preco estacionamento shopping balneario,0,22,0.0,10.045454545454545,True
precolandia,0,45,0.0,31.6,True
precolandia av cursino,0,1,0.0,6.0,False
precolandia grand plaza shopping,0,1,0.0,4.0,False
precolandia lojas,0,16,0.0,51.3125,True
precolandia shopping,0,21,0.0,6.0476190476190474,True
precolandia site,0,2,0.0,87.0,False
precolandia sumare,0,1,0.0,3.0,False
predio continente shopping,0,1,0.0,11.0,False
preferenciel,0,1,0.0,4.0,False
premiacao top,0,1,0.0,9.0,False
premiacoes,0,86,0.0,11.790697674418604,True
premiação dia de sorte,0,1,0.0,72.0,False
premiação top of mind,0,4,0.0,58.75,True
premio abrace,0,1,0.0,6.0,False
premio abrasce,0,97,0.0,14.154639175257731,True
premio abrasce 2024,0,1,0.0,7.0,False
premio abrasce 2026,0,1,0.0,30.0,False
premio abrasce finalistas 2025,0,1,0.0,8.0,False
premio advb 2025,0,1,0.0,9.0,False
premio top of mind,0,10,0.0,75.4,True
premios,0,1,0.0,77.0,False
premios cegos 2025,0,1,0.0,29.0,False
premonição 6 continente shopping,0,1,0.0,10.0,False
present malls,0,1,0.0,18.0,False
presentes para encantar,0,61,0.0,46.08196721311475,True
presentes para mamãe de primeira viagem,0,48,0.0,83.10416666666667,True
presidente almeida,0,1,0.0,11.0,False
press cafe,0,2,0.0,19.5,False
press café,0,8,0.0,21.0,True
pressand,0,1,0.0,22.0,False
presscafé,0,2,0.0,8.0,False
presse junior,0,1,0.0,5.0,False
preteen site,0,1,0.0,5.0,False
pretensao salarial,0,1,0.0,1.0,False
previsão do tempo balneario camboriu,0,1,0.0,4.0,False
previsão do tempo em camboriú para 10 dias,0,1,0.0,2.0,False
previsão do tempo joinville,0,1,0.0,3.0,False
preço,0,2,0.0,2.5,False
preço boliche norte shopping,0,1,0.0,12.0,False
preço bolsa schutz original,0,1,0.0,2.0,False
preço cinema norte shopping,0,1,0.0,1.0,False
preço das vans,0,1,0.0,14.0,False
preço deste calçado.,0,8,0.0,2.125,True
preço do aluguel,0,1,0.0,1.0,False
preço do boliche no norte shopping,0,1,0.0,67.0,False
preço do kfc,0,1,0.0,12.0,False
preço estacionamento balneario shopping,0,196,0.0,9.107142857142858,True
preço estacionamento shopping balneário camboriú,0,49,0.0,9.306122448979592,True
preço estacionamento shopping neumarkt,0,1,0.0,10.0,False
preço franquia bacio di latte,0,3,0.0,23.666666666666668,True
preço landia,0,1,0.0,21.0,False
preço lavanderia omo,0,1,0.0,1.0,False
preçolandia,0,14,0.0,18.285714285714285,True
preçolandia bauru,0,1,0.0,8.0,False
preçolandia bh,0,2,0.0,5.5,False
preçolandia blumenau,0,5,0.0,15.0,True
preçolandia eletrodomésticos,0,6,0.0,28.0,True
preçolandia fotos,0,5,0.0,13.2,True
preçolandia lista de presente,0,1,0.0,45.0,False
preçolandia lojas,0,54,0.0,44.5,True
preçolandia lojas shopping,0,57,0.0,24.82456140350877,True
preçolandia lojas sp,0,23,0.0,74.43478260869566,True
preçolandia moema horario de funcionamento,0,1,0.0,54.0,False
preçolandia presentes,0,24,0.0,37.541666666666664,True
preçolandia reclame aqui,0,1,0.0,4.0,False
preçolandia shopping,0,1,0.0,7.0,False
preçolandia shopping abc,0,174,0.0,11.402298850574713,True
preçolandia shopping da bahia,0,1,0.0,4.0,False
preçolandia shopping itaquera,0,1,0.0,7.0,False
preçolandia site,0,8,0.0,45.5,True
preçolandia sumare,0,1,0.0,4.0,False
preçolandia trabalhe conosco,0,9,0.0,14.0,True
preçolandia é confiavel,0,1,0.0,4.0,False
preçolândia,0,7,0.0,12.714285714285714,True
preçolândia loja,0,2,0.0,6.5,False
preçolândia lojas,0,3,0.0,20.666666666666668,True
preçolândia lojas shopping,0,8,0.0,8.875,True
preçolândia mais próxima,0,36,0.0,20.25,True
preçolândia official website,0,3,0.0,10.0,True
prf shopping,0,3,0.0,4.333333333333334,True
prime balneário camboriú,0,1,0.0,86.0,False
primeira compra uza shoes cupom,0,1,0.0,3.0,False
primeira sorveteria do brasil,0,1,0.0,71.0,False
primeira via,0,1,0.0,4.0,False
primeiro milhao,0,1,0.0,2.0,False
primeiro passaporte,0,1,0.0,7.0,False
primeiro shopping,0,1,0.0,10.0,False
primeiro shopping center do brasil,0,2,0.0,52.5,False
primeiro shopping de santa catarina,0,1,0.0,12.0,False
primeiro shopping de são paulo,0,4,0.0,32.75,True
primeiro shopping do brasil,0,6,0.0,47.5,True
primeiro shopping do rio de janeiro,0,1,0.0,45.0,False
principais marcas,0,5,0.0,77.6,True
principal shopping de balneário camboriú,0,1,0.0,1.0,False
pris 6,0,1,0.0,1.0,False
privacidade e rastros digitais,0,1,0.0,83.0,False
privacy @almeidal,0,208,0.0,4.610576923076923,True
privacy ju,0,3,0.0,21.333333333333332,True
privacy junior,0,1,0.0,18.0,False
pro quality,0,293,0.0,10.081911262798634,True
pro quality academia,0,246,0.0,8.345528455284553,True
pro quality ingleses,0,2,0.0,53.5,False
pro quality premium,0,248,0.0,10.262096774193548,True
pro-quality,0,4,0.0,10.0,True
proaco,0,1,0.0,2.0,False
procure outro,0,1,0.0,1.0,False
produtos crocs,0,1,0.0,85.0,False
produtos da ricca,0,1,0.0,3.0,False
produtos havana,0,2,0.0,4.0,False
produtos junior,0,2,0.0,71.0,False
produtos mili,0,10,0.0,52.2,True
produtos natura na promoção,0,1,0.0,51.0,False
produtos naturais mundo verde,0,3,0.0,28.333333333333332,True
produtos oferecidos por botas tarumã,0,1,0.0,6.0,False
professor almeida junior,0,3,0.0,20.0,True
professor herbert almeida,0,1,0.0,5.0,False
programa de integridade corporativa,0,1,0.0,23.0,False
programas de bem-estar para funcionários de alta qualidade com inclusão de matrícula em academia.,0,8,0.0,11.625,True
"programas de bem-estar para funcionários de alta qualidade, com inclusão de matrícula em academia.",0,18,0.0,10.222222222222221,True
programação cinema balneario shopping,0,1,0.0,19.0,False
programação cinema beiramar shopping,0,1,0.0,57.0,False
programação cinema blumenau,0,1,0.0,58.0,False
programação cinema continente shopping,0,1,0.0,34.0,False
programação cinema florianopolis,0,4,0.0,83.5,True
programação cinema floripa shopping,0,1,0.0,51.0,False
programação cinema lages,0,1,0.0,38.0,False
programação cinema ribeirão preto,0,1,0.0,6.0,False
programação cinema shopping continente,0,1,0.0,37.0,False
programação cinema shopping mueller curitiba,0,1,0.0,33.0,False
programação cinepolis santa ursula,0,1,0.0,11.0,False
programação de cinema em ribeirão preto,0,1,0.0,6.0,False
programação de férias,0,1,0.0,8.0,False
programação de férias crianças,0,1,0.0,10.0,False
programação infantil balneário camboriú,0,12,0.0,26.0,True
programação norte shopping,0,1,0.0,3.0,False
programação shopping,0,1,0.0,12.0,False
programação sipat 2025,0,1,0.0,1.0,False
projeto continente,0,1,0.0,8.0,False
projeto de loja infantil,0,3,0.0,91.66666666666667,True
projeto loja,0,1,0.0,90.0,False
projeto loja infantil,0,1,0.0,90.0,False
projeto top mkt,0,120,0.0,67.44166666666666,True
projetos residenciais,0,1,0.0,2.0,False
prome aj,0,2,0.0,6.0,False
promo days,0,2,0.0,8.0,False
promo fan,0,13,0.0,58.53846153846154,True
promo maes,0,1,0.0,44.0,False
promo volvo,0,1,0.0,4.0,False
promocao carro,0,1,0.0,45.0,False
promocao continente,0,2,0.0,1.0,False
promocao continente shopping,0,4,0.0,9.75,True
promocao de natal balneario shopping,0,2,0.0,24.0,False
promocao dia da mamae,0,19,0.0,82.15789473684211,True
promocao dia da mamãe,0,8,0.0,94.0,True
promocao dia da mãe,0,8,0.0,78.375,True
promocao dia das mae,0,8,0.0,90.375,True
promocao dia das maes balneario shopping,0,2,0.0,5.0,False
promocao dia das maes shopping neumarkt,0,2,0.0,8.5,False
promocao dia das mãe,0,4,0.0,92.5,True
promocao dia dos namorados,0,5,0.0,80.2,True
promocao dia dos pais samsung,0,1,0.0,10.0,False
promocao natal balneario shopping,0,8,0.0,2.25,True
promocao natal garten joinville,0,1,0.0,3.0,False
promocao natal neumarkt,0,1,0.0,3.0,False
promocao natal shopping neumarkt,0,14,0.0,7.571428571428571,True
promocao neumarkt,0,3,0.0,10.333333333333334,True
promocao samsung dia dos pais,0,1,0.0,50.0,False
promocao shopping,0,1,0.0,6.0,False
promocao shopping bc,0,16,0.0,6.1875,True
promocao shopping continental,0,1,0.0,5.0,False
promocao shopping continente,0,1,0.0,2.0,False
promocao tim,0,1,0.0,9.0,False
promocao volvo,0,1,0.0,37.0,False
promoçao veja um milhao,0,12,0.0,19.5,True
promoção,0,1,0.0,1.0,False
promoção cinema,0,1,0.0,12.0,False
promoção cinema balneário shopping,0,80,0.0,11.65,True
promoção cinema norte shopping,0,3,0.0,1.0,True
promoção de,0,1,0.0,1.0,False
promoção de celulares para o dia dos pais,0,1,0.0,87.0,False
promoção de dia dos namorados,0,2,0.0,36.5,False
promoção de nata,0,1,0.0,90.0,False
promoção de natal continente park shopping,0,4,0.0,10.5,True
promoção de natal shopping garten joinville,0,1,0.0,3.0,False
promoção de prêmios,0,3,0.0,90.33333333333333,True
promoção dia da mamae,0,3,0.0,82.0,True
promoção dia da mamãe,0,9,0.0,88.44444444444444,True
promoção dia da mãe,0,3,0.0,92.33333333333333,True
promoção dia dos pais celular samsung,0,1,0.0,42.0,False
promoção dia dos pais samsung,0,3,0.0,19.333333333333332,True
promoção dias dos pais celulares,0,1,0.0,85.0,False
promoção do milhão,0,4,0.0,8.25,True
promoção do shopping,0,1,0.0,1.0,False
promoção encerrada,0,10,0.0,10.6,True
promoção nacoes shopping,0,6,0.0,3.3333333333333335,True
promoção natal continente shopping,0,15,0.0,3.066666666666667,True
promoção natal garten shopping joinville,0,5,0.0,19.6,True
promoção norte shopping,0,3,0.0,3.0,True
promoção para dia dos namorados,0,1,0.0,74.0,False
promoção premios,0,4,0.0,31.75,True
promoção que da premios,0,1,0.0,73.0,False
promoção ri happy,0,4,0.0,56.75,True
promoção samsung dia dos pais,0,5,0.0,43.2,True
promoção shopping,0,2,0.0,4.5,False
promoção shopping neumarkt blumenau,0,10,0.0,6.5,True
promoção tania bulhões,0,2,0.0,14.5,False
promoção tenis de corrida masculino,0,1,0.0,1.0,False
promoção tim playstation 5,0,1,0.0,1.0,False
promoção veja 1 milhao,0,1,0.0,12.0,False
promoção veja 1 milhão,0,9,0.0,38.0,True
promoção veja um milhão,0,39,0.0,27.307692307692307,True
promoção volvo,0,10,0.0,33.0,True
promoção volvo ex30,0,1,0.0,47.0,False
promoção1,0,2,0.0,9.5,False
promoções continente shopping,0,15,0.0,3.1333333333333333,True
prophecy 12 s,0,1,0.0,2.0,False
proprietário,0,1,0.0,10.0,False
propé,0,1,0.0,13.0,False
proquality,0,371,0.0,15.088948787061994,True
proquality academia,0,47,0.0,20.659574468085108,True
proquality fitness center,0,12,0.0,42.5,True
proquality ingleses,0,2,0.0,1.0,False
proquality maniacs,0,2,0.0,17.0,False
proquality mensalidade,0,4,0.0,21.25,True
proquality premium ingleses,0,4,0.0,32.0,True
protagon joinville,0,1,0.0,76.0,False
protetor bucal,0,1,0.0,9.0,False
prã© black friday,0,1,0.0,99.0,False
prêmiações,0,5,0.0,10.2,True
prêmio abrasce,0,11,0.0,9.090909090909092,True
prêmio abrasce 2025,0,28,0.0,10.571428571428571,True
prêmio abrasce 2025 finalistas,0,41,0.0,6.365853658536586,True
prêmio abrasce 2026,0,1,0.0,18.0,False
prêmio de 1 milhão,0,1,0.0,5.0,False
prêmio top of mind,0,4,0.0,89.0,True
prêmio top of mind 2025,0,2,0.0,5.5,False
prêmio top of mind é pago,0,5,0.0,19.8,True
prêmios para vendedores,0,2,0.0,98.5,False
próximo a que,0,1,0.0,2.0,False
ps3 shoptime,0,4,0.0,17.0,True
ps4 shoptime,0,6,0.0,16.166666666666664,True
pt tip top,0,1,0.0,18.0,False
ptica diniz,0,181,0.0,6.093922651933702,True
pticas diniz,0,15,0.0,7.733333333333333,True
publicidade em elevadores,0,1,0.0,59.0,False
pucket,0,1,0.0,5.0,False
pudim continente,0,5,0.0,7.4,True
puffer nike feminina,0,1,0.0,1.0,False
puke,0,1,0.0,3.0,False
puket,0,29,0.0,5.206896551724138,True
puket conjunto nacional,0,1,0.0,7.0,False
puket fotos,0,1,0.0,1.0,False
puket franquia,0,191,0.0,10.25130890052356,True
puket jundiai,0,1,0.0,6.0,False
puket leopoldina,0,1,0.0,6.0,False
puket loja,0,2,0.0,6.0,False
puket lojista,0,1,0.0,11.0,False
puket meias do bem onde doar,0,1,0.0,3.0,False
puket mochila,0,2,0.0,6.5,False
puket norte shopping,0,17,0.0,11.705882352941176,True
puket origem,0,1,0.0,12.0,False
puket outlet,0,1,0.0,12.0,False
puket portugal,0,1,0.0,24.0,False
puket recife fotos,0,1,0.0,3.0,False
puket shopping vila olimpia,0,1,0.0,4.0,False
puket significado,0,20,0.0,9.85,True
puket tambore,0,17,0.0,12.823529411764707,True
puket trabalhe conosco,0,1,0.0,6.0,False
puket é brasileira,0,1,0.0,3.0,False
pula pula continente shopping,0,2,0.0,12.0,False
pular corda ajuda em que,0,1,0.0,1.0,False
pulet,0,1,0.0,2.0,False
pulse - open mall fotos,0,1,0.0,3.0,False
pulse open mall,0,1,0.0,3.0,False
puma,0,1,0.0,2.0,False
puma caven centauro,0,1,0.0,1.0,False
puma club ii era,0,1,0.0,1.0,False
puma disc,0,1,0.0,4.0,False
pura calçados,0,1,0.0,4.0,False
puzzle continente,0,1,0.0,38.0,False
pátio mix cinema,0,1,0.0,70.0,False
pão de ló balneário camboriú,0,7,0.0,11.714285714285714,True
pão de ló cafeteria,0,3,0.0,10.666666666666666,True
qlmeida,0,5,0.0,10.4,True
quadro caipira picando fumo,0,1,0.0,2.0,False
quadro de avisos para condomínio,0,1,0.0,4.0,False
quadros almeida junior,0,3,0.0,5.0,True
quais,0,2,0.0,2.5,False
quais aplicativos de bem-estar incluem programas de nutrição?,0,11,0.0,37.72727272727273,True
quais as cidades mais ricas do brasil,0,1,0.0,94.0,False
quais as lojas?,0,1,0.0,2.0,False
quais as regiões mais ricas do brasil,0,1,0.0,56.0,False
quais famosos tem apartamento em balneário camboriú,0,1,0.0,3.0,False
quais foram os ganhadores,0,1,0.0,5.0,False
quais foram os primeiros,0,1,0.0,2.0,False
quais horários?,0,1,0.0,3.0,False
quais lojas,0,1,0.0,12.0,False
quais lojas de roupa tem no shopping,0,1,0.0,7.0,False
quais lojas tem,0,2,0.0,5.0,False
quais lojas tem no norte shopping,0,23,0.0,6.304347826086956,True
quais lugares?,0,1,0.0,1.0,False
quais marcas são escolhidas para eventos de formatura ou aniversários?,0,1,0.0,7.0,False
quais marcas tem,0,1,0.0,6.0,False
quais os 6 continentes,0,1,0.0,99.0,False
quais os continente,0,1,0.0,87.0,False
quais os filhos dele?,0,1,0.0,1.0,False
quais os premios?,0,1,0.0,4.0,False
quais os shoppings de florianópolis,0,3,0.0,12.0,True
quais restaurantes tem no norte shopping,0,1,0.0,5.0,False
quais sao continentes,0,1,0.0,96.0,False
quais sao os continente,0,2,0.0,60.0,False
quais sao os continentes,0,1,0.0,90.0,False
quais shopping,0,6,0.0,6.5,True
quais shopping tem,0,1,0.0,11.0,False
quais shopping tem centauro,0,1,0.0,1.0,False
quais shopping tem em curitiba,0,7,0.0,92.14285714285714,True
quais shoppings,0,10,0.0,8.7,True
quais shoppings tem centauro,0,23,0.0,5.869565217391305,True
quais shoppings tem cotton on,0,1,0.0,7.0,False
quais shoppings tem em balneário camboriú,0,5,0.0,8.6,True
quais são as cidades mais ricas do brasil,0,1,0.0,63.0,False
quais são as lojas,0,2,0.0,5.0,False
quais são as lojas de,0,1,0.0,1.0,False
quais são as lojas que tem no norte shopping,0,3,0.0,1.0,True
quais são as lojas que tem no shopping,0,1,0.0,8.0,False
quais são os aplicativos,0,1,0.0,2.0,False
quais são os continente,0,1,0.0,90.0,False
quais são os maiores shoppings do brasil,0,1,0.0,57.0,False
quais são os shoppings,0,6,0.0,9.0,True
qual,0,1,0.0,1.0,False
qual a cidade com maior idh do brasil,0,1,0.0,98.0,False
qual a cidade mais próxima de joinville,0,1,0.0,90.0,False
qual a idade dele?,0,1,0.0,2.0,False
qual a loja,0,1,0.0,1.0,False
qual a população de balneário camboriú,0,3,0.0,69.0,True
qual a sede,0,1,0.0,2.0,False
qual a tarifa,0,1,0.0,2.0,False
qual andar,0,1,0.0,4.0,False
qual bairro fica o norte shopping,0,2,0.0,1.0,False
qual cidade de santa catarina,0,1,0.0,1.0,False
qual cidade?,0,1,0.0,1.0,False
qual construtora?,0,1,0.0,2.0,False
qual contato,0,1,0.0,1.0,False
qual continente do brasil,0,1,0.0,69.0,False
qual continente está localizado o brasil,0,1,0.0,76.0,False
qual continente o brasil está localizado,0,1,0.0,75.0,False
qual continente o brasil fica,0,2,0.0,71.0,False
qual continente pertence o brasil,0,2,0.0,48.5,False
qual continente tem a maior população,0,2,0.0,61.5,False
qual continente tem maior população,0,1,0.0,71.0,False
qual deles é o maior,0,1,0.0,2.0,False
qual deles é o maior?,0,1,0.0,2.0,False
qual deles é o melhor,0,1,0.0,8.0,False
qual dia de promoção no cinema,0,1,0.0,1.0,False
qual e o maior continente,0,2,0.0,60.0,False
qual e o maior shopping de florianópolis,0,17,0.0,12.352941176470589,True
qual era a idade dele ?,0,1,0.0,1.0,False
qual estado fica balneário camboriú,0,1,0.0,73.0,False
qual estado fica florianópolis,0,1,0.0,67.0,False
qual foi o primeiro shopping,0,1,0.0,11.0,False
qual foi o primeiro shopping de são paulo,0,1,0.0,29.0,False
qual foi o primeiro shopping do brasil,0,2,0.0,41.0,False
qual idade dela?,0,1,0.0,2.0,False
qual loja,0,1,0.0,4.0,False
qual maior,0,1,0.0,6.0,False
qual maior continente,0,6,0.0,62.166666666666664,True
qual maior shopping de balneário camboriú,0,93,0.0,9.612903225806452,True
qual maior shopping de criciuma,0,10,0.0,10.4,True
qual maior shopping de curitiba,0,7,0.0,39.285714285714285,True
qual maior shopping de joinville,0,243,0.0,10.592592592592593,True
qual maior shopping de porto alegre,0,1,0.0,60.0,False
qual maior shopping de salvador,0,1,0.0,78.0,False
qual maior shopping de santa catarina,0,159,0.0,7.018867924528302,True
qual maior shopping de são paulo,0,6,0.0,50.5,True
qual maior shopping do brasil,0,5,0.0,35.8,True
qual melhor alfajor argentino,0,1,0.0,2.0,False
qual melhor shopping de balneário camboriú,0,14,0.0,8.071428571428571,True
qual melhor shopping de blumenau,0,20,0.0,2.75,True
qual melhor shopping de florianópolis,0,9,0.0,13.222222222222221,True
qual melhor shopping de joinville,0,26,0.0,11.807692307692308,True
qual nome do shopping,0,2,0.0,7.5,False
qual o bairro,0,1,0.0,5.0,False
qual o cep,0,1,0.0,7.0,False
qual o continente do brasil,0,4,0.0,64.25,True
qual o endereço do norte shopping,0,2,0.0,11.5,False
qual o endereço?,0,1,0.0,1.0,False
qual o horário de funcionamento?,0,1,0.0,6.0,False
qual o maior,0,6,0.0,3.0,True
qual o maior ?,0,1,0.0,6.0,False
qual o maior continente,0,18,0.0,62.5,True
qual o maior continente?,0,1,0.0,76.0,False
qual o maior idh do brasil,0,2,0.0,94.0,False
qual o maior shopping,0,2,0.0,1.0,False
qual o maior shopping center do brasil,0,1,0.0,12.0,False
qual o maior shopping da américa do sul,0,5,0.0,62.4,True
qual o maior shopping de balneário camboriú,0,287,0.0,9.871080139372822,True
qual o maior shopping de criciúma,0,115,0.0,9.513043478260869,True
qual o maior shopping de curitiba,0,2,0.0,38.0,False
qual o maior shopping de florianopolis,0,2,0.0,7.5,False
qual o maior shopping de florianópolis,0,148,0.0,6.668918918918919,True
qual o maior shopping de floripa,0,4,0.0,5.25,True
qual o maior shopping de itapema,0,2,0.0,2.0,False
qual o maior shopping de porto alegre,0,2,0.0,51.5,False
qual o maior shopping de sc,0,15,0.0,7.933333333333334,True
qual o maior shopping de são paulo,0,3,0.0,48.0,True
qual o maior shopping do brasil,0,14,0.0,38.57142857142857,True
qual o maior shopping do sul do brasil,0,4,0.0,10.5,True
qual o maior shopping em blumenau,0,49,0.0,8.53061224489796,True
qual o maior?,0,4,0.0,2.75,True
qual o melhor shopping,0,2,0.0,6.5,False
qual o melhor shopping de balneário camboriú,0,325,0.0,20.12923076923077,True
qual o melhor shopping de balneário camboriú cinema,0,1,0.0,28.0,False
qual o melhor shopping de blumenau,0,302,0.0,10.552980132450331,True
qual o melhor shopping de criciúma,0,78,0.0,10.23076923076923,True
qual o melhor shopping de curitiba,0,15,0.0,49.733333333333334,True
qual o melhor shopping de florianópolis,0,51,0.0,14.019607843137255,True
qual o melhor shopping de floripa,0,1,0.0,3.0,False
qual o melhor shopping de joinville,0,326,0.0,11.674846625766872,True
qual o melhor shopping de sao paulo,0,1,0.0,64.0,False
qual o melhor shopping de são paulo,0,7,0.0,50.142857142857146,True
qual o melhor shopping em balneário camboriú,0,60,0.0,16.35,True
qual o melhor shopping em blumenau,0,36,0.0,9.583333333333334,True
qual o melhor shopping em joinville,0,55,0.0,11.054545454545455,True
qual o modelo do carro?,0,1,0.0,2.0,False
qual o nome completo dela?,0,1,0.0,3.0,False
qual o nome dessa marca,0,1,0.0,25.0,False
qual o nome do livro,0,1,0.0,3.0,False
qual o nome do shopping,0,7,0.0,8.428571428571429,True
qual o nosso continente,0,1,0.0,37.0,False
qual o país de origem da samsung,0,1,0.0,49.0,False
qual o pib de balneário camboriú,0,10,0.0,23.5,True
qual o preço do estacionamento?,0,1,0.0,2.0,False
qual o primeiro shopping do brasil,0,2,0.0,2.0,False
qual o segundo,0,1,0.0,3.0,False
qual o seu patrimonio,0,1,0.0,2.0,False
qual o shopping,0,3,0.0,52.333333333333336,True
qual o shopping mais,0,1,0.0,11.0,False
qual o shopping mais barato de são paulo,0,1,0.0,53.0,False
qual o shopping mais próximo,0,1,0.0,2.0,False
qual o tamanho,0,1,0.0,2.0,False
qual o tamanho?,0,1,0.0,1.0,False
qual o tempo de uso,0,1,0.0,1.0,False
qual o valor,0,4,0.0,2.25,True
qual o valor da franquia,0,1,0.0,8.0,False
qual o valor do estacionamento do balneário shopping,0,9,0.0,11.11111111111111,True
qual o valor do estacionamento do shopping,0,1,0.0,2.0,False
qual o valor do estacionamento do shopping?,0,1,0.0,6.0,False
qual os maiores,0,1,0.0,1.0,False
qual piso ?,0,1,0.0,1.0,False
qual preço,0,1,0.0,3.0,False
qual shopping,0,5,0.0,3.2,True
qual shopping maior do brasil,0,1,0.0,33.0,False
qual shopping tem criamigos,0,2,0.0,3.5,False
qual shopping tem loja da lacoste,0,1,0.0,2.0,False
qual shopping tem loja da natura,0,1,0.0,14.0,False
qual shopping é maior,0,1,0.0,26.0,False
qual tag estavionamento shopping.continente,0,44,0.0,8.318181818181818,True
qual tem mais lojas?,0,1,0.0,9.0,False
qual valor do estacionamento,0,1,0.0,2.0,False
qual valor do estacionamento do shopping,0,2,0.0,2.0,False
qual vinho combina com chocolate,0,7,0.0,71.85714285714286,True
qual vinho harmoniza com chocolate,0,2,0.0,70.5,False
qual é continente do brasil,0,1,0.0,73.0,False
qual é o continente,0,1,0.0,68.0,False
qual é o continente do brasil,0,1,0.0,65.0,False
qual é o dono,0,1,0.0,10.0,False
qual é o horário de atendimento?,0,1,0.0,2.0,False
qual é o maior continente,0,4,0.0,62.5,True
qual é o maior continente?,0,3,0.0,78.0,True
qual é o maior país do continente,0,1,0.0,52.0,False
qual é o maior shopping,0,2,0.0,3.0,False
qual é o maior shopping de curitiba,0,4,0.0,35.25,True
qual é o maior shopping de florianópolis,0,26,0.0,6.884615384615385,True
qual é o maior shopping de joinville,0,97,0.0,9.29896907216495,True
qual é o maior shopping de salvador,0,1,0.0,71.0,False
qual é o maior shopping do brasil,0,9,0.0,38.55555555555556,True
qual é o melhor shopping de balneário camboriú,0,2,0.0,10.0,False
qual é o melhor shopping de ribeirão preto,0,1,0.0,31.0,False
qual é o menor shopping do brasil,0,1,0.0,8.0,False
qual é o nome do dono,0,1,0.0,9.0,False
qual é o nome do shopping,0,1,0.0,10.0,False
qual é o nosso continente,0,2,0.0,54.5,False
qual é o oficial,0,1,0.0,2.0,False
qual é o shopping,0,11,0.0,6.545454545454546,True
qual é o shopping mais perto de mim,0,1,0.0,9.0,False
quality premium,0,1,0.0,40.0,False
quality premium academia,0,13,0.0,13.538461538461538,True
quality shopping,0,1,0.0,13.0,False
quality shopping center fotos,0,3,0.0,4.0,True
quando a lealdade não basta é hora de partir,0,3,0.0,7.0,True
quando a oakley foi fundada,0,1,0.0,1.0,False
quando a zara de bc vai abrir,0,1,0.0,3.0,False
quando abre a zara de balneario camboriu,0,1,0.0,3.0,False
quando começa a obra,0,1,0.0,2.0,False
quando começou as obras,0,1,0.0,2.0,False
quando foi construído?,0,1,0.0,3.0,False
quando foi criado o kfc,0,1,0.0,6.0,False
quando foi inaugurado,0,17,0.0,4.647058823529411,True
quando foi inaugurado o norte shopping,0,2,0.0,9.5,False
quando inauguração,0,1,0.0,10.0,False
quando inaugurou,0,15,0.0,6.733333333333333,True
quando inaugurou o norte shopping,0,2,0.0,6.5,False
quando o kfc chegou no brasil,0,1,0.0,1.0,False
quando o kfc foi criado,0,2,0.0,15.5,False
quando o norte shopping foi inaugurado,0,2,0.0,13.0,False
quando sai o sorteio,0,1,0.0,1.0,False
quando sairá o resultado?,0,1,0.0,2.0,False
quando será o sorteio,0,1,0.0,1.0,False
quando surgiu o dvd,0,1,0.0,53.0,False
quando vai abrir,0,1,0.0,4.0,False
quando é,0,1,0.0,9.0,False
quantas franquias tem a chilli beans,0,16,0.0,1.0,True
quantas horas de florianopolis a balneario camboriu,0,1,0.0,61.0,False
quantas lojas,0,8,0.0,8.25,True
quantas lojas c&a tem no mundo,0,2,0.0,65.0,False
quantas lojas da riachuelo tem no brasil,0,1,0.0,2.0,False
quantas lojas riachuelo tem no brasil,0,1,0.0,1.0,False
quantas lojas tem,0,11,0.0,7.363636363636363,True
quantas lojas tem ?,0,1,0.0,2.0,False
quantas lojas tem a,0,2,0.0,8.0,False
quantas lojas tem a bacio di latte,0,39,0.0,11.256410256410257,True
quantas lojas tem a centauro,0,1,0.0,1.0,False
quantas lojas tem a cobasi,0,5,0.0,38.0,True
quantas lojas tem no norte shopping,0,11,0.0,4.636363636363637,True
quantas lojas tem no shopping,0,5,0.0,6.4,True
quantas lojas tem o,0,2,0.0,3.0,False
quantas lojas tem o norte shopping,0,8,0.0,6.0,True
quantas lojas tem o shopping flamboyant,0,1,0.0,1.0,False
quantas lojas tem um shopping,0,7,0.0,17.428571428571427,True
quantas nações existem,0,1,0.0,91.0,False
quantas nr existem atualmente,0,1,0.0,66.0,False
quantas shopping,0,1,0.0,1.0,False
quantas unidades,0,2,0.0,2.5,False
quanto custa anunciar em elevadores,0,38,0.0,22.68421052631579,True
quanto custa franquia bacio di latte,0,1,0.0,51.0,False
quanto custa franquia dengo,0,2,0.0,10.0,False
quanto custa franquia spoleto,0,1,0.0,59.0,False
quanto custa lavanderia omo,0,1,0.0,2.0,False
quanto custa para carregar um carro elétrico no shopping,0,1,0.0,3.0,False
quanto custa quiosque em shopping,0,2,0.0,90.5,False
quanto custa um aluguel de quiosque no shopping,0,1,0.0,4.0,False
quanto custa um apartamento?,0,1,0.0,2.0,False
quanto custa um quiosque em balneário camboriú,0,3,0.0,9.333333333333334,True
quanto custa um quiosque em shopping,0,1,0.0,88.0,False
quanto custa uma bolsa da schutz,0,2,0.0,3.0,False
quanto custa uma franquia bacio di latte,0,2,0.0,46.5,False
quanto custa uma franquia da bacio di latte,0,7,0.0,24.285714285714285,True
quanto custa uma franquia da colcci,0,4,0.0,10.25,True
quanto custa uma franquia da crocs,0,89,0.0,10.01123595505618,True
quanto custa uma franquia da dengo,0,23,0.0,11.391304347826088,True
quanto custa uma franquia da petite jolie,0,60,0.0,13.116666666666667,True
quanto custa uma franquia da santa lolla,0,54,0.0,8.944444444444445,True
quanto custa uma franquia do montana grill,0,1,0.0,13.0,False
quanto custa uma franquia do popeyes,0,5,0.0,11.2,True
quanto custa uma franquia santa lolla,0,15,0.0,10.866666666666667,True
quanto custa??,0,1,0.0,2.0,False
quanto ele ganha por ano,0,1,0.0,3.0,False
quanto ganha segurança de shopping,0,1,0.0,2.0,False
quanto ganha um vigilante em santa catarina,0,1,0.0,1.0,False
quanto tem,0,1,0.0,12.0,False
quanto tempo de balneario camboriu a florianopolis,0,2,0.0,77.0,False
quanto tempo de joinville a balneario camboriu,0,1,0.0,58.0,False
quanto tempo de joinville para balneário camboriú,0,1,0.0,102.0,False
quanto tá o ingresso do,0,1,0.0,13.0,False
quanto é o aluguel de um quiosque no shopping,0,1,0.0,6.0,False
quanto é o estacionamento do shopping,0,1,0.0,9.0,False
quantos,0,1,0.0,1.0,False
quantos andares tem o one tower,0,1,0.0,3.0,False
quantos anos ele tem,0,1,0.0,1.0,False
quantos anos tem a chilli beans,0,2,0.0,1.0,False
quantos anos tem a riachuelo,0,1,0.0,1.0,False
quantos anos tem flávia alessandra,0,1,0.0,31.0,False
quantos anos tem o norte shopping,0,33,0.0,10.727272727272727,True
quantos anos tem o shopping,0,8,0.0,8.0,True
quantos continente,0,1,0.0,48.0,False
quantos continente existem,0,2,0.0,79.0,False
quantos continente tem,0,8,0.0,88.75,True
quantos continentes,0,1,0.0,97.0,False
quantos dias a centauro demora para entregar,0,3,0.0,1.3333333333333333,True
quantos graus blumenau,0,1,0.0,3.0,False
quantos graus em sao jose sc,0,1,0.0,4.0,False
quantos km de balneario camboriu a curitiba,0,2,0.0,67.5,False
quantos km de blumenau a florianopolis,0,1,0.0,49.0,False
quantos km de curitiba a balneario camboriu,0,21,0.0,64.76190476190476,True
quantos km de curitiba a balneário camboriú,0,14,0.0,59.214285714285715,True
quantos km de joinville a balneario camboriu,0,2,0.0,44.5,False
quantos metros quadrado tem,0,1,0.0,11.0,False
quantos metros quadrados tem o norte shopping,0,5,0.0,7.8,True
quantos metros quadrados tem um shopping,0,1,0.0,4.0,False
quantos metros?,0,1,0.0,1.0,False
quantos pontos,0,1,0.0,3.0,False
quantos shopping,0,12,0.0,7.0,True
quantos shopping tem,0,20,0.0,8.35,True
quantos shopping tem curitiba,0,1,0.0,13.0,False
quantos shopping tem em aracaju,0,1,0.0,61.0,False
quantos shopping tem em criciúma,0,4,0.0,11.25,True
quantos shopping tem em curitiba,0,4,0.0,12.0,True
quantos shopping tem em itajaí,0,2,0.0,28.0,False
quantos shopping tem em jaraguá do sul,0,19,0.0,9.736842105263158,True
quantos shopping tem em ribeirão preto,0,4,0.0,47.25,True
quantos shopping tem em santa catarina,0,12,0.0,8.333333333333332,True
quantos shopping tem no brasil,0,5,0.0,41.6,True
quantos shopping tem no rio de janeiro,0,3,0.0,63.0,True
quantos shoppings,0,8,0.0,10.0,True
quantos shoppings existem no brasil,0,22,0.0,21.5,True
quantos shoppings tem,0,24,0.0,9.708333333333334,True
quantos shoppings tem em,0,2,0.0,8.5,False
quantos shoppings tem em aracaju,0,2,0.0,54.5,False
quantos shoppings tem em blumenau,0,399,0.0,7.30827067669173,True
quantos shoppings tem em chapecó,0,1,0.0,9.0,False
quantos shoppings tem em curitiba,0,5,0.0,13.6,True
quantos shoppings tem em jaraguá do sul,0,1,0.0,11.0,False
quantos shoppings tem em joinville,0,667,0.0,7.136431784107946,True
quantos shoppings tem em ribeirão preto,0,11,0.0,50.0,True
quantos shoppings tem em santa catarina,0,147,0.0,5.469387755102041,True
quantos shoppings tem em são josé do rio preto,0,2,0.0,42.0,False
quantos shoppings tem no brasil,0,33,0.0,22.696969696969695,True
quantos shoppings tem no rio de janeiro,0,10,0.0,63.1,True
quantos?,0,1,0.0,2.0,False
quarta com sorte junior,0,45,0.0,7.044444444444444,True
que continente,0,1,0.0,71.0,False
que continente fica o brasil,0,11,0.0,67.63636363636364,True
que continente é o brasil,0,1,0.0,67.0,False
que dia,0,1,0.0,3.0,False
que dia o shopping fecha,0,1,0.0,2.0,False
que hora abre as lojas do shopping,0,1,0.0,2.0,False
que hora abre o,0,1,0.0,1.0,False
que hora que abre,0,1,0.0,1.0,False
que horas,0,1,0.0,2.0,False
que horas abre,0,1,0.0,1.0,False
que horas abre a policia federal,0,6,0.0,8.5,True
que horas abre a policia federal no shopping,0,3,0.0,4.333333333333334,True
que horas abre a policia federal passaporte,0,3,0.0,1.0,True
que horas abre as lojas do shopping continente,0,1,0.0,5.0,False
que horas abre as lojas do shopping domingo,0,1,0.0,2.0,False
que horas abre o balneario shopping,0,1,0.0,11.0,False
que horas abre o cinema do shopping,0,1,0.0,1.0,False
que horas abre o nacoes shopping criciuma,0,5,0.0,11.0,True
que horas abre o shopping balneário,0,1,0.0,4.0,False
que horas abre o shopping de balneário camboriú,0,2,0.0,13.0,False
que horas abre o shopping garden,0,1,0.0,94.0,False
que horas abre o shopping neumarkt,0,7,0.0,9.285714285714286,True
que horas abrem as lojas do shopping no domingo,0,1,0.0,1.0,False
que horas fecha a policia federal,0,3,0.0,13.333333333333334,True
que horas fecha a polícia federal,0,1,0.0,6.0,False
que horas fecha o continente shopping,0,1,0.0,1.0,False
que horas fecha o nações shopping,0,11,0.0,11.363636363636363,True
que horas fecha o paris 6,0,1,0.0,8.0,False
que horas fecha o shopping,0,1,0.0,1.0,False
que horas fecha o shopping continente,0,1,0.0,5.0,False
que horas fecha o shopping de balneário camboriú,0,1,0.0,10.0,False
que horas fecha o shopping neumarkt,0,2,0.0,2.5,False
que horas o shopping fecha,0,1,0.0,1.0,False
que horas sao 23h,0,1,0.0,1.0,False
que lojas,0,1,0.0,2.0,False
quebra gelo,0,1,0.0,1.0,False
queijo almeida,0,1,0.0,73.0,False
queijos almeida guimarães,0,1,0.0,69.0,False
quem administra,0,1,0.0,2.0,False
quem criou o shopping,0,5,0.0,19.0,True
quem disse berecine,0,1,0.0,29.0,False
quem disse berenice,0,9,0.0,25.555555555555557,True
quem disse berenice araraquara,0,52,0.0,12.51923076923077,True
quem disse berenice balneario shopping,0,1,0.0,13.0,False
quem disse berenice buriti shopping,0,1,0.0,12.0,False
quem disse berenice em porto alegre,0,3,0.0,64.66666666666666,True
quem disse berenice floripa shopping,0,1,0.0,7.0,False
quem disse berenice franquia,0,203,0.0,21.088669950738915,True
quem disse berenice franquia contato,0,155,0.0,14.548387096774194,True
quem disse berenice franquia quiosque,0,45,0.0,42.84444444444444,True
quem disse berenice franquia valor,0,52,0.0,41.94230769230769,True
quem disse berenice loja,0,1,0.0,13.0,False
quem disse berenice lojas,0,44,0.0,67.25,True
quem disse berenice lojas rj,0,7,0.0,35.57142857142857,True
quem disse berenice madureira,0,1,0.0,1.0,False
quem disse berenice maringa,0,1,0.0,29.0,False
quem disse berenice norte shopping,0,42,0.0,15.880952380952381,True
quem disse berenice palladium,0,4,0.0,9.75,True
quem disse berenice park shopping,0,5,0.0,32.2,True
quem disse berenice perto de mim,0,1,0.0,1.0,False
quem disse berenice piracicaba,0,1,0.0,1.0,False
quem disse berenice pra mim,0,2,0.0,76.0,False
quem disse berenice shopping tijuca,0,1,0.0,36.0,False
quem disse berenice trabalhe conosco,0,1,0.0,23.0,False
quem disse berenice é pra mim,0,1,0.0,96.0,False
quem disse verenice,0,1,0.0,37.0,False
"quem disse, berenice lojas",0,1,0.0,8.0,False
quem e o dono do shopping,0,43,0.0,8.093023255813954,True
quem eo dono,0,1,0.0,1.0,False
quem fisse berenice,0,1,0.0,33.0,False
quem foi,0,1,0.0,4.0,False
quem foi almeida junior,0,7,0.0,14.571428571428571,True
quem foi almeida júnior,0,9,0.0,1.6666666666666665,True
quem foi o ganhador?,0,2,0.0,1.5,False
quem ganhou,0,3,0.0,5.666666666666667,True
quem ganhou o carro do shopping neumarkt,0,4,0.0,10.0,True
quem ganhou?,0,2,0.0,2.5,False
quem inventou o shopping,0,18,0.0,36.111111111111114,True
quem opera,0,1,0.0,2.0,False
quem são os donos dos shoppings,0,5,0.0,8.4,True
quem é,0,1,0.0,4.0,False
quem é a pessoa,0,1,0.0,1.0,False
quem é alexandre birman,0,1,0.0,3.0,False
quem é almeida,0,1,0.0,7.0,False
quem é almeida júnior,0,6,0.0,3.0,True
quem é calvin klein,0,2,0.0,1.0,False
quem é dono,0,1,0.0,9.0,False
quem é dono da empresa?,0,1,0.0,1.0,False
quem é dono de shopping,0,8,0.0,10.25,True
quem é dono do shopping,0,481,0.0,7.455301455301456,True
quem é dono?,0,1,0.0,3.0,False
quem é flávia alessandra,0,98,0.0,11.571428571428571,True
quem é maior?,0,1,0.0,5.0,False
quem é mais rico,0,1,0.0,4.0,False
quem é o dono,0,4,0.0,3.75,True
quem é o dono da marca schutz,0,3,0.0,1.0,True
quem é o dono da otica diniz?,0,2,0.0,1.0,False
quem é o dono da pizza hut,0,1,0.0,3.0,False
quem é o dono da schutz,0,43,0.0,1.0465116279069768,True
quem é o dono da shopping,0,1,0.0,10.0,False
quem é o dono da ótica diniz,0,4,0.0,1.0,True
quem é o dono das óticas diniz,0,1,0.0,2.0,False
quem é o dono do,0,1,0.0,11.0,False
quem é o dono do bh shopping,0,1,0.0,3.0,False
quem é o dono do cariri garden shopping,0,1,0.0,14.0,False
quem é o dono do norte shopping,0,72,0.0,7.847222222222222,True
quem é o dono do park shopping,0,4,0.0,9.0,True
quem é o dono do shopping,0,918,0.0,7.96078431372549,True
quem é o dono do shopping aricanduva,0,1,0.0,2.0,False
quem é o dono do shopping da ilha,0,1,0.0,3.0,False
quem é o dono do shopping rio poty,0,1,0.0,2.0,False
quem é o dono?,0,2,0.0,1.5,False
quem é o proprietário?,0,1,0.0,3.0,False
quem é o superintendente,0,1,0.0,4.0,False
quem é o sócio,0,1,0.0,2.0,False
quem é orlando de almeida soares junior,0,1,0.0,6.0,False
quem é sua familia,0,1,0.0,2.0,False
quem.disse berenice lojas,0,1,0.0,10.0,False
quemdisseberenice,0,13,0.0,8.923076923076923,True
quemdissebereniceepramim,0,2,0.0,75.5,False
queria ver uma foto,0,1,0.0,8.0,False
quero,0,2,0.0,1.5,False
quero ajuda sim,0,1,0.0,5.0,False
quero fazer passaporte,0,1,0.0,9.0,False
quero foto,0,1,0.0,17.0,False
quero links,0,1,0.0,5.0,False
quero resultado,0,1,0.0,1.0,False
quero saber o resultado,0,1,0.0,3.0,False
quero saber sim,0,1,0.0,2.0,False
quero saber todas,0,1,0.0,5.0,False
quero um valor,0,1,0.0,1.0,False
quero uma foto,0,1,0.0,9.0,False
quintal do nicolau norte shopping,0,1,0.0,3.0,False
quiosque,0,2,0.0,2.0,False
quiosque bauducco,0,1,0.0,2.0,False
quiosque brasil cacau,0,2,0.0,50.0,False
quiosque continente,0,1,0.0,9.0,False
quiosque do alemao,0,2,0.0,12.0,False
quiosque do alemão,0,3,0.0,7.0,True
quiosque franquias,0,45,0.0,83.8,True
quiosque no shopping,0,1,0.0,12.0,False
quiosque norte shopping,0,9,0.0,6.444444444444445,True
quiosque oceane,0,1,0.0,12.0,False
quiosque para alugar em balneário camboriú,0,14,0.0,9.714285714285714,True
quiosque shopping,0,4,0.0,9.0,True
quiosque tania bulhoes,0,4,0.0,9.0,True
quiosque wepink blumenau,0,1,0.0,2.0,False
quiosque à venda em balneário camboriú,0,4,0.0,6.75,True
quiroga web,0,1,0.0,40.0,False
qué continentes,0,1,0.0,85.0,False
r and 4,0,2,0.0,63.0,False
r/4cha,0,1,0.0,28.0,False
rabais black friday 2023,0,1,0.0,65.0,False
rabatte garten,0,1,0.0,5.0,False
rachuelo casa,0,3,0.0,4.0,True
rafa prêmios blumenau,0,1,0.0,11.0,False
rafael de almeida jr,0,1,0.0,35.0,False
rafael fiedler,0,15,0.0,5.4,True
ramschutz,0,1,0.0,1.0,False
rank,0,1,0.0,8.0,False
rank shop contact,0,1,0.0,160.0,False
ranking,0,4,0.0,9.75,True
ranking connected smart cities,0,2,0.0,56.5,False
ranking nacional do pib per capital,0,2,0.0,25.0,False
ranking smart cities,0,4,0.0,84.5,True
rankings,0,1,0.0,18.0,False
raphaella booz loja online,0,1,0.0,3.0,False
raqueteira head extreme,0,1,0.0,7.0,False
raroo,0,1,0.0,2.0,False
rasteira schutz,0,3,0.0,6.666666666666667,True
rasteira shutz,0,1,0.0,3.0,False
rasteira uza,0,1,0.0,4.0,False
rasteira uza dourada,0,1,0.0,6.0,False
rasteirinha capodarte,0,1,0.0,6.0,False
rasteirinha schutz,0,2,0.0,5.0,False
rasteirinha schutz original,0,1,0.0,3.0,False
ray ban balneario shopping,0,117,0.0,11.367521367521368,True
rayban balneario camboriu,0,1,0.0,47.0,False
raça de dragão,0,1,0.0,1.0,False
raça dragão,0,1,0.0,1.0,False
raças de dragão,0,1,0.0,1.0,False
raças de dragões,0,1,0.0,4.0,False
rchards,0,48,0.0,6.75,True
rchlo,0,1,0.0,10.0,False
rchlo casa,0,32,0.0,4.34375,True
rd junior,0,3,0.0,9.333333333333334,True
rd summit 2019,0,1,0.0,31.0,False
reachuelo casa,0,9,0.0,4.555555555555555,True
reaj realty,0,1,0.0,1.0,False
real neumarkt,0,4,0.0,10.0,True
realidade virtual campo de ourique,0,1,0.0,51.0,False
realidade virtual shopping,0,17,0.0,27.529411764705884,True
realtime aj,0,2,0.0,6.5,False
recarga júnior,0,4,0.0,6.75,True
recco,0,9,0.0,4.666666666666666,True
recco balneario camboriu,0,2,0.0,10.5,False
recco curitiba,0,4,0.0,22.75,True
recco fabrica,0,1,0.0,2.0,False
recco indaiatuba,0,1,0.0,4.0,False
recco lingerie,0,14,0.0,32.5,True
recco loja,0,52,0.0,21.21153846153846,True
recco loja oficial,0,1,0.0,9.0,False
recco lojas,0,347,0.0,10.288184438040346,True
recco maringa,0,4,0.0,11.5,True
recco matriz,0,2,0.0,15.0,False
recco matriz fotos,0,1,0.0,3.0,False
recco moda intima,0,12,0.0,75.16666666666667,True
recco praia do canto,0,1,0.0,4.0,False
recco praia store,0,2,0.0,14.5,False
recco recco & cia ltda,0,2,0.0,21.5,False
recco ribeirao shopping,0,1,0.0,4.0,False
recco site,0,7,0.0,36.42857142857143,True
recco trabalhe conosco,0,13,0.0,17.23076923076923,True
rechards,0,62,0.0,6.258064516129032,True
reclame aqui schutz,0,1,0.0,3.0,False
reclame aqui uza shoes,0,1,0.0,2.0,False
reco lingerie,0,1,0.0,65.0,False
recordes de vendas,0,1,0.0,74.0,False
recreação infantil diferenciada,0,1,0.0,75.0,False
red canids yoda,0,1,0.0,42.0,False
rede center,0,5,0.0,71.8,True
rede compras,0,15,0.0,91.8,True
rede de fast food especializada em frango frito,0,18,0.0,9.055555555555555,True
rede de lojas multimarcas,0,1,0.0,41.0,False
rede de negócios em florianópolis,0,8,0.0,16.25,True
rede economia alameda,0,1,0.0,38.0,False
rede economia lojas,0,1,0.0,84.0,False
rede giraffas,0,8,0.0,30.875,True
rede impar,0,21,0.0,87.61904761904762,True
rede kfc,0,1,0.0,10.0,False
rede madero,0,4,0.0,68.25,True
rede popeyes,0,10,0.0,8.5,True
rede shopping,0,9,0.0,19.666666666666668,True
rede sul criciuma,0,2,0.0,47.0,False
rede top blumenau,0,4,0.0,79.75,True
redes de negócios florianópolis,0,1,0.0,43.0,False
redley norte shopping,0,1,0.0,8.0,False
reebok freestyle motion,0,1,0.0,1.0,False
reebok question,0,1,0.0,4.0,False
reebok question mid,0,1,0.0,5.0,False
regata corrida,0,1,0.0,10.0,False
regata olympikus corre,0,1,0.0,1.0,False
regiao norte de sc,0,1,0.0,80.0,False
regional shopping mall,0,1,0.0,16.0,False
região norte de blumenau,0,4,0.0,11.5,True
região sul,0,1,0.0,4.0,False
regiões do continente europeu,0,4,0.0,69.25,True
regiões mais desenvolvidas do brasil,0,3,0.0,54.0,True
regiões mais ricas do brasil,0,3,0.0,59.666666666666664,True
regras de isenção,0,1,0.0,1.0,False
regulamento,0,1,0.0,2.0,False
rei das capas blumenau,0,1,0.0,47.0,False
reichards,0,10,0.0,6.2,True
rejane gambin pt,0,1,0.0,41.0,False
relacionamento?,0,1,0.0,1.0,False
renegociar riachuelo,0,1,0.0,4.0,False
renner ararangua,0,1,0.0,3.0,False
renner balneario shopping,0,4,0.0,11.0,True
renner continente shopping,0,3,0.0,15.0,True
renner garten,0,2,0.0,9.0,False
renner nações shopping,0,12,0.0,10.666666666666666,True
renner neumarkt,0,1,0.0,7.0,False
renner norte shopping blumenau,0,1,0.0,35.0,False
renner passo fundo shopping,0,1,0.0,61.0,False
renner santa ursula,0,1,0.0,52.0,False
renner shopping balneario,0,2,0.0,10.0,False
renner shopping continente,0,6,0.0,13.333333333333334,True
renner shopping garten,0,14,0.0,12.285714285714286,True
renner shopping neumarkt,0,1,0.0,3.0,False
renomadas,0,2,0.0,58.0,False
renovação de passaporte,0,1,0.0,3.0,False
renovação passaporte,0,1,0.0,1.0,False
renovação passaporte joinville,0,63,0.0,2.873015873015873,True
rep norte,0,1,0.0,5.0,False
rerichards,0,3,0.0,26.666666666666668,True
reserva balneario shopping,0,3,0.0,18.0,True
reserva continente shopping,0,4,0.0,16.0,True
resgatar pontos viva experiência,0,1,0.0,99.0,False
reshards,0,3,0.0,7.0,True
residence center,0,1,0.0,26.0,False
residences,0,6,0.0,6.833333333333333,True
residencial almeida,0,4,0.0,41.5,True
residencial continente,0,3,0.0,9.666666666666666,True
residencial continente shopping,0,15,0.0,7.666666666666667,True
residencial shopping,0,1,0.0,29.0,False
residencial shopping continente,0,2,0.0,5.5,False
residencial spot,0,1,0.0,4.0,False
resltados,0,1,0.0,11.0,False
resort franchises,0,1,0.0,63.0,False
resort hope,0,2,0.0,33.5,False
resort of hope,0,101,0.0,66.52475247524752,True
resort shopping,0,1,0.0,1.0,False
restaurant kfc,0,1,0.0,27.0,False
restaurante alemao blumenau,0,8,0.0,39.75,True
restaurante alemao em itu,0,1,0.0,33.0,False
restaurante alemão blumenau,0,27,0.0,40.148148148148145,True
restaurante alemão em blumenau,0,23,0.0,36.47826086956522,True
restaurante alemão em itu,0,1,0.0,37.0,False
restaurante alemão shopping center norte,0,1,0.0,38.0,False
restaurante aragon bc,0,1,0.0,3.0,False
restaurante aragon em balneário camboriú,0,1,0.0,4.0,False
restaurante balneario camboriu,0,3,0.0,4.0,True
restaurante balneário camboriú,0,2,0.0,3.5,False
restaurante balneário camboriú buffet,0,1,0.0,4.0,False
restaurante bar do alemao,0,2,0.0,7.0,False
restaurante bar do alemão,0,2,0.0,4.5,False
restaurante bom em balneário camboriú,0,1,0.0,3.0,False
restaurante cafe paris,0,1,0.0,8.0,False
restaurante chaplin balneário camboriú,0,2,0.0,6.0,False
restaurante continental shopping,0,1,0.0,2.0,False
restaurante continente,0,74,0.0,9.162162162162161,True
restaurante continente shopping,0,67,0.0,10.029850746268657,True
restaurante coreano joinville,0,1,0.0,29.0,False
restaurante da girafa,0,1,0.0,7.0,False
restaurante de shopping,0,1,0.0,10.0,False
restaurante do alemao,0,15,0.0,12.466666666666667,True
restaurante do alemão,0,14,0.0,8.857142857142858,True
restaurante do alemão em itu,0,1,0.0,35.0,False
restaurante do alemão itu,0,3,0.0,28.666666666666668,True
restaurante do neymar em balneário camboriú,0,17,0.0,1.2352941176470589,True
restaurante do norte,0,1,0.0,7.0,False
restaurante do norte shopping,0,7,0.0,7.714285714285714,True
restaurante dom alberto,0,1,0.0,3.0,False
restaurante dudu balneário camboriú,0,1,0.0,4.0,False
restaurante duladu balneário shopping fotos,0,1,0.0,11.0,False
restaurante e lanchonete do alemão,0,1,0.0,98.0,False
restaurante em blumenau,0,1,0.0,1.0,False
restaurante em nova almeida,0,1,0.0,73.0,False
restaurante espeto gaucho balneario camboriu,0,1,0.0,3.0,False
restaurante estaleirinho,0,1,0.0,5.0,False
restaurante estaleirinho balneário camboriú,0,1,0.0,6.0,False
restaurante farol bc,0,1,0.0,9.0,False
restaurante flutuante bc,0,1,0.0,4.0,False
restaurante flutuante em balneário camboriú,0,1,0.0,4.0,False
restaurante frances,0,2,0.0,5.5,False
restaurante frances balneario camboriu,0,2,0.0,7.5,False
restaurante francês florianópolis,0,2,0.0,4.0,False
restaurante girafa,0,1,0.0,11.0,False
restaurante girafas,0,8,0.0,6.75,True
restaurante giraffas,0,28,0.0,7.035714285714286,True
restaurante giraffas mais próximo,0,5,0.0,6.2,True
restaurante giraffas perto de mim,0,5,0.0,7.0,True
restaurante girrafas,0,1,0.0,20.0,False
restaurante kentucky fried chicken,0,1,0.0,25.0,False
restaurante kfc,0,107,0.0,38.850467289719624,True
restaurante laranjeiras bc,0,1,0.0,14.0,False
restaurante macarronada italiana balneário camboriú,0,1,0.0,4.0,False
restaurante mania de churrasco! buffet express fotos,0,3,0.0,3.6666666666666665,True
restaurante narbona,0,4,0.0,27.0,True
restaurante narbona shopping continente,0,3,0.0,6.0,True
restaurante neymar camboriu,0,2,0.0,1.0,False
restaurante no continente shopping,0,12,0.0,11.25,True
restaurante no norte shopping,0,57,0.0,9.035087719298245,True
restaurante no norte shopping blumenau,0,13,0.0,8.461538461538462,True
restaurante no north shopping,0,1,0.0,11.0,False
restaurante no shopping,0,2,0.0,9.5,False
restaurante no shopping continental,0,3,0.0,14.0,True
restaurante no shopping continente,0,28,0.0,11.392857142857142,True
restaurante no shopping neumarkt,0,1,0.0,6.0,False
restaurante no shopping norte,0,11,0.0,8.363636363636363,True
restaurante norte,0,9,0.0,7.0,True
restaurante norte shopping,0,126,0.0,9.341269841269842,True
restaurante norte shopping blumenau,0,107,0.0,9.233644859813085,True
restaurante north shopping,0,2,0.0,11.0,False
restaurante nova almeida,0,1,0.0,77.0,False
restaurante novo no norte shopping,0,5,0.0,8.6,True
restaurante o alemao,0,1,0.0,10.0,False
restaurante olho d'água,0,2,0.0,4.0,False
restaurante paladar balneário camboriú,0,1,0.0,13.0,False
restaurante paris,0,31,0.0,7.838709677419355,True
restaurante paris 6,0,54,0.0,7.944444444444445,True
restaurante paris 6 balneário camboriú,0,106,0.0,10.528301886792454,True
restaurante paris 6 bc,0,11,0.0,4.454545454545455,True
restaurante paris 6 belo horizonte,0,4,0.0,29.75,True
restaurante paris 6 perto de mim,0,1,0.0,1.0,False
restaurante paris 6 salvador,0,1,0.0,51.0,False
restaurante paris 7,0,3,0.0,6.666666666666667,True
restaurante paris6,0,2,0.0,7.0,False
restaurante parmegiana,0,8,0.0,6.25,True
restaurante parque balneário,0,1,0.0,10.0,False
restaurante perto de mim aberto agora,0,1,0.0,1.0,False
restaurante popeyes,0,3,0.0,5.666666666666667,True
restaurante porto cabral,0,1,0.0,5.0,False
restaurante posto 6,0,1,0.0,1.0,False
restaurante praia brava mundo selvagem garden,0,1,0.0,13.0,False
restaurante próximo ao norte shopping,0,1,0.0,9.0,False
restaurante rooftop em balneario camboriu,0,1,0.0,6.0,False
restaurante shopping,0,1,0.0,8.0,False
restaurante shopping anhanguera,0,1,0.0,5.0,False
restaurante shopping continental,0,14,0.0,20.0,True
restaurante shopping norte,0,37,0.0,8.18918918918919,True
restaurante shopping norte blumenau,0,12,0.0,11.166666666666666,True
restaurante spoleto,0,5,0.0,8.2,True
restaurante spoleto fotos,0,1,0.0,1.0,False
restaurante summit bc,0,1,0.0,5.0,False
restaurante suspenso balneário camboriú,0,1,0.0,6.0,False
restaurante taco bell,0,1,0.0,6.0,False
restaurante telhadinho balneário camboriú,0,1,0.0,6.0,False
restaurante tematico balneario camboriu,0,1,0.0,6.0,False
restaurante uruguaio continente shopping,0,48,0.0,9.6875,True
restaurante uruguaio joinville,0,5,0.0,10.0,True
restaurante uruguaio shopping continente,0,3,0.0,9.666666666666666,True
restaurantes balneario camboriu,0,12,0.0,72.58333333333333,True
restaurantes balneario shopping,0,3,0.0,21.666666666666668,True
restaurantes beira mar balneário camboriú,0,1,0.0,80.0,False
restaurantes beira mar shopping,0,1,0.0,67.0,False
restaurantes blumenau,0,7,0.0,78.0,True
restaurantes catarina outlet,0,1,0.0,72.0,False
restaurantes com parmegiana,0,1,0.0,4.0,False
restaurantes continental shopping,0,2,0.0,8.0,False
restaurantes continente,0,62,0.0,7.741935483870968,True
restaurantes continente shopping,0,144,0.0,9.270833333333334,True
restaurantes criciuma,0,12,0.0,83.66666666666667,True
restaurantes criciúma,0,2,0.0,88.0,False
restaurantes do norte shopping,0,19,0.0,25.210526315789473,True
restaurantes em balneario camboriu,0,6,0.0,94.33333333333333,True
restaurantes em balneario camboriú,0,2,0.0,89.5,False
restaurantes em balneario camburiu,0,1,0.0,98.0,False
restaurantes em balneário camboriú,0,5,0.0,61.4,True
restaurantes em balneário camboriú beira mar,0,1,0.0,78.0,False
restaurantes em balneário camboriú beira-mar,0,1,0.0,76.0,False
restaurantes em blumenau,0,14,0.0,92.85714285714286,True
restaurantes em camboriú sc,0,1,0.0,3.0,False
restaurantes em criciuma,0,2,0.0,78.5,False
restaurantes em criciúma,0,3,0.0,79.66666666666667,True
restaurantes em jaragua do sul,0,1,0.0,97.0,False
restaurantes em jaraguá do sul,0,4,0.0,76.75,True
restaurantes em jlle,0,1,0.0,65.0,False
restaurantes em picarras,0,5,0.0,57.2,True
restaurantes em piçarras,0,1,0.0,59.0,False
restaurantes em piçarras sc,0,3,0.0,62.0,True
restaurantes floripa shopping,0,1,0.0,44.0,False
restaurantes jaragua do sul,0,2,0.0,87.5,False
restaurantes kfc,0,7,0.0,40.42857142857143,True
restaurantes no catarina outlet,0,1,0.0,82.0,False
restaurantes no continente shopping,0,28,0.0,8.928571428571429,True
restaurantes no shopping center norte,0,3,0.0,95.66666666666667,True
restaurantes no shopping continental,0,6,0.0,12.5,True
restaurantes no shopping continente,0,84,0.0,9.666666666666666,True
restaurantes norte shopping,0,64,0.0,13.984375,True
restaurantes norte shopping blumenau,0,318,0.0,9.666666666666666,True
restaurantes norteshopping,0,1,0.0,10.0,False
restaurantes north shopping,0,1,0.0,11.0,False
restaurantes perto do norte shopping,0,5,0.0,7.8,True
restaurantes shopping,0,1,0.0,8.0,False
restaurantes shopping continental,0,6,0.0,10.0,True
restaurantes shopping norte,0,14,0.0,8.571428571428571,True
restaurantes shopping total,0,1,0.0,96.0,False
resu,0,1,0.0,6.0,False
resultado,0,1,0.0,4.0,False
resultado da loteria federal extração 59862,0,1,0.0,10.0,False
resultado do junior,0,1,0.0,28.0,False
resultado exames hub,0,1,0.0,20.0,False
resultado ju,0,6,0.0,9.666666666666666,True
resultado jun,0,1,0.0,11.0,False
resultado junio,0,1,0.0,13.0,False
resultado junior,0,27,0.0,12.296296296296296,True
resultado loteria federal 59960,0,1,0.0,1.0,False
resultado.com,0,1,0.0,83.0,False
resultados,0,126,0.0,11.722222222222221,True
resultados do vale sorte de hoje,0,1,0.0,68.0,False
resultados junio,0,2,0.0,24.0,False
resultados pt,0,2,0.0,44.0,False
resultados-com,0,1,0.0,25.0,False
resultados.,0,1,0.0,10.0,False
resultadow,0,2,0.0,10.0,False
resumo da região sul,0,4,0.0,80.25,True
resutados,0,1,0.0,51.0,False
retail centers,0,1,0.0,22.0,False
retail experience,0,2,0.0,8.0,False
retail mall,0,1,0.0,7.0,False
retail stores brazil shopping centers,0,9,0.0,9.444444444444445,True
retire na loja centauro,0,1,0.0,42.0,False
retire seu brinde natura,0,1,0.0,39.0,False
revender santa lolla,0,1,0.0,2.0,False
reviewr,0,15,0.0,13.0,True
revista abrasce,0,3,0.0,32.0,True
revista ceo,0,1,0.0,71.0,False
revista elle,0,1,0.0,3.0,False
revista elle brasil,0,1,0.0,3.0,False
revista proxima,0,2,0.0,81.5,False
revista shopping centers,0,1,0.0,21.0,False
ri alupar,0,1,0.0,27.0,False
ri ccap,0,1,0.0,36.0,False
ri corporations,0,1,0.0,37.0,False
ri esg,0,7,0.0,46.285714285714285,True
ri happy balneario shopping,0,1,0.0,9.0,False
ri happy balneário camboriú,0,1,0.0,13.0,False
ri happy blumenau,0,1,0.0,6.0,False
ri happy nações criciúma fotos,0,4,0.0,11.75,True
ri happy nações shopping,0,6,0.0,8.666666666666668,True
ri happy promoção,0,2,0.0,65.0,False
ri hards,0,33,0.0,6.363636363636363,True
ri iguatemi,0,2,0.0,8.0,False
ri jc,0,5,0.0,6.8,True
ri ju,0,2,0.0,7.5,False
ri malls,0,1,0.0,8.0,False
ri senior,0,4,0.0,5.0,True
ri shopping,0,1,0.0,10.0,False
ri unifique,0,1,0.0,10.0,False
ri.,0,1,0.0,50.0,False
ria huelo casa,0,10,0.0,5.0,True
riacguelo casa,0,10,0.0,3.7,True
riachelo casa,0,79,0.0,5.0,True
riacheulo casa,0,16,0.0,4.5,True
riachielo casa,0,51,0.0,5.352941176470588,True
riachoelo casa,0,7,0.0,4.714285714285714,True
riachueko casa,0,14,0.0,4.428571428571429,True
riachuel casa,0,8,0.0,10.0,True
riachuela casa,0,31,0.0,4.806451612903226,True
riachuele casa,0,10,0.0,17.8,True
riachueli casa,0,15,0.0,4.4,True
riachuello casa,0,117,0.0,4.683760683760683,True
riachuello home,0,16,0.0,5.625,True
riachuello telefone,0,1,0.0,1.0,False
riachuelo,0,17,0.0,8.882352941176471,True
riachuelo aguas claras shopping,0,1,0.0,1.0,False
riachuelo amazonas shopping,0,1,0.0,2.0,False
riachuelo americas shopping,0,2,0.0,3.5,False
riachuelo anapolis,0,27,0.0,2.6296296296296298,True
riachuelo anápolis,0,2,0.0,2.5,False
riachuelo atrium,0,1,0.0,1.0,False
riachuelo balneario,0,8,0.0,1.0,True
riachuelo balneario camboriu,0,10,0.0,6.3,True
riachuelo balneário camboriú,0,16,0.0,44.875,True
riachuelo balneário shopping,0,116,0.0,5.293103448275862,True
riachuelo bangu,0,1,0.0,2.0,False
riachuelo bangu shopping,0,1,0.0,1.0,False
riachuelo barra shopping,0,14,0.0,4.142857142857142,True
riachuelo barra shopping qual piso,0,4,0.0,1.0,True
riachuelo barreiras,0,2,0.0,1.0,False
riachuelo bauru centro,0,1,0.0,1.0,False
riachuelo bauru shopping,0,1,0.0,1.0,False
riachuelo bc,0,6,0.0,2.166666666666667,True
riachuelo bento gonçalves,0,6,0.0,1.0,True
riachuelo bh shopping,0,5,0.0,2.6,True
riachuelo bh shopping piso,0,9,0.0,1.0,True
riachuelo bh shopping qual andar,0,1,0.0,1.0,False
riachuelo big shopping,0,1,0.0,1.0,False
riachuelo blumenau,0,1,0.0,40.0,False
riachuelo blumenau shopping neumarkt telefone,0,16,0.0,1.5,True
riachuelo bourbon shopping,0,4,0.0,1.75,True
riachuelo caa,0,1,0.0,5.0,False
riachuelo cachoeirinha,0,2,0.0,1.0,False
riachuelo cama e banho,0,1,0.0,18.0,False
riachuelo camboriu,0,15,0.0,1.2666666666666666,True
riachuelo campina grande,0,2,0.0,2.5,False
riachuelo campinas shopping,0,3,0.0,1.0,True
riachuelo campo grande ms,0,7,0.0,84.14285714285714,True
riachuelo campo limpo,0,2,0.0,1.0,False
riachuelo campos do jordão,0,1,0.0,1.0,False
riachuelo campos dos goytacazes,0,2,0.0,3.0,False
riachuelo cantareira norte shopping,0,2,0.0,1.5,False
riachuelo carioca shopping,0,1,0.0,1.0,False
riachuelo cariri garden shopping,0,2,0.0,1.0,False
riachuelo casa barra shopping,0,1,0.0,28.0,False
riachuelo casa bh shopping,0,1,0.0,1.0,False
riachuelo casa decoração,0,64,0.0,4.875,True
riachuelo casa florianopolis,0,12,0.0,4.583333333333334,True
riachuelo casa loja,0,5,0.0,7.4,True
riachuelo casa loja fisica,0,32,0.0,5.875,True
riachuelo casa onde tem,0,9,0.0,8.777777777777779,True
riachuelo casa patio paulista,0,1,0.0,1.0,False
riachuelo casa perto de mim,0,1,0.0,6.0,False
riachuelo casa shopping,0,30,0.0,10.933333333333334,True
riachuelo casa verde,0,1,0.0,99.0,False
riachuelo casas,0,134,0.0,7.776119402985074,True
riachuelo cass,0,9,0.0,43.111111111111114,True
riachuelo catanduva,0,6,0.0,1.0,True
riachuelo caxias do sul,0,4,0.0,2.5,True
riachuelo celular samsung,0,1,0.0,35.0,False
riachuelo center norte,0,1,0.0,2.0,False
riachuelo central de atendimento,0,1,0.0,2.0,False
riachuelo central plaza,0,1,0.0,2.0,False
riachuelo centro,0,2,0.0,2.0,False
riachuelo centro aracaju,0,1,0.0,2.0,False
riachuelo centro de guarulhos,0,5,0.0,2.6,True
riachuelo centro guarulhos,0,1,0.0,2.0,False
riachuelo centro maceio,0,1,0.0,5.0,False
riachuelo centro porto alegre,0,4,0.0,2.5,True
riachuelo centro ribeirão preto,0,4,0.0,2.0,True
riachuelo centro rj,0,2,0.0,3.5,False
riachuelo cidade alta,0,1,0.0,3.0,False
riachuelo conjunto nacional,0,5,0.0,3.8,True
riachuelo contato,0,1,0.0,1.0,False
riachuelo continente shopping,0,13,0.0,11.615384615384615,True
riachuelo cortinas,0,6,0.0,32.5,True
riachuelo criciuma,0,1,0.0,4.0,False
riachuelo csa,0,3,0.0,6.333333333333333,True
riachuelo curitiba shopping,0,6,0.0,1.0,True
riachuelo curitiba shopping mueller,0,3,0.0,1.0,True
riachuelo decoracao,0,9,0.0,12.222222222222221,True
riachuelo decoração,0,149,0.0,4.838926174496644,True
riachuelo dentro de 1,0,196,0.0,50.89795918367347,True
riachuelo dourados,0,1,0.0,2.0,False
riachuelo eldorado piso,0,2,0.0,1.0,False
riachuelo em balneário camboriú,0,13,0.0,1.9230769230769231,True
riachuelo em joinville,0,20,0.0,1.85,True
riachuelo em juiz de fora,0,1,0.0,1.0,False
riachuelo em porto alegre,0,1,0.0,2.0,False
riachuelo em santa catarina,0,73,0.0,11.835616438356164,True
riachuelo em suzano,0,1,0.0,2.0,False
riachuelo fatura,0,6,0.0,3.6666666666666665,True
riachuelo fatura online,0,1,0.0,4.0,False
riachuelo florianopolis,0,1,0.0,3.0,False
riachuelo fotos,0,33,0.0,54.96969696969697,True
riachuelo garden shopping,0,1,0.0,12.0,False
riachuelo garten,0,181,0.0,8.96132596685083,True
riachuelo goiânia shopping,0,1,0.0,2.0,False
riachuelo golden square,0,1,0.0,3.0,False
riachuelo gramado,0,1,0.0,1.0,False
riachuelo grand plaza,0,3,0.0,2.333333333333333,True
riachuelo grande rio,0,3,0.0,2.333333333333333,True
riachuelo guaratinguetá,0,1,0.0,4.0,False
riachuelo guarulhos centro,0,5,0.0,1.2,True
riachuelo higienopolis,0,2,0.0,1.0,False
riachuelo home,0,1230,0.0,7.813008130081301,True
riachuelo home lojas,0,21,0.0,8.761904761904763,True
riachuelo hortolandia,0,8,0.0,1.0,True
riachuelo house,0,4,0.0,4.25,True
riachuelo iguatemi campinas,0,1,0.0,2.0,False
riachuelo iguatemi porto alegre,0,9,0.0,1.1111111111111112,True
riachuelo iguatemi sao paulo,0,1,0.0,1.0,False
riachuelo ilha plaza,0,3,0.0,1.0,True
riachuelo ipatinga,0,1,0.0,2.0,False
riachuelo itaquaquecetuba,0,1,0.0,1.0,False
riachuelo jacarei,0,5,0.0,2.8,True
riachuelo jacareí,0,1,0.0,3.0,False
riachuelo jardim sul,0,3,0.0,1.3333333333333333,True
riachuelo joinville shopping mueller,0,1,0.0,1.0,False
riachuelo juiz de fora,0,4,0.0,2.25,True
riachuelo largo treze,0,1,0.0,2.0,False
riachuelo lavras,0,2,0.0,1.0,False
riachuelo leblon,0,1,0.0,2.0,False
riachuelo litoral plaza shopping,0,1,0.0,3.0,False
riachuelo loja virtual,0,11,0.0,46.90909090909091,True
riachuelo lojas shopping sp,0,2,0.0,8.0,False
riachuelo lojas virtuais,0,10,0.0,84.9,True
riachuelo macae,0,4,0.0,1.0,True
riachuelo macaé,0,8,0.0,1.0,True
riachuelo maceió shopping,0,1,0.0,4.0,False
riachuelo madureira,0,2,0.0,1.0,False
riachuelo madureira shopping,0,2,0.0,1.0,False
riachuelo manaus,0,1,0.0,3.0,False
riachuelo maua plaza shopping,0,1,0.0,1.0,False
riachuelo meier,0,3,0.0,1.0,True
riachuelo messejana,0,1,0.0,2.0,False
riachuelo metropole,0,1,0.0,2.0,False
riachuelo minas shopping,0,2,0.0,4.0,False
riachuelo miramar,0,2,0.0,1.0,False
riachuelo moda casa,0,97,0.0,41.68041237113402,True
riachuelo mogi centro,0,3,0.0,3.0,True
riachuelo mogi das cruzes centro,0,1,0.0,1.0,False
riachuelo mogi guacu,0,1,0.0,2.0,False
riachuelo mogi guaçu,0,1,0.0,2.0,False
riachuelo mogi shopping,0,4,0.0,3.0,True
riachuelo montes claros,0,1,0.0,1.0,False
riachuelo mooca,0,1,0.0,2.0,False
riachuelo mossoró,0,1,0.0,4.0,False
riachuelo na oscar freire,0,1,0.0,1.0,False
riachuelo na tijuca,0,2,0.0,1.0,False
riachuelo natal shopping,0,4,0.0,2.0,True
riachuelo nações shopping,0,3,0.0,11.666666666666666,True
riachuelo nilopolis,0,4,0.0,1.0,True
riachuelo niteroi,0,1,0.0,1.0,False
riachuelo niterói,0,1,0.0,1.0,False
riachuelo no barra shopping,0,3,0.0,1.0,True
riachuelo no centro do rio,0,1,0.0,1.0,False
riachuelo no conjunto nacional,0,1,0.0,1.0,False
riachuelo no shopping dom pedro,0,1,0.0,1.0,False
riachuelo noticias,0,1,0.0,51.0,False
riachuelo nova friburgo,0,11,0.0,1.0,True
riachuelo novidades,0,1,0.0,54.0,False
riachuelo novo hamburgo,0,6,0.0,1.0,True
riachuelo numero,0,1,0.0,3.0,False
riachuelo online,0,2,0.0,2.5,False
riachuelo palmas,0,1,0.0,3.0,False
riachuelo park shopping,0,1,0.0,5.0,False
riachuelo park shopping barigui,0,2,0.0,2.0,False
riachuelo parnaiba,0,1,0.0,2.0,False
riachuelo patio batel,0,5,0.0,1.0,True
riachuelo patio brasil,0,6,0.0,3.1666666666666665,True
riachuelo patio higienopolis,0,3,0.0,1.0,True
riachuelo patio paulista,0,8,0.0,1.25,True
riachuelo patio paulista andar,0,1,0.0,1.0,False
riachuelo patio paulista piso,0,1,0.0,1.0,False
riachuelo patio paulista qual andar,0,2,0.0,1.0,False
riachuelo patio savassi,0,1,0.0,3.0,False
riachuelo perto,0,1,0.0,1.0,False
riachuelo perto de mim,0,1,0.0,1.0,False
riachuelo petropolis,0,1,0.0,2.0,False
riachuelo pets,0,4,0.0,41.0,True
riachuelo plaza niteroi,0,2,0.0,1.0,False
riachuelo plaza niterói,0,2,0.0,1.0,False
riachuelo plaza niterói andar,0,12,0.0,1.0,True
riachuelo plaza shopping,0,1,0.0,1.0,False
riachuelo plaza shopping niterói,0,2,0.0,1.0,False
riachuelo plaza sul,0,14,0.0,1.0,True
riachuelo porto alegre centro,0,7,0.0,1.2857142857142856,True
riachuelo poços de caldas,0,3,0.0,1.0,True
riachuelo praia da costa,0,1,0.0,3.0,False
riachuelo praiamar,0,1,0.0,2.0,False
riachuelo presidente prudente,0,1,0.0,4.0,False
riachuelo pátio paulista,0,1,0.0,1.0,False
riachuelo recreio shopping,0,1,0.0,3.0,False
riachuelo ribeirao shopping,0,1,0.0,5.0,False
riachuelo ribeirão preto centro,0,1,0.0,2.0,False
riachuelo ribeirão shopping,0,3,0.0,2.666666666666667,True
riachuelo rio branco,0,2,0.0,4.5,False
riachuelo rio claro,0,3,0.0,1.0,True
riachuelo rio das ostras,0,8,0.0,1.0,True
riachuelo rio de janeiro,0,1,0.0,4.0,False
riachuelo rio grande,0,1,0.0,4.0,False
riachuelo rio poty,0,1,0.0,3.0,False
riachuelo rio poty qual piso,0,15,0.0,1.0,True
riachuelo rio sul,0,39,0.0,1.0,True
riachuelo rio sul andar,0,1,0.0,1.0,False
riachuelo rio sul qual andar,0,1,0.0,1.0,False
riachuelo rio sul qual piso,0,10,0.0,1.0,True
riachuelo riosul,0,1,0.0,1.0,False
riachuelo rondonopolis,0,3,0.0,1.0,True
riachuelo rondonópolis,0,6,0.0,1.0,True
riachuelo roupa de cama,0,1,0.0,23.0,False
riachuelo roupas de cama,0,1,0.0,43.0,False
riachuelo salvador norte shopping,0,2,0.0,1.0,False
riachuelo salvador shopping,0,1,0.0,4.0,False
riachuelo salvador shopping piso,0,3,0.0,1.0,True
riachuelo santa catarina,0,1,0.0,11.0,False
riachuelo santa cruz do sul,0,1,0.0,1.0,False
riachuelo santana parque,0,1,0.0,4.0,False
riachuelo santo amaro,0,2,0.0,3.0,False
riachuelo sao leopoldo,0,19,0.0,1.0,True
riachuelo sete lagoas,0,4,0.0,1.0,True
riachuelo setor campinas,0,1,0.0,3.0,False
riachuelo shopping abc,0,6,0.0,2.666666666666667,True
riachuelo shopping atrium,0,6,0.0,1.0,True
riachuelo shopping barigui,0,3,0.0,3.3333333333333335,True
riachuelo shopping benfica,0,4,0.0,1.0,True
riachuelo shopping boulevard feira de santana,0,1,0.0,3.0,False
riachuelo shopping boulevard tatuapé,0,1,0.0,1.0,False
riachuelo shopping bourbon,0,1,0.0,4.0,False
riachuelo shopping butantã,0,2,0.0,1.0,False
riachuelo shopping campo grande,0,3,0.0,1.0,True
riachuelo shopping campo limpo,0,11,0.0,1.0,True
riachuelo shopping cantareira,0,3,0.0,1.0,True
riachuelo shopping center lapa,0,1,0.0,1.0,False
riachuelo shopping center norte,0,1,0.0,2.0,False
riachuelo shopping central plaza,0,1,0.0,2.0,False
riachuelo shopping cidade,0,1,0.0,1.0,False
riachuelo shopping cidade bh,0,1,0.0,2.0,False
riachuelo shopping cidade sorocaba,0,2,0.0,1.5,False
riachuelo shopping contagem,0,8,0.0,1.0,True
riachuelo shopping continental,0,12,0.0,1.0,True
riachuelo shopping continente,0,9,0.0,6.222222222222222,True
riachuelo shopping curitiba,0,13,0.0,2.0769230769230766,True
riachuelo shopping da bahia,0,19,0.0,3.0526315789473686,True
riachuelo shopping da bahia qual piso,0,5,0.0,1.0,True
riachuelo shopping da ilha,0,1,0.0,5.0,False
riachuelo shopping eldorado,0,1,0.0,1.0,False
riachuelo shopping eldorado piso,0,1,0.0,1.0,False
riachuelo shopping garten joinville,0,4,0.0,10.25,True
riachuelo shopping golden,0,2,0.0,1.5,False
riachuelo shopping grand plaza,0,1,0.0,4.0,False
riachuelo shopping grande rio,0,4,0.0,3.25,True
riachuelo shopping higienópolis,0,2,0.0,1.0,False
riachuelo shopping ibirapuera,0,4,0.0,1.75,True
riachuelo shopping ibirapuera piso,0,4,0.0,1.0,True
riachuelo shopping ibirapuera qual piso,0,1,0.0,1.0,False
riachuelo shopping iguatemi alphaville,0,2,0.0,1.0,False
riachuelo shopping iguatemi sorocaba,0,2,0.0,4.0,False
riachuelo shopping interlagos,0,6,0.0,1.0,True
riachuelo shopping internacional,0,3,0.0,3.3333333333333335,True
riachuelo shopping itaguaçu,0,1,0.0,4.0,False
riachuelo shopping jardim sul,0,1,0.0,1.0,False
riachuelo shopping maceio,0,1,0.0,2.0,False
riachuelo shopping maia,0,3,0.0,2.0,True
riachuelo shopping maia qual piso,0,3,0.0,1.0,True
riachuelo shopping metrópole,0,1,0.0,1.0,False
riachuelo shopping mogi das cruzes,0,1,0.0,2.0,False
riachuelo shopping mooca,0,8,0.0,2.375,True
riachuelo shopping mueller,0,2,0.0,1.0,False
riachuelo shopping norte sul,0,1,0.0,2.0,False
riachuelo shopping oriente,0,4,0.0,1.0,True
riachuelo shopping patio paulista,0,2,0.0,1.0,False
riachuelo shopping paulista,0,1,0.0,1.0,False
riachuelo shopping penha,0,1,0.0,1.0,False
riachuelo shopping plaza,0,1,0.0,1.0,False
riachuelo shopping plaza sul,0,4,0.0,3.0,True
riachuelo shopping raposo,0,5,0.0,1.0,True
riachuelo shopping rio poty,0,3,0.0,3.6666666666666665,True
riachuelo shopping rio poty qual piso,0,4,0.0,1.0,True
riachuelo shopping rio sul,0,9,0.0,1.0,True
riachuelo shopping rio sul qual andar,0,2,0.0,1.0,False
riachuelo shopping salvador,0,1,0.0,4.0,False
riachuelo shopping santa cruz,0,9,0.0,1.0,True
riachuelo shopping santa ursula,0,3,0.0,3.0,True
riachuelo shopping sao caetano,0,1,0.0,4.0,False
riachuelo shopping sinop,0,1,0.0,1.0,False
riachuelo shopping sp market,0,5,0.0,1.4,True
riachuelo shopping sulacap,0,1,0.0,1.0,False
riachuelo shopping suzano,0,2,0.0,1.0,False
riachuelo shopping taboão,0,1,0.0,2.0,False
riachuelo shopping tamboré,0,1,0.0,2.0,False
riachuelo shopping tatuape,0,1,0.0,1.0,False
riachuelo shopping tijuca,0,28,0.0,1.3214285714285714,True
riachuelo shopping tijuca andar,0,2,0.0,1.0,False
riachuelo shopping tucuruvi,0,1,0.0,1.0,False
riachuelo shopping uberaba,0,1,0.0,2.0,False
riachuelo shopping vila velha,0,6,0.0,1.3333333333333333,True
riachuelo shopping villa lobos,0,3,0.0,1.0,True
riachuelo shopping vitória,0,11,0.0,3.0,True
riachuelo shopping west plaza,0,1,0.0,1.0,False
riachuelo sider shopping,0,1,0.0,1.0,False
riachuelo sobral,0,5,0.0,1.2,True
riachuelo sobral shopping,0,2,0.0,1.5,False
riachuelo sorocaba,0,1,0.0,6.0,False
riachuelo sp market,0,1,0.0,3.0,False
riachuelo sumare,0,4,0.0,1.5,True
riachuelo suzano shopping,0,1,0.0,1.0,False
riachuelo são bento,0,1,0.0,2.0,False
riachuelo são josé dos pinhais,0,2,0.0,1.0,False
riachuelo são luis shopping,0,1,0.0,2.0,False
riachuelo são vicente,0,4,0.0,2.0,True
riachuelo taguatinga shopping,0,1,0.0,4.0,False
riachuelo tapetes,0,5,0.0,51.6,True
riachuelo taquara plaza,0,2,0.0,1.0,False
riachuelo tatuapé,0,4,0.0,1.0,True
riachuelo tatuapé shopping,0,1,0.0,1.0,False
riachuelo telefone,0,1,0.0,4.0,False
riachuelo telefone 0800,0,1,0.0,3.0,False
riachuelo telefone central,0,1,0.0,1.0,False
riachuelo telefone sac,0,16,0.0,1.0,True
riachuelo telefone zap,0,5,0.0,1.0,True
riachuelo teresópolis,0,2,0.0,1.0,False
riachuelo terrazzo,0,2,0.0,1.0,False
riachuelo tiete plaza,0,1,0.0,3.0,False
riachuelo tijuca,0,7,0.0,1.0,True
riachuelo top shopping,0,5,0.0,1.0,True
riachuelo uberlândia shopping,0,1,0.0,3.0,False
riachuelo valinhos,0,1,0.0,1.0,False
riachuelo vila velha,0,1,0.0,5.0,False
riachuelo vilhena,0,2,0.0,1.0,False
riachuelo villa romana,0,2,0.0,3.0,False
riachuelo várzea grande,0,1,0.0,1.0,False
riachuelo whatsapp,0,6,0.0,1.0,True
riachuelo.com.br,0,1,0.0,38.0,False
riachuelo.home,0,1,0.0,6.0,False
riachuelocasa,0,598,0.0,7.031772575250836,True
riachuelp casa,0,18,0.0,4.388888888888889,True
riachueo casa,0,27,0.0,4.518518518518519,True
riachuleo casa,0,22,0.0,3.909090909090909,True
riachulo casa,0,50,0.0,5.4,True
riachuo casa,0,1,0.0,6.0,False
riachurlo casa,0,22,0.0,4.863636363636363,True
riacuelo casa,0,25,0.0,4.6,True
riamigos,0,1,0.0,8.0,False
riavhuelo casa,0,9,0.0,5.888888888888889,True
riaxhuelo casa,0,15,0.0,4.6,True
ribeirão preto shopping santa ursula,0,32,0.0,16.9375,True
ribeirão preto shoppings,0,1,0.0,44.0,False
ribeirão preto tempo,0,1,0.0,48.0,False
ricachuelo casa,0,2,0.0,33.0,False
ricads,0,2,0.0,5.0,False
ricahrds,0,118,0.0,7.805084745762712,True
ricahuelo casa,0,18,0.0,6.5,True
ricardo almeida,0,9,0.0,4.333333333333334,True
ricardo almeida lojas,0,4,0.0,1.75,True
ricardo almeida park shopping,0,2,0.0,10.0,False
ricardo ferreira richards,0,1,0.0,2.0,False
ricardo visco,0,1,0.0,2.0,False
ricardoalmeida,0,1,0.0,4.0,False
ricchards,0,5,0.0,4.4,True
ricgards,0,34,0.0,8.382352941176471,True
richaards,0,8,0.0,6.75,True
richadds,0,2,0.0,4.5,False
richadrs,0,1,0.0,5.0,False
richaeds,0,42,0.0,6.9523809523809526,True
richands,0,3,0.0,5.333333333333333,True
richard,0,2,0.0,3.0,False
richard loja,0,260,0.0,10.738461538461538,True
richard loja de roupa,0,14,0.0,9.142857142857142,True
richard lojas,0,12,0.0,5.583333333333333,True
richard lojas rio de janeiro,0,4,0.0,11.25,True
richard marca de roupa,0,72,0.0,5.194444444444445,True
richard roupas masculinas,0,1,0.0,11.0,False
richard s,0,1,0.0,10.0,False
richard store,0,1,0.0,12.0,False
richard stores,0,1,0.0,12.0,False
richard's,0,1,0.0,3.0,False
richarda,0,5,0.0,6.0,True
richardas,0,45,0.0,6.355555555555555,True
richardc,0,5,0.0,4.2,True
richardds,0,19,0.0,5.7368421052631575,True
richarded,0,1,0.0,6.0,False
richarder,0,6,0.0,6.166666666666667,True
richardf,0,1,0.0,6.0,False
richardm xxx,0,1,0.0,4.0,False
richardoss,0,13,0.0,6.076923076923077,True
richardp,0,2,0.0,6.0,False
richardr,0,33,0.0,6.090909090909091,True
richards 2018 cultural tourism a review of recent research and trends,0,1,0.0,1.0,False
richards bh shopping,0,53,0.0,9.547169811320755,True
richards brasil,0,1,0.0,38.0,False
richards com br,0,3,0.0,70.0,True
richards do brasil,0,1,0.0,4.0,False
richards fotos,0,1,0.0,40.0,False
richards ibirapuera,0,1,0.0,3.0,False
richards icarai,0,1,0.0,3.0,False
richards kids,0,9,0.0,9.11111111111111,True
richards loja,0,5633,0.0,8.907686845375466,True
richards loja masculina,0,12,0.0,14.75,True
richards lojas,0,113,0.0,11.486725663716815,True
richards lojas sp,0,7,0.0,33.0,True
richards manaus,0,1,0.0,13.0,False
richards marca,0,22,0.0,7.909090909090909,True
richards marca de roupa,0,19,0.0,5.7368421052631575,True
richards moda,0,5,0.0,66.6,True
richards moda masculina,0,9,0.0,50.44444444444444,True
richards outlet,0,33,0.0,38.515151515151516,True
richards richards,0,9,0.0,27.0,True
richards rio de janeiro,0,1,0.0,90.0,False
richards roupas,0,2,0.0,27.0,False
richards roupas femininas,0,2,0.0,5.0,False
richards shopping morumbi,0,147,0.0,10.503401360544217,True
richards shopping recife,0,188,0.0,10.957446808510639,True
richards site,0,17,0.0,66.82352941176471,True
richards store,0,1,0.0,12.0,False
richards zona 01,0,1,0.0,1.0,False
richards.com.br,0,2,0.0,86.0,False
richardsa,0,7,0.0,7.428571428571429,True
richardsba,0,1,0.0,8.0,False
richardsk,0,1,0.0,7.0,False
richardsp,0,1,0.0,8.0,False
richardss,0,26,0.0,6.153846153846154,True
richardw,0,79,0.0,6.265822784810126,True
richardx,0,3,0.0,5.0,True
richarfd,0,9,0.0,6.888888888888889,True
richarfs,0,79,0.0,7.468354430379747,True
richarls,0,8,0.0,5.875,True
richaros,0,5,0.0,6.8,True
richarrds,0,1,0.0,4.0,False
richars,0,472,0.0,7.322033898305085,True
richarsa,0,24,0.0,5.916666666666667,True
richarsd,0,12,0.0,6.333333333333333,True
richarss,0,55,0.0,6.818181818181818,True
richatds,0,151,0.0,7.072847682119205,True
richats,0,7,0.0,6.571428571428571,True
richcards,0,2,0.0,7.0,False
richds,0,5,0.0,6.0,True
richeds,0,4,0.0,7.0,True
richerds,0,45,0.0,7.044444444444444,True
richords,0,20,0.0,6.3,True
richrads,0,27,0.0,5.666666666666667,True
richrds,0,102,0.0,11.931372549019608,True
richrs,0,13,0.0,6.3076923076923075,True
richsrds,0,91,0.0,9.23076923076923,True
richuelo casa,0,67,0.0,5.82089552238806,True
ricjards,0,48,0.0,6.270833333333333,True
rij,0,2,0.0,37.5,False
rio do sul sc shopping,0,2,0.0,30.0,False
rio grande mall ltda,0,1,0.0,38.0,False
rio junior,0,4,0.0,29.75,True
rio poty teresina,0,1,0.0,9.0,False
rio sul pet friendly,0,1,0.0,1.0,False
rio sul riachuelo,0,3,0.0,1.0,True
rip curl outlet santo amaro,0,6,0.0,24.0,True
riqchuelo casa,0,45,0.0,4.711111111111111,True
rischuelo casa,0,79,0.0,5.493670886075949,True
rischuelo home,0,5,0.0,7.0,True
rishards,0,19,0.0,5.842105263157895,True
rivhards,0,67,0.0,7.3283582089552235,True
riviera cafe continente shopping,0,1,0.0,11.0,False
rixhards,0,42,0.0,8.738095238095237,True
rixhars,0,3,0.0,7.0,True
rj shopping,0,1,0.0,9.0,False
roachuelo casa,0,25,0.0,5.0,True
roberto santiago,0,1,0.0,2.0,False
robo garten,0,7,0.0,4.714285714285714,True
robo que faz sorvete,0,148,0.0,4.972972972972973,True
robot cream,0,2,0.0,10.5,False
robot garten,0,1,0.0,2.0,False
robot ice cream kiosk,0,1,0.0,12.0,False
roboteria,0,78,0.0,9.102564102564102,True
roboteria franquia,0,5,0.0,25.8,True
rocco lingerie,0,1,0.0,3.0,False
rochards,0,361,0.0,7.8171745152354575,True
rochelli calçados joinville,0,2,0.0,55.5,False
roda gigante,0,1,0.0,11.0,False
roda gigante altura,0,1,0.0,87.0,False
roda gigante em las vegas,0,2,0.0,77.0,False
roda gigante joinville,0,1,0.0,46.0,False
roda gigante las vegas altura,0,1,0.0,68.0,False
roda gigante multicenter,0,1,0.0,1.0,False
roda gigante shopping,0,1,0.0,1.0,False
roda shopping,0,7,0.0,10.142857142857142,True
roda shopping center,0,1,0.0,11.0,False
roda-gigante,0,3,0.0,15.333333333333334,True
rodas gigante,0,1,0.0,10.0,False
rodas gigantes,0,1,0.0,100.0,False
rodizio balneario camboriu,0,1,0.0,9.0,False
rodízio balneário camboriú barato,0,1,0.0,2.0,False
rodízio de massas balneário camboriú 4 avenida,0,1,0.0,5.0,False
romeu retzlaff,0,2,0.0,29.0,False
rooftop,0,1,0.0,8.0,False
rooftop em balneário camboriú,0,1,0.0,4.0,False
rooftop em blumenau,0,1,0.0,38.0,False
ropa,0,1,0.0,3.0,False
ropek bebe,0,1,0.0,3.0,False
ropek roupa infantil,0,1,0.0,5.0,False
roupa,0,1,0.0,2.0,False
roupa continente,0,1,0.0,10.0,False
roupa da canal,0,2,0.0,77.5,False
roupa da taco,0,1,0.0,3.0,False
roupa de bebê na riachuelo,0,1,0.0,3.0,False
roupa dress to,0,1,0.0,86.0,False
roupa infantil grow up,0,2,0.0,37.0,False
roupa lanca perfume,0,1,0.0,66.0,False
roupa richards,0,1,0.0,2.0,False
roupas baratas em sombrio sc,0,1,0.0,3.0,False
roupas canal,0,83,0.0,6.590361445783133,True
roupas da canal,0,19,0.0,15.894736842105264,True
roupas da marca lança perfume,0,3,0.0,62.666666666666664,True
roupas da puket,0,1,0.0,26.0,False
roupas de cama riachuelo,0,3,0.0,68.66666666666667,True
roupas grow up,0,4,0.0,39.5,True
roupas infantil lilica ripilica,0,1,0.0,43.0,False
roupas infantil riachuelo,0,1,0.0,22.0,False
roupas lanca perfume,0,1,0.0,75.0,False
roupas lilica e tigor,0,2,0.0,6.0,False
roupas lilica ripilica original,0,1,0.0,5.0,False
roupas mob,0,1,0.0,56.0,False
roupas yogini,0,3,0.0,40.0,True
rpg florianopolis,0,1,0.0,10.0,False
rrichards,0,2,0.0,6.0,False
rtwalk,0,6,0.0,7.0,True
rua 7 de setembro,0,1,0.0,5.0,False
rua 7 de setembro 1213,0,2,0.0,27.0,False
rua alberto de almeida junior,0,1,0.0,6.0,False
rua almeida junior,0,51,0.0,20.529411764705884,True
rua almeida junior 25,0,23,0.0,7.434782608695652,True
rua almeida junior 59 jardim santana,0,22,0.0,7.636363636363637,True
rua almeida junior cep,0,1,0.0,10.0,False
rua almeida júnior,0,11,0.0,18.818181818181817,True
rua angelo dias 220,0,1,0.0,2.0,False
rua doutor almeida lima 1034,0,2,0.0,42.0,False
rua doutor almeida lima 477,0,5,0.0,25.6,True
rua doutor almeida lima 477 brás,0,1,0.0,34.0,False
rua dr almeida lima 477 brás,0,2,0.0,28.5,False
rua filomena nunes 162,0,1,0.0,24.0,False
rua gaspar ricardo junior 135,0,1,0.0,40.0,False
rua joinville blumenau,0,1,0.0,71.0,False
rua josé almeida,0,1,0.0,11.0,False
"rua sete de setembro, 1213",0,1,0.0,29.0,False
rua xv de novembro blumenau lojas,0,2,0.0,3.0,False
ruachuelo casa,0,52,0.0,4.6923076923076925,True
ruchards,0,253,0.0,7.877470355731226,True
ruchars,0,5,0.0,6.8,True
s,0,1,0.0,4.0,False
s mall,0,1,0.0,90.0,False
sabin cupom de desconto,0,1,0.0,11.0,False
sabores do mar balneário camboriú cardápio,0,1,0.0,11.0,False
sabrina 2,0,1,0.0,1.0,False
sabta lola,0,1,0.0,5.0,False
sabta lolla,0,2,0.0,40.0,False
sac adcos,0,1,0.0,1.0,False
sac riachuelo,0,1,0.0,2.0,False
sac schutz,0,2,0.0,2.0,False
sac schutz email,0,1,0.0,1.0,False
sac simple organic,0,2,0.0,2.0,False
sacolao nacoes,0,1,0.0,11.0,False
sacolao santa lolla,0,38,0.0,4.631578947368421,True
saga malls,0,12,0.0,63.25,True
saias lez a lez,0,1,0.0,7.0,False
saida de praia blue beach,0,1,0.0,61.0,False
saint germain balneario shopping,0,5,0.0,10.8,True
saint germain brand cnpj,0,1,0.0,6.0,False
sala macro xe continente shopping,0,1,0.0,34.0,False
sala vip balneario shopping,0,3,0.0,11.0,True
sala vip florianopolis,0,1,0.0,96.0,False
sala vip nacoes shopping,0,8,0.0,15.5,True
salad shop,0,16,0.0,10.1875,True
salad shopping,0,3,0.0,13.0,True
salad store,0,2,0.0,17.5,False
salad tasty,0,1,0.0,53.0,False
salao balneario shopping,0,19,0.0,9.157894736842104,True
salao de beleza no shopping balneario camboriu,0,1,0.0,11.0,False
salao de beleza shopping balneario camboriu,0,1,0.0,11.0,False
salao shopping neumarkt,0,26,0.0,12.692307692307692,True
salas modernas grandes,0,1,0.0,81.0,False
sale days,0,10,0.0,19.4,True
sales,0,1,0.0,2.0,False
sales promos,0,1,0.0,39.0,False
salina,0,2,0.0,1.0,False
salina mall,0,1,0.0,22.0,False
salinas,0,12,0.0,9.666666666666666,True
salinas biquinis brasil,0,7,0.0,77.42857142857143,True
salinas biquínis,0,1,0.0,34.0,False
salinas franquia,0,2,0.0,7.5,False
salinas kids,0,1,0.0,10.0,False
salinas loja,0,334,0.0,10.87125748502994,True
salinas lojas,0,63,0.0,31.761904761904763,True
salinas lojas rj,0,7,0.0,66.71428571428571,True
salinas lojas sp,0,1,0.0,86.0,False
salinas maios,0,1,0.0,75.0,False
salinas maiô,0,1,0.0,39.0,False
salinas mall,0,2,0.0,77.5,False
salinas moda praia,0,2,0.0,48.0,False
salinas outlet mall,0,5,0.0,42.0,True
salinas saida de praia,0,3,0.0,66.33333333333333,True
salinas shopping,0,32,0.0,25.75,True
salinas shopping center,0,10,0.0,32.1,True
salinas shopping fotos,0,2,0.0,6.5,False
salinas shopping iguatemi,0,60,0.0,9.966666666666667,True
salinas shopping morumbi,0,13,0.0,12.23076923076923,True
salinas shopping salvador,0,1,0.0,1.0,False
salmeida,0,2,0.0,5.5,False
salto,0,1,0.0,6.0,False
salto bloco uza,0,1,0.0,3.0,False
salto dourado uza,0,1,0.0,11.0,False
salto uza,0,1,0.0,3.0,False
salão de beleza balneário camboriú shopping,0,3,0.0,21.0,True
salão de beleza nações shopping criciúma,0,1,0.0,30.0,False
salão de festas almeida’s rio de janeiro,0,2,0.0,13.0,False
samsonite,0,5,0.0,24.8,True
samsonite norte shopping,0,5,0.0,24.0,True
samsonite samsonite,0,2,0.0,50.0,False
samsonite shopping tijuca,0,3,0.0,16.333333333333336,True
samsung balneario camboriu shopping,0,3,0.0,14.333333333333334,True
samsung dia dos pais,0,1,0.0,36.0,False
samsung dias dos pais,0,1,0.0,30.0,False
samsung galaxy junior,0,2,0.0,26.5,False
samsung junior,0,1,0.0,20.0,False
samsung kits,0,2,0.0,9.0,False
samsung neumarkt,0,8,0.0,11.75,True
samsung promoção dia dos pais,0,1,0.0,29.0,False
samsung shopping continente,0,1,0.0,19.0,False
samsung shopping neumarkt,0,12,0.0,9.833333333333334,True
samsung shopping prêmio,0,1,0.0,98.0,False
samta lolla,0,1,0.0,4.0,False
san paolo tartuferia,0,1,0.0,61.0,False
sanata lola,0,1,0.0,7.0,False
sandalia,0,3,0.0,6.0,True
sandalia feminina,0,1,0.0,11.0,False
sandalia feminina chique,0,1,0.0,2.0,False
sandalia petite jolie,0,1,0.0,5.0,False
sandalia plataforma moleca,0,1,0.0,5.0,False
sandalia schutz,0,8,0.0,5.0,True
sandalia uza,0,2,0.0,6.0,False
sandalia uza shoes,0,3,0.0,4.666666666666666,True
sandaliaria continente shopping,0,2,0.0,9.5,False
sandalias,0,1,0.0,8.0,False
sandalias baixas,0,1,0.0,4.0,False
sandalias brasil,0,4,0.0,3.0,True
sandalias brasileras marcas,0,10,0.0,1.0,True
sandalias brazil,0,4,0.0,5.0,True
sandalias cleopatra,0,1,0.0,3.0,False
sandalias da moda,0,1,0.0,2.0,False
sandalias do brasil,0,2,0.0,3.0,False
sandalias modernas,0,1,0.0,3.0,False
sandalias schutz,0,1,0.0,5.0,False
sandalias uza,0,1,0.0,48.0,False
sandália,0,7,0.0,3.857142857142857,True
sandália branca,0,2,0.0,5.0,False
sandália brasileira,0,2,0.0,2.0,False
sandália confort usaflex,0,1,0.0,4.0,False
sandália da schutz,0,1,0.0,6.0,False
sandália de couro feminina,0,1,0.0,1.0,False
sandália femenina,0,1,0.0,4.0,False
sandália feminina,0,2,0.0,3.0,False
sandália feminina com salto grosso,0,2,0.0,4.0,False
sandália ipanema sempre nova,0,1,0.0,5.0,False
sandália moleca,0,1,0.0,6.0,False
sandália papete,0,1,0.0,3.0,False
sandália plataforma reta,0,1,0.0,6.0,False
sandália prata uza,0,1,0.0,10.0,False
sandália rasteira chique,0,1,0.0,2.0,False
sandália salto médio fino,0,1,0.0,5.0,False
sandália santa lolla anabela,0,1,0.0,5.0,False
sandália schutz,0,8,0.0,5.375,True
sandália schutz original,0,3,0.0,5.0,True
sandália schutz promoção,0,4,0.0,3.25,True
sandália schutz salto,0,1,0.0,5.0,False
sandália vermelha arezzo,0,1,0.0,5.0,False
sandálias da moda feminina,0,1,0.0,2.0,False
sandálias do brasil,0,1,0.0,2.0,False
sandálias femininas,0,2,0.0,5.5,False
sandálias moleca plataforma,0,1,0.0,3.0,False
sanfu bijuterias florianópolis,0,2,0.0,11.0,False
santa ajuda gnt como participar,0,1,0.0,47.0,False
santa almeida,0,1,0.0,11.0,False
santa cata,0,1,0.0,9.0,False
santa catarina,0,7,0.0,3.857142857142857,True
santa catarina balneario,0,2,0.0,76.5,False
santa catarina brazil cities,0,3,0.0,3.6666666666666665,True
santa catarina cidades,0,1,0.0,1.0,False
santa catarina cities,0,68,0.0,19.926470588235293,True
santa catarina city,0,22,0.0,41.54545454545455,True
santa catarina economy news,0,5,0.0,48.6,True
santa catarina historia,0,1,0.0,101.0,False
santa catarina idh,0,4,0.0,55.75,True
santa catarina lidera ranking,0,4,0.0,9.0,True
santa catarina lojas,0,1,0.0,36.0,False
santa catarina mall,0,5,0.0,59.2,True
santa catarina municipalities,0,1,0.0,24.0,False
santa catarina outlet,0,3,0.0,44.0,True
santa catarina pib,0,1,0.0,80.0,False
santa catarina retail news,0,9,0.0,10.444444444444445,True
santa catarina shopping,0,40,0.0,31.175,True
santa catarina shopping lojas,0,2,0.0,37.0,False
santa catarina tamanho,0,3,0.0,43.333333333333336,True
santa catarina tem shopping,0,44,0.0,4.931818181818182,True
santa catarina ultimas noticias,0,1,0.0,51.0,False
santa catarina?,0,1,0.0,2.0,False
santa disney,0,1,0.0,93.0,False
santa isabel centro,0,1,0.0,72.0,False
santa isabel shopping,0,5,0.0,8.2,True
santa isabel shopping center,0,1,0.0,10.0,False
santa lila,0,1,0.0,4.0,False
santa lloa,0,1,0.0,5.0,False
santa loa,0,1,0.0,9.0,False
santa loja,0,4,0.0,13.0,True
santa lol,0,2,0.0,6.5,False
santa lola,0,194,0.0,14.293814432989691,True
santa lola brasil,0,28,0.0,7.214285714285714,True
santa lola loja,0,15,0.0,15.933333333333334,True
santa lola lojas,0,52,0.0,12.846153846153847,True
santa lola marca,0,13,0.0,6.153846153846154,True
santa lola perto de mim,0,1,0.0,10.0,False
santa lola santa,0,1,0.0,2.0,False
santa lola shopping,0,29,0.0,8.724137931034484,True
santa lolaa,0,1,0.0,8.0,False
santa loll,0,4,0.0,36.5,True
santa lolla afonso pena,0,1,0.0,4.0,False
santa lolla asa sul,0,1,0.0,5.0,False
santa lolla bolsa,0,1,0.0,6.0,False
santa lolla brasil,0,927,0.0,6.716289104638619,True
santa lolla calçados,0,1,0.0,25.0,False
santa lolla calçados outlet,0,8,0.0,94.25,True
santa lolla centro,0,1,0.0,10.0,False
santa lolla centro rj,0,1,0.0,7.0,False
santa lolla cnpj,0,2,0.0,12.5,False
santa lolla continente shopping,0,28,0.0,6.714285714285714,True
santa lolla ecomme,0,1,0.0,5.0,False
santa lolla fotos,0,1446,0.0,2.876210235131397,True
santa lolla franquia,0,170,0.0,11.923529411764706,True
santa lolla franquia valor,0,75,0.0,14.226666666666667,True
santa lolla garten shopping,0,26,0.0,10.5,True
santa lolla história,0,2,0.0,3.0,False
santa lolla itajai,0,10,0.0,7.2,True
santa lolla joinville,0,39,0.0,12.076923076923077,True
santa lolla lancamentos,0,1,0.0,60.0,False
santa lolla loja,0,60,0.0,26.3,True
santa lolla loja fisica,0,3,0.0,34.0,True
santa lolla loja shopping,0,4,0.0,10.25,True
santa lolla lojas,0,632,0.0,17.80221518987342,True
santa lolla lojas fisicas,0,4,0.0,9.25,True
santa lolla mais perto de mim,0,1,0.0,1.0,False
santa lolla marca,0,133,0.0,6.368421052631579,True
santa lolla no shopping,0,8,0.0,8.625,True
santa lolla norte shopping,0,4,0.0,12.0,True
santa lolla nova america,0,1,0.0,3.0,False
santa lolla oficial,0,2,0.0,52.5,False
santa lolla onde tem,0,5,0.0,12.6,True
santa lolla patos de minas,0,1,0.0,4.0,False
santa lolla perto de mim,0,8,0.0,2.5,True
santa lolla photos,0,3,0.0,8.0,True
santa lolla plaza,0,9,0.0,33.111111111111114,True
santa lolla shoes,0,1,0.0,69.0,False
santa lolla shopping,0,353,0.0,9.138810198300284,True
santa lolla shopping abc,0,1,0.0,7.0,False
santa lolla shopping continente,0,21,0.0,6.142857142857143,True
santa lolla shopping internacional,0,7,0.0,12.857142857142858,True
santa lolla shopping itaguaçu,0,1,0.0,9.0,False
santa lolla shopping uniao,0,1,0.0,13.0,False
santa lolla tambau,0,1,0.0,3.0,False
santa lolla tem em qual shopping,0,1,0.0,13.0,False
santa lolla trabalhe conosco,0,4,0.0,32.25,True
santa lolla vitoria de santo antao,0,1,0.0,6.0,False
santa lolla wikipedia,0,1,0.0,2.0,False
santa lolla é franquia,0,13,0.0,10.461538461538462,True
santa lolla é uma santa,0,175,0.0,8.46857142857143,True
santa lollla,0,2,0.0,28.5,False
santa lollo,0,1,0.0,3.0,False
santa lolls,0,1,0.0,41.0,False
santa lolo,0,4,0.0,24.75,True
santa loola,0,1,0.0,9.0,False
santa loolla,0,1,0.0,10.0,False
santa polla,0,1,0.0,6.0,False
santa stores,0,1,0.0,98.0,False
santa ursula,0,8,0.0,16.25,True
santa ursula cinema,0,1,0.0,1.0,False
santa ursula cinema ribeirão preto,0,1,0.0,5.0,False
santa ursula latest,0,3,0.0,19.333333333333332,True
santa ursula lojas,0,1,0.0,3.0,False
santa ursula ribeirao,0,97,0.0,19.082474226804123,True
santa ursula ribeirao preto,0,420,0.0,23.1,True
santa ursula ribeirão preto,0,146,0.0,11.349315068493151,True
santa ursula santa,0,1,0.0,1.0,False
santa ursula shopping,0,375,0.0,11.992,True
santa ursula shopping cinema,0,1,0.0,21.0,False
santa ursula shopping lojas,0,1,0.0,89.0,False
santa ursula shopping ribeirão preto,0,162,0.0,15.339506172839506,True
santa úrsula ribeirão preto,0,34,0.0,15.705882352941176,True
santa úrsula shopping,0,67,0.0,19.850746268656717,True
santal,0,1,0.0,4.0,False
santalalla,0,1,0.0,4.0,False
santallola,0,1,0.0,64.0,False
santalola,0,19,0.0,21.842105263157894,True
santalolla,0,4667,0.0,8.008356545961004,True
santalolla fotos,0,2,0.0,2.0,False
santan lolla,0,1,0.0,10.0,False
santander blumenau centro,0,1,0.0,4.0,False
santil marginal,0,1,0.0,5.0,False
santo lola,0,1,0.0,10.0,False
santo lolla,0,1,0.0,6.0,False
sao jose de almeida,0,7,0.0,62.857142857142854,True
sao jose santa catarina,0,1,0.0,2.0,False
sao jose shopping,0,7,0.0,49.857142857142854,True
sao miguel do oeste sc,0,1,0.0,4.0,False
sao paulo mall shopping,0,1,0.0,79.0,False
sao silvestre distancia,0,1,0.0,1.0,False
sao6,0,1,0.0,1.0,False
saparato,0,1,0.0,1.0,False
sapat,0,236,0.0,1.021186440677966,True
sapatenis schutz,0,1,0.0,3.0,False
sapatilha de boxe,0,1,0.0,6.0,False
sapatilha schultz,0,1,0.0,7.0,False
sapatilha schutz promoção,0,1,0.0,13.0,False
sapatilha uza,0,2,0.0,26.0,False
sapatilhas,0,1,0.0,5.0,False
sapato,0,3,0.0,3.0,True
sapato adidas preto feminino,0,1,0.0,7.0,False
sapato birman,0,1,0.0,2.0,False
sapato brasileiro,0,4,0.0,1.0,True
sapato c,0,1,0.0,1.0,False
sapato da marca,0,1,0.0,4.0,False
sapato da schutz,0,1,0.0,3.0,False
sapato de couro legítimo,0,1,0.0,1.0,False
sapato s,0,2,0.0,1.0,False
sapato santa lolla,0,3,0.0,50.0,True
sapato sapao,0,1,0.0,2.0,False
sapato sapato sapato,0,1,0.0,5.0,False
sapato schutz,0,1,0.0,5.0,False
sapato schutz feminino,0,4,0.0,4.0,True
sapato uza,0,1,0.0,3.0,False
sapato uzu,0,1,0.0,5.0,False
sapato vulcabras antigo,0,1,0.0,2.0,False
sapato vulcabras masculino,0,1,0.0,4.0,False
sapatos,0,1,0.0,1.0,False
sapatos brasileiros,0,20,0.0,1.5,True
sapatos brasileiros femininos,0,2,0.0,2.5,False
sapatos brasileiros marcas,0,14,0.0,1.1428571428571428,True
sapatos constance,0,1,0.0,48.0,False
sapatos da constance,0,1,0.0,3.0,False
sapatos da usaflex,0,1,0.0,74.0,False
sapatos de marcas,0,1,0.0,2.0,False
sapatos degalls,0,4,0.0,9.5,True
sapatos marcas,0,1,0.0,4.0,False
sapatos pampili,0,2,0.0,93.5,False
sapatos schutz,0,2,0.0,3.5,False
sapatos schutz feminino,0,2,0.0,3.0,False
sapatos schutz promoção,0,1,0.0,6.0,False
sapatos shoes,0,1,0.0,5.0,False
sapatos usa,0,2,0.0,3.0,False
sapatos zatta,0,1,0.0,11.0,False
saphyr shopping centers,0,4,0.0,68.5,True
sara schutz,0,1,0.0,1.0,False
sardinien shopping center,0,1,0.0,57.0,False
sata lola,0,2,0.0,25.5,False
saudades almeida junior,0,4,0.0,43.25,True
sauq,0,25,0.0,5.72,True
sbshoppings,0,1,0.0,54.0,False
sc,0,3,0.0,4.666666666666666,True
sc abl,0,28,0.0,49.5,True
sc farm,0,1,0.0,1.0,False
sc merchandising,0,1,0.0,1.0,False
sc merchandising baixar aplicativo,0,4,0.0,8.75,True
sc model,0,1,0.0,21.0,False
sc residences,0,3,0.0,8.666666666666668,True
sc shopping,0,4,0.0,8.25,True
sc shopping center,0,3,0.0,2.0,True
scarlen site,0,2,0.0,2.0,False
scarpetta livro,0,1,0.0,2.0,False
scarpin branco uza,0,1,0.0,9.0,False
scarpin dourado uza,0,1,0.0,6.0,False
scarpin schutz,0,4,0.0,6.25,True
scarpin schutz preto,0,1,0.0,13.0,False
sch u,0,1,0.0,1.0,False
schauste,0,3,0.0,2.0,True
schauts,0,1,0.0,1.0,False
schhutz,0,1,0.0,2.0,False
schiltz,0,4,0.0,1.0,True
schitz,0,8,0.0,3.625,True
schiutz,0,1,0.0,4.0,False
schiz_japa,0,7,0.0,1.0,True
schoas,0,1,0.0,1.0,False
schoez,0,1,0.0,2.0,False
schomp cars,0,1,0.0,32.0,False
schoping center,0,1,0.0,9.0,False
schoppin,0,1,0.0,4.0,False
schopping center,0,1,0.0,2.0,False
schotche,0,1,0.0,2.0,False
schouch,0,1,0.0,1.0,False
schozz,0,1,0.0,1.0,False
schreu,0,1,0.0,2.0,False
schriz,0,1,0.0,1.0,False
schruz,0,3,0.0,1.0,True
scht,0,1,0.0,1.0,False
schtes,0,1,0.0,1.0,False
schtg,0,1,0.0,1.0,False
schtiz,0,2,0.0,3.5,False
schtuz,0,9,0.0,2.2222222222222223,True
schtz,0,7,0.0,4.428571428571429,True
schu,0,5,0.0,3.0,True
schuartz,0,1,0.0,2.0,False
schuas,0,2,0.0,1.0,False
schubis,0,1,0.0,1.0,False
schucs,0,1,0.0,1.0,False
schucy,0,1,0.0,1.0,False
schuhe franchise,0,1,0.0,59.0,False
schuite,0,2,0.0,1.0,False
schuitz,0,1,0.0,2.0,False
schuktz,0,1,0.0,3.0,False
schultez,0,2,0.0,24.0,False
schults,0,4,0.0,1.75,True
schultsz,0,4,0.0,1.0,True
schultz,0,25,0.0,2.04,True
schultz brasil,0,1,0.0,7.0,False
schultz sapato,0,1,0.0,7.0,False
schultz viagens,0,1,0.0,4.0,False
schultza,0,1,0.0,1.0,False
schulz marca,0,1,0.0,1.0,False
schuntz,0,1,0.0,6.0,False
schuos,0,1,0.0,2.0,False
schurs,0,7,0.0,1.0,True
schurtz,0,3,0.0,2.666666666666667,True
schusch,0,1,0.0,1.0,False
schut,0,1,0.0,3.0,False
schutlz,0,1,0.0,2.0,False
schuto,0,1,0.0,2.0,False
schuts,0,10,0.0,5.2,True
schutsz,0,1,0.0,3.0,False
schutz 3,0,1,0.0,1.0,False
schutz alemão,0,1,0.0,4.0,False
schutz altina,0,1,0.0,9.0,False
schutz analia franco,0,1,0.0,19.0,False
schutz aracaju,0,1,0.0,5.0,False
schutz arezzo,0,1,0.0,2.0,False
schutz assinatura,0,1,0.0,2.0,False
schutz auge,0,1,0.0,1.0,False
schutz avenida brasil,0,3,0.0,10.0,True
schutz balneario shopping,0,108,0.0,11.453703703703704,True
schutz barra shopping sul,0,7,0.0,1.1428571428571428,True
schutz bh shopping,0,1,0.0,3.0,False
schutz birken,0,1,0.0,1.0,False
schutz blumenau,0,104,0.0,8.413461538461538,True
schutz boa vista,0,1,0.0,1.0,False
schutz bolsa,0,20,0.0,4.55,True
schutz bolsas,0,1,0.0,4.0,False
schutz bolsas laterais,0,1,0.0,4.0,False
schutz bota,0,1,0.0,15.0,False
schutz botas,0,1,0.0,4.0,False
schutz bourbon shopping,0,1,0.0,2.0,False
schutz br,0,1,0.0,7.0,False
schutz brasil,0,62,0.0,16.903225806451612,True
schutz brasilia,0,2,0.0,18.5,False
schutz brazil,0,3,0.0,3.6666666666666665,True
schutz cachorro,0,1,0.0,12.0,False
schutz calçados,0,7,0.0,5.285714285714286,True
schutz calçados femininos,0,1,0.0,4.0,False
schutz campina grande,0,1,0.0,3.0,False
schutz cariacica,0,1,0.0,4.0,False
schutz center norte,0,12,0.0,1.0,True
schutz cidade jardim,0,4,0.0,1.0,True
schutz cnpj,0,1,0.0,1.0,False
schutz com rainha tenis,0,1,0.0,1.0,False
schutz conjunto nacional,0,1,0.0,6.0,False
schutz contato,0,1,0.0,2.0,False
schutz continente,0,5,0.0,7.0,True
schutz couro,0,1,0.0,1.0,False
schutz criciuma,0,1,0.0,1.0,False
schutz curitiba,0,3,0.0,25.666666666666668,True
schutz de donde es,0,8,0.0,8.5,True
schutz de onde é,0,240,0.0,8.075,True
schutz dono,0,27,0.0,1.0,True
schutz dourada,0,1,0.0,1.0,False
schutz e arezzo,0,1,0.0,2.0,False
schutz e arezzo são do mesmo dono,0,2,0.0,3.0,False
schutz em alemão,0,5,0.0,3.0,True
schutz em brasilia,0,2,0.0,18.0,False
schutz em curitiba,0,1,0.0,22.0,False
schutz empresa,0,14,0.0,1.7857142857142856,True
schutz europa,0,1,0.0,3.0,False
schutz fabrica,0,5,0.0,1.2,True
schutz farm,0,1,0.0,1.0,False
schutz feira de santana,0,1,0.0,5.0,False
schutz florianopolis,0,1,0.0,4.0,False
schutz fortaleza,0,1,0.0,5.0,False
schutz fotos,0,22,0.0,5.7272727272727275,True
schutz foz do iguaçu,0,1,0.0,1.0,False
schutz franquia,0,97,0.0,11.082474226804123,True
schutz gelender,0,1,0.0,1.0,False
schutz haus,0,1,0.0,5.0,False
schutz historia,0,28,0.0,7.071428571428571,True
schutz icarai,0,1,0.0,8.0,False
schutz iguatemi,0,1,0.0,3.0,False
schutz iguatemi poa,0,1,0.0,3.0,False
schutz iguatemi ribeirão preto,0,1,0.0,6.0,False
schutz internet,0,2,0.0,1.0,False
schutz japa,0,1,0.0,1.0,False
schutz joinville,0,22,0.0,25.90909090909091,True
schutz lajeado,0,1,0.0,2.0,False
schutz loja,0,41,0.0,43.36585365853659,True
schutz loja fisica,0,4,0.0,16.0,True
schutz lojas,0,22,0.0,22.136363636363637,True
schutz lojas brasília,0,1,0.0,53.0,False
schutz lojas físicas,0,15,0.0,8.2,True
schutz lojas rj,0,1,0.0,3.0,False
schutz lojas sp,0,6,0.0,31.333333333333332,True
schutz marca brasileira,0,3,0.0,24.666666666666668,True
schutz marca origem,0,71,0.0,7.267605633802817,True
schutz maringa,0,35,0.0,1.0,True
schutz norte shopping,0,78,0.0,12.346153846153847,True
schutz nova america,0,1,0.0,3.0,False
schutz nv,0,1,0.0,3.0,False
schutz o que significa,0,7,0.0,1.2857142857142856,True
schutz oficial,0,9,0.0,3.3333333333333335,True
schutz online,0,1,0.0,2.0,False
schutz origem,0,47,0.0,1.4042553191489362,True
schutz original,0,1,0.0,4.0,False
schutz outlet premium,0,1,0.0,13.0,False
schutz palladium,0,1,0.0,1.0,False
schutz papete,0,1,0.0,5.0,False
schutz paraguay,0,1,0.0,1.0,False
schutz paris,0,2,0.0,2.0,False
schutz park shopping,0,3,0.0,10.333333333333334,True
schutz perto de mim,0,6,0.0,1.0,True
schutz pet,0,1,0.0,6.0,False
schutz porto velho,0,4,0.0,2.5,True
schutz portugal,0,5,0.0,2.6,True
schutz portugal online,0,1,0.0,11.0,False
schutz premium,0,1,0.0,4.0,False
schutz pronuncia,0,4,0.0,1.25,True
schutz raca,0,1,0.0,3.0,False
schutz rasteira,0,1,0.0,5.0,False
schutz reclame aqui,0,1,0.0,2.0,False
schutz reebok,0,1,0.0,10.0,False
schutz rio de janeiro,0,1,0.0,5.0,False
schutz rio design,0,1,0.0,5.0,False
schutz rio mar,0,1,0.0,9.0,False
schutz roupas,0,1,0.0,4.0,False
schutz sac,0,2,0.0,3.5,False
schutz salvador shopping,0,2,0.0,3.0,False
schutz sandália,0,1,0.0,13.0,False
schutz santo andre,0,1,0.0,1.0,False
schutz sapato,0,1,0.0,2.0,False
schutz sapatos,0,2,0.0,3.5,False
schutz sapatos brasil,0,1,0.0,66.0,False
schutz scarpin,0,2,0.0,4.0,False
schutz seal,0,1,0.0,2.0,False
schutz segurança,0,3,0.0,3.3333333333333335,True
schutz shoes brasil,0,1,0.0,3.0,False
schutz shopping,0,2,0.0,12.0,False
schutz shopping bourbon,0,2,0.0,2.5,False
schutz shopping center norte,0,4,0.0,1.0,True
schutz shopping continente,0,12,0.0,2.833333333333333,True
schutz shopping da bahia,0,13,0.0,1.0,True
schutz shopping da ilha,0,1,0.0,2.0,False
schutz shopping ibirapuera,0,1,0.0,4.0,False
schutz shopping mooca,0,3,0.0,3.0,True
schutz shopping morumbi,0,3,0.0,23.666666666666668,True
schutz shopping vitória,0,1,0.0,4.0,False
schutz significa,0,2,0.0,1.0,False
schutz significado,0,21,0.0,2.5238095238095237,True
schutz significado da palavra,0,3,0.0,1.6666666666666665,True
schutz site,0,3,0.0,2.666666666666667,True
schutz site oficial,0,2,0.0,3.0,False
schutz sjc,0,2,0.0,1.0,False
schutz sneaker,0,1,0.0,4.0,False
schutz sobrenome,0,16,0.0,1.0625,True
schutz store,0,1,0.0,69.0,False
schutz são josé dos campos,0,6,0.0,1.0,True
schutz tenis,0,10,0.0,5.2,True
schutz tradução,0,12,0.0,2.833333333333333,True
schutz tradução português,0,2,0.0,2.0,False
schutz tênis,0,1,0.0,3.0,False
schutz ur,0,1,0.0,1.0,False
schutz vasitex,0,15,0.0,4.066666666666666,True
schutz vasitex industria de embalagens ltda,0,1,0.0,10.0,False
schutz villa lobos,0,1,0.0,3.0,False
schutz vitoria da conquista,0,1,0.0,1.0,False
schutz wand,0,1,0.0,1.0,False
schutz whatsapp,0,1,0.0,3.0,False
schutz wiki,0,1,0.0,2.0,False
schutz wikipedia,0,3,0.0,3.0,True
schutz zu,0,4,0.0,1.0,True
schutz é de onde,0,32,0.0,8.25,True
schutz é de qual pais,0,139,0.0,4.0215827338129495,True
schutz é grife,0,37,0.0,1.0810810810810811,True
schutz é marca boa,0,6,0.0,1.0,True
schutz é marca brasileira,0,86,0.0,2.9767441860465116,True
schutz é marca de luxo,0,2,0.0,1.5,False
schutz é uma marca brasileira,0,177,0.0,4.209039548022599,True
schutz.,0,4,0.0,3.75,True
schutz.com.br,0,3,0.0,4.666666666666666,True
schutza,0,4,0.0,1.0,True
schutzcase,0,1,0.0,2.0,False
schutzciety,0,5,0.0,2.0,True
schutze,0,2,0.0,5.0,False
schutzes,0,3,0.0,1.0,True
schutzh,0,1,0.0,5.0,False
schutzi,0,2,0.0,1.0,False
schutzs,0,2,0.0,2.0,False
schutzst,0,1,0.0,1.0,False
schutzz,0,1,0.0,2.0,False
schuve,0,1,0.0,2.0,False
schuyz,0,2,0.0,3.0,False
schuzi,0,1,0.0,1.0,False
schweppes balneário activation schweppes balneário camboriú,0,2,0.0,4.5,False
schworz,0,1,0.0,1.0,False
schys,0,1,0.0,3.0,False
schytz,0,1,0.0,4.0,False
schüt,0,2,0.0,1.0,False
schütz vasitex,0,1,0.0,5.0,False
schütze,0,15,0.0,1.1333333333333333,True
sconstance,0,1,0.0,10.0,False
scrutz,0,2,0.0,2.5,False
sctz,0,1,0.0,1.0,False
scudz,0,1,0.0,2.0,False
scultz,0,1,0.0,1.0,False
scutz,0,5,0.0,14.4,True
se me nota,0,1,0.0,21.0,False
se passar,0,1,0.0,2.0,False
se ri,0,1,0.0,38.0,False
se way,0,7,0.0,75.14285714285714,True
sealed safe,0,15,0.0,51.53333333333333,True
secadora omo,0,109,0.0,6.036697247706422,True
sede,0,15,0.0,2.9333333333333336,True
sede continente,0,6,0.0,2.5,True
sede de empresa,0,4,0.0,4.75,True
sede de junior,0,1,0.0,1.0,False
sede empresa,0,1,0.0,2.0,False
sede junior,0,2,0.0,5.0,False
sedes de migraciones,0,1,0.0,1.0,False
sefora,0,1,0.0,16.0,False
seguro de carro,0,1,0.0,45.0,False
"seguros continente login,0,1,0%,4",0,3,0.0,90.0,True
seis nações,0,1,0.0,13.0,False
seletiva loja,0,1,0.0,11.0,False
selo internacional,0,1,0.0,75.0,False
selo loja segura,0,1,0.0,97.0,False
sem,0,1,0.0,3.0,False
sem parar balneário camboriú,0,3,0.0,28.333333333333332,True
sem parar blumenau,0,1,0.0,2.0,False
sem parar no carro,0,1,0.0,1.0,False
semana da sipat 2025,0,7,0.0,18.428571428571427,True
semana do consumidor 2026 sephora,0,2,0.0,4.5,False
semana do consumidor sephora 2026,0,2,0.0,6.0,False
semana premiada,0,1,0.0,68.0,False
semana sipat 2025,0,8,0.0,8.75,True
senior cinema,0,1,0.0,9.0,False
senior kids,0,1,0.0,76.0,False
senior megastore,0,1,0.0,25.0,False
senior rede impar,0,92,0.0,30.01086956521739,True
senior ri,0,56,0.0,5.089285714285714,True
senior shop,0,2,0.0,28.0,False
senior shopping,0,1,0.0,10.0,False
sensação térmica blumenau,0,1,0.0,2.0,False
sentauro,0,1,0.0,3.0,False
sentauro loja,0,19,0.0,10.578947368421053,True
seo pitanga santa ursula,0,1,0.0,1.0,False
seo pitanga shopping santa ursula,0,1,0.0,1.0,False
sephor brasil,0,1,0.0,63.0,False
sephora,0,3,0.0,17.333333333333332,True
sephora - catarina outlet fotos,0,1,0.0,7.0,False
sephora 2026,0,1,0.0,13.0,False
sephora arena,0,20,0.0,8.5,True
sephora balneario camboriu,0,406,0.0,9.068965517241379,True
sephora balneario camboriu loja,0,5,0.0,7.0,True
sephora balneario camboriu shopping,0,46,0.0,4.195652173913043,True
sephora balneario shopping,0,31,0.0,13.709677419354838,True
sephora balneário camboriú loja,0,35,0.0,7.0,True
sephora balneário shopping,0,135,0.0,10.525925925925925,True
sephora bauru,0,1,0.0,10.0,False
sephora bc,0,245,0.0,9.918367346938776,True
sephora beiramar shopping,0,1,0.0,1.0,False
sephora blumenau,0,13,0.0,17.0,True
sephora br,0,1,0.0,9.0,False
sephora camboriu brasil,0,13,0.0,8.0,True
sephora camboriú,0,12,0.0,7.0,True
sephora carrers,0,5,0.0,6.0,True
sephora caruaru,0,1,0.0,7.0,False
sephora cascavel,0,1,0.0,6.0,False
sephora cnpj,0,2,0.0,4.0,False
sephora collection,0,1,0.0,25.0,False
sephora continente shopping,0,116,0.0,8.232758620689655,True
sephora criciuma,0,5,0.0,9.8,True
sephora crossiron,0,1,0.0,8.0,False
sephora em balneário camboriú,0,173,0.0,9.757225433526012,True
sephora em blumenau,0,17,0.0,10.235294117647058,True
sephora em joinville,0,3,0.0,12.333333333333334,True
sephora em porto alegre,0,1,0.0,99.0,False
sephora em santa catarina,0,1,0.0,3.0,False
sephora en camboriu,0,104,0.0,7.5,True
sephora expansion,0,1,0.0,21.0,False
sephora experience,0,2,0.0,9.5,False
sephora fashion show,0,1,0.0,9.0,False
sephora goiania,0,1,0.0,13.0,False
sephora joinville,0,4,0.0,11.0,True
sephora loja balneario camboriu,0,4,0.0,6.75,True
sephora loja balneário camboriú,0,6,0.0,7.166666666666667,True
sephora lojas brasil,0,3,0.0,63.666666666666664,True
sephora lojas shopping,0,2,0.0,1.0,False
sephora neumarkt,0,41,0.0,8.048780487804878,True
sephora news,0,1,0.0,11.0,False
sephora norte shopping,0,1,0.0,33.0,False
sephora origem,0,1,0.0,84.0,False
sephora perto de mim shopping,0,1,0.0,1.0,False
sephora rio shopping,0,1,0.0,72.0,False
sephora santa catarina,0,10,0.0,23.1,True
sephora santa catarina photos,0,1,0.0,1.0,False
sephora semana do consumidor,0,1,0.0,24.0,False
sephora shopping balneario,0,71,0.0,8.732394366197184,True
sephora shopping beiramar,0,1,0.0,1.0,False
sephora shopping da ilha,0,1,0.0,1.0,False
sephora squad brasil,0,3,0.0,11.0,True
sephora stadium,0,1,0.0,5.0,False
sephora summer,0,5,0.0,15.0,True
sephora summer vibe,0,1,0.0,6.0,False
sephora summer vibes 2026,0,14,0.0,9.857142857142858,True
sephora summer vibes event,0,4,0.0,9.75,True
sephora summer vibes on tour,0,3,0.0,11.333333333333334,True
sephora vibes,0,7,0.0,8.857142857142858,True
sephora.com.vr,0,5,0.0,8.4,True
sephoria 2027,0,1,0.0,1.0,False
sephoria milano 2026,0,1,0.0,1.0,False
seplan piçarras,0,1,0.0,48.0,False
seres gigantes,0,1,0.0,64.0,False
sergio's calçados lojas,0,1,0.0,1.0,False
sergios calçados,0,1,0.0,5.0,False
serie literaria silo,0,1,0.0,3.0,False
series com dragoes,0,1,0.0,3.0,False
series inspiradas em livros,0,1,0.0,3.0,False
serra shopping lages,0,1,0.0,3.0,False
serviços de mídia digital para elevadores,0,54,0.0,12.25925925925926,True
serviços oferecidos por almeida junior consultoria,0,1,0.0,2.0,False
serviços oferecidos por continente shopping,0,225,0.0,8.755555555555556,True
sesc balneário camboriú,0,4,0.0,3.75,True
sessenta,0,1,0.0,80.0,False
sestini aracaju,0,2,0.0,6.5,False
sestini center norte,0,1,0.0,43.0,False
sestini loja,0,7,0.0,6.857142857142857,True
sestini shopping center norte,0,1,0.0,12.0,False
sestini trabalhe conosco,0,1,0.0,11.0,False
set 10 superfan items,0,1,0.0,41.0,False
sete center,0,1,0.0,70.0,False
setembro branco,0,2,0.0,12.0,False
setima arte rodizio,0,2,0.0,50.5,False
setor 1,0,16,0.0,58.1875,True
setor1,0,3,0.0,67.0,True
seu pitanga bar,0,1,0.0,3.0,False
sfa malls,0,1,0.0,49.0,False
sh camboriu,0,83,0.0,9.433734939759036,True
sh center,0,5,0.0,6.4,True
sh joinville,0,11,0.0,10.454545454545455,True
sh joinville gar,0,3,0.0,10.333333333333334,True
sh shopping,0,4,0.0,11.75,True
shake do authenticgames está vivo,0,1,0.0,10.0,False
shape de verao,0,2,0.0,78.0,False
shape de verão,0,1,0.0,98.0,False
shareholding,0,1,0.0,11.0,False
shauts,0,1,0.0,4.0,False
shcutz,0,4,0.0,18.5,True
shed bc,0,1,0.0,4.0,False
shipping mall,0,1,0.0,7.0,False
shitz,0,6,0.0,2.333333333333333,True
shlts,0,1,0.0,1.0,False
shlutz,0,4,0.0,1.25,True
sho center,0,61,0.0,43.63934426229508,True
shoe,0,12,0.0,1.1666666666666667,True
shoe franchises,0,1,0.0,73.0,False
shoes,0,11,0.0,2.0,True
shoes - calçados femininos,0,1,0.0,5.0,False
shoes calçados,0,2,0.0,2.0,False
shoes calçados femininos,0,1,0.0,5.0,False
shoes loja,0,1,0.0,1.0,False
shoes loja online,0,1,0.0,6.0,False
shoes moda,0,1,0.0,4.0,False
shoes shoes,0,1,0.0,3.0,False
shooping,0,1,0.0,12.0,False
shooping balneario,0,11,0.0,8.272727272727273,True
shooping balneario camboriu,0,1,0.0,9.0,False
shooping bc,0,2,0.0,11.5,False
shooping blumenau,0,14,0.0,14.285714285714286,True
shooping center,0,15,0.0,30.933333333333334,True
shooping center norte,0,1,0.0,72.0,False
shooping centers,0,5,0.0,16.2,True
shooping continental,0,1,0.0,32.0,False
shooping continente,0,65,0.0,7.461538461538462,True
shooping garden,0,2,0.0,12.0,False
shooping garten,0,10,0.0,11.4,True
shooping norte,0,7,0.0,8.571428571428571,True
shooping santa ursula,0,2,0.0,17.5,False
shoopings,0,33,0.0,14.212121212121213,True
shoopping,0,1,0.0,10.0,False
shoopping mall,0,1,0.0,6.0,False
shoos,0,2,0.0,1.0,False
shootes,0,3,0.0,1.0,True
shop aj,0,2,0.0,20.5,False
shop authentic,0,1,0.0,13.0,False
shop bal,0,1,0.0,7.0,False
shop bs,0,1,0.0,21.0,False
shop center norte,0,10,0.0,40.4,True
shop centers,0,1,0.0,8.0,False
shop chairman,0,4,0.0,57.0,True
shop continente,0,17,0.0,8.235294117647058,True
shop curitiba,0,1,0.0,92.0,False
shop da canal,0,3,0.0,8.0,True
shop da lua,0,2,0.0,13.0,False
shop dia,0,1,0.0,43.0,False
shop em portugues,0,1,0.0,81.0,False
shop fand,0,3,0.0,20.0,True
shop fans,0,32,0.0,19.125,True
shop garten,0,13,0.0,8.153846153846153,True
shop ida,0,1,0.0,12.0,False
shop in van,0,1,0.0,66.0,False
shop jr,0,1,0.0,12.0,False
shop juniors,0,3,0.0,50.333333333333336,True
shop mall,0,3,0.0,64.0,True
shop melissa,0,5,0.0,33.0,True
shop mix,0,6,0.0,35.5,True
shop norte,0,16,0.0,71.625,True
shop salad,0,1,0.0,9.0,False
shope center,0,4,0.0,6.75,True
shopi lattes,0,1,0.0,90.0,False
shopiing center,0,1,0.0,9.0,False
shopin mall,0,1,0.0,9.0,False
shoping 1,0,1,0.0,8.0,False
shoping alameda,0,1,0.0,4.0,False
shoping app,0,1,0.0,9.0,False
shoping balneario camboriu,0,76,0.0,12.25,True
shoping balneario camburiu,0,14,0.0,29.571428571428573,True
shoping bc,0,25,0.0,9.4,True
shoping blumenau,0,69,0.0,9.623188405797102,True
shoping c,0,1,0.0,6.0,False
shoping camboriu,0,157,0.0,10.414012738853502,True
shoping camburiu,0,6,0.0,10.0,True
shoping cebter,0,1,0.0,13.0,False
shoping center,0,26,0.0,12.346153846153847,True
shoping centers,0,20,0.0,7.85,True
shoping centre,0,1,0.0,9.0,False
shoping centro,0,1,0.0,11.0,False
shoping continental,0,2,0.0,23.0,False
shoping continente,0,381,0.0,7.698162729658793,True
shoping criciuma,0,3,0.0,9.333333333333334,True
shoping curitiba,0,1,0.0,79.0,False
shoping das nacoes,0,1,0.0,6.0,False
shoping de camboriu,0,9,0.0,10.0,True
shoping em,0,5,0.0,8.4,True
shoping em balneario,0,1,0.0,9.0,False
shoping em balneario camboriu,0,1,0.0,12.0,False
shoping em blumenau,0,51,0.0,11.03921568627451,True
shoping em criciuma,0,9,0.0,11.333333333333334,True
shoping em curitiba,0,1,0.0,94.0,False
shoping em florianopolis,0,1,0.0,27.0,False
shoping em floripa,0,1,0.0,2.0,False
shoping em joinville,0,21,0.0,11.333333333333334,True
shoping florianopolis,0,6,0.0,28.833333333333332,True
shoping floripa,0,1,0.0,35.0,False
shoping gardem,0,3,0.0,9.0,True
shoping garden,0,21,0.0,10.285714285714286,True
shoping garten,0,210,0.0,9.704761904761904,True
shoping group,0,1,0.0,27.0,False
shoping h,0,1,0.0,6.0,False
shoping maal,0,1,0.0,4.0,False
shoping mall,0,2,0.0,3.5,False
shoping nacoes,0,337,0.0,6.267062314540059,True
shoping neumarkt,0,126,0.0,9.38888888888889,True
shoping nort,0,1,0.0,8.0,False
shoping norte,0,35,0.0,24.4,True
shoping ribeirao preto,0,1,0.0,12.0,False
shoping santa ursula,0,4,0.0,9.75,True
shoping sao jose,0,19,0.0,64.0,True
shoping sul,0,1,0.0,81.0,False
shopings curitiba,0,1,0.0,39.0,False
shopins,0,44,0.0,8.795454545454547,True
shopinv,0,1,0.0,10.0,False
shopoing center,0,1,0.0,48.0,False
shopp,0,1,0.0,6.0,False
shopp center,0,2,0.0,6.0,False
shopp mall,0,1,0.0,5.0,False
shoppe center,0,3,0.0,8.666666666666668,True
shopper mindset,0,1,0.0,36.0,False
shoppers on black friday,0,1,0.0,48.0,False
shoppi center,0,1,0.0,5.0,False
shoppig center,0,1,0.0,4.0,False
shoppig mall,0,1,0.0,2.0,False
shoppin center,0,10,0.0,28.1,True
shoppin continente,0,2,0.0,5.0,False
shoppin mall,0,1,0.0,8.0,False
shoppin norte,0,1,0.0,7.0,False
shoppinf center,0,4,0.0,48.5,True
shopping & retail,0,3,0.0,9.0,True
shopping 10,0,1,0.0,12.0,False
shopping 2013,0,1,0.0,1.0,False
shopping 2024,0,1,0.0,61.0,False
shopping 3,0,2,0.0,10.0,False
shopping 470,0,10,0.0,9.0,True
shopping 470 blumenau,0,1,0.0,6.0,False
shopping ?,0,1,0.0,2.0,False
shopping a,0,3,0.0,9.666666666666666,True
shopping abc policia federal,0,3,0.0,12.333333333333334,True
shopping aguas de lindoia,0,2,0.0,49.5,False
shopping al,0,3,0.0,8.666666666666668,True
shopping alameda,0,25,0.0,18.76,True
shopping alameda cinema,0,11,0.0,76.0909090909091,True
shopping alameda lojas,0,1,0.0,10.0,False
shopping alameda rio branco,0,1,0.0,32.0,False
shopping alameda sarandi,0,10,0.0,11.0,True
shopping aldeota lojas,0,1,0.0,3.0,False
shopping almeida junior joinville,0,5,0.0,3.0,True
shopping americanas joinville,0,16,0.0,88.0625,True
shopping americanas joinville lojas,0,7,0.0,59.42857142857143,True
shopping anchieta garden,0,1,0.0,33.0,False
shopping andorinha itapema,0,1,0.0,3.0,False
shopping anhembi,0,4,0.0,47.75,True
shopping aplicativo,0,14,0.0,25.857142857142858,True
shopping app,0,6,0.0,27.0,True
shopping aqui,0,1,0.0,9.0,False
shopping araquari,0,1,0.0,4.0,False
shopping araranguá lojas,0,1,0.0,6.0,False
shopping arena,0,4,0.0,8.75,True
shopping arenas,0,1,0.0,5.0,False
shopping aruja,0,2,0.0,46.5,False
shopping atlantico,0,3,0.0,3.3333333333333335,True
shopping atlantico bc,0,1,0.0,4.0,False
shopping atlantimar,0,1,0.0,6.0,False
shopping atlântico balneário,0,1,0.0,5.0,False
shopping atlântico camboriú,0,1,0.0,2.0,False
shopping attractions,0,1,0.0,12.0,False
shopping av brasil balneario camboriu,0,1,0.0,58.0,False
shopping bal,0,24,0.0,8.958333333333332,True
shopping balenario,0,2,0.0,6.5,False
shopping balne,0,1,0.0,8.0,False
shopping balnearii,0,3,0.0,10.333333333333334,True
shopping balneario atlantico,0,2,0.0,5.0,False
shopping balneario cambiriu,0,3,0.0,10.333333333333334,True
shopping balneario camboriu centro,0,4,0.0,12.75,True
shopping balneario camboriu cinema,0,7,0.0,30.714285714285715,True
shopping balneario camboriu horarios,0,1,0.0,11.0,False
shopping balneario camboriu tiendas,0,3,0.0,10.333333333333334,True
shopping balneario camboriú,0,107,0.0,18.093457943925234,True
shopping balneario camburio,0,15,0.0,8.133333333333333,True
shopping balneario camburiu,0,109,0.0,8.770642201834862,True
shopping balneario cinema,0,29,0.0,24.0,True
shopping balneario horario,0,1,0.0,4.0,False
shopping balneario picarras,0,27,0.0,12.11111111111111,True
shopping balneario piçarras,0,55,0.0,12.272727272727273,True
shopping balneario santos,0,2,0.0,24.5,False
shopping balneario.camboriu,0,23,0.0,8.91304347826087,True
shopping balneário camboriú,0,52,0.0,8.788461538461538,True
shopping balnerio,0,5,0.0,7.8,True
shopping balneário,0,875,0.0,11.032,True
shopping balneário atibaia,0,3,0.0,31.666666666666668,True
shopping balneário camboriu,0,177,0.0,9.740112994350282,True
shopping balneário camboriu cinema,0,1,0.0,33.0,False
shopping balneário camboriú centro,0,2,0.0,5.0,False
shopping balneário camboriú cinema,0,3,0.0,13.0,True
shopping balneário camboriú endereço,0,9,0.0,9.88888888888889,True
shopping balneário camboriú estacionamento,0,57,0.0,7.5964912280701755,True
shopping balneário camboriú horário de funcionamento,0,2,0.0,27.0,False
shopping balneário camboriú sc,0,239,0.0,9.882845188284518,True
shopping balneário camboriú sephora,0,2,0.0,15.0,False
shopping balneário camboriú tiendas,0,7,0.0,9.571428571428571,True
shopping balneário camboriú zara,0,2,0.0,12.5,False
shopping balneário cinema,0,3,0.0,14.666666666666666,True
shopping balneário em santos,0,1,0.0,5.0,False
shopping balneário piçarras,0,9,0.0,11.88888888888889,True
shopping balneário santos,0,4,0.0,4.25,True
shopping balneário santos horário de funcionamento,0,1,0.0,4.0,False
shopping balneário santos lojas,0,7,0.0,4.0,True
shopping balneário shopping,0,2,0.0,5.0,False
shopping bar,0,1,0.0,4.0,False
shopping barra norte,0,1,0.0,2.0,False
shopping barra velha sc,0,1,0.0,3.0,False
shopping bauneario,0,12,0.0,9.75,True
shopping bc cinema,0,2,0.0,30.5,False
shopping bc lojas,0,150,0.0,9.253333333333334,True
shopping be,0,1,0.0,8.0,False
shopping beira mar,0,23,0.0,74.0,True
shopping beira mar cinema,0,2,0.0,71.5,False
shopping beira mar em florianópolis,0,1,0.0,42.0,False
shopping beira mar florianopolis,0,14,0.0,42.42857142857143,True
shopping beira mar florianopolis cinema,0,1,0.0,30.0,False
shopping beira mar florianópolis,0,2,0.0,42.0,False
shopping beira mar floripa,0,2,0.0,40.5,False
shopping beira mar horário de funcionamento,0,1,0.0,67.0,False
shopping beira mar lojas,0,2,0.0,84.5,False
shopping beira mar santa catarina,0,1,0.0,11.0,False
shopping beira rio blumenau,0,6,0.0,3.0,True
shopping beiramar,0,5,0.0,60.0,True
shopping beiramar floripa,0,1,0.0,34.0,False
shopping beiramar lojas,0,2,0.0,10.5,False
shopping blu,0,1,0.0,1.0,False
shopping blumenal,0,31,0.0,8.32258064516129,True
shopping blumenau br,0,6,0.0,8.0,True
shopping blumenau br 470,0,4,0.0,7.75,True
shopping blumenau carros,0,2,0.0,44.5,False
shopping blumenau cinema,0,3,0.0,19.333333333333332,True
shopping blumenau neumarkt,0,1669,0.0,6.360695026962253,True
shopping blumenau neumarkt cinema,0,2,0.0,15.5,False
shopping blumenau neumarkt lojas,0,11,0.0,23.09090909090909,True
shopping blumenau norte,0,808,0.0,7.3861386138613865,True
shopping blumenau norte shopping,0,4,0.0,8.25,True
shopping blumenau park europeu,0,1,0.0,42.0,False
shopping blumenau santa catarina,0,26,0.0,13.153846153846153,True
shopping blumenau sc,0,155,0.0,12.44516129032258,True
shopping bombinhas,0,2,0.0,3.5,False
shopping bonnaire,0,2,0.0,47.0,False
shopping boulevard,0,1,0.0,90.0,False
shopping boulevard 161,0,3,0.0,53.333333333333336,True
shopping boulevard monti mare,0,1,0.0,55.0,False
shopping bourbon tem centauro,0,1,0.0,1.0,False
shopping br 470 blumenau,0,18,0.0,7.722222222222222,True
shopping br blumenau,0,1,0.0,12.0,False
shopping brasil,0,1,0.0,22.0,False
shopping brasil center,0,6,0.0,75.33333333333333,True
shopping brasil florianópolis,0,3,0.0,44.666666666666664,True
shopping brusque,0,2,0.0,4.0,False
shopping burton,0,1,0.0,7.0,False
shopping c,0,3,0.0,9.666666666666666,True
shopping calvin klein,0,1,0.0,13.0,False
shopping cambiriu,0,1,0.0,12.0,False
shopping camboriu,0,3950,0.0,10.655189873417722,True
shopping camboriu balneario,0,60,0.0,9.5,True
shopping camboriu brasil,0,12,0.0,26.083333333333332,True
shopping camboriu mas grande,0,12,0.0,2.166666666666667,True
shopping camboriu precios,0,3,0.0,9.333333333333334,True
shopping camboriu zara,0,3,0.0,12.0,True
shopping camboriú brasil,0,16,0.0,10.5,True
shopping camboriú sc,0,172,0.0,8.302325581395348,True
shopping cambui,0,1,0.0,12.0,False
shopping camburiu,0,109,0.0,10.669724770642201,True
shopping campina grande,0,1,0.0,100.0,False
shopping campo limpo tem centauro,0,7,0.0,1.0,True
shopping campo limpo tem riachuelo,0,1,0.0,1.0,False
shopping canal,0,15,0.0,6.2,True
shopping cancun center,0,1,0.0,10.0,False
shopping canoinhas,0,1,0.0,1.0,False
shopping carros blumenau,0,1,0.0,52.0,False
shopping catarina,0,9,0.0,61.77777777777778,True
shopping catarina cinema,0,1,0.0,64.0,False
shopping catarina lojas,0,2,0.0,98.5,False
shopping catarina outlet lojas,0,1,0.0,4.0,False
shopping catarina palhoça,0,1,0.0,5.0,False
shopping catarinense,0,3,0.0,12.333333333333334,True
shopping cavalhada,0,5,0.0,52.4,True
shopping cea,0,1,0.0,1.0,False
shopping cebter,0,3,0.0,6.0,True
shopping cebters,0,1,0.0,4.0,False
shopping ceneter,0,1,0.0,35.0,False
shopping cent,0,1,0.0,7.0,False
shopping centauro,0,100,0.0,14.53,True
shopping cente,0,1,0.0,8.0,False
shopping center 1,0,1,0.0,78.0,False
shopping center 3,0,3,0.0,18.0,True
shopping center 3 lojas,0,1,0.0,98.0,False
shopping center 50 shops,0,4,0.0,8.0,True
shopping center and mall,0,1,0.0,85.0,False
shopping center and shopping mall,0,3,0.0,53.0,True
shopping center balneario camboriu,0,18,0.0,10.555555555555555,True
shopping center balneário camboriú,0,191,0.0,10.00523560209424,True
shopping center blumenau,0,166,0.0,8.96987951807229,True
shopping center brasil,0,3,0.0,61.0,True
shopping center brasil lojas,0,1,0.0,13.0,False
shopping center brazil news,0,1,0.0,64.0,False
shopping center centro,0,1,0.0,7.0,False
shopping center como,0,1,0.0,62.0,False
shopping center criciuma,0,4,0.0,2.5,True
shopping center curitiba,0,3,0.0,35.333333333333336,True
shopping center em,0,4,0.0,9.0,True
shopping center em balneário camboriú,0,179,0.0,9.972067039106145,True
shopping center em blumenau,0,19,0.0,9.526315789473685,True
shopping center em curitiba,0,3,0.0,49.0,True
shopping center em florianópolis,0,54,0.0,10.574074074074074,True
shopping center em joinville,0,12,0.0,10.666666666666666,True
shopping center em salvador,0,2,0.0,88.0,False
shopping center esg planning,0,28,0.0,68.82142857142857,True
shopping center esg solutions,0,1,0.0,88.0,False
shopping center esg strategies,0,63,0.0,52.36507936507937,True
shopping center florianopolis,0,89,0.0,10.292134831460674,True
shopping center florianópolis,0,4,0.0,9.75,True
shopping center florianópolis,0,4,0.0,9.5,True
shopping center forum,0,1,0.0,5.0,False
shopping center in der nähe,0,3,0.0,7.666666666666667,True
shopping center joinville,0,153,0.0,9.666666666666666,True
shopping center leste,0,1,0.0,12.0,False
shopping center lojas,0,1,0.0,8.0,False
shopping center mais perto de mim,0,1,0.0,11.0,False
shopping center mais próximo,0,3,0.0,3.3333333333333335,True
shopping center mall,0,4,0.0,8.25,True
shopping center mall near me,0,1,0.0,6.0,False
shopping center malls,0,5,0.0,20.0,True
shopping center market,0,2,0.0,8.5,False
shopping center near me now,0,1,0.0,7.0,False
shopping center near us,0,1,0.0,47.0,False
shopping center neumarkt,0,10,0.0,7.3,True
shopping center no brasil,0,17,0.0,12.294117647058824,True
shopping center no rio de janeiro,0,2,0.0,95.0,False
shopping center norte,0,34,0.0,73.79411764705883,True
shopping center norte lojas,0,7,0.0,70.0,True
shopping center norte mapa,0,1,0.0,75.0,False
shopping center norte riachuelo,0,1,0.0,1.0,False
shopping center norte tem riachuelo,0,2,0.0,1.0,False
shopping center paço do ouvidor,0,3,0.0,40.0,True
shopping center perto de mim,0,2,0.0,9.5,False
shopping center porto,0,5,0.0,80.4,True
shopping center próximo a mim,0,1,0.0,9.0,False
shopping center residence,0,4,0.0,19.5,True
shopping center salvador,0,1,0.0,73.0,False
shopping center sao paulo,0,1,0.0,65.0,False
shopping center sete,0,1,0.0,53.0,False
shopping center shopping center,0,8,0.0,75.5,True
shopping center shopping mall,0,2,0.0,30.0,False
shopping center sul,0,2,0.0,59.5,False
shopping center tree management,0,5,0.0,15.0,True
shopping center um,0,16,0.0,21.75,True
shopping center um fotos,0,1,0.0,48.0,False
shopping centere,0,12,0.0,42.333333333333336,True
shopping centeres,0,15,0.0,12.0,True
shopping centers,0,1272,0.0,13.812106918238994,True
shopping centers and malls,0,71,0.0,35.859154929577464,True
shopping centers balneario camboriu,0,7,0.0,7.428571428571429,True
shopping centers balneário camboriú,0,1,0.0,21.0,False
shopping centers brazil,0,20,0.0,14.65,True
shopping centers em curitiba,0,27,0.0,65.51851851851852,True
shopping centers em florianópolis,0,749,0.0,13.336448598130842,True
shopping centers em fortaleza,0,1,0.0,99.0,False
shopping centers em rio de janeiro,0,1,0.0,80.0,False
shopping centers em salvador,0,6,0.0,85.33333333333333,True
shopping centers em são paulo,0,50,0.0,46.6,True
shopping centers florianopolis,0,11,0.0,8.0,True
shopping centers florianópolis,0,21,0.0,11.095238095238095,True
shopping centers florianópolis,0,2,0.0,8.0,False
shopping centers in brazil,0,8,0.0,19.625,True
shopping centers malls,0,3,0.0,5.0,True
shopping centers near,0,2,0.0,6.0,False
shopping centers near me,0,1,0.0,6.0,False
shopping centers no brasil,0,8,0.0,28.375,True
shopping centers perto de mim,0,1,0.0,11.0,False
"shopping centers, brazil",0,23,0.0,46.47826086956522,True
shopping centers.,0,4,0.0,11.5,True
shopping centes,0,2,0.0,3.0,False
shopping centet,0,6,0.0,39.5,True
shopping central centro,0,1,0.0,65.0,False
shopping central park,0,3,0.0,63.666666666666664,True
shopping centre,0,6,0.0,9.333333333333334,True
shopping centre porto,0,2,0.0,78.0,False
shopping centre shopping centre,0,2,0.0,33.0,False
shopping centres,0,3,0.0,5.333333333333333,True
shopping centro,0,14,0.0,16.92857142857143,True
shopping centro balneário camboriú,0,1,0.0,11.0,False
shopping centro blumenau,0,28,0.0,9.785714285714286,True
shopping centro de curitiba,0,2,0.0,74.5,False
shopping centro de florianopolis,0,1,0.0,12.0,False
shopping centro norte,0,11,0.0,80.36363636363636,True
shopping centro sp,0,1,0.0,86.0,False
shopping centrr,0,4,0.0,4.25,True
shopping centrrs,0,2,0.0,5.5,False
shopping centwr,0,1,0.0,13.0,False
shopping chapeco,0,9,0.0,64.11111111111111,True
shopping chapeco cinema,0,1,0.0,44.0,False
shopping chapecó,0,5,0.0,74.6,True
shopping chapecó cinema,0,4,0.0,46.0,True
shopping chapecó sc,0,2,0.0,57.0,False
shopping cidade curitiba,0,2,0.0,81.5,False
shopping cidade norte,0,11,0.0,60.36363636363637,True
shopping cidade riachuelo,0,1,0.0,1.0,False
shopping cidade.norte,0,1,0.0,58.0,False
shopping clube,0,1,0.0,76.0,False
shopping cneter,0,2,0.0,6.5,False
shopping cobasi,0,2,0.0,62.5,False
shopping com brinquedos grandes,0,10,0.0,12.7,True
shopping com centauro,0,7,0.0,8.857142857142858,True
shopping com espaço pet,0,3,0.0,75.66666666666667,True
shopping com estacionamento gratuito,0,1,0.0,4.0,False
shopping com ipo,0,1,0.0,7.0,False
shopping com lavanderia,0,16,0.0,3.9375,True
shopping com predio em cima,0,3,0.0,12.0,True
shopping com roda gigante,0,15,0.0,8.0,True
shopping commercial,0,2,0.0,5.5,False
shopping company,0,1,0.0,5.0,False
shopping complex,0,3,0.0,3.6666666666666665,True
shopping comtinente,0,26,0.0,9.307692307692308,True
shopping concept,0,3,0.0,9.333333333333334,True
shopping concordia,0,1,0.0,4.0,False
shopping contagem tem wepink,0,1,0.0,2.0,False
shopping continent,0,58,0.0,8.344827586206897,True
shopping continental,0,73,0.0,33.273972602739725,True
shopping continental boliche,0,1,0.0,32.0,False
shopping continental cinema,0,10,0.0,35.9,True
shopping continental estacionamento,0,1,0.0,1.0,False
shopping continental estacionamento preço,0,1,0.0,30.0,False
shopping continental florianopolis,0,4,0.0,8.75,True
shopping continental florianópolis,0,421,0.0,7.779097387173397,True
shopping continental floripa,0,1,0.0,8.0,False
shopping continental lojas,0,38,0.0,55.28947368421053,True
shopping continental palhoça,0,24,0.0,6.041666666666667,True
shopping continental praça de alimentação,0,5,0.0,9.8,True
shopping continental restaurantes,0,11,0.0,13.090909090909092,True
shopping continental sc,0,3,0.0,10.333333333333334,True
shopping continental tem riachuelo,0,2,0.0,1.0,False
shopping continente brasil,0,1,0.0,8.0,False
shopping continente cep,0,3,0.0,19.333333333333332,True
shopping continente cinema,0,24,0.0,32.125,True
shopping continente cinema vip,0,1,0.0,36.0,False
shopping continente estacionamento,0,153,0.0,8.509803921568627,True
shopping continente florianopolis,0,93,0.0,7.032258064516129,True
shopping continente floripa,0,287,0.0,5.905923344947735,True
shopping continente horário de funcionamento domingo,0,2,0.0,2.5,False
shopping continente lojas,0,451,0.0,13.45011086474501,True
shopping continente palhoça,0,119,0.0,5.529411764705882,True
shopping continente park,0,358,0.0,12.332402234636872,True
shopping continente santa catarina,0,117,0.0,8.726495726495727,True
shopping continente sao jose,0,77,0.0,6.714285714285714,True
shopping continente sao jose sc,0,104,0.0,7.288461538461538,True
shopping continente shopping,0,4,0.0,8.5,True
shopping continente trabalhe conosco,0,22,0.0,10.5,True
shopping continetal,0,1,0.0,32.0,False
shopping continete,0,155,0.0,7.335483870967742,True
shopping cotton on,0,1,0.0,12.0,False
shopping criciuma,0,184,0.0,15.451086956521738,True
shopping criciuma cinema,0,10,0.0,46.0,True
shopping criciuma sc,0,1,0.0,21.0,False
shopping criciúma,0,52,0.0,28.403846153846153,True
shopping criciúma lojas,0,5,0.0,6.6,True
shopping criciúma sc,0,10,0.0,32.0,True
shopping curitiba,0,27,0.0,88.5925925925926,True
shopping curitiba centro,0,1,0.0,83.0,False
shopping curitiba cinema,0,2,0.0,89.0,False
shopping curitiba praça de alimentação,0,1,0.0,97.0,False
shopping curitiba tem riachuelo,0,1,0.0,1.0,False
shopping curitiba trabalhe conosco,0,1,0.0,98.0,False
shopping d tem riachuelo,0,1,0.0,1.0,False
shopping da,0,1,0.0,12.0,False
shopping da bahia centauro,0,1,0.0,1.0,False
shopping da família,0,5,0.0,7.2,True
shopping da roda gigante,0,2,0.0,6.0,False
shopping da utilidade,0,1,0.0,7.0,False
shopping da vans,0,6,0.0,9.833333333333334,True
shopping da variedade,0,1,0.0,33.0,False
shopping das marcas,0,5,0.0,48.0,True
shopping das nacoes,0,499,0.0,7.755511022044089,True
shopping das nacoes criciuma,0,2,0.0,5.5,False
shopping das nacoes em criciuma sc,0,28,0.0,7.678571428571429,True
shopping das naçoes,0,131,0.0,13.053435114503817,True
shopping das nações criciuma,0,1017,0.0,6.8977384464110125,True
shopping das nações criciúma,0,385,0.0,7.3090909090909095,True
shopping das nações em criciúma,0,238,0.0,7.100840336134453,True
shopping das nações limeira,0,6,0.0,16.833333333333336,True
shopping das nações unidas,0,9,0.0,28.0,True
shopping das utilidades balneário camboriú,0,3,0.0,20.333333333333332,True
shopping das vans,0,3,0.0,12.666666666666666,True
shopping das vans e utilitários fotos,0,8,0.0,6.875,True
shopping das vans fotos,0,3,0.0,4.666666666666666,True
shopping days,0,3,0.0,12.333333333333334,True
shopping dc navegantes,0,1,0.0,52.0,False
shopping de balneario,0,95,0.0,9.726315789473684,True
shopping de balneário,0,268,0.0,12.436567164179104,True
shopping de balneário camboriú lojas,0,4,0.0,11.25,True
shopping de bc,0,49,0.0,9.918367346938776,True
shopping de blumenau,0,216,0.0,13.328703703703704,True
shopping de blumenau neumarkt,0,11,0.0,6.636363636363637,True
shopping de blumenau sc,0,31,0.0,11.64516129032258,True
shopping de brasil,0,2,0.0,11.0,False
shopping de camboriu,0,140,0.0,8.685714285714287,True
shopping de camboriú,0,116,0.0,9.78448275862069,True
shopping de cancun,0,10,0.0,58.2,True
shopping de chapeco,0,1,0.0,60.0,False
shopping de chapecó,0,1,0.0,3.0,False
shopping de criciuma,0,30,0.0,22.7,True
shopping de criciúma,0,171,0.0,10.485380116959064,True
shopping de criciúma sc,0,35,0.0,8.0,True
shopping de curitiba,0,9,0.0,84.66666666666667,True
shopping de florianopolis,0,15,0.0,35.666666666666664,True
shopping de florianópolis,0,73,0.0,23.863013698630137,True
shopping de florianópolis sc,0,2,0.0,2.0,False
shopping de floripa,0,5,0.0,17.0,True
shopping de gutschein,0,5,0.0,72.4,True
shopping de itajai,0,2,0.0,61.5,False
shopping de itajai sc,0,1,0.0,8.0,False
shopping de itajaí,0,1,0.0,28.0,False
shopping de jaragua do sul,0,3,0.0,49.0,True
shopping de jaraguá do sul,0,1,0.0,48.0,False
shopping de jaraguá do sul está aberto,0,2,0.0,55.0,False
shopping de joinville,0,595,0.0,11.072268907563025,True
shopping de joinville santa catarina,0,9,0.0,11.0,True
shopping de joinville sc,0,55,0.0,11.454545454545455,True
shopping de lages,0,1,0.0,29.0,False
shopping de luxo,0,7,0.0,8.428571428571429,True
shopping de navegantes,0,1,0.0,3.0,False
shopping de porto,0,8,0.0,81.25,True
shopping de porto belo,0,1,0.0,43.0,False
shopping de ribeirão preto,0,41,0.0,31.70731707317073,True
shopping de rico,0,2,0.0,8.5,False
shopping de sao jose,0,1,0.0,53.0,False
shopping de sao jose sc,0,2,0.0,6.0,False
shopping de sao paulo,0,2,0.0,62.5,False
shopping de sp,0,1,0.0,65.0,False
shopping de são josé,0,1,0.0,7.0,False
shopping de são paulo,0,2,0.0,44.0,False
shopping de utilidades balneário camboriú,0,2,0.0,14.5,False
shopping dentro,0,2,0.0,7.5,False
"shopping dentro de 1,6 km",0,5,0.0,9.4,True
shopping dentro de 400 m,0,1,0.0,5.0,False
shopping dezoito,0,1,0.0,38.0,False
shopping dia das maes,0,1,0.0,86.0,False
shopping diniz brasilia,0,1,0.0,10.0,False
shopping discounts,0,1,0.0,74.0,False
shopping do bras criciuma,0,1,0.0,9.0,False
shopping do brasil blumenau,0,22,0.0,8.318181818181818,True
shopping do condominio,0,2,0.0,78.5,False
shopping do condomínio,0,1,0.0,69.0,False
shopping do escritorio curitiba,0,1,0.0,54.0,False
shopping do norte,0,19,0.0,13.473684210526315,True
shopping do papel,0,6,0.0,40.666666666666664,True
shopping do perfume,0,1,0.0,79.0,False
shopping do pão fotos,0,1,0.0,5.0,False
shopping do sul,0,1,0.0,99.0,False
shopping dos cosmeticos goiania,0,1,0.0,41.0,False
shopping duas rodas fotos,0,1,0.0,67.0,False
shopping e,0,5,0.0,42.8,True
shopping e.,0,13,0.0,92.53846153846153,True
shopping eldorado cotton on,0,1,0.0,8.0,False
shopping ella,0,1,0.0,11.0,False
shopping em,0,63,0.0,8.6984126984127,True
shopping em araranguá,0,2,0.0,4.5,False
shopping em aruja,0,1,0.0,49.0,False
shopping em balneario,0,98,0.0,15.561224489795919,True
shopping em balneario camboriu,0,104,0.0,12.798076923076923,True
shopping em balneario camboriú,0,10,0.0,11.4,True
shopping em balneario camburiu,0,14,0.0,11.142857142857142,True
shopping em balneario piçarras,0,13,0.0,10.846153846153847,True
shopping em balneário camboriú,0,4,0.0,10.0,True
shopping em balneário,0,39,0.0,11.256410256410257,True
shopping em balneário camboriú,0,2442,0.0,11.832514332514332,True
shopping em balneário camboriú cinema,0,3,0.0,10.333333333333334,True
shopping em balneário camboriú sc,0,29,0.0,11.310344827586206,True
shopping em balneário piçarras,0,3,0.0,13.666666666666666,True
shopping em barra velha sc,0,1,0.0,1.0,False
shopping em bc,0,89,0.0,11.280898876404494,True
shopping em biguaçu,0,3,0.0,1.6666666666666665,True
shopping em biguaçu sc,0,1,0.0,5.0,False
shopping em blumenau na br 470,0,42,0.0,6.5,True
shopping em blumenau no centro,0,1,0.0,1.0,False
shopping em blumenau santa catarina,0,118,0.0,11.567796610169491,True
shopping em bombinhas,0,2,0.0,4.0,False
shopping em bombinhas sc,0,1,0.0,3.0,False
shopping em brusque,0,1,0.0,3.0,False
shopping em camboriu,0,63,0.0,11.65079365079365,True
shopping em camboriú,0,603,0.0,11.442786069651742,True
shopping em camboriú santa catarina,0,8,0.0,12.0,True
shopping em camboriú sc,0,100,0.0,12.8,True
shopping em camburiu,0,19,0.0,11.105263157894736,True
shopping em cancun,0,1,0.0,99.0,False
shopping em caçador sc,0,3,0.0,59.666666666666664,True
shopping em chapeco,0,2,0.0,49.5,False
shopping em chapecó,0,3,0.0,46.0,True
shopping em concordia,0,1,0.0,4.0,False
shopping em concórdia sc,0,4,0.0,25.75,True
shopping em construção,0,1,0.0,11.0,False
shopping em criciuma,0,410,0.0,11.521951219512195,True
shopping em criciuma sc,0,1,0.0,6.0,False
shopping em criciúma,0,223,0.0,12.5695067264574,True
shopping em criciúma sc,0,76,0.0,13.56578947368421,True
shopping em curitiba,0,63,0.0,84.39682539682539,True
shopping em curitiba centro,0,2,0.0,97.5,False
shopping em dionísio cerqueira,0,1,0.0,4.0,False
shopping em florianopolis,0,80,0.0,26.6625,True
shopping em florianopolis iguatemi,0,1,0.0,3.0,False
shopping em florianópolis,0,225,0.0,25.462222222222223,True
shopping em florianópolis sc,0,8,0.0,12.375,True
shopping em floripa,0,4,0.0,16.0,True
shopping em floripa sc,0,1,0.0,2.0,False
shopping em garopaba,0,3,0.0,33.0,True
shopping em imbituba,0,1,0.0,3.0,False
shopping em imbituba sc,0,4,0.0,1.0,True
shopping em indaial,0,12,0.0,55.666666666666664,True
shopping em itaim bibi,0,3,0.0,27.666666666666668,True
shopping em itajai,0,5,0.0,12.0,True
shopping em itajaí,0,14,0.0,12.357142857142858,True
shopping em itanhaem,0,4,0.0,52.0,True
shopping em itapema,0,3,0.0,3.0,True
shopping em itapema santa catarina,0,1,0.0,2.0,False
shopping em jaragua do sul,0,1,0.0,17.0,False
shopping em jaraguá do sul,0,9,0.0,36.77777777777778,True
shopping em joaçaba,0,1,0.0,3.0,False
shopping em joinvile,0,82,0.0,11.402439024390244,True
shopping em joinville qual o melhor,0,3,0.0,6.666666666666667,True
shopping em joinville santa catarina,0,273,0.0,10.703296703296703,True
shopping em joinville sc,0,578,0.0,11.205882352941176,True
shopping em lages,0,5,0.0,28.4,True
shopping em lages sc,0,3,0.0,13.333333333333334,True
shopping em laguna sc,0,4,0.0,43.25,True
shopping em mafra,0,1,0.0,3.0,False
shopping em mafra sc,0,3,0.0,61.666666666666664,True
shopping em navegantes,0,3,0.0,15.0,True
shopping em navegantes santa catarina,0,1,0.0,43.0,False
shopping em navegantes sc,0,8,0.0,53.0,True
shopping em palhoça,0,4,0.0,13.0,True
shopping em palhoça sc,0,2,0.0,24.5,False
shopping em penha,0,1,0.0,2.0,False
shopping em penha sc,0,15,0.0,1.4,True
shopping em piçarras,0,13,0.0,38.76923076923077,True
shopping em piçarras sc,0,4,0.0,9.5,True
shopping em pomerode,0,6,0.0,33.666666666666664,True
shopping em porto,0,12,0.0,68.5,True
shopping em porto belo,0,1,0.0,47.0,False
shopping em porto belo sc,0,1,0.0,42.0,False
shopping em ribeirão preto sp,0,5,0.0,21.2,True
shopping em rio do sul sc,0,8,0.0,31.25,True
shopping em sao jose,0,24,0.0,18.0,True
shopping em sao jose sc,0,36,0.0,21.833333333333332,True
shopping em sao paulo,0,2,0.0,81.5,False
shopping em sao paulo capital,0,1,0.0,69.0,False
shopping em sp,0,3,0.0,71.0,True
shopping em sp capital,0,1,0.0,56.0,False
shopping em são bento do sul,0,1,0.0,4.0,False
shopping em são josé,0,5,0.0,7.2,True
shopping em são josé dos pinhais,0,1,0.0,2.0,False
shopping em são josé santa catarina,0,6,0.0,8.5,True
shopping em são josé sc,0,60,0.0,20.416666666666668,True
shopping em são miguel do oeste,0,1,0.0,14.0,False
shopping em são paulo capital,0,1,0.0,68.0,False
shopping em tijucas sc,0,1,0.0,5.0,False
shopping em tubarão,0,4,0.0,73.25,True
shopping em tubarão sc,0,1,0.0,3.0,False
shopping em urubici,0,5,0.0,9.6,True
shopping em.balneario,0,27,0.0,10.851851851851851,True
shopping em.balneario camboriu,0,72,0.0,10.847222222222221,True
shopping em.blumenau,0,36,0.0,10.055555555555555,True
shopping em.curitiba,0,1,0.0,81.0,False
shopping em.florianopolis,0,1,0.0,2.0,False
shopping em.floripa,0,1,0.0,12.0,False
shopping em.joinville,0,199,0.0,11.120603015075377,True
shopping em.ribeirao preto,0,1,0.0,25.0,False
shopping en,0,1,0.0,10.0,False
shopping en balneario camboriu,0,15,0.0,10.533333333333333,True
shopping en blumenau,0,3,0.0,7.333333333333333,True
shopping en camboriu,0,47,0.0,26.06382978723404,True
shopping en camboriú,0,13,0.0,21.53846153846154,True
shopping en camboriú brasil,0,1,0.0,29.0,False
shopping en curitiba,0,1,0.0,79.0,False
shopping en florianopolis,0,51,0.0,30.745098039215687,True
shopping en florianópolis,0,4,0.0,39.25,True
shopping en itapema brasil,0,1,0.0,2.0,False
shopping en mariscal brasil,0,1,0.0,7.0,False
shopping en san pablo,0,1,0.0,48.0,False
shopping en santa catarina brasil,0,7,0.0,9.571428571428571,True
shopping encontro,0,1,0.0,68.0,False
shopping esports,0,10,0.0,22.8,True
shopping estação joinville,0,1,0.0,4.0,False
shopping estação praça de alimentação,0,1,0.0,13.0,False
shopping europeu,0,7,0.0,39.857142857142854,True
shopping europeu blumenau,0,2,0.0,37.0,False
shopping europeu cinema,0,1,0.0,44.0,False
shopping f,0,2,0.0,1.0,False
shopping facility,0,1,0.0,7.0,False
shopping fan,0,2,0.0,8.0,False
shopping faro sjc,0,1,0.0,15.0,False
shopping farol,0,2,0.0,68.0,False
shopping farol cinema,0,2,0.0,44.5,False
shopping florianopolis,0,332,0.0,17.153614457831324,True
shopping florianopolis cinema,0,2,0.0,69.5,False
shopping florianopolis continente,0,47,0.0,11.872340425531915,True
shopping florianopolis ingleses,0,1,0.0,1.0,False
shopping florianópolis,0,97,0.0,21.175257731958762,True
shopping florianópolis beira mar,0,1,0.0,41.0,False
shopping florianópolis centro,0,2,0.0,15.0,False
shopping florianópolis continente,0,46,0.0,7.086956521739131,True
shopping florianópolis perto de mim,0,1,0.0,2.0,False
shopping florianópolis sc,0,5,0.0,10.4,True
shopping floripa beira mar,0,1,0.0,28.0,False
shopping floripa cinema,0,28,0.0,67.03571428571429,True
shopping floripa lojas,0,1,0.0,4.0,False
shopping for cheap,0,2,0.0,65.5,False
shopping fortaleza blumenau,0,1,0.0,4.0,False
shopping forum,0,2,0.0,11.5,False
shopping fundo,0,9,0.0,28.77777777777778,True
shopping ga,0,23,0.0,10.521739130434783,True
shopping galleria lojas,0,1,0.0,2.0,False
shopping garde,0,5,0.0,8.6,True
shopping gardem,0,10,0.0,9.1,True
shopping garden em joinville,0,122,0.0,9.114754098360656,True
shopping garden lages,0,1,0.0,36.0,False
shopping garden shopping,0,1,0.0,12.0,False
shopping garden sul,0,16,0.0,52.8125,True
shopping gardens,0,2,0.0,10.0,False
shopping garfen,0,1,0.0,13.0,False
shopping garopaba,0,6,0.0,35.666666666666664,True
shopping gartem,0,162,0.0,9.654320987654321,True
shopping garten cinema,0,14,0.0,29.071428571428573,True
shopping garten cinema joinville,0,3,0.0,22.333333333333332,True
shopping garten do proprietário,0,8,0.0,8.375,True
shopping garten em joinville,0,226,0.0,9.898230088495575,True
shopping garten estacionamento,0,18,0.0,2.333333333333333,True
shopping garten jlle,0,10,0.0,15.2,True
shopping garten joinville cinema,0,14,0.0,26.785714285714285,True
shopping garten joinville horario de atendimento,0,54,0.0,34.27777777777778,True
shopping garten joinville lojas,0,71,0.0,13.32394366197183,True
shopping garten joinville sc,0,27,0.0,8.333333333333332,True
shopping garten lojas,0,34,0.0,10.294117647058824,True
shopping garten trabalhe conosco,0,1,0.0,10.0,False
shopping garthen,0,34,0.0,9.911764705882353,True
shopping gift,0,1,0.0,33.0,False
shopping gift card,0,1,0.0,18.0,False
shopping gift voucher,0,1,0.0,15.0,False
shopping gigante,0,5,0.0,19.2,True
shopping giraffas,0,1,0.0,12.0,False
shopping grande center,0,3,0.0,34.0,True
shopping grande florianopolis,0,10,0.0,10.1,True
shopping grande rio,0,1,0.0,3.0,False
shopping grandes,0,6,0.0,12.5,True
shopping h,0,4,0.0,4.0,True
shopping h blumenau,0,7,0.0,5.142857142857143,True
shopping h em blumenau,0,2,0.0,3.0,False
shopping hall,0,3,0.0,16.666666666666664,True
shopping hangar 15 itanhaém,0,3,0.0,25.333333333333332,True
shopping haugo,0,1,0.0,6.0,False
shopping highway,0,1,0.0,10.0,False
shopping horizonte,0,17,0.0,6.9411764705882355,True
shopping i,0,20,0.0,8.7,True
shopping ibituruna,0,1,0.0,44.0,False
shopping ibiuna,0,2,0.0,38.0,False
shopping ideal,0,2,0.0,58.5,False
shopping iguatemi florianopolis,0,1,0.0,81.0,False
shopping iguatemi florianópolis,0,5,0.0,13.4,True
shopping iguatemi florianópolis cinema,0,1,0.0,50.0,False
shopping iguatemi floripa,0,1,0.0,3.0,False
shopping iguatemi são paulo av. brigadeiro faria lima 2232 cep,0,4,0.0,10.5,True
shopping iguatemi tem riachuelo,0,1,0.0,1.0,False
shopping im,0,2,0.0,35.5,False
shopping imbituba sc,0,7,0.0,1.0,True
shopping in alameda,0,2,0.0,40.0,False
shopping in cancun,0,2,0.0,59.0,False
shopping in newmarket,0,7,0.0,18.428571428571427,True
shopping in sete,0,6,0.0,97.5,True
shopping inaugurado em 2015 470 mil metros quadrados,0,1,0.0,1.0,False
shopping inauguração,0,17,0.0,13.117647058823529,True
shopping indaial,0,12,0.0,50.666666666666664,True
shopping ingleses,0,2,0.0,3.5,False
shopping inside,0,2,0.0,36.0,False
shopping interlagos riachuelo,0,1,0.0,1.0,False
shopping itacorubi,0,1,0.0,3.0,False
shopping itaim bibi,0,7,0.0,46.142857142857146,True
shopping itajai,0,35,0.0,35.02857142857143,True
shopping itajai cinema,0,14,0.0,44.214285714285715,True
shopping itajai policia federal,0,1,0.0,39.0,False
shopping itajai sc,0,1,0.0,8.0,False
shopping itajaí,0,8,0.0,48.5,True
shopping itajaí cinema,0,1,0.0,38.0,False
shopping itajaí lojas,0,2,0.0,35.0,False
shopping itajaí sc,0,3,0.0,15.666666666666666,True
shopping itanhaém,0,2,0.0,49.5,False
shopping itapema,0,1,0.0,4.0,False
shopping itapema sc,0,1,0.0,3.0,False
shopping itapoa sc,0,1,0.0,4.0,False
shopping içara,0,80,0.0,9.8125,True
shopping j,0,2,0.0,10.5,False
shopping ja,0,5,0.0,6.2,True
shopping jaguariuna,0,1,0.0,43.0,False
shopping jaragua,0,18,0.0,83.55555555555556,True
shopping jaragua cinema,0,3,0.0,50.333333333333336,True
shopping jaragua do sul,0,11,0.0,42.27272727272727,True
shopping jaraguá,0,9,0.0,81.22222222222223,True
shopping jaraguá do sul,0,9,0.0,44.666666666666664,True
shopping jaraguá do sul cinema,0,2,0.0,42.5,False
shopping jardim norte,0,1,0.0,4.0,False
shopping jequitimar,0,5,0.0,47.2,True
shopping joaçaba,0,2,0.0,2.5,False
shopping jogos,0,2,0.0,91.5,False
shopping joi,0,1,0.0,11.0,False
shopping joinvile,0,92,0.0,10.815217391304348,True
shopping joinville,0,5310,0.0,11.215254237288136,True
shopping joinville cinema,0,2,0.0,35.0,False
shopping joinville garten,0,1005,0.0,7.9144278606965175,True
shopping joinville garten cinema,0,1,0.0,25.0,False
shopping joinville garten lojas,0,14,0.0,33.214285714285715,True
shopping joinville maior,0,10,0.0,11.8,True
shopping joinville mueller,0,5,0.0,73.4,True
shopping joinville santa catarina,0,30,0.0,11.966666666666667,True
shopping joinville sc,0,675,0.0,11.204444444444444,True
shopping joiville,0,46,0.0,11.869565217391305,True
shopping jordoa,0,1,0.0,42.0,False
shopping jt,0,3,0.0,7.666666666666667,True
shopping ju,0,8,0.0,9.0,True
shopping jurere,0,2,0.0,4.0,False
shopping jvll,0,4,0.0,10.5,True
shopping lages,0,13,0.0,21.153846153846153,True
shopping lages cinema,0,1,0.0,35.0,False
shopping lages lojas,0,2,0.0,12.5,False
shopping lages santa catarina,0,1,0.0,41.0,False
shopping lages sc,0,3,0.0,11.666666666666666,True
shopping laguna sc,0,1,0.0,4.0,False
shopping litoral balneario camboriu,0,5,0.0,7.2,True
shopping litoral balneário camboriú,0,90,0.0,8.877777777777778,True
shopping litoral bc,0,1,0.0,10.0,False
shopping litoral camboriú,0,7,0.0,8.142857142857142,True
shopping lozandes,0,1,0.0,30.0,False
shopping luiza,0,2,0.0,35.5,False
shopping m2,0,2,0.0,39.5,False
shopping maal,0,1,0.0,7.0,False
shopping madness,0,1,0.0,5.0,False
shopping mafra,0,2,0.0,1.0,False
shopping maggiore,0,2,0.0,21.0,False
shopping mail,0,1,0.0,11.0,False
shopping maior do brasil,0,6,0.0,29.666666666666668,True
shopping mairiporã,0,1,0.0,33.0,False
shopping mais bonito do brasil,0,1,0.0,44.0,False
shopping mais grande de florianopolis,0,3,0.0,11.666666666666666,True
shopping mais luxuoso do brasil,0,1,0.0,26.0,False
shopping mais perto,0,3,0.0,1.0,True
shopping mais perto da minha localização,0,1,0.0,1.0,False
shopping mais perto de mim,0,2,0.0,3.5,False
shopping mais proximo,0,4,0.0,6.25,True
shopping mais próximo,0,2,0.0,5.5,False
shopping mais próximo a mim,0,1,0.0,1.0,False
shopping mais próximo de mim,0,1,0.0,4.0,False
shopping mais tem centauro,0,1,0.0,1.0,False
shopping mal,0,3,0.0,5.0,True
shopping mall,0,126,0.0,9.166666666666666,True
shopping mall balneario camboriu,0,12,0.0,9.666666666666666,True
shopping mall brazil,0,1,0.0,96.0,False
shopping mall brazil news,0,1,0.0,57.0,False
shopping mall camboriu,0,14,0.0,10.857142857142858,True
shopping mall curitiba,0,1,0.0,92.0,False
shopping mall florianopolis,0,1,0.0,11.0,False
shopping mall login,0,1,0.0,77.0,False
shopping mall near me,0,5,0.0,3.6,True
shopping mall porto,0,5,0.0,62.0,True
shopping mall sao paulo,0,2,0.0,70.5,False
shopping mall shopping center,0,2,0.0,73.0,False
shopping mall stores,0,1,0.0,4.0,False
shopping mall.,0,1,0.0,9.0,False
shopping malll,0,1,0.0,12.0,False
shopping malls,0,38,0.0,15.157894736842104,True
shopping malls near me,0,1,0.0,2.0,False
shopping mals,0,1,0.0,8.0,False
shopping marajoara,0,2,0.0,51.0,False
shopping marcas,0,2,0.0,6.0,False
shopping mark,0,2,0.0,1.0,False
shopping mas grande de camboriu,0,5,0.0,2.4,True
shopping mas grande de florianópolis,0,7,0.0,31.428571428571427,True
shopping medianeira,0,5,0.0,39.8,True
shopping melissa,0,1,0.0,5.0,False
shopping mercado,0,1,0.0,10.0,False
shopping mercado itaim paulista,0,1,0.0,27.0,False
shopping minds,0,1,0.0,7.0,False
shopping mix,0,1,0.0,28.0,False
shopping mix onde fica,0,1,0.0,10.0,False
shopping modelo,0,1,0.0,50.0,False
shopping moderno,0,1,0.0,1.0,False
shopping mol,0,1,0.0,8.0,False
shopping moll,0,1,0.0,4.0,False
shopping monet,0,1,0.0,52.0,False
shopping monte carlo,0,2,0.0,48.0,False
shopping mooca tem riachuelo,0,1,0.0,1.0,False
shopping mueller cinema,0,2,0.0,48.5,False
shopping mueller curitiba cinema,0,1,0.0,84.0,False
shopping mueller joinville,0,4,0.0,45.25,True
shopping mueller joinville estacionamento,0,1,0.0,4.0,False
shopping mueller lojas,0,1,0.0,99.0,False
shopping más grande de camboriú,0,7,0.0,10.142857142857142,True
shopping müller joinville,0,1,0.0,70.0,False
shopping n,0,1,0.0,1.0,False
shopping na,0,2,0.0,44.0,False
shopping na avenida do estado,0,1,0.0,86.0,False
shopping na faria lima,0,3,0.0,10.0,True
shopping na ilha,0,1,0.0,1.0,False
shopping na regiao,0,7,0.0,29.571428571428573,True
shopping na região,0,7,0.0,7.285714285714286,True
shopping na vila prudente,0,1,0.0,59.0,False
shopping nacional,0,1,0.0,12.0,False
shopping nacoes cinema,0,1,0.0,29.0,False
shopping nacoes criciuma,0,392,0.0,7.1811224489795915,True
shopping nacoes criciuma lojas,0,17,0.0,9.705882352941176,True
shopping nacoes horario,0,1,0.0,5.0,False
shopping nacoes limeira,0,1,0.0,15.0,False
shopping nacoes unidas,0,10,0.0,22.6,True
shopping navegantes santa catarina,0,2,0.0,3.0,False
shopping navegantes sc,0,3,0.0,2.666666666666667,True
shopping naçoes,0,305,0.0,7.439344262295082,True
shopping naçoes unidas,0,1,0.0,10.0,False
shopping nações criciuma,0,204,0.0,6.142156862745098,True
shopping nações criciúma cinema,0,2,0.0,29.5,False
shopping nações em criciúma,0,73,0.0,6.7534246575342465,True
shopping nações limeira fechou,0,2,0.0,3.0,False
shopping nações lojas,0,11,0.0,9.181818181818182,True
shopping nações unidas,0,112,0.0,40.330357142857146,True
shopping nações unidas fotos,0,8,0.0,55.0,True
shopping nações unidas lojas,0,4,0.0,31.25,True
shopping nações unidas macapá,0,1,0.0,52.0,False
shopping ne,0,9,0.0,8.88888888888889,True
shopping near me,0,1,0.0,92.0,False
shopping nearby,0,1,0.0,3.0,False
shopping neo marketing blumenau,0,117,0.0,6.589743589743589,True
shopping neomarketing,0,9,0.0,9.444444444444445,True
shopping neum,0,3,0.0,12.0,True
shopping neumar,0,9,0.0,8.555555555555555,True
shopping neumark,0,207,0.0,7.642512077294686,True
shopping neumarket,0,718,0.0,7.348189415041783,True
shopping neumarketing,0,65,0.0,8.830769230769231,True
shopping neumarkt blumenau cinema,0,4,0.0,17.75,True
shopping neumarkt cinema,0,11,0.0,27.727272727272727,True
shopping neumarkt cinema blumenau,0,1,0.0,64.0,False
shopping neumarkt do proprietário,0,4,0.0,1.25,True
shopping neumarkt em blumenau,0,213,0.0,6.76056338028169,True
shopping neumarkt horario de natal,0,2,0.0,1.0,False
shopping neumarkt lojas,0,642,0.0,8.313084112149532,True
shopping neumarkt lojas horário de funcionamento,0,4,0.0,2.5,True
shopping neumarkt praça de alimentação,0,3,0.0,15.666666666666666,True
shopping neumarkt promoção,0,1,0.0,7.0,False
shopping neumarkt sorteio,0,7,0.0,7.714285714285714,True
shopping neumart,0,37,0.0,7.1891891891891895,True
shopping neumartk,0,4,0.0,8.5,True
shopping new,0,10,0.0,8.5,True
shopping new balance,0,7,0.0,11.571428571428571,True
shopping new mall,0,1,0.0,3.0,False
shopping new market,0,74,0.0,8.743243243243242,True
shopping new market blumenau,0,127,0.0,7.6299212598425195,True
shopping newark,0,11,0.0,9.454545454545455,True
shopping newmarketing blumenau,0,127,0.0,7.7952755905511815,True
shopping newmarkt,0,231,0.0,7.45021645021645,True
shopping night,0,9,0.0,7.888888888888889,True
shopping no centro de balneário camboriú,0,8,0.0,12.5,True
shopping no centro de blumenau,0,3,0.0,5.666666666666667,True
shopping no centro de curitiba,0,1,0.0,74.0,False
shopping no centro de florianópolis,0,3,0.0,24.0,True
shopping no itaim,0,1,0.0,27.0,False
shopping no itaim bibi,0,4,0.0,64.25,True
shopping nome,0,1,0.0,1.0,False
shopping nor,0,1,0.0,11.0,False
shopping nort,0,10,0.0,9.8,True
shopping norte,0,614,0.0,16.798045602605864,True
shopping norte blumenau cinema,0,10,0.0,32.4,True
shopping norte blumenau lojas,0,95,0.0,13.631578947368421,True
shopping norte center,0,1,0.0,6.0,False
shopping norte cinema,0,1,0.0,96.0,False
shopping norte cinema blumenau,0,7,0.0,33.857142857142854,True
shopping norte em blumenau,0,38,0.0,8.736842105263158,True
shopping norte está aberto hoje,0,1,0.0,1.0,False
shopping norte fotos,0,2,0.0,3.0,False
shopping norte janga fotos,0,1,0.0,5.0,False
shopping norte lojas,0,96,0.0,12.90625,True
shopping norte porto,0,2,0.0,68.5,False
shopping norte shopping,0,106,0.0,18.38679245283019,True
shopping norte shopping blumenau,0,167,0.0,6.868263473053892,True
shopping norte shopping lojas,0,2,0.0,8.5,False
shopping norte sul,0,15,0.0,90.66666666666667,True
shopping norte sul cinema,0,1,0.0,80.0,False
shopping norte sul restaurantes,0,1,0.0,90.0,False
shopping nosso,0,2,0.0,9.0,False
shopping nota 10 zona norte,0,1,0.0,10.0,False
shopping nova américa lojas,0,1,0.0,1.0,False
shopping novo,0,2,0.0,6.5,False
shopping né,0,1,0.0,10.0,False
shopping oka floripa,0,2,0.0,4.0,False
shopping one,0,10,0.0,13.8,True
shopping opportunities,0,2,0.0,4.5,False
shopping outlet porto belo,0,8,0.0,47.75,True
shopping palhoça,0,11,0.0,21.454545454545453,True
shopping palhoça continente,0,124,0.0,7.959677419354839,True
shopping palhoça sc,0,4,0.0,8.25,True
shopping para tirar passaporte,0,1,0.0,1.0,False
shopping park center,0,5,0.0,66.6,True
shopping park europeu,0,60,0.0,40.0,True
shopping park europeu blumenau,0,4,0.0,32.75,True
shopping park europeu cinema,0,3,0.0,31.333333333333332,True
shopping park europeu em blumenau,0,1,0.0,5.0,False
shopping park europeu fotos,0,5,0.0,50.4,True
shopping park europeu lojas,0,3,0.0,15.0,True
shopping park sul,0,2,0.0,95.0,False
shopping parque balneario,0,17,0.0,35.64705882352941,True
shopping parque balneário área bruta locável,0,1,0.0,11.0,False
shopping parque balneário área lojas tamanho,0,44,0.0,3.522727272727273,True
shopping parque balneário metragem área lojas,0,4,0.0,4.25,True
shopping parque balneário número de lojas,0,38,0.0,10.289473684210526,True
shopping parque balneário número de lojas área,0,5,0.0,10.8,True
shopping parque balneário quantas lojas,0,19,0.0,9.263157894736842,True
shopping parque balneário santos área lojas tamanho,0,2,0.0,2.0,False
shopping parque balneário santos tamanho área lojas,0,12,0.0,2.0,True
shopping parque balneário santos tamanho lojas,0,3,0.0,2.0,True
shopping parque balneário tamanho área bruta locável,0,16,0.0,2.625,True
shopping parque balneário tamanho área lojas,0,202,0.0,5.514851485148514,True
shopping parque balneário tamanho área lojas santos,0,14,0.0,2.0,True
shopping parque balneário tamanho lojas,0,50,0.0,5.7,True
shopping parque balneário tamanho lojas área,0,13,0.0,5.153846153846154,True
shopping parque balneário tamanho lojas área bruta locável,0,9,0.0,2.7777777777777777,True
shopping parque balneário tamanho lojas santos,0,35,0.0,2.0,True
shopping parque balneário tamanho número de lojas,0,19,0.0,4.578947368421053,True
shopping parque balneário,0,37,0.0,33.78378378378378,True
shopping parque balneário fotos,0,2,0.0,4.0,False
shopping parque balneário lojas,0,8,0.0,22.375,True
shopping parque balneário santos,0,2,0.0,4.5,False
shopping parque continental,0,1,0.0,46.0,False
shopping parque europeu,0,4,0.0,3.25,True
shopping passaporte bh,0,2,0.0,1.0,False
shopping patio paulista centauro,0,1,0.0,1.0,False
shopping patio paulista riachuelo,0,1,0.0,1.0,False
shopping penha santa catarina,0,5,0.0,1.2,True
shopping penha sc,0,3,0.0,3.0,True
shopping perfume,0,1,0.0,9.0,False
shopping perro,0,3,0.0,2.333333333333333,True
shopping perto de mim,0,22,0.0,2.909090909090909,True
"shopping perto de mim dentro de 1,6 km",0,6,0.0,9.833333333333334,True
shopping perto de mim dentro de 800 m,0,3,0.0,5.666666666666667,True
shopping perto do aeroporto de navegantes,0,2,0.0,73.5,False
shopping perto do centro,0,2,0.0,3.0,False
shopping perto do itaim bibi,0,4,0.0,22.25,True
shopping perto do norte shopping,0,1,0.0,10.0,False
shopping perto itaim bibi,0,1,0.0,19.0,False
shopping pet friendly,0,3,0.0,64.0,True
shopping pet friendly são paulo,0,1,0.0,1.0,False
shopping petite,0,1,0.0,9.0,False
shopping picarras,0,2,0.0,9.0,False
shopping pizzaria,0,1,0.0,9.0,False
shopping piçarras,0,13,0.0,22.46153846153846,True
shopping piçarras projeto,0,1,0.0,34.0,False
shopping piçarras sc,0,5,0.0,12.6,True
shopping plaza sul tem riachuelo,0,1,0.0,1.0,False
shopping policia federal,0,2,0.0,8.0,False
shopping por perto,0,3,0.0,7.333333333333333,True
"shopping por perto dentro de 1,6 km",0,1,0.0,11.0,False
shopping portal sc,0,2,0.0,47.0,False
shopping portico sc,0,1,0.0,5.0,False
shopping porto belo,0,4,0.0,44.0,True
shopping porto geral,0,7,0.0,66.14285714285714,True
shopping pra,0,1,0.0,5.0,False
shopping prime santa catarina,0,1,0.0,5.0,False
shopping prime sc,0,1,0.0,4.0,False
shopping proximo,0,1,0.0,1.0,False
shopping proximo a mim,0,2,0.0,9.0,False
shopping proximo ao itaim bibi,0,1,0.0,20.0,False
"shopping proximo dentro de 1,6 km",0,1,0.0,10.0,False
shopping proximo dentro de 400 m,0,1,0.0,12.0,False
shopping prêmio,0,3,0.0,40.666666666666664,True
shopping prêmio cinema,0,4,0.0,35.25,True
shopping próximo a mim,0,9,0.0,4.222222222222222,True
shopping próximo a penha sc,0,1,0.0,1.0,False
shopping pt,0,1,0.0,59.0,False
shopping pátio chapeco,0,1,0.0,47.0,False
shopping pátio chapecó,0,5,0.0,53.8,True
shopping pátio chapecó cinema,0,1,0.0,37.0,False
shopping pátio mix,0,1,0.0,38.0,False
shopping quality,0,8,0.0,57.0,True
shopping que aceita cachorro,0,1,0.0,1.0,False
shopping que faz passaporte,0,1,0.0,6.0,False
shopping que tem apartamento em cima,0,1,0.0,11.0,False
shopping que tem cea,0,1,0.0,1.0,False
shopping que tem centauro,0,1,0.0,1.0,False
shopping que tem predio em cima,0,1,0.0,9.0,False
shopping que tem starbucks,0,1,0.0,1.0,False
shopping que tem zara,0,2,0.0,6.0,False
shopping que vai inaugurar,0,1,0.0,11.0,False
shopping r,0,1,0.0,1.0,False
shopping record,0,1,0.0,58.0,False
shopping reserva,0,1,0.0,12.0,False
shopping residence,0,39,0.0,6.897435897435898,True
shopping residencial,0,2,0.0,4.0,False
shopping resort,0,3,0.0,17.0,True
shopping restaurantes,0,1,0.0,9.0,False
shopping retail,0,1,0.0,10.0,False
shopping ri,0,1,0.0,10.0,False
shopping ribeirao preto,0,22,0.0,39.63636363636363,True
shopping ribeirao santa ursula,0,1,0.0,14.0,False
shopping ribeirão preto santa ursula,0,150,0.0,9.133333333333333,True
shopping ribeirão preto sp,0,6,0.0,22.833333333333332,True
shopping rio do sul sc,0,1,0.0,6.0,False
shopping rio preto,0,1,0.0,4.0,False
shopping rio sul,0,1,0.0,7.0,False
shopping riviera lojas,0,1,0.0,48.0,False
shopping rm,0,2,0.0,9.0,False
shopping s,0,13,0.0,31.923076923076923,True
shopping salinas,0,4,0.0,20.0,True
shopping santa,0,21,0.0,22.523809523809526,True
shopping santa catarina brasil,0,1,0.0,2.0,False
shopping santa catarina sorocaba,0,1,0.0,4.0,False
shopping santa cecilia sc,0,2,0.0,2.5,False
shopping santa cruz riachuelo,0,3,0.0,1.0,True
shopping santa cruz tem riachuelo,0,1,0.0,1.0,False
shopping santa isabel,0,5,0.0,31.0,True
shopping santa lolla,0,5,0.0,57.8,True
shopping santa ursula,0,315,0.0,15.644444444444444,True
shopping santa ursula cinema,0,2,0.0,14.0,False
shopping santa ursula rib preto,0,1,0.0,8.0,False
shopping santa ursula ribeirao,0,15,0.0,15.333333333333334,True
shopping santa ursula ribeirao preto,0,24,0.0,13.791666666666666,True
shopping santa ursula ribeirão preto lojas,0,39,0.0,42.12820512820513,True
shopping santa úrsula,0,274,0.0,17.44890510948905,True
shopping santa úrsula - rua são josé - higienópolis ribeirão preto - sp,0,1,0.0,10.0,False
shopping santa úrsula cinema,0,2,0.0,1.0,False
shopping santa úrsula em ribeirão preto,0,3,0.0,14.0,True
shopping santa úrsula fotos,0,102,0.0,7.7254901960784315,True
shopping santa úrsula ribeirão,0,3,0.0,9.0,True
shopping santa úrsula ribeirão preto,0,33,0.0,16.484848484848484,True
shopping santa úrsula ribeirão preto - sp,0,1,0.0,3.0,False
shopping santo amaro da imperatriz,0,1,0.0,1.0,False
shopping sao joao del rei,0,1,0.0,43.0,False
shopping sao jose,0,18,0.0,62.888888888888886,True
shopping sao jose cinema,0,2,0.0,61.5,False
shopping sao jose curitiba,0,1,0.0,85.0,False
shopping sao jose florianopolis,0,66,0.0,8.818181818181818,True
shopping sao jose sc,0,84,0.0,18.392857142857142,True
shopping sao josé,0,4,0.0,44.25,True
shopping sao josé cinema,0,2,0.0,64.0,False
shopping sc,0,192,0.0,12.203125,True
shopping senter,0,1,0.0,8.0,False
shopping sete,0,1,0.0,79.0,False
shopping sh,0,31,0.0,8.064516129032258,True
shopping shopping,0,1,0.0,8.0,False
shopping shopping app,0,2,0.0,5.0,False
shopping shopping center,0,2,0.0,41.0,False
shopping shopping centre,0,7,0.0,39.857142857142854,True
shopping shoppings,0,1,0.0,2.0,False
shopping simple,0,2,0.0,58.5,False
shopping sites,0,1,0.0,78.0,False
shopping solidário | bazar social em camboriú,0,2,0.0,22.0,False
shopping sombrio sc,0,1,0.0,3.0,False
shopping sp,0,1,0.0,60.0,False
shopping spa,0,1,0.0,8.0,False
shopping spoleto,0,14,0.0,21.857142857142858,True
shopping spot,0,2,0.0,9.0,False
shopping stitch,0,1,0.0,8.0,False
shopping sul,0,31,0.0,83.38709677419355,True
shopping sul cinema,0,1,0.0,93.0,False
shopping sul fotos,0,1,0.0,64.0,False
shopping sul lojas,0,1,0.0,93.0,False
shopping são jose,0,26,0.0,67.1923076923077,True
shopping são jose cinema,0,1,0.0,70.0,False
shopping são josé,0,28,0.0,50.035714285714285,True
shopping são josé santa catarina,0,18,0.0,22.72222222222222,True
shopping são josé sc,0,67,0.0,13.134328358208956,True
shopping são paulo,0,4,0.0,54.5,True
shopping tabajara,0,10,0.0,16.8,True
shopping também,0,1,0.0,11.0,False
shopping tem dono,0,11,0.0,8.454545454545453,True
shopping thoughts,0,1,0.0,51.0,False
shopping tijuca tem riachuelo,0,5,0.0,1.0,True
shopping tijucas sc,0,1,0.0,5.0,False
shopping tip,0,1,0.0,11.0,False
shopping total cinema,0,8,0.0,52.375,True
shopping total cinema curitiba,0,12,0.0,48.333333333333336,True
shopping total curitiba,0,15,0.0,67.2,True
shopping total curitiba cinema,0,1,0.0,42.0,False
shopping total curitiba lojas,0,1,0.0,103.0,False
shopping total lojas,0,6,0.0,86.16666666666667,True
shopping total restaurantes,0,1,0.0,54.0,False
shopping trade,0,4,0.0,8.25,True
shopping trade center,0,39,0.0,15.435897435897436,True
shopping trade center fotos,0,2,0.0,3.0,False
shopping trees,0,1,0.0,47.0,False
shopping tubarão,0,6,0.0,4.5,True
shopping tubarão sc,0,2,0.0,4.0,False
shopping tyrol,0,1,0.0,8.0,False
shopping unternehmen,0,6,0.0,6.166666666666667,True
shopping ursula,0,5,0.0,11.8,True
shopping ursula ribeirao preto,0,1,0.0,9.0,False
shopping ursula ribeirão preto,0,7,0.0,8.571428571428571,True
shopping urubici,0,324,0.0,9.296296296296296,True
shopping utilidades balneário camboriú,0,1,0.0,8.0,False
shopping utilitários,0,1,0.0,7.0,False
shopping van,0,1,0.0,8.0,False
shopping vans,0,32,0.0,24.71875,True
shopping verdes mares fotos,0,1,0.0,6.0,False
shopping via barreiro,0,1,0.0,5.0,False
shopping via catarina,0,3,0.0,77.66666666666667,True
shopping via catarina cinema,0,2,0.0,49.5,False
shopping via catarina lojas,0,1,0.0,62.0,False
shopping via catarina palhoça,0,2,0.0,81.5,False
shopping via direta,0,1,0.0,42.0,False
shopping vilarejo,0,2,0.0,41.0,False
shopping vilarejo mall,0,2,0.0,15.0,False
shopping villa inglesa,0,1,0.0,44.0,False
shopping villa romana,0,1,0.0,5.0,False
shopping villagio sorocaba,0,4,0.0,58.0,True
shopping virtual reality,0,9,0.0,35.111111111111114,True
shopping vouchers,0,4,0.0,16.75,True
shopping wall,0,1,0.0,8.0,False
shopping white,0,6,0.0,8.5,True
shopping within 1.6 km,0,1,0.0,17.0,False
shopping zentrum,0,1,0.0,9.0,False
shopping's,0,1,0.0,11.0,False
shopping.,0,1,0.0,4.0,False
shopping.balneario,0,4,0.0,9.75,True
shopping.balneario camboriu,0,9,0.0,6.333333333333333,True
shopping.continente,0,40,0.0,8.65,True
shoppingcenter,0,13,0.0,30.923076923076923,True
shoppingcenter norte,0,1,0.0,75.0,False
shoppingcenters,0,16,0.0,12.125,True
shoppingcentrum,0,1,0.0,5.0,False
shoppingenie,0,1,0.0,7.0,False
shoppingin,0,1,0.0,10.0,False
shoppings app,0,1,0.0,8.0,False
shoppings balneario camboriu,0,57,0.0,23.333333333333332,True
shoppings balneário camboriú,0,556,0.0,16.859712230215827,True
shoppings blumenau,0,307,0.0,11.087947882736156,True
shoppings brasil,0,12,0.0,13.583333333333334,True
shoppings brasileiros,0,22,0.0,12.136363636363637,True
shoppings brinquedos,0,2,0.0,56.5,False
shoppings camboriu,0,4,0.0,9.75,True
shoppings campina grande,0,1,0.0,74.0,False
shoppings center,0,15,0.0,24.6,True
shoppings centers,0,316,0.0,25.768987341772153,True
shoppings centers ou shopping centers,0,1,0.0,14.0,False
shoppings criciuma,0,3,0.0,11.333333333333334,True
shoppings curitiba,0,14,0.0,54.07142857142857,True
shoppings de,0,6,0.0,32.33333333333333,True
shoppings de balneário camboriú,0,598,0.0,17.54515050167224,True
shoppings de blumenau,0,421,0.0,9.619952494061758,True
shoppings de campina grande,0,1,0.0,77.0,False
shoppings de curitiba,0,23,0.0,71.26086956521739,True
shoppings de florianopolis,0,2,0.0,6.0,False
shoppings de florianópolis,0,51,0.0,21.15686274509804,True
shoppings de floripa,0,1,0.0,24.0,False
shoppings de joinville,0,154,0.0,10.974025974025974,True
shoppings de luxo em sp,0,1,0.0,70.0,False
shoppings de ribeirão preto,0,4,0.0,62.0,True
shoppings de santa catarina,0,361,0.0,6.7368421052631575,True
shoppings de sao paulo,0,2,0.0,177.5,False
shoppings de são paulo,0,1,0.0,167.0,False
shoppings do brasil,0,4,0.0,18.75,True
shoppings em,0,11,0.0,21.272727272727273,True
shoppings em balneario,0,56,0.0,20.946428571428573,True
shoppings em balneario camboriu,0,38,0.0,21.05263157894737,True
shoppings em balneario camboriu sc,0,13,0.0,10.923076923076923,True
shoppings em balneário camboriú,0,906,0.0,15.385209713024283,True
shoppings em bc,0,2,0.0,11.5,False
shoppings em blumenau,0,658,0.0,11.26595744680851,True
shoppings em blumenau santa catarina,0,15,0.0,11.0,True
shoppings em blumenau sc,0,82,0.0,12.268292682926829,True
shoppings em brusque,0,1,0.0,5.0,False
shoppings em cancun,0,32,0.0,54.03125,True
shoppings em chapecó,0,1,0.0,9.0,False
shoppings em criciúma,0,11,0.0,10.636363636363637,True
shoppings em curitiba,0,67,0.0,74.2089552238806,True
shoppings em curitiba pr,0,1,0.0,79.0,False
shoppings em florianopolis,0,12,0.0,21.833333333333332,True
shoppings em florianópolis,0,120,0.0,20.041666666666668,True
shoppings em florianópolis sc,0,5,0.0,14.8,True
shoppings em floripa,0,6,0.0,23.666666666666668,True
shoppings em itajai,0,2,0.0,10.0,False
shoppings em jaraguá do sul,0,1,0.0,11.0,False
shoppings em joinville,0,429,0.0,11.277389277389277,True
shoppings em joinville santa catarina,0,55,0.0,10.272727272727273,True
shoppings em joinville sc,0,52,0.0,11.673076923076923,True
shoppings em porto alegre,0,19,0.0,78.6842105263158,True
shoppings em ribeirao preto,0,1,0.0,27.0,False
shoppings em ribeirão preto,0,2,0.0,94.0,False
shoppings em ribeirão preto sp,0,4,0.0,28.75,True
shoppings em sao jose dos campos,0,2,0.0,56.5,False
shoppings em sp,0,2,0.0,176.0,False
shoppings em são josé do rio preto,0,1,0.0,4.0,False
shoppings em são josé dos campos,0,1,0.0,100.0,False
shoppings en camboriu,0,3,0.0,7.0,True
shoppings en florianopolis,0,5,0.0,33.6,True
shoppings florianopolis,0,51,0.0,19.098039215686274,True
shoppings florianópolis,0,225,0.0,24.92888888888889,True
shoppings floripa,0,1,0.0,68.0,False
shoppings itajai,0,4,0.0,25.0,True
shoppings joinville,0,262,0.0,10.450381679389313,True
shoppings na região,0,1,0.0,7.0,False
shoppings no brasil,0,17,0.0,41.88235294117647,True
shoppings norte,0,1,0.0,13.0,False
shoppings perto de mim,0,4,0.0,1.0,True
shoppings por perto,0,1,0.0,10.0,False
shoppings porto,0,8,0.0,48.625,True
shoppings porto alegre,0,16,0.0,80.875,True
shoppings próximos,0,1,0.0,95.0,False
shoppings que tem,0,1,0.0,12.0,False
shoppings ribeirão preto,0,3,0.0,28.0,True
shoppings sao paulo,0,3,0.0,99.33333333333333,True
shoppings shoppings,0,1,0.0,8.0,False
shoppings sp,0,1,0.0,68.0,False
shoppings são paulo,0,1,0.0,102.0,False
shoppings.,0,2,0.0,4.0,False
shoppinh,0,1,0.0,1.0,False
shoppinh mall,0,2,0.0,6.5,False
shoppinh norte,0,3,0.0,7.0,True
shoppinhs,0,2,0.0,9.5,False
shoppins,0,97,0.0,10.123711340206185,True
shoppong center,0,1,0.0,13.0,False
shoppping,0,1,0.0,11.0,False
shoppromo,0,1,0.0,1.0,False
shoppıng center,0,2,0.0,13.0,False
shops and markets,0,1,0.0,15.0,False
shops faria lima,0,1,0.0,74.0,False
shops mall,0,1,0.0,38.0,False
shops way,0,4,0.0,45.0,True
shoptime canal,0,2,0.0,11.5,False
shoptime compras,0,1,0.0,36.0,False
shoptime jogos ps3,0,5,0.0,18.0,True
shoptime marketplace,0,4,0.0,84.0,True
shoptime produtos exclusivos e demonstração ao vivo -site:gov.br -site:jus.br -site:mp.br -site:abril.com -site:abril.com.br -site:blogspot.com -site:bovespa.com.br -site:estadao.com.br -site:g1.com -site:globo.com -site:imprensaoficial.com.br -site:infomoney.com.br -site:istoe.com.br -site:jusbrasil.com.br -site:r7.com.br -site:radaroficial.com.br -site:reclameaqui.com.br -site:terra.com.br -site:uol.com.br -site:valor.com.br -site:wikipedia.org,0,2,0.0,40.5,False
shoptime ps4,0,2,0.0,17.5,False
shopy com,0,1,0.0,35.0,False
shore break,0,1,0.0,11.0,False
short colcci feminino,0,1,0.0,8.0,False
short corrida feminino,0,1,0.0,2.0,False
short corrida oxer,0,1,0.0,2.0,False
short maratona do rio,0,2,0.0,1.0,False
short maratona rio,0,1,0.0,1.0,False
shorts adidas adizero,0,1,0.0,4.0,False
shorts de piscina feminino,0,1,0.0,4.0,False
shorts feminino academia,0,1,0.0,1.0,False
shoult,0,2,0.0,1.0,False
shoutz,0,3,0.0,3.0,True
show auto mall bh,0,1,0.0,81.0,False
show gusttavo lima nacoes shopping,0,3,0.0,9.666666666666666,True
show hints,0,1,0.0,42.0,False
show moda,0,2,0.0,50.0,False
show no norte shopping,0,1,0.0,1.0,False
showroom lança perfume,0,7,0.0,10.285714285714286,True
showroom new balance,0,2,0.0,34.5,False
showtimes,0,1,0.0,15.0,False
shox r4,0,1,0.0,5.0,False
shping center,0,2,0.0,9.0,False
shpings,0,6,0.0,19.833333333333332,True
shpping balneario,0,1,0.0,8.0,False
shpping center,0,8,0.0,43.5,True
shpping norte,0,1,0.0,4.0,False
shppings,0,8,0.0,8.75,True
shuctz,0,2,0.0,17.5,False
shudt,0,1,0.0,1.0,False
shuez,0,1,0.0,2.0,False
shuhh,0,1,0.0,1.0,False
shultz,0,29,0.0,5.379310344827586,True
shultza,0,1,0.0,1.0,False
shultzer,0,1,0.0,2.0,False
shulz,0,1,0.0,4.0,False
shuntz,0,2,0.0,2.5,False
shurth,0,1,0.0,1.0,False
shurtz,0,4,0.0,3.75,True
shuster sapatos,0,1,0.0,2.0,False
shutes,0,2,0.0,1.0,False
shuthz,0,1,0.0,4.0,False
shutlz,0,1,0.0,3.0,False
shuts,0,2,0.0,2.5,False
shutsz,0,1,0.0,2.0,False
shutx,0,1,0.0,4.0,False
shutz botas,0,2,0.0,6.0,False
shutz brasil,0,4,0.0,10.0,True
shutz loja,0,3,0.0,10.0,True
shutzz,0,1,0.0,2.0,False
shuz,0,2,0.0,4.5,False
shuz bolsa,0,1,0.0,6.0,False
shuz calçados,0,1,0.0,5.0,False
si,0,2,0.0,2.5,False
sicredi balneário camboriú,0,1,0.0,19.0,False
significa junior,0,1,0.0,78.0,False
significado de balneário,0,1,0.0,15.0,False
significado de boutique,0,1,0.0,8.0,False
significado de schutz,0,2,0.0,1.0,False
siguinificado de levi,0,1,0.0,12.0,False
sim,0,63,0.0,3.126984126984127,True
"sim , quero saber",0,1,0.0,5.0,False
sim mais detalhes,0,1,0.0,1.0,False
sim me mostra,0,1,0.0,11.0,False
sim quero,0,1,0.0,4.0,False
"sim, compare",0,1,0.0,1.0,False
"sim, verifique",0,1,0.0,12.0,False
simbolo schutz,0,2,0.0,2.0,False
simbolo sipat 2025,0,1,0.0,1.0,False
simoneia,0,1,0.0,66.0,False
simple organic,0,24,0.0,7.291666666666667,True
simple organic balneário camboriú,0,326,0.0,10.423312883435583,True
simple organic bc,0,27,0.0,11.481481481481481,True
simple organic beauty,0,2,0.0,48.5,False
simple organic brasilia,0,2,0.0,19.5,False
simple organic clean desodorante,0,1,0.0,3.0,False
simple organic eye balm antes e depois,0,1,0.0,3.0,False
simple organic franquia,0,20,0.0,13.5,True
simple organic loja,0,7,0.0,40.714285714285715,True
simple organic lojas,0,8,0.0,45.25,True
simple organic skincare,0,5,0.0,12.0,True
simple organic trabalhe conosco,0,3,0.0,11.0,True
simple organic vitamina c,0,1,0.0,3.0,False
simple organic é bom,0,3,0.0,1.6666666666666665,True
simulador de realidade virtual shopping,0,3,0.0,27.666666666666668,True
sipa 2025,0,1,0.0,5.0,False
sipat 2025 logo,0,50,0.0,1.0,True
sipat 2025 temas,0,3,0.0,8.0,True
sipat logo 2025,0,1,0.0,1.0,False
sipatma 2025,0,1,0.0,2.0,False
sipatmin 2025,0,1,0.0,2.0,False
sipatr 2025,0,10,0.0,9.3,True
sisana barbosa,0,28,0.0,5.964285714285714,True
sisley paris,0,1,0.0,13.0,False
sit alemira,0,1,0.0,7.0,False
site abl,0,1,0.0,7.0,False
site almeida,0,11,0.0,7.545454545454546,True
site art walk,0,1,0.0,62.0,False
site artex,0,1,0.0,54.0,False
site artwalk,0,23,0.0,37.73913043478261,True
site authentic feet,0,5,0.0,39.0,True
site blue beach,0,3,0.0,54.666666666666664,True
site centauro,0,1,0.0,1.0,False
site cia maritima,0,3,0.0,62.0,True
site clovis calçados,0,1,0.0,4.0,False
site com s,0,1,0.0,1.0,False
site continente,0,1,0.0,61.0,False
site da authentic feet,0,1,0.0,3.0,False
site da calvin klein,0,4,0.0,73.75,True
site da colcci,0,1,0.0,2.0,False
site da dress to,0,2,0.0,78.5,False
site da imaginarium,0,42,0.0,87.04761904761905,True
site da lanca perfume,0,2,0.0,67.0,False
site da levi's,0,3,0.0,64.0,True
site da levis,0,6,0.0,85.16666666666667,True
site da lez a lez,0,2,0.0,50.0,False
site da loja constance,0,1,0.0,79.0,False
site da maria filo,0,1,0.0,43.0,False
site da preçolândia,0,6,0.0,39.833333333333336,True
site da puket,0,1,0.0,4.0,False
site da richards,0,7,0.0,60.142857142857146,True
site da schutz,0,1,0.0,3.0,False
site da schutz oficial,0,2,0.0,1.0,False
site da taco,0,3,0.0,97.0,True
site de material escolar barato,0,2,0.0,2.0,False
site de relacionamento de pessoas ricas,0,7,0.0,71.57142857142857,True
site de roupas importadas baratas,0,1,0.0,6.0,False
site de tenis barato,0,1,0.0,1.0,False
site degalls,0,10,0.0,7.7,True
site dengo,0,3,0.0,89.0,True
site do giraffas,0,2,0.0,52.0,False
site do shopping,0,2,0.0,7.0,False
site ellus,0,1,0.0,96.0,False
site fans,0,5,0.0,13.2,True
site foxton,0,3,0.0,76.33333333333333,True
site girafas,0,2,0.0,91.0,False
site giraffas,0,8,0.0,44.25,True
site imaginarium,0,30,0.0,87.86666666666666,True
site imaginarium loja,0,30,0.0,70.16666666666667,True
site joge,0,14,0.0,54.07142857142857,True
site jr,0,3,0.0,3.6666666666666665,True
site junior,0,14,0.0,28.357142857142858,True
site lanca perfume,0,8,0.0,63.25,True
site levi's,0,1,0.0,71.0,False
site lez a lez,0,2,0.0,68.5,False
site lilica e tigor,0,31,0.0,10.580645161290322,True
site lilica ripilica,0,1,0.0,4.0,False
site lilica ripilica oficial,0,15,0.0,36.0,True
site loja constance,0,1,0.0,92.0,False
site loungerie,0,7,0.0,66.14285714285714,True
site mais dezoito,0,1,0.0,12.0,False
site maria filó,0,2,0.0,25.5,False
site nk,0,15,0.0,80.06666666666666,True
site norte shopping,0,3,0.0,38.333333333333336,True
site oficial da schutz,0,1,0.0,3.0,False
site oficial schutz,0,1,0.0,3.0,False
site otica diniz,0,2,0.0,39.5,False
site preçolandia,0,10,0.0,64.7,True
site recco,0,6,0.0,54.5,True
site ri,0,1,0.0,95.0,False
site riachuelo casa,0,1,0.0,71.0,False
site richards,0,11,0.0,73.81818181818181,True
site richards masculino,0,1,0.0,4.0,False
site schutz,0,4,0.0,3.25,True
site schutz oficial,0,1,0.0,2.0,False
site shutz,0,1,0.0,2.0,False
site simple organic,0,1,0.0,38.0,False
site spot,0,1,0.0,50.0,False
site taco,0,4,0.0,90.25,True
site tip top,0,1,0.0,79.0,False
site uza,0,13,0.0,56.30769230769231,True
site uza shoes é confiavel,0,2,0.0,2.5,False
"site:.com.br ""chat.whatsapp.com"" amostras grátis portugal",0,1,0.0,7.0,False
"site:.com.br ""chat.whatsapp.com"" cupons desconto florianópolis",0,1,0.0,5.0,False
"site:.com.br ""chat.whatsapp.com"" pubg santa catarina",0,1,0.0,5.0,False
site:balneariocamboriushopping.com.br,0,3,0.0,2.666666666666667,True
site:gartenshopping.com.br,0,20,0.0,4.95,True
site:https://www.gartenshopping.com.br,0,5,0.0,7.0,True
site:nacoesshopping.com.br,0,4,0.0,3.25,True
site:sbb.org.br almeida revista e atualizada direitos autorais,0,2,0.0,7.0,False
site:sbb.org.br almeida revista e corrigida direitos autorais,0,1,0.0,6.0,False
site:sbb.org.br almeida revista e corrigida direitos autorais arc,0,1,0.0,5.0,False
"site:shoppingvaledoaco.com.br/alimentacao.php ""boali""",0,2,0.0,10.0,False
"site:shoppingvaledoaco.com.br/alimentacao.php ""boali"" ""delivery""",0,1,0.0,10.0,False
site:www.balneariocamboriushopping.com.br,0,3,0.0,2.0,True
sites de sapatos femininos,0,1,0.0,7.0,False
sitio fan,0,2,0.0,51.0,False
sitio jr,0,4,0.0,29.5,True
sitio junior,0,5,0.0,38.8,True
siuq,0,9,0.0,7.555555555555555,True
six mall,0,3,0.0,5.333333333333333,True
six shopping center,0,1,0.0,52.0,False
sixty cars,0,1,0.0,48.0,False
skin care simple organic,0,1,0.0,2.0,False
slip on colcci masculino,0,1,0.0,8.0,False
slip on schutz,0,1,0.0,4.0,False
slmeida,0,3,0.0,10.0,True
small shopping,0,1,0.0,7.0,False
smart cities brasil,0,1,0.0,36.0,False
smart cities brazil,0,6,0.0,46.666666666666664,True
smart cities in brazil,0,2,0.0,51.0,False
smart cities ranking,0,7,0.0,71.0,True
smart city ranking,0,1,0.0,84.0,False
smart santa catarina,0,8,0.0,17.625,True
smart watch samsung donna,0,1,0.0,11.0,False
smultz,0,1,0.0,1.0,False
snapinsta.app/pt,0,2,0.0,85.0,False
snata lolla,0,1,0.0,44.0,False
snchu,0,2,0.0,2.0,False
soaq,0,19,0.0,13.157894736842104,True
sobhos,0,2,0.0,66.5,False
sobre,0,1,0.0,11.0,False
sobre a luz da lua,0,7,0.0,92.42857142857143,True
sobre o estacionamento,0,1,0.0,1.0,False
sobrenome schutz,0,10,0.0,1.0,True
societal governance,0,5,0.0,87.4,True
societal structure,0,4,0.0,9.75,True
sodegaura center,0,1,0.0,12.0,False
software manutenção shopping,0,12,0.0,97.33333333333333,True
soiolto,0,1,0.0,9.0,False
soiq,0,3,0.0,7.0,True
solarcontrol,0,1,0.0,2.0,False
solenelamaire ass,0,3,0.0,2.0,True
solicitar passaporte joinville,0,6,0.0,4.0,True
solução niacinamida 30ml simple organic,0,1,0.0,3.0,False
son los únicos ?,0,1,0.0,3.0,False
sonda do itaim paulista,0,1,0.0,3.0,False
sonhar com arvore,0,1,0.0,5.0,False
sonhar com crianças,0,1,0.0,83.0,False
soouq,0,3,0.0,39.333333333333336,True
sopa em balneário camboriú,0,1,0.0,7.0,False
soping,0,1,0.0,5.0,False
soping center,0,1,0.0,8.0,False
soque,0,1,0.0,8.0,False
sorte grande byd,0,6,0.0,10.5,True
sorteiam,0,12,0.0,61.583333333333336,True
sorteio 4,0,28,0.0,82.42857142857143,True
sorteio alameda shopping,0,1,0.0,6.0,False
sorteio almeida junior natal,0,4,0.0,3.0,True
sorteio balneario shopping,0,439,0.0,8.036446469248292,True
sorteio balneário shopping,0,21,0.0,7.142857142857143,True
sorteio banner,0,2,0.0,76.0,False
sorteio byd,0,100,0.0,6.4,True
sorteio carro,0,4,0.0,85.5,True
sorteio carro almeida junior,0,10,0.0,2.7,True
sorteio carro balneario shopping,0,38,0.0,8.68421052631579,True
sorteio carro nacoes shopping,0,7,0.0,1.0,True
sorteio carro neumarkt,0,1,0.0,11.0,False
sorteio carro shopping,0,1,0.0,12.0,False
sorteio carro shopping continental,0,1,0.0,9.0,False
sorteio carro shopping continente,0,3,0.0,5.666666666666667,True
sorteio carro shopping garten joinville,0,13,0.0,11.23076923076923,True
sorteio carro shopping neumarkt,0,22,0.0,8.40909090909091,True
sorteio carro shopping neumarkt blumenau,0,15,0.0,8.4,True
sorteio carros,0,10,0.0,48.8,True
sorteio carros midway mall,0,1,0.0,53.0,False
sorteio continente shopping,0,13,0.0,4.384615384615385,True
sorteio de carro,0,13,0.0,65.0,True
sorteio de carro shopping,0,1,0.0,1.0,False
sorteio de carros,0,5,0.0,53.6,True
sorteio de dia das maes,0,2,0.0,37.0,False
sorteio de natal,0,10,0.0,31.3,True
sorteio de natal para clientes,0,1,0.0,5.0,False
sorteio de premios,0,2,0.0,76.5,False
sorteio de um carro,0,1,0.0,69.0,False
sorteio dia das maes,0,1,0.0,5.0,False
sorteio dias das maes,0,1,0.0,70.0,False
sorteio dias das mães,0,1,0.0,63.0,False
sorteio do carro,0,9,0.0,83.0,True
sorteio garten shopping,0,33,0.0,10.181818181818182,True
sorteio garten shopping joinville,0,42,0.0,9.047619047619047,True
sorteio iphone 17,0,1,0.0,3.0,False
sorteio nacoes shopping,0,8,0.0,1.0,True
sorteio natal,0,12,0.0,43.5,True
sorteio natal balneario shopping,0,1,0.0,7.0,False
sorteio neumarkt,0,15,0.0,8.8,True
sorteio norte shopping,0,19,0.0,8.736842105263158,True
sorteio norte shopping blumenau,0,3,0.0,5.0,True
sorteio premios,0,2,0.0,80.5,False
sorteio shopping,0,5,0.0,4.4,True
sorteio shopping balneario camboriu,0,134,0.0,7.2164179104477615,True
sorteio shopping continente,0,16,0.0,1.0,True
sorteio shopping garten joinville,0,47,0.0,10.106382978723405,True
sorteio shopping neumarkt blumenau,0,24,0.0,7.541666666666667,True
sorteio vale sorte de hoje,0,1,0.0,43.0,False
sorteio volvo mar shopping,0,1,0.0,25.0,False
sorteios de carros,0,9,0.0,49.0,True
sorteios de carros 2025,0,1,0.0,92.0,False
sorvete bacio di latte,0,1,0.0,1.0,False
sorveteria almeida,0,1,0.0,13.0,False
sorveteria orobo,0,1,0.0,11.0,False
soudq,0,1,0.0,10.0,False
soulq,0,110,0.0,7.7727272727272725,True
sounq,0,2,0.0,6.0,False
souoq?,0,1,0.0,11.0,False
souq,0,8432,0.0,8.030834914611006,True
souq balneario camboriu,0,16,0.0,11.0,True
souq brincos,0,1,0.0,5.0,False
souq contact,0,3,0.0,94.66666666666667,True
souq iguatemi,0,1,0.0,5.0,False
souq loja,0,44,0.0,14.886363636363637,True
souq lojas,0,23,0.0,23.347826086956523,True
souq lojas físicas,0,2,0.0,37.5,False
souq moema,0,1,0.0,4.0,False
souq o que é,0,5,0.0,10.2,True
souq roupas,0,1,0.0,5.0,False
souq roupas femininas,0,1,0.0,6.0,False
souq salamanca,0,1,0.0,17.0,False
souq shopping,0,5,0.0,48.6,True
souq significado,0,28,0.0,12.178571428571429,True
souq site,0,1,0.0,21.0,False
souq store,0,1,0.0,39.0,False
souq.com,0,2,0.0,82.0,False
souq.con,0,9,0.0,80.77777777777777,True
souqe,0,65,0.0,80.64615384615385,True
souqq,0,1,0.0,1.0,False
souqstore,0,1,0.0,3.0,False
souqu,0,3,0.0,5.666666666666667,True
sourq,0,1,0.0,7.0,False
sousq,0,7,0.0,5.428571428571429,True
soyq,0,15,0.0,10.466666666666667,True
spa,0,1,0.0,1.0,False
spa near newmarket,0,1,0.0,46.0,False
spam continente,0,1,0.0,29.0,False
spectra - museum,0,1,0.0,3.0,False
spire one realty,0,1,0.0,25.0,False
spoketo,0,1,0.0,9.0,False
spoleeto,0,1,0.0,4.0,False
spolet,0,1,0.0,2.0,False
spoleta,0,1,0.0,1.0,False
spoleto,0,146,0.0,7.506849315068493,True
spoleto acompanhamentos,0,1,0.0,1.0,False
spoleto americas shopping,0,1,0.0,71.0,False
spoleto aracaju,0,1,0.0,1.0,False
spoleto balneario,0,4,0.0,2.0,True
spoleto boulevard,0,1,0.0,1.0,False
spoleto cantareira norte shopping,0,2,0.0,11.5,False
spoleto comida,0,1,0.0,1.0,False
spoleto continente park shopping,0,2,0.0,12.5,False
spoleto criciuma,0,2,0.0,10.0,False
spoleto franquia,0,147,0.0,16.700680272108844,True
spoleto franquia valor,0,15,0.0,45.6,True
spoleto fundada em,0,3,0.0,1.0,True
spoleto guanabara,0,1,0.0,2.0,False
spoleto itaquera,0,3,0.0,9.666666666666666,True
spoleto loja,0,9,0.0,31.11111111111111,True
spoleto lojas,0,9,0.0,31.444444444444443,True
spoleto mais próximo,0,1,0.0,1.0,False
spoleto massa,0,1,0.0,75.0,False
spoleto meier,0,1,0.0,25.0,False
spoleto mueller,0,2,0.0,9.5,False
spoleto multicenter,0,127,0.0,11.362204724409448,True
spoleto no shopping,0,2,0.0,11.5,False
spoleto norte shopping,0,10,0.0,31.3,True
spoleto o que é,0,1,0.0,10.0,False
spoleto origem,0,5,0.0,10.4,True
spoleto patio brasil,0,2,0.0,12.0,False
spoleto perto de mim,0,6,0.0,8.333333333333332,True
spoleto proximo a mim,0,2,0.0,9.0,False
spoleto restaurante,0,3,0.0,6.666666666666667,True
spoleto shopping,0,54,0.0,8.25925925925926,True
spoleto shopping bela vista,0,29,0.0,12.344827586206897,True
spoleto shopping itaquera,0,26,0.0,13.76923076923077,True
spoleto shopping vila velha,0,20,0.0,12.55,True
spoleto sobre,0,1,0.0,9.0,False
spoleto spoleto,0,7,0.0,27.285714285714285,True
spoleto umuarama,0,1,0.0,15.0,False
spoletto,0,11,0.0,6.0,True
spollet,0,1,0.0,1.0,False
spolleto,0,2,0.0,9.0,False
spooleto,0,1,0.0,2.0,False
spot and one,0,3,0.0,9.333333333333334,True
spot bal,0,1,0.0,1.0,False
spot balneario camboriu,0,98,0.0,9.53061224489796,True
spot condominio,0,1,0.0,9.0,False
spot construtora,0,1,0.0,87.0,False
spot empreendimento,0,3,0.0,8.0,True
spot imóveis,0,1,0.0,44.0,False
spot only,0,2,0.0,10.5,False
spot premios,0,1,0.0,10.0,False
spot realty,0,1,0.0,44.0,False
spot residence,0,8,0.0,15.25,True
spot residence balneario camboriu,0,45,0.0,9.622222222222222,True
spot residencial,0,1,0.0,5.0,False
spot shopping,0,8,0.0,7.5,True
spot são carlos temporadas,0,1,0.0,30.0,False
spot urbano,0,1,0.0,4.0,False
spotone,0,21,0.0,15.428571428571429,True
spots one,0,1,0.0,1.0,False
spottere-commerce and shopping,0,3,0.0,14.0,True
squad de desenvolvimento floripa,0,1,0.0,44.0,False
sr schutz,0,1,0.0,1.0,False
srotz,0,1,0.0,1.0,False
srtefacto,0,1,0.0,11.0,False
srtwalk,0,194,0.0,7.927835051546392,True
ss premios,0,7,0.0,6.428571428571429,True
ss premios blumenau,0,1,0.0,10.0,False
sschutz,0,1,0.0,11.0,False
ssouq,0,1,0.0,6.0,False
st almeida,0,1,0.0,8.0,False
st.almeida,0,1,0.0,40.0,False
stand em shopping,0,1,0.0,1.0,False
starbucks carioca shopping,0,1,0.0,12.0,False
starbucks continente,0,4,0.0,4.0,True
starbucks continente shopping,0,92,0.0,6.336956521739131,True
starbucks criciuma,0,5,0.0,12.6,True
starbucks sao jose,0,1,0.0,1.0,False
starbucks shopping continente,0,4,0.0,5.75,True
starjane,0,1,0.0,6.0,False
startup marketing company ri,0,2,0.0,78.0,False
startup varejo,0,10,0.0,61.5,True
startup.aj,0,1,0.0,11.0,False
stchuz,0,1,0.0,7.0,False
sthuz,0,1,0.0,3.0,False
stitch collab,0,1,0.0,16.0,False
stitch garten,0,1,0.0,12.0,False
stitch jr,0,2,0.0,11.0,False
stitch junior,0,1,0.0,1.0,False
stitch shop,0,1,0.0,78.0,False
store blu,0,1,0.0,79.0,False
store franchises,0,1,0.0,1.0,False
store grife brasil,0,1,0.0,53.0,False
store sc,0,2,0.0,12.0,False
store vans,0,2,0.0,60.0,False
stores,0,2,0.0,10.5,False
stores partnering with entertainment franchises for exclusive merchandise,0,2,0.0,17.0,False
strategy junior,0,1,0.0,72.0,False
studio almeida,0,1,0.0,7.0,False
studio z blumenau shopping neumarkt,0,1,0.0,3.0,False
studio z continente shopping,0,1,0.0,20.0,False
studio z norte shopping,0,1,0.0,1.0,False
studio z shopping continente,0,6,0.0,20.666666666666668,True
studio z shopping neumarkt,0,1,0.0,33.0,False
sualmeidav,0,1,0.0,43.0,False
suana barbosa,0,39,0.0,5.384615384615385,True
subway norte shopping,0,1,0.0,10.0,False
suchetos,0,1,0.0,1.0,False
suchut,0,1,0.0,1.0,False
sucz,0,3,0.0,1.0,True
suica continente,0,1,0.0,1.0,False
sul center,0,15,0.0,64.73333333333333,True
sultz,0,2,0.0,1.0,False
summer activation,0,3,0.0,5.666666666666667,True
summer sephora,0,2,0.0,5.5,False
summer shopping,0,2,0.0,7.0,False
summer vibe sephora,0,2,0.0,5.5,False
summer vibes sephora,0,90,0.0,7.477777777777778,True
summer vibes sephora 2026,0,3,0.0,7.0,True
sunset balneario camboriu,0,1,0.0,7.0,False
suoq,0,5,0.0,6.6,True
super aj,0,1,0.0,7.0,False
super bowl o que é,0,1,0.0,67.0,False
super continente,0,1,0.0,71.0,False
super descontos,0,1,0.0,2.0,False
super legal balneario shopping,0,1,0.0,6.0,False
super mega sale,0,1,0.0,9.0,False
super shopping virtual,0,2,0.0,10.5,False
superm lealdade ltda,0,2,0.0,80.5,False
superman continente shopping,0,3,0.0,10.0,True
superman garten,0,2,0.0,11.0,False
supermercado almeida,0,3,0.0,2.0,True
supermercado big balneario camboriu,0,4,0.0,82.0,True
supermercado continente shopping,0,7,0.0,9.285714285714286,True
supermercado sao jose sc,0,1,0.0,68.0,False
supermercados continente,0,1,0.0,48.0,False
supermercati continente,0,1,0.0,99.0,False
supertryout,0,3,0.0,18.0,True
suplementos norte shopping,0,4,0.0,11.25,True
susa shop,0,2,0.0,10.0,False
susaba barbosa,0,37,0.0,5.621621621621622,True
susan barbosa,0,23,0.0,6.086956521739131,True
susana _barbosa,0,31,0.0,6.064516129032258,True
susana barbisa,0,462,0.0,5.582251082251083,True
susana barboda,0,6,0.0,5.333333333333333,True
susana barbora,0,20,0.0,5.8,True
susana barbos,0,81,0.0,5.518518518518518,True
susana barbosa 1,0,2,0.0,7.0,False
susana barbosa atriz,0,1,0.0,20.0,False
susana barbosa ere,0,8,0.0,9.25,True
susana barbosa instagram,0,1,0.0,32.0,False
susana barbosa job,0,5,0.0,2.0,True
susana barbosa oficial,0,4,0.0,16.0,True
susana barbosa por,0,1,0.0,8.0,False
susana barbosa telegram,0,1,0.0,10.0,False
susana barbosa twitter,0,1,0.0,3.0,False
susana barbosa xvideo,0,2,0.0,4.0,False
susana barbosa.,0,10,0.0,5.6,True
susana barboza,0,4,0.0,8.5,True
susana barnosa,0,2,0.0,5.0,False
susana batbosa,0,12,0.0,4.916666666666666,True
susana brasa,0,2,0.0,10.5,False
susana oliveira barbosa,0,1,0.0,4.0,False
susana privacy,0,2,0.0,11.0,False
susana-barbosa,0,75,0.0,5.72,True
susana.barbosa,0,56,0.0,5.535714285714286,True
susana_ barbosa,0,37,0.0,6.297297297297297,True
susana_barbosa privacy,0,1,0.0,9.0,False
susana_barbosa9,0,1,0.0,2.0,False
susanabarbosa,0,288,0.0,6.104166666666667,True
susane barbosa,0,124,0.0,7.637096774193548,True
susanna barbosa,0,57,0.0,5.315789473684211,True
susaza barbosa,0,58,0.0,5.741379310344827,True
sushi nacoes shopping,0,1,0.0,14.0,False
sushi shopping continente,0,10,0.0,9.6,True
sussana barbosa,0,263,0.0,5.547528517110266,True
sustentabilidade e esg,0,25,0.0,89.32,True
sustentabilidade esg,0,43,0.0,90.86046511627907,True
susuna barbosa,0,38,0.0,5.2368421052631575,True
suthentic feet,0,91,0.0,9.076923076923077,True
sutia loungerie,0,1,0.0,57.0,False
sutiã valisere conforto,0,1,0.0,3.0,False
sutiãs valisere,0,1,0.0,15.0,False
sutz,0,1,0.0,2.0,False
suzana barbisa,0,131,0.0,5.259541984732825,True
suzana barbosa,0,20,0.0,3.05,True
suzana barbosa 21,0,1,0.0,9.0,False
suzana barbosa onlyfans,0,1,0.0,10.0,False
suzana barbosa telegram,0,1,0.0,10.0,False
suzana_barbosa,0,244,0.0,5.463114754098361,True
suzanabarbosa,0,123,0.0,5.642276422764228,True
swhatz,0,1,0.0,2.0,False
swneumarkt,0,4,0.0,7.75,True
syndicate loja,0,1,0.0,40.0,False
szut,0,1,0.0,1.0,False
são bem vindos,0,11,0.0,18.727272727272727,True
são francisco do sul - sc,0,1,0.0,3.0,False
são jose de almeida,0,6,0.0,65.33333333333333,True
são josé,0,1,0.0,2.0,False
são josé de almeida,0,4,0.0,54.5,True
são josé do almeida,0,4,0.0,66.25,True
são josé sc shopping,0,4,0.0,6.0,True
são josé shopping,0,1,0.0,8.0,False
são miguel do oeste sc mapa,0,1,0.0,3.0,False
sépha perfumaria,0,1,0.0,15.0,False
série com dragões,0,1,0.0,3.0,False
sérum simple organic,0,1,0.0,1.0,False
síndrome da loja vazia,0,176,0.0,23.27840909090909,True
sítio júnior,0,2,0.0,71.5,False
só esse?,0,1,0.0,3.0,False
sócios,0,1,0.0,2.0,False
t,0,1,0.0,16.0,False
t shirt lez a lez,0,1,0.0,6.0,False
ta no filo,0,1,0.0,29.0,False
tabacaria lounge,0,1,0.0,1.0,False
tabacaria nações shopping,0,34,0.0,11.176470588235293,True
tabacaria novo shopping,0,1,0.0,2.0,False
tacco bell,0,1,0.0,8.0,False
taco,0,3,0.0,4.333333333333334,True
taco barra,0,6,0.0,7.333333333333333,True
taco barra shopping,0,413,0.0,8.426150121065376,True
taco beel,0,1,0.0,4.0,False
taco bel,0,4,0.0,5.0,True
taco bel;l,0,1,0.0,7.0,False
taco bell,0,148,0.0,9.202702702702704,True
taco bell and,0,5,0.0,57.0,True
taco bell bc,0,2,0.0,5.5,False
taco bell br,0,1,0.0,25.0,False
taco bell brasil lojas,0,8,0.0,9.625,True
taco bell campo grande,0,46,0.0,10.543478260869565,True
taco bell campo grande ms,0,51,0.0,9.03921568627451,True
taco bell center 3,0,2,0.0,16.0,False
taco bell curitiba,0,2,0.0,3.5,False
taco bell curitiba endereço,0,1,0.0,15.0,False
taco bell florianópolis,0,20,0.0,8.45,True
taco bell franquia,0,34,0.0,26.647058823529413,True
taco bell fundada em,0,103,0.0,8.0,True
taco bell fundador,0,1,0.0,3.0,False
taco bell idade,0,9,0.0,4.444444444444445,True
taco bell joao pessoa,0,18,0.0,5.555555555555555,True
taco bell leipzig,0,1,0.0,10.0,False
taco bell logo,0,1,0.0,1.0,False
taco bell loja,0,4,0.0,10.0,True
taco bell lojas,0,181,0.0,9.508287292817679,True
taco bell mais próximo de mim,0,1,0.0,5.0,False
taco bell natal rn,0,1,0.0,9.0,False
taco bell near me,0,3,0.0,3.0,True
taco bell newmarket,0,1,0.0,25.0,False
taco bell norte shopping,0,33,0.0,13.575757575757576,True
taco bell norte sul,0,5,0.0,48.8,True
taco bell norteshopping,0,1,0.0,51.0,False
taco bell onde tem,0,14,0.0,7.0,True
taco bell ozark,0,1,0.0,28.0,False
taco bell piracicaba,0,4,0.0,10.5,True
taco bell sc,0,3,0.0,10.666666666666666,True
taco bell shopping,0,2,0.0,6.5,False
taco bell taco bell taco bell,0,3,0.0,39.333333333333336,True
taco bell trabalhe conosco,0,10,0.0,11.9,True
taco bell uberlandia,0,1,0.0,8.0,False
taco bell é de onde,0,2,0.0,10.5,False
taco campo grande,0,1,0.0,9.0,False
taco carioca shopping,0,1,0.0,11.0,False
taco center,0,1,0.0,58.0,False
taco conjunto nacional,0,6,0.0,9.333333333333334,True
taco continente,0,1,0.0,6.0,False
taco franquia,0,7,0.0,20.714285714285715,True
taco loja,0,13,0.0,19.0,True
taco loja de roupas,0,18,0.0,9.0,True
taco loja shopping,0,33,0.0,8.818181818181818,True
taco lojas,0,32,0.0,6.4375,True
taco madureira,0,1,0.0,9.0,False
taco marca,0,3,0.0,32.0,True
taco moda,0,1,0.0,80.0,False
taco norte,0,40,0.0,8.775,True
taco norte shopping,0,308,0.0,10.38961038961039,True
taco shopping,0,44,0.0,10.0,True
taco shopping da bahia,0,2,0.0,13.0,False
taco top shopping,0,2,0.0,13.0,False
taco trabalhe conosco,0,55,0.0,28.6,True
tacobel,0,4,0.0,8.0,True
tacobell,0,7,0.0,7.285714285714286,True
tacos continente,0,2,0.0,7.0,False
tacos shopping,0,4,0.0,9.25,True
tahe shopping,0,2,0.0,11.0,False
tai e jr privacy,0,1,0.0,8.0,False
talamasca,0,1,0.0,2.0,False
tamanco lez a lez,0,1,0.0,7.0,False
tamanco santa lolla,0,1,0.0,5.0,False
tamanco schutz,0,1,0.0,7.0,False
tamanho da quadra de basquete nba,0,1,0.0,2.0,False
tamanho de blumenau,0,2,0.0,23.0,False
tamanho de florianópolis,0,1,0.0,61.0,False
tamanho de joinville,0,1,0.0,50.0,False
tamanho do central park em metros quadrados,0,1,0.0,47.0,False
tamanho do continente europeu,0,1,0.0,78.0,False
tamanho do norte shopping,0,3,0.0,22.333333333333332,True
tamanho florianopolis,0,3,0.0,37.666666666666664,True
tania bulhoes,0,5,0.0,2.6,True
tania bulhoes balneario camboriu,0,10,0.0,9.2,True
tania bulhoes blumenau,0,54,0.0,7.296296296296297,True
tania bulhoes florianopolis,0,3,0.0,11.333333333333334,True
tania bulhoes lojas,0,5,0.0,10.0,True
tania bulhoes quem é,0,1,0.0,2.0,False
tania bulhões,0,1,0.0,58.0,False
tania bulhões cashback,0,1,0.0,1.0,False
tania bulhões lojas,0,2,0.0,10.0,False
tania marca,0,1,0.0,11.0,False
taniabulhoes,0,22,0.0,10.863636363636363,True
tapetes na riachuelo,0,4,0.0,44.25,True
tapetes riachuelo,0,2,0.0,29.0,False
tarifa,0,1,0.0,3.0,False
tartuferia curitiba,0,1,0.0,7.0,False
tartuferia san paolo,0,1,0.0,45.0,False
tartuferia san paolo curitiba,0,1,0.0,3.0,False
tartuferia são paulo,0,1,0.0,57.0,False
tasty salad,0,2,0.0,34.0,False
tasty salad shop,0,65,0.0,11.923076923076923,True
tasty shop,0,2,0.0,11.0,False
tatiana schreiber,0,1,0.0,7.0,False
tavo bell,0,2,0.0,8.5,False
taxa de material escolar,0,1,0.0,1.0,False
tea,0,1,0.0,1.0,False
team mall,0,1,0.0,5.0,False
tech smart,0,1,0.0,10.0,False
tech smart balneário camboriú,0,3,0.0,7.333333333333333,True
techsmart blumenau,0,1,0.0,10.0,False
tedler teller spot one,0,5,0.0,8.2,True
tel otica diniz,0,5,0.0,76.6,True
telas del continente,0,1,0.0,9.0,False
telas para elevadores,0,12,0.0,9.666666666666666,True
telefone,0,3,0.0,10.0,True
telefone administração norte shopping,0,1,0.0,5.0,False
telefone almeida,0,128,0.0,4.46875,True
telefone bar do alemao,0,2,0.0,45.5,False
telefone bar do alemão,0,2,0.0,11.5,False
telefone cartão riachuelo,0,1,0.0,2.0,False
telefone centauro balneário camboriú,0,1,0.0,5.0,False
telefone continente shopping,0,2,0.0,47.0,False
telefone da administração do shopping,0,1,0.0,7.0,False
telefone da almeida,0,3,0.0,4.0,True
telefone da ecomax,0,2,0.0,54.0,False
telefone da riachuelo,0,1,0.0,1.0,False
telefone da riachuelo cartão,0,1,0.0,2.0,False
telefone da santa lolla,0,1,0.0,13.0,False
telefone das lojas,0,1,0.0,2.0,False
telefone do almeida,0,79,0.0,4.139240506329114,True
telefone do bar do alemão,0,1,0.0,9.0,False
telefone do bar do alemão em itu,0,1,0.0,36.0,False
telefone gnc cinemas joinville garten,0,2,0.0,24.5,False
telefone júnior,0,6,0.0,14.166666666666666,True
telefone magazine luiza blumenau norte shopping,0,1,0.0,2.0,False
telefone midway,0,1,0.0,3.0,False
telefone norte shopping blumenau,0,50,0.0,12.52,True
telefone oceane,0,4,0.0,1.0,True
telefone policia federal joinville,0,15,0.0,10.266666666666667,True
telefone riachuelo,0,3,0.0,1.0,True
telefone riachuelo cartão,0,2,0.0,3.5,False
telefone riachuelo central de atendimento,0,2,0.0,2.5,False
telefone shopping continente,0,1,0.0,17.0,False
telefone shopping garten joinville,0,5,0.0,13.4,True
telefone shopping neumarkt blumenau,0,13,0.0,3.4615384615384617,True
tem,0,1,0.0,2.0,False
tem algum convênio,0,1,0.0,3.0,False
tem algum número de whatsapp,0,1,0.0,5.0,False
tem algum shopping,0,1,0.0,3.0,False
tem alguma loja,0,1,0.0,1.0,False
tem americanas no garten,0,29,0.0,10.448275862068966,True
tem americanas no shopping continente,0,2,0.0,13.0,False
tem americanas no shopping garten,0,5,0.0,5.6,True
tem americanas no shopping garten joinville,0,1,0.0,1.0,False
tem amigo no norte shopping,0,1,0.0,13.0,False
tem brasil cacau no norte shopping,0,2,0.0,11.5,False
tem c&a no norte shopping,0,1,0.0,1.0,False
tem c&a no shopping,0,1,0.0,12.0,False
tem caixa no shopping,0,1,0.0,1.0,False
tem calvin klein no norte shopping,0,3,0.0,12.666666666666666,True
tem centauro no catarina outlet,0,4,0.0,8.25,True
tem centauro no shopping center norte,0,1,0.0,1.0,False
tem centauro no shopping continental,0,16,0.0,3.3125,True
tem centauro no shopping paulista,0,1,0.0,1.0,False
tem centauro no top shopping,0,1,0.0,1.0,False
tem certeza?,0,3,0.0,2.0,True
tem como comprar no site da centauro e retirar na loja,0,2,0.0,1.0,False
tem constance no norte shopping,0,3,0.0,12.666666666666666,True
tem decathlon no norte shopping,0,1,0.0,1.0,False
tem em alagoas,0,1,0.0,5.0,False
tem em caxias do sul?,0,1,0.0,1.0,False
tem em outros estados?,0,1,0.0,2.0,False
tem em recife,0,1,0.0,2.0,False
tem em santa catarina,0,1,0.0,5.0,False
tem em sp,0,1,0.0,1.0,False
tem estacionamento gratuito,0,1,0.0,2.0,False
tem estacionamento?,0,1,0.0,1.0,False
tem filhos,0,2,0.0,2.0,False
tem flakes,0,1,0.0,46.0,False
tem fora do brasil?,0,1,0.0,4.0,False
tem foto,0,1,0.0,14.0,False
tem foto dele?,0,1,0.0,2.0,False
tem foto do prédio?,0,1,0.0,1.0,False
tem fotografias,0,1,0.0,1.0,False
tem fotos,0,1,0.0,1.0,False
tem fotos?,0,1,0.0,14.0,False
tem imagem?,0,1,0.0,16.0,False
tem loja riachuelo no barra shopping,0,2,0.0,1.0,False
tem loja riachuelo no shopping tijuca,0,1,0.0,1.0,False
tem magazine luiza no shopping guararapes,0,1,0.0,4.0,False
tem mais?,0,1,0.0,1.0,False
tem marisa no continente shopping,0,4,0.0,10.25,True
tem mercado no norte shopping,0,5,0.0,11.2,True
tem mercado no shopping continente,0,5,0.0,8.4,True
tem no brasil,0,1,0.0,1.0,False
tem no para,0,1,0.0,1.0,False
tem no rio de janeiro,0,1,0.0,1.0,False
tem no shopping,0,2,0.0,5.0,False
tem nome fantasia?,0,1,0.0,3.0,False
tem outra loja?,0,1,0.0,3.0,False
tem outras lojas?,0,1,0.0,1.0,False
tem outras marcas ?,0,1,0.0,1.0,False
tem outros?,0,1,0.0,3.0,False
tem popeyes em joinville,0,2,0.0,3.0,False
tem quantas lojas,0,1,0.0,7.0,False
tem quantas lojas?,0,1,0.0,1.0,False
tem quantos andares,0,1,0.0,2.0,False
tem renner em balneário camboriú,0,1,0.0,1.0,False
tem renner no norte shopping,0,2,0.0,7.0,False
tem riachuelo no barra shopping,0,19,0.0,1.0,True
tem riachuelo no bh shopping,0,4,0.0,1.0,True
tem riachuelo no botafogo praia shopping,0,4,0.0,2.0,True
tem riachuelo no campinas shopping,0,2,0.0,1.0,False
tem riachuelo no conjunto nacional,0,1,0.0,1.0,False
tem riachuelo no goiania shopping,0,1,0.0,1.0,False
tem riachuelo no recreio shopping,0,1,0.0,1.0,False
tem riachuelo no ribeirão shopping,0,1,0.0,1.0,False
tem riachuelo no shopping aricanduva,0,1,0.0,1.0,False
tem riachuelo no shopping atrium,0,1,0.0,1.0,False
tem riachuelo no shopping barigui,0,5,0.0,1.0,True
tem riachuelo no shopping center norte,0,1,0.0,1.0,False
tem riachuelo no shopping curitiba,0,2,0.0,1.0,False
tem riachuelo no shopping grande rio,0,2,0.0,1.0,False
tem riachuelo no shopping internacional de guarulhos,0,2,0.0,1.0,False
tem riachuelo no shopping jardim sul,0,1,0.0,1.0,False
tem riachuelo no shopping metrópole,0,1,0.0,1.0,False
tem riachuelo no shopping mooca,0,3,0.0,1.0,True
tem riachuelo no shopping mueller,0,1,0.0,1.0,False
tem riachuelo no shopping oriente,0,1,0.0,1.0,False
tem riachuelo no shopping patio paulista,0,1,0.0,1.0,False
tem riachuelo no shopping paulista,0,1,0.0,1.0,False
tem riachuelo no shopping plaza sul,0,1,0.0,1.0,False
tem riachuelo no shopping santa cruz,0,2,0.0,1.0,False
tem riachuelo no shopping sp market,0,1,0.0,1.0,False
tem riachuelo no shopping tijuca,0,6,0.0,1.0,True
tem riachuelo no top shopping,0,1,0.0,1.0,False
tem riachuelo no villa romana,0,1,0.0,1.0,False
tem santa lolla no parque shopping,0,1,0.0,1.0,False
tem sephora em balneário camboriú,0,17,0.0,8.352941176470587,True
tem sephora em blumenau,0,2,0.0,12.5,False
tem sephora em joinville,0,1,0.0,13.0,False
tem sephora no continente shopping,0,1,0.0,11.0,False
tem sephora no shopping bourbon,0,1,0.0,1.0,False
tem sephora no shopping mueller,0,2,0.0,1.0,False
tem shoo,0,1,0.0,11.0,False
tem shop,0,1,0.0,67.0,False
tem shopping,0,3,0.0,8.333333333333332,True
tem shopping em,0,3,0.0,10.0,True
tem shopping em balneário camboriú,0,103,0.0,9.922330097087379,True
tem shopping em balneário piçarras,0,6,0.0,12.0,True
tem shopping em barra velha sc,0,1,0.0,3.0,False
tem shopping em blumenau,0,71,0.0,10.67605633802817,True
tem shopping em bombinhas,0,1,0.0,2.0,False
tem shopping em caçador sc,0,1,0.0,3.0,False
tem shopping em criciúma,0,48,0.0,9.604166666666666,True
tem shopping em garopaba sc,0,1,0.0,1.0,False
tem shopping em governador celso ramos,0,1,0.0,1.0,False
tem shopping em itajai,0,2,0.0,6.0,False
tem shopping em itapema,0,3,0.0,2.0,True
tem shopping em jaraguá do sul,0,1,0.0,22.0,False
tem shopping em joaçaba,0,3,0.0,9.0,True
tem shopping em joinville,0,140,0.0,11.692857142857143,True
tem shopping em navegantes,0,1,0.0,2.0,False
tem shopping em navegantes sc,0,1,0.0,3.0,False
tem shopping em penha santa catarina,0,2,0.0,1.0,False
tem shopping em penha sc,0,2,0.0,1.0,False
tem shopping em piçarras,0,4,0.0,13.25,True
tem shopping em pomerode,0,2,0.0,19.5,False
tem shopping em santa catarina,0,5,0.0,1.8,True
tem shopping em urubici,0,3,0.0,7.666666666666667,True
tem shopping?,0,3,0.0,5.666666666666667,True
tem validade?,0,1,0.0,1.0,False
tem whatsapp?,0,1,0.0,2.0,False
tem zara,0,1,0.0,3.0,False
tem zara em balneario camboriu,0,77,0.0,11.7012987012987,True
tem zara em balneário camboriú,0,21,0.0,10.428571428571429,True
tem zara em criciuma,0,2,0.0,13.0,False
tem zara no balneario shopping,0,18,0.0,11.777777777777779,True
tem zara no beira mar shopping,0,2,0.0,1.0,False
tem zara no continente shopping,0,15,0.0,10.733333333333333,True
tem zara no shopping beiramar,0,1,0.0,1.0,False
tem zara no shopping continente,0,25,0.0,10.68,True
tema de sipat 2025,0,3,0.0,9.0,True
tema para sipat 2025,0,14,0.0,10.428571428571429,True
tema sipat 2025,0,52,0.0,7.4423076923076925,True
temas de sipat 2025,0,5,0.0,6.2,True
temas para sipat 2025,0,17,0.0,17.529411764705884,True
temas para sipat 2026,0,23,0.0,51.30434782608695,True
temas sipat 2025,0,6,0.0,42.333333333333336,True
temmie flakes,0,5,0.0,57.6,True
temp shopping,0,1,0.0,43.0,False
temperatura blumenau,0,1,0.0,3.0,False
temperatura em balneário camboriú hoje,0,1,0.0,2.0,False
temperatura em camboriu sc,0,1,0.0,27.0,False
temperatura fraiburgo,0,1,0.0,3.0,False
temperatura nos próximos 15 dias,0,1,0.0,3.0,False
tempero da mara balneário camboriú,0,1,0.0,9.0,False
tempo almeida,0,1,0.0,35.0,False
tempo blumenau,0,1,0.0,2.0,False
tempo em canoinhas,0,1,0.0,3.0,False
tempo em itapema sc,0,1,0.0,3.0,False
tenant mix,0,1,0.0,88.0,False
tenco shopping centers,0,5,0.0,44.6,True
tendência de verão 2021,0,1,0.0,28.0,False
tenes o,0,1,0.0,10.0,False
tenis,0,1,0.0,2.0,False
tenis adidas antigo,0,1,0.0,1.0,False
tenis adidas court feminino,0,1,0.0,3.0,False
tenis adidas crazychaos,0,1,0.0,2.0,False
tenis adidas esporte feminino,0,1,0.0,5.0,False
tenis adidas masculino,0,1,0.0,4.0,False
tenis asics forest,0,1,0.0,1.0,False
tenis branco schutz,0,1,0.0,5.0,False
tenis brasileiro,0,1,0.0,3.0,False
tenis centauros,0,1,0.0,92.0,False
tenis corrida feminino,0,1,0.0,1.0,False
tenis curry,0,1,0.0,10.0,False
tenis da schutz,0,2,0.0,3.5,False
tenis de basquete centauro,0,1,0.0,1.0,False
tenis de corrida branco,0,1,0.0,1.0,False
tenis de corrida masculino,0,1,0.0,1.0,False
tenis de marca brasileira,0,1,0.0,1.0,False
tenis feminino,0,1,0.0,4.0,False
tenis flutua feminino,0,1,0.0,7.0,False
tenis lanca perfume lançamento,0,1,0.0,2.0,False
tenis marca brasileira,0,7,0.0,1.0,True
tenis marca nacional,0,2,0.0,1.0,False
tenis marcas brasileiras,0,1,0.0,1.0,False
tenis mormaii,0,1,0.0,4.0,False
tenis new balance,0,1,0.0,4.0,False
tenis nike pegasus 38,0,1,0.0,4.0,False
tenis on runing,0,2,0.0,3.0,False
tenis pegada feminino,0,1,0.0,5.0,False
tenis preto masculino,0,1,0.0,5.0,False
tenis que ana paula usou no bbb,0,1,0.0,3.0,False
tenis rainha é bom?,0,1,0.0,3.0,False
tenis schutz,0,19,0.0,9.105263157894736,True
tenis schutz branco,0,2,0.0,8.0,False
tenis schutz masculino,0,2,0.0,3.0,False
tenis schutz original,0,1,0.0,4.0,False
tenis schutz promoção,0,1,0.0,6.0,False
tenis schutz é confortavel,0,2,0.0,2.0,False
tenis uza,0,2,0.0,7.5,False
tenis vand,0,1,0.0,4.0,False
tenis vans old skool,0,1,0.0,6.0,False
tera black friday,0,7,0.0,55.0,True
terno makenji,0,1,0.0,5.0,False
ternos chiques moda praia masculino,0,2,0.0,11.0,False
terraço shopping lojas,0,1,0.0,1.0,False
terça-feira,0,1,0.0,2.0,False
testeira masculina,0,1,0.0,2.0,False
teta de nega,0,1,0.0,13.0,False
thaíza francischini,0,1,0.0,4.0,False
the almeda,0,1,0.0,49.0,False
the apot,0,4,0.0,10.75,True
the bobs,0,1,0.0,83.0,False
the continente,0,7,0.0,78.28571428571429,True
the exclusive summer,0,1,0.0,9.0,False
the family's norte shopping,0,1,0.0,11.0,False
the first kfc,0,3,0.0,83.33333333333333,True
the first kfc restaurant,0,9,0.0,84.22222222222223,True
the garden blumenau,0,1,0.0,29.0,False
the garden joinville,0,1,0.0,77.0,False
the garden shopping center,0,2,0.0,91.5,False
the garten joinville,0,1,0.0,13.0,False
the hall,0,4,0.0,7.75,True
the north face balneario camboriu,0,4,0.0,19.25,True
the north face balneario shopping,0,51,0.0,8.666666666666668,True
the north face balneário camboriú,0,4,0.0,10.0,True
the one balneario camboriu,0,1,0.0,14.0,False
the one empreendimento,0,1,0.0,92.0,False
the one garten,0,57,0.0,23.771929824561404,True
the one shopping,0,1,0.0,3.0,False
the one spot,0,17,0.0,7.588235294117647,True
the schutz,0,4,0.0,1.0,True
the shuts,0,1,0.0,1.0,False
the soot,0,3,0.0,10.666666666666666,True
the sopt,0,1,0.0,10.0,False
the souq,0,1,0.0,1.0,False
the spoot,0,1,0.0,10.0,False
the spor,0,3,0.0,9.333333333333334,True
the sport one,0,14,0.0,8.642857142857142,True
the spot 365,0,2,0.0,17.5,False
the spot apartments,0,1,0.0,10.0,False
the spot ba,0,1,0.0,12.0,False
the spot bc,0,3,0.0,8.333333333333332,True
the spot center,0,2,0.0,4.5,False
the spot mall,0,2,0.0,19.0,False
the spot one - luxo e acesso direto ao balneário shopping,0,80,0.0,10.0875,True
the spot one balneario,0,11,0.0,9.545454545454545,True
the spot one balneario camboriu,0,16,0.0,9.375,True
the spot one balneário camboriú preço,0,7,0.0,7.714285714285714,True
the spot one bc,0,1,0.0,11.0,False
the spot one by viva - luxo e acesso direto ao balneário shopping,0,1,0.0,10.0,False
the spot one by xtay,0,17,0.0,34.8235294117647,True
the spot one residence balneario camboriu,0,70,0.0,9.385714285714286,True
the spot one | balneário shopping,0,172,0.0,8.825581395348838,True
the spot ranchi,0,1,0.0,8.0,False
the spot redesign,0,1,0.0,4.0,False
the spot residence,0,18,0.0,8.666666666666668,True
the spot residence balneario camboriu,0,12,0.0,6.916666666666667,True
the spot studios,0,18,0.0,17.22222222222222,True
the spoter,0,2,0.0,2.5,False
theater neumarkt,0,1,0.0,96.0,False
theatre almeida,0,1,0.0,82.0,False
thespot,0,1,0.0,5.0,False
thiago schutz é dono da schutz,0,1,0.0,1.0,False
this is spot,0,1,0.0,10.0,False
tiachuelo casa,0,24,0.0,4.208333333333334,True
tiago altenburg,0,1,0.0,1.0,False
tic top 10,0,1,0.0,7.0,False
tichards,0,127,0.0,6.881889763779528,True
ticket mc dia feliz,0,1,0.0,73.0,False
tienda vans cerca de mi,0,2,0.0,12.5,False
tiendas de marca,0,1,0.0,35.0,False
tiendas de marcas,0,1,0.0,32.0,False
tigoe,0,1,0.0,7.0,False
tigor,0,51,0.0,6.196078431372549,True
tigor baby,0,1,0.0,4.0,False
tigor e lilica,0,256,0.0,14.48828125,True
tigor e lilica outlet,0,47,0.0,13.361702127659575,True
tigor e lilica ripilica,0,117,0.0,8.11111111111111,True
tigor lilica,0,81,0.0,8.703703703703702,True
tigor lilica ripilica,0,46,0.0,9.043478260869565,True
tigor loja,0,44,0.0,20.40909090909091,True
tigor roupa infantil,0,1,0.0,6.0,False
tigor site,0,1,0.0,46.0,False
tigor t tigre e lilica ripilica,0,1,0.0,2.0,False
tigor tigre,0,1,0.0,6.0,False
tigor.,0,1,0.0,8.0,False
tiki bar balneario camboriu,0,1,0.0,8.0,False
tim balneario camboriu,0,1,0.0,74.0,False
tim balneario shopping,0,10,0.0,11.1,True
tim balneário shopping,0,70,0.0,11.414285714285715,True
tim desconto,0,1,0.0,4.0,False
tim garten shopping,0,8,0.0,11.25,True
tim nações shopping,0,1,0.0,12.0,False
tim norte shopping,0,1,0.0,35.0,False
timberhills shopping center,0,2,0.0,42.5,False
tina schutz,0,1,0.0,6.0,False
tio cecim convenios,0,1,0.0,11.0,False
tip & top,0,42,0.0,74.66666666666667,True
tip top,0,1,0.0,3.0,False
tip top bebe,0,1,0.0,2.0,False
tip top boutique,0,1,0.0,8.0,False
tip top de bebê,0,1,0.0,1.0,False
tip top franquia,0,12,0.0,27.833333333333332,True
tip top iguatemi,0,1,0.0,12.0,False
tip top loja infantil,0,1,0.0,8.0,False
tip top lojas,0,8,0.0,8.75,True
tip top mega store,0,12,0.0,8.666666666666668,True
tip top norte shopping,0,3,0.0,4.666666666666666,True
tip top outlet,0,16,0.0,52.25,True
tip top shopping,0,3,0.0,10.666666666666666,True
tip top shopping centre,0,5,0.0,77.2,True
tip top significado,0,1,0.0,2.0,False
tip top site,0,1,0.0,99.0,False
tipo de dragão,0,1,0.0,4.0,False
tipos de dragao,0,1,0.0,4.0,False
tipos de dragoes,0,1,0.0,5.0,False
tipos de dragão,0,9,0.0,3.6666666666666665,True
tipos de dragões,0,2,0.0,4.5,False
tipping top,0,2,0.0,86.5,False
tiptop,0,3,0.0,2.333333333333333,True
tirar passaporte,0,1,0.0,1.0,False
tirar passaporte joinville,0,31,0.0,2.096774193548387,True
tng blumenau,0,1,0.0,4.0,False
tng garten,0,19,0.0,8.263157894736842,True
toalhas altenburg,0,1,0.0,2.0,False
tochards,0,2,0.0,4.5,False
toco bell,0,1,0.0,4.0,False
todas,0,2,0.0,6.5,False
todas as lojas,0,2,0.0,4.0,False
todas as lojas do norte shopping,0,5,0.0,3.2,True
todas as lojas do shopping,0,1,0.0,11.0,False
todo mundo em pânico 6 assistir online gratis,0,1,0.0,2.0,False
todos os nomes,0,1,0.0,1.0,False
todos os restaurantes,0,1,0.0,2.0,False
todos os shopping,0,2,0.0,3.5,False
todos os shoppings,0,30,0.0,7.033333333333333,True
todos os shoppings de curitiba,0,5,0.0,28.8,True
todos os shoppings de são paulo,0,1,0.0,155.0,False
todos os tipos de sandália,0,1,0.0,2.0,False
tolerância de tempo,0,1,0.0,2.0,False
tomato continente shopping,0,25,0.0,9.76,True
top 10,0,1,0.0,9.0,False
top 20,0,1,0.0,18.0,False
top 5,0,1,0.0,11.0,False
top blumenau,0,1,0.0,89.0,False
top center blumenau,0,8,0.0,10.625,True
top de marketing advb 2025,0,3,0.0,10.333333333333334,True
top empreendimentos,0,2,0.0,32.0,False
top floripa,0,1,0.0,62.0,False
top garten,0,1,0.0,10.0,False
top marketing group inc,0,1,0.0,10.0,False
top of mind 2024,0,5,0.0,54.4,True
top of mind 2025,0,1,0.0,11.0,False
top of mind 2025 nsc,0,5,0.0,15.0,True
top of mind 2025 santa catarina,0,30,0.0,8.8,True
top of mind 2025 sc,0,5,0.0,9.0,True
top of mind nsc 2025,0,12,0.0,8.0,True
top of mind sc 2025,0,12,0.0,8.666666666666668,True
top park joinville,0,5,0.0,29.8,True
top rated shopping mall near me,0,1,0.0,1.0,False
top rated shopping near me,0,25,0.0,1.56,True
top robo ice cream company,0,1,0.0,12.0,False
top robot ice cream company,0,2,0.0,10.0,False
top shoppers,0,45,0.0,72.68888888888888,True
top shopping centers for family entertainment?,0,1,0.0,10.0,False
top shopping cinema,0,1,0.0,52.0,False
top shopping lojas,0,3,0.0,29.666666666666668,True
top shopping tem riachuelo,0,3,0.0,1.0,True
top tech para varejo,0,20,0.0,76.2,True
topico empresa,0,2,0.0,65.5,False
tory burch bolsa,0,1,0.0,5.0,False
total cinema,0,7,0.0,44.57142857142857,True
total cinema curitiba,0,1,0.0,50.0,False
total lojas,0,1,0.0,99.0,False
total shopping cinema,0,1,0.0,40.0,False
totens,0,1,0.0,1.0,False
trabalhe conosco,0,1,0.0,14.0,False
trabalhe conosco oticas diniz,0,1,0.0,37.0,False
trabalhe conosco shopping mueller,0,1,0.0,81.0,False
trabalhe conosco vigilante,0,1,0.0,1.0,False
trabalho,0,1,0.0,9.0,False
track&field,0,1,0.0,4.0,False
track&field fábrica joinville,0,1,0.0,46.0,False
trade center mossoro,0,15,0.0,4.866666666666667,True
trade center shopping,0,15,0.0,12.8,True
trade park camboriú,0,1,0.0,60.0,False
trade shopping,0,40,0.0,8.325,True
trade shopping center,0,4,0.0,10.25,True
traduzir outlet,0,1,0.0,13.0,False
trainee duratex,0,1,0.0,79.0,False
transportadoras em blumenau,0,1,0.0,1.0,False
trattoria carbone,0,1,0.0,43.0,False
traudi guida,0,1,0.0,2.0,False
trentini,0,3,0.0,52.0,True
trentini modelo,0,1,0.0,14.0,False
triamigos,0,16,0.0,9.5,True
trindade shopping,0,1,0.0,50.0,False
triya instagram,0,1,0.0,83.0,False
triya loja,0,6,0.0,6.0,True
triya lojas,0,2,0.0,25.5,False
troca de figurinhas,0,1,0.0,2.0,False
tudooooo,0,1,0.0,3.0,False
tup top,0,1,0.0,3.0,False
turcambio continente,0,2,0.0,15.5,False
turcambio criciuma,0,1,0.0,24.0,False
turcambio itajai,0,1,0.0,13.0,False
turcambio joinville,0,3,0.0,14.333333333333334,True
turcambio shopping continente,0,112,0.0,12.955357142857142,True
turismo em blumenau,0,1,0.0,92.0,False
tyrlo,0,1,0.0,3.0,False
tyrol,0,53,0.0,12.075471698113208,True
tyrol loja online,0,46,0.0,10.217391304347826,True
tyrol loja virtual,0,6,0.0,14.5,True
tyrol moda infantil,0,12,0.0,23.916666666666668,True
tyrol roupa infantil,0,2,0.0,23.5,False
tyrol roupas,0,1,0.0,45.0,False
tânia bulhões,0,1,0.0,4.0,False
ténis new balance,0,1,0.0,53.0,False
tênis adidas grand court base suede feminino - azul claro+branco,0,1,0.0,4.0,False
tênis branco feminino schutz,0,1,0.0,5.0,False
tênis brasileiro marca,0,2,0.0,1.0,False
tênis colcci feminino original,0,1,0.0,4.0,False
tênis colcci masculino couro,0,1,0.0,4.0,False
tênis da colcci feminino,0,1,0.0,6.0,False
tênis da schutz,0,2,0.0,11.0,False
tênis feminino corrida,0,1,0.0,1.0,False
tênis nike revolution 8 masculino,0,1,0.0,3.0,False
tênis schutz,0,6,0.0,5.5,True
tênis schutz feminino,0,8,0.0,8.375,True
tênis schutz feminino original,0,1,0.0,5.0,False
tênis schutz feminino promoção,0,1,0.0,4.0,False
tênis schutz promoção,0,2,0.0,5.0,False
tênis schutz st 001 bege,0,1,0.0,10.0,False
tênis shutz,0,1,0.0,1.0,False
u za,0,1,0.0,1.0,False
u8sa,0,1,0.0,2.0,False
uathentic feet,0,97,0.0,8.824742268041238,True
uender almeida,0,2,0.0,11.0,False
uender almeida privacy,0,4,0.0,6.5,True
uender almeida x,0,4,0.0,9.5,True
ugg balneario shopping,0,75,0.0,10.706666666666667,True
ultima models,0,2,0.0,65.0,False
ultimo shopping centre,0,2,0.0,77.5,False
ultramax almeida junior,0,28,0.0,8.178571428571429,True
um cabra bom de bola torrent magnet,0,7,0.0,13.571428571428571,True
um cachorro,0,2,0.0,3.0,False
um ri,0,25,0.0,17.84,True
um shopping,0,32,0.0,10.1875,True
um volvo,0,1,0.0,33.0,False
uma cidade de santa catarina,0,7,0.0,1.0,True
uma das especialidades da marca argentina havana,0,93,0.0,7.258064516129032,True
uma das especialidades da marca argentina havanna,0,200,0.0,5.77,True
uma das especialidades da marca havanna,0,32,0.0,2.78125,True
uma foto,0,1,0.0,1.0,False
uma história feliz almeida junior,0,3,0.0,16.0,True
uma jogada de natal jera good,0,1,0.0,11.0,False
"uma loja de roupas está com uma promoção de 15% de desconto em todas as peças. além disso, uma cliente possui um cupom promocional (como o da imagem) que concede 20% de desconto adicional, sendo cumulativo, ou seja, aplicado sobre o valor já com desconto. lembre-se que o controle e a compreensão de descontos sucessivos são importantes para o consumo consciente, pois ajudam o consumidor a avaliar corretamente o valor final de uma compra. com base nessa situação, analise as afirmativas a seguir e classifique-as como certo ou errado. a) o desconto total aplicado será de 35%, pois basta somar 15% + 20%. certo errado b) o segundo desconto de 20% é aplicado sobre o preço já reduzido pelo primeiro desconto de 15%. certo errado c) em descontos sucessivos, o valor final sempre será menor do que aplicar apenas um único desconto equivalente à soma dos percentuais. certo errado d) se uma peça custava r$ 200,00, após os dois descontos sucessivos, o valor final será r$ 130,00. certo errado",0,3,0.0,6.333333333333333,True
"uma loja de roupas está com uma promoção de 15% de desconto em todas as peças. além disso, uma cliente possui um cupom promocional (como o da imagem) que concede 20% de desconto adicional, sendo cumulativo, ou seja, aplicado sobre o valor já com desconto. lembre-se que o controle e a compreensão de descontos sucessivos são importantes para o consumo consciente, pois ajudam o consumidor a avaliar corretamente o valor final de uma compra. com base nessa situação, analise as afirmativas a seguir e classifique-as como certo ou errado. a) o desconto total aplicado será de 35%, pois basta somar 15% + 20%. certo errado b) o segundo desconto de 20% é aplicado sobre o preço já reduzido pelo primeiro desconto de 15%. certo errado c) em descontos sucessivos, o valor final sempre será menor do que aplicar apenas um único desconto equivalente à soma dos percentuais. certo errado d) se uma peça custava r$ 200,00, após os dois descontos sucessivos, o valor final será r$ 130,00. certo errado questão 04 de 06 * 10 pontos uma loja de eletrônicos estava vendendo um smartwatch por r$ 500,00. ao longo da semana, ocorreram as seguintes alterações no preço: 2ª feira: desconto de 15% sobre o preço inicial. 3ª feira: desconto adicional de 10%, aplicado sobre o novo preço. 4ª feira: acréscimo de 15% sobre o preço atual. compreender essas variações é importante para avaliar corretamente promoções e evitar interpretações equivocadas no consumo. com base nessa situação, analise as afirmativas a seguir e classifique-as como certo ou errado. a) após o primeiro desconto de 15%, o preço do smartwatch passou a ser r$ 425,00. certo errado b) após o segundo desconto de 10%, o novo preço passou a ser r$ 382,50. certo errado c) após o acréscimo de 15%, o preço final do smartwatch passou a ser r$ 439,88. certo errado d) os descontos sucessivos de 15% e 10% equivalem a um único desconto de 25% sobre o preço inicial. certo errado ⚡superação observe a imagem a seguir para responder à questão a seguir. fonte: https://giovanidacruz.com.br/estrategias-de-desconto-por-que-vender-calcas-com-50-de-desconto-na-segunda-unidade-e-mais-facil-do-que-vender-cada-unidade-com-25-de-desconto/ questão 05 de 06 * 10 pontos uma loja de roupas está com a seguinte promoção: “na compra de duas camisetas, a segunda sai com 50% de desconto”. cada camiseta custa r$ 80,00. compreender como funcionam promoções desse tipo é importante para avaliar o desconto real oferecido em uma compra. com base nessa situação, analise as afirmativas a seguir e assinale a(s) alternativa(s) correta(s). a) sem a promoção, o valor total da compra de duas camisetas seria r$ 160,00. b) com a promoção, a segunda camiseta custa r$ 40,00, resultando em um total de r$ 120,00 pelas duas peças. c) o desconto real da compra das duas camisetas corresponde a 25% sobre o valor total que seria pago sem promoção. d) a promoção representa um desconto total de 50% sobre o valor das duas camisetas. questão 06 de 06 * 10 pontos no material da aula, foi apresentado o seguinte trecho: “o segundo percentual sempre incide sobre o preço já reduzido.” com base nessa informação, explique por que dois descontos sucessivos (por exemplo, 20% de desconto seguido de 10% extra) não correspondem simplesmente à soma dos percentuais anunciados. responder n° mínimo de caracteres: 1 0 caractere assistente de correção tentativas restantes: 3",0,1,0.0,5.0,False
"uma loja de roupas está com uma promoção de 15% de desconto em todas as peças. além disso, uma cliente possui um cupom promocional (como o da imagem) que concede 20% de desconto adicional, sendo cumulativo, ou seja, aplicado sobre o valor já com desconto. lembre-se que o controle e a compreensão de descontos sucessivos são importantes para o consumo consciente, pois ajudam o consumidor a avaliar corretamente o valor final de uma compra. com base nessa situação, analise as afirmativas a seguir e classifique-as como certo ou errado. a) o desconto total aplicado será de 35%, pois basta somar 15% + 20%. certo errado b) o segundo desconto de 20% é aplicado sobre o preço já reduzido pelo primeiro desconto de 15%. certo errado c) em descontos sucessivos, o valor final sempre será menor do que aplicar apenas um único desconto equivalente à soma dos percentuais. certo errado d) se uma peça custava r$ 200,00, após os dois descontos sucessivos, o valor final será r$ 130,00. certo errad…",0,2,0.0,5.0,False
uma margem,0,1,0.0,1.0,False
uma shoes,0,1,0.0,2.0,False
umbro pro 5 club,0,1,0.0,5.0,False
under almeida,0,10,0.0,7.7,True
unem sinonimo,0,1,0.0,27.0,False
ungdoms os,0,1,0.0,40.0,False
unhas cariocas balneário,0,3,0.0,7.0,True
unhas cariocas santa ursula,0,1,0.0,3.0,False
uniasselvi cnpj,0,1,0.0,11.0,False
unic gastronomia,0,1,0.0,57.0,False
unidade da polícia federal mais próxima,0,3,0.0,4.333333333333334,True
unidade de polícia de imigração - pep garten shopping,0,6,0.0,4.666666666666666,True
unidade de polícia de imigração - pep garten shopping telefone,0,1,0.0,12.0,False
unidade de shopping,0,3,0.0,4.0,True
unidade de shoppings,0,2,0.0,1.0,False
unidades bacio di latte,0,1,0.0,12.0,False
unidades da polícia federal,0,1,0.0,12.0,False
unidas nacoes shopping criciuma,0,16,0.0,10.0625,True
unidas nações shopping,0,9,0.0,10.555555555555555,True
unifique ri,0,1,0.0,27.0,False
unifique shopping neumarkt,0,7,0.0,10.0,True
uniforme maquiadora,0,1,0.0,36.0,False
uniforme spoleto,0,2,0.0,6.0,False
unimart shopping,0,1,0.0,1.0,False
unique shopping,0,1,0.0,1.0,False
unitedhealthcare $50 gift card,0,1,0.0,1.0,False
unizushi,0,1,0.0,22.0,False
unternehmen shopping,0,15,0.0,24.8,True
up shopping center,0,1,0.0,39.0,False
upcoming mall,0,1,0.0,6.0,False
updi authentic feet,0,1,0.0,4.0,False
urgente,0,1,0.0,9.0,False
urubici tem shopping,0,4,0.0,9.75,True
us marketplace,0,1,0.0,89.0,False
usa calcados,0,2,0.0,2.0,False
usa kfc menu,0,1,0.0,17.0,False
usa marca,0,3,0.0,1.0,True
usa sapato,0,1,0.0,3.0,False
usa sapatos,0,1,0.0,6.0,False
usa shoes,0,2,0.0,3.5,False
usaflex,0,2,0.0,60.0,False
usaflex balneario camboriu,0,10,0.0,11.5,True
usaflex blumenau,0,3,0.0,19.666666666666668,True
usaflex calçados,0,2,0.0,61.0,False
usaflex center norte,0,1,0.0,45.0,False
usaflex cnpj,0,1,0.0,10.0,False
usaflex conjunto nacional,0,1,0.0,27.0,False
usaflex continente shopping,0,29,0.0,9.89655172413793,True
usaflex franquia,0,2,0.0,32.0,False
usaflex joinville,0,23,0.0,11.434782608695652,True
usaflex macapa,0,1,0.0,9.0,False
usaflex maringa,0,1,0.0,27.0,False
usaflex norte shopping,0,142,0.0,13.711267605633802,True
usaflex sao paulo,0,2,0.0,42.0,False
usaflex shopping continental,0,3,0.0,11.666666666666666,True
usaflex shopping sp market,0,3,0.0,12.333333333333334,True
usaflex tambore,0,25,0.0,12.8,True
usaoa,0,1,0.0,2.0,False
usashoes,0,1,0.0,10.0,False
use aj,0,1,0.0,6.0,False
use hitz,0,1,0.0,7.0,False
use junior,0,1,0.0,8.0,False
usealmayda,0,7,0.0,5.142857142857143,True
useodonto,0,1,0.0,1.0,False
utensílios de cozinha preçolândia,0,7,0.0,28.142857142857142,True
uthentic feet,0,1,0.0,10.0,False
uv line barra shopping,0,2,0.0,34.0,False
uv line brasilia,0,9,0.0,19.11111111111111,True
uv line jardins,0,1,0.0,11.0,False
uv line loja,0,1,0.0,17.0,False
uv line lojas,0,237,0.0,20.41350210970464,True
uv line lojas brasília,0,8,0.0,15.875,True
uv line lojas rj,0,7,0.0,16.285714285714285,True
uv line lojas shopping,0,19,0.0,10.578947368421053,True
uv line lojas sp,0,1,0.0,5.0,False
uv line outlet,0,1,0.0,12.0,False
uv line park shopping,0,15,0.0,10.933333333333334,True
uv line salvador shopping,0,1,0.0,12.0,False
uv line shopping ibirapuera,0,2,0.0,13.5,False
uv line shopping leblon,0,2,0.0,12.0,False
uv line shopping tijuca,0,1,0.0,12.0,False
uv line é confiavel,0,1,0.0,2.0,False
uv.line lojas,0,11,0.0,11.636363636363637,True
uvas continente,0,1,0.0,41.0,False
uvline,0,41,0.0,11.609756097560975,True
uvline leblon brasil,0,1,0.0,42.0,False
uvline loja,0,1,0.0,44.0,False
uvline lojas,0,2,0.0,11.0,False
uvline rio de janeiro,0,86,0.0,44.2906976744186,True
uvline rio de janeiro brasil,0,114,0.0,45.35964912280702,True
uza (@uzashoes),0,22,0.0,18.818181818181817,True
uza - maringá,0,1,0.0,4.0,False
uza balneario shopping,0,28,0.0,6.357142857142857,True
uza balsas,0,3,0.0,1.6666666666666665,True
uza bh shopping,0,1,0.0,3.0,False
uza boulevard,0,3,0.0,1.0,True
uza brasilia,0,4,0.0,2.0,True
uza calcados,0,1,0.0,2.0,False
uza calçados,0,22,0.0,6.7727272727272725,True
uza campinas,0,1,0.0,7.0,False
uza dourados,0,1,0.0,4.0,False
uza florianopolis,0,3,0.0,1.0,True
uza goiania,0,1,0.0,7.0,False
uza iguatemi,0,2,0.0,5.0,False
uza jau,0,1,0.0,3.0,False
uza logo,0,1,0.0,80.0,False
uza loja,0,15,0.0,21.466666666666665,True
uza loja fisica,0,4,0.0,1.5,True
uza loja online,0,1,0.0,4.0,False
uza lojas,0,5,0.0,13.6,True
uza natal,0,1,0.0,3.0,False
uza ou usa,0,1,0.0,1.0,False
uza outlet,0,1,0.0,13.0,False
uza park shopping,0,2,0.0,1.0,False
uza ribeirao preto,0,3,0.0,2.666666666666667,True
uza s,0,1,0.0,2.0,False
uza salvador shopping,0,1,0.0,4.0,False
uza sapatos,0,7,0.0,7.428571428571429,True
uza se,0,1,0.0,2.0,False
uza shoe,0,1,0.0,8.0,False
uza shoea,0,1,0.0,5.0,False
uza shoes balneario camboriu,0,12,0.0,9.0,True
uza shoes belo horizonte,0,1,0.0,1.0,False
uza shoes botas femininas,0,1,0.0,5.0,False
uza shoes brasilia,0,2,0.0,4.5,False
uza shoes cnpj,0,1,0.0,23.0,False
uza shoes cupom desconto,0,2,0.0,9.0,False
uza shoes curitiba,0,2,0.0,5.0,False
uza shoes e confiável,0,3,0.0,2.333333333333333,True
uza shoes florianopolis,0,2,0.0,6.5,False
uza shoes franquia,0,68,0.0,8.602941176470587,True
uza shoes goiania,0,1,0.0,4.0,False
uza shoes loja,0,94,0.0,14.212765957446809,True
uza shoes loja fisica,0,4,0.0,2.25,True
uza shoes lojas,0,1735,0.0,9.585590778097982,True
uza shoes lojas bh,0,3,0.0,11.666666666666666,True
uza shoes lojas físicas,0,13,0.0,7.3076923076923075,True
uza shoes online,0,1,0.0,62.0,False
uza shoes porto alegre,0,10,0.0,11.8,True
uza shoes rasteira,0,4,0.0,5.5,True
uza shoes recife,0,3,0.0,2.333333333333333,True
uza shoes reclame aqui,0,8,0.0,3.5,True
uza shoes ribeirao preto,0,3,0.0,1.0,True
uza shoes rio de janeiro,0,3,0.0,3.0,True
uza shoes salto,0,2,0.0,8.0,False
uza shoes salvador,0,2,0.0,4.0,False
uza shoes shopping ibirapuera,0,1,0.0,5.0,False
uza shoes site,0,526,0.0,8.781368821292777,True
uza shoes é confortável,0,2,0.0,2.5,False
uza shows,0,2,0.0,3.5,False
uza.,0,1,0.0,1.0,False
uzaonline,0,5,0.0,1.6,True
uzas,0,1,0.0,3.0,False
uzashoes,0,10,0.0,4.9,True
uze apply,0,5,0.0,83.8,True
uzn,0,1,0.0,22.0,False
uzoa,0,1,0.0,2.0,False
uzq,0,1,0.0,1.0,False
uzu,0,10,0.0,3.9,True
uzz,0,5,0.0,2.6,True
uzza,0,10,0.0,3.3,True
uzza shoes,0,1,0.0,10.0,False
uzá,0,8,0.0,2.625,True
vacinação shopping,0,1,0.0,6.0,False
vaga,0,1,0.0,1.0,False
vaga bombeiro civil,0,2,0.0,1.0,False
vaga controladoria,0,1,0.0,1.0,False
vaga de bombeiro,0,1,0.0,1.0,False
vaga de emprego de segurança,0,1,0.0,1.0,False
vaga de emprego home office,0,1,0.0,8.0,False
vaga de vigilante,0,2,0.0,1.0,False
vaga de vigilante em blumenau,0,3,0.0,1.0,True
vaga de vigilante em joinville,0,5,0.0,1.0,True
vaga emprego marketing,0,1,0.0,1.0,False
vaga para vigilante,0,1,0.0,1.0,False
vaga vigilante,0,4,0.0,1.0,True
vaga vigilante blumenau,0,3,0.0,1.0,True
vaga vigilante joinville,0,5,0.0,1.6,True
vaga vigilante nos últimos 3 dias,0,2,0.0,1.0,False
vagas analista de faturamento,0,1,0.0,1.0,False
vagas balneário shopping,0,2,0.0,1.0,False
vagas bombeiro civil,0,1,0.0,1.0,False
vagas caixa,0,1,0.0,1.0,False
vagas continente shopping,0,1,0.0,15.0,False
vagas de bombeiro,0,1,0.0,1.0,False
vagas de emprego,0,1,0.0,1.0,False
vagas de emprego balneario shopping,0,1,0.0,1.0,False
vagas de emprego bombeiro civil,0,1,0.0,1.0,False
vagas de emprego bragança paulista,0,2,0.0,1.0,False
vagas de emprego joinville nos últimos 3 dias,0,1,0.0,1.0,False
vagas de emprego marketing digital,0,1,0.0,1.0,False
vagas de vigilante,0,2,0.0,1.0,False
vagas de vigilante blumenau,0,3,0.0,1.0,True
vagas de vigilante em joinville,0,5,0.0,1.0,True
vagas faturamento,0,1,0.0,1.0,False
vagas garten shopping,0,1,0.0,2.0,False
vagas imaginarium,0,4,0.0,59.5,True
vagas key account,0,1,0.0,1.0,False
vagas marketing digital,0,1,0.0,1.0,False
vagas na empresa almeida junior,0,4,0.0,5.25,True
vagas norte shopping,0,1,0.0,1.0,False
vagas norte shopping blumenau,0,2,0.0,1.0,False
vagas para vigilante,0,2,0.0,1.0,False
vagas shopping garten joinville,0,1,0.0,1.0,False
vagas shopping neumarkt,0,3,0.0,23.333333333333332,True
vagas vigilante,0,4,0.0,1.0,True
vagas vigilante blumenau,0,1,0.0,1.0,False
vagas vigilante joinville,0,3,0.0,1.0,True
valcere,0,1,0.0,1.0,False
valde kfc,0,3,0.0,1.6666666666666665,True
vale dos dinossauros -tmc kleber fotos,0,1,0.0,19.0,False
vale presente emporio da cerveja,0,1,0.0,50.0,False
vale presente oppa,0,13,0.0,49.30769230769231,True
valer,0,1,0.0,2.0,False
valer digital,0,3,0.0,10.666666666666666,True
valesire,0,3,0.0,5.0,True
valiaere,0,1,0.0,4.0,False
valieres,0,1,0.0,1.0,False
valisare,0,1,0.0,7.0,False
valiser,0,2,0.0,2.0,False
valisere,0,116,0.0,15.387931034482758,True
valisere barra shopping,0,166,0.0,10.325301204819278,True
valisere brasil,0,7,0.0,14.857142857142858,True
valisere comercio de roupas e acessorios ltda,0,1,0.0,1.0,False
valisere fábrica,0,2,0.0,24.0,False
valisere loja,0,5,0.0,7.8,True
valisere lojas,0,48,0.0,16.666666666666664,True
valisere lojas sp,0,2,0.0,8.0,False
valisere recife,0,14,0.0,8.0,True
valisere shopping,0,6,0.0,8.666666666666668,True
valisere shopping morumbi,0,1,0.0,21.0,False
valisere shopping recife,0,59,0.0,8.440677966101696,True
valisere significado,0,4,0.0,9.75,True
valisere trabalhe conosco,0,4,0.0,16.75,True
valiserr,0,1,0.0,3.0,False
valisete,0,1,0.0,7.0,False
valisère,0,1,0.0,27.0,False
valisére,0,1,0.0,15.0,False
valor,0,8,0.0,1.5,True
valor aluguel quiosque shopping,0,2,0.0,8.0,False
valor bolsa schutz,0,1,0.0,3.0,False
valor bolsa schutz original,0,3,0.0,2.666666666666667,True
valor cinema balneario shopping,0,5,0.0,14.2,True
valor da franquia do giraffas,0,1,0.0,54.0,False
valor da franquia do spoleto,0,1,0.0,40.0,False
valor da franquia giraffas,0,1,0.0,49.0,False
valor da franquia quem disse berenice,0,1,0.0,2.0,False
valor da tarifa,0,1,0.0,5.0,False
valor do estacionamento,0,4,0.0,3.25,True
valor do estacionamento balneario shopping,0,22,0.0,7.590909090909091,True
valor do estacionamento do balneário shopping,0,13,0.0,11.384615384615385,True
valor do estacionamento do shopping,0,1,0.0,2.0,False
valor do estacionamento do shopping continente,0,18,0.0,9.722222222222221,True
valor do estacionamento no norte shopping,0,1,0.0,1.0,False
valor do estacionamento shopping balneário camboriú,0,106,0.0,9.330188679245284,True
valor estacionamento,0,1,0.0,2.0,False
valor estacionamento balneario shopping,0,12,0.0,8.833333333333332,True
valor estacionamento balneário camboriú,0,1,0.0,35.0,False
valor estacionamento continente shopping,0,52,0.0,9.942307692307692,True
valor estacionamento garten joinville,0,29,0.0,2.931034482758621,True
valor estacionamento garten shopping,0,4,0.0,6.25,True
valor estacionamento mueller joinville,0,1,0.0,2.0,False
valor estacionamento nações shopping,0,5,0.0,7.4,True
valor estacionamento shopping analia franco,0,1,0.0,3.0,False
valor estacionamento shopping balneario,0,101,0.0,10.01980198019802,True
valor estacionamento shopping continente,0,161,0.0,10.099378881987578,True
valor estacionamento shopping mueller joinville,0,3,0.0,2.0,True
valor estacionamento shopping park europeu,0,1,0.0,3.0,False
valor franquia bacio di latte,0,4,0.0,20.25,True
valor franquia dengo,0,18,0.0,15.444444444444445,True
valor franquia kopenhagen,0,1,0.0,2.0,False
valor franquia loungerie,0,3,0.0,8.333333333333332,True
valor franquia madero,0,1,0.0,41.0,False
valor franquia popeyes,0,2,0.0,22.5,False
valor franquia quem disse berenice,0,6,0.0,38.5,True
valor franquia santa lolla,0,150,0.0,8.620000000000001,True
valor franquia schutz,0,1,0.0,29.0,False
valor franquia spoleto,0,7,0.0,58.857142857142854,True
valor ingresso cinema balneario shopping,0,4,0.0,11.5,True
valor junior,0,3,0.0,11.666666666666666,True
valor lavanderia omo,0,1,0.0,1.0,False
valor ri,0,2,0.0,19.5,False
valor tarifa,0,1,0.0,1.0,False
valor.,0,1,0.0,1.0,False
valores,0,3,0.0,2.0,True
valores atuais,0,1,0.0,2.0,False
valores de aluguel,0,1,0.0,1.0,False
valsare,0,1,0.0,1.0,False
vamo3 ri calendario,0,3,0.0,9.0,True
vams store,0,1,0.0,8.0,False
van balneario camboriu,0,4,0.0,11.25,True
van bc,0,1,0.0,38.0,False
van garten,0,36,0.0,1.0,True
van store,0,12,0.0,15.5,True
van stores,0,5,0.0,65.6,True
vanes store,0,1,0.0,18.0,False
vanessa martinez esposa de henrique constantino,0,1,0.0,2.0,False
vans,0,8,0.0,6.375,True
vans alameda,0,1,0.0,9.0,False
vans at the vans store,0,8,0.0,62.25,True
vans barra shopping,0,3,0.0,29.333333333333332,True
vans bc,0,193,0.0,7.72020725388601,True
vans catarina,0,1,0.0,1.0,False
vans catarina outlet,0,7,0.0,24.285714285714285,True
vans center norte,0,2,0.0,82.5,False
vans conjunto nacional,0,10,0.0,41.5,True
vans curitiba loja,0,1,0.0,31.0,False
vans fashion place mall,0,1,0.0,24.0,False
vans franquia,0,13,0.0,7.3076923076923075,True
vans iguatemi,0,2,0.0,25.5,False
vans joinville,0,12,0.0,12.0,True
vans lancamentos,0,2,0.0,100.0,False
vans loja,0,6627,0.0,7.60389316432775,True
vans loja fisica,0,45,0.0,16.08888888888889,True
vans loja física,0,4,0.0,9.5,True
vans loja online,0,17,0.0,34.705882352941174,True
vans loja perto de mim,0,1,0.0,9.0,False
vans loja rio de janeiro,0,2,0.0,89.5,False
vans loja shopping,0,13,0.0,9.76923076923077,True
vans marca de roupa,0,2,0.0,9.5,False
vans no shopping,0,3,0.0,9.666666666666666,True
vans old skool,0,1,0.0,5.0,False
vans outlet catarina,0,7,0.0,23.428571428571427,True
vans outlet fotos,0,1,0.0,12.0,False
vans outlet photos,0,1,0.0,14.0,False
vans park shopping,0,11,0.0,44.72727272727273,True
vans park shopping brasilia,0,1,0.0,27.0,False
vans personagens,0,1,0.0,97.0,False
vans perto de mim,0,2,0.0,5.0,False
vans rio sul,0,1,0.0,43.0,False
vans salvador shopping,0,2,0.0,64.0,False
vans shopping,0,95,0.0,13.631578947368421,True
vans shopping campo grande,0,25,0.0,10.16,True
vans shopping da ilha,0,71,0.0,5.563380281690141,True
vans shopping recife,0,17,0.0,18.11764705882353,True
vans shopping sao caetano,0,1,0.0,13.0,False
vans sotre,0,1,0.0,9.0,False
vans store bintaro xchange,0,1,0.0,22.0,False
vans store centro,0,1,0.0,16.0,False
vans store cerqueira césar,0,1,0.0,3.0,False
vans store comentários,0,1,0.0,11.0,False
vans store enseada do suá,0,1,0.0,1.0,False
vans store florianópolis,0,1,0.0,8.0,False
vans store park shopping,0,2,0.0,11.0,False
vans store photos,0,5,0.0,7.8,True
vans store sobre,0,2,0.0,6.0,False
vans símbolo,0,2,0.0,47.0,False
vans tambore,0,1,0.0,31.0,False
vans tijucas,0,2,0.0,15.0,False
vantagens do linkedin premium,0,1,0.0,59.0,False
varejo,0,11,0.0,20.818181818181817,True
varejo disruptivo,0,3,0.0,94.0,True
varejo e tech,0,19,0.0,60.05263157894737,True
varejo mais,0,3,0.0,57.0,True
varejo marketing,0,1,0.0,102.0,False
varejo tech,0,5,0.0,21.8,True
varejo tech day 2025,0,11,0.0,13.727272727272727,True
"varejo tech day 2025, cia primavera, 24 jul.",0,1,0.0,19.0,False
varejo tech day 2026,0,22,0.0,12.772727272727273,True
varejotech,0,2,0.0,53.5,False
varilux em dobro cupom,0,1,0.0,32.0,False
vasa riachuelo,0,1,0.0,7.0,False
vasere,0,1,0.0,1.0,False
vc errou,0,1,0.0,3.0,False
vc recomenda shopping,0,15,0.0,89.4,True
velisere,0,1,0.0,2.0,False
vem conectar,0,3,0.0,19.666666666666668,True
vencedores top of mind 2025,0,9,0.0,1.6666666666666665,True
vend r,0,1,0.0,50.0,False
venda spot,0,17,0.0,50.588235294117645,True
vendas medsenior,0,2,0.0,82.5,False
vendas shopping,0,1,0.0,2.0,False
vendas spot,0,122,0.0,59.75409836065574,True
vendedora valisere,0,9,0.0,1.6666666666666665,True
vender marketplace ponto frio,0,1,0.0,99.0,False
vendo negócio,0,1,0.0,86.0,False
venezuela cachorro,0,1,0.0,1.0,False
venture shopping,0,105,0.0,7.809523809523809,True
ver loja,0,1,0.0,1.0,False
ver lojas,0,1,0.0,1.0,False
verao 2021,0,63,0.0,25.92063492063492,True
verao 26,0,4,0.0,1.0,True
verifique,0,1,0.0,3.0,False
verity continente,0,1,0.0,39.0,False
versão almeida,0,2,0.0,65.5,False
vertical assistant,0,2,0.0,38.0,False
vertical shop réunion,0,2,0.0,44.5,False
vertical startup,0,1,0.0,49.0,False
verticales almeida,0,2,0.0,8.0,False
verão 2021,0,48,0.0,26.916666666666668,True
verão 26,0,2,0.0,2.0,False
vest center,0,1,0.0,8.0,False
vestido colcci promoção,0,1,0.0,5.0,False
vestido columna,0,1,0.0,2.0,False
vestido de bolinha,0,2,0.0,3.0,False
vestido longo tomara q caia,0,1,0.0,13.0,False
vestido ágora,0,1,0.0,4.0,False
via catarina lojas,0,2,0.0,40.0,False
via catarina shopping,0,3,0.0,49.333333333333336,True
via expressa paul fritz kuehnrich 1600,0,1,0.0,4.0,False
via ipo,0,1,0.0,11.0,False
via laser nacoes shopping,0,4,0.0,12.25,True
via laser nações shopping,0,1,0.0,11.0,False
via mia norte shopping,0,1,0.0,1.0,False
via parque policia federal,0,1,0.0,63.0,False
via varejo marketplace,0,1,0.0,83.0,False
vialmeida privacy,0,7,0.0,9.0,True
vibe 2020,0,3,0.0,82.66666666666667,True
vida mais programa,0,1,0.0,97.0,False
videira shopping fotos,0,1,0.0,2.0,False
vigilante blumenau,0,2,0.0,1.0,False
vigilante vagas,0,1,0.0,1.0,False
vilarejo shopping,0,2,0.0,44.0,False
villa criciuma,0,1,0.0,7.0,False
villa das marcas outlet shopping,0,1,0.0,13.0,False
villa romana shopping horário de funcionamento,0,1,0.0,5.0,False
villagio shopping center,0,2,0.0,70.5,False
villagio shopping sorocaba,0,1,0.0,58.0,False
vince camuto sapatos,0,1,0.0,6.0,False
vinho chocolate,0,6,0.0,66.5,True
vinho com chocolate,0,8,0.0,69.75,True
vinho com chocolate combina,0,6,0.0,101.0,True
vinho combina com chocolate,0,11,0.0,76.36363636363636,True
vinho de chocolate chile,0,2,0.0,11.5,False
vinho e chocolate,0,108,0.0,62.638888888888886,True
vinho e chocolate combina,0,1,0.0,102.0,False
vinho para acompanhar chocolate,0,1,0.0,99.0,False
vinho para chocolate,0,1,0.0,70.0,False
vinho que combina com chocolate,0,10,0.0,69.0,True
vinho que harmoniza com chocolate,0,2,0.0,66.5,False
vinhos no mundial,0,1,0.0,50.0,False
vip blu,0,1,0.0,10.0,False
vip empório e conveniência fotos,0,3,0.0,9.333333333333334,True
vip imoveis itajai,0,1,0.0,53.0,False
virahub,0,1,0.0,20.0,False
virtual cafe balneário camboriú,0,1,0.0,1.0,False
virtual jogos,0,6,0.0,83.16666666666667,True
virus 41 bc,0,2,0.0,7.5,False
visao junior,0,5,0.0,39.8,True
vision mall,0,1,0.0,49.0,False
visão center,0,2,0.0,87.0,False
visão e valores de sua empresa,0,1,0.0,89.0,False
vitrine melissa,0,4,0.0,1.0,True
vitrines de lojas,0,2,0.0,83.5,False
vitrines de lojas infantil,0,2,0.0,100.0,False
vitrines de lojas modernas,0,2,0.0,36.0,False
vitrines loja infantil,0,4,0.0,99.25,True
vitrines modernas para sala,0,1,0.0,47.0,False
viva a vida,0,3,0.0,1.0,True
viva local santa catarina,0,1,0.0,52.0,False
vivara,0,1,0.0,2.0,False
vivara balneario shopping,0,10,0.0,10.1,True
vivara continente shopping,0,39,0.0,15.179487179487179,True
vivara criciuma,0,3,0.0,19.666666666666668,True
vivara garten shopping,0,2,0.0,16.0,False
vivara joinville garten,0,6,0.0,12.5,True
vivara nacoes shopping,0,13,0.0,10.923076923076923,True
vivara nações shopping,0,78,0.0,10.448717948717949,True
vivara neumarkt,0,1,0.0,5.0,False
vivara norte shopping,0,2,0.0,1.0,False
vivara norte shopping blumenau,0,63,0.0,10.26984126984127,True
vivara shopping balneario camboriu,0,1,0.0,8.0,False
vivara shopping continente,0,15,0.0,13.533333333333333,True
vivara shopping garten,0,11,0.0,10.545454545454545,True
vivara shopping internacional,0,9,0.0,82.88888888888889,True
vivara shopping neumarkt,0,50,0.0,11.44,True
vivaz natal,0,1,0.0,61.0,False
vivenda almeida,0,149,0.0,18.436241610738254,True
vivenda camarao shopping,0,2,0.0,8.5,False
vivenda camarão,0,2,0.0,24.0,False
vivenda do camarao,0,1,0.0,61.0,False
vivenda do camarão,0,3,0.0,50.333333333333336,True
vivenda do camarão barra shopping,0,8,0.0,10.375,True
vivenda do camarão franquia,0,6,0.0,25.666666666666668,True
vivenda do camarão joinville,0,1,0.0,2.0,False
vivenda do camarão norte shopping,0,1,0.0,13.0,False
vivenda do camarão trabalhe conosco,0,1,0.0,11.0,False
vivendas do camarão,0,1,0.0,57.0,False
vivo balneario shopping,0,7,0.0,33.57142857142857,True
vivo shopping continente,0,1,0.0,15.0,False
vivo shopping neumarkt,0,3,0.0,4.666666666666666,True
vizzano é marca boa,0,1,0.0,3.0,False
vo jaques 3 avenida,0,1,0.0,6.0,False
voa park floripa shopping,0,1,0.0,3.0,False
volvo ex30,0,1,0.0,1.0,False
volvo neumarkt,0,5,0.0,11.0,True
volvo promoção,0,1,0.0,34.0,False
volvo shopping,0,1,0.0,9.0,False
vos neumarkt,0,1,0.0,6.0,False
vou de carro,0,1,0.0,5.0,False
vou no cinema,0,1,0.0,2.0,False
voucher continente,0,1,0.0,47.0,False
voucher mac,0,1,0.0,10.0,False
voucher mc dia feliz,0,1,0.0,11.0,False
voucher mc lanche feliz,0,3,0.0,6.0,True
voucher mcdia feliz,0,14,0.0,10.5,True
voucher ri happy,0,3,0.0,48.666666666666664,True
vr collezioni,0,1,0.0,10.0,False
vr collezioni center norte,0,4,0.0,11.0,True
vr in store,0,1,0.0,17.0,False
vr parque,0,1,0.0,5.0,False
vr strike,0,2,0.0,5.0,False
vrcollezione,0,10,0.0,46.0,True
vrocs,0,1,0.0,6.0,False
vvans,0,1,0.0,8.0,False
walk shopping,0,1,0.0,70.0,False
walter angst lindt,0,5,0.0,27.4,True
walter schutz,0,1,0.0,5.0,False
wart walk,0,3,0.0,8.0,True
wartwalk,0,26,0.0,10.076923076923077,True
watwalk,0,1,0.0,9.0,False
way agencia,0,1,0.0,24.0,False
way moda,0,2,0.0,11.0,False
way model inscrição,0,56,0.0,8.125,True
way model trabalhe conosco,0,27,0.0,8.925925925925926,True
way models,0,18,0.0,14.333333333333334,True
way models brasil,0,1,0.0,37.0,False
waymodel,0,5,0.0,18.8,True
we ri,0,1,0.0,9.0,False
we shops,0,1,0.0,85.0,False
we9 shopping centers,0,1,0.0,38.0,False
website levis,0,1,0.0,78.0,False
week hall,0,22,0.0,3.227272727272727,True
well married,0,1,0.0,11.0,False
well's continente,0,3,0.0,65.0,True
wepink blumenau,0,7,0.0,1.0,True
western union camboriu,0,1,0.0,14.0,False
what are the advantages of competitive advantage,0,1,0.0,101.0,False
what is inovation,0,3,0.0,51.666666666666664,True
what is the industry of casadascuecas.com.br,0,2,0.0,35.0,False
what is the return policy at continente?,0,4,0.0,24.25,True
what shopping centers are near me,0,1,0.0,6.0,False
whats riachuelo,0,1,0.0,1.0,False
whatsapp,0,2,0.0,1.0,False
whatsapp (0800 772 3555),0,3,0.0,9.0,True
whatsapp aj,0,2,0.0,1.0,False
whatsapp da riachuelo,0,2,0.0,1.0,False
whatsapp junior,0,1,0.0,13.0,False
whatsapp riachuelo,0,7,0.0,1.0,True
whatsapp riachuelo atendimento,0,1,0.0,1.0,False
when was almeida boyacá founded,0,1,0.0,12.0,False
where can i use a justice gift card,0,1,0.0,31.0,False
where is cotton on from,0,1,0.0,1.0,False
where the city,0,1,0.0,2.0,False
where to buy gifts,0,16,0.0,3.5625,True
where to buy shoes,0,11,0.0,1.0909090909090908,True
where to find bargains,0,1,0.0,1.0,False
where to shop for clothes,0,66,0.0,1.0151515151515151,True
where was the first kfc restaurant,0,4,0.0,94.0,True
white 80 vice hut,0,2,0.0,6.5,False
white friday 2023,0,4,0.0,81.5,True
white sites,0,1,0.0,4.0,False
who business man,0,1,0.0,32.0,False
who is the ceo of gruponsc.com.br,0,222,0.0,10.175675675675675,True
who is the leader of brazil,0,1,0.0,10.0,False
wicked: parte 2,0,1,0.0,11.0,False
will schutz,0,1,0.0,3.0,False
withords shops filetype:pdf,0,3,0.0,7.0,True
wok de jin photos,0,1,0.0,3.0,False
world shopp,0,1,0.0,57.0,False
world vine,0,2,0.0,7.5,False
world wine balneario,0,42,0.0,11.571428571428571,True
world wine balneári,0,152,0.0,12.06578947368421,True
world wine barra shopping,0,9,0.0,19.11111111111111,True
world wine itaim,0,1,0.0,9.0,False
world wine itaim bibi,0,7,0.0,26.0,True
world wine jardins,0,19,0.0,32.94736842105263,True
world wine la pastina,0,1,0.0,77.0,False
world wine leblon,0,1,0.0,8.0,False
world wine lojas,0,12,0.0,39.916666666666664,True
world wine porto alegre,0,5,0.0,30.8,True
world wine ribeirão preto,0,6,0.0,21.5,True
worldwine,0,1,0.0,2.0,False
wow park,0,1,0.0,12.0,False
wow park continente,0,2,0.0,8.5,False
wow park continente shopping,0,1,0.0,12.0,False
wow park continente shopping preço,0,1,0.0,1.0,False
www authentic feet,0,2,0.0,6.0,False
www biscoite com br,0,45,0.0,4.533333333333333,True
www casaalmeida com br,0,2,0.0,51.0,False
www centauro,0,3,0.0,78.66666666666667,True
www luiza barcelos,0,1,0.0,28.0,False
www nba store com,0,5,0.0,83.6,True
www. policiafederal.gov.br,0,1,0.0,1.0,False
www.aj.com,0,1,0.0,85.0,False
www.centauro,0,13,0.0,17.76923076923077,True
www.centauro.com.br,0,14,0.0,16.0,True
"www.continente.com.br,0,2,0%,83",0,14,0.0,55.714285714285715,True
www.oticasdiniz.com.br,0,2,0.0,58.5,False
www.shutz,0,1,0.0,1.0,False
xfans login,0,1,0.0,10.0,False
xp balneario camboriu,0,2,0.0,87.0,False
xp black cartao,0,3,0.0,51.333333333333336,True
xp black friday,0,2,0.0,15.5,False
xp visa black,0,2,0.0,61.5,False
xp visa infinite,0,1,0.0,76.0,False
xtay balneario camboriu,0,2,0.0,40.5,False
y en camboriu,0,1,0.0,2.0,False
yan schutz,0,1,0.0,1.0,False
yees construtora,0,1,0.0,74.0,False
yes,0,1,0.0,2.0,False
yes brindes joinville,0,1,0.0,45.0,False
yes chef blumenau,0,3,0.0,9.0,True
yes construtora,0,1,0.0,57.0,False
yes trabalhe conosco,0,2,0.0,63.5,False
yetwak,0,1,0.0,8.0,False
yogini,0,557,0.0,26.79174147217235,True
yogini clothes,0,1,0.0,62.0,False
yogini loja,0,18,0.0,16.88888888888889,True
yogini lojas,0,30,0.0,32.16666666666667,True
yogini o que é,0,1,0.0,13.0,False
yogini outlet,0,18,0.0,27.72222222222222,True
yogini site,0,3,0.0,38.333333333333336,True
you are it rs,0,1,0.0,19.0,False
youcom continente shopping,0,8,0.0,10.0,True
youcom florianópolis,0,1,0.0,47.0,False
youcom nacoes shopping,0,1,0.0,14.0,False
youcom shopping continente,0,19,0.0,9.0,True
youcom shopping garten,0,1,0.0,11.0,False
youcom shopping penha,0,1,0.0,10.0,False
yougini,0,1,0.0,4.0,False
your mall,0,1,0.0,6.0,False
zap da riachuelo,0,1,0.0,1.0,False
zap riachuelo,0,1,0.0,1.0,False
zapala,0,1,0.0,3.0,False
zapalla,0,26,0.0,8.038461538461538,True
zapalla iguatemi,0,1,0.0,4.0,False
zapalla loja,0,117,0.0,14.820512820512821,True
zapalla lojas,0,106,0.0,12.537735849056604,True
zapalla marca,0,17,0.0,4.529411764705882,True
zapalla outlet,0,6,0.0,11.666666666666666,True
zapalla roupas,0,2,0.0,2.0,False
zapalla significado,0,3,0.0,12.666666666666666,True
zapatos,0,1,0.0,4.0,False
zapatos brasil,0,6,0.0,1.0,True
zapatos brasilero,0,1,0.0,1.0,False
zapatos brasileros marcas,0,2,0.0,1.0,False
zapatos en brasil,0,1,0.0,1.0,False
zapälla,0,8,0.0,24.5,True
zapälla história,0,4,0.0,11.25,True
zapälla origem,0,64,0.0,10.265625,True
zara,0,3,0.0,6.333333333333333,True
zara balneario camboriu,0,132,0.0,10.257575757575758,True
zara balneario camboriu shopping,0,59,0.0,9.76271186440678,True
zara balneario camburiu,0,13,0.0,12.384615384615385,True
zara balneario shopping quando abre,0,1,0.0,19.0,False
zara balneário,0,1,0.0,17.0,False
zara balneário camboriú vai fechar,0,1,0.0,12.0,False
zara balneário shopping quando abre,0,1,0.0,20.0,False
zara balneário shopping reforma,0,23,0.0,11.521739130434783,True
zara bc,0,6,0.0,8.0,True
zara bc shopping,0,12,0.0,10.75,True
zara blumenau norte shopping,0,14,0.0,8.642857142857142,True
zara brasilia shopping,0,1,0.0,89.0,False
zara camboriu,0,34,0.0,8.735294117647058,True
zara continente,0,1,0.0,1.0,False
zara continente shopping,0,106,0.0,12.566037735849056,True
zara criciuma,0,9,0.0,8.333333333333332,True
zara de balneario camboriu,0,7,0.0,10.714285714285714,True
zara em balneario,0,14,0.0,11.714285714285714,True
zara em balneário camboriú,0,74,0.0,10.432432432432432,True
zara em bc,0,1,0.0,13.0,False
zara em blumenau,0,1,0.0,1.0,False
zara em criciuma,0,1,0.0,13.0,False
zara em florianópolis,0,1,0.0,4.0,False
zara em santa catarina,0,31,0.0,10.193548387096774,True
zara em sc,0,8,0.0,9.5,True
"zara estados, balneário camboriú",0,1,0.0,13.0,False
zara florianopolis,0,2,0.0,3.5,False
zara garten shopping,0,2,0.0,5.5,False
zara gome,0,1,0.0,8.0,False
zara hgome,0,1,0.0,8.0,False
zara hom,0,2,0.0,7.0,False
zara home,0,54,0.0,8.055555555555555,True
zara home balneario,0,25,0.0,7.92,True
zara home balneario shopping,0,1,0.0,5.0,False
zara home balneário camboriú,0,10,0.0,8.6,True
zara home bc,0,8,0.0,6.75,True
zara home loja,0,1,0.0,10.0,False
zara home perto de mim,0,2,0.0,9.0,False
zara home santa catarina,0,20,0.0,8.9,True
zara itajai,0,1,0.0,7.0,False
zara joinville shopping mueller,0,1,0.0,3.0,False
zara mais proxima de mim,0,2,0.0,8.0,False
zara mais próxima de mim,0,1,0.0,11.0,False
zara near me,0,3,0.0,6.333333333333333,True
zara neumarkt,0,22,0.0,11.954545454545455,True
zara no shopping,0,1,0.0,14.0,False
zara perto de mim,0,5,0.0,6.2,True
zara santa catarina,0,36,0.0,9.36111111111111,True
zara shopping balneario,0,88,0.0,11.784090909090908,True
zara shopping balneário camboriú,0,34,0.0,11.588235294117647,True
zara shopping bc,0,2,0.0,11.0,False
zara shopping continente,0,46,0.0,11.695652173913043,True
zara.home,0,1,0.0,7.0,False
zazulê,0,1,0.0,23.0,False
zchuz,0,1,0.0,1.0,False
ze dog,0,1,0.0,33.0,False
zee dog,0,4,0.0,30.25,True
zee dog barra shopping,0,1,0.0,45.0,False
zee dog curitiba,0,1,0.0,43.0,False
zee dog franquia,0,3,0.0,10.0,True
zee dog loja,0,3,0.0,19.333333333333332,True
zee dog loja física,0,1,0.0,12.0,False
zee dog lojas,0,39,0.0,33.794871794871796,True
zee dog rio sul,0,9,0.0,40.77777777777778,True
zee dog roupas,0,1,0.0,41.0,False
zee dog temple,0,1,0.0,52.0,False
zee junior,0,1,0.0,2.0,False
zee.dog,0,3,0.0,36.0,True
zeedog brasilia,0,2,0.0,25.5,False
zeedog loja fisica,0,1,0.0,6.0,False
zeedog lojas,0,18,0.0,38.44444444444444,True
zeedog store,0,2,0.0,87.5,False
zeess,0,1,0.0,3.0,False
zeiss,0,2,0.0,4.5,False
zeiss alemanha,0,2,0.0,1.5,False
zeiss canoas,0,1,0.0,48.0,False
zeiss center norte,0,1,0.0,11.0,False
zeiss cnpj,0,1,0.0,13.0,False
zeiss elevadores,0,1,0.0,1.0,False
zeiss lojas,0,2,0.0,4.0,False
zeiss recife,0,56,0.0,26.267857142857142,True
zeiss riomar,0,30,0.0,10.9,True
zeiss shopping riomar,0,4,0.0,12.25,True
zeiss trabalhe conosco,0,9,0.0,28.88888888888889,True
zeiss vision center,0,1,0.0,5.0,False
zeiss vision center lojas,0,1,0.0,6.0,False
zeiss é alemã,0,21,0.0,10.476190476190476,True
zoe park blumenau,0,1,0.0,9.0,False
zona norte,0,1,0.0,6.0,False
zzab comércio de calçados ltda,0,4,0.0,1.5,True
zzab comércio de calçados ltda - schutz,0,2,0.0,1.0,False
zzab comércio de calçados ltda schutz,0,16,0.0,1.0,True
zzmall schutz,0,1,0.0,5.0,False
às vezes tem - criciúma,0,5,0.0,11.8,True
às vezes tem - criciúma fotos,0,2,0.0,6.5,False
áj,0,3,0.0,9.0,True
árvore de natal solidária,0,1,0.0,8.0,False
árvore dos sonhos,0,1,0.0,1.0,False
árvores dos sonhos,0,1,0.0,3.0,False
âncora construtora,0,1,0.0,78.0,False
é bom para investir?,0,1,0.0,1.0,False
é de marca?,0,1,0.0,3.0,False
é de quem,0,1,0.0,3.0,False
é estrela,0,1,0.0,40.0,False
é no shopping?,0,1,0.0,1.0,False
é um bom investimento?,0,1,0.0,1.0,False
é um programa multidimensional conjugando a sustentabilidade,0,1,0.0,1.0,False
é um shopping,0,1,0.0,8.0,False
óculos chilli beans,0,1,0.0,1.0,False
óculos de sol da colcci,0,1,0.0,6.0,False
óculos de sol feminino colcci,0,1,0.0,6.0,False
óculos de sol oticas diniz,0,2,0.0,46.0,False
óptica carl zeiss,0,1,0.0,82.0,False
óptica diniz,0,1,0.0,19.0,False
ótica,0,2,0.0,90.0,False
ótica almeida,0,8,0.0,16.875,True
ótica chilli beans,0,38,0.0,18.473684210526315,True
ótica chilli beans franquia,0,1,0.0,12.0,False
ótica de diniz,0,61,0.0,8.819672131147541,True
ótica din,0,1,0.0,7.0,False
ótica dini,0,34,0.0,12.529411764705882,True
ótica dinis,0,22,0.0,13.227272727272727,True
ótica diniz,0,3701,0.0,10.179140772764118,True
ótica diniz brazil,0,14,0.0,16.285714285714285,True
ótica diniz fotos,0,48,0.0,2.708333333333333,True
ótica diniz juazeiro do norte,0,1,0.0,42.0,False
ótica diniz porto alegre,0,14,0.0,14.571428571428571,True
ótica diniz shopping,0,9,0.0,9.222222222222221,True
ótica diniz trabalhe conosco,0,5,0.0,23.2,True
ótica diniz | continente shopping | são josé distrito industrial,0,19,0.0,10.894736842105264,True
ótica diniz óculos de sol,0,1,0.0,32.0,False
ótica higienopolis,0,39,0.0,61.30769230769231,True
ótica leader,0,1,0.0,12.0,False
ótica rossi,0,7,0.0,8.714285714285715,True
ótica zeiss vision center,0,1,0.0,1.0,False
óticadiniz,0,91,0.0,8.923076923076923,True
óticas almeida,0,2,0.0,18.5,False
óticas almeida brazil,0,2,0.0,26.5,False
óticas carol cnpj,0,1,0.0,15.0,False
óticas carol florianópolis,0,1,0.0,8.0,False
óticas chilli beans,0,3,0.0,23.666666666666668,True
óticas de diniz,0,50,0.0,10.72,True
óticas dinis,0,23,0.0,9.391304347826088,True
óticas diniz cachoeirinha,0,2,0.0,4.5,False
óticas diniz endereços,0,1,0.0,7.0,False
óticas diniz gama,0,6,0.0,11.5,True
óticas diniz juazeiro do norte,0,2,0.0,94.5,False
óticas diniz loja,0,8,0.0,9.75,True
óticas diniz shopping contagem,0,17,0.0,12.823529411764707,True
óticas diniz trabalhe conosco,0,4,0.0,28.25,True
óticasdiniz,0,12,0.0,8.916666666666668,True
últimas notícias de blumenau policial,0,1,0.0,3.0,False
últimas notícias mili,0,1,0.0,48.0,False
últimas notícias são josé dos campos hoje,0,1,0.0,6.0,False
úza,0,4,0.0,1.0,True
биби джуниор,0,53,0.0,75.64150943396227,True
давай,0,1,0.0,2.0,False
кшсрфвы,0,1,0.0,1.0,False
центрум юниор,0,1,0.0,95.0,False
“shopping center” and (expansion or reform),0,1,0.0,9.0,False
オーナー,0,1,0.0,2.0,False
ジュニア abl,0,22,0.0,74.9090909090909,True
ジュニア em,0,10,0.0,62.1,True
ㅓㅐㅎㄷ,0,41,0.0,6.0,True
这是什么？,0,2,0.0,2.0,False
￼ aj,0,1,0.0,9.0,False
