date,country,cliques,impressoes,ctr,posicao
2026-06-18,bra,216,4563,0.047337278106508875,6.923296077142231
2026-01-15,bra,210,5808,0.03615702479338843,7.474173553719008
2026-06-17,bra,197,4728,0.041666666666666664,8.305837563451776
2026-01-14,bra,172,5940,0.028956228956228958,8.065151515151516
2026-01-16,bra,167,6032,0.027685676392572946,7.636770557029178
2026-01-12,bra,158,5990,0.02637729549248748,7.37779632721202
2025-06-16,bra,146,5347,0.027305030858425287,9.009725079483824
2026-01-13,bra,146,5422,0.026927333087421616,7.553485798598303
2025-12-22,bra,141,7588,0.018581971534001054,8.693726937269373
2025-12-08,bra,140,4695,0.029818956336528223,7.517784877529286
2025-12-02,bra,139,4620,0.030086580086580085,7.3995670995671
2025-12-23,bra,136,6889,0.01974161707069241,7.4417186819567425
2025-06-02,bra,134,5244,0.02555301296720061,7.977116704805492
2025-11-24,bra,134,4329,0.030954030954030955,7.044583044583044
2025-06-17,bra,128,4787,0.026739085021934405,8.435136828911634
2025-08-25,bra,128,5452,0.02347762289068232,9.061628760088041
2025-12-01,bra,126,4747,0.026543079839898884,7.085949020433958
2026-01-06,bra,123,5638,0.021816246896062434,7.325470024831501
2026-01-11,bra,122,5629,0.021673476638834607,7.273050275359744
2025-09-01,bra,121,6252,0.019353806781829814,9.7989443378119
2025-06-15,bra,120,6062,0.01979544704717915,8.645661497855492
2026-08-28,bra,120,3421,0.03507746273019585,7.692779888921368
2025-06-12,bra,119,6013,0.01979045401629802,8.148677864626642
2025-07-28,bra,118,6404,0.018425983760149905,9.266396002498439
2026-05-04,bra,118,4789,0.024639799540613908,7.774692002505742
2026-06-09,bra,118,4212,0.02801519468186135,7.516856600189934
2025-07-29,bra,117,6544,0.017878973105134473,9.21194987775061
2026-01-08,bra,117,5069,0.02308147563622016,7.431446044584731
2025-12-30,bra,116,6886,0.016845774034272436,7.338948591344757
2025-06-23,bra,115,4594,0.02503265128428385,7.684588593818024
2025-12-15,bra,115,5682,0.020239352340725096,7.434706089405139
2025-06-18,bra,114,4855,0.023480947476828013,8.127703398558188
2026-06-19,bra,114,3901,0.029223276083055628,7.46167649320687
2026-07-31,bra,114,4869,0.02341343191620456,7.6711850482645305
2026-08-03,bra,114,4443,0.025658338960162053,7.6716182759396805
2025-08-26,bra,113,5002,0.022590963614554177,8.924230307876849
2025-12-16,bra,113,5639,0.020039014009576167,7.500620677425076
2026-05-11,bra,113,4631,0.02440077736989851,8.125242928093284
2026-01-09,bra,112,5046,0.02219579865239794,7.75465715418153
2025-07-22,bra,111,6058,0.0183228788379003,9.429514691317266
2026-05-08,bra,111,4974,0.022316043425814235,7.856252513067953
2026-05-25,bra,111,4476,0.024798927613941018,7.58266309204647
2025-07-21,bra,110,6026,0.018254231662794558,9.236807168934616
2025-12-09,bra,110,4927,0.02232595900142074,7.532981530343008
2026-05-15,bra,110,4921,0.02235318024791709,7.152408047144889
2025-07-08,bra,108,4505,0.02397336293007769,10.419311875693674
2025-08-28,bra,108,5809,0.018591840247891202,12.618178688242383
2025-10-07,bra,108,3398,0.031783402001177165,7.68452030606239
2026-04-13,bra,108,5067,0.021314387211367674,7.013420169725676
2026-05-13,bra,108,4511,0.023941476391044113,7.8858346264686325
2025-06-03,bra,107,5171,0.020692322568168633,7.776638947979114
2026-04-22,bra,107,4489,0.02383604366228559,7.636444642459345
2026-04-16,bra,106,4656,0.02276632302405498,7.0562714776632305
2026-04-24,bra,106,4441,0.023868498086016664,7.376491781130376
2026-07-28,bra,106,4737,0.02237703187671522,7.493772429807895
2026-09-01,bra,106,3549,0.02986756832910679,7.591715976331361
2025-12-26,bra,105,6273,0.01673840267814443,7.321217918061533
2025-07-02,bra,104,5248,0.019817073170731708,9.999047256097562
2025-12-04,bra,104,4234,0.02456306093528578,7.529522909777988
2026-01-07,bra,104,5259,0.019775622741966155,7.414907777143943
2026-03-24,bra,104,4130,0.025181598062953996,7.5024213075060535
2025-07-16,bra,103,4466,0.023063143752798925,9.983430362740707
2025-07-30,bra,103,6382,0.0161391413350047,9.276089000313382
2025-12-10,bra,103,4507,0.02285333925005547,7.520079875748835
2026-05-26,bra,103,4354,0.02365640790078089,7.415939366100138
2026-08-04,bra,103,4354,0.02365640790078089,7.667202572347267
2026-09-09,bra,103,3349,0.030755449387876978,7.308151687070767
2025-06-13,bra,102,5497,0.018555575768601056,7.859195925050027
2025-07-03,bra,102,4705,0.021679064824654624,10.211689691817215
2025-08-18,bra,102,4786,0.02131216046803176,9.477225240284163
2025-11-10,bra,102,4030,0.025310173697270472,7.12059553349876
2025-12-19,bra,102,5587,0.01825666726328978,7.648111687846787
2025-12-20,bra,102,5411,0.018850489743115876,7.322676030308631
2026-06-11,bra,102,4723,0.02159644293881008,7.3838661867457125
2026-06-15,bra,102,4118,0.02476930548810102,7.720252549781447
2025-08-07,bra,101,5828,0.017330130404941663,10.378345916266301
2025-09-02,bra,101,6540,0.0154434250764526,9.86269113149847
2026-01-10,bra,101,5361,0.018839768699869426,7.268979667972393
2026-05-21,bra,101,4473,0.022579923988374693,7.533869885982562
2026-07-21,bra,101,4212,0.023979107312440646,7.513770180436847
2026-07-30,bra,101,4738,0.021317011397214015,7.490924440692275
2026-08-25,bra,101,3119,0.0323821737736454,7.627444693812119
2025-06-09,bra,100,6079,0.016450074025333113,8.27849975324889
2025-08-14,bra,100,5071,0.019719976336028396,9.81916781699862
2025-09-04,bra,100,6450,0.015503875968992248,11.93705426356589
2026-01-21,bra,100,5685,0.01759014951627089,7.9421284080914685
2026-05-09,bra,100,5100,0.0196078431372549,8.440392156862746
2026-06-01,bra,100,4156,0.02406159769008662,7.440327237728585
2026-06-16,bra,100,3911,0.025568908207619534,7.180260802863717
2025-08-11,bra,99,5122,0.019328387348691918,9.736821554080437
2025-08-20,bra,99,4818,0.02054794520547945,8.898713158987132
2025-11-26,bra,99,4220,0.023459715639810426,7.32345971563981
2025-08-29,bra,98,5397,0.018158236057068743,11.972577357791366
2025-09-17,bra,98,3513,0.02789638485624822,8.773128380301737
2025-12-11,bra,98,4751,0.020627236371290256,7.535887181645969
2026-05-06,bra,98,4920,0.01991869918699187,7.86219512195122
2026-06-07,bra,98,3971,0.024678922185847392,7.514983631327121
2025-06-20,bra,97,5540,0.017509025270758122,8.181588447653429
2025-10-09,bra,97,3615,0.026832641770401105,7.723374827109267
2025-12-03,bra,97,4124,0.02352085354025218,7.403006789524733
2025-12-14,bra,97,5034,0.01926897099721891,7.449344457687723
2026-01-27,bra,97,5097,0.01903080243280361,8.022169903865018
2026-03-17,bra,97,3788,0.025607180570221752,7.606916578669483
2026-04-27,bra,97,4443,0.02183209543101508,7.817690749493585
2026-05-14,bra,97,4170,0.02326139088729017,7.7
2026-06-08,bra,97,4377,0.022161297692483435,7.696138907927804
2026-07-22,bra,97,4549,0.021323367773136953,7.530226423389756
2026-08-16,bra,97,4184,0.023183556405353727,8.138623326959847
2025-12-05,bra,96,4236,0.0226628895184136,7.509442870632673
2026-06-02,bra,96,3913,0.024533605928954767,7.447993866598518
2025-09-10,bra,95,4412,0.021532184950135994,10.498413417951042
2025-11-27,bra,95,4463,0.0212861304055568,7.079542908357607
2026-04-15,bra,95,4782,0.01986616478460895,7.382894186532831
2025-08-04,bra,94,5820,0.016151202749140895,9.362714776632302
2025-09-24,bra,94,3320,0.028313253012048192,8.360843373493976
2025-10-17,bra,94,3655,0.025718194254445964,7.654172366621067
2025-11-18,bra,94,4603,0.02042146426243754,7.603519443840973
2026-05-12,bra,94,4370,0.021510297482837528,7.922654462242563
2026-06-10,bra,94,4407,0.021329702745631948,7.439074200136147
2026-01-05,bra,93,5961,0.01560140915953699,7.299781915785942
2026-05-28,bra,93,4292,0.021668219944082013,7.253028890959926
2026-07-14,bra,93,4027,0.023094114725602185,7.913086665011175
2026-08-12,bra,93,4243,0.0219184539241103,7.363893471600282
2025-10-06,bra,92,3371,0.027291604865025215,7.865915158706615
2025-10-31,bra,92,3524,0.026106696935300794,7.725879682179341
2026-02-03,bra,92,4579,0.020091723083642717,7.6341996069010705
2026-02-24,bra,92,4792,0.019198664440734557,8.088689482470784
2026-08-31,bra,92,3524,0.026106696935300794,7.583711691259932
2025-06-05,bra,91,7046,0.012915129151291513,7.9413851830826
2025-07-17,bra,91,4904,0.018556280587275695,9.533442088091354
2025-07-31,bra,91,5930,0.015345699831365935,9.022259696458685
2025-08-19,bra,91,4946,0.018398706025070766,9.898099474322684
2025-09-08,bra,91,6480,0.01404320987654321,9.306172839506173
2025-09-09,bra,91,5142,0.017697394010112798,10.053286658887592
2025-09-23,bra,91,3474,0.026194588370754175,8.155152561888313
2025-12-17,bra,91,5593,0.016270337922403004,7.307527266225639
2026-01-20,bra,91,5477,0.016614935183494613,7.813584078875297
2026-03-12,bra,91,4391,0.02072420860851742,7.6098838533363695
2026-05-18,bra,91,4535,0.020066152149944873,7.658654906284454
2025-06-11,bra,90,6022,0.014945200929923613,8.614911989372303
2025-09-26,bra,90,3548,0.02536640360766629,8.193630214205186
2025-12-18,bra,90,5697,0.01579778830963665,7.43619448832719
2026-01-02,bra,90,5658,0.015906680805938492,7.586426299045599
2026-05-05,bra,90,4779,0.018832391713747645,7.9568947478552
2026-06-22,bra,90,3926,0.02292409577177789,7.635506877228732
2026-07-20,bra,90,4603,0.01955246578318488,7.943949598088204
2025-06-10,bra,89,5693,0.01563323379588969,8.832250131740734
2025-07-09,bra,89,4936,0.018030794165316045,10.567260940032416
2025-07-15,bra,89,5031,0.01769032001590141,9.789703836215464
2025-08-12,bra,89,5356,0.016616878267363706,9.617998506348021
2025-08-21,bra,89,5007,0.017775114839225083,9.294787297783104
2025-11-19,bra,89,3981,0.022356191911580003,7.351921627731726
2025-11-28,bra,89,4992,0.01782852564102564,7.358974358974359
2026-01-29,bra,89,4737,0.01878826261346844,7.949123918091619
2026-03-10,bra,89,5010,0.017764471057884233,8.15688622754491
2026-04-23,bra,89,4457,0.019968588736818487,7.551716401166704
2026-04-29,bra,89,4407,0.020195144088949398,7.8361697299750395
2026-05-20,bra,89,4434,0.020072169598556608,7.5342805593143884
2026-08-17,bra,89,3904,0.022797131147540985,8.477971311475411
2025-08-01,bra,88,6279,0.014014970536709668,9.485746137920051
2025-11-12,bra,88,4216,0.020872865275142316,7.024430740037951
2025-11-25,bra,88,4142,0.021245774987928536,7.294543698696282
2025-12-21,bra,88,6229,0.014127468293466046,7.372933055065018
2026-02-27,bra,88,4879,0.01803648288583726,7.93174830907973
2026-03-30,bra,88,4299,0.020469876715515235,7.735752500581531
2026-08-13,bra,88,4113,0.021395575006078287,7.771213226355458
2026-08-14,bra,88,4031,0.021830811213098485,7.946911436368147
2026-08-15,bra,88,4093,0.021500122159784998,7.908135841680918
2025-07-18,bra,87,4962,0.017533252720677146,9.621322047561467
2025-07-24,bra,87,6365,0.013668499607227023,9.937941869599372
2025-08-06,bra,87,5816,0.014958734525447043,9.990715268225584
2026-01-19,bra,87,5982,0.014543630892678034,8.127883650952858
2026-03-09,bra,87,5091,0.01708898055391868,8.07307012374779
2026-03-11,bra,87,4544,0.01914612676056338,7.653389084507042
2026-05-07,bra,87,4915,0.017700915564598168,7.8056968463886065
2026-06-04,bra,87,3970,0.021914357682619647,7.486901763224181
2026-06-14,bra,87,3967,0.021930930173934965,7.641038568187548
2025-06-04,bra,86,4945,0.017391304347826087,8.039433771486351
2025-07-07,bra,86,4411,0.01949671276354568,10.166175470414872
2025-07-11,bra,86,4313,0.019939717134245305,10.739392534198933
2025-08-05,bra,86,5916,0.0145368492224476,9.654327248140635
2025-10-20,bra,86,3940,0.02182741116751269,7.527664974619289
2025-11-11,bra,86,4019,0.02139835780044787,7.37223189848221
2025-12-24,bra,86,5510,0.01560798548094374,7.269147005444646
2025-12-29,bra,86,7221,0.011909707796704057,7.523334718183077
2026-02-10,bra,86,4791,0.017950323523272804,8.430807764558548
2026-03-31,bra,86,4578,0.018785495849716033,7.418741808650066
2026-04-01,bra,86,4346,0.019788311090658078,7.43235158766682
2026-04-26,bra,86,4541,0.01893855978859282,7.606254129046466
2025-08-08,bra,85,6164,0.013789746917585983,9.885788449059053
2026-03-23,bra,85,4287,0.019827385117797993,7.444366689993002
2026-05-19,bra,85,4365,0.019473081328751432,7.609621993127147
2026-06-05,bra,85,4382,0.019397535371976266,7.475353719762666
2026-06-12,bra,85,4615,0.018418201516793065,7.691440953412784
2026-07-24,bra,85,4389,0.019366598313966733,7.600592390066074
2026-07-29,bra,85,5085,0.01671583087512291,7.4589970501474925
2025-06-24,bra,84,4273,0.019658319681722443,7.780716124502692
2025-09-03,bra,84,6206,0.01353528843055108,9.784885594585885
2025-12-28,bra,84,5519,0.015220148577640877,7.4460953071208555
2026-03-03,bra,84,4014,0.02092675635276532,8.468609865470853
2026-03-05,bra,84,4843,0.017344621102622342,7.948379103861243
2026-03-25,bra,84,3882,0.021638330757341576,7.4152498712004125
2026-04-20,bra,84,5096,0.016483516483516484,7.453689167974883
2026-05-22,bra,84,4502,0.018658374055975122,7.693913816081741
2026-07-16,bra,84,4166,0.020163226116178587,7.730676908305329
2026-09-17,bra,84,3512,0.023917995444191344,7.778473804100228
2025-06-14,bra,83,5738,0.014464970372952248,8.69588706866504
2025-07-01,bra,83,5581,0.014871886758645404,7.877978856835693
2025-08-27,bra,83,5091,0.016303280298566095,9.589275191514437
2026-05-29,bra,83,4134,0.0200774068698597,7.4569424286405415
2026-06-30,bra,83,3674,0.022591181273816003,8.051170386499727
2026-08-27,bra,83,3013,0.027547295054762694,7.654165283770329
2026-09-22,bra,83,3323,0.02497743003310262,7.859464339452302
2025-07-14,bra,82,4825,0.01699481865284974,9.798341968911917
2025-11-14,bra,82,4452,0.018418688230008983,7.312219227313567
2025-12-12,bra,82,4675,0.017540106951871658,7.636791443850267
2026-04-06,bra,82,4040,0.020297029702970298,7.655940594059406
2026-07-10,bra,82,3937,0.02082804165608331,7.576327152654305
2026-09-11,bra,82,3492,0.023482245131729668,7.780068728522337
2025-07-10,bra,81,4576,0.017701048951048952,10.334571678321678
2025-10-15,bra,81,3560,0.022752808988764046,7.842977528089888
2026-04-14,bra,81,4441,0.018239135329880658,7.150641747354199
2026-04-28,bra,81,4515,0.017940199335548173,7.8197120708748615
2026-06-03,bra,81,3857,0.02100077780658543,7.703655690951517
2026-07-27,bra,81,4307,0.0188065939168795,7.6524262827954495
2026-09-08,bra,81,3137,0.025820847943895442,7.7111890341090215
2025-07-23,bra,80,6275,0.012749003984063745,10.086215139442231
2025-09-22,bra,80,3548,0.02254791431792559,8.006764374295377
2025-10-10,bra,80,3387,0.023619722468261,7.790670209625037
2025-10-28,bra,80,3384,0.02364066193853428,7.4379432624113475
2025-12-07,bra,80,4279,0.0186959569992989,7.522785697592895
2026-02-05,bra,80,4298,0.018613308515588647,7.526058631921824
2026-05-16,bra,80,5319,0.01504042113179169,7.666478661402519
2026-08-06,bra,80,4168,0.019193857965451054,7.725047984644914
2026-08-24,bra,80,2993,0.026729034413631808,7.427998663548279
2025-06-27,bra,79,5668,0.013937896965419902,7.90772759350741
2025-06-30,bra,79,5677,0.013915800598907874,7.701779108684164
2025-08-15,bra,79,5264,0.01500759878419453,9.392477203647417
2025-09-05,bra,79,7396,0.010681449432125473,10.855868036776636
2025-09-19,bra,79,3937,0.020066040132080264,8.585979171958343
2025-10-13,bra,79,3630,0.021763085399449034,7.778787878787878
2025-10-22,bra,79,3507,0.022526375819788995,7.307955517536356
2025-11-07,bra,79,4045,0.019530284301606922,7.45636588380717
2026-02-25,bra,79,4717,0.016747933008267966,7.888912444350223
2026-04-10,bra,79,4047,0.01952063256733383,7.6753150481838395
2026-06-26,bra,79,3737,0.02113995183302114,7.71019534385871
2026-09-10,bra,79,3565,0.022159887798036466,7.320617110799439
2025-06-07,bra,78,8020,0.00972568578553616,9.49438902743142
2025-09-16,bra,78,3396,0.022968197879858657,8.77090694935218
2025-10-21,bra,78,3651,0.021364009860312245,7.6091481785812105
2025-11-05,bra,78,3514,0.0221969265793967,7.233921457029027
2026-01-04,bra,78,5350,0.014579439252336448,7.588971962616823
2026-02-02,bra,78,4098,0.01903367496339678,8.448023426061493
2026-05-27,bra,78,4704,0.016581632653061226,7.232568027210885
2026-08-07,bra,78,4002,0.019490254872563718,7.505747126436781
2026-08-19,bra,78,3249,0.024007386888273315,7.640504770698676
2025-09-18,bra,77,3371,0.022841886680510234,8.627410264016612
2025-10-16,bra,77,3373,0.02282834272161281,7.5573673287874295
2025-10-27,bra,77,3698,0.02082206598161168,7.298269334775554
2026-02-04,bra,77,4356,0.017676767676767676,7.743801652892562
2026-04-18,bra,77,4543,0.01694915254237288,7.47127448822364
2026-05-02,bra,77,5417,0.014214509876315303,7.7747830902713675
2026-07-07,bra,77,3961,0.019439535470840697,7.449129007826307
2026-07-17,bra,77,4208,0.018298479087452472,7.68916349809886
2026-09-14,bra,77,4010,0.019201995012468828,7.540897755610972
2025-06-26,bra,76,5156,0.01474010861132661,7.659231962761831
2025-10-01,bra,76,3275,0.023206106870229008,8.102290076335878
2025-12-13,bra,76,4610,0.01648590021691974,7.570281995661605
2026-01-28,bra,76,4548,0.016710642040457344,7.706244503078276
2026-05-10,bra,76,4080,0.018627450980392157,7.763480392156863
2026-06-23,bra,76,3662,0.02075368651010377,7.619606772255598
2026-06-25,bra,76,3685,0.02062415196743555,7.298236092265943
2026-07-23,bra,76,4230,0.017966903073286054,7.547754137115839
2026-08-11,bra,76,4317,0.017604818160759785,7.6958536020384525
2026-08-26,bra,76,3084,0.02464332036316472,7.925097276264592
2025-10-23,bra,75,3552,0.021114864864864864,7.221846846846847
2025-10-24,bra,75,3526,0.02127056154282473,7.590754395916052
2025-11-03,bra,75,3702,0.02025931928687196,7.312263641274987
2025-11-23,bra,75,4542,0.016512549537648614,7.193967415235579
2026-01-03,bra,75,5131,0.01461703371662444,7.445527187682713
2026-02-13,bra,75,4203,0.017844396859386154,7.715917201998573
2026-03-02,bra,75,5256,0.014269406392694063,8.292237442922374
2026-03-06,bra,75,4772,0.015716680637049455,8.227158424140821
2026-03-20,bra,75,4227,0.017743080198722498,7.198012775017743
2026-03-26,bra,75,3775,0.019867549668874173,7.508609271523179
2026-08-20,bra,75,3004,0.024966711051930757,7.718708388814913
2025-06-25,bra,74,4508,0.016415261756876662,7.7102928127772845
2025-10-02,bra,74,3526,0.02098695405558707,7.754112308564946
2025-10-08,bra,74,3427,0.02159323023052232,7.802159323023052
2026-02-12,bra,74,4382,0.016887266088544045,8.350068461889549
2026-02-18,bra,74,4673,0.015835651615664456,8.079820243954632
2026-04-17,bra,74,4630,0.015982721382289417,7.518358531317495
2026-08-01,bra,74,4471,0.016551107134869156,7.613732945649743
2026-08-05,bra,74,4377,0.016906557002513138,7.809230066255426
2026-08-10,bra,74,4023,0.01839423315933383,7.674620929654487
2026-09-02,bra,74,3516,0.02104664391353811,7.735210466439136
2026-09-15,bra,74,3842,0.019260801665799063,7.838105153565851
2026-09-16,bra,74,3605,0.020527045769764215,7.896532593619972
2025-11-04,bra,73,3561,0.02049985959000281,7.634091547318169
2026-04-08,bra,73,4011,0.018199950137122913,7.710047369733234
2026-08-21,bra,73,2948,0.024762550881953865,7.745251017639077
2026-09-06,bra,73,3472,0.021025345622119815,8.026209677419356
2025-07-04,bra,72,4229,0.01702530148971388,10.724284700874911
2025-09-11,bra,72,4270,0.01686182669789227,11.362295081967213
2025-10-18,bra,72,3644,0.019758507135016465,7.824368825466521
2026-01-23,bra,72,4916,0.014646053702196907,8.24227013832384
2026-05-03,bra,72,4474,0.016092981671881983,8.158024139472507
2026-05-17,bra,72,4964,0.014504431909750202,8.461724415793714
2026-07-02,bra,72,3992,0.018036072144288578,7.414579158316633
2026-09-03,bra,72,3057,0.023552502453385672,7.336277396140007
2025-11-13,bra,71,4241,0.016741334590898372,7.1332232963923605
2026-02-23,bra,71,5144,0.01380248833592535,8.163297045101089
2025-08-22,bra,70,4979,0.014059048001606749,9.450492066680056
2025-12-27,bra,70,5129,0.013647884577890427,7.717293819457984
2026-03-19,bra,70,3825,0.018300653594771243,7.318692810457517
2026-03-27,bra,70,3786,0.018489170628631802,7.441627047015319
2026-08-29,bra,70,3270,0.021406727828746176,8.128440366972477
2025-09-15,bra,69,3720,0.018548387096774192,8.538440860215054
2025-09-29,bra,69,3300,0.02090909090909091,7.8148484848484845
2026-02-20,bra,69,4286,0.016098926738217452,7.995100326644891
2026-02-26,bra,69,4850,0.01422680412371134,7.801030927835051
2026-03-18,bra,69,3866,0.01784790481117434,7.521727884117952
2026-04-02,bra,69,4187,0.01647957965130165,7.672080248387867
2026-06-06,bra,69,3817,0.0180770238407126,8.127325124443281
2026-07-08,bra,69,3841,0.017964071856287425,7.497787034626399
2025-06-29,bra,68,5599,0.012145025897481693,8.73263082693338
2025-08-30,bra,68,7462,0.009112838381131064,12.757839721254355
2025-09-12,bra,68,3703,0.018363489062921956,8.80934377531731
2025-09-25,bra,68,3476,0.019562715765247412,8.496547756041426
2025-11-06,bra,68,3827,0.017768487065586622,7.6028220538280635
2026-01-01,bra,68,5389,0.012618296529968454,7.3935795138244575
2026-03-29,bra,68,3564,0.019079685746352413,7.6158810325476995
2026-04-07,bra,68,4361,0.01559275395551479,7.88053198807613
2026-06-20,bra,68,3752,0.01812366737739872,7.6950959488272925
2026-07-03,bra,68,3943,0.017245751965508496,7.3674866852650265
2026-07-15,bra,68,3883,0.017512232809683236,7.878186968838527
2025-08-09,bra,67,6478,0.010342698363692497,9.867860450756407
2025-11-30,bra,67,4404,0.015213442325158947,7.1464577656675745
2026-02-09,bra,67,4628,0.014477095937770095,8.111927398444251
2026-04-09,bra,67,4018,0.016674962667994026,7.464410154305624
2026-07-06,bra,67,4068,0.016470009832841692,7.595132743362832
2026-08-08,bra,67,5194,0.012899499422410473,7.737966884867155
2026-01-22,bra,66,5361,0.012311135982092894,8.043088975937325
2026-01-30,bra,66,4193,0.015740519914142617,8.642499403768184
2026-03-13,bra,66,4418,0.014938886373924853,7.6926210955183345
2026-03-16,bra,66,3988,0.016549648946840523,7.607321965897693
2026-07-01,bra,66,3798,0.017377567140600316,7.394681411269089
2026-08-18,bra,66,3577,0.018451216102879506,8.088901313950238
2025-08-13,bra,65,5209,0.01247840276444615,9.40410827414091
2025-10-29,bra,65,3232,0.020111386138613862,7.511757425742574
2025-11-21,bra,65,4704,0.013818027210884353,7.210034013605442
2026-02-11,bra,65,4091,0.015888535810315327,7.741383524810559
2026-02-21,bra,65,4014,0.01619332336821126,7.949676133532636
2026-05-24,bra,65,3903,0.01665385600819882,7.524212144504228
2026-07-13,bra,65,4399,0.014776085473971357,8.020913844055467
2026-09-18,bra,65,3482,0.018667432510051693,7.984204480183802
2025-10-30,bra,64,3336,0.019184652278177457,7.364208633093525
2026-01-26,bra,64,4836,0.013234077750206782,7.828990901571546
2026-06-24,bra,64,3096,0.020671834625323,7.703811369509044
2025-06-08,bra,63,6233,0.010107492379271618,10.059842772340767
2025-06-19,bra,63,6125,0.010285714285714285,8.548571428571428
2025-08-02,bra,63,6190,0.010177705977382876,9.729402261712439
2026-02-06,bra,63,4418,0.014259846084200997,7.821412403802626
2026-04-30,bra,63,4367,0.014426379665674376,8.54637050606824
2025-09-27,bra,62,3803,0.01630291874835656,8.155403628714172
2025-10-12,bra,62,4151,0.014936159961455071,8.046494820525176
2025-11-17,bra,62,4788,0.012949039264828738,7.255221386800335
2026-06-13,bra,62,3255,0.01904761904761905,8.173579109062981
2026-07-19,bra,62,3539,0.0175190731845154,8.747103701610625
2025-06-06,bra,61,7849,0.00777169066123073,8.853357115556122
2025-07-27,bra,61,6667,0.009149542522873857,9.6085195740213
2025-11-22,bra,61,4643,0.013138057290544906,7.436355804436786
2025-11-29,bra,61,3827,0.015939378102952706,7.0535667624771365
2026-04-21,bra,61,4763,0.012807054377493177,7.698089439428931
2026-05-23,bra,61,4360,0.013990825688073395,7.368348623853211
2026-09-04,bra,61,3040,0.02006578947368421,7.820065789473684
2025-10-14,bra,60,3538,0.016958733747880157,7.488128886376484
2026-04-25,bra,60,4533,0.013236267372600927,7.784910655195235
2026-05-01,bra,60,5934,0.010111223458038422,12.846140883046848
2025-07-06,bra,59,5013,0.011769399561141033,10.771394374625972
2025-08-16,bra,59,5641,0.010459138450629322,9.642262010281865
2025-08-24,bra,59,7202,0.008192168841988336,15.3183837822827
2025-10-25,bra,59,3369,0.01751261501929356,7.658355595132087
2025-12-25,bra,59,5305,0.011121583411875588,7.461639962299717
2025-07-25,bra,58,7222,0.008031016338964275,12.068540570479092
2025-07-26,bra,58,6427,0.009024428193558426,9.908666562937608
2025-08-03,bra,58,6114,0.009486424599280341,9.5732744520772
2025-09-20,bra,58,3949,0.014687262598126107,8.39225120283616
2025-09-21,bra,58,3860,0.015025906735751295,8.475388601036268
2025-09-30,bra,58,3385,0.017134416543574595,7.827474150664697
2025-10-04,bra,58,3998,0.014507253626813406,8.135567783891947
2025-11-15,bra,58,4993,0.011616262767875024,7.477869016623273
2025-11-20,bra,58,4345,0.013348676639815881,7.380897583429229
2025-12-06,bra,58,4278,0.013557737260402058,7.6844319775596075
2026-07-09,bra,58,3707,0.015646074993256,7.531696789857027
2025-08-10,bra,57,5413,0.010530205061888048,10.21707001662664
2025-09-14,bra,57,4032,0.014136904761904762,8.228174603174603
2026-09-19,bra,57,3321,0.017163504968383016,8.54712436013249
2026-02-17,bra,56,4690,0.011940298507462687,8.147974413646056
2026-04-19,bra,56,4503,0.01243615367532756,7.441927603819676
2025-10-11,bra,55,3835,0.014341590612777053,8.119687092568448
2026-04-05,bra,55,3791,0.014508045370614614,7.455025059351095
2026-07-18,bra,55,3655,0.015047879616963064,7.975923392612859
2026-08-09,bra,55,4167,0.013198944084473242,7.719462443004559
2025-07-05,bra,54,4825,0.011191709844559585,10.90362694300518
2025-07-20,bra,54,5480,0.009854014598540146,10.348905109489051
2025-11-09,bra,54,4084,0.013222331047992164,7.648873653281097
2026-02-08,bra,54,5014,0.010769844435580374,8.286796968488233
2026-03-07,bra,54,5394,0.010011123470522803,8.136262513904338
2026-09-05,bra,54,3358,0.016081000595592615,8.104526503871352
2026-09-21,bra,54,3266,0.01653398652786283,8.058481322718922
2025-06-28,bra,53,5425,0.009769585253456222,8.60331797235023
2025-08-31,bra,53,7141,0.007421929701722448,13.96793166223218
2026-02-14,bra,53,4568,0.011602451838879159,7.886164623467601
2026-02-19,bra,53,4443,0.011928876884987621,7.827593968039613
2026-03-28,bra,53,3786,0.013998943475964079,7.680929741151611
2026-08-30,bra,53,3241,0.01635297747608763,7.769515581610614
2026-09-13,bra,53,3484,0.015212399540757749,7.911882893226177
2025-07-13,bra,52,4863,0.010692987867571458,10.27596134073617
2026-06-21,bra,52,3377,0.015398282499259699,7.660645543381699
2025-10-03,bra,51,3723,0.0136986301369863,7.87590652699436
2025-11-16,bra,51,5075,0.010049261083743842,9.259704433497538
2026-01-18,bra,51,5228,0.009755164498852333,10.093726090283091
2026-03-04,bra,51,3954,0.012898330804248861,8.328528072837633
2026-03-08,bra,51,5463,0.009335529928610654,8.264323631704192
2026-04-03,bra,51,4431,0.011509817197020988,7.563078311893478
2026-06-27,bra,51,3433,0.014855811243810078,7.873288668802797
2025-07-19,bra,50,5218,0.009582215408202376,10.285741663472594
2025-12-31,bra,50,4350,0.011494252873563218,7.631954022988506
2026-02-01,bra,50,3459,0.014455044810638912,8.18213356461405
2026-03-15,bra,50,4287,0.011663167716351761,8.818287846979239
2026-04-11,bra,50,3965,0.012610340479192938,7.911979823455233
2026-05-31,bra,50,3506,0.01426126640045636,7.556189389617798
2026-06-29,bra,50,2956,0.016914749661705007,7.776048714479026
2026-01-24,bra,49,4517,0.010847907903475758,8.018153641797653
2026-07-11,bra,49,4136,0.011847195357833656,8.048597678916828
2025-06-21,bra,48,4907,0.009781944161402078,9.03281027104137
2025-09-06,bra,48,7474,0.006422263848006422,9.642226384800642
2026-04-04,bra,48,4417,0.010867104369481548,7.743717455286394
2026-04-12,bra,48,4864,0.009868421052631578,7.520353618421052
2026-06-28,bra,48,3360,0.014285714285714285,7.676785714285714
2026-07-12,bra,48,3983,0.012051217675119257,7.849359779061009
2025-09-07,bra,47,8480,0.005542452830188679,13.431603773584905
2026-02-16,bra,47,5110,0.009197651663405087,7.951663405088063
2026-02-28,bra,47,5047,0.009312462849217357,7.792351892213196
2026-07-26,bra,47,3592,0.013084632516703786,7.518095768374165
2026-08-02,bra,47,4150,0.011325301204819277,7.53855421686747
2026-09-12,bra,47,3431,0.0136986301369863,7.978431944039639
2025-09-28,bra,46,3870,0.011886304909560724,8.250904392764859
2026-01-25,bra,46,4221,0.01089789149490642,8.170812603648425
2025-07-12,bra,45,4815,0.009345794392523364,11.042367601246106
2025-11-02,bra,45,3493,0.012882908674491841,7.560263383910678
2025-08-17,bra,44,5191,0.00847620882296282,9.314197649778462
2026-05-30,bra,44,3645,0.012071330589849109,7.727023319615912
2026-08-22,bra,44,2736,0.01608187134502924,8.507309941520468
2025-06-22,bra,43,4848,0.00886963696369637,8.32838283828383
2026-03-01,bra,43,4918,0.008743391622610817,8.558357055713705
2026-09-07,bra,43,2944,0.014605978260869566,7.961277173913044
2025-08-23,bra,42,5458,0.007695126419934042,9.776291681934774
2026-03-14,bra,42,4123,0.010186757215619695,7.720106718408926
2026-07-04,bra,42,3649,0.011510002740476843,7.569471087969307
2026-07-05,bra,42,2719,0.015446855461566752,7.313350496506068
2026-07-25,bra,42,3826,0.01097752221641401,7.860428646105594
2026-08-23,bra,42,2514,0.016706443914081145,7.795544948289578
2026-03-22,bra,41,3812,0.010755508919202518,7.355194123819517
2025-11-01,bra,40,3102,0.012894906511927788,7.657317859445519
2026-02-22,bra,40,4308,0.009285051067780872,8.041782729805014
2025-09-13,bra,39,3762,0.01036682615629984,8.94843168527379
2026-01-17,bra,39,5022,0.007765830346475508,8.054559936280366
2025-10-05,bra,37,3746,0.009877202349172451,8.06940736785905
2026-02-07,bra,37,4720,0.007838983050847457,7.583262711864407
2026-03-21,bra,37,3812,0.009706190975865687,7.2017313746065055
2026-09-20,bra,37,2820,0.013120567375886525,8.713475177304964
2026-02-15,bra,36,4270,0.008430913348946136,8.385480093676815
2026-01-31,bra,34,3790,0.008970976253298154,8.396569920844328
2025-10-19,bra,33,3360,0.009821428571428571,7.752976190476191
2025-10-26,bra,31,3218,0.009633312616532008,7.861715351149782
2025-11-08,bra,29,3956,0.007330637007077857,7.599595551061679
2026-07-31,prt,9,34,0.2647058823529412,6.323529411764706
2026-08-11,ita,6,13,0.46153846153846156,7.923076923076923
2026-03-13,usa,5,88,0.056818181818181816,5.568181818181818
2025-06-02,usa,4,326,0.012269938650306749,25.51840490797546
2025-06-23,can,4,25,0.16,18.84
2025-06-28,ita,4,11,0.36363636363636365,12.181818181818182
2025-10-20,usa,4,134,0.029850746268656716,6.447761194029851
2025-11-03,ita,4,10,0.4,2.8
2025-11-10,usa,4,68,0.058823529411764705,7.264705882352941
2026-01-30,arg,4,19,0.21052631578947367,8.052631578947368
2026-03-05,ind,4,12,0.3333333333333333,5.333333333333333
2026-05-06,usa,4,196,0.02040816326530612,6.423469387755102
2026-05-08,usa,4,191,0.020942408376963352,6.429319371727749
2026-09-04,usa,4,153,0.026143790849673203,8.457516339869281
2026-09-09,usa,4,220,0.01818181818181818,5.890909090909091
2025-06-07,fra,3,18,0.16666666666666666,33.833333333333336
2025-09-19,phl,3,6,0.5,4.833333333333334
2025-10-09,arg,3,10,0.3,11.8
2025-10-09,usa,3,123,0.024390243902439025,6.463414634146342
2025-10-13,usa,3,142,0.02112676056338028,7.387323943661972
2025-10-21,usa,3,156,0.019230769230769232,6.371794871794871
2025-10-27,usa,3,152,0.019736842105263157,7.052631578947368
2025-10-28,usa,3,107,0.028037383177570093,6.420560747663552
2026-01-13,usa,3,110,0.02727272727272727,12.063636363636364
2026-01-28,usa,3,205,0.014634146341463415,7.102439024390244
2026-03-05,usa,3,161,0.018633540372670808,6.080745341614906
2026-05-14,usa,3,161,0.018633540372670808,8.19254658385093
2026-05-21,ita,3,11,0.2727272727272727,5.7272727272727275
2026-05-27,usa,3,158,0.0189873417721519,7.905063291139241
2026-06-17,usa,3,294,0.01020408163265306,7.190476190476191
2026-06-21,ita,3,8,0.375,15.5
2026-07-02,usa,3,168,0.017857142857142856,6.345238095238095
2026-09-04,che,3,3,1.0,1.0
2025-06-23,arg,2,14,0.14285714285714285,31.0
2025-06-25,usa,2,341,0.005865102639296188,17.700879765395893
2025-06-30,usa,2,403,0.004962779156327543,18.573200992555833
2025-07-02,usa,2,194,0.010309278350515464,13.948453608247423
2025-07-04,usa,2,181,0.011049723756906077,13.099447513812155
2025-07-26,usa,2,112,0.017857142857142856,19.883928571428573
2025-07-29,usa,2,167,0.011976047904191617,13.946107784431138
2025-08-11,usa,2,146,0.0136986301369863,9.82876712328767
2025-08-14,gbr,2,8,0.25,6.5
2025-08-21,usa,2,199,0.010050251256281407,10.06030150753769
2025-08-29,gbr,2,14,0.14285714285714285,15.142857142857142
2025-09-09,usa,2,223,0.008968609865470852,7.565022421524664
2025-09-12,aus,2,3,0.6666666666666666,1.3333333333333333
2025-09-18,lka,2,3,0.6666666666666666,6.0
2025-09-19,usa,2,143,0.013986013986013986,6.328671328671328
2025-09-22,ind,2,8,0.25,5.375
2025-09-22,usa,2,139,0.014388489208633094,6.64748201438849
2025-09-25,ind,2,6,0.3333333333333333,5.5
2025-09-26,ita,2,11,0.18181818181818182,5.090909090909091
2025-10-02,chl,2,6,0.3333333333333333,5.0
2025-10-08,usa,2,176,0.011363636363636364,5.818181818181818
2025-10-13,prt,2,18,0.1111111111111111,8.0
2025-10-14,ita,2,19,0.10526315789473684,12.526315789473685
2025-10-17,usa,2,144,0.013888888888888888,7.340277777777778
2025-10-22,usa,2,134,0.014925373134328358,7.380597014925373
2025-10-24,usa,2,161,0.012422360248447204,6.192546583850931
2025-10-31,prt,2,18,0.1111111111111111,7.055555555555555
2025-10-31,usa,2,62,0.03225806451612903,6.67741935483871
2025-11-03,usa,2,61,0.03278688524590164,7.081967213114754
2025-11-05,usa,2,44,0.045454545454545456,8.386363636363637
2025-11-06,usa,2,101,0.019801980198019802,9.613861386138614
2025-12-08,usa,2,78,0.02564102564102564,7.0
2025-12-11,usa,2,90,0.022222222222222223,8.644444444444446
2026-01-06,usa,2,98,0.02040816326530612,7.3979591836734695
2026-01-09,usa,2,99,0.020202020202020204,9.757575757575758
2026-01-12,usa,2,125,0.016,10.784
2026-01-20,ita,2,9,0.2222222222222222,4.444444444444445
2026-01-25,arg,2,20,0.1,6.65
2026-01-29,arg,2,36,0.05555555555555555,11.11111111111111
2026-01-29,ind,2,18,0.1111111111111111,13.11111111111111
2026-02-08,usa,2,168,0.011904761904761904,8.892857142857142
2026-02-14,fra,2,17,0.11764705882352941,8.529411764705882
2026-02-18,usa,2,99,0.020202020202020204,7.595959595959596
2026-02-22,idn,2,6,0.3333333333333333,5.833333333333333
2026-02-25,arg,2,31,0.06451612903225806,7.483870967741935
2026-02-27,prt,2,31,0.06451612903225806,6.064516129032258
2026-03-09,prt,2,25,0.08,11.92
2026-03-09,usa,2,131,0.015267175572519083,6.0534351145038165
2026-03-12,usa,2,67,0.029850746268656716,5.955223880597015
2026-03-15,deu,2,11,0.18181818181818182,6.636363636363637
2026-03-18,esp,2,11,0.18181818181818182,4.909090909090909
2026-03-23,usa,2,108,0.018518518518518517,6.462962962962963
2026-03-25,fra,2,10,0.2,11.4
2026-03-26,usa,2,119,0.01680672268907563,7.957983193277311
2026-03-27,usa,2,180,0.011111111111111112,7.95
2026-04-01,usa,2,218,0.009174311926605505,6.481651376146789
2026-04-06,fra,2,12,0.16666666666666666,7.416666666666667
2026-04-08,ind,2,17,0.11764705882352941,7.764705882352941
2026-04-20,prt,2,19,0.10526315789473684,10.052631578947368
2026-04-20,sgp,2,2,1.0,1.0
2026-04-21,che,2,10,0.2,2.3
2026-04-28,are,2,10,0.2,8.2
2026-05-03,dza,2,5,0.4,19.6
2026-05-05,usa,2,335,0.005970149253731343,8.229850746268657
2026-05-07,ind,2,10,0.2,2.6
2026-05-10,deu,2,9,0.2222222222222222,8.777777777777779
2026-05-10,usa,2,157,0.012738853503184714,8.210191082802549
2026-05-13,rou,2,2,1.0,10.5
2026-05-14,gbr,2,9,0.2222222222222222,14.11111111111111
2026-05-20,esp,2,27,0.07407407407407407,5.888888888888889
2026-05-21,nld,2,5,0.4,4.6
2026-05-26,can,2,14,0.14285714285714285,4.071428571428571
2026-06-03,can,2,16,0.125,4.6875
2026-06-03,prt,2,25,0.08,7.0
2026-06-16,are,2,6,0.3333333333333333,6.333333333333333
2026-06-17,fra,2,10,0.2,6.8
2026-07-11,gbr,2,5,0.4,5.6
2026-07-13,ago,2,3,0.6666666666666666,3.6666666666666665
2026-07-29,usa,2,109,0.01834862385321101,7.504587155963303
2026-07-30,nld,2,5,0.4,8.8
2026-08-06,can,2,4,0.5,4.75
2026-08-07,deu,2,6,0.3333333333333333,6.0
2026-08-08,deu,2,6,0.3333333333333333,6.666666666666667
2026-08-09,ita,2,12,0.16666666666666666,5.0
2026-08-12,usa,2,78,0.02564102564102564,8.705128205128204
2026-08-14,ita,2,12,0.16666666666666666,4.25
2026-08-20,usa,2,110,0.01818181818181818,6.163636363636364
2026-09-04,ind,2,10,0.2,11.2
2026-09-10,usa,2,184,0.010869565217391304,6.516304347826087
2025-06-02,arg,1,11,0.09090909090909091,33.36363636363637
2025-06-03,usa,1,299,0.0033444816053511705,22.5752508361204
2025-06-04,che,1,3,0.3333333333333333,8.666666666666668
2025-06-07,deu,1,21,0.047619047619047616,39.333333333333336
2025-06-07,prt,1,15,0.06666666666666667,8.333333333333332
2025-06-07,pry,1,8,0.125,30.0
2025-06-08,che,1,5,0.2,15.6
2025-06-08,fra,1,11,0.09090909090909091,37.36363636363637
2025-06-09,esp,1,2,0.5,29.5
2025-06-09,ind,1,32,0.03125,20.84375
2025-06-09,omn,1,1,1.0,9.0
2025-06-09,usa,1,324,0.0030864197530864196,26.564814814814813
2025-06-10,and,1,1,1.0,1.0
2025-06-11,ita,1,12,0.08333333333333333,27.666666666666668
2025-06-11,usa,1,393,0.002544529262086514,36.57506361323155
2025-06-13,hrv,1,3,0.3333333333333333,7.333333333333333
2025-06-13,usa,1,270,0.003703703703703704,21.755555555555556
2025-06-15,usa,1,279,0.0035842293906810036,22.197132616487455
2025-06-17,gbr,1,47,0.02127659574468085,37.53191489361702
2025-06-17,ind,1,19,0.05263157894736842,27.05263157894737
2025-06-19,rou,1,2,0.5,15.5
2025-06-20,prt,1,18,0.05555555555555555,7.5
2025-06-22,chl,1,6,0.16666666666666666,9.833333333333334
2025-06-23,usa,1,281,0.0035587188612099642,21.85409252669039
2025-06-24,gbr,1,29,0.034482758620689655,32.55172413793103
2025-06-24,usa,1,273,0.003663003663003663,20.267399267399266
2025-06-25,gbr,1,36,0.027777777777777776,39.638888888888886
2025-06-26,irl,1,4,0.25,4.75
2025-06-28,ago,1,4,0.25,11.5
2025-06-28,arg,1,21,0.047619047619047616,21.428571428571427
2025-06-28,usa,1,400,0.0025,16.442500000000003
2025-06-29,ury,1,7,0.14285714285714285,7.571428571428571
2025-06-30,nld,1,5,0.2,19.4
2025-07-02,pol,1,10,0.1,9.7
2025-07-03,gbr,1,8,0.125,11.25
2025-07-03,prt,1,37,0.02702702702702703,11.45945945945946
2025-07-04,tur,1,3,0.3333333333333333,8.0
2025-07-05,gbr,1,3,0.3333333333333333,33.333333333333336
2025-07-06,rou,1,3,0.3333333333333333,4.0
2025-07-06,ven,1,5,0.2,1.8
2025-07-07,prt,1,31,0.03225806451612903,11.935483870967742
2025-07-07,usa,1,147,0.006802721088435374,16.401360544217688
2025-07-07,yem,1,1,1.0,5.0
2025-07-08,ury,1,3,0.3333333333333333,10.333333333333334
2025-07-09,esp,1,14,0.07142857142857142,14.357142857142858
2025-07-09,fra,1,2,0.5,3.5
2025-07-09,usa,1,121,0.008264462809917356,16.925619834710744
2025-07-11,fra,1,8,0.125,8.375
2025-07-12,swe,1,3,0.3333333333333333,5.666666666666667
2025-07-13,moz,1,5,0.2,3.8
2025-07-15,usa,1,78,0.01282051282051282,18.987179487179485
2025-07-16,usa,1,86,0.011627906976744186,16.80232558139535
2025-07-17,can,1,11,0.09090909090909091,14.0
2025-07-17,hkg,1,1,1.0,35.0
2025-07-17,ita,1,6,0.16666666666666666,7.5
2025-07-18,are,1,3,0.3333333333333333,3.3333333333333335
2025-07-18,fra,1,14,0.07142857142857142,5.928571428571429
2025-07-19,ita,1,4,0.25,4.25
2025-07-20,ago,1,4,0.25,3.0
2025-07-21,usa,1,88,0.011363636363636364,15.079545454545455
2025-07-22,ita,1,10,0.1,6.1
2025-07-23,che,1,8,0.125,7.5
2025-07-24,bel,1,4,0.25,4.0
2025-07-24,chl,1,8,0.125,9.5
2025-07-24,dnk,1,1,1.0,3.0
2025-07-24,ita,1,11,0.09090909090909091,5.909090909090909
2025-07-25,can,1,14,0.07142857142857142,14.357142857142858
2025-07-25,ury,1,6,0.16666666666666666,10.0
2025-07-25,usa,1,143,0.006993006993006993,12.958041958041958
2025-07-27,chl,1,2,0.5,3.5
2025-07-27,ita,1,3,0.3333333333333333,25.333333333333332
2025-07-28,deu,1,3,0.3333333333333333,7.666666666666667
2025-07-28,gbr,1,10,0.1,18.9
2025-07-28,ind,1,16,0.0625,13.1875
2025-07-31,deu,1,8,0.125,15.5
2025-08-03,prt,1,19,0.05263157894736842,9.578947368421053
2025-08-04,mex,1,4,0.25,18.75
2025-08-04,usa,1,168,0.005952380952380952,12.31547619047619
2025-08-05,ago,1,4,0.25,6.75
2025-08-05,arg,1,10,0.1,18.7
2025-08-05,gbr,1,12,0.08333333333333333,6.166666666666667
2025-08-05,usa,1,248,0.004032258064516129,13.068548387096774
2025-08-07,arg,1,11,0.09090909090909091,12.545454545454545
2025-08-08,usa,1,112,0.008928571428571428,10.401785714285714
2025-08-09,ita,1,5,0.2,4.8
2025-08-10,pry,1,5,0.2,4.0
2025-08-12,chn,1,1,1.0,89.0
2025-08-12,usa,1,197,0.005076142131979695,10.137055837563452
2025-08-13,moz,1,5,0.2,6.6
2025-08-14,usa,1,165,0.006060606060606061,7.818181818181818
2025-08-18,usa,1,156,0.00641025641025641,9.217948717948717
2025-08-19,deu,1,13,0.07692307692307693,15.384615384615385
2025-08-19,gbr,1,7,0.14285714285714285,6.142857142857143
2025-08-19,ita,1,9,0.1111111111111111,49.55555555555556
2025-08-22,usa,1,174,0.005747126436781609,11.132183908045977
2025-08-24,ind,1,7,0.14285714285714285,15.428571428571429
2025-08-24,prt,1,20,0.05,8.9
2025-08-25,bol,1,1,1.0,9.0
2025-08-25,deu,1,7,0.14285714285714285,17.285714285714285
2025-08-25,egy,1,2,0.5,31.5
2025-08-26,gbr,1,6,0.16666666666666666,9.0
2025-08-26,ita,1,6,0.16666666666666666,5.0
2025-08-26,usa,1,200,0.005,13.155
2025-08-27,fra,1,3,0.3333333333333333,5.333333333333333
2025-08-28,usa,1,193,0.0051813471502590676,20.16062176165803
2025-09-01,fra,1,1,1.0,3.0
2025-09-01,ita,1,9,0.1111111111111111,14.444444444444445
2025-09-03,ago,1,4,0.25,7.5
2025-09-08,aus,1,1,1.0,1.0
2025-09-08,prt,1,28,0.03571428571428571,18.964285714285715
2025-09-09,deu,1,12,0.08333333333333333,35.833333333333336
2025-09-09,gbr,1,4,0.25,4.75
2025-09-09,prt,1,13,0.07692307692307693,6.923076923076923
2025-09-10,prt,1,20,0.05,17.4
2025-09-10,pry,1,3,0.3333333333333333,6.666666666666667
2025-09-10,usa,1,147,0.006802721088435374,10.306122448979592
2025-09-11,syc,1,2,0.5,1.0
2025-09-12,arg,1,2,0.5,7.0
2025-09-14,sau,1,4,0.25,3.25
2025-09-16,pol,1,3,0.3333333333333333,3.0
2025-09-16,prt,1,20,0.05,13.15
2025-09-16,usa,1,156,0.00641025641025641,7.32051282051282
2025-09-17,fra,1,1,1.0,2.0
2025-09-18,deu,1,9,0.1111111111111111,31.11111111111111
2025-09-18,usa,1,157,0.006369426751592357,7.7006369426751595
2025-09-21,ita,1,6,0.16666666666666666,2.333333333333333
2025-09-22,ago,1,1,1.0,8.0
2025-09-22,bgd,1,1,1.0,1.0
2025-09-23,chl,1,10,0.1,6.4
2025-09-23,cpv,1,6,0.16666666666666666,4.5
2025-09-24,ago,1,3,0.3333333333333333,4.333333333333334
2025-09-24,ind,1,4,0.25,4.75
2025-09-24,usa,1,167,0.005988023952095809,7.107784431137724
2025-09-25,ago,1,2,0.5,1.0
2025-09-25,chn,1,1,1.0,1.0
2025-09-25,usa,1,166,0.006024096385542169,6.572289156626506
2025-09-26,esp,1,5,0.2,7.8
2025-09-28,ita,1,5,0.2,4.8
2025-09-29,ind,1,19,0.05263157894736842,6.052631578947368
2025-09-29,usa,1,179,0.00558659217877095,7.29608938547486
2025-10-02,prt,1,26,0.038461538461538464,9.423076923076923
2025-10-03,col,1,1,1.0,1.0
2025-10-03,tgo,1,1,1.0,9.0
2025-10-04,deu,1,5,0.2,9.4
2025-10-05,pak,1,3,0.3333333333333333,3.3333333333333335
2025-10-06,lux,1,16,0.0625,3.8125
2025-10-07,chl,1,4,0.25,6.5
2025-10-07,fra,1,9,0.1111111111111111,7.333333333333333
2025-10-07,ita,1,9,0.1111111111111111,5.888888888888889
2025-10-08,prt,1,22,0.045454545454545456,9.090909090909092
2025-10-09,prt,1,18,0.05555555555555555,6.166666666666667
2025-10-10,prt,1,23,0.043478260869565216,10.26086956521739
2025-10-10,usa,1,146,0.00684931506849315,7.541095890410959
2025-10-11,moz,1,3,0.3333333333333333,3.0
2025-10-13,kor,1,9,0.1111111111111111,4.555555555555555
2025-10-14,sgp,1,1,1.0,1.0
2025-10-15,ind,1,7,0.14285714285714285,8.142857142857142
2025-10-15,prt,1,23,0.043478260869565216,10.130434782608695
2025-10-16,gbr,1,7,0.14285714285714285,5.0
2025-10-17,prt,1,28,0.03571428571428571,7.464285714285714
2025-10-18,gbr,1,10,0.1,9.2
2025-10-21,esp,1,4,0.25,3.75
2025-10-21,prt,1,17,0.058823529411764705,7.411764705882353
2025-10-23,deu,1,12,0.08333333333333333,7.583333333333333
2025-10-23,usa,1,184,0.005434782608695652,6.065217391304348
2025-10-27,cri,1,3,0.3333333333333333,2.0
2025-10-28,ago,1,2,0.5,1.0
2025-10-28,moz,1,1,1.0,2.0
2025-10-28,prt,1,27,0.037037037037037035,7.7407407407407405
2025-10-29,mex,1,3,0.3333333333333333,1.3333333333333333
2025-10-30,fra,1,8,0.125,7.75
2025-10-30,mex,1,1,1.0,1.0
2025-11-02,usa,1,49,0.02040816326530612,5.918367346938775
2025-11-03,che,1,3,0.3333333333333333,2.666666666666667
2025-11-04,ita,1,5,0.2,5.4
2025-11-04,per,1,1,1.0,8.0
2025-11-04,usa,1,61,0.01639344262295082,9.459016393442623
2025-11-07,chl,1,8,0.125,6.25
2025-11-07,ita,1,12,0.08333333333333333,2.083333333333333
2025-11-07,ury,1,2,0.5,4.0
2025-11-08,arg,1,7,0.14285714285714285,8.714285714285715
2025-11-10,are,1,5,0.2,8.2
2025-11-10,ita,1,9,0.1111111111111111,5.0
2025-11-10,pan,1,2,0.5,11.0
2025-11-11,esp,1,2,0.5,6.0
2025-11-11,prt,1,25,0.04,9.2
2025-11-11,usa,1,135,0.007407407407407408,5.140740740740741
2025-11-12,deu,1,6,0.16666666666666666,6.5
2025-11-12,usa,1,60,0.016666666666666666,6.75
2025-11-13,arg,1,11,0.09090909090909091,6.090909090909091
2025-11-13,sgp,1,3,0.3333333333333333,7.666666666666667
2025-11-15,gbr,1,2,0.5,3.0
2025-11-15,usa,1,39,0.02564102564102564,8.384615384615385
2025-11-16,deu,1,6,0.16666666666666666,5.5
2025-11-16,ind,1,6,0.16666666666666666,6.666666666666667
2025-11-16,prt,1,23,0.043478260869565216,7.086956521739131
2025-11-18,ury,1,3,0.3333333333333333,8.333333333333332
2025-11-19,usa,1,80,0.0125,9.425
2025-11-20,usa,1,68,0.014705882352941176,8.367647058823529
2025-11-21,ury,1,2,0.5,2.5
2025-11-22,prt,1,34,0.029411764705882353,5.117647058823529
2025-11-23,usa,1,91,0.01098901098901099,8.516483516483516
2025-11-24,aus,1,3,0.3333333333333333,2.333333333333333
2025-11-24,esp,1,9,0.1111111111111111,8.333333333333332
2025-11-24,usa,1,76,0.013157894736842105,6.921052631578948
2025-11-25,ita,1,4,0.25,4.5
2025-11-26,fra,1,7,0.14285714285714285,3.857142857142857
2025-11-26,ita,1,6,0.16666666666666666,2.833333333333333
2025-11-28,ury,1,2,0.5,1.0
2025-11-30,arg,1,20,0.05,8.35
2025-12-01,esp,1,9,0.1111111111111111,6.444444444444445
2025-12-01,mex,1,7,0.14285714285714285,3.142857142857143
2025-12-02,arg,1,14,0.07142857142857142,15.785714285714286
2025-12-02,fra,1,1,1.0,1.0
2025-12-02,gbr,1,7,0.14285714285714285,6.714285714285714
2025-12-02,pol,1,2,0.5,8.5
2025-12-03,hrv,1,1,1.0,2.0
2025-12-03,pry,1,4,0.25,6.75
2025-12-03,usa,1,98,0.01020408163265306,6.551020408163265
2025-12-05,prt,1,25,0.04,6.2
2025-12-05,usa,1,66,0.015151515151515152,7.348484848484849
2025-12-07,arg,1,8,0.125,14.25
2025-12-09,jpn,1,6,0.16666666666666666,18.333333333333332
2025-12-13,gbr,1,9,0.1111111111111111,5.555555555555555
2025-12-15,aus,1,1,1.0,2.0
2025-12-15,irl,1,1,1.0,1.0
2025-12-16,arg,1,10,0.1,6.6
2025-12-18,ita,1,9,0.1111111111111111,5.777777777777778
2025-12-18,tha,1,2,0.5,5.5
2025-12-18,usa,1,84,0.011904761904761904,10.678571428571429
2025-12-21,usa,1,65,0.015384615384615385,11.830769230769231
2025-12-22,deu,1,8,0.125,10.125
2025-12-24,arg,1,13,0.07692307692307693,5.923076923076923
2025-12-24,usa,1,46,0.021739130434782608,12.434782608695652
2025-12-26,aut,1,1,1.0,6.0
2025-12-26,usa,1,61,0.01639344262295082,11.672131147540984
2025-12-27,gbr,1,9,0.1111111111111111,9.11111111111111
2025-12-28,che,1,3,0.3333333333333333,8.666666666666668
2025-12-28,usa,1,58,0.017241379310344827,14.39655172413793
2025-12-29,chl,1,7,0.14285714285714285,7.142857142857143
2025-12-29,fra,1,4,0.25,4.5
2025-12-29,usa,1,70,0.014285714285714285,10.442857142857143
2025-12-31,usa,1,53,0.018867924528301886,10.716981132075471
2026-01-01,usa,1,82,0.012195121951219513,7.670731707317073
2026-01-02,arg,1,39,0.02564102564102564,6.9743589743589745
2026-01-03,gbr,1,7,0.14285714285714285,12.0
2026-01-03,usa,1,71,0.014084507042253521,9.450704225352112
2026-01-04,arg,1,23,0.043478260869565216,7.565217391304348
2026-01-04,bel,1,3,0.3333333333333333,6.666666666666667
2026-01-05,arg,1,22,0.045454545454545456,8.454545454545453
2026-01-06,ago,1,6,0.16666666666666666,6.666666666666667
2026-01-06,isl,1,2,0.5,2.5
2026-01-08,ind,1,14,0.07142857142857142,4.285714285714286
2026-01-10,usa,1,111,0.009009009009009009,9.396396396396396
2026-01-11,arg,1,45,0.022222222222222223,7.2
2026-01-14,usa,1,91,0.01098901098901099,10.593406593406593
2026-01-15,aze,1,1,1.0,109.0
2026-01-15,dnk,1,2,0.5,6.0
2026-01-15,ita,1,10,0.1,10.4
2026-01-15,nga,1,4,0.25,8.5
2026-01-18,mex,1,3,0.3333333333333333,5.333333333333333
2026-01-19,usa,1,103,0.009708737864077669,9.45631067961165
2026-01-20,usa,1,140,0.007142857142857143,7.857142857142857
2026-01-21,arg,1,20,0.05,10.15
2026-01-21,deu,1,9,0.1111111111111111,12.222222222222221
2026-01-21,sgp,1,3,0.3333333333333333,6.333333333333333
2026-01-22,ind,1,28,0.03571428571428571,15.821428571428571
2026-01-22,usa,1,138,0.007246376811594203,10.03623188405797
2026-01-23,arg,1,29,0.034482758620689655,9.137931034482758
2026-01-23,deu,1,4,0.25,5.75
2026-01-24,gbr,1,6,0.16666666666666666,10.666666666666666
2026-01-25,gbr,1,14,0.07142857142857142,6.571428571428571
2026-01-25,usa,1,123,0.008130081300813009,8.699186991869919
2026-01-26,fra,1,27,0.037037037037037035,6.0
2026-01-26,kor,1,5,0.2,5.4
2026-01-27,arg,1,19,0.05263157894736842,6.7894736842105265
2026-01-27,fra,1,13,0.07692307692307693,8.153846153846153
2026-01-27,usa,1,144,0.006944444444444444,8.909722222222221
2026-01-29,fra,1,13,0.07692307692307693,11.076923076923077
2026-01-29,isr,1,4,0.25,6.75
2026-01-30,can,1,16,0.0625,15.625
2026-01-30,gbr,1,10,0.1,7.7
2026-01-31,phl,1,12,0.08333333333333333,25.75
2026-02-04,arg,1,13,0.07692307692307693,17.46153846153846
2026-02-04,esp,1,11,0.09090909090909091,8.09090909090909
2026-02-04,usa,1,147,0.006802721088435374,8.700680272108844
2026-02-05,deu,1,10,0.1,8.6
2026-02-05,ind,1,22,0.045454545454545456,5.0
2026-02-06,usa,1,164,0.006097560975609756,8.371951219512194
2026-02-07,arg,1,37,0.02702702702702703,7.891891891891892
2026-02-09,usa,1,152,0.006578947368421052,7.368421052631579
2026-02-10,arg,1,20,0.05,14.95
2026-02-10,usa,1,182,0.005494505494505495,9.027472527472527
2026-02-11,usa,1,182,0.005494505494505495,8.054945054945055
2026-02-12,deu,1,9,0.1111111111111111,9.11111111111111
2026-02-13,are,1,4,0.25,3.0
2026-02-18,ita,1,4,0.25,5.0
2026-02-18,jam,1,2,0.5,2.5
2026-02-18,ury,1,6,0.16666666666666666,10.333333333333334
2026-02-19,mco,1,1,1.0,1.0
2026-02-19,ven,1,1,1.0,1.0
2026-02-21,mco,1,1,1.0,1.0
2026-02-22,usa,1,117,0.008547008547008548,7.777777777777778
2026-02-23,ago,1,4,0.25,8.0
2026-02-23,mco,1,5,0.2,3.0
2026-02-23,usa,1,108,0.009259259259259259,9.574074074074074
2026-02-24,ita,1,10,0.1,8.7
2026-02-24,jpn,1,7,0.14285714285714285,6.142857142857143
2026-02-25,prt,1,22,0.045454545454545456,11.363636363636363
2026-02-25,usa,1,168,0.005952380952380952,6.875
2026-02-26,isl,1,1,1.0,3.0
2026-02-28,ind,1,9,0.1111111111111111,5.333333333333333
2026-03-01,nld,1,2,0.5,1.0
2026-03-02,prt,1,24,0.041666666666666664,9.041666666666666
2026-03-03,ita,1,6,0.16666666666666666,4.5
2026-03-03,usa,1,96,0.010416666666666666,8.90625
2026-03-04,arg,1,14,0.07142857142857142,7.571428571428571
2026-03-04,pan,1,1,1.0,7.0
2026-03-05,gbr,1,5,0.2,4.8
2026-03-06,arg,1,17,0.058823529411764705,11.235294117647058
2026-03-06,esp,1,5,0.2,4.4
2026-03-06,gbr,1,10,0.1,6.4
2026-03-08,irl,1,11,0.09090909090909091,5.0
2026-03-09,pry,1,4,0.25,7.5
2026-03-11,arg,1,10,0.1,5.7
2026-03-11,pol,1,3,0.3333333333333333,6.0
2026-03-11,usa,1,122,0.00819672131147541,6.614754098360656
2026-03-13,chl,1,3,0.3333333333333333,7.666666666666667
2026-03-15,chl,1,7,0.14285714285714285,8.0
2026-03-16,kor,1,3,0.3333333333333333,5.0
2026-03-16,mne,1,1,1.0,3.0
2026-03-16,usa,1,89,0.011235955056179775,6.853932584269663
2026-03-17,esp,1,21,0.047619047619047616,3.619047619047619
2026-03-17,est,1,2,0.5,4.5
2026-03-17,sgp,1,1,1.0,1.0
2026-03-17,usa,1,160,0.00625,5.59375
2026-03-18,ita,1,9,0.1111111111111111,4.555555555555555
2026-03-18,prt,1,26,0.038461538461538464,8.384615384615385
2026-03-18,usa,1,126,0.007936507936507936,7.603174603174603
2026-03-19,prt,1,27,0.037037037037037035,9.851851851851851
2026-03-20,gbr,1,10,0.1,12.5
2026-03-20,usa,1,112,0.008928571428571428,8.053571428571429
2026-03-21,aus,1,3,0.3333333333333333,8.333333333333332
2026-03-25,ita,1,11,0.09090909090909091,8.272727272727273
2026-03-26,arg,1,19,0.05263157894736842,7.526315789473684
2026-03-26,nld,1,1,1.0,2.0
2026-03-27,arg,1,11,0.09090909090909091,9.090909090909092
2026-03-27,deu,1,17,0.058823529411764705,7.9411764705882355
2026-03-31,deu,1,15,0.06666666666666667,8.6
2026-04-01,irl,1,2,0.5,7.5
2026-04-03,fra,1,8,0.125,8.0
2026-04-03,irl,1,3,0.3333333333333333,1.0
2026-04-03,moz,1,1,1.0,15.0
2026-04-05,are,1,2,0.5,4.5
2026-04-05,ind,1,10,0.1,6.8
2026-04-05,pak,1,1,1.0,2.0
2026-04-06,gbr,1,8,0.125,14.125
2026-04-06,usa,1,155,0.0064516129032258064,5.529032258064516
2026-04-07,ind,1,9,0.1111111111111111,4.111111111111111
2026-04-07,prt,1,30,0.03333333333333333,7.666666666666667
2026-04-09,gbr,1,15,0.06666666666666667,13.666666666666666
2026-04-09,usa,1,224,0.004464285714285714,8.017857142857142
2026-04-10,esp,1,3,0.3333333333333333,4.333333333333334
2026-04-10,nld,1,8,0.125,5.875
2026-04-14,gbr,1,7,0.14285714285714285,11.285714285714286
2026-04-15,can,1,9,0.1111111111111111,5.888888888888889
2026-04-16,usa,1,158,0.006329113924050633,7.449367088607595
2026-04-17,usa,1,209,0.004784688995215311,7.7368421052631575
2026-04-18,deu,1,4,0.25,25.5
2026-04-18,gbr,1,5,0.2,4.0
2026-04-21,gbr,1,10,0.1,14.1
2026-04-21,usa,1,264,0.003787878787878788,3.965909090909091
2026-04-22,deu,1,6,0.16666666666666666,11.0
2026-04-23,bwa,1,1,1.0,1.0
2026-04-23,chl,1,4,0.25,15.5
2026-04-23,fra,1,17,0.058823529411764705,11.058823529411764
2026-04-23,prt,1,14,0.07142857142857142,12.285714285714286
2026-04-23,usa,1,256,0.00390625,5.88671875
2026-04-24,usa,1,328,0.003048780487804878,4.923780487804878
2026-04-25,nld,1,5,0.2,8.0
2026-04-26,esp,1,11,0.09090909090909091,4.090909090909091
2026-04-26,usa,1,218,0.0045871559633027525,6.009174311926605
2026-04-27,esp,1,15,0.06666666666666667,5.6
2026-04-27,gbr,1,49,0.02040816326530612,7.081632653061225
2026-04-27,moz,1,7,0.14285714285714285,2.0
2026-04-27,pak,1,2,0.5,12.5
2026-04-27,prt,1,22,0.045454545454545456,9.772727272727273
2026-04-28,usa,1,322,0.003105590062111801,5.124223602484472
2026-04-30,can,1,64,0.015625,1.8125
2026-04-30,ita,1,6,0.16666666666666666,5.333333333333333
2026-04-30,jpn,1,5,0.2,7.8
2026-04-30,usa,1,345,0.002898550724637681,4.104347826086956
2026-05-02,arg,1,9,0.1111111111111111,13.444444444444445
2026-05-02,esp,1,7,0.14285714285714285,5.714285714285714
2026-05-03,usa,1,182,0.005494505494505495,8.15934065934066
2026-05-04,usa,1,188,0.005319148936170213,7.526595744680851
2026-05-05,gbr,1,11,0.09090909090909091,6.363636363636363
2026-05-05,ind,1,13,0.07692307692307693,14.076923076923077
2026-05-05,swe,1,1,1.0,1.0
2026-05-06,arg,1,8,0.125,12.5
2026-05-07,ago,1,4,0.25,7.25
2026-05-08,aus,1,4,0.25,6.0
2026-05-08,col,1,4,0.25,5.5
2026-05-08,ind,1,7,0.14285714285714285,11.142857142857142
2026-05-08,prt,1,52,0.019230769230769232,41.32692307692308
2026-05-08,swe,1,2,0.5,1.5
2026-05-09,pri,1,1,1.0,1.0
2026-05-09,usa,1,169,0.005917159763313609,7.810650887573964
2026-05-11,ago,1,5,0.2,6.6
2026-05-11,ind,1,4,0.25,5.25
2026-05-11,usa,1,222,0.0045045045045045045,7.153153153153153
2026-05-12,col,1,3,0.3333333333333333,6.333333333333333
2026-05-12,usa,1,211,0.004739336492890996,6.805687203791469
2026-05-13,prt,1,28,0.03571428571428571,11.464285714285714
2026-05-14,irl,1,2,0.5,4.0
2026-05-14,per,1,4,0.25,4.5
2026-05-15,swe,1,1,1.0,3.0
2026-05-16,mar,1,5,0.2,11.6
2026-05-16,usa,1,127,0.007874015748031496,7.590551181102362
2026-05-17,ita,1,7,0.14285714285714285,12.714285714285714
2026-05-17,nld,1,7,0.14285714285714285,5.428571428571429
2026-05-19,can,1,14,0.07142857142857142,4.5
2026-05-19,prt,1,21,0.047619047619047616,9.666666666666666
2026-05-20,usa,1,178,0.0056179775280898875,6.646067415730337
2026-05-21,lux,1,2,0.5,1.0
2026-05-21,usa,1,169,0.005917159763313609,8.337278106508876
2026-05-22,pry,1,4,0.25,17.75
2026-05-22,usa,1,140,0.007142857142857143,7.7
2026-05-23,grc,1,3,0.3333333333333333,2.333333333333333
2026-05-24,ita,1,10,0.1,16.4
2026-05-25,usa,1,214,0.004672897196261682,7.355140186915888
2026-05-26,gbr,1,6,0.16666666666666666,11.0
2026-05-26,ind,1,7,0.14285714285714285,17.714285714285715
2026-05-28,col,1,4,0.25,6.25
2026-05-29,kor,1,43,0.023255813953488372,6.8604651162790695
2026-06-01,arg,1,8,0.125,7.25
2026-06-01,prt,1,15,0.06666666666666667,18.933333333333334
2026-06-01,rus,1,3,0.3333333333333333,5.666666666666667
2026-06-01,usa,1,317,0.0031545741324921135,4.324921135646688
2026-06-03,cpv,1,2,0.5,2.5
2026-06-03,gbr,1,6,0.16666666666666666,20.166666666666668
2026-06-04,ind,1,8,0.125,7.875
2026-06-05,prt,1,17,0.058823529411764705,11.882352941176471
2026-06-06,fra,1,6,0.16666666666666666,6.333333333333333
2026-06-06,sau,1,3,0.3333333333333333,8.333333333333332
2026-06-06,usa,1,166,0.006024096385542169,9.066265060240964
2026-06-07,gbr,1,6,0.16666666666666666,11.5
2026-06-08,arg,1,11,0.09090909090909091,11.181818181818182
2026-06-09,hkg,1,7,0.14285714285714285,5.142857142857143
2026-06-10,nor,1,2,0.5,6.0
2026-06-10,usa,1,288,0.003472222222222222,7.170138888888889
2026-06-11,esp,1,7,0.14285714285714285,10.571428571428571
2026-06-11,sgp,1,1,1.0,1.0
2026-06-13,idn,1,13,0.07692307692307693,22.23076923076923
2026-06-15,usa,1,336,0.002976190476190476,7.467261904761905
2026-06-16,usa,1,383,0.0026109660574412533,6.8877284595300265
2026-06-17,prt,1,15,0.06666666666666667,7.266666666666667
2026-06-18,esp,1,15,0.06666666666666667,11.4
2026-06-18,nld,1,10,0.1,5.9
2026-06-19,moz,1,6,0.16666666666666666,16.5
2026-06-19,pry,1,2,0.5,5.5
2026-06-19,usa,1,260,0.0038461538461538464,7.915384615384616
2026-06-22,col,1,3,0.3333333333333333,4.666666666666666
2026-06-22,deu,1,9,0.1111111111111111,4.555555555555555
2026-06-22,fra,1,6,0.16666666666666666,7.166666666666667
2026-06-23,chl,1,8,0.125,11.0
2026-06-23,prt,1,21,0.047619047619047616,10.666666666666666
2026-06-23,ury,1,1,1.0,4.0
2026-06-23,usa,1,235,0.00425531914893617,7.787234042553192
2026-06-24,grc,1,1,1.0,1.0
2026-06-25,chn,1,4,0.25,8.25
2026-06-25,deu,1,6,0.16666666666666666,18.5
2026-06-26,ind,1,9,0.1111111111111111,23.22222222222222
2026-06-26,usa,1,143,0.006993006993006993,10.307692307692308
2026-06-29,ita,1,13,0.07692307692307693,16.923076923076923
2026-07-01,gbr,1,7,0.14285714285714285,4.857142857142858
2026-07-01,usa,1,202,0.0049504950495049506,7.287128712871287
2026-07-02,ita,1,15,0.06666666666666667,12.2
2026-07-02,nzl,1,2,0.5,6.0
2026-07-03,fra,1,18,0.05555555555555555,6.833333333333333
2026-07-03,usa,1,239,0.0041841004184100415,5.702928870292887
2026-07-04,usa,1,138,0.007246376811594203,8.5
2026-07-07,usa,1,167,0.005988023952095809,7.5568862275449105
2026-07-08,usa,1,143,0.006993006993006993,8.615384615384615
2026-07-09,ita,1,2,0.5,3.0
2026-07-10,arg,1,9,0.1111111111111111,5.222222222222222
2026-07-10,ind,1,12,0.08333333333333333,16.666666666666664
2026-07-14,che,1,7,0.14285714285714285,8.142857142857142
2026-07-15,fra,1,8,0.125,5.625
2026-07-15,usa,1,74,0.013513513513513514,9.527027027027026
2026-07-16,are,1,2,0.5,6.5
2026-07-16,can,1,5,0.2,8.0
2026-07-16,fra,1,6,0.16666666666666666,5.833333333333333
2026-07-19,irn,1,2,0.5,9.0
2026-07-20,ita,1,3,0.3333333333333333,10.0
2026-07-21,usa,1,70,0.014285714285714285,7.185714285714286
2026-07-22,irl,1,1,1.0,1.0
2026-07-23,gbr,1,8,0.125,29.875
2026-07-24,ken,1,1,1.0,36.0
2026-07-24,usa,1,93,0.010752688172043012,7.67741935483871
2026-07-24,zmb,1,1,1.0,1.0
2026-07-26,can,1,2,0.5,2.5
2026-07-28,nld,1,2,0.5,1.0
2026-07-28,prt,1,15,0.06666666666666667,7.6
2026-07-29,ita,1,3,0.3333333333333333,3.6666666666666665
2026-07-30,arg,1,9,0.1111111111111111,14.333333333333334
2026-07-31,usa,1,151,0.006622516556291391,7.966887417218543
2026-08-01,ind,1,17,0.058823529411764705,29.705882352941178
2026-08-01,prt,1,23,0.043478260869565216,10.956521739130435
2026-08-02,lux,1,1,1.0,1.0
2026-08-02,usa,1,121,0.008264462809917356,8.049586776859504
2026-08-03,aut,1,1,1.0,1.0
2026-08-03,fra,1,2,0.5,8.0
2026-08-03,irl,1,1,1.0,1.0
2026-08-04,fra,1,3,0.3333333333333333,2.333333333333333
2026-08-04,prt,1,18,0.05555555555555555,7.944444444444445
2026-08-04,usa,1,68,0.014705882352941176,8.764705882352942
2026-08-04,vnm,1,2,0.5,6.5
2026-08-07,esp,1,5,0.2,12.4
2026-08-07,guy,1,1,1.0,2.0
2026-08-07,irl,1,2,0.5,7.0
2026-08-09,deu,1,7,0.14285714285714285,8.714285714285715
2026-08-10,ita,1,8,0.125,9.75
2026-08-11,arg,1,5,0.2,10.6
2026-08-11,nld,1,4,0.25,5.75
2026-08-13,arg,1,9,0.1111111111111111,11.11111111111111
2026-08-15,fra,1,2,0.5,5.0
2026-08-15,usa,1,93,0.010752688172043012,8.032258064516128
2026-08-17,arg,1,6,0.16666666666666666,9.333333333333334
2026-08-17,gbr,1,6,0.16666666666666666,22.0
2026-08-17,irl,1,1,1.0,7.0
2026-08-17,ita,1,8,0.125,24.625
2026-08-18,pak,1,2,0.5,3.5
2026-08-20,deu,1,2,0.5,5.5
2026-08-21,gib,1,1,1.0,6.0
2026-08-22,deu,1,4,0.25,6.0
2026-08-22,esp,1,11,0.09090909090909091,6.181818181818182
2026-08-23,usa,1,44,0.022727272727272728,7.2727272727272725
2026-08-24,esp,1,9,0.1111111111111111,7.555555555555555
2026-08-25,ind,1,17,0.058823529411764705,43.23529411764706
2026-08-25,mlt,1,1,1.0,1.0
2026-08-27,kor,1,11,0.09090909090909091,16.090909090909093
2026-08-27,usa,1,108,0.009259259259259259,9.444444444444445
2026-08-28,arg,1,11,0.09090909090909091,16.81818181818182
2026-08-29,arg,1,7,0.14285714285714285,9.142857142857142
2026-08-29,chn,1,1,1.0,1.0
2026-08-30,ita,1,6,0.16666666666666666,6.833333333333333
2026-08-30,kor,1,6,0.16666666666666666,9.0
2026-08-30,tun,1,1,1.0,1.0
2026-08-30,usa,1,64,0.015625,8.125
2026-08-31,sgp,1,3,0.3333333333333333,2.666666666666667
2026-08-31,usa,1,114,0.008771929824561403,6.105263157894737
2026-09-01,bol,1,2,0.5,4.5
2026-09-01,gbr,1,7,0.14285714285714285,14.142857142857142
2026-09-01,irl,1,1,1.0,1.0
2026-09-01,mac,1,2,0.5,5.5
2026-09-01,prt,1,10,0.1,9.4
2026-09-01,usa,1,123,0.008130081300813009,7.032520325203252
2026-09-02,mco,1,3,0.3333333333333333,2.0
2026-09-07,chl,1,2,0.5,3.5
2026-09-08,ind,1,18,0.05555555555555555,43.111111111111114
2026-09-09,col,1,1,1.0,1.0
2026-09-12,tun,1,4,0.25,7.75
2026-09-14,deu,1,8,0.125,7.5
2026-09-14,usa,1,91,0.01098901098901099,6.78021978021978
2026-09-15,can,1,6,0.16666666666666666,13.333333333333334
2026-09-16,bel,1,3,0.3333333333333333,4.333333333333334
2026-09-18,gbr,1,5,0.2,6.0
2026-09-18,ita,1,6,0.16666666666666666,11.0
2026-09-18,usa,1,102,0.00980392156862745,6.431372549019608
2026-09-19,prt,1,8,0.125,16.5
2026-09-20,chl,1,7,0.14285714285714285,12.714285714285714
2026-09-21,deu,1,9,0.1111111111111111,3.2222222222222223
2026-09-22,usa,1,49,0.02040816326530612,10.387755102040817
2025-06-02,ago,0,1,0.0,6.0
2025-06-02,alb,0,1,0.0,9.0
2025-06-02,arm,0,1,0.0,42.0
2025-06-02,aus,0,7,0.0,20.285714285714285
2025-06-02,aut,0,1,0.0,15.0
2025-06-02,bdi,0,1,0.0,43.0
2025-06-02,bel,0,2,0.0,40.0
2025-06-02,bgd,0,7,0.0,20.285714285714285
2025-06-02,blr,0,1,0.0,11.0
2025-06-02,bol,0,1,0.0,2.0
2025-06-02,brb,0,1,0.0,4.0
2025-06-02,can,0,14,0.0,47.07142857142857
2025-06-02,che,0,3,0.0,19.0
2025-06-02,chl,0,5,0.0,33.0
2025-06-02,chn,0,1,0.0,10.0
2025-06-02,cmr,0,1,0.0,11.0
2025-06-02,col,0,3,0.0,15.333333333333334
2025-06-02,cri,0,1,0.0,11.0
2025-06-02,cym,0,1,0.0,26.0
2025-06-02,cyp,0,1,0.0,37.0
2025-06-02,cze,0,1,0.0,60.0
2025-06-02,deu,0,9,0.0,38.22222222222222
2025-06-02,dnk,0,1,0.0,26.0
2025-06-02,dom,0,2,0.0,23.0
2025-06-02,dza,0,8,0.0,12.5
2025-06-02,ecu,0,5,0.0,22.4
2025-06-02,egy,0,2,0.0,49.0
2025-06-02,esp,0,10,0.0,31.3
2025-06-02,eth,0,2,0.0,11.5
2025-06-02,fin,0,2,0.0,31.0
2025-06-02,fra,0,3,0.0,17.333333333333332
2025-06-02,gbr,0,46,0.0,40.80434782608695
2025-06-02,grc,0,3,0.0,20.0
2025-06-02,grd,0,1,0.0,31.0
2025-06-02,gtm,0,1,0.0,12.0
2025-06-02,hkg,0,1,0.0,6.0
2025-06-02,hun,0,1,0.0,85.0
2025-06-02,idn,0,13,0.0,19.076923076923077
2025-06-02,ind,0,50,0.0,30.04
2025-06-02,irl,0,3,0.0,37.666666666666664
2025-06-02,irq,0,2,0.0,13.0
2025-06-02,isr,0,4,0.0,61.75
2025-06-02,ita,0,22,0.0,31.045454545454547
2025-06-02,jam,0,2,0.0,28.0
2025-06-02,jor,0,4,0.0,35.25
2025-06-02,jpn,0,4,0.0,17.75
2025-06-02,kaz,0,1,0.0,78.0
2025-06-02,kor,0,22,0.0,34.59090909090909
2025-06-02,kwt,0,1,0.0,27.0
2025-06-02,ltu,0,1,0.0,6.0
2025-06-02,mar,0,2,0.0,41.0
2025-06-02,mda,0,5,0.0,38.0
2025-06-02,mex,0,8,0.0,39.0
2025-06-02,mkd,0,2,0.0,7.0
2025-06-02,moz,0,3,0.0,6.333333333333333
2025-06-02,mys,0,4,0.0,20.75
2025-06-02,nic,0,1,0.0,54.0
2025-06-02,nld,0,3,0.0,38.666666666666664
2025-06-02,nzl,0,1,0.0,9.0
2025-06-02,omn,0,1,0.0,33.0
2025-06-02,pak,0,8,0.0,26.0
2025-06-02,per,0,2,0.0,49.0
2025-06-02,phl,0,19,0.0,24.63157894736842
2025-06-02,pol,0,1,0.0,56.0
2025-06-02,prt,0,11,0.0,8.454545454545453
2025-06-02,pry,0,4,0.0,28.5
2025-06-02,pse,0,2,0.0,36.5
2025-06-02,rou,0,4,0.0,25.25
2025-06-02,rus,0,29,0.0,45.41379310344828
2025-06-02,sgp,0,6,0.0,57.333333333333336
2025-06-02,slv,0,1,0.0,12.0
2025-06-02,srb,0,1,0.0,5.0
2025-06-02,svk,0,1,0.0,46.0
2025-06-02,swe,0,1,0.0,12.0
2025-06-02,tha,0,2,0.0,9.5
2025-06-02,tto,0,1,0.0,101.0
2025-06-02,tun,0,1,0.0,10.0
2025-06-02,tur,0,6,0.0,65.5
2025-06-02,twn,0,3,0.0,27.0
2025-06-02,ukr,0,5,0.0,16.4
2025-06-02,ury,0,2,0.0,24.0
2025-06-02,uzb,0,1,0.0,97.0
2025-06-02,ven,0,1,0.0,8.0
2025-06-02,vnm,0,21,0.0,31.142857142857142
2025-06-02,zaf,0,4,0.0,65.75
2025-06-02,zzz,0,3,0.0,50.666666666666664
2025-06-03,ago,0,3,0.0,20.666666666666668
2025-06-03,arg,0,10,0.0,17.9
2025-06-03,aus,0,8,0.0,35.5
2025-06-03,aut,0,1,0.0,2.0
2025-06-03,aze,0,1,0.0,32.0
2025-06-03,bel,0,4,0.0,36.75
2025-06-03,bgd,0,2,0.0,13.5
2025-06-03,bgr,0,1,0.0,14.0
2025-06-03,blz,0,1,0.0,24.0
2025-06-03,bmu,0,1,0.0,78.0
2025-06-03,brb,0,1,0.0,33.0
2025-06-03,can,0,25,0.0,16.32
2025-06-03,che,0,3,0.0,5.333333333333333
2025-06-03,chl,0,3,0.0,9.666666666666666
2025-06-03,civ,0,2,0.0,39.5
2025-06-03,col,0,2,0.0,36.0
2025-06-03,cri,0,1,0.0,4.0
2025-06-03,deu,0,6,0.0,20.333333333333332
2025-06-03,dnk,0,1,0.0,1.0
2025-06-03,ecu,0,8,0.0,17.125
2025-06-03,esp,0,8,0.0,31.25
2025-06-03,est,0,1,0.0,45.0
2025-06-03,fra,0,8,0.0,30.875
2025-06-03,gbr,0,47,0.0,42.276595744680854
2025-06-03,gmb,0,1,0.0,52.0
2025-06-03,guy,0,1,0.0,9.0
2025-06-03,hkg,0,1,0.0,7.0
2025-06-03,hrv,0,2,0.0,40.5
2025-06-03,idn,0,5,0.0,28.8
2025-06-03,ind,0,38,0.0,30.289473684210527
2025-06-03,irl,0,5,0.0,4.0
2025-06-03,irn,0,1,0.0,5.0
2025-06-03,irq,0,1,0.0,31.0
2025-06-03,isr,0,2,0.0,10.5
2025-06-03,ita,0,12,0.0,15.333333333333334
2025-06-03,jor,0,2,0.0,30.5
2025-06-03,jpn,0,2,0.0,18.5
2025-06-03,kor,0,17,0.0,25.11764705882353
2025-06-03,ltu,0,1,0.0,72.0
2025-06-03,lux,0,1,0.0,7.0
2025-06-03,mar,0,1,0.0,5.0
2025-06-03,mda,0,1,0.0,5.0
2025-06-03,mex,0,10,0.0,31.5
2025-06-03,moz,0,1,0.0,7.0
2025-06-03,mys,0,4,0.0,15.75
2025-06-03,nga,0,2,0.0,32.5
2025-06-03,nld,0,3,0.0,24.666666666666668
2025-06-03,nor,0,1,0.0,12.0
2025-06-03,npl,0,1,0.0,9.0
2025-06-03,nzl,0,1,0.0,7.0
2025-06-03,pak,0,3,0.0,24.666666666666668
2025-06-03,pan,0,1,0.0,20.0
2025-06-03,per,0,4,0.0,30.5
2025-06-03,phl,0,7,0.0,34.142857142857146
2025-06-03,pol,0,1,0.0,65.0
2025-06-03,pri,0,1,0.0,48.0
2025-06-03,prt,0,11,0.0,6.545454545454546
2025-06-03,pry,0,2,0.0,45.0
2025-06-03,rou,0,1,0.0,34.0
2025-06-03,rus,0,15,0.0,26.8
2025-06-03,sgp,0,1,0.0,7.0
2025-06-03,sur,0,2,0.0,31.5
2025-06-03,swe,0,1,0.0,8.0
2025-06-03,tca,0,1,0.0,78.0
2025-06-03,tha,0,2,0.0,33.0
2025-06-03,tto,0,1,0.0,40.0
2025-06-03,tun,0,2,0.0,26.5
2025-06-03,tur,0,4,0.0,35.0
2025-06-03,twn,0,2,0.0,15.5
2025-06-03,ukr,0,4,0.0,22.5
2025-06-03,ury,0,1,0.0,5.0
2025-06-03,uzb,0,1,0.0,48.0
2025-06-03,ven,0,1,0.0,55.0
2025-06-03,vnm,0,11,0.0,44.72727272727273
2025-06-03,zaf,0,3,0.0,18.0
2025-06-03,zzz,0,2,0.0,16.5
2025-06-04,ago,0,2,0.0,21.0
2025-06-04,are,0,1,0.0,4.0
2025-06-04,arg,0,10,0.0,37.1
2025-06-04,aus,0,5,0.0,22.4
2025-06-04,aut,0,1,0.0,10.0
2025-06-04,aze,0,1,0.0,101.0
2025-06-04,bes,0,1,0.0,5.0
2025-06-04,bgd,0,4,0.0,38.5
2025-06-04,bgr,0,2,0.0,32.5
2025-06-04,bhs,0,1,0.0,54.0
2025-06-04,brb,0,1,0.0,41.0
2025-06-04,can,0,26,0.0,22.653846153846153
2025-06-04,chl,0,5,0.0,24.6
2025-06-04,col,0,2,0.0,15.5
2025-06-04,cri,0,1,0.0,76.0
2025-06-04,cuw,0,1,0.0,9.0
2025-06-04,cym,0,2,0.0,18.0
2025-06-04,cze,0,1,0.0,46.0
2025-06-04,deu,0,7,0.0,27.428571428571427
2025-06-04,dom,0,2,0.0,36.5
2025-06-04,ecu,0,7,0.0,43.42857142857143
2025-06-04,egy,0,3,0.0,41.666666666666664
2025-06-04,esp,0,3,0.0,27.666666666666668
2025-06-04,fra,0,8,0.0,12.0
2025-06-04,gbr,0,21,0.0,33.04761904761905
2025-06-04,gtm,0,1,0.0,7.0
2025-06-04,guy,0,1,0.0,37.0
2025-06-04,hun,0,1,0.0,48.0
2025-06-04,idn,0,1,0.0,4.0
2025-06-04,ind,0,40,0.0,28.525
2025-06-04,irn,0,1,0.0,5.0
2025-06-04,irq,0,5,0.0,28.2
2025-06-04,ita,0,7,0.0,28.0
2025-06-04,jor,0,1,0.0,65.0
2025-06-04,jpn,0,1,0.0,9.0
2025-06-04,kaz,0,2,0.0,42.0
2025-06-04,ken,0,1,0.0,6.0
2025-06-04,kgz,0,1,0.0,6.0
2025-06-04,kor,0,17,0.0,36.588235294117645
2025-06-04,ltu,0,1,0.0,6.0
2025-06-04,lux,0,2,0.0,6.5
2025-06-04,mar,0,2,0.0,39.5
2025-06-04,mda,0,1,0.0,36.0
2025-06-04,mex,0,11,0.0,18.363636363636363
2025-06-04,moz,0,3,0.0,7.333333333333333
2025-06-04,mys,0,1,0.0,4.0
2025-06-04,nld,0,4,0.0,39.75
2025-06-04,nzl,0,1,0.0,33.0
2025-06-04,pak,0,5,0.0,21.8
2025-06-04,pan,0,1,0.0,1.0
2025-06-04,per,0,2,0.0,41.0
2025-06-04,phl,0,8,0.0,22.125
2025-06-04,pol,0,5,0.0,8.2
2025-06-04,prt,0,14,0.0,12.214285714285714
2025-06-04,rou,0,2,0.0,48.0
2025-06-04,rus,0,11,0.0,27.0
2025-06-04,sau,0,3,0.0,41.333333333333336
2025-06-04,sgp,0,3,0.0,26.0
2025-06-04,srb,0,1,0.0,2.0
2025-06-04,sur,0,1,0.0,32.0
2025-06-04,svk,0,1,0.0,11.0
2025-06-04,tha,0,2,0.0,29.0
2025-06-04,tto,0,2,0.0,15.5
2025-06-04,tun,0,3,0.0,19.0
2025-06-04,twn,0,6,0.0,23.166666666666668
2025-06-04,ukr,0,2,0.0,40.5
2025-06-04,ury,0,3,0.0,5.666666666666667
2025-06-04,usa,0,364,0.0,21.903846153846153
2025-06-04,ven,0,2,0.0,47.5
2025-06-04,vnm,0,9,0.0,49.0
2025-06-04,zaf,0,7,0.0,21.571428571428573
2025-06-04,zzz,0,3,0.0,45.0
2025-06-05,ago,0,7,0.0,6.714285714285714
2025-06-05,are,0,1,0.0,9.0
2025-06-05,arg,0,10,0.0,25.9
2025-06-05,aus,0,7,0.0,13.714285714285714
2025-06-05,aze,0,1,0.0,26.0
2025-06-05,bel,0,2,0.0,18.0
2025-06-05,bfa,0,1,0.0,38.0
2025-06-05,bgd,0,2,0.0,27.0
2025-06-05,bgr,0,4,0.0,17.0
2025-06-05,bhs,0,1,0.0,73.0
2025-06-05,blr,0,1,0.0,10.0
2025-06-05,blz,0,2,0.0,9.0
2025-06-05,can,0,23,0.0,17.695652173913043
2025-06-05,che,0,1,0.0,65.0
2025-06-05,chl,0,7,0.0,21.857142857142858
2025-06-05,col,0,3,0.0,13.0
2025-06-05,cze,0,2,0.0,48.0
2025-06-05,deu,0,10,0.0,37.1
2025-06-05,dom,0,1,0.0,40.0
2025-06-05,dza,0,4,0.0,5.25
2025-06-05,ecu,0,4,0.0,35.0
2025-06-05,egy,0,3,0.0,21.666666666666668
2025-06-05,esp,0,6,0.0,35.0
2025-06-05,fin,0,3,0.0,21.666666666666668
2025-06-05,fra,0,5,0.0,15.2
2025-06-05,gab,0,1,0.0,98.0
2025-06-05,gbr,0,49,0.0,37.12244897959184
2025-06-05,gha,0,1,0.0,25.0
2025-06-05,glp,0,1,0.0,88.0
2025-06-05,grc,0,4,0.0,15.5
2025-06-05,guy,0,1,0.0,22.0
2025-06-05,idn,0,5,0.0,26.8
2025-06-05,ind,0,28,0.0,31.428571428571427
2025-06-05,irl,0,3,0.0,8.0
2025-06-05,irn,0,1,0.0,4.0
2025-06-05,irq,0,1,0.0,4.0
2025-06-05,isr,0,2,0.0,27.5
2025-06-05,ita,0,8,0.0,30.625
2025-06-05,jam,0,1,0.0,24.0
2025-06-05,jor,0,1,0.0,1.0
2025-06-05,jpn,0,4,0.0,10.25
2025-06-05,kaz,0,2,0.0,22.5
2025-06-05,ken,0,1,0.0,5.0
2025-06-05,kor,0,15,0.0,37.4
2025-06-05,kwt,0,3,0.0,23.0
2025-06-05,lka,0,2,0.0,1.5
2025-06-05,lva,0,1,0.0,10.0
2025-06-05,mar,0,3,0.0,35.0
2025-06-05,mda,0,2,0.0,43.5
2025-06-05,mex,0,13,0.0,21.692307692307693
2025-06-05,mys,0,1,0.0,20.0
2025-06-05,nic,0,1,0.0,7.0
2025-06-05,nld,0,8,0.0,25.875
2025-06-05,nzl,0,1,0.0,3.0
2025-06-05,omn,0,1,0.0,12.0
2025-06-05,pak,0,3,0.0,14.666666666666666
2025-06-05,per,0,3,0.0,13.333333333333334
2025-06-05,phl,0,8,0.0,14.875
2025-06-05,pol,0,2,0.0,12.5
2025-06-05,pri,0,1,0.0,57.0
2025-06-05,prt,0,12,0.0,11.916666666666666
2025-06-05,pry,0,1,0.0,3.0
2025-06-05,reu,0,1,0.0,10.0
2025-06-05,rou,0,1,0.0,16.0
2025-06-05,rus,0,14,0.0,33.142857142857146
2025-06-05,sau,0,5,0.0,15.0
2025-06-05,sen,0,1,0.0,1.0
2025-06-05,srb,0,2,0.0,36.5
2025-06-05,svn,0,1,0.0,11.0
2025-06-05,swe,0,1,0.0,13.0
2025-06-05,tha,0,4,0.0,15.75
2025-06-05,tto,0,3,0.0,24.0
2025-06-05,tur,0,12,0.0,29.583333333333332
2025-06-05,twn,0,1,0.0,23.0
2025-06-05,ury,0,3,0.0,23.666666666666668
2025-06-05,usa,0,297,0.0,18.346801346801346
2025-06-05,ven,0,6,0.0,42.833333333333336
2025-06-05,vir,0,1,0.0,2.0
2025-06-05,vnm,0,18,0.0,30.666666666666668
2025-06-05,zaf,0,2,0.0,27.5
2025-06-06,ago,0,4,0.0,5.5
2025-06-06,alb,0,2,0.0,11.5
2025-06-06,are,0,3,0.0,11.666666666666666
2025-06-06,arg,0,14,0.0,34.857142857142854
2025-06-06,aus,0,3,0.0,18.0
2025-06-06,aze,0,1,0.0,1.0
2025-06-06,bel,0,2,0.0,13.0
2025-06-06,ben,0,1,0.0,1.0
2025-06-06,bgd,0,5,0.0,38.2
2025-06-06,bgr,0,1,0.0,93.0
2025-06-06,bhs,0,1,0.0,28.0
2025-06-06,bih,0,3,0.0,15.333333333333334
2025-06-06,blr,0,4,0.0,52.25
2025-06-06,bol,0,1,0.0,2.0
2025-06-06,brb,0,4,0.0,45.75
2025-06-06,can,0,44,0.0,25.727272727272727
2025-06-06,che,0,5,0.0,29.6
2025-06-06,chl,0,7,0.0,18.571428571428573
2025-06-06,chn,0,2,0.0,34.5
2025-06-06,civ,0,1,0.0,45.0
2025-06-06,col,0,16,0.0,49.3125
2025-06-06,cri,0,2,0.0,41.5
2025-06-06,cyp,0,1,0.0,47.0
2025-06-06,cze,0,3,0.0,47.333333333333336
2025-06-06,deu,0,18,0.0,31.333333333333332
2025-06-06,dom,0,6,0.0,25.166666666666668
2025-06-06,dza,0,5,0.0,34.0
2025-06-06,ecu,0,8,0.0,32.875
2025-06-06,egy,0,5,0.0,19.0
2025-06-06,esh,0,1,0.0,11.0
2025-06-06,esp,0,6,0.0,32.83333333333333
2025-06-06,fra,0,17,0.0,29.88235294117647
2025-06-06,gab,0,1,0.0,82.0
2025-06-06,gbr,0,46,0.0,33.04347826086956
2025-06-06,grc,0,3,0.0,28.666666666666668
2025-06-06,gtm,0,1,0.0,7.0
2025-06-06,hkg,0,1,0.0,29.0
2025-06-06,hnd,0,3,0.0,37.0
2025-06-06,hrv,0,1,0.0,31.0
2025-06-06,hun,0,3,0.0,50.0
2025-06-06,idn,0,8,0.0,32.125
2025-06-06,ind,0,63,0.0,39.15873015873016
2025-06-06,irl,0,7,0.0,17.285714285714285
2025-06-06,irn,0,2,0.0,50.5
2025-06-06,irq,0,6,0.0,54.166666666666664
2025-06-06,isl,0,1,0.0,26.0
2025-06-06,isr,0,4,0.0,36.0
2025-06-06,ita,0,13,0.0,26.0
2025-06-06,jam,0,1,0.0,5.0
2025-06-06,jor,0,1,0.0,62.0
2025-06-06,jpn,0,7,0.0,36.714285714285715
2025-06-06,kaz,0,2,0.0,22.5
2025-06-06,ken,0,4,0.0,43.0
2025-06-06,kgz,0,1,0.0,18.0
2025-06-06,khm,0,1,0.0,41.0
2025-06-06,kor,0,24,0.0,37.125
2025-06-06,lbn,0,1,0.0,4.0
2025-06-06,lby,0,1,0.0,3.0
2025-06-06,lka,0,1,0.0,47.0
2025-06-06,ltu,0,2,0.0,24.5
2025-06-06,lva,0,1,0.0,101.0
2025-06-06,mar,0,3,0.0,49.333333333333336
2025-06-06,mda,0,3,0.0,53.666666666666664
2025-06-06,mex,0,27,0.0,31.51851851851852
2025-06-06,mlt,0,1,0.0,79.0
2025-06-06,moz,0,1,0.0,4.0
2025-06-06,mys,0,8,0.0,38.125
2025-06-06,nga,0,3,0.0,31.0
2025-06-06,nld,0,9,0.0,33.333333333333336
2025-06-06,npl,0,2,0.0,69.0
2025-06-06,nzl,0,2,0.0,39.0
2025-06-06,pak,0,3,0.0,69.33333333333333
2025-06-06,per,0,7,0.0,23.428571428571427
2025-06-06,phl,0,11,0.0,27.181818181818183
2025-06-06,pol,0,8,0.0,39.625
2025-06-06,pri,0,1,0.0,60.0
2025-06-06,prt,0,16,0.0,18.75
2025-06-06,pry,0,6,0.0,43.833333333333336
2025-06-06,reu,0,1,0.0,10.0
2025-06-06,rou,0,2,0.0,48.0
2025-06-06,rus,0,55,0.0,44.56363636363636
2025-06-06,sau,0,7,0.0,20.857142857142858
2025-06-06,sgp,0,4,0.0,53.0
2025-06-06,swe,0,5,0.0,16.8
2025-06-06,syr,0,2,0.0,18.5
2025-06-06,tha,0,10,0.0,42.3
2025-06-06,tto,0,1,0.0,10.0
2025-06-06,tun,0,3,0.0,75.33333333333333
2025-06-06,tur,0,10,0.0,51.3
2025-06-06,twn,0,5,0.0,26.0
2025-06-06,ukr,0,18,0.0,40.888888888888886
2025-06-06,ury,0,4,0.0,19.75
2025-06-06,usa,0,439,0.0,29.815489749430522
2025-06-06,uzb,0,3,0.0,53.0
2025-06-06,ven,0,2,0.0,45.5
2025-06-06,vnm,0,32,0.0,37.40625
2025-06-06,zaf,0,9,0.0,59.333333333333336
2025-06-06,zzz,0,7,0.0,23.0
2025-06-07,ago,0,1,0.0,10.0
2025-06-07,are,0,4,0.0,15.75
2025-06-07,arg,0,10,0.0,33.2
2025-06-07,aus,0,5,0.0,25.2
2025-06-07,aut,0,1,0.0,57.0
2025-06-07,aze,0,2,0.0,41.0
2025-06-07,bel,0,2,0.0,21.0
2025-06-07,ben,0,1,0.0,78.0
2025-06-07,bgd,0,3,0.0,53.333333333333336
2025-06-07,bhr,0,1,0.0,53.0
2025-06-07,bhs,0,1,0.0,7.0
2025-06-07,blr,0,6,0.0,48.5
2025-06-07,blz,0,1,0.0,1.0
2025-06-07,brb,0,3,0.0,39.333333333333336
2025-06-07,can,0,29,0.0,26.862068965517242
2025-06-07,che,0,3,0.0,16.333333333333336
2025-06-07,chl,0,4,0.0,20.0
2025-06-07,col,0,5,0.0,29.2
2025-06-07,cpv,0,2,0.0,12.0
2025-06-07,cri,0,1,0.0,12.0
2025-06-07,cyp,0,2,0.0,29.5
2025-06-07,cze,0,3,0.0,35.0
2025-06-07,dma,0,1,0.0,98.0
2025-06-07,dom,0,2,0.0,17.5
2025-06-07,dza,0,2,0.0,45.0
2025-06-07,ecu,0,9,0.0,35.666666666666664
2025-06-07,egy,0,5,0.0,43.6
2025-06-07,esp,0,9,0.0,42.0
2025-06-07,fin,0,1,0.0,9.0
2025-06-07,gab,0,1,0.0,68.0
2025-06-07,gbr,0,37,0.0,43.32432432432432
2025-06-07,geo,0,3,0.0,32.66666666666667
2025-06-07,grc,0,4,0.0,25.75
2025-06-07,guy,0,1,0.0,81.0
2025-06-07,hnd,0,1,0.0,68.0
2025-06-07,idn,0,11,0.0,22.818181818181817
2025-06-07,ind,0,37,0.0,42.486486486486484
2025-06-07,irl,0,4,0.0,50.25
2025-06-07,irn,0,1,0.0,63.0
2025-06-07,irq,0,1,0.0,3.0
2025-06-07,isr,0,2,0.0,17.0
2025-06-07,ita,0,10,0.0,40.2
2025-06-07,jam,0,2,0.0,28.0
2025-06-07,jpn,0,4,0.0,26.75
2025-06-07,kaz,0,2,0.0,102.0
2025-06-07,ken,0,2,0.0,5.5
2025-06-07,kgz,0,1,0.0,56.0
2025-06-07,khm,0,2,0.0,42.5
2025-06-07,kna,0,1,0.0,55.0
2025-06-07,kor,0,15,0.0,50.46666666666667
2025-06-07,lao,0,1,0.0,66.0
2025-06-07,lbn,0,4,0.0,4.0
2025-06-07,ltu,0,3,0.0,40.666666666666664
2025-06-07,lva,0,2,0.0,56.5
2025-06-07,mar,0,4,0.0,41.5
2025-06-07,mda,0,1,0.0,25.0
2025-06-07,mex,0,15,0.0,30.533333333333335
2025-06-07,moz,0,3,0.0,7.0
2025-06-07,mys,0,12,0.0,44.666666666666664
2025-06-07,nic,0,2,0.0,49.0
2025-06-07,nld,0,7,0.0,24.0
2025-06-07,nor,0,1,0.0,2.0
2025-06-07,npl,0,1,0.0,57.0
2025-06-07,nzl,0,2,0.0,11.0
2025-06-07,pak,0,1,0.0,32.0
2025-06-07,pan,0,2,0.0,27.5
2025-06-07,per,0,4,0.0,31.75
2025-06-07,phl,0,12,0.0,37.833333333333336
2025-06-07,pol,0,3,0.0,21.0
2025-06-07,pri,0,1,0.0,26.0
2025-06-07,qat,0,2,0.0,23.5
2025-06-07,rou,0,4,0.0,28.25
2025-06-07,rus,0,55,0.0,41.89090909090909
2025-06-07,sau,0,8,0.0,34.125
2025-06-07,sen,0,3,0.0,71.0
2025-06-07,sgp,0,2,0.0,29.5
2025-06-07,slv,0,1,0.0,35.0
2025-06-07,srb,0,4,0.0,21.0
2025-06-07,swe,0,2,0.0,31.5
2025-06-07,tca,0,1,0.0,56.0
2025-06-07,tha,0,1,0.0,7.0
2025-06-07,tto,0,3,0.0,53.666666666666664
2025-06-07,tur,0,6,0.0,27.5
2025-06-07,twn,0,6,0.0,32.0
2025-06-07,ukr,0,6,0.0,34.5
2025-06-07,ury,0,1,0.0,14.0
2025-06-07,usa,0,389,0.0,27.154241645244216
2025-06-07,uzb,0,3,0.0,48.333333333333336
2025-06-07,ven,0,4,0.0,43.25
2025-06-07,vnm,0,32,0.0,39.46875
2025-06-07,zaf,0,3,0.0,58.333333333333336
2025-06-07,zzz,0,3,0.0,53.666666666666664
2025-06-08,abw,0,1,0.0,46.0
2025-06-08,ago,0,1,0.0,10.0
2025-06-08,alb,0,2,0.0,47.0
2025-06-08,are,0,6,0.0,46.166666666666664
2025-06-08,arg,0,13,0.0,37.76923076923077
2025-06-08,aus,0,8,0.0,28.875
2025-06-08,aze,0,1,0.0,22.0
2025-06-08,bel,0,5,0.0,14.6
2025-06-08,bfa,0,1,0.0,75.0
2025-06-08,bgd,0,5,0.0,39.4
2025-06-08,bgr,0,2,0.0,59.5
2025-06-08,bhs,0,1,0.0,9.0
2025-06-08,bih,0,1,0.0,40.0
2025-06-08,blr,0,3,0.0,51.666666666666664
2025-06-08,blz,0,1,0.0,94.0
2025-06-08,brb,0,2,0.0,57.0
2025-06-08,can,0,55,0.0,35.09090909090909
2025-06-08,chl,0,5,0.0,37.0
2025-06-08,chn,0,1,0.0,9.0
2025-06-08,civ,0,1,0.0,23.0
2025-06-08,col,0,8,0.0,42.0
2025-06-08,cri,0,2,0.0,11.0
2025-06-08,cub,0,1,0.0,13.0
2025-06-08,cym,0,1,0.0,63.0
2025-06-08,cyp,0,2,0.0,51.0
2025-06-08,deu,0,20,0.0,55.2
2025-06-08,dom,0,4,0.0,33.75
2025-06-08,dza,0,1,0.0,58.0
2025-06-08,ecu,0,5,0.0,38.8
2025-06-08,egy,0,3,0.0,51.0
2025-06-08,esp,0,7,0.0,55.857142857142854
2025-06-08,est,0,1,0.0,44.0
2025-06-08,eth,0,1,0.0,24.0
2025-06-08,fin,0,2,0.0,35.5
2025-06-08,gbr,0,61,0.0,51.19672131147541
2025-06-08,grc,0,3,0.0,20.0
2025-06-08,gtm,0,1,0.0,54.0
2025-06-08,hkg,0,2,0.0,39.0
2025-06-08,hnd,0,1,0.0,19.0
2025-06-08,hrv,0,1,0.0,84.0
2025-06-08,hun,0,2,0.0,40.5
2025-06-08,idn,0,16,0.0,50.0
2025-06-08,ind,0,39,0.0,36.282051282051285
2025-06-08,irl,0,2,0.0,46.0
2025-06-08,irq,0,4,0.0,37.75
2025-06-08,ita,0,4,0.0,71.0
2025-06-08,jam,0,4,0.0,39.5
2025-06-08,jpn,0,9,0.0,29.11111111111111
2025-06-08,kaz,0,4,0.0,48.75
2025-06-08,ken,0,1,0.0,41.0
2025-06-08,kna,0,1,0.0,7.0
2025-06-08,kor,0,38,0.0,44.94736842105263
2025-06-08,kwt,0,3,0.0,23.333333333333332
2025-06-08,lca,0,1,0.0,47.0
2025-06-08,lka,0,1,0.0,79.0
2025-06-08,ltu,0,4,0.0,38.75
2025-06-08,lva,0,1,0.0,79.0
2025-06-08,mar,0,3,0.0,46.666666666666664
2025-06-08,mda,0,2,0.0,47.0
2025-06-08,mdv,0,1,0.0,67.0
2025-06-08,mex,0,14,0.0,44.42857142857143
2025-06-08,mkd,0,1,0.0,6.0
2025-06-08,moz,0,1,0.0,7.0
2025-06-08,mys,0,5,0.0,41.6
2025-06-08,nga,0,2,0.0,45.0
2025-06-08,nld,0,9,0.0,36.22222222222222
2025-06-08,npl,0,4,0.0,42.25
2025-06-08,nzl,0,2,0.0,12.5
2025-06-08,omn,0,1,0.0,30.0
2025-06-08,pak,0,4,0.0,47.5
2025-06-08,per,0,4,0.0,17.75
2025-06-08,phl,0,9,0.0,22.666666666666668
2025-06-08,pol,0,8,0.0,55.75
2025-06-08,prt,0,15,0.0,7.066666666666666
2025-06-08,pry,0,5,0.0,10.6
2025-06-08,reu,0,1,0.0,49.0
2025-06-08,rou,0,5,0.0,27.2
2025-06-08,rus,0,99,0.0,51.898989898989896
2025-06-08,sau,0,1,0.0,26.0
2025-06-08,sen,0,4,0.0,44.5
2025-06-08,sgp,0,4,0.0,41.25
2025-06-08,slv,0,1,0.0,59.0
2025-06-08,srb,0,4,0.0,56.5
2025-06-08,swe,0,7,0.0,40.285714285714285
2025-06-08,tha,0,2,0.0,34.5
2025-06-08,tto,0,10,0.0,54.5
2025-06-08,tun,0,4,0.0,63.75
2025-06-08,tur,0,4,0.0,40.5
2025-06-08,twn,0,14,0.0,46.642857142857146
2025-06-08,ukr,0,19,0.0,49.8421052631579
2025-06-08,ury,0,1,0.0,6.0
2025-06-08,usa,0,550,0.0,36.305454545454545
2025-06-08,uzb,0,2,0.0,64.5
2025-06-08,vct,0,1,0.0,31.0
2025-06-08,ven,0,3,0.0,31.0
2025-06-08,vnm,0,34,0.0,52.6764705882353
2025-06-08,xkk,0,2,0.0,41.5
2025-06-08,zaf,0,8,0.0,44.625
2025-06-08,zzz,0,2,0.0,44.5
2025-06-09,ago,0,3,0.0,6.666666666666667
2025-06-09,alb,0,1,0.0,70.0
2025-06-09,are,0,1,0.0,3.0
2025-06-09,arg,0,14,0.0,29.785714285714285
2025-06-09,aus,0,7,0.0,24.0
2025-06-09,bel,0,1,0.0,27.0
2025-06-09,bgd,0,3,0.0,20.0
2025-06-09,bgr,0,2,0.0,7.5
2025-06-09,bih,0,2,0.0,16.5
2025-06-09,blr,0,2,0.0,38.0
2025-06-09,can,0,30,0.0,22.466666666666665
2025-06-09,che,0,4,0.0,8.0
2025-06-09,chl,0,1,0.0,1.0
2025-06-09,col,0,5,0.0,8.0
2025-06-09,cyp,0,3,0.0,18.666666666666668
2025-06-09,cze,0,2,0.0,18.5
2025-06-09,deu,0,14,0.0,33.0
2025-06-09,dom,0,1,0.0,102.0
2025-06-09,dza,0,4,0.0,18.5
2025-06-09,ecu,0,3,0.0,33.666666666666664
2025-06-09,egy,0,5,0.0,26.8
2025-06-09,eth,0,1,0.0,15.0
2025-06-09,fra,0,7,0.0,14.571428571428571
2025-06-09,gbr,0,35,0.0,34.48571428571429
2025-06-09,grc,0,3,0.0,8.333333333333332
2025-06-09,gtm,0,2,0.0,35.5
2025-06-09,guy,0,1,0.0,26.0
2025-06-09,hrv,0,1,0.0,7.0
2025-06-09,idn,0,1,0.0,8.0
2025-06-09,irl,0,3,0.0,40.0
2025-06-09,irq,0,2,0.0,45.5
2025-06-09,ita,0,10,0.0,13.2
2025-06-09,jam,0,1,0.0,8.0
2025-06-09,jpn,0,9,0.0,23.88888888888889
2025-06-09,kaz,0,1,0.0,25.0
2025-06-09,kor,0,13,0.0,48.76923076923077
2025-06-09,lao,0,1,0.0,69.0
2025-06-09,ltu,0,1,0.0,49.0
2025-06-09,lux,0,2,0.0,5.0
2025-06-09,lva,0,3,0.0,33.666666666666664
2025-06-09,mar,0,2,0.0,53.0
2025-06-09,mex,0,11,0.0,44.72727272727273
2025-06-09,mys,0,2,0.0,44.0
2025-06-09,nga,0,2,0.0,16.0
2025-06-09,nic,0,1,0.0,64.0
2025-06-09,nld,0,5,0.0,26.2
2025-06-09,nor,0,1,0.0,63.0
2025-06-09,npl,0,2,0.0,48.5
2025-06-09,pak,0,5,0.0,20.8
2025-06-09,phl,0,7,0.0,24.714285714285715
2025-06-09,pol,0,7,0.0,45.57142857142857
2025-06-09,prt,0,20,0.0,8.0
2025-06-09,pry,0,1,0.0,90.0
2025-06-09,qat,0,1,0.0,5.0
2025-06-09,rus,0,64,0.0,42.265625
2025-06-09,sau,0,1,0.0,37.0
2025-06-09,sgp,0,1,0.0,8.0
2025-06-09,slv,0,1,0.0,6.0
2025-06-09,srb,0,1,0.0,96.0
2025-06-09,swe,0,5,0.0,31.4
2025-06-09,tha,0,4,0.0,53.25
2025-06-09,tto,0,1,0.0,22.0
2025-06-09,tun,0,1,0.0,73.0
2025-06-09,tur,0,7,0.0,44.857142857142854
2025-06-09,twn,0,3,0.0,22.333333333333332
2025-06-09,ukr,0,9,0.0,34.0
2025-06-09,ury,0,1,0.0,20.0
2025-06-09,uzb,0,2,0.0,16.5
2025-06-09,ven,0,5,0.0,28.4
2025-06-09,vnm,0,23,0.0,39.52173913043478
2025-06-09,zaf,0,5,0.0,60.6
2025-06-09,zzz,0,4,0.0,18.5
2025-06-10,ago,0,2,0.0,3.0
2025-06-10,arg,0,12,0.0,27.0
2025-06-10,aus,0,5,0.0,8.0
2025-06-10,aut,0,2,0.0,7.0
2025-06-10,bel,0,1,0.0,34.0
2025-06-10,bgd,0,2,0.0,33.0
2025-06-10,bgr,0,1,0.0,38.0
2025-06-10,blr,0,3,0.0,27.333333333333332
2025-06-10,bol,0,1,0.0,4.0
2025-06-10,can,0,28,0.0,27.392857142857142
2025-06-10,chl,0,4,0.0,15.25
2025-06-10,chn,0,1,0.0,22.0
2025-06-10,civ,0,1,0.0,35.0
2025-06-10,col,0,7,0.0,21.285714285714285
2025-06-10,cyp,0,2,0.0,28.5
2025-06-10,cze,0,3,0.0,29.333333333333332
2025-06-10,deu,0,19,0.0,27.473684210526315
2025-06-10,dza,0,1,0.0,37.0
2025-06-10,ecu,0,4,0.0,36.25
2025-06-10,egy,0,2,0.0,52.0
2025-06-10,esp,0,8,0.0,31.5
2025-06-10,fin,0,1,0.0,27.0
2025-06-10,fra,0,5,0.0,24.8
2025-06-10,gbr,0,31,0.0,45.32258064516129
2025-06-10,geo,0,1,0.0,21.0
2025-06-10,gha,0,1,0.0,83.0
2025-06-10,grc,0,1,0.0,4.0
2025-06-10,grd,0,1,0.0,62.0
2025-06-10,gtm,0,2,0.0,56.0
2025-06-10,guy,0,3,0.0,26.333333333333332
2025-06-10,hnd,0,2,0.0,17.5
2025-06-10,hun,0,1,0.0,2.0
2025-06-10,idn,0,7,0.0,26.714285714285715
2025-06-10,ind,0,30,0.0,37.1
2025-06-10,irl,0,3,0.0,43.333333333333336
2025-06-10,irn,0,3,0.0,56.666666666666664
2025-06-10,irq,0,1,0.0,1.0
2025-06-10,ita,0,9,0.0,19.666666666666668
2025-06-10,jam,0,1,0.0,61.0
2025-06-10,jor,0,1,0.0,4.0
2025-06-10,jpn,0,4,0.0,42.75
2025-06-10,kaz,0,2,0.0,44.0
2025-06-10,ken,0,2,0.0,23.5
2025-06-10,kor,0,28,0.0,31.642857142857142
2025-06-10,ltu,0,1,0.0,10.0
2025-06-10,mar,0,4,0.0,31.75
2025-06-10,mda,0,1,0.0,54.0
2025-06-10,mex,0,14,0.0,50.0
2025-06-10,mkd,0,2,0.0,26.0
2025-06-10,mys,0,8,0.0,50.25
2025-06-10,nga,0,1,0.0,6.0
2025-06-10,nld,0,5,0.0,14.8
2025-06-10,nzl,0,3,0.0,40.333333333333336
2025-06-10,pak,0,9,0.0,42.55555555555556
2025-06-10,phl,0,7,0.0,40.57142857142857
2025-06-10,pol,0,5,0.0,25.4
2025-06-10,prt,0,20,0.0,8.55
2025-06-10,pry,0,1,0.0,87.0
2025-06-10,qat,0,1,0.0,9.0
2025-06-10,rou,0,1,0.0,24.0
2025-06-10,rus,0,44,0.0,44.90909090909091
2025-06-10,sau,0,5,0.0,45.2
2025-06-10,sgp,0,3,0.0,16.333333333333336
2025-06-10,swe,0,1,0.0,20.0
2025-06-10,syc,0,1,0.0,60.0
2025-06-10,tha,0,3,0.0,30.333333333333332
2025-06-10,tun,0,1,0.0,11.0
2025-06-10,tur,0,9,0.0,41.0
2025-06-10,twn,0,3,0.0,19.666666666666668
2025-06-10,ukr,0,8,0.0,37.375
2025-06-10,ury,0,5,0.0,9.4
2025-06-10,usa,0,356,0.0,23.764044943820224
2025-06-10,ven,0,3,0.0,15.666666666666666
2025-06-10,vnm,0,29,0.0,39.689655172413794
2025-06-10,zaf,0,3,0.0,43.666666666666664
2025-06-10,zwe,0,1,0.0,32.0
2025-06-10,zzz,0,2,0.0,38.5
2025-06-11,ago,0,1,0.0,12.0
2025-06-11,and,0,1,0.0,1.0
2025-06-11,are,0,3,0.0,21.0
2025-06-11,arg,0,10,0.0,39.8
2025-06-11,aus,0,7,0.0,23.571428571428573
2025-06-11,aut,0,1,0.0,11.0
2025-06-11,aze,0,1,0.0,28.0
2025-06-11,bel,0,1,0.0,27.0
2025-06-11,bgd,0,5,0.0,49.0
2025-06-11,bgr,0,2,0.0,37.0
2025-06-11,bhr,0,1,0.0,88.0
2025-06-11,bhs,0,1,0.0,5.0
2025-06-11,blr,0,3,0.0,48.0
2025-06-11,bmu,0,1,0.0,27.0
2025-06-11,bol,0,1,0.0,34.0
2025-06-11,brb,0,1,0.0,68.0
2025-06-11,can,0,20,0.0,37.5
2025-06-11,che,0,4,0.0,17.75
2025-06-11,chl,0,5,0.0,37.8
2025-06-11,col,0,7,0.0,28.714285714285715
2025-06-11,cri,0,3,0.0,53.0
2025-06-11,cyp,0,1,0.0,78.0
2025-06-11,cze,0,2,0.0,26.0
2025-06-11,deu,0,10,0.0,33.5
2025-06-11,dnk,0,1,0.0,39.0
2025-06-11,dom,0,2,0.0,50.0
2025-06-11,dza,0,2,0.0,45.0
2025-06-11,ecu,0,7,0.0,35.857142857142854
2025-06-11,egy,0,3,0.0,57.0
2025-06-11,esp,0,8,0.0,35.75
2025-06-11,fin,0,2,0.0,36.0
2025-06-11,fra,0,14,0.0,40.857142857142854
2025-06-11,gab,0,1,0.0,30.0
2025-06-11,gbr,0,46,0.0,43.69565217391305
2025-06-11,grc,0,1,0.0,4.0
2025-06-11,grd,0,1,0.0,30.0
2025-06-11,hrv,0,2,0.0,67.5
2025-06-11,idn,0,5,0.0,56.4
2025-06-11,ind,0,40,0.0,36.15
2025-06-11,irl,0,3,0.0,11.333333333333334
2025-06-11,irn,0,1,0.0,63.0
2025-06-11,irq,0,1,0.0,85.0
2025-06-11,jam,0,1,0.0,24.0
2025-06-11,jpn,0,5,0.0,60.6
2025-06-11,kaz,0,4,0.0,47.0
2025-06-11,kgz,0,1,0.0,77.0
2025-06-11,khm,0,1,0.0,80.0
2025-06-11,kor,0,30,0.0,42.06666666666667
2025-06-11,lbn,0,3,0.0,31.333333333333332
2025-06-11,ltu,0,3,0.0,60.0
2025-06-11,lux,0,1,0.0,7.0
2025-06-11,mac,0,1,0.0,37.0
2025-06-11,mda,0,3,0.0,28.0
2025-06-11,mex,0,10,0.0,27.4
2025-06-11,moz,0,3,0.0,8.666666666666668
2025-06-11,mys,0,4,0.0,42.75
2025-06-11,nic,0,1,0.0,23.0
2025-06-11,nld,0,6,0.0,39.666666666666664
2025-06-11,nor,0,1,0.0,28.0
2025-06-11,npl,0,3,0.0,58.333333333333336
2025-06-11,nzl,0,1,0.0,12.0
2025-06-11,pak,0,6,0.0,37.166666666666664
2025-06-11,per,0,2,0.0,12.5
2025-06-11,phl,0,7,0.0,38.0
2025-06-11,pol,0,4,0.0,34.0
2025-06-11,prt,0,20,0.0,18.05
2025-06-11,pry,0,8,0.0,18.625
2025-06-11,qat,0,2,0.0,4.0
2025-06-11,rou,0,2,0.0,68.5
2025-06-11,rus,0,82,0.0,42.71951219512195
2025-06-11,sau,0,4,0.0,51.5
2025-06-11,sgp,0,2,0.0,64.5
2025-06-11,slv,0,1,0.0,32.0
2025-06-11,svk,0,1,0.0,89.0
2025-06-11,swe,0,2,0.0,18.5
2025-06-11,syc,0,1,0.0,65.0
2025-06-11,tgo,0,1,0.0,33.0
2025-06-11,tha,0,4,0.0,35.5
2025-06-11,tls,0,1,0.0,14.0
2025-06-11,tun,0,1,0.0,3.0
2025-06-11,tur,0,7,0.0,45.857142857142854
2025-06-11,twn,0,9,0.0,41.44444444444444
2025-06-11,tza,0,1,0.0,95.0
2025-06-11,ukr,0,7,0.0,31.714285714285715
2025-06-11,ury,0,4,0.0,27.75
2025-06-11,uzb,0,1,0.0,19.0
2025-06-11,ven,0,4,0.0,38.25
2025-06-11,vnm,0,37,0.0,54.7027027027027
2025-06-11,zaf,0,6,0.0,45.833333333333336
2025-06-11,zzz,0,2,0.0,23.0
2025-06-12,alb,0,1,0.0,17.0
2025-06-12,are,0,2,0.0,29.5
2025-06-12,arg,0,5,0.0,21.4
2025-06-12,aus,0,4,0.0,33.0
2025-06-12,aut,0,1,0.0,9.0
2025-06-12,bhs,0,1,0.0,7.0
2025-06-12,blr,0,2,0.0,13.5
2025-06-12,blz,0,1,0.0,13.0
2025-06-12,bol,0,2,0.0,5.0
2025-06-12,brb,0,1,0.0,4.0
2025-06-12,can,0,17,0.0,19.705882352941178
2025-06-12,che,0,3,0.0,19.666666666666668
2025-06-12,chl,0,2,0.0,27.5
2025-06-12,cmr,0,2,0.0,19.5
2025-06-12,cyp,0,1,0.0,42.0
2025-06-12,cze,0,1,0.0,14.0
2025-06-12,deu,0,13,0.0,20.53846153846154
2025-06-12,dnk,0,1,0.0,66.0
2025-06-12,dom,0,1,0.0,70.0
2025-06-12,egy,0,3,0.0,39.0
2025-06-12,esp,0,9,0.0,33.0
2025-06-12,fra,0,4,0.0,30.75
2025-06-12,gbr,0,34,0.0,35.94117647058823
2025-06-12,geo,0,1,0.0,8.0
2025-06-12,glp,0,1,0.0,12.0
2025-06-12,grc,0,1,0.0,39.0
2025-06-12,gtm,0,1,0.0,9.0
2025-06-12,hkg,0,2,0.0,12.5
2025-06-12,hnd,0,1,0.0,21.0
2025-06-12,hrv,0,1,0.0,66.0
2025-06-12,hun,0,1,0.0,19.0
2025-06-12,idn,0,5,0.0,53.4
2025-06-12,ind,0,18,0.0,25.72222222222222
2025-06-12,irl,0,2,0.0,9.0
2025-06-12,irn,0,4,0.0,17.75
2025-06-12,irq,0,3,0.0,36.0
2025-06-12,isl,0,1,0.0,9.0
2025-06-12,isr,0,3,0.0,26.333333333333332
2025-06-12,ita,0,5,0.0,22.4
2025-06-12,jam,0,1,0.0,75.0
2025-06-12,jpn,0,4,0.0,19.5
2025-06-12,kaz,0,1,0.0,25.0
2025-06-12,ken,0,1,0.0,9.0
2025-06-12,kgz,0,1,0.0,6.0
2025-06-12,khm,0,1,0.0,8.0
2025-06-12,kor,0,15,0.0,36.6
2025-06-12,lka,0,1,0.0,14.0
2025-06-12,lux,0,1,0.0,12.0
2025-06-12,mar,0,2,0.0,7.0
2025-06-12,mex,0,6,0.0,14.5
2025-06-12,mne,0,1,0.0,29.0
2025-06-12,moz,0,2,0.0,10.5
2025-06-12,mys,0,5,0.0,24.4
2025-06-12,nga,0,2,0.0,23.5
2025-06-12,nld,0,4,0.0,22.75
2025-06-12,nor,0,1,0.0,6.0
2025-06-12,nzl,0,1,0.0,30.0
2025-06-12,omn,0,1,0.0,10.0
2025-06-12,pak,0,1,0.0,5.0
2025-06-12,phl,0,3,0.0,26.666666666666668
2025-06-12,pol,0,4,0.0,35.75
2025-06-12,prt,0,15,0.0,7.733333333333333
2025-06-12,rou,0,1,0.0,29.0
2025-06-12,rus,0,51,0.0,35.27450980392157
2025-06-12,sau,0,1,0.0,14.0
2025-06-12,sgp,0,2,0.0,55.0
2025-06-12,swe,0,1,0.0,63.0
2025-06-12,tha,0,1,0.0,76.0
2025-06-12,tto,0,3,0.0,47.0
2025-06-12,tur,0,5,0.0,32.8
2025-06-12,twn,0,2,0.0,8.0
2025-06-12,ukr,0,7,0.0,36.857142857142854
2025-06-12,usa,0,301,0.0,24.654485049833887
2025-06-12,ven,0,2,0.0,25.0
2025-06-12,vnm,0,12,0.0,39.25
2025-06-12,zaf,0,4,0.0,53.0
2025-06-12,zmb,0,1,0.0,9.0
2025-06-12,zzz,0,4,0.0,59.75
2025-06-13,ago,0,1,0.0,12.0
2025-06-13,are,0,2,0.0,19.5
2025-06-13,arg,0,11,0.0,35.63636363636363
2025-06-13,aus,0,3,0.0,40.666666666666664
2025-06-13,aut,0,3,0.0,11.0
2025-06-13,aze,0,1,0.0,46.0
2025-06-13,bgd,0,1,0.0,30.0
2025-06-13,bgr,0,1,0.0,21.0
2025-06-13,bhs,0,2,0.0,4.5
2025-06-13,blr,0,1,0.0,47.0
2025-06-13,bol,0,1,0.0,10.0
2025-06-13,brb,0,1,0.0,8.0
2025-06-13,can,0,19,0.0,17.789473684210527
2025-06-13,chl,0,2,0.0,45.5
2025-06-13,col,0,3,0.0,30.0
2025-06-13,deu,0,12,0.0,27.0
2025-06-13,dnk,0,1,0.0,30.0
2025-06-13,dom,0,2,0.0,38.5
2025-06-13,dza,0,2,0.0,29.5
2025-06-13,ecu,0,1,0.0,38.0
2025-06-13,egy,0,3,0.0,12.666666666666666
2025-06-13,esp,0,7,0.0,22.714285714285715
2025-06-13,eth,0,1,0.0,27.0
2025-06-13,fin,0,1,0.0,84.0
2025-06-13,fra,0,4,0.0,54.75
2025-06-13,gbr,0,22,0.0,34.90909090909091
2025-06-13,grc,0,1,0.0,12.0
2025-06-13,grd,0,1,0.0,79.0
2025-06-13,hnd,0,1,0.0,44.0
2025-06-13,hti,0,1,0.0,75.0
2025-06-13,hun,0,2,0.0,25.0
2025-06-13,idn,0,4,0.0,33.25
2025-06-13,ind,0,18,0.0,28.77777777777778
2025-06-13,irl,0,2,0.0,13.0
2025-06-13,isr,0,1,0.0,25.0
2025-06-13,ita,0,7,0.0,26.714285714285715
2025-06-13,jpn,0,2,0.0,19.5
2025-06-13,kaz,0,2,0.0,23.0
2025-06-13,kor,0,16,0.0,36.5625
2025-06-13,ltu,0,1,0.0,9.0
2025-06-13,lva,0,2,0.0,25.0
2025-06-13,mda,0,2,0.0,36.5
2025-06-13,mex,0,9,0.0,37.44444444444444
2025-06-13,mlt,0,1,0.0,5.0
2025-06-13,mys,0,3,0.0,41.333333333333336
2025-06-13,nam,0,1,0.0,62.0
2025-06-13,nld,0,6,0.0,16.5
2025-06-13,nzl,0,6,0.0,11.833333333333334
2025-06-13,omn,0,1,0.0,28.0
2025-06-13,pak,0,3,0.0,38.333333333333336
2025-06-13,per,0,3,0.0,25.333333333333332
2025-06-13,phl,0,5,0.0,41.4
2025-06-13,prt,0,16,0.0,5.0625
2025-06-13,pry,0,4,0.0,7.5
2025-06-13,rus,0,33,0.0,38.42424242424242
2025-06-13,sau,0,2,0.0,23.0
2025-06-13,sgp,0,2,0.0,31.5
2025-06-13,syc,0,1,0.0,12.0
2025-06-13,syr,0,1,0.0,71.0
2025-06-13,tha,0,1,0.0,22.0
2025-06-13,tto,0,2,0.0,18.0
2025-06-13,tun,0,1,0.0,31.0
2025-06-13,tur,0,8,0.0,22.25
2025-06-13,twn,0,4,0.0,17.0
2025-06-13,ukr,0,6,0.0,35.0
2025-06-13,uzb,0,1,0.0,5.0
2025-06-13,ven,0,3,0.0,10.666666666666666
2025-06-13,vnm,0,18,0.0,41.388888888888886
2025-06-13,zaf,0,2,0.0,38.0
2025-06-14,are,0,1,0.0,60.0
2025-06-14,arg,0,9,0.0,22.555555555555557
2025-06-14,arm,0,1,0.0,23.0
2025-06-14,aus,0,1,0.0,37.0
2025-06-14,aut,0,2,0.0,20.5
2025-06-14,aze,0,1,0.0,34.0
2025-06-14,bgr,0,1,0.0,5.0
2025-06-14,blr,0,3,0.0,31.333333333333332
2025-06-14,bol,0,3,0.0,5.666666666666667
2025-06-14,can,0,11,0.0,7.636363636363637
2025-06-14,che,0,1,0.0,9.0
2025-06-14,chl,0,5,0.0,13.2
2025-06-14,col,0,3,0.0,29.333333333333332
2025-06-14,cri,0,1,0.0,8.0
2025-06-14,cze,0,1,0.0,26.0
2025-06-14,deu,0,13,0.0,19.307692307692307
2025-06-14,dom,0,3,0.0,7.0
2025-06-14,dza,0,3,0.0,8.0
2025-06-14,ecu,0,4,0.0,51.75
2025-06-14,egy,0,2,0.0,9.5
2025-06-14,esp,0,3,0.0,14.333333333333334
2025-06-14,fra,0,5,0.0,34.0
2025-06-14,gbr,0,32,0.0,29.9375
2025-06-14,grd,0,1,0.0,7.0
2025-06-14,idn,0,7,0.0,18.857142857142858
2025-06-14,ind,0,24,0.0,17.958333333333332
2025-06-14,irl,0,3,0.0,14.0
2025-06-14,irn,0,1,0.0,3.0
2025-06-14,isr,0,2,0.0,27.0
2025-06-14,ita,0,3,0.0,19.666666666666668
2025-06-14,jpn,0,1,0.0,76.0
2025-06-14,kaz,0,3,0.0,39.666666666666664
2025-06-14,khm,0,1,0.0,34.0
2025-06-14,kor,0,14,0.0,20.928571428571427
2025-06-14,kwt,0,1,0.0,8.0
2025-06-14,lka,0,1,0.0,1.0
2025-06-14,mar,0,2,0.0,45.5
2025-06-14,mda,0,2,0.0,66.5
2025-06-14,mex,0,7,0.0,31.142857142857142
2025-06-14,mkd,0,1,0.0,6.0
2025-06-14,mys,0,2,0.0,11.0
2025-06-14,nga,0,1,0.0,59.0
2025-06-14,nld,0,8,0.0,15.25
2025-06-14,npl,0,4,0.0,25.0
2025-06-14,nzl,0,1,0.0,6.0
2025-06-14,pak,0,3,0.0,41.0
2025-06-14,per,0,3,0.0,26.333333333333332
2025-06-14,phl,0,1,0.0,19.0
2025-06-14,pol,0,2,0.0,30.5
2025-06-14,pri,0,1,0.0,54.0
2025-06-14,prt,0,10,0.0,15.3
2025-06-14,pry,0,3,0.0,5.0
2025-06-14,qat,0,2,0.0,74.0
2025-06-14,rou,0,1,0.0,57.0
2025-06-14,rus,0,29,0.0,34.3448275862069
2025-06-14,sgp,0,1,0.0,24.0
2025-06-14,srb,0,1,0.0,42.0
2025-06-14,swe,0,1,0.0,14.0
2025-06-14,tun,0,2,0.0,19.0
2025-06-14,tur,0,9,0.0,45.0
2025-06-14,twn,0,2,0.0,27.0
2025-06-14,ukr,0,8,0.0,48.5
2025-06-14,ury,0,2,0.0,7.0
2025-06-14,usa,0,242,0.0,22.772727272727273
2025-06-14,uzb,0,1,0.0,12.0
2025-06-14,ven,0,3,0.0,40.333333333333336
2025-06-14,vnm,0,21,0.0,33.523809523809526
2025-06-14,zaf,0,4,0.0,23.0
2025-06-14,zzz,0,2,0.0,45.0
2025-06-15,ago,0,3,0.0,5.333333333333333
2025-06-15,arg,0,8,0.0,16.25
2025-06-15,aus,0,4,0.0,4.75
2025-06-15,aze,0,1,0.0,25.0
2025-06-15,bgd,0,6,0.0,17.166666666666668
2025-06-15,bih,0,1,0.0,4.0
2025-06-15,blr,0,3,0.0,32.33333333333333
2025-06-15,blz,0,1,0.0,22.0
2025-06-15,bmu,0,1,0.0,51.0
2025-06-15,brb,0,2,0.0,16.0
2025-06-15,can,0,17,0.0,15.176470588235293
2025-06-15,chl,0,4,0.0,8.0
2025-06-15,chn,0,1,0.0,9.0
2025-06-15,civ,0,1,0.0,29.0
2025-06-15,col,0,2,0.0,22.0
2025-06-15,cyp,0,1,0.0,47.0
2025-06-15,cze,0,1,0.0,87.0
2025-06-15,deu,0,10,0.0,20.4
2025-06-15,dom,0,1,0.0,23.0
2025-06-15,dza,0,1,0.0,98.0
2025-06-15,ecu,0,5,0.0,26.8
2025-06-15,egy,0,4,0.0,49.5
2025-06-15,esp,0,6,0.0,23.333333333333332
2025-06-15,fin,0,1,0.0,13.0
2025-06-15,fra,0,9,0.0,20.0
2025-06-15,gbr,0,27,0.0,37.074074074074076
2025-06-15,grd,0,1,0.0,33.0
2025-06-15,gtm,0,1,0.0,10.0
2025-06-15,hun,0,1,0.0,15.0
2025-06-15,idn,0,5,0.0,41.0
2025-06-15,ind,0,21,0.0,22.571428571428573
2025-06-15,irl,0,4,0.0,38.25
2025-06-15,isr,0,1,0.0,27.0
2025-06-15,ita,0,4,0.0,15.75
2025-06-15,jam,0,1,0.0,84.0
2025-06-15,jpn,0,3,0.0,6.666666666666667
2025-06-15,kaz,0,3,0.0,16.666666666666664
2025-06-15,kor,0,16,0.0,26.1875
2025-06-15,kwt,0,1,0.0,9.0
2025-06-15,lca,0,1,0.0,85.0
2025-06-15,ltu,0,1,0.0,10.0
2025-06-15,mar,0,1,0.0,47.0
2025-06-15,mex,0,8,0.0,32.0
2025-06-15,mlt,0,1,0.0,10.0
2025-06-15,moz,0,1,0.0,5.0
2025-06-15,mys,0,4,0.0,38.5
2025-06-15,nld,0,3,0.0,34.333333333333336
2025-06-15,nor,0,1,0.0,10.0
2025-06-15,npl,0,1,0.0,46.0
2025-06-15,pak,0,4,0.0,9.5
2025-06-15,phl,0,14,0.0,19.214285714285715
2025-06-15,pol,0,2,0.0,45.5
2025-06-15,pri,0,1,0.0,27.0
2025-06-15,prt,0,14,0.0,8.714285714285715
2025-06-15,rou,0,2,0.0,55.5
2025-06-15,rus,0,36,0.0,31.38888888888889
2025-06-15,sau,0,2,0.0,45.0
2025-06-15,sen,0,1,0.0,27.0
2025-06-15,sgp,0,2,0.0,33.5
2025-06-15,srb,0,1,0.0,5.0
2025-06-15,svn,0,1,0.0,36.0
2025-06-15,swe,0,1,0.0,8.0
2025-06-15,tgo,0,1,0.0,88.0
2025-06-15,tha,0,2,0.0,31.5
2025-06-15,tur,0,7,0.0,51.142857142857146
2025-06-15,twn,0,2,0.0,22.5
2025-06-15,ukr,0,3,0.0,52.666666666666664
2025-06-15,ury,0,2,0.0,11.0
2025-06-15,uzb,0,1,0.0,68.0
2025-06-15,ven,0,2,0.0,11.0
2025-06-15,vnm,0,26,0.0,30.115384615384617
2025-06-15,zaf,0,4,0.0,37.25
2025-06-16,ago,0,1,0.0,5.0
2025-06-16,alb,0,1,0.0,41.0
2025-06-16,are,0,3,0.0,49.0
2025-06-16,arg,0,20,0.0,31.9
2025-06-16,aus,0,4,0.0,31.75
2025-06-16,aze,0,1,0.0,56.0
2025-06-16,bel,0,4,0.0,22.0
2025-06-16,bfa,0,1,0.0,1.0
2025-06-16,bgd,0,10,0.0,33.6
2025-06-16,bgr,0,3,0.0,65.0
2025-06-16,bhr,0,1,0.0,52.0
2025-06-16,bih,0,1,0.0,41.0
2025-06-16,blr,0,1,0.0,99.0
2025-06-16,blz,0,1,0.0,22.0
2025-06-16,bol,0,4,0.0,22.5
2025-06-16,brb,0,1,0.0,73.0
2025-06-16,can,0,31,0.0,29.419354838709676
2025-06-16,che,0,2,0.0,7.5
2025-06-16,chl,0,13,0.0,31.53846153846154
2025-06-16,col,0,12,0.0,21.083333333333332
2025-06-16,cri,0,1,0.0,10.0
2025-06-16,cub,0,1,0.0,2.0
2025-06-16,cyp,0,4,0.0,57.75
2025-06-16,cze,0,1,0.0,78.0
2025-06-16,deu,0,19,0.0,37.526315789473685
2025-06-16,dnk,0,2,0.0,17.5
2025-06-16,dom,0,3,0.0,49.0
2025-06-16,dza,0,2,0.0,48.5
2025-06-16,ecu,0,9,0.0,26.11111111111111
2025-06-16,egy,0,4,0.0,37.25
2025-06-16,esp,0,10,0.0,46.1
2025-06-16,est,0,1,0.0,65.0
2025-06-16,eth,0,1,0.0,27.0
2025-06-16,fin,0,2,0.0,66.5
2025-06-16,fra,0,7,0.0,60.142857142857146
2025-06-16,gbr,0,69,0.0,40.98550724637681
2025-06-16,grd,0,2,0.0,5.5
2025-06-16,gtm,0,3,0.0,9.0
2025-06-16,hkg,0,1,0.0,49.0
2025-06-16,hnd,0,1,0.0,9.0
2025-06-16,hrv,0,2,0.0,38.0
2025-06-16,hun,0,4,0.0,39.0
2025-06-16,idn,0,17,0.0,50.529411764705884
2025-06-16,ind,0,40,0.0,44.65
2025-06-16,irl,0,2,0.0,5.0
2025-06-16,irn,0,3,0.0,38.666666666666664
2025-06-16,irq,0,4,0.0,28.25
2025-06-16,ita,0,10,0.0,35.2
2025-06-16,jor,0,1,0.0,13.0
2025-06-16,jpn,0,4,0.0,40.5
2025-06-16,kaz,0,2,0.0,32.0
2025-06-16,kor,0,18,0.0,39.888888888888886
2025-06-16,kwt,0,1,0.0,19.0
2025-06-16,lka,0,1,0.0,13.0
2025-06-16,ltu,0,2,0.0,22.5
2025-06-16,lva,0,1,0.0,22.0
2025-06-16,mar,0,3,0.0,24.666666666666668
2025-06-16,mda,0,4,0.0,22.0
2025-06-16,mex,0,16,0.0,35.0
2025-06-16,mmr,0,1,0.0,37.0
2025-06-16,moz,0,2,0.0,28.5
2025-06-16,mys,0,6,0.0,50.0
2025-06-16,nld,0,7,0.0,45.57142857142857
2025-06-16,npl,0,2,0.0,50.5
2025-06-16,pak,0,3,0.0,34.0
2025-06-16,per,0,7,0.0,36.142857142857146
2025-06-16,phl,0,9,0.0,42.333333333333336
2025-06-16,pol,0,4,0.0,45.25
2025-06-16,prt,0,16,0.0,13.125
2025-06-16,pry,0,4,0.0,13.75
2025-06-16,rou,0,2,0.0,39.5
2025-06-16,rus,0,78,0.0,45.82051282051282
2025-06-16,sau,0,6,0.0,45.0
2025-06-16,sgp,0,2,0.0,56.5
2025-06-16,slv,0,1,0.0,16.0
2025-06-16,sur,0,1,0.0,38.0
2025-06-16,svk,0,1,0.0,6.0
2025-06-16,swe,0,3,0.0,45.333333333333336
2025-06-16,tgo,0,1,0.0,4.0
2025-06-16,tha,0,1,0.0,27.0
2025-06-16,tto,0,4,0.0,49.0
2025-06-16,tur,0,11,0.0,45.09090909090909
2025-06-16,twn,0,5,0.0,22.8
2025-06-16,tza,0,1,0.0,7.0
2025-06-16,uga,0,1,0.0,5.0
2025-06-16,ukr,0,11,0.0,56.0
2025-06-16,ury,0,8,0.0,23.25
2025-06-16,usa,0,426,0.0,34.13380281690141
2025-06-16,uzb,0,2,0.0,47.0
2025-06-16,vct,0,1,0.0,28.0
2025-06-16,ven,0,3,0.0,46.333333333333336
2025-06-16,vnm,0,49,0.0,43.63265306122449
2025-06-16,zaf,0,6,0.0,66.33333333333333
2025-06-16,zwe,0,1,0.0,69.0
2025-06-16,zzz,0,6,0.0,35.666666666666664
2025-06-17,ago,0,1,0.0,9.0
2025-06-17,and,0,1,0.0,5.0
2025-06-17,are,0,3,0.0,14.666666666666666
2025-06-17,arg,0,20,0.0,27.2
2025-06-17,aus,0,3,0.0,51.333333333333336
2025-06-17,aze,0,2,0.0,48.5
2025-06-17,bel,0,2,0.0,7.0
2025-06-17,bgd,0,5,0.0,31.6
2025-06-17,bgr,0,4,0.0,27.5
2025-06-17,bhr,0,1,0.0,5.0
2025-06-17,blr,0,1,0.0,56.0
2025-06-17,bol,0,1,0.0,3.0
2025-06-17,brb,0,1,0.0,28.0
2025-06-17,can,0,23,0.0,25.608695652173914
2025-06-17,che,0,5,0.0,35.6
2025-06-17,chl,0,5,0.0,25.4
2025-06-17,col,0,6,0.0,32.16666666666667
2025-06-17,cri,0,2,0.0,46.0
2025-06-17,cze,0,1,0.0,12.0
2025-06-17,deu,0,10,0.0,28.4
2025-06-17,dom,0,2,0.0,14.5
2025-06-17,ecu,0,9,0.0,46.44444444444444
2025-06-17,egy,0,4,0.0,20.25
2025-06-17,esp,0,9,0.0,21.0
2025-06-17,est,0,1,0.0,44.0
2025-06-17,fra,0,3,0.0,31.333333333333332
2025-06-17,geo,0,1,0.0,48.0
2025-06-17,glp,0,1,0.0,19.0
2025-06-17,grc,0,3,0.0,30.0
2025-06-17,grd,0,1,0.0,11.0
2025-06-17,gtm,0,1,0.0,22.0
2025-06-17,hkg,0,2,0.0,8.0
2025-06-17,hrv,0,1,0.0,74.0
2025-06-17,idn,0,7,0.0,46.42857142857143
2025-06-17,irl,0,2,0.0,25.5
2025-06-17,ita,0,9,0.0,45.333333333333336
2025-06-17,jam,0,1,0.0,37.0
2025-06-17,jpn,0,5,0.0,52.0
2025-06-17,ken,0,1,0.0,4.0
2025-06-17,kor,0,22,0.0,37.86363636363637
2025-06-17,lao,0,1,0.0,49.0
2025-06-17,lbn,0,2,0.0,35.0
2025-06-17,lka,0,1,0.0,14.0
2025-06-17,lux,0,1,0.0,5.0
2025-06-17,lva,0,1,0.0,39.0
2025-06-17,mar,0,1,0.0,73.0
2025-06-17,mda,0,4,0.0,51.0
2025-06-17,mdv,0,1,0.0,70.0
2025-06-17,mex,0,7,0.0,31.428571428571427
2025-06-17,moz,0,14,0.0,9.928571428571429
2025-06-17,mys,0,6,0.0,30.5
2025-06-17,nga,0,1,0.0,18.0
2025-06-17,nic,0,1,0.0,19.0
2025-06-17,nld,0,5,0.0,11.6
2025-06-17,nor,0,1,0.0,11.0
2025-06-17,npl,0,2,0.0,63.5
2025-06-17,omn,0,1,0.0,51.0
2025-06-17,pak,0,7,0.0,32.14285714285714
2025-06-17,pan,0,1,0.0,14.0
2025-06-17,per,0,2,0.0,34.0
2025-06-17,phl,0,5,0.0,32.8
2025-06-17,pol,0,5,0.0,60.6
2025-06-17,prt,0,13,0.0,8.846153846153847
2025-06-17,pry,0,1,0.0,47.0
2025-06-17,pse,0,1,0.0,61.0
2025-06-17,rus,0,50,0.0,40.76
2025-06-17,sau,0,3,0.0,23.0
2025-06-17,sdn,0,1,0.0,59.0
2025-06-17,sen,0,1,0.0,65.0
2025-06-17,sgp,0,3,0.0,65.0
2025-06-17,sur,0,1,0.0,47.0
2025-06-17,tha,0,2,0.0,19.5
2025-06-17,tto,0,6,0.0,54.333333333333336
2025-06-17,tur,0,7,0.0,44.285714285714285
2025-06-17,twn,0,6,0.0,41.666666666666664
2025-06-17,ukr,0,4,0.0,26.5
2025-06-17,ury,0,2,0.0,48.5
2025-06-17,usa,0,321,0.0,28.869158878504674
2025-06-17,uzb,0,2,0.0,43.0
2025-06-17,vnm,0,33,0.0,42.75757575757576
2025-06-17,zaf,0,6,0.0,45.333333333333336
2025-06-17,zzz,0,2,0.0,56.0
2025-06-18,ago,0,3,0.0,8.0
2025-06-18,alb,0,1,0.0,9.0
2025-06-18,arg,0,6,0.0,29.833333333333332
2025-06-18,aus,0,2,0.0,16.0
2025-06-18,aut,0,1,0.0,1.0
2025-06-18,bgd,0,6,0.0,35.333333333333336
2025-06-18,bol,0,1,0.0,8.0
2025-06-18,brb,0,1,0.0,49.0
2025-06-18,can,0,22,0.0,14.5
2025-06-18,che,0,1,0.0,10.0
2025-06-18,chl,0,5,0.0,10.8
2025-06-18,chn,0,1,0.0,7.0
2025-06-18,col,0,2,0.0,12.5
2025-06-18,cri,0,1,0.0,6.0
2025-06-18,cze,0,1,0.0,27.0
2025-06-18,deu,0,7,0.0,18.428571428571427
2025-06-18,dom,0,1,0.0,10.0
2025-06-18,dza,0,2,0.0,46.0
2025-06-18,ecu,0,3,0.0,24.666666666666668
2025-06-18,egy,0,1,0.0,25.0
2025-06-18,esp,0,7,0.0,35.0
2025-06-18,fra,0,2,0.0,9.5
2025-06-18,gab,0,1,0.0,67.0
2025-06-18,gbr,0,19,0.0,28.63157894736842
2025-06-18,geo,0,1,0.0,41.0
2025-06-18,gtm,0,2,0.0,38.0
2025-06-18,hkg,0,1,0.0,28.0
2025-06-18,hnd,0,1,0.0,20.0
2025-06-18,idn,0,6,0.0,29.166666666666668
2025-06-18,ind,0,24,0.0,25.5
2025-06-18,irl,0,2,0.0,37.0
2025-06-18,irq,0,1,0.0,36.0
2025-06-18,ita,0,8,0.0,26.625
2025-06-18,jam,0,1,0.0,8.0
2025-06-18,jor,0,2,0.0,63.0
2025-06-18,jpn,0,4,0.0,11.25
2025-06-18,kgz,0,1,0.0,54.0
2025-06-18,khm,0,1,0.0,43.0
2025-06-18,kor,0,18,0.0,25.27777777777778
2025-06-18,ltu,0,1,0.0,36.0
2025-06-18,lva,0,1,0.0,54.0
2025-06-18,mar,0,3,0.0,34.0
2025-06-18,mda,0,1,0.0,14.0
2025-06-18,mex,0,7,0.0,24.428571428571427
2025-06-18,mys,0,3,0.0,37.333333333333336
2025-06-18,nga,0,1,0.0,5.0
2025-06-18,nld,0,5,0.0,23.8
2025-06-18,npl,0,2,0.0,6.5
2025-06-18,nzl,0,3,0.0,38.0
2025-06-18,pak,0,1,0.0,71.0
2025-06-18,phl,0,3,0.0,23.666666666666668
2025-06-18,pol,0,5,0.0,13.6
2025-06-18,prt,0,23,0.0,8.73913043478261
2025-06-18,pry,0,8,0.0,9.0
2025-06-18,rus,0,33,0.0,31.424242424242426
2025-06-18,sau,0,1,0.0,10.0
2025-06-18,sgp,0,1,0.0,9.0
2025-06-18,swe,0,2,0.0,67.0
2025-06-18,tha,0,1,0.0,14.0
2025-06-18,tto,0,1,0.0,9.0
2025-06-18,tur,0,6,0.0,40.333333333333336
2025-06-18,tza,0,1,0.0,20.0
2025-06-18,ukr,0,6,0.0,34.666666666666664
2025-06-18,ury,0,3,0.0,9.333333333333334
2025-06-18,usa,0,263,0.0,20.212927756653993
2025-06-18,uzb,0,1,0.0,10.0
2025-06-18,vnm,0,6,0.0,43.0
2025-06-18,zaf,0,2,0.0,26.0
2025-06-18,zzz,0,4,0.0,28.5
2025-06-19,ago,0,1,0.0,6.0
2025-06-19,are,0,2,0.0,66.0
2025-06-19,arg,0,8,0.0,15.0
2025-06-19,aus,0,8,0.0,11.125
2025-06-19,ben,0,1,0.0,37.0
2025-06-19,bgd,0,3,0.0,21.333333333333332
2025-06-19,bgr,0,1,0.0,4.0
2025-06-19,bhr,0,1,0.0,17.0
2025-06-19,blr,0,2,0.0,30.0
2025-06-19,bol,0,6,0.0,8.5
2025-06-19,brb,0,1,0.0,11.0
2025-06-19,can,0,19,0.0,23.736842105263158
2025-06-19,chl,0,5,0.0,17.4
2025-06-19,col,0,4,0.0,47.25
2025-06-19,cyp,0,1,0.0,12.0
2025-06-19,deu,0,15,0.0,22.0
2025-06-19,dza,0,1,0.0,80.0
2025-06-19,ecu,0,8,0.0,41.0
2025-06-19,egy,0,5,0.0,24.8
2025-06-19,esp,0,4,0.0,11.75
2025-06-19,est,0,1,0.0,10.0
2025-06-19,fra,0,4,0.0,28.75
2025-06-19,gbr,0,34,0.0,34.470588235294116
2025-06-19,geo,0,2,0.0,59.5
2025-06-19,gin,0,3,0.0,9.0
2025-06-19,grd,0,1,0.0,37.0
2025-06-19,gtm,0,2,0.0,30.0
2025-06-19,hkg,0,1,0.0,8.0
2025-06-19,idn,0,7,0.0,29.0
2025-06-19,ind,0,29,0.0,34.172413793103445
2025-06-19,irl,0,2,0.0,13.5
2025-06-19,irq,0,1,0.0,25.0
2025-06-19,isr,0,1,0.0,55.0
2025-06-19,ita,0,12,0.0,12.833333333333334
2025-06-19,jam,0,2,0.0,38.5
2025-06-19,jpn,0,5,0.0,20.0
2025-06-19,kaz,0,1,0.0,74.0
2025-06-19,kor,0,13,0.0,25.307692307692307
2025-06-19,lbn,0,1,0.0,26.0
2025-06-19,lka,0,1,0.0,73.0
2025-06-19,ltu,0,2,0.0,34.0
2025-06-19,lux,0,2,0.0,1.0
2025-06-19,mar,0,1,0.0,4.0
2025-06-19,mex,0,7,0.0,39.857142857142854
2025-06-19,mli,0,1,0.0,7.0
2025-06-19,mmr,0,1,0.0,27.0
2025-06-19,mys,0,9,0.0,36.22222222222222
2025-06-19,nam,0,1,0.0,4.0
2025-06-19,nga,0,1,0.0,5.0
2025-06-19,nld,0,2,0.0,38.0
2025-06-19,nor,0,1,0.0,77.0
2025-06-19,npl,0,2,0.0,7.5
2025-06-19,nzl,0,3,0.0,25.0
2025-06-19,pan,0,1,0.0,10.0
2025-06-19,per,0,2,0.0,28.5
2025-06-19,phl,0,9,0.0,39.111111111111114
2025-06-19,pol,0,1,0.0,43.0
2025-06-19,pri,0,2,0.0,17.5
2025-06-19,prt,0,21,0.0,9.142857142857142
2025-06-19,pry,0,6,0.0,27.166666666666668
2025-06-19,pse,0,1,0.0,50.0
2025-06-19,rus,0,55,0.0,32.58181818181818
2025-06-19,sau,0,2,0.0,68.0
2025-06-19,slv,0,1,0.0,11.0
2025-06-19,srb,0,2,0.0,12.0
2025-06-19,tha,0,2,0.0,8.0
2025-06-19,tto,0,1,0.0,10.0
2025-06-19,tur,0,7,0.0,23.0
2025-06-19,twn,0,3,0.0,30.333333333333332
2025-06-19,ukr,0,9,0.0,40.111111111111114
2025-06-19,ury,0,2,0.0,3.5
2025-06-19,usa,0,275,0.0,18.6
2025-06-19,uzb,0,1,0.0,47.0
2025-06-19,ven,0,1,0.0,33.0
2025-06-19,vnm,0,20,0.0,40.55
2025-06-19,zaf,0,3,0.0,28.333333333333332
2025-06-19,zzz,0,3,0.0,20.0
2025-06-20,afg,0,1,0.0,1.0
2025-06-20,ago,0,4,0.0,10.0
2025-06-20,alb,0,2,0.0,4.5
2025-06-20,are,0,3,0.0,66.66666666666667
2025-06-20,arg,0,11,0.0,15.545454545454545
2025-06-20,aus,0,2,0.0,25.5
2025-06-20,bgr,0,1,0.0,11.0
2025-06-20,bhs,0,1,0.0,6.0
2025-06-20,blr,0,2,0.0,22.0
2025-06-20,bol,0,1,0.0,27.0
2025-06-20,can,0,17,0.0,22.647058823529413
2025-06-20,che,0,2,0.0,5.0
2025-06-20,chl,0,5,0.0,31.6
2025-06-20,cog,0,1,0.0,70.0
2025-06-20,cyp,0,2,0.0,41.5
2025-06-20,deu,0,8,0.0,22.75
2025-06-20,dnk,0,1,0.0,8.0
2025-06-20,dom,0,3,0.0,46.333333333333336
2025-06-20,ecu,0,1,0.0,8.0
2025-06-20,egy,0,1,0.0,11.0
2025-06-20,esp,0,4,0.0,14.75
2025-06-20,fin,0,3,0.0,40.333333333333336
2025-06-20,fra,0,9,0.0,14.777777777777779
2025-06-20,gbr,0,28,0.0,31.071428571428573
2025-06-20,hkg,0,3,0.0,28.666666666666668
2025-06-20,hnd,0,4,0.0,3.0
2025-06-20,hrv,0,2,0.0,4.5
2025-06-20,hun,0,1,0.0,10.0
2025-06-20,idn,0,9,0.0,33.333333333333336
2025-06-20,ind,0,25,0.0,28.36
2025-06-20,irl,0,1,0.0,22.0
2025-06-20,irn,0,2,0.0,3.5
2025-06-20,irq,0,2,0.0,56.0
2025-06-20,isl,0,1,0.0,6.0
2025-06-20,ita,0,2,0.0,59.5
2025-06-20,jam,0,1,0.0,14.0
2025-06-20,jpn,0,3,0.0,9.333333333333334
2025-06-20,kaz,0,4,0.0,53.25
2025-06-20,ken,0,1,0.0,3.0
2025-06-20,khm,0,1,0.0,43.0
2025-06-20,kor,0,11,0.0,38.27272727272727
2025-06-20,lby,0,1,0.0,22.0
2025-06-20,lka,0,2,0.0,42.5
2025-06-20,ltu,0,1,0.0,20.0
2025-06-20,lva,0,1,0.0,62.0
2025-06-20,mar,0,1,0.0,97.0
2025-06-20,mda,0,2,0.0,43.0
2025-06-20,mex,0,11,0.0,26.636363636363637
2025-06-20,mlt,0,1,0.0,8.0
2025-06-20,mmr,0,1,0.0,6.0
2025-06-20,moz,0,6,0.0,8.166666666666668
2025-06-20,mys,0,6,0.0,20.5
2025-06-20,nam,0,1,0.0,21.0
2025-06-20,nic,0,1,0.0,68.0
2025-06-20,nld,0,8,0.0,16.875
2025-06-20,nor,0,1,0.0,1.0
2025-06-20,npl,0,1,0.0,48.0
2025-06-20,omn,0,1,0.0,72.0
2025-06-20,pak,0,2,0.0,24.0
2025-06-20,per,0,5,0.0,15.4
2025-06-20,phl,0,8,0.0,16.625
2025-06-20,pol,0,4,0.0,50.5
2025-06-20,pry,0,5,0.0,12.6
2025-06-20,pyf,0,1,0.0,25.0
2025-06-20,rou,0,1,0.0,33.0
2025-06-20,rus,0,38,0.0,31.605263157894736
2025-06-20,sau,0,2,0.0,10.0
2025-06-20,sen,0,1,0.0,15.0
2025-06-20,sgp,0,4,0.0,53.75
2025-06-20,swe,0,2,0.0,22.5
2025-06-20,syr,0,1,0.0,50.0
2025-06-20,tgo,0,1,0.0,17.0
2025-06-20,tto,0,2,0.0,15.5
2025-06-20,tur,0,9,0.0,9.222222222222221
2025-06-20,twn,0,3,0.0,43.333333333333336
2025-06-20,uga,0,2,0.0,26.0
2025-06-20,ukr,0,4,0.0,37.0
2025-06-20,ury,0,2,0.0,8.0
2025-06-20,usa,0,305,0.0,19.659016393442624
2025-06-20,uzb,0,1,0.0,15.0
2025-06-20,vnm,0,16,0.0,33.6875
2025-06-20,zaf,0,5,0.0,20.6
2025-06-20,zzz,0,2,0.0,10.0
2025-06-21,abw,0,1,0.0,6.0
2025-06-21,ago,0,2,0.0,7.5
2025-06-21,alb,0,1,0.0,19.0
2025-06-21,are,0,2,0.0,15.0
2025-06-21,arg,0,14,0.0,21.071428571428573
2025-06-21,aus,0,3,0.0,18.0
2025-06-21,aze,0,1,0.0,56.0
2025-06-21,bel,0,1,0.0,5.0
2025-06-21,ben,0,1,0.0,13.0
2025-06-21,bfa,0,1,0.0,33.0
2025-06-21,bgd,0,3,0.0,26.333333333333332
2025-06-21,bgr,0,1,0.0,12.0
2025-06-21,blr,0,1,0.0,28.0
2025-06-21,bmu,0,1,0.0,60.0
2025-06-21,brb,0,5,0.0,34.4
2025-06-21,can,0,26,0.0,25.76923076923077
2025-06-21,che,0,1,0.0,3.0
2025-06-21,chl,0,7,0.0,23.571428571428573
2025-06-21,chn,0,1,0.0,7.0
2025-06-21,col,0,9,0.0,31.22222222222222
2025-06-21,cyp,0,1,0.0,7.0
2025-06-21,cze,0,4,0.0,37.5
2025-06-21,deu,0,16,0.0,30.75
2025-06-21,dza,0,3,0.0,61.666666666666664
2025-06-21,ecu,0,7,0.0,40.714285714285715
2025-06-21,egy,0,4,0.0,27.25
2025-06-21,esp,0,8,0.0,34.875
2025-06-21,est,0,1,0.0,14.0
2025-06-21,fin,0,2,0.0,18.5
2025-06-21,fra,0,5,0.0,25.6
2025-06-21,gbr,0,50,0.0,31.62
2025-06-21,grc,0,3,0.0,21.333333333333332
2025-06-21,gtm,0,1,0.0,17.0
2025-06-21,hnd,0,1,0.0,3.0
2025-06-21,hun,0,2,0.0,15.5
2025-06-21,idn,0,9,0.0,41.333333333333336
2025-06-21,ind,0,24,0.0,33.583333333333336
2025-06-21,irl,0,3,0.0,56.333333333333336
2025-06-21,irn,0,1,0.0,3.0
2025-06-21,irq,0,8,0.0,28.125
2025-06-21,isr,0,2,0.0,47.5
2025-06-21,ita,0,11,0.0,27.363636363636363
2025-06-21,jam,0,4,0.0,35.0
2025-06-21,jor,0,3,0.0,47.666666666666664
2025-06-21,jpn,0,4,0.0,22.5
2025-06-21,kaz,0,3,0.0,12.333333333333334
2025-06-21,ken,0,2,0.0,26.5
2025-06-21,khm,0,2,0.0,1.0
2025-06-21,kor,0,20,0.0,37.3
2025-06-21,kwt,0,1,0.0,34.0
2025-06-21,lbn,0,1,0.0,43.0
2025-06-21,mac,0,1,0.0,15.0
2025-06-21,mar,0,3,0.0,16.333333333333336
2025-06-21,mex,0,15,0.0,24.133333333333333
2025-06-21,mmr,0,1,0.0,20.0
2025-06-21,mng,0,1,0.0,46.0
2025-06-21,moz,0,2,0.0,18.0
2025-06-21,mys,0,14,0.0,28.142857142857142
2025-06-21,nga,0,3,0.0,29.0
2025-06-21,nic,0,1,0.0,11.0
2025-06-21,nld,0,5,0.0,13.4
2025-06-21,nor,0,1,0.0,29.0
2025-06-21,npl,0,1,0.0,14.0
2025-06-21,omn,0,2,0.0,34.0
2025-06-21,pak,0,2,0.0,24.0
2025-06-21,pan,0,3,0.0,15.666666666666666
2025-06-21,per,0,5,0.0,20.6
2025-06-21,phl,0,4,0.0,40.75
2025-06-21,pol,0,2,0.0,14.5
2025-06-21,pri,0,1,0.0,13.0
2025-06-21,prt,0,11,0.0,17.363636363636363
2025-06-21,pry,0,6,0.0,19.5
2025-06-21,qat,0,4,0.0,37.0
2025-06-21,rou,0,1,0.0,7.0
2025-06-21,rus,0,35,0.0,32.028571428571425
2025-06-21,sau,0,5,0.0,29.4
2025-06-21,sen,0,2,0.0,28.0
2025-06-21,sgp,0,5,0.0,30.8
2025-06-21,shn,0,1,0.0,35.0
2025-06-21,srb,0,1,0.0,101.0
2025-06-21,svk,0,1,0.0,14.0
2025-06-21,tgo,0,1,0.0,100.0
2025-06-21,tha,0,1,0.0,50.0
2025-06-21,tto,0,5,0.0,18.6
2025-06-21,tun,0,4,0.0,26.0
2025-06-21,tur,0,8,0.0,26.125
2025-06-21,twn,0,11,0.0,39.45454545454545
2025-06-21,ukr,0,8,0.0,24.5
2025-06-21,ury,0,1,0.0,32.0
2025-06-21,usa,0,424,0.0,23.400943396226417
2025-06-21,ven,0,9,0.0,40.44444444444444
2025-06-21,vnm,0,16,0.0,31.25
2025-06-21,zaf,0,12,0.0,21.0
2025-06-21,zzz,0,1,0.0,62.0
2025-06-22,ago,0,2,0.0,1.0
2025-06-22,alb,0,2,0.0,35.0
2025-06-22,are,0,1,0.0,30.0
2025-06-22,arg,0,10,0.0,19.7
2025-06-22,aus,0,2,0.0,9.0
2025-06-22,aze,0,1,0.0,25.0
2025-06-22,bel,0,1,0.0,11.0
2025-06-22,bgd,0,5,0.0,15.8
2025-06-22,bgr,0,1,0.0,10.0
2025-06-22,bhs,0,1,0.0,21.0
2025-06-22,brb,0,1,0.0,19.0
2025-06-22,can,0,20,0.0,27.5
2025-06-22,che,0,2,0.0,19.5
2025-06-22,chn,0,3,0.0,10.0
2025-06-22,col,0,1,0.0,13.0
2025-06-22,cze,0,2,0.0,19.5
2025-06-22,deu,0,8,0.0,18.75
2025-06-22,dom,0,2,0.0,14.0
2025-06-22,ecu,0,7,0.0,20.0
2025-06-22,egy,0,1,0.0,64.0
2025-06-22,esp,0,7,0.0,13.857142857142858
2025-06-22,fra,0,4,0.0,26.75
2025-06-22,gbr,0,23,0.0,32.391304347826086
2025-06-22,hun,0,2,0.0,6.5
2025-06-22,idn,0,3,0.0,7.333333333333333
2025-06-22,ind,0,17,0.0,10.470588235294118
2025-06-22,irl,0,1,0.0,60.0
2025-06-22,ita,0,6,0.0,22.666666666666668
2025-06-22,jam,0,1,0.0,28.0
2025-06-22,jor,0,1,0.0,98.0
2025-06-22,jpn,0,4,0.0,6.5
2025-06-22,kaz,0,2,0.0,48.0
2025-06-22,kgz,0,1,0.0,35.0
2025-06-22,kor,0,16,0.0,24.875
2025-06-22,kwt,0,1,0.0,8.0
2025-06-22,lka,0,1,0.0,13.0
2025-06-22,lva,0,2,0.0,45.0
2025-06-22,mar,0,2,0.0,21.0
2025-06-22,mda,0,2,0.0,3.0
2025-06-22,mex,0,7,0.0,45.42857142857143
2025-06-22,mng,0,1,0.0,12.0
2025-06-22,mys,0,1,0.0,55.0
2025-06-22,nga,0,1,0.0,10.0
2025-06-22,nic,0,1,0.0,7.0
2025-06-22,nld,0,5,0.0,28.6
2025-06-22,nor,0,4,0.0,10.0
2025-06-22,per,0,4,0.0,26.75
2025-06-22,phl,0,3,0.0,24.333333333333332
2025-06-22,pol,0,1,0.0,3.0
2025-06-22,prt,0,22,0.0,8.545454545454547
2025-06-22,rou,0,4,0.0,10.0
2025-06-22,rus,0,25,0.0,39.36
2025-06-22,sau,0,5,0.0,15.8
2025-06-22,svk,0,1,0.0,11.0
2025-06-22,tha,0,1,0.0,15.0
2025-06-22,tun,0,1,0.0,51.0
2025-06-22,tur,0,5,0.0,22.0
2025-06-22,twn,0,5,0.0,26.0
2025-06-22,ukr,0,2,0.0,42.5
2025-06-22,ury,0,1,0.0,14.0
2025-06-22,usa,0,273,0.0,18.531135531135533
2025-06-22,ven,0,1,0.0,12.0
2025-06-22,vnm,0,25,0.0,34.4
2025-06-22,zaf,0,3,0.0,11.0
2025-06-22,zzz,0,1,0.0,32.0
2025-06-23,ago,0,1,0.0,16.0
2025-06-23,are,0,1,0.0,34.0
2025-06-23,aus,0,8,0.0,8.375
2025-06-23,bel,0,1,0.0,7.0
2025-06-23,bgd,0,3,0.0,40.333333333333336
2025-06-23,bgr,0,1,0.0,48.0
2025-06-23,brb,0,2,0.0,64.0
2025-06-23,brn,0,1,0.0,5.0
2025-06-23,chl,0,3,0.0,18.0
2025-06-23,col,0,4,0.0,19.25
2025-06-23,cri,0,1,0.0,3.0
2025-06-23,cyp,0,1,0.0,40.0
2025-06-23,cze,0,2,0.0,12.0
2025-06-23,deu,0,19,0.0,26.68421052631579
2025-06-23,dnk,0,1,0.0,31.0
2025-06-23,dom,0,1,0.0,28.0
2025-06-23,dza,0,1,0.0,44.0
2025-06-23,ecu,0,6,0.0,22.333333333333332
2025-06-23,egy,0,8,0.0,30.5
2025-06-23,esp,0,13,0.0,14.23076923076923
2025-06-23,fra,0,9,0.0,17.0
2025-06-23,gbr,0,39,0.0,35.92307692307692
2025-06-23,geo,0,1,0.0,23.0
2025-06-23,grc,0,5,0.0,40.8
2025-06-23,gtm,0,1,0.0,87.0
2025-06-23,guy,0,1,0.0,32.0
2025-06-23,hkg,0,1,0.0,8.0
2025-06-23,hun,0,1,0.0,78.0
2025-06-23,idn,0,5,0.0,33.8
2025-06-23,ind,0,27,0.0,24.25925925925926
2025-06-23,irl,0,4,0.0,22.0
2025-06-23,irn,0,1,0.0,9.0
2025-06-23,irq,0,2,0.0,42.5
2025-06-23,isr,0,1,0.0,64.0
2025-06-23,ita,0,7,0.0,33.42857142857143
2025-06-23,jor,0,1,0.0,12.0
2025-06-23,jpn,0,5,0.0,8.8
2025-06-23,kaz,0,2,0.0,22.5
2025-06-23,kor,0,14,0.0,34.5
2025-06-23,kwt,0,1,0.0,9.0
2025-06-23,ltu,0,1,0.0,54.0
2025-06-23,lva,0,1,0.0,23.0
2025-06-23,mar,0,2,0.0,42.5
2025-06-23,mex,0,8,0.0,27.375
2025-06-23,mys,0,2,0.0,13.0
2025-06-23,nga,0,1,0.0,37.0
2025-06-23,nld,0,8,0.0,26.5
2025-06-23,nor,0,1,0.0,64.0
2025-06-23,pak,0,5,0.0,41.2
2025-06-23,pan,0,1,0.0,4.0
2025-06-23,per,0,2,0.0,11.0
2025-06-23,phl,0,7,0.0,22.571428571428573
2025-06-23,pol,0,2,0.0,44.0
2025-06-23,pri,0,1,0.0,99.0
2025-06-23,prt,0,21,0.0,9.476190476190476
2025-06-23,pry,0,5,0.0,34.8
2025-06-23,rus,0,47,0.0,43.702127659574465
2025-06-23,sau,0,3,0.0,37.333333333333336
2025-06-23,sgp,0,3,0.0,47.333333333333336
2025-06-23,srb,0,1,0.0,10.0
2025-06-23,swe,0,2,0.0,22.0
2025-06-23,syr,0,1,0.0,8.0
2025-06-23,tha,0,3,0.0,57.0
2025-06-23,tto,0,1,0.0,33.0
2025-06-23,tur,0,10,0.0,25.2
2025-06-23,twn,0,6,0.0,63.166666666666664
2025-06-23,ukr,0,7,0.0,33.0
2025-06-23,ury,0,1,0.0,7.0
2025-06-23,uzb,0,1,0.0,56.0
2025-06-23,ven,0,3,0.0,40.0
2025-06-23,vnm,0,53,0.0,41.15094339622642
2025-06-23,zaf,0,5,0.0,45.8
2025-06-23,zzz,0,4,0.0,51.75
2025-06-24,ago,0,3,0.0,8.666666666666668
2025-06-24,alb,0,1,0.0,9.0
2025-06-24,are,0,4,0.0,9.25
2025-06-24,arg,0,11,0.0,24.272727272727273
2025-06-24,aus,0,3,0.0,24.0
2025-06-24,aut,0,1,0.0,3.0
2025-06-24,bgd,0,5,0.0,45.4
2025-06-24,bhr,0,1,0.0,31.0
2025-06-24,blr,0,2,0.0,10.0
2025-06-24,bwa,0,1,0.0,5.0
2025-06-24,can,0,27,0.0,20.185185185185187
2025-06-24,chl,0,4,0.0,27.5
2025-06-24,col,0,4,0.0,12.25
2025-06-24,cyp,0,1,0.0,4.0
2025-06-24,cze,0,1,0.0,81.0
2025-06-24,deu,0,8,0.0,31.125
2025-06-24,dnk,0,4,0.0,14.5
2025-06-24,dom,0,1,0.0,39.0
2025-06-24,ecu,0,7,0.0,13.0
2025-06-24,egy,0,1,0.0,29.0
2025-06-24,esp,0,3,0.0,15.0
2025-06-24,fin,0,1,0.0,9.0
2025-06-24,fra,0,3,0.0,45.0
2025-06-24,geo,0,1,0.0,21.0
2025-06-24,gtm,0,1,0.0,89.0
2025-06-24,hnd,0,1,0.0,11.0
2025-06-24,hti,0,2,0.0,6.0
2025-06-24,idn,0,4,0.0,65.25
2025-06-24,ind,0,42,0.0,21.523809523809526
2025-06-24,irl,0,1,0.0,55.0
2025-06-24,irn,0,2,0.0,5.5
2025-06-24,isr,0,2,0.0,14.5
2025-06-24,ita,0,4,0.0,28.75
2025-06-24,jpn,0,3,0.0,32.66666666666667
2025-06-24,ken,0,2,0.0,19.5
2025-06-24,khm,0,1,0.0,69.0
2025-06-24,kna,0,1,0.0,33.0
2025-06-24,kor,0,14,0.0,32.285714285714285
2025-06-24,kwt,0,1,0.0,1.0
2025-06-24,lbn,0,1,0.0,45.0
2025-06-24,mar,0,3,0.0,31.333333333333332
2025-06-24,mda,0,1,0.0,10.0
2025-06-24,mex,0,9,0.0,39.22222222222222
2025-06-24,mmr,0,1,0.0,21.0
2025-06-24,mne,0,1,0.0,24.0
2025-06-24,moz,0,1,0.0,2.0
2025-06-24,mys,0,3,0.0,25.666666666666668
2025-06-24,nga,0,1,0.0,11.0
2025-06-24,nld,0,6,0.0,35.5
2025-06-24,nzl,0,1,0.0,8.0
2025-06-24,pak,0,1,0.0,20.0
2025-06-24,phl,0,4,0.0,42.0
2025-06-24,png,0,1,0.0,8.0
2025-06-24,pol,0,2,0.0,26.0
2025-06-24,prt,0,20,0.0,11.9
2025-06-24,pry,0,2,0.0,34.0
2025-06-24,rou,0,1,0.0,15.0
2025-06-24,rus,0,34,0.0,30.41176470588235
2025-06-24,sau,0,2,0.0,73.5
2025-06-24,sgp,0,1,0.0,40.0
2025-06-24,ssd,0,1,0.0,26.0
2025-06-24,svn,0,1,0.0,1.0
2025-06-24,swe,0,5,0.0,32.2
2025-06-24,tha,0,3,0.0,14.0
2025-06-24,tto,0,3,0.0,40.333333333333336
2025-06-24,tun,0,1,0.0,10.0
2025-06-24,tur,0,13,0.0,16.153846153846153
2025-06-24,twn,0,4,0.0,18.0
2025-06-24,ukr,0,8,0.0,26.125
2025-06-24,ury,0,1,0.0,12.0
2025-06-24,uzb,0,1,0.0,14.0
2025-06-24,ven,0,1,0.0,21.0
2025-06-24,vnm,0,15,0.0,62.266666666666666
2025-06-24,zaf,0,3,0.0,37.333333333333336
2025-06-24,zzz,0,1,0.0,28.0
2025-06-25,ago,0,1,0.0,7.0
2025-06-25,arg,0,14,0.0,17.214285714285715
2025-06-25,arm,0,1,0.0,21.0
2025-06-25,aus,0,2,0.0,16.5
2025-06-25,aut,0,2,0.0,19.0
2025-06-25,bel,0,2,0.0,22.0
2025-06-25,bgd,0,2,0.0,21.0
2025-06-25,bgr,0,2,0.0,15.0
2025-06-25,blr,0,3,0.0,33.666666666666664
2025-06-25,brb,0,1,0.0,40.0
2025-06-25,can,0,21,0.0,15.523809523809524
2025-06-25,che,0,4,0.0,7.5
2025-06-25,chl,0,6,0.0,8.166666666666668
2025-06-25,chn,0,1,0.0,5.0
2025-06-25,col,0,3,0.0,29.666666666666668
2025-06-25,cze,0,2,0.0,46.0
2025-06-25,deu,0,8,0.0,26.875
2025-06-25,ecu,0,1,0.0,11.0
2025-06-25,egy,0,1,0.0,13.0
2025-06-25,esp,0,6,0.0,34.0
2025-06-25,eth,0,1,0.0,76.0
2025-06-25,fin,0,1,0.0,9.0
2025-06-25,fra,0,3,0.0,49.666666666666664
2025-06-25,hrv,0,1,0.0,38.0
2025-06-25,hun,0,1,0.0,61.0
2025-06-25,idn,0,8,0.0,31.875
2025-06-25,ind,0,28,0.0,28.5
2025-06-25,irl,0,2,0.0,29.0
2025-06-25,irq,0,4,0.0,26.5
2025-06-25,isr,0,1,0.0,40.0
2025-06-25,ita,0,7,0.0,23.571428571428573
2025-06-25,jam,0,1,0.0,20.0
2025-06-25,jey,0,1,0.0,12.0
2025-06-25,jor,0,1,0.0,12.0
2025-06-25,jpn,0,5,0.0,32.2
2025-06-25,kaz,0,2,0.0,7.0
2025-06-25,kgz,0,1,0.0,21.0
2025-06-25,kor,0,8,0.0,30.625
2025-06-25,kwt,0,1,0.0,79.0
2025-06-25,lby,0,1,0.0,12.0
2025-06-25,lka,0,2,0.0,26.5
2025-06-25,ltu,0,3,0.0,47.333333333333336
2025-06-25,mar,0,1,0.0,44.0
2025-06-25,mda,0,3,0.0,18.333333333333332
2025-06-25,mex,0,3,0.0,38.666666666666664
2025-06-25,mys,0,3,0.0,21.666666666666668
2025-06-25,nld,0,5,0.0,45.6
2025-06-25,nor,0,2,0.0,10.0
2025-06-25,npl,0,1,0.0,77.0
2025-06-25,pak,0,4,0.0,45.25
2025-06-25,per,0,1,0.0,38.0
2025-06-25,phl,0,10,0.0,34.8
2025-06-25,prt,0,29,0.0,6.724137931034483
2025-06-25,reu,0,1,0.0,67.0
2025-06-25,rou,0,5,0.0,12.2
2025-06-25,rus,0,28,0.0,32.75
2025-06-25,rwa,0,1,0.0,3.0
2025-06-25,sgp,0,1,0.0,71.0
2025-06-25,swe,0,2,0.0,12.5
2025-06-25,syr,0,1,0.0,42.0
2025-06-25,tha,0,1,0.0,93.0
2025-06-25,tto,0,1,0.0,24.0
2025-06-25,tun,0,2,0.0,29.5
2025-06-25,tur,0,7,0.0,8.285714285714285
2025-06-25,twn,0,8,0.0,33.75
2025-06-25,tza,0,1,0.0,16.0
2025-06-25,ukr,0,2,0.0,27.0
2025-06-25,ury,0,2,0.0,21.5
2025-06-25,ven,0,2,0.0,35.0
2025-06-25,vnm,0,15,0.0,40.333333333333336
2025-06-25,zaf,0,5,0.0,38.8
2025-06-26,ago,0,1,0.0,1.0
2025-06-26,arg,0,8,0.0,25.5
2025-06-26,arm,0,2,0.0,11.0
2025-06-26,aus,0,5,0.0,11.0
2025-06-26,aze,0,1,0.0,64.0
2025-06-26,bel,0,2,0.0,21.5
2025-06-26,bih,0,1,0.0,8.0
2025-06-26,blr,0,1,0.0,57.0
2025-06-26,bol,0,5,0.0,22.0
2025-06-26,can,0,20,0.0,19.6
2025-06-26,che,0,1,0.0,5.0
2025-06-26,chl,0,2,0.0,39.0
2025-06-26,chn,0,1,0.0,9.0
2025-06-26,col,0,5,0.0,19.4
2025-06-26,cpv,0,1,0.0,19.0
2025-06-26,cri,0,3,0.0,30.333333333333332
2025-06-26,deu,0,17,0.0,35.94117647058823
2025-06-26,dnk,0,2,0.0,22.5
2025-06-26,dom,0,1,0.0,32.0
2025-06-26,dza,0,1,0.0,5.0
2025-06-26,ecu,0,5,0.0,48.0
2025-06-26,egy,0,4,0.0,33.25
2025-06-26,esp,0,5,0.0,24.0
2025-06-26,fin,0,1,0.0,2.0
2025-06-26,fra,0,2,0.0,22.5
2025-06-26,gbr,0,34,0.0,33.1764705882353
2025-06-26,gha,0,1,0.0,9.0
2025-06-26,grc,0,3,0.0,8.333333333333332
2025-06-26,gtm,0,1,0.0,11.0
2025-06-26,guy,0,1,0.0,47.0
2025-06-26,hkg,0,1,0.0,8.0
2025-06-26,hrv,0,2,0.0,17.5
2025-06-26,hun,0,2,0.0,21.5
2025-06-26,idn,0,5,0.0,25.6
2025-06-26,ind,0,28,0.0,40.035714285714285
2025-06-26,irn,0,2,0.0,30.5
2025-06-26,irq,0,2,0.0,27.5
2025-06-26,isr,0,2,0.0,28.0
2025-06-26,ita,0,5,0.0,32.2
2025-06-26,jam,0,1,0.0,60.0
2025-06-26,jpn,0,6,0.0,19.333333333333332
2025-06-26,kaz,0,1,0.0,12.0
2025-06-26,ken,0,1,0.0,45.0
2025-06-26,kna,0,1,0.0,1.0
2025-06-26,kor,0,13,0.0,32.15384615384615
2025-06-26,lka,0,1,0.0,32.0
2025-06-26,ltu,0,6,0.0,38.0
2025-06-26,mar,0,1,0.0,4.0
2025-06-26,mda,0,4,0.0,18.5
2025-06-26,mex,0,12,0.0,28.333333333333332
2025-06-26,moz,0,1,0.0,6.0
2025-06-26,mys,0,3,0.0,12.333333333333334
2025-06-26,nga,0,2,0.0,6.0
2025-06-26,nld,0,1,0.0,2.0
2025-06-26,nor,0,1,0.0,9.0
2025-06-26,npl,0,2,0.0,56.5
2025-06-26,nzl,0,1,0.0,7.0
2025-06-26,pak,0,4,0.0,25.75
2025-06-26,pan,0,2,0.0,25.0
2025-06-26,per,0,4,0.0,20.75
2025-06-26,phl,0,9,0.0,23.77777777777778
2025-06-26,pol,0,1,0.0,12.0
2025-06-26,pri,0,1,0.0,6.0
2025-06-26,prt,0,25,0.0,8.120000000000001
2025-06-26,pry,0,6,0.0,23.166666666666668
2025-06-26,rou,0,2,0.0,15.0
2025-06-26,rus,0,44,0.0,38.02272727272727
2025-06-26,sau,0,3,0.0,71.33333333333333
2025-06-26,sen,0,1,0.0,24.0
2025-06-26,sgp,0,1,0.0,28.0
2025-06-26,svn,0,2,0.0,4.0
2025-06-26,swe,0,2,0.0,3.0
2025-06-26,tgo,0,1,0.0,7.0
2025-06-26,tun,0,1,0.0,15.0
2025-06-26,tur,0,7,0.0,28.857142857142858
2025-06-26,twn,0,1,0.0,8.0
2025-06-26,ukr,0,10,0.0,34.2
2025-06-26,usa,0,367,0.0,15.542234332425068
2025-06-26,ven,0,5,0.0,59.2
2025-06-26,vnm,0,24,0.0,48.625
2025-06-26,xkk,0,1,0.0,7.0
2025-06-26,zaf,0,5,0.0,45.4
2025-06-27,are,0,6,0.0,23.166666666666668
2025-06-27,arg,0,16,0.0,19.125
2025-06-27,aus,0,3,0.0,26.333333333333332
2025-06-27,bgd,0,2,0.0,25.5
2025-06-27,blr,0,2,0.0,15.0
2025-06-27,brn,0,1,0.0,1.0
2025-06-27,can,0,20,0.0,26.2
2025-06-27,che,0,3,0.0,26.333333333333332
2025-06-27,chl,0,2,0.0,7.0
2025-06-27,civ,0,1,0.0,95.0
2025-06-27,cmr,0,2,0.0,10.0
2025-06-27,col,0,8,0.0,25.125
2025-06-27,cze,0,2,0.0,67.0
2025-06-27,deu,0,10,0.0,31.6
2025-06-27,dom,0,2,0.0,58.0
2025-06-27,dza,0,1,0.0,10.0
2025-06-27,ecu,0,7,0.0,24.857142857142858
2025-06-27,egy,0,3,0.0,28.666666666666668
2025-06-27,esp,0,8,0.0,12.0
2025-06-27,fra,0,4,0.0,41.75
2025-06-27,gbr,0,34,0.0,39.1764705882353
2025-06-27,grc,0,1,0.0,22.0
2025-06-27,hnd,0,1,0.0,9.0
2025-06-27,hrv,0,1,0.0,38.0
2025-06-27,idn,0,6,0.0,40.0
2025-06-27,ind,0,23,0.0,31.73913043478261
2025-06-27,irq,0,2,0.0,53.0
2025-06-27,jam,0,4,0.0,17.0
2025-06-27,jpn,0,6,0.0,47.833333333333336
2025-06-27,kaz,0,2,0.0,26.0
2025-06-27,ken,0,2,0.0,15.5
2025-06-27,kna,0,1,0.0,26.0
2025-06-27,kor,0,19,0.0,30.63157894736842
2025-06-27,lbn,0,1,0.0,23.0
2025-06-27,lby,0,2,0.0,9.5
2025-06-27,lka,0,3,0.0,13.333333333333334
2025-06-27,ltu,0,1,0.0,76.0
2025-06-27,mda,0,1,0.0,64.0
2025-06-27,mex,0,8,0.0,23.125
2025-06-27,mrt,0,1,0.0,4.0
2025-06-27,mys,0,1,0.0,30.0
2025-06-27,nga,0,1,0.0,1.0
2025-06-27,nld,0,12,0.0,32.5
2025-06-27,nzl,0,2,0.0,16.5
2025-06-27,pak,0,2,0.0,15.5
2025-06-27,per,0,2,0.0,31.5
2025-06-27,phl,0,5,0.0,36.0
2025-06-27,pol,0,2,0.0,76.5
2025-06-27,prt,0,28,0.0,9.928571428571429
2025-06-27,pry,0,4,0.0,19.5
2025-06-27,pse,0,1,0.0,45.0
2025-06-27,rou,0,2,0.0,67.5
2025-06-27,rus,0,32,0.0,23.5
2025-06-27,sau,0,5,0.0,7.6
2025-06-27,sen,0,1,0.0,19.0
2025-06-27,sgp,0,1,0.0,17.0
2025-06-27,srb,0,1,0.0,21.0
2025-06-27,svk,0,1,0.0,6.0
2025-06-27,swe,0,3,0.0,9.0
2025-06-27,syr,0,1,0.0,58.0
2025-06-27,tha,0,1,0.0,52.0
2025-06-27,tto,0,3,0.0,67.33333333333333
2025-06-27,tun,0,1,0.0,10.0
2025-06-27,tur,0,8,0.0,35.5
2025-06-27,twn,0,5,0.0,43.2
2025-06-27,tza,0,1,0.0,8.0
2025-06-27,ukr,0,5,0.0,26.0
2025-06-27,ury,0,1,0.0,25.0
2025-06-27,usa,0,342,0.0,17.728070175438596
2025-06-27,uzb,0,2,0.0,16.5
2025-06-27,vnm,0,20,0.0,33.5
2025-06-27,zaf,0,8,0.0,28.25
2025-06-28,alb,0,1,0.0,10.0
2025-06-28,are,0,3,0.0,48.333333333333336
2025-06-28,aus,0,8,0.0,22.375
2025-06-28,bel,0,2,0.0,46.5
2025-06-28,bgd,0,1,0.0,36.0
2025-06-28,bgr,0,1,0.0,8.0
2025-06-28,bhs,0,1,0.0,101.0
2025-06-28,blr,0,3,0.0,19.666666666666668
2025-06-28,bol,0,2,0.0,7.0
2025-06-28,brb,0,1,0.0,42.0
2025-06-28,caf,0,1,0.0,10.0
2025-06-28,can,0,16,0.0,10.875
2025-06-28,che,0,3,0.0,2.666666666666667
2025-06-28,chl,0,5,0.0,15.2
2025-06-28,chn,0,1,0.0,9.0
2025-06-28,col,0,5,0.0,49.8
2025-06-28,cri,0,1,0.0,60.0
2025-06-28,cze,0,1,0.0,20.0
2025-06-28,deu,0,14,0.0,32.214285714285715
2025-06-28,ecu,0,3,0.0,52.333333333333336
2025-06-28,egy,0,5,0.0,42.6
2025-06-28,esp,0,13,0.0,20.23076923076923
2025-06-28,est,0,1,0.0,88.0
2025-06-28,eth,0,1,0.0,18.0
2025-06-28,gbr,0,17,0.0,51.411764705882355
2025-06-28,grc,0,2,0.0,29.5
2025-06-28,hun,0,1,0.0,10.0
2025-06-28,idn,0,6,0.0,14.5
2025-06-28,ind,0,22,0.0,29.727272727272727
2025-06-28,irl,0,3,0.0,26.333333333333332
2025-06-28,jor,0,1,0.0,52.0
2025-06-28,jpn,0,8,0.0,27.0
2025-06-28,ken,0,3,0.0,15.666666666666666
2025-06-28,kor,0,4,0.0,46.0
2025-06-28,kwt,0,1,0.0,60.0
2025-06-28,lbn,0,1,0.0,22.0
2025-06-28,ltu,0,2,0.0,10.5
2025-06-28,lux,0,1,0.0,32.0
2025-06-28,mar,0,1,0.0,11.0
2025-06-28,mda,0,3,0.0,47.666666666666664
2025-06-28,mex,0,10,0.0,19.9
2025-06-28,moz,0,1,0.0,9.0
2025-06-28,mrt,0,1,0.0,83.0
2025-06-28,mys,0,1,0.0,20.0
2025-06-28,nga,0,1,0.0,1.0
2025-06-28,nic,0,1,0.0,6.0
2025-06-28,nld,0,6,0.0,50.5
2025-06-28,nor,0,5,0.0,5.0
2025-06-28,npl,0,2,0.0,10.0
2025-06-28,nzl,0,1,0.0,2.0
2025-06-28,pak,0,4,0.0,35.25
2025-06-28,per,0,2,0.0,60.0
2025-06-28,phl,0,9,0.0,42.77777777777778
2025-06-28,pol,0,4,0.0,13.5
2025-06-28,pri,0,1,0.0,9.0
2025-06-28,prt,0,34,0.0,5.205882352941177
2025-06-28,pry,0,2,0.0,4.5
2025-06-28,rou,0,1,0.0,32.0
2025-06-28,rus,0,40,0.0,33.675
2025-06-28,sau,0,4,0.0,38.0
2025-06-28,srb,0,1,0.0,8.0
2025-06-28,svn,0,1,0.0,9.0
2025-06-28,swe,0,2,0.0,61.0
2025-06-28,syc,0,2,0.0,32.5
2025-06-28,tha,0,2,0.0,27.0
2025-06-28,tto,0,1,0.0,14.0
2025-06-28,tur,0,6,0.0,22.0
2025-06-28,twn,0,5,0.0,25.6
2025-06-28,ukr,0,5,0.0,25.2
2025-06-28,ury,0,1,0.0,11.0
2025-06-28,vnm,0,16,0.0,41.0625
2025-06-28,xkk,0,2,0.0,59.0
2025-06-28,zaf,0,3,0.0,48.666666666666664
2025-06-28,zzz,0,1,0.0,87.0
2025-06-29,alb,0,1,0.0,6.0
2025-06-29,are,0,4,0.0,15.5
2025-06-29,arg,0,19,0.0,17.63157894736842
2025-06-29,arm,0,1,0.0,11.0
2025-06-29,aus,0,8,0.0,15.875
2025-06-29,aut,0,1,0.0,24.0
2025-06-29,bfa,0,1,0.0,10.0
2025-06-29,bgd,0,5,0.0,30.6
2025-06-29,bgr,0,2,0.0,18.5
2025-06-29,bhs,0,1,0.0,5.0
2025-06-29,blr,0,2,0.0,36.0
2025-06-29,can,0,19,0.0,18.57894736842105
2025-06-29,che,0,2,0.0,4.0
2025-06-29,chl,0,6,0.0,11.5
2025-06-29,chn,0,2,0.0,19.5
2025-06-29,civ,0,1,0.0,45.0
2025-06-29,col,0,2,0.0,23.0
2025-06-29,cyp,0,3,0.0,43.0
2025-06-29,cze,0,3,0.0,24.0
2025-06-29,deu,0,16,0.0,22.875
2025-06-29,dnk,0,1,0.0,7.0
2025-06-29,ecu,0,5,0.0,41.4
2025-06-29,egy,0,3,0.0,71.66666666666667
2025-06-29,esp,0,9,0.0,20.666666666666668
2025-06-29,eth,0,1,0.0,4.0
2025-06-29,fra,0,10,0.0,10.2
2025-06-29,gbr,0,17,0.0,38.705882352941174
2025-06-29,hkg,0,2,0.0,10.5
2025-06-29,hrv,0,1,0.0,76.0
2025-06-29,hun,0,1,0.0,11.0
2025-06-29,idn,0,8,0.0,26.0
2025-06-29,ind,0,41,0.0,37.073170731707314
2025-06-29,irl,0,4,0.0,26.5
2025-06-29,irq,0,9,0.0,37.333333333333336
2025-06-29,isl,0,1,0.0,57.0
2025-06-29,ita,0,5,0.0,28.2
2025-06-29,jor,0,1,0.0,8.0
2025-06-29,jpn,0,4,0.0,29.0
2025-06-29,kor,0,14,0.0,37.857142857142854
2025-06-29,kwt,0,1,0.0,10.0
2025-06-29,ltu,0,1,0.0,30.0
2025-06-29,mda,0,1,0.0,27.0
2025-06-29,mex,0,4,0.0,41.75
2025-06-29,mkd,0,1,0.0,25.0
2025-06-29,mmr,0,1,0.0,93.0
2025-06-29,mng,0,1,0.0,11.0
2025-06-29,moz,0,1,0.0,2.0
2025-06-29,mys,0,2,0.0,37.5
2025-06-29,nld,0,4,0.0,27.5
2025-06-29,nor,0,4,0.0,6.5
2025-06-29,npl,0,1,0.0,56.0
2025-06-29,omn,0,1,0.0,89.0
2025-06-29,pak,0,2,0.0,34.5
2025-06-29,per,0,1,0.0,25.0
2025-06-29,phl,0,6,0.0,35.833333333333336
2025-06-29,pol,0,3,0.0,22.0
2025-06-29,pri,0,1,0.0,25.0
2025-06-29,prt,0,33,0.0,4.333333333333334
2025-06-29,pry,0,1,0.0,12.0
2025-06-29,rou,0,3,0.0,45.333333333333336
2025-06-29,rus,0,50,0.0,38.38
2025-06-29,sau,0,4,0.0,26.5
2025-06-29,sgp,0,2,0.0,48.5
2025-06-29,srb,0,1,0.0,4.0
2025-06-29,swe,0,1,0.0,3.0
2025-06-29,tgo,0,2,0.0,5.0
2025-06-29,tha,0,1,0.0,32.0
2025-06-29,tto,0,2,0.0,47.0
2025-06-29,tun,0,1,0.0,22.0
2025-06-29,tur,0,9,0.0,30.22222222222222
2025-06-29,twn,0,1,0.0,43.0
2025-06-29,ukr,0,5,0.0,28.4
2025-06-29,usa,0,333,0.0,19.70870870870871
2025-06-29,vnm,0,22,0.0,39.27272727272727
2025-06-29,zaf,0,3,0.0,27.0
2025-06-29,zzz,0,2,0.0,31.5
2025-06-30,ago,0,1,0.0,3.0
2025-06-30,are,0,1,0.0,26.0
2025-06-30,arg,0,18,0.0,25.055555555555557
2025-06-30,arm,0,1,0.0,45.0
2025-06-30,aus,0,5,0.0,16.4
2025-06-30,aze,0,1,0.0,58.0
2025-06-30,bel,0,3,0.0,25.666666666666668
2025-06-30,bgd,0,1,0.0,12.0
2025-06-30,bgr,0,1,0.0,8.0
2025-06-30,bhs,0,2,0.0,43.5
2025-06-30,blr,0,1,0.0,88.0
2025-06-30,bol,0,1,0.0,7.0
2025-06-30,brb,0,1,0.0,52.0
2025-06-30,bwa,0,1,0.0,39.0
2025-06-30,can,0,18,0.0,23.77777777777778
2025-06-30,che,0,3,0.0,3.3333333333333335
2025-06-30,chl,0,3,0.0,7.0
2025-06-30,chn,0,2,0.0,7.0
2025-06-30,cmr,0,1,0.0,5.0
2025-06-30,col,0,4,0.0,9.0
2025-06-30,cpv,0,2,0.0,4.5
2025-06-30,cri,0,1,0.0,4.0
2025-06-30,cyp,0,2,0.0,25.0
2025-06-30,cze,0,1,0.0,46.0
2025-06-30,deu,0,12,0.0,31.75
2025-06-30,dom,0,1,0.0,47.0
2025-06-30,dza,0,5,0.0,14.0
2025-06-30,ecu,0,9,0.0,48.55555555555556
2025-06-30,egy,0,4,0.0,15.75
2025-06-30,esp,0,5,0.0,37.4
2025-06-30,fin,0,1,0.0,1.0
2025-06-30,fra,0,10,0.0,24.4
2025-06-30,gbr,0,32,0.0,39.09375
2025-06-30,grc,0,1,0.0,11.0
2025-06-30,gtm,0,1,0.0,21.0
2025-06-30,guy,0,1,0.0,53.0
2025-06-30,idn,0,6,0.0,49.166666666666664
2025-06-30,ind,0,45,0.0,25.22222222222222
2025-06-30,irl,0,4,0.0,25.25
2025-06-30,irn,0,1,0.0,66.0
2025-06-30,irq,0,5,0.0,26.2
2025-06-30,isr,0,3,0.0,50.333333333333336
2025-06-30,ita,0,9,0.0,17.11111111111111
2025-06-30,jam,0,1,0.0,14.0
2025-06-30,jor,0,2,0.0,7.0
2025-06-30,jpn,0,5,0.0,44.4
2025-06-30,ken,0,1,0.0,8.0
2025-06-30,kgz,0,1,0.0,47.0
2025-06-30,kor,0,21,0.0,23.238095238095237
2025-06-30,kwt,0,4,0.0,28.25
2025-06-30,ltu,0,2,0.0,82.5
2025-06-30,mar,0,3,0.0,50.0
2025-06-30,mda,0,1,0.0,8.0
2025-06-30,mex,0,4,0.0,48.0
2025-06-30,mkd,0,1,0.0,4.0
2025-06-30,moz,0,3,0.0,16.666666666666664
2025-06-30,mus,0,4,0.0,16.0
2025-06-30,mys,0,3,0.0,15.333333333333334
2025-06-30,nga,0,1,0.0,9.0
2025-06-30,nor,0,1,0.0,9.0
2025-06-30,nzl,0,3,0.0,11.333333333333334
2025-06-30,pak,0,9,0.0,29.444444444444443
2025-06-30,pan,0,1,0.0,40.0
2025-06-30,per,0,3,0.0,4.666666666666666
2025-06-30,phl,0,9,0.0,36.44444444444444
2025-06-30,pol,0,4,0.0,25.75
2025-06-30,prt,0,26,0.0,7.6923076923076925
2025-06-30,pry,0,4,0.0,20.75
2025-06-30,pyf,0,1,0.0,50.0
2025-06-30,rou,0,1,0.0,79.0
2025-06-30,rus,0,40,0.0,33.575
2025-06-30,sau,0,5,0.0,29.4
2025-06-30,srb,0,2,0.0,54.0
2025-06-30,swe,0,4,0.0,37.75
2025-06-30,syc,0,1,0.0,75.0
2025-06-30,syr,0,1,0.0,52.0
2025-06-30,tha,0,8,0.0,22.125
2025-06-30,tto,0,1,0.0,43.0
2025-06-30,tun,0,1,0.0,62.0
2025-06-30,tur,0,8,0.0,23.0
2025-06-30,twn,0,6,0.0,29.5
2025-06-30,tza,0,2,0.0,26.5
2025-06-30,ukr,0,13,0.0,25.692307692307693
2025-06-30,ury,0,1,0.0,30.0
2025-06-30,uzb,0,3,0.0,18.0
2025-06-30,ven,0,1,0.0,96.0
2025-06-30,vnm,0,16,0.0,40.375
2025-06-30,zaf,0,7,0.0,36.57142857142857
2025-06-30,zzz,0,1,0.0,33.0
2025-07-01,ago,0,1,0.0,5.0
2025-07-01,alb,0,1,0.0,23.0
2025-07-01,are,0,1,0.0,9.0
2025-07-01,arg,0,10,0.0,16.3
2025-07-01,arm,0,1,0.0,12.0
2025-07-01,aus,0,2,0.0,42.0
2025-07-01,aut,0,2,0.0,9.0
2025-07-01,bel,0,1,0.0,13.0
2025-07-01,bgd,0,2,0.0,31.5
2025-07-01,bgr,0,2,0.0,32.0
2025-07-01,bih,0,1,0.0,79.0
2025-07-01,bol,0,2,0.0,12.0
2025-07-01,brn,0,2,0.0,74.5
2025-07-01,can,0,19,0.0,13.631578947368421
2025-07-01,che,0,2,0.0,9.0
2025-07-01,chl,0,4,0.0,23.25
2025-07-01,cmr,0,1,0.0,1.0
2025-07-01,col,0,6,0.0,35.833333333333336
2025-07-01,cri,0,1,0.0,22.0
2025-07-01,cym,0,1,0.0,64.0
2025-07-01,cyp,0,1,0.0,1.0
2025-07-01,deu,0,12,0.0,32.25
2025-07-01,dnk,0,2,0.0,12.5
2025-07-01,dom,0,2,0.0,3.5
2025-07-01,ecu,0,1,0.0,1.0
2025-07-01,esp,0,6,0.0,18.333333333333332
2025-07-01,eth,0,1,0.0,56.0
2025-07-01,fin,0,3,0.0,11.666666666666666
2025-07-01,fra,0,8,0.0,23.5
2025-07-01,gbr,0,23,0.0,35.78260869565217
2025-07-01,geo,0,2,0.0,11.0
2025-07-01,grc,0,2,0.0,62.5
2025-07-01,gtm,0,1,0.0,38.0
2025-07-01,hkg,0,1,0.0,2.0
2025-07-01,hnd,0,1,0.0,14.0
2025-07-01,idn,0,8,0.0,48.625
2025-07-01,ind,0,24,0.0,29.083333333333332
2025-07-01,irl,0,3,0.0,8.666666666666668
2025-07-01,irn,0,1,0.0,4.0
2025-07-01,irq,0,3,0.0,9.333333333333334
2025-07-01,isl,0,2,0.0,11.5
2025-07-01,ita,0,8,0.0,34.125
2025-07-01,khm,0,1,0.0,12.0
2025-07-01,kor,0,21,0.0,26.333333333333332
2025-07-01,ltu,0,2,0.0,18.5
2025-07-01,mar,0,2,0.0,32.5
2025-07-01,mda,0,2,0.0,52.0
2025-07-01,mex,0,8,0.0,28.25
2025-07-01,mmr,0,2,0.0,9.5
2025-07-01,moz,0,2,0.0,10.0
2025-07-01,mys,0,2,0.0,30.5
2025-07-01,nga,0,1,0.0,8.0
2025-07-01,nld,0,5,0.0,58.2
2025-07-01,omn,0,1,0.0,89.0
2025-07-01,pak,0,2,0.0,17.5
2025-07-01,pan,0,1,0.0,20.0
2025-07-01,per,0,2,0.0,80.5
2025-07-01,phl,0,4,0.0,26.75
2025-07-01,pol,0,3,0.0,34.0
2025-07-01,pri,0,1,0.0,69.0
2025-07-01,prt,0,35,0.0,10.542857142857143
2025-07-01,pry,0,4,0.0,10.75
2025-07-01,rus,0,30,0.0,35.266666666666666
2025-07-01,sau,0,1,0.0,30.0
2025-07-01,sgp,0,3,0.0,8.333333333333332
2025-07-01,srb,0,4,0.0,38.25
2025-07-01,swe,0,1,0.0,8.0
2025-07-01,syc,0,1,0.0,80.0
2025-07-01,tur,0,7,0.0,40.714285714285715
2025-07-01,twn,0,3,0.0,41.333333333333336
2025-07-01,ukr,0,4,0.0,48.25
2025-07-01,ury,0,2,0.0,9.5
2025-07-01,usa,0,432,0.0,14.398148148148149
2025-07-01,uzb,0,1,0.0,4.0
2025-07-01,ven,0,1,0.0,43.0
2025-07-01,vnm,0,5,0.0,48.6
2025-07-01,zaf,0,4,0.0,36.25
2025-07-02,ago,0,1,0.0,2.0
2025-07-02,alb,0,1,0.0,6.0
2025-07-02,arg,0,8,0.0,12.25
2025-07-02,aus,0,1,0.0,47.0
2025-07-02,aut,0,1,0.0,19.0
2025-07-02,aze,0,1,0.0,11.0
2025-07-02,bgd,0,14,0.0,9.142857142857142
2025-07-02,bol,0,1,0.0,8.0
2025-07-02,caf,0,1,0.0,7.0
2025-07-02,can,0,8,0.0,6.5
2025-07-02,chl,0,6,0.0,11.0
2025-07-02,col,0,2,0.0,6.0
2025-07-02,cyp,0,1,0.0,12.0
2025-07-02,deu,0,8,0.0,9.125
2025-07-02,dnk,0,1,0.0,38.0
2025-07-02,dza,0,3,0.0,8.666666666666668
2025-07-02,ecu,0,1,0.0,9.0
2025-07-02,esp,0,9,0.0,9.0
2025-07-02,eth,0,1,0.0,5.0
2025-07-02,fin,0,1,0.0,4.0
2025-07-02,fra,0,2,0.0,9.5
2025-07-02,gbr,0,9,0.0,42.888888888888886
2025-07-02,grl,0,1,0.0,8.0
2025-07-02,hkg,0,1,0.0,25.0
2025-07-02,hun,0,1,0.0,9.0
2025-07-02,idn,0,13,0.0,14.384615384615385
2025-07-02,ind,0,15,0.0,11.866666666666667
2025-07-02,irl,0,6,0.0,15.833333333333334
2025-07-02,isr,0,1,0.0,34.0
2025-07-02,ita,0,4,0.0,8.75
2025-07-02,jpn,0,2,0.0,10.0
2025-07-02,kaz,0,1,0.0,43.0
2025-07-02,ken,0,3,0.0,30.666666666666668
2025-07-02,khm,0,1,0.0,45.0
2025-07-02,kor,0,11,0.0,8.636363636363637
2025-07-02,lka,0,1,0.0,70.0
2025-07-02,mar,0,2,0.0,11.5
2025-07-02,mex,0,2,0.0,19.0
2025-07-02,moz,0,1,0.0,7.0
2025-07-02,mys,0,1,0.0,18.0
2025-07-02,nga,0,16,0.0,55.875
2025-07-02,npl,0,1,0.0,1.0
2025-07-02,pak,0,4,0.0,15.5
2025-07-02,pan,0,2,0.0,77.0
2025-07-02,phl,0,36,0.0,12.416666666666666
2025-07-02,pri,0,1,0.0,39.0
2025-07-02,prt,0,24,0.0,8.208333333333332
2025-07-02,pry,0,3,0.0,3.0
2025-07-02,svn,0,1,0.0,16.0
2025-07-02,tha,0,1,0.0,4.0
2025-07-02,tur,0,2,0.0,13.5
2025-07-02,twn,0,3,0.0,3.0
2025-07-02,uga,0,1,0.0,6.0
2025-07-02,ury,0,5,0.0,46.2
2025-07-02,vnm,0,5,0.0,7.6
2025-07-02,zaf,0,1,0.0,19.0
2025-07-03,are,0,1,0.0,12.0
2025-07-03,arg,0,10,0.0,27.2
2025-07-03,aus,0,1,0.0,43.0
2025-07-03,aut,0,2,0.0,3.0
2025-07-03,bgd,0,1,0.0,12.0
2025-07-03,can,0,9,0.0,19.0
2025-07-03,che,0,4,0.0,8.5
2025-07-03,chl,0,3,0.0,13.666666666666666
2025-07-03,col,0,2,0.0,4.0
2025-07-03,cyp,0,1,0.0,12.0
2025-07-03,deu,0,6,0.0,27.5
2025-07-03,dnk,0,2,0.0,46.0
2025-07-03,dom,0,1,0.0,44.0
2025-07-03,esp,0,5,0.0,21.0
2025-07-03,est,0,2,0.0,4.5
2025-07-03,eth,0,1,0.0,11.0
2025-07-03,fra,0,9,0.0,23.0
2025-07-03,gha,0,2,0.0,36.5
2025-07-03,hun,0,1,0.0,10.0
2025-07-03,idn,0,3,0.0,11.666666666666666
2025-07-03,ind,0,5,0.0,16.0
2025-07-03,irq,0,3,0.0,22.0
2025-07-03,ita,0,7,0.0,15.285714285714286
2025-07-03,jpn,0,1,0.0,6.0
2025-07-03,ken,0,1,0.0,6.0
2025-07-03,kwt,0,1,0.0,2.0
2025-07-03,lby,0,1,0.0,9.0
2025-07-03,lka,0,1,0.0,10.0
2025-07-03,mar,0,1,0.0,9.0
2025-07-03,mex,0,3,0.0,14.666666666666666
2025-07-03,moz,0,4,0.0,8.75
2025-07-03,nga,0,7,0.0,21.285714285714285
2025-07-03,npl,0,1,0.0,16.0
2025-07-03,nzl,0,2,0.0,8.0
2025-07-03,pak,0,1,0.0,7.0
2025-07-03,pan,0,1,0.0,1.0
2025-07-03,per,0,1,0.0,1.0
2025-07-03,phl,0,10,0.0,14.6
2025-07-03,pol,0,1,0.0,9.0
2025-07-03,pry,0,1,0.0,11.0
2025-07-03,sau,0,1,0.0,8.0
2025-07-03,tur,0,1,0.0,15.0
2025-07-03,ury,0,4,0.0,5.25
2025-07-03,usa,0,214,0.0,12.369158878504672
2025-07-03,ven,0,4,0.0,8.25
2025-07-04,ago,0,3,0.0,28.666666666666668
2025-07-04,arg,0,4,0.0,17.0
2025-07-04,bgd,0,1,0.0,5.0
2025-07-04,bol,0,1,0.0,9.0
2025-07-04,can,0,6,0.0,11.333333333333334
2025-07-04,che,0,3,0.0,30.666666666666668
2025-07-04,col,0,1,0.0,6.0
2025-07-04,cze,0,1,0.0,7.0
2025-07-04,deu,0,5,0.0,37.2
2025-07-04,dom,0,1,0.0,62.0
2025-07-04,dza,0,2,0.0,10.5
2025-07-04,egy,0,2,0.0,3.0
2025-07-04,esp,0,2,0.0,5.0
2025-07-04,fin,0,1,0.0,14.0
2025-07-04,fra,0,2,0.0,22.5
2025-07-04,gbr,0,8,0.0,22.5
2025-07-04,hrv,0,1,0.0,19.0
2025-07-04,ind,0,1,0.0,83.0
2025-07-04,irl,0,3,0.0,35.333333333333336
2025-07-04,ita,0,16,0.0,32.1875
2025-07-04,jor,0,1,0.0,5.0
2025-07-04,jpn,0,3,0.0,8.666666666666668
2025-07-04,ken,0,3,0.0,22.333333333333332
2025-07-04,ltu,0,1,0.0,9.0
2025-07-04,mex,0,5,0.0,18.8
2025-07-04,moz,0,2,0.0,7.0
2025-07-04,nga,0,1,0.0,103.0
2025-07-04,nld,0,3,0.0,33.333333333333336
2025-07-04,npl,0,1,0.0,1.0
2025-07-04,pak,0,2,0.0,7.5
2025-07-04,pan,0,2,0.0,12.0
2025-07-04,per,0,2,0.0,9.0
2025-07-04,phl,0,1,0.0,9.0
2025-07-04,prt,0,31,0.0,9.290322580645162
2025-07-04,pry,0,6,0.0,9.666666666666666
2025-07-04,rou,0,1,0.0,14.0
2025-07-04,rus,0,1,0.0,35.0
2025-07-04,sgp,0,2,0.0,15.5
2025-07-04,svn,0,1,0.0,9.0
2025-07-04,twn,0,1,0.0,4.0
2025-07-04,tza,0,1,0.0,5.0
2025-07-04,ury,0,2,0.0,7.0
2025-07-04,vnm,0,1,0.0,7.0
2025-07-05,ago,0,4,0.0,1.25
2025-07-05,are,0,1,0.0,8.0
2025-07-05,arg,0,8,0.0,13.375
2025-07-05,aus,0,2,0.0,2.0
2025-07-05,aut,0,1,0.0,23.0
2025-07-05,bel,0,2,0.0,9.5
2025-07-05,bgd,0,1,0.0,8.0
2025-07-05,can,0,3,0.0,29.333333333333332
2025-07-05,che,0,3,0.0,10.0
2025-07-05,chl,0,5,0.0,9.2
2025-07-05,col,0,3,0.0,7.666666666666667
2025-07-05,deu,0,2,0.0,34.0
2025-07-05,dnk,0,1,0.0,3.0
2025-07-05,esp,0,1,0.0,6.0
2025-07-05,fin,0,1,0.0,8.0
2025-07-05,fra,0,4,0.0,16.25
2025-07-05,hun,0,1,0.0,10.0
2025-07-05,idn,0,1,0.0,6.0
2025-07-05,ind,0,1,0.0,11.0
2025-07-05,irl,0,2,0.0,6.0
2025-07-05,isr,0,1,0.0,21.0
2025-07-05,ita,0,5,0.0,17.2
2025-07-05,jpn,0,1,0.0,8.0
2025-07-05,kor,0,1,0.0,3.0
2025-07-05,kwt,0,1,0.0,1.0
2025-07-05,mar,0,1,0.0,36.0
2025-07-05,mex,0,2,0.0,37.5
2025-07-05,moz,0,3,0.0,6.666666666666667
2025-07-05,mys,0,9,0.0,1.8888888888888888
2025-07-05,nga,0,3,0.0,25.0
2025-07-05,nic,0,2,0.0,4.0
2025-07-05,nld,0,6,0.0,5.166666666666667
2025-07-05,nor,0,1,0.0,5.0
2025-07-05,nzl,0,1,0.0,8.0
2025-07-05,pak,0,2,0.0,6.0
2025-07-05,pan,0,1,0.0,6.0
2025-07-05,prt,0,21,0.0,8.476190476190476
2025-07-05,rus,0,2,0.0,62.5
2025-07-05,srb,0,1,0.0,10.0
2025-07-05,swe,0,1,0.0,9.0
2025-07-05,tha,0,1,0.0,9.0
2025-07-05,tur,0,1,0.0,42.0
2025-07-05,usa,0,149,0.0,13.577181208053691
2025-07-05,ven,0,7,0.0,4.142857142857142
2025-07-06,ago,0,5,0.0,3.2
2025-07-06,are,0,1,0.0,55.0
2025-07-06,arg,0,7,0.0,11.142857142857142
2025-07-06,aus,0,3,0.0,53.0
2025-07-06,aut,0,1,0.0,18.0
2025-07-06,bel,0,3,0.0,8.333333333333332
2025-07-06,bgd,0,1,0.0,1.0
2025-07-06,blm,0,1,0.0,5.0
2025-07-06,can,0,3,0.0,8.0
2025-07-06,che,0,1,0.0,3.0
2025-07-06,chl,0,6,0.0,10.833333333333334
2025-07-06,cmr,0,2,0.0,5.0
2025-07-06,col,0,2,0.0,6.5
2025-07-06,cri,0,1,0.0,12.0
2025-07-06,deu,0,8,0.0,13.5
2025-07-06,dnk,0,2,0.0,11.0
2025-07-06,fra,0,3,0.0,6.666666666666667
2025-07-06,gbr,0,6,0.0,36.0
2025-07-06,hnd,0,1,0.0,2.0
2025-07-06,idn,0,3,0.0,11.666666666666666
2025-07-06,ind,0,3,0.0,15.333333333333334
2025-07-06,irl,0,4,0.0,11.0
2025-07-06,irn,0,3,0.0,7.666666666666667
2025-07-06,ita,0,7,0.0,10.142857142857142
2025-07-06,jpn,0,3,0.0,28.333333333333332
2025-07-06,lux,0,1,0.0,3.0
2025-07-06,mar,0,1,0.0,1.0
2025-07-06,moz,0,1,0.0,10.0
2025-07-06,mys,0,1,0.0,1.0
2025-07-06,nga,0,3,0.0,37.333333333333336
2025-07-06,nld,0,2,0.0,11.0
2025-07-06,nor,0,1,0.0,8.0
2025-07-06,prt,0,34,0.0,5.617647058823529
2025-07-06,pry,0,2,0.0,25.0
2025-07-06,rus,0,7,0.0,52.285714285714285
2025-07-06,sgp,0,1,0.0,15.0
2025-07-06,swe,0,1,0.0,9.0
2025-07-06,tun,0,1,0.0,30.0
2025-07-06,tur,0,3,0.0,16.666666666666664
2025-07-06,usa,0,139,0.0,13.446043165467627
2025-07-06,zaf,0,1,0.0,3.0
2025-07-06,zzz,0,1,0.0,9.0
2025-07-07,ago,0,3,0.0,3.0
2025-07-07,arg,0,5,0.0,11.8
2025-07-07,atg,0,1,0.0,10.0
2025-07-07,aus,0,3,0.0,29.666666666666668
2025-07-07,aze,0,1,0.0,11.0
2025-07-07,bel,0,1,0.0,1.0
2025-07-07,bhr,0,1,0.0,16.0
2025-07-07,bol,0,1,0.0,7.0
2025-07-07,can,0,6,0.0,31.666666666666668
2025-07-07,che,0,5,0.0,14.8
2025-07-07,chl,0,4,0.0,4.25
2025-07-07,col,0,4,0.0,6.0
2025-07-07,cze,0,1,0.0,42.0
2025-07-07,deu,0,10,0.0,10.0
2025-07-07,dnk,0,1,0.0,19.0
2025-07-07,esp,0,5,0.0,7.8
2025-07-07,fra,0,2,0.0,24.5
2025-07-07,gbr,0,16,0.0,16.3125
2025-07-07,gha,0,1,0.0,9.0
2025-07-07,hrv,0,1,0.0,11.0
2025-07-07,idn,0,2,0.0,17.0
2025-07-07,ind,0,1,0.0,17.0
2025-07-07,irl,0,2,0.0,12.5
2025-07-07,irn,0,1,0.0,9.0
2025-07-07,irq,0,1,0.0,31.0
2025-07-07,ita,0,9,0.0,8.444444444444445
2025-07-07,jpn,0,3,0.0,4.333333333333334
2025-07-07,ken,0,2,0.0,5.5
2025-07-07,kor,0,1,0.0,19.0
2025-07-07,lbn,0,1,0.0,17.0
2025-07-07,mex,0,2,0.0,7.5
2025-07-07,mne,0,1,0.0,12.0
2025-07-07,moz,0,1,0.0,83.0
2025-07-07,nga,0,6,0.0,48.333333333333336
2025-07-07,nld,0,1,0.0,6.0
2025-07-07,npl,0,1,0.0,25.0
2025-07-07,pak,0,1,0.0,5.0
2025-07-07,per,0,1,0.0,5.0
2025-07-07,phl,0,1,0.0,22.0
2025-07-07,pry,0,3,0.0,7.333333333333333
2025-07-07,rus,0,1,0.0,45.0
2025-07-07,sgp,0,1,0.0,10.0
2025-07-07,tun,0,1,0.0,9.0
2025-07-07,tur,0,5,0.0,10.4
2025-07-07,ukr,0,2,0.0,60.5
2025-07-07,ury,0,3,0.0,14.0
2025-07-07,ven,0,1,0.0,7.0
2025-07-07,xkk,0,1,0.0,6.0
2025-07-07,zzz,0,1,0.0,5.0
2025-07-08,ago,0,3,0.0,4.0
2025-07-08,alb,0,1,0.0,7.0
2025-07-08,arg,0,10,0.0,14.4
2025-07-08,atg,0,1,0.0,32.0
2025-07-08,aus,0,3,0.0,37.0
2025-07-08,aut,0,1,0.0,6.0
2025-07-08,bel,0,1,0.0,1.0
2025-07-08,caf,0,1,0.0,7.0
2025-07-08,can,0,4,0.0,18.75
2025-07-08,che,0,2,0.0,10.0
2025-07-08,chl,0,1,0.0,3.0
2025-07-08,chn,0,1,0.0,11.0
2025-07-08,col,0,1,0.0,6.0
2025-07-08,deu,0,20,0.0,21.9
2025-07-08,dnk,0,1,0.0,41.0
2025-07-08,ecu,0,1,0.0,35.0
2025-07-08,egy,0,1,0.0,13.0
2025-07-08,esp,0,4,0.0,5.0
2025-07-08,fra,0,1,0.0,4.0
2025-07-08,gbr,0,24,0.0,23.083333333333332
2025-07-08,geo,0,1,0.0,20.0
2025-07-08,ind,0,8,0.0,13.0
2025-07-08,ita,0,9,0.0,26.444444444444443
2025-07-08,jpn,0,2,0.0,12.0
2025-07-08,kaz,0,2,0.0,5.0
2025-07-08,kor,0,2,0.0,12.5
2025-07-08,mex,0,2,0.0,13.5
2025-07-08,mne,0,1,0.0,10.0
2025-07-08,moz,0,1,0.0,15.0
2025-07-08,nga,0,3,0.0,31.333333333333332
2025-07-08,pak,0,1,0.0,21.0
2025-07-08,per,0,1,0.0,12.0
2025-07-08,phl,0,4,0.0,55.75
2025-07-08,prt,0,31,0.0,11.806451612903226
2025-07-08,pry,0,3,0.0,5.666666666666667
2025-07-08,svk,0,1,0.0,4.0
2025-07-08,swe,0,2,0.0,6.0
2025-07-08,tto,0,1,0.0,17.0
2025-07-08,tun,0,2,0.0,10.0
2025-07-08,tur,0,2,0.0,9.5
2025-07-08,ukr,0,2,0.0,10.5
2025-07-08,usa,0,133,0.0,15.015037593984962
2025-07-08,uzb,0,1,0.0,23.0
2025-07-08,ven,0,1,0.0,6.0
2025-07-08,vnm,0,3,0.0,6.666666666666667
2025-07-08,zaf,0,1,0.0,9.0
2025-07-09,ago,0,4,0.0,4.0
2025-07-09,alb,0,2,0.0,8.0
2025-07-09,arg,0,6,0.0,11.5
2025-07-09,aus,0,1,0.0,8.0
2025-07-09,bol,0,1,0.0,1.0
2025-07-09,brb,0,1,0.0,22.0
2025-07-09,can,0,14,0.0,23.642857142857142
2025-07-09,che,0,2,0.0,2.5
2025-07-09,chl,0,2,0.0,7.5
2025-07-09,cod,0,4,0.0,8.0
2025-07-09,cri,0,2,0.0,4.0
2025-07-09,deu,0,8,0.0,6.0
2025-07-09,dnk,0,1,0.0,18.0
2025-07-09,ecu,0,1,0.0,6.0
2025-07-09,egy,0,2,0.0,4.0
2025-07-09,fin,0,1,0.0,9.0
2025-07-09,gbr,0,12,0.0,36.416666666666664
2025-07-09,hkg,0,1,0.0,15.0
2025-07-09,idn,0,5,0.0,11.8
2025-07-09,ind,0,7,0.0,8.142857142857142
2025-07-09,irl,0,1,0.0,47.0
2025-07-09,ita,0,4,0.0,5.25
2025-07-09,jpn,0,2,0.0,5.0
2025-07-09,ken,0,2,0.0,9.0
2025-07-09,kor,0,10,0.0,5.7
2025-07-09,mar,0,1,0.0,7.0
2025-07-09,mda,0,2,0.0,8.0
2025-07-09,mdg,0,1,0.0,6.0
2025-07-09,mex,0,1,0.0,5.0
2025-07-09,moz,0,1,0.0,3.0
2025-07-09,mys,0,1,0.0,6.0
2025-07-09,nga,0,4,0.0,42.0
2025-07-09,nld,0,2,0.0,8.5
2025-07-09,npl,0,1,0.0,8.0
2025-07-09,pak,0,3,0.0,51.333333333333336
2025-07-09,per,0,1,0.0,4.0
2025-07-09,phl,0,1,0.0,6.0
2025-07-09,prt,0,40,0.0,12.45
2025-07-09,pry,0,1,0.0,7.0
2025-07-09,rou,0,1,0.0,1.0
2025-07-09,rus,0,2,0.0,23.5
2025-07-09,sau,0,2,0.0,5.5
2025-07-09,svk,0,1,0.0,3.0
2025-07-09,tur,0,2,0.0,8.5
2025-07-09,twn,0,2,0.0,2.5
2025-07-09,ukr,0,1,0.0,13.0
2025-07-09,ury,0,4,0.0,8.25
2025-07-09,ven,0,1,0.0,6.0
2025-07-09,vnm,0,1,0.0,1.0
2025-07-09,zaf,0,4,0.0,27.5
2025-07-10,ago,0,5,0.0,10.6
2025-07-10,are,0,3,0.0,10.333333333333334
2025-07-10,arg,0,11,0.0,8.181818181818182
2025-07-10,aus,0,2,0.0,22.5
2025-07-10,bel,0,1,0.0,10.0
2025-07-10,bol,0,1,0.0,6.0
2025-07-10,brb,0,1,0.0,74.0
2025-07-10,can,0,7,0.0,23.285714285714285
2025-07-10,che,0,4,0.0,19.75
2025-07-10,chl,0,5,0.0,6.2
2025-07-10,cmr,0,1,0.0,11.0
2025-07-10,col,0,1,0.0,7.0
2025-07-10,cub,0,1,0.0,8.0
2025-07-10,deu,0,7,0.0,11.0
2025-07-10,esp,0,13,0.0,30.76923076923077
2025-07-10,fra,0,2,0.0,6.5
2025-07-10,gab,0,2,0.0,8.0
2025-07-10,gbr,0,14,0.0,15.285714285714286
2025-07-10,hkg,0,1,0.0,10.0
2025-07-10,hrv,0,3,0.0,7.0
2025-07-10,idn,0,5,0.0,10.8
2025-07-10,ind,0,11,0.0,11.363636363636363
2025-07-10,irl,0,7,0.0,10.571428571428571
2025-07-10,isr,0,1,0.0,10.0
2025-07-10,ita,0,5,0.0,8.8
2025-07-10,jpn,0,3,0.0,7.0
2025-07-10,ken,0,1,0.0,6.0
2025-07-10,kor,0,8,0.0,6.5
2025-07-10,kwt,0,1,0.0,9.0
2025-07-10,mar,0,1,0.0,6.0
2025-07-10,mex,0,2,0.0,10.0
2025-07-10,mlt,0,1,0.0,10.0
2025-07-10,mtq,0,1,0.0,30.0
2025-07-10,mus,0,1,0.0,1.0
2025-07-10,nga,0,2,0.0,11.0
2025-07-10,nld,0,1,0.0,58.0
2025-07-10,npl,0,1,0.0,9.0
2025-07-10,per,0,1,0.0,3.0
2025-07-10,pol,0,3,0.0,7.666666666666667
2025-07-10,prt,0,24,0.0,15.25
2025-07-10,pry,0,1,0.0,5.0
2025-07-10,rus,0,1,0.0,18.0
2025-07-10,tto,0,1,0.0,47.0
2025-07-10,tur,0,11,0.0,11.545454545454545
2025-07-10,twn,0,2,0.0,10.0
2025-07-10,ukr,0,1,0.0,8.0
2025-07-10,ury,0,1,0.0,7.0
2025-07-10,usa,0,164,0.0,12.676829268292684
2025-07-10,ven,0,1,0.0,5.0
2025-07-10,zaf,0,4,0.0,12.0
2025-07-11,ago,0,4,0.0,11.75
2025-07-11,alb,0,1,0.0,9.0
2025-07-11,are,0,3,0.0,9.666666666666666
2025-07-11,arg,0,4,0.0,7.0
2025-07-11,aus,0,2,0.0,23.0
2025-07-11,aut,0,1,0.0,5.0
2025-07-11,aze,0,1,0.0,5.0
2025-07-11,can,0,13,0.0,18.846153846153847
2025-07-11,chl,0,1,0.0,5.0
2025-07-11,col,0,1,0.0,5.0
2025-07-11,cpv,0,1,0.0,33.0
2025-07-11,cri,0,1,0.0,2.0
2025-07-11,cze,0,1,0.0,90.0
2025-07-11,deu,0,3,0.0,28.333333333333332
2025-07-11,dnk,0,3,0.0,19.333333333333332
2025-07-11,dom,0,2,0.0,5.5
2025-07-11,dza,0,2,0.0,9.0
2025-07-11,ecu,0,2,0.0,19.0
2025-07-11,egy,0,1,0.0,7.0
2025-07-11,gbr,0,18,0.0,25.444444444444443
2025-07-11,grd,0,2,0.0,10.0
2025-07-11,idn,0,2,0.0,13.5
2025-07-11,ind,0,4,0.0,14.5
2025-07-11,isl,0,2,0.0,42.0
2025-07-11,isr,0,4,0.0,18.75
2025-07-11,ita,0,5,0.0,12.4
2025-07-11,jpn,0,2,0.0,10.5
2025-07-11,ken,0,2,0.0,8.5
2025-07-11,kor,0,12,0.0,7.166666666666667
2025-07-11,ltu,0,1,0.0,79.0
2025-07-11,lux,0,1,0.0,10.0
2025-07-11,mex,0,7,0.0,15.285714285714286
2025-07-11,mli,0,2,0.0,8.0
2025-07-11,mys,0,1,0.0,1.0
2025-07-11,nga,0,8,0.0,50.25
2025-07-11,nld,0,4,0.0,15.25
2025-07-11,nor,0,1,0.0,8.0
2025-07-11,pak,0,2,0.0,10.0
2025-07-11,per,0,1,0.0,41.0
2025-07-11,phl,0,1,0.0,9.0
2025-07-11,pol,0,3,0.0,9.0
2025-07-11,prt,0,17,0.0,10.411764705882353
2025-07-11,rwa,0,1,0.0,5.0
2025-07-11,sau,0,1,0.0,73.0
2025-07-11,srb,0,1,0.0,8.0
2025-07-11,svn,0,2,0.0,8.0
2025-07-11,swe,0,3,0.0,5.666666666666667
2025-07-11,tun,0,1,0.0,9.0
2025-07-11,tur,0,1,0.0,7.0
2025-07-11,ury,0,3,0.0,7.333333333333333
2025-07-11,usa,0,92,0.0,16.163043478260867
2025-07-11,zaf,0,2,0.0,59.5
2025-07-12,ago,0,4,0.0,1.0
2025-07-12,arg,0,6,0.0,13.333333333333334
2025-07-12,aus,0,3,0.0,39.333333333333336
2025-07-12,aut,0,3,0.0,27.666666666666668
2025-07-12,ben,0,1,0.0,1.0
2025-07-12,bhs,0,1,0.0,18.0
2025-07-12,brn,0,1,0.0,32.0
2025-07-12,can,0,4,0.0,12.0
2025-07-12,che,0,2,0.0,29.5
2025-07-12,chl,0,4,0.0,18.5
2025-07-12,civ,0,1,0.0,11.0
2025-07-12,cod,0,2,0.0,6.5
2025-07-12,col,0,1,0.0,4.0
2025-07-12,cze,0,2,0.0,7.5
2025-07-12,deu,0,4,0.0,17.25
2025-07-12,ecu,0,1,0.0,7.0
2025-07-12,esp,0,6,0.0,12.333333333333334
2025-07-12,fin,0,2,0.0,12.5
2025-07-12,fra,0,3,0.0,32.33333333333333
2025-07-12,gbr,0,16,0.0,9.3125
2025-07-12,gha,0,1,0.0,12.0
2025-07-12,grc,0,1,0.0,10.0
2025-07-12,idn,0,4,0.0,8.0
2025-07-12,ind,0,6,0.0,21.333333333333332
2025-07-12,ita,0,4,0.0,28.75
2025-07-12,jpn,0,3,0.0,24.0
2025-07-12,kaz,0,1,0.0,4.0
2025-07-12,kor,0,14,0.0,7.428571428571429
2025-07-12,ltu,0,1,0.0,9.0
2025-07-12,mda,0,1,0.0,11.0
2025-07-12,mex,0,1,0.0,1.0
2025-07-12,moz,0,1,0.0,1.0
2025-07-12,nga,0,10,0.0,46.4
2025-07-12,nic,0,1,0.0,7.0
2025-07-12,nld,0,3,0.0,11.0
2025-07-12,pan,0,1,0.0,5.0
2025-07-12,per,0,1,0.0,4.0
2025-07-12,phl,0,2,0.0,5.5
2025-07-12,pol,0,1,0.0,7.0
2025-07-12,prt,0,33,0.0,10.696969696969697
2025-07-12,pry,0,4,0.0,6.0
2025-07-12,slv,0,1,0.0,39.0
2025-07-12,svn,0,1,0.0,5.0
2025-07-12,tgo,0,1,0.0,12.0
2025-07-12,tur,0,2,0.0,10.5
2025-07-12,ukr,0,1,0.0,1.0
2025-07-12,ury,0,2,0.0,20.0
2025-07-12,usa,0,112,0.0,16.955357142857142
2025-07-12,zaf,0,1,0.0,3.0
2025-07-13,ago,0,1,0.0,1.0
2025-07-13,are,0,1,0.0,12.0
2025-07-13,arg,0,7,0.0,20.857142857142858
2025-07-13,aus,0,2,0.0,7.0
2025-07-13,bgd,0,1,0.0,12.0
2025-07-13,brb,0,1,0.0,49.0
2025-07-13,can,0,4,0.0,8.75
2025-07-13,che,0,3,0.0,36.666666666666664
2025-07-13,chl,0,1,0.0,10.0
2025-07-13,cze,0,1,0.0,68.0
2025-07-13,deu,0,4,0.0,20.75
2025-07-13,ecu,0,1,0.0,5.0
2025-07-13,fra,0,2,0.0,8.5
2025-07-13,gbr,0,12,0.0,17.583333333333332
2025-07-13,hkg,0,2,0.0,30.0
2025-07-13,idn,0,4,0.0,6.5
2025-07-13,ind,0,6,0.0,29.333333333333332
2025-07-13,irl,0,1,0.0,10.0
2025-07-13,irn,0,1,0.0,8.0
2025-07-13,ita,0,4,0.0,5.25
2025-07-13,kor,0,10,0.0,7.6
2025-07-13,mex,0,5,0.0,11.8
2025-07-13,mys,0,1,0.0,8.0
2025-07-13,nga,0,4,0.0,50.5
2025-07-13,nld,0,1,0.0,32.0
2025-07-13,nor,0,2,0.0,35.0
2025-07-13,nzl,0,2,0.0,26.0
2025-07-13,pak,0,1,0.0,12.0
2025-07-13,per,0,2,0.0,12.0
2025-07-13,pol,0,3,0.0,15.333333333333334
2025-07-13,prt,0,33,0.0,22.78787878787879
2025-07-13,rus,0,3,0.0,5.0
2025-07-13,sau,0,1,0.0,9.0
2025-07-13,sgp,0,1,0.0,10.0
2025-07-13,srb,0,1,0.0,19.0
2025-07-13,tha,0,1,0.0,29.0
2025-07-13,tur,0,6,0.0,8.5
2025-07-13,uga,0,1,0.0,9.0
2025-07-13,ury,0,1,0.0,36.0
2025-07-13,usa,0,103,0.0,14.737864077669903
2025-07-13,zaf,0,1,0.0,15.0
2025-07-14,ago,0,3,0.0,6.333333333333333
2025-07-14,arg,0,7,0.0,10.714285714285714
2025-07-14,aus,0,7,0.0,32.714285714285715
2025-07-14,bel,0,2,0.0,7.0
2025-07-14,bgd,0,3,0.0,7.666666666666667
2025-07-14,bmu,0,1,0.0,1.0
2025-07-14,bol,0,1,0.0,1.0
2025-07-14,can,0,6,0.0,4.666666666666666
2025-07-14,che,0,4,0.0,12.5
2025-07-14,chl,0,8,0.0,7.25
2025-07-14,cod,0,2,0.0,33.0
2025-07-14,col,0,1,0.0,9.0
2025-07-14,cze,0,3,0.0,47.666666666666664
2025-07-14,deu,0,6,0.0,28.666666666666668
2025-07-14,dnk,0,1,0.0,9.0
2025-07-14,ecu,0,3,0.0,10.0
2025-07-14,egy,0,1,0.0,3.0
2025-07-14,esp,0,3,0.0,5.666666666666667
2025-07-14,fin,0,1,0.0,9.0
2025-07-14,fra,0,4,0.0,11.0
2025-07-14,gbr,0,8,0.0,14.375
2025-07-14,gha,0,1,0.0,12.0
2025-07-14,grc,0,1,0.0,6.0
2025-07-14,hun,0,1,0.0,10.0
2025-07-14,idn,0,5,0.0,9.2
2025-07-14,ind,0,13,0.0,13.0
2025-07-14,irl,0,1,0.0,70.0
2025-07-14,ita,0,3,0.0,8.333333333333332
2025-07-14,jpn,0,3,0.0,5.333333333333333
2025-07-14,kor,0,9,0.0,8.0
2025-07-14,kwt,0,1,0.0,8.0
2025-07-14,lka,0,2,0.0,9.5
2025-07-14,mar,0,2,0.0,30.0
2025-07-14,mex,0,4,0.0,5.0
2025-07-14,moz,0,3,0.0,59.333333333333336
2025-07-14,nga,0,5,0.0,43.8
2025-07-14,nld,0,8,0.0,30.625
2025-07-14,per,0,2,0.0,5.0
2025-07-14,pol,0,1,0.0,6.0
2025-07-14,prt,0,16,0.0,14.6875
2025-07-14,pry,0,1,0.0,2.0
2025-07-14,qat,0,1,0.0,34.0
2025-07-14,rou,0,2,0.0,4.0
2025-07-14,rus,0,1,0.0,11.0
2025-07-14,sau,0,6,0.0,4.333333333333334
2025-07-14,sgp,0,1,0.0,10.0
2025-07-14,sle,0,1,0.0,34.0
2025-07-14,swe,0,1,0.0,7.0
2025-07-14,tha,0,1,0.0,8.0
2025-07-14,tto,0,1,0.0,53.0
2025-07-14,tur,0,2,0.0,9.0
2025-07-14,twn,0,2,0.0,6.0
2025-07-14,ukr,0,3,0.0,48.666666666666664
2025-07-14,ury,0,4,0.0,15.0
2025-07-14,usa,0,93,0.0,15.440860215053764
2025-07-14,ven,0,1,0.0,7.0
2025-07-14,vir,0,1,0.0,11.0
2025-07-14,vnm,0,2,0.0,4.5
2025-07-14,xkk,0,1,0.0,10.0
2025-07-15,ago,0,1,0.0,23.0
2025-07-15,arg,0,4,0.0,25.75
2025-07-15,arm,0,1,0.0,10.0
2025-07-15,aus,0,2,0.0,37.0
2025-07-15,aut,0,1,0.0,7.0
2025-07-15,aze,0,1,0.0,5.0
2025-07-15,bel,0,1,0.0,11.0
2025-07-15,ben,0,1,0.0,8.0
2025-07-15,bfa,0,1,0.0,10.0
2025-07-15,bgr,0,1,0.0,8.0
2025-07-15,bol,0,1,0.0,11.0
2025-07-15,brn,0,1,0.0,6.0
2025-07-15,can,0,10,0.0,14.3
2025-07-15,che,0,2,0.0,29.5
2025-07-15,chl,0,4,0.0,3.25
2025-07-15,chn,0,2,0.0,5.0
2025-07-15,civ,0,1,0.0,11.0
2025-07-15,cod,0,1,0.0,9.0
2025-07-15,cpv,0,1,0.0,24.0
2025-07-15,deu,0,5,0.0,7.4
2025-07-15,dom,0,1,0.0,6.0
2025-07-15,ecu,0,1,0.0,17.0
2025-07-15,esp,0,8,0.0,11.25
2025-07-15,est,0,1,0.0,4.0
2025-07-15,eth,0,1,0.0,4.0
2025-07-15,fra,0,5,0.0,5.0
2025-07-15,gbr,0,15,0.0,34.4
2025-07-15,idn,0,4,0.0,11.0
2025-07-15,ind,0,17,0.0,10.176470588235293
2025-07-15,irl,0,3,0.0,30.333333333333332
2025-07-15,ita,0,5,0.0,7.4
2025-07-15,kaz,0,1,0.0,5.0
2025-07-15,ken,0,1,0.0,12.0
2025-07-15,kor,0,9,0.0,7.111111111111111
2025-07-15,lux,0,1,0.0,6.0
2025-07-15,mar,0,2,0.0,20.0
2025-07-15,mdg,0,2,0.0,10.0
2025-07-15,mex,0,2,0.0,3.5
2025-07-15,mne,0,1,0.0,10.0
2025-07-15,moz,0,1,0.0,3.0
2025-07-15,mys,0,1,0.0,7.0
2025-07-15,nga,0,2,0.0,7.5
2025-07-15,nld,0,1,0.0,10.0
2025-07-15,nor,0,1,0.0,10.0
2025-07-15,nzl,0,3,0.0,48.0
2025-07-15,pak,0,1,0.0,75.0
2025-07-15,per,0,1,0.0,4.0
2025-07-15,phl,0,6,0.0,10.333333333333334
2025-07-15,pol,0,2,0.0,17.0
2025-07-15,prt,0,15,0.0,14.466666666666667
2025-07-15,pry,0,4,0.0,7.75
2025-07-15,rou,0,1,0.0,34.0
2025-07-15,rus,0,2,0.0,18.0
2025-07-15,sau,0,1,0.0,11.0
2025-07-15,sen,0,1,0.0,7.0
2025-07-15,sgp,0,1,0.0,2.0
2025-07-15,svn,0,1,0.0,6.0
2025-07-15,swe,0,1,0.0,9.0
2025-07-15,tcd,0,1,0.0,9.0
2025-07-15,tun,0,2,0.0,7.0
2025-07-15,uga,0,1,0.0,12.0
2025-07-15,ukr,0,1,0.0,18.0
2025-07-15,ury,0,1,0.0,34.0
2025-07-15,uzb,0,1,0.0,11.0
2025-07-15,ven,0,1,0.0,7.0
2025-07-15,zaf,0,1,0.0,10.0
2025-07-16,ago,0,3,0.0,8.333333333333332
2025-07-16,are,0,1,0.0,8.0
2025-07-16,arg,0,5,0.0,9.6
2025-07-16,arm,0,6,0.0,5.833333333333333
2025-07-16,aus,0,4,0.0,24.75
2025-07-16,bgd,0,4,0.0,9.0
2025-07-16,bgr,0,1,0.0,8.0
2025-07-16,bol,0,1,0.0,6.0
2025-07-16,can,0,12,0.0,22.75
2025-07-16,che,0,2,0.0,37.5
2025-07-16,chl,0,2,0.0,8.0
2025-07-16,chn,0,7,0.0,1.0
2025-07-16,cod,0,1,0.0,11.0
2025-07-16,col,0,1,0.0,11.0
2025-07-16,cuw,0,1,0.0,9.0
2025-07-16,cze,0,1,0.0,8.0
2025-07-16,deu,0,9,0.0,15.777777777777779
2025-07-16,dza,0,1,0.0,7.0
2025-07-16,esp,0,4,0.0,12.25
2025-07-16,fra,0,5,0.0,10.8
2025-07-16,gbr,0,20,0.0,30.4
2025-07-16,hun,0,1,0.0,11.0
2025-07-16,idn,0,3,0.0,15.333333333333334
2025-07-16,ind,0,12,0.0,11.583333333333334
2025-07-16,irl,0,1,0.0,10.0
2025-07-16,irq,0,1,0.0,11.0
2025-07-16,isr,0,2,0.0,8.0
2025-07-16,ita,0,11,0.0,9.0
2025-07-16,jpn,0,6,0.0,2.166666666666667
2025-07-16,kor,0,12,0.0,8.166666666666668
2025-07-16,kwt,0,2,0.0,5.0
2025-07-16,lux,0,1,0.0,15.0
2025-07-16,mex,0,5,0.0,6.8
2025-07-16,mmr,0,1,0.0,75.0
2025-07-16,moz,0,3,0.0,7.0
2025-07-16,nga,0,3,0.0,19.0
2025-07-16,nld,0,1,0.0,14.0
2025-07-16,nor,0,1,0.0,7.0
2025-07-16,nzl,0,1,0.0,51.0
2025-07-16,pak,0,1,0.0,13.0
2025-07-16,per,0,1,0.0,10.0
2025-07-16,phl,0,4,0.0,4.5
2025-07-16,pol,0,1,0.0,12.0
2025-07-16,prt,0,14,0.0,5.285714285714286
2025-07-16,pry,0,1,0.0,9.0
2025-07-16,pse,0,1,0.0,18.0
2025-07-16,sau,0,4,0.0,8.5
2025-07-16,sgp,0,15,0.0,1.5333333333333332
2025-07-16,slv,0,1,0.0,3.0
2025-07-16,swe,0,2,0.0,4.0
2025-07-16,tha,0,1,0.0,10.0
2025-07-16,tur,0,4,0.0,10.5
2025-07-16,ury,0,3,0.0,17.666666666666668
2025-07-16,ven,0,1,0.0,9.0
2025-07-16,vnm,0,3,0.0,4.0
2025-07-16,zaf,0,1,0.0,4.0
2025-07-17,ago,0,2,0.0,7.0
2025-07-17,are,0,2,0.0,10.0
2025-07-17,arg,0,6,0.0,13.333333333333334
2025-07-17,aus,0,5,0.0,13.4
2025-07-17,bel,0,1,0.0,6.0
2025-07-17,bol,0,1,0.0,8.0
2025-07-17,che,0,2,0.0,1.5
2025-07-17,chl,0,2,0.0,3.0
2025-07-17,civ,0,1,0.0,9.0
2025-07-17,cmr,0,1,0.0,5.0
2025-07-17,cod,0,1,0.0,7.0
2025-07-17,com,0,2,0.0,4.0
2025-07-17,deu,0,7,0.0,19.714285714285715
2025-07-17,dnk,0,1,0.0,5.0
2025-07-17,ecu,0,2,0.0,8.5
2025-07-17,egy,0,1,0.0,9.0
2025-07-17,esp,0,5,0.0,17.2
2025-07-17,est,0,1,0.0,9.0
2025-07-17,fra,0,4,0.0,15.25
2025-07-17,gbr,0,20,0.0,24.55
2025-07-17,gin,0,1,0.0,2.0
2025-07-17,grc,0,2,0.0,7.5
2025-07-17,gtm,0,2,0.0,8.5
2025-07-17,hti,0,1,0.0,28.0
2025-07-17,hun,0,1,0.0,6.0
2025-07-17,idn,0,6,0.0,10.333333333333334
2025-07-17,ind,0,7,0.0,15.428571428571429
2025-07-17,irl,0,3,0.0,41.666666666666664
2025-07-17,irn,0,1,0.0,11.0
2025-07-17,kor,0,9,0.0,5.555555555555555
2025-07-17,mdg,0,1,0.0,5.0
2025-07-17,mex,0,2,0.0,2.0
2025-07-17,mmr,0,1,0.0,2.0
2025-07-17,moz,0,1,0.0,3.0
2025-07-17,mys,0,1,0.0,58.0
2025-07-17,nga,0,4,0.0,14.25
2025-07-17,nor,0,1,0.0,19.0
2025-07-17,npl,0,1,0.0,11.0
2025-07-17,nzl,0,1,0.0,11.0
2025-07-17,pan,0,1,0.0,8.0
2025-07-17,per,0,1,0.0,2.0
2025-07-17,phl,0,1,0.0,1.0
2025-07-17,pol,0,3,0.0,5.333333333333333
2025-07-17,prt,0,17,0.0,12.058823529411764
2025-07-17,pry,0,1,0.0,13.0
2025-07-17,rou,0,1,0.0,8.0
2025-07-17,sau,0,2,0.0,7.0
2025-07-17,sgp,0,1,0.0,41.0
2025-07-17,syr,0,1,0.0,1.0
2025-07-17,tha,0,1,0.0,2.0
2025-07-17,tun,0,1,0.0,7.0
2025-07-17,tur,0,1,0.0,4.0
2025-07-17,twn,0,1,0.0,4.0
2025-07-17,uga,0,2,0.0,6.0
2025-07-17,ukr,0,1,0.0,6.0
2025-07-17,ury,0,1,0.0,1.0
2025-07-17,usa,0,71,0.0,16.281690140845072
2025-07-17,ven,0,1,0.0,8.0
2025-07-17,yem,0,1,0.0,8.0
2025-07-17,zaf,0,3,0.0,22.333333333333332
2025-07-18,ago,0,1,0.0,10.0
2025-07-18,alb,0,1,0.0,9.0
2025-07-18,arg,0,7,0.0,7.857142857142857
2025-07-18,aus,0,1,0.0,35.0
2025-07-18,aut,0,3,0.0,3.0
2025-07-18,bel,0,4,0.0,9.5
2025-07-18,bgd,0,1,0.0,13.0
2025-07-18,blr,0,1,0.0,89.0
2025-07-18,can,0,10,0.0,11.4
2025-07-18,che,0,3,0.0,27.0
2025-07-18,chl,0,5,0.0,9.4
2025-07-18,col,0,3,0.0,4.666666666666666
2025-07-18,com,0,1,0.0,2.0
2025-07-18,cri,0,1,0.0,4.0
2025-07-18,deu,0,8,0.0,14.0
2025-07-18,dom,0,1,0.0,62.0
2025-07-18,ecu,0,2,0.0,7.0
2025-07-18,esp,0,9,0.0,8.333333333333332
2025-07-18,fin,0,1,0.0,11.0
2025-07-18,gbr,0,16,0.0,35.125
2025-07-18,guy,0,1,0.0,1.0
2025-07-18,hun,0,1,0.0,9.0
2025-07-18,idn,0,3,0.0,18.333333333333332
2025-07-18,ind,0,6,0.0,10.666666666666666
2025-07-18,irl,0,1,0.0,10.0
2025-07-18,isl,0,1,0.0,40.0
2025-07-18,isr,0,2,0.0,21.0
2025-07-18,ita,0,6,0.0,11.5
2025-07-18,jor,0,1,0.0,11.0
2025-07-18,jpn,0,1,0.0,6.0
2025-07-18,kor,0,14,0.0,4.857142857142858
2025-07-18,kwt,0,1,0.0,8.0
2025-07-18,mar,0,3,0.0,6.333333333333333
2025-07-18,mex,0,2,0.0,40.5
2025-07-18,moz,0,2,0.0,7.0
2025-07-18,mys,0,1,0.0,11.0
2025-07-18,nga,0,7,0.0,69.42857142857143
2025-07-18,nld,0,1,0.0,8.0
2025-07-18,nor,0,1,0.0,10.0
2025-07-18,pak,0,2,0.0,14.0
2025-07-18,pan,0,2,0.0,9.5
2025-07-18,per,0,1,0.0,2.0
2025-07-18,phl,0,2,0.0,13.0
2025-07-18,pol,0,2,0.0,31.0
2025-07-18,pri,0,1,0.0,30.0
2025-07-18,prt,0,12,0.0,10.666666666666666
2025-07-18,pry,0,3,0.0,7.0
2025-07-18,rou,0,3,0.0,6.333333333333333
2025-07-18,rus,0,2,0.0,9.5
2025-07-18,sen,0,1,0.0,2.0
2025-07-18,sgp,0,1,0.0,8.0
2025-07-18,slv,0,1,0.0,7.0
2025-07-18,swe,0,1,0.0,9.0
2025-07-18,tgo,0,2,0.0,6.0
2025-07-18,tun,0,1,0.0,8.0
2025-07-18,twn,0,3,0.0,35.333333333333336
2025-07-18,ukr,0,1,0.0,31.0
2025-07-18,ury,0,2,0.0,20.0
2025-07-18,usa,0,66,0.0,19.696969696969695
2025-07-18,ven,0,2,0.0,9.5
2025-07-18,vnm,0,1,0.0,1.0
2025-07-18,zaf,0,2,0.0,16.0
2025-07-19,ago,0,1,0.0,11.0
2025-07-19,are,0,1,0.0,1.0
2025-07-19,arg,0,5,0.0,9.2
2025-07-19,aus,0,4,0.0,12.25
2025-07-19,bel,0,1,0.0,1.0
2025-07-19,bgd,0,1,0.0,12.0
2025-07-19,bol,0,1,0.0,5.0
2025-07-19,can,0,11,0.0,23.272727272727273
2025-07-19,che,0,4,0.0,29.0
2025-07-19,chl,0,2,0.0,10.5
2025-07-19,col,0,1,0.0,6.0
2025-07-19,cub,0,1,0.0,6.0
2025-07-19,deu,0,6,0.0,6.333333333333333
2025-07-19,dza,0,1,0.0,33.0
2025-07-19,esp,0,3,0.0,11.0
2025-07-19,eth,0,1,0.0,9.0
2025-07-19,fin,0,2,0.0,26.0
2025-07-19,fra,0,10,0.0,5.6
2025-07-19,gbr,0,10,0.0,19.6
2025-07-19,idn,0,2,0.0,28.5
2025-07-19,ind,0,5,0.0,18.8
2025-07-19,irl,0,2,0.0,14.5
2025-07-19,irq,0,1,0.0,1.0
2025-07-19,jpn,0,1,0.0,7.0
2025-07-19,ken,0,1,0.0,8.0
2025-07-19,kor,0,10,0.0,5.9
2025-07-19,mex,0,5,0.0,3.2
2025-07-19,mmr,0,1,0.0,11.0
2025-07-19,mys,0,1,0.0,1.0
2025-07-19,nga,0,2,0.0,5.0
2025-07-19,nld,0,2,0.0,4.5
2025-07-19,nor,0,1,0.0,34.0
2025-07-19,nzl,0,2,0.0,26.0
2025-07-19,pan,0,3,0.0,7.666666666666667
2025-07-19,phl,0,4,0.0,8.5
2025-07-19,pol,0,1,0.0,7.0
2025-07-19,prt,0,41,0.0,5.365853658536586
2025-07-19,pry,0,5,0.0,6.6
2025-07-19,rus,0,5,0.0,9.8
2025-07-19,sau,0,6,0.0,15.5
2025-07-19,sgp,0,1,0.0,4.0
2025-07-19,slv,0,1,0.0,4.0
2025-07-19,srb,0,4,0.0,11.5
2025-07-19,swe,0,1,0.0,3.0
2025-07-19,tcd,0,1,0.0,9.0
2025-07-19,tto,0,1,0.0,29.0
2025-07-19,tun,0,1,0.0,4.0
2025-07-19,tur,0,2,0.0,16.5
2025-07-19,twn,0,2,0.0,10.5
2025-07-19,uga,0,1,0.0,7.0
2025-07-19,ury,0,1,0.0,15.0
2025-07-19,usa,0,84,0.0,18.738095238095237
2025-07-19,ven,0,2,0.0,3.5
2025-07-19,vnm,0,1,0.0,8.0
2025-07-19,zaf,0,2,0.0,16.0
2025-07-20,are,0,1,0.0,10.0
2025-07-20,arg,0,7,0.0,5.857142857142857
2025-07-20,aus,0,3,0.0,34.333333333333336
2025-07-20,bel,0,2,0.0,5.0
2025-07-20,bfa,0,2,0.0,9.0
2025-07-20,bgd,0,2,0.0,5.5
2025-07-20,can,0,7,0.0,19.714285714285715
2025-07-20,che,0,7,0.0,10.571428571428571
2025-07-20,chl,0,1,0.0,12.0
2025-07-20,cmr,0,1,0.0,5.0
2025-07-20,col,0,3,0.0,5.0
2025-07-20,cyp,0,1,0.0,6.0
2025-07-20,cze,0,1,0.0,7.0
2025-07-20,deu,0,6,0.0,9.333333333333334
2025-07-20,dnk,0,1,0.0,8.0
2025-07-20,dza,0,1,0.0,1.0
2025-07-20,esp,0,3,0.0,9.0
2025-07-20,fra,0,14,0.0,12.0
2025-07-20,gbr,0,13,0.0,9.923076923076923
2025-07-20,glp,0,1,0.0,6.0
2025-07-20,grc,0,2,0.0,11.0
2025-07-20,hkg,0,1,0.0,8.0
2025-07-20,idn,0,2,0.0,15.5
2025-07-20,ind,0,2,0.0,7.0
2025-07-20,irq,0,1,0.0,1.0
2025-07-20,isr,0,1,0.0,1.0
2025-07-20,ita,0,3,0.0,7.666666666666667
2025-07-20,jor,0,1,0.0,42.0
2025-07-20,jpn,0,3,0.0,34.333333333333336
2025-07-20,khm,0,1,0.0,9.0
2025-07-20,kor,0,19,0.0,7.473684210526316
2025-07-20,kwt,0,1,0.0,30.0
2025-07-20,lka,0,1,0.0,1.0
2025-07-20,mar,0,1,0.0,4.0
2025-07-20,mex,0,2,0.0,2.5
2025-07-20,moz,0,2,0.0,12.0
2025-07-20,mus,0,1,0.0,4.0
2025-07-20,mys,0,2,0.0,3.5
2025-07-20,nga,0,3,0.0,10.0
2025-07-20,nld,0,2,0.0,11.0
2025-07-20,pak,0,2,0.0,50.0
2025-07-20,pan,0,1,0.0,4.0
2025-07-20,per,0,2,0.0,5.0
2025-07-20,phl,0,3,0.0,3.6666666666666665
2025-07-20,prt,0,47,0.0,6.914893617021277
2025-07-20,pry,0,2,0.0,4.5
2025-07-20,rou,0,2,0.0,6.5
2025-07-20,rus,0,1,0.0,9.0
2025-07-20,sau,0,3,0.0,16.333333333333336
2025-07-20,sgp,0,2,0.0,15.0
2025-07-20,srb,0,1,0.0,7.0
2025-07-20,tha,0,1,0.0,3.0
2025-07-20,tun,0,1,0.0,4.0
2025-07-20,tur,0,1,0.0,8.0
2025-07-20,twn,0,1,0.0,10.0
2025-07-20,ukr,0,2,0.0,62.0
2025-07-20,ury,0,3,0.0,21.333333333333332
2025-07-20,usa,0,99,0.0,14.181818181818182
2025-07-20,ven,0,1,0.0,6.0
2025-07-20,vnm,0,1,0.0,1.0
2025-07-21,ago,0,2,0.0,12.0
2025-07-21,alb,0,1,0.0,6.0
2025-07-21,are,0,1,0.0,8.0
2025-07-21,arg,0,16,0.0,12.0
2025-07-21,aus,0,5,0.0,26.4
2025-07-21,bgd,0,2,0.0,27.0
2025-07-21,blz,0,1,0.0,7.0
2025-07-21,can,0,17,0.0,17.88235294117647
2025-07-21,che,0,3,0.0,4.666666666666666
2025-07-21,chl,0,6,0.0,13.333333333333334
2025-07-21,chn,0,1,0.0,57.0
2025-07-21,cmr,0,3,0.0,5.0
2025-07-21,col,0,2,0.0,21.0
2025-07-21,cze,0,1,0.0,75.0
2025-07-21,deu,0,6,0.0,12.166666666666666
2025-07-21,dza,0,1,0.0,7.0
2025-07-21,egy,0,1,0.0,7.0
2025-07-21,esp,0,11,0.0,13.454545454545455
2025-07-21,est,0,1,0.0,8.0
2025-07-21,eth,0,1,0.0,9.0
2025-07-21,fin,0,1,0.0,3.0
2025-07-21,fra,0,13,0.0,5.6923076923076925
2025-07-21,gab,0,1,0.0,10.0
2025-07-21,gbr,0,9,0.0,15.333333333333334
2025-07-21,geo,0,1,0.0,6.0
2025-07-21,gin,0,2,0.0,8.0
2025-07-21,idn,0,3,0.0,6.666666666666667
2025-07-21,ind,0,6,0.0,11.0
2025-07-21,irl,0,1,0.0,13.0
2025-07-21,isr,0,1,0.0,6.0
2025-07-21,ita,0,3,0.0,33.333333333333336
2025-07-21,jpn,0,2,0.0,46.0
2025-07-21,ken,0,1,0.0,6.0
2025-07-21,kgz,0,1,0.0,83.0
2025-07-21,kor,0,20,0.0,6.15
2025-07-21,lka,0,2,0.0,7.5
2025-07-21,moz,0,1,0.0,8.0
2025-07-21,mys,0,5,0.0,11.2
2025-07-21,nga,0,5,0.0,12.8
2025-07-21,nld,0,4,0.0,29.5
2025-07-21,nor,0,2,0.0,9.0
2025-07-21,nzl,0,2,0.0,40.0
2025-07-21,per,0,4,0.0,2.5
2025-07-21,phl,0,3,0.0,3.3333333333333335
2025-07-21,pol,0,4,0.0,7.5
2025-07-21,prt,0,21,0.0,6.523809523809524
2025-07-21,pry,0,2,0.0,7.5
2025-07-21,rou,0,2,0.0,8.0
2025-07-21,rus,0,1,0.0,2.0
2025-07-21,sau,0,2,0.0,6.0
2025-07-21,sen,0,1,0.0,12.0
2025-07-21,svk,0,1,0.0,7.0
2025-07-21,twn,0,1,0.0,11.0
2025-07-21,ukr,0,2,0.0,62.5
2025-07-21,ury,0,9,0.0,10.333333333333334
2025-07-21,ven,0,2,0.0,4.0
2025-07-21,zaf,0,1,0.0,21.0
2025-07-22,afg,0,1,0.0,6.0
2025-07-22,ago,0,5,0.0,12.4
2025-07-22,arg,0,13,0.0,9.461538461538462
2025-07-22,atg,0,1,0.0,5.0
2025-07-22,aus,0,4,0.0,22.25
2025-07-22,bel,0,1,0.0,13.0
2025-07-22,bgd,0,1,0.0,10.0
2025-07-22,caf,0,1,0.0,7.0
2025-07-22,can,0,4,0.0,38.75
2025-07-22,che,0,7,0.0,13.714285714285714
2025-07-22,chl,0,2,0.0,7.5
2025-07-22,chn,0,1,0.0,25.0
2025-07-22,civ,0,2,0.0,21.0
2025-07-22,cod,0,1,0.0,6.0
2025-07-22,col,0,5,0.0,6.0
2025-07-22,cri,0,1,0.0,10.0
2025-07-22,deu,0,7,0.0,19.285714285714285
2025-07-22,ecu,0,3,0.0,7.666666666666667
2025-07-22,egy,0,2,0.0,2.0
2025-07-22,esp,0,3,0.0,4.0
2025-07-22,est,0,1,0.0,1.0
2025-07-22,fra,0,12,0.0,7.25
2025-07-22,gbr,0,16,0.0,7.0
2025-07-22,gib,0,1,0.0,1.0
2025-07-22,grc,0,1,0.0,14.0
2025-07-22,gtm,0,1,0.0,16.0
2025-07-22,hkg,0,1,0.0,9.0
2025-07-22,hun,0,1,0.0,7.0
2025-07-22,idn,0,5,0.0,7.4
2025-07-22,ind,0,3,0.0,29.333333333333332
2025-07-22,irl,0,1,0.0,5.0
2025-07-22,jpn,0,1,0.0,12.0
2025-07-22,kor,0,11,0.0,4.363636363636363
2025-07-22,kwt,0,1,0.0,5.0
2025-07-22,mex,0,2,0.0,2.0
2025-07-22,mys,0,2,0.0,12.5
2025-07-22,nga,0,3,0.0,22.666666666666668
2025-07-22,nic,0,1,0.0,5.0
2025-07-22,nld,0,6,0.0,54.5
2025-07-22,nor,0,1,0.0,5.0
2025-07-22,nzl,0,4,0.0,40.5
2025-07-22,pak,0,1,0.0,7.0
2025-07-22,per,0,3,0.0,5.333333333333333
2025-07-22,phl,0,1,0.0,5.0
2025-07-22,pol,0,8,0.0,6.375
2025-07-22,pri,0,1,0.0,14.0
2025-07-22,prt,0,19,0.0,17.473684210526315
2025-07-22,slv,0,1,0.0,5.0
2025-07-22,som,0,1,0.0,7.0
2025-07-22,sur,0,1,0.0,4.0
2025-07-22,svn,0,1,0.0,4.0
2025-07-22,swe,0,1,0.0,17.0
2025-07-22,syr,0,1,0.0,6.0
2025-07-22,tha,0,1,0.0,10.0
2025-07-22,tur,0,2,0.0,6.0
2025-07-22,ukr,0,1,0.0,1.0
2025-07-22,ury,0,3,0.0,16.666666666666664
2025-07-22,usa,0,109,0.0,18.31192660550459
2025-07-22,ven,0,3,0.0,5.0
2025-07-22,vnm,0,3,0.0,13.666666666666666
2025-07-22,zaf,0,2,0.0,18.0
2025-07-22,zwe,0,2,0.0,88.5
2025-07-23,ago,0,4,0.0,2.0
2025-07-23,are,0,1,0.0,1.0
2025-07-23,arg,0,18,0.0,20.72222222222222
2025-07-23,aus,0,4,0.0,18.0
2025-07-23,aut,0,1,0.0,6.0
2025-07-23,aze,0,1,0.0,10.0
2025-07-23,bel,0,2,0.0,9.5
2025-07-23,bhr,0,1,0.0,4.0
2025-07-23,caf,0,1,0.0,13.0
2025-07-23,can,0,9,0.0,13.555555555555555
2025-07-23,chl,0,3,0.0,13.666666666666666
2025-07-23,cod,0,1,0.0,8.0
2025-07-23,col,0,3,0.0,6.333333333333333
2025-07-23,cri,0,1,0.0,4.0
2025-07-23,deu,0,9,0.0,5.222222222222222
2025-07-23,dnk,0,2,0.0,4.5
2025-07-23,dom,0,1,0.0,3.0
2025-07-23,ecu,0,4,0.0,11.5
2025-07-23,esp,0,8,0.0,15.25
2025-07-23,fra,0,5,0.0,13.8
2025-07-23,gbr,0,5,0.0,8.6
2025-07-23,hrv,0,2,0.0,4.5
2025-07-23,idn,0,6,0.0,6.333333333333333
2025-07-23,ind,0,9,0.0,30.0
2025-07-23,irn,0,3,0.0,9.0
2025-07-23,isr,0,1,0.0,1.0
2025-07-23,ita,0,3,0.0,12.0
2025-07-23,jpn,0,1,0.0,89.0
2025-07-23,khm,0,1,0.0,8.0
2025-07-23,kor,0,10,0.0,3.7
2025-07-23,lux,0,2,0.0,18.5
2025-07-23,mex,0,3,0.0,1.3333333333333333
2025-07-23,moz,0,1,0.0,8.0
2025-07-23,mwi,0,1,0.0,9.0
2025-07-23,mys,0,1,0.0,23.0
2025-07-23,nga,0,1,0.0,33.0
2025-07-23,nld,0,2,0.0,8.0
2025-07-23,nor,0,1,0.0,6.0
2025-07-23,nzl,0,1,0.0,10.0
2025-07-23,per,0,1,0.0,5.0
2025-07-23,phl,0,3,0.0,11.0
2025-07-23,pol,0,6,0.0,5.833333333333333
2025-07-23,prt,0,18,0.0,18.5
2025-07-23,pry,0,5,0.0,7.4
2025-07-23,rus,0,1,0.0,2.0
2025-07-23,sgp,0,1,0.0,1.0
2025-07-23,slv,0,1,0.0,1.0
2025-07-23,svk,0,2,0.0,12.0
2025-07-23,swe,0,1,0.0,5.0
2025-07-23,tha,0,1,0.0,1.0
2025-07-23,uga,0,1,0.0,5.0
2025-07-23,ukr,0,1,0.0,7.0
2025-07-23,ury,0,5,0.0,12.2
2025-07-23,usa,0,109,0.0,12.752293577981652
2025-07-23,vct,0,1,0.0,10.0
2025-07-23,ven,0,1,0.0,5.0
2025-07-23,vnm,0,2,0.0,7.5
2025-07-23,xkk,0,1,0.0,5.0
2025-07-23,zaf,0,2,0.0,41.0
2025-07-24,ago,0,1,0.0,12.0
2025-07-24,are,0,2,0.0,8.5
2025-07-24,arg,0,11,0.0,28.09090909090909
2025-07-24,aus,0,4,0.0,32.5
2025-07-24,ben,0,1,0.0,10.0
2025-07-24,bgd,0,1,0.0,29.0
2025-07-24,can,0,8,0.0,11.75
2025-07-24,che,0,5,0.0,6.6
2025-07-24,col,0,3,0.0,9.666666666666666
2025-07-24,deu,0,6,0.0,13.666666666666666
2025-07-24,dza,0,1,0.0,8.0
2025-07-24,ecu,0,2,0.0,7.0
2025-07-24,esp,0,2,0.0,48.5
2025-07-24,fra,0,5,0.0,17.6
2025-07-24,gbr,0,6,0.0,14.5
2025-07-24,gin,0,1,0.0,6.0
2025-07-24,gnb,0,1,0.0,6.0
2025-07-24,hkg,0,2,0.0,7.0
2025-07-24,idn,0,4,0.0,7.25
2025-07-24,ind,0,9,0.0,39.55555555555556
2025-07-24,irl,0,1,0.0,9.0
2025-07-24,isr,0,2,0.0,9.5
2025-07-24,jor,0,1,0.0,13.0
2025-07-24,jpn,0,1,0.0,95.0
2025-07-24,kor,0,2,0.0,5.0
2025-07-24,lbn,0,1,0.0,4.0
2025-07-24,lux,0,1,0.0,41.0
2025-07-24,mar,0,3,0.0,2.333333333333333
2025-07-24,mys,0,3,0.0,12.0
2025-07-24,nga,0,2,0.0,43.0
2025-07-24,nld,0,1,0.0,12.0
2025-07-24,nor,0,1,0.0,49.0
2025-07-24,pak,0,1,0.0,12.0
2025-07-24,phl,0,2,0.0,11.5
2025-07-24,pol,0,7,0.0,5.714285714285714
2025-07-24,prt,0,24,0.0,20.0
2025-07-24,pry,0,8,0.0,8.0
2025-07-24,sau,0,2,0.0,4.0
2025-07-24,sgp,0,3,0.0,3.3333333333333335
2025-07-24,srb,0,2,0.0,1.5
2025-07-24,swe,0,1,0.0,4.0
2025-07-24,tha,0,3,0.0,13.666666666666666
2025-07-24,tun,0,1,0.0,4.0
2025-07-24,twn,0,3,0.0,7.666666666666667
2025-07-24,ury,0,5,0.0,9.2
2025-07-24,usa,0,91,0.0,14.065934065934066
2025-07-24,ven,0,2,0.0,10.0
2025-07-24,vnm,0,2,0.0,13.0
2025-07-24,zaf,0,1,0.0,10.0
2025-07-25,ago,0,5,0.0,27.4
2025-07-25,are,0,3,0.0,23.333333333333332
2025-07-25,arg,0,8,0.0,24.125
2025-07-25,aus,0,2,0.0,35.5
2025-07-25,bel,0,1,0.0,5.0
2025-07-25,bol,0,3,0.0,5.333333333333333
2025-07-25,che,0,1,0.0,8.0
2025-07-25,chl,0,3,0.0,6.0
2025-07-25,chn,0,1,0.0,17.0
2025-07-25,cmr,0,3,0.0,10.0
2025-07-25,col,0,2,0.0,14.0
2025-07-25,cpv,0,1,0.0,5.0
2025-07-25,deu,0,7,0.0,12.142857142857142
2025-07-25,ecu,0,2,0.0,20.0
2025-07-25,esp,0,2,0.0,6.5
2025-07-25,fin,0,3,0.0,24.333333333333332
2025-07-25,fra,0,12,0.0,10.0
2025-07-25,gbr,0,6,0.0,5.5
2025-07-25,grd,0,1,0.0,11.0
2025-07-25,hkg,0,1,0.0,4.0
2025-07-25,idn,0,7,0.0,9.0
2025-07-25,ind,0,9,0.0,23.444444444444443
2025-07-25,irl,0,5,0.0,15.2
2025-07-25,irq,0,1,0.0,35.0
2025-07-25,ita,0,1,0.0,18.0
2025-07-25,jpn,0,3,0.0,38.666666666666664
2025-07-25,ken,0,1,0.0,5.0
2025-07-25,kor,0,4,0.0,6.0
2025-07-25,mar,0,4,0.0,5.5
2025-07-25,mex,0,3,0.0,31.0
2025-07-25,mmr,0,1,0.0,1.0
2025-07-25,moz,0,1,0.0,7.0
2025-07-25,mys,0,1,0.0,5.0
2025-07-25,nga,0,6,0.0,40.5
2025-07-25,nic,0,1,0.0,1.0
2025-07-25,nld,0,3,0.0,20.333333333333332
2025-07-25,nor,0,1,0.0,34.0
2025-07-25,nzl,0,4,0.0,45.5
2025-07-25,pak,0,1,0.0,15.0
2025-07-25,pan,0,1,0.0,9.0
2025-07-25,phl,0,2,0.0,13.5
2025-07-25,pol,0,6,0.0,6.666666666666667
2025-07-25,prt,0,16,0.0,15.0625
2025-07-25,pry,0,2,0.0,4.0
2025-07-25,rus,0,6,0.0,12.333333333333334
2025-07-25,sau,0,2,0.0,3.0
2025-07-25,sen,0,1,0.0,8.0
2025-07-25,slv,0,1,0.0,7.0
2025-07-25,tha,0,2,0.0,18.0
2025-07-25,twn,0,1,0.0,10.0
2025-07-25,uga,0,1,0.0,7.0
2025-07-25,vnm,0,1,0.0,20.0
2025-07-25,zaf,0,5,0.0,28.6
2025-07-26,ago,0,4,0.0,16.5
2025-07-26,are,0,2,0.0,9.5
2025-07-26,arg,0,7,0.0,21.571428571428573
2025-07-26,aus,0,4,0.0,7.0
2025-07-26,aut,0,1,0.0,9.0
2025-07-26,bel,0,1,0.0,12.0
2025-07-26,blz,0,1,0.0,20.0
2025-07-26,can,0,6,0.0,17.5
2025-07-26,che,0,1,0.0,29.0
2025-07-26,chl,0,1,0.0,20.0
2025-07-26,deu,0,1,0.0,12.0
2025-07-26,dnk,0,2,0.0,12.5
2025-07-26,dom,0,1,0.0,8.0
2025-07-26,ecu,0,2,0.0,6.0
2025-07-26,egy,0,1,0.0,15.0
2025-07-26,esp,0,3,0.0,7.0
2025-07-26,eth,0,1,0.0,9.0
2025-07-26,fin,0,1,0.0,44.0
2025-07-26,fra,0,3,0.0,15.333333333333334
2025-07-26,gbr,0,13,0.0,22.46153846153846
2025-07-26,gha,0,1,0.0,1.0
2025-07-26,idn,0,3,0.0,20.0
2025-07-26,ind,0,8,0.0,20.875
2025-07-26,irl,0,5,0.0,10.6
2025-07-26,irq,0,2,0.0,10.0
2025-07-26,isr,0,3,0.0,1.3333333333333333
2025-07-26,ita,0,2,0.0,17.0
2025-07-26,jpn,0,8,0.0,7.125
2025-07-26,khm,0,2,0.0,28.0
2025-07-26,kor,0,1,0.0,19.0
2025-07-26,lka,0,2,0.0,8.0
2025-07-26,mmr,0,1,0.0,1.0
2025-07-26,moz,0,5,0.0,9.2
2025-07-26,mys,0,1,0.0,11.0
2025-07-26,nga,0,3,0.0,36.333333333333336
2025-07-26,nld,0,1,0.0,14.0
2025-07-26,nor,0,2,0.0,4.0
2025-07-26,nzl,0,1,0.0,16.0
2025-07-26,pak,0,2,0.0,25.5
2025-07-26,phl,0,1,0.0,31.0
2025-07-26,pol,0,3,0.0,8.0
2025-07-26,prt,0,11,0.0,22.181818181818183
2025-07-26,pry,0,5,0.0,7.8
2025-07-26,rou,0,1,0.0,5.0
2025-07-26,swe,0,4,0.0,26.25
2025-07-26,tha,0,2,0.0,23.0
2025-07-26,tto,0,1,0.0,16.0
2025-07-26,tur,0,2,0.0,6.0
2025-07-26,twn,0,2,0.0,7.5
2025-07-26,ury,0,3,0.0,19.333333333333332
2025-07-26,uzb,0,1,0.0,38.0
2025-07-26,vnm,0,2,0.0,26.5
2025-07-26,zaf,0,2,0.0,9.0
2025-07-27,ago,0,5,0.0,5.4
2025-07-27,are,0,3,0.0,8.333333333333332
2025-07-27,arg,0,9,0.0,18.555555555555557
2025-07-27,bel,0,3,0.0,10.666666666666666
2025-07-27,bgd,0,3,0.0,28.0
2025-07-27,can,0,5,0.0,24.2
2025-07-27,che,0,4,0.0,6.25
2025-07-27,cpv,0,1,0.0,6.0
2025-07-27,deu,0,7,0.0,12.428571428571429
2025-07-27,dnk,0,1,0.0,9.0
2025-07-27,egy,0,2,0.0,17.0
2025-07-27,esp,0,2,0.0,5.0
2025-07-27,fin,0,2,0.0,85.0
2025-07-27,fra,0,7,0.0,8.857142857142858
2025-07-27,gbr,0,6,0.0,31.833333333333332
2025-07-27,grc,0,1,0.0,1.0
2025-07-27,hkg,0,1,0.0,4.0
2025-07-27,hun,0,1,0.0,50.0
2025-07-27,idn,0,4,0.0,17.5
2025-07-27,ind,0,6,0.0,23.0
2025-07-27,irl,0,4,0.0,19.0
2025-07-27,jpn,0,1,0.0,11.0
2025-07-27,ken,0,1,0.0,41.0
2025-07-27,kor,0,3,0.0,19.333333333333332
2025-07-27,lbn,0,1,0.0,8.0
2025-07-27,lbr,0,1,0.0,27.0
2025-07-27,lux,0,2,0.0,9.5
2025-07-27,mex,0,1,0.0,1.0
2025-07-27,mlt,0,1,0.0,9.0
2025-07-27,mne,0,1,0.0,9.0
2025-07-27,moz,0,4,0.0,4.75
2025-07-27,mys,0,1,0.0,5.0
2025-07-27,nld,0,4,0.0,12.75
2025-07-27,nzl,0,2,0.0,8.0
2025-07-27,pak,0,4,0.0,34.0
2025-07-27,per,0,1,0.0,4.0
2025-07-27,phl,0,3,0.0,47.0
2025-07-27,pol,0,6,0.0,6.0
2025-07-27,prt,0,10,0.0,29.5
2025-07-27,pry,0,2,0.0,7.0
2025-07-27,sau,0,4,0.0,4.5
2025-07-27,stp,0,1,0.0,5.0
2025-07-27,svk,0,1,0.0,10.0
2025-07-27,tgo,0,1,0.0,8.0
2025-07-27,tha,0,1,0.0,3.0
2025-07-27,tur,0,2,0.0,7.5
2025-07-27,ury,0,4,0.0,29.75
2025-07-27,usa,0,146,0.0,23.184931506849313
2025-07-27,vnm,0,2,0.0,7.5
2025-07-27,zaf,0,2,0.0,7.0
2025-07-28,abw,0,1,0.0,1.0
2025-07-28,ago,0,1,0.0,8.0
2025-07-28,alb,0,1,0.0,10.0
2025-07-28,are,0,1,0.0,1.0
2025-07-28,arg,0,8,0.0,12.125
2025-07-28,bel,0,2,0.0,6.0
2025-07-28,bfa,0,1,0.0,11.0
2025-07-28,bol,0,2,0.0,5.0
2025-07-28,can,0,15,0.0,18.6
2025-07-28,che,0,3,0.0,5.666666666666667
2025-07-28,chl,0,4,0.0,9.5
2025-07-28,chn,0,1,0.0,6.0
2025-07-28,col,0,2,0.0,7.0
2025-07-28,cri,0,1,0.0,8.0
2025-07-28,cyp,0,1,0.0,6.0
2025-07-28,dza,0,2,0.0,26.5
2025-07-28,ecu,0,6,0.0,7.666666666666667
2025-07-28,egy,0,4,0.0,10.5
2025-07-28,esp,0,5,0.0,21.4
2025-07-28,eth,0,1,0.0,11.0
2025-07-28,fra,0,6,0.0,28.666666666666668
2025-07-28,gha,0,1,0.0,20.0
2025-07-28,hkg,0,1,0.0,5.0
2025-07-28,idn,0,5,0.0,17.8
2025-07-28,irl,0,2,0.0,37.5
2025-07-28,ita,0,6,0.0,11.833333333333334
2025-07-28,jpn,0,4,0.0,20.25
2025-07-28,kor,0,1,0.0,6.0
2025-07-28,lka,0,1,0.0,15.0
2025-07-28,lux,0,1,0.0,11.0
2025-07-28,mar,0,1,0.0,8.0
2025-07-28,mex,0,3,0.0,28.666666666666668
2025-07-28,moz,0,1,0.0,4.0
2025-07-28,mys,0,1,0.0,8.0
2025-07-28,nga,0,3,0.0,16.0
2025-07-28,nld,0,2,0.0,7.0
2025-07-28,npl,0,1,0.0,90.0
2025-07-28,nzl,0,1,0.0,6.0
2025-07-28,pak,0,2,0.0,33.5
2025-07-28,pan,0,1,0.0,10.0
2025-07-28,phl,0,6,0.0,13.333333333333334
2025-07-28,pol,0,3,0.0,6.666666666666667
2025-07-28,prt,0,25,0.0,20.08
2025-07-28,pry,0,3,0.0,9.0
2025-07-28,rou,0,1,0.0,8.0
2025-07-28,slv,0,1,0.0,5.0
2025-07-28,srb,0,1,0.0,9.0
2025-07-28,swe,0,1,0.0,7.0
2025-07-28,tgo,0,1,0.0,7.0
2025-07-28,tha,0,1,0.0,13.0
2025-07-28,tur,0,3,0.0,34.0
2025-07-28,twn,0,2,0.0,7.5
2025-07-28,tza,0,1,0.0,12.0
2025-07-28,ukr,0,3,0.0,48.0
2025-07-28,ury,0,1,0.0,15.0
2025-07-28,usa,0,94,0.0,18.872340425531913
2025-07-28,ven,0,1,0.0,7.0
2025-07-28,vnm,0,2,0.0,16.5
2025-07-28,zaf,0,1,0.0,4.0
2025-07-29,ago,0,4,0.0,13.25
2025-07-29,are,0,1,0.0,17.0
2025-07-29,arg,0,11,0.0,7.0
2025-07-29,aus,0,4,0.0,9.75
2025-07-29,bgd,0,3,0.0,25.0
2025-07-29,blr,0,1,0.0,5.0
2025-07-29,can,0,5,0.0,25.4
2025-07-29,che,0,3,0.0,22.333333333333332
2025-07-29,chl,0,6,0.0,8.833333333333332
2025-07-29,chn,0,3,0.0,2.666666666666667
2025-07-29,col,0,3,0.0,12.333333333333334
2025-07-29,deu,0,1,0.0,5.0
2025-07-29,dnk,0,1,0.0,5.0
2025-07-29,ecu,0,2,0.0,11.0
2025-07-29,egy,0,1,0.0,11.0
2025-07-29,esp,0,3,0.0,5.0
2025-07-29,fin,0,1,0.0,2.0
2025-07-29,fra,0,5,0.0,7.2
2025-07-29,gbr,0,11,0.0,19.636363636363637
2025-07-29,geo,0,1,0.0,27.0
2025-07-29,grc,0,1,0.0,6.0
2025-07-29,idn,0,9,0.0,18.77777777777778
2025-07-29,ind,0,15,0.0,16.866666666666667
2025-07-29,irl,0,1,0.0,12.0
2025-07-29,irq,0,1,0.0,17.0
2025-07-29,isr,0,2,0.0,16.5
2025-07-29,ita,0,4,0.0,22.75
2025-07-29,jpn,0,3,0.0,3.0
2025-07-29,kor,0,4,0.0,12.5
2025-07-29,lbn,0,1,0.0,6.0
2025-07-29,mda,0,1,0.0,14.0
2025-07-29,mex,0,4,0.0,9.5
2025-07-29,mmr,0,1,0.0,5.0
2025-07-29,moz,0,2,0.0,37.0
2025-07-29,nld,0,4,0.0,4.0
2025-07-29,nor,0,1,0.0,9.0
2025-07-29,nzl,0,2,0.0,13.0
2025-07-29,pak,0,2,0.0,12.5
2025-07-29,pan,0,1,0.0,31.0
2025-07-29,per,0,1,0.0,6.0
2025-07-29,phl,0,7,0.0,19.571428571428573
2025-07-29,pol,0,3,0.0,24.333333333333332
2025-07-29,prt,0,24,0.0,11.291666666666666
2025-07-29,pry,0,4,0.0,8.25
2025-07-29,qat,0,1,0.0,15.0
2025-07-29,rou,0,1,0.0,8.0
2025-07-29,rus,0,2,0.0,19.5
2025-07-29,sau,0,2,0.0,10.0
2025-07-29,swe,0,1,0.0,81.0
2025-07-29,tur,0,3,0.0,6.333333333333333
2025-07-29,ury,0,3,0.0,6.0
2025-07-29,vnm,0,1,0.0,5.0
2025-07-29,zaf,0,1,0.0,11.0
2025-07-30,ago,0,1,0.0,6.0
2025-07-30,arg,0,13,0.0,23.0
2025-07-30,aus,0,2,0.0,9.5
2025-07-30,bel,0,3,0.0,10.666666666666666
2025-07-30,bgd,0,4,0.0,11.0
2025-07-30,bol,0,2,0.0,6.0
2025-07-30,can,0,8,0.0,9.25
2025-07-30,che,0,1,0.0,7.0
2025-07-30,chl,0,5,0.0,9.2
2025-07-30,chn,0,1,0.0,3.0
2025-07-30,col,0,3,0.0,9.0
2025-07-30,deu,0,4,0.0,14.0
2025-07-30,dza,0,1,0.0,6.0
2025-07-30,ecu,0,5,0.0,7.2
2025-07-30,egy,0,2,0.0,6.5
2025-07-30,esp,0,2,0.0,1.5
2025-07-30,fin,0,5,0.0,16.4
2025-07-30,fra,0,2,0.0,6.0
2025-07-30,gbr,0,7,0.0,12.857142857142858
2025-07-30,idn,0,1,0.0,13.0
2025-07-30,ind,0,12,0.0,45.5
2025-07-30,irl,0,1,0.0,1.0
2025-07-30,irq,0,1,0.0,17.0
2025-07-30,isr,0,1,0.0,48.0
2025-07-30,ita,0,4,0.0,23.25
2025-07-30,jpn,0,1,0.0,7.0
2025-07-30,ken,0,1,0.0,3.0
2025-07-30,kor,0,2,0.0,11.0
2025-07-30,lka,0,1,0.0,8.0
2025-07-30,mar,0,2,0.0,10.0
2025-07-30,mex,0,6,0.0,21.166666666666668
2025-07-30,mkd,0,1,0.0,3.0
2025-07-30,mmr,0,1,0.0,4.0
2025-07-30,moz,0,3,0.0,10.666666666666666
2025-07-30,mys,0,3,0.0,5.333333333333333
2025-07-30,nga,0,1,0.0,11.0
2025-07-30,nld,0,3,0.0,8.666666666666668
2025-07-30,npl,0,1,0.0,3.0
2025-07-30,nzl,0,2,0.0,10.0
2025-07-30,pak,0,2,0.0,32.5
2025-07-30,phl,0,2,0.0,6.0
2025-07-30,pol,0,4,0.0,5.0
2025-07-30,prt,0,19,0.0,19.157894736842106
2025-07-30,pry,0,5,0.0,11.0
2025-07-30,rus,0,3,0.0,9.666666666666666
2025-07-30,sau,0,1,0.0,1.0
2025-07-30,sgp,0,1,0.0,17.0
2025-07-30,srb,0,2,0.0,13.5
2025-07-30,tur,0,3,0.0,12.666666666666666
2025-07-30,usa,0,109,0.0,12.990825688073395
2025-07-30,ven,0,3,0.0,26.666666666666668
2025-07-30,vnm,0,3,0.0,12.333333333333334
2025-07-30,xkk,0,1,0.0,12.0
2025-07-30,zaf,0,2,0.0,15.5
2025-07-31,ago,0,4,0.0,3.0
2025-07-31,are,0,1,0.0,4.0
2025-07-31,arg,0,4,0.0,21.5
2025-07-31,aus,0,4,0.0,33.75
2025-07-31,bel,0,2,0.0,12.0
2025-07-31,bgd,0,2,0.0,13.5
2025-07-31,bih,0,1,0.0,3.0
2025-07-31,bol,0,1,0.0,5.0
2025-07-31,can,0,6,0.0,11.0
2025-07-31,chl,0,1,0.0,3.0
2025-07-31,cmr,0,1,0.0,5.0
2025-07-31,dnk,0,1,0.0,9.0
2025-07-31,ecu,0,7,0.0,12.857142857142858
2025-07-31,egy,0,1,0.0,9.0
2025-07-31,eth,0,1,0.0,9.0
2025-07-31,fra,0,4,0.0,10.0
2025-07-31,gbr,0,9,0.0,17.77777777777778
2025-07-31,geo,0,1,0.0,4.0
2025-07-31,grc,0,1,0.0,11.0
2025-07-31,ind,0,9,0.0,4.111111111111111
2025-07-31,irl,0,6,0.0,12.0
2025-07-31,irq,0,4,0.0,19.25
2025-07-31,isr,0,2,0.0,11.0
2025-07-31,ita,0,8,0.0,12.0
2025-07-31,jor,0,1,0.0,13.0
2025-07-31,jpn,0,2,0.0,6.5
2025-07-31,ken,0,1,0.0,3.0
2025-07-31,mex,0,4,0.0,15.25
2025-07-31,mlt,0,1,0.0,6.0
2025-07-31,mng,0,1,0.0,38.0
2025-07-31,moz,0,4,0.0,3.75
2025-07-31,mys,0,1,0.0,5.0
2025-07-31,nga,0,10,0.0,30.2
2025-07-31,nld,0,4,0.0,7.5
2025-07-31,omn,0,1,0.0,16.0
2025-07-31,pak,0,2,0.0,6.0
2025-07-31,per,0,2,0.0,19.5
2025-07-31,phl,0,4,0.0,6.5
2025-07-31,pol,0,2,0.0,4.5
2025-07-31,prt,0,16,0.0,17.5625
2025-07-31,pry,0,1,0.0,6.0
2025-07-31,sau,0,1,0.0,8.0
2025-07-31,srb,0,1,0.0,10.0
2025-07-31,svn,0,1,0.0,6.0
2025-07-31,tha,0,1,0.0,3.0
2025-07-31,tun,0,1,0.0,18.0
2025-07-31,tur,0,1,0.0,6.0
2025-07-31,twn,0,1,0.0,7.0
2025-07-31,ukr,0,1,0.0,2.0
2025-07-31,ury,0,4,0.0,12.25
2025-07-31,usa,0,166,0.0,22.240963855421686
2025-07-31,ven,0,2,0.0,12.5
2025-07-31,zaf,0,3,0.0,15.666666666666666
2025-08-01,ago,0,1,0.0,4.0
2025-08-01,are,0,1,0.0,36.0
2025-08-01,arg,0,10,0.0,9.9
2025-08-01,aus,0,3,0.0,42.666666666666664
2025-08-01,bdi,0,1,0.0,11.0
2025-08-01,bel,0,2,0.0,2.0
2025-08-01,can,0,7,0.0,15.428571428571429
2025-08-01,che,0,2,0.0,11.0
2025-08-01,chl,0,4,0.0,13.25
2025-08-01,col,0,1,0.0,7.0
2025-08-01,deu,0,6,0.0,15.666666666666666
2025-08-01,ecu,0,3,0.0,10.666666666666666
2025-08-01,esp,0,2,0.0,6.5
2025-08-01,fra,0,4,0.0,16.75
2025-08-01,gbr,0,10,0.0,17.5
2025-08-01,grc,0,1,0.0,6.0
2025-08-01,idn,0,6,0.0,8.5
2025-08-01,ind,0,7,0.0,18.142857142857142
2025-08-01,irl,0,1,0.0,6.0
2025-08-01,irq,0,2,0.0,17.0
2025-08-01,ita,0,5,0.0,14.0
2025-08-01,jpn,0,2,0.0,5.5
2025-08-01,kna,0,1,0.0,79.0
2025-08-01,kor,0,4,0.0,17.0
2025-08-01,mar,0,1,0.0,11.0
2025-08-01,mex,0,3,0.0,34.0
2025-08-01,moz,0,1,0.0,12.0
2025-08-01,mwi,0,1,0.0,71.0
2025-08-01,mys,0,1,0.0,6.0
2025-08-01,nld,0,2,0.0,9.0
2025-08-01,nzl,0,2,0.0,54.0
2025-08-01,pak,0,2,0.0,24.5
2025-08-01,pan,0,1,0.0,38.0
2025-08-01,per,0,1,0.0,33.0
2025-08-01,prt,0,16,0.0,14.875
2025-08-01,pry,0,1,0.0,8.0
2025-08-01,rou,0,2,0.0,1.0
2025-08-01,rus,0,1,0.0,38.0
2025-08-01,sgp,0,1,0.0,5.0
2025-08-01,slv,0,1,0.0,7.0
2025-08-01,tur,0,4,0.0,31.5
2025-08-01,ukr,0,2,0.0,13.5
2025-08-01,ury,0,3,0.0,14.333333333333334
2025-08-01,usa,0,103,0.0,16.41747572815534
2025-08-01,ven,0,4,0.0,24.0
2025-08-01,vnm,0,1,0.0,6.0
2025-08-01,zaf,0,3,0.0,45.666666666666664
2025-08-02,ago,0,2,0.0,6.0
2025-08-02,and,0,1,0.0,8.0
2025-08-02,are,0,1,0.0,8.0
2025-08-02,arg,0,9,0.0,30.666666666666668
2025-08-02,aus,0,1,0.0,96.0
2025-08-02,aze,0,1,0.0,16.0
2025-08-02,bel,0,3,0.0,5.0
2025-08-02,ben,0,1,0.0,5.0
2025-08-02,bgd,0,2,0.0,5.5
2025-08-02,can,0,9,0.0,15.555555555555555
2025-08-02,che,0,1,0.0,3.0
2025-08-02,chl,0,5,0.0,7.0
2025-08-02,civ,0,1,0.0,11.0
2025-08-02,cmr,0,1,0.0,12.0
2025-08-02,col,0,2,0.0,17.5
2025-08-02,cri,0,1,0.0,20.0
2025-08-02,deu,0,7,0.0,24.428571428571427
2025-08-02,ecu,0,2,0.0,13.5
2025-08-02,egy,0,1,0.0,38.0
2025-08-02,esp,0,2,0.0,5.0
2025-08-02,fra,0,6,0.0,6.666666666666667
2025-08-02,gbr,0,3,0.0,28.666666666666668
2025-08-02,hun,0,1,0.0,9.0
2025-08-02,idn,0,1,0.0,24.0
2025-08-02,ind,0,4,0.0,8.0
2025-08-02,irl,0,3,0.0,6.0
2025-08-02,irn,0,1,0.0,8.0
2025-08-02,irq,0,2,0.0,23.0
2025-08-02,isr,0,1,0.0,11.0
2025-08-02,ita,0,3,0.0,45.0
2025-08-02,jpn,0,2,0.0,49.5
2025-08-02,ken,0,1,0.0,7.0
2025-08-02,kor,0,12,0.0,7.666666666666667
2025-08-02,mar,0,2,0.0,39.5
2025-08-02,mex,0,6,0.0,20.333333333333332
2025-08-02,moz,0,1,0.0,3.0
2025-08-02,mys,0,1,0.0,1.0
2025-08-02,nga,0,4,0.0,28.25
2025-08-02,nld,0,8,0.0,8.125
2025-08-02,nzl,0,1,0.0,61.0
2025-08-02,omn,0,2,0.0,10.0
2025-08-02,pak,0,1,0.0,28.0
2025-08-02,per,0,1,0.0,11.0
2025-08-02,phl,0,2,0.0,20.5
2025-08-02,prt,0,19,0.0,9.789473684210526
2025-08-02,pry,0,3,0.0,9.333333333333334
2025-08-02,rus,0,1,0.0,20.0
2025-08-02,sau,0,1,0.0,1.0
2025-08-02,sgp,0,1,0.0,9.0
2025-08-02,tun,0,3,0.0,28.0
2025-08-02,tur,0,2,0.0,5.0
2025-08-02,ukr,0,1,0.0,13.0
2025-08-02,ury,0,2,0.0,7.5
2025-08-02,usa,0,145,0.0,13.758620689655173
2025-08-02,ven,0,1,0.0,22.0
2025-08-02,vnm,0,1,0.0,9.0
2025-08-02,zaf,0,1,0.0,30.0
2025-08-03,ago,0,3,0.0,7.0
2025-08-03,alb,0,2,0.0,81.0
2025-08-03,are,0,4,0.0,8.0
2025-08-03,arg,0,18,0.0,17.88888888888889
2025-08-03,aus,0,1,0.0,8.0
2025-08-03,aut,0,2,0.0,11.0
2025-08-03,bel,0,3,0.0,6.666666666666667
2025-08-03,bgd,0,12,0.0,9.25
2025-08-03,bol,0,2,0.0,7.0
2025-08-03,can,0,6,0.0,21.0
2025-08-03,che,0,1,0.0,5.0
2025-08-03,chl,0,2,0.0,11.5
2025-08-03,chn,0,2,0.0,8.0
2025-08-03,civ,0,1,0.0,8.0
2025-08-03,cmr,0,1,0.0,11.0
2025-08-03,cod,0,1,0.0,7.0
2025-08-03,col,0,3,0.0,13.333333333333334
2025-08-03,cri,0,1,0.0,48.0
2025-08-03,cze,0,1,0.0,9.0
2025-08-03,deu,0,6,0.0,8.833333333333332
2025-08-03,dom,0,1,0.0,7.0
2025-08-03,ecu,0,5,0.0,13.0
2025-08-03,egy,0,1,0.0,9.0
2025-08-03,esp,0,6,0.0,8.0
2025-08-03,fin,0,1,0.0,61.0
2025-08-03,fra,0,6,0.0,23.666666666666668
2025-08-03,gbr,0,8,0.0,11.125
2025-08-03,glp,0,1,0.0,9.0
2025-08-03,hnd,0,1,0.0,9.0
2025-08-03,hun,0,1,0.0,6.0
2025-08-03,idn,0,9,0.0,8.333333333333332
2025-08-03,ind,0,22,0.0,8.90909090909091
2025-08-03,irl,0,2,0.0,36.5
2025-08-03,irn,0,3,0.0,4.333333333333334
2025-08-03,irq,0,2,0.0,27.5
2025-08-03,ita,0,6,0.0,27.166666666666668
2025-08-03,jpn,0,2,0.0,8.5
2025-08-03,ken,0,1,0.0,7.0
2025-08-03,kor,0,14,0.0,7.642857142857143
2025-08-03,lbn,0,1,0.0,19.0
2025-08-03,mex,0,1,0.0,6.0
2025-08-03,mlt,0,1,0.0,7.0
2025-08-03,mys,0,1,0.0,7.0
2025-08-03,nga,0,3,0.0,53.333333333333336
2025-08-03,nld,0,6,0.0,26.0
2025-08-03,pak,0,1,0.0,6.0
2025-08-03,phl,0,13,0.0,8.615384615384615
2025-08-03,sau,0,1,0.0,29.0
2025-08-03,slv,0,1,0.0,18.0
2025-08-03,swe,0,3,0.0,27.333333333333332
2025-08-03,tha,0,2,0.0,6.0
2025-08-03,tur,0,1,0.0,10.0
2025-08-03,twn,0,3,0.0,10.666666666666666
2025-08-03,ury,0,1,0.0,5.0
2025-08-03,usa,0,149,0.0,13.134228187919463
2025-08-03,ven,0,1,0.0,48.0
2025-08-03,vnm,0,1,0.0,10.0
2025-08-03,zaf,0,2,0.0,26.0
2025-08-04,ago,0,4,0.0,9.0
2025-08-04,arg,0,10,0.0,17.0
2025-08-04,aus,0,2,0.0,36.5
2025-08-04,aut,0,1,0.0,76.0
2025-08-04,ben,0,1,0.0,20.0
2025-08-04,bgd,0,9,0.0,11.333333333333334
2025-08-04,blr,0,1,0.0,29.0
2025-08-04,bol,0,2,0.0,11.0
2025-08-04,can,0,5,0.0,9.0
2025-08-04,che,0,2,0.0,17.0
2025-08-04,chl,0,3,0.0,10.666666666666666
2025-08-04,chn,0,1,0.0,10.0
2025-08-04,col,0,2,0.0,6.5
2025-08-04,deu,0,9,0.0,11.444444444444445
2025-08-04,dom,0,1,0.0,42.0
2025-08-04,dza,0,5,0.0,7.6
2025-08-04,ecu,0,2,0.0,15.5
2025-08-04,egy,0,1,0.0,13.0
2025-08-04,esp,0,7,0.0,6.571428571428571
2025-08-04,fra,0,4,0.0,11.25
2025-08-04,gbr,0,2,0.0,18.0
2025-08-04,grc,0,1,0.0,6.0
2025-08-04,guy,0,1,0.0,9.0
2025-08-04,hnd,0,1,0.0,12.0
2025-08-04,hun,0,1,0.0,4.0
2025-08-04,idn,0,5,0.0,9.0
2025-08-04,ind,0,28,0.0,12.5
2025-08-04,irl,0,2,0.0,13.0
2025-08-04,irq,0,1,0.0,15.0
2025-08-04,isr,0,2,0.0,34.5
2025-08-04,ita,0,7,0.0,6.428571428571429
2025-08-04,jor,0,1,0.0,28.0
2025-08-04,jpn,0,3,0.0,10.333333333333334
2025-08-04,kaz,0,1,0.0,14.0
2025-08-04,kor,0,11,0.0,8.454545454545453
2025-08-04,kwt,0,1,0.0,21.0
2025-08-04,mac,0,1,0.0,10.0
2025-08-04,mar,0,2,0.0,7.5
2025-08-04,nga,0,2,0.0,9.5
2025-08-04,nic,0,1,0.0,39.0
2025-08-04,nld,0,2,0.0,9.5
2025-08-04,nzl,0,1,0.0,37.0
2025-08-04,omn,0,1,0.0,35.0
2025-08-04,pak,0,4,0.0,9.25
2025-08-04,pan,0,2,0.0,12.5
2025-08-04,per,0,2,0.0,10.0
2025-08-04,phl,0,9,0.0,15.444444444444445
2025-08-04,pol,0,2,0.0,5.0
2025-08-04,prt,0,12,0.0,10.75
2025-08-04,pry,0,4,0.0,15.0
2025-08-04,pse,0,1,0.0,8.0
2025-08-04,rou,0,1,0.0,9.0
2025-08-04,rus,0,6,0.0,25.833333333333332
2025-08-04,sau,0,2,0.0,6.5
2025-08-04,svk,0,1,0.0,3.0
2025-08-04,tur,0,6,0.0,7.0
2025-08-04,twn,0,2,0.0,11.0
2025-08-04,ukr,0,3,0.0,61.666666666666664
2025-08-04,ury,0,1,0.0,5.0
2025-08-04,ven,0,3,0.0,14.333333333333334
2025-08-04,vnm,0,2,0.0,10.0
2025-08-04,zaf,0,3,0.0,14.0
2025-08-05,alb,0,1,0.0,25.0
2025-08-05,are,0,1,0.0,6.0
2025-08-05,aus,0,9,0.0,13.444444444444445
2025-08-05,aut,0,2,0.0,71.0
2025-08-05,bel,0,1,0.0,7.0
2025-08-05,ben,0,1,0.0,10.0
2025-08-05,bgd,0,1,0.0,8.0
2025-08-05,bol,0,2,0.0,11.0
2025-08-05,can,0,8,0.0,7.5
2025-08-05,che,0,5,0.0,12.2
2025-08-05,civ,0,2,0.0,10.0
2025-08-05,cod,0,1,0.0,10.0
2025-08-05,deu,0,4,0.0,9.75
2025-08-05,dom,0,2,0.0,9.0
2025-08-05,ecu,0,4,0.0,9.25
2025-08-05,egy,0,2,0.0,16.0
2025-08-05,esp,0,5,0.0,6.6
2025-08-05,fra,0,3,0.0,4.666666666666666
2025-08-05,geo,0,1,0.0,12.0
2025-08-05,hkg,0,1,0.0,9.0
2025-08-05,idn,0,2,0.0,9.0
2025-08-05,ind,0,7,0.0,6.0
2025-08-05,irl,0,2,0.0,30.5
2025-08-05,irq,0,1,0.0,9.0
2025-08-05,isl,0,1,0.0,70.0
2025-08-05,ita,0,3,0.0,7.0
2025-08-05,jpn,0,2,0.0,3.5
2025-08-05,kor,0,14,0.0,8.785714285714285
2025-08-05,lbn,0,1,0.0,7.0
2025-08-05,lie,0,1,0.0,75.0
2025-08-05,ltu,0,1,0.0,57.0
2025-08-05,lux,0,4,0.0,27.75
2025-08-05,lva,0,1,0.0,16.0
2025-08-05,mdv,0,1,0.0,23.0
2025-08-05,mex,0,1,0.0,29.0
2025-08-05,mkd,0,1,0.0,49.0
2025-08-05,mne,0,1,0.0,11.0
2025-08-05,moz,0,1,0.0,17.0
2025-08-05,mys,0,2,0.0,5.0
2025-08-05,nga,0,3,0.0,44.666666666666664
2025-08-05,nld,0,3,0.0,8.0
2025-08-05,nor,0,1,0.0,7.0
2025-08-05,nzl,0,1,0.0,8.0
2025-08-05,per,0,3,0.0,24.666666666666668
2025-08-05,phl,0,1,0.0,23.0
2025-08-05,pol,0,4,0.0,6.5
2025-08-05,prt,0,23,0.0,6.434782608695652
2025-08-05,pry,0,4,0.0,17.25
2025-08-05,rou,0,1,0.0,19.0
2025-08-05,rus,0,1,0.0,35.0
2025-08-05,sau,0,3,0.0,1.0
2025-08-05,tha,0,1,0.0,7.0
2025-08-05,tto,0,1,0.0,8.0
2025-08-05,tur,0,6,0.0,9.0
2025-08-05,ukr,0,4,0.0,3.5
2025-08-05,ury,0,8,0.0,9.625
2025-08-05,ven,0,3,0.0,15.666666666666666
2025-08-05,zaf,0,1,0.0,9.0
2025-08-06,ago,0,4,0.0,23.25
2025-08-06,are,0,3,0.0,7.333333333333333
2025-08-06,arg,0,6,0.0,27.0
2025-08-06,aus,0,1,0.0,8.0
2025-08-06,bel,0,3,0.0,17.0
2025-08-06,bgd,0,1,0.0,48.0
2025-08-06,can,0,6,0.0,32.33333333333333
2025-08-06,che,0,1,0.0,4.0
2025-08-06,chl,0,1,0.0,14.0
2025-08-06,civ,0,1,0.0,10.0
2025-08-06,col,0,3,0.0,17.0
2025-08-06,cpv,0,2,0.0,78.0
2025-08-06,deu,0,6,0.0,9.333333333333334
2025-08-06,dnk,0,1,0.0,11.0
2025-08-06,dom,0,1,0.0,8.0
2025-08-06,ecu,0,3,0.0,13.0
2025-08-06,egy,0,2,0.0,16.0
2025-08-06,esp,0,3,0.0,12.0
2025-08-06,fin,0,1,0.0,8.0
2025-08-06,fra,0,6,0.0,13.666666666666666
2025-08-06,gbr,0,4,0.0,7.0
2025-08-06,hkg,0,1,0.0,8.0
2025-08-06,hnd,0,1,0.0,10.0
2025-08-06,hun,0,2,0.0,3.0
2025-08-06,idn,0,2,0.0,8.0
2025-08-06,ind,0,6,0.0,36.5
2025-08-06,isl,0,1,0.0,20.0
2025-08-06,ita,0,4,0.0,49.25
2025-08-06,ken,0,1,0.0,20.0
2025-08-06,kor,0,12,0.0,9.25
2025-08-06,mar,0,1,0.0,11.0
2025-08-06,mdv,0,1,0.0,5.0
2025-08-06,mex,0,3,0.0,11.0
2025-08-06,mkd,0,1,0.0,6.0
2025-08-06,moz,0,2,0.0,5.0
2025-08-06,nga,0,3,0.0,23.0
2025-08-06,nld,0,2,0.0,11.0
2025-08-06,nor,0,1,0.0,78.0
2025-08-06,npl,0,1,0.0,36.0
2025-08-06,pak,0,2,0.0,6.5
2025-08-06,per,0,1,0.0,7.0
2025-08-06,phl,0,2,0.0,10.0
2025-08-06,pol,0,3,0.0,5.333333333333333
2025-08-06,prt,0,19,0.0,16.05263157894737
2025-08-06,pry,0,3,0.0,7.0
2025-08-06,qat,0,1,0.0,4.0
2025-08-06,rus,0,2,0.0,28.5
2025-08-06,sau,0,1,0.0,5.0
2025-08-06,sgp,0,2,0.0,5.0
2025-08-06,slv,0,1,0.0,32.0
2025-08-06,svk,0,1,0.0,9.0
2025-08-06,tur,0,9,0.0,15.444444444444445
2025-08-06,uga,0,1,0.0,8.0
2025-08-06,ukr,0,1,0.0,48.0
2025-08-06,ury,0,2,0.0,6.0
2025-08-06,usa,0,219,0.0,14.570776255707763
2025-08-06,zaf,0,2,0.0,29.5
2025-08-07,ago,0,3,0.0,5.0
2025-08-07,are,0,1,0.0,1.0
2025-08-07,aus,0,6,0.0,18.333333333333332
2025-08-07,aut,0,1,0.0,66.0
2025-08-07,bol,0,1,0.0,5.0
2025-08-07,can,0,12,0.0,32.75
2025-08-07,che,0,1,0.0,28.0
2025-08-07,civ,0,1,0.0,10.0
2025-08-07,col,0,2,0.0,9.0
2025-08-07,cub,0,1,0.0,5.0
2025-08-07,deu,0,3,0.0,24.333333333333332
2025-08-07,dza,0,1,0.0,23.0
2025-08-07,ecu,0,4,0.0,9.25
2025-08-07,egy,0,1,0.0,14.0
2025-08-07,esp,0,3,0.0,4.666666666666666
2025-08-07,fin,0,1,0.0,89.0
2025-08-07,fra,0,1,0.0,100.0
2025-08-07,gbr,0,5,0.0,16.6
2025-08-07,gib,0,1,0.0,7.0
2025-08-07,grc,0,1,0.0,11.0
2025-08-07,gtm,0,1,0.0,1.0
2025-08-07,hkg,0,1,0.0,21.0
2025-08-07,idn,0,5,0.0,8.4
2025-08-07,ind,0,7,0.0,12.0
2025-08-07,irl,0,5,0.0,17.6
2025-08-07,isr,0,2,0.0,36.5
2025-08-07,ita,0,10,0.0,27.1
2025-08-07,jpn,0,1,0.0,69.0
2025-08-07,kor,0,7,0.0,10.714285714285714
2025-08-07,lbn,0,1,0.0,8.0
2025-08-07,mdg,0,1,0.0,10.0
2025-08-07,mex,0,2,0.0,17.0
2025-08-07,moz,0,1,0.0,4.0
2025-08-07,nga,0,4,0.0,45.75
2025-08-07,nld,0,2,0.0,27.5
2025-08-07,pak,0,1,0.0,1.0
2025-08-07,pan,0,2,0.0,7.5
2025-08-07,per,0,1,0.0,4.0
2025-08-07,phl,0,1,0.0,47.0
2025-08-07,pol,0,2,0.0,6.0
2025-08-07,prt,0,12,0.0,9.416666666666666
2025-08-07,pry,0,5,0.0,8.0
2025-08-07,rou,0,1,0.0,11.0
2025-08-07,rus,0,1,0.0,5.0
2025-08-07,sgp,0,2,0.0,23.5
2025-08-07,tha,0,2,0.0,9.0
2025-08-07,tur,0,2,0.0,8.5
2025-08-07,twn,0,1,0.0,69.0
2025-08-07,ury,0,1,0.0,10.0
2025-08-07,usa,0,174,0.0,8.632183908045977
2025-08-07,ven,0,1,0.0,4.0
2025-08-07,vnm,0,2,0.0,8.0
2025-08-08,ago,0,1,0.0,77.0
2025-08-08,are,0,1,0.0,12.0
2025-08-08,arg,0,13,0.0,14.23076923076923
2025-08-08,aus,0,5,0.0,17.0
2025-08-08,bel,0,1,0.0,9.0
2025-08-08,bgd,0,1,0.0,9.0
2025-08-08,bih,0,1,0.0,4.0
2025-08-08,bol,0,1,0.0,9.0
2025-08-08,can,0,13,0.0,11.76923076923077
2025-08-08,che,0,2,0.0,5.0
2025-08-08,chl,0,3,0.0,29.333333333333332
2025-08-08,col,0,1,0.0,8.0
2025-08-08,cpv,0,1,0.0,36.0
2025-08-08,cri,0,1,0.0,1.0
2025-08-08,deu,0,1,0.0,11.0
2025-08-08,dnk,0,2,0.0,12.0
2025-08-08,dom,0,1,0.0,8.0
2025-08-08,ecu,0,1,0.0,11.0
2025-08-08,esp,0,5,0.0,8.2
2025-08-08,fra,0,5,0.0,9.2
2025-08-08,gbr,0,6,0.0,17.666666666666668
2025-08-08,hun,0,1,0.0,8.0
2025-08-08,idn,0,7,0.0,9.285714285714286
2025-08-08,ind,0,1,0.0,34.0
2025-08-08,irn,0,1,0.0,1.0
2025-08-08,isl,0,1,0.0,33.0
2025-08-08,isr,0,2,0.0,29.5
2025-08-08,ita,0,12,0.0,42.166666666666664
2025-08-08,jpn,0,3,0.0,5.666666666666667
2025-08-08,kor,0,5,0.0,8.4
2025-08-08,mda,0,1,0.0,1.0
2025-08-08,mex,0,5,0.0,19.4
2025-08-08,moz,0,3,0.0,22.0
2025-08-08,mys,0,1,0.0,11.0
2025-08-08,nga,0,6,0.0,18.833333333333332
2025-08-08,nld,0,2,0.0,24.5
2025-08-08,nor,0,1,0.0,6.0
2025-08-08,nzl,0,1,0.0,74.0
2025-08-08,per,0,8,0.0,7.25
2025-08-08,phl,0,3,0.0,31.0
2025-08-08,pol,0,4,0.0,7.0
2025-08-08,prt,0,19,0.0,13.105263157894736
2025-08-08,pry,0,2,0.0,8.5
2025-08-08,rou,0,2,0.0,9.5
2025-08-08,rus,0,3,0.0,25.333333333333332
2025-08-08,sau,0,1,0.0,10.0
2025-08-08,tur,0,4,0.0,6.25
2025-08-08,ukr,0,1,0.0,3.0
2025-08-08,ury,0,2,0.0,7.5
2025-08-08,vnm,0,1,0.0,11.0
2025-08-09,afg,0,2,0.0,9.0
2025-08-09,ago,0,2,0.0,54.5
2025-08-09,alb,0,1,0.0,94.0
2025-08-09,are,0,1,0.0,69.0
2025-08-09,arg,0,7,0.0,14.142857142857142
2025-08-09,aus,0,2,0.0,22.0
2025-08-09,aut,0,1,0.0,65.0
2025-08-09,bel,0,1,0.0,9.0
2025-08-09,can,0,7,0.0,23.714285714285715
2025-08-09,che,0,1,0.0,4.0
2025-08-09,chl,0,2,0.0,8.5
2025-08-09,deu,0,9,0.0,17.444444444444443
2025-08-09,ecu,0,2,0.0,41.5
2025-08-09,esp,0,3,0.0,5.0
2025-08-09,fra,0,2,0.0,10.5
2025-08-09,gbr,0,8,0.0,16.75
2025-08-09,idn,0,5,0.0,11.4
2025-08-09,ind,0,3,0.0,4.666666666666666
2025-08-09,irl,0,3,0.0,10.333333333333334
2025-08-09,jpn,0,1,0.0,14.0
2025-08-09,khm,0,1,0.0,7.0
2025-08-09,kor,0,4,0.0,8.5
2025-08-09,lka,0,1,0.0,15.0
2025-08-09,mex,0,3,0.0,22.0
2025-08-09,mys,0,1,0.0,12.0
2025-08-09,nga,0,3,0.0,55.0
2025-08-09,nic,0,1,0.0,4.0
2025-08-09,nld,0,5,0.0,7.6
2025-08-09,nor,0,1,0.0,8.0
2025-08-09,pak,0,1,0.0,10.0
2025-08-09,per,0,2,0.0,37.0
2025-08-09,phl,0,3,0.0,10.666666666666666
2025-08-09,pol,0,2,0.0,9.0
2025-08-09,prt,0,23,0.0,15.91304347826087
2025-08-09,pry,0,3,0.0,4.333333333333334
2025-08-09,rou,0,1,0.0,2.0
2025-08-09,slv,0,1,0.0,3.0
2025-08-09,svn,0,2,0.0,8.0
2025-08-09,tha,0,2,0.0,19.5
2025-08-09,tur,0,3,0.0,7.666666666666667
2025-08-09,ukr,0,1,0.0,8.0
2025-08-09,ury,0,2,0.0,12.0
2025-08-09,usa,0,93,0.0,11.397849462365592
2025-08-09,uzb,0,1,0.0,8.0
2025-08-09,ven,0,1,0.0,11.0
2025-08-09,zaf,0,1,0.0,83.0
2025-08-10,ago,0,1,0.0,10.0
2025-08-10,are,0,2,0.0,9.5
2025-08-10,arg,0,12,0.0,17.75
2025-08-10,aus,0,5,0.0,16.2
2025-08-10,aut,0,1,0.0,66.0
2025-08-10,bel,0,2,0.0,10.5
2025-08-10,can,0,5,0.0,7.6
2025-08-10,che,0,3,0.0,15.666666666666666
2025-08-10,col,0,2,0.0,7.0
2025-08-10,deu,0,9,0.0,22.555555555555557
2025-08-10,dza,0,1,0.0,5.0
2025-08-10,ecu,0,2,0.0,7.5
2025-08-10,esp,0,3,0.0,4.666666666666666
2025-08-10,fra,0,1,0.0,6.0
2025-08-10,gbr,0,8,0.0,18.125
2025-08-10,hkg,0,1,0.0,27.0
2025-08-10,idn,0,4,0.0,8.0
2025-08-10,ind,0,5,0.0,13.8
2025-08-10,irl,0,1,0.0,5.0
2025-08-10,isr,0,2,0.0,44.0
2025-08-10,ita,0,2,0.0,19.5
2025-08-10,jpn,0,3,0.0,11.666666666666666
2025-08-10,lbn,0,1,0.0,6.0
2025-08-10,lux,0,2,0.0,9.0
2025-08-10,moz,0,2,0.0,12.5
2025-08-10,nga,0,3,0.0,36.666666666666664
2025-08-10,nld,0,2,0.0,7.0
2025-08-10,nzl,0,6,0.0,29.0
2025-08-10,pan,0,1,0.0,8.0
2025-08-10,phl,0,1,0.0,58.0
2025-08-10,pol,0,3,0.0,5.666666666666667
2025-08-10,prt,0,27,0.0,16.11111111111111
2025-08-10,rou,0,1,0.0,70.0
2025-08-10,rus,0,1,0.0,8.0
2025-08-10,sau,0,2,0.0,6.0
2025-08-10,tha,0,1,0.0,35.0
2025-08-10,tur,0,3,0.0,8.333333333333332
2025-08-10,twn,0,1,0.0,6.0
2025-08-10,ukr,0,1,0.0,9.0
2025-08-10,ury,0,2,0.0,1.0
2025-08-10,usa,0,96,0.0,10.822916666666666
2025-08-10,ven,0,1,0.0,1.0
2025-08-10,vnm,0,1,0.0,46.0
2025-08-10,xkk,0,1,0.0,3.0
2025-08-11,arg,0,10,0.0,15.9
2025-08-11,arm,0,2,0.0,8.0
2025-08-11,aut,0,2,0.0,66.0
2025-08-11,bel,0,2,0.0,8.5
2025-08-11,can,0,14,0.0,10.142857142857142
2025-08-11,che,0,2,0.0,8.0
2025-08-11,chl,0,3,0.0,5.0
2025-08-11,cod,0,1,0.0,8.0
2025-08-11,cze,0,1,0.0,12.0
2025-08-11,deu,0,4,0.0,30.25
2025-08-11,ecu,0,1,0.0,8.0
2025-08-11,esp,0,3,0.0,5.666666666666667
2025-08-11,fin,0,1,0.0,17.0
2025-08-11,fra,0,8,0.0,15.25
2025-08-11,gbr,0,4,0.0,20.0
2025-08-11,glp,0,1,0.0,9.0
2025-08-11,guy,0,1,0.0,3.0
2025-08-11,hnd,0,1,0.0,10.0
2025-08-11,idn,0,6,0.0,7.833333333333333
2025-08-11,ind,0,4,0.0,9.0
2025-08-11,irl,0,1,0.0,13.0
2025-08-11,ita,0,2,0.0,7.0
2025-08-11,jpn,0,3,0.0,7.333333333333333
2025-08-11,mco,0,1,0.0,8.0
2025-08-11,mex,0,4,0.0,6.25
2025-08-11,moz,0,2,0.0,4.0
2025-08-11,mtq,0,2,0.0,8.0
2025-08-11,nga,0,2,0.0,34.0
2025-08-11,nzl,0,1,0.0,59.0
2025-08-11,per,0,2,0.0,9.0
2025-08-11,phl,0,1,0.0,1.0
2025-08-11,pol,0,7,0.0,20.0
2025-08-11,pri,0,1,0.0,18.0
2025-08-11,prt,0,22,0.0,19.818181818181817
2025-08-11,pry,0,1,0.0,1.0
2025-08-11,qat,0,1,0.0,37.0
2025-08-11,rus,0,1,0.0,32.0
2025-08-11,sen,0,1,0.0,11.0
2025-08-11,srb,0,1,0.0,9.0
2025-08-11,svk,0,1,0.0,12.0
2025-08-11,tha,0,1,0.0,2.0
2025-08-11,tur,0,2,0.0,6.0
2025-08-11,twn,0,1,0.0,17.0
2025-08-11,ukr,0,3,0.0,69.33333333333333
2025-08-11,ury,0,1,0.0,4.0
2025-08-11,vnm,0,1,0.0,8.0
2025-08-12,ago,0,3,0.0,11.0
2025-08-12,arg,0,10,0.0,15.6
2025-08-12,aus,0,5,0.0,53.6
2025-08-12,aut,0,4,0.0,84.75
2025-08-12,bih,0,1,0.0,9.0
2025-08-12,bol,0,1,0.0,3.0
2025-08-12,can,0,8,0.0,9.125
2025-08-12,che,0,4,0.0,45.0
2025-08-12,chl,0,3,0.0,13.666666666666666
2025-08-12,cmr,0,1,0.0,7.0
2025-08-12,col,0,2,0.0,36.0
2025-08-12,deu,0,7,0.0,42.142857142857146
2025-08-12,dnk,0,1,0.0,6.0
2025-08-12,dom,0,1,0.0,8.0
2025-08-12,ecu,0,3,0.0,6.333333333333333
2025-08-12,esp,0,6,0.0,12.0
2025-08-12,fra,0,6,0.0,6.833333333333333
2025-08-12,gbr,0,4,0.0,7.0
2025-08-12,gib,0,1,0.0,6.0
2025-08-12,guy,0,1,0.0,26.0
2025-08-12,hkg,0,1,0.0,1.0
2025-08-12,hrv,0,1,0.0,8.0
2025-08-12,idn,0,5,0.0,8.6
2025-08-12,ind,0,3,0.0,7.0
2025-08-12,irn,0,1,0.0,28.0
2025-08-12,ita,0,4,0.0,42.0
2025-08-12,jor,0,1,0.0,1.0
2025-08-12,kwt,0,1,0.0,5.0
2025-08-12,mex,0,4,0.0,31.0
2025-08-12,moz,0,5,0.0,8.0
2025-08-12,mys,0,1,0.0,9.0
2025-08-12,nga,0,6,0.0,36.666666666666664
2025-08-12,nic,0,1,0.0,5.0
2025-08-12,nld,0,5,0.0,7.2
2025-08-12,nzl,0,2,0.0,40.5
2025-08-12,pak,0,1,0.0,1.0
2025-08-12,phl,0,1,0.0,102.0
2025-08-12,pol,0,3,0.0,7.0
2025-08-12,prt,0,29,0.0,31.06896551724138
2025-08-12,rou,0,1,0.0,9.0
2025-08-12,rus,0,5,0.0,12.4
2025-08-12,sau,0,2,0.0,30.0
2025-08-12,swe,0,5,0.0,13.0
2025-08-12,tur,0,6,0.0,10.166666666666666
2025-08-12,twn,0,1,0.0,12.0
2025-08-12,uga,0,1,0.0,5.0
2025-08-12,vct,0,1,0.0,9.0
2025-08-12,ven,0,1,0.0,9.0
2025-08-12,vnm,0,1,0.0,87.0
2025-08-12,zaf,0,2,0.0,62.0
2025-08-13,ago,0,5,0.0,13.2
2025-08-13,are,0,1,0.0,29.0
2025-08-13,arg,0,3,0.0,12.0
2025-08-13,aus,0,2,0.0,42.0
2025-08-13,bel,0,1,0.0,13.0
2025-08-13,bol,0,1,0.0,12.0
2025-08-13,can,0,7,0.0,24.571428571428573
2025-08-13,che,0,5,0.0,38.2
2025-08-13,chl,0,2,0.0,9.0
2025-08-13,col,0,1,0.0,9.0
2025-08-13,cpv,0,1,0.0,4.0
2025-08-13,cri,0,1,0.0,6.0
2025-08-13,deu,0,6,0.0,24.166666666666668
2025-08-13,ecu,0,2,0.0,5.0
2025-08-13,esp,0,12,0.0,45.166666666666664
2025-08-13,fra,0,7,0.0,7.142857142857143
2025-08-13,gbr,0,12,0.0,8.75
2025-08-13,idn,0,5,0.0,8.2
2025-08-13,ind,0,10,0.0,7.0
2025-08-13,irn,0,2,0.0,7.5
2025-08-13,isl,0,1,0.0,55.0
2025-08-13,ita,0,11,0.0,38.0
2025-08-13,jpn,0,1,0.0,7.0
2025-08-13,kor,0,2,0.0,4.5
2025-08-13,lca,0,1,0.0,6.0
2025-08-13,ltu,0,1,0.0,7.0
2025-08-13,lux,0,5,0.0,17.8
2025-08-13,mar,0,1,0.0,10.0
2025-08-13,mex,0,1,0.0,5.0
2025-08-13,mys,0,1,0.0,5.0
2025-08-13,nga,0,3,0.0,44.0
2025-08-13,nld,0,2,0.0,10.5
2025-08-13,pak,0,1,0.0,7.0
2025-08-13,pan,0,1,0.0,8.0
2025-08-13,per,0,1,0.0,4.0
2025-08-13,pol,0,2,0.0,6.5
2025-08-13,prt,0,13,0.0,18.846153846153847
2025-08-13,pry,0,3,0.0,7.666666666666667
2025-08-13,rus,0,2,0.0,6.0
2025-08-13,sau,0,1,0.0,5.0
2025-08-13,swe,0,2,0.0,5.0
2025-08-13,tur,0,2,0.0,8.5
2025-08-13,tza,0,1,0.0,26.0
2025-08-13,ukr,0,1,0.0,28.0
2025-08-13,usa,0,156,0.0,12.814102564102564
2025-08-13,ven,0,7,0.0,10.428571428571429
2025-08-13,zaf,0,2,0.0,14.5
2025-08-14,ago,0,2,0.0,2.5
2025-08-14,are,0,2,0.0,10.0
2025-08-14,arg,0,10,0.0,7.7
2025-08-14,aus,0,4,0.0,27.5
2025-08-14,bol,0,3,0.0,40.666666666666664
2025-08-14,can,0,27,0.0,7.7407407407407405
2025-08-14,che,0,2,0.0,82.5
2025-08-14,chn,0,1,0.0,1.0
2025-08-14,cmr,0,1,0.0,8.0
2025-08-14,deu,0,11,0.0,20.09090909090909
2025-08-14,esp,0,1,0.0,17.0
2025-08-14,fin,0,1,0.0,10.0
2025-08-14,fra,0,14,0.0,9.857142857142858
2025-08-14,grc,0,1,0.0,42.0
2025-08-14,gtm,0,1,0.0,117.0
2025-08-14,hkg,0,1,0.0,21.0
2025-08-14,idn,0,3,0.0,8.666666666666668
2025-08-14,ind,0,4,0.0,34.25
2025-08-14,irl,0,7,0.0,28.857142857142858
2025-08-14,irq,0,1,0.0,14.0
2025-08-14,ita,0,4,0.0,55.5
2025-08-14,jpn,0,1,0.0,1.0
2025-08-14,kor,0,2,0.0,17.0
2025-08-14,kwt,0,2,0.0,10.5
2025-08-14,mex,0,1,0.0,9.0
2025-08-14,moz,0,3,0.0,10.666666666666666
2025-08-14,nga,0,5,0.0,21.8
2025-08-14,nld,0,1,0.0,10.0
2025-08-14,nzl,0,3,0.0,62.333333333333336
2025-08-14,pak,0,1,0.0,11.0
2025-08-14,phl,0,3,0.0,40.333333333333336
2025-08-14,pol,0,1,0.0,6.0
2025-08-14,prt,0,19,0.0,19.473684210526315
2025-08-14,sau,0,2,0.0,23.0
2025-08-14,swe,0,1,0.0,3.0
2025-08-14,syr,0,1,0.0,45.0
2025-08-14,tto,0,1,0.0,12.0
2025-08-14,ven,0,3,0.0,12.333333333333334
2025-08-14,vnm,0,2,0.0,15.5
2025-08-14,zaf,0,1,0.0,39.0
2025-08-15,ago,0,2,0.0,10.0
2025-08-15,arg,0,6,0.0,21.5
2025-08-15,aus,0,3,0.0,60.666666666666664
2025-08-15,aut,0,1,0.0,66.0
2025-08-15,bel,0,1,0.0,11.0
2025-08-15,bol,0,2,0.0,4.0
2025-08-15,can,0,11,0.0,15.545454545454545
2025-08-15,che,0,7,0.0,32.714285714285715
2025-08-15,chl,0,2,0.0,7.0
2025-08-15,col,0,3,0.0,10.0
2025-08-15,cpv,0,2,0.0,14.0
2025-08-15,cri,0,1,0.0,49.0
2025-08-15,cze,0,1,0.0,47.0
2025-08-15,deu,0,5,0.0,25.8
2025-08-15,ecu,0,4,0.0,5.25
2025-08-15,esp,0,4,0.0,9.25
2025-08-15,fra,0,18,0.0,9.777777777777779
2025-08-15,gbr,0,8,0.0,7.875
2025-08-15,hkg,0,1,0.0,3.0
2025-08-15,hnd,0,1,0.0,4.0
2025-08-15,idn,0,2,0.0,10.0
2025-08-15,ind,0,4,0.0,6.25
2025-08-15,irq,0,2,0.0,14.5
2025-08-15,ita,0,5,0.0,41.6
2025-08-15,jpn,0,5,0.0,34.8
2025-08-15,kor,0,1,0.0,12.0
2025-08-15,mex,0,5,0.0,3.8
2025-08-15,mli,0,1,0.0,5.0
2025-08-15,moz,0,1,0.0,7.0
2025-08-15,mwi,0,1,0.0,9.0
2025-08-15,mys,0,1,0.0,13.0
2025-08-15,nga,0,1,0.0,65.0
2025-08-15,pan,0,1,0.0,1.0
2025-08-15,per,0,1,0.0,6.0
2025-08-15,phl,0,3,0.0,14.666666666666666
2025-08-15,prt,0,12,0.0,23.25
2025-08-15,rus,0,2,0.0,17.5
2025-08-15,sgp,0,1,0.0,6.0
2025-08-15,sle,0,1,0.0,4.0
2025-08-15,tha,0,1,0.0,10.0
2025-08-15,tur,0,1,0.0,4.0
2025-08-15,twn,0,1,0.0,11.0
2025-08-15,uga,0,2,0.0,7.0
2025-08-15,ukr,0,1,0.0,52.0
2025-08-15,ury,0,4,0.0,5.25
2025-08-15,usa,0,166,0.0,8.22289156626506
2025-08-15,ven,0,5,0.0,6.2
2025-08-15,vnm,0,1,0.0,10.0
2025-08-15,zaf,0,1,0.0,16.0
2025-08-16,ago,0,3,0.0,62.0
2025-08-16,and,0,1,0.0,10.0
2025-08-16,arg,0,2,0.0,12.0
2025-08-16,aus,0,9,0.0,42.888888888888886
2025-08-16,aze,0,1,0.0,6.0
2025-08-16,bgd,0,1,0.0,11.0
2025-08-16,can,0,8,0.0,10.25
2025-08-16,che,0,7,0.0,52.0
2025-08-16,chl,0,1,0.0,7.0
2025-08-16,col,0,2,0.0,25.0
2025-08-16,deu,0,4,0.0,38.25
2025-08-16,ecu,0,1,0.0,4.0
2025-08-16,esp,0,3,0.0,6.333333333333333
2025-08-16,fin,0,2,0.0,74.0
2025-08-16,fra,0,9,0.0,8.0
2025-08-16,gbr,0,5,0.0,20.6
2025-08-16,gtm,0,2,0.0,111.0
2025-08-16,idn,0,4,0.0,8.5
2025-08-16,ind,0,3,0.0,13.333333333333334
2025-08-16,irl,0,1,0.0,13.0
2025-08-16,ita,0,6,0.0,40.166666666666664
2025-08-16,jpn,0,3,0.0,10.333333333333334
2025-08-16,mar,0,1,0.0,12.0
2025-08-16,mex,0,2,0.0,7.0
2025-08-16,nga,0,1,0.0,19.0
2025-08-16,nld,0,1,0.0,13.0
2025-08-16,pak,0,1,0.0,25.0
2025-08-16,pan,0,2,0.0,7.0
2025-08-16,per,0,2,0.0,7.5
2025-08-16,prt,0,16,0.0,10.4375
2025-08-16,pry,0,1,0.0,12.0
2025-08-16,pse,0,1,0.0,158.0
2025-08-16,sau,0,1,0.0,32.0
2025-08-16,tur,0,3,0.0,9.0
2025-08-16,twn,0,1,0.0,9.0
2025-08-16,uga,0,1,0.0,6.0
2025-08-16,ury,0,1,0.0,7.0
2025-08-16,usa,0,152,0.0,10.256578947368421
2025-08-16,ven,0,1,0.0,26.0
2025-08-16,zaf,0,1,0.0,42.0
2025-08-17,ago,0,1,0.0,23.0
2025-08-17,alb,0,1,0.0,11.0
2025-08-17,arg,0,6,0.0,8.5
2025-08-17,bel,0,3,0.0,24.0
2025-08-17,can,0,5,0.0,26.0
2025-08-17,che,0,3,0.0,4.333333333333334
2025-08-17,chl,0,1,0.0,3.0
2025-08-17,cod,0,1,0.0,10.0
2025-08-17,col,0,3,0.0,8.666666666666668
2025-08-17,deu,0,8,0.0,8.0
2025-08-17,ecu,0,1,0.0,6.0
2025-08-17,fra,0,13,0.0,8.307692307692307
2025-08-17,gbr,0,1,0.0,25.0
2025-08-17,idn,0,1,0.0,9.0
2025-08-17,ind,0,5,0.0,13.2
2025-08-17,irl,0,2,0.0,9.0
2025-08-17,ita,0,3,0.0,46.333333333333336
2025-08-17,jpn,0,1,0.0,11.0
2025-08-17,ken,0,1,0.0,7.0
2025-08-17,kor,0,2,0.0,10.0
2025-08-17,lbn,0,1,0.0,8.0
2025-08-17,mar,0,2,0.0,6.0
2025-08-17,mtq,0,1,0.0,3.0
2025-08-17,mys,0,1,0.0,4.0
2025-08-17,nga,0,1,0.0,26.0
2025-08-17,nld,0,3,0.0,9.333333333333334
2025-08-17,npl,0,2,0.0,5.0
2025-08-17,nzl,0,4,0.0,29.0
2025-08-17,pak,0,1,0.0,1.0
2025-08-17,pan,0,1,0.0,8.0
2025-08-17,pol,0,1,0.0,6.0
2025-08-17,prt,0,13,0.0,19.692307692307693
2025-08-17,qat,0,1,0.0,12.0
2025-08-17,rou,0,1,0.0,3.0
2025-08-17,rus,0,1,0.0,2.0
2025-08-17,sau,0,1,0.0,73.0
2025-08-17,slv,0,2,0.0,4.5
2025-08-17,swe,0,1,0.0,16.0
2025-08-17,tun,0,1,0.0,9.0
2025-08-17,tur,0,1,0.0,2.0
2025-08-17,twn,0,1,0.0,65.0
2025-08-17,ukr,0,1,0.0,7.0
2025-08-17,ury,0,1,0.0,3.0
2025-08-17,usa,0,146,0.0,10.047945205479452
2025-08-17,ven,0,1,0.0,12.0
2025-08-17,zaf,0,2,0.0,26.5
2025-08-18,ago,0,2,0.0,9.0
2025-08-18,are,0,2,0.0,36.0
2025-08-18,arg,0,8,0.0,24.25
2025-08-18,aus,0,3,0.0,7.333333333333333
2025-08-18,bgd,0,1,0.0,11.0
2025-08-18,bol,0,2,0.0,7.0
2025-08-18,can,0,14,0.0,11.785714285714286
2025-08-18,che,0,8,0.0,33.875
2025-08-18,civ,0,2,0.0,10.5
2025-08-18,cod,0,1,0.0,10.0
2025-08-18,col,0,3,0.0,19.666666666666668
2025-08-18,deu,0,4,0.0,16.5
2025-08-18,dom,0,2,0.0,6.0
2025-08-18,ecu,0,1,0.0,15.0
2025-08-18,esp,0,3,0.0,5.333333333333333
2025-08-18,fra,0,12,0.0,6.083333333333333
2025-08-18,gbr,0,4,0.0,21.0
2025-08-18,glp,0,1,0.0,9.0
2025-08-18,hkg,0,1,0.0,7.0
2025-08-18,hnd,0,1,0.0,3.0
2025-08-18,ind,0,2,0.0,40.0
2025-08-18,irl,0,1,0.0,10.0
2025-08-18,ita,0,5,0.0,34.6
2025-08-18,jpn,0,1,0.0,10.0
2025-08-18,kaz,0,1,0.0,7.0
2025-08-18,ken,0,1,0.0,5.0
2025-08-18,mex,0,2,0.0,31.5
2025-08-18,moz,0,1,0.0,4.0
2025-08-18,nor,0,1,0.0,10.0
2025-08-18,nzl,0,2,0.0,31.0
2025-08-18,pak,0,2,0.0,11.5
2025-08-18,per,0,1,0.0,9.0
2025-08-18,phl,0,2,0.0,2.5
2025-08-18,pol,0,4,0.0,5.25
2025-08-18,prt,0,15,0.0,9.0
2025-08-18,pry,0,1,0.0,6.0
2025-08-18,qat,0,1,0.0,12.0
2025-08-18,reu,0,1,0.0,7.0
2025-08-18,sen,0,2,0.0,16.0
2025-08-18,sgp,0,3,0.0,2.666666666666667
2025-08-18,srb,0,1,0.0,9.0
2025-08-18,swe,0,1,0.0,47.0
2025-08-18,tur,0,1,0.0,39.0
2025-08-18,twn,0,1,0.0,10.0
2025-08-18,ukr,0,3,0.0,65.0
2025-08-18,ury,0,8,0.0,6.125
2025-08-18,uzb,0,1,0.0,6.0
2025-08-18,zaf,0,1,0.0,35.0
2025-08-19,ago,0,4,0.0,6.75
2025-08-19,are,0,2,0.0,12.0
2025-08-19,arg,0,10,0.0,30.6
2025-08-19,arm,0,1,0.0,47.0
2025-08-19,aus,0,2,0.0,51.0
2025-08-19,aut,0,2,0.0,66.0
2025-08-19,bel,0,1,0.0,38.0
2025-08-19,bgd,0,1,0.0,15.0
2025-08-19,bhr,0,1,0.0,99.0
2025-08-19,bih,0,1,0.0,10.0
2025-08-19,blr,0,1,0.0,66.0
2025-08-19,bol,0,1,0.0,5.0
2025-08-19,can,0,9,0.0,17.666666666666668
2025-08-19,che,0,10,0.0,48.1
2025-08-19,chl,0,1,0.0,30.0
2025-08-19,cog,0,1,0.0,10.0
2025-08-19,col,0,1,0.0,9.0
2025-08-19,cyp,0,1,0.0,11.0
2025-08-19,dza,0,1,0.0,68.0
2025-08-19,ecu,0,2,0.0,5.5
2025-08-19,egy,0,1,0.0,1.0
2025-08-19,fra,0,8,0.0,8.5
2025-08-19,idn,0,2,0.0,8.0
2025-08-19,ind,0,5,0.0,23.0
2025-08-19,kwt,0,1,0.0,9.0
2025-08-19,mex,0,4,0.0,34.75
2025-08-19,moz,0,7,0.0,5.857142857142857
2025-08-19,mys,0,2,0.0,9.5
2025-08-19,nga,0,1,0.0,96.0
2025-08-19,nzl,0,1,0.0,80.0
2025-08-19,per,0,1,0.0,5.0
2025-08-19,phl,0,1,0.0,9.0
2025-08-19,pol,0,4,0.0,5.5
2025-08-19,prt,0,11,0.0,11.454545454545455
2025-08-19,qat,0,1,0.0,5.0
2025-08-19,rou,0,2,0.0,66.5
2025-08-19,rus,0,2,0.0,37.0
2025-08-19,swe,0,4,0.0,12.0
2025-08-19,tun,0,2,0.0,12.0
2025-08-19,ukr,0,1,0.0,10.0
2025-08-19,usa,0,185,0.0,11.427027027027027
2025-08-19,ven,0,1,0.0,17.0
2025-08-19,vnm,0,2,0.0,15.0
2025-08-20,ago,0,1,0.0,4.0
2025-08-20,are,0,2,0.0,4.5
2025-08-20,arg,0,4,0.0,12.0
2025-08-20,aus,0,5,0.0,32.2
2025-08-20,bel,0,5,0.0,6.6
2025-08-20,bgd,0,1,0.0,5.0
2025-08-20,bih,0,1,0.0,4.0
2025-08-20,can,0,14,0.0,7.214285714285714
2025-08-20,che,0,3,0.0,53.0
2025-08-20,chl,0,2,0.0,28.0
2025-08-20,civ,0,1,0.0,6.0
2025-08-20,deu,0,5,0.0,36.0
2025-08-20,ecu,0,3,0.0,6.0
2025-08-20,fra,0,9,0.0,6.666666666666667
2025-08-20,gab,0,3,0.0,3.6666666666666665
2025-08-20,gbr,0,10,0.0,23.8
2025-08-20,grc,0,1,0.0,41.0
2025-08-20,hrv,0,1,0.0,79.0
2025-08-20,hun,0,3,0.0,61.666666666666664
2025-08-20,idn,0,1,0.0,9.0
2025-08-20,ind,0,13,0.0,14.846153846153847
2025-08-20,isr,0,2,0.0,12.0
2025-08-20,ita,0,5,0.0,62.6
2025-08-20,jpn,0,1,0.0,7.0
2025-08-20,kor,0,2,0.0,1.0
2025-08-20,mar,0,1,0.0,3.0
2025-08-20,mex,0,1,0.0,2.0
2025-08-20,moz,0,2,0.0,7.5
2025-08-20,mys,0,2,0.0,1.0
2025-08-20,ner,0,1,0.0,5.0
2025-08-20,nga,0,2,0.0,6.0
2025-08-20,nld,0,4,0.0,7.5
2025-08-20,nor,0,1,0.0,15.0
2025-08-20,omn,0,2,0.0,6.0
2025-08-20,pak,0,2,0.0,17.0
2025-08-20,per,0,2,0.0,4.0
2025-08-20,prt,0,14,0.0,16.714285714285715
2025-08-20,pry,0,1,0.0,8.0
2025-08-20,qat,0,1,0.0,9.0
2025-08-20,sau,0,1,0.0,1.0
2025-08-20,som,0,1,0.0,1.0
2025-08-20,tur,0,2,0.0,14.5
2025-08-20,ury,0,3,0.0,38.666666666666664
2025-08-20,usa,0,174,0.0,8.270114942528735
2025-08-20,vnm,0,1,0.0,41.0
2025-08-20,zaf,0,2,0.0,43.0
2025-08-21,ago,0,3,0.0,8.0
2025-08-21,alb,0,1,0.0,3.0
2025-08-21,arg,0,11,0.0,8.454545454545453
2025-08-21,aus,0,2,0.0,33.0
2025-08-21,bel,0,1,0.0,11.0
2025-08-21,ben,0,1,0.0,11.0
2025-08-21,can,0,4,0.0,40.0
2025-08-21,che,0,5,0.0,37.4
2025-08-21,cmr,0,1,0.0,8.0
2025-08-21,cod,0,1,0.0,4.0
2025-08-21,col,0,1,0.0,7.0
2025-08-21,deu,0,3,0.0,36.0
2025-08-21,esp,0,3,0.0,7.0
2025-08-21,fra,0,16,0.0,9.3125
2025-08-21,gbr,0,12,0.0,33.5
2025-08-21,hkg,0,1,0.0,6.0
2025-08-21,idn,0,4,0.0,6.0
2025-08-21,ind,0,3,0.0,11.0
2025-08-21,irl,0,2,0.0,9.5
2025-08-21,irn,0,1,0.0,9.0
2025-08-21,irq,0,1,0.0,6.0
2025-08-21,ita,0,11,0.0,43.90909090909091
2025-08-21,kor,0,2,0.0,11.5
2025-08-21,mtq,0,1,0.0,3.0
2025-08-21,mys,0,1,0.0,4.0
2025-08-21,nga,0,2,0.0,14.0
2025-08-21,nld,0,1,0.0,10.0
2025-08-21,nzl,0,1,0.0,26.0
2025-08-21,pak,0,1,0.0,4.0
2025-08-21,phl,0,1,0.0,4.0
2025-08-21,pol,0,4,0.0,16.75
2025-08-21,pri,0,1,0.0,13.0
2025-08-21,prt,0,23,0.0,12.869565217391305
2025-08-21,rus,0,4,0.0,11.25
2025-08-21,sgp,0,1,0.0,5.0
2025-08-21,slv,0,1,0.0,6.0
2025-08-21,som,0,1,0.0,1.0
2025-08-21,srb,0,1,0.0,6.0
2025-08-21,tha,0,1,0.0,10.0
2025-08-21,tur,0,2,0.0,9.5
2025-08-21,twn,0,1,0.0,10.0
2025-08-21,ury,0,2,0.0,6.0
2025-08-21,vnm,0,2,0.0,13.0
2025-08-21,zaf,0,1,0.0,12.0
2025-08-22,ago,0,1,0.0,22.0
2025-08-22,alb,0,1,0.0,9.0
2025-08-22,and,0,1,0.0,3.0
2025-08-22,arg,0,10,0.0,16.9
2025-08-22,aus,0,3,0.0,44.0
2025-08-22,aut,0,1,0.0,71.0
2025-08-22,bih,0,1,0.0,2.0
2025-08-22,bol,0,1,0.0,11.0
2025-08-22,can,0,11,0.0,23.09090909090909
2025-08-22,chl,0,4,0.0,12.25
2025-08-22,chn,0,1,0.0,2.0
2025-08-22,cmr,0,1,0.0,9.0
2025-08-22,cod,0,1,0.0,8.0
2025-08-22,cpv,0,1,0.0,17.0
2025-08-22,deu,0,5,0.0,25.4
2025-08-22,dnk,0,1,0.0,6.0
2025-08-22,esp,0,5,0.0,9.4
2025-08-22,fra,0,12,0.0,6.916666666666667
2025-08-22,gbr,0,8,0.0,33.0
2025-08-22,gnb,0,1,0.0,8.0
2025-08-22,idn,0,7,0.0,7.714285714285714
2025-08-22,ind,0,4,0.0,7.75
2025-08-22,irl,0,5,0.0,8.2
2025-08-22,ita,0,4,0.0,58.5
2025-08-22,mdg,0,1,0.0,6.0
2025-08-22,mex,0,3,0.0,46.333333333333336
2025-08-22,moz,0,3,0.0,8.0
2025-08-22,nga,0,2,0.0,21.5
2025-08-22,nld,0,2,0.0,6.0
2025-08-22,nzl,0,1,0.0,11.0
2025-08-22,pak,0,1,0.0,9.0
2025-08-22,phl,0,3,0.0,3.0
2025-08-22,prt,0,19,0.0,12.368421052631579
2025-08-22,pry,0,2,0.0,7.0
2025-08-22,sgp,0,1,0.0,18.0
2025-08-22,som,0,1,0.0,1.0
2025-08-22,srb,0,1,0.0,5.0
2025-08-22,swe,0,1,0.0,9.0
2025-08-22,syc,0,1,0.0,5.0
2025-08-22,tgo,0,1,0.0,93.0
2025-08-22,tur,0,6,0.0,15.333333333333334
2025-08-22,twn,0,2,0.0,1.0
2025-08-22,tza,0,2,0.0,8.0
2025-08-22,ukr,0,1,0.0,10.0
2025-08-22,ven,0,1,0.0,9.0
2025-08-22,vnm,0,1,0.0,6.0
2025-08-22,zaf,0,3,0.0,50.0
2025-08-23,ago,0,1,0.0,5.0
2025-08-23,arg,0,1,0.0,56.0
2025-08-23,aus,0,4,0.0,45.75
2025-08-23,bgd,0,2,0.0,7.0
2025-08-23,can,0,4,0.0,36.75
2025-08-23,che,0,3,0.0,11.0
2025-08-23,chl,0,2,0.0,9.0
2025-08-23,chn,0,1,0.0,14.0
2025-08-23,cog,0,1,0.0,10.0
2025-08-23,col,0,2,0.0,2.5
2025-08-23,deu,0,5,0.0,11.0
2025-08-23,dnk,0,1,0.0,10.0
2025-08-23,dza,0,1,0.0,10.0
2025-08-23,ecu,0,1,0.0,6.0
2025-08-23,egy,0,1,0.0,7.0
2025-08-23,esp,0,3,0.0,10.333333333333334
2025-08-23,fra,0,9,0.0,6.777777777777778
2025-08-23,gab,0,2,0.0,10.0
2025-08-23,gbr,0,9,0.0,15.333333333333334
2025-08-23,hun,0,1,0.0,10.0
2025-08-23,idn,0,3,0.0,9.0
2025-08-23,ind,0,7,0.0,32.14285714285714
2025-08-23,ita,0,5,0.0,25.0
2025-08-23,ltu,0,1,0.0,5.0
2025-08-23,moz,0,3,0.0,6.0
2025-08-23,nga,0,2,0.0,5.0
2025-08-23,nld,0,1,0.0,7.0
2025-08-23,nor,0,1,0.0,9.0
2025-08-23,npl,0,1,0.0,39.0
2025-08-23,nzl,0,1,0.0,27.0
2025-08-23,pak,0,1,0.0,32.0
2025-08-23,phl,0,1,0.0,17.0
2025-08-23,pol,0,2,0.0,5.5
2025-08-23,prt,0,14,0.0,13.714285714285714
2025-08-23,pry,0,1,0.0,3.0
2025-08-23,rou,0,2,0.0,20.5
2025-08-23,som,0,1,0.0,1.0
2025-08-23,swe,0,1,0.0,8.0
2025-08-23,tun,0,1,0.0,6.0
2025-08-23,tur,0,1,0.0,10.0
2025-08-23,uga,0,1,0.0,6.0
2025-08-23,ury,0,2,0.0,5.0
2025-08-23,usa,0,125,0.0,11.12
2025-08-23,ven,0,2,0.0,3.0
2025-08-23,vnm,0,6,0.0,25.0
2025-08-23,zaf,0,3,0.0,49.666666666666664
2025-08-23,zwe,0,1,0.0,24.0
2025-08-24,are,0,4,0.0,8.25
2025-08-24,arg,0,5,0.0,19.4
2025-08-24,aus,0,5,0.0,25.4
2025-08-24,aut,0,2,0.0,67.5
2025-08-24,can,0,5,0.0,7.4
2025-08-24,che,0,1,0.0,10.0
2025-08-24,chl,0,3,0.0,9.0
2025-08-24,deu,0,5,0.0,16.6
2025-08-24,dnk,0,1,0.0,26.0
2025-08-24,dza,0,1,0.0,11.0
2025-08-24,esp,0,11,0.0,20.636363636363637
2025-08-24,fra,0,15,0.0,7.6
2025-08-24,gbr,0,8,0.0,7.125
2025-08-24,glp,0,1,0.0,9.0
2025-08-24,guy,0,1,0.0,7.0
2025-08-24,hnd,0,1,0.0,6.0
2025-08-24,hrv,0,1,0.0,4.0
2025-08-24,idn,0,1,0.0,9.0
2025-08-24,ita,0,5,0.0,35.2
2025-08-24,jpn,0,6,0.0,23.5
2025-08-24,mex,0,3,0.0,8.666666666666668
2025-08-24,moz,0,1,0.0,1.0
2025-08-24,per,0,3,0.0,8.333333333333332
2025-08-24,pol,0,4,0.0,8.25
2025-08-24,pry,0,4,0.0,34.0
2025-08-24,sgp,0,2,0.0,9.5
2025-08-24,tha,0,1,0.0,8.0
2025-08-24,tun,0,1,0.0,11.0
2025-08-24,tur,0,3,0.0,11.333333333333334
2025-08-24,uga,0,1,0.0,4.0
2025-08-24,ury,0,1,0.0,3.0
2025-08-24,usa,0,128,0.0,11.78125
2025-08-24,vnm,0,1,0.0,7.0
2025-08-24,zaf,0,1,0.0,1.0
2025-08-25,ago,0,3,0.0,7.0
2025-08-25,arg,0,6,0.0,15.5
2025-08-25,aus,0,2,0.0,34.5
2025-08-25,aut,0,1,0.0,69.0
2025-08-25,bgd,0,1,0.0,6.0
2025-08-25,can,0,7,0.0,29.857142857142858
2025-08-25,che,0,1,0.0,5.0
2025-08-25,chl,0,2,0.0,5.5
2025-08-25,cod,0,1,0.0,9.0
2025-08-25,col,0,2,0.0,18.5
2025-08-25,cpv,0,1,0.0,5.0
2025-08-25,esp,0,5,0.0,15.6
2025-08-25,fin,0,1,0.0,2.0
2025-08-25,fra,0,2,0.0,9.5
2025-08-25,gbr,0,4,0.0,30.25
2025-08-25,grc,0,1,0.0,9.0
2025-08-25,hun,0,1,0.0,5.0
2025-08-25,idn,0,3,0.0,6.666666666666667
2025-08-25,ind,0,5,0.0,10.8
2025-08-25,isr,0,1,0.0,8.0
2025-08-25,ita,0,4,0.0,41.0
2025-08-25,jpn,0,4,0.0,11.0
2025-08-25,lux,0,3,0.0,8.333333333333332
2025-08-25,mar,0,1,0.0,45.0
2025-08-25,mda,0,1,0.0,7.0
2025-08-25,mex,0,3,0.0,3.3333333333333335
2025-08-25,mlt,0,1,0.0,11.0
2025-08-25,moz,0,2,0.0,4.0
2025-08-25,nga,0,2,0.0,36.5
2025-08-25,nld,0,6,0.0,50.333333333333336
2025-08-25,nzl,0,3,0.0,32.33333333333333
2025-08-25,per,0,1,0.0,4.0
2025-08-25,phl,0,2,0.0,21.5
2025-08-25,pol,0,1,0.0,8.0
2025-08-25,prt,0,19,0.0,13.263157894736842
2025-08-25,rou,0,1,0.0,96.0
2025-08-25,rus,0,1,0.0,2.0
2025-08-25,sgp,0,1,0.0,5.0
2025-08-25,swe,0,1,0.0,47.0
2025-08-25,tha,0,2,0.0,33.5
2025-08-25,tur,0,4,0.0,7.5
2025-08-25,twn,0,4,0.0,10.5
2025-08-25,uga,0,2,0.0,9.5
2025-08-25,ukr,0,3,0.0,69.0
2025-08-25,ury,0,1,0.0,6.0
2025-08-25,usa,0,132,0.0,11.06060606060606
2025-08-25,zaf,0,2,0.0,7.0
2025-08-26,ago,0,6,0.0,6.166666666666667
2025-08-26,are,0,2,0.0,8.5
2025-08-26,arg,0,6,0.0,12.333333333333334
2025-08-26,aus,0,1,0.0,18.0
2025-08-26,bel,0,2,0.0,36.5
2025-08-26,bhr,0,1,0.0,3.0
2025-08-26,can,0,16,0.0,11.0625
2025-08-26,che,0,1,0.0,15.0
2025-08-26,chl,0,5,0.0,4.0
2025-08-26,civ,0,1,0.0,1.0
2025-08-26,col,0,1,0.0,5.0
2025-08-26,deu,0,7,0.0,12.571428571428571
2025-08-26,ecu,0,1,0.0,7.0
2025-08-26,egy,0,2,0.0,7.0
2025-08-26,esp,0,10,0.0,5.3
2025-08-26,fra,0,16,0.0,8.875
2025-08-26,gab,0,1,0.0,9.0
2025-08-26,idn,0,2,0.0,5.0
2025-08-26,ind,0,5,0.0,74.8
2025-08-26,isr,0,1,0.0,12.0
2025-08-26,jpn,0,2,0.0,10.5
2025-08-26,kor,0,11,0.0,16.363636363636363
2025-08-26,mex,0,1,0.0,12.0
2025-08-26,moz,0,5,0.0,1.0
2025-08-26,nga,0,4,0.0,19.0
2025-08-26,nzl,0,2,0.0,43.0
2025-08-26,pan,0,1,0.0,3.0
2025-08-26,phl,0,1,0.0,9.0
2025-08-26,prt,0,16,0.0,15.25
2025-08-26,pry,0,3,0.0,7.0
2025-08-26,rou,0,3,0.0,4.333333333333334
2025-08-26,sen,0,1,0.0,1.0
2025-08-26,swe,0,4,0.0,6.5
2025-08-26,syr,0,1,0.0,9.0
2025-08-26,tur,0,2,0.0,12.0
2025-08-26,twn,0,1,0.0,9.0
2025-08-26,ury,0,1,0.0,6.0
2025-08-26,zaf,0,2,0.0,6.5
2025-08-27,ago,0,4,0.0,15.5
2025-08-27,arg,0,4,0.0,10.25
2025-08-27,aus,0,1,0.0,31.0
2025-08-27,bel,0,2,0.0,8.0
2025-08-27,ben,0,1,0.0,5.0
2025-08-27,can,0,6,0.0,41.0
2025-08-27,che,0,3,0.0,7.0
2025-08-27,cri,0,2,0.0,4.5
2025-08-27,cze,0,1,0.0,9.0
2025-08-27,deu,0,3,0.0,12.333333333333334
2025-08-27,ecu,0,2,0.0,5.5
2025-08-27,esp,0,4,0.0,8.0
2025-08-27,eth,0,1,0.0,6.0
2025-08-27,gbr,0,9,0.0,18.77777777777778
2025-08-27,hun,0,1,0.0,30.0
2025-08-27,idn,0,3,0.0,8.666666666666668
2025-08-27,ind,0,4,0.0,22.25
2025-08-27,irl,0,1,0.0,9.0
2025-08-27,ita,0,3,0.0,9.0
2025-08-27,jpn,0,2,0.0,10.5
2025-08-27,ken,0,2,0.0,8.0
2025-08-27,mex,0,1,0.0,10.0
2025-08-27,nga,0,1,0.0,88.0
2025-08-27,pak,0,1,0.0,11.0
2025-08-27,phl,0,1,0.0,51.0
2025-08-27,pol,0,3,0.0,7.0
2025-08-27,prt,0,10,0.0,11.5
2025-08-27,pry,0,3,0.0,10.333333333333334
2025-08-27,rou,0,2,0.0,10.0
2025-08-27,rus,0,1,0.0,66.0
2025-08-27,sau,0,1,0.0,4.0
2025-08-27,tgo,0,1,0.0,11.0
2025-08-27,tha,0,2,0.0,7.0
2025-08-27,tur,0,2,0.0,14.5
2025-08-27,twn,0,3,0.0,10.333333333333334
2025-08-27,ury,0,1,0.0,3.0
2025-08-27,usa,0,111,0.0,11.783783783783784
2025-08-27,vnm,0,1,0.0,10.0
2025-08-27,zaf,0,2,0.0,40.5
2025-08-28,ago,0,4,0.0,5.25
2025-08-28,arg,0,13,0.0,24.0
2025-08-28,bel,0,2,0.0,8.0
2025-08-28,bol,0,2,0.0,6.5
2025-08-28,can,0,13,0.0,17.46153846153846
2025-08-28,che,0,5,0.0,9.4
2025-08-28,chl,0,4,0.0,10.75
2025-08-28,cri,0,1,0.0,10.0
2025-08-28,cyp,0,1,0.0,26.0
2025-08-28,deu,0,7,0.0,18.0
2025-08-28,ecu,0,3,0.0,7.0
2025-08-28,esp,0,6,0.0,33.0
2025-08-28,fra,0,4,0.0,27.75
2025-08-28,gbr,0,11,0.0,15.090909090909092
2025-08-28,hkg,0,1,0.0,4.0
2025-08-28,idn,0,8,0.0,9.0
2025-08-28,ind,0,4,0.0,6.75
2025-08-28,irl,0,2,0.0,10.0
2025-08-28,isr,0,1,0.0,3.0
2025-08-28,ita,0,1,0.0,9.0
2025-08-28,jam,0,1,0.0,11.0
2025-08-28,jor,0,1,0.0,19.0
2025-08-28,jpn,0,2,0.0,9.5
2025-08-28,kgz,0,1,0.0,27.0
2025-08-28,kor,0,1,0.0,57.0
2025-08-28,lux,0,1,0.0,12.0
2025-08-28,mex,0,1,0.0,9.0
2025-08-28,mys,0,3,0.0,44.666666666666664
2025-08-28,nga,0,2,0.0,50.0
2025-08-28,nld,0,1,0.0,11.0
2025-08-28,npl,0,1,0.0,1.0
2025-08-28,nzl,0,1,0.0,11.0
2025-08-28,pan,0,1,0.0,10.0
2025-08-28,per,0,2,0.0,81.0
2025-08-28,phl,0,1,0.0,31.0
2025-08-28,pol,0,2,0.0,4.5
2025-08-28,prt,0,19,0.0,18.157894736842106
2025-08-28,pry,0,2,0.0,7.0
2025-08-28,pse,0,1,0.0,6.0
2025-08-28,rus,0,1,0.0,9.0
2025-08-28,sau,0,1,0.0,5.0
2025-08-28,tun,0,2,0.0,24.5
2025-08-28,ukr,0,1,0.0,54.0
2025-08-28,ury,0,1,0.0,12.0
2025-08-28,ven,0,3,0.0,7.0
2025-08-28,zaf,0,1,0.0,28.0
2025-08-28,zzz,0,1,0.0,2.0
2025-08-29,ago,0,4,0.0,3.75
2025-08-29,arg,0,5,0.0,37.4
2025-08-29,aus,0,1,0.0,9.0
2025-08-29,bel,0,1,0.0,11.0
2025-08-29,bgd,0,1,0.0,9.0
2025-08-29,bol,0,1,0.0,5.0
2025-08-29,can,0,12,0.0,14.166666666666666
2025-08-29,chl,0,2,0.0,7.5
2025-08-29,col,0,1,0.0,8.0
2025-08-29,deu,0,9,0.0,35.888888888888886
2025-08-29,egy,0,3,0.0,8.666666666666668
2025-08-29,esp,0,9,0.0,34.333333333333336
2025-08-29,fra,0,4,0.0,46.25
2025-08-29,idn,0,2,0.0,12.0
2025-08-29,ind,0,7,0.0,48.142857142857146
2025-08-29,irl,0,6,0.0,17.0
2025-08-29,ita,0,7,0.0,18.142857142857142
2025-08-29,jey,0,1,0.0,7.0
2025-08-29,jpn,0,1,0.0,12.0
2025-08-29,lux,0,1,0.0,65.0
2025-08-29,mex,0,2,0.0,37.5
2025-08-29,moz,0,1,0.0,86.0
2025-08-29,nga,0,1,0.0,12.0
2025-08-29,nld,0,2,0.0,15.0
2025-08-29,pan,0,3,0.0,10.333333333333334
2025-08-29,phl,0,2,0.0,58.5
2025-08-29,pol,0,1,0.0,6.0
2025-08-29,prt,0,16,0.0,30.4375
2025-08-29,rou,0,1,0.0,12.0
2025-08-29,rus,0,2,0.0,7.0
2025-08-29,swe,0,1,0.0,5.0
2025-08-29,tun,0,1,0.0,12.0
2025-08-29,tur,0,4,0.0,9.0
2025-08-29,usa,0,209,0.0,19.09090909090909
2025-08-29,ven,0,1,0.0,10.0
2025-08-30,ago,0,3,0.0,9.666666666666666
2025-08-30,alb,0,1,0.0,9.0
2025-08-30,arg,0,14,0.0,21.285714285714285
2025-08-30,aus,0,2,0.0,60.0
2025-08-30,aut,0,1,0.0,56.0
2025-08-30,can,0,3,0.0,18.333333333333332
2025-08-30,che,0,1,0.0,70.0
2025-08-30,chl,0,9,0.0,65.66666666666667
2025-08-30,col,0,1,0.0,6.0
2025-08-30,cpv,0,2,0.0,7.5
2025-08-30,deu,0,4,0.0,54.75
2025-08-30,dnk,0,1,0.0,11.0
2025-08-30,dom,0,1,0.0,18.0
2025-08-30,dza,0,1,0.0,28.0
2025-08-30,ecu,0,6,0.0,13.666666666666666
2025-08-30,egy,0,1,0.0,77.0
2025-08-30,esp,0,8,0.0,59.125
2025-08-30,fra,0,5,0.0,48.2
2025-08-30,gbr,0,10,0.0,11.6
2025-08-30,grc,0,1,0.0,10.0
2025-08-30,hnd,0,1,0.0,32.0
2025-08-30,hrv,0,1,0.0,7.0
2025-08-30,ind,0,3,0.0,40.666666666666664
2025-08-30,irl,0,4,0.0,26.25
2025-08-30,irq,0,1,0.0,32.0
2025-08-30,isr,0,1,0.0,9.0
2025-08-30,ita,0,3,0.0,27.0
2025-08-30,jpn,0,1,0.0,6.0
2025-08-30,lux,0,9,0.0,94.66666666666667
2025-08-30,mex,0,4,0.0,34.75
2025-08-30,nga,0,1,0.0,2.0
2025-08-30,nld,0,1,0.0,4.0
2025-08-30,nzl,0,1,0.0,33.0
2025-08-30,pak,0,1,0.0,47.0
2025-08-30,per,0,2,0.0,19.0
2025-08-30,prt,0,21,0.0,30.047619047619047
2025-08-30,pry,0,1,0.0,10.0
2025-08-30,rou,0,2,0.0,44.0
2025-08-30,rus,0,1,0.0,34.0
2025-08-30,sgp,0,2,0.0,1.0
2025-08-30,srb,0,1,0.0,8.0
2025-08-30,sur,0,2,0.0,4.0
2025-08-30,tha,0,1,0.0,19.0
2025-08-30,tur,0,1,0.0,47.0
2025-08-30,twn,0,1,0.0,11.0
2025-08-30,ukr,0,1,0.0,34.0
2025-08-30,ury,0,1,0.0,7.0
2025-08-30,usa,0,585,0.0,10.47008547008547
2025-08-30,ven,0,5,0.0,2.0
2025-08-30,zaf,0,2,0.0,52.0
2025-08-31,ago,0,1,0.0,12.0
2025-08-31,are,0,1,0.0,48.0
2025-08-31,arg,0,8,0.0,37.875
2025-08-31,aus,0,1,0.0,8.0
2025-08-31,can,0,3,0.0,8.0
2025-08-31,che,0,2,0.0,23.5
2025-08-31,chl,0,9,0.0,55.333333333333336
2025-08-31,chn,0,1,0.0,8.0
2025-08-31,civ,0,1,0.0,95.0
2025-08-31,cog,0,2,0.0,6.0
2025-08-31,col,0,2,0.0,37.0
2025-08-31,deu,0,9,0.0,19.0
2025-08-31,ecu,0,4,0.0,5.75
2025-08-31,egy,0,5,0.0,27.8
2025-08-31,esp,0,7,0.0,60.285714285714285
2025-08-31,fin,0,1,0.0,96.0
2025-08-31,fra,0,6,0.0,61.833333333333336
2025-08-31,gbr,0,1,0.0,81.0
2025-08-31,hkg,0,1,0.0,5.0
2025-08-31,hrv,0,2,0.0,6.0
2025-08-31,idn,0,1,0.0,11.0
2025-08-31,ind,0,6,0.0,26.5
2025-08-31,irl,0,1,0.0,39.0
2025-08-31,isr,0,1,0.0,91.0
2025-08-31,ita,0,2,0.0,61.5
2025-08-31,jpn,0,3,0.0,8.666666666666668
2025-08-31,kor,0,2,0.0,9.5
2025-08-31,lbn,0,1,0.0,7.0
2025-08-31,lie,0,1,0.0,13.0
2025-08-31,lva,0,8,0.0,17.375
2025-08-31,mar,0,1,0.0,71.0
2025-08-31,mex,0,3,0.0,42.666666666666664
2025-08-31,moz,0,2,0.0,8.5
2025-08-31,nga,0,2,0.0,78.0
2025-08-31,nld,0,1,0.0,8.0
2025-08-31,phl,0,1,0.0,96.0
2025-08-31,pol,0,3,0.0,36.0
2025-08-31,prt,0,23,0.0,36.391304347826086
2025-08-31,pry,0,4,0.0,8.0
2025-08-31,rou,0,1,0.0,84.0
2025-08-31,swe,0,2,0.0,44.5
2025-08-31,tur,0,1,0.0,27.0
2025-08-31,twn,0,1,0.0,39.0
2025-08-31,ukr,0,1,0.0,9.0
2025-08-31,ury,0,5,0.0,3.8
2025-08-31,usa,0,283,0.0,22.374558303886925
2025-08-31,ven,0,2,0.0,4.5
2025-08-31,zaf,0,3,0.0,40.333333333333336
2025-09-01,ago,0,1,0.0,5.0
2025-09-01,arg,0,7,0.0,5.142857142857143
2025-09-01,bel,0,1,0.0,4.0
2025-09-01,ben,0,1,0.0,19.0
2025-09-01,bgd,0,1,0.0,9.0
2025-09-01,bih,0,1,0.0,13.0
2025-09-01,bol,0,2,0.0,7.5
2025-09-01,can,0,14,0.0,19.071428571428573
2025-09-01,chl,0,2,0.0,7.0
2025-09-01,col,0,2,0.0,29.0
2025-09-01,cpv,0,2,0.0,9.5
2025-09-01,deu,0,6,0.0,18.0
2025-09-01,dza,0,1,0.0,135.0
2025-09-01,ecu,0,1,0.0,10.0
2025-09-01,egy,0,1,0.0,77.0
2025-09-01,esp,0,1,0.0,6.0
2025-09-01,gbr,0,6,0.0,18.166666666666668
2025-09-01,grc,0,6,0.0,6.666666666666667
2025-09-01,guy,0,1,0.0,1.0
2025-09-01,ind,0,9,0.0,22.22222222222222
2025-09-01,irl,0,1,0.0,52.0
2025-09-01,irq,0,1,0.0,141.0
2025-09-01,isr,0,1,0.0,31.0
2025-09-01,jor,0,1,0.0,4.0
2025-09-01,jpn,0,1,0.0,4.0
2025-09-01,kor,0,1,0.0,9.0
2025-09-01,mex,0,1,0.0,18.0
2025-09-01,mkd,0,1,0.0,4.0
2025-09-01,moz,0,5,0.0,6.8
2025-09-01,mys,0,1,0.0,9.0
2025-09-01,nld,0,2,0.0,40.0
2025-09-01,nor,0,3,0.0,7.0
2025-09-01,npl,0,1,0.0,7.0
2025-09-01,phl,0,1,0.0,33.0
2025-09-01,pol,0,1,0.0,34.0
2025-09-01,prt,0,18,0.0,30.22222222222222
2025-09-01,swe,0,2,0.0,28.5
2025-09-01,tha,0,1,0.0,1.0
2025-09-01,twn,0,2,0.0,14.0
2025-09-01,ukr,0,4,0.0,56.0
2025-09-01,ury,0,5,0.0,6.0
2025-09-01,usa,0,244,0.0,16.524590163934427
2025-09-01,ven,0,1,0.0,71.0
2025-09-01,zaf,0,1,0.0,30.0
2025-09-02,ago,0,5,0.0,3.2
2025-09-02,are,0,1,0.0,74.0
2025-09-02,arg,0,8,0.0,11.625
2025-09-02,aus,0,1,0.0,4.0
2025-09-02,aut,0,1,0.0,13.0
2025-09-02,bel,0,2,0.0,3.0
2025-09-02,bgd,0,9,0.0,11.222222222222221
2025-09-02,bgr,0,1,0.0,11.0
2025-09-02,bol,0,1,0.0,4.0
2025-09-02,can,0,11,0.0,8.181818181818182
2025-09-02,che,0,1,0.0,6.0
2025-09-02,chl,0,4,0.0,24.0
2025-09-02,chn,0,1,0.0,5.0
2025-09-02,cod,0,1,0.0,20.0
2025-09-02,col,0,4,0.0,9.25
2025-09-02,cri,0,1,0.0,4.0
2025-09-02,cze,0,1,0.0,4.0
2025-09-02,deu,0,9,0.0,17.77777777777778
2025-09-02,dnk,0,2,0.0,3.0
2025-09-02,ecu,0,2,0.0,7.0
2025-09-02,esp,0,7,0.0,5.142857142857143
2025-09-02,fji,0,1,0.0,8.0
2025-09-02,fra,0,4,0.0,7.25
2025-09-02,gbr,0,5,0.0,7.6
2025-09-02,gha,0,1,0.0,8.0
2025-09-02,grc,0,1,0.0,5.0
2025-09-02,gtm,0,2,0.0,11.0
2025-09-02,hnd,0,1,0.0,2.0
2025-09-02,idn,0,3,0.0,9.0
2025-09-02,ind,0,35,0.0,8.714285714285715
2025-09-02,irn,0,1,0.0,7.0
2025-09-02,ita,0,3,0.0,7.333333333333333
2025-09-02,jor,0,1,0.0,11.0
2025-09-02,ken,0,1,0.0,5.0
2025-09-02,mar,0,1,0.0,9.0
2025-09-02,mlt,0,1,0.0,89.0
2025-09-02,moz,0,2,0.0,10.5
2025-09-02,mus,0,1,0.0,5.0
2025-09-02,nga,0,1,0.0,6.0
2025-09-02,npl,0,1,0.0,32.0
2025-09-02,nzl,0,1,0.0,50.0
2025-09-02,pak,0,1,0.0,8.0
2025-09-02,per,0,1,0.0,3.0
2025-09-02,phl,0,5,0.0,7.8
2025-09-02,pol,0,1,0.0,7.0
2025-09-02,prt,0,13,0.0,25.923076923076923
2025-09-02,pry,0,1,0.0,11.0
2025-09-02,pse,0,1,0.0,7.0
2025-09-02,qat,0,1,0.0,12.0
2025-09-02,rus,0,2,0.0,10.5
2025-09-02,sau,0,2,0.0,7.0
2025-09-02,sen,0,1,0.0,35.0
2025-09-02,sgp,0,4,0.0,8.5
2025-09-02,swe,0,1,0.0,6.0
2025-09-02,tgo,0,1,0.0,30.0
2025-09-02,tun,0,1,0.0,80.0
2025-09-02,tur,0,1,0.0,58.0
2025-09-02,ukr,0,2,0.0,7.5
2025-09-02,ury,0,6,0.0,19.166666666666668
2025-09-02,usa,0,182,0.0,11.945054945054945
2025-09-02,ven,0,1,0.0,15.0
2025-09-02,vnm,0,1,0.0,4.0
2025-09-02,zaf,0,1,0.0,13.0
2025-09-03,arg,0,12,0.0,12.166666666666666
2025-09-03,aus,0,5,0.0,18.4
2025-09-03,aut,0,1,0.0,80.0
2025-09-03,bel,0,1,0.0,5.0
2025-09-03,bgd,0,7,0.0,7.428571428571429
2025-09-03,can,0,6,0.0,18.333333333333332
2025-09-03,che,0,2,0.0,12.5
2025-09-03,chl,0,1,0.0,4.0
2025-09-03,cmr,0,1,0.0,25.0
2025-09-03,col,0,1,0.0,3.0
2025-09-03,deu,0,7,0.0,24.714285714285715
2025-09-03,ecu,0,1,0.0,8.0
2025-09-03,egy,0,2,0.0,31.0
2025-09-03,esp,0,2,0.0,11.0
2025-09-03,fra,0,2,0.0,7.0
2025-09-03,gab,0,1,0.0,44.0
2025-09-03,gbr,0,8,0.0,35.0
2025-09-03,grc,0,1,0.0,9.0
2025-09-03,gtm,0,1,0.0,11.0
2025-09-03,idn,0,1,0.0,10.0
2025-09-03,ind,0,31,0.0,9.129032258064516
2025-09-03,irl,0,1,0.0,8.0
2025-09-03,irq,0,1,0.0,9.0
2025-09-03,isr,0,3,0.0,7.0
2025-09-03,ita,0,1,0.0,11.0
2025-09-03,jpn,0,4,0.0,8.5
2025-09-03,kor,0,2,0.0,9.0
2025-09-03,ltu,0,1,0.0,10.0
2025-09-03,lux,0,1,0.0,68.0
2025-09-03,mar,0,1,0.0,13.0
2025-09-03,mex,0,2,0.0,26.5
2025-09-03,moz,0,2,0.0,6.0
2025-09-03,nga,0,5,0.0,55.4
2025-09-03,nld,0,1,0.0,88.0
2025-09-03,per,0,2,0.0,4.5
2025-09-03,phl,0,8,0.0,16.125
2025-09-03,prt,0,7,0.0,10.857142857142858
2025-09-03,pry,0,2,0.0,15.0
2025-09-03,sau,0,1,0.0,21.0
2025-09-03,sgp,0,1,0.0,6.0
2025-09-03,slv,0,1,0.0,6.0
2025-09-03,swe,0,1,0.0,3.0
2025-09-03,tgo,0,1,0.0,41.0
2025-09-03,tha,0,2,0.0,38.5
2025-09-03,tls,0,2,0.0,2.0
2025-09-03,tur,0,1,0.0,5.0
2025-09-03,ury,0,2,0.0,31.0
2025-09-03,usa,0,205,0.0,12.458536585365854
2025-09-03,uzb,0,1,0.0,5.0
2025-09-03,vnm,0,2,0.0,8.0
2025-09-03,zaf,0,2,0.0,10.5
2025-09-04,ago,0,3,0.0,10.0
2025-09-04,arg,0,13,0.0,22.615384615384617
2025-09-04,aus,0,2,0.0,66.0
2025-09-04,aze,0,1,0.0,46.0
2025-09-04,bel,0,1,0.0,2.0
2025-09-04,bgr,0,1,0.0,56.0
2025-09-04,bol,0,1,0.0,7.0
2025-09-04,can,0,8,0.0,27.875
2025-09-04,che,0,1,0.0,70.0
2025-09-04,chl,0,2,0.0,51.5
2025-09-04,cmr,0,1,0.0,37.0
2025-09-04,col,0,2,0.0,20.5
2025-09-04,deu,0,5,0.0,58.6
2025-09-04,dnk,0,2,0.0,10.5
2025-09-04,ecu,0,1,0.0,8.0
2025-09-04,egy,0,1,0.0,12.0
2025-09-04,esp,0,7,0.0,28.857142857142858
2025-09-04,fra,0,3,0.0,43.333333333333336
2025-09-04,gbr,0,6,0.0,16.166666666666664
2025-09-04,idn,0,2,0.0,13.0
2025-09-04,ind,0,12,0.0,30.916666666666668
2025-09-04,irl,0,4,0.0,5.75
2025-09-04,irn,0,1,0.0,8.0
2025-09-04,ita,0,36,0.0,47.02777777777778
2025-09-04,jpn,0,2,0.0,50.0
2025-09-04,ltu,0,1,0.0,10.0
2025-09-04,mar,0,1,0.0,53.0
2025-09-04,mex,0,7,0.0,11.714285714285714
2025-09-04,moz,0,1,0.0,12.0
2025-09-04,mwi,0,1,0.0,88.0
2025-09-04,nga,0,6,0.0,41.833333333333336
2025-09-04,nld,0,1,0.0,5.0
2025-09-04,npl,0,1,0.0,68.0
2025-09-04,nzl,0,1,0.0,7.0
2025-09-04,pak,0,1,0.0,70.0
2025-09-04,pol,0,1,0.0,14.0
2025-09-04,pri,0,1,0.0,9.0
2025-09-04,prt,0,13,0.0,25.0
2025-09-04,pry,0,3,0.0,6.333333333333333
2025-09-04,rus,0,1,0.0,7.0
2025-09-04,sen,0,1,0.0,8.0
2025-09-04,tha,0,1,0.0,4.0
2025-09-04,tur,0,1,0.0,5.0
2025-09-04,twn,0,2,0.0,13.0
2025-09-04,ukr,0,2,0.0,17.0
2025-09-04,ury,0,3,0.0,18.666666666666668
2025-09-04,usa,0,235,0.0,9.229787234042552
2025-09-04,uzb,0,1,0.0,6.0
2025-09-04,vnm,0,1,0.0,10.0
2025-09-04,zaf,0,1,0.0,10.0
2025-09-05,ago,0,2,0.0,9.0
2025-09-05,are,0,3,0.0,34.333333333333336
2025-09-05,arg,0,10,0.0,24.3
2025-09-05,aus,0,2,0.0,32.0
2025-09-05,aut,0,3,0.0,31.333333333333332
2025-09-05,bel,0,1,0.0,47.0
2025-09-05,bgd,0,1,0.0,6.0
2025-09-05,can,0,25,0.0,12.8
2025-09-05,che,0,3,0.0,54.666666666666664
2025-09-05,chl,0,1,0.0,47.0
2025-09-05,chn,0,2,0.0,5.5
2025-09-05,col,0,2,0.0,12.5
2025-09-05,deu,0,5,0.0,32.0
2025-09-05,dnk,0,1,0.0,6.0
2025-09-05,dom,0,1,0.0,9.0
2025-09-05,ecu,0,2,0.0,3.5
2025-09-05,esp,0,7,0.0,6.285714285714286
2025-09-05,fin,0,1,0.0,5.0
2025-09-05,fra,0,4,0.0,21.75
2025-09-05,gbr,0,6,0.0,58.333333333333336
2025-09-05,gha,0,1,0.0,10.0
2025-09-05,grc,0,1,0.0,5.0
2025-09-05,ind,0,14,0.0,29.0
2025-09-05,irl,0,1,0.0,17.0
2025-09-05,irq,0,1,0.0,6.0
2025-09-05,ita,0,22,0.0,37.86363636363637
2025-09-05,jor,0,1,0.0,11.0
2025-09-05,jpn,0,1,0.0,10.0
2025-09-05,kgz,0,1,0.0,5.0
2025-09-05,kor,0,3,0.0,11.0
2025-09-05,mex,0,2,0.0,41.0
2025-09-05,moz,0,4,0.0,7.0
2025-09-05,nga,0,4,0.0,44.25
2025-09-05,nld,0,2,0.0,35.5
2025-09-05,omn,0,1,0.0,183.0
2025-09-05,pak,0,2,0.0,4.0
2025-09-05,per,0,1,0.0,3.0
2025-09-05,phl,0,2,0.0,27.0
2025-09-05,pol,0,1,0.0,80.0
2025-09-05,prt,0,23,0.0,19.91304347826087
2025-09-05,pry,0,4,0.0,18.0
2025-09-05,pse,0,1,0.0,4.0
2025-09-05,reu,0,1,0.0,4.0
2025-09-05,rou,0,1,0.0,54.0
2025-09-05,sau,0,1,0.0,4.0
2025-09-05,sgp,0,2,0.0,38.0
2025-09-05,tgo,0,1,0.0,26.0
2025-09-05,tha,0,1,0.0,2.0
2025-09-05,tur,0,2,0.0,85.0
2025-09-05,ury,0,1,0.0,20.0
2025-09-05,usa,0,221,0.0,9.959276018099548
2025-09-05,ven,0,1,0.0,9.0
2025-09-05,vnm,0,2,0.0,1.0
2025-09-06,ago,0,1,0.0,4.0
2025-09-06,are,0,1,0.0,11.0
2025-09-06,arg,0,10,0.0,23.7
2025-09-06,aus,0,2,0.0,2.0
2025-09-06,aut,0,1,0.0,11.0
2025-09-06,aze,0,1,0.0,5.0
2025-09-06,bel,0,2,0.0,7.0
2025-09-06,bfa,0,1,0.0,6.0
2025-09-06,bol,0,1,0.0,9.0
2025-09-06,can,0,11,0.0,16.636363636363637
2025-09-06,che,0,2,0.0,16.5
2025-09-06,chl,0,3,0.0,8.666666666666668
2025-09-06,chn,0,2,0.0,5.0
2025-09-06,col,0,1,0.0,3.0
2025-09-06,cub,0,1,0.0,11.0
2025-09-06,deu,0,4,0.0,9.0
2025-09-06,dnk,0,1,0.0,6.0
2025-09-06,dom,0,1,0.0,8.0
2025-09-06,dza,0,2,0.0,16.0
2025-09-06,esp,0,3,0.0,59.666666666666664
2025-09-06,fra,0,1,0.0,33.0
2025-09-06,gbr,0,3,0.0,35.333333333333336
2025-09-06,grc,0,1,0.0,7.0
2025-09-06,ind,0,6,0.0,9.0
2025-09-06,irq,0,1,0.0,1.0
2025-09-06,ita,0,2,0.0,51.5
2025-09-06,jpn,0,7,0.0,8.714285714285715
2025-09-06,kor,0,1,0.0,18.0
2025-09-06,mex,0,1,0.0,3.0
2025-09-06,mli,0,2,0.0,7.0
2025-09-06,mng,0,1,0.0,10.0
2025-09-06,moz,0,2,0.0,4.0
2025-09-06,mys,0,1,0.0,2.0
2025-09-06,nga,0,8,0.0,52.625
2025-09-06,nic,0,1,0.0,8.0
2025-09-06,nld,0,3,0.0,7.0
2025-09-06,pan,0,2,0.0,4.0
2025-09-06,phl,0,2,0.0,27.0
2025-09-06,prt,0,17,0.0,14.0
2025-09-06,pry,0,3,0.0,9.0
2025-09-06,rus,0,1,0.0,13.0
2025-09-06,sau,0,1,0.0,5.0
2025-09-06,sen,0,1,0.0,5.0
2025-09-06,srb,0,1,0.0,1.0
2025-09-06,tls,0,1,0.0,5.0
2025-09-06,tur,0,2,0.0,10.5
2025-09-06,twn,0,3,0.0,8.0
2025-09-06,ury,0,2,0.0,8.0
2025-09-06,usa,0,254,0.0,9.244094488188976
2025-09-06,uzb,0,1,0.0,9.0
2025-09-06,ven,0,2,0.0,7.0
2025-09-06,vnm,0,1,0.0,10.0
2025-09-06,zaf,0,1,0.0,5.0
2025-09-07,ago,0,19,0.0,6.157894736842105
2025-09-07,are,0,1,0.0,50.0
2025-09-07,arg,0,21,0.0,31.761904761904763
2025-09-07,aus,0,2,0.0,12.5
2025-09-07,bel,0,3,0.0,22.333333333333332
2025-09-07,brn,0,1,0.0,39.0
2025-09-07,can,0,8,0.0,17.5
2025-09-07,che,0,3,0.0,45.333333333333336
2025-09-07,chl,0,6,0.0,50.833333333333336
2025-09-07,col,0,1,0.0,47.0
2025-09-07,cpv,0,1,0.0,5.0
2025-09-07,cri,0,1,0.0,12.0
2025-09-07,cze,0,1,0.0,56.0
2025-09-07,deu,0,9,0.0,53.888888888888886
2025-09-07,dnk,0,1,0.0,94.0
2025-09-07,ecu,0,1,0.0,88.0
2025-09-07,egy,0,1,0.0,82.0
2025-09-07,esp,0,9,0.0,48.333333333333336
2025-09-07,fra,0,8,0.0,52.5
2025-09-07,gbr,0,10,0.0,18.2
2025-09-07,hkg,0,1,0.0,7.0
2025-09-07,ind,0,3,0.0,20.0
2025-09-07,irq,0,1,0.0,1.0
2025-09-07,isr,0,1,0.0,69.0
2025-09-07,ita,0,2,0.0,6.0
2025-09-07,jpn,0,1,0.0,6.0
2025-09-07,ken,0,1,0.0,10.0
2025-09-07,kor,0,2,0.0,10.5
2025-09-07,lva,0,1,0.0,44.0
2025-09-07,mar,0,1,0.0,69.0
2025-09-07,mex,0,4,0.0,81.0
2025-09-07,moz,0,7,0.0,7.0
2025-09-07,mys,0,2,0.0,8.0
2025-09-07,nga,0,5,0.0,45.2
2025-09-07,nld,0,4,0.0,43.5
2025-09-07,nzl,0,2,0.0,50.5
2025-09-07,pan,0,1,0.0,5.0
2025-09-07,per,0,2,0.0,35.0
2025-09-07,phl,0,1,0.0,34.0
2025-09-07,pol,0,2,0.0,6.0
2025-09-07,prt,0,37,0.0,33.21621621621622
2025-09-07,pry,0,4,0.0,10.25
2025-09-07,rou,0,1,0.0,81.0
2025-09-07,rus,0,2,0.0,51.0
2025-09-07,svk,0,1,0.0,1.0
2025-09-07,tur,0,4,0.0,60.75
2025-09-07,twn,0,3,0.0,7.0
2025-09-07,ury,0,4,0.0,3.75
2025-09-07,usa,0,233,0.0,10.3862660944206
2025-09-07,uzb,0,1,0.0,92.0
2025-09-07,ven,0,3,0.0,22.666666666666668
2025-09-07,zaf,0,1,0.0,1.0
2025-09-08,ago,0,2,0.0,6.0
2025-09-08,alb,0,1,0.0,6.0
2025-09-08,arg,0,12,0.0,20.333333333333332
2025-09-08,aut,0,1,0.0,11.0
2025-09-08,bol,0,2,0.0,7.0
2025-09-08,can,0,7,0.0,17.285714285714285
2025-09-08,chl,0,3,0.0,17.666666666666668
2025-09-08,cmr,0,1,0.0,8.0
2025-09-08,col,0,4,0.0,14.0
2025-09-08,deu,0,13,0.0,40.07692307692308
2025-09-08,dnk,0,1,0.0,1.0
2025-09-08,ecu,0,2,0.0,3.0
2025-09-08,esp,0,2,0.0,43.5
2025-09-08,fin,0,1,0.0,6.0
2025-09-08,fra,0,2,0.0,36.5
2025-09-08,gbr,0,7,0.0,29.285714285714285
2025-09-08,gnb,0,1,0.0,7.0
2025-09-08,grc,0,1,0.0,6.0
2025-09-08,hkg,0,1,0.0,9.0
2025-09-08,idn,0,1,0.0,4.0
2025-09-08,ind,0,5,0.0,11.2
2025-09-08,irl,0,2,0.0,7.0
2025-09-08,ita,0,4,0.0,10.5
2025-09-08,jpn,0,2,0.0,7.0
2025-09-08,kor,0,1,0.0,3.0
2025-09-08,mar,0,1,0.0,10.0
2025-09-08,mex,0,1,0.0,6.0
2025-09-08,moz,0,4,0.0,20.25
2025-09-08,mys,0,1,0.0,12.0
2025-09-08,nld,0,2,0.0,8.5
2025-09-08,nor,0,2,0.0,3.5
2025-09-08,nzl,0,2,0.0,53.0
2025-09-08,pak,0,3,0.0,28.0
2025-09-08,phl,0,5,0.0,5.8
2025-09-08,pri,0,1,0.0,28.0
2025-09-08,pry,0,3,0.0,7.0
2025-09-08,rou,0,1,0.0,28.0
2025-09-08,srb,0,1,0.0,11.0
2025-09-08,swe,0,1,0.0,8.0
2025-09-08,tgo,0,1,0.0,11.0
2025-09-08,tto,0,1,0.0,51.0
2025-09-08,tur,0,3,0.0,33.666666666666664
2025-09-08,twn,0,3,0.0,4.0
2025-09-08,ukr,0,1,0.0,71.0
2025-09-08,ury,0,3,0.0,22.666666666666668
2025-09-08,usa,0,213,0.0,10.014084507042254
2025-09-08,vnm,0,1,0.0,1.0
2025-09-08,zaf,0,4,0.0,8.75
2025-09-08,zwe,0,1,0.0,1.0
2025-09-09,ago,0,3,0.0,22.666666666666668
2025-09-09,are,0,1,0.0,10.0
2025-09-09,arg,0,9,0.0,31.0
2025-09-09,aus,0,1,0.0,101.0
2025-09-09,bel,0,1,0.0,9.0
2025-09-09,bfa,0,1,0.0,11.0
2025-09-09,bgr,0,1,0.0,21.0
2025-09-09,bol,0,2,0.0,9.0
2025-09-09,can,0,6,0.0,10.333333333333334
2025-09-09,che,0,1,0.0,17.0
2025-09-09,chl,0,3,0.0,10.333333333333334
2025-09-09,col,0,5,0.0,34.6
2025-09-09,cpv,0,1,0.0,15.0
2025-09-09,ecu,0,1,0.0,24.0
2025-09-09,esp,0,2,0.0,36.5
2025-09-09,fra,0,1,0.0,38.0
2025-09-09,idn,0,2,0.0,13.0
2025-09-09,ind,0,4,0.0,6.0
2025-09-09,irq,0,1,0.0,70.0
2025-09-09,ita,0,4,0.0,2.25
2025-09-09,jpn,0,3,0.0,8.0
2025-09-09,kwt,0,1,0.0,57.0
2025-09-09,mdv,0,1,0.0,51.0
2025-09-09,mex,0,3,0.0,27.0
2025-09-09,mli,0,1,0.0,11.0
2025-09-09,moz,0,2,0.0,10.5
2025-09-09,mys,0,1,0.0,12.0
2025-09-09,nld,0,2,0.0,11.0
2025-09-09,nor,0,1,0.0,11.0
2025-09-09,npl,0,1,0.0,1.0
2025-09-09,pan,0,1,0.0,6.0
2025-09-09,per,0,4,0.0,4.25
2025-09-09,pry,0,2,0.0,6.5
2025-09-09,rou,0,8,0.0,3.375
2025-09-09,rus,0,1,0.0,67.0
2025-09-09,sen,0,1,0.0,99.0
2025-09-09,ssd,0,1,0.0,11.0
2025-09-09,swe,0,1,0.0,6.0
2025-09-09,tun,0,1,0.0,76.0
2025-09-09,twn,0,2,0.0,8.5
2025-09-09,ury,0,1,0.0,1.0
2025-09-09,uzb,0,1,0.0,57.0
2025-09-09,ven,0,5,0.0,6.6
2025-09-10,are,0,3,0.0,49.0
2025-09-10,arg,0,9,0.0,33.111111111111114
2025-09-10,aus,0,2,0.0,33.0
2025-09-10,aut,0,1,0.0,4.0
2025-09-10,bgd,0,3,0.0,4.333333333333334
2025-09-10,can,0,2,0.0,10.0
2025-09-10,che,0,1,0.0,13.0
2025-09-10,chl,0,1,0.0,81.0
2025-09-10,chn,0,1,0.0,2.0
2025-09-10,cmr,0,1,0.0,65.0
2025-09-10,col,0,1,0.0,4.0
2025-09-10,deu,0,14,0.0,17.5
2025-09-10,dom,0,2,0.0,8.5
2025-09-10,esp,0,8,0.0,31.75
2025-09-10,fin,0,1,0.0,2.0
2025-09-10,fra,0,4,0.0,7.75
2025-09-10,gbr,0,2,0.0,6.5
2025-09-10,ind,0,4,0.0,11.0
2025-09-10,ita,0,7,0.0,6.142857142857143
2025-09-10,jpn,0,1,0.0,8.0
2025-09-10,kor,0,1,0.0,16.0
2025-09-10,ltu,0,1,0.0,1.0
2025-09-10,lux,0,1,0.0,29.0
2025-09-10,lva,0,1,0.0,1.0
2025-09-10,mar,0,1,0.0,12.0
2025-09-10,mex,0,1,0.0,8.0
2025-09-10,moz,0,4,0.0,8.75
2025-09-10,nga,0,1,0.0,80.0
2025-09-10,nld,0,2,0.0,11.0
2025-09-10,pak,0,1,0.0,90.0
2025-09-10,per,0,1,0.0,9.0
2025-09-10,phl,0,2,0.0,42.5
2025-09-10,pol,0,2,0.0,1.0
2025-09-10,rou,0,2,0.0,47.5
2025-09-10,sgp,0,1,0.0,28.0
2025-09-10,swe,0,2,0.0,5.0
2025-09-10,tha,0,1,0.0,5.0
2025-09-10,tur,0,4,0.0,15.5
2025-09-10,twn,0,2,0.0,5.0
2025-09-10,ven,0,2,0.0,6.0
2025-09-10,zwe,0,1,0.0,31.0
2025-09-11,ago,0,5,0.0,28.8
2025-09-11,are,0,5,0.0,57.2
2025-09-11,arg,0,2,0.0,99.0
2025-09-11,bol,0,1,0.0,8.0
2025-09-11,can,0,4,0.0,11.25
2025-09-11,che,0,2,0.0,10.0
2025-09-11,chn,0,1,0.0,1.0
2025-09-11,col,0,1,0.0,6.0
2025-09-11,deu,0,8,0.0,53.125
2025-09-11,ecu,0,1,0.0,11.0
2025-09-11,esp,0,4,0.0,23.75
2025-09-11,est,0,1,0.0,5.0
2025-09-11,fra,0,5,0.0,30.0
2025-09-11,gbr,0,7,0.0,39.42857142857143
2025-09-11,grc,0,1,0.0,68.0
2025-09-11,hkg,0,1,0.0,8.0
2025-09-11,ind,0,4,0.0,28.5
2025-09-11,isr,0,2,0.0,49.5
2025-09-11,ita,0,6,0.0,15.5
2025-09-11,jpn,0,2,0.0,4.0
2025-09-11,kaz,0,1,0.0,63.0
2025-09-11,kor,0,1,0.0,7.0
2025-09-11,mex,0,6,0.0,9.833333333333334
2025-09-11,moz,0,5,0.0,8.8
2025-09-11,nga,0,1,0.0,100.0
2025-09-11,nld,0,2,0.0,9.0
2025-09-11,nor,0,1,0.0,8.0
2025-09-11,pak,0,1,0.0,79.0
2025-09-11,per,0,1,0.0,11.0
2025-09-11,pol,0,1,0.0,3.0
2025-09-11,prt,0,18,0.0,23.38888888888889
2025-09-11,pry,0,3,0.0,8.666666666666668
2025-09-11,rou,0,1,0.0,28.0
2025-09-11,rus,0,1,0.0,59.0
2025-09-11,som,0,1,0.0,1.0
2025-09-11,srb,0,1,0.0,29.0
2025-09-11,tgo,0,1,0.0,7.0
2025-09-11,tur,0,2,0.0,13.0
2025-09-11,twn,0,1,0.0,12.0
2025-09-11,ury,0,1,0.0,8.0
2025-09-11,usa,0,141,0.0,9.304964539007091
2025-09-11,zaf,0,1,0.0,8.0
2025-09-12,ago,0,1,0.0,11.0
2025-09-12,bgr,0,1,0.0,22.0
2025-09-12,bol,0,1,0.0,9.0
2025-09-12,can,0,1,0.0,11.0
2025-09-12,che,0,3,0.0,9.0
2025-09-12,chl,0,1,0.0,10.0
2025-09-12,col,0,1,0.0,11.0
2025-09-12,deu,0,2,0.0,27.0
2025-09-12,egy,0,1,0.0,61.0
2025-09-12,esp,0,1,0.0,5.0
2025-09-12,fra,0,1,0.0,38.0
2025-09-12,gbr,0,1,0.0,7.0
2025-09-12,gha,0,15,0.0,2.7333333333333334
2025-09-12,guf,0,3,0.0,5.333333333333333
2025-09-12,hkg,0,1,0.0,11.0
2025-09-12,hrv,0,2,0.0,7.0
2025-09-12,idn,0,3,0.0,7.0
2025-09-12,ind,0,8,0.0,9.625
2025-09-12,irl,0,1,0.0,36.0
2025-09-12,irn,0,2,0.0,7.0
2025-09-12,ita,0,1,0.0,6.0
2025-09-12,lux,0,1,0.0,1.0
2025-09-12,mex,0,2,0.0,9.0
2025-09-12,moz,0,1,0.0,3.0
2025-09-12,nga,0,2,0.0,38.0
2025-09-12,nld,0,1,0.0,9.0
2025-09-12,pak,0,1,0.0,126.0
2025-09-12,phl,0,2,0.0,5.0
2025-09-12,pol,0,1,0.0,10.0
2025-09-12,prt,0,22,0.0,14.318181818181818
2025-09-12,pry,0,1,0.0,4.0
2025-09-12,rou,0,1,0.0,1.0
2025-09-12,svk,0,1,0.0,9.0
2025-09-12,syc,0,1,0.0,4.0
2025-09-12,tha,0,1,0.0,3.0
2025-09-12,tun,0,1,0.0,46.0
2025-09-12,tur,0,1,0.0,3.0
2025-09-12,twn,0,1,0.0,2.0
2025-09-12,ukr,0,1,0.0,8.0
2025-09-12,usa,0,152,0.0,7.6118421052631575
2025-09-12,vnm,0,1,0.0,8.0
2025-09-12,zaf,0,1,0.0,84.0
2025-09-12,zmb,0,1,0.0,7.0
2025-09-13,ago,0,2,0.0,7.0
2025-09-13,are,0,2,0.0,88.0
2025-09-13,arg,0,6,0.0,15.333333333333334
2025-09-13,aus,0,2,0.0,10.0
2025-09-13,bel,0,1,0.0,7.0
2025-09-13,can,0,1,0.0,10.0
2025-09-13,che,0,1,0.0,11.0
2025-09-13,chl,0,2,0.0,7.5
2025-09-13,deu,0,4,0.0,84.5
2025-09-13,ecu,0,4,0.0,7.5
2025-09-13,egy,0,3,0.0,6.0
2025-09-13,esp,0,3,0.0,3.6666666666666665
2025-09-13,fra,0,4,0.0,29.25
2025-09-13,gbr,0,3,0.0,70.66666666666667
2025-09-13,ind,0,2,0.0,8.5
2025-09-13,irl,0,1,0.0,8.0
2025-09-13,irn,0,1,0.0,6.0
2025-09-13,jpn,0,1,0.0,3.0
2025-09-13,kwt,0,1,0.0,13.0
2025-09-13,moz,0,1,0.0,1.0
2025-09-13,nld,0,2,0.0,10.5
2025-09-13,nor,0,1,0.0,9.0
2025-09-13,prt,0,11,0.0,9.272727272727273
2025-09-13,pry,0,1,0.0,6.0
2025-09-13,rou,0,1,0.0,3.0
2025-09-13,som,0,1,0.0,1.0
2025-09-13,tha,0,1,0.0,8.0
2025-09-13,twn,0,1,0.0,7.0
2025-09-13,ury,0,1,0.0,12.0
2025-09-13,usa,0,132,0.0,7.7727272727272725
2025-09-13,vnm,0,1,0.0,11.0
2025-09-13,zaf,0,1,0.0,1.0
2025-09-14,ago,0,1,0.0,1.0
2025-09-14,are,0,4,0.0,77.5
2025-09-14,arg,0,3,0.0,8.666666666666668
2025-09-14,arm,0,1,0.0,9.0
2025-09-14,aus,0,1,0.0,9.0
2025-09-14,aut,0,2,0.0,9.5
2025-09-14,bgd,0,1,0.0,7.0
2025-09-14,bol,0,2,0.0,8.5
2025-09-14,can,0,1,0.0,4.0
2025-09-14,che,0,3,0.0,8.666666666666668
2025-09-14,deu,0,8,0.0,36.75
2025-09-14,ecu,0,1,0.0,12.0
2025-09-14,egy,0,1,0.0,7.0
2025-09-14,esp,0,2,0.0,5.5
2025-09-14,fra,0,1,0.0,12.0
2025-09-14,gbr,0,3,0.0,64.66666666666666
2025-09-14,guy,0,1,0.0,9.0
2025-09-14,hrv,0,1,0.0,11.0
2025-09-14,ind,0,1,0.0,2.0
2025-09-14,isr,0,1,0.0,9.0
2025-09-14,ita,0,1,0.0,7.0
2025-09-14,jey,0,1,0.0,12.0
2025-09-14,jpn,0,1,0.0,3.0
2025-09-14,kor,0,1,0.0,4.0
2025-09-14,lbn,0,1,0.0,11.0
2025-09-14,mex,0,3,0.0,6.0
2025-09-14,mmr,0,1,0.0,8.0
2025-09-14,moz,0,2,0.0,7.0
2025-09-14,nld,0,1,0.0,14.0
2025-09-14,pol,0,2,0.0,4.5
2025-09-14,prt,0,19,0.0,9.0
2025-09-14,pry,0,6,0.0,8.0
2025-09-14,syr,0,2,0.0,5.0
2025-09-14,tto,0,1,0.0,5.0
2025-09-14,tur,0,1,0.0,10.0
2025-09-14,usa,0,144,0.0,7.652777777777778
2025-09-14,ven,0,1,0.0,8.0
2025-09-15,ago,0,1,0.0,6.0
2025-09-15,alb,0,1,0.0,1.0
2025-09-15,are,0,8,0.0,66.25
2025-09-15,arg,0,5,0.0,6.8
2025-09-15,chl,0,1,0.0,7.0
2025-09-15,cmr,0,1,0.0,11.0
2025-09-15,col,0,2,0.0,5.5
2025-09-15,cri,0,1,0.0,7.0
2025-09-15,deu,0,7,0.0,49.285714285714285
2025-09-15,dom,0,1,0.0,6.0
2025-09-15,esp,0,1,0.0,10.0
2025-09-15,fra,0,4,0.0,8.5
2025-09-15,gbr,0,5,0.0,5.6
2025-09-15,hkg,0,1,0.0,11.0
2025-09-15,hrv,0,1,0.0,7.0
2025-09-15,ind,0,8,0.0,7.75
2025-09-15,ita,0,10,0.0,8.1
2025-09-15,jpn,0,1,0.0,8.0
2025-09-15,kor,0,3,0.0,7.333333333333333
2025-09-15,mex,0,1,0.0,7.0
2025-09-15,moz,0,2,0.0,9.0
2025-09-15,nga,0,4,0.0,10.0
2025-09-15,nld,0,3,0.0,9.0
2025-09-15,npl,0,1,0.0,3.0
2025-09-15,phl,0,1,0.0,9.0
2025-09-15,pol,0,2,0.0,3.5
2025-09-15,prt,0,14,0.0,8.071428571428571
2025-09-15,rus,0,2,0.0,8.5
2025-09-15,rwa,0,1,0.0,2.0
2025-09-15,sau,0,1,0.0,6.0
2025-09-15,swe,0,2,0.0,10.5
2025-09-15,syc,0,1,0.0,44.0
2025-09-15,tha,0,1,0.0,1.0
2025-09-15,twn,0,1,0.0,17.0
2025-09-15,ukr,0,2,0.0,43.0
2025-09-15,ury,0,8,0.0,6.25
2025-09-15,usa,0,189,0.0,7.576719576719577
2025-09-15,uzb,0,1,0.0,6.0
2025-09-15,ven,0,1,0.0,7.0
2025-09-16,ago,0,1,0.0,5.0
2025-09-16,are,0,8,0.0,50.5
2025-09-16,arg,0,5,0.0,7.2
2025-09-16,aus,0,4,0.0,6.75
2025-09-16,aut,0,1,0.0,1.0
2025-09-16,bgd,0,1,0.0,1.0
2025-09-16,bol,0,1,0.0,12.0
2025-09-16,caf,0,1,0.0,12.0
2025-09-16,can,0,1,0.0,7.0
2025-09-16,chl,0,2,0.0,5.0
2025-09-16,col,0,1,0.0,6.0
2025-09-16,deu,0,2,0.0,6.0
2025-09-16,ecu,0,5,0.0,8.2
2025-09-16,esp,0,4,0.0,59.0
2025-09-16,fra,0,1,0.0,22.0
2025-09-16,gbr,0,4,0.0,22.5
2025-09-16,gha,0,1,0.0,1.0
2025-09-16,gnb,0,1,0.0,4.0
2025-09-16,hkg,0,2,0.0,9.0
2025-09-16,ind,0,8,0.0,6.875
2025-09-16,irl,0,1,0.0,3.0
2025-09-16,irn,0,1,0.0,2.0
2025-09-16,irq,0,1,0.0,1.0
2025-09-16,ita,0,3,0.0,3.6666666666666665
2025-09-16,jor,0,1,0.0,9.0
2025-09-16,jpn,0,1,0.0,7.0
2025-09-16,moz,0,3,0.0,3.6666666666666665
2025-09-16,nld,0,2,0.0,8.5
2025-09-16,omn,0,1,0.0,6.0
2025-09-16,pak,0,2,0.0,9.0
2025-09-16,phl,0,1,0.0,4.0
2025-09-16,pry,0,1,0.0,3.0
2025-09-16,rus,0,2,0.0,34.0
2025-09-16,sen,0,1,0.0,10.0
2025-09-16,tha,0,1,0.0,6.0
2025-09-16,twn,0,1,0.0,8.0
2025-09-16,ury,0,4,0.0,2.0
2025-09-16,uzb,0,1,0.0,8.0
2025-09-16,ven,0,1,0.0,5.0
2025-09-16,zaf,0,5,0.0,4.4
2025-09-17,ago,0,6,0.0,5.833333333333333
2025-09-17,are,0,6,0.0,59.0
2025-09-17,arg,0,6,0.0,8.166666666666668
2025-09-17,bfa,0,4,0.0,7.0
2025-09-17,bgd,0,2,0.0,5.0
2025-09-17,bih,0,2,0.0,10.0
2025-09-17,bol,0,1,0.0,6.0
2025-09-17,can,0,2,0.0,5.0
2025-09-17,che,0,3,0.0,11.333333333333334
2025-09-17,chn,0,1,0.0,9.0
2025-09-17,cod,0,1,0.0,5.0
2025-09-17,cze,0,1,0.0,8.0
2025-09-17,deu,0,2,0.0,9.5
2025-09-17,dom,0,2,0.0,5.5
2025-09-17,ecu,0,2,0.0,5.5
2025-09-17,esp,0,3,0.0,4.666666666666666
2025-09-17,gbr,0,3,0.0,8.0
2025-09-17,hkg,0,1,0.0,1.0
2025-09-17,hnd,0,1,0.0,10.0
2025-09-17,ind,0,3,0.0,6.0
2025-09-17,ita,0,3,0.0,7.333333333333333
2025-09-17,jor,0,2,0.0,8.5
2025-09-17,kaz,0,1,0.0,7.0
2025-09-17,kor,0,1,0.0,1.0
2025-09-17,lux,0,3,0.0,12.0
2025-09-17,mex,0,1,0.0,6.0
2025-09-17,mmr,0,1,0.0,1.0
2025-09-17,moz,0,11,0.0,3.3636363636363638
2025-09-17,nga,0,1,0.0,7.0
2025-09-17,nld,0,2,0.0,11.0
2025-09-17,nor,0,1,0.0,7.0
2025-09-17,npl,0,1,0.0,1.0
2025-09-17,nzl,0,2,0.0,9.0
2025-09-17,pan,0,2,0.0,4.0
2025-09-17,prt,0,20,0.0,7.55
2025-09-17,rus,0,1,0.0,8.0
2025-09-17,sau,0,2,0.0,23.0
2025-09-17,tgo,0,1,0.0,6.0
2025-09-17,tur,0,1,0.0,41.0
2025-09-17,ury,0,1,0.0,3.0
2025-09-17,usa,0,166,0.0,6.686746987951807
2025-09-17,ven,0,1,0.0,9.0
2025-09-17,zaf,0,2,0.0,6.5
2025-09-18,ago,0,5,0.0,6.2
2025-09-18,are,0,3,0.0,47.0
2025-09-18,arg,0,5,0.0,8.8
2025-09-18,aus,0,3,0.0,9.0
2025-09-18,aut,0,1,0.0,11.0
2025-09-18,bel,0,3,0.0,9.333333333333334
2025-09-18,bfa,0,1,0.0,9.0
2025-09-18,bhr,0,1,0.0,10.0
2025-09-18,can,0,4,0.0,4.5
2025-09-18,che,0,3,0.0,11.333333333333334
2025-09-18,chl,0,5,0.0,14.8
2025-09-18,col,0,1,0.0,8.0
2025-09-18,ecu,0,4,0.0,7.5
2025-09-18,esp,0,1,0.0,11.0
2025-09-18,fin,0,1,0.0,2.0
2025-09-18,fra,0,2,0.0,12.0
2025-09-18,gbr,0,2,0.0,46.5
2025-09-18,grc,0,1,0.0,1.0
2025-09-18,hkg,0,1,0.0,9.0
2025-09-18,idn,0,1,0.0,7.0
2025-09-18,ind,0,1,0.0,3.0
2025-09-18,irl,0,1,0.0,1.0
2025-09-18,ita,0,2,0.0,2.5
2025-09-18,jpn,0,1,0.0,1.0
2025-09-18,ken,0,1,0.0,9.0
2025-09-18,khm,0,1,0.0,8.0
2025-09-18,kor,0,1,0.0,17.0
2025-09-18,ltu,0,1,0.0,4.0
2025-09-18,mex,0,1,0.0,7.0
2025-09-18,mne,0,1,0.0,10.0
2025-09-18,nld,0,1,0.0,1.0
2025-09-18,nzl,0,1,0.0,3.0
2025-09-18,pak,0,1,0.0,10.0
2025-09-18,per,0,1,0.0,10.0
2025-09-18,phl,0,2,0.0,5.5
2025-09-18,prt,0,19,0.0,6.2631578947368425
2025-09-18,pry,0,3,0.0,8.0
2025-09-18,syr,0,1,0.0,11.0
2025-09-18,tur,0,2,0.0,41.0
2025-09-18,twn,0,1,0.0,12.0
2025-09-18,ury,0,3,0.0,9.666666666666666
2025-09-18,vnm,0,1,0.0,7.0
2025-09-18,yem,0,1,0.0,11.0
2025-09-19,ago,0,1,0.0,1.0
2025-09-19,are,0,6,0.0,63.0
2025-09-19,arg,0,4,0.0,6.25
2025-09-19,blr,0,1,0.0,5.0
2025-09-19,can,0,6,0.0,3.1666666666666665
2025-09-19,chl,0,3,0.0,19.333333333333332
2025-09-19,cri,0,1,0.0,12.0
2025-09-19,deu,0,7,0.0,28.0
2025-09-19,dnk,0,1,0.0,4.0
2025-09-19,ecu,0,3,0.0,5.0
2025-09-19,egy,0,1,0.0,30.0
2025-09-19,esp,0,1,0.0,3.0
2025-09-19,fin,0,1,0.0,2.0
2025-09-19,fra,0,2,0.0,8.0
2025-09-19,gbr,0,7,0.0,9.0
2025-09-19,idn,0,1,0.0,41.0
2025-09-19,ind,0,2,0.0,4.5
2025-09-19,irl,0,1,0.0,11.0
2025-09-19,ita,0,1,0.0,5.0
2025-09-19,lux,0,1,0.0,8.0
2025-09-19,mar,0,1,0.0,9.0
2025-09-19,mex,0,3,0.0,4.0
2025-09-19,mlt,0,1,0.0,7.0
2025-09-19,moz,0,2,0.0,8.0
2025-09-19,nga,0,2,0.0,85.5
2025-09-19,nld,0,1,0.0,11.0
2025-09-19,pan,0,1,0.0,4.0
2025-09-19,per,0,2,0.0,9.0
2025-09-19,prt,0,12,0.0,6.666666666666667
2025-09-19,pry,0,2,0.0,6.5
2025-09-19,rus,0,1,0.0,1.0
2025-09-19,sau,0,1,0.0,7.0
2025-09-19,svk,0,1,0.0,11.0
2025-09-19,swe,0,1,0.0,8.0
2025-09-19,ukr,0,1,0.0,5.0
2025-09-19,ury,0,2,0.0,9.0
2025-09-20,ago,0,3,0.0,2.333333333333333
2025-09-20,are,0,12,0.0,25.5
2025-09-20,arg,0,4,0.0,7.0
2025-09-20,bel,0,1,0.0,12.0
2025-09-20,bgd,0,1,0.0,6.0
2025-09-20,bhr,0,1,0.0,62.0
2025-09-20,can,0,1,0.0,7.0
2025-09-20,che,0,1,0.0,7.0
2025-09-20,col,0,1,0.0,45.0
2025-09-20,deu,0,4,0.0,8.25
2025-09-20,dom,0,1,0.0,6.0
2025-09-20,esp,0,1,0.0,11.0
2025-09-20,fin,0,1,0.0,9.0
2025-09-20,fra,0,1,0.0,1.0
2025-09-20,gbr,0,5,0.0,8.4
2025-09-20,gha,0,1,0.0,10.0
2025-09-20,ind,0,2,0.0,32.5
2025-09-20,isr,0,1,0.0,14.0
2025-09-20,jpn,0,1,0.0,1.0
2025-09-20,kor,0,1,0.0,73.0
2025-09-20,mar,0,2,0.0,5.0
2025-09-20,mex,0,3,0.0,9.333333333333334
2025-09-20,moz,0,2,0.0,2.5
2025-09-20,nga,0,1,0.0,98.0
2025-09-20,nld,0,1,0.0,13.0
2025-09-20,pak,0,1,0.0,7.0
2025-09-20,pan,0,1,0.0,6.0
2025-09-20,phl,0,2,0.0,13.5
2025-09-20,prt,0,26,0.0,10.23076923076923
2025-09-20,rus,0,1,0.0,5.0
2025-09-20,sau,0,2,0.0,8.5
2025-09-20,sdn,0,1,0.0,13.0
2025-09-20,srb,0,1,0.0,4.0
2025-09-20,svk,0,3,0.0,11.0
2025-09-20,tur,0,2,0.0,20.0
2025-09-20,ukr,0,1,0.0,10.0
2025-09-20,ury,0,1,0.0,11.0
2025-09-20,usa,0,131,0.0,7.427480916030534
2025-09-21,ago,0,3,0.0,8.666666666666668
2025-09-21,alb,0,2,0.0,3.5
2025-09-21,are,0,5,0.0,33.4
2025-09-21,arg,0,1,0.0,5.0
2025-09-21,aus,0,1,0.0,9.0
2025-09-21,bel,0,1,0.0,13.0
2025-09-21,bgd,0,3,0.0,16.333333333333336
2025-09-21,can,0,1,0.0,9.0
2025-09-21,che,0,1,0.0,5.0
2025-09-21,chl,0,4,0.0,9.25
2025-09-21,deu,0,5,0.0,8.8
2025-09-21,ecu,0,6,0.0,5.333333333333333
2025-09-21,egy,0,1,0.0,4.0
2025-09-21,esp,0,2,0.0,8.5
2025-09-21,fra,0,4,0.0,3.5
2025-09-21,gbr,0,6,0.0,5.5
2025-09-21,ind,0,2,0.0,7.5
2025-09-21,jey,0,1,0.0,8.0
2025-09-21,jpn,0,1,0.0,13.0
2025-09-21,mar,0,1,0.0,6.0
2025-09-21,nic,0,1,0.0,10.0
2025-09-21,per,0,3,0.0,4.666666666666666
2025-09-21,phl,0,1,0.0,8.0
2025-09-21,prt,0,17,0.0,9.0
2025-09-21,pry,0,1,0.0,11.0
2025-09-21,rus,0,1,0.0,5.0
2025-09-21,sau,0,1,0.0,11.0
2025-09-21,sdn,0,1,0.0,2.0
2025-09-21,sgp,0,1,0.0,9.0
2025-09-21,svn,0,1,0.0,6.0
2025-09-21,tkm,0,1,0.0,1.0
2025-09-21,tur,0,4,0.0,14.25
2025-09-21,ukr,0,1,0.0,60.0
2025-09-21,ury,0,5,0.0,8.8
2025-09-21,usa,0,118,0.0,9.474576271186441
2025-09-21,zaf,0,1,0.0,6.0
2025-09-22,are,0,10,0.0,34.8
2025-09-22,arg,0,5,0.0,7.4
2025-09-22,aus,0,1,0.0,6.0
2025-09-22,bgr,0,1,0.0,11.0
2025-09-22,chl,0,3,0.0,5.666666666666667
2025-09-22,cze,0,1,0.0,2.0
2025-09-22,deu,0,2,0.0,8.5
2025-09-22,dnk,0,1,0.0,5.0
2025-09-22,ecu,0,2,0.0,4.0
2025-09-22,esp,0,2,0.0,5.5
2025-09-22,gbr,0,2,0.0,10.5
2025-09-22,irl,0,1,0.0,2.0
2025-09-22,irq,0,1,0.0,10.0
2025-09-22,isr,0,1,0.0,5.0
2025-09-22,ita,0,3,0.0,9.0
2025-09-22,jor,0,1,0.0,7.0
2025-09-22,jpn,0,5,0.0,4.6
2025-09-22,mex,0,2,0.0,25.0
2025-09-22,moz,0,5,0.0,7.2
2025-09-22,mys,0,1,0.0,13.0
2025-09-22,nga,0,2,0.0,15.0
2025-09-22,nld,0,2,0.0,7.0
2025-09-22,nzl,0,1,0.0,9.0
2025-09-22,pak,0,2,0.0,11.0
2025-09-22,per,0,1,0.0,3.0
2025-09-22,pol,0,2,0.0,7.0
2025-09-22,prt,0,20,0.0,9.7
2025-09-22,rou,0,1,0.0,6.0
2025-09-22,sau,0,1,0.0,8.0
2025-09-22,sur,0,1,0.0,8.0
2025-09-22,swe,0,3,0.0,7.0
2025-09-22,tur,0,6,0.0,18.333333333333332
2025-09-22,uga,0,1,0.0,9.0
2025-09-22,ukr,0,2,0.0,74.0
2025-09-22,ury,0,3,0.0,7.666666666666667
2025-09-22,ven,0,1,0.0,7.0
2025-09-22,zaf,0,1,0.0,8.0
2025-09-23,ago,0,1,0.0,5.0
2025-09-23,are,0,14,0.0,35.357142857142854
2025-09-23,arg,0,1,0.0,10.0
2025-09-23,aut,0,1,0.0,7.0
2025-09-23,blr,0,1,0.0,21.0
2025-09-23,can,0,5,0.0,13.6
2025-09-23,che,0,4,0.0,7.25
2025-09-23,deu,0,5,0.0,18.6
2025-09-23,ecu,0,2,0.0,7.0
2025-09-23,egy,0,1,0.0,10.0
2025-09-23,fji,0,1,0.0,11.0
2025-09-23,fra,0,3,0.0,22.666666666666668
2025-09-23,gbr,0,5,0.0,8.0
2025-09-23,idn,0,1,0.0,12.0
2025-09-23,ind,0,3,0.0,12.666666666666666
2025-09-23,irl,0,2,0.0,8.5
2025-09-23,irn,0,2,0.0,7.0
2025-09-23,isr,0,1,0.0,12.0
2025-09-23,ita,0,4,0.0,6.75
2025-09-23,kor,0,1,0.0,8.0
2025-09-23,lbn,0,1,0.0,9.0
2025-09-23,mex,0,1,0.0,1.0
2025-09-23,mlt,0,1,0.0,8.0
2025-09-23,moz,0,2,0.0,11.0
2025-09-23,nga,0,1,0.0,5.0
2025-09-23,nld,0,1,0.0,9.0
2025-09-23,omn,0,1,0.0,10.0
2025-09-23,pak,0,1,0.0,10.0
2025-09-23,phl,0,1,0.0,1.0
2025-09-23,pol,0,1,0.0,4.0
2025-09-23,prt,0,20,0.0,7.85
2025-09-23,pry,0,1,0.0,8.0
2025-09-23,rus,0,1,0.0,6.0
2025-09-23,sau,0,1,0.0,5.0
2025-09-23,tur,0,5,0.0,20.4
2025-09-23,ukr,0,1,0.0,1.0
2025-09-23,ury,0,3,0.0,10.0
2025-09-23,usa,0,139,0.0,7.489208633093525
2025-09-23,xkk,0,1,0.0,10.0
2025-09-24,are,0,8,0.0,26.125
2025-09-24,arg,0,3,0.0,5.666666666666667
2025-09-24,aus,0,2,0.0,5.0
2025-09-24,bfa,0,1,0.0,10.0
2025-09-24,bgd,0,2,0.0,8.5
2025-09-24,che,0,2,0.0,9.5
2025-09-24,chl,0,2,0.0,5.5
2025-09-24,col,0,1,0.0,13.0
2025-09-24,deu,0,3,0.0,10.333333333333334
2025-09-24,dnk,0,1,0.0,8.0
2025-09-24,dza,0,2,0.0,38.0
2025-09-24,esp,0,3,0.0,21.666666666666668
2025-09-24,gbr,0,4,0.0,7.75
2025-09-24,hun,0,1,0.0,1.0
2025-09-24,idn,0,2,0.0,5.5
2025-09-24,irl,0,3,0.0,6.0
2025-09-24,irq,0,2,0.0,10.0
2025-09-24,ita,0,8,0.0,5.125
2025-09-24,jpn,0,2,0.0,7.0
2025-09-24,kor,0,1,0.0,8.0
2025-09-24,ltu,0,1,0.0,10.0
2025-09-24,mar,0,1,0.0,8.0
2025-09-24,mda,0,1,0.0,6.0
2025-09-24,mex,0,1,0.0,6.0
2025-09-24,moz,0,1,0.0,5.0
2025-09-24,nor,0,2,0.0,7.0
2025-09-24,pak,0,1,0.0,5.0
2025-09-24,prt,0,14,0.0,10.428571428571429
2025-09-24,pry,0,4,0.0,5.5
2025-09-24,sgp,0,1,0.0,9.0
2025-09-24,sur,0,1,0.0,1.0
2025-09-24,twn,0,2,0.0,10.5
2025-09-24,uga,0,1,0.0,5.0
2025-09-24,ven,0,1,0.0,7.0
2025-09-24,vnm,0,1,0.0,24.0
2025-09-24,zaf,0,1,0.0,9.0
2025-09-25,are,0,13,0.0,37.53846153846154
2025-09-25,arg,0,2,0.0,11.0
2025-09-25,aus,0,1,0.0,4.0
2025-09-25,bhr,0,1,0.0,7.0
2025-09-25,bih,0,1,0.0,1.0
2025-09-25,bol,0,1,0.0,8.0
2025-09-25,caf,0,1,0.0,13.0
2025-09-25,can,0,3,0.0,7.666666666666667
2025-09-25,che,0,1,0.0,3.0
2025-09-25,chl,0,2,0.0,7.0
2025-09-25,col,0,2,0.0,6.5
2025-09-25,cze,0,1,0.0,33.0
2025-09-25,deu,0,4,0.0,29.5
2025-09-25,dom,0,1,0.0,4.0
2025-09-25,dza,0,1,0.0,75.0
2025-09-25,ecu,0,1,0.0,5.0
2025-09-25,esp,0,4,0.0,12.75
2025-09-25,est,0,1,0.0,39.0
2025-09-25,eth,0,1,0.0,3.0
2025-09-25,fra,0,2,0.0,8.0
2025-09-25,gbr,0,5,0.0,7.8
2025-09-25,idn,0,1,0.0,10.0
2025-09-25,irn,0,1,0.0,4.0
2025-09-25,ita,0,4,0.0,2.25
2025-09-25,jpn,0,2,0.0,11.5
2025-09-25,khm,0,1,0.0,9.0
2025-09-25,mex,0,6,0.0,6.333333333333333
2025-09-25,mlt,0,1,0.0,7.0
2025-09-25,moz,0,1,0.0,3.0
2025-09-25,nga,0,1,0.0,11.0
2025-09-25,nld,0,1,0.0,11.0
2025-09-25,nor,0,1,0.0,4.0
2025-09-25,per,0,1,0.0,1.0
2025-09-25,pol,0,1,0.0,9.0
2025-09-25,prt,0,22,0.0,8.954545454545453
2025-09-25,pry,0,2,0.0,8.0
2025-09-25,rus,0,1,0.0,10.0
2025-09-25,sau,0,1,0.0,4.0
2025-09-25,sgp,0,4,0.0,9.0
2025-09-25,tur,0,4,0.0,13.0
2025-09-25,twn,0,2,0.0,12.5
2025-09-25,zaf,0,3,0.0,6.666666666666667
2025-09-26,ago,0,4,0.0,3.75
2025-09-26,are,0,18,0.0,34.94444444444444
2025-09-26,arg,0,1,0.0,4.0
2025-09-26,aut,0,3,0.0,7.666666666666667
2025-09-26,bel,0,2,0.0,20.0
2025-09-26,bgr,0,1,0.0,6.0
2025-09-26,can,0,6,0.0,7.5
2025-09-26,che,0,4,0.0,27.25
2025-09-26,chl,0,2,0.0,3.5
2025-09-26,cmr,0,1,0.0,3.0
2025-09-26,deu,0,9,0.0,34.44444444444444
2025-09-26,ecu,0,2,0.0,3.5
2025-09-26,egy,0,2,0.0,7.5
2025-09-26,gbr,0,5,0.0,4.2
2025-09-26,hkg,0,2,0.0,9.0
2025-09-26,ind,0,9,0.0,8.11111111111111
2025-09-26,irn,0,5,0.0,12.2
2025-09-26,isr,0,2,0.0,8.0
2025-09-26,kaz,0,1,0.0,1.0
2025-09-26,ken,0,1,0.0,10.0
2025-09-26,ltu,0,1,0.0,11.0
2025-09-26,lux,0,2,0.0,11.0
2025-09-26,mac,0,1,0.0,9.0
2025-09-26,mar,0,1,0.0,9.0
2025-09-26,mex,0,1,0.0,6.0
2025-09-26,moz,0,1,0.0,2.0
2025-09-26,nga,0,1,0.0,1.0
2025-09-26,nor,0,1,0.0,10.0
2025-09-26,phl,0,1,0.0,6.0
2025-09-26,pol,0,2,0.0,6.0
2025-09-26,prt,0,16,0.0,8.875
2025-09-26,rus,0,2,0.0,9.0
2025-09-26,slv,0,1,0.0,100.0
2025-09-26,swe,0,1,0.0,1.0
2025-09-26,tur,0,2,0.0,20.0
2025-09-26,twn,0,1,0.0,7.0
2025-09-26,usa,0,187,0.0,6.81283422459893
2025-09-26,ven,0,1,0.0,4.0
2025-09-26,zaf,0,1,0.0,12.0
2025-09-27,ago,0,5,0.0,7.0
2025-09-27,are,0,6,0.0,48.5
2025-09-27,arg,0,7,0.0,9.571428571428571
2025-09-27,aus,0,1,0.0,37.0
2025-09-27,bel,0,2,0.0,22.0
2025-09-27,bhr,0,1,0.0,8.0
2025-09-27,can,0,2,0.0,7.0
2025-09-27,che,0,2,0.0,23.5
2025-09-27,chl,0,3,0.0,8.0
2025-09-27,deu,0,4,0.0,11.25
2025-09-27,dom,0,1,0.0,12.0
2025-09-27,dza,0,1,0.0,9.0
2025-09-27,esp,0,3,0.0,4.666666666666666
2025-09-27,fra,0,2,0.0,7.5
2025-09-27,gbr,0,4,0.0,7.25
2025-09-27,idn,0,1,0.0,8.0
2025-09-27,ind,0,6,0.0,10.166666666666666
2025-09-27,irl,0,2,0.0,11.5
2025-09-27,isr,0,1,0.0,6.0
2025-09-27,jam,0,2,0.0,9.0
2025-09-27,jpn,0,1,0.0,9.0
2025-09-27,ken,0,1,0.0,7.0
2025-09-27,kor,0,1,0.0,13.0
2025-09-27,mex,0,1,0.0,5.0
2025-09-27,mlt,0,1,0.0,12.0
2025-09-27,nld,0,2,0.0,9.0
2025-09-27,pak,0,1,0.0,17.0
2025-09-27,per,0,1,0.0,11.0
2025-09-27,pol,0,1,0.0,6.0
2025-09-27,prt,0,23,0.0,8.08695652173913
2025-09-27,pry,0,2,0.0,5.5
2025-09-27,qat,0,1,0.0,9.0
2025-09-27,rus,0,1,0.0,7.0
2025-09-27,sau,0,1,0.0,8.0
2025-09-27,swe,0,1,0.0,2.0
2025-09-27,tur,0,2,0.0,9.5
2025-09-27,twn,0,1,0.0,8.0
2025-09-27,ury,0,4,0.0,6.0
2025-09-27,usa,0,188,0.0,7.851063829787234
2025-09-27,ven,0,1,0.0,11.0
2025-09-27,zaf,0,4,0.0,4.5
2025-09-28,ago,0,1,0.0,8.0
2025-09-28,are,0,6,0.0,47.333333333333336
2025-09-28,arg,0,6,0.0,17.5
2025-09-28,aut,0,1,0.0,5.0
2025-09-28,bel,0,1,0.0,34.0
2025-09-28,bol,0,1,0.0,12.0
2025-09-28,can,0,2,0.0,8.0
2025-09-28,che,0,7,0.0,29.428571428571427
2025-09-28,chl,0,2,0.0,5.0
2025-09-28,chn,0,1,0.0,11.0
2025-09-28,cpv,0,1,0.0,8.0
2025-09-28,cze,0,1,0.0,3.0
2025-09-28,deu,0,4,0.0,8.25
2025-09-28,ecu,0,1,0.0,10.0
2025-09-28,esp,0,3,0.0,6.0
2025-09-28,fra,0,1,0.0,4.0
2025-09-28,gab,0,1,0.0,7.0
2025-09-28,gbr,0,3,0.0,7.0
2025-09-28,gha,0,1,0.0,10.0
2025-09-28,idn,0,2,0.0,8.0
2025-09-28,ind,0,4,0.0,6.75
2025-09-28,irl,0,1,0.0,11.0
2025-09-28,kaz,0,1,0.0,1.0
2025-09-28,kor,0,1,0.0,8.0
2025-09-28,mex,0,2,0.0,9.0
2025-09-28,mlt,0,1,0.0,1.0
2025-09-28,moz,0,1,0.0,9.0
2025-09-28,nga,0,2,0.0,10.5
2025-09-28,nld,0,2,0.0,9.0
2025-09-28,phl,0,2,0.0,8.5
2025-09-28,pol,0,1,0.0,9.0
2025-09-28,prt,0,18,0.0,7.333333333333333
2025-09-28,pry,0,1,0.0,4.0
2025-09-28,sau,0,1,0.0,10.0
2025-09-28,sgp,0,2,0.0,5.5
2025-09-28,swe,0,2,0.0,9.0
2025-09-28,tha,0,2,0.0,5.0
2025-09-28,tur,0,1,0.0,13.0
2025-09-28,usa,0,212,0.0,6.533018867924528
2025-09-28,ven,0,1,0.0,5.0
2025-09-28,zaf,0,1,0.0,8.0
2025-09-29,are,0,8,0.0,45.75
2025-09-29,arg,0,4,0.0,4.75
2025-09-29,bel,0,1,0.0,31.0
2025-09-29,bgd,0,1,0.0,38.0
2025-09-29,bol,0,1,0.0,6.0
2025-09-29,brn,0,1,0.0,12.0
2025-09-29,can,0,5,0.0,7.4
2025-09-29,che,0,4,0.0,10.0
2025-09-29,chl,0,5,0.0,7.0
2025-09-29,deu,0,6,0.0,13.833333333333334
2025-09-29,ecu,0,1,0.0,1.0
2025-09-29,esp,0,3,0.0,4.0
2025-09-29,fra,0,5,0.0,13.8
2025-09-29,gbr,0,2,0.0,4.0
2025-09-29,irl,0,1,0.0,3.0
2025-09-29,irq,0,1,0.0,1.0
2025-09-29,ita,0,11,0.0,3.5454545454545454
2025-09-29,jpn,0,2,0.0,12.0
2025-09-29,ken,0,3,0.0,6.333333333333333
2025-09-29,kor,0,1,0.0,1.0
2025-09-29,lbn,0,1,0.0,1.0
2025-09-29,mex,0,5,0.0,8.6
2025-09-29,mlt,0,1,0.0,13.0
2025-09-29,moz,0,4,0.0,7.5
2025-09-29,mys,0,2,0.0,16.5
2025-09-29,nga,0,1,0.0,9.0
2025-09-29,nld,0,2,0.0,3.5
2025-09-29,omn,0,1,0.0,6.0
2025-09-29,phl,0,1,0.0,7.0
2025-09-29,prt,0,11,0.0,8.636363636363637
2025-09-29,pry,0,3,0.0,4.333333333333334
2025-09-29,pse,0,1,0.0,99.0
2025-09-29,rwa,0,1,0.0,9.0
2025-09-29,sau,0,2,0.0,6.0
2025-09-29,sle,0,3,0.0,10.666666666666666
2025-09-29,swe,0,3,0.0,14.333333333333334
2025-09-29,syr,0,1,0.0,6.0
2025-09-29,tgo,0,2,0.0,11.0
2025-09-29,tha,0,2,0.0,4.0
2025-09-29,tun,0,1,0.0,2.0
2025-09-29,tur,0,2,0.0,5.0
2025-09-29,twn,0,1,0.0,1.0
2025-09-29,ukr,0,6,0.0,75.33333333333333
2025-09-29,ury,0,2,0.0,5.5
2025-09-29,ven,0,1,0.0,1.0
2025-09-29,vnm,0,1,0.0,1.0
2025-09-29,zaf,0,1,0.0,12.0
2025-09-30,ago,0,2,0.0,2.5
2025-09-30,are,0,9,0.0,40.77777777777778
2025-09-30,arg,0,3,0.0,15.333333333333334
2025-09-30,aut,0,1,0.0,9.0
2025-09-30,bel,0,2,0.0,36.0
2025-09-30,bhr,0,2,0.0,37.0
2025-09-30,blr,0,1,0.0,10.0
2025-09-30,bol,0,1,0.0,4.0
2025-09-30,caf,0,1,0.0,7.0
2025-09-30,can,0,2,0.0,62.0
2025-09-30,che,0,4,0.0,17.5
2025-09-30,chl,0,3,0.0,6.666666666666667
2025-09-30,cod,0,1,0.0,4.0
2025-09-30,col,0,1,0.0,6.0
2025-09-30,cpv,0,1,0.0,6.0
2025-09-30,deu,0,10,0.0,13.3
2025-09-30,egy,0,2,0.0,71.0
2025-09-30,esp,0,7,0.0,11.0
2025-09-30,fra,0,4,0.0,24.25
2025-09-30,gbr,0,5,0.0,34.6
2025-09-30,hnd,0,1,0.0,8.0
2025-09-30,hrv,0,2,0.0,5.0
2025-09-30,hun,0,2,0.0,10.0
2025-09-30,idn,0,2,0.0,6.5
2025-09-30,ind,0,3,0.0,5.333333333333333
2025-09-30,irn,0,1,0.0,4.0
2025-09-30,isl,0,1,0.0,11.0
2025-09-30,ita,0,8,0.0,10.5
2025-09-30,jor,0,2,0.0,58.0
2025-09-30,jpn,0,1,0.0,4.0
2025-09-30,kor,0,1,0.0,6.0
2025-09-30,ltu,0,1,0.0,11.0
2025-09-30,mex,0,4,0.0,2.25
2025-09-30,moz,0,1,0.0,13.0
2025-09-30,nld,0,3,0.0,32.0
2025-09-30,pak,0,3,0.0,50.0
2025-09-30,per,0,1,0.0,6.0
2025-09-30,phl,0,3,0.0,34.666666666666664
2025-09-30,pol,0,3,0.0,26.333333333333332
2025-09-30,prt,0,19,0.0,7.894736842105263
2025-09-30,pry,0,2,0.0,6.0
2025-09-30,rou,0,2,0.0,54.0
2025-09-30,rus,0,1,0.0,9.0
2025-09-30,stp,0,1,0.0,6.0
2025-09-30,svk,0,2,0.0,11.5
2025-09-30,swe,0,1,0.0,8.0
2025-09-30,syr,0,1,0.0,5.0
2025-09-30,tha,0,1,0.0,1.0
2025-09-30,tun,0,1,0.0,7.0
2025-09-30,twn,0,3,0.0,5.666666666666667
2025-09-30,ury,0,1,0.0,1.0
2025-09-30,usa,0,155,0.0,8.083870967741936
2025-10-01,ago,0,3,0.0,7.0
2025-10-01,are,0,4,0.0,46.5
2025-10-01,arg,0,6,0.0,5.666666666666667
2025-10-01,aus,0,1,0.0,2.0
2025-10-01,bgd,0,3,0.0,3.6666666666666665
2025-10-01,can,0,3,0.0,9.666666666666666
2025-10-01,che,0,1,0.0,17.0
2025-10-01,chl,0,5,0.0,9.2
2025-10-01,deu,0,6,0.0,6.666666666666667
2025-10-01,ecu,0,1,0.0,4.0
2025-10-01,esp,0,4,0.0,7.0
2025-10-01,gbr,0,6,0.0,15.5
2025-10-01,gha,0,1,0.0,12.0
2025-10-01,grc,0,1,0.0,1.0
2025-10-01,gtm,0,1,0.0,7.0
2025-10-01,idn,0,3,0.0,8.333333333333332
2025-10-01,ind,0,2,0.0,3.0
2025-10-01,irn,0,1,0.0,4.0
2025-10-01,irq,0,1,0.0,36.0
2025-10-01,ita,0,2,0.0,6.0
2025-10-01,ken,0,1,0.0,28.0
2025-10-01,kor,0,2,0.0,8.5
2025-10-01,ltu,0,1,0.0,6.0
2025-10-01,mar,0,1,0.0,11.0
2025-10-01,nga,0,1,0.0,5.0
2025-10-01,pak,0,3,0.0,5.666666666666667
2025-10-01,per,0,1,0.0,12.0
2025-10-01,phl,0,2,0.0,6.0
2025-10-01,pol,0,3,0.0,10.0
2025-10-01,prt,0,24,0.0,10.5
2025-10-01,pry,0,1,0.0,6.0
2025-10-01,qat,0,1,0.0,7.0
2025-10-01,rou,0,1,0.0,6.0
2025-10-01,rus,0,1,0.0,10.0
2025-10-01,tgo,0,2,0.0,10.0
2025-10-01,tun,0,1,0.0,10.0
2025-10-01,tur,0,1,0.0,7.0
2025-10-01,usa,0,189,0.0,6.37037037037037
2025-10-02,ago,0,1,0.0,13.0
2025-10-02,are,0,11,0.0,29.363636363636363
2025-10-02,arg,0,2,0.0,10.0
2025-10-02,bgd,0,2,0.0,10.5
2025-10-02,bol,0,2,0.0,11.5
2025-10-02,can,0,4,0.0,7.0
2025-10-02,che,0,1,0.0,13.0
2025-10-02,civ,0,1,0.0,11.0
2025-10-02,cmr,0,1,0.0,14.0
2025-10-02,col,0,6,0.0,10.666666666666666
2025-10-02,deu,0,5,0.0,12.0
2025-10-02,dom,0,1,0.0,11.0
2025-10-02,dza,0,2,0.0,10.5
2025-10-02,ecu,0,4,0.0,7.5
2025-10-02,egy,0,2,0.0,33.0
2025-10-02,esp,0,6,0.0,3.1666666666666665
2025-10-02,eth,0,1,0.0,7.0
2025-10-02,fra,0,2,0.0,7.0
2025-10-02,gbr,0,5,0.0,6.6
2025-10-02,gtm,0,1,0.0,8.0
2025-10-02,idn,0,7,0.0,7.285714285714286
2025-10-02,ind,0,26,0.0,8.038461538461538
2025-10-02,irq,0,2,0.0,11.0
2025-10-02,isr,0,3,0.0,9.0
2025-10-02,ita,0,9,0.0,4.0
2025-10-02,jor,0,1,0.0,5.0
2025-10-02,kor,0,6,0.0,10.0
2025-10-02,kwt,0,2,0.0,7.5
2025-10-02,ltu,0,2,0.0,7.0
2025-10-02,lux,0,1,0.0,7.0
2025-10-02,mex,0,3,0.0,7.333333333333333
2025-10-02,nld,0,1,0.0,5.0
2025-10-02,npl,0,2,0.0,4.0
2025-10-02,omn,0,1,0.0,5.0
2025-10-02,pak,0,1,0.0,4.0
2025-10-02,phl,0,20,0.0,9.5
2025-10-02,pol,0,1,0.0,13.0
2025-10-02,pry,0,1,0.0,6.0
2025-10-02,pse,0,1,0.0,10.0
2025-10-02,rus,0,1,0.0,1.0
2025-10-02,sgp,0,1,0.0,1.0
2025-10-02,slv,0,1,0.0,3.0
2025-10-02,srb,0,1,0.0,9.0
2025-10-02,tha,0,2,0.0,10.0
2025-10-02,ury,0,1,0.0,4.0
2025-10-02,usa,0,149,0.0,6.469798657718121
2025-10-02,vnm,0,3,0.0,7.0
2025-10-02,xkk,0,1,0.0,6.0
2025-10-02,zaf,0,1,0.0,10.0
2025-10-03,ago,0,2,0.0,5.0
2025-10-03,are,0,12,0.0,34.166666666666664
2025-10-03,arg,0,3,0.0,9.0
2025-10-03,aus,0,1,0.0,8.0
2025-10-03,bel,0,5,0.0,8.0
2025-10-03,bgd,0,1,0.0,5.0
2025-10-03,caf,0,2,0.0,8.0
2025-10-03,can,0,5,0.0,6.6
2025-10-03,chl,0,1,0.0,10.0
2025-10-03,civ,0,2,0.0,10.5
2025-10-03,cze,0,1,0.0,9.0
2025-10-03,deu,0,11,0.0,29.363636363636363
2025-10-03,esp,0,5,0.0,10.8
2025-10-03,est,0,2,0.0,12.0
2025-10-03,fra,0,5,0.0,35.4
2025-10-03,gbr,0,6,0.0,11.0
2025-10-03,idn,0,1,0.0,20.0
2025-10-03,ind,0,8,0.0,4.5
2025-10-03,irl,0,2,0.0,5.5
2025-10-03,ita,0,4,0.0,7.0
2025-10-03,jpn,0,2,0.0,11.5
2025-10-03,kor,0,2,0.0,10.0
2025-10-03,lbn,0,1,0.0,10.0
2025-10-03,ltu,0,1,0.0,2.0
2025-10-03,lux,0,1,0.0,1.0
2025-10-03,mex,0,8,0.0,7.25
2025-10-03,moz,0,3,0.0,8.0
2025-10-03,nld,0,2,0.0,6.0
2025-10-03,nor,0,2,0.0,8.0
2025-10-03,omn,0,1,0.0,5.0
2025-10-03,per,0,2,0.0,6.5
2025-10-03,pol,0,1,0.0,2.0
2025-10-03,prt,0,14,0.0,7.714285714285714
2025-10-03,pry,0,1,0.0,5.0
2025-10-03,pse,0,1,0.0,11.0
2025-10-03,qat,0,1,0.0,6.0
2025-10-03,rou,0,1,0.0,4.0
2025-10-03,tha,0,1,0.0,8.0
2025-10-03,ury,0,1,0.0,9.0
2025-10-03,usa,0,129,0.0,6.922480620155039
2025-10-03,ven,0,2,0.0,11.5
2025-10-03,zaf,0,1,0.0,8.0
2025-10-04,are,0,13,0.0,19.692307692307693
2025-10-04,arg,0,2,0.0,7.0
2025-10-04,aus,0,2,0.0,5.5
2025-10-04,bel,0,1,0.0,31.0
2025-10-04,bol,0,1,0.0,4.0
2025-10-04,can,0,4,0.0,3.75
2025-10-04,che,0,4,0.0,24.0
2025-10-04,chl,0,5,0.0,9.8
2025-10-04,chn,0,2,0.0,4.0
2025-10-04,civ,0,1,0.0,10.0
2025-10-04,cog,0,1,0.0,11.0
2025-10-04,cok,0,1,0.0,6.0
2025-10-04,esh,0,1,0.0,7.0
2025-10-04,esp,0,1,0.0,11.0
2025-10-04,fin,0,1,0.0,11.0
2025-10-04,fra,0,3,0.0,9.333333333333334
2025-10-04,gbr,0,4,0.0,7.25
2025-10-04,gin,0,2,0.0,7.0
2025-10-04,grc,0,1,0.0,1.0
2025-10-04,gtm,0,1,0.0,18.0
2025-10-04,idn,0,3,0.0,9.666666666666666
2025-10-04,ind,0,2,0.0,10.0
2025-10-04,irl,0,1,0.0,8.0
2025-10-04,irn,0,1,0.0,7.0
2025-10-04,irq,0,1,0.0,4.0
2025-10-04,ita,0,1,0.0,12.0
2025-10-04,jpn,0,3,0.0,10.0
2025-10-04,kaz,0,2,0.0,8.5
2025-10-04,kor,0,5,0.0,9.4
2025-10-04,lbn,0,1,0.0,1.0
2025-10-04,ltu,0,1,0.0,10.0
2025-10-04,mex,0,4,0.0,8.75
2025-10-04,mlt,0,1,0.0,9.0
2025-10-04,moz,0,2,0.0,10.5
2025-10-04,mys,0,1,0.0,1.0
2025-10-04,nld,0,5,0.0,11.2
2025-10-04,nor,0,1,0.0,9.0
2025-10-04,nzl,0,1,0.0,4.0
2025-10-04,per,0,2,0.0,9.5
2025-10-04,prt,0,21,0.0,8.476190476190476
2025-10-04,pry,0,1,0.0,8.0
2025-10-04,pse,0,1,0.0,9.0
2025-10-04,sau,0,1,0.0,10.0
2025-10-04,swe,0,1,0.0,8.0
2025-10-04,tha,0,2,0.0,8.5
2025-10-04,uga,0,1,0.0,2.0
2025-10-04,ukr,0,1,0.0,2.0
2025-10-04,ury,0,1,0.0,10.0
2025-10-04,usa,0,138,0.0,6.471014492753623
2025-10-05,ago,0,10,0.0,5.8
2025-10-05,are,0,9,0.0,21.77777777777778
2025-10-05,arg,0,1,0.0,2.0
2025-10-05,aus,0,3,0.0,6.666666666666667
2025-10-05,bel,0,2,0.0,6.5
2025-10-05,bgd,0,1,0.0,7.0
2025-10-05,bol,0,1,0.0,73.0
2025-10-05,can,0,5,0.0,8.4
2025-10-05,che,0,3,0.0,12.333333333333334
2025-10-05,chl,0,3,0.0,8.666666666666668
2025-10-05,col,0,2,0.0,2.0
2025-10-05,com,0,2,0.0,4.0
2025-10-05,cpv,0,2,0.0,2.5
2025-10-05,deu,0,5,0.0,15.8
2025-10-05,esp,0,2,0.0,8.5
2025-10-05,fra,0,4,0.0,15.25
2025-10-05,gbr,0,3,0.0,6.666666666666667
2025-10-05,gha,0,2,0.0,4.0
2025-10-05,hun,0,2,0.0,9.5
2025-10-05,ind,0,1,0.0,3.0
2025-10-05,irl,0,4,0.0,5.75
2025-10-05,irn,0,1,0.0,6.0
2025-10-05,jor,0,1,0.0,8.0
2025-10-05,jpn,0,2,0.0,8.5
2025-10-05,kor,0,5,0.0,10.0
2025-10-05,ltu,0,1,0.0,10.0
2025-10-05,lux,0,1,0.0,7.0
2025-10-05,mar,0,1,0.0,10.0
2025-10-05,mdv,0,1,0.0,5.0
2025-10-05,mex,0,2,0.0,9.0
2025-10-05,moz,0,3,0.0,3.6666666666666665
2025-10-05,nga,0,1,0.0,12.0
2025-10-05,nld,0,2,0.0,9.5
2025-10-05,per,0,1,0.0,9.0
2025-10-05,phl,0,1,0.0,10.0
2025-10-05,prt,0,14,0.0,9.0
2025-10-05,pry,0,1,0.0,6.0
2025-10-05,rou,0,2,0.0,5.0
2025-10-05,slv,0,1,0.0,2.0
2025-10-05,tha,0,2,0.0,9.0
2025-10-05,twn,0,1,0.0,5.0
2025-10-05,ury,0,1,0.0,9.0
2025-10-05,usa,0,119,0.0,7.764705882352941
2025-10-05,uzb,0,1,0.0,3.0
2025-10-06,ago,0,4,0.0,1.75
2025-10-06,are,0,6,0.0,32.66666666666667
2025-10-06,arg,0,3,0.0,2.0
2025-10-06,aus,0,4,0.0,8.75
2025-10-06,aut,0,1,0.0,60.0
2025-10-06,bel,0,1,0.0,31.0
2025-10-06,bgd,0,1,0.0,1.0
2025-10-06,can,0,6,0.0,23.166666666666668
2025-10-06,che,0,1,0.0,22.0
2025-10-06,chl,0,2,0.0,4.5
2025-10-06,chn,0,1,0.0,11.0
2025-10-06,cod,0,1,0.0,10.0
2025-10-06,col,0,2,0.0,12.5
2025-10-06,cri,0,1,0.0,9.0
2025-10-06,deu,0,4,0.0,30.0
2025-10-06,dnk,0,1,0.0,5.0
2025-10-06,dom,0,1,0.0,5.0
2025-10-06,dza,0,1,0.0,11.0
2025-10-06,esp,0,4,0.0,5.5
2025-10-06,fra,0,6,0.0,6.166666666666667
2025-10-06,gbr,0,3,0.0,5.666666666666667
2025-10-06,grc,0,1,0.0,6.0
2025-10-06,idn,0,2,0.0,9.5
2025-10-06,ind,0,5,0.0,4.6
2025-10-06,irl,0,2,0.0,8.5
2025-10-06,ita,0,15,0.0,4.6
2025-10-06,jpn,0,2,0.0,7.0
2025-10-06,ken,0,1,0.0,12.0
2025-10-06,kor,0,9,0.0,10.11111111111111
2025-10-06,lbn,0,1,0.0,6.0
2025-10-06,ltu,0,2,0.0,3.0
2025-10-06,lva,0,1,0.0,4.0
2025-10-06,mar,0,1,0.0,11.0
2025-10-06,mex,0,4,0.0,10.0
2025-10-06,moz,0,2,0.0,10.5
2025-10-06,nga,0,2,0.0,17.5
2025-10-06,nld,0,2,0.0,9.0
2025-10-06,pak,0,1,0.0,17.0
2025-10-06,phl,0,2,0.0,7.0
2025-10-06,pol,0,2,0.0,9.0
2025-10-06,prt,0,15,0.0,8.2
2025-10-06,pry,0,1,0.0,10.0
2025-10-06,qat,0,1,0.0,11.0
2025-10-06,sgp,0,3,0.0,23.333333333333332
2025-10-06,tha,0,2,0.0,8.0
2025-10-06,ukr,0,2,0.0,54.0
2025-10-06,ury,0,1,0.0,6.0
2025-10-06,usa,0,132,0.0,6.863636363636363
2025-10-06,ven,0,1,0.0,4.0
2025-10-06,zaf,0,2,0.0,2.5
2025-10-07,ago,0,1,0.0,5.0
2025-10-07,are,0,6,0.0,47.666666666666664
2025-10-07,arg,0,2,0.0,3.0
2025-10-07,aus,0,1,0.0,5.0
2025-10-07,aut,0,1,0.0,11.0
2025-10-07,bel,0,1,0.0,41.0
2025-10-07,bgd,0,1,0.0,8.0
2025-10-07,bgr,0,1,0.0,7.0
2025-10-07,can,0,4,0.0,11.75
2025-10-07,che,0,3,0.0,17.666666666666668
2025-10-07,col,0,1,0.0,3.0
2025-10-07,cpv,0,4,0.0,11.5
2025-10-07,deu,0,2,0.0,37.0
2025-10-07,egy,0,2,0.0,6.0
2025-10-07,esp,0,2,0.0,5.5
2025-10-07,gbr,0,3,0.0,7.0
2025-10-07,gnb,0,1,0.0,8.0
2025-10-07,gtm,0,1,0.0,4.0
2025-10-07,idn,0,1,0.0,10.0
2025-10-07,ind,0,6,0.0,7.666666666666667
2025-10-07,irl,0,2,0.0,9.5
2025-10-07,irn,0,1,0.0,5.0
2025-10-07,jpn,0,3,0.0,9.0
2025-10-07,kor,0,16,0.0,8.4375
2025-10-07,ltu,0,1,0.0,3.0
2025-10-07,mar,0,1,0.0,10.0
2025-10-07,mex,0,7,0.0,9.571428571428571
2025-10-07,mkd,0,1,0.0,7.0
2025-10-07,moz,0,2,0.0,8.5
2025-10-07,mus,0,1,0.0,5.0
2025-10-07,nga,0,1,0.0,11.0
2025-10-07,nld,0,3,0.0,3.0
2025-10-07,nor,0,1,0.0,3.0
2025-10-07,nzl,0,2,0.0,11.5
2025-10-07,per,0,3,0.0,8.666666666666668
2025-10-07,phl,0,1,0.0,10.0
2025-10-07,pol,0,2,0.0,15.5
2025-10-07,prt,0,25,0.0,7.96
2025-10-07,sen,0,1,0.0,8.0
2025-10-07,sgp,0,2,0.0,14.0
2025-10-07,tun,0,2,0.0,7.0
2025-10-07,uga,0,2,0.0,8.0
2025-10-07,ukr,0,1,0.0,10.0
2025-10-07,ury,0,4,0.0,6.25
2025-10-07,usa,0,112,0.0,6.392857142857143
2025-10-07,vnm,0,1,0.0,9.0
2025-10-07,zaf,0,1,0.0,5.0
2025-10-08,ago,0,1,0.0,5.0
2025-10-08,are,0,7,0.0,40.714285714285715
2025-10-08,arg,0,7,0.0,4.428571428571429
2025-10-08,bel,0,2,0.0,6.0
2025-10-08,bgd,0,4,0.0,5.5
2025-10-08,caf,0,1,0.0,10.0
2025-10-08,can,0,3,0.0,7.0
2025-10-08,che,0,2,0.0,6.5
2025-10-08,chl,0,2,0.0,4.5
2025-10-08,col,0,2,0.0,4.5
2025-10-08,cpv,0,2,0.0,2.5
2025-10-08,deu,0,2,0.0,12.5
2025-10-08,ecu,0,2,0.0,3.0
2025-10-08,esp,0,1,0.0,7.0
2025-10-08,eth,0,1,0.0,11.0
2025-10-08,fra,0,7,0.0,3.0
2025-10-08,gbr,0,2,0.0,10.5
2025-10-08,grc,0,1,0.0,4.0
2025-10-08,hkg,0,1,0.0,7.0
2025-10-08,hun,0,1,0.0,2.0
2025-10-08,idn,0,2,0.0,7.0
2025-10-08,ind,0,6,0.0,21.0
2025-10-08,irl,0,1,0.0,11.0
2025-10-08,ita,0,6,0.0,4.5
2025-10-08,kor,0,11,0.0,5.545454545454546
2025-10-08,ltu,0,1,0.0,4.0
2025-10-08,lva,0,1,0.0,3.0
2025-10-08,mar,0,2,0.0,7.0
2025-10-08,mex,0,2,0.0,5.0
2025-10-08,nga,0,2,0.0,4.5
2025-10-08,nld,0,1,0.0,10.0
2025-10-08,nor,0,1,0.0,8.0
2025-10-08,pak,0,1,0.0,10.0
2025-10-08,pan,0,1,0.0,7.0
2025-10-08,per,0,1,0.0,1.0
2025-10-08,phl,0,2,0.0,2.0
2025-10-08,pol,0,1,0.0,9.0
2025-10-08,pry,0,2,0.0,4.5
2025-10-08,rou,0,1,0.0,4.0
2025-10-08,sur,0,1,0.0,5.0
2025-10-08,tha,0,1,0.0,5.0
2025-10-08,ven,0,2,0.0,3.0
2025-10-08,zaf,0,1,0.0,12.0
2025-10-09,ago,0,1,0.0,4.0
2025-10-09,alb,0,1,0.0,1.0
2025-10-09,are,0,7,0.0,30.428571428571427
2025-10-09,aus,0,2,0.0,2.5
2025-10-09,bgd,0,1,0.0,10.0
2025-10-09,can,0,6,0.0,7.833333333333333
2025-10-09,che,0,3,0.0,9.0
2025-10-09,chl,0,3,0.0,6.666666666666667
2025-10-09,cmr,0,2,0.0,7.0
2025-10-09,col,0,1,0.0,3.0
2025-10-09,cyp,0,1,0.0,1.0
2025-10-09,deu,0,4,0.0,30.75
2025-10-09,dnk,0,1,0.0,8.0
2025-10-09,dza,0,1,0.0,4.0
2025-10-09,egy,0,1,0.0,7.0
2025-10-09,esp,0,5,0.0,7.0
2025-10-09,fra,0,7,0.0,6.285714285714286
2025-10-09,gbr,0,2,0.0,7.5
2025-10-09,ind,0,8,0.0,6.25
2025-10-09,irq,0,1,0.0,7.0
2025-10-09,ita,0,4,0.0,4.0
2025-10-09,jam,0,1,0.0,5.0
2025-10-09,jpn,0,2,0.0,8.0
2025-10-09,kgz,0,1,0.0,6.0
2025-10-09,kor,0,14,0.0,5.785714285714286
2025-10-09,kwt,0,1,0.0,5.0
2025-10-09,ltu,0,1,0.0,78.0
2025-10-09,mdg,0,1,0.0,6.0
2025-10-09,mex,0,5,0.0,3.8
2025-10-09,mli,0,2,0.0,6.0
2025-10-09,mlt,0,1,0.0,11.0
2025-10-09,mmr,0,1,0.0,10.0
2025-10-09,moz,0,4,0.0,4.5
2025-10-09,mys,0,1,0.0,6.0
2025-10-09,nga,0,3,0.0,9.666666666666666
2025-10-09,nld,0,1,0.0,9.0
2025-10-09,nor,0,2,0.0,6.0
2025-10-09,pak,0,1,0.0,2.0
2025-10-09,per,0,2,0.0,6.5
2025-10-09,pry,0,6,0.0,6.5
2025-10-09,sau,0,3,0.0,7.0
2025-10-09,sen,0,1,0.0,3.0
2025-10-09,sur,0,1,0.0,10.0
2025-10-09,swe,0,1,0.0,5.0
2025-10-09,tgo,0,1,0.0,5.0
2025-10-09,tha,0,1,0.0,5.0
2025-10-09,tun,0,1,0.0,5.0
2025-10-09,twn,0,1,0.0,2.0
2025-10-09,ury,0,2,0.0,6.0
2025-10-09,ven,0,1,0.0,5.0
2025-10-10,ago,0,1,0.0,5.0
2025-10-10,are,0,11,0.0,37.72727272727273
2025-10-10,arg,0,1,0.0,9.0
2025-10-10,aus,0,1,0.0,8.0
2025-10-10,bel,0,1,0.0,7.0
2025-10-10,bol,0,2,0.0,10.0
2025-10-10,can,0,3,0.0,4.333333333333334
2025-10-10,che,0,1,0.0,11.0
2025-10-10,chn,0,2,0.0,29.5
2025-10-10,civ,0,1,0.0,5.0
2025-10-10,cod,0,1,0.0,6.0
2025-10-10,col,0,2,0.0,8.0
2025-10-10,deu,0,3,0.0,12.0
2025-10-10,dza,0,1,0.0,6.0
2025-10-10,ecu,0,2,0.0,6.5
2025-10-10,egy,0,2,0.0,5.0
2025-10-10,esp,0,3,0.0,8.666666666666668
2025-10-10,est,0,1,0.0,7.0
2025-10-10,fin,0,1,0.0,8.0
2025-10-10,fra,0,16,0.0,5.375
2025-10-10,gbr,0,6,0.0,7.333333333333333
2025-10-10,gtm,0,1,0.0,4.0
2025-10-10,hkg,0,1,0.0,5.0
2025-10-10,hnd,0,1,0.0,4.0
2025-10-10,idn,0,3,0.0,9.333333333333334
2025-10-10,ind,0,4,0.0,4.75
2025-10-10,irl,0,2,0.0,9.0
2025-10-10,isr,0,1,0.0,6.0
2025-10-10,ita,0,20,0.0,3.45
2025-10-10,jor,0,1,0.0,6.0
2025-10-10,jpn,0,3,0.0,34.333333333333336
2025-10-10,kor,0,8,0.0,4.0
2025-10-10,lbn,0,1,0.0,9.0
2025-10-10,ltu,0,6,0.0,3.3333333333333335
2025-10-10,mex,0,2,0.0,4.0
2025-10-10,moz,0,2,0.0,7.0
2025-10-10,mys,0,1,0.0,5.0
2025-10-10,nga,0,4,0.0,16.25
2025-10-10,nld,0,1,0.0,9.0
2025-10-10,per,0,4,0.0,1.5
2025-10-10,phl,0,2,0.0,39.0
2025-10-10,pry,0,2,0.0,9.5
2025-10-10,rus,0,1,0.0,10.0
2025-10-10,sau,0,4,0.0,6.75
2025-10-10,sgp,0,2,0.0,5.0
2025-10-10,swe,0,4,0.0,5.0
2025-10-10,tha,0,1,0.0,23.0
2025-10-10,tur,0,2,0.0,11.0
2025-10-10,ven,0,1,0.0,10.0
2025-10-11,ago,0,4,0.0,25.75
2025-10-11,are,0,9,0.0,35.55555555555556
2025-10-11,arg,0,1,0.0,9.0
2025-10-11,bel,0,1,0.0,1.0
2025-10-11,ben,0,1,0.0,5.0
2025-10-11,bol,0,1,0.0,5.0
2025-10-11,can,0,3,0.0,7.0
2025-10-11,che,0,2,0.0,5.5
2025-10-11,chl,0,1,0.0,4.0
2025-10-11,cmr,0,2,0.0,5.0
2025-10-11,cri,0,1,0.0,4.0
2025-10-11,cze,0,1,0.0,6.0
2025-10-11,deu,0,2,0.0,9.5
2025-10-11,dnk,0,1,0.0,6.0
2025-10-11,fra,0,11,0.0,4.090909090909091
2025-10-11,gbr,0,1,0.0,9.0
2025-10-11,gtm,0,1,0.0,4.0
2025-10-11,ind,0,5,0.0,7.2
2025-10-11,irl,0,1,0.0,5.0
2025-10-11,ita,0,4,0.0,4.25
2025-10-11,jam,0,1,0.0,6.0
2025-10-11,jpn,0,3,0.0,63.0
2025-10-11,kaz,0,1,0.0,5.0
2025-10-11,ken,0,6,0.0,9.666666666666666
2025-10-11,kor,0,12,0.0,3.3333333333333335
2025-10-11,lbn,0,1,0.0,3.0
2025-10-11,mex,0,3,0.0,6.333333333333333
2025-10-11,mli,0,1,0.0,6.0
2025-10-11,mys,0,1,0.0,5.0
2025-10-11,nga,0,4,0.0,14.5
2025-10-11,nic,0,1,0.0,6.0
2025-10-11,nld,0,2,0.0,7.5
2025-10-11,pak,0,1,0.0,1.0
2025-10-11,per,0,1,0.0,4.0
2025-10-11,prt,0,33,0.0,6.484848484848484
2025-10-11,pry,0,2,0.0,10.0
2025-10-11,rus,0,1,0.0,9.0
2025-10-11,sgp,0,1,0.0,8.0
2025-10-11,swe,0,2,0.0,6.5
2025-10-11,tgo,0,1,0.0,6.0
2025-10-11,tha,0,1,0.0,1.0
2025-10-11,tun,0,1,0.0,5.0
2025-10-11,tza,0,2,0.0,2.0
2025-10-11,uga,0,2,0.0,7.0
2025-10-11,usa,0,105,0.0,7.038095238095238
2025-10-11,zaf,0,1,0.0,10.0
2025-10-12,ago,0,3,0.0,4.0
2025-10-12,are,0,3,0.0,63.666666666666664
2025-10-12,arg,0,10,0.0,14.3
2025-10-12,aus,0,2,0.0,9.5
2025-10-12,can,0,2,0.0,11.0
2025-10-12,che,0,2,0.0,5.0
2025-10-12,chl,0,2,0.0,29.0
2025-10-12,chn,0,1,0.0,6.0
2025-10-12,civ,0,1,0.0,5.0
2025-10-12,cmr,0,2,0.0,5.5
2025-10-12,cod,0,1,0.0,11.0
2025-10-12,col,0,2,0.0,5.0
2025-10-12,deu,0,2,0.0,14.5
2025-10-12,dom,0,2,0.0,7.5
2025-10-12,dza,0,1,0.0,8.0
2025-10-12,esp,0,8,0.0,5.375
2025-10-12,fra,0,16,0.0,4.4375
2025-10-12,gbr,0,3,0.0,15.0
2025-10-12,hti,0,1,0.0,6.0
2025-10-12,ind,0,6,0.0,7.166666666666667
2025-10-12,irl,0,1,0.0,8.0
2025-10-12,irn,0,1,0.0,3.0
2025-10-12,isr,0,1,0.0,7.0
2025-10-12,ita,0,11,0.0,4.636363636363637
2025-10-12,jam,0,1,0.0,11.0
2025-10-12,jor,0,1,0.0,10.0
2025-10-12,jpn,0,1,0.0,14.0
2025-10-12,ken,0,1,0.0,9.0
2025-10-12,khm,0,3,0.0,27.333333333333332
2025-10-12,kor,0,17,0.0,6.647058823529412
2025-10-12,ltu,0,1,0.0,2.0
2025-10-12,mex,0,1,0.0,6.0
2025-10-12,moz,0,4,0.0,7.0
2025-10-12,nld,0,2,0.0,6.0
2025-10-12,nor,0,1,0.0,8.0
2025-10-12,per,0,1,0.0,5.0
2025-10-12,phl,0,1,0.0,7.0
2025-10-12,pol,0,1,0.0,2.0
2025-10-12,prt,0,22,0.0,5.090909090909091
2025-10-12,pry,0,3,0.0,11.333333333333334
2025-10-12,slv,0,1,0.0,4.0
2025-10-12,srb,0,1,0.0,7.0
2025-10-12,tha,0,2,0.0,2.0
2025-10-12,tun,0,2,0.0,7.0
2025-10-12,tur,0,2,0.0,6.0
2025-10-12,ury,0,1,0.0,8.0
2025-10-12,usa,0,140,0.0,5.75
2025-10-12,zaf,0,1,0.0,8.0
2025-10-13,ago,0,5,0.0,7.4
2025-10-13,are,0,3,0.0,37.333333333333336
2025-10-13,arg,0,10,0.0,4.9
2025-10-13,bgd,0,2,0.0,5.0
2025-10-13,bhr,0,1,0.0,7.0
2025-10-13,blr,0,1,0.0,4.0
2025-10-13,can,0,5,0.0,8.0
2025-10-13,che,0,1,0.0,6.0
2025-10-13,chl,0,3,0.0,5.0
2025-10-13,col,0,2,0.0,5.0
2025-10-13,cpv,0,1,0.0,5.0
2025-10-13,deu,0,4,0.0,8.75
2025-10-13,ecu,0,2,0.0,3.5
2025-10-13,esp,0,6,0.0,10.0
2025-10-13,fra,0,13,0.0,7.3076923076923075
2025-10-13,gbr,0,1,0.0,8.0
2025-10-13,geo,0,1,0.0,3.0
2025-10-13,idn,0,3,0.0,5.0
2025-10-13,ind,0,5,0.0,3.6
2025-10-13,irl,0,2,0.0,7.0
2025-10-13,irq,0,1,0.0,7.0
2025-10-13,ita,0,9,0.0,6.666666666666667
2025-10-13,ken,0,2,0.0,21.5
2025-10-13,mda,0,1,0.0,10.0
2025-10-13,moz,0,1,0.0,8.0
2025-10-13,mus,0,1,0.0,1.0
2025-10-13,mys,0,1,0.0,2.0
2025-10-13,nga,0,5,0.0,8.4
2025-10-13,nld,0,2,0.0,9.5
2025-10-13,phl,0,1,0.0,2.0
2025-10-13,pol,0,2,0.0,1.0
2025-10-13,pry,0,3,0.0,10.0
2025-10-13,swe,0,1,0.0,11.0
2025-10-13,tha,0,1,0.0,2.0
2025-10-13,tun,0,1,0.0,7.0
2025-10-13,tur,0,2,0.0,13.5
2025-10-13,twn,0,1,0.0,8.0
2025-10-13,uga,0,2,0.0,10.0
2025-10-13,zaf,0,1,0.0,5.0
2025-10-14,are,0,6,0.0,35.833333333333336
2025-10-14,arg,0,6,0.0,4.666666666666666
2025-10-14,aus,0,1,0.0,5.0
2025-10-14,aut,0,2,0.0,6.5
2025-10-14,bel,0,2,0.0,33.5
2025-10-14,bgd,0,1,0.0,5.0
2025-10-14,bgr,0,1,0.0,8.0
2025-10-14,bhr,0,2,0.0,71.0
2025-10-14,bwa,0,1,0.0,7.0
2025-10-14,can,0,7,0.0,22.571428571428573
2025-10-14,che,0,4,0.0,8.5
2025-10-14,chn,0,1,0.0,10.0
2025-10-14,cpv,0,1,0.0,9.0
2025-10-14,deu,0,8,0.0,13.375
2025-10-14,ecu,0,1,0.0,10.0
2025-10-14,egy,0,1,0.0,51.0
2025-10-14,esp,0,8,0.0,11.625
2025-10-14,fra,0,9,0.0,14.777777777777779
2025-10-14,gab,0,1,0.0,5.0
2025-10-14,gbr,0,2,0.0,37.5
2025-10-14,geo,0,1,0.0,10.0
2025-10-14,gin,0,1,0.0,8.0
2025-10-14,hkg,0,1,0.0,9.0
2025-10-14,ind,0,10,0.0,6.6
2025-10-14,irn,0,2,0.0,7.0
2025-10-14,irq,0,1,0.0,23.0
2025-10-14,jor,0,1,0.0,68.0
2025-10-14,jpn,0,6,0.0,7.0
2025-10-14,ken,0,2,0.0,8.5
2025-10-14,kor,0,2,0.0,9.0
2025-10-14,moz,0,2,0.0,10.5
2025-10-14,nld,0,4,0.0,17.25
2025-10-14,pak,0,1,0.0,60.0
2025-10-14,per,0,1,0.0,11.0
2025-10-14,pol,0,6,0.0,13.333333333333334
2025-10-14,prt,0,22,0.0,7.681818181818182
2025-10-14,pry,0,3,0.0,9.666666666666666
2025-10-14,rou,0,2,0.0,34.0
2025-10-14,rus,0,1,0.0,9.0
2025-10-14,sau,0,1,0.0,95.0
2025-10-14,sdn,0,1,0.0,3.0
2025-10-14,slv,0,1,0.0,4.0
2025-10-14,srb,0,2,0.0,6.0
2025-10-14,tgo,0,1,0.0,5.0
2025-10-14,tha,0,3,0.0,2.0
2025-10-14,tur,0,2,0.0,12.0
2025-10-14,twn,0,2,0.0,6.5
2025-10-14,uga,0,1,0.0,7.0
2025-10-14,ury,0,1,0.0,5.0
2025-10-14,usa,0,126,0.0,7.76984126984127
2025-10-15,ago,0,1,0.0,5.0
2025-10-15,are,0,8,0.0,35.0
2025-10-15,arg,0,6,0.0,7.666666666666667
2025-10-15,aus,0,5,0.0,12.0
2025-10-15,bel,0,2,0.0,6.5
2025-10-15,ben,0,2,0.0,6.0
2025-10-15,bgd,0,3,0.0,8.333333333333332
2025-10-15,bol,0,3,0.0,7.0
2025-10-15,can,0,4,0.0,7.75
2025-10-15,che,0,1,0.0,7.0
2025-10-15,chl,0,1,0.0,10.0
2025-10-15,chn,0,1,0.0,1.0
2025-10-15,cmr,0,1,0.0,6.0
2025-10-15,cod,0,2,0.0,6.5
2025-10-15,deu,0,5,0.0,8.0
2025-10-15,dom,0,1,0.0,5.0
2025-10-15,dza,0,1,0.0,6.0
2025-10-15,ecu,0,3,0.0,8.0
2025-10-15,esp,0,4,0.0,8.0
2025-10-15,fra,0,9,0.0,5.888888888888889
2025-10-15,gbr,0,2,0.0,10.5
2025-10-15,gha,0,1,0.0,9.0
2025-10-15,idn,0,1,0.0,6.0
2025-10-15,irl,0,3,0.0,9.0
2025-10-15,ita,0,2,0.0,46.5
2025-10-15,jor,0,1,0.0,6.0
2025-10-15,jpn,0,2,0.0,8.5
2025-10-15,kwt,0,1,0.0,8.0
2025-10-15,lux,0,1,0.0,5.0
2025-10-15,mar,0,2,0.0,6.0
2025-10-15,mex,0,4,0.0,3.5
2025-10-15,mys,0,1,0.0,6.0
2025-10-15,nga,0,1,0.0,10.0
2025-10-15,nld,0,3,0.0,12.666666666666666
2025-10-15,nzl,0,2,0.0,3.0
2025-10-15,per,0,1,0.0,9.0
2025-10-15,phl,0,2,0.0,6.5
2025-10-15,pol,0,2,0.0,12.0
2025-10-15,pri,0,1,0.0,10.0
2025-10-15,rou,0,1,0.0,7.0
2025-10-15,sau,0,3,0.0,5.0
2025-10-15,slv,0,2,0.0,5.5
2025-10-15,svk,0,1,0.0,11.0
2025-10-15,swe,0,2,0.0,5.5
2025-10-15,tgo,0,1,0.0,5.0
2025-10-15,tun,0,3,0.0,6.333333333333333
2025-10-15,tur,0,1,0.0,6.0
2025-10-15,twn,0,2,0.0,11.5
2025-10-15,uga,0,2,0.0,9.0
2025-10-15,usa,0,170,0.0,6.194117647058824
2025-10-15,vnm,0,1,0.0,7.0
2025-10-16,ago,0,7,0.0,8.428571428571429
2025-10-16,are,0,9,0.0,43.0
2025-10-16,arg,0,4,0.0,8.5
2025-10-16,aus,0,3,0.0,18.666666666666668
2025-10-16,bfa,0,1,0.0,7.0
2025-10-16,bol,0,1,0.0,6.0
2025-10-16,can,0,2,0.0,5.0
2025-10-16,che,0,1,0.0,6.0
2025-10-16,chl,0,2,0.0,9.5
2025-10-16,cod,0,1,0.0,7.0
2025-10-16,col,0,2,0.0,4.5
2025-10-16,cri,0,1,0.0,8.0
2025-10-16,deu,0,8,0.0,12.0
2025-10-16,ecu,0,1,0.0,11.0
2025-10-16,esp,0,3,0.0,8.0
2025-10-16,fra,0,9,0.0,5.555555555555555
2025-10-16,gab,0,1,0.0,6.0
2025-10-16,gum,0,1,0.0,10.0
2025-10-16,hrv,0,2,0.0,8.5
2025-10-16,idn,0,2,0.0,5.5
2025-10-16,ind,0,1,0.0,2.0
2025-10-16,irl,0,2,0.0,9.0
2025-10-16,ita,0,8,0.0,3.0
2025-10-16,jpn,0,4,0.0,11.0
2025-10-16,kaz,0,1,0.0,7.0
2025-10-16,kor,0,7,0.0,6.714285714285714
2025-10-16,mar,0,1,0.0,6.0
2025-10-16,mex,0,7,0.0,6.142857142857143
2025-10-16,moz,0,2,0.0,7.5
2025-10-16,nga,0,2,0.0,10.0
2025-10-16,nld,0,2,0.0,9.0
2025-10-16,per,0,1,0.0,2.0
2025-10-16,phl,0,1,0.0,7.0
2025-10-16,prt,0,21,0.0,8.952380952380953
2025-10-16,pry,0,3,0.0,11.0
2025-10-16,rou,0,1,0.0,4.0
2025-10-16,rus,0,2,0.0,6.5
2025-10-16,sau,0,1,0.0,6.0
2025-10-16,tha,0,2,0.0,4.0
2025-10-16,tun,0,2,0.0,6.5
2025-10-16,tur,0,1,0.0,11.0
2025-10-16,twn,0,1,0.0,12.0
2025-10-16,usa,0,162,0.0,6.530864197530864
2025-10-16,zaf,0,1,0.0,2.0
2025-10-16,zmb,0,1,0.0,10.0
2025-10-17,ago,0,9,0.0,4.111111111111111
2025-10-17,are,0,9,0.0,16.666666666666664
2025-10-17,arg,0,1,0.0,10.0
2025-10-17,aus,0,1,0.0,10.0
2025-10-17,aut,0,5,0.0,65.6
2025-10-17,bel,0,2,0.0,4.5
2025-10-17,ben,0,1,0.0,6.0
2025-10-17,bol,0,5,0.0,7.8
2025-10-17,can,0,3,0.0,7.0
2025-10-17,che,0,1,0.0,5.0
2025-10-17,chl,0,1,0.0,9.0
2025-10-17,civ,0,1,0.0,7.0
2025-10-17,cmr,0,1,0.0,12.0
2025-10-17,cod,0,1,0.0,8.0
2025-10-17,cog,0,1,0.0,4.0
2025-10-17,col,0,3,0.0,8.666666666666668
2025-10-17,cpv,0,1,0.0,5.0
2025-10-17,deu,0,5,0.0,9.0
2025-10-17,ecu,0,1,0.0,8.0
2025-10-17,esp,0,1,0.0,6.0
2025-10-17,fra,0,8,0.0,5.25
2025-10-17,gab,0,1,0.0,7.0
2025-10-17,gbr,0,2,0.0,7.0
2025-10-17,gnb,0,1,0.0,16.0
2025-10-17,guy,0,1,0.0,10.0
2025-10-17,hnd,0,1,0.0,4.0
2025-10-17,idn,0,2,0.0,5.5
2025-10-17,ind,0,2,0.0,5.0
2025-10-17,irl,0,1,0.0,7.0
2025-10-17,ita,0,3,0.0,5.666666666666667
2025-10-17,jam,0,2,0.0,6.0
2025-10-17,jpn,0,2,0.0,5.0
2025-10-17,ken,0,1,0.0,4.0
2025-10-17,kor,0,9,0.0,7.555555555555555
2025-10-17,kwt,0,1,0.0,6.0
2025-10-17,mar,0,1,0.0,8.0
2025-10-17,moz,0,4,0.0,4.5
2025-10-17,nga,0,1,0.0,11.0
2025-10-17,nzl,0,1,0.0,5.0
2025-10-17,pak,0,2,0.0,8.0
2025-10-17,per,0,3,0.0,7.333333333333333
2025-10-17,phl,0,3,0.0,5.333333333333333
2025-10-17,pol,0,1,0.0,3.0
2025-10-17,pry,0,4,0.0,5.25
2025-10-17,sau,0,1,0.0,10.0
2025-10-17,tun,0,1,0.0,6.0
2025-10-17,twn,0,1,0.0,12.0
2025-10-18,ago,0,2,0.0,22.0
2025-10-18,are,0,7,0.0,6.714285714285714
2025-10-18,arg,0,2,0.0,5.5
2025-10-18,aus,0,1,0.0,10.0
2025-10-18,aze,0,1,0.0,11.0
2025-10-18,bel,0,2,0.0,7.0
2025-10-18,bfa,0,1,0.0,5.0
2025-10-18,bgd,0,2,0.0,6.5
2025-10-18,btn,0,1,0.0,7.0
2025-10-18,can,0,1,0.0,1.0
2025-10-18,che,0,4,0.0,10.0
2025-10-18,chl,0,2,0.0,2.5
2025-10-18,cod,0,1,0.0,8.0
2025-10-18,deu,0,8,0.0,6.5
2025-10-18,dza,0,2,0.0,6.5
2025-10-18,esp,0,5,0.0,7.4
2025-10-18,eth,0,2,0.0,11.0
2025-10-18,fra,0,6,0.0,7.5
2025-10-18,gab,0,1,0.0,7.0
2025-10-18,hkg,0,1,0.0,11.0
2025-10-18,idn,0,1,0.0,9.0
2025-10-18,ind,0,4,0.0,7.5
2025-10-18,irl,0,1,0.0,10.0
2025-10-18,ita,0,3,0.0,5.666666666666667
2025-10-18,jam,0,1,0.0,11.0
2025-10-18,jpn,0,2,0.0,10.0
2025-10-18,ken,0,1,0.0,5.0
2025-10-18,kor,0,12,0.0,7.5
2025-10-18,ltu,0,1,0.0,63.0
2025-10-18,mli,0,2,0.0,7.5
2025-10-18,moz,0,4,0.0,3.75
2025-10-18,nld,0,2,0.0,9.5
2025-10-18,pol,0,3,0.0,5.666666666666667
2025-10-18,prt,0,27,0.0,13.222222222222221
2025-10-18,pry,0,4,0.0,6.75
2025-10-18,sau,0,1,0.0,1.0
2025-10-18,sgp,0,1,0.0,10.0
2025-10-18,tha,0,1,0.0,7.0
2025-10-18,tur,0,1,0.0,1.0
2025-10-18,twn,0,1,0.0,10.0
2025-10-18,uga,0,1,0.0,5.0
2025-10-18,usa,0,93,0.0,8.612903225806452
2025-10-19,are,0,14,0.0,31.857142857142858
2025-10-19,arg,0,2,0.0,5.5
2025-10-19,arm,0,1,0.0,30.0
2025-10-19,aus,0,3,0.0,11.333333333333334
2025-10-19,bel,0,2,0.0,7.5
2025-10-19,ben,0,1,0.0,6.0
2025-10-19,bgd,0,2,0.0,5.0
2025-10-19,can,0,2,0.0,7.0
2025-10-19,che,0,2,0.0,5.0
2025-10-19,chl,0,5,0.0,5.4
2025-10-19,col,0,2,0.0,6.0
2025-10-19,deu,0,3,0.0,10.333333333333334
2025-10-19,dom,0,1,0.0,15.0
2025-10-19,esp,0,6,0.0,16.0
2025-10-19,fin,0,1,0.0,4.0
2025-10-19,fra,0,14,0.0,6.142857142857143
2025-10-19,gbr,0,3,0.0,7.666666666666667
2025-10-19,hkg,0,2,0.0,6.5
2025-10-19,idn,0,8,0.0,5.5
2025-10-19,ind,0,1,0.0,5.0
2025-10-19,irl,0,1,0.0,10.0
2025-10-19,ita,0,1,0.0,7.0
2025-10-19,jpn,0,3,0.0,10.0
2025-10-19,khm,0,1,0.0,9.0
2025-10-19,kor,0,15,0.0,7.733333333333333
2025-10-19,lao,0,1,0.0,7.0
2025-10-19,mdg,0,1,0.0,7.0
2025-10-19,moz,0,6,0.0,5.666666666666667
2025-10-19,nga,0,1,0.0,6.0
2025-10-19,nld,0,3,0.0,9.0
2025-10-19,pak,0,1,0.0,9.0
2025-10-19,phl,0,1,0.0,8.0
2025-10-19,prt,0,24,0.0,7.875
2025-10-19,pry,0,3,0.0,5.0
2025-10-19,sau,0,3,0.0,8.333333333333332
2025-10-19,sen,0,1,0.0,5.0
2025-10-19,svn,0,2,0.0,11.0
2025-10-19,swe,0,2,0.0,7.5
2025-10-19,swz,0,1,0.0,8.0
2025-10-19,tun,0,1,0.0,4.0
2025-10-19,tur,0,2,0.0,2.5
2025-10-19,ury,0,1,0.0,9.0
2025-10-19,usa,0,104,0.0,6.576923076923077
2025-10-20,ago,0,3,0.0,8.0
2025-10-20,are,0,9,0.0,34.0
2025-10-20,arg,0,2,0.0,4.5
2025-10-20,aus,0,2,0.0,6.0
2025-10-20,bel,0,3,0.0,8.666666666666668
2025-10-20,ben,0,1,0.0,7.0
2025-10-20,bgd,0,1,0.0,11.0
2025-10-20,can,0,2,0.0,17.5
2025-10-20,civ,0,1,0.0,6.0
2025-10-20,cod,0,1,0.0,6.0
2025-10-20,deu,0,1,0.0,17.0
2025-10-20,dom,0,1,0.0,1.0
2025-10-20,ecu,0,1,0.0,3.0
2025-10-20,esp,0,2,0.0,4.5
2025-10-20,fra,0,9,0.0,7.888888888888889
2025-10-20,gbr,0,5,0.0,8.6
2025-10-20,hnd,0,1,0.0,1.0
2025-10-20,idn,0,3,0.0,8.666666666666668
2025-10-20,ind,0,1,0.0,6.0
2025-10-20,ita,0,5,0.0,6.0
2025-10-20,jpn,0,2,0.0,12.0
2025-10-20,kor,0,11,0.0,8.181818181818182
2025-10-20,mex,0,2,0.0,9.0
2025-10-20,mli,0,1,0.0,8.0
2025-10-20,moz,0,4,0.0,9.25
2025-10-20,nga,0,1,0.0,12.0
2025-10-20,nzl,0,1,0.0,1.0
2025-10-20,per,0,1,0.0,8.0
2025-10-20,phl,0,1,0.0,8.0
2025-10-20,pol,0,1,0.0,3.0
2025-10-20,prt,0,17,0.0,7.588235294117647
2025-10-20,pry,0,2,0.0,9.0
2025-10-20,rou,0,1,0.0,7.0
2025-10-20,rus,0,1,0.0,5.0
2025-10-20,sau,0,1,0.0,1.0
2025-10-20,sle,0,1,0.0,10.0
2025-10-20,tur,0,1,0.0,3.0
2025-10-20,tza,0,1,0.0,8.0
2025-10-20,ury,0,2,0.0,11.0
2025-10-20,ven,0,1,0.0,3.0
2025-10-20,zaf,0,2,0.0,8.0
2025-10-21,ago,0,1,0.0,8.0
2025-10-21,are,0,9,0.0,5.444444444444445
2025-10-21,arg,0,11,0.0,7.181818181818182
2025-10-21,aus,0,2,0.0,1.0
2025-10-21,bel,0,1,0.0,10.0
2025-10-21,blz,0,1,0.0,2.0
2025-10-21,bol,0,1,0.0,8.0
2025-10-21,can,0,1,0.0,7.0
2025-10-21,chl,0,2,0.0,1.0
2025-10-21,civ,0,1,0.0,7.0
2025-10-21,cmr,0,1,0.0,7.0
2025-10-21,cod,0,2,0.0,6.0
2025-10-21,cpv,0,1,0.0,4.0
2025-10-21,deu,0,4,0.0,5.75
2025-10-21,fra,0,18,0.0,6.166666666666667
2025-10-21,gbr,0,4,0.0,8.75
2025-10-21,glp,0,1,0.0,8.0
2025-10-21,idn,0,6,0.0,6.5
2025-10-21,ind,0,4,0.0,5.25
2025-10-21,irl,0,1,0.0,6.0
2025-10-21,irq,0,2,0.0,11.0
2025-10-21,ita,0,1,0.0,10.0
2025-10-21,jpn,0,2,0.0,4.5
2025-10-21,kor,0,9,0.0,7.444444444444445
2025-10-21,lby,0,1,0.0,5.0
2025-10-21,ltu,0,2,0.0,30.5
2025-10-21,lux,0,1,0.0,4.0
2025-10-21,mda,0,1,0.0,7.0
2025-10-21,mdg,0,1,0.0,10.0
2025-10-21,mex,0,3,0.0,4.666666666666666
2025-10-21,moz,0,1,0.0,8.0
2025-10-21,nld,0,2,0.0,4.0
2025-10-21,nzl,0,1,0.0,8.0
2025-10-21,phl,0,1,0.0,9.0
2025-10-21,pol,0,1,0.0,11.0
2025-10-21,pry,0,2,0.0,7.5
2025-10-21,rus,0,1,0.0,5.0
2025-10-21,sau,0,1,0.0,5.0
2025-10-21,sgp,0,1,0.0,8.0
2025-10-21,tha,0,1,0.0,5.0
2025-10-21,tur,0,3,0.0,5.666666666666667
2025-10-21,twn,0,1,0.0,8.0
2025-10-21,ury,0,2,0.0,5.0
2025-10-22,ago,0,4,0.0,8.75
2025-10-22,are,0,4,0.0,7.5
2025-10-22,arg,0,9,0.0,4.222222222222222
2025-10-22,aus,0,3,0.0,4.666666666666666
2025-10-22,aze,0,1,0.0,5.0
2025-10-22,bel,0,1,0.0,5.0
2025-10-22,bgd,0,1,0.0,8.0
2025-10-22,can,0,2,0.0,4.0
2025-10-22,che,0,3,0.0,10.0
2025-10-22,chl,0,3,0.0,6.666666666666667
2025-10-22,chn,0,1,0.0,1.0
2025-10-22,civ,0,1,0.0,9.0
2025-10-22,cmr,0,4,0.0,6.0
2025-10-22,cog,0,1,0.0,11.0
2025-10-22,deu,0,6,0.0,9.0
2025-10-22,dom,0,1,0.0,3.0
2025-10-22,ecu,0,2,0.0,5.5
2025-10-22,egy,0,2,0.0,60.5
2025-10-22,esp,0,1,0.0,2.0
2025-10-22,fra,0,10,0.0,4.4
2025-10-22,gbr,0,8,0.0,7.5
2025-10-22,hnd,0,1,0.0,4.0
2025-10-22,idn,0,4,0.0,4.25
2025-10-22,ind,0,6,0.0,7.166666666666667
2025-10-22,irl,0,1,0.0,6.0
2025-10-22,irn,0,1,0.0,8.0
2025-10-22,ita,0,1,0.0,1.0
2025-10-22,jam,0,1,0.0,8.0
2025-10-22,jpn,0,1,0.0,6.0
2025-10-22,kor,0,8,0.0,7.125
2025-10-22,mar,0,4,0.0,12.0
2025-10-22,mex,0,2,0.0,7.5
2025-10-22,moz,0,2,0.0,3.0
2025-10-22,mys,0,1,0.0,5.0
2025-10-22,nld,0,1,0.0,5.0
2025-10-22,nor,0,1,0.0,11.0
2025-10-22,per,0,1,0.0,3.0
2025-10-22,phl,0,2,0.0,7.0
2025-10-22,pol,0,2,0.0,1.5
2025-10-22,prt,0,20,0.0,11.6
2025-10-22,pry,0,3,0.0,4.666666666666666
2025-10-22,rou,0,1,0.0,3.0
2025-10-22,rus,0,2,0.0,6.5
2025-10-22,sau,0,1,0.0,5.0
2025-10-22,sgp,0,1,0.0,8.0
2025-10-22,swe,0,1,0.0,1.0
2025-10-22,tha,0,2,0.0,1.5
2025-10-22,tun,0,1,0.0,6.0
2025-10-22,twn,0,2,0.0,7.5
2025-10-22,ukr,0,1,0.0,18.0
2025-10-22,ury,0,4,0.0,3.75
2025-10-22,zaf,0,1,0.0,8.0
2025-10-23,ago,0,2,0.0,2.5
2025-10-23,are,0,3,0.0,11.0
2025-10-23,arg,0,4,0.0,4.5
2025-10-23,arm,0,1,0.0,4.0
2025-10-23,aus,0,1,0.0,1.0
2025-10-23,aut,0,1,0.0,15.0
2025-10-23,bel,0,2,0.0,7.0
2025-10-23,bhs,0,1,0.0,10.0
2025-10-23,bol,0,1,0.0,5.0
2025-10-23,caf,0,1,0.0,8.0
2025-10-23,can,0,4,0.0,9.0
2025-10-23,che,0,2,0.0,18.0
2025-10-23,chl,0,1,0.0,4.0
2025-10-23,chn,0,1,0.0,9.0
2025-10-23,dnk,0,2,0.0,6.0
2025-10-23,dza,0,1,0.0,6.0
2025-10-23,ecu,0,2,0.0,4.5
2025-10-23,egy,0,1,0.0,9.0
2025-10-23,esp,0,4,0.0,4.5
2025-10-23,fra,0,13,0.0,5.0
2025-10-23,gbr,0,4,0.0,4.5
2025-10-23,grc,0,2,0.0,6.0
2025-10-23,hkg,0,1,0.0,1.0
2025-10-23,hun,0,1,0.0,12.0
2025-10-23,idn,0,1,0.0,9.0
2025-10-23,ind,0,12,0.0,9.333333333333334
2025-10-23,irn,0,1,0.0,6.0
2025-10-23,ita,0,3,0.0,6.666666666666667
2025-10-23,jpn,0,1,0.0,1.0
2025-10-23,khm,0,1,0.0,7.0
2025-10-23,kor,0,14,0.0,4.214285714285714
2025-10-23,kwt,0,1,0.0,7.0
2025-10-23,lux,0,1,0.0,11.0
2025-10-23,mar,0,1,0.0,7.0
2025-10-23,mex,0,3,0.0,3.3333333333333335
2025-10-23,moz,0,1,0.0,3.0
2025-10-23,mys,0,1,0.0,10.0
2025-10-23,nga,0,1,0.0,1.0
2025-10-23,nzl,0,1,0.0,11.0
2025-10-23,pan,0,1,0.0,1.0
2025-10-23,phl,0,3,0.0,16.0
2025-10-23,pol,0,2,0.0,3.5
2025-10-23,prt,0,13,0.0,10.846153846153847
2025-10-23,pry,0,1,0.0,2.0
2025-10-23,rus,0,2,0.0,9.0
2025-10-23,sgp,0,1,0.0,1.0
2025-10-23,slv,0,1,0.0,1.0
2025-10-23,swe,0,1,0.0,1.0
2025-10-23,swz,0,1,0.0,5.0
2025-10-23,tha,0,1,0.0,3.0
2025-10-23,tun,0,2,0.0,7.0
2025-10-23,tur,0,1,0.0,7.0
2025-10-23,twn,0,1,0.0,19.0
2025-10-23,ury,0,1,0.0,22.0
2025-10-23,uzb,0,1,0.0,3.0
2025-10-23,vnm,0,1,0.0,1.0
2025-10-23,zaf,0,1,0.0,12.0
2025-10-24,ago,0,1,0.0,1.0
2025-10-24,are,0,10,0.0,10.4
2025-10-24,arg,0,6,0.0,4.166666666666666
2025-10-24,aus,0,1,0.0,5.0
2025-10-24,caf,0,1,0.0,9.0
2025-10-24,can,0,3,0.0,8.666666666666668
2025-10-24,che,0,1,0.0,7.0
2025-10-24,chl,0,2,0.0,6.0
2025-10-24,cod,0,1,0.0,5.0
2025-10-24,col,0,2,0.0,7.0
2025-10-24,deu,0,5,0.0,10.8
2025-10-24,dom,0,2,0.0,4.5
2025-10-24,esp,0,1,0.0,2.0
2025-10-24,fra,0,1,0.0,5.0
2025-10-24,gbr,0,4,0.0,9.75
2025-10-24,hkg,0,1,0.0,9.0
2025-10-24,hun,0,2,0.0,5.0
2025-10-24,idn,0,1,0.0,8.0
2025-10-24,ind,0,2,0.0,6.0
2025-10-24,irl,0,3,0.0,11.666666666666666
2025-10-24,isr,0,1,0.0,1.0
2025-10-24,ita,0,4,0.0,7.5
2025-10-24,jpn,0,2,0.0,8.5
2025-10-24,kor,0,1,0.0,2.0
2025-10-24,kwt,0,2,0.0,6.0
2025-10-24,moz,0,2,0.0,9.0
2025-10-24,nld,0,2,0.0,4.0
2025-10-24,phl,0,1,0.0,6.0
2025-10-24,prt,0,18,0.0,8.055555555555555
2025-10-24,pry,0,2,0.0,7.5
2025-10-24,rou,0,1,0.0,9.0
2025-10-24,sur,0,1,0.0,11.0
2025-10-24,swe,0,2,0.0,1.0
2025-10-24,tha,0,1,0.0,1.0
2025-10-24,tur,0,1,0.0,4.0
2025-10-24,twn,0,1,0.0,1.0
2025-10-24,ukr,0,1,0.0,9.0
2025-10-24,ury,0,1,0.0,3.0
2025-10-24,vnm,0,1,0.0,1.0
2025-10-25,ago,0,1,0.0,12.0
2025-10-25,are,0,11,0.0,9.272727272727273
2025-10-25,arg,0,4,0.0,6.75
2025-10-25,aus,0,1,0.0,9.0
2025-10-25,aut,0,1,0.0,9.0
2025-10-25,bel,0,1,0.0,6.0
2025-10-25,bgd,0,1,0.0,3.0
2025-10-25,bol,0,1,0.0,4.0
2025-10-25,can,0,2,0.0,5.5
2025-10-25,che,0,3,0.0,8.0
2025-10-25,chl,0,2,0.0,5.0
2025-10-25,chn,0,1,0.0,6.0
2025-10-25,cod,0,1,0.0,6.0
2025-10-25,col,0,3,0.0,19.333333333333332
2025-10-25,ecu,0,4,0.0,4.0
2025-10-25,esp,0,3,0.0,4.666666666666666
2025-10-25,fra,0,3,0.0,7.0
2025-10-25,gbr,0,1,0.0,12.0
2025-10-25,gha,0,1,0.0,4.0
2025-10-25,grc,0,1,0.0,7.0
2025-10-25,ind,0,3,0.0,7.333333333333333
2025-10-25,irl,0,2,0.0,7.5
2025-10-25,irn,0,1,0.0,8.0
2025-10-25,ita,0,7,0.0,3.5714285714285716
2025-10-25,jpn,0,2,0.0,5.0
2025-10-25,kor,0,2,0.0,1.5
2025-10-25,lux,0,1,0.0,9.0
2025-10-25,mex,0,4,0.0,6.25
2025-10-25,moz,0,2,0.0,5.0
2025-10-25,mys,0,1,0.0,6.0
2025-10-25,nga,0,2,0.0,12.5
2025-10-25,nld,0,2,0.0,7.5
2025-10-25,pan,0,2,0.0,5.0
2025-10-25,pol,0,3,0.0,4.0
2025-10-25,prt,0,18,0.0,6.777777777777778
2025-10-25,pry,0,1,0.0,5.0
2025-10-25,sau,0,1,0.0,7.0
2025-10-25,swe,0,4,0.0,7.75
2025-10-25,swz,0,5,0.0,6.8
2025-10-25,uga,0,1,0.0,5.0
2025-10-25,ukr,0,1,0.0,5.0
2025-10-25,ury,0,1,0.0,4.0
2025-10-25,usa,0,124,0.0,6.370967741935484
2025-10-25,ven,0,1,0.0,1.0
2025-10-26,ago,0,1,0.0,6.0
2025-10-26,are,0,3,0.0,9.0
2025-10-26,arg,0,6,0.0,7.666666666666667
2025-10-26,aus,0,2,0.0,3.5
2025-10-26,aze,0,1,0.0,6.0
2025-10-26,bel,0,1,0.0,1.0
2025-10-26,bgd,0,1,0.0,8.0
2025-10-26,bol,0,1,0.0,8.0
2025-10-26,can,0,3,0.0,14.333333333333334
2025-10-26,che,0,1,0.0,1.0
2025-10-26,col,0,3,0.0,1.0
2025-10-26,deu,0,3,0.0,6.333333333333333
2025-10-26,dom,0,2,0.0,3.0
2025-10-26,esp,0,2,0.0,8.5
2025-10-26,fra,0,4,0.0,4.75
2025-10-26,gbr,0,8,0.0,6.25
2025-10-26,hkg,0,1,0.0,1.0
2025-10-26,idn,0,3,0.0,5.333333333333333
2025-10-26,ind,0,4,0.0,5.5
2025-10-26,irl,0,1,0.0,4.0
2025-10-26,irn,0,2,0.0,7.0
2025-10-26,isr,0,1,0.0,10.0
2025-10-26,ita,0,1,0.0,5.0
2025-10-26,jpn,0,1,0.0,7.0
2025-10-26,ken,0,1,0.0,2.0
2025-10-26,kor,0,2,0.0,6.5
2025-10-26,mex,0,2,0.0,5.0
2025-10-26,moz,0,2,0.0,1.0
2025-10-26,nga,0,3,0.0,11.0
2025-10-26,nld,0,2,0.0,5.5
2025-10-26,nor,0,1,0.0,2.0
2025-10-26,pak,0,1,0.0,2.0
2025-10-26,prt,0,20,0.0,5.15
2025-10-26,pry,0,2,0.0,8.0
2025-10-26,som,0,1,0.0,5.0
2025-10-26,swe,0,1,0.0,1.0
2025-10-26,tha,0,2,0.0,3.5
2025-10-26,uga,0,1,0.0,5.0
2025-10-26,usa,0,99,0.0,6.01010101010101
2025-10-26,ven,0,2,0.0,14.0
2025-10-26,vnm,0,1,0.0,1.0
2025-10-27,ago,0,3,0.0,8.0
2025-10-27,are,0,8,0.0,10.625
2025-10-27,arg,0,4,0.0,7.75
2025-10-27,aus,0,4,0.0,9.25
2025-10-27,bgd,0,2,0.0,7.0
2025-10-27,bol,0,4,0.0,6.0
2025-10-27,can,0,2,0.0,3.5
2025-10-27,che,0,2,0.0,2.5
2025-10-27,chl,0,3,0.0,13.333333333333334
2025-10-27,cpv,0,1,0.0,52.0
2025-10-27,deu,0,3,0.0,5.666666666666667
2025-10-27,esp,0,5,0.0,4.2
2025-10-27,fra,0,2,0.0,2.5
2025-10-27,gab,0,1,0.0,6.0
2025-10-27,gbr,0,4,0.0,3.75
2025-10-27,hnd,0,1,0.0,40.0
2025-10-27,hun,0,2,0.0,16.0
2025-10-27,idn,0,1,0.0,7.0
2025-10-27,ind,0,9,0.0,4.222222222222222
2025-10-27,irn,0,2,0.0,8.0
2025-10-27,isr,0,1,0.0,5.0
2025-10-27,ita,0,2,0.0,5.5
2025-10-27,kor,0,1,0.0,1.0
2025-10-27,kwt,0,1,0.0,7.0
2025-10-27,lka,0,2,0.0,8.0
2025-10-27,lux,0,1,0.0,11.0
2025-10-27,mar,0,2,0.0,9.0
2025-10-27,mco,0,2,0.0,1.0
2025-10-27,moz,0,4,0.0,5.25
2025-10-27,nld,0,3,0.0,9.666666666666666
2025-10-27,nzl,0,1,0.0,2.0
2025-10-27,per,0,1,0.0,5.0
2025-10-27,pol,0,4,0.0,2.0
2025-10-27,prt,0,14,0.0,6.857142857142857
2025-10-27,pry,0,2,0.0,11.5
2025-10-27,qat,0,1,0.0,12.0
2025-10-27,tur,0,1,0.0,6.0
2025-10-27,ury,0,2,0.0,9.0
2025-10-27,vnm,0,1,0.0,2.0
2025-10-27,zaf,0,1,0.0,9.0
2025-10-28,are,0,9,0.0,7.888888888888889
2025-10-28,arg,0,24,0.0,26.75
2025-10-28,aut,0,1,0.0,10.0
2025-10-28,bel,0,1,0.0,6.0
2025-10-28,bgd,0,3,0.0,6.333333333333333
2025-10-28,can,0,1,0.0,10.0
2025-10-28,chl,0,3,0.0,14.0
2025-10-28,cmr,0,1,0.0,3.0
2025-10-28,col,0,1,0.0,7.0
2025-10-28,cpv,0,1,0.0,12.0
2025-10-28,deu,0,3,0.0,10.666666666666666
2025-10-28,esp,0,5,0.0,6.0
2025-10-28,fra,0,1,0.0,8.0
2025-10-28,gbr,0,5,0.0,10.0
2025-10-28,idn,0,2,0.0,6.0
2025-10-28,imn,0,1,0.0,3.0
2025-10-28,ind,0,6,0.0,7.166666666666667
2025-10-28,irl,0,2,0.0,6.0
2025-10-28,isr,0,1,0.0,10.0
2025-10-28,ita,0,6,0.0,3.5
2025-10-28,jpn,0,1,0.0,6.0
2025-10-28,ken,0,1,0.0,5.0
2025-10-28,kor,0,1,0.0,4.0
2025-10-28,lka,0,1,0.0,9.0
2025-10-28,mar,0,1,0.0,13.0
2025-10-28,mex,0,2,0.0,7.5
2025-10-28,mkd,0,1,0.0,11.0
2025-10-28,nga,0,3,0.0,16.666666666666664
2025-10-28,nld,0,1,0.0,4.0
2025-10-28,pak,0,2,0.0,8.0
2025-10-28,phl,0,4,0.0,7.25
2025-10-28,pry,0,1,0.0,2.0
2025-10-28,qat,0,1,0.0,7.0
2025-10-28,rus,0,1,0.0,9.0
2025-10-28,tls,0,1,0.0,2.0
2025-10-28,tur,0,1,0.0,19.0
2025-10-28,twn,0,1,0.0,10.0
2025-10-28,uga,0,1,0.0,9.0
2025-10-28,ury,0,1,0.0,11.0
2025-10-28,ven,0,1,0.0,6.0
2025-10-29,alb,0,1,0.0,12.0
2025-10-29,are,0,4,0.0,11.5
2025-10-29,arg,0,4,0.0,8.0
2025-10-29,aus,0,2,0.0,9.0
2025-10-29,bgd,0,1,0.0,1.0
2025-10-29,brb,0,1,0.0,5.0
2025-10-29,can,0,2,0.0,9.0
2025-10-29,chl,0,5,0.0,8.8
2025-10-29,col,0,2,0.0,5.0
2025-10-29,deu,0,8,0.0,12.125
2025-10-29,dza,0,2,0.0,7.0
2025-10-29,esp,0,5,0.0,5.4
2025-10-29,fra,0,5,0.0,7.4
2025-10-29,gbr,0,2,0.0,9.0
2025-10-29,hkg,0,1,0.0,10.0
2025-10-29,hnd,0,1,0.0,8.0
2025-10-29,idn,0,2,0.0,6.0
2025-10-29,ind,0,23,0.0,9.521739130434783
2025-10-29,irl,0,1,0.0,8.0
2025-10-29,irn,0,1,0.0,8.0
2025-10-29,ita,0,3,0.0,6.333333333333333
2025-10-29,jpn,0,1,0.0,4.0
2025-10-29,kor,0,1,0.0,10.0
2025-10-29,ltu,0,1,0.0,11.0
2025-10-29,mac,0,1,0.0,53.0
2025-10-29,mar,0,1,0.0,10.0
2025-10-29,moz,0,2,0.0,6.5
2025-10-29,mys,0,1,0.0,4.0
2025-10-29,nld,0,3,0.0,4.0
2025-10-29,pak,0,1,0.0,2.0
2025-10-29,pan,0,1,0.0,1.0
2025-10-29,per,0,1,0.0,11.0
2025-10-29,pri,0,1,0.0,11.0
2025-10-29,prt,0,10,0.0,7.1
2025-10-29,pry,0,2,0.0,10.0
2025-10-29,sau,0,2,0.0,7.5
2025-10-29,sgp,0,1,0.0,12.0
2025-10-29,syr,0,1,0.0,2.0
2025-10-29,tha,0,3,0.0,4.666666666666666
2025-10-29,tur,0,3,0.0,4.0
2025-10-29,usa,0,96,0.0,6.864583333333333
2025-10-29,ven,0,2,0.0,11.0
2025-10-29,zaf,0,1,0.0,5.0
2025-10-30,ago,0,2,0.0,25.0
2025-10-30,are,0,8,0.0,7.5
2025-10-30,arg,0,1,0.0,7.0
2025-10-30,aus,0,1,0.0,8.0
2025-10-30,aut,0,1,0.0,3.0
2025-10-30,bgd,0,1,0.0,7.0
2025-10-30,blr,0,1,0.0,9.0
2025-10-30,brb,0,1,0.0,6.0
2025-10-30,can,0,1,0.0,7.0
2025-10-30,che,0,1,0.0,9.0
2025-10-30,chl,0,4,0.0,6.25
2025-10-30,col,0,5,0.0,2.6
2025-10-30,cpv,0,1,0.0,1.0
2025-10-30,cuw,0,1,0.0,4.0
2025-10-30,cyp,0,1,0.0,10.0
2025-10-30,deu,0,4,0.0,33.0
2025-10-30,egy,0,2,0.0,13.5
2025-10-30,esp,0,5,0.0,4.4
2025-10-30,gbr,0,4,0.0,26.0
2025-10-30,hti,0,1,0.0,12.0
2025-10-30,idn,0,1,0.0,7.0
2025-10-30,ind,0,9,0.0,6.888888888888889
2025-10-30,irl,0,1,0.0,6.0
2025-10-30,irn,0,1,0.0,4.0
2025-10-30,isr,0,2,0.0,6.0
2025-10-30,ita,0,5,0.0,9.6
2025-10-30,jpn,0,1,0.0,12.0
2025-10-30,kor,0,6,0.0,7.333333333333333
2025-10-30,kwt,0,1,0.0,7.0
2025-10-30,mar,0,1,0.0,7.0
2025-10-30,mys,0,1,0.0,5.0
2025-10-30,nga,0,2,0.0,11.0
2025-10-30,pak,0,1,0.0,11.0
2025-10-30,per,0,3,0.0,7.666666666666667
2025-10-30,phl,0,5,0.0,11.0
2025-10-30,prt,0,16,0.0,9.125
2025-10-30,sau,0,1,0.0,8.0
2025-10-30,tur,0,1,0.0,6.0
2025-10-30,ukr,0,1,0.0,8.0
2025-10-30,usa,0,71,0.0,8.28169014084507
2025-10-30,vnm,0,2,0.0,3.0
2025-10-31,ago,0,9,0.0,5.444444444444445
2025-10-31,are,0,7,0.0,6.571428571428571
2025-10-31,arg,0,6,0.0,9.166666666666666
2025-10-31,aut,0,1,0.0,9.0
2025-10-31,aze,0,1,0.0,11.0
2025-10-31,bhr,0,1,0.0,6.0
2025-10-31,can,0,1,0.0,7.0
2025-10-31,civ,0,1,0.0,12.0
2025-10-31,col,0,2,0.0,7.0
2025-10-31,cyp,0,1,0.0,8.0
2025-10-31,cze,0,1,0.0,9.0
2025-10-31,deu,0,3,0.0,6.0
2025-10-31,ecu,0,2,0.0,6.5
2025-10-31,esp,0,3,0.0,4.0
2025-10-31,fin,0,1,0.0,11.0
2025-10-31,fra,0,6,0.0,9.5
2025-10-31,gbr,0,3,0.0,7.666666666666667
2025-10-31,gha,0,1,0.0,10.0
2025-10-31,grc,0,2,0.0,8.5
2025-10-31,gtm,0,2,0.0,8.5
2025-10-31,idn,0,2,0.0,9.5
2025-10-31,ind,0,7,0.0,5.571428571428571
2025-10-31,ita,0,1,0.0,1.0
2025-10-31,jpn,0,2,0.0,9.0
2025-10-31,kor,0,2,0.0,5.5
2025-10-31,kwt,0,1,0.0,8.0
2025-10-31,lka,0,1,0.0,9.0
2025-10-31,mex,0,1,0.0,5.0
2025-10-31,mkd,0,1,0.0,2.0
2025-10-31,nzl,0,1,0.0,6.0
2025-10-31,pak,0,2,0.0,7.5
2025-10-31,pan,0,1,0.0,9.0
2025-10-31,per,0,1,0.0,5.0
2025-10-31,pol,0,1,0.0,25.0
2025-10-31,pry,0,4,0.0,8.25
2025-10-31,rou,0,1,0.0,9.0
2025-10-31,sau,0,3,0.0,5.666666666666667
2025-10-31,srb,0,1,0.0,4.0
2025-10-31,svk,0,1,0.0,3.0
2025-10-31,swe,0,1,0.0,3.0
2025-10-31,tur,0,3,0.0,5.333333333333333
2025-10-31,uga,0,1,0.0,6.0
2025-10-31,ury,0,1,0.0,5.0
2025-10-31,vnm,0,1,0.0,8.0
2025-10-31,zaf,0,1,0.0,7.0
2025-11-01,ago,0,3,0.0,3.6666666666666665
2025-11-01,are,0,7,0.0,6.142857142857143
2025-11-01,arg,0,5,0.0,3.4
2025-11-01,aus,0,2,0.0,2.5
2025-11-01,aut,0,1,0.0,9.0
2025-11-01,aze,0,1,0.0,6.0
2025-11-01,bhr,0,1,0.0,6.0
2025-11-01,bol,0,1,0.0,7.0
2025-11-01,can,0,6,0.0,8.0
2025-11-01,che,0,1,0.0,5.0
2025-11-01,chl,0,2,0.0,7.5
2025-11-01,col,0,1,0.0,1.0
2025-11-01,cri,0,1,0.0,6.0
2025-11-01,deu,0,5,0.0,9.4
2025-11-01,egy,0,1,0.0,12.0
2025-11-01,esp,0,2,0.0,8.0
2025-11-01,fra,0,8,0.0,6.5
2025-11-01,gbr,0,3,0.0,6.0
2025-11-01,gha,0,1,0.0,2.0
2025-11-01,gin,0,2,0.0,4.0
2025-11-01,idn,0,4,0.0,8.25
2025-11-01,ind,0,4,0.0,8.5
2025-11-01,irl,0,1,0.0,8.0
2025-11-01,irn,0,2,0.0,10.0
2025-11-01,isr,0,1,0.0,2.0
2025-11-01,ita,0,3,0.0,6.333333333333333
2025-11-01,jpn,0,2,0.0,5.5
2025-11-01,kaz,0,1,0.0,7.0
2025-11-01,kor,0,3,0.0,10.666666666666666
2025-11-01,lbn,0,1,0.0,2.0
2025-11-01,ltu,0,1,0.0,70.0
2025-11-01,mex,0,1,0.0,20.0
2025-11-01,moz,0,3,0.0,6.333333333333333
2025-11-01,nga,0,1,0.0,6.0
2025-11-01,pak,0,1,0.0,5.0
2025-11-01,per,0,1,0.0,3.0
2025-11-01,pol,0,2,0.0,30.5
2025-11-01,prt,0,10,0.0,8.7
2025-11-01,pry,0,1,0.0,6.0
2025-11-01,rus,0,1,0.0,38.0
2025-11-01,sau,0,3,0.0,6.666666666666667
2025-11-01,sgp,0,2,0.0,8.5
2025-11-01,slv,0,1,0.0,7.0
2025-11-01,svk,0,1,0.0,5.0
2025-11-01,uga,0,1,0.0,6.0
2025-11-01,ukr,0,1,0.0,10.0
2025-11-01,ury,0,1,0.0,30.0
2025-11-01,usa,0,53,0.0,8.056603773584905
2025-11-01,vnm,0,1,0.0,29.0
2025-11-02,are,0,6,0.0,6.666666666666667
2025-11-02,arg,0,5,0.0,7.6
2025-11-02,aus,0,2,0.0,12.5
2025-11-02,aut,0,1,0.0,9.0
2025-11-02,aze,0,2,0.0,11.5
2025-11-02,bel,0,1,0.0,9.0
2025-11-02,bgr,0,1,0.0,6.0
2025-11-02,bol,0,4,0.0,14.5
2025-11-02,can,0,3,0.0,7.666666666666667
2025-11-02,che,0,2,0.0,45.0
2025-11-02,chl,0,2,0.0,7.0
2025-11-02,chn,0,1,0.0,1.0
2025-11-02,col,0,3,0.0,32.33333333333333
2025-11-02,dom,0,1,0.0,12.0
2025-11-02,egy,0,1,0.0,12.0
2025-11-02,esp,0,3,0.0,6.333333333333333
2025-11-02,fra,0,1,0.0,8.0
2025-11-02,gbr,0,4,0.0,7.0
2025-11-02,idn,0,2,0.0,8.0
2025-11-02,ind,0,8,0.0,10.25
2025-11-02,irl,0,1,0.0,12.0
2025-11-02,irn,0,1,0.0,7.0
2025-11-02,isr,0,2,0.0,8.0
2025-11-02,ita,0,3,0.0,4.666666666666666
2025-11-02,jpn,0,3,0.0,11.0
2025-11-02,kor,0,5,0.0,5.6
2025-11-02,lux,0,1,0.0,9.0
2025-11-02,mex,0,3,0.0,12.0
2025-11-02,moz,0,1,0.0,3.0
2025-11-02,mtq,0,1,0.0,7.0
2025-11-02,nga,0,2,0.0,11.5
2025-11-02,nld,0,2,0.0,7.0
2025-11-02,npl,0,2,0.0,5.0
2025-11-02,pak,0,1,0.0,1.0
2025-11-02,per,0,1,0.0,6.0
2025-11-02,prt,0,20,0.0,10.0
2025-11-02,pry,0,5,0.0,7.0
2025-11-02,qat,0,1,0.0,11.0
2025-11-02,rwa,0,1,0.0,12.0
2025-11-02,sau,0,2,0.0,8.5
2025-11-02,sgp,0,1,0.0,2.0
2025-11-02,svn,0,1,0.0,3.0
2025-11-02,tgo,0,1,0.0,6.0
2025-11-02,tha,0,1,0.0,10.0
2025-11-02,tur,0,2,0.0,10.0
2025-11-02,ukr,0,2,0.0,12.0
2025-11-02,ury,0,2,0.0,7.0
2025-11-02,uzb,0,2,0.0,6.0
2025-11-02,vnm,0,3,0.0,7.0
2025-11-03,ago,0,4,0.0,4.25
2025-11-03,alb,0,1,0.0,1.0
2025-11-03,are,0,9,0.0,7.0
2025-11-03,arg,0,10,0.0,8.6
2025-11-03,aus,0,1,0.0,7.0
2025-11-03,bgd,0,1,0.0,7.0
2025-11-03,bol,0,1,0.0,8.0
2025-11-03,caf,0,2,0.0,4.0
2025-11-03,can,0,2,0.0,14.0
2025-11-03,chl,0,5,0.0,7.6
2025-11-03,cmr,0,1,0.0,19.0
2025-11-03,col,0,1,0.0,8.0
2025-11-03,cpv,0,1,0.0,3.0
2025-11-03,cri,0,1,0.0,8.0
2025-11-03,deu,0,5,0.0,10.6
2025-11-03,dnk,0,1,0.0,2.0
2025-11-03,dza,0,1,0.0,5.0
2025-11-03,ecu,0,2,0.0,3.5
2025-11-03,egy,0,2,0.0,10.0
2025-11-03,esp,0,9,0.0,18.333333333333332
2025-11-03,fin,0,1,0.0,9.0
2025-11-03,fra,0,1,0.0,7.0
2025-11-03,gbr,0,6,0.0,7.666666666666667
2025-11-03,gnb,0,1,0.0,3.0
2025-11-03,guf,0,1,0.0,5.0
2025-11-03,hrv,0,1,0.0,7.0
2025-11-03,idn,0,3,0.0,8.666666666666668
2025-11-03,ind,0,6,0.0,7.833333333333333
2025-11-03,irl,0,1,0.0,8.0
2025-11-03,irn,0,3,0.0,6.666666666666667
2025-11-03,irq,0,2,0.0,53.5
2025-11-03,isr,0,1,0.0,6.0
2025-11-03,jpn,0,1,0.0,10.0
2025-11-03,kaz,0,1,0.0,4.0
2025-11-03,mex,0,4,0.0,4.75
2025-11-03,mli,0,1,0.0,11.0
2025-11-03,moz,0,2,0.0,6.5
2025-11-03,nzl,0,1,0.0,11.0
2025-11-03,per,0,3,0.0,7.666666666666667
2025-11-03,prt,0,20,0.0,6.8
2025-11-03,qat,0,1,0.0,13.0
2025-11-03,reu,0,1,0.0,2.0
2025-11-03,rou,0,1,0.0,11.0
2025-11-03,sau,0,2,0.0,12.0
2025-11-03,sdn,0,1,0.0,9.0
2025-11-03,swe,0,1,0.0,4.0
2025-11-03,tha,0,2,0.0,41.0
2025-11-03,tur,0,1,0.0,80.0
2025-11-03,twn,0,2,0.0,2.0
2025-11-03,uga,0,1,0.0,6.0
2025-11-03,ury,0,1,0.0,3.0
2025-11-03,xkk,0,2,0.0,16.0
2025-11-03,zaf,0,2,0.0,6.0
2025-11-04,ago,0,3,0.0,3.6666666666666665
2025-11-04,are,0,7,0.0,6.857142857142857
2025-11-04,arg,0,10,0.0,10.3
2025-11-04,aus,0,1,0.0,3.0
2025-11-04,aut,0,1,0.0,2.0
2025-11-04,blr,0,1,0.0,82.0
2025-11-04,can,0,1,0.0,8.0
2025-11-04,che,0,8,0.0,69.5
2025-11-04,chl,0,3,0.0,10.0
2025-11-04,col,0,2,0.0,3.0
2025-11-04,deu,0,3,0.0,6.333333333333333
2025-11-04,dnk,0,1,0.0,5.0
2025-11-04,dom,0,1,0.0,6.0
2025-11-04,esp,0,3,0.0,7.333333333333333
2025-11-04,fra,0,3,0.0,8.0
2025-11-04,gbr,0,4,0.0,24.0
2025-11-04,gtm,0,1,0.0,5.0
2025-11-04,idn,0,6,0.0,10.333333333333334
2025-11-04,ind,0,11,0.0,5.181818181818182
2025-11-04,irl,0,2,0.0,7.5
2025-11-04,irq,0,1,0.0,13.0
2025-11-04,isr,0,2,0.0,4.5
2025-11-04,jor,0,1,0.0,3.0
2025-11-04,jpn,0,2,0.0,6.0
2025-11-04,khm,0,1,0.0,1.0
2025-11-04,kor,0,2,0.0,6.5
2025-11-04,kwt,0,1,0.0,6.0
2025-11-04,ltu,0,1,0.0,5.0
2025-11-04,mdg,0,1,0.0,10.0
2025-11-04,mex,0,2,0.0,45.0
2025-11-04,moz,0,2,0.0,4.5
2025-11-04,mys,0,1,0.0,5.0
2025-11-04,nga,0,1,0.0,1.0
2025-11-04,nld,0,1,0.0,8.0
2025-11-04,omn,0,1,0.0,78.0
2025-11-04,pak,0,1,0.0,11.0
2025-11-04,phl,0,2,0.0,1.0
2025-11-04,pol,0,4,0.0,4.5
2025-11-04,prt,0,20,0.0,9.1
2025-11-04,pry,0,1,0.0,8.0
2025-11-04,rou,0,1,0.0,10.0
2025-11-04,sgp,0,2,0.0,4.5
2025-11-04,swz,0,1,0.0,4.0
2025-11-04,tgo,0,3,0.0,3.0
2025-11-04,tha,0,1,0.0,10.0
2025-11-04,uga,0,1,0.0,4.0
2025-11-04,ury,0,4,0.0,8.5
2025-11-04,vnm,0,2,0.0,5.5
2025-11-05,are,0,3,0.0,8.0
2025-11-05,arg,0,6,0.0,5.0
2025-11-05,aut,0,1,0.0,5.0
2025-11-05,bel,0,1,0.0,1.0
2025-11-05,bfa,0,1,0.0,10.0
2025-11-05,bgd,0,2,0.0,6.5
2025-11-05,bol,0,2,0.0,11.0
2025-11-05,can,0,1,0.0,6.0
2025-11-05,che,0,3,0.0,83.0
2025-11-05,chl,0,1,0.0,6.0
2025-11-05,col,0,2,0.0,8.0
2025-11-05,cri,0,1,0.0,8.0
2025-11-05,deu,0,2,0.0,8.5
2025-11-05,egy,0,1,0.0,5.0
2025-11-05,esp,0,5,0.0,5.4
2025-11-05,est,0,2,0.0,6.0
2025-11-05,fra,0,3,0.0,8.0
2025-11-05,gbr,0,3,0.0,4.666666666666666
2025-11-05,hrv,0,1,0.0,5.0
2025-11-05,hun,0,1,0.0,6.0
2025-11-05,idn,0,4,0.0,7.25
2025-11-05,ind,0,6,0.0,12.333333333333334
2025-11-05,irl,0,2,0.0,5.0
2025-11-05,irn,0,1,0.0,6.0
2025-11-05,isr,0,1,0.0,9.0
2025-11-05,ita,0,9,0.0,13.88888888888889
2025-11-05,jor,0,2,0.0,4.5
2025-11-05,jpn,0,2,0.0,6.5
2025-11-05,ken,0,1,0.0,12.0
2025-11-05,kor,0,2,0.0,33.5
2025-11-05,lbn,0,2,0.0,3.0
2025-11-05,ltu,0,1,0.0,2.0
2025-11-05,mex,0,1,0.0,7.0
2025-11-05,moz,0,3,0.0,7.0
2025-11-05,nga,0,1,0.0,13.0
2025-11-05,nld,0,2,0.0,10.5
2025-11-05,pak,0,2,0.0,7.5
2025-11-05,pan,0,1,0.0,5.0
2025-11-05,per,0,1,0.0,8.0
2025-11-05,prt,0,9,0.0,17.88888888888889
2025-11-05,qat,0,1,0.0,8.0
2025-11-05,rou,0,5,0.0,3.4
2025-11-05,sau,0,2,0.0,6.0
2025-11-05,sen,0,1,0.0,9.0
2025-11-05,sgp,0,1,0.0,7.0
2025-11-05,tha,0,1,0.0,1.0
2025-11-05,tun,0,1,0.0,9.0
2025-11-05,tur,0,2,0.0,6.0
2025-11-05,twn,0,1,0.0,8.0
2025-11-05,ury,0,2,0.0,5.0
2025-11-05,uzb,0,1,0.0,3.0
2025-11-05,vnm,0,2,0.0,7.5
2025-11-05,zaf,0,2,0.0,5.0
2025-11-06,abw,0,2,0.0,10.5
2025-11-06,ago,0,6,0.0,4.333333333333334
2025-11-06,are,0,5,0.0,7.4
2025-11-06,arg,0,1,0.0,25.0
2025-11-06,aut,0,1,0.0,8.0
2025-11-06,bol,0,1,0.0,4.0
2025-11-06,can,0,1,0.0,8.0
2025-11-06,che,0,1,0.0,3.0
2025-11-06,chl,0,3,0.0,9.0
2025-11-06,chn,0,1,0.0,1.0
2025-11-06,col,0,1,0.0,7.0
2025-11-06,cuw,0,1,0.0,1.0
2025-11-06,dza,0,1,0.0,6.0
2025-11-06,egy,0,4,0.0,6.25
2025-11-06,esp,0,6,0.0,5.5
2025-11-06,fra,0,2,0.0,7.5
2025-11-06,gbr,0,4,0.0,7.0
2025-11-06,idn,0,2,0.0,8.5
2025-11-06,ind,0,7,0.0,12.714285714285714
2025-11-06,irn,0,1,0.0,9.0
2025-11-06,irq,0,4,0.0,7.0
2025-11-06,isr,0,3,0.0,8.666666666666668
2025-11-06,ita,0,5,0.0,6.2
2025-11-06,kor,0,4,0.0,16.5
2025-11-06,mex,0,2,0.0,4.5
2025-11-06,moz,0,2,0.0,7.0
2025-11-06,mys,0,1,0.0,21.0
2025-11-06,nga,0,2,0.0,19.0
2025-11-06,omn,0,1,0.0,2.0
2025-11-06,pak,0,2,0.0,6.0
2025-11-06,per,0,2,0.0,7.0
2025-11-06,phl,0,3,0.0,12.0
2025-11-06,prt,0,17,0.0,7.529411764705882
2025-11-06,pry,0,5,0.0,5.4
2025-11-06,rou,0,1,0.0,4.0
2025-11-06,rus,0,1,0.0,6.0
2025-11-06,sau,0,2,0.0,4.0
2025-11-06,sen,0,1,0.0,10.0
2025-11-06,srb,0,1,0.0,8.0
2025-11-06,swe,0,2,0.0,13.0
2025-11-06,tur,0,1,0.0,9.0
2025-11-06,twn,0,2,0.0,15.0
2025-11-06,ukr,0,1,0.0,1.0
2025-11-06,ury,0,1,0.0,5.0
2025-11-06,vnm,0,2,0.0,13.5
2025-11-06,zaf,0,2,0.0,6.5
2025-11-07,ago,0,1,0.0,4.0
2025-11-07,are,0,3,0.0,7.666666666666667
2025-11-07,arg,0,5,0.0,7.2
2025-11-07,aus,0,2,0.0,7.0
2025-11-07,aze,0,1,0.0,11.0
2025-11-07,bel,0,2,0.0,6.5
2025-11-07,bfa,0,2,0.0,11.0
2025-11-07,bgd,0,1,0.0,10.0
2025-11-07,bhr,0,1,0.0,7.0
2025-11-07,bhs,0,1,0.0,5.0
2025-11-07,bol,0,2,0.0,3.0
2025-11-07,can,0,1,0.0,8.0
2025-11-07,col,0,2,0.0,12.0
2025-11-07,cpv,0,1,0.0,6.0
2025-11-07,cze,0,1,0.0,2.0
2025-11-07,deu,0,3,0.0,22.333333333333332
2025-11-07,dom,0,2,0.0,9.0
2025-11-07,dza,0,1,0.0,6.0
2025-11-07,egy,0,1,0.0,13.0
2025-11-07,esp,0,4,0.0,6.75
2025-11-07,fra,0,2,0.0,10.5
2025-11-07,gbr,0,1,0.0,6.0
2025-11-07,gtm,0,1,0.0,5.0
2025-11-07,hkg,0,1,0.0,1.0
2025-11-07,hnd,0,1,0.0,6.0
2025-11-07,hun,0,1,0.0,4.0
2025-11-07,idn,0,3,0.0,6.666666666666667
2025-11-07,ind,0,5,0.0,8.6
2025-11-07,irl,0,2,0.0,9.0
2025-11-07,irn,0,2,0.0,5.5
2025-11-07,isr,0,8,0.0,6.75
2025-11-07,jpn,0,3,0.0,6.0
2025-11-07,kor,0,2,0.0,1.0
2025-11-07,ltu,0,1,0.0,6.0
2025-11-07,mex,0,1,0.0,6.0
2025-11-07,mli,0,1,0.0,11.0
2025-11-07,moz,0,1,0.0,4.0
2025-11-07,nga,0,2,0.0,9.0
2025-11-07,pak,0,2,0.0,8.5
2025-11-07,pan,0,1,0.0,9.0
2025-11-07,per,0,2,0.0,5.5
2025-11-07,prt,0,17,0.0,8.294117647058822
2025-11-07,pry,0,2,0.0,5.0
2025-11-07,qat,0,2,0.0,7.0
2025-11-07,rou,0,1,0.0,1.0
2025-11-07,rus,0,1,0.0,12.0
2025-11-07,sau,0,2,0.0,4.0
2025-11-07,srb,0,1,0.0,10.0
2025-11-07,swz,0,1,0.0,5.0
2025-11-07,tha,0,4,0.0,5.25
2025-11-07,tur,0,3,0.0,6.0
2025-11-07,twn,0,2,0.0,3.0
2025-11-07,tza,0,1,0.0,5.0
2025-11-07,ukr,0,1,0.0,11.0
2025-11-07,usa,0,73,0.0,12.602739726027398
2025-11-07,vnm,0,2,0.0,8.5
2025-11-08,ago,0,2,0.0,2.0
2025-11-08,are,0,3,0.0,7.333333333333333
2025-11-08,bel,0,1,0.0,7.0
2025-11-08,bgr,0,1,0.0,7.0
2025-11-08,bih,0,1,0.0,11.0
2025-11-08,can,0,1,0.0,4.0
2025-11-08,chl,0,6,0.0,5.0
2025-11-08,cod,0,1,0.0,8.0
2025-11-08,col,0,1,0.0,10.0
2025-11-08,cpv,0,1,0.0,7.0
2025-11-08,deu,0,4,0.0,10.5
2025-11-08,dom,0,1,0.0,1.0
2025-11-08,ecu,0,2,0.0,9.0
2025-11-08,egy,0,1,0.0,8.0
2025-11-08,fra,0,1,0.0,15.0
2025-11-08,gbr,0,2,0.0,5.5
2025-11-08,hrv,0,1,0.0,11.0
2025-11-08,idn,0,3,0.0,8.333333333333332
2025-11-08,ind,0,14,0.0,6.357142857142857
2025-11-08,irl,0,1,0.0,3.0
2025-11-08,isr,0,1,0.0,13.0
2025-11-08,jpn,0,2,0.0,11.0
2025-11-08,ken,0,1,0.0,9.0
2025-11-08,kor,0,2,0.0,11.5
2025-11-08,mex,0,2,0.0,9.5
2025-11-08,mlt,0,1,0.0,5.0
2025-11-08,moz,0,1,0.0,11.0
2025-11-08,mys,0,1,0.0,5.0
2025-11-08,nga,0,1,0.0,2.0
2025-11-08,nld,0,1,0.0,5.0
2025-11-08,nzl,0,1,0.0,8.0
2025-11-08,pak,0,2,0.0,5.5
2025-11-08,per,0,3,0.0,11.333333333333334
2025-11-08,phl,0,1,0.0,1.0
2025-11-08,prt,0,20,0.0,8.2
2025-11-08,qat,0,2,0.0,7.0
2025-11-08,rus,0,1,0.0,12.0
2025-11-08,sgp,0,1,0.0,5.0
2025-11-08,sle,0,2,0.0,12.0
2025-11-08,srb,0,1,0.0,5.0
2025-11-08,swz,0,6,0.0,6.333333333333333
2025-11-08,tha,0,1,0.0,1.0
2025-11-08,tur,0,1,0.0,5.0
2025-11-08,twn,0,1,0.0,8.0
2025-11-08,ukr,0,1,0.0,1.0
2025-11-08,ury,0,1,0.0,5.0
2025-11-08,usa,0,41,0.0,12.317073170731707
2025-11-08,vnm,0,3,0.0,2.333333333333333
2025-11-08,zaf,0,3,0.0,22.0
2025-11-09,ago,0,1,0.0,8.0
2025-11-09,are,0,1,0.0,7.0
2025-11-09,arg,0,4,0.0,6.75
2025-11-09,aus,0,4,0.0,9.0
2025-11-09,bel,0,1,0.0,11.0
2025-11-09,bgd,0,2,0.0,8.5
2025-11-09,bol,0,3,0.0,6.333333333333333
2025-11-09,can,0,3,0.0,4.666666666666666
2025-11-09,che,0,1,0.0,11.0
2025-11-09,chl,0,4,0.0,8.75
2025-11-09,col,0,2,0.0,5.0
2025-11-09,cpv,0,1,0.0,7.0
2025-11-09,deu,0,13,0.0,9.538461538461538
2025-11-09,dnk,0,1,0.0,11.0
2025-11-09,dza,0,2,0.0,9.0
2025-11-09,egy,0,1,0.0,11.0
2025-11-09,fra,0,1,0.0,8.0
2025-11-09,gbr,0,6,0.0,7.333333333333333
2025-11-09,geo,0,1,0.0,10.0
2025-11-09,hkg,0,1,0.0,3.0
2025-11-09,hnd,0,1,0.0,4.0
2025-11-09,hti,0,1,0.0,8.0
2025-11-09,idn,0,2,0.0,3.5
2025-11-09,ind,0,9,0.0,6.444444444444445
2025-11-09,isr,0,1,0.0,8.0
2025-11-09,ita,0,1,0.0,15.0
2025-11-09,jpn,0,1,0.0,6.0
2025-11-09,kor,0,1,0.0,1.0
2025-11-09,lbr,0,1,0.0,1.0
2025-11-09,mar,0,3,0.0,8.333333333333332
2025-11-09,mdv,0,1,0.0,2.0
2025-11-09,mex,0,6,0.0,4.833333333333334
2025-11-09,mlt,0,1,0.0,8.0
2025-11-09,moz,0,3,0.0,9.0
2025-11-09,mys,0,1,0.0,4.0
2025-11-09,nga,0,2,0.0,6.5
2025-11-09,nld,0,1,0.0,7.0
2025-11-09,nzl,0,1,0.0,12.0
2025-11-09,per,0,3,0.0,5.666666666666667
2025-11-09,pol,0,2,0.0,20.5
2025-11-09,pri,0,1,0.0,5.0
2025-11-09,prt,0,22,0.0,12.227272727272727
2025-11-09,pry,0,1,0.0,9.0
2025-11-09,rus,0,1,0.0,10.0
2025-11-09,sau,0,4,0.0,6.5
2025-11-09,sgp,0,2,0.0,10.0
2025-11-09,swe,0,3,0.0,5.333333333333333
2025-11-09,swz,0,2,0.0,5.0
2025-11-09,tur,0,2,0.0,2.0
2025-11-09,uga,0,1,0.0,3.0
2025-11-09,ukr,0,1,0.0,9.0
2025-11-09,usa,0,60,0.0,6.55
2025-11-09,ven,0,1,0.0,2.0
2025-11-09,vnm,0,2,0.0,20.5
2025-11-10,ago,0,1,0.0,1.0
2025-11-10,arg,0,4,0.0,8.75
2025-11-10,aus,0,1,0.0,1.0
2025-11-10,bgd,0,1,0.0,7.0
2025-11-10,caf,0,2,0.0,3.5
2025-11-10,can,0,4,0.0,6.25
2025-11-10,che,0,2,0.0,11.5
2025-11-10,chl,0,3,0.0,3.6666666666666665
2025-11-10,chn,0,2,0.0,6.0
2025-11-10,civ,0,1,0.0,12.0
2025-11-10,col,0,2,0.0,8.0
2025-11-10,deu,0,2,0.0,9.0
2025-11-10,egy,0,2,0.0,4.5
2025-11-10,esp,0,3,0.0,4.666666666666666
2025-11-10,fra,0,1,0.0,4.0
2025-11-10,gbr,0,3,0.0,7.666666666666667
2025-11-10,gha,0,1,0.0,5.0
2025-11-10,grc,0,1,0.0,3.0
2025-11-10,hrv,0,1,0.0,9.0
2025-11-10,ind,0,8,0.0,5.25
2025-11-10,irl,0,1,0.0,9.0
2025-11-10,irn,0,1,0.0,7.0
2025-11-10,irq,0,4,0.0,5.25
2025-11-10,isr,0,1,0.0,5.0
2025-11-10,jpn,0,1,0.0,9.0
2025-11-10,kor,0,3,0.0,8.333333333333332
2025-11-10,lbn,0,1,0.0,9.0
2025-11-10,ltu,0,1,0.0,3.0
2025-11-10,mli,0,1,0.0,11.0
2025-11-10,moz,0,1,0.0,29.0
2025-11-10,nga,0,2,0.0,6.0
2025-11-10,nld,0,1,0.0,10.0
2025-11-10,per,0,5,0.0,5.0
2025-11-10,phl,0,2,0.0,9.0
2025-11-10,pol,0,1,0.0,2.0
2025-11-10,prt,0,25,0.0,6.16
2025-11-10,pry,0,5,0.0,6.8
2025-11-10,pse,0,2,0.0,5.5
2025-11-10,rou,0,1,0.0,11.0
2025-11-10,sau,0,2,0.0,7.5
2025-11-10,sgp,0,2,0.0,6.5
2025-11-10,svk,0,1,0.0,27.0
2025-11-10,swe,0,1,0.0,11.0
2025-11-10,tha,0,2,0.0,4.5
2025-11-10,tur,0,1,0.0,10.0
2025-11-10,twn,0,2,0.0,4.0
2025-11-10,ukr,0,3,0.0,55.666666666666664
2025-11-10,ury,0,2,0.0,6.5
2025-11-10,vnm,0,3,0.0,4.666666666666666
2025-11-10,zaf,0,1,0.0,1.0
2025-11-10,zmb,0,1,0.0,7.0
2025-11-11,ago,0,4,0.0,6.75
2025-11-11,are,0,12,0.0,7.333333333333333
2025-11-11,arg,0,6,0.0,5.666666666666667
2025-11-11,aus,0,3,0.0,3.6666666666666665
2025-11-11,aze,0,1,0.0,2.0
2025-11-11,bfa,0,1,0.0,7.0
2025-11-11,caf,0,1,0.0,4.0
2025-11-11,can,0,4,0.0,6.0
2025-11-11,che,0,3,0.0,7.333333333333333
2025-11-11,chl,0,2,0.0,10.0
2025-11-11,chn,0,1,0.0,1.0
2025-11-11,col,0,3,0.0,5.0
2025-11-11,cze,0,1,0.0,8.0
2025-11-11,deu,0,7,0.0,9.142857142857142
2025-11-11,dnk,0,1,0.0,3.0
2025-11-11,dza,0,1,0.0,11.0
2025-11-11,ecu,0,3,0.0,6.666666666666667
2025-11-11,fra,0,6,0.0,5.333333333333333
2025-11-11,gbr,0,7,0.0,5.571428571428571
2025-11-11,idn,0,1,0.0,3.0
2025-11-11,ind,0,17,0.0,6.0
2025-11-11,irl,0,3,0.0,10.333333333333334
2025-11-11,irq,0,1,0.0,4.0
2025-11-11,isr,0,3,0.0,6.666666666666667
2025-11-11,ita,0,13,0.0,2.9230769230769234
2025-11-11,jpn,0,2,0.0,9.0
2025-11-11,ken,0,1,0.0,9.0
2025-11-11,kor,0,1,0.0,7.0
2025-11-11,lka,0,1,0.0,11.0
2025-11-11,ltu,0,1,0.0,2.0
2025-11-11,mex,0,3,0.0,8.666666666666668
2025-11-11,moz,0,3,0.0,10.0
2025-11-11,mys,0,1,0.0,11.0
2025-11-11,nld,0,1,0.0,5.0
2025-11-11,nzl,0,1,0.0,12.0
2025-11-11,pak,0,2,0.0,7.0
2025-11-11,per,0,5,0.0,6.0
2025-11-11,pry,0,1,0.0,8.0
2025-11-11,rou,0,2,0.0,8.5
2025-11-11,rus,0,1,0.0,1.0
2025-11-11,sau,0,5,0.0,6.0
2025-11-11,sgp,0,2,0.0,7.5
2025-11-11,slv,0,1,0.0,4.0
2025-11-11,svn,0,1,0.0,3.0
2025-11-11,syr,0,1,0.0,2.0
2025-11-11,tgo,0,1,0.0,7.0
2025-11-11,tur,0,3,0.0,3.0
2025-11-11,twn,0,1,0.0,12.0
2025-11-12,ago,0,1,0.0,10.0
2025-11-12,are,0,6,0.0,5.5
2025-11-12,arg,0,4,0.0,7.25
2025-11-12,bel,0,2,0.0,4.5
2025-11-12,bfa,0,1,0.0,6.0
2025-11-12,bhr,0,1,0.0,7.0
2025-11-12,bhs,0,1,0.0,9.0
2025-11-12,bol,0,2,0.0,3.5
2025-11-12,can,0,4,0.0,8.0
2025-11-12,che,0,1,0.0,7.0
2025-11-12,chl,0,3,0.0,9.0
2025-11-12,civ,0,1,0.0,8.0
2025-11-12,col,0,3,0.0,6.666666666666667
2025-11-12,cpv,0,2,0.0,8.5
2025-11-12,cri,0,1,0.0,2.0
2025-11-12,cze,0,1,0.0,4.0
2025-11-12,dom,0,6,0.0,4.333333333333334
2025-11-12,ecu,0,1,0.0,6.0
2025-11-12,egy,0,2,0.0,6.5
2025-11-12,esp,0,9,0.0,7.777777777777778
2025-11-12,est,0,1,0.0,12.0
2025-11-12,fra,0,10,0.0,7.9
2025-11-12,gbr,0,7,0.0,8.857142857142858
2025-11-12,gin,0,1,0.0,10.0
2025-11-12,grc,0,1,0.0,11.0
2025-11-12,guy,0,1,0.0,11.0
2025-11-12,ind,0,8,0.0,6.125
2025-11-12,irl,0,1,0.0,9.0
2025-11-12,isr,0,1,0.0,9.0
2025-11-12,ita,0,3,0.0,6.666666666666667
2025-11-12,jpn,0,4,0.0,8.5
2025-11-12,ken,0,1,0.0,11.0
2025-11-12,kor,0,1,0.0,7.0
2025-11-12,mex,0,4,0.0,35.0
2025-11-12,moz,0,6,0.0,5.666666666666667
2025-11-12,mys,0,1,0.0,4.0
2025-11-12,nga,0,3,0.0,10.333333333333334
2025-11-12,nld,0,2,0.0,5.0
2025-11-12,pak,0,2,0.0,1.0
2025-11-12,per,0,3,0.0,8.0
2025-11-12,pol,0,2,0.0,7.5
2025-11-12,prt,0,19,0.0,8.842105263157894
2025-11-12,pry,0,2,0.0,6.5
2025-11-12,rou,0,1,0.0,10.0
2025-11-12,sau,0,1,0.0,3.0
2025-11-12,sgp,0,1,0.0,4.0
2025-11-12,tha,0,1,0.0,1.0
2025-11-12,tto,0,2,0.0,5.5
2025-11-12,tur,0,3,0.0,8.0
2025-11-12,twn,0,1,0.0,4.0
2025-11-12,ukr,0,1,0.0,8.0
2025-11-12,vnm,0,2,0.0,8.0
2025-11-12,zaf,0,5,0.0,5.8
2025-11-13,ago,0,1,0.0,3.0
2025-11-13,are,0,8,0.0,5.125
2025-11-13,arm,0,2,0.0,9.5
2025-11-13,aus,0,3,0.0,14.333333333333334
2025-11-13,bel,0,2,0.0,13.5
2025-11-13,bfa,0,1,0.0,9.0
2025-11-13,bgd,0,3,0.0,7.333333333333333
2025-11-13,bol,0,1,0.0,10.0
2025-11-13,can,0,6,0.0,5.333333333333333
2025-11-13,che,0,1,0.0,12.0
2025-11-13,chl,0,2,0.0,7.5
2025-11-13,chn,0,1,0.0,5.0
2025-11-13,col,0,5,0.0,6.6
2025-11-13,deu,0,3,0.0,4.666666666666666
2025-11-13,ecu,0,2,0.0,11.0
2025-11-13,egy,0,1,0.0,7.0
2025-11-13,esp,0,4,0.0,8.0
2025-11-13,fin,0,1,0.0,4.0
2025-11-13,fra,0,7,0.0,6.285714285714286
2025-11-13,gbr,0,6,0.0,6.5
2025-11-13,hti,0,1,0.0,12.0
2025-11-13,ind,0,11,0.0,5.909090909090909
2025-11-13,irl,0,1,0.0,6.0
2025-11-13,irq,0,2,0.0,9.5
2025-11-13,isr,0,1,0.0,1.0
2025-11-13,ita,0,8,0.0,3.625
2025-11-13,jpn,0,1,0.0,12.0
2025-11-13,ken,0,2,0.0,5.0
2025-11-13,moz,0,3,0.0,5.0
2025-11-13,mys,0,1,0.0,9.0
2025-11-13,nga,0,3,0.0,8.666666666666668
2025-11-13,nld,0,3,0.0,3.0
2025-11-13,nzl,0,1,0.0,12.0
2025-11-13,pak,0,2,0.0,15.5
2025-11-13,per,0,2,0.0,6.0
2025-11-13,phl,0,2,0.0,3.5
2025-11-13,pri,0,1,0.0,2.0
2025-11-13,prt,0,11,0.0,6.2727272727272725
2025-11-13,pry,0,4,0.0,4.75
2025-11-13,rou,0,1,0.0,8.0
2025-11-13,sau,0,4,0.0,5.5
2025-11-13,swe,0,1,0.0,6.0
2025-11-13,tha,0,5,0.0,4.2
2025-11-13,tur,0,1,0.0,4.0
2025-11-13,uga,0,1,0.0,6.0
2025-11-13,ury,0,2,0.0,4.0
2025-11-13,usa,0,87,0.0,7.114942528735632
2025-11-13,vnm,0,1,0.0,10.0
2025-11-13,zaf,0,1,0.0,1.0
2025-11-14,ago,0,7,0.0,1.0
2025-11-14,are,0,6,0.0,5.833333333333333
2025-11-14,arg,0,10,0.0,7.8
2025-11-14,aus,0,2,0.0,4.0
2025-11-14,bgd,0,2,0.0,6.0
2025-11-14,can,0,3,0.0,6.333333333333333
2025-11-14,che,0,3,0.0,7.333333333333333
2025-11-14,chl,0,4,0.0,8.75
2025-11-14,chn,0,1,0.0,8.0
2025-11-14,cmr,0,2,0.0,27.5
2025-11-14,cri,0,1,0.0,9.0
2025-11-14,cze,0,1,0.0,10.0
2025-11-14,deu,0,2,0.0,16.5
2025-11-14,ecu,0,1,0.0,8.0
2025-11-14,esp,0,6,0.0,5.833333333333333
2025-11-14,fra,0,3,0.0,12.0
2025-11-14,gbr,0,6,0.0,8.833333333333332
2025-11-14,gin,0,1,0.0,8.0
2025-11-14,idn,0,3,0.0,3.6666666666666665
2025-11-14,ind,0,6,0.0,5.666666666666667
2025-11-14,isr,0,2,0.0,4.0
2025-11-14,ita,0,4,0.0,5.5
2025-11-14,jor,0,1,0.0,3.0
2025-11-14,jpn,0,3,0.0,6.333333333333333
2025-11-14,kor,0,2,0.0,9.5
2025-11-14,mar,0,1,0.0,1.0
2025-11-14,moz,0,5,0.0,4.2
2025-11-14,mys,0,1,0.0,3.0
2025-11-14,nga,0,4,0.0,8.75
2025-11-14,nor,0,1,0.0,1.0
2025-11-14,pak,0,1,0.0,13.0
2025-11-14,per,0,1,0.0,5.0
2025-11-14,pol,0,2,0.0,4.5
2025-11-14,prt,0,19,0.0,7.2105263157894735
2025-11-14,pse,0,1,0.0,11.0
2025-11-14,qat,0,1,0.0,38.0
2025-11-14,sau,0,2,0.0,5.5
2025-11-14,swe,0,1,0.0,6.0
2025-11-14,tha,0,3,0.0,1.0
2025-11-14,tun,0,1,0.0,5.0
2025-11-14,tur,0,1,0.0,4.0
2025-11-14,ukr,0,1,0.0,2.0
2025-11-14,usa,0,60,0.0,5.766666666666667
2025-11-14,vnm,0,3,0.0,8.0
2025-11-15,ago,0,4,0.0,5.75
2025-11-15,alb,0,1,0.0,12.0
2025-11-15,are,0,11,0.0,5.636363636363637
2025-11-15,arg,0,5,0.0,7.6
2025-11-15,aus,0,4,0.0,17.25
2025-11-15,bel,0,2,0.0,8.0
2025-11-15,bfa,0,1,0.0,5.0
2025-11-15,bgd,0,1,0.0,7.0
2025-11-15,bol,0,1,0.0,6.0
2025-11-15,caf,0,2,0.0,8.0
2025-11-15,can,0,4,0.0,10.0
2025-11-15,che,0,1,0.0,9.0
2025-11-15,chl,0,3,0.0,7.666666666666667
2025-11-15,deu,0,2,0.0,4.5
2025-11-15,egy,0,2,0.0,7.5
2025-11-15,esp,0,1,0.0,1.0
2025-11-15,grc,0,1,0.0,1.0
2025-11-15,idn,0,1,0.0,5.0
2025-11-15,irq,0,2,0.0,5.0
2025-11-15,isl,0,1,0.0,12.0
2025-11-15,ita,0,3,0.0,8.333333333333332
2025-11-15,jor,0,1,0.0,9.0
2025-11-15,jpn,0,3,0.0,9.0
2025-11-15,khm,0,1,0.0,7.0
2025-11-15,kor,0,3,0.0,9.333333333333334
2025-11-15,mar,0,1,0.0,5.0
2025-11-15,mda,0,1,0.0,10.0
2025-11-15,mex,0,2,0.0,7.0
2025-11-15,moz,0,1,0.0,1.0
2025-11-15,mys,0,2,0.0,7.5
2025-11-15,nga,0,1,0.0,14.0
2025-11-15,nld,0,2,0.0,4.5
2025-11-15,nor,0,1,0.0,1.0
2025-11-15,per,0,6,0.0,6.666666666666667
2025-11-15,pol,0,1,0.0,5.0
2025-11-15,prt,0,21,0.0,14.904761904761905
2025-11-15,pry,0,4,0.0,7.0
2025-11-15,qat,0,1,0.0,8.0
2025-11-15,syc,0,1,0.0,6.0
2025-11-15,vnm,0,1,0.0,9.0
2025-11-15,zaf,0,1,0.0,11.0
2025-11-16,ago,0,1,0.0,6.0
2025-11-16,alb,0,1,0.0,3.0
2025-11-16,are,0,3,0.0,6.666666666666667
2025-11-16,arg,0,10,0.0,7.8
2025-11-16,aus,0,5,0.0,8.0
2025-11-16,ben,0,1,0.0,10.0
2025-11-16,bol,0,1,0.0,12.0
2025-11-16,can,0,1,0.0,6.0
2025-11-16,che,0,1,0.0,9.0
2025-11-16,chl,0,2,0.0,9.5
2025-11-16,col,0,4,0.0,9.5
2025-11-16,egy,0,1,0.0,10.0
2025-11-16,esp,0,3,0.0,9.333333333333334
2025-11-16,fra,0,1,0.0,5.0
2025-11-16,gab,0,1,0.0,10.0
2025-11-16,gbr,0,4,0.0,9.75
2025-11-16,gtm,0,1,0.0,3.0
2025-11-16,hkg,0,1,0.0,6.0
2025-11-16,isr,0,3,0.0,6.0
2025-11-16,ita,0,3,0.0,6.333333333333333
2025-11-16,jpn,0,3,0.0,11.0
2025-11-16,khm,0,1,0.0,8.0
2025-11-16,kor,0,1,0.0,7.0
2025-11-16,mar,0,2,0.0,6.5
2025-11-16,mex,0,3,0.0,13.0
2025-11-16,moz,0,1,0.0,5.0
2025-11-16,nld,0,1,0.0,7.0
2025-11-16,omn,0,1,0.0,7.0
2025-11-16,pak,0,1,0.0,6.0
2025-11-16,per,0,1,0.0,7.0
2025-11-16,pol,0,1,0.0,2.0
2025-11-16,pry,0,2,0.0,7.5
2025-11-16,qat,0,1,0.0,6.0
2025-11-16,sau,0,2,0.0,8.5
2025-11-16,tgo,0,1,0.0,10.0
2025-11-16,tun,0,1,0.0,11.0
2025-11-16,tur,0,1,0.0,5.0
2025-11-16,twn,0,1,0.0,9.0
2025-11-16,tza,0,1,0.0,9.0
2025-11-16,uga,0,1,0.0,5.0
2025-11-16,ury,0,1,0.0,10.0
2025-11-16,usa,0,35,0.0,6.942857142857143
2025-11-16,vnm,0,1,0.0,7.0
2025-11-17,afg,0,1,0.0,7.0
2025-11-17,ago,0,2,0.0,5.5
2025-11-17,are,0,4,0.0,7.25
2025-11-17,arg,0,5,0.0,9.4
2025-11-17,aus,0,2,0.0,7.5
2025-11-17,bel,0,1,0.0,7.0
2025-11-17,bol,0,1,0.0,10.0
2025-11-17,caf,0,1,0.0,12.0
2025-11-17,can,0,1,0.0,9.0
2025-11-17,chl,0,2,0.0,11.5
2025-11-17,cmr,0,1,0.0,8.0
2025-11-17,col,0,4,0.0,5.0
2025-11-17,deu,0,4,0.0,6.5
2025-11-17,dnk,0,1,0.0,11.0
2025-11-17,ecu,0,2,0.0,11.5
2025-11-17,esp,0,5,0.0,4.6
2025-11-17,fra,0,1,0.0,2.0
2025-11-17,gbr,0,9,0.0,17.555555555555557
2025-11-17,geo,0,1,0.0,7.0
2025-11-17,idn,0,1,0.0,9.0
2025-11-17,ind,0,8,0.0,16.625
2025-11-17,irl,0,1,0.0,8.0
2025-11-17,irn,0,1,0.0,17.0
2025-11-17,irq,0,1,0.0,16.0
2025-11-17,ita,0,4,0.0,1.75
2025-11-17,jor,0,1,0.0,12.0
2025-11-17,jpn,0,4,0.0,7.75
2025-11-17,kor,0,2,0.0,9.0
2025-11-17,ltu,0,1,0.0,1.0
2025-11-17,mar,0,1,0.0,9.0
2025-11-17,mex,0,1,0.0,1.0
2025-11-17,moz,0,1,0.0,1.0
2025-11-17,mys,0,1,0.0,2.0
2025-11-17,nga,0,2,0.0,4.5
2025-11-17,nld,0,3,0.0,5.0
2025-11-17,nor,0,2,0.0,6.5
2025-11-17,pak,0,2,0.0,13.0
2025-11-17,pan,0,1,0.0,8.0
2025-11-17,per,0,2,0.0,7.5
2025-11-17,pri,0,1,0.0,8.0
2025-11-17,prt,0,19,0.0,6.315789473684211
2025-11-17,pry,0,4,0.0,4.75
2025-11-17,sau,0,1,0.0,10.0
2025-11-17,syr,0,1,0.0,11.0
2025-11-17,tur,0,1,0.0,9.0
2025-11-17,twn,0,2,0.0,8.0
2025-11-17,ukr,0,2,0.0,86.5
2025-11-17,ury,0,1,0.0,9.0
2025-11-17,usa,0,70,0.0,5.214285714285714
2025-11-17,vnm,0,3,0.0,13.0
2025-11-18,ago,0,4,0.0,3.25
2025-11-18,are,0,9,0.0,7.888888888888889
2025-11-18,arg,0,14,0.0,8.642857142857142
2025-11-18,aus,0,1,0.0,6.0
2025-11-18,aut,0,2,0.0,4.5
2025-11-18,bel,0,2,0.0,5.0
2025-11-18,bgd,0,2,0.0,9.0
2025-11-18,bol,0,1,0.0,1.0
2025-11-18,caf,0,1,0.0,12.0
2025-11-18,can,0,1,0.0,10.0
2025-11-18,che,0,2,0.0,9.0
2025-11-18,chl,0,3,0.0,5.333333333333333
2025-11-18,deu,0,3,0.0,5.333333333333333
2025-11-18,dom,0,1,0.0,12.0
2025-11-18,dza,0,2,0.0,13.5
2025-11-18,esp,0,2,0.0,9.0
2025-11-18,gbr,0,7,0.0,9.428571428571429
2025-11-18,gha,0,1,0.0,7.0
2025-11-18,hkg,0,3,0.0,8.333333333333332
2025-11-18,ind,0,6,0.0,15.333333333333334
2025-11-18,irl,0,1,0.0,8.0
2025-11-18,irn,0,1,0.0,8.0
2025-11-18,isr,0,2,0.0,5.5
2025-11-18,ita,0,10,0.0,5.7
2025-11-18,jor,0,2,0.0,23.0
2025-11-18,jpn,0,5,0.0,5.6
2025-11-18,khm,0,1,0.0,7.0
2025-11-18,kor,0,2,0.0,14.5
2025-11-18,lka,0,1,0.0,11.0
2025-11-18,lux,0,1,0.0,1.0
2025-11-18,mar,0,1,0.0,6.0
2025-11-18,mex,0,4,0.0,3.25
2025-11-18,moz,0,1,0.0,11.0
2025-11-18,mys,0,1,0.0,11.0
2025-11-18,nld,0,4,0.0,4.75
2025-11-18,pak,0,1,0.0,10.0
2025-11-18,pan,0,3,0.0,8.666666666666668
2025-11-18,per,0,4,0.0,5.5
2025-11-18,prt,0,21,0.0,10.238095238095237
2025-11-18,pry,0,2,0.0,6.0
2025-11-18,sau,0,1,0.0,18.0
2025-11-18,sdn,0,1,0.0,7.0
2025-11-18,sgp,0,1,0.0,1.0
2025-11-18,svk,0,1,0.0,3.0
2025-11-18,tha,0,3,0.0,3.6666666666666665
2025-11-18,tun,0,1,0.0,8.0
2025-11-18,tur,0,2,0.0,5.5
2025-11-18,uga,0,1,0.0,6.0
2025-11-18,usa,0,100,0.0,6.43
2025-11-18,vnm,0,2,0.0,7.0
2025-11-18,zaf,0,2,0.0,22.0
2025-11-19,ago,0,2,0.0,6.0
2025-11-19,alb,0,1,0.0,9.0
2025-11-19,are,0,9,0.0,7.666666666666667
2025-11-19,arg,0,4,0.0,6.0
2025-11-19,arm,0,1,0.0,7.0
2025-11-19,aus,0,1,0.0,1.0
2025-11-19,aut,0,1,0.0,17.0
2025-11-19,aze,0,1,0.0,76.0
2025-11-19,bgd,0,1,0.0,9.0
2025-11-19,bol,0,1,0.0,5.0
2025-11-19,can,0,8,0.0,9.375
2025-11-19,che,0,3,0.0,4.333333333333334
2025-11-19,chl,0,4,0.0,24.0
2025-11-19,chn,0,1,0.0,2.0
2025-11-19,col,0,4,0.0,6.0
2025-11-19,deu,0,6,0.0,6.833333333333333
2025-11-19,ecu,0,4,0.0,28.25
2025-11-19,egy,0,6,0.0,7.0
2025-11-19,esp,0,4,0.0,7.75
2025-11-19,fra,0,3,0.0,9.666666666666666
2025-11-19,gbr,0,8,0.0,6.875
2025-11-19,gha,0,1,0.0,6.0
2025-11-19,idn,0,2,0.0,4.5
2025-11-19,ind,0,7,0.0,5.571428571428571
2025-11-19,irl,0,1,0.0,11.0
2025-11-19,ita,0,4,0.0,6.75
2025-11-19,jpn,0,2,0.0,6.0
2025-11-19,kaz,0,1,0.0,31.0
2025-11-19,ken,0,1,0.0,6.0
2025-11-19,khm,0,1,0.0,10.0
2025-11-19,kor,0,2,0.0,21.5
2025-11-19,lbn,0,1,0.0,1.0
2025-11-19,mda,0,1,0.0,8.0
2025-11-19,mex,0,3,0.0,8.333333333333332
2025-11-19,mli,0,1,0.0,6.0
2025-11-19,moz,0,2,0.0,8.5
2025-11-19,mys,0,2,0.0,6.0
2025-11-19,nga,0,3,0.0,7.333333333333333
2025-11-19,nld,0,1,0.0,7.0
2025-11-19,omn,0,1,0.0,18.0
2025-11-19,per,0,1,0.0,2.0
2025-11-19,phl,0,2,0.0,21.0
2025-11-19,pol,0,2,0.0,8.5
2025-11-19,prt,0,17,0.0,7.647058823529412
2025-11-19,rou,0,1,0.0,5.0
2025-11-19,sau,0,1,0.0,41.0
2025-11-19,sgp,0,5,0.0,9.6
2025-11-19,tcd,0,1,0.0,7.0
2025-11-19,tha,0,1,0.0,31.0
2025-11-19,tjk,0,1,0.0,7.0
2025-11-19,tur,0,4,0.0,8.75
2025-11-19,twn,0,1,0.0,2.0
2025-11-19,vnm,0,4,0.0,28.75
2025-11-19,zaf,0,3,0.0,2.666666666666667
2025-11-20,ago,0,4,0.0,1.75
2025-11-20,are,0,13,0.0,9.307692307692308
2025-11-20,arg,0,11,0.0,26.90909090909091
2025-11-20,aus,0,1,0.0,4.0
2025-11-20,aut,0,1,0.0,26.0
2025-11-20,bel,0,1,0.0,6.0
2025-11-20,bgd,0,2,0.0,8.0
2025-11-20,can,0,3,0.0,23.333333333333332
2025-11-20,che,0,1,0.0,16.0
2025-11-20,chl,0,2,0.0,6.5
2025-11-20,col,0,4,0.0,21.75
2025-11-20,cri,0,1,0.0,32.0
2025-11-20,cze,0,1,0.0,13.0
2025-11-20,deu,0,2,0.0,23.0
2025-11-20,dza,0,2,0.0,7.0
2025-11-20,egy,0,2,0.0,21.0
2025-11-20,esp,0,12,0.0,8.416666666666668
2025-11-20,fra,0,4,0.0,4.0
2025-11-20,gbr,0,8,0.0,13.375
2025-11-20,gha,0,1,0.0,5.0
2025-11-20,gnb,0,2,0.0,6.5
2025-11-20,idn,0,3,0.0,8.666666666666668
2025-11-20,ind,0,12,0.0,8.833333333333332
2025-11-20,irl,0,3,0.0,3.3333333333333335
2025-11-20,irn,0,1,0.0,10.0
2025-11-20,irq,0,1,0.0,6.0
2025-11-20,ita,0,2,0.0,5.0
2025-11-20,jpn,0,1,0.0,7.0
2025-11-20,ken,0,1,0.0,20.0
2025-11-20,kor,0,6,0.0,9.833333333333334
2025-11-20,lbn,0,1,0.0,1.0
2025-11-20,lka,0,1,0.0,10.0
2025-11-20,lux,0,2,0.0,9.5
2025-11-20,mac,0,2,0.0,14.0
2025-11-20,mar,0,1,0.0,8.0
2025-11-20,mex,0,2,0.0,13.0
2025-11-20,mlt,0,1,0.0,8.0
2025-11-20,mys,0,1,0.0,2.0
2025-11-20,nam,0,1,0.0,14.0
2025-11-20,nga,0,1,0.0,8.0
2025-11-20,omn,0,1,0.0,12.0
2025-11-20,per,0,7,0.0,19.0
2025-11-20,phl,0,5,0.0,21.6
2025-11-20,pol,0,3,0.0,7.666666666666667
2025-11-20,pri,0,1,0.0,21.0
2025-11-20,prt,0,20,0.0,7.5
2025-11-20,pry,0,1,0.0,1.0
2025-11-20,rou,0,1,0.0,18.0
2025-11-20,rus,0,3,0.0,11.666666666666666
2025-11-20,sau,0,2,0.0,5.5
2025-11-20,ssd,0,1,0.0,8.0
2025-11-20,svk,0,1,0.0,28.0
2025-11-20,tun,0,1,0.0,38.0
2025-11-20,tur,0,1,0.0,5.0
2025-11-20,twn,0,1,0.0,5.0
2025-11-20,ury,0,2,0.0,6.5
2025-11-20,ven,0,2,0.0,8.0
2025-11-20,vnm,0,11,0.0,29.0
2025-11-20,xkk,0,1,0.0,8.0
2025-11-20,zaf,0,2,0.0,21.0
2025-11-21,ago,0,2,0.0,1.0
2025-11-21,are,0,10,0.0,8.8
2025-11-21,arg,0,7,0.0,29.571428571428573
2025-11-21,aus,0,1,0.0,2.0
2025-11-21,bel,0,1,0.0,3.0
2025-11-21,blr,0,1,0.0,45.0
2025-11-21,bol,0,1,0.0,2.0
2025-11-21,can,0,4,0.0,8.75
2025-11-21,che,0,1,0.0,4.0
2025-11-21,chl,0,1,0.0,11.0
2025-11-21,chn,0,1,0.0,1.0
2025-11-21,col,0,1,0.0,8.0
2025-11-21,cpv,0,1,0.0,1.0
2025-11-21,cri,0,1,0.0,10.0
2025-11-21,deu,0,8,0.0,10.125
2025-11-21,dza,0,1,0.0,12.0
2025-11-21,ecu,0,1,0.0,1.0
2025-11-21,egy,0,1,0.0,2.0
2025-11-21,esp,0,8,0.0,7.125
2025-11-21,fra,0,2,0.0,5.0
2025-11-21,gbr,0,10,0.0,6.2
2025-11-21,gha,0,2,0.0,11.5
2025-11-21,hkg,0,1,0.0,7.0
2025-11-21,idn,0,1,0.0,16.0
2025-11-21,ind,0,7,0.0,8.142857142857142
2025-11-21,irl,0,3,0.0,7.666666666666667
2025-11-21,irq,0,2,0.0,23.5
2025-11-21,isr,0,1,0.0,54.0
2025-11-21,ita,0,5,0.0,6.4
2025-11-21,jpn,0,4,0.0,11.25
2025-11-21,kgz,0,1,0.0,5.0
2025-11-21,kor,0,2,0.0,10.0
2025-11-21,ltu,0,2,0.0,3.5
2025-11-21,mar,0,2,0.0,4.5
2025-11-21,mex,0,6,0.0,18.0
2025-11-21,mmr,0,1,0.0,11.0
2025-11-21,moz,0,2,0.0,11.0
2025-11-21,nld,0,3,0.0,7.0
2025-11-21,nor,0,1,0.0,7.0
2025-11-21,nzl,0,2,0.0,8.5
2025-11-21,pak,0,1,0.0,23.0
2025-11-21,pan,0,1,0.0,5.0
2025-11-21,phl,0,1,0.0,100.0
2025-11-21,pol,0,3,0.0,5.666666666666667
2025-11-21,prt,0,23,0.0,6.521739130434782
2025-11-21,pry,0,3,0.0,6.0
2025-11-21,qat,0,2,0.0,49.5
2025-11-21,rus,0,2,0.0,27.5
2025-11-21,sau,0,1,0.0,9.0
2025-11-21,sdn,0,1,0.0,7.0
2025-11-21,sgp,0,1,0.0,11.0
2025-11-21,swe,0,1,0.0,16.0
2025-11-21,tha,0,2,0.0,2.0
2025-11-21,uga,0,2,0.0,1.0
2025-11-21,usa,0,89,0.0,5.50561797752809
2025-11-21,vnm,0,9,0.0,26.444444444444443
2025-11-22,ago,0,1,0.0,1.0
2025-11-22,are,0,4,0.0,7.5
2025-11-22,arg,0,8,0.0,10.625
2025-11-22,aus,0,1,0.0,1.0
2025-11-22,aze,0,1,0.0,6.0
2025-11-22,bgd,0,3,0.0,21.333333333333332
2025-11-22,bih,0,1,0.0,10.0
2025-11-22,bol,0,1,0.0,1.0
2025-11-22,can,0,3,0.0,15.666666666666666
2025-11-22,che,0,2,0.0,9.5
2025-11-22,chl,0,1,0.0,9.0
2025-11-22,cmr,0,2,0.0,4.5
2025-11-22,col,0,4,0.0,8.5
2025-11-22,deu,0,2,0.0,9.5
2025-11-22,ecu,0,1,0.0,43.0
2025-11-22,esp,0,6,0.0,6.333333333333333
2025-11-22,fra,0,3,0.0,7.333333333333333
2025-11-22,gbr,0,5,0.0,5.2
2025-11-22,grc,0,1,0.0,12.0
2025-11-22,gtm,0,1,0.0,12.0
2025-11-22,hkg,0,1,0.0,1.0
2025-11-22,ind,0,12,0.0,14.0
2025-11-22,irn,0,1,0.0,5.0
2025-11-22,isr,0,3,0.0,8.666666666666668
2025-11-22,ita,0,4,0.0,7.5
2025-11-22,jam,0,1,0.0,5.0
2025-11-22,jpn,0,3,0.0,8.333333333333332
2025-11-22,ken,0,1,0.0,11.0
2025-11-22,kor,0,3,0.0,8.0
2025-11-22,kwt,0,1,0.0,7.0
2025-11-22,ltu,0,1,0.0,1.0
2025-11-22,mar,0,1,0.0,6.0
2025-11-22,mex,0,2,0.0,15.0
2025-11-22,moz,0,1,0.0,9.0
2025-11-22,mys,0,1,0.0,16.0
2025-11-22,nga,0,3,0.0,5.666666666666667
2025-11-22,nld,0,1,0.0,9.0
2025-11-22,nor,0,1,0.0,7.0
2025-11-22,npl,0,1,0.0,8.0
2025-11-22,nzl,0,1,0.0,14.0
2025-11-22,pak,0,7,0.0,9.714285714285714
2025-11-22,pan,0,1,0.0,39.0
2025-11-22,per,0,2,0.0,6.5
2025-11-22,pry,0,3,0.0,6.0
2025-11-22,rou,0,2,0.0,8.0
2025-11-22,rus,0,5,0.0,3.8
2025-11-22,sau,0,1,0.0,6.0
2025-11-22,srb,0,1,0.0,4.0
2025-11-22,tha,0,4,0.0,3.0
2025-11-22,uga,0,2,0.0,6.5
2025-11-22,usa,0,70,0.0,8.37142857142857
2025-11-22,ven,0,1,0.0,5.0
2025-11-22,vnm,0,6,0.0,28.166666666666668
2025-11-23,ago,0,1,0.0,3.0
2025-11-23,alb,0,1,0.0,28.0
2025-11-23,are,0,3,0.0,8.333333333333332
2025-11-23,arg,0,12,0.0,11.416666666666666
2025-11-23,aus,0,3,0.0,2.333333333333333
2025-11-23,aut,0,2,0.0,4.0
2025-11-23,aze,0,1,0.0,12.0
2025-11-23,bgd,0,2,0.0,5.0
2025-11-23,bol,0,1,0.0,10.0
2025-11-23,can,0,7,0.0,4.142857142857142
2025-11-23,che,0,2,0.0,11.5
2025-11-23,chl,0,5,0.0,5.8
2025-11-23,cmr,0,1,0.0,3.0
2025-11-23,cod,0,1,0.0,12.0
2025-11-23,col,0,2,0.0,15.0
2025-11-23,cuw,0,1,0.0,3.0
2025-11-23,deu,0,9,0.0,36.888888888888886
2025-11-23,dom,0,1,0.0,18.0
2025-11-23,dza,0,1,0.0,46.0
2025-11-23,ecu,0,3,0.0,29.333333333333332
2025-11-23,esp,0,3,0.0,6.333333333333333
2025-11-23,fra,0,3,0.0,10.333333333333334
2025-11-23,gab,0,1,0.0,7.0
2025-11-23,gbr,0,4,0.0,14.0
2025-11-23,hkg,0,1,0.0,11.0
2025-11-23,hnd,0,1,0.0,91.0
2025-11-23,idn,0,1,0.0,9.0
2025-11-23,ind,0,5,0.0,6.2
2025-11-23,irl,0,3,0.0,11.0
2025-11-23,irq,0,1,0.0,7.0
2025-11-23,isr,0,1,0.0,11.0
2025-11-23,jpn,0,2,0.0,6.5
2025-11-23,ken,0,1,0.0,8.0
2025-11-23,khm,0,1,0.0,8.0
2025-11-23,kor,0,2,0.0,7.5
2025-11-23,lby,0,1,0.0,44.0
2025-11-23,lux,0,1,0.0,11.0
2025-11-23,mar,0,2,0.0,29.0
2025-11-23,mex,0,5,0.0,14.6
2025-11-23,moz,0,1,0.0,2.0
2025-11-23,mys,0,1,0.0,9.0
2025-11-23,nga,0,4,0.0,6.0
2025-11-23,nld,0,4,0.0,14.0
2025-11-23,nor,0,1,0.0,9.0
2025-11-23,pak,0,2,0.0,10.0
2025-11-23,pan,0,1,0.0,14.0
2025-11-23,per,0,3,0.0,6.666666666666667
2025-11-23,phl,0,1,0.0,81.0
2025-11-23,prt,0,41,0.0,7.2682926829268295
2025-11-23,pry,0,5,0.0,6.4
2025-11-23,rou,0,1,0.0,14.0
2025-11-23,rus,0,1,0.0,13.0
2025-11-23,slv,0,1,0.0,49.0
2025-11-23,svk,0,1,0.0,3.0
2025-11-23,svn,0,1,0.0,13.0
2025-11-23,syr,0,1,0.0,97.0
2025-11-23,tur,0,1,0.0,2.0
2025-11-23,uga,0,1,0.0,6.0
2025-11-23,ukr,0,2,0.0,5.0
2025-11-23,uzb,0,1,0.0,34.0
2025-11-23,ven,0,2,0.0,14.5
2025-11-23,vnm,0,9,0.0,23.333333333333332
2025-11-23,zaf,0,1,0.0,30.0
2025-11-24,ago,0,6,0.0,7.833333333333333
2025-11-24,arg,0,14,0.0,7.5
2025-11-24,bgr,0,1,0.0,2.0
2025-11-24,bol,0,1,0.0,8.0
2025-11-24,can,0,4,0.0,10.0
2025-11-24,che,0,2,0.0,9.0
2025-11-24,chl,0,2,0.0,4.5
2025-11-24,deu,0,2,0.0,5.0
2025-11-24,dnk,0,2,0.0,6.5
2025-11-24,dom,0,1,0.0,6.0
2025-11-24,ecu,0,3,0.0,23.333333333333332
2025-11-24,egy,0,1,0.0,4.0
2025-11-24,fra,0,4,0.0,21.5
2025-11-24,gbr,0,4,0.0,9.75
2025-11-24,grc,0,1,0.0,18.0
2025-11-24,hun,0,1,0.0,8.0
2025-11-24,idn,0,1,0.0,15.0
2025-11-24,ind,0,7,0.0,10.857142857142858
2025-11-24,irn,0,1,0.0,12.0
2025-11-24,irq,0,1,0.0,12.0
2025-11-24,ita,0,4,0.0,6.5
2025-11-24,jpn,0,3,0.0,5.666666666666667
2025-11-24,ltu,0,1,0.0,6.0
2025-11-24,mex,0,8,0.0,13.75
2025-11-24,mne,0,1,0.0,10.0
2025-11-24,moz,0,3,0.0,2.666666666666667
2025-11-24,nga,0,2,0.0,2.5
2025-11-24,nld,0,5,0.0,5.6
2025-11-24,pak,0,3,0.0,7.0
2025-11-24,per,0,1,0.0,7.0
2025-11-24,phl,0,3,0.0,11.666666666666666
2025-11-24,prt,0,29,0.0,9.172413793103448
2025-11-24,pry,0,3,0.0,10.333333333333334
2025-11-24,qat,0,1,0.0,1.0
2025-11-24,rou,0,1,0.0,6.0
2025-11-24,rus,0,1,0.0,20.0
2025-11-24,rwa,0,3,0.0,2.0
2025-11-24,srb,0,1,0.0,11.0
2025-11-24,tha,0,4,0.0,4.25
2025-11-24,tun,0,2,0.0,18.0
2025-11-24,ukr,0,1,0.0,88.0
2025-11-24,ury,0,3,0.0,8.333333333333332
2025-11-24,uzb,0,1,0.0,9.0
2025-11-24,ven,0,1,0.0,16.0
2025-11-24,vnm,0,3,0.0,44.333333333333336
2025-11-24,zaf,0,1,0.0,8.0
2025-11-25,abw,0,1,0.0,12.0
2025-11-25,ago,0,4,0.0,2.5
2025-11-25,are,0,5,0.0,11.4
2025-11-25,arg,0,9,0.0,12.222222222222221
2025-11-25,aus,0,1,0.0,10.0
2025-11-25,aut,0,3,0.0,6.0
2025-11-25,bgd,0,1,0.0,5.0
2025-11-25,bol,0,3,0.0,10.333333333333334
2025-11-25,caf,0,1,0.0,7.0
2025-11-25,can,0,3,0.0,8.333333333333332
2025-11-25,che,0,2,0.0,6.0
2025-11-25,chl,0,3,0.0,7.666666666666667
2025-11-25,chn,0,1,0.0,7.0
2025-11-25,civ,0,1,0.0,3.0
2025-11-25,cod,0,1,0.0,9.0
2025-11-25,col,0,1,0.0,3.0
2025-11-25,cpv,0,1,0.0,12.0
2025-11-25,deu,0,3,0.0,1.6666666666666665
2025-11-25,dom,0,1,0.0,9.0
2025-11-25,ecu,0,1,0.0,3.0
2025-11-25,esp,0,2,0.0,13.0
2025-11-25,fra,0,1,0.0,8.0
2025-11-25,gbr,0,2,0.0,7.0
2025-11-25,hrv,0,1,0.0,7.0
2025-11-25,hun,0,2,0.0,6.5
2025-11-25,idn,0,1,0.0,62.0
2025-11-25,ind,0,3,0.0,7.333333333333333
2025-11-25,irn,0,2,0.0,19.5
2025-11-25,irq,0,1,0.0,8.0
2025-11-25,isr,0,1,0.0,4.0
2025-11-25,jor,0,1,0.0,12.0
2025-11-25,jpn,0,1,0.0,5.0
2025-11-25,ken,0,1,0.0,2.0
2025-11-25,ltu,0,1,0.0,8.0
2025-11-25,lva,0,1,0.0,10.0
2025-11-25,mdv,0,1,0.0,5.0
2025-11-25,mex,0,7,0.0,11.0
2025-11-25,moz,0,5,0.0,5.4
2025-11-25,nga,0,8,0.0,3.5
2025-11-25,nld,0,4,0.0,6.75
2025-11-25,omn,0,2,0.0,10.0
2025-11-25,pak,0,2,0.0,14.0
2025-11-25,prt,0,24,0.0,8.583333333333332
2025-11-25,pry,0,1,0.0,9.0
2025-11-25,rou,0,2,0.0,19.0
2025-11-25,rus,0,1,0.0,8.0
2025-11-25,rwa,0,2,0.0,2.5
2025-11-25,sau,0,1,0.0,11.0
2025-11-25,sgp,0,2,0.0,9.0
2025-11-25,tur,0,2,0.0,1.0
2025-11-25,usa,0,76,0.0,11.68421052631579
2025-11-25,vnm,0,1,0.0,4.0
2025-11-25,zzz,0,1,0.0,8.0
2025-11-26,ago,0,10,0.0,3.8
2025-11-26,alb,0,1,0.0,6.0
2025-11-26,are,0,5,0.0,8.2
2025-11-26,arg,0,11,0.0,11.818181818181818
2025-11-26,aus,0,3,0.0,7.0
2025-11-26,aze,0,1,0.0,7.0
2025-11-26,bel,0,1,0.0,6.0
2025-11-26,bgd,0,2,0.0,9.5
2025-11-26,bih,0,1,0.0,11.0
2025-11-26,bol,0,1,0.0,8.0
2025-11-26,can,0,1,0.0,5.0
2025-11-26,che,0,2,0.0,7.5
2025-11-26,chl,0,3,0.0,6.333333333333333
2025-11-26,col,0,1,0.0,8.0
2025-11-26,cpv,0,2,0.0,5.5
2025-11-26,deu,0,4,0.0,6.5
2025-11-26,dza,0,1,0.0,4.0
2025-11-26,ecu,0,2,0.0,13.5
2025-11-26,esp,0,3,0.0,3.6666666666666665
2025-11-26,gbr,0,5,0.0,21.6
2025-11-26,gha,0,1,0.0,11.0
2025-11-26,gin,0,1,0.0,6.0
2025-11-26,grc,0,1,0.0,38.0
2025-11-26,guy,0,1,0.0,1.0
2025-11-26,hrv,0,1,0.0,5.0
2025-11-26,hun,0,1,0.0,8.0
2025-11-26,imn,0,1,0.0,11.0
2025-11-26,ind,0,7,0.0,11.428571428571429
2025-11-26,irl,0,1,0.0,8.0
2025-11-26,isr,0,2,0.0,9.0
2025-11-26,jpn,0,1,0.0,8.0
2025-11-26,kor,0,1,0.0,1.0
2025-11-26,mex,0,2,0.0,6.5
2025-11-26,mng,0,1,0.0,11.0
2025-11-26,moz,0,2,0.0,8.5
2025-11-26,mus,0,1,0.0,11.0
2025-11-26,nga,0,1,0.0,2.0
2025-11-26,nld,0,3,0.0,49.0
2025-11-26,pan,0,1,0.0,1.0
2025-11-26,phl,0,1,0.0,1.0
2025-11-26,pol,0,3,0.0,15.666666666666666
2025-11-26,prt,0,24,0.0,10.583333333333334
2025-11-26,pry,0,3,0.0,2.666666666666667
2025-11-26,pse,0,1,0.0,7.0
2025-11-26,rus,0,3,0.0,5.0
2025-11-26,sau,0,2,0.0,6.0
2025-11-26,sen,0,2,0.0,12.0
2025-11-26,tur,0,2,0.0,5.5
2025-11-26,ury,0,2,0.0,10.5
2025-11-26,usa,0,100,0.0,14.55
2025-11-26,ven,0,1,0.0,1.0
2025-11-26,zaf,0,1,0.0,1.0
2025-11-27,ago,0,2,0.0,2.0
2025-11-27,are,0,4,0.0,7.25
2025-11-27,arg,0,7,0.0,8.428571428571429
2025-11-27,bgd,0,2,0.0,2.5
2025-11-27,bih,0,1,0.0,9.0
2025-11-27,bol,0,1,0.0,7.0
2025-11-27,can,0,3,0.0,7.333333333333333
2025-11-27,chl,0,2,0.0,8.0
2025-11-27,col,0,2,0.0,8.0
2025-11-27,cpv,0,1,0.0,3.0
2025-11-27,cri,0,1,0.0,4.0
2025-11-27,deu,0,2,0.0,31.0
2025-11-27,dnk,0,1,0.0,8.0
2025-11-27,ecu,0,3,0.0,12.666666666666666
2025-11-27,egy,0,1,0.0,2.0
2025-11-27,esp,0,3,0.0,7.666666666666667
2025-11-27,fra,0,3,0.0,5.0
2025-11-27,gbr,0,3,0.0,10.666666666666666
2025-11-27,guy,0,1,0.0,11.0
2025-11-27,hnd,0,1,0.0,7.0
2025-11-27,idn,0,2,0.0,10.5
2025-11-27,ind,0,6,0.0,5.5
2025-11-27,ita,0,5,0.0,4.2
2025-11-27,jpn,0,3,0.0,8.666666666666668
2025-11-27,ken,0,1,0.0,48.0
2025-11-27,kor,0,2,0.0,8.5
2025-11-27,mar,0,1,0.0,17.0
2025-11-27,mex,0,3,0.0,8.0
2025-11-27,mne,0,3,0.0,1.0
2025-11-27,moz,0,3,0.0,1.0
2025-11-27,mys,0,2,0.0,9.5
2025-11-27,nga,0,4,0.0,24.75
2025-11-27,nic,0,1,0.0,4.0
2025-11-27,nld,0,2,0.0,8.0
2025-11-27,pak,0,3,0.0,6.333333333333333
2025-11-27,per,0,3,0.0,10.666666666666666
2025-11-27,phl,0,1,0.0,8.0
2025-11-27,prt,0,17,0.0,8.0
2025-11-27,pry,0,1,0.0,7.0
2025-11-27,qat,0,3,0.0,8.666666666666668
2025-11-27,rou,0,1,0.0,7.0
2025-11-27,rus,0,1,0.0,16.0
2025-11-27,sgp,0,1,0.0,5.0
2025-11-27,srb,0,2,0.0,1.5
2025-11-27,twn,0,1,0.0,3.0
2025-11-27,ury,0,2,0.0,7.5
2025-11-27,usa,0,87,0.0,11.344827586206897
2025-11-27,ven,0,2,0.0,13.0
2025-11-27,vnm,0,1,0.0,9.0
2025-11-27,zaf,0,1,0.0,8.0
2025-11-28,ago,0,6,0.0,2.666666666666667
2025-11-28,are,0,15,0.0,7.533333333333333
2025-11-28,arg,0,10,0.0,8.7
2025-11-28,aus,0,1,0.0,9.0
2025-11-28,aut,0,1,0.0,1.0
2025-11-28,bel,0,1,0.0,10.0
2025-11-28,bgd,0,1,0.0,6.0
2025-11-28,bhr,0,1,0.0,6.0
2025-11-28,bih,0,1,0.0,4.0
2025-11-28,caf,0,2,0.0,13.0
2025-11-28,can,0,5,0.0,10.0
2025-11-28,che,0,2,0.0,4.0
2025-11-28,chl,0,7,0.0,5.857142857142857
2025-11-28,cpv,0,1,0.0,4.0
2025-11-28,deu,0,7,0.0,5.428571428571429
2025-11-28,dom,0,1,0.0,5.0
2025-11-28,ecu,0,1,0.0,15.0
2025-11-28,esp,0,5,0.0,7.8
2025-11-28,eth,0,1,0.0,8.0
2025-11-28,fra,0,4,0.0,8.25
2025-11-28,gbr,0,2,0.0,7.0
2025-11-28,hkg,0,1,0.0,3.0
2025-11-28,idn,0,1,0.0,9.0
2025-11-28,ind,0,8,0.0,8.625
2025-11-28,irl,0,2,0.0,12.0
2025-11-28,irn,0,5,0.0,7.2
2025-11-28,ita,0,3,0.0,3.0
2025-11-28,jpn,0,1,0.0,3.0
2025-11-28,kor,0,2,0.0,7.0
2025-11-28,kwt,0,1,0.0,5.0
2025-11-28,mex,0,3,0.0,6.0
2025-11-28,mrt,0,1,0.0,11.0
2025-11-28,mys,0,1,0.0,17.0
2025-11-28,nga,0,3,0.0,4.0
2025-11-28,nor,0,1,0.0,6.0
2025-11-28,nzl,0,1,0.0,4.0
2025-11-28,per,0,10,0.0,6.9
2025-11-28,phl,0,1,0.0,15.0
2025-11-28,prt,0,27,0.0,8.777777777777779
2025-11-28,pry,0,6,0.0,9.0
2025-11-28,rou,0,3,0.0,9.0
2025-11-28,rus,0,1,0.0,5.0
2025-11-28,sau,0,1,0.0,10.0
2025-11-28,slv,0,1,0.0,4.0
2025-11-28,swe,0,1,0.0,8.0
2025-11-28,tgo,0,1,0.0,31.0
2025-11-28,tto,0,1,0.0,16.0
2025-11-28,tun,0,1,0.0,3.0
2025-11-28,usa,0,110,0.0,8.136363636363637
2025-11-28,ven,0,3,0.0,6.0
2025-11-28,zaf,0,1,0.0,3.0
2025-11-29,ago,0,2,0.0,1.0
2025-11-29,are,0,6,0.0,7.666666666666667
2025-11-29,arg,0,14,0.0,8.285714285714285
2025-11-29,aus,0,4,0.0,7.0
2025-11-29,bel,0,4,0.0,6.75
2025-11-29,bgd,0,1,0.0,13.0
2025-11-29,bol,0,1,0.0,1.0
2025-11-29,caf,0,1,0.0,13.0
2025-11-29,can,0,5,0.0,13.2
2025-11-29,che,0,1,0.0,5.0
2025-11-29,chl,0,2,0.0,5.0
2025-11-29,col,0,2,0.0,9.0
2025-11-29,cri,0,1,0.0,1.0
2025-11-29,deu,0,4,0.0,9.75
2025-11-29,ecu,0,2,0.0,9.0
2025-11-29,esp,0,1,0.0,6.0
2025-11-29,fin,0,1,0.0,10.0
2025-11-29,fra,0,6,0.0,21.0
2025-11-29,gbr,0,7,0.0,15.142857142857142
2025-11-29,hnd,0,1,0.0,9.0
2025-11-29,ind,0,6,0.0,9.166666666666666
2025-11-29,irl,0,3,0.0,2.666666666666667
2025-11-29,ita,0,4,0.0,7.75
2025-11-29,jor,0,1,0.0,23.0
2025-11-29,jpn,0,2,0.0,8.5
2025-11-29,ken,0,1,0.0,9.0
2025-11-29,kor,0,1,0.0,2.0
2025-11-29,mex,0,3,0.0,6.333333333333333
2025-11-29,moz,0,2,0.0,4.0
2025-11-29,mys,0,2,0.0,30.5
2025-11-29,nga,0,4,0.0,5.25
2025-11-29,nic,0,1,0.0,7.0
2025-11-29,nld,0,2,0.0,7.5
2025-11-29,pak,0,2,0.0,10.0
2025-11-29,per,0,1,0.0,9.0
2025-11-29,phl,0,4,0.0,9.25
2025-11-29,prt,0,37,0.0,12.108108108108109
2025-11-29,pry,0,3,0.0,5.0
2025-11-29,rus,0,1,0.0,2.0
2025-11-29,sgp,0,1,0.0,11.0
2025-11-29,svk,0,1,0.0,11.0
2025-11-29,tcd,0,1,0.0,7.0
2025-11-29,tha,0,1,0.0,2.0
2025-11-29,tur,0,1,0.0,14.0
2025-11-29,uga,0,1,0.0,9.0
2025-11-29,usa,0,94,0.0,8.02127659574468
2025-11-29,ven,0,1,0.0,9.0
2025-11-29,vnm,0,1,0.0,9.0
2025-11-29,zaf,0,1,0.0,9.0
2025-11-30,ago,0,1,0.0,1.0
2025-11-30,are,0,3,0.0,10.666666666666666
2025-11-30,arm,0,1,0.0,2.0
2025-11-30,aus,0,5,0.0,9.6
2025-11-30,aut,0,1,0.0,3.0
2025-11-30,bel,0,2,0.0,5.0
2025-11-30,bgd,0,1,0.0,11.0
2025-11-30,bgr,0,1,0.0,6.0
2025-11-30,bih,0,1,0.0,3.0
2025-11-30,can,0,4,0.0,2.5
2025-11-30,che,0,4,0.0,5.75
2025-11-30,chl,0,5,0.0,6.8
2025-11-30,deu,0,2,0.0,4.5
2025-11-30,esp,0,4,0.0,8.25
2025-11-30,fin,0,1,0.0,4.0
2025-11-30,fra,0,6,0.0,7.166666666666667
2025-11-30,gbr,0,5,0.0,6.8
2025-11-30,grc,0,1,0.0,9.0
2025-11-30,ind,0,2,0.0,5.0
2025-11-30,irl,0,3,0.0,9.333333333333334
2025-11-30,irq,0,1,0.0,20.0
2025-11-30,isr,0,2,0.0,12.5
2025-11-30,ita,0,2,0.0,10.5
2025-11-30,jpn,0,4,0.0,7.25
2025-11-30,ken,0,1,0.0,5.0
2025-11-30,lbr,0,1,0.0,11.0
2025-11-30,mex,0,1,0.0,20.0
2025-11-30,moz,0,1,0.0,2.0
2025-11-30,mrt,0,1,0.0,6.0
2025-11-30,mwi,0,1,0.0,6.0
2025-11-30,nga,0,1,0.0,9.0
2025-11-30,nld,0,6,0.0,9.166666666666666
2025-11-30,pan,0,2,0.0,4.0
2025-11-30,per,0,4,0.0,7.75
2025-11-30,phl,0,1,0.0,30.0
2025-11-30,pri,0,1,0.0,11.0
2025-11-30,prt,0,38,0.0,7.026315789473684
2025-11-30,pry,0,4,0.0,9.0
2025-11-30,rus,0,1,0.0,12.0
2025-11-30,swe,0,2,0.0,6.5
2025-11-30,tha,0,2,0.0,6.0
2025-11-30,tun,0,1,0.0,9.0
2025-11-30,tur,0,1,0.0,6.0
2025-11-30,uga,0,2,0.0,9.5
2025-11-30,ury,0,1,0.0,11.0
2025-11-30,usa,0,53,0.0,8.075471698113208
2025-11-30,zaf,0,1,0.0,4.0
2025-11-30,zwe,0,1,0.0,2.0
2025-12-01,ago,0,4,0.0,3.75
2025-12-01,are,0,9,0.0,8.222222222222221
2025-12-01,arg,0,9,0.0,5.555555555555555
2025-12-01,bel,0,1,0.0,1.0
2025-12-01,bgd,0,1,0.0,9.0
2025-12-01,bgr,0,1,0.0,6.0
2025-12-01,bwa,0,1,0.0,2.0
2025-12-01,can,0,5,0.0,9.0
2025-12-01,che,0,5,0.0,8.2
2025-12-01,chl,0,4,0.0,9.5
2025-12-01,civ,0,1,0.0,8.0
2025-12-01,col,0,3,0.0,7.333333333333333
2025-12-01,cri,0,1,0.0,9.0
2025-12-01,deu,0,5,0.0,41.0
2025-12-01,ecu,0,1,0.0,5.0
2025-12-01,egy,0,1,0.0,8.0
2025-12-01,est,0,1,0.0,8.0
2025-12-01,fra,0,2,0.0,14.5
2025-12-01,gbr,0,1,0.0,7.0
2025-12-01,grc,0,2,0.0,9.5
2025-12-01,hkg,0,1,0.0,9.0
2025-12-01,hnd,0,1,0.0,2.0
2025-12-01,hun,0,1,0.0,9.0
2025-12-01,idn,0,4,0.0,8.25
2025-12-01,ind,0,6,0.0,8.333333333333332
2025-12-01,isr,0,3,0.0,4.666666666666666
2025-12-01,ita,0,1,0.0,9.0
2025-12-01,kwt,0,1,0.0,11.0
2025-12-01,lie,0,1,0.0,100.0
2025-12-01,lka,0,1,0.0,8.0
2025-12-01,ltu,0,1,0.0,93.0
2025-12-01,lux,0,1,0.0,97.0
2025-12-01,mar,0,1,0.0,2.0
2025-12-01,mne,0,1,0.0,2.0
2025-12-01,moz,0,2,0.0,3.0
2025-12-01,nga,0,6,0.0,4.666666666666666
2025-12-01,nld,0,2,0.0,9.5
2025-12-01,nor,0,1,0.0,9.0
2025-12-01,nzl,0,1,0.0,13.0
2025-12-01,per,0,2,0.0,6.5
2025-12-01,phl,0,1,0.0,10.0
2025-12-01,prt,0,25,0.0,6.92
2025-12-01,pry,0,2,0.0,10.0
2025-12-01,rus,0,1,0.0,45.0
2025-12-01,sau,0,1,0.0,8.0
2025-12-01,sgp,0,1,0.0,1.0
2025-12-01,tza,0,1,0.0,7.0
2025-12-01,uga,0,2,0.0,10.0
2025-12-01,ukr,0,3,0.0,59.333333333333336
2025-12-01,ury,0,2,0.0,5.5
2025-12-01,usa,0,127,0.0,7.826771653543307
2025-12-01,uzb,0,1,0.0,4.0
2025-12-01,vnm,0,2,0.0,3.5
2025-12-01,zaf,0,4,0.0,5.5
2025-12-02,are,0,8,0.0,10.875
2025-12-02,aus,0,1,0.0,6.0
2025-12-02,bgd,0,2,0.0,5.0
2025-12-02,bhr,0,2,0.0,6.0
2025-12-02,brn,0,1,0.0,11.0
2025-12-02,can,0,9,0.0,10.444444444444445
2025-12-02,che,0,2,0.0,7.0
2025-12-02,chl,0,4,0.0,9.5
2025-12-02,cog,0,1,0.0,10.0
2025-12-02,col,0,1,0.0,14.0
2025-12-02,cri,0,1,0.0,12.0
2025-12-02,deu,0,1,0.0,13.0
2025-12-02,dnk,0,1,0.0,15.0
2025-12-02,dom,0,2,0.0,4.5
2025-12-02,dza,0,6,0.0,8.833333333333332
2025-12-02,ecu,0,3,0.0,6.666666666666667
2025-12-02,egy,0,1,0.0,1.0
2025-12-02,esp,0,8,0.0,8.625
2025-12-02,eth,0,1,0.0,12.0
2025-12-02,fin,0,1,0.0,20.0
2025-12-02,idn,0,3,0.0,11.0
2025-12-02,ind,0,11,0.0,13.0
2025-12-02,irl,0,1,0.0,12.0
2025-12-02,irq,0,1,0.0,5.0
2025-12-02,isr,0,1,0.0,6.0
2025-12-02,ita,0,4,0.0,5.0
2025-12-02,jpn,0,3,0.0,5.333333333333333
2025-12-02,kor,0,1,0.0,7.0
2025-12-02,kwt,0,2,0.0,7.0
2025-12-02,lao,0,1,0.0,6.0
2025-12-02,ltu,0,3,0.0,17.666666666666668
2025-12-02,lux,0,1,0.0,7.0
2025-12-02,lva,0,1,0.0,20.0
2025-12-02,mar,0,1,0.0,7.0
2025-12-02,mex,0,7,0.0,12.857142857142858
2025-12-02,moz,0,2,0.0,2.0
2025-12-02,nga,0,8,0.0,4.5
2025-12-02,nld,0,2,0.0,7.0
2025-12-02,nor,0,1,0.0,17.0
2025-12-02,nzl,0,4,0.0,5.0
2025-12-02,pak,0,2,0.0,7.0
2025-12-02,per,0,5,0.0,6.6
2025-12-02,phl,0,2,0.0,8.0
2025-12-02,prt,0,21,0.0,8.285714285714285
2025-12-02,pry,0,4,0.0,10.0
2025-12-02,rou,0,1,0.0,7.0
2025-12-02,rus,0,1,0.0,18.0
2025-12-02,sau,0,1,0.0,10.0
2025-12-02,sen,0,1,0.0,8.0
2025-12-02,swe,0,1,0.0,8.0
2025-12-02,tha,0,2,0.0,8.5
2025-12-02,tto,0,1,0.0,11.0
2025-12-02,twn,0,3,0.0,8.0
2025-12-02,uga,0,3,0.0,6.333333333333333
2025-12-02,ury,0,1,0.0,3.0
2025-12-02,usa,0,160,0.0,7.13125
2025-12-02,ven,0,1,0.0,4.0
2025-12-02,vnm,0,1,0.0,10.0
2025-12-03,are,0,6,0.0,7.833333333333333
2025-12-03,arg,0,4,0.0,5.25
2025-12-03,aus,0,1,0.0,9.0
2025-12-03,bel,0,2,0.0,12.5
2025-12-03,bgd,0,2,0.0,12.5
2025-12-03,can,0,7,0.0,8.0
2025-12-03,che,0,3,0.0,7.666666666666667
2025-12-03,chl,0,7,0.0,8.0
2025-12-03,chn,0,1,0.0,18.0
2025-12-03,cmr,0,2,0.0,8.0
2025-12-03,deu,0,3,0.0,13.333333333333334
2025-12-03,dom,0,2,0.0,11.0
2025-12-03,egy,0,2,0.0,45.0
2025-12-03,esp,0,1,0.0,4.0
2025-12-03,fra,0,5,0.0,7.2
2025-12-03,gbr,0,9,0.0,10.444444444444445
2025-12-03,gha,0,1,0.0,3.0
2025-12-03,grc,0,1,0.0,3.0
2025-12-03,grd,0,1,0.0,9.0
2025-12-03,idn,0,1,0.0,13.0
2025-12-03,ind,0,16,0.0,7.5625
2025-12-03,irl,0,2,0.0,11.0
2025-12-03,irn,0,1,0.0,3.0
2025-12-03,ita,0,7,0.0,8.142857142857142
2025-12-03,ken,0,1,0.0,7.0
2025-12-03,kor,0,2,0.0,35.5
2025-12-03,mex,0,4,0.0,6.25
2025-12-03,mus,0,1,0.0,1.0
2025-12-03,mys,0,2,0.0,17.0
2025-12-03,nga,0,2,0.0,7.5
2025-12-03,nld,0,1,0.0,12.0
2025-12-03,nor,0,1,0.0,9.0
2025-12-03,pak,0,1,0.0,5.0
2025-12-03,phl,0,2,0.0,38.0
2025-12-03,pol,0,3,0.0,10.0
2025-12-03,prt,0,12,0.0,10.083333333333334
2025-12-03,rus,0,1,0.0,3.0
2025-12-03,srb,0,1,0.0,15.0
2025-12-03,twn,0,1,0.0,7.0
2025-12-03,uga,0,1,0.0,6.0
2025-12-03,uzb,0,1,0.0,1.0
2025-12-03,vnm,0,3,0.0,46.333333333333336
2025-12-04,abw,0,1,0.0,12.0
2025-12-04,ago,0,4,0.0,3.75
2025-12-04,alb,0,1,0.0,10.0
2025-12-04,are,0,3,0.0,6.0
2025-12-04,arg,0,11,0.0,11.818181818181818
2025-12-04,can,0,2,0.0,7.5
2025-12-04,chl,0,1,0.0,3.0
2025-12-04,col,0,1,0.0,6.0
2025-12-04,cri,0,1,0.0,18.0
2025-12-04,deu,0,4,0.0,12.25
2025-12-04,egy,0,1,0.0,6.0
2025-12-04,esp,0,4,0.0,10.75
2025-12-04,fra,0,1,0.0,5.0
2025-12-04,gab,0,1,0.0,7.0
2025-12-04,gbr,0,6,0.0,8.5
2025-12-04,hrv,0,1,0.0,6.0
2025-12-04,idn,0,2,0.0,9.0
2025-12-04,ind,0,6,0.0,8.833333333333332
2025-12-04,irl,0,1,0.0,10.0
2025-12-04,isr,0,1,0.0,20.0
2025-12-04,ita,0,7,0.0,4.857142857142858
2025-12-04,jpn,0,2,0.0,5.5
2025-12-04,kor,0,2,0.0,10.0
2025-12-04,kwt,0,2,0.0,10.0
2025-12-04,mar,0,2,0.0,12.0
2025-12-04,mex,0,5,0.0,14.8
2025-12-04,nga,0,10,0.0,2.6
2025-12-04,nld,0,1,0.0,8.0
2025-12-04,pak,0,1,0.0,12.0
2025-12-04,pan,0,1,0.0,12.0
2025-12-04,phl,0,5,0.0,11.0
2025-12-04,pol,0,1,0.0,19.0
2025-12-04,prt,0,12,0.0,5.583333333333333
2025-12-04,pry,0,3,0.0,9.333333333333334
2025-12-04,pse,0,1,0.0,4.0
2025-12-04,rus,0,1,0.0,20.0
2025-12-04,sen,0,1,0.0,19.0
2025-12-04,srb,0,2,0.0,19.0
2025-12-04,tha,0,3,0.0,9.666666666666666
2025-12-04,tur,0,2,0.0,11.0
2025-12-04,twn,0,3,0.0,5.0
2025-12-04,ukr,0,1,0.0,7.0
2025-12-04,ury,0,1,0.0,5.0
2025-12-04,usa,0,94,0.0,8.404255319148936
2025-12-04,ven,0,1,0.0,13.0
2025-12-04,vnm,0,3,0.0,42.666666666666664
2025-12-04,zaf,0,1,0.0,3.0
2025-12-04,zwe,0,1,0.0,18.0
2025-12-05,ago,0,3,0.0,7.333333333333333
2025-12-05,alb,0,2,0.0,3.0
2025-12-05,are,0,7,0.0,9.142857142857142
2025-12-05,arg,0,7,0.0,8.857142857142858
2025-12-05,aus,0,2,0.0,6.5
2025-12-05,bel,0,1,0.0,23.0
2025-12-05,bgd,0,2,0.0,4.5
2025-12-05,bgr,0,1,0.0,11.0
2025-12-05,caf,0,8,0.0,12.0
2025-12-05,can,0,4,0.0,12.25
2025-12-05,chl,0,3,0.0,11.0
2025-12-05,chn,0,2,0.0,3.0
2025-12-05,cub,0,1,0.0,1.0
2025-12-05,deu,0,2,0.0,16.5
2025-12-05,dza,0,1,0.0,15.0
2025-12-05,ecu,0,1,0.0,1.0
2025-12-05,esp,0,2,0.0,7.0
2025-12-05,fra,0,3,0.0,7.666666666666667
2025-12-05,gbr,0,2,0.0,21.5
2025-12-05,hun,0,1,0.0,9.0
2025-12-05,idn,0,1,0.0,19.0
2025-12-05,ind,0,8,0.0,11.5
2025-12-05,irl,0,4,0.0,6.0
2025-12-05,isl,0,1,0.0,17.0
2025-12-05,ita,0,3,0.0,3.3333333333333335
2025-12-05,jor,0,2,0.0,8.5
2025-12-05,jpn,0,3,0.0,5.333333333333333
2025-12-05,kor,0,3,0.0,9.666666666666666
2025-12-05,mng,0,1,0.0,2.0
2025-12-05,nld,0,2,0.0,7.0
2025-12-05,per,0,2,0.0,3.5
2025-12-05,phl,0,2,0.0,4.0
2025-12-05,pol,0,3,0.0,6.666666666666667
2025-12-05,pry,0,3,0.0,7.666666666666667
2025-12-05,rou,0,2,0.0,8.5
2025-12-05,sgp,0,2,0.0,12.5
2025-12-05,stp,0,1,0.0,8.0
2025-12-05,tto,0,1,0.0,7.0
2025-12-05,tur,0,1,0.0,1.0
2025-12-05,twn,0,1,0.0,13.0
2025-12-05,ven,0,1,0.0,10.0
2025-12-05,vnm,0,1,0.0,7.0
2025-12-05,vut,0,1,0.0,11.0
2025-12-06,ago,0,2,0.0,3.0
2025-12-06,are,0,4,0.0,9.5
2025-12-06,arg,0,11,0.0,8.818181818181818
2025-12-06,aus,0,2,0.0,1.5
2025-12-06,bel,0,2,0.0,10.5
2025-12-06,ben,0,2,0.0,8.0
2025-12-06,can,0,4,0.0,10.75
2025-12-06,che,0,4,0.0,9.75
2025-12-06,chl,0,8,0.0,7.75
2025-12-06,civ,0,1,0.0,7.0
2025-12-06,col,0,2,0.0,6.0
2025-12-06,cze,0,1,0.0,9.0
2025-12-06,deu,0,3,0.0,11.666666666666666
2025-12-06,dnk,0,1,0.0,14.0
2025-12-06,dom,0,1,0.0,12.0
2025-12-06,ecu,0,2,0.0,9.0
2025-12-06,esp,0,5,0.0,7.4
2025-12-06,est,0,1,0.0,4.0
2025-12-06,fra,0,6,0.0,17.833333333333332
2025-12-06,gbr,0,3,0.0,16.666666666666664
2025-12-06,gha,0,1,0.0,2.0
2025-12-06,grc,0,1,0.0,10.0
2025-12-06,idn,0,1,0.0,4.0
2025-12-06,ind,0,4,0.0,9.75
2025-12-06,irn,0,2,0.0,10.5
2025-12-06,irq,0,1,0.0,2.0
2025-12-06,ita,0,3,0.0,8.333333333333332
2025-12-06,jor,0,1,0.0,5.0
2025-12-06,ken,0,1,0.0,1.0
2025-12-06,kor,0,3,0.0,12.333333333333334
2025-12-06,mex,0,2,0.0,10.0
2025-12-06,mne,0,1,0.0,7.0
2025-12-06,mys,0,1,0.0,10.0
2025-12-06,nga,0,2,0.0,7.5
2025-12-06,per,0,1,0.0,8.0
2025-12-06,phl,0,5,0.0,13.4
2025-12-06,prt,0,38,0.0,7.7894736842105265
2025-12-06,pry,0,1,0.0,4.0
2025-12-06,sau,0,1,0.0,7.0
2025-12-06,tha,0,1,0.0,33.0
2025-12-06,tun,0,1,0.0,14.0
2025-12-06,usa,0,55,0.0,13.163636363636364
2025-12-06,ven,0,1,0.0,2.0
2025-12-06,vnm,0,2,0.0,6.5
2025-12-06,zaf,0,2,0.0,23.5
2025-12-07,afg,0,1,0.0,13.0
2025-12-07,ago,0,2,0.0,4.5
2025-12-07,are,0,4,0.0,8.0
2025-12-07,aus,0,1,0.0,6.0
2025-12-07,aut,0,2,0.0,34.0
2025-12-07,bgd,0,1,0.0,5.0
2025-12-07,can,0,3,0.0,6.666666666666667
2025-12-07,chl,0,2,0.0,7.5
2025-12-07,deu,0,4,0.0,36.75
2025-12-07,dza,0,1,0.0,9.0
2025-12-07,esp,0,3,0.0,8.333333333333332
2025-12-07,fra,0,3,0.0,7.666666666666667
2025-12-07,gab,0,1,0.0,11.0
2025-12-07,gbr,0,7,0.0,7.857142857142857
2025-12-07,hrv,0,1,0.0,8.0
2025-12-07,idn,0,1,0.0,8.0
2025-12-07,ind,0,8,0.0,10.375
2025-12-07,irl,0,1,0.0,2.0
2025-12-07,irq,0,1,0.0,9.0
2025-12-07,isr,0,2,0.0,6.5
2025-12-07,ita,0,1,0.0,2.0
2025-12-07,jam,0,1,0.0,3.0
2025-12-07,jpn,0,2,0.0,44.0
2025-12-07,kor,0,2,0.0,4.0
2025-12-07,mex,0,3,0.0,7.0
2025-12-07,omn,0,1,0.0,1.0
2025-12-07,phl,0,1,0.0,7.0
2025-12-07,pol,0,3,0.0,2.666666666666667
2025-12-07,prt,0,32,0.0,7.34375
2025-12-07,pry,0,3,0.0,8.333333333333332
2025-12-07,qat,0,1,0.0,10.0
2025-12-07,rus,0,1,0.0,1.0
2025-12-07,rwa,0,1,0.0,5.0
2025-12-07,sgp,0,1,0.0,5.0
2025-12-07,slv,0,1,0.0,2.0
2025-12-07,tha,0,3,0.0,3.6666666666666665
2025-12-07,tur,0,2,0.0,5.5
2025-12-07,tza,0,1,0.0,16.0
2025-12-07,ury,0,1,0.0,8.0
2025-12-07,usa,0,53,0.0,11.377358490566039
2025-12-07,vnm,0,3,0.0,23.666666666666668
2025-12-07,zaf,0,1,0.0,1.0
2025-12-08,ago,0,3,0.0,4.333333333333334
2025-12-08,are,0,5,0.0,7.6
2025-12-08,arg,0,7,0.0,22.428571428571427
2025-12-08,aus,0,3,0.0,6.333333333333333
2025-12-08,bel,0,1,0.0,2.0
2025-12-08,bfa,0,2,0.0,7.0
2025-12-08,bih,0,1,0.0,1.0
2025-12-08,caf,0,1,0.0,1.0
2025-12-08,can,0,2,0.0,11.5
2025-12-08,che,0,2,0.0,10.5
2025-12-08,chl,0,5,0.0,8.6
2025-12-08,cmr,0,1,0.0,9.0
2025-12-08,col,0,2,0.0,11.5
2025-12-08,cpv,0,1,0.0,9.0
2025-12-08,deu,0,3,0.0,4.666666666666666
2025-12-08,egy,0,2,0.0,7.5
2025-12-08,esp,0,7,0.0,9.0
2025-12-08,eth,0,1,0.0,29.0
2025-12-08,fin,0,1,0.0,1.0
2025-12-08,fra,0,8,0.0,7.75
2025-12-08,gbr,0,3,0.0,23.0
2025-12-08,hnd,0,1,0.0,14.0
2025-12-08,idn,0,1,0.0,5.0
2025-12-08,ind,0,11,0.0,5.545454545454546
2025-12-08,irl,0,2,0.0,8.0
2025-12-08,isr,0,1,0.0,3.0
2025-12-08,ita,0,14,0.0,8.357142857142858
2025-12-08,ken,0,1,0.0,4.0
2025-12-08,kor,0,2,0.0,8.0
2025-12-08,lux,0,1,0.0,11.0
2025-12-08,mar,0,2,0.0,7.0
2025-12-08,mex,0,4,0.0,9.0
2025-12-08,nam,0,1,0.0,1.0
2025-12-08,nga,0,3,0.0,2.333333333333333
2025-12-08,nld,0,2,0.0,14.0
2025-12-08,nor,0,1,0.0,5.0
2025-12-08,pak,0,1,0.0,18.0
2025-12-08,phl,0,1,0.0,55.0
2025-12-08,prt,0,46,0.0,8.978260869565219
2025-12-08,qat,0,1,0.0,9.0
2025-12-08,ssd,0,2,0.0,5.0
2025-12-08,svk,0,1,0.0,17.0
2025-12-08,swe,0,1,0.0,4.0
2025-12-08,twn,0,1,0.0,5.0
2025-12-08,ukr,0,2,0.0,51.5
2025-12-08,vnm,0,2,0.0,11.5
2025-12-08,xkk,0,2,0.0,11.0
2025-12-09,ago,0,4,0.0,8.0
2025-12-09,are,0,4,0.0,4.25
2025-12-09,arg,0,6,0.0,7.333333333333333
2025-12-09,aus,0,3,0.0,7.666666666666667
2025-12-09,bel,0,4,0.0,7.25
2025-12-09,bgd,0,5,0.0,10.6
2025-12-09,bol,0,2,0.0,10.0
2025-12-09,can,0,2,0.0,8.5
2025-12-09,che,0,2,0.0,8.0
2025-12-09,chl,0,1,0.0,7.0
2025-12-09,chn,0,1,0.0,5.0
2025-12-09,civ,0,1,0.0,5.0
2025-12-09,cmr,0,1,0.0,6.0
2025-12-09,deu,0,9,0.0,35.55555555555556
2025-12-09,dza,0,1,0.0,5.0
2025-12-09,esp,0,3,0.0,12.0
2025-12-09,fra,0,5,0.0,6.2
2025-12-09,gbr,0,5,0.0,7.2
2025-12-09,gtm,0,2,0.0,5.0
2025-12-09,hnd,0,1,0.0,20.0
2025-12-09,idn,0,2,0.0,1.5
2025-12-09,ind,0,11,0.0,6.636363636363637
2025-12-09,isr,0,1,0.0,6.0
2025-12-09,ita,0,5,0.0,7.8
2025-12-09,jor,0,1,0.0,7.0
2025-12-09,kor,0,4,0.0,10.5
2025-12-09,lby,0,1,0.0,13.0
2025-12-09,mex,0,3,0.0,8.0
2025-12-09,mne,0,1,0.0,9.0
2025-12-09,moz,0,2,0.0,1.0
2025-12-09,mys,0,1,0.0,9.0
2025-12-09,nga,0,2,0.0,2.0
2025-12-09,nld,0,2,0.0,8.0
2025-12-09,npl,0,1,0.0,99.0
2025-12-09,pak,0,3,0.0,9.333333333333334
2025-12-09,per,0,2,0.0,3.5
2025-12-09,phl,0,2,0.0,13.5
2025-12-09,pol,0,1,0.0,19.0
2025-12-09,prt,0,18,0.0,10.722222222222221
2025-12-09,pry,0,5,0.0,7.2
2025-12-09,qat,0,1,0.0,8.0
2025-12-09,rou,0,1,0.0,1.0
2025-12-09,rus,0,1,0.0,5.0
2025-12-09,svn,0,1,0.0,6.0
2025-12-09,swe,0,1,0.0,8.0
2025-12-09,tgo,0,1,0.0,4.0
2025-12-09,tha,0,1,0.0,5.0
2025-12-09,tza,0,1,0.0,5.0
2025-12-09,ury,0,3,0.0,8.0
2025-12-09,usa,0,98,0.0,9.540816326530612
2025-12-09,zaf,0,1,0.0,13.0
2025-12-10,ago,0,3,0.0,16.0
2025-12-10,are,0,2,0.0,46.0
2025-12-10,arg,0,16,0.0,7.375
2025-12-10,bih,0,1,0.0,10.0
2025-12-10,bol,0,1,0.0,8.0
2025-12-10,che,0,5,0.0,7.8
2025-12-10,chl,0,3,0.0,5.0
2025-12-10,civ,0,1,0.0,6.0
2025-12-10,col,0,1,0.0,12.0
2025-12-10,dza,0,1,0.0,12.0
2025-12-10,esp,0,4,0.0,7.25
2025-12-10,fra,0,2,0.0,10.0
2025-12-10,gbr,0,5,0.0,10.6
2025-12-10,idn,0,1,0.0,17.0
2025-12-10,ind,0,8,0.0,7.875
2025-12-10,irn,0,1,0.0,3.0
2025-12-10,ita,0,9,0.0,7.777777777777778
2025-12-10,ken,0,1,0.0,8.0
2025-12-10,mar,0,1,0.0,7.0
2025-12-10,mex,0,3,0.0,5.666666666666667
2025-12-10,mrt,0,1,0.0,11.0
2025-12-10,nga,0,2,0.0,10.0
2025-12-10,nld,0,5,0.0,7.8
2025-12-10,pak,0,1,0.0,17.0
2025-12-10,per,0,1,0.0,20.0
2025-12-10,prt,0,25,0.0,8.8
2025-12-10,pry,0,1,0.0,8.0
2025-12-10,qat,0,1,0.0,1.0
2025-12-10,sau,0,1,0.0,5.0
2025-12-10,svn,0,1,0.0,13.0
2025-12-10,uga,0,1,0.0,5.0
2025-12-10,ukr,0,1,0.0,18.0
2025-12-10,usa,0,67,0.0,8.597014925373134
2025-12-10,vnm,0,3,0.0,11.333333333333334
2025-12-10,zaf,0,2,0.0,1.0
2025-12-11,ago,0,1,0.0,12.0
2025-12-11,are,0,3,0.0,8.0
2025-12-11,arg,0,7,0.0,7.571428571428571
2025-12-11,aut,0,1,0.0,8.0
2025-12-11,bgd,0,1,0.0,12.0
2025-12-11,bgr,0,1,0.0,6.0
2025-12-11,bol,0,4,0.0,6.75
2025-12-11,can,0,1,0.0,7.0
2025-12-11,che,0,6,0.0,5.833333333333333
2025-12-11,chl,0,2,0.0,10.0
2025-12-11,civ,0,2,0.0,4.0
2025-12-11,col,0,1,0.0,19.0
2025-12-11,deu,0,7,0.0,7.285714285714286
2025-12-11,ecu,0,1,0.0,9.0
2025-12-11,egy,0,1,0.0,11.0
2025-12-11,esp,0,3,0.0,36.333333333333336
2025-12-11,fra,0,2,0.0,49.5
2025-12-11,gab,0,1,0.0,1.0
2025-12-11,gbr,0,2,0.0,6.0
2025-12-11,gha,0,1,0.0,6.0
2025-12-11,hkg,0,2,0.0,6.0
2025-12-11,hun,0,2,0.0,10.0
2025-12-11,idn,0,2,0.0,18.0
2025-12-11,ind,0,11,0.0,10.090909090909092
2025-12-11,irl,0,1,0.0,3.0
2025-12-11,irn,0,1,0.0,35.0
2025-12-11,ita,0,4,0.0,29.5
2025-12-11,jor,0,1,0.0,8.0
2025-12-11,jpn,0,2,0.0,7.5
2025-12-11,kor,0,4,0.0,7.5
2025-12-11,ltu,0,2,0.0,8.0
2025-12-11,lux,0,2,0.0,9.5
2025-12-11,mex,0,2,0.0,10.0
2025-12-11,mli,0,1,0.0,6.0
2025-12-11,moz,0,7,0.0,1.2857142857142856
2025-12-11,nga,0,4,0.0,12.0
2025-12-11,nld,0,2,0.0,5.0
2025-12-11,npl,0,1,0.0,12.0
2025-12-11,per,0,1,0.0,12.0
2025-12-11,phl,0,4,0.0,17.5
2025-12-11,pol,0,1,0.0,3.0
2025-12-11,prt,0,27,0.0,8.62962962962963
2025-12-11,pry,0,2,0.0,13.0
2025-12-11,rou,0,2,0.0,10.5
2025-12-11,tur,0,2,0.0,13.0
2025-12-11,tza,0,1,0.0,9.0
2025-12-11,ury,0,1,0.0,31.0
2025-12-11,vnm,0,2,0.0,27.0
2025-12-11,zwe,0,1,0.0,12.0
2025-12-12,ago,0,1,0.0,8.0
2025-12-12,are,0,4,0.0,6.5
2025-12-12,arg,0,9,0.0,7.0
2025-12-12,aus,0,2,0.0,7.0
2025-12-12,bgd,0,5,0.0,8.4
2025-12-12,can,0,1,0.0,7.0
2025-12-12,che,0,1,0.0,1.0
2025-12-12,chl,0,5,0.0,9.2
2025-12-12,cmr,0,2,0.0,13.5
2025-12-12,cze,0,2,0.0,7.0
2025-12-12,deu,0,1,0.0,7.0
2025-12-12,dnk,0,1,0.0,1.0
2025-12-12,dza,0,1,0.0,41.0
2025-12-12,ecu,0,1,0.0,18.0
2025-12-12,esp,0,2,0.0,8.5
2025-12-12,fin,0,1,0.0,12.0
2025-12-12,fra,0,1,0.0,48.0
2025-12-12,gbr,0,4,0.0,8.25
2025-12-12,gtm,0,2,0.0,7.0
2025-12-12,ind,0,9,0.0,6.111111111111111
2025-12-12,irl,0,1,0.0,1.0
2025-12-12,ita,0,4,0.0,5.75
2025-12-12,jpn,0,3,0.0,8.333333333333332
2025-12-12,ken,0,2,0.0,12.5
2025-12-12,khm,0,2,0.0,9.0
2025-12-12,kor,0,3,0.0,9.333333333333334
2025-12-12,ltu,0,1,0.0,1.0
2025-12-12,mar,0,2,0.0,7.5
2025-12-12,mex,0,1,0.0,8.0
2025-12-12,mys,0,1,0.0,16.0
2025-12-12,npl,0,1,0.0,11.0
2025-12-12,per,0,1,0.0,6.0
2025-12-12,phl,0,1,0.0,11.0
2025-12-12,pri,0,1,0.0,1.0
2025-12-12,prt,0,34,0.0,26.61764705882353
2025-12-12,pry,0,1,0.0,5.0
2025-12-12,qat,0,1,0.0,10.0
2025-12-12,rus,0,2,0.0,12.5
2025-12-12,sau,0,2,0.0,3.5
2025-12-12,srb,0,1,0.0,13.0
2025-12-12,svn,0,1,0.0,20.0
2025-12-12,tto,0,1,0.0,5.0
2025-12-12,tur,0,2,0.0,19.0
2025-12-12,twn,0,1,0.0,14.0
2025-12-12,usa,0,73,0.0,11.095890410958905
2025-12-12,vnm,0,2,0.0,13.0
2025-12-12,zaf,0,1,0.0,18.0
2025-12-13,ago,0,3,0.0,3.3333333333333335
2025-12-13,are,0,5,0.0,7.6
2025-12-13,arg,0,5,0.0,10.8
2025-12-13,aut,0,1,0.0,12.0
2025-12-13,can,0,1,0.0,19.0
2025-12-13,che,0,3,0.0,10.0
2025-12-13,chl,0,2,0.0,11.0
2025-12-13,cmr,0,1,0.0,8.0
2025-12-13,cog,0,1,0.0,11.0
2025-12-13,cyp,0,1,0.0,1.0
2025-12-13,deu,0,3,0.0,8.0
2025-12-13,dom,0,1,0.0,5.0
2025-12-13,ecu,0,2,0.0,3.5
2025-12-13,esp,0,1,0.0,11.0
2025-12-13,fra,0,2,0.0,8.5
2025-12-13,gab,0,2,0.0,8.0
2025-12-13,gnb,0,1,0.0,5.0
2025-12-13,hkg,0,1,0.0,8.0
2025-12-13,hun,0,1,0.0,1.0
2025-12-13,idn,0,2,0.0,10.5
2025-12-13,ind,0,10,0.0,8.7
2025-12-13,irn,0,1,0.0,2.0
2025-12-13,ita,0,3,0.0,41.0
2025-12-13,jor,0,2,0.0,4.5
2025-12-13,jpn,0,2,0.0,5.5
2025-12-13,ken,0,1,0.0,36.0
2025-12-13,kor,0,3,0.0,9.333333333333334
2025-12-13,mex,0,1,0.0,3.0
2025-12-13,mtq,0,1,0.0,14.0
2025-12-13,mys,0,1,0.0,3.0
2025-12-13,nld,0,1,0.0,6.0
2025-12-13,nor,0,1,0.0,15.0
2025-12-13,nzl,0,1,0.0,6.0
2025-12-13,phl,0,2,0.0,7.0
2025-12-13,pol,0,1,0.0,15.0
2025-12-13,prt,0,38,0.0,17.68421052631579
2025-12-13,pry,0,4,0.0,7.5
2025-12-13,sau,0,1,0.0,4.0
2025-12-13,srb,0,2,0.0,14.5
2025-12-13,svk,0,2,0.0,7.5
2025-12-13,swe,0,1,0.0,19.0
2025-12-13,tur,0,2,0.0,10.0
2025-12-13,usa,0,61,0.0,11.344262295081966
2025-12-13,vnm,0,1,0.0,11.0
2025-12-13,yem,0,1,0.0,1.0
2025-12-14,ago,0,5,0.0,6.6
2025-12-14,are,0,4,0.0,8.0
2025-12-14,arg,0,10,0.0,10.0
2025-12-14,aus,0,3,0.0,5.0
2025-12-14,bol,0,1,0.0,4.0
2025-12-14,can,0,4,0.0,5.75
2025-12-14,chl,0,4,0.0,10.25
2025-12-14,cmr,0,1,0.0,9.0
2025-12-14,col,0,3,0.0,2.666666666666667
2025-12-14,cyp,0,1,0.0,8.0
2025-12-14,deu,0,1,0.0,7.0
2025-12-14,ecu,0,2,0.0,14.0
2025-12-14,esp,0,2,0.0,35.0
2025-12-14,fra,0,2,0.0,13.0
2025-12-14,gbr,0,4,0.0,13.0
2025-12-14,hkg,0,3,0.0,7.0
2025-12-14,hun,0,1,0.0,8.0
2025-12-14,idn,0,4,0.0,17.0
2025-12-14,ind,0,7,0.0,7.571428571428571
2025-12-14,irq,0,1,0.0,2.0
2025-12-14,ita,0,7,0.0,13.857142857142858
2025-12-14,kor,0,2,0.0,5.0
2025-12-14,lbn,0,2,0.0,2.0
2025-12-14,lby,0,1,0.0,28.0
2025-12-14,lka,0,1,0.0,1.0
2025-12-14,ltu,0,1,0.0,8.0
2025-12-14,mdg,0,1,0.0,11.0
2025-12-14,mex,0,2,0.0,12.5
2025-12-14,moz,0,2,0.0,4.0
2025-12-14,mwi,0,1,0.0,8.0
2025-12-14,nga,0,1,0.0,17.0
2025-12-14,nld,0,7,0.0,6.714285714285714
2025-12-14,nor,0,1,0.0,8.0
2025-12-14,phl,0,1,0.0,8.0
2025-12-14,prt,0,34,0.0,8.029411764705882
2025-12-14,pry,0,1,0.0,11.0
2025-12-14,rou,0,1,0.0,1.0
2025-12-14,rus,0,1,0.0,7.0
2025-12-14,sau,0,1,0.0,11.0
2025-12-14,sgp,0,1,0.0,12.0
2025-12-14,swe,0,3,0.0,7.0
2025-12-14,tgo,0,1,0.0,10.0
2025-12-14,tha,0,1,0.0,11.0
2025-12-14,tun,0,1,0.0,12.0
2025-12-14,tur,0,2,0.0,5.5
2025-12-14,usa,0,61,0.0,12.78688524590164
2025-12-14,vnm,0,3,0.0,11.0
2025-12-14,zaf,0,1,0.0,5.0
2025-12-15,ago,0,2,0.0,9.0
2025-12-15,are,0,6,0.0,7.333333333333333
2025-12-15,arg,0,12,0.0,8.166666666666668
2025-12-15,aut,0,4,0.0,10.75
2025-12-15,aze,0,1,0.0,11.0
2025-12-15,bgd,0,2,0.0,7.5
2025-12-15,caf,0,1,0.0,7.0
2025-12-15,can,0,3,0.0,6.333333333333333
2025-12-15,che,0,7,0.0,37.857142857142854
2025-12-15,chn,0,2,0.0,23.5
2025-12-15,cmr,0,4,0.0,9.5
2025-12-15,cri,0,1,0.0,4.0
2025-12-15,deu,0,7,0.0,8.857142857142858
2025-12-15,dom,0,1,0.0,5.0
2025-12-15,dza,0,1,0.0,9.0
2025-12-15,ecu,0,1,0.0,20.0
2025-12-15,esp,0,6,0.0,3.8333333333333335
2025-12-15,eth,0,1,0.0,3.0
2025-12-15,fra,0,11,0.0,15.363636363636363
2025-12-15,gbr,0,5,0.0,10.8
2025-12-15,grc,0,2,0.0,3.0
2025-12-15,hkg,0,1,0.0,1.0
2025-12-15,ind,0,16,0.0,9.25
2025-12-15,isr,0,1,0.0,9.0
2025-12-15,ita,0,6,0.0,7.166666666666667
2025-12-15,jpn,0,2,0.0,5.0
2025-12-15,ken,0,2,0.0,8.5
2025-12-15,kor,0,3,0.0,10.0
2025-12-15,mar,0,1,0.0,8.0
2025-12-15,mex,0,7,0.0,7.857142857142857
2025-12-15,moz,0,1,0.0,4.0
2025-12-15,mys,0,1,0.0,18.0
2025-12-15,nga,0,2,0.0,5.5
2025-12-15,nld,0,1,0.0,6.0
2025-12-15,nor,0,2,0.0,7.0
2025-12-15,per,0,2,0.0,9.5
2025-12-15,phl,0,3,0.0,10.666666666666666
2025-12-15,prt,0,26,0.0,7.384615384615385
2025-12-15,pry,0,5,0.0,8.4
2025-12-15,svn,0,1,0.0,7.0
2025-12-15,tur,0,5,0.0,7.8
2025-12-15,ury,0,1,0.0,2.0
2025-12-15,usa,0,102,0.0,8.333333333333332
2025-12-15,ven,0,1,0.0,9.0
2025-12-15,zaf,0,1,0.0,7.0
2025-12-16,ago,0,1,0.0,9.0
2025-12-16,are,0,6,0.0,6.833333333333333
2025-12-16,aus,0,5,0.0,8.0
2025-12-16,bel,0,2,0.0,9.0
2025-12-16,caf,0,1,0.0,13.0
2025-12-16,can,0,5,0.0,10.2
2025-12-16,che,0,2,0.0,7.5
2025-12-16,chl,0,2,0.0,12.0
2025-12-16,col,0,2,0.0,7.5
2025-12-16,deu,0,8,0.0,30.375
2025-12-16,dza,0,2,0.0,13.5
2025-12-16,ecu,0,1,0.0,19.0
2025-12-16,esp,0,7,0.0,30.428571428571427
2025-12-16,fin,0,1,0.0,8.0
2025-12-16,fra,0,5,0.0,7.8
2025-12-16,gbr,0,8,0.0,15.375
2025-12-16,idn,0,2,0.0,14.5
2025-12-16,ind,0,14,0.0,7.142857142857143
2025-12-16,irl,0,1,0.0,1.0
2025-12-16,irq,0,1,0.0,3.0
2025-12-16,ita,0,7,0.0,13.857142857142858
2025-12-16,jor,0,1,0.0,5.0
2025-12-16,jpn,0,2,0.0,38.5
2025-12-16,kor,0,1,0.0,8.0
2025-12-16,ltu,0,1,0.0,2.0
2025-12-16,mar,0,2,0.0,13.5
2025-12-16,mco,0,1,0.0,9.0
2025-12-16,mex,0,2,0.0,13.5
2025-12-16,moz,0,2,0.0,7.0
2025-12-16,nga,0,1,0.0,10.0
2025-12-16,nld,0,4,0.0,47.75
2025-12-16,nor,0,1,0.0,10.0
2025-12-16,per,0,5,0.0,2.2
2025-12-16,prt,0,32,0.0,10.71875
2025-12-16,pry,0,6,0.0,5.666666666666667
2025-12-16,sau,0,2,0.0,5.0
2025-12-16,sur,0,1,0.0,10.0
2025-12-16,svn,0,1,0.0,2.0
2025-12-16,tha,0,2,0.0,8.0
2025-12-16,tur,0,2,0.0,10.0
2025-12-16,twn,0,1,0.0,2.0
2025-12-16,uga,0,1,0.0,4.0
2025-12-16,usa,0,99,0.0,11.0
2025-12-16,uzb,0,1,0.0,5.0
2025-12-16,ven,0,1,0.0,11.0
2025-12-16,vnm,0,1,0.0,7.0
2025-12-16,zwe,0,1,0.0,6.0
2025-12-17,ago,0,1,0.0,1.0
2025-12-17,arg,0,7,0.0,8.571428571428571
2025-12-17,aze,0,1,0.0,3.0
2025-12-17,bgd,0,1,0.0,11.0
2025-12-17,bol,0,1,0.0,10.0
2025-12-17,can,0,6,0.0,5.5
2025-12-17,che,0,2,0.0,5.5
2025-12-17,chl,0,6,0.0,8.666666666666668
2025-12-17,chn,0,1,0.0,6.0
2025-12-17,civ,0,1,0.0,4.0
2025-12-17,cmr,0,1,0.0,7.0
2025-12-17,col,0,2,0.0,7.5
2025-12-17,deu,0,7,0.0,6.571428571428571
2025-12-17,dnk,0,1,0.0,11.0
2025-12-17,dom,0,1,0.0,10.0
2025-12-17,ecu,0,1,0.0,14.0
2025-12-17,esp,0,6,0.0,13.833333333333334
2025-12-17,fra,0,1,0.0,12.0
2025-12-17,gbr,0,5,0.0,8.2
2025-12-17,hun,0,2,0.0,25.0
2025-12-17,idn,0,3,0.0,9.0
2025-12-17,ind,0,9,0.0,10.444444444444445
2025-12-17,irn,0,2,0.0,9.0
2025-12-17,ita,0,4,0.0,5.25
2025-12-17,jpn,0,1,0.0,12.0
2025-12-17,ken,0,5,0.0,11.0
2025-12-17,kgz,0,1,0.0,9.0
2025-12-17,khm,0,2,0.0,11.5
2025-12-17,kor,0,4,0.0,14.0
2025-12-17,kwt,0,1,0.0,7.0
2025-12-17,ltu,0,1,0.0,10.0
2025-12-17,lux,0,1,0.0,11.0
2025-12-17,mex,0,3,0.0,8.666666666666668
2025-12-17,moz,0,4,0.0,3.25
2025-12-17,nga,0,3,0.0,9.666666666666666
2025-12-17,nld,0,3,0.0,7.333333333333333
2025-12-17,nzl,0,1,0.0,7.0
2025-12-17,pak,0,1,0.0,10.0
2025-12-17,per,0,5,0.0,4.8
2025-12-17,phl,0,2,0.0,15.0
2025-12-17,pri,0,1,0.0,12.0
2025-12-17,prt,0,25,0.0,7.96
2025-12-17,pry,0,1,0.0,5.0
2025-12-17,pse,0,1,0.0,6.0
2025-12-17,rou,0,1,0.0,8.0
2025-12-17,rus,0,1,0.0,2.0
2025-12-17,sau,0,1,0.0,5.0
2025-12-17,swe,0,2,0.0,4.5
2025-12-17,tha,0,2,0.0,18.5
2025-12-17,tur,0,1,0.0,11.0
2025-12-17,twn,0,1,0.0,9.0
2025-12-17,uga,0,1,0.0,4.0
2025-12-17,ury,0,1,0.0,1.0
2025-12-17,usa,0,72,0.0,10.11111111111111
2025-12-17,vnm,0,1,0.0,6.0
2025-12-18,are,0,6,0.0,8.166666666666668
2025-12-18,arg,0,3,0.0,10.0
2025-12-18,aus,0,3,0.0,1.6666666666666665
2025-12-18,caf,0,2,0.0,13.0
2025-12-18,can,0,3,0.0,8.333333333333332
2025-12-18,che,0,2,0.0,8.0
2025-12-18,chl,0,10,0.0,4.7
2025-12-18,chn,0,2,0.0,6.0
2025-12-18,cmr,0,1,0.0,7.0
2025-12-18,col,0,2,0.0,10.0
2025-12-18,deu,0,3,0.0,4.333333333333334
2025-12-18,ecu,0,1,0.0,4.0
2025-12-18,esp,0,4,0.0,5.0
2025-12-18,fra,0,5,0.0,8.0
2025-12-18,gbr,0,6,0.0,19.0
2025-12-18,grc,0,1,0.0,12.0
2025-12-18,hrv,0,1,0.0,4.0
2025-12-18,hti,0,1,0.0,4.0
2025-12-18,idn,0,4,0.0,9.5
2025-12-18,ind,0,14,0.0,6.857142857142857
2025-12-18,isr,0,1,0.0,60.0
2025-12-18,jpn,0,4,0.0,7.0
2025-12-18,ken,0,1,0.0,5.0
2025-12-18,kor,0,2,0.0,13.0
2025-12-18,mex,0,3,0.0,5.666666666666667
2025-12-18,mne,0,1,0.0,5.0
2025-12-18,moz,0,1,0.0,5.0
2025-12-18,mwi,0,2,0.0,5.0
2025-12-18,mys,0,3,0.0,7.0
2025-12-18,nga,0,3,0.0,5.666666666666667
2025-12-18,nld,0,1,0.0,8.0
2025-12-18,nor,0,2,0.0,17.5
2025-12-18,pak,0,4,0.0,8.5
2025-12-18,pan,0,1,0.0,8.0
2025-12-18,per,0,1,0.0,8.0
2025-12-18,phl,0,4,0.0,7.75
2025-12-18,pol,0,1,0.0,2.0
2025-12-18,prt,0,25,0.0,7.64
2025-12-18,pry,0,1,0.0,1.0
2025-12-18,rus,0,3,0.0,8.0
2025-12-18,sau,0,1,0.0,1.0
2025-12-18,sen,0,1,0.0,8.0
2025-12-18,srb,0,1,0.0,7.0
2025-12-18,svn,0,1,0.0,8.0
2025-12-18,swe,0,2,0.0,5.5
2025-12-18,tcd,0,1,0.0,11.0
2025-12-18,tur,0,5,0.0,8.6
2025-12-18,uga,0,1,0.0,5.0
2025-12-18,ury,0,1,0.0,9.0
2025-12-18,vnm,0,3,0.0,8.0
2025-12-18,zaf,0,1,0.0,4.0
2025-12-19,ago,0,3,0.0,10.0
2025-12-19,alb,0,1,0.0,14.0
2025-12-19,are,0,10,0.0,7.3
2025-12-19,arg,0,7,0.0,7.857142857142857
2025-12-19,aus,0,4,0.0,4.75
2025-12-19,aut,0,1,0.0,9.0
2025-12-19,bel,0,1,0.0,2.0
2025-12-19,bgr,0,1,0.0,1.0
2025-12-19,bol,0,1,0.0,19.0
2025-12-19,can,0,4,0.0,7.75
2025-12-19,chl,0,4,0.0,11.0
2025-12-19,civ,0,2,0.0,11.5
2025-12-19,col,0,1,0.0,7.0
2025-12-19,deu,0,1,0.0,2.0
2025-12-19,ecu,0,1,0.0,7.0
2025-12-19,esp,0,4,0.0,8.5
2025-12-19,fra,0,4,0.0,11.25
2025-12-19,gbr,0,9,0.0,10.555555555555555
2025-12-19,gha,0,1,0.0,11.0
2025-12-19,gnb,0,1,0.0,8.0
2025-12-19,grc,0,1,0.0,8.0
2025-12-19,idn,0,4,0.0,9.75
2025-12-19,ind,0,10,0.0,7.5
2025-12-19,irl,0,1,0.0,6.0
2025-12-19,ita,0,2,0.0,9.5
2025-12-19,jpn,0,1,0.0,10.0
2025-12-19,kor,0,2,0.0,9.5
2025-12-19,mex,0,2,0.0,8.5
2025-12-19,mne,0,1,0.0,12.0
2025-12-19,moz,0,5,0.0,3.4
2025-12-19,mys,0,1,0.0,12.0
2025-12-19,nld,0,2,0.0,9.0
2025-12-19,pak,0,1,0.0,9.0
2025-12-19,per,0,1,0.0,9.0
2025-12-19,prt,0,25,0.0,7.84
2025-12-19,pry,0,3,0.0,10.333333333333334
2025-12-19,rou,0,1,0.0,12.0
2025-12-19,sdn,0,1,0.0,7.0
2025-12-19,sgp,0,1,0.0,9.0
2025-12-19,svn,0,1,0.0,5.0
2025-12-19,tha,0,1,0.0,7.0
2025-12-19,uga,0,2,0.0,9.0
2025-12-19,ukr,0,2,0.0,15.0
2025-12-19,usa,0,81,0.0,10.567901234567902
2025-12-19,vnm,0,4,0.0,7.25
2025-12-19,zaf,0,1,0.0,7.0
2025-12-20,ago,0,3,0.0,4.333333333333334
2025-12-20,are,0,5,0.0,7.2
2025-12-20,arg,0,14,0.0,10.857142857142858
2025-12-20,aus,0,2,0.0,6.5
2025-12-20,aut,0,1,0.0,74.0
2025-12-20,bfa,0,1,0.0,11.0
2025-12-20,bgd,0,1,0.0,2.0
2025-12-20,bih,0,1,0.0,11.0
2025-12-20,brb,0,1,0.0,19.0
2025-12-20,caf,0,2,0.0,10.0
2025-12-20,can,0,3,0.0,10.333333333333334
2025-12-20,che,0,1,0.0,12.0
2025-12-20,chl,0,1,0.0,9.0
2025-12-20,civ,0,1,0.0,13.0
2025-12-20,cmr,0,1,0.0,11.0
2025-12-20,col,0,1,0.0,15.0
2025-12-20,cze,0,1,0.0,16.0
2025-12-20,deu,0,3,0.0,9.0
2025-12-20,dnk,0,1,0.0,5.0
2025-12-20,fra,0,1,0.0,18.0
2025-12-20,gbr,0,3,0.0,8.0
2025-12-20,hun,0,2,0.0,3.0
2025-12-20,ind,0,13,0.0,11.615384615384615
2025-12-20,irl,0,2,0.0,8.5
2025-12-20,irn,0,1,0.0,6.0
2025-12-20,irq,0,1,0.0,9.0
2025-12-20,isr,0,1,0.0,90.0
2025-12-20,ita,0,3,0.0,9.0
2025-12-20,jor,0,1,0.0,1.0
2025-12-20,jpn,0,1,0.0,4.0
2025-12-20,kaz,0,1,0.0,2.0
2025-12-20,kor,0,2,0.0,10.0
2025-12-20,mys,0,1,0.0,26.0
2025-12-20,nga,0,1,0.0,10.0
2025-12-20,pak,0,1,0.0,2.0
2025-12-20,pan,0,1,0.0,2.0
2025-12-20,per,0,2,0.0,12.0
2025-12-20,phl,0,1,0.0,15.0
2025-12-20,pol,0,2,0.0,11.0
2025-12-20,prt,0,27,0.0,10.962962962962964
2025-12-20,pry,0,3,0.0,8.0
2025-12-20,rou,0,1,0.0,19.0
2025-12-20,sau,0,1,0.0,5.0
2025-12-20,sgp,0,1,0.0,4.0
2025-12-20,swe,0,2,0.0,2.0
2025-12-20,tgo,0,1,0.0,10.0
2025-12-20,tha,0,1,0.0,11.0
2025-12-20,tto,0,1,0.0,4.0
2025-12-20,tur,0,1,0.0,6.0
2025-12-20,twn,0,2,0.0,2.0
2025-12-20,ukr,0,1,0.0,1.0
2025-12-20,ury,0,1,0.0,12.0
2025-12-20,usa,0,29,0.0,7.0344827586206895
2025-12-20,vnm,0,3,0.0,39.0
2025-12-20,zzz,0,1,0.0,11.0
2025-12-21,arg,0,21,0.0,9.619047619047619
2025-12-21,aus,0,1,0.0,8.0
2025-12-21,bel,0,3,0.0,9.666666666666666
2025-12-21,bgd,0,1,0.0,6.0
2025-12-21,bhs,0,2,0.0,10.5
2025-12-21,bih,0,1,0.0,19.0
2025-12-21,bol,0,1,0.0,4.0
2025-12-21,can,0,4,0.0,2.75
2025-12-21,che,0,2,0.0,7.0
2025-12-21,chl,0,6,0.0,24.333333333333332
2025-12-21,chn,0,1,0.0,2.0
2025-12-21,cmr,0,1,0.0,10.0
2025-12-21,cri,0,1,0.0,1.0
2025-12-21,deu,0,1,0.0,2.0
2025-12-21,dnk,0,2,0.0,15.0
2025-12-21,dza,0,1,0.0,17.0
2025-12-21,ecu,0,4,0.0,8.0
2025-12-21,egy,0,1,0.0,8.0
2025-12-21,esp,0,5,0.0,7.0
2025-12-21,eth,0,1,0.0,13.0
2025-12-21,fra,0,5,0.0,8.4
2025-12-21,gbr,0,6,0.0,11.0
2025-12-21,grc,0,1,0.0,1.0
2025-12-21,idn,0,2,0.0,3.0
2025-12-21,ind,0,3,0.0,12.0
2025-12-21,kor,0,1,0.0,25.0
2025-12-21,lbn,0,1,0.0,3.0
2025-12-21,lux,0,1,0.0,1.0
2025-12-21,mar,0,2,0.0,11.0
2025-12-21,mda,0,1,0.0,18.0
2025-12-21,mex,0,4,0.0,18.5
2025-12-21,mys,0,2,0.0,3.5
2025-12-21,nga,0,1,0.0,11.0
2025-12-21,nld,0,6,0.0,5.833333333333333
2025-12-21,nor,0,1,0.0,11.0
2025-12-21,pak,0,1,0.0,6.0
2025-12-21,per,0,2,0.0,9.0
2025-12-21,pol,0,3,0.0,7.666666666666667
2025-12-21,prt,0,33,0.0,5.7272727272727275
2025-12-21,pry,0,2,0.0,9.5
2025-12-21,rus,0,2,0.0,9.5
2025-12-21,sau,0,2,0.0,4.0
2025-12-21,sgp,0,1,0.0,12.0
2025-12-21,swe,0,1,0.0,20.0
2025-12-21,tha,0,1,0.0,18.0
2025-12-21,tur,0,3,0.0,9.333333333333334
2025-12-21,ury,0,1,0.0,6.0
2025-12-21,vnm,0,2,0.0,31.5
2025-12-22,are,0,5,0.0,6.8
2025-12-22,arg,0,16,0.0,11.875
2025-12-22,aus,0,1,0.0,19.0
2025-12-22,ben,0,1,0.0,9.0
2025-12-22,bgd,0,1,0.0,7.0
2025-12-22,bgr,0,1,0.0,8.0
2025-12-22,bih,0,1,0.0,2.0
2025-12-22,brb,0,1,0.0,8.0
2025-12-22,can,0,3,0.0,5.333333333333333
2025-12-22,chl,0,8,0.0,5.875
2025-12-22,cmr,0,1,0.0,6.0
2025-12-22,col,0,1,0.0,10.0
2025-12-22,dom,0,1,0.0,10.0
2025-12-22,dza,0,1,0.0,3.0
2025-12-22,egy,0,2,0.0,8.0
2025-12-22,esp,0,5,0.0,6.8
2025-12-22,fra,0,3,0.0,10.333333333333334
2025-12-22,gbr,0,3,0.0,7.333333333333333
2025-12-22,hkg,0,3,0.0,10.666666666666666
2025-12-22,ind,0,9,0.0,9.88888888888889
2025-12-22,irn,0,2,0.0,4.0
2025-12-22,ita,0,2,0.0,7.5
2025-12-22,ken,0,1,0.0,4.0
2025-12-22,khm,0,1,0.0,20.0
2025-12-22,kor,0,4,0.0,12.75
2025-12-22,lao,0,1,0.0,14.0
2025-12-22,ltu,0,1,0.0,8.0
2025-12-22,mar,0,4,0.0,3.5
2025-12-22,mex,0,5,0.0,7.0
2025-12-22,mlt,0,1,0.0,14.0
2025-12-22,moz,0,1,0.0,6.0
2025-12-22,mys,0,1,0.0,13.0
2025-12-22,nld,0,1,0.0,72.0
2025-12-22,nor,0,1,0.0,20.0
2025-12-22,npl,0,2,0.0,13.5
2025-12-22,nzl,0,2,0.0,6.5
2025-12-22,pak,0,2,0.0,5.0
2025-12-22,pan,0,1,0.0,7.0
2025-12-22,phl,0,2,0.0,10.5
2025-12-22,pol,0,2,0.0,12.0
2025-12-22,pri,0,1,0.0,7.0
2025-12-22,prt,0,39,0.0,8.051282051282051
2025-12-22,pry,0,2,0.0,13.5
2025-12-22,rus,0,2,0.0,5.0
2025-12-22,srb,0,1,0.0,10.0
2025-12-22,ssd,0,2,0.0,1.0
2025-12-22,svk,0,1,0.0,12.0
2025-12-22,tha,0,1,0.0,20.0
2025-12-22,tur,0,1,0.0,20.0
2025-12-22,twn,0,2,0.0,8.5
2025-12-22,ury,0,7,0.0,9.285714285714286
2025-12-22,usa,0,61,0.0,9.524590163934427
2025-12-22,ven,0,1,0.0,10.0
2025-12-22,vnm,0,4,0.0,13.0
2025-12-22,zaf,0,1,0.0,18.0
2025-12-22,zzz,0,1,0.0,13.0
2025-12-23,ago,0,2,0.0,8.0
2025-12-23,are,0,4,0.0,9.0
2025-12-23,arg,0,20,0.0,7.9
2025-12-23,aus,0,3,0.0,7.0
2025-12-23,bgd,0,1,0.0,4.0
2025-12-23,bol,0,1,0.0,9.0
2025-12-23,brb,0,1,0.0,6.0
2025-12-23,caf,0,1,0.0,25.0
2025-12-23,can,0,9,0.0,8.333333333333332
2025-12-23,chl,0,4,0.0,6.5
2025-12-23,cmr,0,1,0.0,11.0
2025-12-23,cze,0,2,0.0,3.0
2025-12-23,deu,0,4,0.0,6.5
2025-12-23,esp,0,4,0.0,6.75
2025-12-23,fin,0,1,0.0,12.0
2025-12-23,fra,0,5,0.0,8.8
2025-12-23,gbr,0,16,0.0,13.0
2025-12-23,geo,0,1,0.0,5.0
2025-12-23,grc,0,1,0.0,6.0
2025-12-23,guf,0,1,0.0,6.0
2025-12-23,idn,0,3,0.0,16.0
2025-12-23,ind,0,7,0.0,13.142857142857142
2025-12-23,irl,0,1,0.0,7.0
2025-12-23,isr,0,1,0.0,3.0
2025-12-23,ita,0,5,0.0,17.8
2025-12-23,jor,0,1,0.0,12.0
2025-12-23,jpn,0,1,0.0,9.0
2025-12-23,kor,0,2,0.0,1.0
2025-12-23,ltu,0,1,0.0,61.0
2025-12-23,mar,0,1,0.0,18.0
2025-12-23,mex,0,2,0.0,17.5
2025-12-23,moz,0,3,0.0,6.0
2025-12-23,mys,0,2,0.0,19.5
2025-12-23,nga,0,6,0.0,9.666666666666666
2025-12-23,nic,0,1,0.0,5.0
2025-12-23,nld,0,3,0.0,4.333333333333334
2025-12-23,phl,0,3,0.0,5.333333333333333
2025-12-23,pol,0,2,0.0,7.0
2025-12-23,prt,0,28,0.0,10.035714285714286
2025-12-23,pry,0,5,0.0,9.4
2025-12-23,qat,0,1,0.0,9.0
2025-12-23,rou,0,1,0.0,4.0
2025-12-23,rus,0,1,0.0,7.0
2025-12-23,sau,0,3,0.0,9.0
2025-12-23,swe,0,1,0.0,7.0
2025-12-23,tha,0,1,0.0,2.0
2025-12-23,ukr,0,2,0.0,19.5
2025-12-23,ury,0,1,0.0,15.0
2025-12-23,usa,0,69,0.0,10.391304347826088
2025-12-23,xkk,0,1,0.0,16.0
2025-12-23,zaf,0,1,0.0,41.0
2025-12-24,ago,0,2,0.0,24.0
2025-12-24,are,0,8,0.0,8.125
2025-12-24,aut,0,3,0.0,27.666666666666668
2025-12-24,bel,0,1,0.0,19.0
2025-12-24,bgd,0,1,0.0,5.0
2025-12-24,bol,0,1,0.0,5.0
2025-12-24,caf,0,3,0.0,3.3333333333333335
2025-12-24,can,0,2,0.0,10.5
2025-12-24,chl,0,3,0.0,8.666666666666668
2025-12-24,col,0,2,0.0,9.5
2025-12-24,deu,0,6,0.0,12.0
2025-12-24,dza,0,1,0.0,18.0
2025-12-24,ecu,0,1,0.0,4.0
2025-12-24,esp,0,2,0.0,3.0
2025-12-24,eth,0,1,0.0,12.0
2025-12-24,fra,0,4,0.0,10.0
2025-12-24,gbr,0,8,0.0,15.5
2025-12-24,hkg,0,1,0.0,9.0
2025-12-24,ind,0,10,0.0,8.9
2025-12-24,irn,0,1,0.0,6.0
2025-12-24,isr,0,1,0.0,12.0
2025-12-24,ita,0,5,0.0,6.8
2025-12-24,kor,0,1,0.0,16.0
2025-12-24,kwt,0,1,0.0,8.0
2025-12-24,lka,0,1,0.0,17.0
2025-12-24,ltu,0,1,0.0,16.0
2025-12-24,mar,0,3,0.0,7.333333333333333
2025-12-24,mex,0,2,0.0,15.0
2025-12-24,moz,0,1,0.0,7.0
2025-12-24,nga,0,3,0.0,7.666666666666667
2025-12-24,nld,0,2,0.0,7.5
2025-12-24,nzl,0,1,0.0,1.0
2025-12-24,pol,0,2,0.0,13.5
2025-12-24,prt,0,22,0.0,8.181818181818182
2025-12-24,pry,0,4,0.0,6.5
2025-12-24,sau,0,1,0.0,16.0
2025-12-24,swe,0,1,0.0,1.0
2025-12-24,tun,0,1,0.0,10.0
2025-12-24,tza,0,1,0.0,8.0
2025-12-24,uga,0,2,0.0,5.0
2025-12-24,xkk,0,1,0.0,11.0
2025-12-24,zaf,0,1,0.0,7.0
2025-12-24,zwe,0,1,0.0,5.0
2025-12-25,ago,0,1,0.0,12.0
2025-12-25,are,0,4,0.0,6.0
2025-12-25,arg,0,12,0.0,8.5
2025-12-25,aus,0,3,0.0,9.333333333333334
2025-12-25,bel,0,1,0.0,4.0
2025-12-25,bgd,0,2,0.0,7.0
2025-12-25,bol,0,1,0.0,6.0
2025-12-25,chl,0,2,0.0,11.0
2025-12-25,cmr,0,1,0.0,14.0
2025-12-25,col,0,1,0.0,7.0
2025-12-25,deu,0,7,0.0,21.714285714285715
2025-12-25,ecu,0,1,0.0,6.0
2025-12-25,esp,0,2,0.0,4.5
2025-12-25,fin,0,1,0.0,18.0
2025-12-25,fra,0,4,0.0,16.5
2025-12-25,gbr,0,14,0.0,21.357142857142858
2025-12-25,hkg,0,1,0.0,1.0
2025-12-25,idn,0,2,0.0,13.0
2025-12-25,ind,0,8,0.0,10.25
2025-12-25,irn,0,1,0.0,6.0
2025-12-25,isr,0,5,0.0,7.4
2025-12-25,ita,0,6,0.0,6.5
2025-12-25,jor,0,2,0.0,10.0
2025-12-25,khm,0,1,0.0,6.0
2025-12-25,kor,0,3,0.0,14.333333333333334
2025-12-25,mex,0,3,0.0,23.666666666666668
2025-12-25,mlt,0,1,0.0,6.0
2025-12-25,nga,0,4,0.0,14.0
2025-12-25,nld,0,3,0.0,9.0
2025-12-25,nor,0,1,0.0,15.0
2025-12-25,pak,0,1,0.0,17.0
2025-12-25,per,0,1,0.0,6.0
2025-12-25,phl,0,3,0.0,4.0
2025-12-25,pol,0,2,0.0,20.0
2025-12-25,prt,0,24,0.0,8.5
2025-12-25,pry,0,2,0.0,11.0
2025-12-25,qat,0,2,0.0,2.5
2025-12-25,rou,0,1,0.0,2.0
2025-12-25,sgp,0,1,0.0,1.0
2025-12-25,tha,0,1,0.0,6.0
2025-12-25,tls,0,1,0.0,11.0
2025-12-25,tur,0,1,0.0,19.0
2025-12-25,uga,0,1,0.0,5.0
2025-12-25,ukr,0,1,0.0,14.0
2025-12-25,ury,0,4,0.0,6.75
2025-12-25,usa,0,39,0.0,10.205128205128204
2025-12-25,ven,0,1,0.0,5.0
2025-12-25,vnm,0,4,0.0,28.25
2025-12-26,are,0,5,0.0,5.4
2025-12-26,arg,0,32,0.0,7.15625
2025-12-26,aus,0,2,0.0,11.0
2025-12-26,bel,0,1,0.0,7.0
2025-12-26,can,0,6,0.0,4.833333333333334
2025-12-26,che,0,1,0.0,19.0
2025-12-26,chl,0,13,0.0,7.538461538461538
2025-12-26,col,0,1,0.0,3.0
2025-12-26,deu,0,2,0.0,9.0
2025-12-26,dnk,0,2,0.0,11.5
2025-12-26,dom,0,2,0.0,10.5
2025-12-26,dza,0,1,0.0,10.0
2025-12-26,ecu,0,2,0.0,10.5
2025-12-26,esp,0,4,0.0,7.75
2025-12-26,fra,0,1,0.0,17.0
2025-12-26,gab,0,1,0.0,5.0
2025-12-26,gbr,0,7,0.0,11.714285714285714
2025-12-26,idn,0,4,0.0,4.75
2025-12-26,ind,0,5,0.0,6.8
2025-12-26,irl,0,4,0.0,6.25
2025-12-26,ita,0,4,0.0,5.0
2025-12-26,jpn,0,1,0.0,1.0
2025-12-26,kor,0,1,0.0,21.0
2025-12-26,lbn,0,1,0.0,2.0
2025-12-26,mex,0,2,0.0,4.0
2025-12-26,mlt,0,3,0.0,9.666666666666666
2025-12-26,moz,0,2,0.0,4.0
2025-12-26,nga,0,3,0.0,11.666666666666666
2025-12-26,nld,0,1,0.0,5.0
2025-12-26,pak,0,1,0.0,9.0
2025-12-26,per,0,1,0.0,11.0
2025-12-26,phl,0,1,0.0,18.0
2025-12-26,pol,0,2,0.0,9.5
2025-12-26,prt,0,25,0.0,10.04
2025-12-26,pry,0,7,0.0,12.285714285714286
2025-12-26,qat,0,3,0.0,10.0
2025-12-26,rus,0,1,0.0,1.0
2025-12-26,sau,0,1,0.0,4.0
2025-12-26,sgp,0,2,0.0,8.5
2025-12-26,swe,0,1,0.0,1.0
2025-12-26,tur,0,3,0.0,25.0
2025-12-26,uga,0,2,0.0,4.5
2025-12-26,ury,0,2,0.0,6.0
2025-12-26,vnm,0,5,0.0,3.0
2025-12-27,ago,0,1,0.0,1.0
2025-12-27,are,0,4,0.0,7.0
2025-12-27,arg,0,13,0.0,11.846153846153847
2025-12-27,aus,0,6,0.0,2.666666666666667
2025-12-27,aut,0,1,0.0,9.0
2025-12-27,bel,0,1,0.0,10.0
2025-12-27,bgd,0,1,0.0,11.0
2025-12-27,bgr,0,2,0.0,31.0
2025-12-27,bih,0,1,0.0,4.0
2025-12-27,bol,0,2,0.0,4.0
2025-12-27,can,0,6,0.0,8.333333333333332
2025-12-27,che,0,5,0.0,6.0
2025-12-27,cmr,0,1,0.0,14.0
2025-12-27,col,0,1,0.0,8.0
2025-12-27,cpv,0,2,0.0,3.5
2025-12-27,cri,0,1,0.0,6.0
2025-12-27,cze,0,1,0.0,3.0
2025-12-27,deu,0,4,0.0,19.5
2025-12-27,dom,0,1,0.0,16.0
2025-12-27,dza,0,1,0.0,10.0
2025-12-27,ecu,0,1,0.0,9.0
2025-12-27,egy,0,1,0.0,6.0
2025-12-27,esp,0,3,0.0,8.333333333333332
2025-12-27,fra,0,2,0.0,12.5
2025-12-27,hrv,0,1,0.0,16.0
2025-12-27,idn,0,1,0.0,13.0
2025-12-27,ind,0,6,0.0,12.0
2025-12-27,ita,0,1,0.0,1.0
2025-12-27,jor,0,1,0.0,13.0
2025-12-27,jpn,0,5,0.0,8.4
2025-12-27,kor,0,2,0.0,19.0
2025-12-27,mex,0,6,0.0,10.833333333333334
2025-12-27,mlt,0,1,0.0,9.0
2025-12-27,moz,0,2,0.0,5.5
2025-12-27,mwi,0,1,0.0,1.0
2025-12-27,mys,0,2,0.0,13.0
2025-12-27,nga,0,1,0.0,10.0
2025-12-27,nld,0,3,0.0,9.666666666666666
2025-12-27,nzl,0,1,0.0,4.0
2025-12-27,pak,0,2,0.0,7.5
2025-12-27,per,0,2,0.0,9.5
2025-12-27,phl,0,1,0.0,2.0
2025-12-27,pol,0,3,0.0,11.666666666666666
2025-12-27,prt,0,27,0.0,9.481481481481481
2025-12-27,pry,0,7,0.0,7.428571428571429
2025-12-27,rou,0,1,0.0,17.0
2025-12-27,rus,0,3,0.0,8.333333333333332
2025-12-27,sgp,0,2,0.0,10.0
2025-12-27,srb,0,1,0.0,17.0
2025-12-27,tha,0,1,0.0,3.0
2025-12-27,twn,0,1,0.0,1.0
2025-12-27,uga,0,1,0.0,1.0
2025-12-27,ury,0,1,0.0,9.0
2025-12-27,usa,0,66,0.0,9.93939393939394
2025-12-27,vnm,0,1,0.0,7.0
2025-12-28,ago,0,3,0.0,3.3333333333333335
2025-12-28,are,0,6,0.0,7.333333333333333
2025-12-28,arg,0,15,0.0,7.8
2025-12-28,aus,0,1,0.0,9.0
2025-12-28,bfa,0,1,0.0,5.0
2025-12-28,bgd,0,1,0.0,5.0
2025-12-28,bhr,0,2,0.0,10.0
2025-12-28,bhs,0,1,0.0,9.0
2025-12-28,blm,0,1,0.0,1.0
2025-12-28,bol,0,1,0.0,5.0
2025-12-28,can,0,5,0.0,8.2
2025-12-28,chl,0,2,0.0,10.5
2025-12-28,cod,0,1,0.0,10.0
2025-12-28,cze,0,3,0.0,8.666666666666668
2025-12-28,deu,0,1,0.0,11.0
2025-12-28,dnk,0,1,0.0,6.0
2025-12-28,dom,0,1,0.0,10.0
2025-12-28,dza,0,1,0.0,14.0
2025-12-28,ecu,0,3,0.0,8.666666666666668
2025-12-28,esp,0,2,0.0,2.0
2025-12-28,fra,0,2,0.0,10.0
2025-12-28,gbr,0,2,0.0,11.0
2025-12-28,idn,0,3,0.0,7.333333333333333
2025-12-28,ind,0,10,0.0,18.9
2025-12-28,isr,0,1,0.0,12.0
2025-12-28,ita,0,5,0.0,7.6
2025-12-28,jor,0,1,0.0,4.0
2025-12-28,jpn,0,1,0.0,14.0
2025-12-28,khm,0,1,0.0,19.0
2025-12-28,kor,0,3,0.0,7.333333333333333
2025-12-28,mex,0,2,0.0,7.0
2025-12-28,mlt,0,1,0.0,1.0
2025-12-28,moz,0,1,0.0,7.0
2025-12-28,nga,0,5,0.0,13.2
2025-12-28,nld,0,3,0.0,9.666666666666666
2025-12-28,nor,0,1,0.0,13.0
2025-12-28,pak,0,1,0.0,10.0
2025-12-28,per,0,1,0.0,4.0
2025-12-28,pol,0,3,0.0,14.333333333333334
2025-12-28,prt,0,23,0.0,9.91304347826087
2025-12-28,pry,0,6,0.0,7.5
2025-12-28,rwa,0,1,0.0,5.0
2025-12-28,sau,0,2,0.0,4.0
2025-12-28,sgp,0,1,0.0,13.0
2025-12-28,tun,0,1,0.0,4.0
2025-12-28,twn,0,1,0.0,19.0
2025-12-28,uga,0,1,0.0,5.0
2025-12-28,ury,0,3,0.0,8.333333333333332
2025-12-28,vnm,0,3,0.0,10.0
2025-12-29,ago,0,3,0.0,5.333333333333333
2025-12-29,are,0,3,0.0,7.333333333333333
2025-12-29,arg,0,18,0.0,8.055555555555555
2025-12-29,aus,0,3,0.0,4.0
2025-12-29,aut,0,4,0.0,2.25
2025-12-29,bel,0,1,0.0,7.0
2025-12-29,bgd,0,2,0.0,6.5
2025-12-29,bih,0,2,0.0,8.0
2025-12-29,bol,0,1,0.0,8.0
2025-12-29,can,0,5,0.0,6.2
2025-12-29,che,0,1,0.0,3.0
2025-12-29,col,0,2,0.0,8.0
2025-12-29,cub,0,2,0.0,9.5
2025-12-29,deu,0,9,0.0,9.555555555555555
2025-12-29,dom,0,1,0.0,3.0
2025-12-29,ecu,0,3,0.0,4.333333333333334
2025-12-29,esp,0,3,0.0,7.333333333333333
2025-12-29,fin,0,1,0.0,4.0
2025-12-29,fji,0,1,0.0,41.0
2025-12-29,gbr,0,9,0.0,9.777777777777779
2025-12-29,gha,0,2,0.0,12.5
2025-12-29,idn,0,1,0.0,12.0
2025-12-29,ind,0,10,0.0,12.3
2025-12-29,ita,0,9,0.0,5.111111111111111
2025-12-29,jor,0,1,0.0,80.0
2025-12-29,kor,0,2,0.0,8.0
2025-12-29,mex,0,3,0.0,11.333333333333334
2025-12-29,mlt,0,1,0.0,1.0
2025-12-29,mne,0,1,0.0,19.0
2025-12-29,mng,0,1,0.0,15.0
2025-12-29,moz,0,6,0.0,1.0
2025-12-29,mys,0,1,0.0,3.0
2025-12-29,nga,0,1,0.0,10.0
2025-12-29,nld,0,1,0.0,5.0
2025-12-29,pak,0,1,0.0,9.0
2025-12-29,pol,0,2,0.0,15.5
2025-12-29,prt,0,20,0.0,8.8
2025-12-29,pry,0,6,0.0,9.833333333333334
2025-12-29,rus,0,1,0.0,11.0
2025-12-29,sau,0,2,0.0,5.0
2025-12-29,sgp,0,1,0.0,18.0
2025-12-29,svk,0,1,0.0,4.0
2025-12-29,swe,0,3,0.0,15.333333333333334
2025-12-29,tha,0,2,0.0,11.5
2025-12-29,tur,0,3,0.0,32.0
2025-12-29,tza,0,1,0.0,2.0
2025-12-29,ukr,0,3,0.0,57.333333333333336
2025-12-29,ury,0,5,0.0,5.8
2025-12-29,uzb,0,1,0.0,7.0
2025-12-29,vnm,0,2,0.0,16.0
2025-12-30,ago,0,4,0.0,11.5
2025-12-30,are,0,2,0.0,10.0
2025-12-30,arg,0,15,0.0,12.266666666666667
2025-12-30,aut,0,1,0.0,6.0
2025-12-30,bel,0,2,0.0,7.0
2025-12-30,bgd,0,1,0.0,6.0
2025-12-30,bhr,0,1,0.0,9.0
2025-12-30,bol,0,1,0.0,4.0
2025-12-30,caf,0,2,0.0,5.5
2025-12-30,can,0,7,0.0,4.428571428571429
2025-12-30,che,0,3,0.0,9.0
2025-12-30,chn,0,1,0.0,7.0
2025-12-30,dom,0,1,0.0,3.0
2025-12-30,ecu,0,1,0.0,7.0
2025-12-30,esp,0,7,0.0,9.142857142857142
2025-12-30,fra,0,5,0.0,7.4
2025-12-30,gbr,0,10,0.0,10.1
2025-12-30,gha,0,1,0.0,20.0
2025-12-30,grc,0,1,0.0,2.0
2025-12-30,idn,0,1,0.0,15.0
2025-12-30,ind,0,12,0.0,8.5
2025-12-30,irl,0,1,0.0,12.0
2025-12-30,irn,0,1,0.0,8.0
2025-12-30,isr,0,1,0.0,7.0
2025-12-30,ita,0,2,0.0,3.5
2025-12-30,jpn,0,1,0.0,7.0
2025-12-30,kor,0,3,0.0,10.666666666666666
2025-12-30,ltu,0,1,0.0,17.0
2025-12-30,moz,0,1,0.0,4.0
2025-12-30,nga,0,1,0.0,9.0
2025-12-30,nld,0,2,0.0,11.5
2025-12-30,per,0,2,0.0,8.0
2025-12-30,pol,0,3,0.0,13.666666666666666
2025-12-30,pri,0,1,0.0,1.0
2025-12-30,prt,0,30,0.0,6.9
2025-12-30,pry,0,3,0.0,5.666666666666667
2025-12-30,qat,0,1,0.0,11.0
2025-12-30,rus,0,2,0.0,3.5
2025-12-30,sen,0,1,0.0,8.0
2025-12-30,swe,0,2,0.0,4.0
2025-12-30,tha,0,1,0.0,2.0
2025-12-30,tto,0,1,0.0,19.0
2025-12-30,tur,0,1,0.0,6.0
2025-12-30,uga,0,2,0.0,2.0
2025-12-30,ury,0,9,0.0,5.555555555555555
2025-12-30,usa,0,96,0.0,16.333333333333336
2025-12-30,ven,0,1,0.0,4.0
2025-12-31,ago,0,2,0.0,3.0
2025-12-31,are,0,2,0.0,13.5
2025-12-31,arg,0,11,0.0,8.727272727272727
2025-12-31,bih,0,1,0.0,3.0
2025-12-31,blr,0,1,0.0,1.0
2025-12-31,bol,0,1,0.0,4.0
2025-12-31,can,0,7,0.0,9.571428571428571
2025-12-31,che,0,10,0.0,29.4
2025-12-31,chl,0,4,0.0,7.0
2025-12-31,col,0,1,0.0,1.0
2025-12-31,deu,0,1,0.0,12.0
2025-12-31,dnk,0,1,0.0,8.0
2025-12-31,dza,0,1,0.0,8.0
2025-12-31,ecu,0,3,0.0,4.666666666666666
2025-12-31,esp,0,2,0.0,3.5
2025-12-31,fin,0,1,0.0,10.0
2025-12-31,fra,0,4,0.0,10.5
2025-12-31,gbr,0,1,0.0,9.0
2025-12-31,hrv,0,1,0.0,12.0
2025-12-31,idn,0,1,0.0,16.0
2025-12-31,ind,0,8,0.0,10.375
2025-12-31,irl,0,1,0.0,8.0
2025-12-31,ita,0,2,0.0,4.5
2025-12-31,jor,0,1,0.0,5.0
2025-12-31,jpn,0,1,0.0,12.0
2025-12-31,kor,0,3,0.0,4.333333333333334
2025-12-31,mdv,0,1,0.0,6.0
2025-12-31,mex,0,1,0.0,53.0
2025-12-31,moz,0,3,0.0,1.0
2025-12-31,nga,0,1,0.0,10.0
2025-12-31,nld,0,3,0.0,9.666666666666666
2025-12-31,pan,0,1,0.0,8.0
2025-12-31,per,0,4,0.0,7.75
2025-12-31,phl,0,1,0.0,8.0
2025-12-31,prt,0,18,0.0,7.388888888888889
2025-12-31,pry,0,2,0.0,11.5
2025-12-31,qat,0,1,0.0,9.0
2025-12-31,sau,0,1,0.0,10.0
2025-12-31,srb,0,2,0.0,9.5
2025-12-31,svk,0,2,0.0,5.5
2025-12-31,tha,0,1,0.0,1.0
2025-12-31,tun,0,1,0.0,8.0
2025-12-31,tur,0,1,0.0,10.0
2025-12-31,uga,0,1,0.0,2.0
2025-12-31,ury,0,5,0.0,10.6
2025-12-31,vnm,0,4,0.0,4.75
2025-12-31,zaf,0,2,0.0,9.0
2026-01-01,ago,0,8,0.0,1.0
2026-01-01,are,0,1,0.0,5.0
2026-01-01,arg,0,22,0.0,7.590909090909091
2026-01-01,aus,0,1,0.0,11.0
2026-01-01,aut,0,1,0.0,75.0
2026-01-01,bel,0,2,0.0,4.5
2026-01-01,bgd,0,1,0.0,45.0
2026-01-01,can,0,6,0.0,7.166666666666667
2026-01-01,che,0,1,0.0,13.0
2026-01-01,chl,0,3,0.0,12.333333333333334
2026-01-01,chn,0,1,0.0,10.0
2026-01-01,col,0,1,0.0,4.0
2026-01-01,cuw,0,1,0.0,6.0
2026-01-01,deu,0,1,0.0,13.0
2026-01-01,dnk,0,2,0.0,6.0
2026-01-01,dza,0,1,0.0,15.0
2026-01-01,esp,0,1,0.0,1.0
2026-01-01,fin,0,1,0.0,9.0
2026-01-01,fra,0,16,0.0,7.9375
2026-01-01,gbr,0,7,0.0,8.571428571428571
2026-01-01,hkg,0,2,0.0,3.0
2026-01-01,hun,0,2,0.0,5.0
2026-01-01,idn,0,2,0.0,4.0
2026-01-01,irl,0,2,0.0,10.0
2026-01-01,irn,0,1,0.0,2.0
2026-01-01,irq,0,2,0.0,15.5
2026-01-01,ita,0,1,0.0,9.0
2026-01-01,jpn,0,3,0.0,7.666666666666667
2026-01-01,kor,0,5,0.0,5.4
2026-01-01,lka,0,1,0.0,1.0
2026-01-01,ltu,0,1,0.0,73.0
2026-01-01,lux,0,1,0.0,70.0
2026-01-01,mdv,0,1,0.0,11.0
2026-01-01,mex,0,2,0.0,3.5
2026-01-01,moz,0,3,0.0,1.0
2026-01-01,mys,0,1,0.0,11.0
2026-01-01,nga,0,1,0.0,17.0
2026-01-01,omn,0,1,0.0,18.0
2026-01-01,pan,0,1,0.0,5.0
2026-01-01,phl,0,3,0.0,11.666666666666666
2026-01-01,pol,0,1,0.0,19.0
2026-01-01,prt,0,12,0.0,8.083333333333332
2026-01-01,pry,0,7,0.0,6.571428571428571
2026-01-01,rus,0,3,0.0,31.666666666666668
2026-01-01,swe,0,2,0.0,2.5
2026-01-01,tha,0,1,0.0,1.0
2026-01-01,tto,0,1,0.0,8.0
2026-01-01,twn,0,1,0.0,1.0
2026-01-01,tza,0,1,0.0,2.0
2026-01-01,uga,0,1,0.0,2.0
2026-01-01,ukr,0,1,0.0,15.0
2026-01-01,ury,0,3,0.0,11.666666666666666
2026-01-01,vnm,0,1,0.0,11.0
2026-01-02,ago,0,2,0.0,5.5
2026-01-02,are,0,3,0.0,9.0
2026-01-02,aus,0,1,0.0,3.0
2026-01-02,aze,0,2,0.0,10.5
2026-01-02,bel,0,2,0.0,9.5
2026-01-02,bhr,0,1,0.0,7.0
2026-01-02,blr,0,1,0.0,4.0
2026-01-02,bol,0,1,0.0,8.0
2026-01-02,can,0,8,0.0,4.125
2026-01-02,che,0,1,0.0,1.0
2026-01-02,chl,0,2,0.0,9.5
2026-01-02,cmr,0,2,0.0,6.0
2026-01-02,col,0,5,0.0,9.0
2026-01-02,cpv,0,1,0.0,9.0
2026-01-02,cri,0,2,0.0,23.0
2026-01-02,cym,0,1,0.0,7.0
2026-01-02,deu,0,4,0.0,23.0
2026-01-02,dom,0,1,0.0,5.0
2026-01-02,dza,0,2,0.0,5.5
2026-01-02,esp,0,2,0.0,8.5
2026-01-02,fin,0,1,0.0,8.0
2026-01-02,fra,0,15,0.0,8.8
2026-01-02,gbr,0,13,0.0,8.153846153846153
2026-01-02,grc,0,1,0.0,16.0
2026-01-02,hkg,0,1,0.0,8.0
2026-01-02,hun,0,1,0.0,8.0
2026-01-02,idn,0,3,0.0,17.333333333333332
2026-01-02,ind,0,6,0.0,8.833333333333332
2026-01-02,irl,0,1,0.0,6.0
2026-01-02,irq,0,1,0.0,20.0
2026-01-02,isr,0,2,0.0,77.5
2026-01-02,ita,0,5,0.0,27.6
2026-01-02,jpn,0,1,0.0,10.0
2026-01-02,kor,0,3,0.0,3.3333333333333335
2026-01-02,lbn,0,1,0.0,1.0
2026-01-02,lka,0,1,0.0,9.0
2026-01-02,mar,0,2,0.0,4.0
2026-01-02,mdg,0,1,0.0,1.0
2026-01-02,mex,0,4,0.0,14.0
2026-01-02,mmr,0,2,0.0,6.5
2026-01-02,moz,0,5,0.0,3.4
2026-01-02,mys,0,1,0.0,20.0
2026-01-02,nga,0,3,0.0,15.333333333333334
2026-01-02,omn,0,1,0.0,35.0
2026-01-02,pan,0,1,0.0,12.0
2026-01-02,per,0,1,0.0,11.0
2026-01-02,phl,0,1,0.0,12.0
2026-01-02,prt,0,15,0.0,6.333333333333333
2026-01-02,pry,0,4,0.0,6.25
2026-01-02,qat,0,1,0.0,8.0
2026-01-02,sgp,0,1,0.0,1.0
2026-01-02,svk,0,7,0.0,12.714285714285714
2026-01-02,swe,0,2,0.0,1.0
2026-01-02,tha,0,1,0.0,10.0
2026-01-02,twn,0,1,0.0,11.0
2026-01-02,uga,0,1,0.0,3.0
2026-01-02,ukr,0,2,0.0,15.0
2026-01-02,ury,0,2,0.0,7.5
2026-01-02,usa,0,99,0.0,8.757575757575758
2026-01-02,zaf,0,1,0.0,15.0
2026-01-03,ago,0,3,0.0,5.0
2026-01-03,are,0,6,0.0,8.5
2026-01-03,arg,0,22,0.0,9.636363636363637
2026-01-03,aus,0,2,0.0,5.0
2026-01-03,bel,0,1,0.0,19.0
2026-01-03,ben,0,2,0.0,179.5
2026-01-03,bgd,0,1,0.0,9.0
2026-01-03,bih,0,1,0.0,9.0
2026-01-03,bol,0,1,0.0,5.0
2026-01-03,can,0,7,0.0,7.714285714285714
2026-01-03,che,0,1,0.0,5.0
2026-01-03,chl,0,2,0.0,9.5
2026-01-03,chn,0,1,0.0,16.0
2026-01-03,cmr,0,2,0.0,9.0
2026-01-03,col,0,1,0.0,7.0
2026-01-03,cze,0,3,0.0,6.0
2026-01-03,ecu,0,1,0.0,7.0
2026-01-03,esp,0,1,0.0,2.0
2026-01-03,fin,0,1,0.0,9.0
2026-01-03,fra,0,11,0.0,9.636363636363637
2026-01-03,hkg,0,1,0.0,9.0
2026-01-03,hrv,0,1,0.0,9.0
2026-01-03,idn,0,1,0.0,8.0
2026-01-03,ind,0,3,0.0,9.0
2026-01-03,irn,0,1,0.0,2.0
2026-01-03,ita,0,8,0.0,8.75
2026-01-03,jpn,0,1,0.0,11.0
2026-01-03,kaz,0,1,0.0,9.0
2026-01-03,kor,0,22,0.0,2.909090909090909
2026-01-03,lao,0,3,0.0,4.0
2026-01-03,ltu,0,1,0.0,5.0
2026-01-03,mex,0,3,0.0,9.666666666666666
2026-01-03,mlt,0,1,0.0,11.0
2026-01-03,moz,0,1,0.0,1.0
2026-01-03,mys,0,1,0.0,3.0
2026-01-03,nga,0,4,0.0,10.25
2026-01-03,nor,0,1,0.0,1.0
2026-01-03,npl,0,1,0.0,7.0
2026-01-03,nzl,0,1,0.0,9.0
2026-01-03,pak,0,4,0.0,13.5
2026-01-03,per,0,8,0.0,9.0
2026-01-03,phl,0,3,0.0,4.333333333333334
2026-01-03,prt,0,36,0.0,7.888888888888889
2026-01-03,reu,0,1,0.0,5.0
2026-01-03,rou,0,1,0.0,38.0
2026-01-03,rus,0,1,0.0,13.0
2026-01-03,sgp,0,1,0.0,13.0
2026-01-03,svk,0,1,0.0,95.0
2026-01-03,swe,0,1,0.0,6.0
2026-01-03,tur,0,4,0.0,7.75
2026-01-03,twn,0,2,0.0,8.5
2026-01-03,uga,0,1,0.0,3.0
2026-01-03,ukr,0,3,0.0,6.333333333333333
2026-01-03,ury,0,4,0.0,7.0
2026-01-03,ven,0,1,0.0,4.0
2026-01-03,vnm,0,1,0.0,17.0
2026-01-04,ago,0,4,0.0,1.0
2026-01-04,are,0,3,0.0,9.666666666666666
2026-01-04,aus,0,1,0.0,5.0
2026-01-04,bgd,0,2,0.0,9.5
2026-01-04,blm,0,1,0.0,7.0
2026-01-04,bol,0,2,0.0,5.0
2026-01-04,can,0,5,0.0,11.2
2026-01-04,che,0,1,0.0,17.0
2026-01-04,chl,0,2,0.0,11.5
2026-01-04,col,0,5,0.0,6.8
2026-01-04,cpv,0,2,0.0,4.0
2026-01-04,cri,0,1,0.0,4.0
2026-01-04,cyp,0,1,0.0,9.0
2026-01-04,deu,0,1,0.0,11.0
2026-01-04,dza,0,1,0.0,20.0
2026-01-04,ecu,0,1,0.0,13.0
2026-01-04,egy,0,1,0.0,8.0
2026-01-04,esp,0,2,0.0,9.5
2026-01-04,eth,0,1,0.0,4.0
2026-01-04,fra,0,7,0.0,8.285714285714285
2026-01-04,gbr,0,2,0.0,16.0
2026-01-04,geo,0,1,0.0,15.0
2026-01-04,hun,0,1,0.0,1.0
2026-01-04,idn,0,2,0.0,11.0
2026-01-04,ind,0,12,0.0,5.0
2026-01-04,irq,0,2,0.0,12.0
2026-01-04,ita,0,10,0.0,5.7
2026-01-04,jam,0,1,0.0,11.0
2026-01-04,kaz,0,1,0.0,9.0
2026-01-04,kor,0,10,0.0,7.1
2026-01-04,kwt,0,1,0.0,8.0
2026-01-04,ltu,0,1,0.0,19.0
2026-01-04,mng,0,1,0.0,15.0
2026-01-04,moz,0,3,0.0,2.0
2026-01-04,nga,0,3,0.0,12.0
2026-01-04,nor,0,1,0.0,11.0
2026-01-04,pan,0,1,0.0,5.0
2026-01-04,phl,0,2,0.0,8.0
2026-01-04,pol,0,1,0.0,14.0
2026-01-04,prt,0,23,0.0,9.08695652173913
2026-01-04,pry,0,2,0.0,9.5
2026-01-04,rou,0,1,0.0,9.0
2026-01-04,rus,0,2,0.0,11.5
2026-01-04,srb,0,1,0.0,15.0
2026-01-04,tha,0,1,0.0,12.0
2026-01-04,tun,0,1,0.0,17.0
2026-01-04,twn,0,5,0.0,11.0
2026-01-04,uga,0,2,0.0,4.0
2026-01-04,ury,0,3,0.0,5.333333333333333
2026-01-04,usa,0,71,0.0,10.28169014084507
2026-01-04,vnm,0,2,0.0,10.0
2026-01-04,zaf,0,2,0.0,7.5
2026-01-04,zwe,0,1,0.0,6.0
2026-01-05,ago,0,1,0.0,4.0
2026-01-05,are,0,3,0.0,6.666666666666667
2026-01-05,aus,0,2,0.0,2.0
2026-01-05,bel,0,1,0.0,6.0
2026-01-05,bgd,0,1,0.0,1.0
2026-01-05,bgr,0,1,0.0,9.0
2026-01-05,bol,0,1,0.0,15.0
2026-01-05,can,0,6,0.0,8.5
2026-01-05,che,0,3,0.0,11.0
2026-01-05,chl,0,9,0.0,7.666666666666667
2026-01-05,chn,0,1,0.0,3.0
2026-01-05,col,0,2,0.0,7.0
2026-01-05,deu,0,3,0.0,16.333333333333336
2026-01-05,dom,0,1,0.0,20.0
2026-01-05,dza,0,1,0.0,19.0
2026-01-05,esp,0,2,0.0,10.0
2026-01-05,fin,0,1,0.0,98.0
2026-01-05,fra,0,6,0.0,9.166666666666666
2026-01-05,gbr,0,4,0.0,8.25
2026-01-05,hnd,0,1,0.0,19.0
2026-01-05,hun,0,1,0.0,1.0
2026-01-05,idn,0,1,0.0,4.0
2026-01-05,ind,0,7,0.0,11.571428571428571
2026-01-05,irl,0,1,0.0,8.0
2026-01-05,irn,0,1,0.0,7.0
2026-01-05,ita,0,4,0.0,8.0
2026-01-05,jam,0,1,0.0,11.0
2026-01-05,jor,0,2,0.0,13.5
2026-01-05,kor,0,10,0.0,14.5
2026-01-05,kwt,0,1,0.0,1.0
2026-01-05,lby,0,2,0.0,11.5
2026-01-05,mex,0,5,0.0,9.0
2026-01-05,moz,0,2,0.0,4.5
2026-01-05,nga,0,14,0.0,5.5
2026-01-05,nld,0,1,0.0,10.0
2026-01-05,nor,0,1,0.0,9.0
2026-01-05,pak,0,3,0.0,4.666666666666666
2026-01-05,per,0,5,0.0,7.6
2026-01-05,phl,0,4,0.0,7.5
2026-01-05,pol,0,5,0.0,7.4
2026-01-05,prt,0,25,0.0,10.04
2026-01-05,pry,0,6,0.0,11.166666666666666
2026-01-05,sau,0,1,0.0,10.0
2026-01-05,srb,0,1,0.0,9.0
2026-01-05,swe,0,1,0.0,9.0
2026-01-05,sxm,0,2,0.0,5.5
2026-01-05,twn,0,2,0.0,10.0
2026-01-05,ukr,0,2,0.0,87.5
2026-01-05,ury,0,2,0.0,8.0
2026-01-05,usa,0,122,0.0,6.131147540983607
2026-01-05,ven,0,1,0.0,8.0
2026-01-05,vnm,0,1,0.0,3.0
2026-01-06,abw,0,1,0.0,3.0
2026-01-06,are,0,2,0.0,5.0
2026-01-06,arg,0,33,0.0,9.575757575757576
2026-01-06,aut,0,3,0.0,7.666666666666667
2026-01-06,bgr,0,1,0.0,12.0
2026-01-06,bol,0,1,0.0,10.0
2026-01-06,can,0,6,0.0,10.5
2026-01-06,che,0,1,0.0,20.0
2026-01-06,chl,0,4,0.0,6.75
2026-01-06,cod,0,1,0.0,10.0
2026-01-06,col,0,1,0.0,14.0
2026-01-06,cpv,0,1,0.0,5.0
2026-01-06,cri,0,3,0.0,14.0
2026-01-06,deu,0,1,0.0,5.0
2026-01-06,dom,0,2,0.0,7.5
2026-01-06,esp,0,3,0.0,7.333333333333333
2026-01-06,fra,0,17,0.0,8.882352941176471
2026-01-06,gbr,0,9,0.0,8.222222222222221
2026-01-06,geo,0,1,0.0,19.0
2026-01-06,gtm,0,1,0.0,11.0
2026-01-06,hrv,0,2,0.0,7.0
2026-01-06,idn,0,1,0.0,11.0
2026-01-06,ind,0,2,0.0,5.5
2026-01-06,irl,0,3,0.0,7.0
2026-01-06,ita,0,8,0.0,7.5
2026-01-06,ken,0,1,0.0,11.0
2026-01-06,kor,0,3,0.0,8.666666666666668
2026-01-06,lka,0,1,0.0,6.0
2026-01-06,ltu,0,7,0.0,3.2857142857142856
2026-01-06,lux,0,2,0.0,9.0
2026-01-06,mar,0,1,0.0,9.0
2026-01-06,mex,0,1,0.0,10.0
2026-01-06,moz,0,2,0.0,3.5
2026-01-06,nga,0,1,0.0,12.0
2026-01-06,nld,0,4,0.0,7.75
2026-01-06,nzl,0,1,0.0,13.0
2026-01-06,omn,0,1,0.0,10.0
2026-01-06,pak,0,2,0.0,8.5
2026-01-06,per,0,2,0.0,1.0
2026-01-06,phl,0,1,0.0,3.0
2026-01-06,pol,0,2,0.0,14.0
2026-01-06,prt,0,22,0.0,9.727272727272727
2026-01-06,pry,0,2,0.0,7.5
2026-01-06,sen,0,1,0.0,20.0
2026-01-06,sgp,0,1,0.0,21.0
2026-01-06,slv,0,1,0.0,13.0
2026-01-06,sxm,0,2,0.0,6.0
2026-01-06,tha,0,1,0.0,2.0
2026-01-06,tur,0,1,0.0,13.0
2026-01-06,twn,0,1,0.0,4.0
2026-01-06,ury,0,3,0.0,6.333333333333333
2026-01-06,vct,0,1,0.0,11.0
2026-01-06,ven,0,1,0.0,7.0
2026-01-07,ago,0,5,0.0,8.6
2026-01-07,are,0,5,0.0,5.2
2026-01-07,arg,0,20,0.0,8.0
2026-01-07,aus,0,1,0.0,3.0
2026-01-07,aut,0,2,0.0,14.5
2026-01-07,bel,0,1,0.0,11.0
2026-01-07,bgd,0,2,0.0,13.0
2026-01-07,bhr,0,1,0.0,7.0
2026-01-07,bol,0,1,0.0,6.0
2026-01-07,can,0,5,0.0,9.4
2026-01-07,che,0,1,0.0,9.0
2026-01-07,chl,0,8,0.0,9.625
2026-01-07,civ,0,1,0.0,3.0
2026-01-07,col,0,3,0.0,3.0
2026-01-07,deu,0,2,0.0,3.5
2026-01-07,dom,0,1,0.0,3.0
2026-01-07,ecu,0,2,0.0,10.5
2026-01-07,egy,0,1,0.0,5.0
2026-01-07,esp,0,8,0.0,3.875
2026-01-07,fra,0,21,0.0,7.380952380952381
2026-01-07,gbr,0,5,0.0,14.4
2026-01-07,glp,0,1,0.0,10.0
2026-01-07,grc,0,2,0.0,9.0
2026-01-07,ind,0,6,0.0,10.5
2026-01-07,irl,0,4,0.0,5.5
2026-01-07,isr,0,1,0.0,1.0
2026-01-07,ita,0,6,0.0,8.166666666666668
2026-01-07,jor,0,1,0.0,16.0
2026-01-07,kor,0,1,0.0,1.0
2026-01-07,ltu,0,3,0.0,9.0
2026-01-07,mar,0,1,0.0,99.0
2026-01-07,mda,0,1,0.0,10.0
2026-01-07,mex,0,2,0.0,10.5
2026-01-07,mli,0,1,0.0,9.0
2026-01-07,mys,0,2,0.0,13.5
2026-01-07,nga,0,1,0.0,1.0
2026-01-07,nld,0,4,0.0,5.75
2026-01-07,npl,0,1,0.0,9.0
2026-01-07,phl,0,1,0.0,96.0
2026-01-07,pol,0,1,0.0,12.0
2026-01-07,prt,0,21,0.0,7.904761904761905
2026-01-07,pry,0,4,0.0,6.25
2026-01-07,rus,0,1,0.0,11.0
2026-01-07,sau,0,3,0.0,4.333333333333334
2026-01-07,swe,0,1,0.0,1.0
2026-01-07,tto,0,1,0.0,1.0
2026-01-07,tur,0,1,0.0,7.0
2026-01-07,uga,0,1,0.0,5.0
2026-01-07,ury,0,5,0.0,10.4
2026-01-07,usa,0,119,0.0,8.65546218487395
2026-01-07,uzb,0,1,0.0,9.0
2026-01-07,ven,0,1,0.0,7.0
2026-01-07,vnm,0,12,0.0,16.416666666666664
2026-01-07,zmb,0,1,0.0,1.0
2026-01-08,ago,0,1,0.0,6.0
2026-01-08,are,0,6,0.0,6.666666666666667
2026-01-08,arg,0,33,0.0,6.818181818181818
2026-01-08,aut,0,5,0.0,31.8
2026-01-08,bel,0,1,0.0,11.0
2026-01-08,bgd,0,1,0.0,17.0
2026-01-08,bgr,0,1,0.0,8.0
2026-01-08,bol,0,1,0.0,5.0
2026-01-08,bwa,0,1,0.0,13.0
2026-01-08,can,0,2,0.0,2.0
2026-01-08,che,0,2,0.0,9.0
2026-01-08,chl,0,5,0.0,8.2
2026-01-08,cod,0,1,0.0,11.0
2026-01-08,deu,0,5,0.0,13.4
2026-01-08,dnk,0,1,0.0,19.0
2026-01-08,dom,0,1,0.0,20.0
2026-01-08,ecu,0,2,0.0,6.5
2026-01-08,egy,0,1,0.0,6.0
2026-01-08,esp,0,6,0.0,7.5
2026-01-08,fra,0,19,0.0,8.894736842105264
2026-01-08,gbr,0,9,0.0,9.444444444444445
2026-01-08,gha,0,1,0.0,13.0
2026-01-08,hkg,0,1,0.0,2.0
2026-01-08,hnd,0,1,0.0,15.0
2026-01-08,hun,0,1,0.0,11.0
2026-01-08,idn,0,3,0.0,6.333333333333333
2026-01-08,irl,0,1,0.0,10.0
2026-01-08,isr,0,3,0.0,7.333333333333333
2026-01-08,ita,0,8,0.0,5.25
2026-01-08,jpn,0,4,0.0,11.5
2026-01-08,ken,0,2,0.0,5.0
2026-01-08,khm,0,1,0.0,10.0
2026-01-08,kor,0,6,0.0,5.833333333333333
2026-01-08,ltu,0,1,0.0,8.0
2026-01-08,mex,0,8,0.0,23.125
2026-01-08,mys,0,1,0.0,11.0
2026-01-08,nga,0,3,0.0,11.0
2026-01-08,nld,0,4,0.0,6.75
2026-01-08,nor,0,2,0.0,10.0
2026-01-08,pak,0,2,0.0,13.0
2026-01-08,per,0,2,0.0,5.5
2026-01-08,phl,0,3,0.0,9.666666666666666
2026-01-08,pol,0,1,0.0,11.0
2026-01-08,prt,0,13,0.0,9.692307692307692
2026-01-08,pry,0,1,0.0,10.0
2026-01-08,rou,0,1,0.0,9.0
2026-01-08,sgp,0,1,0.0,10.0
2026-01-08,slv,0,1,0.0,7.0
2026-01-08,tha,0,1,0.0,13.0
2026-01-08,tur,0,4,0.0,13.5
2026-01-08,twn,0,2,0.0,7.0
2026-01-08,ury,0,3,0.0,9.666666666666666
2026-01-08,usa,0,140,0.0,11.242857142857142
2026-01-08,ven,0,1,0.0,8.0
2026-01-08,vnm,0,1,0.0,16.0
2026-01-08,zaf,0,3,0.0,10.666666666666666
2026-01-09,ago,0,3,0.0,4.666666666666666
2026-01-09,are,0,3,0.0,8.333333333333332
2026-01-09,arg,0,15,0.0,14.533333333333333
2026-01-09,aus,0,5,0.0,16.0
2026-01-09,aze,0,2,0.0,25.0
2026-01-09,bfa,0,1,0.0,10.0
2026-01-09,bgd,0,1,0.0,9.0
2026-01-09,bol,0,1,0.0,5.0
2026-01-09,caf,0,1,0.0,8.0
2026-01-09,can,0,9,0.0,9.11111111111111
2026-01-09,che,0,1,0.0,16.0
2026-01-09,chl,0,3,0.0,8.0
2026-01-09,chn,0,1,0.0,8.0
2026-01-09,cmr,0,2,0.0,6.0
2026-01-09,cod,0,1,0.0,11.0
2026-01-09,col,0,1,0.0,19.0
2026-01-09,cyp,0,2,0.0,4.5
2026-01-09,deu,0,7,0.0,12.857142857142858
2026-01-09,dnk,0,1,0.0,2.0
2026-01-09,ecu,0,4,0.0,9.25
2026-01-09,esp,0,6,0.0,9.333333333333334
2026-01-09,est,0,1,0.0,13.0
2026-01-09,fin,0,1,0.0,20.0
2026-01-09,fra,0,14,0.0,7.785714285714286
2026-01-09,gbr,0,8,0.0,9.75
2026-01-09,grc,0,1,0.0,9.0
2026-01-09,gtm,0,1,0.0,7.0
2026-01-09,hun,0,1,0.0,3.0
2026-01-09,idn,0,3,0.0,10.666666666666666
2026-01-09,ind,0,7,0.0,15.714285714285714
2026-01-09,irq,0,1,0.0,11.0
2026-01-09,ita,0,1,0.0,44.0
2026-01-09,jpn,0,2,0.0,13.0
2026-01-09,kor,0,9,0.0,11.444444444444445
2026-01-09,lbn,0,1,0.0,6.0
2026-01-09,ltu,0,3,0.0,6.0
2026-01-09,mac,0,1,0.0,21.0
2026-01-09,mar,0,3,0.0,32.66666666666667
2026-01-09,mda,0,2,0.0,10.0
2026-01-09,mex,0,3,0.0,10.0
2026-01-09,mlt,0,1,0.0,13.0
2026-01-09,moz,0,1,0.0,5.0
2026-01-09,mys,0,6,0.0,26.166666666666668
2026-01-09,nga,0,1,0.0,11.0
2026-01-09,nor,0,1,0.0,11.0
2026-01-09,npl,0,1,0.0,32.0
2026-01-09,pak,0,2,0.0,12.5
2026-01-09,per,0,2,0.0,8.5
2026-01-09,phl,0,6,0.0,20.5
2026-01-09,prt,0,11,0.0,10.272727272727273
2026-01-09,pry,0,2,0.0,2.5
2026-01-09,sau,0,1,0.0,2.0
2026-01-09,sgp,0,4,0.0,18.5
2026-01-09,slv,0,1,0.0,5.0
2026-01-09,tha,0,3,0.0,24.0
2026-01-09,tto,0,1,0.0,11.0
2026-01-09,tun,0,2,0.0,11.5
2026-01-09,tur,0,2,0.0,11.5
2026-01-09,twn,0,1,0.0,9.0
2026-01-09,ukr,0,1,0.0,6.0
2026-01-09,ury,0,1,0.0,8.0
2026-01-09,ven,0,1,0.0,6.0
2026-01-09,vnm,0,7,0.0,20.0
2026-01-09,zaf,0,3,0.0,11.0
2026-01-10,ago,0,1,0.0,10.0
2026-01-10,are,0,6,0.0,8.0
2026-01-10,arg,0,40,0.0,6.425
2026-01-10,aus,0,13,0.0,9.692307692307692
2026-01-10,aut,0,2,0.0,74.0
2026-01-10,bel,0,3,0.0,5.666666666666667
2026-01-10,bgd,0,2,0.0,6.0
2026-01-10,bol,0,2,0.0,5.0
2026-01-10,caf,0,1,0.0,9.0
2026-01-10,can,0,5,0.0,17.8
2026-01-10,che,0,2,0.0,8.5
2026-01-10,chl,0,12,0.0,4.916666666666666
2026-01-10,chn,0,1,0.0,3.0
2026-01-10,cmr,0,1,0.0,9.0
2026-01-10,col,0,3,0.0,6.666666666666667
2026-01-10,deu,0,9,0.0,10.333333333333334
2026-01-10,dnk,0,1,0.0,8.0
2026-01-10,dza,0,1,0.0,6.0
2026-01-10,egy,0,1,0.0,19.0
2026-01-10,esp,0,3,0.0,8.666666666666668
2026-01-10,fra,0,14,0.0,7.785714285714286
2026-01-10,gbr,0,11,0.0,14.272727272727273
2026-01-10,gha,0,1,0.0,11.0
2026-01-10,hnd,0,1,0.0,12.0
2026-01-10,hun,0,1,0.0,19.0
2026-01-10,ind,0,9,0.0,4.0
2026-01-10,irq,0,1,0.0,1.0
2026-01-10,ita,0,5,0.0,9.8
2026-01-10,jor,0,1,0.0,8.0
2026-01-10,jpn,0,3,0.0,14.0
2026-01-10,khm,0,1,0.0,1.0
2026-01-10,kor,0,14,0.0,7.714285714285714
2026-01-10,lux,0,2,0.0,12.0
2026-01-10,mex,0,3,0.0,5.666666666666667
2026-01-10,moz,0,2,0.0,8.5
2026-01-10,mus,0,1,0.0,5.0
2026-01-10,mys,0,6,0.0,16.666666666666664
2026-01-10,nga,0,2,0.0,15.0
2026-01-10,nld,0,2,0.0,6.0
2026-01-10,nor,0,1,0.0,72.0
2026-01-10,omn,0,1,0.0,8.0
2026-01-10,per,0,1,0.0,6.0
2026-01-10,phl,0,4,0.0,12.25
2026-01-10,prt,0,24,0.0,23.875
2026-01-10,pry,0,5,0.0,7.6
2026-01-10,sau,0,1,0.0,2.0
2026-01-10,sen,0,1,0.0,8.0
2026-01-10,sgp,0,4,0.0,17.75
2026-01-10,swe,0,2,0.0,12.0
2026-01-10,tgo,0,1,0.0,6.0
2026-01-10,tha,0,4,0.0,23.0
2026-01-10,tur,0,1,0.0,1.0
2026-01-10,twn,0,3,0.0,9.666666666666666
2026-01-10,ury,0,2,0.0,4.0
2026-01-10,vnm,0,3,0.0,28.333333333333332
2026-01-10,zaf,0,1,0.0,7.0
2026-01-11,ago,0,2,0.0,11.0
2026-01-11,are,0,5,0.0,9.2
2026-01-11,aus,0,4,0.0,25.0
2026-01-11,bel,0,2,0.0,8.5
2026-01-11,bfa,0,1,0.0,8.0
2026-01-11,bgd,0,2,0.0,12.0
2026-01-11,caf,0,6,0.0,9.166666666666666
2026-01-11,can,0,11,0.0,7.2727272727272725
2026-01-11,chl,0,3,0.0,6.333333333333333
2026-01-11,chn,0,2,0.0,8.0
2026-01-11,cmr,0,1,0.0,9.0
2026-01-11,col,0,1,0.0,3.0
2026-01-11,cri,0,1,0.0,8.0
2026-01-11,cze,0,1,0.0,12.0
2026-01-11,deu,0,6,0.0,6.0
2026-01-11,dza,0,1,0.0,5.0
2026-01-11,egy,0,2,0.0,11.5
2026-01-11,esp,0,2,0.0,3.5
2026-01-11,eth,0,1,0.0,7.0
2026-01-11,fra,0,18,0.0,6.444444444444445
2026-01-11,gbr,0,4,0.0,7.75
2026-01-11,grc,0,4,0.0,3.75
2026-01-11,idn,0,1,0.0,8.0
2026-01-11,ind,0,5,0.0,6.4
2026-01-11,irl,0,3,0.0,6.333333333333333
2026-01-11,irq,0,2,0.0,4.5
2026-01-11,isr,0,1,0.0,5.0
2026-01-11,ita,0,5,0.0,25.8
2026-01-11,jpn,0,4,0.0,13.25
2026-01-11,kor,0,9,0.0,7.555555555555555
2026-01-11,kwt,0,1,0.0,7.0
2026-01-11,lbn,0,1,0.0,5.0
2026-01-11,mdg,0,1,0.0,6.0
2026-01-11,mex,0,11,0.0,8.727272727272727
2026-01-11,mlt,0,1,0.0,1.0
2026-01-11,mys,0,5,0.0,17.2
2026-01-11,nga,0,5,0.0,8.0
2026-01-11,nld,0,2,0.0,9.0
2026-01-11,nor,0,1,0.0,7.0
2026-01-11,per,0,1,0.0,6.0
2026-01-11,phl,0,3,0.0,25.333333333333332
2026-01-11,pol,0,1,0.0,15.0
2026-01-11,prt,0,23,0.0,8.869565217391305
2026-01-11,pry,0,2,0.0,3.0
2026-01-11,rus,0,3,0.0,8.0
2026-01-11,sau,0,2,0.0,3.5
2026-01-11,svk,0,1,0.0,4.0
2026-01-11,swe,0,1,0.0,5.0
2026-01-11,tha,0,3,0.0,25.0
2026-01-11,uga,0,2,0.0,3.0
2026-01-11,ukr,0,1,0.0,18.0
2026-01-11,ury,0,2,0.0,6.0
2026-01-11,usa,0,96,0.0,10.385416666666666
2026-01-11,ven,0,1,0.0,5.0
2026-01-11,vnm,0,5,0.0,11.4
2026-01-11,zaf,0,1,0.0,6.0
2026-01-12,ago,0,3,0.0,5.0
2026-01-12,alb,0,1,0.0,2.0
2026-01-12,are,0,5,0.0,10.2
2026-01-12,arg,0,44,0.0,7.909090909090909
2026-01-12,aus,0,4,0.0,18.25
2026-01-12,aut,0,4,0.0,23.75
2026-01-12,bgd,0,1,0.0,8.0
2026-01-12,bgr,0,2,0.0,4.0
2026-01-12,bol,0,2,0.0,3.5
2026-01-12,can,0,12,0.0,8.916666666666668
2026-01-12,che,0,7,0.0,40.42857142857143
2026-01-12,chl,0,11,0.0,8.363636363636363
2026-01-12,civ,0,1,0.0,8.0
2026-01-12,cmr,0,1,0.0,11.0
2026-01-12,cod,0,2,0.0,6.0
2026-01-12,col,0,2,0.0,7.5
2026-01-12,cyp,0,1,0.0,2.0
2026-01-12,cze,0,2,0.0,4.0
2026-01-12,deu,0,2,0.0,28.0
2026-01-12,ecu,0,5,0.0,13.4
2026-01-12,esp,0,1,0.0,4.0
2026-01-12,eth,0,2,0.0,5.0
2026-01-12,fin,0,1,0.0,29.0
2026-01-12,fra,0,11,0.0,8.90909090909091
2026-01-12,gab,0,2,0.0,6.5
2026-01-12,gbr,0,16,0.0,9.0
2026-01-12,glp,0,1,0.0,5.0
2026-01-12,guy,0,1,0.0,3.0
2026-01-12,hkg,0,1,0.0,10.0
2026-01-12,idn,0,3,0.0,2.666666666666667
2026-01-12,ind,0,9,0.0,11.88888888888889
2026-01-12,irl,0,3,0.0,6.666666666666667
2026-01-12,irq,0,2,0.0,10.0
2026-01-12,isr,0,1,0.0,63.0
2026-01-12,ita,0,9,0.0,20.0
2026-01-12,jam,0,1,0.0,2.0
2026-01-12,jor,0,1,0.0,6.0
2026-01-12,jpn,0,5,0.0,24.0
2026-01-12,kor,0,12,0.0,4.083333333333334
2026-01-12,ltu,0,1,0.0,7.0
2026-01-12,mac,0,1,0.0,8.0
2026-01-12,mar,0,2,0.0,6.5
2026-01-12,mex,0,8,0.0,6.625
2026-01-12,moz,0,3,0.0,6.333333333333333
2026-01-12,mus,0,1,0.0,1.0
2026-01-12,mys,0,3,0.0,7.333333333333333
2026-01-12,nga,0,3,0.0,6.333333333333333
2026-01-12,nld,0,1,0.0,12.0
2026-01-12,nor,0,2,0.0,1.5
2026-01-12,nzl,0,3,0.0,4.666666666666666
2026-01-12,per,0,2,0.0,12.5
2026-01-12,phl,0,6,0.0,15.5
2026-01-12,pol,0,1,0.0,9.0
2026-01-12,prt,0,17,0.0,8.647058823529413
2026-01-12,pry,0,6,0.0,4.0
2026-01-12,rou,0,3,0.0,6.666666666666667
2026-01-12,sgp,0,3,0.0,6.666666666666667
2026-01-12,swe,0,1,0.0,4.0
2026-01-12,tha,0,10,0.0,23.4
2026-01-12,tjk,0,2,0.0,7.0
2026-01-12,tun,0,1,0.0,6.0
2026-01-12,tur,0,3,0.0,13.0
2026-01-12,twn,0,1,0.0,7.0
2026-01-12,uga,0,2,0.0,6.0
2026-01-12,ukr,0,2,0.0,83.0
2026-01-12,ury,0,6,0.0,8.833333333333332
2026-01-12,vnm,0,7,0.0,25.571428571428573
2026-01-13,ago,0,1,0.0,3.0
2026-01-13,are,0,3,0.0,7.0
2026-01-13,arg,0,40,0.0,9.05
2026-01-13,aus,0,11,0.0,23.818181818181817
2026-01-13,aut,0,3,0.0,6.333333333333333
2026-01-13,bel,0,2,0.0,7.5
2026-01-13,bgd,0,2,0.0,8.5
2026-01-13,bol,0,2,0.0,4.5
2026-01-13,caf,0,1,0.0,12.0
2026-01-13,can,0,6,0.0,10.166666666666666
2026-01-13,che,0,1,0.0,5.0
2026-01-13,chl,0,10,0.0,8.2
2026-01-13,chn,0,3,0.0,5.666666666666667
2026-01-13,cod,0,1,0.0,8.0
2026-01-13,col,0,3,0.0,11.0
2026-01-13,cpv,0,1,0.0,6.0
2026-01-13,deu,0,10,0.0,24.6
2026-01-13,dnk,0,2,0.0,7.0
2026-01-13,dza,0,2,0.0,7.0
2026-01-13,ecu,0,1,0.0,5.0
2026-01-13,esp,0,3,0.0,10.333333333333334
2026-01-13,fra,0,17,0.0,6.0
2026-01-13,gab,0,1,0.0,9.0
2026-01-13,gbr,0,15,0.0,10.266666666666667
2026-01-13,grc,0,1,0.0,7.0
2026-01-13,guf,0,1,0.0,2.0
2026-01-13,hkg,0,1,0.0,2.0
2026-01-13,hnd,0,1,0.0,7.0
2026-01-13,idn,0,2,0.0,11.5
2026-01-13,ind,0,9,0.0,8.444444444444445
2026-01-13,irl,0,3,0.0,7.666666666666667
2026-01-13,ita,0,12,0.0,11.416666666666666
2026-01-13,jam,0,1,0.0,6.0
2026-01-13,jpn,0,5,0.0,12.4
2026-01-13,kor,0,12,0.0,9.0
2026-01-13,mex,0,7,0.0,14.428571428571429
2026-01-13,moz,0,2,0.0,6.0
2026-01-13,mus,0,2,0.0,1.0
2026-01-13,mys,0,8,0.0,17.75
2026-01-13,nga,0,3,0.0,11.333333333333334
2026-01-13,nor,0,1,0.0,10.0
2026-01-13,nzl,0,1,0.0,9.0
2026-01-13,pak,0,2,0.0,9.0
2026-01-13,pan,0,2,0.0,1.0
2026-01-13,per,0,1,0.0,5.0
2026-01-13,phl,0,9,0.0,17.666666666666668
2026-01-13,pol,0,4,0.0,5.5
2026-01-13,pri,0,1,0.0,6.0
2026-01-13,prt,0,19,0.0,11.263157894736842
2026-01-13,pry,0,3,0.0,5.333333333333333
2026-01-13,rou,0,1,0.0,1.0
2026-01-13,rus,0,2,0.0,8.5
2026-01-13,sau,0,2,0.0,13.5
2026-01-13,sgp,0,6,0.0,16.166666666666664
2026-01-13,tgo,0,1,0.0,7.0
2026-01-13,tha,0,4,0.0,28.25
2026-01-13,tun,0,1,0.0,8.0
2026-01-13,tur,0,2,0.0,6.0
2026-01-13,twn,0,3,0.0,11.0
2026-01-13,ury,0,4,0.0,6.25
2026-01-13,ven,0,1,0.0,5.0
2026-01-13,vnm,0,3,0.0,19.666666666666668
2026-01-13,zaf,0,6,0.0,10.333333333333334
2026-01-14,ago,0,4,0.0,11.5
2026-01-14,are,0,3,0.0,8.666666666666668
2026-01-14,arg,0,27,0.0,10.703703703703704
2026-01-14,aus,0,6,0.0,19.666666666666668
2026-01-14,aut,0,4,0.0,35.5
2026-01-14,bel,0,1,0.0,11.0
2026-01-14,bgd,0,1,0.0,8.0
2026-01-14,bgr,0,1,0.0,18.0
2026-01-14,blr,0,1,0.0,15.0
2026-01-14,bol,0,3,0.0,5.333333333333333
2026-01-14,brb,0,1,0.0,14.0
2026-01-14,can,0,7,0.0,4.857142857142858
2026-01-14,che,0,5,0.0,20.6
2026-01-14,chl,0,5,0.0,14.8
2026-01-14,civ,0,2,0.0,6.5
2026-01-14,cod,0,4,0.0,6.5
2026-01-14,col,0,3,0.0,25.333333333333332
2026-01-14,deu,0,5,0.0,20.8
2026-01-14,dnk,0,1,0.0,11.0
2026-01-14,dza,0,2,0.0,3.5
2026-01-14,ecu,0,2,0.0,4.0
2026-01-14,egy,0,3,0.0,10.666666666666666
2026-01-14,esp,0,3,0.0,9.666666666666666
2026-01-14,fra,0,17,0.0,8.294117647058822
2026-01-14,gbr,0,11,0.0,6.818181818181818
2026-01-14,gtm,0,2,0.0,8.5
2026-01-14,guf,0,1,0.0,7.0
2026-01-14,hkg,0,1,0.0,10.0
2026-01-14,hnd,0,1,0.0,76.0
2026-01-14,idn,0,6,0.0,23.5
2026-01-14,ind,0,10,0.0,18.1
2026-01-14,ita,0,7,0.0,7.714285714285714
2026-01-14,jor,0,1,0.0,10.0
2026-01-14,jpn,0,5,0.0,7.0
2026-01-14,khm,0,1,0.0,8.0
2026-01-14,kor,0,19,0.0,4.7368421052631575
2026-01-14,ltu,0,1,0.0,5.0
2026-01-14,lva,0,1,0.0,6.0
2026-01-14,mex,0,7,0.0,6.714285714285714
2026-01-14,mlt,0,2,0.0,10.0
2026-01-14,moz,0,2,0.0,6.0
2026-01-14,mys,0,9,0.0,19.22222222222222
2026-01-14,nga,0,6,0.0,7.166666666666667
2026-01-14,nld,0,4,0.0,15.5
2026-01-14,nor,0,3,0.0,9.333333333333334
2026-01-14,nzl,0,1,0.0,8.0
2026-01-14,pak,0,1,0.0,11.0
2026-01-14,per,0,3,0.0,8.666666666666668
2026-01-14,phl,0,8,0.0,17.375
2026-01-14,pol,0,1,0.0,3.0
2026-01-14,prt,0,18,0.0,9.11111111111111
2026-01-14,pry,0,6,0.0,11.833333333333334
2026-01-14,reu,0,1,0.0,5.0
2026-01-14,rus,0,1,0.0,5.0
2026-01-14,sau,0,2,0.0,6.5
2026-01-14,sgp,0,5,0.0,16.8
2026-01-14,tha,0,6,0.0,23.333333333333332
2026-01-14,tun,0,2,0.0,6.0
2026-01-14,tur,0,2,0.0,6.5
2026-01-14,twn,0,1,0.0,12.0
2026-01-14,ury,0,3,0.0,5.0
2026-01-14,vnm,0,5,0.0,13.4
2026-01-14,zaf,0,2,0.0,5.5
2026-01-14,zzz,0,1,0.0,10.0
2026-01-15,ago,0,3,0.0,6.666666666666667
2026-01-15,are,0,8,0.0,6.75
2026-01-15,arg,0,27,0.0,7.777777777777778
2026-01-15,aus,0,7,0.0,17.142857142857142
2026-01-15,bel,0,1,0.0,1.0
2026-01-15,bfa,0,1,0.0,7.0
2026-01-15,bgd,0,8,0.0,26.5
2026-01-15,bgr,0,2,0.0,11.0
2026-01-15,bol,0,2,0.0,4.5
2026-01-15,caf,0,3,0.0,4.333333333333334
2026-01-15,can,0,8,0.0,6.75
2026-01-15,che,0,1,0.0,1.0
2026-01-15,chl,0,7,0.0,13.714285714285714
2026-01-15,chn,0,1,0.0,9.0
2026-01-15,cmr,0,1,0.0,5.0
2026-01-15,cod,0,2,0.0,8.5
2026-01-15,col,0,2,0.0,10.0
2026-01-15,cri,0,1,0.0,16.0
2026-01-15,cze,0,1,0.0,9.0
2026-01-15,deu,0,12,0.0,7.75
2026-01-15,dom,0,1,0.0,20.0
2026-01-15,ecu,0,1,0.0,2.0
2026-01-15,esp,0,6,0.0,7.333333333333333
2026-01-15,eth,0,1,0.0,10.0
2026-01-15,fra,0,17,0.0,7.235294117647059
2026-01-15,gbr,0,8,0.0,15.875
2026-01-15,idn,0,4,0.0,5.25
2026-01-15,ind,0,28,0.0,15.035714285714286
2026-01-15,irl,0,3,0.0,7.333333333333333
2026-01-15,isr,0,1,0.0,8.0
2026-01-15,jpn,0,1,0.0,1.0
2026-01-15,kor,0,18,0.0,4.0
2026-01-15,lbn,0,1,0.0,1.0
2026-01-15,mar,0,3,0.0,5.333333333333333
2026-01-15,mex,0,8,0.0,5.25
2026-01-15,mmr,0,1,0.0,5.0
2026-01-15,mne,0,1,0.0,10.0
2026-01-15,moz,0,1,0.0,7.0
2026-01-15,mys,0,6,0.0,27.5
2026-01-15,nld,0,3,0.0,8.0
2026-01-15,nor,0,1,0.0,9.0
2026-01-15,nzl,0,2,0.0,10.0
2026-01-15,omn,0,1,0.0,6.0
2026-01-15,pak,0,1,0.0,5.0
2026-01-15,per,0,3,0.0,5.666666666666667
2026-01-15,phl,0,10,0.0,18.5
2026-01-15,prt,0,29,0.0,9.655172413793103
2026-01-15,pry,0,8,0.0,7.375
2026-01-15,rou,0,1,0.0,9.0
2026-01-15,sau,0,3,0.0,7.0
2026-01-15,sgp,0,1,0.0,3.0
2026-01-15,svn,0,1,0.0,1.0
2026-01-15,swe,0,4,0.0,6.75
2026-01-15,tha,0,8,0.0,27.0
2026-01-15,tur,0,2,0.0,9.0
2026-01-15,twn,0,2,0.0,7.5
2026-01-15,ury,0,4,0.0,6.25
2026-01-15,usa,0,103,0.0,6.194174757281553
2026-01-15,vnm,0,4,0.0,30.5
2026-01-15,zaf,0,1,0.0,9.0
2026-01-16,ago,0,2,0.0,7.5
2026-01-16,are,0,10,0.0,8.2
2026-01-16,arg,0,18,0.0,8.222222222222221
2026-01-16,aus,0,7,0.0,37.0
2026-01-16,bel,0,5,0.0,8.8
2026-01-16,bgd,0,5,0.0,23.4
2026-01-16,bgr,0,1,0.0,6.0
2026-01-16,bih,0,1,0.0,8.0
2026-01-16,blr,0,1,0.0,19.0
2026-01-16,blz,0,1,0.0,6.0
2026-01-16,bol,0,2,0.0,12.0
2026-01-16,bwa,0,1,0.0,10.0
2026-01-16,caf,0,1,0.0,5.0
2026-01-16,can,0,9,0.0,7.333333333333333
2026-01-16,chl,0,7,0.0,7.142857142857143
2026-01-16,col,0,2,0.0,16.0
2026-01-16,cze,0,3,0.0,9.666666666666666
2026-01-16,deu,0,4,0.0,5.75
2026-01-16,dom,0,1,0.0,8.0
2026-01-16,ecu,0,1,0.0,7.0
2026-01-16,egy,0,1,0.0,9.0
2026-01-16,esp,0,2,0.0,10.0
2026-01-16,eth,0,1,0.0,5.0
2026-01-16,fra,0,16,0.0,6.1875
2026-01-16,gbr,0,6,0.0,11.666666666666666
2026-01-16,gha,0,1,0.0,9.0
2026-01-16,gtm,0,1,0.0,3.0
2026-01-16,idn,0,3,0.0,5.666666666666667
2026-01-16,ind,0,20,0.0,16.05
2026-01-16,irl,0,1,0.0,9.0
2026-01-16,isr,0,1,0.0,8.0
2026-01-16,ita,0,26,0.0,14.115384615384615
2026-01-16,jor,0,1,0.0,7.0
2026-01-16,jpn,0,1,0.0,10.0
2026-01-16,kor,0,18,0.0,3.6666666666666665
2026-01-16,lka,0,1,0.0,11.0
2026-01-16,lux,0,2,0.0,6.0
2026-01-16,mar,0,2,0.0,8.0
2026-01-16,mda,0,1,0.0,17.0
2026-01-16,mex,0,3,0.0,15.333333333333334
2026-01-16,mli,0,1,0.0,1.0
2026-01-16,mys,0,6,0.0,20.0
2026-01-16,nga,0,4,0.0,10.75
2026-01-16,nld,0,5,0.0,26.0
2026-01-16,nor,0,1,0.0,10.0
2026-01-16,nzl,0,1,0.0,12.0
2026-01-16,pak,0,1,0.0,4.0
2026-01-16,pan,0,1,0.0,5.0
2026-01-16,phl,0,11,0.0,16.909090909090907
2026-01-16,prt,0,19,0.0,9.736842105263158
2026-01-16,pry,0,6,0.0,7.0
2026-01-16,sau,0,1,0.0,10.0
2026-01-16,sgp,0,3,0.0,7.333333333333333
2026-01-16,swe,0,3,0.0,9.333333333333334
2026-01-16,tha,0,4,0.0,29.0
2026-01-16,tur,0,1,0.0,11.0
2026-01-16,twn,0,1,0.0,16.0
2026-01-16,ukr,0,1,0.0,17.0
2026-01-16,ury,0,1,0.0,10.0
2026-01-16,usa,0,96,0.0,9.802083333333334
2026-01-16,vnm,0,6,0.0,10.666666666666666
2026-01-16,zaf,0,3,0.0,4.0
2026-01-17,ago,0,2,0.0,4.5
2026-01-17,are,0,11,0.0,7.2727272727272725
2026-01-17,arg,0,27,0.0,9.25925925925926
2026-01-17,aus,0,4,0.0,34.75
2026-01-17,aut,0,1,0.0,12.0
2026-01-17,bol,0,3,0.0,8.333333333333332
2026-01-17,can,0,14,0.0,10.642857142857142
2026-01-17,che,0,6,0.0,21.666666666666668
2026-01-17,chl,0,5,0.0,16.4
2026-01-17,civ,0,1,0.0,4.0
2026-01-17,cmr,0,2,0.0,7.5
2026-01-17,deu,0,4,0.0,19.0
2026-01-17,ecu,0,1,0.0,4.0
2026-01-17,egy,0,1,0.0,4.0
2026-01-17,esp,0,7,0.0,5.428571428571429
2026-01-17,fra,0,7,0.0,6.285714285714286
2026-01-17,gbr,0,4,0.0,9.75
2026-01-17,hkg,0,1,0.0,6.0
2026-01-17,ind,0,4,0.0,15.5
2026-01-17,irq,0,1,0.0,6.0
2026-01-17,ita,0,10,0.0,27.2
2026-01-17,jpn,0,1,0.0,9.0
2026-01-17,kor,0,15,0.0,5.866666666666666
2026-01-17,ltu,0,1,0.0,5.0
2026-01-17,mex,0,3,0.0,6.666666666666667
2026-01-17,nam,0,1,0.0,10.0
2026-01-17,ner,0,1,0.0,12.0
2026-01-17,nga,0,4,0.0,5.0
2026-01-17,nld,0,2,0.0,20.5
2026-01-17,nor,0,1,0.0,9.0
2026-01-17,nzl,0,2,0.0,12.0
2026-01-17,pak,0,2,0.0,1.5
2026-01-17,pan,0,1,0.0,12.0
2026-01-17,per,0,1,0.0,19.0
2026-01-17,phl,0,14,0.0,20.857142857142858
2026-01-17,pol,0,1,0.0,5.0
2026-01-17,pri,0,1,0.0,1.0
2026-01-17,prt,0,21,0.0,11.952380952380953
2026-01-17,pry,0,10,0.0,7.6
2026-01-17,rou,0,1,0.0,10.0
2026-01-17,sau,0,1,0.0,2.0
2026-01-17,sen,0,1,0.0,9.0
2026-01-17,sgp,0,1,0.0,5.0
2026-01-17,srb,0,1,0.0,8.0
2026-01-17,swe,0,2,0.0,4.0
2026-01-17,tur,0,3,0.0,11.333333333333334
2026-01-17,twn,0,2,0.0,9.5
2026-01-17,tza,0,2,0.0,8.5
2026-01-17,ukr,0,1,0.0,10.0
2026-01-17,ury,0,1,0.0,4.0
2026-01-17,usa,0,87,0.0,12.908045977011493
2026-01-17,vnm,0,2,0.0,8.0
2026-01-17,zaf,0,2,0.0,14.0
2026-01-17,zzz,0,1,0.0,13.0
2026-01-18,ago,0,1,0.0,5.0
2026-01-18,are,0,5,0.0,7.6
2026-01-18,arg,0,15,0.0,9.266666666666667
2026-01-18,aus,0,5,0.0,9.0
2026-01-18,bel,0,4,0.0,10.75
2026-01-18,bgd,0,2,0.0,7.5
2026-01-18,bih,0,2,0.0,12.0
2026-01-18,caf,0,1,0.0,5.0
2026-01-18,can,0,6,0.0,3.8333333333333335
2026-01-18,che,0,2,0.0,8.5
2026-01-18,chl,0,3,0.0,27.333333333333332
2026-01-18,chn,0,1,0.0,22.0
2026-01-18,cmr,0,2,0.0,9.0
2026-01-18,col,0,2,0.0,13.5
2026-01-18,cpv,0,2,0.0,29.0
2026-01-18,deu,0,4,0.0,10.25
2026-01-18,ecu,0,2,0.0,8.5
2026-01-18,egy,0,1,0.0,10.0
2026-01-18,esp,0,2,0.0,8.0
2026-01-18,fra,0,17,0.0,6.588235294117647
2026-01-18,gbr,0,13,0.0,7.769230769230769
2026-01-18,gtm,0,1,0.0,6.0
2026-01-18,hrv,0,1,0.0,13.0
2026-01-18,idn,0,6,0.0,10.166666666666666
2026-01-18,ind,0,5,0.0,7.4
2026-01-18,irn,0,1,0.0,9.0
2026-01-18,irq,0,1,0.0,13.0
2026-01-18,ita,0,16,0.0,17.75
2026-01-18,jpn,0,1,0.0,7.0
2026-01-18,kor,0,10,0.0,2.5
2026-01-18,kwt,0,1,0.0,6.0
2026-01-18,lux,0,2,0.0,60.5
2026-01-18,mac,0,1,0.0,8.0
2026-01-18,moz,0,1,0.0,4.0
2026-01-18,mys,0,3,0.0,4.0
2026-01-18,nga,0,3,0.0,23.0
2026-01-18,nld,0,4,0.0,14.75
2026-01-18,nor,0,1,0.0,11.0
2026-01-18,npl,0,4,0.0,9.75
2026-01-18,pak,0,1,0.0,12.0
2026-01-18,per,0,1,0.0,3.0
2026-01-18,phl,0,10,0.0,15.7
2026-01-18,prt,0,20,0.0,11.7
2026-01-18,pry,0,10,0.0,8.9
2026-01-18,rou,0,1,0.0,11.0
2026-01-18,rus,0,1,0.0,44.0
2026-01-18,sau,0,1,0.0,11.0
2026-01-18,srb,0,1,0.0,7.0
2026-01-18,swe,0,1,0.0,1.0
2026-01-18,tha,0,1,0.0,15.0
2026-01-18,tur,0,4,0.0,4.5
2026-01-18,twn,0,14,0.0,8.928571428571429
2026-01-18,ury,0,7,0.0,8.571428571428571
2026-01-18,usa,0,98,0.0,8.744897959183675
2026-01-18,vnm,0,1,0.0,8.0
2026-01-18,xkk,0,1,0.0,12.0
2026-01-18,zaf,0,3,0.0,6.666666666666667
2026-01-19,are,0,2,0.0,9.0
2026-01-19,arg,0,41,0.0,8.390243902439025
2026-01-19,aus,0,1,0.0,23.0
2026-01-19,aut,0,2,0.0,8.0
2026-01-19,bel,0,3,0.0,5.0
2026-01-19,bgd,0,4,0.0,22.75
2026-01-19,bgr,0,1,0.0,2.0
2026-01-19,bol,0,2,0.0,8.0
2026-01-19,can,0,8,0.0,8.375
2026-01-19,che,0,3,0.0,7.0
2026-01-19,chl,0,8,0.0,8.875
2026-01-19,chn,0,1,0.0,1.0
2026-01-19,col,0,2,0.0,6.0
2026-01-19,cri,0,2,0.0,7.0
2026-01-19,cze,0,1,0.0,10.0
2026-01-19,deu,0,9,0.0,16.666666666666664
2026-01-19,dza,0,3,0.0,16.666666666666664
2026-01-19,ecu,0,1,0.0,9.0
2026-01-19,egy,0,4,0.0,10.75
2026-01-19,esp,0,5,0.0,7.6
2026-01-19,fra,0,17,0.0,5.9411764705882355
2026-01-19,gab,0,1,0.0,8.0
2026-01-19,gbr,0,10,0.0,18.2
2026-01-19,glp,0,1,0.0,4.0
2026-01-19,grc,0,2,0.0,6.5
2026-01-19,hnd,0,2,0.0,5.0
2026-01-19,hun,0,1,0.0,11.0
2026-01-19,idn,0,14,0.0,17.571428571428573
2026-01-19,ind,0,20,0.0,16.5
2026-01-19,irl,0,1,0.0,11.0
2026-01-19,irn,0,2,0.0,2.0
2026-01-19,jpn,0,2,0.0,17.0
2026-01-19,kaz,0,1,0.0,1.0
2026-01-19,kor,0,9,0.0,4.0
2026-01-19,lka,0,1,0.0,12.0
2026-01-19,lux,0,1,0.0,12.0
2026-01-19,lva,0,1,0.0,9.0
2026-01-19,mar,0,1,0.0,5.0
2026-01-19,mex,0,3,0.0,11.333333333333334
2026-01-19,moz,0,1,0.0,6.0
2026-01-19,mys,0,4,0.0,16.25
2026-01-19,nga,0,4,0.0,13.0
2026-01-19,nld,0,3,0.0,27.666666666666668
2026-01-19,nor,0,4,0.0,11.0
2026-01-19,nzl,0,1,0.0,9.0
2026-01-19,pak,0,5,0.0,15.8
2026-01-19,pan,0,1,0.0,9.0
2026-01-19,per,0,3,0.0,8.0
2026-01-19,phl,0,21,0.0,20.952380952380953
2026-01-19,prt,0,16,0.0,10.375
2026-01-19,pry,0,4,0.0,8.5
2026-01-19,qat,0,1,0.0,8.0
2026-01-19,rou,0,2,0.0,36.0
2026-01-19,sau,0,8,0.0,26.875
2026-01-19,sen,0,1,0.0,5.0
2026-01-19,tgo,0,1,0.0,4.0
2026-01-19,tto,0,1,0.0,1.0
2026-01-19,tur,0,9,0.0,24.11111111111111
2026-01-19,twn,0,2,0.0,28.5
2026-01-19,uga,0,1,0.0,5.0
2026-01-19,ukr,0,3,0.0,60.666666666666664
2026-01-19,ury,0,10,0.0,7.1
2026-01-19,vnm,0,3,0.0,11.333333333333334
2026-01-19,xkk,0,1,0.0,5.0
2026-01-19,zaf,0,1,0.0,7.0
2026-01-20,ago,0,6,0.0,10.166666666666666
2026-01-20,alb,0,1,0.0,2.0
2026-01-20,are,0,3,0.0,4.666666666666666
2026-01-20,arg,0,30,0.0,8.933333333333334
2026-01-20,aus,0,1,0.0,5.0
2026-01-20,aut,0,2,0.0,31.0
2026-01-20,bel,0,4,0.0,7.0
2026-01-20,bgd,0,4,0.0,21.0
2026-01-20,bgr,0,1,0.0,10.0
2026-01-20,bhr,0,1,0.0,7.0
2026-01-20,blr,0,1,0.0,11.0
2026-01-20,bol,0,3,0.0,6.0
2026-01-20,can,0,5,0.0,8.2
2026-01-20,che,0,1,0.0,7.0
2026-01-20,chl,0,4,0.0,12.5
2026-01-20,chn,0,1,0.0,5.0
2026-01-20,civ,0,1,0.0,6.0
2026-01-20,cmr,0,1,0.0,7.0
2026-01-20,cod,0,5,0.0,6.4
2026-01-20,col,0,1,0.0,4.0
2026-01-20,cze,0,1,0.0,2.0
2026-01-20,deu,0,7,0.0,14.285714285714286
2026-01-20,dnk,0,1,0.0,1.0
2026-01-20,dom,0,2,0.0,7.5
2026-01-20,dza,0,1,0.0,5.0
2026-01-20,ecu,0,1,0.0,4.0
2026-01-20,egy,0,1,0.0,11.0
2026-01-20,esp,0,6,0.0,7.833333333333333
2026-01-20,eth,0,1,0.0,33.0
2026-01-20,fra,0,12,0.0,5.916666666666667
2026-01-20,gab,0,1,0.0,10.0
2026-01-20,gbr,0,23,0.0,7.695652173913044
2026-01-20,hrv,0,1,0.0,2.0
2026-01-20,idn,0,1,0.0,3.0
2026-01-20,ind,0,31,0.0,15.741935483870968
2026-01-20,irl,0,1,0.0,4.0
2026-01-20,irn,0,3,0.0,6.666666666666667
2026-01-20,irq,0,1,0.0,15.0
2026-01-20,isr,0,1,0.0,4.0
2026-01-20,jor,0,1,0.0,7.0
2026-01-20,jpn,0,3,0.0,10.666666666666666
2026-01-20,kaz,0,1,0.0,39.0
2026-01-20,ken,0,5,0.0,3.0
2026-01-20,khm,0,1,0.0,13.0
2026-01-20,kor,0,17,0.0,4.8235294117647065
2026-01-20,lka,0,2,0.0,6.0
2026-01-20,ltu,0,1,0.0,3.0
2026-01-20,mar,0,1,0.0,5.0
2026-01-20,mex,0,2,0.0,5.0
2026-01-20,moz,0,1,0.0,10.0
2026-01-20,mys,0,5,0.0,11.2
2026-01-20,nga,0,4,0.0,9.5
2026-01-20,nld,0,4,0.0,12.0
2026-01-20,nor,0,1,0.0,11.0
2026-01-20,nzl,0,1,0.0,7.0
2026-01-20,pak,0,4,0.0,31.25
2026-01-20,per,0,2,0.0,8.0
2026-01-20,phl,0,12,0.0,18.916666666666668
2026-01-20,pol,0,2,0.0,17.0
2026-01-20,prt,0,21,0.0,10.761904761904763
2026-01-20,pry,0,3,0.0,5.666666666666667
2026-01-20,rou,0,2,0.0,12.5
2026-01-20,sau,0,11,0.0,22.363636363636363
2026-01-20,sgp,0,4,0.0,10.75
2026-01-20,srb,0,1,0.0,8.0
2026-01-20,svn,0,2,0.0,7.0
2026-01-20,swe,0,2,0.0,7.0
2026-01-20,syr,0,2,0.0,28.5
2026-01-20,tgo,0,1,0.0,6.0
2026-01-20,tha,0,4,0.0,5.0
2026-01-20,tur,0,10,0.0,19.9
2026-01-20,twn,0,1,0.0,11.0
2026-01-20,ury,0,4,0.0,8.5
2026-01-20,ven,0,1,0.0,48.0
2026-01-20,zaf,0,2,0.0,5.0
2026-01-21,ago,0,1,0.0,10.0
2026-01-21,alb,0,2,0.0,5.5
2026-01-21,are,0,4,0.0,8.0
2026-01-21,aus,0,7,0.0,10.142857142857142
2026-01-21,aut,0,1,0.0,65.0
2026-01-21,ben,0,1,0.0,8.0
2026-01-21,bfa,0,2,0.0,9.0
2026-01-21,bgd,0,5,0.0,18.4
2026-01-21,bol,0,1,0.0,5.0
2026-01-21,can,0,19,0.0,15.526315789473685
2026-01-21,che,0,3,0.0,8.666666666666668
2026-01-21,chl,0,5,0.0,8.4
2026-01-21,civ,0,1,0.0,7.0
2026-01-21,cmr,0,1,0.0,7.0
2026-01-21,cod,0,1,0.0,6.0
2026-01-21,cog,0,2,0.0,5.5
2026-01-21,col,0,4,0.0,20.25
2026-01-21,cri,0,4,0.0,8.5
2026-01-21,cze,0,1,0.0,7.0
2026-01-21,dza,0,3,0.0,8.666666666666668
2026-01-21,ecu,0,6,0.0,11.833333333333334
2026-01-21,egy,0,5,0.0,28.6
2026-01-21,esp,0,10,0.0,15.1
2026-01-21,eth,0,4,0.0,24.5
2026-01-21,fra,0,15,0.0,6.666666666666667
2026-01-21,gab,0,2,0.0,8.0
2026-01-21,gbr,0,38,0.0,12.868421052631579
2026-01-21,gha,0,1,0.0,1.0
2026-01-21,glp,0,1,0.0,9.0
2026-01-21,gtm,0,1,0.0,5.0
2026-01-21,guf,0,1,0.0,9.0
2026-01-21,hkg,0,1,0.0,12.0
2026-01-21,hrv,0,1,0.0,12.0
2026-01-21,hun,0,1,0.0,3.0
2026-01-21,idn,0,7,0.0,18.857142857142858
2026-01-21,ind,0,25,0.0,18.64
2026-01-21,irl,0,1,0.0,17.0
2026-01-21,irn,0,1,0.0,2.0
2026-01-21,irq,0,2,0.0,20.5
2026-01-21,isr,0,3,0.0,6.333333333333333
2026-01-21,ita,0,14,0.0,23.142857142857142
2026-01-21,jor,0,1,0.0,7.0
2026-01-21,jpn,0,3,0.0,8.666666666666668
2026-01-21,ken,0,1,0.0,10.0
2026-01-21,kor,0,9,0.0,7.777777777777778
2026-01-21,ltu,0,1,0.0,8.0
2026-01-21,mar,0,5,0.0,24.8
2026-01-21,mex,0,4,0.0,23.25
2026-01-21,mkd,0,1,0.0,6.0
2026-01-21,mlt,0,1,0.0,18.0
2026-01-21,mng,0,1,0.0,1.0
2026-01-21,moz,0,3,0.0,5.666666666666667
2026-01-21,mys,0,7,0.0,10.142857142857142
2026-01-21,nga,0,9,0.0,23.88888888888889
2026-01-21,nld,0,2,0.0,19.5
2026-01-21,nor,0,4,0.0,10.25
2026-01-21,nzl,0,1,0.0,2.0
2026-01-21,omn,0,4,0.0,14.0
2026-01-21,pak,0,5,0.0,3.0
2026-01-21,pan,0,1,0.0,6.0
2026-01-21,per,0,5,0.0,3.2
2026-01-21,phl,0,9,0.0,20.555555555555557
2026-01-21,pol,0,3,0.0,8.333333333333332
2026-01-21,pri,0,2,0.0,13.0
2026-01-21,prt,0,21,0.0,18.142857142857142
2026-01-21,pry,0,5,0.0,5.6
2026-01-21,rou,0,1,0.0,9.0
2026-01-21,sau,0,7,0.0,14.714285714285714
2026-01-21,sen,0,1,0.0,7.0
2026-01-21,srb,0,1,0.0,1.0
2026-01-21,svk,0,1,0.0,5.0
2026-01-21,svn,0,1,0.0,14.0
2026-01-21,swe,0,1,0.0,5.0
2026-01-21,tha,0,8,0.0,16.625
2026-01-21,tto,0,2,0.0,2.0
2026-01-21,tur,0,2,0.0,26.5
2026-01-21,twn,0,2,0.0,13.0
2026-01-21,tza,0,1,0.0,4.0
2026-01-21,uga,0,2,0.0,10.5
2026-01-21,ukr,0,2,0.0,15.0
2026-01-21,ury,0,3,0.0,7.333333333333333
2026-01-21,usa,0,168,0.0,8.904761904761905
2026-01-21,ven,0,2,0.0,32.5
2026-01-21,vnm,0,11,0.0,29.727272727272727
2026-01-21,zaf,0,4,0.0,11.25
2026-01-21,zmb,0,1,0.0,11.0
2026-01-22,ago,0,5,0.0,5.4
2026-01-22,are,0,1,0.0,10.0
2026-01-22,arg,0,33,0.0,8.151515151515152
2026-01-22,aus,0,2,0.0,6.5
2026-01-22,bel,0,3,0.0,6.333333333333333
2026-01-22,bgd,0,4,0.0,12.0
2026-01-22,bih,0,1,0.0,5.0
2026-01-22,bol,0,3,0.0,3.3333333333333335
2026-01-22,caf,0,1,0.0,11.0
2026-01-22,can,0,23,0.0,12.956521739130435
2026-01-22,che,0,7,0.0,34.142857142857146
2026-01-22,chl,0,8,0.0,9.0
2026-01-22,col,0,3,0.0,27.0
2026-01-22,cri,0,1,0.0,17.0
2026-01-22,cub,0,1,0.0,10.0
2026-01-22,deu,0,6,0.0,16.166666666666664
2026-01-22,dom,0,2,0.0,13.0
2026-01-22,dza,0,1,0.0,27.0
2026-01-22,ecu,0,7,0.0,24.571428571428573
2026-01-22,egy,0,3,0.0,17.333333333333332
2026-01-22,esp,0,9,0.0,14.666666666666666
2026-01-22,est,0,1,0.0,6.0
2026-01-22,eth,0,5,0.0,27.8
2026-01-22,fra,0,21,0.0,6.809523809523809
2026-01-22,gbr,0,20,0.0,5.65
2026-01-22,gha,0,2,0.0,9.0
2026-01-22,gtm,0,2,0.0,8.5
2026-01-22,hkg,0,1,0.0,5.0
2026-01-22,hrv,0,1,0.0,8.0
2026-01-22,idn,0,3,0.0,17.333333333333332
2026-01-22,irl,0,2,0.0,7.0
2026-01-22,irn,0,1,0.0,6.0
2026-01-22,isl,0,1,0.0,13.0
2026-01-22,isr,0,2,0.0,7.0
2026-01-22,ita,0,7,0.0,11.714285714285714
2026-01-22,jor,0,1,0.0,6.0
2026-01-22,kgz,0,1,0.0,3.0
2026-01-22,kor,0,16,0.0,5.0625
2026-01-22,mar,0,5,0.0,15.0
2026-01-22,mex,0,6,0.0,10.833333333333334
2026-01-22,mlt,0,1,0.0,13.0
2026-01-22,mmr,0,2,0.0,11.5
2026-01-22,mys,0,7,0.0,18.428571428571427
2026-01-22,nam,0,1,0.0,10.0
2026-01-22,nga,0,7,0.0,12.0
2026-01-22,nld,0,4,0.0,13.5
2026-01-22,nor,0,4,0.0,7.5
2026-01-22,nzl,0,1,0.0,12.0
2026-01-22,omn,0,5,0.0,25.0
2026-01-22,pak,0,1,0.0,20.0
2026-01-22,per,0,4,0.0,25.75
2026-01-22,phl,0,9,0.0,24.88888888888889
2026-01-22,prt,0,23,0.0,12.565217391304348
2026-01-22,pry,0,4,0.0,6.0
2026-01-22,qat,0,1,0.0,4.0
2026-01-22,sau,0,7,0.0,18.0
2026-01-22,srb,0,1,0.0,3.0
2026-01-22,sur,0,1,0.0,6.0
2026-01-22,swe,0,1,0.0,2.0
2026-01-22,tha,0,10,0.0,22.5
2026-01-22,tto,0,1,0.0,12.0
2026-01-22,tur,0,5,0.0,15.0
2026-01-22,twn,0,1,0.0,5.0
2026-01-22,uga,0,1,0.0,7.0
2026-01-22,ury,0,5,0.0,5.8
2026-01-22,vct,0,1,0.0,6.0
2026-01-22,ven,0,5,0.0,24.2
2026-01-22,vnm,0,11,0.0,21.90909090909091
2026-01-22,zaf,0,3,0.0,8.333333333333332
2026-01-23,ago,0,21,0.0,6.285714285714286
2026-01-23,are,0,6,0.0,10.166666666666666
2026-01-23,aus,0,1,0.0,5.0
2026-01-23,aut,0,2,0.0,11.5
2026-01-23,bel,0,2,0.0,12.0
2026-01-23,bgd,0,2,0.0,16.0
2026-01-23,bol,0,1,0.0,6.0
2026-01-23,can,0,14,0.0,13.428571428571429
2026-01-23,che,0,3,0.0,3.6666666666666665
2026-01-23,chl,0,10,0.0,9.1
2026-01-23,chn,0,1,0.0,1.0
2026-01-23,col,0,3,0.0,13.666666666666666
2026-01-23,cpv,0,3,0.0,6.666666666666667
2026-01-23,cri,0,1,0.0,12.0
2026-01-23,cze,0,2,0.0,5.5
2026-01-23,dnk,0,1,0.0,5.0
2026-01-23,dza,0,3,0.0,5.0
2026-01-23,egy,0,3,0.0,36.0
2026-01-23,esp,0,12,0.0,13.083333333333334
2026-01-23,fra,0,19,0.0,6.526315789473684
2026-01-23,gab,0,1,0.0,10.0
2026-01-23,gbr,0,11,0.0,9.545454545454545
2026-01-23,gtm,0,1,0.0,6.0
2026-01-23,hkg,0,3,0.0,5.333333333333333
2026-01-23,idn,0,4,0.0,17.0
2026-01-23,ind,0,20,0.0,15.35
2026-01-23,irn,0,2,0.0,2.0
2026-01-23,isr,0,1,0.0,2.0
2026-01-23,ita,0,7,0.0,23.571428571428573
2026-01-23,jor,0,1,0.0,2.0
2026-01-23,jpn,0,5,0.0,5.8
2026-01-23,kor,0,26,0.0,4.615384615384615
2026-01-23,lva,0,1,0.0,3.0
2026-01-23,mar,0,3,0.0,29.0
2026-01-23,mdg,0,1,0.0,6.0
2026-01-23,mex,0,9,0.0,3.888888888888889
2026-01-23,moz,0,2,0.0,5.0
2026-01-23,mtq,0,2,0.0,5.0
2026-01-23,mys,0,4,0.0,15.25
2026-01-23,nga,0,7,0.0,20.285714285714285
2026-01-23,nld,0,2,0.0,18.0
2026-01-23,nor,0,2,0.0,9.0
2026-01-23,nzl,0,1,0.0,11.0
2026-01-23,omn,0,2,0.0,5.5
2026-01-23,per,0,4,0.0,24.5
2026-01-23,phl,0,11,0.0,18.90909090909091
2026-01-23,pol,0,2,0.0,15.5
2026-01-23,prt,0,15,0.0,16.0
2026-01-23,pry,0,1,0.0,10.0
2026-01-23,rou,0,2,0.0,24.5
2026-01-23,rus,0,2,0.0,6.0
2026-01-23,rwa,0,1,0.0,8.0
2026-01-23,sau,0,6,0.0,24.0
2026-01-23,swe,0,1,0.0,7.0
2026-01-23,tha,0,12,0.0,20.75
2026-01-23,tto,0,2,0.0,15.5
2026-01-23,tur,0,5,0.0,16.0
2026-01-23,twn,0,4,0.0,10.5
2026-01-23,uga,0,3,0.0,8.666666666666668
2026-01-23,ury,0,1,0.0,4.0
2026-01-23,usa,0,91,0.0,8.153846153846153
2026-01-23,vnm,0,7,0.0,17.571428571428573
2026-01-23,zaf,0,1,0.0,27.0
2026-01-24,afg,0,1,0.0,4.0
2026-01-24,ago,0,2,0.0,7.0
2026-01-24,are,0,6,0.0,11.5
2026-01-24,arg,0,27,0.0,9.037037037037036
2026-01-24,aus,0,2,0.0,7.0
2026-01-24,aut,0,2,0.0,21.5
2026-01-24,bel,0,1,0.0,10.0
2026-01-24,bfa,0,2,0.0,8.0
2026-01-24,bgd,0,3,0.0,14.666666666666666
2026-01-24,bol,0,1,0.0,5.0
2026-01-24,caf,0,1,0.0,12.0
2026-01-24,can,0,20,0.0,15.0
2026-01-24,che,0,3,0.0,36.333333333333336
2026-01-24,chl,0,6,0.0,9.0
2026-01-24,chn,0,1,0.0,2.0
2026-01-24,civ,0,2,0.0,10.0
2026-01-24,cmr,0,1,0.0,17.0
2026-01-24,col,0,4,0.0,25.25
2026-01-24,deu,0,5,0.0,16.0
2026-01-24,dza,0,1,0.0,20.0
2026-01-24,ecu,0,1,0.0,11.0
2026-01-24,egy,0,7,0.0,20.285714285714285
2026-01-24,esp,0,9,0.0,25.77777777777778
2026-01-24,est,0,1,0.0,13.0
2026-01-24,eth,0,1,0.0,5.0
2026-01-24,fra,0,14,0.0,7.357142857142857
2026-01-24,hnd,0,1,0.0,2.0
2026-01-24,ind,0,24,0.0,16.583333333333336
2026-01-24,irl,0,5,0.0,6.6
2026-01-24,isl,0,1,0.0,3.0
2026-01-24,isr,0,3,0.0,8.666666666666668
2026-01-24,ita,0,5,0.0,29.8
2026-01-24,jam,0,1,0.0,10.0
2026-01-24,kor,0,6,0.0,5.5
2026-01-24,lbn,0,1,0.0,13.0
2026-01-24,ltu,0,1,0.0,8.0
2026-01-24,mex,0,9,0.0,10.666666666666666
2026-01-24,moz,0,5,0.0,6.0
2026-01-24,nam,0,1,0.0,11.0
2026-01-24,nga,0,11,0.0,29.818181818181817
2026-01-24,nld,0,2,0.0,8.5
2026-01-24,nor,0,5,0.0,10.2
2026-01-24,omn,0,5,0.0,15.8
2026-01-24,pan,0,1,0.0,7.0
2026-01-24,per,0,6,0.0,23.166666666666668
2026-01-24,phl,0,21,0.0,21.666666666666668
2026-01-24,pol,0,3,0.0,10.333333333333334
2026-01-24,pri,0,1,0.0,10.0
2026-01-24,prt,0,19,0.0,17.894736842105264
2026-01-24,pry,0,1,0.0,7.0
2026-01-24,rus,0,1,0.0,5.0
2026-01-24,sau,0,10,0.0,20.7
2026-01-24,sen,0,1,0.0,2.0
2026-01-24,sle,0,1,0.0,3.0
2026-01-24,srb,0,1,0.0,9.0
2026-01-24,svk,0,4,0.0,8.5
2026-01-24,svn,0,1,0.0,4.0
2026-01-24,swe,0,4,0.0,8.0
2026-01-24,tcd,0,2,0.0,9.0
2026-01-24,tha,0,12,0.0,14.833333333333334
2026-01-24,tto,0,10,0.0,16.8
2026-01-24,tun,0,2,0.0,4.5
2026-01-24,tur,0,1,0.0,20.0
2026-01-24,twn,0,1,0.0,15.0
2026-01-24,uga,0,1,0.0,6.0
2026-01-24,ukr,0,1,0.0,10.0
2026-01-24,ury,0,2,0.0,5.5
2026-01-24,usa,0,96,0.0,13.416666666666666
2026-01-24,vnm,0,6,0.0,16.833333333333336
2026-01-24,zmb,0,1,0.0,9.0
2026-01-25,ago,0,3,0.0,4.666666666666666
2026-01-25,are,0,2,0.0,6.5
2026-01-25,arm,0,2,0.0,28.0
2026-01-25,aus,0,3,0.0,13.666666666666666
2026-01-25,aut,0,1,0.0,6.0
2026-01-25,bgd,0,7,0.0,21.285714285714285
2026-01-25,can,0,22,0.0,18.681818181818183
2026-01-25,che,0,6,0.0,5.333333333333333
2026-01-25,chl,0,7,0.0,10.428571428571429
2026-01-25,civ,0,1,0.0,8.0
2026-01-25,col,0,1,0.0,8.0
2026-01-25,cri,0,1,0.0,12.0
2026-01-25,deu,0,2,0.0,24.0
2026-01-25,ecu,0,2,0.0,8.0
2026-01-25,egy,0,8,0.0,24.5
2026-01-25,esp,0,5,0.0,12.6
2026-01-25,fin,0,2,0.0,12.0
2026-01-25,fra,0,13,0.0,5.6923076923076925
2026-01-25,gab,0,1,0.0,8.0
2026-01-25,gib,0,1,0.0,13.0
2026-01-25,grc,0,1,0.0,2.0
2026-01-25,hkg,0,1,0.0,1.0
2026-01-25,idn,0,2,0.0,5.5
2026-01-25,ind,0,12,0.0,10.333333333333334
2026-01-25,irl,0,2,0.0,8.0
2026-01-25,irn,0,1,0.0,20.0
2026-01-25,isr,0,1,0.0,3.0
2026-01-25,ita,0,13,0.0,9.307692307692308
2026-01-25,jpn,0,3,0.0,10.333333333333334
2026-01-25,kaz,0,1,0.0,4.0
2026-01-25,kor,0,15,0.0,5.733333333333333
2026-01-25,mar,0,1,0.0,7.0
2026-01-25,mdg,0,1,0.0,9.0
2026-01-25,mdv,0,1,0.0,2.0
2026-01-25,mex,0,1,0.0,7.0
2026-01-25,moz,0,3,0.0,3.6666666666666665
2026-01-25,nam,0,1,0.0,4.0
2026-01-25,nga,0,18,0.0,20.666666666666668
2026-01-25,nld,0,2,0.0,31.5
2026-01-25,nor,0,1,0.0,21.0
2026-01-25,npl,0,2,0.0,4.0
2026-01-25,nzl,0,4,0.0,11.75
2026-01-25,omn,0,6,0.0,19.166666666666668
2026-01-25,pak,0,1,0.0,13.0
2026-01-25,per,0,3,0.0,12.0
2026-01-25,phl,0,13,0.0,15.615384615384615
2026-01-25,pol,0,1,0.0,9.0
2026-01-25,prt,0,25,0.0,11.04
2026-01-25,pry,0,5,0.0,7.4
2026-01-25,qat,0,1,0.0,18.0
2026-01-25,rou,0,1,0.0,1.0
2026-01-25,rus,0,3,0.0,26.333333333333332
2026-01-25,sau,0,8,0.0,29.875
2026-01-25,sgp,0,2,0.0,13.0
2026-01-25,swe,0,1,0.0,6.0
2026-01-25,tha,0,15,0.0,24.2
2026-01-25,tto,0,4,0.0,23.75
2026-01-25,tur,0,2,0.0,8.5
2026-01-25,uga,0,1,0.0,9.0
2026-01-25,ury,0,5,0.0,8.0
2026-01-25,vnm,0,3,0.0,7.0
2026-01-26,ago,0,4,0.0,6.0
2026-01-26,alb,0,1,0.0,13.0
2026-01-26,are,0,4,0.0,10.0
2026-01-26,arg,0,35,0.0,8.8
2026-01-26,arm,0,1,0.0,3.0
2026-01-26,atg,0,1,0.0,4.0
2026-01-26,aus,0,2,0.0,12.5
2026-01-26,bel,0,3,0.0,4.666666666666666
2026-01-26,bgd,0,4,0.0,14.25
2026-01-26,bgr,0,1,0.0,7.0
2026-01-26,bol,0,1,0.0,3.0
2026-01-26,caf,0,1,0.0,5.0
2026-01-26,can,0,20,0.0,13.9
2026-01-26,che,0,2,0.0,7.0
2026-01-26,chl,0,10,0.0,10.8
2026-01-26,chn,0,1,0.0,9.0
2026-01-26,cmr,0,7,0.0,6.0
2026-01-26,col,0,1,0.0,15.0
2026-01-26,cpv,0,1,0.0,1.0
2026-01-26,cri,0,2,0.0,11.5
2026-01-26,cuw,0,1,0.0,5.0
2026-01-26,deu,0,4,0.0,7.5
2026-01-26,dnk,0,1,0.0,9.0
2026-01-26,dom,0,2,0.0,11.5
2026-01-26,dza,0,4,0.0,6.0
2026-01-26,ecu,0,2,0.0,6.0
2026-01-26,egy,0,6,0.0,15.333333333333334
2026-01-26,esp,0,10,0.0,22.7
2026-01-26,eth,0,5,0.0,6.4
2026-01-26,fin,0,1,0.0,20.0
2026-01-26,gbr,0,49,0.0,5.8979591836734695
2026-01-26,gha,0,1,0.0,7.0
2026-01-26,grc,0,3,0.0,3.0
2026-01-26,gtm,0,1,0.0,3.0
2026-01-26,guf,0,1,0.0,7.0
2026-01-26,hkg,0,1,0.0,17.0
2026-01-26,hrv,0,1,0.0,11.0
2026-01-26,hun,0,2,0.0,5.0
2026-01-26,idn,0,5,0.0,6.6
2026-01-26,ind,0,22,0.0,15.454545454545455
2026-01-26,irl,0,2,0.0,10.5
2026-01-26,irn,0,1,0.0,7.0
2026-01-26,isl,0,1,0.0,5.0
2026-01-26,isr,0,2,0.0,6.0
2026-01-26,ita,0,9,0.0,11.333333333333334
2026-01-26,jam,0,1,0.0,5.0
2026-01-26,jpn,0,2,0.0,7.5
2026-01-26,ltu,0,1,0.0,7.0
2026-01-26,lux,0,1,0.0,10.0
2026-01-26,lva,0,1,0.0,6.0
2026-01-26,mar,0,2,0.0,3.0
2026-01-26,mdg,0,1,0.0,6.0
2026-01-26,mex,0,4,0.0,3.75
2026-01-26,moz,0,4,0.0,3.75
2026-01-26,mys,0,6,0.0,5.666666666666667
2026-01-26,nga,0,13,0.0,20.76923076923077
2026-01-26,nld,0,5,0.0,8.8
2026-01-26,nor,0,2,0.0,6.5
2026-01-26,omn,0,6,0.0,22.0
2026-01-26,pan,0,2,0.0,4.0
2026-01-26,per,0,4,0.0,13.75
2026-01-26,phl,0,15,0.0,22.733333333333334
2026-01-26,pol,0,1,0.0,2.0
2026-01-26,prt,0,20,0.0,15.3
2026-01-26,pry,0,6,0.0,4.5
2026-01-26,qat,0,2,0.0,3.5
2026-01-26,rou,0,1,0.0,6.0
2026-01-26,rus,0,3,0.0,35.333333333333336
2026-01-26,sau,0,13,0.0,16.846153846153847
2026-01-26,sgp,0,2,0.0,10.0
2026-01-26,srb,0,2,0.0,5.5
2026-01-26,sur,0,1,0.0,6.0
2026-01-26,svn,0,1,0.0,7.0
2026-01-26,swe,0,1,0.0,3.0
2026-01-26,tca,0,1,0.0,7.0
2026-01-26,tgo,0,1,0.0,9.0
2026-01-26,tha,0,13,0.0,17.923076923076923
2026-01-26,tto,0,6,0.0,16.666666666666664
2026-01-26,tur,0,5,0.0,6.6
2026-01-26,ukr,0,3,0.0,63.666666666666664
2026-01-26,ury,0,3,0.0,8.0
2026-01-26,usa,0,213,0.0,8.230046948356808
2026-01-26,vnm,0,13,0.0,13.384615384615385
2026-01-26,zaf,0,2,0.0,10.5
2026-01-27,alb,0,1,0.0,10.0
2026-01-27,are,0,1,0.0,10.0
2026-01-27,aut,0,1,0.0,41.0
2026-01-27,bel,0,2,0.0,25.0
2026-01-27,bgd,0,4,0.0,20.25
2026-01-27,bgr,0,2,0.0,4.5
2026-01-27,blr,0,1,0.0,2.0
2026-01-27,bol,0,7,0.0,3.4285714285714284
2026-01-27,caf,0,3,0.0,3.6666666666666665
2026-01-27,can,0,18,0.0,16.333333333333336
2026-01-27,che,0,4,0.0,5.5
2026-01-27,chl,0,10,0.0,5.6
2026-01-27,cmr,0,3,0.0,4.0
2026-01-27,col,0,6,0.0,12.0
2026-01-27,deu,0,9,0.0,14.88888888888889
2026-01-27,dom,0,1,0.0,6.0
2026-01-27,egy,0,6,0.0,23.666666666666668
2026-01-27,esp,0,10,0.0,9.0
2026-01-27,eth,0,1,0.0,6.0
2026-01-27,gab,0,1,0.0,8.0
2026-01-27,gbr,0,9,0.0,15.444444444444445
2026-01-27,grc,0,3,0.0,7.0
2026-01-27,gtm,0,2,0.0,7.5
2026-01-27,idn,0,7,0.0,9.285714285714286
2026-01-27,ind,0,16,0.0,18.625
2026-01-27,irl,0,4,0.0,6.5
2026-01-27,isl,0,2,0.0,20.5
2026-01-27,ita,0,9,0.0,16.666666666666664
2026-01-27,jam,0,1,0.0,5.0
2026-01-27,ken,0,1,0.0,12.0
2026-01-27,kor,0,15,0.0,7.2
2026-01-27,ltu,0,1,0.0,57.0
2026-01-27,lux,0,1,0.0,12.0
2026-01-27,lva,0,1,0.0,10.0
2026-01-27,mar,0,2,0.0,13.0
2026-01-27,mex,0,9,0.0,9.555555555555555
2026-01-27,mkd,0,1,0.0,5.0
2026-01-27,moz,0,4,0.0,6.75
2026-01-27,mys,0,4,0.0,9.5
2026-01-27,nam,0,1,0.0,10.0
2026-01-27,nga,0,8,0.0,21.625
2026-01-27,nld,0,2,0.0,4.0
2026-01-27,npl,0,1,0.0,6.0
2026-01-27,nzl,0,1,0.0,10.0
2026-01-27,omn,0,11,0.0,18.636363636363637
2026-01-27,pak,0,2,0.0,15.5
2026-01-27,per,0,4,0.0,10.5
2026-01-27,phl,0,26,0.0,15.0
2026-01-27,pol,0,1,0.0,33.0
2026-01-27,prt,0,13,0.0,7.615384615384615
2026-01-27,pry,0,6,0.0,6.666666666666667
2026-01-27,qat,0,1,0.0,9.0
2026-01-27,rus,0,1,0.0,8.0
2026-01-27,sau,0,13,0.0,17.384615384615383
2026-01-27,sgp,0,1,0.0,10.0
2026-01-27,svk,0,1,0.0,15.0
2026-01-27,swe,0,2,0.0,10.5
2026-01-27,tgo,0,1,0.0,7.0
2026-01-27,tha,0,14,0.0,21.5
2026-01-27,tto,0,4,0.0,33.0
2026-01-27,tur,0,6,0.0,11.666666666666666
2026-01-27,twn,0,2,0.0,13.0
2026-01-27,uga,0,1,0.0,6.0
2026-01-27,ury,0,8,0.0,10.125
2026-01-27,uzb,0,1,0.0,1.0
2026-01-27,vnm,0,7,0.0,17.428571428571427
2026-01-28,ago,0,2,0.0,8.0
2026-01-28,are,0,5,0.0,8.6
2026-01-28,arg,0,38,0.0,11.736842105263158
2026-01-28,arm,0,1,0.0,6.0
2026-01-28,aus,0,2,0.0,9.5
2026-01-28,bel,0,4,0.0,8.25
2026-01-28,ben,0,1,0.0,2.0
2026-01-28,bgd,0,3,0.0,20.333333333333332
2026-01-28,bgr,0,1,0.0,4.0
2026-01-28,bhr,0,1,0.0,3.0
2026-01-28,bol,0,2,0.0,6.0
2026-01-28,caf,0,1,0.0,11.0
2026-01-28,can,0,23,0.0,12.782608695652174
2026-01-28,chl,0,4,0.0,15.5
2026-01-28,col,0,8,0.0,13.375
2026-01-28,cri,0,2,0.0,8.5
2026-01-28,deu,0,6,0.0,9.333333333333334
2026-01-28,dza,0,1,0.0,13.0
2026-01-28,egy,0,10,0.0,25.3
2026-01-28,esp,0,15,0.0,14.066666666666666
2026-01-28,eth,0,1,0.0,2.0
2026-01-28,fra,0,10,0.0,6.9
2026-01-28,gbr,0,23,0.0,7.608695652173913
2026-01-28,gha,0,1,0.0,11.0
2026-01-28,grc,0,1,0.0,1.0
2026-01-28,gtm,0,1,0.0,6.0
2026-01-28,hun,0,1,0.0,1.0
2026-01-28,idn,0,2,0.0,3.5
2026-01-28,ind,0,19,0.0,15.631578947368421
2026-01-28,irl,0,1,0.0,8.0
2026-01-28,irq,0,1,0.0,7.0
2026-01-28,ita,0,5,0.0,10.6
2026-01-28,jor,0,1,0.0,6.0
2026-01-28,jpn,0,1,0.0,5.0
2026-01-28,khm,0,1,0.0,4.0
2026-01-28,kor,0,15,0.0,4.533333333333333
2026-01-28,lao,0,1,0.0,1.0
2026-01-28,ltu,0,1,0.0,9.0
2026-01-28,mar,0,2,0.0,8.0
2026-01-28,mex,0,3,0.0,3.3333333333333335
2026-01-28,mlt,0,1,0.0,6.0
2026-01-28,moz,0,5,0.0,6.0
2026-01-28,mys,0,2,0.0,19.0
2026-01-28,nga,0,5,0.0,25.8
2026-01-28,nld,0,2,0.0,6.0
2026-01-28,nor,0,2,0.0,11.5
2026-01-28,npl,0,1,0.0,12.0
2026-01-28,nzl,0,1,0.0,9.0
2026-01-28,omn,0,2,0.0,26.0
2026-01-28,pak,0,2,0.0,5.5
2026-01-28,pan,0,1,0.0,10.0
2026-01-28,per,0,4,0.0,17.0
2026-01-28,phl,0,16,0.0,19.4375
2026-01-28,pri,0,1,0.0,9.0
2026-01-28,prt,0,22,0.0,14.954545454545455
2026-01-28,pry,0,5,0.0,6.4
2026-01-28,qat,0,1,0.0,12.0
2026-01-28,rou,0,2,0.0,17.0
2026-01-28,sau,0,8,0.0,22.125
2026-01-28,sur,0,1,0.0,10.0
2026-01-28,swe,0,1,0.0,2.0
2026-01-28,tha,0,17,0.0,21.941176470588236
2026-01-28,tto,0,5,0.0,27.6
2026-01-28,tun,0,1,0.0,11.0
2026-01-28,tur,0,1,0.0,4.0
2026-01-28,uga,0,2,0.0,7.5
2026-01-28,ukr,0,2,0.0,8.0
2026-01-28,ury,0,7,0.0,7.714285714285714
2026-01-28,vnm,0,9,0.0,15.555555555555555
2026-01-28,zaf,0,2,0.0,10.5
2026-01-28,zwe,0,1,0.0,11.0
2026-01-29,ago,0,2,0.0,4.5
2026-01-29,alb,0,1,0.0,15.0
2026-01-29,are,0,4,0.0,9.0
2026-01-29,aus,0,3,0.0,26.666666666666668
2026-01-29,aut,0,3,0.0,48.0
2026-01-29,bel,0,1,0.0,8.0
2026-01-29,bfa,0,1,0.0,11.0
2026-01-29,bgd,0,4,0.0,16.5
2026-01-29,bgr,0,1,0.0,13.0
2026-01-29,bol,0,2,0.0,8.5
2026-01-29,can,0,26,0.0,17.692307692307693
2026-01-29,che,0,3,0.0,4.666666666666666
2026-01-29,chl,0,10,0.0,11.4
2026-01-29,cod,0,2,0.0,10.5
2026-01-29,col,0,13,0.0,14.0
2026-01-29,cri,0,1,0.0,7.0
2026-01-29,deu,0,8,0.0,14.75
2026-01-29,dom,0,2,0.0,5.5
2026-01-29,dza,0,2,0.0,7.0
2026-01-29,ecu,0,2,0.0,4.5
2026-01-29,egy,0,4,0.0,25.75
2026-01-29,esp,0,14,0.0,9.428571428571429
2026-01-29,est,0,1,0.0,10.0
2026-01-29,gbr,0,16,0.0,6.8125
2026-01-29,grc,0,1,0.0,8.0
2026-01-29,hkg,0,1,0.0,5.0
2026-01-29,idn,0,10,0.0,12.0
2026-01-29,irl,0,1,0.0,5.0
2026-01-29,ita,0,7,0.0,14.571428571428571
2026-01-29,jor,0,1,0.0,11.0
2026-01-29,jpn,0,2,0.0,1.0
2026-01-29,kaz,0,2,0.0,3.5
2026-01-29,ken,0,1,0.0,74.0
2026-01-29,khm,0,1,0.0,10.0
2026-01-29,kor,0,17,0.0,5.0588235294117645
2026-01-29,kwt,0,1,0.0,11.0
2026-01-29,ltu,0,1,0.0,13.0
2026-01-29,mar,0,1,0.0,17.0
2026-01-29,mdg,0,3,0.0,9.0
2026-01-29,mex,0,13,0.0,9.307692307692308
2026-01-29,moz,0,1,0.0,2.0
2026-01-29,mys,0,3,0.0,6.666666666666667
2026-01-29,nga,0,5,0.0,11.0
2026-01-29,nic,0,1,0.0,11.0
2026-01-29,nld,0,1,0.0,12.0
2026-01-29,omn,0,2,0.0,11.5
2026-01-29,pak,0,4,0.0,10.25
2026-01-29,per,0,6,0.0,15.666666666666666
2026-01-29,phl,0,9,0.0,16.0
2026-01-29,pol,0,3,0.0,20.0
2026-01-29,prt,0,16,0.0,9.375
2026-01-29,pry,0,8,0.0,17.5
2026-01-29,rus,0,3,0.0,3.6666666666666665
2026-01-29,rwa,0,1,0.0,10.0
2026-01-29,sau,0,13,0.0,16.076923076923077
2026-01-29,sgp,0,1,0.0,16.0
2026-01-29,srb,0,3,0.0,7.0
2026-01-29,sur,0,1,0.0,5.0
2026-01-29,svk,0,1,0.0,6.0
2026-01-29,swe,0,1,0.0,13.0
2026-01-29,swz,0,7,0.0,7.857142857142857
2026-01-29,syr,0,1,0.0,13.0
2026-01-29,tha,0,3,0.0,22.333333333333332
2026-01-29,tun,0,2,0.0,7.5
2026-01-29,tur,0,6,0.0,11.166666666666666
2026-01-29,ury,0,6,0.0,6.833333333333333
2026-01-29,usa,0,193,0.0,7.66321243523316
2026-01-29,ven,0,3,0.0,9.666666666666666
2026-01-29,vnm,0,14,0.0,13.571428571428571
2026-01-29,zaf,0,1,0.0,7.0
2026-01-29,zwe,0,1,0.0,5.0
2026-01-30,abw,0,1,0.0,9.0
2026-01-30,ago,0,20,0.0,7.7
2026-01-30,are,0,2,0.0,8.5
2026-01-30,aut,0,1,0.0,1.0
2026-01-30,bel,0,1,0.0,11.0
2026-01-30,bgd,0,4,0.0,12.5
2026-01-30,bgr,0,1,0.0,7.0
2026-01-30,bhr,0,1,0.0,3.0
2026-01-30,bol,0,1,0.0,8.0
2026-01-30,brn,0,1,0.0,5.0
2026-01-30,bwa,0,2,0.0,7.0
2026-01-30,che,0,1,0.0,10.0
2026-01-30,chl,0,8,0.0,18.875
2026-01-30,civ,0,1,0.0,16.0
2026-01-30,cmr,0,1,0.0,7.0
2026-01-30,cod,0,1,0.0,10.0
2026-01-30,cog,0,1,0.0,18.0
2026-01-30,col,0,4,0.0,22.0
2026-01-30,cri,0,1,0.0,8.0
2026-01-30,cze,0,1,0.0,4.0
2026-01-30,deu,0,9,0.0,9.777777777777779
2026-01-30,dom,0,1,0.0,51.0
2026-01-30,dza,0,1,0.0,9.0
2026-01-30,ecu,0,4,0.0,16.75
2026-01-30,egy,0,4,0.0,20.5
2026-01-30,esp,0,12,0.0,16.25
2026-01-30,fra,0,5,0.0,7.8
2026-01-30,geo,0,1,0.0,63.0
2026-01-30,gha,0,1,0.0,11.0
2026-01-30,gnb,0,1,0.0,5.0
2026-01-30,gtm,0,1,0.0,9.0
2026-01-30,hnd,0,2,0.0,54.5
2026-01-30,idn,0,25,0.0,20.6
2026-01-30,ind,0,24,0.0,15.666666666666666
2026-01-30,irl,0,1,0.0,8.0
2026-01-30,irq,0,1,0.0,6.0
2026-01-30,isr,0,1,0.0,4.0
2026-01-30,ita,0,9,0.0,6.888888888888889
2026-01-30,jey,0,1,0.0,9.0
2026-01-30,jpn,0,2,0.0,4.0
2026-01-30,kna,0,1,0.0,8.0
2026-01-30,kor,0,9,0.0,17.333333333333332
2026-01-30,ltu,0,1,0.0,11.0
2026-01-30,mar,0,1,0.0,13.0
2026-01-30,mex,0,10,0.0,8.9
2026-01-30,mne,0,1,0.0,15.0
2026-01-30,mng,0,1,0.0,18.0
2026-01-30,moz,0,5,0.0,9.6
2026-01-30,mys,0,2,0.0,11.0
2026-01-30,nga,0,4,0.0,8.5
2026-01-30,nld,0,3,0.0,19.0
2026-01-30,npl,0,2,0.0,10.0
2026-01-30,nzl,0,1,0.0,5.0
2026-01-30,omn,0,1,0.0,47.0
2026-01-30,pak,0,9,0.0,14.11111111111111
2026-01-30,per,0,1,0.0,17.0
2026-01-30,phl,0,8,0.0,19.75
2026-01-30,pol,0,4,0.0,14.0
2026-01-30,prt,0,28,0.0,10.071428571428571
2026-01-30,pry,0,7,0.0,8.428571428571429
2026-01-30,rou,0,2,0.0,10.5
2026-01-30,sau,0,8,0.0,10.375
2026-01-30,sen,0,1,0.0,7.0
2026-01-30,slv,0,1,0.0,51.0
2026-01-30,smr,0,1,0.0,8.0
2026-01-30,som,0,1,0.0,7.0
2026-01-30,srb,0,1,0.0,9.0
2026-01-30,swz,0,2,0.0,4.5
2026-01-30,tha,0,2,0.0,4.5
2026-01-30,tun,0,1,0.0,10.0
2026-01-30,tur,0,14,0.0,20.285714285714285
2026-01-30,uga,0,1,0.0,6.0
2026-01-30,ury,0,2,0.0,7.5
2026-01-30,usa,0,119,0.0,7.117647058823529
2026-01-30,uzb,0,1,0.0,3.0
2026-01-30,ven,0,6,0.0,33.5
2026-01-30,vgb,0,1,0.0,36.0
2026-01-30,vnm,0,7,0.0,12.428571428571429
2026-01-30,zaf,0,1,0.0,7.0
2026-01-31,ago,0,3,0.0,3.6666666666666665
2026-01-31,alb,0,1,0.0,8.0
2026-01-31,are,0,3,0.0,7.666666666666667
2026-01-31,arg,0,11,0.0,15.090909090909092
2026-01-31,aus,0,1,0.0,10.0
2026-01-31,aut,0,1,0.0,17.0
2026-01-31,bdi,0,1,0.0,17.0
2026-01-31,bel,0,1,0.0,17.0
2026-01-31,bfa,0,1,0.0,6.0
2026-01-31,bgd,0,2,0.0,24.0
2026-01-31,bgr,0,2,0.0,9.0
2026-01-31,bhr,0,2,0.0,9.0
2026-01-31,bih,0,2,0.0,6.5
2026-01-31,bol,0,2,0.0,4.0
2026-01-31,can,0,18,0.0,15.055555555555555
2026-01-31,chl,0,3,0.0,29.333333333333332
2026-01-31,cod,0,2,0.0,10.0
2026-01-31,col,0,9,0.0,16.0
2026-01-31,cze,0,3,0.0,18.0
2026-01-31,deu,0,2,0.0,1.0
2026-01-31,dnk,0,2,0.0,8.5
2026-01-31,dom,0,2,0.0,35.0
2026-01-31,ecu,0,7,0.0,28.428571428571427
2026-01-31,egy,0,6,0.0,11.166666666666666
2026-01-31,esp,0,7,0.0,21.142857142857142
2026-01-31,fra,0,14,0.0,7.5
2026-01-31,gbr,0,15,0.0,8.466666666666667
2026-01-31,gtm,0,1,0.0,3.0
2026-01-31,hkg,0,1,0.0,10.0
2026-01-31,idn,0,11,0.0,22.727272727272727
2026-01-31,ind,0,21,0.0,22.571428571428573
2026-01-31,irn,0,1,0.0,6.0
2026-01-31,isr,0,1,0.0,6.0
2026-01-31,ita,0,6,0.0,9.833333333333334
2026-01-31,jor,0,1,0.0,6.0
2026-01-31,jpn,0,1,0.0,6.0
2026-01-31,khm,0,1,0.0,32.0
2026-01-31,kor,0,6,0.0,24.0
2026-01-31,kwt,0,1,0.0,9.0
2026-01-31,lao,0,1,0.0,9.0
2026-01-31,lux,0,1,0.0,8.0
2026-01-31,mar,0,2,0.0,5.0
2026-01-31,mex,0,6,0.0,3.8333333333333335
2026-01-31,mkd,0,1,0.0,19.0
2026-01-31,mne,0,1,0.0,7.0
2026-01-31,moz,0,6,0.0,8.166666666666668
2026-01-31,mus,0,2,0.0,8.0
2026-01-31,mys,0,3,0.0,40.0
2026-01-31,nga,0,3,0.0,6.333333333333333
2026-01-31,nor,0,2,0.0,19.5
2026-01-31,nzl,0,2,0.0,9.0
2026-01-31,omn,0,2,0.0,37.5
2026-01-31,pak,0,8,0.0,18.5
2026-01-31,pan,0,1,0.0,7.0
2026-01-31,per,0,3,0.0,21.666666666666668
2026-01-31,pol,0,3,0.0,10.0
2026-01-31,pri,0,1,0.0,10.0
2026-01-31,prt,0,28,0.0,8.107142857142858
2026-01-31,pry,0,1,0.0,1.0
2026-01-31,reu,0,1,0.0,8.0
2026-01-31,rou,0,2,0.0,20.5
2026-01-31,sau,0,8,0.0,21.0
2026-01-31,sgp,0,2,0.0,13.5
2026-01-31,srb,0,1,0.0,11.0
2026-01-31,swe,0,1,0.0,2.0
2026-01-31,tha,0,1,0.0,6.0
2026-01-31,tto,0,2,0.0,9.0
2026-01-31,tun,0,1,0.0,1.0
2026-01-31,tur,0,9,0.0,25.666666666666668
2026-01-31,uga,0,2,0.0,7.5
2026-01-31,ury,0,5,0.0,9.2
2026-01-31,usa,0,116,0.0,7.879310344827586
2026-01-31,ven,0,3,0.0,35.333333333333336
2026-01-31,vnm,0,19,0.0,22.105263157894736
2026-01-31,yem,0,1,0.0,3.0
2026-01-31,zaf,0,1,0.0,11.0
2026-01-31,zwe,0,1,0.0,8.0
2026-02-01,ago,0,4,0.0,6.5
2026-02-01,are,0,1,0.0,11.0
2026-02-01,arg,0,18,0.0,8.944444444444445
2026-02-01,atg,0,1,0.0,12.0
2026-02-01,aus,0,1,0.0,28.0
2026-02-01,bel,0,2,0.0,3.0
2026-02-01,bgd,0,2,0.0,38.5
2026-02-01,bgr,0,1,0.0,16.0
2026-02-01,can,0,14,0.0,14.285714285714286
2026-02-01,che,0,3,0.0,7.333333333333333
2026-02-01,chl,0,10,0.0,13.5
2026-02-01,cod,0,1,0.0,10.0
2026-02-01,col,0,4,0.0,27.5
2026-02-01,cri,0,1,0.0,10.0
2026-02-01,cyp,0,1,0.0,6.0
2026-02-01,cze,0,1,0.0,11.0
2026-02-01,deu,0,8,0.0,7.5
2026-02-01,dza,0,1,0.0,14.0
2026-02-01,ecu,0,5,0.0,17.6
2026-02-01,egy,0,3,0.0,17.0
2026-02-01,esp,0,9,0.0,10.333333333333334
2026-02-01,eth,0,1,0.0,11.0
2026-02-01,fra,0,9,0.0,9.88888888888889
2026-02-01,gbr,0,14,0.0,7.714285714285714
2026-02-01,gnb,0,1,0.0,8.0
2026-02-01,grc,0,1,0.0,9.0
2026-02-01,idn,0,8,0.0,13.5
2026-02-01,ind,0,12,0.0,20.75
2026-02-01,irl,0,3,0.0,4.0
2026-02-01,isl,0,1,0.0,4.0
2026-02-01,isr,0,2,0.0,12.5
2026-02-01,jam,0,1,0.0,5.0
2026-02-01,jor,0,2,0.0,12.5
2026-02-01,jpn,0,4,0.0,39.25
2026-02-01,khm,0,1,0.0,12.0
2026-02-01,kor,0,9,0.0,10.444444444444445
2026-02-01,ltu,0,1,0.0,78.0
2026-02-01,lux,0,1,0.0,3.0
2026-02-01,lva,0,1,0.0,8.0
2026-02-01,mar,0,2,0.0,11.0
2026-02-01,mda,0,1,0.0,11.0
2026-02-01,mex,0,9,0.0,9.333333333333334
2026-02-01,moz,0,2,0.0,9.5
2026-02-01,mys,0,3,0.0,6.0
2026-02-01,nga,0,2,0.0,5.5
2026-02-01,nld,0,4,0.0,5.5
2026-02-01,npl,0,2,0.0,6.5
2026-02-01,omn,0,1,0.0,36.0
2026-02-01,pak,0,3,0.0,20.333333333333332
2026-02-01,per,0,2,0.0,11.5
2026-02-01,phl,0,9,0.0,20.555555555555557
2026-02-01,pol,0,2,0.0,6.0
2026-02-01,pri,0,1,0.0,11.0
2026-02-01,prt,0,18,0.0,11.5
2026-02-01,pry,0,6,0.0,7.166666666666667
2026-02-01,rou,0,4,0.0,8.25
2026-02-01,rus,0,3,0.0,37.0
2026-02-01,rwa,0,1,0.0,1.0
2026-02-01,sau,0,4,0.0,24.0
2026-02-01,sgp,0,2,0.0,7.0
2026-02-01,svn,0,1,0.0,6.0
2026-02-01,swe,0,2,0.0,13.5
2026-02-01,tha,0,3,0.0,3.6666666666666665
2026-02-01,tun,0,2,0.0,10.5
2026-02-01,tur,0,11,0.0,19.90909090909091
2026-02-01,twn,0,3,0.0,12.666666666666666
2026-02-01,uga,0,1,0.0,4.0
2026-02-01,ury,0,4,0.0,7.25
2026-02-01,usa,0,127,0.0,8.503937007874015
2026-02-01,ven,0,2,0.0,31.0
2026-02-01,vnm,0,19,0.0,22.789473684210527
2026-02-01,zaf,0,3,0.0,9.0
2026-02-02,ago,0,3,0.0,3.0
2026-02-02,alb,0,1,0.0,61.0
2026-02-02,are,0,2,0.0,6.5
2026-02-02,arg,0,22,0.0,11.045454545454545
2026-02-02,aus,0,1,0.0,7.0
2026-02-02,aut,0,2,0.0,12.0
2026-02-02,aze,0,1,0.0,5.0
2026-02-02,bel,0,3,0.0,4.333333333333334
2026-02-02,bol,0,1,0.0,46.0
2026-02-02,brb,0,1,0.0,2.0
2026-02-02,caf,0,1,0.0,11.0
2026-02-02,can,0,12,0.0,15.666666666666666
2026-02-02,che,0,3,0.0,6.333333333333333
2026-02-02,chl,0,13,0.0,9.76923076923077
2026-02-02,chn,0,1,0.0,11.0
2026-02-02,civ,0,1,0.0,11.0
2026-02-02,cod,0,1,0.0,10.0
2026-02-02,col,0,7,0.0,18.0
2026-02-02,cuw,0,1,0.0,3.0
2026-02-02,cyp,0,1,0.0,3.0
2026-02-02,cze,0,2,0.0,8.5
2026-02-02,deu,0,9,0.0,9.333333333333334
2026-02-02,dnk,0,3,0.0,9.666666666666666
2026-02-02,dom,0,3,0.0,17.666666666666668
2026-02-02,dza,0,8,0.0,13.125
2026-02-02,ecu,0,5,0.0,16.2
2026-02-02,egy,0,4,0.0,24.75
2026-02-02,esp,0,17,0.0,18.58823529411765
2026-02-02,fra,0,15,0.0,7.2
2026-02-02,gbr,0,18,0.0,6.833333333333333
2026-02-02,grc,0,2,0.0,8.0
2026-02-02,hnd,0,2,0.0,15.0
2026-02-02,hrv,0,1,0.0,5.0
2026-02-02,hun,0,3,0.0,9.0
2026-02-02,idn,0,15,0.0,24.066666666666666
2026-02-02,ind,0,34,0.0,14.558823529411764
2026-02-02,irl,0,3,0.0,6.666666666666667
2026-02-02,irn,0,1,0.0,51.0
2026-02-02,irq,0,1,0.0,20.0
2026-02-02,isl,0,1,0.0,11.0
2026-02-02,ita,0,5,0.0,8.8
2026-02-02,jor,0,1,0.0,3.0
2026-02-02,jpn,0,3,0.0,18.333333333333332
2026-02-02,kaz,0,2,0.0,5.0
2026-02-02,kor,0,10,0.0,13.4
2026-02-02,lka,0,1,0.0,11.0
2026-02-02,ltu,0,1,0.0,2.0
2026-02-02,lux,0,2,0.0,12.0
2026-02-02,mar,0,1,0.0,7.0
2026-02-02,mex,0,6,0.0,5.166666666666667
2026-02-02,moz,0,3,0.0,7.333333333333333
2026-02-02,mrt,0,1,0.0,5.0
2026-02-02,mys,0,4,0.0,7.75
2026-02-02,nga,0,4,0.0,5.0
2026-02-02,nld,0,6,0.0,10.333333333333334
2026-02-02,nor,0,1,0.0,11.0
2026-02-02,omn,0,3,0.0,23.666666666666668
2026-02-02,pak,0,9,0.0,21.22222222222222
2026-02-02,pan,0,1,0.0,7.0
2026-02-02,per,0,5,0.0,14.2
2026-02-02,phl,0,4,0.0,15.5
2026-02-02,pol,0,7,0.0,14.428571428571429
2026-02-02,pri,0,2,0.0,6.5
2026-02-02,prt,0,14,0.0,12.142857142857142
2026-02-02,pry,0,4,0.0,6.5
2026-02-02,rou,0,5,0.0,7.6
2026-02-02,rus,0,1,0.0,13.0
2026-02-02,sau,0,5,0.0,14.4
2026-02-02,srb,0,1,0.0,14.0
2026-02-02,svk,0,1,0.0,10.0
2026-02-02,swe,0,2,0.0,9.0
2026-02-02,syr,0,2,0.0,16.0
2026-02-02,tha,0,3,0.0,5.333333333333333
2026-02-02,tur,0,15,0.0,12.6
2026-02-02,twn,0,1,0.0,16.0
2026-02-02,ury,0,1,0.0,10.0
2026-02-02,usa,0,180,0.0,7.066666666666666
2026-02-02,ven,0,1,0.0,1.0
2026-02-02,vir,0,1,0.0,5.0
2026-02-02,vnm,0,9,0.0,17.22222222222222
2026-02-02,zaf,0,1,0.0,10.0
2026-02-02,zwe,0,1,0.0,21.0
2026-02-03,ago,0,2,0.0,8.0
2026-02-03,are,0,4,0.0,6.25
2026-02-03,arg,0,24,0.0,9.458333333333334
2026-02-03,aus,0,2,0.0,16.5
2026-02-03,bel,0,2,0.0,6.5
2026-02-03,bgd,0,2,0.0,5.5
2026-02-03,bih,0,1,0.0,3.0
2026-02-03,bol,0,2,0.0,10.5
2026-02-03,can,0,11,0.0,7.636363636363637
2026-02-03,che,0,2,0.0,6.5
2026-02-03,chl,0,7,0.0,22.0
2026-02-03,chn,0,1,0.0,4.0
2026-02-03,cmr,0,1,0.0,3.0
2026-02-03,col,0,1,0.0,1.0
2026-02-03,cri,0,1,0.0,12.0
2026-02-03,deu,0,5,0.0,10.0
2026-02-03,ecu,0,1,0.0,3.0
2026-02-03,egy,0,1,0.0,5.0
2026-02-03,esp,0,6,0.0,4.666666666666666
2026-02-03,est,0,1,0.0,9.0
2026-02-03,eth,0,1,0.0,1.0
2026-02-03,fin,0,1,0.0,19.0
2026-02-03,fra,0,18,0.0,6.555555555555555
2026-02-03,gbr,0,27,0.0,8.444444444444445
2026-02-03,gha,0,1,0.0,6.0
2026-02-03,gnb,0,1,0.0,4.0
2026-02-03,grc,0,1,0.0,3.0
2026-02-03,gtm,0,1,0.0,7.0
2026-02-03,hkg,0,1,0.0,1.0
2026-02-03,idn,0,6,0.0,18.666666666666668
2026-02-03,ind,0,12,0.0,10.166666666666666
2026-02-03,irl,0,2,0.0,6.5
2026-02-03,irq,0,2,0.0,9.5
2026-02-03,ita,0,6,0.0,7.833333333333333
2026-02-03,jpn,0,4,0.0,8.25
2026-02-03,kor,0,4,0.0,4.25
2026-02-03,mar,0,1,0.0,7.0
2026-02-03,mex,0,2,0.0,7.0
2026-02-03,moz,0,4,0.0,3.25
2026-02-03,mys,0,2,0.0,10.5
2026-02-03,nga,0,3,0.0,8.0
2026-02-03,nld,0,8,0.0,10.625
2026-02-03,nor,0,1,0.0,8.0
2026-02-03,nzl,0,1,0.0,13.0
2026-02-03,per,0,3,0.0,8.0
2026-02-03,phl,0,7,0.0,29.142857142857142
2026-02-03,pol,0,1,0.0,2.0
2026-02-03,prt,0,21,0.0,8.428571428571429
2026-02-03,pry,0,6,0.0,6.333333333333333
2026-02-03,rwa,0,3,0.0,1.0
2026-02-03,sau,0,1,0.0,2.0
2026-02-03,sgp,0,2,0.0,30.5
2026-02-03,srb,0,2,0.0,6.0
2026-02-03,svk,0,1,0.0,6.0
2026-02-03,swe,0,3,0.0,7.666666666666667
2026-02-03,tun,0,1,0.0,17.0
2026-02-03,tur,0,3,0.0,4.666666666666666
2026-02-03,twn,0,2,0.0,7.5
2026-02-03,uga,0,1,0.0,8.0
2026-02-03,ukr,0,5,0.0,6.0
2026-02-03,ury,0,4,0.0,6.75
2026-02-03,usa,0,152,0.0,7.625
2026-02-03,ven,0,1,0.0,7.0
2026-02-03,vnm,0,2,0.0,10.0
2026-02-03,zaf,0,1,0.0,8.0
2026-02-04,ago,0,4,0.0,9.5
2026-02-04,alb,0,1,0.0,12.0
2026-02-04,are,0,5,0.0,7.0
2026-02-04,aus,0,1,0.0,12.0
2026-02-04,aut,0,1,0.0,8.0
2026-02-04,bel,0,6,0.0,9.666666666666666
2026-02-04,bgd,0,4,0.0,10.0
2026-02-04,bhs,0,1,0.0,1.0
2026-02-04,blr,0,2,0.0,28.0
2026-02-04,bol,0,3,0.0,26.666666666666668
2026-02-04,caf,0,1,0.0,11.0
2026-02-04,can,0,13,0.0,7.6923076923076925
2026-02-04,che,0,4,0.0,4.25
2026-02-04,chl,0,7,0.0,13.0
2026-02-04,chn,0,2,0.0,6.5
2026-02-04,cmr,0,2,0.0,6.0
2026-02-04,col,0,12,0.0,27.833333333333332
2026-02-04,cri,0,1,0.0,6.0
2026-02-04,cze,0,2,0.0,5.0
2026-02-04,deu,0,6,0.0,8.833333333333332
2026-02-04,dom,0,1,0.0,6.0
2026-02-04,dza,0,5,0.0,7.0
2026-02-04,ecu,0,3,0.0,18.666666666666668
2026-02-04,egy,0,2,0.0,42.0
2026-02-04,fra,0,9,0.0,8.222222222222221
2026-02-04,gbr,0,3,0.0,6.666666666666667
2026-02-04,geo,0,2,0.0,11.0
2026-02-04,hkg,0,1,0.0,1.0
2026-02-04,hun,0,2,0.0,9.0
2026-02-04,idn,0,16,0.0,9.375
2026-02-04,ind,0,21,0.0,17.904761904761905
2026-02-04,irl,0,3,0.0,3.0
2026-02-04,isr,0,1,0.0,25.0
2026-02-04,ita,0,3,0.0,8.666666666666668
2026-02-04,jor,0,1,0.0,8.0
2026-02-04,jpn,0,5,0.0,5.0
2026-02-04,kor,0,9,0.0,10.0
2026-02-04,lka,0,2,0.0,9.0
2026-02-04,ltu,0,1,0.0,10.0
2026-02-04,mar,0,5,0.0,9.0
2026-02-04,mex,0,7,0.0,6.285714285714286
2026-02-04,mng,0,1,0.0,25.0
2026-02-04,moz,0,2,0.0,10.0
2026-02-04,mus,0,1,0.0,3.0
2026-02-04,mys,0,4,0.0,14.25
2026-02-04,nga,0,1,0.0,7.0
2026-02-04,nld,0,5,0.0,6.0
2026-02-04,nzl,0,1,0.0,12.0
2026-02-04,pak,0,2,0.0,5.0
2026-02-04,pan,0,1,0.0,1.0
2026-02-04,phl,0,3,0.0,8.0
2026-02-04,pol,0,1,0.0,10.0
2026-02-04,prt,0,18,0.0,12.722222222222221
2026-02-04,pry,0,2,0.0,6.5
2026-02-04,rus,0,2,0.0,10.0
2026-02-04,sau,0,1,0.0,8.0
2026-02-04,srb,0,1,0.0,6.0
2026-02-04,swe,0,2,0.0,11.5
2026-02-04,syc,0,1,0.0,11.0
2026-02-04,tgo,0,1,0.0,5.0
2026-02-04,tha,0,2,0.0,7.5
2026-02-04,tur,0,1,0.0,7.0
2026-02-04,twn,0,2,0.0,3.0
2026-02-04,ury,0,3,0.0,7.666666666666667
2026-02-04,vnm,0,1,0.0,9.0
2026-02-04,zwe,0,1,0.0,8.0
2026-02-05,alb,0,1,0.0,15.0
2026-02-05,are,0,2,0.0,10.5
2026-02-05,arg,0,16,0.0,9.75
2026-02-05,ata,0,1,0.0,6.0
2026-02-05,aus,0,2,0.0,10.0
2026-02-05,aze,0,2,0.0,12.5
2026-02-05,bel,0,4,0.0,4.5
2026-02-05,ben,0,1,0.0,7.0
2026-02-05,bgd,0,2,0.0,8.0
2026-02-05,bgr,0,1,0.0,6.0
2026-02-05,bhr,0,1,0.0,11.0
2026-02-05,bol,0,1,0.0,4.0
2026-02-05,can,0,17,0.0,6.882352941176471
2026-02-05,che,0,5,0.0,7.6
2026-02-05,chl,0,7,0.0,13.0
2026-02-05,chn,0,1,0.0,5.0
2026-02-05,civ,0,1,0.0,8.0
2026-02-05,col,0,4,0.0,8.0
2026-02-05,cyp,0,2,0.0,5.5
2026-02-05,cze,0,2,0.0,10.5
2026-02-05,ecu,0,3,0.0,4.666666666666666
2026-02-05,egy,0,1,0.0,17.0
2026-02-05,esp,0,5,0.0,3.4
2026-02-05,est,0,1,0.0,4.0
2026-02-05,fra,0,12,0.0,8.916666666666668
2026-02-05,gbr,0,20,0.0,10.6
2026-02-05,gtm,0,1,0.0,11.0
2026-02-05,guy,0,1,0.0,7.0
2026-02-05,hkg,0,2,0.0,11.0
2026-02-05,hun,0,1,0.0,1.0
2026-02-05,idn,0,5,0.0,11.4
2026-02-05,irl,0,6,0.0,17.0
2026-02-05,ita,0,12,0.0,11.916666666666666
2026-02-05,jpn,0,2,0.0,10.0
2026-02-05,ken,0,1,0.0,1.0
2026-02-05,khm,0,1,0.0,19.0
2026-02-05,kor,0,10,0.0,13.3
2026-02-05,kwt,0,1,0.0,8.0
2026-02-05,lka,0,1,0.0,10.0
2026-02-05,lux,0,2,0.0,12.5
2026-02-05,mar,0,1,0.0,10.0
2026-02-05,mex,0,17,0.0,7.176470588235294
2026-02-05,moz,0,4,0.0,7.75
2026-02-05,mys,0,5,0.0,5.6
2026-02-05,nld,0,6,0.0,12.333333333333334
2026-02-05,nor,0,3,0.0,15.666666666666666
2026-02-05,pak,0,2,0.0,3.0
2026-02-05,pan,0,2,0.0,9.0
2026-02-05,phl,0,7,0.0,18.571428571428573
2026-02-05,pri,0,1,0.0,8.0
2026-02-05,prt,0,23,0.0,10.478260869565217
2026-02-05,pry,0,6,0.0,7.333333333333333
2026-02-05,rou,0,3,0.0,9.0
2026-02-05,rus,0,3,0.0,12.666666666666666
2026-02-05,rwa,0,1,0.0,1.0
2026-02-05,sgp,0,2,0.0,5.5
2026-02-05,sle,0,1,0.0,4.0
2026-02-05,srb,0,2,0.0,9.0
2026-02-05,sur,0,1,0.0,12.0
2026-02-05,swe,0,1,0.0,13.0
2026-02-05,tur,0,6,0.0,7.0
2026-02-05,twn,0,3,0.0,4.333333333333334
2026-02-05,uga,0,1,0.0,3.0
2026-02-05,ury,0,4,0.0,8.0
2026-02-05,usa,0,276,0.0,7.405797101449275
2026-02-05,ven,0,2,0.0,16.0
2026-02-05,vnm,0,9,0.0,11.222222222222221
2026-02-05,yem,0,1,0.0,46.0
2026-02-05,zaf,0,3,0.0,6.0
2026-02-06,ago,0,4,0.0,8.0
2026-02-06,alb,0,1,0.0,38.0
2026-02-06,are,0,1,0.0,6.0
2026-02-06,arg,0,13,0.0,10.615384615384615
2026-02-06,arm,0,2,0.0,10.0
2026-02-06,aus,0,5,0.0,11.2
2026-02-06,aze,0,1,0.0,13.0
2026-02-06,bel,0,3,0.0,10.333333333333334
2026-02-06,bgd,0,7,0.0,26.571428571428573
2026-02-06,bhs,0,1,0.0,10.0
2026-02-06,bol,0,1,0.0,51.0
2026-02-06,caf,0,1,0.0,12.0
2026-02-06,can,0,8,0.0,7.125
2026-02-06,che,0,2,0.0,6.0
2026-02-06,chl,0,3,0.0,10.0
2026-02-06,cog,0,1,0.0,7.0
2026-02-06,col,0,9,0.0,11.333333333333334
2026-02-06,cri,0,1,0.0,48.0
2026-02-06,cyp,0,1,0.0,8.0
2026-02-06,cze,0,1,0.0,9.0
2026-02-06,deu,0,10,0.0,9.3
2026-02-06,dom,0,1,0.0,48.0
2026-02-06,dza,0,4,0.0,29.25
2026-02-06,ecu,0,2,0.0,35.0
2026-02-06,egy,0,4,0.0,18.25
2026-02-06,esp,0,13,0.0,7.538461538461538
2026-02-06,est,0,1,0.0,10.0
2026-02-06,eth,0,2,0.0,21.0
2026-02-06,fra,0,13,0.0,7.615384615384615
2026-02-06,fsm,0,1,0.0,1.0
2026-02-06,gab,0,1,0.0,9.0
2026-02-06,gbr,0,26,0.0,8.461538461538462
2026-02-06,grc,0,3,0.0,7.666666666666667
2026-02-06,gtm,0,1,0.0,16.0
2026-02-06,hkg,0,1,0.0,8.0
2026-02-06,hrv,0,2,0.0,5.0
2026-02-06,hun,0,4,0.0,20.75
2026-02-06,idn,0,7,0.0,8.285714285714285
2026-02-06,ind,0,26,0.0,16.76923076923077
2026-02-06,irl,0,6,0.0,8.5
2026-02-06,irn,0,3,0.0,23.0
2026-02-06,isr,0,2,0.0,17.5
2026-02-06,ita,0,2,0.0,8.0
2026-02-06,jor,0,1,0.0,6.0
2026-02-06,kor,0,7,0.0,38.42857142857143
2026-02-06,lux,0,1,0.0,7.0
2026-02-06,mar,0,2,0.0,10.0
2026-02-06,mex,0,6,0.0,10.833333333333334
2026-02-06,moz,0,10,0.0,8.2
2026-02-06,mys,0,3,0.0,18.0
2026-02-06,nga,0,3,0.0,6.0
2026-02-06,nld,0,8,0.0,6.625
2026-02-06,nor,0,2,0.0,13.0
2026-02-06,pak,0,1,0.0,16.0
2026-02-06,per,0,1,0.0,9.0
2026-02-06,phl,0,4,0.0,40.25
2026-02-06,pol,0,5,0.0,11.2
2026-02-06,pri,0,1,0.0,5.0
2026-02-06,prt,0,20,0.0,9.5
2026-02-06,pry,0,3,0.0,21.666666666666668
2026-02-06,rou,0,2,0.0,7.0
2026-02-06,rwa,0,1,0.0,1.0
2026-02-06,sgp,0,1,0.0,11.0
2026-02-06,stp,0,1,0.0,8.0
2026-02-06,svk,0,1,0.0,6.0
2026-02-06,svn,0,1,0.0,26.0
2026-02-06,swe,0,3,0.0,8.0
2026-02-06,tls,0,1,0.0,1.0
2026-02-06,tur,0,5,0.0,5.8
2026-02-06,twn,0,1,0.0,19.0
2026-02-06,uga,0,1,0.0,7.0
2026-02-06,ukr,0,2,0.0,10.0
2026-02-06,vnm,0,7,0.0,16.0
2026-02-06,zaf,0,2,0.0,6.5
2026-02-06,zmb,0,1,0.0,8.0
2026-02-06,zzz,0,2,0.0,8.0
2026-02-07,ago,0,2,0.0,4.5
2026-02-07,are,0,8,0.0,8.125
2026-02-07,arm,0,1,0.0,8.0
2026-02-07,aus,0,2,0.0,8.0
2026-02-07,aut,0,1,0.0,7.0
2026-02-07,bel,0,3,0.0,5.666666666666667
2026-02-07,bgd,0,1,0.0,8.0
2026-02-07,bhs,0,2,0.0,8.5
2026-02-07,bol,0,5,0.0,15.8
2026-02-07,brb,0,1,0.0,4.0
2026-02-07,can,0,14,0.0,7.071428571428571
2026-02-07,che,0,5,0.0,5.6
2026-02-07,chl,0,12,0.0,10.416666666666666
2026-02-07,civ,0,1,0.0,2.0
2026-02-07,col,0,4,0.0,54.5
2026-02-07,cri,0,2,0.0,26.0
2026-02-07,cyp,0,1,0.0,8.0
2026-02-07,cze,0,1,0.0,6.0
2026-02-07,deu,0,9,0.0,12.333333333333334
2026-02-07,dom,0,3,0.0,11.0
2026-02-07,dza,0,7,0.0,27.142857142857142
2026-02-07,ecu,0,4,0.0,19.75
2026-02-07,egy,0,2,0.0,12.0
2026-02-07,esp,0,6,0.0,19.666666666666668
2026-02-07,est,0,1,0.0,3.0
2026-02-07,eth,0,2,0.0,28.0
2026-02-07,fra,0,14,0.0,8.5
2026-02-07,gbr,0,22,0.0,6.863636363636363
2026-02-07,hti,0,1,0.0,12.0
2026-02-07,hun,0,1,0.0,1.0
2026-02-07,idn,0,10,0.0,13.2
2026-02-07,ind,0,19,0.0,21.842105263157894
2026-02-07,irl,0,2,0.0,10.5
2026-02-07,irq,0,2,0.0,19.0
2026-02-07,isr,0,1,0.0,32.0
2026-02-07,ita,0,7,0.0,11.714285714285714
2026-02-07,jor,0,1,0.0,4.0
2026-02-07,jpn,0,4,0.0,5.75
2026-02-07,ken,0,1,0.0,5.0
2026-02-07,kor,0,5,0.0,23.6
2026-02-07,kwt,0,1,0.0,8.0
2026-02-07,ltu,0,2,0.0,3.0
2026-02-07,mar,0,1,0.0,10.0
2026-02-07,mda,0,1,0.0,8.0
2026-02-07,mex,0,2,0.0,14.0
2026-02-07,mlt,0,1,0.0,4.0
2026-02-07,moz,0,3,0.0,5.333333333333333
2026-02-07,mys,0,2,0.0,10.0
2026-02-07,nam,0,1,0.0,8.0
2026-02-07,nga,0,4,0.0,3.75
2026-02-07,nld,0,2,0.0,7.5
2026-02-07,nor,0,2,0.0,5.0
2026-02-07,npl,0,1,0.0,5.0
2026-02-07,pak,0,3,0.0,8.666666666666668
2026-02-07,pan,0,1,0.0,8.0
2026-02-07,per,0,1,0.0,7.0
2026-02-07,phl,0,9,0.0,20.88888888888889
2026-02-07,pol,0,1,0.0,1.0
2026-02-07,prt,0,21,0.0,8.952380952380953
2026-02-07,pry,0,3,0.0,8.666666666666668
2026-02-07,rou,0,3,0.0,6.666666666666667
2026-02-07,sau,0,3,0.0,8.0
2026-02-07,sen,0,1,0.0,27.0
2026-02-07,sgp,0,2,0.0,7.0
2026-02-07,srb,0,1,0.0,10.0
2026-02-07,tha,0,3,0.0,8.666666666666668
2026-02-07,tun,0,1,0.0,4.0
2026-02-07,tur,0,1,0.0,1.0
2026-02-07,twn,0,3,0.0,11.0
2026-02-07,ukr,0,3,0.0,10.333333333333334
2026-02-07,usa,0,200,0.0,8.105
2026-02-07,uzb,0,1,0.0,72.0
2026-02-07,ven,0,1,0.0,3.0
2026-02-07,vnm,0,5,0.0,17.8
2026-02-07,zaf,0,1,0.0,1.0
2026-02-08,ago,0,2,0.0,17.0
2026-02-08,alb,0,2,0.0,40.5
2026-02-08,are,0,2,0.0,9.0
2026-02-08,arg,0,22,0.0,15.727272727272727
2026-02-08,aus,0,3,0.0,11.666666666666666
2026-02-08,aut,0,4,0.0,8.25
2026-02-08,bel,0,3,0.0,8.333333333333332
2026-02-08,bgr,0,1,0.0,8.0
2026-02-08,can,0,5,0.0,11.0
2026-02-08,che,0,4,0.0,5.25
2026-02-08,chl,0,9,0.0,13.0
2026-02-08,col,0,6,0.0,21.166666666666668
2026-02-08,cze,0,1,0.0,7.0
2026-02-08,deu,0,12,0.0,15.0
2026-02-08,dom,0,3,0.0,38.666666666666664
2026-02-08,dza,0,5,0.0,28.2
2026-02-08,ecu,0,3,0.0,41.666666666666664
2026-02-08,egy,0,3,0.0,12.666666666666666
2026-02-08,esp,0,16,0.0,13.6875
2026-02-08,eth,0,1,0.0,19.0
2026-02-08,fra,0,21,0.0,6.476190476190476
2026-02-08,gbr,0,44,0.0,7.590909090909091
2026-02-08,gha,0,2,0.0,9.0
2026-02-08,grc,0,1,0.0,6.0
2026-02-08,gtm,0,2,0.0,45.0
2026-02-08,hun,0,1,0.0,89.0
2026-02-08,idn,0,6,0.0,41.166666666666664
2026-02-08,ind,0,18,0.0,27.555555555555557
2026-02-08,irl,0,6,0.0,7.5
2026-02-08,irn,0,2,0.0,47.5
2026-02-08,irq,0,3,0.0,28.333333333333332
2026-02-08,isr,0,1,0.0,44.0
2026-02-08,ita,0,5,0.0,15.6
2026-02-08,jor,0,1,0.0,6.0
2026-02-08,jpn,0,2,0.0,28.0
2026-02-08,kaz,0,1,0.0,27.0
2026-02-08,ken,0,1,0.0,9.0
2026-02-08,kor,0,9,0.0,29.0
2026-02-08,lbn,0,1,0.0,2.0
2026-02-08,ltu,0,1,0.0,11.0
2026-02-08,lux,0,1,0.0,3.0
2026-02-08,lva,0,1,0.0,5.0
2026-02-08,mac,0,1,0.0,24.0
2026-02-08,mda,0,1,0.0,6.0
2026-02-08,mex,0,3,0.0,13.0
2026-02-08,moz,0,3,0.0,5.0
2026-02-08,mys,0,2,0.0,13.0
2026-02-08,nga,0,3,0.0,6.666666666666667
2026-02-08,nor,0,3,0.0,7.0
2026-02-08,nzl,0,1,0.0,8.0
2026-02-08,pak,0,5,0.0,13.6
2026-02-08,phl,0,8,0.0,40.25
2026-02-08,pol,0,3,0.0,12.333333333333334
2026-02-08,pri,0,1,0.0,11.0
2026-02-08,prt,0,23,0.0,6.260869565217392
2026-02-08,pry,0,6,0.0,8.0
2026-02-08,qat,0,1,0.0,5.0
2026-02-08,rou,0,2,0.0,8.5
2026-02-08,rus,0,2,0.0,7.0
2026-02-08,rwa,0,1,0.0,3.0
2026-02-08,sau,0,2,0.0,7.5
2026-02-08,sgp,0,1,0.0,6.0
2026-02-08,slv,0,1,0.0,36.0
2026-02-08,srb,0,1,0.0,7.0
2026-02-08,svk,0,1,0.0,9.0
2026-02-08,tgo,0,2,0.0,7.0
2026-02-08,tun,0,1,0.0,4.0
2026-02-08,tur,0,5,0.0,42.6
2026-02-08,ury,0,2,0.0,8.0
2026-02-08,vnm,0,4,0.0,20.25
2026-02-08,zaf,0,2,0.0,4.5
2026-02-09,ago,0,6,0.0,14.5
2026-02-09,alb,0,1,0.0,7.0
2026-02-09,are,0,6,0.0,6.833333333333333
2026-02-09,arg,0,39,0.0,13.23076923076923
2026-02-09,aus,0,4,0.0,7.5
2026-02-09,bel,0,3,0.0,8.333333333333332
2026-02-09,bgd,0,6,0.0,16.833333333333336
2026-02-09,bhs,0,1,0.0,12.0
2026-02-09,bih,0,1,0.0,72.0
2026-02-09,bol,0,1,0.0,1.0
2026-02-09,brn,0,1,0.0,9.0
2026-02-09,can,0,5,0.0,8.4
2026-02-09,che,0,2,0.0,37.0
2026-02-09,chl,0,8,0.0,8.75
2026-02-09,cmr,0,1,0.0,6.0
2026-02-09,cod,0,1,0.0,8.0
2026-02-09,col,0,8,0.0,39.375
2026-02-09,cri,0,2,0.0,8.0
2026-02-09,cze,0,1,0.0,3.0
2026-02-09,deu,0,13,0.0,14.538461538461538
2026-02-09,dom,0,1,0.0,19.0
2026-02-09,dza,0,1,0.0,95.0
2026-02-09,egy,0,2,0.0,35.0
2026-02-09,esp,0,11,0.0,25.90909090909091
2026-02-09,est,0,1,0.0,6.0
2026-02-09,eth,0,3,0.0,16.666666666666664
2026-02-09,fra,0,17,0.0,6.9411764705882355
2026-02-09,gbr,0,37,0.0,12.08108108108108
2026-02-09,geo,0,3,0.0,5.333333333333333
2026-02-09,hkg,0,1,0.0,3.0
2026-02-09,hun,0,1,0.0,11.0
2026-02-09,idn,0,6,0.0,24.166666666666668
2026-02-09,ind,0,15,0.0,26.466666666666665
2026-02-09,irl,0,1,0.0,6.0
2026-02-09,irn,0,1,0.0,47.0
2026-02-09,irq,0,1,0.0,7.0
2026-02-09,isr,0,1,0.0,8.0
2026-02-09,ita,0,5,0.0,5.0
2026-02-09,jpn,0,6,0.0,12.333333333333334
2026-02-09,kor,0,8,0.0,24.125
2026-02-09,lao,0,1,0.0,10.0
2026-02-09,ltu,0,1,0.0,2.0
2026-02-09,mex,0,5,0.0,20.8
2026-02-09,moz,0,3,0.0,5.0
2026-02-09,mwi,0,1,0.0,9.0
2026-02-09,mys,0,1,0.0,26.0
2026-02-09,nga,0,7,0.0,9.0
2026-02-09,nld,0,1,0.0,9.0
2026-02-09,npl,0,1,0.0,27.0
2026-02-09,pak,0,1,0.0,41.0
2026-02-09,phl,0,2,0.0,59.5
2026-02-09,prt,0,15,0.0,18.333333333333332
2026-02-09,pry,0,6,0.0,9.166666666666666
2026-02-09,rus,0,1,0.0,1.0
2026-02-09,sau,0,3,0.0,8.666666666666668
2026-02-09,sgp,0,3,0.0,20.333333333333332
2026-02-09,slv,0,1,0.0,43.0
2026-02-09,swe,0,1,0.0,4.0
2026-02-09,tha,0,1,0.0,9.0
2026-02-09,tun,0,1,0.0,6.0
2026-02-09,tur,0,1,0.0,1.0
2026-02-09,twn,0,1,0.0,9.0
2026-02-09,ukr,0,1,0.0,93.0
2026-02-09,ury,0,7,0.0,6.857142857142857
2026-02-09,zaf,0,2,0.0,10.0
2026-02-10,ago,0,2,0.0,4.5
2026-02-10,are,0,4,0.0,5.0
2026-02-10,aus,0,4,0.0,7.5
2026-02-10,aut,0,1,0.0,7.0
2026-02-10,aze,0,1,0.0,6.0
2026-02-10,ben,0,1,0.0,4.0
2026-02-10,bgd,0,3,0.0,8.0
2026-02-10,bgr,0,1,0.0,4.0
2026-02-10,bhr,0,1,0.0,6.0
2026-02-10,bol,0,1,0.0,1.0
2026-02-10,caf,0,1,0.0,6.0
2026-02-10,can,0,9,0.0,5.777777777777778
2026-02-10,che,0,5,0.0,20.0
2026-02-10,chl,0,8,0.0,14.0
2026-02-10,cmr,0,1,0.0,8.0
2026-02-10,col,0,6,0.0,34.166666666666664
2026-02-10,cri,0,1,0.0,1.0
2026-02-10,cub,0,1,0.0,11.0
2026-02-10,deu,0,5,0.0,7.0
2026-02-10,dnk,0,1,0.0,5.0
2026-02-10,dom,0,2,0.0,26.0
2026-02-10,dza,0,1,0.0,41.0
2026-02-10,ecu,0,5,0.0,33.6
2026-02-10,egy,0,1,0.0,23.0
2026-02-10,esp,0,8,0.0,23.875
2026-02-10,eth,0,4,0.0,32.5
2026-02-10,fra,0,9,0.0,4.888888888888889
2026-02-10,gbr,0,15,0.0,10.733333333333333
2026-02-10,gha,0,1,0.0,2.0
2026-02-10,hnd,0,2,0.0,42.5
2026-02-10,idn,0,11,0.0,19.363636363636363
2026-02-10,ind,0,7,0.0,20.428571428571427
2026-02-10,irl,0,2,0.0,12.5
2026-02-10,irn,0,3,0.0,28.333333333333332
2026-02-10,ita,0,3,0.0,5.0
2026-02-10,jpn,0,4,0.0,7.5
2026-02-10,khm,0,1,0.0,35.0
2026-02-10,kor,0,11,0.0,15.818181818181818
2026-02-10,lka,0,2,0.0,3.0
2026-02-10,ltu,0,1,0.0,8.0
2026-02-10,mar,0,2,0.0,36.0
2026-02-10,mex,0,2,0.0,8.0
2026-02-10,moz,0,3,0.0,6.666666666666667
2026-02-10,mys,0,2,0.0,4.0
2026-02-10,nga,0,4,0.0,6.5
2026-02-10,nld,0,2,0.0,2.5
2026-02-10,nor,0,1,0.0,6.0
2026-02-10,pak,0,2,0.0,36.0
2026-02-10,per,0,2,0.0,18.0
2026-02-10,phl,0,12,0.0,25.0
2026-02-10,pol,0,3,0.0,11.0
2026-02-10,prt,0,17,0.0,21.294117647058822
2026-02-10,pry,0,4,0.0,7.25
2026-02-10,qat,0,2,0.0,3.0
2026-02-10,rou,0,2,0.0,8.5
2026-02-10,rus,0,1,0.0,6.0
2026-02-10,sau,0,2,0.0,6.0
2026-02-10,slv,0,1,0.0,62.0
2026-02-10,sur,0,1,0.0,5.0
2026-02-10,svk,0,1,0.0,6.0
2026-02-10,swe,0,6,0.0,7.666666666666667
2026-02-10,tgo,0,1,0.0,9.0
2026-02-10,tha,0,4,0.0,9.0
2026-02-10,tur,0,7,0.0,10.142857142857142
2026-02-10,ukr,0,2,0.0,1.0
2026-02-10,ury,0,2,0.0,7.5
2026-02-10,vct,0,1,0.0,12.0
2026-02-10,vnm,0,1,0.0,4.0
2026-02-10,zaf,0,2,0.0,8.0
2026-02-11,ago,0,1,0.0,16.0
2026-02-11,are,0,3,0.0,9.333333333333334
2026-02-11,arg,0,27,0.0,10.555555555555555
2026-02-11,aus,0,1,0.0,1.0
2026-02-11,aut,0,1,0.0,71.0
2026-02-11,bel,0,1,0.0,11.0
2026-02-11,bgd,0,3,0.0,22.333333333333332
2026-02-11,bol,0,2,0.0,12.5
2026-02-11,can,0,5,0.0,9.2
2026-02-11,chl,0,7,0.0,16.57142857142857
2026-02-11,civ,0,1,0.0,8.0
2026-02-11,col,0,7,0.0,13.857142857142858
2026-02-11,cri,0,2,0.0,10.0
2026-02-11,cze,0,1,0.0,12.0
2026-02-11,deu,0,4,0.0,8.25
2026-02-11,dza,0,3,0.0,10.666666666666666
2026-02-11,ecu,0,3,0.0,17.0
2026-02-11,egy,0,1,0.0,43.0
2026-02-11,esp,0,6,0.0,7.666666666666667
2026-02-11,eth,0,1,0.0,7.0
2026-02-11,fin,0,1,0.0,10.0
2026-02-11,fra,0,7,0.0,10.0
2026-02-11,gbr,0,11,0.0,8.272727272727273
2026-02-11,geo,0,1,0.0,4.0
2026-02-11,gib,0,1,0.0,1.0
2026-02-11,grc,0,1,0.0,7.0
2026-02-11,gtm,0,1,0.0,51.0
2026-02-11,guy,0,1,0.0,4.0
2026-02-11,hnd,0,1,0.0,7.0
2026-02-11,hrv,0,2,0.0,3.0
2026-02-11,hun,0,1,0.0,7.0
2026-02-11,idn,0,5,0.0,15.4
2026-02-11,ind,0,8,0.0,11.5
2026-02-11,irl,0,2,0.0,11.5
2026-02-11,irn,0,1,0.0,28.0
2026-02-11,isr,0,1,0.0,7.0
2026-02-11,ita,0,6,0.0,10.333333333333334
2026-02-11,jam,0,1,0.0,4.0
2026-02-11,jor,0,1,0.0,4.0
2026-02-11,jpn,0,3,0.0,14.333333333333334
2026-02-11,kaz,0,1,0.0,10.0
2026-02-11,ken,0,1,0.0,11.0
2026-02-11,khm,0,1,0.0,26.0
2026-02-11,kor,0,8,0.0,22.375
2026-02-11,kwt,0,1,0.0,8.0
2026-02-11,mar,0,4,0.0,7.5
2026-02-11,mda,0,1,0.0,9.0
2026-02-11,mex,0,6,0.0,8.666666666666668
2026-02-11,mkd,0,1,0.0,9.0
2026-02-11,moz,0,2,0.0,6.0
2026-02-11,mys,0,2,0.0,9.0
2026-02-11,nam,0,1,0.0,8.0
2026-02-11,nga,0,1,0.0,7.0
2026-02-11,nld,0,4,0.0,9.25
2026-02-11,nor,0,1,0.0,6.0
2026-02-11,pak,0,1,0.0,52.0
2026-02-11,per,0,1,0.0,1.0
2026-02-11,phl,0,9,0.0,13.666666666666666
2026-02-11,pol,0,2,0.0,14.5
2026-02-11,prt,0,19,0.0,18.894736842105264
2026-02-11,pry,0,5,0.0,8.0
2026-02-11,qat,0,1,0.0,7.0
2026-02-11,rou,0,3,0.0,7.333333333333333
2026-02-11,srb,0,1,0.0,11.0
2026-02-11,svk,0,1,0.0,8.0
2026-02-11,svn,0,1,0.0,6.0
2026-02-11,tha,0,2,0.0,5.5
2026-02-11,tur,0,2,0.0,10.5
2026-02-11,twn,0,2,0.0,11.5
2026-02-11,tza,0,1,0.0,2.0
2026-02-11,ukr,0,3,0.0,6.666666666666667
2026-02-11,ury,0,4,0.0,7.75
2026-02-11,vnm,0,3,0.0,13.0
2026-02-11,zaf,0,1,0.0,2.0
2026-02-12,ago,0,1,0.0,66.0
2026-02-12,are,0,4,0.0,6.75
2026-02-12,arg,0,34,0.0,21.470588235294116
2026-02-12,aus,0,2,0.0,14.0
2026-02-12,aut,0,1,0.0,6.0
2026-02-12,bel,0,1,0.0,12.0
2026-02-12,ben,0,2,0.0,52.0
2026-02-12,bfa,0,1,0.0,17.0
2026-02-12,bgd,0,5,0.0,41.0
2026-02-12,bgr,0,1,0.0,6.0
2026-02-12,bhr,0,1,0.0,3.0
2026-02-12,blr,0,1,0.0,51.0
2026-02-12,bol,0,5,0.0,39.2
2026-02-12,caf,0,1,0.0,7.0
2026-02-12,can,0,19,0.0,6.2631578947368425
2026-02-12,che,0,2,0.0,11.5
2026-02-12,chl,0,9,0.0,11.666666666666666
2026-02-12,chn,0,1,0.0,32.0
2026-02-12,col,0,18,0.0,33.72222222222222
2026-02-12,cub,0,1,0.0,9.0
2026-02-12,cze,0,1,0.0,6.0
2026-02-12,dom,0,2,0.0,15.0
2026-02-12,dza,0,7,0.0,43.285714285714285
2026-02-12,ecu,0,9,0.0,33.55555555555556
2026-02-12,egy,0,6,0.0,43.166666666666664
2026-02-12,esp,0,7,0.0,13.142857142857142
2026-02-12,est,0,2,0.0,6.0
2026-02-12,eth,0,1,0.0,8.0
2026-02-12,fra,0,14,0.0,8.785714285714285
2026-02-12,gbr,0,12,0.0,13.083333333333334
2026-02-12,geo,0,1,0.0,34.0
2026-02-12,gha,0,1,0.0,8.0
2026-02-12,gtm,0,3,0.0,26.0
2026-02-12,hnd,0,2,0.0,29.5
2026-02-12,idn,0,27,0.0,43.77777777777778
2026-02-12,ind,0,46,0.0,35.391304347826086
2026-02-12,irq,0,3,0.0,22.333333333333332
2026-02-12,isr,0,1,0.0,7.0
2026-02-12,ita,0,4,0.0,3.0
2026-02-12,jpn,0,2,0.0,6.5
2026-02-12,kaz,0,1,0.0,31.0
2026-02-12,ken,0,1,0.0,40.0
2026-02-12,kgz,0,1,0.0,8.0
2026-02-12,khm,0,1,0.0,98.0
2026-02-12,kor,0,9,0.0,52.55555555555556
2026-02-12,kwt,0,1,0.0,31.0
2026-02-12,ltu,0,1,0.0,8.0
2026-02-12,lux,0,1,0.0,1.0
2026-02-12,mar,0,5,0.0,43.6
2026-02-12,mex,0,5,0.0,9.0
2026-02-12,mli,0,1,0.0,9.0
2026-02-12,mys,0,4,0.0,22.25
2026-02-12,nga,0,2,0.0,13.5
2026-02-12,nld,0,5,0.0,10.2
2026-02-12,pak,0,1,0.0,34.0
2026-02-12,per,0,1,0.0,4.0
2026-02-12,phl,0,27,0.0,43.77777777777778
2026-02-12,pol,0,3,0.0,13.0
2026-02-12,pri,0,1,0.0,7.0
2026-02-12,prt,0,40,0.0,39.4
2026-02-12,pry,0,2,0.0,4.5
2026-02-12,reu,0,1,0.0,7.0
2026-02-12,rou,0,4,0.0,7.0
2026-02-12,sau,0,1,0.0,5.0
2026-02-12,sgp,0,1,0.0,7.0
2026-02-12,slv,0,1,0.0,6.0
2026-02-12,svk,0,2,0.0,23.0
2026-02-12,tgo,0,1,0.0,1.0
2026-02-12,tha,0,3,0.0,11.666666666666666
2026-02-12,tun,0,1,0.0,4.0
2026-02-12,tur,0,4,0.0,4.5
2026-02-12,twn,0,2,0.0,12.5
2026-02-12,ukr,0,3,0.0,14.666666666666666
2026-02-12,ury,0,5,0.0,6.4
2026-02-12,usa,0,158,0.0,8.778481012658228
2026-02-12,vnm,0,7,0.0,41.42857142857143
2026-02-12,zaf,0,1,0.0,5.0
2026-02-13,ago,0,6,0.0,4.0
2026-02-13,alb,0,1,0.0,2.0
2026-02-13,arg,0,28,0.0,10.964285714285714
2026-02-13,aus,0,2,0.0,5.0
2026-02-13,bel,0,1,0.0,9.0
2026-02-13,bgd,0,2,0.0,36.0
2026-02-13,bhr,0,1,0.0,34.0
2026-02-13,bih,0,1,0.0,16.0
2026-02-13,blr,0,1,0.0,16.0
2026-02-13,blz,0,1,0.0,7.0
2026-02-13,bol,0,1,0.0,4.0
2026-02-13,can,0,7,0.0,11.142857142857142
2026-02-13,che,0,6,0.0,8.5
2026-02-13,chl,0,12,0.0,9.666666666666666
2026-02-13,cmr,0,1,0.0,8.0
2026-02-13,col,0,6,0.0,14.0
2026-02-13,cpv,0,1,0.0,7.0
2026-02-13,cri,0,6,0.0,6.333333333333333
2026-02-13,deu,0,7,0.0,10.0
2026-02-13,dom,0,1,0.0,5.0
2026-02-13,ecu,0,1,0.0,11.0
2026-02-13,esp,0,38,0.0,1.8157894736842106
2026-02-13,fra,0,19,0.0,12.157894736842104
2026-02-13,gbr,0,13,0.0,12.923076923076923
2026-02-13,grc,0,3,0.0,27.0
2026-02-13,grd,0,1,0.0,12.0
2026-02-13,hnd,0,1,0.0,7.0
2026-02-13,hti,0,1,0.0,20.0
2026-02-13,idn,0,7,0.0,20.714285714285715
2026-02-13,ind,0,15,0.0,25.6
2026-02-13,ita,0,1,0.0,8.0
2026-02-13,jam,0,1,0.0,4.0
2026-02-13,jpn,0,1,0.0,6.0
2026-02-13,kor,0,5,0.0,13.6
2026-02-13,lka,0,2,0.0,36.0
2026-02-13,ltu,0,1,0.0,6.0
2026-02-13,mar,0,1,0.0,6.0
2026-02-13,mex,0,11,0.0,6.363636363636363
2026-02-13,mli,0,1,0.0,10.0
2026-02-13,moz,0,5,0.0,8.2
2026-02-13,mys,0,1,0.0,9.0
2026-02-13,nld,0,2,0.0,10.5
2026-02-13,nor,0,1,0.0,9.0
2026-02-13,nzl,0,1,0.0,5.0
2026-02-13,pak,0,2,0.0,6.5
2026-02-13,phl,0,5,0.0,25.4
2026-02-13,prt,0,22,0.0,10.272727272727273
2026-02-13,pry,0,10,0.0,9.3
2026-02-13,reu,0,1,0.0,6.0
2026-02-13,rus,0,1,0.0,38.0
2026-02-13,sau,0,3,0.0,5.333333333333333
2026-02-13,srb,0,1,0.0,9.0
2026-02-13,swe,0,1,0.0,4.0
2026-02-13,syc,0,1,0.0,9.0
2026-02-13,tha,0,1,0.0,13.0
2026-02-13,tur,0,1,0.0,15.0
2026-02-13,ukr,0,1,0.0,17.0
2026-02-13,ury,0,7,0.0,7.428571428571429
2026-02-13,usa,0,163,0.0,8.245398773006135
2026-02-13,ven,0,2,0.0,13.0
2026-02-13,vnm,0,1,0.0,7.0
2026-02-13,zaf,0,1,0.0,13.0
2026-02-13,zmb,0,1,0.0,12.0
2026-02-14,ago,0,3,0.0,5.666666666666667
2026-02-14,are,0,3,0.0,6.333333333333333
2026-02-14,arg,0,35,0.0,7.8
2026-02-14,arm,0,1,0.0,8.0
2026-02-14,aus,0,1,0.0,7.0
2026-02-14,aze,0,1,0.0,9.0
2026-02-14,bel,0,1,0.0,7.0
2026-02-14,bgd,0,3,0.0,9.333333333333334
2026-02-14,bgr,0,1,0.0,7.0
2026-02-14,bhs,0,1,0.0,8.0
2026-02-14,blr,0,2,0.0,11.0
2026-02-14,blz,0,1,0.0,7.0
2026-02-14,can,0,10,0.0,10.2
2026-02-14,che,0,1,0.0,6.0
2026-02-14,chl,0,15,0.0,8.266666666666666
2026-02-14,chn,0,1,0.0,11.0
2026-02-14,cmr,0,2,0.0,9.0
2026-02-14,col,0,5,0.0,11.8
2026-02-14,cri,0,4,0.0,9.25
2026-02-14,cze,0,1,0.0,10.0
2026-02-14,deu,0,1,0.0,11.0
2026-02-14,dnk,0,2,0.0,8.5
2026-02-14,dom,0,3,0.0,19.0
2026-02-14,dza,0,1,0.0,6.0
2026-02-14,ecu,0,4,0.0,13.5
2026-02-14,esp,0,8,0.0,7.375
2026-02-14,fin,0,1,0.0,2.0
2026-02-14,gbr,0,9,0.0,6.222222222222222
2026-02-14,gha,0,2,0.0,12.0
2026-02-14,grc,0,1,0.0,1.0
2026-02-14,idn,0,4,0.0,10.75
2026-02-14,ind,0,5,0.0,14.8
2026-02-14,irl,0,4,0.0,8.75
2026-02-14,ita,0,6,0.0,12.166666666666666
2026-02-14,jpn,0,3,0.0,12.0
2026-02-14,ken,0,2,0.0,5.0
2026-02-14,kor,0,2,0.0,9.5
2026-02-14,kwt,0,1,0.0,3.0
2026-02-14,lbn,0,4,0.0,8.25
2026-02-14,ltu,0,1,0.0,4.0
2026-02-14,mar,0,1,0.0,5.0
2026-02-14,mdg,0,1,0.0,7.0
2026-02-14,mex,0,7,0.0,7.428571428571429
2026-02-14,moz,0,2,0.0,6.5
2026-02-14,mwi,0,1,0.0,7.0
2026-02-14,mys,0,1,0.0,2.0
2026-02-14,nam,0,1,0.0,1.0
2026-02-14,nga,0,2,0.0,11.5
2026-02-14,nld,0,4,0.0,12.25
2026-02-14,nor,0,1,0.0,11.0
2026-02-14,npl,0,1,0.0,2.0
2026-02-14,nzl,0,1,0.0,19.0
2026-02-14,pak,0,3,0.0,7.333333333333333
2026-02-14,per,0,4,0.0,7.0
2026-02-14,phl,0,3,0.0,7.333333333333333
2026-02-14,pol,0,3,0.0,13.666666666666666
2026-02-14,prt,0,16,0.0,10.0625
2026-02-14,pry,0,3,0.0,7.666666666666667
2026-02-14,rus,0,3,0.0,7.333333333333333
2026-02-14,sau,0,2,0.0,3.5
2026-02-14,sgp,0,1,0.0,5.0
2026-02-14,slv,0,1,0.0,25.0
2026-02-14,svk,0,2,0.0,8.5
2026-02-14,swz,0,4,0.0,5.0
2026-02-14,syc,0,1,0.0,1.0
2026-02-14,tha,0,1,0.0,17.0
2026-02-14,tun,0,2,0.0,10.0
2026-02-14,tur,0,3,0.0,4.666666666666666
2026-02-14,ukr,0,3,0.0,13.333333333333334
2026-02-14,ury,0,6,0.0,8.666666666666668
2026-02-14,usa,0,222,0.0,9.734234234234235
2026-02-14,vnm,0,3,0.0,7.333333333333333
2026-02-14,zaf,0,2,0.0,4.0
2026-02-15,ago,0,2,0.0,7.5
2026-02-15,are,0,3,0.0,5.0
2026-02-15,arg,0,27,0.0,10.666666666666666
2026-02-15,aut,0,2,0.0,7.0
2026-02-15,bgd,0,2,0.0,22.0
2026-02-15,bgr,0,1,0.0,9.0
2026-02-15,blr,0,3,0.0,31.666666666666668
2026-02-15,can,0,5,0.0,11.0
2026-02-15,che,0,2,0.0,6.5
2026-02-15,chl,0,12,0.0,9.083333333333334
2026-02-15,col,0,3,0.0,33.333333333333336
2026-02-15,cze,0,1,0.0,1.0
2026-02-15,deu,0,4,0.0,7.0
2026-02-15,dom,0,2,0.0,4.0
2026-02-15,dza,0,2,0.0,63.0
2026-02-15,ecu,0,5,0.0,16.2
2026-02-15,egy,0,4,0.0,18.5
2026-02-15,esp,0,5,0.0,8.6
2026-02-15,eth,0,2,0.0,76.5
2026-02-15,fra,0,13,0.0,6.3076923076923075
2026-02-15,gbr,0,12,0.0,8.416666666666668
2026-02-15,gha,0,1,0.0,12.0
2026-02-15,grc,0,1,0.0,28.0
2026-02-15,gtm,0,1,0.0,43.0
2026-02-15,guy,0,1,0.0,19.0
2026-02-15,hkg,0,1,0.0,6.0
2026-02-15,hti,0,2,0.0,22.5
2026-02-15,hun,0,1,0.0,12.0
2026-02-15,idn,0,3,0.0,37.333333333333336
2026-02-15,ind,0,10,0.0,28.8
2026-02-15,irl,0,2,0.0,10.0
2026-02-15,irn,0,1,0.0,8.0
2026-02-15,irq,0,1,0.0,41.0
2026-02-15,isr,0,1,0.0,29.0
2026-02-15,ita,0,4,0.0,9.25
2026-02-15,jam,0,1,0.0,8.0
2026-02-15,jpn,0,5,0.0,7.8
2026-02-15,ken,0,1,0.0,19.0
2026-02-15,khm,0,1,0.0,6.0
2026-02-15,kor,0,10,0.0,7.7
2026-02-15,lva,0,1,0.0,2.0
2026-02-15,mar,0,3,0.0,22.333333333333332
2026-02-15,mex,0,2,0.0,7.0
2026-02-15,nga,0,4,0.0,9.5
2026-02-15,nld,0,4,0.0,8.0
2026-02-15,pak,0,3,0.0,5.0
2026-02-15,per,0,1,0.0,6.0
2026-02-15,phl,0,8,0.0,26.625
2026-02-15,pol,0,1,0.0,7.0
2026-02-15,prt,0,23,0.0,16.608695652173914
2026-02-15,pry,0,4,0.0,6.5
2026-02-15,rus,0,3,0.0,36.666666666666664
2026-02-15,tun,0,1,0.0,9.0
2026-02-15,tur,0,4,0.0,7.5
2026-02-15,twn,0,1,0.0,1.0
2026-02-15,ury,0,6,0.0,11.0
2026-02-15,usa,0,157,0.0,6.968152866242038
2026-02-15,ven,0,3,0.0,7.333333333333333
2026-02-15,vnm,0,5,0.0,21.4
2026-02-15,zaf,0,2,0.0,40.0
2026-02-15,zzz,0,1,0.0,11.0
2026-02-16,ago,0,4,0.0,9.5
2026-02-16,alb,0,1,0.0,9.0
2026-02-16,are,0,6,0.0,8.333333333333332
2026-02-16,arg,0,28,0.0,9.214285714285714
2026-02-16,aus,0,3,0.0,5.666666666666667
2026-02-16,aut,0,1,0.0,7.0
2026-02-16,bfa,0,1,0.0,9.0
2026-02-16,bgd,0,2,0.0,23.5
2026-02-16,can,0,6,0.0,8.333333333333332
2026-02-16,chl,0,19,0.0,8.105263157894736
2026-02-16,chn,0,5,0.0,2.2
2026-02-16,cmr,0,2,0.0,8.5
2026-02-16,col,0,7,0.0,18.428571428571427
2026-02-16,cri,0,1,0.0,7.0
2026-02-16,cze,0,1,0.0,3.0
2026-02-16,deu,0,3,0.0,14.333333333333334
2026-02-16,dom,0,2,0.0,23.5
2026-02-16,ecu,0,1,0.0,20.0
2026-02-16,egy,0,6,0.0,27.0
2026-02-16,esp,0,5,0.0,8.6
2026-02-16,est,0,1,0.0,11.0
2026-02-16,fra,0,13,0.0,9.692307692307692
2026-02-16,gbr,0,4,0.0,7.0
2026-02-16,hrv,0,1,0.0,7.0
2026-02-16,idn,0,4,0.0,10.25
2026-02-16,ind,0,8,0.0,26.875
2026-02-16,irl,0,1,0.0,11.0
2026-02-16,irq,0,1,0.0,17.0
2026-02-16,isl,0,1,0.0,4.0
2026-02-16,isr,0,1,0.0,6.0
2026-02-16,ita,0,5,0.0,6.4
2026-02-16,jpn,0,1,0.0,47.0
2026-02-16,khm,0,2,0.0,12.5
2026-02-16,kor,0,11,0.0,9.454545454545455
2026-02-16,kwt,0,1,0.0,5.0
2026-02-16,ltu,0,1,0.0,11.0
2026-02-16,mex,0,5,0.0,6.6
2026-02-16,mng,0,1,0.0,9.0
2026-02-16,moz,0,6,0.0,7.0
2026-02-16,mys,0,1,0.0,13.0
2026-02-16,nga,0,1,0.0,10.0
2026-02-16,nld,0,4,0.0,11.75
2026-02-16,npl,0,1,0.0,10.0
2026-02-16,pak,0,2,0.0,35.5
2026-02-16,phl,0,8,0.0,8.0
2026-02-16,pol,0,2,0.0,11.0
2026-02-16,prt,0,25,0.0,13.56
2026-02-16,pry,0,7,0.0,8.0
2026-02-16,rou,0,1,0.0,16.0
2026-02-16,slv,0,1,0.0,1.0
2026-02-16,srb,0,1,0.0,19.0
2026-02-16,syc,0,1,0.0,5.0
2026-02-16,tcd,0,1,0.0,8.0
2026-02-16,tgo,0,1,0.0,8.0
2026-02-16,tha,0,3,0.0,10.0
2026-02-16,tur,0,2,0.0,21.5
2026-02-16,twn,0,4,0.0,6.75
2026-02-16,ukr,0,2,0.0,56.0
2026-02-16,ury,0,7,0.0,5.857142857142857
2026-02-16,usa,0,100,0.0,10.62
2026-02-16,vnm,0,4,0.0,11.5
2026-02-17,ago,0,4,0.0,9.75
2026-02-17,are,0,3,0.0,6.333333333333333
2026-02-17,arg,0,26,0.0,8.923076923076923
2026-02-17,aus,0,2,0.0,3.5
2026-02-17,aut,0,1,0.0,11.0
2026-02-17,aze,0,1,0.0,2.0
2026-02-17,bel,0,1,0.0,10.0
2026-02-17,blr,0,1,0.0,42.0
2026-02-17,bol,0,2,0.0,7.5
2026-02-17,can,0,8,0.0,5.125
2026-02-17,che,0,3,0.0,7.333333333333333
2026-02-17,chl,0,8,0.0,6.875
2026-02-17,chn,0,1,0.0,4.0
2026-02-17,cod,0,1,0.0,8.0
2026-02-17,col,0,3,0.0,8.0
2026-02-17,cri,0,1,0.0,7.0
2026-02-17,cze,0,1,0.0,7.0
2026-02-17,deu,0,8,0.0,7.875
2026-02-17,dom,0,1,0.0,8.0
2026-02-17,dza,0,1,0.0,41.0
2026-02-17,esp,0,8,0.0,8.375
2026-02-17,eth,0,1,0.0,14.0
2026-02-17,fra,0,14,0.0,7.0
2026-02-17,gbr,0,4,0.0,8.0
2026-02-17,gin,0,1,0.0,8.0
2026-02-17,grc,0,1,0.0,8.0
2026-02-17,gtm,0,1,0.0,7.0
2026-02-17,guy,0,1,0.0,1.0
2026-02-17,hun,0,1,0.0,1.0
2026-02-17,idn,0,8,0.0,27.0
2026-02-17,ind,0,13,0.0,26.076923076923077
2026-02-17,irl,0,1,0.0,1.0
2026-02-17,irq,0,1,0.0,4.0
2026-02-17,isr,0,3,0.0,8.333333333333332
2026-02-17,ita,0,12,0.0,8.916666666666668
2026-02-17,kaz,0,1,0.0,7.0
2026-02-17,kor,0,12,0.0,6.916666666666667
2026-02-17,lbn,0,1,0.0,9.0
2026-02-17,mar,0,1,0.0,12.0
2026-02-17,mex,0,5,0.0,8.6
2026-02-17,mmr,0,1,0.0,7.0
2026-02-17,moz,0,1,0.0,6.0
2026-02-17,nga,0,1,0.0,33.0
2026-02-17,nic,0,1,0.0,10.0
2026-02-17,nld,0,4,0.0,8.0
2026-02-17,npl,0,1,0.0,8.0
2026-02-17,nzl,0,1,0.0,1.0
2026-02-17,pak,0,3,0.0,5.333333333333333
2026-02-17,per,0,3,0.0,15.0
2026-02-17,phl,0,5,0.0,26.6
2026-02-17,prt,0,24,0.0,9.166666666666666
2026-02-17,pry,0,6,0.0,5.666666666666667
2026-02-17,rou,0,1,0.0,1.0
2026-02-17,rwa,0,1,0.0,7.0
2026-02-17,sau,0,1,0.0,10.0
2026-02-17,sgp,0,1,0.0,11.0
2026-02-17,slv,0,1,0.0,11.0
2026-02-17,swe,0,1,0.0,9.0
2026-02-17,syc,0,1,0.0,1.0
2026-02-17,tcd,0,1,0.0,5.0
2026-02-17,tha,0,1,0.0,8.0
2026-02-17,tun,0,2,0.0,3.0
2026-02-17,tur,0,2,0.0,5.5
2026-02-17,twn,0,1,0.0,5.0
2026-02-17,uga,0,1,0.0,10.0
2026-02-17,ury,0,3,0.0,9.666666666666666
2026-02-17,usa,0,157,0.0,7.477707006369426
2026-02-17,vnm,0,5,0.0,3.0
2026-02-17,zaf,0,1,0.0,1.0
2026-02-18,ago,0,2,0.0,30.0
2026-02-18,alb,0,1,0.0,27.0
2026-02-18,are,0,2,0.0,3.5
2026-02-18,arg,0,33,0.0,14.090909090909092
2026-02-18,aus,0,1,0.0,12.0
2026-02-18,bel,0,3,0.0,3.0
2026-02-18,bgd,0,1,0.0,41.0
2026-02-18,bhr,0,1,0.0,14.0
2026-02-18,bol,0,4,0.0,13.25
2026-02-18,can,0,17,0.0,8.529411764705882
2026-02-18,che,0,1,0.0,11.0
2026-02-18,chl,0,12,0.0,6.416666666666667
2026-02-18,cmr,0,1,0.0,10.0
2026-02-18,col,0,8,0.0,35.5
2026-02-18,cri,0,2,0.0,5.5
2026-02-18,deu,0,3,0.0,33.0
2026-02-18,dom,0,1,0.0,9.0
2026-02-18,dza,0,3,0.0,45.333333333333336
2026-02-18,ecu,0,4,0.0,26.0
2026-02-18,esp,0,6,0.0,12.5
2026-02-18,fin,0,1,0.0,12.0
2026-02-18,fra,0,12,0.0,9.75
2026-02-18,gbr,0,8,0.0,8.5
2026-02-18,glp,0,1,0.0,5.0
2026-02-18,gtm,0,1,0.0,1.0
2026-02-18,guf,0,1,0.0,5.0
2026-02-18,guy,0,2,0.0,6.5
2026-02-18,hnd,0,2,0.0,36.5
2026-02-18,hrv,0,2,0.0,1.0
2026-02-18,idn,0,10,0.0,20.4
2026-02-18,ind,0,11,0.0,20.181818181818183
2026-02-18,irn,0,1,0.0,5.0
2026-02-18,jpn,0,3,0.0,12.333333333333334
2026-02-18,kaz,0,1,0.0,9.0
2026-02-18,ken,0,2,0.0,18.0
2026-02-18,kor,0,28,0.0,9.928571428571429
2026-02-18,mex,0,3,0.0,22.333333333333332
2026-02-18,moz,0,4,0.0,8.0
2026-02-18,mys,0,1,0.0,14.0
2026-02-18,nga,0,2,0.0,8.5
2026-02-18,nld,0,2,0.0,10.0
2026-02-18,pak,0,2,0.0,10.0
2026-02-18,per,0,2,0.0,6.0
2026-02-18,phl,0,10,0.0,20.2
2026-02-18,pol,0,2,0.0,7.5
2026-02-18,prt,0,18,0.0,13.38888888888889
2026-02-18,pry,0,5,0.0,6.4
2026-02-18,rwa,0,1,0.0,6.0
2026-02-18,sau,0,2,0.0,4.5
2026-02-18,slv,0,1,0.0,8.0
2026-02-18,srb,0,1,0.0,20.0
2026-02-18,swe,0,2,0.0,10.0
2026-02-18,tha,0,1,0.0,1.0
2026-02-18,tun,0,1,0.0,6.0
2026-02-18,tur,0,2,0.0,16.0
2026-02-18,twn,0,2,0.0,8.5
2026-02-18,ven,0,1,0.0,5.0
2026-02-18,vnm,0,2,0.0,17.0
2026-02-18,zaf,0,1,0.0,1.0
2026-02-19,abw,0,2,0.0,3.0
2026-02-19,ago,0,5,0.0,8.4
2026-02-19,are,0,1,0.0,5.0
2026-02-19,arg,0,33,0.0,11.090909090909092
2026-02-19,arm,0,1,0.0,51.0
2026-02-19,aus,0,6,0.0,3.8333333333333335
2026-02-19,bel,0,2,0.0,11.5
2026-02-19,bgd,0,4,0.0,48.5
2026-02-19,bgr,0,3,0.0,8.666666666666668
2026-02-19,bol,0,4,0.0,6.25
2026-02-19,can,0,8,0.0,7.375
2026-02-19,che,0,2,0.0,5.5
2026-02-19,chl,0,26,0.0,9.153846153846153
2026-02-19,chn,0,1,0.0,11.0
2026-02-19,civ,0,1,0.0,11.0
2026-02-19,col,0,2,0.0,31.0
2026-02-19,cri,0,2,0.0,8.5
2026-02-19,deu,0,10,0.0,5.1
2026-02-19,dom,0,2,0.0,29.5
2026-02-19,dza,0,1,0.0,61.0
2026-02-19,ecu,0,1,0.0,13.0
2026-02-19,esp,0,8,0.0,9.375
2026-02-19,fra,0,13,0.0,6.0
2026-02-19,gbr,0,17,0.0,7.882352941176471
2026-02-19,geo,0,1,0.0,23.0
2026-02-19,gha,0,1,0.0,10.0
2026-02-19,gnb,0,1,0.0,6.0
2026-02-19,grc,0,1,0.0,1.0
2026-02-19,hkg,0,1,0.0,7.0
2026-02-19,hun,0,3,0.0,6.666666666666667
2026-02-19,idn,0,4,0.0,38.25
2026-02-19,ind,0,18,0.0,28.72222222222222
2026-02-19,irl,0,1,0.0,3.0
2026-02-19,irn,0,1,0.0,13.0
2026-02-19,ita,0,10,0.0,6.7
2026-02-19,jpn,0,1,0.0,1.0
2026-02-19,kaz,0,2,0.0,3.5
2026-02-19,khm,0,1,0.0,19.0
2026-02-19,kor,0,17,0.0,14.117647058823529
2026-02-19,lao,0,1,0.0,2.0
2026-02-19,lbn,0,1,0.0,11.0
2026-02-19,mar,0,1,0.0,5.0
2026-02-19,mex,0,3,0.0,8.666666666666668
2026-02-19,mkd,0,1,0.0,4.0
2026-02-19,moz,0,3,0.0,8.333333333333332
2026-02-19,nga,0,5,0.0,10.6
2026-02-19,nld,0,4,0.0,9.75
2026-02-19,nor,0,2,0.0,11.0
2026-02-19,npl,0,2,0.0,10.0
2026-02-19,omn,0,1,0.0,7.0
2026-02-19,pan,0,1,0.0,6.0
2026-02-19,per,0,5,0.0,9.6
2026-02-19,phl,0,9,0.0,27.444444444444443
2026-02-19,pol,0,1,0.0,3.0
2026-02-19,prt,0,28,0.0,14.142857142857142
2026-02-19,pry,0,5,0.0,8.0
2026-02-19,rou,0,2,0.0,5.5
2026-02-19,sen,0,1,0.0,7.0
2026-02-19,svk,0,2,0.0,5.5
2026-02-19,tgo,0,3,0.0,9.0
2026-02-19,tha,0,3,0.0,5.333333333333333
2026-02-19,tto,0,1,0.0,1.0
2026-02-19,tun,0,1,0.0,19.0
2026-02-19,tur,0,3,0.0,9.666666666666666
2026-02-19,ukr,0,1,0.0,15.0
2026-02-19,ury,0,9,0.0,7.666666666666667
2026-02-19,usa,0,92,0.0,7.163043478260869
2026-02-19,vnm,0,1,0.0,6.0
2026-02-20,ago,0,3,0.0,13.0
2026-02-20,are,0,1,0.0,10.0
2026-02-20,arg,0,16,0.0,8.25
2026-02-20,aus,0,1,0.0,10.0
2026-02-20,bgd,0,1,0.0,8.0
2026-02-20,blr,0,1,0.0,5.0
2026-02-20,can,0,8,0.0,19.0
2026-02-20,che,0,2,0.0,8.5
2026-02-20,chl,0,10,0.0,10.2
2026-02-20,cog,0,1,0.0,19.0
2026-02-20,col,0,8,0.0,8.5
2026-02-20,cyp,0,1,0.0,10.0
2026-02-20,deu,0,8,0.0,8.875
2026-02-20,dnk,0,1,0.0,10.0
2026-02-20,dom,0,2,0.0,11.0
2026-02-20,esp,0,6,0.0,8.166666666666668
2026-02-20,fra,0,15,0.0,7.8
2026-02-20,gbr,0,10,0.0,11.5
2026-02-20,geo,0,1,0.0,3.0
2026-02-20,gha,0,2,0.0,9.0
2026-02-20,gtm,0,1,0.0,8.0
2026-02-20,hkg,0,1,0.0,12.0
2026-02-20,hnd,0,2,0.0,6.0
2026-02-20,idn,0,2,0.0,16.0
2026-02-20,ind,0,6,0.0,7.0
2026-02-20,irl,0,2,0.0,11.0
2026-02-20,irq,0,1,0.0,1.0
2026-02-20,isr,0,1,0.0,8.0
2026-02-20,ita,0,6,0.0,5.333333333333333
2026-02-20,jpn,0,2,0.0,1.0
2026-02-20,kaz,0,1,0.0,11.0
2026-02-20,kor,0,4,0.0,6.25
2026-02-20,mac,0,1,0.0,5.0
2026-02-20,mar,0,1,0.0,68.0
2026-02-20,mdv,0,1,0.0,8.0
2026-02-20,mex,0,8,0.0,9.0
2026-02-20,moz,0,2,0.0,9.5
2026-02-20,mys,0,6,0.0,8.0
2026-02-20,nga,0,4,0.0,11.0
2026-02-20,nld,0,1,0.0,6.0
2026-02-20,nor,0,2,0.0,8.5
2026-02-20,nzl,0,1,0.0,10.0
2026-02-20,pan,0,1,0.0,7.0
2026-02-20,phl,0,8,0.0,8.0
2026-02-20,pol,0,2,0.0,11.0
2026-02-20,pri,0,1,0.0,13.0
2026-02-20,prt,0,13,0.0,13.076923076923077
2026-02-20,pry,0,8,0.0,7.625
2026-02-20,qat,0,2,0.0,3.0
2026-02-20,rou,0,1,0.0,41.0
2026-02-20,rus,0,1,0.0,7.0
2026-02-20,sau,0,1,0.0,4.0
2026-02-20,sgp,0,3,0.0,10.333333333333334
2026-02-20,slv,0,2,0.0,6.5
2026-02-20,srb,0,1,0.0,19.0
2026-02-20,swe,0,1,0.0,2.0
2026-02-20,syc,0,1,0.0,8.0
2026-02-20,tgo,0,1,0.0,12.0
2026-02-20,tha,0,2,0.0,27.5
2026-02-20,tur,0,7,0.0,8.857142857142858
2026-02-20,twn,0,1,0.0,12.0
2026-02-20,uga,0,1,0.0,6.0
2026-02-20,ury,0,7,0.0,8.142857142857142
2026-02-20,usa,0,155,0.0,8.141935483870967
2026-02-20,ven,0,1,0.0,11.0
2026-02-20,vnm,0,1,0.0,7.0
2026-02-20,zzz,0,1,0.0,14.0
2026-02-21,ago,0,2,0.0,3.0
2026-02-21,are,0,3,0.0,8.666666666666668
2026-02-21,arg,0,13,0.0,8.538461538461538
2026-02-21,aus,0,1,0.0,49.0
2026-02-21,aut,0,1,0.0,86.0
2026-02-21,bel,0,2,0.0,9.5
2026-02-21,ben,0,1,0.0,11.0
2026-02-21,bih,0,1,0.0,19.0
2026-02-21,caf,0,2,0.0,8.0
2026-02-21,can,0,7,0.0,12.0
2026-02-21,che,0,2,0.0,7.0
2026-02-21,chl,0,12,0.0,7.5
2026-02-21,civ,0,2,0.0,9.0
2026-02-21,cri,0,1,0.0,4.0
2026-02-21,cze,0,1,0.0,17.0
2026-02-21,deu,0,5,0.0,26.6
2026-02-21,dom,0,3,0.0,4.666666666666666
2026-02-21,dza,0,2,0.0,4.5
2026-02-21,ecu,0,2,0.0,11.0
2026-02-21,egy,0,1,0.0,6.0
2026-02-21,esp,0,8,0.0,8.75
2026-02-21,eth,0,1,0.0,7.0
2026-02-21,fin,0,1,0.0,15.0
2026-02-21,fra,0,8,0.0,8.75
2026-02-21,gbr,0,18,0.0,20.27777777777778
2026-02-21,geo,0,1,0.0,6.0
2026-02-21,gha,0,1,0.0,12.0
2026-02-21,glp,0,1,0.0,7.0
2026-02-21,gnb,0,2,0.0,9.0
2026-02-21,grc,0,1,0.0,7.0
2026-02-21,hun,0,1,0.0,6.0
2026-02-21,idn,0,3,0.0,7.0
2026-02-21,ind,0,6,0.0,8.5
2026-02-21,irl,0,3,0.0,6.333333333333333
2026-02-21,irn,0,1,0.0,10.0
2026-02-21,isr,0,1,0.0,6.0
2026-02-21,ita,0,5,0.0,15.2
2026-02-21,jor,0,2,0.0,3.5
2026-02-21,jpn,0,2,0.0,14.0
2026-02-21,kaz,0,1,0.0,2.0
2026-02-21,ken,0,1,0.0,13.0
2026-02-21,kor,0,5,0.0,8.8
2026-02-21,kwt,0,1,0.0,25.0
2026-02-21,lux,0,1,0.0,13.0
2026-02-21,mex,0,9,0.0,15.444444444444445
2026-02-21,mys,0,1,0.0,11.0
2026-02-21,nam,0,1,0.0,8.0
2026-02-21,nor,0,2,0.0,8.0
2026-02-21,nzl,0,1,0.0,4.0
2026-02-21,pak,0,1,0.0,8.0
2026-02-21,pan,0,1,0.0,6.0
2026-02-21,per,0,1,0.0,8.0
2026-02-21,phl,0,4,0.0,6.5
2026-02-21,pol,0,2,0.0,10.0
2026-02-21,prt,0,18,0.0,17.833333333333332
2026-02-21,pry,0,1,0.0,4.0
2026-02-21,rou,0,1,0.0,10.0
2026-02-21,sau,0,3,0.0,16.666666666666664
2026-02-21,srb,0,1,0.0,19.0
2026-02-21,swe,0,3,0.0,9.666666666666666
2026-02-21,tun,0,1,0.0,6.0
2026-02-21,tur,0,5,0.0,12.4
2026-02-21,uga,0,1,0.0,9.0
2026-02-21,ukr,0,3,0.0,7.0
2026-02-21,ury,0,5,0.0,8.0
2026-02-21,usa,0,169,0.0,8.544378698224852
2026-02-21,vnm,0,2,0.0,14.5
2026-02-22,ago,0,5,0.0,6.6
2026-02-22,and,0,1,0.0,3.0
2026-02-22,are,0,1,0.0,21.0
2026-02-22,arg,0,26,0.0,8.461538461538462
2026-02-22,aus,0,1,0.0,12.0
2026-02-22,bdi,0,1,0.0,2.0
2026-02-22,bel,0,1,0.0,5.0
2026-02-22,bgd,0,2,0.0,5.0
2026-02-22,bgr,0,1,0.0,1.0
2026-02-22,bhr,0,1,0.0,6.0
2026-02-22,blm,0,1,0.0,6.0
2026-02-22,bol,0,3,0.0,18.333333333333332
2026-02-22,can,0,9,0.0,5.777777777777778
2026-02-22,che,0,3,0.0,10.0
2026-02-22,chl,0,9,0.0,19.333333333333332
2026-02-22,chn,0,1,0.0,3.0
2026-02-22,col,0,3,0.0,8.666666666666668
2026-02-22,cri,0,3,0.0,7.333333333333333
2026-02-22,cze,0,2,0.0,8.5
2026-02-22,deu,0,4,0.0,4.75
2026-02-22,dnk,0,1,0.0,8.0
2026-02-22,dza,0,1,0.0,13.0
2026-02-22,ecu,0,6,0.0,8.166666666666668
2026-02-22,esp,0,6,0.0,7.166666666666667
2026-02-22,fra,0,9,0.0,9.777777777777779
2026-02-22,fro,0,2,0.0,6.0
2026-02-22,gbr,0,15,0.0,25.2
2026-02-22,gha,0,1,0.0,11.0
2026-02-22,grc,0,3,0.0,8.333333333333332
2026-02-22,gtm,0,1,0.0,10.0
2026-02-22,hkg,0,1,0.0,4.0
2026-02-22,hnd,0,1,0.0,4.0
2026-02-22,hrv,0,1,0.0,9.0
2026-02-22,hun,0,1,0.0,9.0
2026-02-22,ind,0,7,0.0,10.571428571428571
2026-02-22,irl,0,1,0.0,12.0
2026-02-22,irn,0,1,0.0,8.0
2026-02-22,isr,0,1,0.0,6.0
2026-02-22,ita,0,5,0.0,4.6
2026-02-22,jpn,0,7,0.0,27.142857142857142
2026-02-22,kaz,0,1,0.0,19.0
2026-02-22,kor,0,2,0.0,5.5
2026-02-22,ltu,0,2,0.0,7.0
2026-02-22,mex,0,5,0.0,11.8
2026-02-22,mne,0,1,0.0,8.0
2026-02-22,moz,0,1,0.0,6.0
2026-02-22,nga,0,1,0.0,4.0
2026-02-22,nld,0,3,0.0,7.666666666666667
2026-02-22,npl,0,1,0.0,9.0
2026-02-22,nzl,0,1,0.0,9.0
2026-02-22,pan,0,2,0.0,6.5
2026-02-22,per,0,1,0.0,17.0
2026-02-22,pol,0,1,0.0,9.0
2026-02-22,prt,0,22,0.0,9.272727272727273
2026-02-22,pry,0,1,0.0,3.0
2026-02-22,rus,0,2,0.0,37.0
2026-02-22,sgp,0,1,0.0,12.0
2026-02-22,sur,0,2,0.0,6.5
2026-02-22,svk,0,2,0.0,8.5
2026-02-22,swe,0,1,0.0,12.0
2026-02-22,tto,0,2,0.0,13.0
2026-02-22,tun,0,2,0.0,11.0
2026-02-22,tur,0,2,0.0,9.5
2026-02-22,uga,0,1,0.0,4.0
2026-02-22,ury,0,3,0.0,8.0
2026-02-22,ven,0,3,0.0,7.0
2026-02-22,vnm,0,1,0.0,10.0
2026-02-23,are,0,2,0.0,1.5
2026-02-23,arg,0,25,0.0,8.32
2026-02-23,aus,0,1,0.0,8.0
2026-02-23,aut,0,1,0.0,1.0
2026-02-23,bel,0,3,0.0,3.6666666666666665
2026-02-23,bgd,0,1,0.0,5.0
2026-02-23,bgr,0,1,0.0,1.0
2026-02-23,bih,0,1,0.0,4.0
2026-02-23,bol,0,1,0.0,8.0
2026-02-23,can,0,19,0.0,4.157894736842105
2026-02-23,che,0,4,0.0,11.75
2026-02-23,chl,0,11,0.0,12.181818181818182
2026-02-23,chn,0,2,0.0,9.5
2026-02-23,col,0,1,0.0,4.0
2026-02-23,cuw,0,3,0.0,10.0
2026-02-23,cze,0,2,0.0,7.5
2026-02-23,deu,0,7,0.0,9.0
2026-02-23,dza,0,1,0.0,4.0
2026-02-23,ecu,0,3,0.0,6.666666666666667
2026-02-23,egy,0,1,0.0,2.0
2026-02-23,esp,0,7,0.0,7.0
2026-02-23,fra,0,14,0.0,13.642857142857142
2026-02-23,gbr,0,8,0.0,14.375
2026-02-23,geo,0,1,0.0,11.0
2026-02-23,gha,0,3,0.0,10.333333333333334
2026-02-23,hrv,0,5,0.0,3.2
2026-02-23,hti,0,1,0.0,7.0
2026-02-23,hun,0,1,0.0,7.0
2026-02-23,idn,0,3,0.0,8.0
2026-02-23,ind,0,6,0.0,10.666666666666666
2026-02-23,irl,0,3,0.0,6.333333333333333
2026-02-23,irn,0,1,0.0,5.0
2026-02-23,irq,0,1,0.0,4.0
2026-02-23,ita,0,9,0.0,6.333333333333333
2026-02-23,kgz,0,1,0.0,4.0
2026-02-23,kor,0,3,0.0,6.333333333333333
2026-02-23,mac,0,1,0.0,7.0
2026-02-23,mar,0,1,0.0,3.0
2026-02-23,mex,0,5,0.0,6.6
2026-02-23,moz,0,8,0.0,7.375
2026-02-23,mys,0,2,0.0,5.5
2026-02-23,nga,0,2,0.0,12.0
2026-02-23,pak,0,1,0.0,6.0
2026-02-23,per,0,1,0.0,12.0
2026-02-23,phl,0,3,0.0,9.333333333333334
2026-02-23,pol,0,1,0.0,21.0
2026-02-23,prt,0,10,0.0,15.6
2026-02-23,pry,0,3,0.0,30.0
2026-02-23,rus,0,3,0.0,6.333333333333333
2026-02-23,sgp,0,8,0.0,8.375
2026-02-23,swe,0,2,0.0,9.0
2026-02-23,tha,0,2,0.0,7.0
2026-02-23,tur,0,2,0.0,14.0
2026-02-23,ukr,0,4,0.0,54.0
2026-02-23,ury,0,3,0.0,9.0
2026-02-23,uzb,0,1,0.0,9.0
2026-02-23,ven,0,1,0.0,8.0
2026-02-23,vnm,0,1,0.0,5.0
2026-02-23,zmb,0,1,0.0,15.0
2026-02-24,ago,0,3,0.0,5.666666666666667
2026-02-24,are,0,2,0.0,4.0
2026-02-24,arg,0,25,0.0,7.4
2026-02-24,arm,0,1,0.0,20.0
2026-02-24,aut,0,2,0.0,26.0
2026-02-24,bgd,0,2,0.0,13.0
2026-02-24,bih,0,1,0.0,2.0
2026-02-24,bol,0,2,0.0,11.0
2026-02-24,can,0,9,0.0,11.333333333333334
2026-02-24,che,0,2,0.0,6.5
2026-02-24,chl,0,10,0.0,11.7
2026-02-24,chn,0,1,0.0,5.0
2026-02-24,cmr,0,2,0.0,4.0
2026-02-24,cog,0,1,0.0,10.0
2026-02-24,col,0,4,0.0,9.5
2026-02-24,cpv,0,1,0.0,6.0
2026-02-24,deu,0,9,0.0,18.0
2026-02-24,dza,0,1,0.0,7.0
2026-02-24,ecu,0,2,0.0,7.0
2026-02-24,esp,0,6,0.0,9.833333333333334
2026-02-24,fin,0,1,0.0,11.0
2026-02-24,fra,0,11,0.0,8.09090909090909
2026-02-24,gbr,0,9,0.0,5.888888888888889
2026-02-24,guy,0,1,0.0,2.0
2026-02-24,hrv,0,2,0.0,1.5
2026-02-24,hti,0,1,0.0,11.0
2026-02-24,idn,0,3,0.0,2.666666666666667
2026-02-24,ind,0,5,0.0,11.2
2026-02-24,irl,0,1,0.0,9.0
2026-02-24,irn,0,2,0.0,4.5
2026-02-24,kaz,0,2,0.0,12.5
2026-02-24,kor,0,4,0.0,7.5
2026-02-24,ltu,0,1,0.0,18.0
2026-02-24,mco,0,1,0.0,2.0
2026-02-24,mda,0,1,0.0,3.0
2026-02-24,mex,0,2,0.0,5.5
2026-02-24,mlt,0,1,0.0,8.0
2026-02-24,moz,0,4,0.0,4.75
2026-02-24,nga,0,3,0.0,9.0
2026-02-24,nld,0,4,0.0,4.0
2026-02-24,nzl,0,2,0.0,9.0
2026-02-24,pak,0,1,0.0,8.0
2026-02-24,phl,0,2,0.0,15.5
2026-02-24,pol,0,3,0.0,11.0
2026-02-24,prt,0,26,0.0,9.5
2026-02-24,pry,0,7,0.0,9.714285714285714
2026-02-24,rou,0,1,0.0,6.0
2026-02-24,sgp,0,2,0.0,5.5
2026-02-24,slv,0,2,0.0,14.5
2026-02-24,swe,0,1,0.0,7.0
2026-02-24,tha,0,2,0.0,10.0
2026-02-24,tto,0,1,0.0,10.0
2026-02-24,tun,0,1,0.0,4.0
2026-02-24,tur,0,1,0.0,2.0
2026-02-24,twn,0,1,0.0,1.0
2026-02-24,tza,0,1,0.0,2.0
2026-02-24,ukr,0,1,0.0,6.0
2026-02-24,ury,0,9,0.0,8.222222222222221
2026-02-24,usa,0,117,0.0,10.051282051282051
2026-02-24,vnm,0,1,0.0,2.0
2026-02-24,zaf,0,1,0.0,16.0
2026-02-25,abw,0,1,0.0,13.0
2026-02-25,afg,0,1,0.0,6.0
2026-02-25,ago,0,5,0.0,8.0
2026-02-25,alb,0,1,0.0,9.0
2026-02-25,are,0,3,0.0,11.333333333333334
2026-02-25,aus,0,4,0.0,14.75
2026-02-25,bgd,0,2,0.0,9.0
2026-02-25,blz,0,1,0.0,8.0
2026-02-25,bol,0,1,0.0,5.0
2026-02-25,can,0,20,0.0,9.35
2026-02-25,che,0,1,0.0,51.0
2026-02-25,chl,0,11,0.0,12.454545454545455
2026-02-25,cod,0,1,0.0,3.0
2026-02-25,col,0,4,0.0,8.75
2026-02-25,cpv,0,1,0.0,2.0
2026-02-25,cri,0,1,0.0,12.0
2026-02-25,cze,0,4,0.0,8.75
2026-02-25,deu,0,14,0.0,9.857142857142858
2026-02-25,dza,0,1,0.0,13.0
2026-02-25,ecu,0,1,0.0,13.0
2026-02-25,esp,0,10,0.0,8.3
2026-02-25,fin,0,1,0.0,4.0
2026-02-25,fra,0,10,0.0,12.5
2026-02-25,gbr,0,4,0.0,11.5
2026-02-25,glp,0,1,0.0,9.0
2026-02-25,grc,0,2,0.0,5.0
2026-02-25,hkg,0,1,0.0,5.0
2026-02-25,hti,0,2,0.0,9.0
2026-02-25,hun,0,1,0.0,9.0
2026-02-25,idn,0,5,0.0,9.0
2026-02-25,ind,0,10,0.0,5.9
2026-02-25,irl,0,1,0.0,4.0
2026-02-25,ita,0,7,0.0,10.142857142857142
2026-02-25,jpn,0,1,0.0,12.0
2026-02-25,kna,0,1,0.0,12.0
2026-02-25,kor,0,11,0.0,8.545454545454547
2026-02-25,ltu,0,1,0.0,68.0
2026-02-25,mar,0,3,0.0,11.0
2026-02-25,mex,0,4,0.0,4.75
2026-02-25,mlt,0,2,0.0,9.5
2026-02-25,moz,0,2,0.0,6.5
2026-02-25,mys,0,1,0.0,7.0
2026-02-25,nga,0,3,0.0,4.333333333333334
2026-02-25,nld,0,1,0.0,19.0
2026-02-25,nor,0,2,0.0,4.0
2026-02-25,npl,0,1,0.0,11.0
2026-02-25,pan,0,1,0.0,1.0
2026-02-25,per,0,2,0.0,7.5
2026-02-25,phl,0,5,0.0,13.8
2026-02-25,pol,0,1,0.0,19.0
2026-02-25,pry,0,7,0.0,5.714285714285714
2026-02-25,sau,0,1,0.0,12.0
2026-02-25,sgp,0,6,0.0,10.833333333333334
2026-02-25,srb,0,1,0.0,10.0
2026-02-25,swe,0,5,0.0,8.6
2026-02-25,tgo,0,1,0.0,11.0
2026-02-25,tha,0,2,0.0,9.0
2026-02-25,tur,0,6,0.0,7.166666666666667
2026-02-25,twn,0,1,0.0,11.0
2026-02-25,tza,0,1,0.0,4.0
2026-02-25,ury,0,6,0.0,7.166666666666667
2026-02-25,uzb,0,1,0.0,1.0
2026-02-25,ven,0,1,0.0,9.0
2026-02-25,vnm,0,5,0.0,7.0
2026-02-25,zaf,0,2,0.0,5.0
2026-02-25,zmb,0,1,0.0,4.0
2026-02-26,abw,0,1,0.0,3.0
2026-02-26,ago,0,5,0.0,4.4
2026-02-26,are,0,3,0.0,3.0
2026-02-26,arg,0,10,0.0,6.7
2026-02-26,aus,0,1,0.0,5.0
2026-02-26,bel,0,2,0.0,4.0
2026-02-26,bgr,0,1,0.0,4.0
2026-02-26,bih,0,1,0.0,17.0
2026-02-26,blr,0,2,0.0,14.5
2026-02-26,bol,0,1,0.0,10.0
2026-02-26,btn,0,1,0.0,10.0
2026-02-26,can,0,22,0.0,8.545454545454547
2026-02-26,che,0,2,0.0,10.5
2026-02-26,chl,0,10,0.0,6.2
2026-02-26,chn,0,4,0.0,8.75
2026-02-26,col,0,4,0.0,14.25
2026-02-26,deu,0,3,0.0,7.666666666666667
2026-02-26,dnk,0,2,0.0,7.0
2026-02-26,dom,0,1,0.0,9.0
2026-02-26,dza,0,1,0.0,7.0
2026-02-26,ecu,0,3,0.0,9.666666666666666
2026-02-26,egy,0,2,0.0,15.5
2026-02-26,esp,0,9,0.0,8.333333333333332
2026-02-26,est,0,1,0.0,3.0
2026-02-26,eth,0,3,0.0,11.0
2026-02-26,fra,0,7,0.0,16.142857142857142
2026-02-26,gbr,0,10,0.0,10.4
2026-02-26,gtm,0,1,0.0,3.0
2026-02-26,hnd,0,2,0.0,10.5
2026-02-26,hrv,0,3,0.0,6.333333333333333
2026-02-26,hun,0,1,0.0,7.0
2026-02-26,idn,0,3,0.0,8.666666666666668
2026-02-26,ind,0,10,0.0,12.3
2026-02-26,irl,0,1,0.0,10.0
2026-02-26,irn,0,1,0.0,2.0
2026-02-26,irq,0,1,0.0,9.0
2026-02-26,isr,0,1,0.0,13.0
2026-02-26,ita,0,2,0.0,6.0
2026-02-26,jam,0,1,0.0,3.0
2026-02-26,jpn,0,1,0.0,11.0
2026-02-26,ken,0,1,0.0,14.0
2026-02-26,kor,0,9,0.0,6.333333333333333
2026-02-26,lka,0,1,0.0,11.0
2026-02-26,ltu,0,1,0.0,12.0
2026-02-26,lva,0,1,0.0,15.0
2026-02-26,mar,0,1,0.0,8.0
2026-02-26,mdv,0,1,0.0,1.0
2026-02-26,mex,0,8,0.0,7.5
2026-02-26,mkd,0,1,0.0,8.0
2026-02-26,moz,0,3,0.0,8.0
2026-02-26,mys,0,2,0.0,13.0
2026-02-26,nga,0,10,0.0,8.6
2026-02-26,nld,0,8,0.0,7.0
2026-02-26,nor,0,2,0.0,10.0
2026-02-26,nzl,0,2,0.0,8.0
2026-02-26,pak,0,4,0.0,11.5
2026-02-26,pan,0,1,0.0,2.0
2026-02-26,per,0,1,0.0,4.0
2026-02-26,phl,0,4,0.0,9.5
2026-02-26,pol,0,2,0.0,14.5
2026-02-26,prt,0,17,0.0,9.411764705882353
2026-02-26,pry,0,4,0.0,6.5
2026-02-26,rou,0,1,0.0,12.0
2026-02-26,sau,0,1,0.0,2.0
2026-02-26,sgp,0,1,0.0,7.0
2026-02-26,svk,0,1,0.0,13.0
2026-02-26,tha,0,2,0.0,4.5
2026-02-26,tun,0,2,0.0,5.5
2026-02-26,tur,0,3,0.0,5.0
2026-02-26,twn,0,1,0.0,12.0
2026-02-26,ukr,0,4,0.0,14.75
2026-02-26,ury,0,2,0.0,4.5
2026-02-26,usa,0,178,0.0,7.741573033707865
2026-02-26,vnm,0,5,0.0,14.2
2026-02-26,zaf,0,1,0.0,7.0
2026-02-26,zmb,0,1,0.0,5.0
2026-02-27,ago,0,1,0.0,12.0
2026-02-27,alb,0,1,0.0,5.0
2026-02-27,arg,0,15,0.0,6.733333333333333
2026-02-27,aus,0,1,0.0,3.0
2026-02-27,aut,0,2,0.0,26.5
2026-02-27,bel,0,1,0.0,5.0
2026-02-27,bgd,0,1,0.0,17.0
2026-02-27,blr,0,1,0.0,5.0
2026-02-27,bol,0,1,0.0,12.0
2026-02-27,can,0,27,0.0,6.333333333333333
2026-02-27,che,0,8,0.0,5.5
2026-02-27,chl,0,9,0.0,7.111111111111111
2026-02-27,chn,0,3,0.0,14.0
2026-02-27,cmr,0,1,0.0,6.0
2026-02-27,col,0,4,0.0,5.75
2026-02-27,deu,0,7,0.0,20.428571428571427
2026-02-27,dnk,0,2,0.0,13.0
2026-02-27,dom,0,3,0.0,2.333333333333333
2026-02-27,dza,0,1,0.0,1.0
2026-02-27,ecu,0,1,0.0,1.0
2026-02-27,esp,0,11,0.0,5.909090909090909
2026-02-27,fra,0,11,0.0,7.181818181818182
2026-02-27,gab,0,2,0.0,8.0
2026-02-27,gbr,0,11,0.0,7.454545454545454
2026-02-27,geo,0,1,0.0,6.0
2026-02-27,gha,0,1,0.0,18.0
2026-02-27,glp,0,1,0.0,8.0
2026-02-27,grc,0,1,0.0,16.0
2026-02-27,gtm,0,1,0.0,8.0
2026-02-27,hkg,0,3,0.0,6.333333333333333
2026-02-27,hnd,0,1,0.0,9.0
2026-02-27,idn,0,7,0.0,10.428571428571429
2026-02-27,ind,0,14,0.0,8.142857142857142
2026-02-27,irl,0,1,0.0,8.0
2026-02-27,irn,0,2,0.0,8.0
2026-02-27,irq,0,2,0.0,14.5
2026-02-27,isr,0,2,0.0,5.0
2026-02-27,ita,0,6,0.0,9.5
2026-02-27,jpn,0,3,0.0,7.0
2026-02-27,kaz,0,1,0.0,6.0
2026-02-27,kor,0,9,0.0,6.333333333333333
2026-02-27,lux,0,2,0.0,5.5
2026-02-27,mda,0,1,0.0,6.0
2026-02-27,mex,0,8,0.0,8.625
2026-02-27,moz,0,5,0.0,6.6
2026-02-27,mwi,0,1,0.0,13.0
2026-02-27,mys,0,3,0.0,10.333333333333334
2026-02-27,nga,0,3,0.0,43.333333333333336
2026-02-27,nld,0,2,0.0,15.5
2026-02-27,nor,0,3,0.0,7.666666666666667
2026-02-27,nzl,0,1,0.0,2.0
2026-02-27,omn,0,1,0.0,10.0
2026-02-27,pak,0,1,0.0,15.0
2026-02-27,pan,0,3,0.0,6.0
2026-02-27,per,0,5,0.0,5.0
2026-02-27,phl,0,8,0.0,8.875
2026-02-27,pol,0,2,0.0,18.5
2026-02-27,pri,0,1,0.0,1.0
2026-02-27,pry,0,2,0.0,12.5
2026-02-27,rou,0,5,0.0,24.4
2026-02-27,rus,0,1,0.0,11.0
2026-02-27,sau,0,1,0.0,10.0
2026-02-27,sgp,0,3,0.0,12.666666666666666
2026-02-27,slv,0,1,0.0,11.0
2026-02-27,srb,0,1,0.0,1.0
2026-02-27,swe,0,2,0.0,10.0
2026-02-27,tgo,0,1,0.0,10.0
2026-02-27,tha,0,3,0.0,5.0
2026-02-27,tun,0,3,0.0,5.666666666666667
2026-02-27,tur,0,3,0.0,7.666666666666667
2026-02-27,ukr,0,1,0.0,4.0
2026-02-27,ury,0,1,0.0,7.0
2026-02-27,usa,0,150,0.0,9.24
2026-02-27,ven,0,2,0.0,7.5
2026-02-27,vnm,0,7,0.0,10.714285714285714
2026-02-27,xkk,0,1,0.0,2.0
2026-02-27,zmb,0,1,0.0,11.0
2026-02-28,ago,0,2,0.0,15.0
2026-02-28,are,0,1,0.0,8.0
2026-02-28,arg,0,8,0.0,8.125
2026-02-28,bel,0,1,0.0,18.0
2026-02-28,bol,0,3,0.0,8.333333333333332
2026-02-28,bwa,0,1,0.0,7.0
2026-02-28,caf,0,1,0.0,15.0
2026-02-28,can,0,7,0.0,7.142857142857143
2026-02-28,che,0,5,0.0,8.8
2026-02-28,chl,0,13,0.0,7.461538461538462
2026-02-28,col,0,1,0.0,8.0
2026-02-28,cri,0,1,0.0,12.0
2026-02-28,deu,0,5,0.0,4.6
2026-02-28,dnk,0,2,0.0,2.5
2026-02-28,dza,0,1,0.0,5.0
2026-02-28,ecu,0,3,0.0,6.666666666666667
2026-02-28,egy,0,1,0.0,1.0
2026-02-28,esp,0,5,0.0,6.6
2026-02-28,fin,0,1,0.0,11.0
2026-02-28,fra,0,10,0.0,6.6
2026-02-28,gbr,0,9,0.0,9.222222222222221
2026-02-28,grc,0,2,0.0,17.0
2026-02-28,idn,0,4,0.0,7.25
2026-02-28,irl,0,2,0.0,7.0
2026-02-28,irn,0,1,0.0,17.0
2026-02-28,ita,0,2,0.0,9.0
2026-02-28,jor,0,1,0.0,4.0
2026-02-28,jpn,0,2,0.0,4.0
2026-02-28,khm,0,1,0.0,10.0
2026-02-28,kor,0,9,0.0,9.11111111111111
2026-02-28,lux,0,2,0.0,7.0
2026-02-28,mar,0,1,0.0,9.0
2026-02-28,mex,0,4,0.0,5.75
2026-02-28,mmr,0,1,0.0,9.0
2026-02-28,moz,0,4,0.0,6.5
2026-02-28,mus,0,1,0.0,3.0
2026-02-28,mys,0,2,0.0,14.0
2026-02-28,nga,0,6,0.0,7.666666666666667
2026-02-28,nld,0,1,0.0,2.0
2026-02-28,nor,0,3,0.0,7.666666666666667
2026-02-28,pan,0,1,0.0,9.0
2026-02-28,per,0,1,0.0,9.0
2026-02-28,phl,0,3,0.0,7.666666666666667
2026-02-28,pol,0,1,0.0,8.0
2026-02-28,prt,0,19,0.0,10.894736842105264
2026-02-28,pry,0,5,0.0,8.6
2026-02-28,rou,0,1,0.0,11.0
2026-02-28,sau,0,2,0.0,4.0
2026-02-28,sgp,0,1,0.0,12.0
2026-02-28,srb,0,1,0.0,10.0
2026-02-28,sur,0,2,0.0,9.5
2026-02-28,svk,0,1,0.0,10.0
2026-02-28,swe,0,1,0.0,5.0
2026-02-28,tha,0,1,0.0,7.0
2026-02-28,tun,0,2,0.0,5.5
2026-02-28,tur,0,2,0.0,7.5
2026-02-28,twn,0,1,0.0,10.0
2026-02-28,usa,0,127,0.0,7.181102362204724
2026-02-28,ven,0,1,0.0,10.0
2026-02-28,vnm,0,3,0.0,12.0
2026-02-28,zaf,0,1,0.0,9.0
2026-03-01,ago,0,1,0.0,1.0
2026-03-01,are,0,1,0.0,4.0
2026-03-01,arg,0,22,0.0,13.136363636363637
2026-03-01,aus,0,5,0.0,6.0
2026-03-01,aut,0,1,0.0,31.0
2026-03-01,bel,0,2,0.0,8.0
2026-03-01,bgd,0,1,0.0,1.0
2026-03-01,bol,0,2,0.0,5.5
2026-03-01,can,0,5,0.0,10.6
2026-03-01,che,0,2,0.0,30.0
2026-03-01,chl,0,7,0.0,23.857142857142858
2026-03-01,col,0,1,0.0,8.0
2026-03-01,cri,0,2,0.0,9.0
2026-03-01,cze,0,1,0.0,7.0
2026-03-01,deu,0,2,0.0,5.5
2026-03-01,ecu,0,1,0.0,2.0
2026-03-01,egy,0,1,0.0,4.0
2026-03-01,esp,0,8,0.0,7.125
2026-03-01,eth,0,1,0.0,1.0
2026-03-01,fra,0,4,0.0,6.5
2026-03-01,gbr,0,8,0.0,6.625
2026-03-01,gin,0,1,0.0,11.0
2026-03-01,hun,0,1,0.0,7.0
2026-03-01,idn,0,2,0.0,7.0
2026-03-01,ind,0,9,0.0,9.333333333333334
2026-03-01,ita,0,5,0.0,7.6
2026-03-01,jpn,0,2,0.0,4.0
2026-03-01,kor,0,1,0.0,5.0
2026-03-01,kwt,0,2,0.0,4.5
2026-03-01,lca,0,2,0.0,9.0
2026-03-01,mex,0,3,0.0,18.0
2026-03-01,mlt,0,1,0.0,1.0
2026-03-01,moz,0,1,0.0,7.0
2026-03-01,nga,0,1,0.0,29.0
2026-03-01,npl,0,1,0.0,9.0
2026-03-01,omn,0,1,0.0,9.0
2026-03-01,pan,0,1,0.0,7.0
2026-03-01,per,0,1,0.0,8.0
2026-03-01,phl,0,4,0.0,5.25
2026-03-01,pol,0,1,0.0,1.0
2026-03-01,prt,0,25,0.0,9.52
2026-03-01,pry,0,4,0.0,5.5
2026-03-01,rus,0,4,0.0,26.5
2026-03-01,tha,0,1,0.0,5.0
2026-03-01,tun,0,1,0.0,2.0
2026-03-01,ury,0,2,0.0,7.0
2026-03-01,usa,0,103,0.0,7.029126213592233
2026-03-01,uzb,0,1,0.0,8.0
2026-03-01,vnm,0,3,0.0,8.0
2026-03-01,zaf,0,3,0.0,6.333333333333333
2026-03-02,ago,0,2,0.0,4.5
2026-03-02,are,0,4,0.0,6.25
2026-03-02,arg,0,15,0.0,8.6
2026-03-02,arm,0,1,0.0,8.0
2026-03-02,aus,0,4,0.0,33.0
2026-03-02,bgd,0,2,0.0,4.0
2026-03-02,bgr,0,1,0.0,1.0
2026-03-02,bol,0,1,0.0,1.0
2026-03-02,caf,0,1,0.0,3.0
2026-03-02,can,0,14,0.0,7.142857142857143
2026-03-02,che,0,3,0.0,9.333333333333334
2026-03-02,chl,0,3,0.0,8.333333333333332
2026-03-02,chn,0,2,0.0,2.0
2026-03-02,cmr,0,1,0.0,10.0
2026-03-02,col,0,2,0.0,4.5
2026-03-02,cyp,0,1,0.0,8.0
2026-03-02,deu,0,10,0.0,11.5
2026-03-02,dom,0,1,0.0,10.0
2026-03-02,ecu,0,5,0.0,5.6
2026-03-02,egy,0,1,0.0,1.0
2026-03-02,esp,0,5,0.0,4.0
2026-03-02,fra,0,6,0.0,8.666666666666668
2026-03-02,gbr,0,6,0.0,11.0
2026-03-02,geo,0,1,0.0,8.0
2026-03-02,gha,0,1,0.0,1.0
2026-03-02,grc,0,3,0.0,3.6666666666666665
2026-03-02,hkg,0,2,0.0,8.0
2026-03-02,idn,0,3,0.0,3.6666666666666665
2026-03-02,ind,0,19,0.0,10.052631578947368
2026-03-02,irl,0,2,0.0,2.0
2026-03-02,isl,0,1,0.0,4.0
2026-03-02,ita,0,5,0.0,2.4
2026-03-02,jor,0,1,0.0,6.0
2026-03-02,jpn,0,1,0.0,1.0
2026-03-02,khm,0,2,0.0,5.0
2026-03-02,kor,0,4,0.0,4.75
2026-03-02,lka,0,3,0.0,1.3333333333333333
2026-03-02,lva,0,1,0.0,1.0
2026-03-02,mar,0,1,0.0,8.0
2026-03-02,mex,0,6,0.0,7.333333333333333
2026-03-02,mrt,0,1,0.0,2.0
2026-03-02,mys,0,1,0.0,8.0
2026-03-02,nga,0,1,0.0,1.0
2026-03-02,nic,0,1,0.0,7.0
2026-03-02,nld,0,1,0.0,3.0
2026-03-02,nor,0,2,0.0,5.0
2026-03-02,pan,0,3,0.0,7.0
2026-03-02,per,0,3,0.0,2.333333333333333
2026-03-02,phl,0,1,0.0,4.0
2026-03-02,pol,0,2,0.0,8.0
2026-03-02,pry,0,3,0.0,7.333333333333333
2026-03-02,qat,0,2,0.0,3.5
2026-03-02,rou,0,2,0.0,4.5
2026-03-02,rus,0,1,0.0,53.0
2026-03-02,sau,0,2,0.0,7.0
2026-03-02,sgp,0,3,0.0,9.333333333333334
2026-03-02,svn,0,1,0.0,1.0
2026-03-02,swe,0,1,0.0,8.0
2026-03-02,tun,0,2,0.0,9.5
2026-03-02,tur,0,3,0.0,9.666666666666666
2026-03-02,uga,0,1,0.0,5.0
2026-03-02,ukr,0,1,0.0,2.0
2026-03-02,ury,0,2,0.0,7.0
2026-03-02,usa,0,100,0.0,7.08
2026-03-02,vnm,0,1,0.0,18.0
2026-03-02,zaf,0,1,0.0,10.0
2026-03-02,zwe,0,1,0.0,1.0
2026-03-03,ago,0,3,0.0,7.666666666666667
2026-03-03,are,0,6,0.0,6.166666666666667
2026-03-03,arg,0,16,0.0,7.875
2026-03-03,aus,0,2,0.0,2.0
2026-03-03,aut,0,1,0.0,41.0
2026-03-03,bel,0,2,0.0,8.5
2026-03-03,bgd,0,1,0.0,10.0
2026-03-03,bgr,0,2,0.0,8.0
2026-03-03,bol,0,2,0.0,7.0
2026-03-03,caf,0,1,0.0,9.0
2026-03-03,can,0,15,0.0,5.6
2026-03-03,che,0,3,0.0,3.3333333333333335
2026-03-03,chl,0,10,0.0,15.2
2026-03-03,chn,0,1,0.0,6.0
2026-03-03,civ,0,1,0.0,2.0
2026-03-03,col,0,2,0.0,1.0
2026-03-03,cri,0,2,0.0,21.5
2026-03-03,cyp,0,1,0.0,6.0
2026-03-03,deu,0,6,0.0,17.666666666666668
2026-03-03,dza,0,2,0.0,8.0
2026-03-03,esp,0,8,0.0,9.375
2026-03-03,fin,0,1,0.0,7.0
2026-03-03,fra,0,4,0.0,17.25
2026-03-03,gbr,0,10,0.0,13.1
2026-03-03,gha,0,1,0.0,9.0
2026-03-03,hkg,0,2,0.0,9.5
2026-03-03,hun,0,1,0.0,9.0
2026-03-03,idn,0,2,0.0,14.5
2026-03-03,ind,0,8,0.0,13.875
2026-03-03,irl,0,2,0.0,8.5
2026-03-03,irn,0,1,0.0,5.0
2026-03-03,irq,0,1,0.0,11.0
2026-03-03,isr,0,4,0.0,7.5
2026-03-03,jam,0,1,0.0,10.0
2026-03-03,khm,0,1,0.0,4.0
2026-03-03,kor,0,3,0.0,4.0
2026-03-03,kwt,0,1,0.0,5.0
2026-03-03,lso,0,1,0.0,1.0
2026-03-03,mar,0,1,0.0,3.0
2026-03-03,mex,0,1,0.0,1.0
2026-03-03,moz,0,7,0.0,6.285714285714286
2026-03-03,nga,0,1,0.0,1.0
2026-03-03,nic,0,1,0.0,8.0
2026-03-03,nld,0,3,0.0,7.333333333333333
2026-03-03,omn,0,1,0.0,2.0
2026-03-03,pol,0,1,0.0,3.0
2026-03-03,prt,0,31,0.0,9.516129032258064
2026-03-03,rou,0,3,0.0,9.333333333333334
2026-03-03,rwa,0,2,0.0,4.0
2026-03-03,sau,0,3,0.0,5.0
2026-03-03,sen,0,1,0.0,9.0
2026-03-03,sgp,0,1,0.0,6.0
2026-03-03,slv,0,1,0.0,39.0
2026-03-03,tha,0,2,0.0,10.0
2026-03-03,tun,0,1,0.0,9.0
2026-03-03,tur,0,3,0.0,8.0
2026-03-03,twn,0,1,0.0,8.0
2026-03-03,uga,0,1,0.0,9.0
2026-03-03,ury,0,3,0.0,7.333333333333333
2026-03-03,zaf,0,2,0.0,1.0
2026-03-04,ago,0,2,0.0,1.0
2026-03-04,and,0,1,0.0,4.0
2026-03-04,are,0,1,0.0,10.0
2026-03-04,aus,0,3,0.0,14.333333333333334
2026-03-04,aut,0,3,0.0,29.333333333333332
2026-03-04,bel,0,2,0.0,6.0
2026-03-04,bfa,0,2,0.0,8.0
2026-03-04,bgd,0,1,0.0,5.0
2026-03-04,bol,0,2,0.0,7.0
2026-03-04,can,0,61,0.0,2.2622950819672134
2026-03-04,che,0,5,0.0,22.6
2026-03-04,chl,0,8,0.0,11.125
2026-03-04,chn,0,1,0.0,10.0
2026-03-04,col,0,2,0.0,8.5
2026-03-04,cri,0,1,0.0,8.0
2026-03-04,cze,0,1,0.0,6.0
2026-03-04,deu,0,6,0.0,22.5
2026-03-04,ecu,0,1,0.0,1.0
2026-03-04,egy,0,2,0.0,6.0
2026-03-04,esp,0,7,0.0,5.0
2026-03-04,fra,0,5,0.0,10.2
2026-03-04,gbr,0,6,0.0,5.5
2026-03-04,gin,0,1,0.0,5.0
2026-03-04,gtm,0,1,0.0,7.0
2026-03-04,idn,0,3,0.0,10.666666666666666
2026-03-04,ind,0,7,0.0,8.857142857142858
2026-03-04,irl,0,3,0.0,7.333333333333333
2026-03-04,isr,0,1,0.0,7.0
2026-03-04,ita,0,6,0.0,8.666666666666668
2026-03-04,jpn,0,2,0.0,8.5
2026-03-04,kor,0,2,0.0,4.0
2026-03-04,mdg,0,1,0.0,8.0
2026-03-04,mex,0,11,0.0,2.4545454545454546
2026-03-04,mlt,0,1,0.0,10.0
2026-03-04,moz,0,4,0.0,5.75
2026-03-04,mys,0,3,0.0,3.3333333333333335
2026-03-04,ner,0,1,0.0,11.0
2026-03-04,nga,0,1,0.0,3.0
2026-03-04,nld,0,5,0.0,5.6
2026-03-04,nor,0,3,0.0,8.0
2026-03-04,per,0,2,0.0,7.5
2026-03-04,phl,0,1,0.0,6.0
2026-03-04,pol,0,1,0.0,1.0
2026-03-04,pri,0,1,0.0,7.0
2026-03-04,prt,0,16,0.0,12.1875
2026-03-04,pry,0,4,0.0,8.0
2026-03-04,qat,0,1,0.0,8.0
2026-03-04,rou,0,2,0.0,5.0
2026-03-04,rwa,0,1,0.0,1.0
2026-03-04,sgp,0,8,0.0,3.0
2026-03-04,swz,0,1,0.0,4.0
2026-03-04,tgo,0,2,0.0,9.0
2026-03-04,tha,0,1,0.0,26.0
2026-03-04,tun,0,1,0.0,27.0
2026-03-04,tur,0,3,0.0,9.666666666666666
2026-03-04,twn,0,1,0.0,8.0
2026-03-04,ukr,0,2,0.0,7.5
2026-03-04,ury,0,1,0.0,9.0
2026-03-04,usa,0,129,0.0,8.0
2026-03-04,ven,0,1,0.0,1.0
2026-03-04,vir,0,1,0.0,8.0
2026-03-04,vnm,0,1,0.0,6.0
2026-03-04,zzz,0,1,0.0,1.0
2026-03-05,ago,0,2,0.0,6.5
2026-03-05,arg,0,16,0.0,8.8125
2026-03-05,aus,0,1,0.0,1.0
2026-03-05,aut,0,1,0.0,41.0
2026-03-05,bgd,0,1,0.0,39.0
2026-03-05,bol,0,3,0.0,2.333333333333333
2026-03-05,can,0,79,0.0,2.1265822784810124
2026-03-05,che,0,3,0.0,6.333333333333333
2026-03-05,chl,0,5,0.0,13.8
2026-03-05,chn,0,3,0.0,7.666666666666667
2026-03-05,civ,0,1,0.0,7.0
2026-03-05,col,0,6,0.0,7.5
2026-03-05,cri,0,1,0.0,8.0
2026-03-05,deu,0,3,0.0,22.0
2026-03-05,dom,0,1,0.0,1.0
2026-03-05,dza,0,1,0.0,7.0
2026-03-05,ecu,0,2,0.0,4.5
2026-03-05,esp,0,7,0.0,4.285714285714286
2026-03-05,fin,0,1,0.0,1.0
2026-03-05,fra,0,4,0.0,9.0
2026-03-05,gab,0,2,0.0,7.0
2026-03-05,gha,0,1,0.0,6.0
2026-03-05,gtm,0,1,0.0,9.0
2026-03-05,hun,0,1,0.0,14.0
2026-03-05,idn,0,2,0.0,4.0
2026-03-05,irl,0,5,0.0,18.4
2026-03-05,ita,0,8,0.0,6.75
2026-03-05,jpn,0,2,0.0,7.0
2026-03-05,kor,0,7,0.0,6.857142857142857
2026-03-05,ltu,0,2,0.0,7.0
2026-03-05,mex,0,9,0.0,4.666666666666666
2026-03-05,moz,0,3,0.0,7.666666666666667
2026-03-05,mys,0,1,0.0,5.0
2026-03-05,nga,0,4,0.0,5.5
2026-03-05,nld,0,4,0.0,10.5
2026-03-05,nor,0,5,0.0,8.0
2026-03-05,pak,0,2,0.0,4.0
2026-03-05,per,0,1,0.0,7.0
2026-03-05,phl,0,2,0.0,7.5
2026-03-05,pol,0,1,0.0,11.0
2026-03-05,prt,0,13,0.0,11.0
2026-03-05,pry,0,4,0.0,11.25
2026-03-05,sau,0,1,0.0,6.0
2026-03-05,sgp,0,12,0.0,2.583333333333333
2026-03-05,ukr,0,1,0.0,9.0
2026-03-05,ury,0,3,0.0,4.333333333333334
2026-03-05,ven,0,1,0.0,5.0
2026-03-05,vnm,0,1,0.0,12.0
2026-03-05,zaf,0,1,0.0,4.0
2026-03-05,zzz,0,1,0.0,8.0
2026-03-06,ago,0,1,0.0,7.0
2026-03-06,aus,0,4,0.0,4.75
2026-03-06,bol,0,1,0.0,8.0
2026-03-06,can,0,16,0.0,4.0625
2026-03-06,che,0,2,0.0,7.0
2026-03-06,chl,0,5,0.0,13.6
2026-03-06,chn,0,1,0.0,7.0
2026-03-06,cod,0,1,0.0,9.0
2026-03-06,col,0,2,0.0,3.0
2026-03-06,deu,0,4,0.0,8.0
2026-03-06,dom,0,1,0.0,1.0
2026-03-06,dza,0,1,0.0,8.0
2026-03-06,fin,0,1,0.0,12.0
2026-03-06,fra,0,8,0.0,5.375
2026-03-06,gab,0,1,0.0,11.0
2026-03-06,hkg,0,1,0.0,6.0
2026-03-06,hun,0,1,0.0,10.0
2026-03-06,idn,0,2,0.0,4.5
2026-03-06,ind,0,11,0.0,5.2727272727272725
2026-03-06,irl,0,2,0.0,7.0
2026-03-06,irn,0,2,0.0,9.5
2026-03-06,irq,0,1,0.0,1.0
2026-03-06,isr,0,2,0.0,10.5
2026-03-06,ita,0,5,0.0,7.0
2026-03-06,jpn,0,2,0.0,5.5
2026-03-06,ken,0,1,0.0,10.0
2026-03-06,kor,0,13,0.0,6.461538461538462
2026-03-06,lbn,0,1,0.0,5.0
2026-03-06,ltu,0,1,0.0,7.0
2026-03-06,lux,0,2,0.0,6.5
2026-03-06,mda,0,1,0.0,7.0
2026-03-06,mex,0,7,0.0,3.0
2026-03-06,moz,0,8,0.0,4.0
2026-03-06,mys,0,1,0.0,3.0
2026-03-06,nga,0,4,0.0,6.5
2026-03-06,nld,0,2,0.0,7.0
2026-03-06,nor,0,3,0.0,8.333333333333332
2026-03-06,phl,0,4,0.0,4.25
2026-03-06,pol,0,5,0.0,9.2
2026-03-06,prt,0,17,0.0,12.294117647058824
2026-03-06,pry,0,2,0.0,11.0
2026-03-06,rou,0,3,0.0,5.333333333333333
2026-03-06,rus,0,2,0.0,6.0
2026-03-06,sen,0,1,0.0,7.0
2026-03-06,sur,0,1,0.0,10.0
2026-03-06,svk,0,1,0.0,4.0
2026-03-06,tur,0,2,0.0,1.0
2026-03-06,uga,0,1,0.0,7.0
2026-03-06,usa,0,109,0.0,6.834862385321101
2026-03-07,arg,0,12,0.0,8.25
2026-03-07,aus,0,5,0.0,8.0
2026-03-07,bel,0,2,0.0,7.5
2026-03-07,bgd,0,2,0.0,8.0
2026-03-07,bhs,0,1,0.0,1.0
2026-03-07,blr,0,1,0.0,9.0
2026-03-07,bol,0,2,0.0,7.0
2026-03-07,can,0,5,0.0,7.8
2026-03-07,chl,0,7,0.0,13.285714285714286
2026-03-07,chn,0,1,0.0,5.0
2026-03-07,cmr,0,1,0.0,11.0
2026-03-07,col,0,7,0.0,6.714285714285714
2026-03-07,cze,0,1,0.0,7.0
2026-03-07,deu,0,1,0.0,11.0
2026-03-07,dnk,0,1,0.0,6.0
2026-03-07,dom,0,4,0.0,4.75
2026-03-07,dza,0,1,0.0,6.0
2026-03-07,esp,0,8,0.0,7.875
2026-03-07,fin,0,1,0.0,11.0
2026-03-07,fra,0,5,0.0,9.0
2026-03-07,gbr,0,11,0.0,11.636363636363637
2026-03-07,gha,0,2,0.0,3.0
2026-03-07,hkg,0,1,0.0,8.0
2026-03-07,hun,0,1,0.0,6.0
2026-03-07,idn,0,1,0.0,1.0
2026-03-07,ind,0,1,0.0,4.0
2026-03-07,irl,0,1,0.0,7.0
2026-03-07,ita,0,13,0.0,8.615384615384615
2026-03-07,jor,0,1,0.0,9.0
2026-03-07,jpn,0,3,0.0,14.666666666666666
2026-03-07,ken,0,1,0.0,9.0
2026-03-07,kor,0,9,0.0,3.5555555555555554
2026-03-07,mar,0,1,0.0,10.0
2026-03-07,mex,0,1,0.0,6.0
2026-03-07,mmr,0,1,0.0,11.0
2026-03-07,moz,0,4,0.0,6.0
2026-03-07,mys,0,2,0.0,5.0
2026-03-07,nga,0,5,0.0,11.0
2026-03-07,nld,0,6,0.0,7.833333333333333
2026-03-07,nor,0,5,0.0,7.8
2026-03-07,pak,0,1,0.0,7.0
2026-03-07,phl,0,7,0.0,4.142857142857142
2026-03-07,pol,0,2,0.0,11.0
2026-03-07,prt,0,10,0.0,9.9
2026-03-07,pry,0,3,0.0,10.0
2026-03-07,qat,0,1,0.0,10.0
2026-03-07,rwa,0,1,0.0,11.0
2026-03-07,sau,0,1,0.0,12.0
2026-03-07,tha,0,1,0.0,10.0
2026-03-07,tur,0,2,0.0,3.0
2026-03-07,twn,0,1,0.0,6.0
2026-03-07,uga,0,1,0.0,8.0
2026-03-07,ukr,0,1,0.0,3.0
2026-03-07,ury,0,2,0.0,7.0
2026-03-07,usa,0,80,0.0,7.2
2026-03-07,vnm,0,3,0.0,7.333333333333333
2026-03-07,zaf,0,1,0.0,1.0
2026-03-08,ago,0,2,0.0,10.5
2026-03-08,arg,0,14,0.0,7.571428571428571
2026-03-08,aus,0,1,0.0,47.0
2026-03-08,aut,0,1,0.0,14.0
2026-03-08,bgd,0,3,0.0,8.333333333333332
2026-03-08,bol,0,1,0.0,2.0
2026-03-08,can,0,7,0.0,12.285714285714286
2026-03-08,che,0,1,0.0,9.0
2026-03-08,chl,0,11,0.0,6.636363636363637
2026-03-08,chn,0,1,0.0,5.0
2026-03-08,cmr,0,1,0.0,9.0
2026-03-08,col,0,4,0.0,8.25
2026-03-08,cze,0,1,0.0,6.0
2026-03-08,deu,0,4,0.0,23.0
2026-03-08,dnk,0,1,0.0,10.0
2026-03-08,dza,0,1,0.0,3.0
2026-03-08,egy,0,1,0.0,30.0
2026-03-08,esp,0,2,0.0,16.0
2026-03-08,eth,0,4,0.0,6.75
2026-03-08,fin,0,1,0.0,10.0
2026-03-08,fra,0,4,0.0,10.0
2026-03-08,gab,0,2,0.0,7.0
2026-03-08,gbr,0,11,0.0,6.181818181818182
2026-03-08,idn,0,1,0.0,2.0
2026-03-08,ind,0,9,0.0,6.777777777777778
2026-03-08,ita,0,4,0.0,7.75
2026-03-08,jpn,0,1,0.0,5.0
2026-03-08,kor,0,2,0.0,4.5
2026-03-08,lbn,0,1,0.0,7.0
2026-03-08,mex,0,3,0.0,10.666666666666666
2026-03-08,moz,0,2,0.0,4.0
2026-03-08,nga,0,5,0.0,11.2
2026-03-08,nld,0,2,0.0,10.0
2026-03-08,nzl,0,2,0.0,8.5
2026-03-08,phl,0,1,0.0,11.0
2026-03-08,prt,0,13,0.0,10.538461538461538
2026-03-08,pry,0,2,0.0,5.0
2026-03-08,qat,0,1,0.0,9.0
2026-03-08,rus,0,1,0.0,11.0
2026-03-08,sau,0,2,0.0,8.5
2026-03-08,sgp,0,1,0.0,7.0
2026-03-08,srb,0,1,0.0,29.0
2026-03-08,swe,0,1,0.0,5.0
2026-03-08,tur,0,2,0.0,7.0
2026-03-08,ury,0,2,0.0,7.0
2026-03-08,usa,0,99,0.0,8.666666666666668
2026-03-08,vnm,0,1,0.0,6.0
2026-03-08,zaf,0,1,0.0,2.0
2026-03-09,ago,0,1,0.0,9.0
2026-03-09,arg,0,16,0.0,9.625
2026-03-09,aus,0,2,0.0,1.0
2026-03-09,aut,0,1,0.0,7.0
2026-03-09,bel,0,2,0.0,5.5
2026-03-09,bgd,0,3,0.0,6.333333333333333
2026-03-09,bgr,0,1,0.0,1.0
2026-03-09,bih,0,1,0.0,6.0
2026-03-09,bol,0,1,0.0,4.0
2026-03-09,can,0,4,0.0,3.25
2026-03-09,che,0,6,0.0,19.666666666666668
2026-03-09,chl,0,9,0.0,13.777777777777779
2026-03-09,chn,0,2,0.0,9.0
2026-03-09,civ,0,3,0.0,7.333333333333333
2026-03-09,cmr,0,2,0.0,9.0
2026-03-09,col,0,4,0.0,4.5
2026-03-09,cyp,0,1,0.0,5.0
2026-03-09,cze,0,1,0.0,4.0
2026-03-09,deu,0,5,0.0,7.8
2026-03-09,dom,0,1,0.0,10.0
2026-03-09,dza,0,1,0.0,6.0
2026-03-09,egy,0,1,0.0,7.0
2026-03-09,esp,0,9,0.0,6.666666666666667
2026-03-09,eth,0,1,0.0,7.0
2026-03-09,fra,0,15,0.0,8.4
2026-03-09,gbr,0,9,0.0,9.333333333333334
2026-03-09,geo,0,1,0.0,6.0
2026-03-09,idn,0,2,0.0,1.5
2026-03-09,ind,0,12,0.0,6.916666666666667
2026-03-09,irl,0,3,0.0,6.333333333333333
2026-03-09,irn,0,1,0.0,3.0
2026-03-09,irq,0,1,0.0,5.0
2026-03-09,isr,0,1,0.0,12.0
2026-03-09,ita,0,3,0.0,10.333333333333334
2026-03-09,jpn,0,6,0.0,6.666666666666667
2026-03-09,kor,0,10,0.0,3.3
2026-03-09,mar,0,2,0.0,7.5
2026-03-09,mdv,0,1,0.0,10.0
2026-03-09,mex,0,6,0.0,5.0
2026-03-09,mlt,0,1,0.0,6.0
2026-03-09,moz,0,5,0.0,5.0
2026-03-09,mys,0,5,0.0,3.6
2026-03-09,nam,0,1,0.0,9.0
2026-03-09,nga,0,4,0.0,7.75
2026-03-09,nld,0,3,0.0,5.666666666666667
2026-03-09,nor,0,5,0.0,9.2
2026-03-09,nzl,0,3,0.0,4.666666666666666
2026-03-09,pak,0,6,0.0,7.5
2026-03-09,pan,0,1,0.0,2.0
2026-03-09,per,0,3,0.0,1.0
2026-03-09,phl,0,4,0.0,7.0
2026-03-09,pol,0,1,0.0,5.0
2026-03-09,rwa,0,2,0.0,10.0
2026-03-09,sau,0,1,0.0,5.0
2026-03-09,sgp,0,2,0.0,4.0
2026-03-09,swe,0,3,0.0,9.0
2026-03-09,tun,0,1,0.0,4.0
2026-03-09,tur,0,2,0.0,2.0
2026-03-09,twn,0,1,0.0,11.0
2026-03-09,ukr,0,1,0.0,3.0
2026-03-09,ury,0,2,0.0,9.0
2026-03-09,vnm,0,1,0.0,4.0
2026-03-09,zzz,0,1,0.0,10.0
2026-03-10,ago,0,4,0.0,4.5
2026-03-10,arg,0,16,0.0,8.4375
2026-03-10,aus,0,5,0.0,10.2
2026-03-10,ben,0,1,0.0,11.0
2026-03-10,bgd,0,2,0.0,3.0
2026-03-10,bhs,0,1,0.0,5.0
2026-03-10,bol,0,1,0.0,6.0
2026-03-10,can,0,8,0.0,5.75
2026-03-10,che,0,1,0.0,6.0
2026-03-10,chl,0,4,0.0,9.0
2026-03-10,chn,0,1,0.0,1.0
2026-03-10,col,0,2,0.0,9.5
2026-03-10,cpv,0,1,0.0,5.0
2026-03-10,cri,0,1,0.0,7.0
2026-03-10,deu,0,5,0.0,4.4
2026-03-10,dnk,0,4,0.0,3.25
2026-03-10,ecu,0,3,0.0,8.333333333333332
2026-03-10,esp,0,3,0.0,4.333333333333334
2026-03-10,fin,0,1,0.0,17.0
2026-03-10,fra,0,8,0.0,8.0
2026-03-10,gbr,0,5,0.0,6.0
2026-03-10,hkg,0,1,0.0,10.0
2026-03-10,hrv,0,2,0.0,5.5
2026-03-10,hun,0,1,0.0,5.0
2026-03-10,idn,0,5,0.0,2.6
2026-03-10,ind,0,4,0.0,4.5
2026-03-10,irl,0,1,0.0,8.0
2026-03-10,irn,0,1,0.0,30.0
2026-03-10,irq,0,1,0.0,5.0
2026-03-10,ita,0,1,0.0,1.0
2026-03-10,jpn,0,4,0.0,5.5
2026-03-10,ken,0,1,0.0,2.0
2026-03-10,khm,0,1,0.0,6.0
2026-03-10,kor,0,8,0.0,4.375
2026-03-10,mex,0,6,0.0,16.833333333333336
2026-03-10,moz,0,7,0.0,6.571428571428571
2026-03-10,mys,0,8,0.0,9.75
2026-03-10,nga,0,3,0.0,2.666666666666667
2026-03-10,nic,0,1,0.0,10.0
2026-03-10,nld,0,1,0.0,6.0
2026-03-10,nor,0,5,0.0,8.4
2026-03-10,nzl,0,1,0.0,6.0
2026-03-10,pak,0,1,0.0,7.0
2026-03-10,per,0,1,0.0,6.0
2026-03-10,phl,0,1,0.0,5.0
2026-03-10,pol,0,5,0.0,9.2
2026-03-10,prt,0,13,0.0,11.923076923076923
2026-03-10,pry,0,5,0.0,7.2
2026-03-10,rou,0,2,0.0,6.5
2026-03-10,sau,0,1,0.0,6.0
2026-03-10,sgp,0,1,0.0,2.0
2026-03-10,swe,0,3,0.0,9.666666666666666
2026-03-10,tur,0,2,0.0,8.0
2026-03-10,ury,0,3,0.0,6.0
2026-03-10,usa,0,102,0.0,6.254901960784314
2026-03-11,abw,0,1,0.0,8.0
2026-03-11,ago,0,16,0.0,7.625
2026-03-11,are,0,2,0.0,5.0
2026-03-11,aus,0,2,0.0,5.5
2026-03-11,bel,0,1,0.0,8.0
2026-03-11,bgd,0,1,0.0,9.0
2026-03-11,bgr,0,1,0.0,9.0
2026-03-11,bih,0,1,0.0,24.0
2026-03-11,bol,0,1,0.0,8.0
2026-03-11,brb,0,1,0.0,10.0
2026-03-11,caf,0,2,0.0,4.5
2026-03-11,can,0,13,0.0,8.076923076923077
2026-03-11,che,0,2,0.0,8.5
2026-03-11,chl,0,3,0.0,5.0
2026-03-11,col,0,2,0.0,9.5
2026-03-11,cri,0,1,0.0,2.0
2026-03-11,cze,0,1,0.0,4.0
2026-03-11,deu,0,5,0.0,6.6
2026-03-11,dza,0,1,0.0,9.0
2026-03-11,ecu,0,1,0.0,9.0
2026-03-11,egy,0,1,0.0,6.0
2026-03-11,esp,0,11,0.0,9.454545454545455
2026-03-11,fra,0,3,0.0,10.333333333333334
2026-03-11,gbr,0,2,0.0,17.0
2026-03-11,grc,0,3,0.0,3.0
2026-03-11,idn,0,2,0.0,6.0
2026-03-11,ind,0,8,0.0,3.25
2026-03-11,irl,0,2,0.0,1.5
2026-03-11,isr,0,1,0.0,6.0
2026-03-11,ita,0,1,0.0,3.0
2026-03-11,jpn,0,1,0.0,12.0
2026-03-11,kor,0,8,0.0,3.75
2026-03-11,lca,0,1,0.0,4.0
2026-03-11,mar,0,1,0.0,9.0
2026-03-11,mex,0,2,0.0,2.5
2026-03-11,mli,0,1,0.0,6.0
2026-03-11,moz,0,6,0.0,4.0
2026-03-11,mys,0,3,0.0,9.0
2026-03-11,nga,0,4,0.0,4.0
2026-03-11,nld,0,6,0.0,11.0
2026-03-11,nor,0,6,0.0,7.666666666666667
2026-03-11,omn,0,1,0.0,12.0
2026-03-11,pak,0,1,0.0,7.0
2026-03-11,per,0,3,0.0,6.666666666666667
2026-03-11,phl,0,2,0.0,6.0
2026-03-11,prt,0,12,0.0,11.166666666666666
2026-03-11,pry,0,1,0.0,1.0
2026-03-11,rus,0,1,0.0,1.0
2026-03-11,sau,0,1,0.0,9.0
2026-03-11,sgp,0,1,0.0,5.0
2026-03-11,svk,0,1,0.0,9.0
2026-03-11,swe,0,2,0.0,7.0
2026-03-11,tur,0,2,0.0,4.0
2026-03-11,ury,0,3,0.0,6.333333333333333
2026-03-11,vnm,0,3,0.0,1.0
2026-03-11,zaf,0,2,0.0,1.0
2026-03-12,alb,0,1,0.0,8.0
2026-03-12,are,0,2,0.0,7.0
2026-03-12,arg,0,19,0.0,7.052631578947368
2026-03-12,aus,0,1,0.0,1.0
2026-03-12,aut,0,2,0.0,13.0
2026-03-12,bel,0,1,0.0,7.0
2026-03-12,ben,0,1,0.0,9.0
2026-03-12,can,0,4,0.0,7.25
2026-03-12,che,0,1,0.0,6.0
2026-03-12,chl,0,4,0.0,6.75
2026-03-12,chn,0,3,0.0,9.333333333333334
2026-03-12,col,0,1,0.0,10.0
2026-03-12,cri,0,1,0.0,1.0
2026-03-12,cze,0,1,0.0,5.0
2026-03-12,deu,0,7,0.0,19.714285714285715
2026-03-12,ecu,0,1,0.0,13.0
2026-03-12,esp,0,4,0.0,5.75
2026-03-12,fra,0,13,0.0,8.23076923076923
2026-03-12,gbr,0,4,0.0,9.75
2026-03-12,gum,0,1,0.0,5.0
2026-03-12,idn,0,1,0.0,5.0
2026-03-12,ind,0,2,0.0,8.5
2026-03-12,irl,0,1,0.0,10.0
2026-03-12,ita,0,2,0.0,4.0
2026-03-12,jam,0,1,0.0,10.0
2026-03-12,jor,0,1,0.0,7.0
2026-03-12,jpn,0,3,0.0,6.0
2026-03-12,kaz,0,1,0.0,9.0
2026-03-12,kor,0,10,0.0,3.6
2026-03-12,mar,0,1,0.0,8.0
2026-03-12,mco,0,1,0.0,3.0
2026-03-12,mex,0,2,0.0,8.0
2026-03-12,mlt,0,2,0.0,13.0
2026-03-12,moz,0,2,0.0,5.0
2026-03-12,mys,0,1,0.0,1.0
2026-03-12,nga,0,7,0.0,1.0
2026-03-12,nld,0,4,0.0,9.0
2026-03-12,nor,0,7,0.0,7.0
2026-03-12,npl,0,2,0.0,6.5
2026-03-12,per,0,1,0.0,1.0
2026-03-12,pol,0,1,0.0,21.0
2026-03-12,prt,0,14,0.0,9.0
2026-03-12,qat,0,3,0.0,3.3333333333333335
2026-03-12,rou,0,4,0.0,3.75
2026-03-12,rus,0,1,0.0,2.0
2026-03-12,sgp,0,1,0.0,9.0
2026-03-12,slv,0,1,0.0,8.0
2026-03-12,ssd,0,1,0.0,7.0
2026-03-12,svk,0,1,0.0,8.0
2026-03-12,swe,0,2,0.0,8.0
2026-03-12,tur,0,2,0.0,39.0
2026-03-12,twn,0,1,0.0,7.0
2026-03-12,tza,0,1,0.0,12.0
2026-03-12,uga,0,2,0.0,8.5
2026-03-12,ury,0,1,0.0,8.0
2026-03-12,zmb,0,1,0.0,10.0
2026-03-12,zzz,0,1,0.0,4.0
2026-03-13,ago,0,3,0.0,2.0
2026-03-13,are,0,1,0.0,8.0
2026-03-13,arg,0,20,0.0,9.3
2026-03-13,aus,0,3,0.0,7.666666666666667
2026-03-13,aut,0,2,0.0,9.5
2026-03-13,bol,0,1,0.0,5.0
2026-03-13,brb,0,1,0.0,6.0
2026-03-13,can,0,11,0.0,6.0
2026-03-13,che,0,4,0.0,10.5
2026-03-13,cmr,0,3,0.0,3.3333333333333335
2026-03-13,col,0,4,0.0,8.5
2026-03-13,cri,0,1,0.0,10.0
2026-03-13,deu,0,9,0.0,8.777777777777779
2026-03-13,ecu,0,1,0.0,8.0
2026-03-13,egy,0,1,0.0,6.0
2026-03-13,esp,0,10,0.0,3.3
2026-03-13,fra,0,3,0.0,8.333333333333332
2026-03-13,gbr,0,5,0.0,9.4
2026-03-13,ind,0,2,0.0,4.0
2026-03-13,irl,0,2,0.0,11.0
2026-03-13,isr,0,2,0.0,10.5
2026-03-13,ita,0,6,0.0,5.166666666666667
2026-03-13,jpn,0,2,0.0,3.5
2026-03-13,ken,0,1,0.0,1.0
2026-03-13,kor,0,9,0.0,7.444444444444445
2026-03-13,lbr,0,1,0.0,2.0
2026-03-13,lva,0,1,0.0,12.0
2026-03-13,mar,0,1,0.0,10.0
2026-03-13,mex,0,2,0.0,5.5
2026-03-13,moz,0,12,0.0,4.833333333333334
2026-03-13,nga,0,4,0.0,2.0
2026-03-13,nld,0,2,0.0,13.5
2026-03-13,nor,0,3,0.0,9.666666666666666
2026-03-13,nzl,0,1,0.0,10.0
2026-03-13,phl,0,1,0.0,10.0
2026-03-13,pol,0,4,0.0,12.75
2026-03-13,prt,0,25,0.0,9.2
2026-03-13,pry,0,3,0.0,7.666666666666667
2026-03-13,rou,0,1,0.0,8.0
2026-03-13,rus,0,1,0.0,1.0
2026-03-13,sau,0,1,0.0,10.0
2026-03-13,sgp,0,1,0.0,12.0
2026-03-13,tha,0,1,0.0,3.0
2026-03-13,tur,0,3,0.0,8.666666666666668
2026-03-13,ukr,0,3,0.0,7.333333333333333
2026-03-13,ury,0,1,0.0,5.0
2026-03-13,ven,0,2,0.0,5.5
2026-03-13,zaf,0,1,0.0,3.0
2026-03-14,ago,0,3,0.0,4.666666666666666
2026-03-14,are,0,2,0.0,5.5
2026-03-14,arg,0,9,0.0,10.444444444444445
2026-03-14,aus,0,1,0.0,1.0
2026-03-14,bel,0,1,0.0,12.0
2026-03-14,bfa,0,1,0.0,1.0
2026-03-14,caf,0,1,0.0,3.0
2026-03-14,can,0,8,0.0,6.75
2026-03-14,che,0,1,0.0,10.0
2026-03-14,chl,0,3,0.0,4.333333333333334
2026-03-14,chn,0,1,0.0,2.0
2026-03-14,civ,0,1,0.0,6.0
2026-03-14,cmr,0,1,0.0,7.0
2026-03-14,col,0,6,0.0,9.666666666666666
2026-03-14,cri,0,1,0.0,8.0
2026-03-14,cze,0,1,0.0,8.0
2026-03-14,deu,0,6,0.0,21.833333333333332
2026-03-14,dnk,0,1,0.0,10.0
2026-03-14,dom,0,1,0.0,11.0
2026-03-14,ecu,0,3,0.0,8.333333333333332
2026-03-14,egy,0,3,0.0,8.666666666666668
2026-03-14,esp,0,6,0.0,5.666666666666667
2026-03-14,fin,0,2,0.0,9.0
2026-03-14,fra,0,3,0.0,4.0
2026-03-14,gbr,0,6,0.0,5.0
2026-03-14,grc,0,1,0.0,9.0
2026-03-14,gtm,0,1,0.0,1.0
2026-03-14,idn,0,5,0.0,9.6
2026-03-14,ind,0,2,0.0,6.5
2026-03-14,ita,0,2,0.0,5.5
2026-03-14,jpn,0,6,0.0,8.666666666666668
2026-03-14,kor,0,8,0.0,8.875
2026-03-14,mar,0,1,0.0,3.0
2026-03-14,mex,0,2,0.0,6.0
2026-03-14,moz,0,4,0.0,5.5
2026-03-14,nga,0,10,0.0,1.2
2026-03-14,nld,0,1,0.0,9.0
2026-03-14,nor,0,5,0.0,7.8
2026-03-14,nzl,0,1,0.0,5.0
2026-03-14,pan,0,2,0.0,11.0
2026-03-14,phl,0,1,0.0,19.0
2026-03-14,pol,0,2,0.0,15.5
2026-03-14,prt,0,34,0.0,11.264705882352942
2026-03-14,pry,0,2,0.0,8.0
2026-03-14,rou,0,1,0.0,5.0
2026-03-14,sgp,0,2,0.0,11.0
2026-03-14,swe,0,1,0.0,26.0
2026-03-14,tun,0,1,0.0,5.0
2026-03-14,twn,0,1,0.0,12.0
2026-03-14,usa,0,70,0.0,7.557142857142857
2026-03-14,ven,0,1,0.0,2.0
2026-03-14,vnm,0,1,0.0,9.0
2026-03-15,are,0,2,0.0,5.5
2026-03-15,arg,0,13,0.0,9.538461538461538
2026-03-15,aus,0,3,0.0,5.0
2026-03-15,bgd,0,1,0.0,19.0
2026-03-15,bgr,0,1,0.0,7.0
2026-03-15,can,0,10,0.0,7.8
2026-03-15,che,0,5,0.0,18.8
2026-03-15,chn,0,3,0.0,4.333333333333334
2026-03-15,cmr,0,1,0.0,7.0
2026-03-15,col,0,3,0.0,7.0
2026-03-15,dnk,0,1,0.0,7.0
2026-03-15,dom,0,1,0.0,4.0
2026-03-15,dza,0,2,0.0,7.5
2026-03-15,ecu,0,4,0.0,7.25
2026-03-15,egy,0,1,0.0,3.0
2026-03-15,esp,0,7,0.0,7.0
2026-03-15,fra,0,10,0.0,8.9
2026-03-15,gbr,0,9,0.0,14.777777777777779
2026-03-15,gha,0,1,0.0,4.0
2026-03-15,hkg,0,1,0.0,8.0
2026-03-15,hun,0,1,0.0,3.0
2026-03-15,idn,0,5,0.0,5.6
2026-03-15,ind,0,5,0.0,27.4
2026-03-15,isr,0,1,0.0,6.0
2026-03-15,ita,0,4,0.0,15.75
2026-03-15,jpn,0,14,0.0,10.0
2026-03-15,kor,0,3,0.0,9.333333333333334
2026-03-15,kwt,0,1,0.0,6.0
2026-03-15,lbn,0,1,0.0,9.0
2026-03-15,mar,0,4,0.0,6.0
2026-03-15,mex,0,8,0.0,9.75
2026-03-15,mlt,0,1,0.0,8.0
2026-03-15,moz,0,2,0.0,6.0
2026-03-15,nga,0,3,0.0,3.3333333333333335
2026-03-15,nld,0,6,0.0,10.166666666666666
2026-03-15,nor,0,3,0.0,8.666666666666668
2026-03-15,nzl,0,1,0.0,11.0
2026-03-15,phl,0,1,0.0,7.0
2026-03-15,prt,0,23,0.0,10.652173913043478
2026-03-15,pry,0,1,0.0,4.0
2026-03-15,rus,0,1,0.0,11.0
2026-03-15,sdn,0,1,0.0,6.0
2026-03-15,svk,0,1,0.0,12.0
2026-03-15,swe,0,2,0.0,6.5
2026-03-15,syr,0,1,0.0,1.0
2026-03-15,tha,0,1,0.0,2.0
2026-03-15,tun,0,1,0.0,1.0
2026-03-15,uga,0,2,0.0,4.0
2026-03-15,ury,0,6,0.0,6.5
2026-03-15,usa,0,123,0.0,7.146341463414634
2026-03-15,vnm,0,3,0.0,6.0
2026-03-15,zaf,0,1,0.0,2.0
2026-03-16,ago,0,3,0.0,5.666666666666667
2026-03-16,are,0,3,0.0,5.0
2026-03-16,arg,0,9,0.0,8.222222222222221
2026-03-16,aus,0,3,0.0,7.666666666666667
2026-03-16,aze,0,1,0.0,2.0
2026-03-16,bgd,0,1,0.0,4.0
2026-03-16,bgr,0,1,0.0,7.0
2026-03-16,bol,0,1,0.0,3.0
2026-03-16,brn,0,2,0.0,1.0
2026-03-16,caf,0,2,0.0,3.0
2026-03-16,can,0,7,0.0,10.285714285714286
2026-03-16,che,0,2,0.0,9.5
2026-03-16,chl,0,4,0.0,6.75
2026-03-16,chn,0,2,0.0,1.5
2026-03-16,cmr,0,1,0.0,8.0
2026-03-16,col,0,2,0.0,11.0
2026-03-16,cri,0,2,0.0,4.5
2026-03-16,deu,0,9,0.0,5.888888888888889
2026-03-16,dom,0,1,0.0,10.0
2026-03-16,esp,0,5,0.0,14.2
2026-03-16,est,0,1,0.0,7.0
2026-03-16,eth,0,1,0.0,6.0
2026-03-16,fra,0,16,0.0,10.6875
2026-03-16,gbr,0,7,0.0,13.0
2026-03-16,gha,0,1,0.0,3.0
2026-03-16,grc,0,1,0.0,1.0
2026-03-16,hkg,0,1,0.0,9.0
2026-03-16,idn,0,1,0.0,7.0
2026-03-16,ind,0,3,0.0,7.333333333333333
2026-03-16,irl,0,1,0.0,3.0
2026-03-16,ita,0,3,0.0,9.666666666666666
2026-03-16,jpn,0,9,0.0,8.444444444444445
2026-03-16,kwt,0,1,0.0,3.0
2026-03-16,lbn,0,4,0.0,7.0
2026-03-16,mex,0,3,0.0,7.333333333333333
2026-03-16,moz,0,3,0.0,6.0
2026-03-16,nga,0,5,0.0,4.2
2026-03-16,nld,0,1,0.0,8.0
2026-03-16,nor,0,3,0.0,9.0
2026-03-16,per,0,3,0.0,7.666666666666667
2026-03-16,phl,0,2,0.0,1.5
2026-03-16,prt,0,20,0.0,19.75
2026-03-16,pry,0,5,0.0,8.4
2026-03-16,rou,0,1,0.0,9.0
2026-03-16,sen,0,1,0.0,7.0
2026-03-16,sgp,0,1,0.0,10.0
2026-03-16,svk,0,3,0.0,4.0
2026-03-16,swe,0,2,0.0,10.0
2026-03-16,tha,0,1,0.0,8.0
2026-03-16,tun,0,1,0.0,12.0
2026-03-16,tur,0,2,0.0,10.5
2026-03-16,tza,0,1,0.0,9.0
2026-03-16,ury,0,5,0.0,7.0
2026-03-16,vnm,0,1,0.0,12.0
2026-03-17,are,0,2,0.0,11.0
2026-03-17,arg,0,5,0.0,5.4
2026-03-17,aus,0,3,0.0,9.666666666666666
2026-03-17,aut,0,2,0.0,7.0
2026-03-17,aze,0,1,0.0,2.0
2026-03-17,bel,0,1,0.0,2.0
2026-03-17,bgd,0,1,0.0,2.0
2026-03-17,bgr,0,2,0.0,13.0
2026-03-17,bol,0,1,0.0,7.0
2026-03-17,caf,0,1,0.0,3.0
2026-03-17,can,0,23,0.0,7.434782608695652
2026-03-17,chl,0,4,0.0,9.5
2026-03-17,chn,0,1,0.0,16.0
2026-03-17,cub,0,1,0.0,6.0
2026-03-17,deu,0,4,0.0,14.75
2026-03-17,dnk,0,1,0.0,2.0
2026-03-17,dza,0,1,0.0,12.0
2026-03-17,ecu,0,1,0.0,6.0
2026-03-17,fra,0,7,0.0,8.142857142857142
2026-03-17,gbr,0,11,0.0,4.818181818181818
2026-03-17,gha,0,1,0.0,9.0
2026-03-17,gnb,0,1,0.0,4.0
2026-03-17,grc,0,2,0.0,7.0
2026-03-17,hkg,0,1,0.0,8.0
2026-03-17,hrv,0,1,0.0,10.0
2026-03-17,idn,0,2,0.0,5.5
2026-03-17,ind,0,11,0.0,5.090909090909091
2026-03-17,irq,0,1,0.0,1.0
2026-03-17,ita,0,7,0.0,7.571428571428571
2026-03-17,jpn,0,3,0.0,11.0
2026-03-17,ken,0,1,0.0,9.0
2026-03-17,khm,0,1,0.0,5.0
2026-03-17,kor,0,4,0.0,6.0
2026-03-17,lux,0,1,0.0,12.0
2026-03-17,lva,0,1,0.0,3.0
2026-03-17,mar,0,1,0.0,5.0
2026-03-17,mex,0,1,0.0,9.0
2026-03-17,mng,0,1,0.0,3.0
2026-03-17,moz,0,5,0.0,5.8
2026-03-17,mys,0,1,0.0,2.0
2026-03-17,nga,0,5,0.0,1.6
2026-03-17,nld,0,1,0.0,12.0
2026-03-17,nor,0,3,0.0,8.666666666666668
2026-03-17,npl,0,1,0.0,1.0
2026-03-17,per,0,3,0.0,3.3333333333333335
2026-03-17,pol,0,5,0.0,10.8
2026-03-17,prt,0,17,0.0,12.294117647058824
2026-03-17,pry,0,2,0.0,6.0
2026-03-17,sen,0,1,0.0,7.0
2026-03-17,svk,0,1,0.0,1.0
2026-03-17,tha,0,3,0.0,2.333333333333333
2026-03-17,tun,0,2,0.0,7.0
2026-03-17,tur,0,5,0.0,8.6
2026-03-17,twn,0,1,0.0,11.0
2026-03-17,vnm,0,1,0.0,49.0
2026-03-17,xkk,0,1,0.0,4.0
2026-03-17,zaf,0,4,0.0,17.5
2026-03-18,are,0,1,0.0,10.0
2026-03-18,arg,0,10,0.0,8.1
2026-03-18,aus,0,1,0.0,1.0
2026-03-18,aut,0,2,0.0,20.0
2026-03-18,bel,0,4,0.0,7.75
2026-03-18,blr,0,1,0.0,4.0
2026-03-18,bol,0,1,0.0,9.0
2026-03-18,can,0,12,0.0,7.833333333333333
2026-03-18,che,0,3,0.0,5.666666666666667
2026-03-18,chl,0,6,0.0,9.333333333333334
2026-03-18,col,0,1,0.0,3.0
2026-03-18,com,0,1,0.0,10.0
2026-03-18,cub,0,1,0.0,3.0
2026-03-18,deu,0,3,0.0,4.333333333333334
2026-03-18,dnk,0,3,0.0,35.333333333333336
2026-03-18,dza,0,1,0.0,2.0
2026-03-18,fra,0,8,0.0,10.0
2026-03-18,gbr,0,7,0.0,6.428571428571429
2026-03-18,geo,0,1,0.0,6.0
2026-03-18,idn,0,2,0.0,9.5
2026-03-18,ind,0,12,0.0,7.166666666666667
2026-03-18,irl,0,1,0.0,12.0
2026-03-18,irq,0,2,0.0,3.0
2026-03-18,isr,0,1,0.0,6.0
2026-03-18,jam,0,1,0.0,10.0
2026-03-18,jpn,0,5,0.0,15.0
2026-03-18,kaz,0,1,0.0,5.0
2026-03-18,kor,0,1,0.0,7.0
2026-03-18,lka,0,1,0.0,4.0
2026-03-18,mar,0,1,0.0,4.0
2026-03-18,mex,0,2,0.0,10.0
2026-03-18,moz,0,4,0.0,7.75
2026-03-18,nga,0,1,0.0,1.0
2026-03-18,nld,0,2,0.0,2.0
2026-03-18,pak,0,1,0.0,10.0
2026-03-18,per,0,2,0.0,7.5
2026-03-18,phl,0,1,0.0,9.0
2026-03-18,pol,0,3,0.0,14.333333333333334
2026-03-18,pry,0,4,0.0,4.5
2026-03-18,rwa,0,1,0.0,10.0
2026-03-18,sau,0,1,0.0,9.0
2026-03-18,swe,0,2,0.0,3.0
2026-03-18,tha,0,1,0.0,4.0
2026-03-18,tur,0,1,0.0,7.0
2026-03-18,ukr,0,1,0.0,8.0
2026-03-18,vnm,0,1,0.0,10.0
2026-03-19,ago,0,2,0.0,11.0
2026-03-19,arg,0,4,0.0,10.75
2026-03-19,aus,0,2,0.0,3.0
2026-03-19,bel,0,1,0.0,1.0
2026-03-19,bwa,0,1,0.0,4.0
2026-03-19,caf,0,1,0.0,3.0
2026-03-19,can,0,17,0.0,6.0588235294117645
2026-03-19,che,0,3,0.0,6.333333333333333
2026-03-19,chl,0,6,0.0,13.166666666666666
2026-03-19,chn,0,2,0.0,9.5
2026-03-19,cmr,0,1,0.0,2.0
2026-03-19,col,0,2,0.0,8.5
2026-03-19,cze,0,1,0.0,2.0
2026-03-19,deu,0,7,0.0,7.714285714285714
2026-03-19,dnk,0,3,0.0,12.0
2026-03-19,dom,0,2,0.0,7.0
2026-03-19,ecu,0,3,0.0,4.0
2026-03-19,esp,0,3,0.0,6.0
2026-03-19,eth,0,1,0.0,10.0
2026-03-19,fin,0,1,0.0,10.0
2026-03-19,fra,0,13,0.0,5.846153846153846
2026-03-19,gbr,0,9,0.0,6.0
2026-03-19,hkg,0,1,0.0,10.0
2026-03-19,hti,0,1,0.0,7.0
2026-03-19,idn,0,1,0.0,1.0
2026-03-19,imn,0,2,0.0,1.5
2026-03-19,ind,0,6,0.0,7.833333333333333
2026-03-19,irl,0,2,0.0,6.0
2026-03-19,irn,0,1,0.0,7.0
2026-03-19,ita,0,4,0.0,7.5
2026-03-19,jpn,0,7,0.0,8.142857142857142
2026-03-19,ken,0,1,0.0,11.0
2026-03-19,kor,0,4,0.0,7.5
2026-03-19,lbr,0,1,0.0,4.0
2026-03-19,mdv,0,1,0.0,2.0
2026-03-19,mex,0,1,0.0,6.0
2026-03-19,mli,0,1,0.0,4.0
2026-03-19,moz,0,1,0.0,8.0
2026-03-19,mrt,0,1,0.0,10.0
2026-03-19,mwi,0,1,0.0,1.0
2026-03-19,nga,0,2,0.0,1.5
2026-03-19,nld,0,3,0.0,5.333333333333333
2026-03-19,nor,0,3,0.0,8.333333333333332
2026-03-19,pak,0,2,0.0,1.5
2026-03-19,per,0,1,0.0,5.0
2026-03-19,phl,0,2,0.0,21.0
2026-03-19,pol,0,1,0.0,6.0
2026-03-19,pry,0,4,0.0,7.75
2026-03-19,rus,0,1,0.0,11.0
2026-03-19,sgp,0,1,0.0,3.0
2026-03-19,tha,0,1,0.0,60.0
2026-03-19,tto,0,1,0.0,1.0
2026-03-19,tur,0,2,0.0,10.0
2026-03-19,twn,0,1,0.0,10.0
2026-03-19,ury,0,2,0.0,6.5
2026-03-19,usa,0,90,0.0,6.733333333333333
2026-03-19,vnm,0,1,0.0,6.0
2026-03-19,zaf,0,1,0.0,7.0
2026-03-20,ago,0,1,0.0,5.0
2026-03-20,are,0,5,0.0,5.8
2026-03-20,arg,0,12,0.0,11.833333333333334
2026-03-20,aus,0,2,0.0,44.5
2026-03-20,aut,0,1,0.0,3.0
2026-03-20,bgd,0,1,0.0,2.0
2026-03-20,bgr,0,1,0.0,8.0
2026-03-20,bol,0,1,0.0,11.0
2026-03-20,caf,0,2,0.0,3.0
2026-03-20,can,0,5,0.0,4.6
2026-03-20,chl,0,3,0.0,6.666666666666667
2026-03-20,col,0,2,0.0,5.5
2026-03-20,deu,0,3,0.0,3.3333333333333335
2026-03-20,dom,0,2,0.0,8.0
2026-03-20,dza,0,1,0.0,6.0
2026-03-20,ecu,0,1,0.0,10.0
2026-03-20,egy,0,1,0.0,10.0
2026-03-20,esp,0,11,0.0,7.909090909090909
2026-03-20,eth,0,2,0.0,10.0
2026-03-20,fra,0,3,0.0,13.666666666666666
2026-03-20,hkg,0,1,0.0,9.0
2026-03-20,hnd,0,1,0.0,10.0
2026-03-20,idn,0,1,0.0,11.0
2026-03-20,ind,0,6,0.0,8.5
2026-03-20,irl,0,2,0.0,15.0
2026-03-20,ita,0,6,0.0,16.166666666666664
2026-03-20,jpn,0,15,0.0,9.0
2026-03-20,ken,0,1,0.0,12.0
2026-03-20,khm,0,1,0.0,7.0
2026-03-20,kor,0,3,0.0,8.0
2026-03-20,ltu,0,2,0.0,10.0
2026-03-20,lux,0,1,0.0,2.0
2026-03-20,mda,0,1,0.0,5.0
2026-03-20,mex,0,5,0.0,6.8
2026-03-20,moz,0,1,0.0,9.0
2026-03-20,nld,0,7,0.0,5.857142857142857
2026-03-20,nor,0,6,0.0,6.833333333333333
2026-03-20,pol,0,1,0.0,20.0
2026-03-20,prt,0,20,0.0,9.8
2026-03-20,pry,0,5,0.0,13.2
2026-03-20,rwa,0,2,0.0,1.0
2026-03-20,swe,0,3,0.0,23.333333333333332
2026-03-20,tha,0,1,0.0,4.0
2026-03-20,tur,0,1,0.0,10.0
2026-03-20,tza,0,1,0.0,5.0
2026-03-20,uga,0,8,0.0,3.75
2026-03-20,ury,0,5,0.0,9.2
2026-03-20,ven,0,2,0.0,18.0
2026-03-20,zaf,0,2,0.0,4.0
2026-03-21,ago,0,4,0.0,5.5
2026-03-21,are,0,3,0.0,7.0
2026-03-21,arg,0,17,0.0,6.529411764705882
2026-03-21,aut,0,2,0.0,6.0
2026-03-21,bgd,0,1,0.0,11.0
2026-03-21,can,0,10,0.0,5.2
2026-03-21,che,0,3,0.0,22.333333333333332
2026-03-21,chl,0,4,0.0,7.5
2026-03-21,chn,0,1,0.0,12.0
2026-03-21,cze,0,1,0.0,2.0
2026-03-21,deu,0,6,0.0,19.0
2026-03-21,dza,0,2,0.0,11.0
2026-03-21,esp,0,6,0.0,7.833333333333333
2026-03-21,fin,0,1,0.0,9.0
2026-03-21,fra,0,10,0.0,4.7
2026-03-21,gbr,0,14,0.0,18.857142857142858
2026-03-21,gha,0,1,0.0,10.0
2026-03-21,gtm,0,1,0.0,12.0
2026-03-21,hrv,0,1,0.0,12.0
2026-03-21,idn,0,1,0.0,2.0
2026-03-21,ind,0,2,0.0,3.0
2026-03-21,ita,0,8,0.0,7.75
2026-03-21,jpn,0,15,0.0,9.266666666666667
2026-03-21,khm,0,1,0.0,1.0
2026-03-21,kor,0,1,0.0,4.0
2026-03-21,ltu,0,1,0.0,1.0
2026-03-21,mex,0,1,0.0,16.0
2026-03-21,moz,0,2,0.0,3.5
2026-03-21,mys,0,1,0.0,10.0
2026-03-21,nga,0,1,0.0,1.0
2026-03-21,nld,0,13,0.0,4.461538461538462
2026-03-21,nor,0,4,0.0,7.25
2026-03-21,phl,0,2,0.0,10.5
2026-03-21,prt,0,13,0.0,10.76923076923077
2026-03-21,pry,0,6,0.0,4.333333333333334
2026-03-21,rou,0,1,0.0,2.0
2026-03-21,rus,0,1,0.0,11.0
2026-03-21,sau,0,1,0.0,2.0
2026-03-21,slv,0,1,0.0,8.0
2026-03-21,swe,0,1,0.0,27.0
2026-03-21,tgo,0,1,0.0,6.0
2026-03-21,twn,0,3,0.0,11.0
2026-03-21,uga,0,2,0.0,4.0
2026-03-21,ury,0,4,0.0,8.75
2026-03-21,usa,0,140,0.0,6.828571428571428
2026-03-21,vnm,0,1,0.0,41.0
2026-03-22,ago,0,1,0.0,8.0
2026-03-22,arg,0,18,0.0,7.388888888888889
2026-03-22,aus,0,4,0.0,8.75
2026-03-22,bel,0,3,0.0,6.333333333333333
2026-03-22,bhr,0,1,0.0,4.0
2026-03-22,bol,0,2,0.0,4.0
2026-03-22,caf,0,1,0.0,3.0
2026-03-22,can,0,30,0.0,5.666666666666667
2026-03-22,che,0,2,0.0,9.0
2026-03-22,chl,0,3,0.0,17.333333333333332
2026-03-22,chn,0,3,0.0,8.666666666666668
2026-03-22,civ,0,1,0.0,8.0
2026-03-22,cod,0,1,0.0,8.0
2026-03-22,col,0,2,0.0,7.0
2026-03-22,cpv,0,1,0.0,60.0
2026-03-22,cri,0,1,0.0,10.0
2026-03-22,deu,0,12,0.0,10.416666666666666
2026-03-22,dom,0,1,0.0,4.0
2026-03-22,dza,0,3,0.0,8.0
2026-03-22,ecu,0,4,0.0,7.75
2026-03-22,esp,0,8,0.0,5.5
2026-03-22,fra,0,14,0.0,7.357142857142857
2026-03-22,gab,0,1,0.0,9.0
2026-03-22,gbr,0,9,0.0,8.333333333333332
2026-03-22,gnb,0,1,0.0,5.0
2026-03-22,grc,0,1,0.0,6.0
2026-03-22,gtm,0,1,0.0,9.0
2026-03-22,hkg,0,1,0.0,2.0
2026-03-22,hun,0,1,0.0,6.0
2026-03-22,idn,0,2,0.0,3.0
2026-03-22,ind,0,3,0.0,4.333333333333334
2026-03-22,irl,0,1,0.0,9.0
2026-03-22,isr,0,2,0.0,4.5
2026-03-22,ita,0,4,0.0,10.0
2026-03-22,jam,0,1,0.0,9.0
2026-03-22,jor,0,1,0.0,12.0
2026-03-22,jpn,0,7,0.0,8.428571428571429
2026-03-22,kor,0,4,0.0,22.75
2026-03-22,kwt,0,1,0.0,5.0
2026-03-22,lca,0,1,0.0,12.0
2026-03-22,lux,0,1,0.0,7.0
2026-03-22,mar,0,1,0.0,7.0
2026-03-22,mex,0,13,0.0,7.153846153846154
2026-03-22,moz,0,1,0.0,8.0
2026-03-22,mys,0,1,0.0,11.0
2026-03-22,nam,0,1,0.0,8.0
2026-03-22,nga,0,3,0.0,2.0
2026-03-22,nld,0,10,0.0,5.8
2026-03-22,nor,0,3,0.0,8.666666666666668
2026-03-22,npl,0,2,0.0,7.0
2026-03-22,pak,0,1,0.0,11.0
2026-03-22,pan,0,2,0.0,8.5
2026-03-22,per,0,6,0.0,9.0
2026-03-22,prt,0,23,0.0,6.173913043478261
2026-03-22,pry,0,5,0.0,8.8
2026-03-22,rou,0,2,0.0,7.0
2026-03-22,rus,0,2,0.0,6.5
2026-03-22,sau,0,1,0.0,5.0
2026-03-22,sen,0,1,0.0,9.0
2026-03-22,srb,0,2,0.0,5.0
2026-03-22,svk,0,2,0.0,5.0
2026-03-22,svn,0,1,0.0,7.0
2026-03-22,swe,0,6,0.0,7.833333333333333
2026-03-22,tur,0,3,0.0,5.666666666666667
2026-03-22,twn,0,1,0.0,7.0
2026-03-22,uga,0,1,0.0,9.0
2026-03-22,ukr,0,1,0.0,7.0
2026-03-22,ury,0,1,0.0,5.0
2026-03-22,usa,0,427,0.0,5.918032786885246
2026-03-22,ven,0,1,0.0,12.0
2026-03-22,vnm,0,1,0.0,6.0
2026-03-22,zaf,0,2,0.0,6.0
2026-03-23,ago,0,5,0.0,7.4
2026-03-23,arg,0,13,0.0,9.846153846153847
2026-03-23,aus,0,2,0.0,4.0
2026-03-23,aut,0,2,0.0,6.5
2026-03-23,bel,0,1,0.0,3.0
2026-03-23,can,0,5,0.0,7.0
2026-03-23,che,0,2,0.0,6.5
2026-03-23,chl,0,4,0.0,9.5
2026-03-23,chn,0,3,0.0,5.666666666666667
2026-03-23,cod,0,1,0.0,4.0
2026-03-23,col,0,1,0.0,4.0
2026-03-23,cze,0,2,0.0,7.5
2026-03-23,deu,0,3,0.0,11.333333333333334
2026-03-23,ecu,0,1,0.0,8.0
2026-03-23,esp,0,2,0.0,13.0
2026-03-23,fra,0,6,0.0,10.333333333333334
2026-03-23,gbr,0,7,0.0,6.285714285714286
2026-03-23,ind,0,4,0.0,7.25
2026-03-23,irl,0,1,0.0,7.0
2026-03-23,irn,0,1,0.0,4.0
2026-03-23,isr,0,1,0.0,8.0
2026-03-23,ita,0,5,0.0,6.4
2026-03-23,jpn,0,4,0.0,11.25
2026-03-23,kaz,0,1,0.0,10.0
2026-03-23,kor,0,1,0.0,1.0
2026-03-23,kwt,0,1,0.0,8.0
2026-03-23,lbn,0,2,0.0,9.0
2026-03-23,ltu,0,3,0.0,8.0
2026-03-23,lux,0,1,0.0,8.0
2026-03-23,mex,0,1,0.0,8.0
2026-03-23,moz,0,1,0.0,5.0
2026-03-23,mus,0,1,0.0,4.0
2026-03-23,nga,0,2,0.0,11.0
2026-03-23,nld,0,3,0.0,4.666666666666666
2026-03-23,nor,0,2,0.0,9.5
2026-03-23,pak,0,1,0.0,5.0
2026-03-23,pan,0,2,0.0,7.0
2026-03-23,prt,0,24,0.0,11.333333333333334
2026-03-23,pry,0,4,0.0,4.5
2026-03-23,rou,0,1,0.0,3.0
2026-03-23,rus,0,2,0.0,1.0
2026-03-23,sgp,0,1,0.0,3.0
2026-03-23,svk,0,1,0.0,5.0
2026-03-23,swe,0,1,0.0,3.0
2026-03-23,tur,0,1,0.0,9.0
2026-03-23,twn,0,1,0.0,10.0
2026-03-23,ukr,0,1,0.0,8.0
2026-03-23,ury,0,3,0.0,6.333333333333333
2026-03-23,vnm,0,3,0.0,18.666666666666668
2026-03-23,zaf,0,1,0.0,1.0
2026-03-24,ago,0,1,0.0,28.0
2026-03-24,arg,0,12,0.0,7.0
2026-03-24,aus,0,1,0.0,6.0
2026-03-24,aut,0,2,0.0,10.0
2026-03-24,bel,0,3,0.0,5.0
2026-03-24,bol,0,2,0.0,5.0
2026-03-24,caf,0,2,0.0,6.5
2026-03-24,can,0,7,0.0,4.857142857142858
2026-03-24,che,0,1,0.0,4.0
2026-03-24,chl,0,5,0.0,17.4
2026-03-24,col,0,2,0.0,8.0
2026-03-24,deu,0,2,0.0,8.5
2026-03-24,ecu,0,1,0.0,6.0
2026-03-24,egy,0,1,0.0,11.0
2026-03-24,esp,0,10,0.0,6.1
2026-03-24,fra,0,4,0.0,10.5
2026-03-24,gbr,0,5,0.0,6.2
2026-03-24,idn,0,1,0.0,22.0
2026-03-24,ind,0,4,0.0,2.0
2026-03-24,irl,0,2,0.0,6.5
2026-03-24,isl,0,1,0.0,12.0
2026-03-24,ita,0,6,0.0,4.833333333333334
2026-03-24,jey,0,1,0.0,4.0
2026-03-24,jpn,0,9,0.0,9.222222222222221
2026-03-24,kaz,0,1,0.0,10.0
2026-03-24,kor,0,3,0.0,8.0
2026-03-24,ltu,0,1,0.0,50.0
2026-03-24,mar,0,2,0.0,5.0
2026-03-24,mdg,0,3,0.0,10.333333333333334
2026-03-24,mex,0,4,0.0,5.0
2026-03-24,moz,0,1,0.0,8.0
2026-03-24,mrt,0,3,0.0,10.0
2026-03-24,nga,0,2,0.0,4.5
2026-03-24,nld,0,3,0.0,4.0
2026-03-24,nor,0,1,0.0,9.0
2026-03-24,nzl,0,1,0.0,11.0
2026-03-24,pak,0,1,0.0,15.0
2026-03-24,phl,0,3,0.0,4.333333333333334
2026-03-24,pol,0,1,0.0,2.0
2026-03-24,pri,0,1,0.0,4.0
2026-03-24,prt,0,23,0.0,8.73913043478261
2026-03-24,pry,0,1,0.0,13.0
2026-03-24,rou,0,3,0.0,21.0
2026-03-24,rus,0,1,0.0,7.0
2026-03-24,svk,0,1,0.0,10.0
2026-03-24,swe,0,1,0.0,5.0
2026-03-24,tha,0,1,0.0,4.0
2026-03-24,tto,0,1,0.0,8.0
2026-03-24,tur,0,1,0.0,10.0
2026-03-24,twn,0,1,0.0,13.0
2026-03-24,tza,0,1,0.0,1.0
2026-03-24,uga,0,2,0.0,5.5
2026-03-24,ury,0,1,0.0,11.0
2026-03-24,usa,0,142,0.0,9.56338028169014
2026-03-24,vnm,0,1,0.0,7.0
2026-03-25,ago,0,4,0.0,10.0
2026-03-25,are,0,1,0.0,11.0
2026-03-25,arg,0,6,0.0,5.666666666666667
2026-03-25,aus,0,2,0.0,3.0
2026-03-25,aut,0,1,0.0,42.0
2026-03-25,bol,0,1,0.0,4.0
2026-03-25,brb,0,1,0.0,9.0
2026-03-25,caf,0,3,0.0,4.333333333333334
2026-03-25,can,0,4,0.0,3.0
2026-03-25,chl,0,2,0.0,10.0
2026-03-25,chn,0,4,0.0,4.5
2026-03-25,col,0,1,0.0,5.0
2026-03-25,cri,0,2,0.0,10.0
2026-03-25,cyp,0,1,0.0,7.0
2026-03-25,deu,0,5,0.0,5.8
2026-03-25,dnk,0,3,0.0,9.333333333333334
2026-03-25,dza,0,1,0.0,1.0
2026-03-25,ecu,0,3,0.0,7.666666666666667
2026-03-25,esp,0,6,0.0,14.0
2026-03-25,gbr,0,7,0.0,2.857142857142857
2026-03-25,hkg,0,1,0.0,11.0
2026-03-25,idn,0,1,0.0,13.0
2026-03-25,ind,0,6,0.0,6.833333333333333
2026-03-25,irl,0,2,0.0,5.0
2026-03-25,jpn,0,2,0.0,6.0
2026-03-25,ken,0,2,0.0,9.5
2026-03-25,kwt,0,1,0.0,5.0
2026-03-25,lbn,0,1,0.0,4.0
2026-03-25,mar,0,1,0.0,12.0
2026-03-25,mne,0,1,0.0,8.0
2026-03-25,moz,0,6,0.0,7.5
2026-03-25,mys,0,2,0.0,9.5
2026-03-25,nga,0,3,0.0,6.666666666666667
2026-03-25,nld,0,2,0.0,5.5
2026-03-25,nor,0,4,0.0,18.5
2026-03-25,per,0,2,0.0,9.0
2026-03-25,phl,0,4,0.0,3.0
2026-03-25,prt,0,13,0.0,11.0
2026-03-25,pry,0,8,0.0,7.75
2026-03-25,qat,0,1,0.0,1.0
2026-03-25,rou,0,2,0.0,3.5
2026-03-25,rus,0,3,0.0,4.333333333333334
2026-03-25,sau,0,1,0.0,13.0
2026-03-25,sgp,0,3,0.0,7.666666666666667
2026-03-25,tcd,0,2,0.0,8.0
2026-03-25,twn,0,1,0.0,10.0
2026-03-25,uga,0,1,0.0,4.0
2026-03-25,ukr,0,2,0.0,2.0
2026-03-25,ury,0,3,0.0,7.0
2026-03-25,usa,0,164,0.0,7.737804878048781
2026-03-25,uzb,0,1,0.0,1.0
2026-03-25,vnm,0,1,0.0,3.0
2026-03-26,ago,0,6,0.0,7.333333333333333
2026-03-26,are,0,1,0.0,12.0
2026-03-26,atg,0,1,0.0,5.0
2026-03-26,aus,0,2,0.0,7.0
2026-03-26,bel,0,1,0.0,10.0
2026-03-26,can,0,14,0.0,7.428571428571429
2026-03-26,che,0,2,0.0,7.5
2026-03-26,chl,0,6,0.0,9.0
2026-03-26,chn,0,3,0.0,9.333333333333334
2026-03-26,cod,0,1,0.0,4.0
2026-03-26,col,0,5,0.0,6.4
2026-03-26,cri,0,1,0.0,8.0
2026-03-26,cub,0,1,0.0,2.0
2026-03-26,cze,0,1,0.0,7.0
2026-03-26,dnk,0,2,0.0,10.0
2026-03-26,dza,0,1,0.0,1.0
2026-03-26,ecu,0,1,0.0,1.0
2026-03-26,egy,0,1,0.0,9.0
2026-03-26,esp,0,2,0.0,3.0
2026-03-26,fra,0,5,0.0,7.2
2026-03-26,gbr,0,8,0.0,12.0
2026-03-26,hkg,0,1,0.0,7.0
2026-03-26,hrv,0,1,0.0,9.0
2026-03-26,idn,0,2,0.0,11.5
2026-03-26,ind,0,6,0.0,4.166666666666666
2026-03-26,irl,0,3,0.0,8.333333333333332
2026-03-26,ita,0,2,0.0,8.5
2026-03-26,jam,0,1,0.0,4.0
2026-03-26,jpn,0,5,0.0,20.2
2026-03-26,khm,0,1,0.0,3.0
2026-03-26,kor,0,4,0.0,7.25
2026-03-26,lux,0,2,0.0,1.0
2026-03-26,mex,0,5,0.0,5.8
2026-03-26,mlt,0,1,0.0,7.0
2026-03-26,moz,0,3,0.0,7.333333333333333
2026-03-26,mys,0,2,0.0,6.0
2026-03-26,nga,0,1,0.0,1.0
2026-03-26,nic,0,2,0.0,4.5
2026-03-26,nor,0,1,0.0,10.0
2026-03-26,per,0,1,0.0,4.0
2026-03-26,phl,0,1,0.0,7.0
2026-03-26,prt,0,13,0.0,12.153846153846153
2026-03-26,pry,0,7,0.0,6.857142857142857
2026-03-26,pse,0,1,0.0,4.0
2026-03-26,rou,0,7,0.0,8.0
2026-03-26,rus,0,1,0.0,2.0
2026-03-26,swe,0,1,0.0,1.0
2026-03-26,tto,0,1,0.0,11.0
2026-03-26,tur,0,3,0.0,5.666666666666667
2026-03-26,ury,0,11,0.0,7.363636363636363
2026-03-26,vnm,0,1,0.0,8.0
2026-03-26,zaf,0,1,0.0,5.0
2026-03-26,zmb,0,1,0.0,4.0
2026-03-27,ago,0,1,0.0,1.0
2026-03-27,alb,0,1,0.0,2.0
2026-03-27,are,0,1,0.0,2.0
2026-03-27,aus,0,2,0.0,5.0
2026-03-27,aut,0,2,0.0,9.0
2026-03-27,aze,0,3,0.0,4.333333333333334
2026-03-27,bel,0,5,0.0,8.0
2026-03-27,bgd,0,1,0.0,2.0
2026-03-27,caf,0,3,0.0,6.333333333333333
2026-03-27,can,0,9,0.0,5.333333333333333
2026-03-27,che,0,2,0.0,9.5
2026-03-27,chl,0,1,0.0,1.0
2026-03-27,chn,0,1,0.0,2.0
2026-03-27,col,0,2,0.0,10.5
2026-03-27,cze,0,1,0.0,9.0
2026-03-27,dnk,0,1,0.0,5.0
2026-03-27,dom,0,1,0.0,2.0
2026-03-27,dza,0,4,0.0,2.75
2026-03-27,egy,0,2,0.0,9.0
2026-03-27,esp,0,13,0.0,5.153846153846154
2026-03-27,fra,0,10,0.0,5.0
2026-03-27,gbr,0,13,0.0,10.615384615384615
2026-03-27,geo,0,1,0.0,7.0
2026-03-27,gha,0,3,0.0,4.333333333333334
2026-03-27,gnb,0,1,0.0,4.0
2026-03-27,grc,0,1,0.0,5.0
2026-03-27,hkg,0,2,0.0,9.5
2026-03-27,hnd,0,1,0.0,3.0
2026-03-27,hrv,0,1,0.0,6.0
2026-03-27,idn,0,3,0.0,8.666666666666668
2026-03-27,ind,0,13,0.0,6.538461538461538
2026-03-27,irl,0,2,0.0,6.0
2026-03-27,irq,0,1,0.0,7.0
2026-03-27,isr,0,3,0.0,4.333333333333334
2026-03-27,ita,0,17,0.0,7.352941176470588
2026-03-27,jam,0,1,0.0,20.0
2026-03-27,jor,0,1,0.0,2.0
2026-03-27,jpn,0,11,0.0,5.090909090909091
2026-03-27,kor,0,2,0.0,2.5
2026-03-27,lbn,0,1,0.0,3.0
2026-03-27,lux,0,1,0.0,8.0
2026-03-27,mar,0,2,0.0,5.5
2026-03-27,mex,0,12,0.0,6.916666666666667
2026-03-27,mmr,0,1,0.0,5.0
2026-03-27,mng,0,1,0.0,15.0
2026-03-27,moz,0,2,0.0,6.0
2026-03-27,mys,0,1,0.0,8.0
2026-03-27,nga,0,2,0.0,10.5
2026-03-27,nld,0,7,0.0,9.142857142857142
2026-03-27,nor,0,2,0.0,7.0
2026-03-27,pak,0,2,0.0,8.0
2026-03-27,per,0,1,0.0,2.0
2026-03-27,phl,0,1,0.0,3.0
2026-03-27,pol,0,1,0.0,8.0
2026-03-27,pri,0,3,0.0,2.666666666666667
2026-03-27,prt,0,16,0.0,14.9375
2026-03-27,pry,0,7,0.0,4.857142857142858
2026-03-27,rou,0,3,0.0,8.666666666666668
2026-03-27,sgp,0,1,0.0,11.0
2026-03-27,srb,0,2,0.0,6.0
2026-03-27,svn,0,1,0.0,7.0
2026-03-27,swe,0,2,0.0,10.0
2026-03-27,tha,0,2,0.0,5.0
2026-03-27,tur,0,7,0.0,6.571428571428571
2026-03-27,twn,0,1,0.0,3.0
2026-03-27,ukr,0,2,0.0,6.5
2026-03-27,ury,0,5,0.0,5.4
2026-03-27,vnm,0,3,0.0,17.0
2026-03-27,xkk,0,1,0.0,1.0
2026-03-27,zaf,0,2,0.0,7.5
2026-03-28,ago,0,3,0.0,6.666666666666667
2026-03-28,arg,0,12,0.0,10.416666666666666
2026-03-28,aus,0,3,0.0,4.0
2026-03-28,bel,0,4,0.0,7.75
2026-03-28,bgd,0,2,0.0,5.5
2026-03-28,bih,0,2,0.0,3.0
2026-03-28,caf,0,4,0.0,4.75
2026-03-28,can,0,11,0.0,6.2727272727272725
2026-03-28,che,0,2,0.0,17.5
2026-03-28,chl,0,7,0.0,6.857142857142857
2026-03-28,chn,0,1,0.0,12.0
2026-03-28,col,0,4,0.0,6.75
2026-03-28,cze,0,1,0.0,7.0
2026-03-28,deu,0,9,0.0,8.666666666666668
2026-03-28,ecu,0,1,0.0,7.0
2026-03-28,esp,0,9,0.0,7.222222222222222
2026-03-28,fra,0,10,0.0,7.4
2026-03-28,gbr,0,12,0.0,15.0
2026-03-28,geo,0,1,0.0,5.0
2026-03-28,gtm,0,1,0.0,4.0
2026-03-28,hkg,0,1,0.0,3.0
2026-03-28,hrv,0,1,0.0,9.0
2026-03-28,idn,0,3,0.0,6.0
2026-03-28,ind,0,19,0.0,5.526315789473684
2026-03-28,irl,0,1,0.0,6.0
2026-03-28,irq,0,2,0.0,3.0
2026-03-28,isr,0,2,0.0,9.0
2026-03-28,ita,0,4,0.0,6.0
2026-03-28,jam,0,1,0.0,1.0
2026-03-28,jpn,0,6,0.0,9.166666666666666
2026-03-28,kaz,0,3,0.0,2.0
2026-03-28,ken,0,1,0.0,10.0
2026-03-28,kor,0,4,0.0,4.5
2026-03-28,ltu,0,1,0.0,8.0
2026-03-28,mar,0,3,0.0,6.0
2026-03-28,mex,0,6,0.0,6.5
2026-03-28,mkd,0,1,0.0,7.0
2026-03-28,mlt,0,1,0.0,7.0
2026-03-28,moz,0,2,0.0,5.0
2026-03-28,mys,0,4,0.0,4.5
2026-03-28,nga,0,3,0.0,1.0
2026-03-28,nld,0,3,0.0,3.6666666666666665
2026-03-28,pak,0,3,0.0,9.333333333333334
2026-03-28,pan,0,1,0.0,1.0
2026-03-28,phl,0,3,0.0,7.0
2026-03-28,pol,0,5,0.0,19.2
2026-03-28,prt,0,19,0.0,11.421052631578947
2026-03-28,pry,0,2,0.0,10.0
2026-03-28,rou,0,3,0.0,6.333333333333333
2026-03-28,rus,0,1,0.0,2.0
2026-03-28,sau,0,1,0.0,7.0
2026-03-28,sdn,0,1,0.0,4.0
2026-03-28,sgp,0,1,0.0,7.0
2026-03-28,svk,0,1,0.0,4.0
2026-03-28,swe,0,3,0.0,16.0
2026-03-28,tha,0,1,0.0,11.0
2026-03-28,tun,0,2,0.0,10.5
2026-03-28,tur,0,3,0.0,7.0
2026-03-28,ukr,0,2,0.0,19.0
2026-03-28,ury,0,2,0.0,8.5
2026-03-28,usa,0,155,0.0,8.393548387096775
2026-03-28,vnm,0,2,0.0,5.0
2026-03-28,zaf,0,2,0.0,7.0
2026-03-29,are,0,4,0.0,5.25
2026-03-29,arg,0,8,0.0,11.375
2026-03-29,arm,0,1,0.0,6.0
2026-03-29,aus,0,1,0.0,7.0
2026-03-29,aut,0,2,0.0,5.5
2026-03-29,bel,0,1,0.0,7.0
2026-03-29,bgr,0,3,0.0,5.666666666666667
2026-03-29,bhr,0,1,0.0,2.0
2026-03-29,bhs,0,1,0.0,7.0
2026-03-29,blr,0,1,0.0,4.0
2026-03-29,can,0,6,0.0,9.0
2026-03-29,che,0,1,0.0,9.0
2026-03-29,chl,0,3,0.0,8.0
2026-03-29,chn,0,1,0.0,2.0
2026-03-29,col,0,2,0.0,26.0
2026-03-29,deu,0,8,0.0,5.375
2026-03-29,dnk,0,1,0.0,11.0
2026-03-29,dza,0,1,0.0,5.0
2026-03-29,egy,0,3,0.0,3.3333333333333335
2026-03-29,esp,0,4,0.0,14.0
2026-03-29,est,0,1,0.0,6.0
2026-03-29,fra,0,9,0.0,4.555555555555555
2026-03-29,gbr,0,8,0.0,18.5
2026-03-29,grc,0,3,0.0,9.333333333333334
2026-03-29,hkg,0,3,0.0,4.666666666666666
2026-03-29,hti,0,1,0.0,92.0
2026-03-29,idn,0,3,0.0,8.0
2026-03-29,ind,0,12,0.0,3.4166666666666665
2026-03-29,irl,0,2,0.0,9.5
2026-03-29,isr,0,1,0.0,7.0
2026-03-29,ita,0,8,0.0,9.125
2026-03-29,jpn,0,6,0.0,11.333333333333334
2026-03-29,kor,0,8,0.0,6.875
2026-03-29,lbn,0,1,0.0,3.0
2026-03-29,lva,0,1,0.0,10.0
2026-03-29,mar,0,4,0.0,10.0
2026-03-29,mex,0,3,0.0,4.0
2026-03-29,moz,0,3,0.0,6.333333333333333
2026-03-29,nga,0,3,0.0,7.0
2026-03-29,nld,0,4,0.0,5.0
2026-03-29,nzl,0,1,0.0,2.0
2026-03-29,pak,0,3,0.0,5.0
2026-03-29,phl,0,1,0.0,12.0
2026-03-29,prt,0,18,0.0,8.222222222222221
2026-03-29,pry,0,5,0.0,7.8
2026-03-29,rou,0,5,0.0,10.4
2026-03-29,rus,0,1,0.0,2.0
2026-03-29,sau,0,1,0.0,15.0
2026-03-29,sen,0,2,0.0,3.5
2026-03-29,sgp,0,4,0.0,8.25
2026-03-29,swe,0,2,0.0,7.5
2026-03-29,tha,0,1,0.0,2.0
2026-03-29,tur,0,5,0.0,5.4
2026-03-29,twn,0,2,0.0,9.0
2026-03-29,ukr,0,3,0.0,9.333333333333334
2026-03-29,ury,0,7,0.0,7.0
2026-03-29,usa,0,206,0.0,7.922330097087379
2026-03-29,ven,0,1,0.0,6.0
2026-03-29,vnm,0,2,0.0,8.0
2026-03-29,zaf,0,3,0.0,8.333333333333332
2026-03-30,ago,0,2,0.0,5.0
2026-03-30,are,0,5,0.0,6.0
2026-03-30,arg,0,12,0.0,7.083333333333333
2026-03-30,aus,0,1,0.0,2.0
2026-03-30,aut,0,1,0.0,41.0
2026-03-30,bfa,0,1,0.0,11.0
2026-03-30,blr,0,2,0.0,3.5
2026-03-30,can,0,12,0.0,6.5
2026-03-30,che,0,2,0.0,6.5
2026-03-30,chl,0,2,0.0,5.0
2026-03-30,chn,0,2,0.0,2.5
2026-03-30,civ,0,1,0.0,10.0
2026-03-30,cod,0,1,0.0,8.0
2026-03-30,col,0,4,0.0,6.0
2026-03-30,cze,0,1,0.0,8.0
2026-03-30,deu,0,11,0.0,10.0
2026-03-30,dnk,0,1,0.0,10.0
2026-03-30,egy,0,1,0.0,12.0
2026-03-30,esp,0,6,0.0,10.166666666666666
2026-03-30,eth,0,1,0.0,9.0
2026-03-30,fra,0,11,0.0,9.727272727272727
2026-03-30,gbr,0,11,0.0,7.0
2026-03-30,gha,0,1,0.0,1.0
2026-03-30,hun,0,1,0.0,9.0
2026-03-30,idn,0,1,0.0,10.0
2026-03-30,ind,0,6,0.0,5.166666666666667
2026-03-30,irl,0,3,0.0,10.666666666666666
2026-03-30,irn,0,2,0.0,19.5
2026-03-30,isr,0,2,0.0,7.0
2026-03-30,ita,0,4,0.0,4.0
2026-03-30,jpn,0,9,0.0,9.222222222222221
2026-03-30,khm,0,1,0.0,1.0
2026-03-30,kor,0,1,0.0,2.0
2026-03-30,lka,0,1,0.0,7.0
2026-03-30,mex,0,4,0.0,4.75
2026-03-30,mli,0,1,0.0,12.0
2026-03-30,moz,0,1,0.0,2.0
2026-03-30,mys,0,4,0.0,4.5
2026-03-30,nga,0,1,0.0,10.0
2026-03-30,nld,0,4,0.0,9.0
2026-03-30,nor,0,1,0.0,2.0
2026-03-30,per,0,3,0.0,6.0
2026-03-30,phl,0,6,0.0,3.8333333333333335
2026-03-30,pol,0,2,0.0,6.0
2026-03-30,prt,0,17,0.0,11.0
2026-03-30,pry,0,12,0.0,7.916666666666667
2026-03-30,rou,0,3,0.0,7.0
2026-03-30,sau,0,2,0.0,1.5
2026-03-30,svn,0,1,0.0,2.0
2026-03-30,swe,0,1,0.0,7.0
2026-03-30,tha,0,2,0.0,2.0
2026-03-30,tun,0,1,0.0,2.0
2026-03-30,tur,0,10,0.0,5.5
2026-03-30,twn,0,1,0.0,12.0
2026-03-30,ukr,0,1,0.0,25.0
2026-03-30,ury,0,12,0.0,8.083333333333332
2026-03-30,usa,0,206,0.0,7.262135922330097
2026-03-30,ven,0,1,0.0,5.0
2026-03-30,vnm,0,3,0.0,5.333333333333333
2026-03-30,zaf,0,2,0.0,2.0
2026-03-30,zzz,0,3,0.0,9.0
2026-03-31,alb,0,1,0.0,2.0
2026-03-31,are,0,3,0.0,12.333333333333334
2026-03-31,arg,0,7,0.0,5.857142857142857
2026-03-31,aus,0,2,0.0,4.0
2026-03-31,aut,0,3,0.0,11.0
2026-03-31,bel,0,2,0.0,3.0
2026-03-31,bol,0,5,0.0,7.6
2026-03-31,can,0,15,0.0,8.0
2026-03-31,che,0,1,0.0,1.0
2026-03-31,chl,0,2,0.0,1.5
2026-03-31,chn,0,2,0.0,14.0
2026-03-31,cod,0,1,0.0,12.0
2026-03-31,col,0,1,0.0,7.0
2026-03-31,cze,0,1,0.0,11.0
2026-03-31,dza,0,1,0.0,2.0
2026-03-31,ecu,0,2,0.0,11.5
2026-03-31,esh,0,1,0.0,40.0
2026-03-31,esp,0,19,0.0,6.947368421052632
2026-03-31,est,0,1,0.0,11.0
2026-03-31,fin,0,1,0.0,8.0
2026-03-31,fra,0,7,0.0,8.571428571428571
2026-03-31,gab,0,1,0.0,13.0
2026-03-31,gbr,0,11,0.0,10.909090909090908
2026-03-31,geo,0,2,0.0,5.5
2026-03-31,hkg,0,2,0.0,8.5
2026-03-31,idn,0,3,0.0,13.333333333333334
2026-03-31,ind,0,7,0.0,2.857142857142857
2026-03-31,irl,0,2,0.0,11.0
2026-03-31,irn,0,1,0.0,2.0
2026-03-31,isr,0,1,0.0,10.0
2026-03-31,ita,0,6,0.0,4.833333333333334
2026-03-31,jpn,0,3,0.0,10.666666666666666
2026-03-31,ken,0,1,0.0,1.0
2026-03-31,khm,0,1,0.0,12.0
2026-03-31,kor,0,6,0.0,5.666666666666667
2026-03-31,kwt,0,2,0.0,3.0
2026-03-31,mar,0,1,0.0,11.0
2026-03-31,mex,0,3,0.0,9.333333333333334
2026-03-31,moz,0,4,0.0,7.0
2026-03-31,mys,0,2,0.0,9.5
2026-03-31,nld,0,3,0.0,4.666666666666666
2026-03-31,nor,0,1,0.0,2.0
2026-03-31,pak,0,4,0.0,9.0
2026-03-31,pan,0,1,0.0,10.0
2026-03-31,per,0,1,0.0,9.0
2026-03-31,phl,0,1,0.0,4.0
2026-03-31,pol,0,1,0.0,2.0
2026-03-31,prt,0,16,0.0,8.375
2026-03-31,pry,0,4,0.0,8.25
2026-03-31,pse,0,1,0.0,2.0
2026-03-31,qat,0,1,0.0,2.0
2026-03-31,rou,0,1,0.0,11.0
2026-03-31,rus,0,2,0.0,6.0
2026-03-31,sau,0,2,0.0,2.5
2026-03-31,sen,0,1,0.0,10.0
2026-03-31,sgp,0,4,0.0,2.5
2026-03-31,srb,0,5,0.0,9.0
2026-03-31,swe,0,1,0.0,1.0
2026-03-31,tcd,0,1,0.0,3.0
2026-03-31,tha,0,4,0.0,6.0
2026-03-31,tur,0,2,0.0,6.5
2026-03-31,twn,0,1,0.0,2.0
2026-03-31,ukr,0,1,0.0,1.0
2026-03-31,ury,0,3,0.0,6.666666666666667
2026-03-31,usa,0,230,0.0,7.1347826086956525
2026-03-31,ven,0,1,0.0,6.0
2026-03-31,vnm,0,4,0.0,5.75
2026-03-31,zaf,0,2,0.0,5.0
2026-04-01,ago,0,1,0.0,20.0
2026-04-01,are,0,1,0.0,2.0
2026-04-01,arg,0,4,0.0,6.5
2026-04-01,aus,0,1,0.0,1.0
2026-04-01,bih,0,1,0.0,4.0
2026-04-01,blr,0,3,0.0,8.0
2026-04-01,bol,0,1,0.0,10.0
2026-04-01,caf,0,2,0.0,6.5
2026-04-01,can,0,14,0.0,4.357142857142858
2026-04-01,che,0,1,0.0,7.0
2026-04-01,chl,0,4,0.0,8.25
2026-04-01,chn,0,3,0.0,4.333333333333334
2026-04-01,civ,0,1,0.0,6.0
2026-04-01,cmr,0,1,0.0,48.0
2026-04-01,cod,0,1,0.0,8.0
2026-04-01,col,0,2,0.0,8.5
2026-04-01,deu,0,3,0.0,9.0
2026-04-01,dnk,0,2,0.0,7.0
2026-04-01,dza,0,1,0.0,2.0
2026-04-01,ecu,0,1,0.0,9.0
2026-04-01,esp,0,4,0.0,9.0
2026-04-01,fra,0,12,0.0,4.75
2026-04-01,gbr,0,10,0.0,5.7
2026-04-01,gtm,0,2,0.0,9.0
2026-04-01,ind,0,11,0.0,8.727272727272727
2026-04-01,irn,0,1,0.0,7.0
2026-04-01,ita,0,5,0.0,19.6
2026-04-01,jpn,0,3,0.0,14.333333333333334
2026-04-01,khm,0,2,0.0,7.5
2026-04-01,kor,0,3,0.0,5.0
2026-04-01,lka,0,1,0.0,8.0
2026-04-01,lux,0,1,0.0,8.0
2026-04-01,mar,0,1,0.0,53.0
2026-04-01,mex,0,1,0.0,12.0
2026-04-01,moz,0,1,0.0,43.0
2026-04-01,pak,0,7,0.0,10.0
2026-04-01,pan,0,1,0.0,3.0
2026-04-01,per,0,4,0.0,5.25
2026-04-01,phl,0,3,0.0,13.333333333333334
2026-04-01,pol,0,1,0.0,4.0
2026-04-01,prt,0,15,0.0,11.8
2026-04-01,pry,0,8,0.0,8.625
2026-04-01,rus,0,3,0.0,4.666666666666666
2026-04-01,sau,0,1,0.0,4.0
2026-04-01,swe,0,1,0.0,5.0
2026-04-01,tha,0,1,0.0,6.0
2026-04-01,tur,0,2,0.0,2.0
2026-04-01,twn,0,1,0.0,11.0
2026-04-01,tza,0,1,0.0,4.0
2026-04-01,ukr,0,1,0.0,9.0
2026-04-01,ury,0,3,0.0,7.666666666666667
2026-04-01,vnm,0,2,0.0,37.5
2026-04-01,zaf,0,1,0.0,1.0
2026-04-02,are,0,2,0.0,6.0
2026-04-02,arg,0,9,0.0,11.222222222222221
2026-04-02,aus,0,1,0.0,5.0
2026-04-02,bfa,0,1,0.0,10.0
2026-04-02,can,0,12,0.0,8.583333333333332
2026-04-02,che,0,5,0.0,34.4
2026-04-02,chl,0,5,0.0,7.0
2026-04-02,chn,0,2,0.0,4.0
2026-04-02,col,0,2,0.0,8.5
2026-04-02,com,0,3,0.0,10.333333333333334
2026-04-02,cub,0,1,0.0,18.0
2026-04-02,deu,0,8,0.0,8.0
2026-04-02,ecu,0,2,0.0,3.5
2026-04-02,egy,0,3,0.0,1.0
2026-04-02,esp,0,3,0.0,5.666666666666667
2026-04-02,fji,0,1,0.0,8.0
2026-04-02,fra,0,8,0.0,8.5
2026-04-02,gbr,0,4,0.0,12.25
2026-04-02,grc,0,1,0.0,10.0
2026-04-02,hkg,0,1,0.0,7.0
2026-04-02,hnd,0,2,0.0,7.0
2026-04-02,idn,0,1,0.0,7.0
2026-04-02,ind,0,8,0.0,5.125
2026-04-02,irl,0,2,0.0,3.0
2026-04-02,ita,0,2,0.0,7.0
2026-04-02,jpn,0,4,0.0,29.75
2026-04-02,kaz,0,1,0.0,7.0
2026-04-02,kor,0,12,0.0,5.666666666666667
2026-04-02,lao,0,1,0.0,19.0
2026-04-02,mdv,0,1,0.0,6.0
2026-04-02,mex,0,2,0.0,3.0
2026-04-02,mli,0,1,0.0,11.0
2026-04-02,mlt,0,3,0.0,7.666666666666667
2026-04-02,moz,0,1,0.0,5.0
2026-04-02,mys,0,1,0.0,9.0
2026-04-02,nld,0,4,0.0,6.25
2026-04-02,nor,0,1,0.0,10.0
2026-04-02,npl,0,1,0.0,1.0
2026-04-02,nzl,0,1,0.0,7.0
2026-04-02,pak,0,4,0.0,6.25
2026-04-02,pan,0,1,0.0,8.0
2026-04-02,per,0,4,0.0,34.75
2026-04-02,pol,0,2,0.0,10.0
2026-04-02,prt,0,23,0.0,8.826086956521738
2026-04-02,pry,0,6,0.0,8.333333333333332
2026-04-02,rus,0,1,0.0,27.0
2026-04-02,sau,0,1,0.0,1.0
2026-04-02,svk,0,2,0.0,6.0
2026-04-02,tha,0,1,0.0,11.0
2026-04-02,ukr,0,3,0.0,31.666666666666668
2026-04-02,ury,0,7,0.0,8.571428571428571
2026-04-02,usa,0,215,0.0,6.065116279069767
2026-04-02,vnm,0,2,0.0,26.0
2026-04-02,zaf,0,2,0.0,3.5
2026-04-03,ago,0,3,0.0,4.0
2026-04-03,are,0,1,0.0,6.0
2026-04-03,arg,0,9,0.0,20.11111111111111
2026-04-03,aus,0,4,0.0,25.25
2026-04-03,aut,0,1,0.0,10.0
2026-04-03,bel,0,1,0.0,10.0
2026-04-03,bgd,0,1,0.0,40.0
2026-04-03,bol,0,1,0.0,8.0
2026-04-03,can,0,8,0.0,5.375
2026-04-03,che,0,1,0.0,5.0
2026-04-03,chl,0,9,0.0,11.0
2026-04-03,chn,0,1,0.0,4.0
2026-04-03,deu,0,6,0.0,8.166666666666668
2026-04-03,ecu,0,3,0.0,8.666666666666668
2026-04-03,egy,0,1,0.0,11.0
2026-04-03,esp,0,6,0.0,5.666666666666667
2026-04-03,gab,0,2,0.0,11.0
2026-04-03,gbr,0,5,0.0,11.2
2026-04-03,geo,0,1,0.0,9.0
2026-04-03,gha,0,1,0.0,20.0
2026-04-03,gib,0,1,0.0,4.0
2026-04-03,hkg,0,1,0.0,9.0
2026-04-03,idn,0,4,0.0,5.25
2026-04-03,ind,0,4,0.0,4.75
2026-04-03,irq,0,1,0.0,11.0
2026-04-03,ita,0,2,0.0,9.0
2026-04-03,jor,0,1,0.0,5.0
2026-04-03,jpn,0,1,0.0,24.0
2026-04-03,ken,0,1,0.0,5.0
2026-04-03,kor,0,5,0.0,5.6
2026-04-03,ltu,0,1,0.0,9.0
2026-04-03,mar,0,1,0.0,6.0
2026-04-03,mex,0,2,0.0,5.5
2026-04-03,mli,0,1,0.0,8.0
2026-04-03,mys,0,1,0.0,4.0
2026-04-03,nga,0,1,0.0,1.0
2026-04-03,nld,0,3,0.0,21.333333333333332
2026-04-03,nor,0,2,0.0,9.0
2026-04-03,pak,0,2,0.0,11.0
2026-04-03,phl,0,1,0.0,3.0
2026-04-03,prt,0,15,0.0,11.2
2026-04-03,pry,0,2,0.0,10.0
2026-04-03,sgp,0,4,0.0,10.5
2026-04-03,swe,0,1,0.0,1.0
2026-04-03,tcd,0,1,0.0,4.0
2026-04-03,tha,0,1,0.0,10.0
2026-04-03,ury,0,2,0.0,8.0
2026-04-03,usa,0,276,0.0,5.97463768115942
2026-04-03,ven,0,2,0.0,10.0
2026-04-03,vnm,0,3,0.0,8.0
2026-04-04,alb,0,1,0.0,10.0
2026-04-04,arg,0,6,0.0,8.166666666666668
2026-04-04,aus,0,4,0.0,15.75
2026-04-04,bel,0,1,0.0,3.0
2026-04-04,blr,0,1,0.0,6.0
2026-04-04,caf,0,2,0.0,6.0
2026-04-04,can,0,10,0.0,5.8
2026-04-04,che,0,4,0.0,7.0
2026-04-04,chl,0,3,0.0,7.333333333333333
2026-04-04,col,0,1,0.0,10.0
2026-04-04,cri,0,1,0.0,10.0
2026-04-04,deu,0,8,0.0,13.25
2026-04-04,ecu,0,1,0.0,1.0
2026-04-04,esp,0,4,0.0,6.25
2026-04-04,fra,0,3,0.0,21.333333333333332
2026-04-04,gbr,0,4,0.0,8.75
2026-04-04,hrv,0,1,0.0,2.0
2026-04-04,ind,0,2,0.0,6.5
2026-04-04,isr,0,1,0.0,16.0
2026-04-04,ita,0,1,0.0,2.0
2026-04-04,jor,0,2,0.0,6.0
2026-04-04,jpn,0,1,0.0,11.0
2026-04-04,kaz,0,1,0.0,7.0
2026-04-04,kor,0,9,0.0,5.555555555555555
2026-04-04,mar,0,1,0.0,2.0
2026-04-04,mda,0,1,0.0,1.0
2026-04-04,mex,0,4,0.0,4.25
2026-04-04,mkd,0,1,0.0,9.0
2026-04-04,moz,0,1,0.0,2.0
2026-04-04,mwi,0,1,0.0,1.0
2026-04-04,nga,0,1,0.0,1.0
2026-04-04,nor,0,1,0.0,18.0
2026-04-04,phl,0,1,0.0,4.0
2026-04-04,pri,0,1,0.0,3.0
2026-04-04,prt,0,27,0.0,9.074074074074074
2026-04-04,pry,0,5,0.0,7.8
2026-04-04,rou,0,1,0.0,10.0
2026-04-04,sgp,0,1,0.0,8.0
2026-04-04,tcd,0,1,0.0,3.0
2026-04-04,uga,0,1,0.0,5.0
2026-04-04,ury,0,5,0.0,6.6
2026-04-04,usa,0,283,0.0,6.80565371024735
2026-04-04,vnm,0,3,0.0,23.0
2026-04-04,zaf,0,1,0.0,10.0
2026-04-05,ago,0,2,0.0,3.0
2026-04-05,arg,0,5,0.0,5.8
2026-04-05,aus,0,2,0.0,6.0
2026-04-05,bel,0,1,0.0,13.0
2026-04-05,bgd,0,1,0.0,11.0
2026-04-05,bol,0,1,0.0,4.0
2026-04-05,bwa,0,1,0.0,11.0
2026-04-05,caf,0,1,0.0,7.0
2026-04-05,can,0,5,0.0,20.2
2026-04-05,che,0,1,0.0,8.0
2026-04-05,chl,0,6,0.0,6.666666666666667
2026-04-05,chn,0,1,0.0,8.0
2026-04-05,col,0,1,0.0,14.0
2026-04-05,deu,0,5,0.0,9.6
2026-04-05,dnk,0,1,0.0,2.0
2026-04-05,dom,0,1,0.0,1.0
2026-04-05,ecu,0,1,0.0,1.0
2026-04-05,esp,0,4,0.0,6.75
2026-04-05,fra,0,9,0.0,6.666666666666667
2026-04-05,gbr,0,9,0.0,17.11111111111111
2026-04-05,hnd,0,1,0.0,5.0
2026-04-05,hun,0,1,0.0,5.0
2026-04-05,idn,0,2,0.0,9.5
2026-04-05,irl,0,1,0.0,7.0
2026-04-05,irq,0,1,0.0,11.0
2026-04-05,isr,0,1,0.0,26.0
2026-04-05,ita,0,2,0.0,6.5
2026-04-05,jor,0,1,0.0,7.0
2026-04-05,jpn,0,7,0.0,9.571428571428571
2026-04-05,ken,0,1,0.0,10.0
2026-04-05,khm,0,1,0.0,6.0
2026-04-05,kor,0,12,0.0,5.75
2026-04-05,mar,0,1,0.0,9.0
2026-04-05,mex,0,1,0.0,12.0
2026-04-05,mkd,0,1,0.0,9.0
2026-04-05,moz,0,1,0.0,7.0
2026-04-05,nga,0,2,0.0,10.0
2026-04-05,nor,0,1,0.0,5.0
2026-04-05,pan,0,1,0.0,3.0
2026-04-05,pol,0,1,0.0,6.0
2026-04-05,pri,0,1,0.0,7.0
2026-04-05,prt,0,14,0.0,8.5
2026-04-05,pry,0,3,0.0,7.333333333333333
2026-04-05,qat,0,1,0.0,6.0
2026-04-05,rwa,0,1,0.0,2.0
2026-04-05,sau,0,3,0.0,5.0
2026-04-05,sgp,0,2,0.0,17.5
2026-04-05,slv,0,1,0.0,5.0
2026-04-05,ssd,0,1,0.0,2.0
2026-04-05,sur,0,1,0.0,2.0
2026-04-05,svk,0,1,0.0,5.0
2026-04-05,tgo,0,2,0.0,9.5
2026-04-05,tha,0,1,0.0,9.0
2026-04-05,tur,0,2,0.0,10.0
2026-04-05,uga,0,1,0.0,6.0
2026-04-05,ukr,0,1,0.0,16.0
2026-04-05,ury,0,1,0.0,1.0
2026-04-05,usa,0,547,0.0,6.127970749542961
2026-04-06,are,0,2,0.0,6.5
2026-04-06,arg,0,11,0.0,7.181818181818182
2026-04-06,aus,0,3,0.0,4.666666666666666
2026-04-06,aut,0,4,0.0,18.25
2026-04-06,brb,0,2,0.0,3.0
2026-04-06,can,0,10,0.0,9.4
2026-04-06,che,0,2,0.0,10.0
2026-04-06,chl,0,3,0.0,7.333333333333333
2026-04-06,chn,0,2,0.0,2.0
2026-04-06,col,0,2,0.0,4.0
2026-04-06,cze,0,2,0.0,13.5
2026-04-06,dnk,0,2,0.0,10.5
2026-04-06,ecu,0,3,0.0,4.333333333333334
2026-04-06,esp,0,2,0.0,6.0
2026-04-06,grc,0,1,0.0,1.0
2026-04-06,gtm,0,2,0.0,6.5
2026-04-06,idn,0,4,0.0,6.25
2026-04-06,ind,0,2,0.0,7.0
2026-04-06,irn,0,1,0.0,7.0
2026-04-06,ita,0,2,0.0,11.0
2026-04-06,jpn,0,6,0.0,11.0
2026-04-06,kor,0,8,0.0,4.5
2026-04-06,mdg,0,1,0.0,3.0
2026-04-06,mex,0,2,0.0,5.0
2026-04-06,moz,0,2,0.0,5.5
2026-04-06,mys,0,3,0.0,9.0
2026-04-06,nga,0,3,0.0,6.333333333333333
2026-04-06,nld,0,3,0.0,7.0
2026-04-06,nor,0,3,0.0,7.333333333333333
2026-04-06,pak,0,1,0.0,2.0
2026-04-06,per,0,3,0.0,6.333333333333333
2026-04-06,phl,0,4,0.0,13.0
2026-04-06,pol,0,2,0.0,13.0
2026-04-06,prt,0,20,0.0,9.0
2026-04-06,pry,0,4,0.0,9.75
2026-04-06,rou,0,1,0.0,12.0
2026-04-06,rus,0,1,0.0,10.0
2026-04-06,sur,0,1,0.0,5.0
2026-04-06,svn,0,1,0.0,6.0
2026-04-06,swe,0,1,0.0,13.0
2026-04-06,tha,0,1,0.0,9.0
2026-04-06,tur,0,1,0.0,7.0
2026-04-06,twn,0,1,0.0,9.0
2026-04-06,uga,0,2,0.0,7.0
2026-04-06,ury,0,1,0.0,6.0
2026-04-07,ago,0,7,0.0,5.285714285714286
2026-04-07,are,0,1,0.0,11.0
2026-04-07,arg,0,7,0.0,6.428571428571429
2026-04-07,aus,0,4,0.0,4.75
2026-04-07,aut,0,1,0.0,41.0
2026-04-07,bel,0,4,0.0,5.5
2026-04-07,bgd,0,1,0.0,7.0
2026-04-07,caf,0,2,0.0,3.0
2026-04-07,can,0,12,0.0,6.666666666666667
2026-04-07,che,0,2,0.0,11.0
2026-04-07,chl,0,3,0.0,8.666666666666668
2026-04-07,col,0,2,0.0,7.0
2026-04-07,deu,0,6,0.0,4.833333333333334
2026-04-07,egy,0,1,0.0,8.0
2026-04-07,esp,0,6,0.0,9.166666666666666
2026-04-07,est,0,1,0.0,10.0
2026-04-07,eth,0,1,0.0,8.0
2026-04-07,fra,0,8,0.0,4.5
2026-04-07,gbr,0,7,0.0,15.285714285714286
2026-04-07,grc,0,1,0.0,3.0
2026-04-07,gtm,0,1,0.0,4.0
2026-04-07,hun,0,1,0.0,10.0
2026-04-07,idn,0,5,0.0,7.8
2026-04-07,irl,0,1,0.0,12.0
2026-04-07,irn,0,2,0.0,2.0
2026-04-07,isr,0,1,0.0,19.0
2026-04-07,ita,0,4,0.0,6.25
2026-04-07,jpn,0,4,0.0,10.75
2026-04-07,kaz,0,1,0.0,10.0
2026-04-07,khm,0,3,0.0,8.666666666666668
2026-04-07,kor,0,6,0.0,3.3333333333333335
2026-04-07,mar,0,2,0.0,48.0
2026-04-07,mex,0,2,0.0,9.0
2026-04-07,moz,0,3,0.0,5.666666666666667
2026-04-07,mus,0,2,0.0,6.5
2026-04-07,nga,0,1,0.0,10.0
2026-04-07,nld,0,3,0.0,7.0
2026-04-07,nor,0,1,0.0,8.0
2026-04-07,per,0,2,0.0,10.0
2026-04-07,phl,0,7,0.0,7.714285714285714
2026-04-07,pol,0,1,0.0,6.0
2026-04-07,pry,0,3,0.0,8.0
2026-04-07,rou,0,2,0.0,7.5
2026-04-07,rus,0,2,0.0,6.0
2026-04-07,sgp,0,1,0.0,11.0
2026-04-07,sle,0,6,0.0,9.0
2026-04-07,sur,0,1,0.0,5.0
2026-04-07,svk,0,1,0.0,2.0
2026-04-07,tha,0,1,0.0,7.0
2026-04-07,tun,0,1,0.0,11.0
2026-04-07,tur,0,1,0.0,3.0
2026-04-07,twn,0,2,0.0,2.5
2026-04-07,uga,0,1,0.0,1.0
2026-04-07,ury,0,2,0.0,4.5
2026-04-07,usa,0,116,0.0,8.301724137931036
2026-04-07,vnm,0,2,0.0,5.0
2026-04-07,zaf,0,2,0.0,1.0
2026-04-07,zmb,0,1,0.0,9.0
2026-04-08,ago,0,3,0.0,15.0
2026-04-08,arg,0,5,0.0,8.0
2026-04-08,aus,0,2,0.0,8.5
2026-04-08,aut,0,1,0.0,6.0
2026-04-08,bel,0,2,0.0,5.5
2026-04-08,caf,0,1,0.0,3.0
2026-04-08,can,0,3,0.0,20.0
2026-04-08,che,0,2,0.0,3.5
2026-04-08,chl,0,1,0.0,6.0
2026-04-08,chn,0,1,0.0,11.0
2026-04-08,col,0,4,0.0,7.0
2026-04-08,cze,0,1,0.0,1.0
2026-04-08,deu,0,7,0.0,6.0
2026-04-08,ecu,0,3,0.0,11.333333333333334
2026-04-08,egy,0,1,0.0,8.0
2026-04-08,esp,0,9,0.0,7.666666666666667
2026-04-08,fra,0,15,0.0,8.8
2026-04-08,gbr,0,5,0.0,11.0
2026-04-08,gha,0,2,0.0,9.5
2026-04-08,hkg,0,3,0.0,5.333333333333333
2026-04-08,hrv,0,1,0.0,2.0
2026-04-08,idn,0,7,0.0,6.0
2026-04-08,irl,0,1,0.0,6.0
2026-04-08,isr,0,1,0.0,9.0
2026-04-08,ita,0,3,0.0,6.0
2026-04-08,jpn,0,8,0.0,6.5
2026-04-08,kaz,0,1,0.0,12.0
2026-04-08,kor,0,3,0.0,4.666666666666666
2026-04-08,lbn,0,1,0.0,17.0
2026-04-08,lka,0,1,0.0,3.0
2026-04-08,mac,0,1,0.0,3.0
2026-04-08,mar,0,3,0.0,7.0
2026-04-08,mex,0,2,0.0,6.0
2026-04-08,moz,0,4,0.0,6.5
2026-04-08,mys,0,3,0.0,8.333333333333332
2026-04-08,nga,0,6,0.0,7.5
2026-04-08,nld,0,7,0.0,8.571428571428571
2026-04-08,nor,0,3,0.0,7.333333333333333
2026-04-08,pak,0,2,0.0,9.0
2026-04-08,per,0,1,0.0,7.0
2026-04-08,phl,0,2,0.0,7.0
2026-04-08,pol,0,2,0.0,11.0
2026-04-08,prt,0,14,0.0,9.928571428571429
2026-04-08,pry,0,1,0.0,1.0
2026-04-08,sau,0,3,0.0,5.333333333333333
2026-04-08,slv,0,1,0.0,10.0
2026-04-08,tha,0,3,0.0,7.0
2026-04-08,tun,0,1,0.0,7.0
2026-04-08,tur,0,2,0.0,10.5
2026-04-08,twn,0,3,0.0,4.666666666666666
2026-04-08,uga,0,2,0.0,3.5
2026-04-08,ukr,0,1,0.0,45.0
2026-04-08,ury,0,3,0.0,5.666666666666667
2026-04-08,usa,0,227,0.0,7.154185022026431
2026-04-08,vnm,0,1,0.0,4.0
2026-04-09,ago,0,1,0.0,9.0
2026-04-09,alb,0,1,0.0,10.0
2026-04-09,are,0,1,0.0,11.0
2026-04-09,arg,0,9,0.0,14.444444444444445
2026-04-09,aus,0,1,0.0,9.0
2026-04-09,bel,0,1,0.0,10.0
2026-04-09,caf,0,1,0.0,11.0
2026-04-09,can,0,7,0.0,6.428571428571429
2026-04-09,che,0,4,0.0,15.75
2026-04-09,cmr,0,1,0.0,3.0
2026-04-09,col,0,2,0.0,10.0
2026-04-09,deu,0,4,0.0,17.5
2026-04-09,dnk,0,1,0.0,6.0
2026-04-09,dom,0,1,0.0,8.0
2026-04-09,dza,0,1,0.0,5.0
2026-04-09,ecu,0,1,0.0,9.0
2026-04-09,egy,0,1,0.0,9.0
2026-04-09,esp,0,10,0.0,7.0
2026-04-09,fra,0,16,0.0,12.25
2026-04-09,hkg,0,3,0.0,3.6666666666666665
2026-04-09,idn,0,4,0.0,7.75
2026-04-09,ind,0,17,0.0,8.647058823529413
2026-04-09,irl,0,2,0.0,8.0
2026-04-09,isr,0,1,0.0,11.0
2026-04-09,ita,0,13,0.0,4.538461538461538
2026-04-09,jpn,0,8,0.0,11.5
2026-04-09,kor,0,5,0.0,7.4
2026-04-09,lux,0,1,0.0,1.0
2026-04-09,mar,0,1,0.0,1.0
2026-04-09,mex,0,2,0.0,6.5
2026-04-09,mlt,0,2,0.0,5.0
2026-04-09,mng,0,2,0.0,7.0
2026-04-09,moz,0,4,0.0,8.0
2026-04-09,mys,0,3,0.0,4.333333333333334
2026-04-09,nga,0,6,0.0,7.166666666666667
2026-04-09,nld,0,3,0.0,8.666666666666668
2026-04-09,nzl,0,1,0.0,5.0
2026-04-09,omn,0,1,0.0,134.0
2026-04-09,pak,0,4,0.0,7.0
2026-04-09,per,0,3,0.0,8.333333333333332
2026-04-09,phl,0,6,0.0,7.166666666666667
2026-04-09,prt,0,24,0.0,8.875
2026-04-09,pry,0,2,0.0,3.5
2026-04-09,rou,0,4,0.0,8.75
2026-04-09,rus,0,1,0.0,1.0
2026-04-09,slv,0,1,0.0,5.0
2026-04-09,sur,0,1,0.0,7.0
2026-04-09,tgo,0,1,0.0,1.0
2026-04-09,tha,0,1,0.0,9.0
2026-04-09,tur,0,2,0.0,4.0
2026-04-09,twn,0,1,0.0,11.0
2026-04-09,ven,0,2,0.0,10.5
2026-04-09,vnm,0,2,0.0,7.5
2026-04-09,zaf,0,2,0.0,1.5
2026-04-10,ago,0,16,0.0,6.9375
2026-04-10,and,0,1,0.0,6.0
2026-04-10,are,0,1,0.0,12.0
2026-04-10,arg,0,8,0.0,8.5
2026-04-10,aut,0,1,0.0,8.0
2026-04-10,bel,0,2,0.0,11.5
2026-04-10,can,0,13,0.0,5.384615384615385
2026-04-10,che,0,3,0.0,11.0
2026-04-10,chl,0,6,0.0,6.0
2026-04-10,col,0,2,0.0,9.5
2026-04-10,cpv,0,2,0.0,10.0
2026-04-10,cri,0,2,0.0,18.0
2026-04-10,deu,0,4,0.0,14.25
2026-04-10,dom,0,2,0.0,9.0
2026-04-10,ecu,0,1,0.0,30.0
2026-04-10,egy,0,1,0.0,17.0
2026-04-10,fra,0,12,0.0,13.0
2026-04-10,gbr,0,7,0.0,12.428571428571429
2026-04-10,gha,0,1,0.0,12.0
2026-04-10,glp,0,1,0.0,9.0
2026-04-10,gtm,0,1,0.0,7.0
2026-04-10,hkg,0,1,0.0,14.0
2026-04-10,hrv,0,4,0.0,3.25
2026-04-10,hun,0,1,0.0,4.0
2026-04-10,idn,0,6,0.0,9.0
2026-04-10,ind,0,13,0.0,9.153846153846153
2026-04-10,irl,0,2,0.0,10.5
2026-04-10,ita,0,6,0.0,20.833333333333332
2026-04-10,jpn,0,5,0.0,15.0
2026-04-10,ken,0,1,0.0,2.0
2026-04-10,kor,0,6,0.0,7.5
2026-04-10,mex,0,3,0.0,7.333333333333333
2026-04-10,mkd,0,1,0.0,2.0
2026-04-10,moz,0,1,0.0,3.0
2026-04-10,mys,0,1,0.0,7.0
2026-04-10,nga,0,5,0.0,6.4
2026-04-10,nor,0,1,0.0,6.0
2026-04-10,pak,0,1,0.0,7.0
2026-04-10,pan,0,1,0.0,11.0
2026-04-10,per,0,3,0.0,3.3333333333333335
2026-04-10,phl,0,3,0.0,12.666666666666666
2026-04-10,prt,0,22,0.0,11.636363636363637
2026-04-10,pry,0,3,0.0,5.0
2026-04-10,rus,0,3,0.0,17.333333333333332
2026-04-10,sle,0,1,0.0,1.0
2026-04-10,tha,0,3,0.0,8.0
2026-04-10,tur,0,1,0.0,8.0
2026-04-10,uga,0,2,0.0,5.0
2026-04-10,ury,0,1,0.0,11.0
2026-04-10,usa,0,196,0.0,8.316326530612244
2026-04-10,ven,0,2,0.0,10.0
2026-04-10,vnm,0,1,0.0,3.0
2026-04-10,zaf,0,4,0.0,2.75
2026-04-11,arg,0,8,0.0,6.25
2026-04-11,aus,0,1,0.0,1.0
2026-04-11,aut,0,1,0.0,5.0
2026-04-11,bel,0,1,0.0,1.0
2026-04-11,bgd,0,2,0.0,10.0
2026-04-11,caf,0,1,0.0,6.0
2026-04-11,can,0,7,0.0,11.0
2026-04-11,che,0,1,0.0,12.0
2026-04-11,chl,0,3,0.0,7.333333333333333
2026-04-11,chn,0,1,0.0,12.0
2026-04-11,col,0,2,0.0,10.5
2026-04-11,cpv,0,1,0.0,5.0
2026-04-11,deu,0,4,0.0,7.25
2026-04-11,dnk,0,1,0.0,11.0
2026-04-11,dom,0,3,0.0,7.0
2026-04-11,dza,0,1,0.0,26.0
2026-04-11,esp,0,4,0.0,4.5
2026-04-11,est,0,1,0.0,19.0
2026-04-11,fra,0,4,0.0,8.75
2026-04-11,gbr,0,5,0.0,8.8
2026-04-11,glp,0,1,0.0,9.0
2026-04-11,hkg,0,1,0.0,9.0
2026-04-11,idn,0,5,0.0,9.6
2026-04-11,ind,0,4,0.0,6.25
2026-04-11,irl,0,2,0.0,6.0
2026-04-11,isr,0,1,0.0,25.0
2026-04-11,ita,0,6,0.0,7.166666666666667
2026-04-11,jpn,0,5,0.0,7.8
2026-04-11,khm,0,1,0.0,1.0
2026-04-11,kor,0,6,0.0,7.666666666666667
2026-04-11,kwt,0,1,0.0,19.0
2026-04-11,mar,0,1,0.0,9.0
2026-04-11,mex,0,3,0.0,14.0
2026-04-11,mlt,0,2,0.0,7.5
2026-04-11,moz,0,3,0.0,8.333333333333332
2026-04-11,mtq,0,1,0.0,10.0
2026-04-11,nga,0,2,0.0,10.0
2026-04-11,nld,0,2,0.0,8.0
2026-04-11,nor,0,1,0.0,11.0
2026-04-11,nzl,0,1,0.0,5.0
2026-04-11,omn,0,1,0.0,6.0
2026-04-11,pak,0,3,0.0,5.333333333333333
2026-04-11,pan,0,1,0.0,6.0
2026-04-11,phl,0,2,0.0,5.5
2026-04-11,pol,0,2,0.0,7.0
2026-04-11,prt,0,21,0.0,11.047619047619047
2026-04-11,pry,0,6,0.0,6.0
2026-04-11,qat,0,1,0.0,8.0
2026-04-11,rou,0,1,0.0,5.0
2026-04-11,sgp,0,2,0.0,4.0
2026-04-11,slv,0,2,0.0,7.5
2026-04-11,swz,0,1,0.0,4.0
2026-04-11,tur,0,1,0.0,1.0
2026-04-11,ukr,0,1,0.0,16.0
2026-04-11,usa,0,128,0.0,8.2734375
2026-04-11,ven,0,2,0.0,7.0
2026-04-11,vnm,0,1,0.0,11.0
2026-04-11,yem,0,1,0.0,18.0
2026-04-11,zwe,0,1,0.0,1.0
2026-04-12,ago,0,1,0.0,5.0
2026-04-12,alb,0,1,0.0,7.0
2026-04-12,are,0,4,0.0,8.0
2026-04-12,arg,0,3,0.0,5.666666666666667
2026-04-12,aus,0,1,0.0,12.0
2026-04-12,aut,0,5,0.0,51.8
2026-04-12,bgd,0,1,0.0,10.0
2026-04-12,bol,0,1,0.0,43.0
2026-04-12,can,0,5,0.0,4.8
2026-04-12,che,0,1,0.0,9.0
2026-04-12,chl,0,5,0.0,9.2
2026-04-12,cmr,0,1,0.0,9.0
2026-04-12,col,0,4,0.0,8.5
2026-04-12,cri,0,1,0.0,7.0
2026-04-12,deu,0,9,0.0,9.444444444444445
2026-04-12,dom,0,2,0.0,8.5
2026-04-12,dza,0,1,0.0,11.0
2026-04-12,esp,0,8,0.0,8.125
2026-04-12,est,0,1,0.0,9.0
2026-04-12,fra,0,7,0.0,8.571428571428571
2026-04-12,gbr,0,4,0.0,6.5
2026-04-12,hkg,0,6,0.0,6.0
2026-04-12,hrv,0,3,0.0,4.0
2026-04-12,hun,0,1,0.0,7.0
2026-04-12,idn,0,1,0.0,5.0
2026-04-12,ind,0,8,0.0,6.125
2026-04-12,irl,0,2,0.0,5.0
2026-04-12,irq,0,1,0.0,5.0
2026-04-12,isr,0,1,0.0,1.0
2026-04-12,ita,0,4,0.0,9.75
2026-04-12,jpn,0,3,0.0,10.333333333333334
2026-04-12,kor,0,29,0.0,9.275862068965518
2026-04-12,lbn,0,1,0.0,8.0
2026-04-12,mac,0,1,0.0,12.0
2026-04-12,mex,0,3,0.0,9.666666666666666
2026-04-12,mne,0,1,0.0,9.0
2026-04-12,mys,0,1,0.0,30.0
2026-04-12,nga,0,3,0.0,7.0
2026-04-12,nzl,0,6,0.0,6.0
2026-04-12,pak,0,3,0.0,3.6666666666666665
2026-04-12,pan,0,4,0.0,6.5
2026-04-12,per,0,3,0.0,8.666666666666668
2026-04-12,pol,0,1,0.0,8.0
2026-04-12,prt,0,17,0.0,13.235294117647058
2026-04-12,pry,0,3,0.0,7.333333333333333
2026-04-12,rou,0,1,0.0,9.0
2026-04-12,rus,0,3,0.0,4.333333333333334
2026-04-12,tha,0,1,0.0,7.0
2026-04-12,tur,0,2,0.0,17.0
2026-04-12,twn,0,2,0.0,8.0
2026-04-12,ury,0,2,0.0,6.5
2026-04-12,usa,0,150,0.0,7.273333333333333
2026-04-12,vnm,0,3,0.0,16.0
2026-04-12,zaf,0,1,0.0,11.0
2026-04-13,ago,0,3,0.0,6.333333333333333
2026-04-13,are,0,1,0.0,11.0
2026-04-13,arg,0,19,0.0,6.947368421052632
2026-04-13,aus,0,4,0.0,23.75
2026-04-13,blr,0,1,0.0,4.0
2026-04-13,bol,0,1,0.0,3.0
2026-04-13,can,0,10,0.0,7.2
2026-04-13,che,0,2,0.0,6.0
2026-04-13,chl,0,1,0.0,7.0
2026-04-13,chn,0,1,0.0,1.0
2026-04-13,col,0,4,0.0,9.0
2026-04-13,deu,0,5,0.0,8.4
2026-04-13,dom,0,1,0.0,8.0
2026-04-13,esp,0,7,0.0,6.857142857142857
2026-04-13,fin,0,1,0.0,8.0
2026-04-13,fra,0,13,0.0,10.692307692307692
2026-04-13,gbr,0,5,0.0,8.0
2026-04-13,gin,0,1,0.0,8.0
2026-04-13,idn,0,1,0.0,12.0
2026-04-13,ind,0,7,0.0,33.42857142857143
2026-04-13,irl,0,1,0.0,1.0
2026-04-13,isr,0,1,0.0,9.0
2026-04-13,ita,0,4,0.0,16.0
2026-04-13,jpn,0,4,0.0,13.75
2026-04-13,kor,0,20,0.0,8.6
2026-04-13,lbr,0,1,0.0,6.0
2026-04-13,mex,0,4,0.0,14.25
2026-04-13,moz,0,2,0.0,6.0
2026-04-13,mys,0,1,0.0,2.0
2026-04-13,nga,0,1,0.0,11.0
2026-04-13,nld,0,1,0.0,10.0
2026-04-13,npl,0,1,0.0,6.0
2026-04-13,pak,0,4,0.0,3.5
2026-04-13,phl,0,2,0.0,8.0
2026-04-13,prt,0,12,0.0,10.583333333333334
2026-04-13,pry,0,12,0.0,7.916666666666667
2026-04-13,rou,0,1,0.0,10.0
2026-04-13,sau,0,1,0.0,3.0
2026-04-13,sgp,0,2,0.0,1.5
2026-04-13,tur,0,2,0.0,5.0
2026-04-13,twn,0,1,0.0,9.0
2026-04-13,usa,0,180,0.0,7.95
2026-04-13,ven,0,1,0.0,13.0
2026-04-13,zaf,0,1,0.0,1.0
2026-04-14,are,0,2,0.0,14.5
2026-04-14,arg,0,4,0.0,11.25
2026-04-14,aus,0,1,0.0,9.0
2026-04-14,aut,0,2,0.0,9.5
2026-04-14,bol,0,2,0.0,5.5
2026-04-14,can,0,17,0.0,4.588235294117647
2026-04-14,che,0,1,0.0,12.0
2026-04-14,chl,0,3,0.0,7.666666666666667
2026-04-14,chn,0,1,0.0,2.0
2026-04-14,col,0,4,0.0,9.75
2026-04-14,deu,0,7,0.0,6.285714285714286
2026-04-14,dom,0,7,0.0,5.571428571428571
2026-04-14,ecu,0,2,0.0,10.0
2026-04-14,egy,0,1,0.0,10.0
2026-04-14,esp,0,9,0.0,11.333333333333334
2026-04-14,fin,0,1,0.0,4.0
2026-04-14,fra,0,5,0.0,15.0
2026-04-14,hkg,0,1,0.0,1.0
2026-04-14,hnd,0,2,0.0,10.0
2026-04-14,hun,0,1,0.0,10.0
2026-04-14,ind,0,9,0.0,6.555555555555555
2026-04-14,irl,0,1,0.0,11.0
2026-04-14,isr,0,1,0.0,10.0
2026-04-14,jpn,0,5,0.0,9.8
2026-04-14,kor,0,6,0.0,7.333333333333333
2026-04-14,lao,0,2,0.0,10.0
2026-04-14,mar,0,1,0.0,8.0
2026-04-14,mex,0,3,0.0,3.0
2026-04-14,moz,0,4,0.0,8.5
2026-04-14,nga,0,4,0.0,6.25
2026-04-14,per,0,2,0.0,7.5
2026-04-14,pol,0,3,0.0,6.0
2026-04-14,prt,0,11,0.0,9.454545454545455
2026-04-14,pry,0,2,0.0,9.5
2026-04-14,rou,0,3,0.0,12.0
2026-04-14,rus,0,1,0.0,6.0
2026-04-14,sau,0,1,0.0,5.0
2026-04-14,slv,0,1,0.0,7.0
2026-04-14,swe,0,1,0.0,10.0
2026-04-14,tha,0,1,0.0,4.0
2026-04-14,twn,0,2,0.0,12.5
2026-04-14,ukr,0,1,0.0,11.0
2026-04-14,ury,0,3,0.0,7.333333333333333
2026-04-14,usa,0,167,0.0,7.622754491017964
2026-04-14,vnm,0,2,0.0,4.0
2026-04-15,ago,0,2,0.0,17.0
2026-04-15,are,0,3,0.0,8.666666666666668
2026-04-15,arg,0,8,0.0,8.25
2026-04-15,aut,0,1,0.0,12.0
2026-04-15,bel,0,2,0.0,10.5
2026-04-15,bgd,0,1,0.0,3.0
2026-04-15,bhs,0,1,0.0,3.0
2026-04-15,bol,0,1,0.0,12.0
2026-04-15,che,0,6,0.0,32.66666666666667
2026-04-15,chl,0,6,0.0,9.0
2026-04-15,col,0,2,0.0,9.5
2026-04-15,cze,0,1,0.0,11.0
2026-04-15,deu,0,10,0.0,24.0
2026-04-15,ecu,0,2,0.0,8.0
2026-04-15,esp,0,5,0.0,11.2
2026-04-15,eth,0,1,0.0,9.0
2026-04-15,fra,0,6,0.0,9.833333333333334
2026-04-15,gbr,0,10,0.0,8.2
2026-04-15,gtm,0,2,0.0,9.5
2026-04-15,hnd,0,1,0.0,26.0
2026-04-15,idn,0,2,0.0,2.5
2026-04-15,ind,0,5,0.0,9.4
2026-04-15,irl,0,2,0.0,6.5
2026-04-15,ita,0,3,0.0,10.666666666666666
2026-04-15,jam,0,1,0.0,10.0
2026-04-15,jpn,0,4,0.0,23.5
2026-04-15,ken,0,1,0.0,6.0
2026-04-15,kor,0,2,0.0,11.0
2026-04-15,mex,0,2,0.0,4.5
2026-04-15,moz,0,1,0.0,2.0
2026-04-15,mys,0,2,0.0,7.5
2026-04-15,nga,0,3,0.0,2.333333333333333
2026-04-15,nld,0,2,0.0,8.5
2026-04-15,nor,0,1,0.0,15.0
2026-04-15,pak,0,6,0.0,5.166666666666667
2026-04-15,per,0,1,0.0,26.0
2026-04-15,phl,0,2,0.0,6.5
2026-04-15,pri,0,1,0.0,9.0
2026-04-15,prt,0,13,0.0,11.615384615384615
2026-04-15,pry,0,3,0.0,9.0
2026-04-15,rou,0,1,0.0,5.0
2026-04-15,sau,0,1,0.0,7.0
2026-04-15,sgp,0,3,0.0,6.666666666666667
2026-04-15,tha,0,36,0.0,4.916666666666666
2026-04-15,twn,0,1,0.0,6.0
2026-04-15,uga,0,1,0.0,5.0
2026-04-15,ury,0,3,0.0,4.666666666666666
2026-04-15,usa,0,226,0.0,6.716814159292035
2026-04-15,ven,0,4,0.0,16.25
2026-04-15,vnm,0,1,0.0,13.0
2026-04-16,ago,0,2,0.0,7.5
2026-04-16,are,0,2,0.0,2.0
2026-04-16,arg,0,3,0.0,10.0
2026-04-16,aus,0,5,0.0,12.6
2026-04-16,aut,0,1,0.0,4.0
2026-04-16,bel,0,1,0.0,9.0
2026-04-16,bhr,0,1,0.0,8.0
2026-04-16,bhs,0,1,0.0,20.0
2026-04-16,bol,0,1,0.0,11.0
2026-04-16,can,0,8,0.0,6.25
2026-04-16,che,0,2,0.0,16.0
2026-04-16,chl,0,3,0.0,5.0
2026-04-16,chn,0,3,0.0,8.666666666666668
2026-04-16,civ,0,2,0.0,5.5
2026-04-16,col,0,2,0.0,8.5
2026-04-16,cub,0,2,0.0,10.0
2026-04-16,cze,0,3,0.0,3.6666666666666665
2026-04-16,deu,0,7,0.0,34.0
2026-04-16,ecu,0,2,0.0,3.5
2026-04-16,egy,0,1,0.0,9.0
2026-04-16,esp,0,7,0.0,7.285714285714286
2026-04-16,eth,0,1,0.0,7.0
2026-04-16,fra,0,4,0.0,17.0
2026-04-16,gbr,0,5,0.0,7.2
2026-04-16,hkg,0,1,0.0,3.0
2026-04-16,hnd,0,2,0.0,10.0
2026-04-16,idn,0,4,0.0,13.5
2026-04-16,ind,0,9,0.0,9.0
2026-04-16,irl,0,1,0.0,9.0
2026-04-16,irn,0,1,0.0,6.0
2026-04-16,irq,0,1,0.0,7.0
2026-04-16,isr,0,1,0.0,5.0
2026-04-16,jpn,0,6,0.0,11.333333333333334
2026-04-16,ken,0,1,0.0,40.0
2026-04-16,kor,0,13,0.0,9.615384615384615
2026-04-16,mar,0,6,0.0,8.166666666666668
2026-04-16,mex,0,2,0.0,8.5
2026-04-16,mlt,0,2,0.0,7.0
2026-04-16,nga,0,6,0.0,5.166666666666667
2026-04-16,nld,0,1,0.0,5.0
2026-04-16,nor,0,1,0.0,2.0
2026-04-16,pak,0,2,0.0,10.5
2026-04-16,pan,0,1,0.0,1.0
2026-04-16,per,0,2,0.0,12.0
2026-04-16,phl,0,3,0.0,9.666666666666666
2026-04-16,pol,0,1,0.0,2.0
2026-04-16,prt,0,16,0.0,11.9375
2026-04-16,pry,0,5,0.0,7.8
2026-04-16,srb,0,1,0.0,11.0
2026-04-16,swe,0,2,0.0,5.0
2026-04-16,tha,0,47,0.0,4.48936170212766
2026-04-16,tur,0,1,0.0,8.0
2026-04-16,twn,0,3,0.0,8.333333333333332
2026-04-16,uga,0,1,0.0,10.0
2026-04-16,ury,0,2,0.0,6.0
2026-04-16,ven,0,1,0.0,9.0
2026-04-16,vnm,0,2,0.0,8.5
2026-04-17,ago,0,2,0.0,5.5
2026-04-17,are,0,2,0.0,6.0
2026-04-17,arg,0,5,0.0,6.6
2026-04-17,aus,0,1,0.0,7.0
2026-04-17,bgd,0,1,0.0,10.0
2026-04-17,bmu,0,1,0.0,7.0
2026-04-17,can,0,10,0.0,6.4
2026-04-17,che,0,3,0.0,20.666666666666668
2026-04-17,chl,0,3,0.0,8.333333333333332
2026-04-17,chn,0,2,0.0,3.0
2026-04-17,col,0,5,0.0,11.0
2026-04-17,cri,0,1,0.0,3.0
2026-04-17,cze,0,1,0.0,12.0
2026-04-17,dnk,0,1,0.0,18.0
2026-04-17,dom,0,1,0.0,6.0
2026-04-17,dza,0,1,0.0,1.0
2026-04-17,egy,0,1,0.0,11.0
2026-04-17,esp,0,8,0.0,12.75
2026-04-17,eth,0,1,0.0,19.0
2026-04-17,fin,0,1,0.0,4.0
2026-04-17,fra,0,6,0.0,13.666666666666666
2026-04-17,gbr,0,6,0.0,8.166666666666668
2026-04-17,geo,0,1,0.0,12.0
2026-04-17,idn,0,1,0.0,45.0
2026-04-17,ind,0,17,0.0,9.235294117647058
2026-04-17,irn,0,1,0.0,11.0
2026-04-17,ita,0,3,0.0,9.0
2026-04-17,jam,0,1,0.0,3.0
2026-04-17,jpn,0,6,0.0,10.0
2026-04-17,khm,0,1,0.0,34.0
2026-04-17,kor,0,22,0.0,10.090909090909092
2026-04-17,mex,0,3,0.0,2.0
2026-04-17,moz,0,2,0.0,1.5
2026-04-17,mys,0,1,0.0,1.0
2026-04-17,nga,0,3,0.0,3.6666666666666665
2026-04-17,nld,0,6,0.0,9.333333333333334
2026-04-17,nor,0,1,0.0,1.0
2026-04-17,pan,0,2,0.0,6.0
2026-04-17,per,0,1,0.0,7.0
2026-04-17,phl,0,2,0.0,18.0
2026-04-17,pol,0,2,0.0,6.5
2026-04-17,prt,0,19,0.0,12.105263157894736
2026-04-17,pry,0,2,0.0,37.5
2026-04-17,rou,0,1,0.0,4.0
2026-04-17,srb,0,1,0.0,8.0
2026-04-17,svn,0,1,0.0,9.0
2026-04-17,swe,0,2,0.0,13.5
2026-04-17,tha,0,4,0.0,3.25
2026-04-17,tun,0,1,0.0,1.0
2026-04-17,tur,0,2,0.0,25.5
2026-04-17,twn,0,1,0.0,4.0
2026-04-17,ury,0,4,0.0,18.0
2026-04-17,ven,0,2,0.0,20.5
2026-04-17,vnm,0,4,0.0,20.5
2026-04-17,zaf,0,4,0.0,7.75
2026-04-18,are,0,1,0.0,6.0
2026-04-18,aus,0,3,0.0,8.0
2026-04-18,aut,0,3,0.0,15.333333333333334
2026-04-18,bgd,0,2,0.0,13.0
2026-04-18,can,0,8,0.0,5.25
2026-04-18,che,0,2,0.0,8.5
2026-04-18,chl,0,6,0.0,8.5
2026-04-18,cmr,0,1,0.0,4.0
2026-04-18,col,0,2,0.0,11.0
2026-04-18,cri,0,1,0.0,36.0
2026-04-18,dnk,0,1,0.0,17.0
2026-04-18,dza,0,1,0.0,2.0
2026-04-18,ecu,0,2,0.0,8.0
2026-04-18,esp,0,3,0.0,5.666666666666667
2026-04-18,fra,0,7,0.0,10.142857142857142
2026-04-18,hrv,0,1,0.0,6.0
2026-04-18,hun,0,2,0.0,10.0
2026-04-18,idn,0,1,0.0,1.0
2026-04-18,ind,0,5,0.0,9.2
2026-04-18,irn,0,4,0.0,4.0
2026-04-18,irq,0,1,0.0,6.0
2026-04-18,ita,0,4,0.0,13.5
2026-04-18,jpn,0,3,0.0,16.333333333333336
2026-04-18,kor,0,4,0.0,10.0
2026-04-18,mar,0,1,0.0,7.0
2026-04-18,mex,0,2,0.0,21.0
2026-04-18,moz,0,1,0.0,6.0
2026-04-18,mys,0,1,0.0,7.0
2026-04-18,nga,0,1,0.0,5.0
2026-04-18,nld,0,2,0.0,10.0
2026-04-18,nor,0,1,0.0,7.0
2026-04-18,omn,0,2,0.0,6.0
2026-04-18,pak,0,4,0.0,8.0
2026-04-18,per,0,1,0.0,9.0
2026-04-18,pri,0,1,0.0,8.0
2026-04-18,prt,0,25,0.0,7.48
2026-04-18,pry,0,6,0.0,7.666666666666667
2026-04-18,srb,0,1,0.0,8.0
2026-04-18,swe,0,1,0.0,12.0
2026-04-18,tgo,0,2,0.0,38.0
2026-04-18,tha,0,2,0.0,27.5
2026-04-18,usa,0,199,0.0,6.547738693467337
2026-04-18,ven,0,1,0.0,1.0
2026-04-18,vnm,0,4,0.0,6.0
2026-04-18,zaf,0,2,0.0,2.0
2026-04-19,ago,0,1,0.0,5.0
2026-04-19,arg,0,7,0.0,15.142857142857142
2026-04-19,aus,0,5,0.0,8.2
2026-04-19,bgd,0,1,0.0,3.0
2026-04-19,bgr,0,1,0.0,5.0
2026-04-19,can,0,57,0.0,2.456140350877193
2026-04-19,chl,0,5,0.0,9.0
2026-04-19,col,0,4,0.0,15.75
2026-04-19,deu,0,4,0.0,5.5
2026-04-19,dom,0,2,0.0,21.5
2026-04-19,ecu,0,1,0.0,7.0
2026-04-19,esp,0,3,0.0,14.0
2026-04-19,fin,0,1,0.0,11.0
2026-04-19,fra,0,3,0.0,10.333333333333334
2026-04-19,gbr,0,5,0.0,4.0
2026-04-19,geo,0,1,0.0,7.0
2026-04-19,gha,0,2,0.0,10.0
2026-04-19,grc,0,1,0.0,8.0
2026-04-19,guy,0,2,0.0,6.0
2026-04-19,hnd,0,1,0.0,27.0
2026-04-19,idn,0,3,0.0,4.333333333333334
2026-04-19,ind,0,5,0.0,6.0
2026-04-19,irl,0,1,0.0,7.0
2026-04-19,irn,0,3,0.0,10.666666666666666
2026-04-19,ita,0,3,0.0,3.3333333333333335
2026-04-19,jor,0,1,0.0,1.0
2026-04-19,jpn,0,5,0.0,8.4
2026-04-19,kaz,0,1,0.0,5.0
2026-04-19,kor,0,11,0.0,9.818181818181818
2026-04-19,lux,0,2,0.0,17.0
2026-04-19,mar,0,1,0.0,1.0
2026-04-19,mex,0,1,0.0,1.0
2026-04-19,moz,0,3,0.0,8.666666666666668
2026-04-19,mys,0,3,0.0,9.333333333333334
2026-04-19,nic,0,1,0.0,2.0
2026-04-19,nld,0,1,0.0,9.0
2026-04-19,nor,0,1,0.0,7.0
2026-04-19,npl,0,1,0.0,12.0
2026-04-19,omn,0,1,0.0,11.0
2026-04-19,pan,0,1,0.0,1.0
2026-04-19,per,0,4,0.0,9.25
2026-04-19,phl,0,1,0.0,1.0
2026-04-19,prt,0,23,0.0,8.434782608695652
2026-04-19,pry,0,3,0.0,6.666666666666667
2026-04-19,pse,0,1,0.0,32.0
2026-04-19,rus,0,1,0.0,5.0
2026-04-19,sau,0,1,0.0,8.0
2026-04-19,sgp,0,4,0.0,5.5
2026-04-19,svk,0,1,0.0,6.0
2026-04-19,tgo,0,2,0.0,39.0
2026-04-19,tha,0,1,0.0,6.0
2026-04-19,tun,0,1,0.0,2.0
2026-04-19,tur,0,2,0.0,9.5
2026-04-19,twn,0,1,0.0,10.0
2026-04-19,usa,0,363,0.0,4.652892561983471
2026-04-19,ven,0,3,0.0,17.0
2026-04-19,vnm,0,4,0.0,31.5
2026-04-19,zaf,0,7,0.0,7.714285714285714
2026-04-20,are,0,2,0.0,25.5
2026-04-20,arg,0,4,0.0,11.5
2026-04-20,aus,0,1,0.0,8.0
2026-04-20,bhr,0,1,0.0,25.0
2026-04-20,can,0,43,0.0,4.790697674418604
2026-04-20,che,0,2,0.0,3.0
2026-04-20,chl,0,2,0.0,11.5
2026-04-20,chn,0,2,0.0,30.5
2026-04-20,civ,0,1,0.0,19.0
2026-04-20,cog,0,1,0.0,19.0
2026-04-20,col,0,3,0.0,13.666666666666666
2026-04-20,deu,0,7,0.0,7.142857142857143
2026-04-20,ecu,0,3,0.0,8.333333333333332
2026-04-20,egy,0,1,0.0,2.0
2026-04-20,esp,0,7,0.0,6.857142857142857
2026-04-20,fra,0,7,0.0,11.0
2026-04-20,gbr,0,5,0.0,16.4
2026-04-20,grc,0,1,0.0,4.0
2026-04-20,hkg,0,1,0.0,9.0
2026-04-20,ind,0,3,0.0,5.666666666666667
2026-04-20,irl,0,3,0.0,8.0
2026-04-20,irn,0,1,0.0,12.0
2026-04-20,irq,0,5,0.0,25.8
2026-04-20,ita,0,7,0.0,8.142857142857142
2026-04-20,jam,0,2,0.0,20.0
2026-04-20,jor,0,1,0.0,43.0
2026-04-20,jpn,0,5,0.0,11.4
2026-04-20,kaz,0,1,0.0,2.0
2026-04-20,kor,0,8,0.0,10.0
2026-04-20,lbn,0,1,0.0,3.0
2026-04-20,lby,0,1,0.0,4.0
2026-04-20,lva,0,2,0.0,11.0
2026-04-20,mar,0,4,0.0,6.25
2026-04-20,mex,0,4,0.0,14.75
2026-04-20,moz,0,2,0.0,9.0
2026-04-20,nld,0,1,0.0,6.0
2026-04-20,nzl,0,1,0.0,4.0
2026-04-20,omn,0,1,0.0,4.0
2026-04-20,pak,0,8,0.0,5.375
2026-04-20,per,0,3,0.0,23.333333333333332
2026-04-20,phl,0,1,0.0,8.0
2026-04-20,pry,0,2,0.0,14.5
2026-04-20,rou,0,1,0.0,6.0
2026-04-20,rus,0,2,0.0,3.5
2026-04-20,sau,0,4,0.0,4.75
2026-04-20,sen,0,1,0.0,4.0
2026-04-20,svn,0,1,0.0,53.0
2026-04-20,tha,0,2,0.0,16.0
2026-04-20,tun,0,3,0.0,14.333333333333334
2026-04-20,tur,0,3,0.0,12.0
2026-04-20,twn,0,2,0.0,9.0
2026-04-20,uga,0,1,0.0,4.0
2026-04-20,usa,0,240,0.0,4.775
2026-04-20,ven,0,1,0.0,47.0
2026-04-20,vnm,0,7,0.0,19.0
2026-04-20,zaf,0,1,0.0,1.0
2026-04-21,ago,0,1,0.0,2.0
2026-04-21,are,0,6,0.0,5.5
2026-04-21,arg,0,11,0.0,14.818181818181818
2026-04-21,aus,0,2,0.0,9.5
2026-04-21,aze,0,1,0.0,12.0
2026-04-21,bdi,0,1,0.0,5.0
2026-04-21,bel,0,2,0.0,6.5
2026-04-21,bgd,0,2,0.0,23.5
2026-04-21,bgr,0,1,0.0,6.0
2026-04-21,bhr,0,1,0.0,37.0
2026-04-21,can,0,66,0.0,3.1818181818181817
2026-04-21,chl,0,8,0.0,6.875
2026-04-21,chn,0,1,0.0,6.0
2026-04-21,cmr,0,1,0.0,8.0
2026-04-21,cog,0,1,0.0,13.0
2026-04-21,col,0,3,0.0,22.333333333333332
2026-04-21,cri,0,1,0.0,1.0
2026-04-21,deu,0,1,0.0,7.0
2026-04-21,dza,0,2,0.0,1.0
2026-04-21,ecu,0,2,0.0,18.0
2026-04-21,esp,0,7,0.0,7.0
2026-04-21,eth,0,5,0.0,17.8
2026-04-21,fra,0,5,0.0,3.4
2026-04-21,guy,0,1,0.0,34.0
2026-04-21,hkg,0,4,0.0,6.5
2026-04-21,idn,0,1,0.0,15.0
2026-04-21,ind,0,11,0.0,3.6363636363636362
2026-04-21,irl,0,4,0.0,4.75
2026-04-21,irn,0,1,0.0,5.0
2026-04-21,irq,0,3,0.0,22.333333333333332
2026-04-21,ita,0,8,0.0,21.5
2026-04-21,jor,0,2,0.0,5.0
2026-04-21,jpn,0,7,0.0,15.142857142857142
2026-04-21,kaz,0,2,0.0,12.0
2026-04-21,ken,0,2,0.0,33.0
2026-04-21,kgz,0,1,0.0,14.0
2026-04-21,khm,0,1,0.0,4.0
2026-04-21,kor,0,7,0.0,10.142857142857142
2026-04-21,lbn,0,1,0.0,12.0
2026-04-21,mar,0,3,0.0,10.0
2026-04-21,mex,0,3,0.0,3.6666666666666665
2026-04-21,mlt,0,1,0.0,13.0
2026-04-21,moz,0,2,0.0,5.0
2026-04-21,mys,0,4,0.0,11.0
2026-04-21,nic,0,1,0.0,8.0
2026-04-21,nzl,0,1,0.0,7.0
2026-04-21,omn,0,1,0.0,7.0
2026-04-21,pak,0,4,0.0,14.5
2026-04-21,phl,0,1,0.0,38.0
2026-04-21,pol,0,2,0.0,16.0
2026-04-21,prt,0,23,0.0,8.521739130434781
2026-04-21,pry,0,2,0.0,5.0
2026-04-21,sau,0,1,0.0,2.0
2026-04-21,sgp,0,1,0.0,5.0
2026-04-21,syr,0,1,0.0,39.0
2026-04-21,tha,0,1,0.0,7.0
2026-04-21,tun,0,1,0.0,26.0
2026-04-21,tur,0,4,0.0,8.75
2026-04-21,uga,0,1,0.0,6.0
2026-04-21,uzb,0,1,0.0,1.0
2026-04-21,ven,0,1,0.0,24.0
2026-04-21,vnm,0,11,0.0,9.818181818181818
2026-04-21,zaf,0,1,0.0,1.0
2026-04-22,are,0,1,0.0,44.0
2026-04-22,arg,0,5,0.0,13.2
2026-04-22,aus,0,1,0.0,1.0
2026-04-22,aut,0,1,0.0,10.0
2026-04-22,bel,0,1,0.0,8.0
2026-04-22,bgd,0,2,0.0,21.0
2026-04-22,blr,0,1,0.0,4.0
2026-04-22,bol,0,3,0.0,4.333333333333334
2026-04-22,can,0,45,0.0,2.688888888888889
2026-04-22,che,0,3,0.0,20.333333333333332
2026-04-22,chl,0,7,0.0,6.428571428571429
2026-04-22,chn,0,1,0.0,13.0
2026-04-22,civ,0,2,0.0,29.5
2026-04-22,col,0,3,0.0,18.0
2026-04-22,dom,0,2,0.0,5.5
2026-04-22,dza,0,1,0.0,50.0
2026-04-22,ecu,0,3,0.0,20.333333333333332
2026-04-22,egy,0,2,0.0,18.0
2026-04-22,esp,0,3,0.0,6.333333333333333
2026-04-22,fin,0,1,0.0,1.0
2026-04-22,fra,0,4,0.0,18.5
2026-04-22,gbr,0,12,0.0,13.666666666666666
2026-04-22,guy,0,1,0.0,10.0
2026-04-22,hnd,0,1,0.0,12.0
2026-04-22,idn,0,2,0.0,6.0
2026-04-22,ind,0,3,0.0,16.666666666666664
2026-04-22,irq,0,5,0.0,28.8
2026-04-22,isr,0,1,0.0,14.0
2026-04-22,ita,0,4,0.0,8.0
2026-04-22,jpn,0,3,0.0,16.666666666666664
2026-04-22,ken,0,1,0.0,45.0
2026-04-22,kor,0,8,0.0,7.625
2026-04-22,lbn,0,1,0.0,16.0
2026-04-22,lka,0,1,0.0,27.0
2026-04-22,mar,0,3,0.0,17.0
2026-04-22,mda,0,1,0.0,30.0
2026-04-22,mex,0,5,0.0,14.6
2026-04-22,mli,0,1,0.0,1.0
2026-04-22,nga,0,4,0.0,11.75
2026-04-22,nld,0,3,0.0,9.333333333333334
2026-04-22,npl,0,1,0.0,10.0
2026-04-22,nzl,0,1,0.0,5.0
2026-04-22,omn,0,2,0.0,3.5
2026-04-22,pak,0,2,0.0,35.0
2026-04-22,per,0,1,0.0,5.0
2026-04-22,phl,0,7,0.0,22.0
2026-04-22,pol,0,4,0.0,9.5
2026-04-22,prt,0,26,0.0,11.076923076923077
2026-04-22,pry,0,3,0.0,6.333333333333333
2026-04-22,rou,0,2,0.0,11.5
2026-04-22,tto,0,1,0.0,6.0
2026-04-22,tun,0,2,0.0,4.0
2026-04-22,tur,0,2,0.0,8.5
2026-04-22,ukr,0,2,0.0,2.5
2026-04-22,ury,0,1,0.0,21.0
2026-04-22,usa,0,358,0.0,4.262569832402235
2026-04-22,ven,0,2,0.0,35.5
2026-04-22,vnm,0,9,0.0,24.0
2026-04-22,zaf,0,3,0.0,16.0
2026-04-23,ago,0,4,0.0,35.5
2026-04-23,alb,0,1,0.0,7.0
2026-04-23,are,0,1,0.0,2.0
2026-04-23,arg,0,7,0.0,6.285714285714286
2026-04-23,aus,0,2,0.0,6.5
2026-04-23,aut,0,1,0.0,21.0
2026-04-23,aze,0,1,0.0,1.0
2026-04-23,bdi,0,2,0.0,10.0
2026-04-23,bgd,0,5,0.0,11.4
2026-04-23,bhr,0,2,0.0,9.0
2026-04-23,bol,0,1,0.0,7.0
2026-04-23,caf,0,1,0.0,1.0
2026-04-23,can,0,43,0.0,3.627906976744186
2026-04-23,che,0,2,0.0,5.5
2026-04-23,chn,0,2,0.0,4.5
2026-04-23,civ,0,1,0.0,40.0
2026-04-23,cmr,0,1,0.0,4.0
2026-04-23,cog,0,1,0.0,1.0
2026-04-23,col,0,6,0.0,4.333333333333334
2026-04-23,deu,0,9,0.0,7.888888888888889
2026-04-23,dnk,0,2,0.0,1.0
2026-04-23,dom,0,2,0.0,2.5
2026-04-23,dza,0,2,0.0,10.5
2026-04-23,ecu,0,3,0.0,5.0
2026-04-23,esp,0,16,0.0,6.25
2026-04-23,gbr,0,5,0.0,8.2
2026-04-23,grc,0,1,0.0,9.0
2026-04-23,gum,0,1,0.0,7.0
2026-04-23,hkg,0,1,0.0,10.0
2026-04-23,hrv,0,1,0.0,2.0
2026-04-23,ind,0,9,0.0,11.222222222222221
2026-04-23,irl,0,2,0.0,12.0
2026-04-23,irn,0,3,0.0,7.0
2026-04-23,irq,0,3,0.0,8.333333333333332
2026-04-23,isr,0,1,0.0,41.0
2026-04-23,ita,0,4,0.0,8.25
2026-04-23,jor,0,1,0.0,22.0
2026-04-23,jpn,0,1,0.0,31.0
2026-04-23,kaz,0,1,0.0,6.0
2026-04-23,khm,0,1,0.0,27.0
2026-04-23,kor,0,7,0.0,5.0
2026-04-23,kwt,0,1,0.0,4.0
2026-04-23,mar,0,1,0.0,3.0
2026-04-23,mex,0,6,0.0,6.5
2026-04-23,mli,0,1,0.0,2.0
2026-04-23,mys,0,1,0.0,6.0
2026-04-23,ner,0,2,0.0,9.0
2026-04-23,nga,0,1,0.0,7.0
2026-04-23,nor,0,1,0.0,8.0
2026-04-23,npl,0,1,0.0,1.0
2026-04-23,omn,0,1,0.0,9.0
2026-04-23,pak,0,5,0.0,20.2
2026-04-23,pan,0,1,0.0,11.0
2026-04-23,phl,0,2,0.0,4.0
2026-04-23,rou,0,1,0.0,6.0
2026-04-23,rus,0,2,0.0,8.0
2026-04-23,sau,0,2,0.0,9.0
2026-04-23,swe,0,1,0.0,5.0
2026-04-23,tha,0,1,0.0,14.0
2026-04-23,tun,0,3,0.0,32.66666666666667
2026-04-23,tur,0,3,0.0,14.333333333333334
2026-04-23,twn,0,1,0.0,1.0
2026-04-23,uga,0,1,0.0,11.0
2026-04-23,ukr,0,1,0.0,1.0
2026-04-23,ury,0,2,0.0,4.0
2026-04-23,ven,0,1,0.0,1.0
2026-04-23,vnm,0,8,0.0,6.375
2026-04-24,ago,0,6,0.0,8.0
2026-04-24,are,0,3,0.0,8.333333333333332
2026-04-24,arg,0,9,0.0,14.777777777777779
2026-04-24,arm,0,1,0.0,5.0
2026-04-24,aus,0,3,0.0,17.666666666666668
2026-04-24,aze,0,1,0.0,15.0
2026-04-24,bel,0,1,0.0,2.0
2026-04-24,bgd,0,1,0.0,34.0
2026-04-24,blr,0,1,0.0,4.0
2026-04-24,can,0,31,0.0,3.3548387096774195
2026-04-24,che,0,1,0.0,4.0
2026-04-24,chl,0,3,0.0,6.333333333333333
2026-04-24,chn,0,2,0.0,6.5
2026-04-24,cmr,0,1,0.0,1.0
2026-04-24,cod,0,1,0.0,11.0
2026-04-24,cog,0,2,0.0,13.0
2026-04-24,col,0,3,0.0,19.666666666666668
2026-04-24,deu,0,8,0.0,9.125
2026-04-24,dom,0,1,0.0,4.0
2026-04-24,dza,0,3,0.0,25.666666666666668
2026-04-24,ecu,0,2,0.0,27.0
2026-04-24,esp,0,5,0.0,23.0
2026-04-24,fra,0,19,0.0,9.736842105263158
2026-04-24,gbr,0,13,0.0,7.923076923076923
2026-04-24,gtm,0,3,0.0,4.666666666666666
2026-04-24,hnd,0,1,0.0,38.0
2026-04-24,idn,0,2,0.0,5.0
2026-04-24,ind,0,3,0.0,9.0
2026-04-24,irl,0,3,0.0,4.0
2026-04-24,irn,0,1,0.0,11.0
2026-04-24,irq,0,4,0.0,11.25
2026-04-24,isr,0,3,0.0,12.0
2026-04-24,jor,0,1,0.0,38.0
2026-04-24,jpn,0,4,0.0,15.25
2026-04-24,kaz,0,1,0.0,8.0
2026-04-24,ken,0,1,0.0,41.0
2026-04-24,kgz,0,1,0.0,38.0
2026-04-24,kor,0,13,0.0,5.461538461538462
2026-04-24,kwt,0,1,0.0,8.0
2026-04-24,lbn,0,1,0.0,1.0
2026-04-24,lva,0,1,0.0,3.0
2026-04-24,mdg,0,1,0.0,1.0
2026-04-24,mex,0,8,0.0,5.625
2026-04-24,mli,0,1,0.0,11.0
2026-04-24,moz,0,2,0.0,5.0
2026-04-24,nga,0,5,0.0,8.2
2026-04-24,nld,0,5,0.0,9.6
2026-04-24,nor,0,1,0.0,33.0
2026-04-24,npl,0,1,0.0,3.0
2026-04-24,pak,0,1,0.0,28.0
2026-04-24,pan,0,1,0.0,41.0
2026-04-24,per,0,1,0.0,1.0
2026-04-24,pol,0,1,0.0,21.0
2026-04-24,prt,0,16,0.0,10.4375
2026-04-24,pry,0,4,0.0,8.5
2026-04-24,rou,0,1,0.0,3.0
2026-04-24,rus,0,2,0.0,4.0
2026-04-24,rwa,0,1,0.0,11.0
2026-04-24,sau,0,1,0.0,4.0
2026-04-24,swe,0,1,0.0,12.0
2026-04-24,tha,0,2,0.0,5.5
2026-04-24,tjk,0,1,0.0,9.0
2026-04-24,tur,0,1,0.0,6.0
2026-04-24,ukr,0,1,0.0,44.0
2026-04-24,ury,0,1,0.0,7.0
2026-04-24,ven,0,2,0.0,33.5
2026-04-24,vnm,0,12,0.0,16.416666666666664
2026-04-25,ago,0,3,0.0,12.666666666666666
2026-04-25,are,0,2,0.0,8.0
2026-04-25,arg,0,7,0.0,10.857142857142858
2026-04-25,aus,0,2,0.0,18.5
2026-04-25,aut,0,2,0.0,14.0
2026-04-25,aze,0,3,0.0,19.666666666666668
2026-04-25,bel,0,1,0.0,7.0
2026-04-25,bgd,0,1,0.0,1.0
2026-04-25,bhr,0,1,0.0,10.0
2026-04-25,bol,0,2,0.0,12.0
2026-04-25,can,0,57,0.0,2.56140350877193
2026-04-25,chl,0,9,0.0,8.11111111111111
2026-04-25,chn,0,3,0.0,7.0
2026-04-25,cmr,0,2,0.0,5.5
2026-04-25,cod,0,1,0.0,11.0
2026-04-25,col,0,2,0.0,9.5
2026-04-25,deu,0,2,0.0,12.5
2026-04-25,dnk,0,1,0.0,8.0
2026-04-25,dza,0,1,0.0,15.0
2026-04-25,ecu,0,1,0.0,7.0
2026-04-25,esp,0,1,0.0,7.0
2026-04-25,eth,0,1,0.0,38.0
2026-04-25,fra,0,12,0.0,11.75
2026-04-25,gbr,0,6,0.0,16.833333333333336
2026-04-25,grc,0,1,0.0,10.0
2026-04-25,grd,0,1,0.0,4.0
2026-04-25,gtm,0,1,0.0,1.0
2026-04-25,hnd,0,1,0.0,3.0
2026-04-25,hun,0,1,0.0,7.0
2026-04-25,idn,0,4,0.0,29.75
2026-04-25,ind,0,4,0.0,13.0
2026-04-25,irl,0,1,0.0,5.0
2026-04-25,irq,0,2,0.0,22.5
2026-04-25,isr,0,1,0.0,10.0
2026-04-25,ita,0,8,0.0,12.875
2026-04-25,jam,0,1,0.0,4.0
2026-04-25,jpn,0,4,0.0,17.25
2026-04-25,kaz,0,1,0.0,9.0
2026-04-25,kor,0,9,0.0,5.333333333333333
2026-04-25,lbn,0,1,0.0,6.0
2026-04-25,mar,0,3,0.0,14.333333333333334
2026-04-25,mex,0,6,0.0,7.666666666666667
2026-04-25,mkd,0,1,0.0,6.0
2026-04-25,mmr,0,1,0.0,6.0
2026-04-25,moz,0,2,0.0,21.5
2026-04-25,mys,0,2,0.0,10.0
2026-04-25,nga,0,3,0.0,11.666666666666666
2026-04-25,nzl,0,2,0.0,12.0
2026-04-25,pak,0,5,0.0,11.0
2026-04-25,per,0,2,0.0,5.5
2026-04-25,phl,0,3,0.0,4.666666666666666
2026-04-25,prt,0,39,0.0,7.923076923076923
2026-04-25,pry,0,1,0.0,7.0
2026-04-25,qat,0,1,0.0,11.0
2026-04-25,rou,0,1,0.0,5.0
2026-04-25,rus,0,2,0.0,4.0
2026-04-25,sen,0,2,0.0,35.0
2026-04-25,sur,0,1,0.0,5.0
2026-04-25,tcd,0,1,0.0,8.0
2026-04-25,tto,0,1,0.0,5.0
2026-04-25,tur,0,2,0.0,32.0
2026-04-25,uga,0,5,0.0,7.2
2026-04-25,ukr,0,2,0.0,7.5
2026-04-25,ury,0,1,0.0,12.0
2026-04-25,usa,0,240,0.0,4.3375
2026-04-25,ven,0,1,0.0,1.0
2026-04-25,vnm,0,7,0.0,9.0
2026-04-25,zaf,0,3,0.0,40.333333333333336
2026-04-26,ago,0,16,0.0,9.3125
2026-04-26,are,0,2,0.0,5.0
2026-04-26,arg,0,6,0.0,8.0
2026-04-26,aus,0,2,0.0,4.5
2026-04-26,aut,0,3,0.0,7.0
2026-04-26,bel,0,1,0.0,17.0
2026-04-26,bfa,0,1,0.0,6.0
2026-04-26,bgd,0,3,0.0,33.333333333333336
2026-04-26,bih,0,1,0.0,32.0
2026-04-26,blr,0,1,0.0,1.0
2026-04-26,can,0,50,0.0,4.0
2026-04-26,che,0,6,0.0,14.666666666666666
2026-04-26,chl,0,4,0.0,12.5
2026-04-26,chn,0,2,0.0,8.0
2026-04-26,col,0,3,0.0,27.333333333333332
2026-04-26,cri,0,1,0.0,20.0
2026-04-26,cze,0,1,0.0,2.0
2026-04-26,deu,0,19,0.0,16.894736842105264
2026-04-26,dnk,0,1,0.0,3.0
2026-04-26,dom,0,1,0.0,5.0
2026-04-26,dza,0,1,0.0,45.0
2026-04-26,ecu,0,2,0.0,7.5
2026-04-26,est,0,1,0.0,9.0
2026-04-26,fra,0,15,0.0,9.2
2026-04-26,gbr,0,9,0.0,5.888888888888889
2026-04-26,grc,0,3,0.0,3.6666666666666665
2026-04-26,gtm,0,1,0.0,1.0
2026-04-26,hkg,0,5,0.0,5.2
2026-04-26,hti,0,1,0.0,6.0
2026-04-26,hun,0,2,0.0,10.5
2026-04-26,idn,0,4,0.0,4.5
2026-04-26,ind,0,3,0.0,35.0
2026-04-26,irl,0,1,0.0,4.0
2026-04-26,irn,0,4,0.0,9.0
2026-04-26,irq,0,6,0.0,21.166666666666668
2026-04-26,isl,0,1,0.0,10.0
2026-04-26,isr,0,1,0.0,6.0
2026-04-26,ita,0,5,0.0,11.0
2026-04-26,jor,0,1,0.0,1.0
2026-04-26,jpn,0,3,0.0,11.666666666666666
2026-04-26,ken,0,1,0.0,3.0
2026-04-26,khm,0,1,0.0,5.0
2026-04-26,kor,0,7,0.0,4.0
2026-04-26,lbn,0,1,0.0,36.0
2026-04-26,ltu,0,2,0.0,4.0
2026-04-26,lux,0,2,0.0,8.5
2026-04-26,mar,0,4,0.0,19.75
2026-04-26,mdv,0,1,0.0,25.0
2026-04-26,mex,0,3,0.0,12.0
2026-04-26,moz,0,4,0.0,5.75
2026-04-26,mys,0,1,0.0,28.0
2026-04-26,ncl,0,1,0.0,5.0
2026-04-26,nga,0,5,0.0,8.6
2026-04-26,nld,0,3,0.0,9.0
2026-04-26,nor,0,3,0.0,49.0
2026-04-26,nzl,0,5,0.0,5.6
2026-04-26,per,0,2,0.0,6.0
2026-04-26,phl,0,4,0.0,11.75
2026-04-26,pol,0,2,0.0,13.5
2026-04-26,prt,0,41,0.0,13.78048780487805
2026-04-26,pry,0,2,0.0,8.5
2026-04-26,rou,0,1,0.0,42.0
2026-04-26,rus,0,1,0.0,38.0
2026-04-26,sgp,0,2,0.0,5.5
2026-04-26,slv,0,1,0.0,6.0
2026-04-26,swe,0,3,0.0,8.0
2026-04-26,swz,0,1,0.0,8.0
2026-04-26,tha,0,1,0.0,44.0
2026-04-26,tun,0,1,0.0,8.0
2026-04-26,tur,0,1,0.0,31.0
2026-04-26,twn,0,9,0.0,7.666666666666667
2026-04-26,tza,0,1,0.0,10.0
2026-04-26,uga,0,4,0.0,2.75
2026-04-26,ukr,0,2,0.0,25.5
2026-04-26,ury,0,5,0.0,5.6
2026-04-26,ven,0,1,0.0,6.0
2026-04-26,vnm,0,8,0.0,22.125
2026-04-26,zaf,0,4,0.0,15.5
2026-04-26,zmb,0,1,0.0,8.0
2026-04-27,afg,0,1,0.0,15.0
2026-04-27,ago,0,1,0.0,6.0
2026-04-27,are,0,3,0.0,14.0
2026-04-27,arg,0,10,0.0,21.9
2026-04-27,aus,0,1,0.0,23.0
2026-04-27,aze,0,1,0.0,14.0
2026-04-27,bel,0,3,0.0,8.0
2026-04-27,ben,0,1,0.0,9.0
2026-04-27,bfa,0,1,0.0,3.0
2026-04-27,bgd,0,1,0.0,4.0
2026-04-27,can,0,86,0.0,3.604651162790698
2026-04-27,che,0,8,0.0,7.75
2026-04-27,chl,0,2,0.0,8.5
2026-04-27,chn,0,1,0.0,11.0
2026-04-27,civ,0,2,0.0,20.5
2026-04-27,cog,0,1,0.0,18.0
2026-04-27,col,0,5,0.0,14.2
2026-04-27,cze,0,4,0.0,7.0
2026-04-27,deu,0,13,0.0,5.769230769230769
2026-04-27,dnk,0,4,0.0,4.5
2026-04-27,dom,0,2,0.0,8.0
2026-04-27,fra,0,21,0.0,7.142857142857143
2026-04-27,grc,0,1,0.0,5.0
2026-04-27,grd,0,1,0.0,7.0
2026-04-27,gtm,0,1,0.0,1.0
2026-04-27,hkg,0,1,0.0,4.0
2026-04-27,hrv,0,1,0.0,5.0
2026-04-27,hti,0,1,0.0,9.0
2026-04-27,hun,0,1,0.0,9.0
2026-04-27,idn,0,4,0.0,6.5
2026-04-27,ind,0,9,0.0,9.444444444444445
2026-04-27,irl,0,2,0.0,4.5
2026-04-27,irn,0,3,0.0,7.0
2026-04-27,irq,0,5,0.0,41.4
2026-04-27,isl,0,1,0.0,12.0
2026-04-27,isr,0,1,0.0,3.0
2026-04-27,ita,0,12,0.0,8.5
2026-04-27,jor,0,2,0.0,10.5
2026-04-27,jpn,0,6,0.0,8.833333333333332
2026-04-27,kor,0,12,0.0,6.666666666666667
2026-04-27,ltu,0,1,0.0,2.0
2026-04-27,lux,0,2,0.0,4.0
2026-04-27,mar,0,2,0.0,27.5
2026-04-27,mdg,0,2,0.0,9.0
2026-04-27,mex,0,2,0.0,35.0
2026-04-27,nga,0,2,0.0,10.0
2026-04-27,nld,0,6,0.0,13.333333333333334
2026-04-27,nor,0,2,0.0,4.0
2026-04-27,npl,0,1,0.0,5.0
2026-04-27,nzl,0,4,0.0,5.5
2026-04-27,per,0,1,0.0,8.0
2026-04-27,phl,0,3,0.0,16.333333333333336
2026-04-27,pol,0,3,0.0,10.0
2026-04-27,pry,0,12,0.0,9.666666666666666
2026-04-27,pse,0,1,0.0,30.0
2026-04-27,qat,0,1,0.0,4.0
2026-04-27,rou,0,1,0.0,4.0
2026-04-27,rus,0,1,0.0,5.0
2026-04-27,sau,0,1,0.0,4.0
2026-04-27,sen,0,3,0.0,11.666666666666666
2026-04-27,swe,0,5,0.0,5.0
2026-04-27,syr,0,1,0.0,7.0
2026-04-27,tcd,0,2,0.0,5.0
2026-04-27,tun,0,1,0.0,10.0
2026-04-27,tur,0,2,0.0,11.5
2026-04-27,twn,0,1,0.0,5.0
2026-04-27,uga,0,1,0.0,3.0
2026-04-27,ukr,0,1,0.0,49.0
2026-04-27,usa,0,346,0.0,4.569364161849711
2026-04-27,ven,0,4,0.0,8.75
2026-04-27,vnm,0,5,0.0,17.6
2026-04-27,zaf,0,5,0.0,6.0
2026-04-28,ago,0,3,0.0,9.666666666666666
2026-04-28,alb,0,2,0.0,16.0
2026-04-28,arg,0,14,0.0,10.571428571428571
2026-04-28,aus,0,3,0.0,6.666666666666667
2026-04-28,aut,0,1,0.0,9.0
2026-04-28,aze,0,1,0.0,25.0
2026-04-28,bel,0,2,0.0,6.5
2026-04-28,bol,0,1,0.0,4.0
2026-04-28,caf,0,2,0.0,5.0
2026-04-28,can,0,78,0.0,3.1666666666666665
2026-04-28,che,0,7,0.0,11.285714285714286
2026-04-28,chl,0,5,0.0,5.2
2026-04-28,civ,0,1,0.0,14.0
2026-04-28,col,0,2,0.0,12.5
2026-04-28,deu,0,6,0.0,6.0
2026-04-28,dza,0,4,0.0,10.25
2026-04-28,ecu,0,5,0.0,21.6
2026-04-28,esp,0,8,0.0,11.625
2026-04-28,eth,0,4,0.0,12.0
2026-04-28,fra,0,13,0.0,10.0
2026-04-28,gbr,0,5,0.0,8.0
2026-04-28,gtm,0,1,0.0,9.0
2026-04-28,hnd,0,1,0.0,22.0
2026-04-28,idn,0,4,0.0,5.75
2026-04-28,ind,0,5,0.0,20.0
2026-04-28,irl,0,1,0.0,5.0
2026-04-28,irn,0,1,0.0,9.0
2026-04-28,irq,0,3,0.0,20.0
2026-04-28,isr,0,1,0.0,28.0
2026-04-28,ita,0,1,0.0,19.0
2026-04-28,jor,0,1,0.0,17.0
2026-04-28,jpn,0,4,0.0,8.75
2026-04-28,khm,0,1,0.0,4.0
2026-04-28,kor,0,10,0.0,6.8
2026-04-28,lbn,0,1,0.0,38.0
2026-04-28,mac,0,1,0.0,11.0
2026-04-28,mar,0,4,0.0,30.75
2026-04-28,mex,0,6,0.0,6.5
2026-04-28,mlt,0,1,0.0,1.0
2026-04-28,moz,0,5,0.0,7.6
2026-04-28,nic,0,1,0.0,5.0
2026-04-28,nld,0,7,0.0,9.142857142857142
2026-04-28,pak,0,3,0.0,26.666666666666668
2026-04-28,pan,0,1,0.0,39.0
2026-04-28,per,0,1,0.0,1.0
2026-04-28,pol,0,1,0.0,9.0
2026-04-28,prt,0,27,0.0,6.777777777777778
2026-04-28,pry,0,4,0.0,14.5
2026-04-28,rus,0,1,0.0,1.0
2026-04-28,sau,0,3,0.0,11.333333333333334
2026-04-28,sgp,0,2,0.0,9.5
2026-04-28,srb,0,1,0.0,5.0
2026-04-28,ssd,0,1,0.0,11.0
2026-04-28,swe,0,7,0.0,8.571428571428571
2026-04-28,tcd,0,2,0.0,5.0
2026-04-28,tun,0,2,0.0,10.0
2026-04-28,tur,0,3,0.0,8.0
2026-04-28,twn,0,1,0.0,8.0
2026-04-28,uga,0,2,0.0,8.0
2026-04-28,ukr,0,2,0.0,22.0
2026-04-28,ury,0,4,0.0,16.5
2026-04-28,uzb,0,1,0.0,21.0
2026-04-28,ven,0,2,0.0,29.5
2026-04-28,vnm,0,8,0.0,18.5
2026-04-28,zaf,0,3,0.0,7.0
2026-04-28,zzz,0,1,0.0,8.0
2026-04-29,ago,0,1,0.0,10.0
2026-04-29,are,0,1,0.0,7.0
2026-04-29,arg,0,8,0.0,11.875
2026-04-29,aus,0,3,0.0,8.333333333333332
2026-04-29,bel,0,2,0.0,6.0
2026-04-29,bgd,0,2,0.0,3.0
2026-04-29,bhr,0,1,0.0,2.0
2026-04-29,bol,0,1,0.0,10.0
2026-04-29,can,0,74,0.0,2.5675675675675675
2026-04-29,che,0,2,0.0,19.0
2026-04-29,chl,0,9,0.0,7.444444444444445
2026-04-29,civ,0,1,0.0,2.0
2026-04-29,col,0,7,0.0,5.285714285714286
2026-04-29,cri,0,1,0.0,14.0
2026-04-29,cyp,0,1,0.0,8.0
2026-04-29,cze,0,1,0.0,11.0
2026-04-29,deu,0,4,0.0,3.5
2026-04-29,dnk,0,1,0.0,1.0
2026-04-29,dom,0,1,0.0,1.0
2026-04-29,ecu,0,8,0.0,5.75
2026-04-29,esp,0,7,0.0,7.285714285714286
2026-04-29,fra,0,13,0.0,7.615384615384615
2026-04-29,gbr,0,4,0.0,15.5
2026-04-29,grc,0,1,0.0,8.0
2026-04-29,hkg,0,1,0.0,8.0
2026-04-29,hun,0,1,0.0,8.0
2026-04-29,ind,0,6,0.0,6.5
2026-04-29,irl,0,1,0.0,12.0
2026-04-29,irn,0,2,0.0,7.0
2026-04-29,irq,0,6,0.0,5.333333333333333
2026-04-29,isr,0,2,0.0,3.5
2026-04-29,ita,0,6,0.0,8.666666666666668
2026-04-29,jam,0,1,0.0,8.0
2026-04-29,jor,0,3,0.0,6.0
2026-04-29,jpn,0,7,0.0,10.285714285714286
2026-04-29,kaz,0,3,0.0,7.0
2026-04-29,kgz,0,1,0.0,7.0
2026-04-29,kor,0,13,0.0,5.3076923076923075
2026-04-29,lbn,0,1,0.0,3.0
2026-04-29,ltu,0,1,0.0,9.0
2026-04-29,mar,0,2,0.0,47.0
2026-04-29,mex,0,3,0.0,3.3333333333333335
2026-04-29,mng,0,3,0.0,2.333333333333333
2026-04-29,moz,0,3,0.0,8.333333333333332
2026-04-29,mrt,0,1,0.0,6.0
2026-04-29,mys,0,2,0.0,7.0
2026-04-29,nga,0,1,0.0,4.0
2026-04-29,nld,0,4,0.0,5.5
2026-04-29,omn,0,2,0.0,7.0
2026-04-29,pak,0,2,0.0,4.0
2026-04-29,pan,0,1,0.0,6.0
2026-04-29,per,0,2,0.0,7.5
2026-04-29,pol,0,1,0.0,8.0
2026-04-29,pri,0,1,0.0,4.0
2026-04-29,prt,0,40,0.0,10.375
2026-04-29,pry,0,5,0.0,4.8
2026-04-29,pse,0,1,0.0,6.0
2026-04-29,rus,0,5,0.0,6.2
2026-04-29,sau,0,1,0.0,7.0
2026-04-29,sgp,0,1,0.0,1.0
2026-04-29,sle,0,1,0.0,11.0
2026-04-29,swe,0,2,0.0,10.5
2026-04-29,tha,0,1,0.0,10.0
2026-04-29,tto,0,1,0.0,9.0
2026-04-29,tun,0,1,0.0,10.0
2026-04-29,tur,0,2,0.0,3.5
2026-04-29,uga,0,1,0.0,12.0
2026-04-29,ukr,0,1,0.0,8.0
2026-04-29,ury,0,1,0.0,12.0
2026-04-29,usa,0,328,0.0,4.314024390243903
2026-04-29,ven,0,2,0.0,3.0
2026-04-29,vnm,0,7,0.0,6.714285714285714
2026-04-29,zaf,0,2,0.0,1.0
2026-04-30,ago,0,8,0.0,7.0
2026-04-30,alb,0,1,0.0,47.0
2026-04-30,are,0,2,0.0,4.0
2026-04-30,arg,0,7,0.0,19.285714285714285
2026-04-30,aus,0,1,0.0,9.0
2026-04-30,bel,0,1,0.0,13.0
2026-04-30,bgd,0,5,0.0,23.6
2026-04-30,bgr,0,1,0.0,4.0
2026-04-30,blr,0,2,0.0,25.0
2026-04-30,chl,0,5,0.0,5.4
2026-04-30,cod,0,3,0.0,9.333333333333334
2026-04-30,col,0,6,0.0,17.666666666666668
2026-04-30,cri,0,2,0.0,25.0
2026-04-30,deu,0,5,0.0,8.8
2026-04-30,dnk,0,1,0.0,1.0
2026-04-30,dza,0,1,0.0,8.0
2026-04-30,ecu,0,5,0.0,20.6
2026-04-30,egy,0,1,0.0,24.0
2026-04-30,esp,0,5,0.0,6.6
2026-04-30,fin,0,2,0.0,1.5
2026-04-30,fra,0,14,0.0,9.357142857142858
2026-04-30,gab,0,1,0.0,23.0
2026-04-30,gbr,0,5,0.0,8.6
2026-04-30,grc,0,1,0.0,1.0
2026-04-30,gtm,0,1,0.0,8.0
2026-04-30,hkg,0,1,0.0,1.0
2026-04-30,idn,0,3,0.0,20.666666666666668
2026-04-30,ind,0,4,0.0,8.5
2026-04-30,irl,0,1,0.0,3.0
2026-04-30,irn,0,2,0.0,4.5
2026-04-30,irq,0,3,0.0,31.0
2026-04-30,jor,0,2,0.0,16.0
2026-04-30,ken,0,1,0.0,47.0
2026-04-30,khm,0,1,0.0,46.0
2026-04-30,kna,0,1,0.0,1.0
2026-04-30,kor,0,22,0.0,5.2727272727272725
2026-04-30,mar,0,3,0.0,31.0
2026-04-30,mda,0,1,0.0,15.0
2026-04-30,mex,0,6,0.0,9.666666666666666
2026-04-30,mmr,0,1,0.0,4.0
2026-04-30,moz,0,2,0.0,7.5
2026-04-30,nga,0,6,0.0,10.166666666666666
2026-04-30,nld,0,3,0.0,8.666666666666668
2026-04-30,nor,0,1,0.0,8.0
2026-04-30,npl,0,1,0.0,4.0
2026-04-30,pak,0,3,0.0,24.333333333333332
2026-04-30,per,0,3,0.0,7.666666666666667
2026-04-30,phl,0,4,0.0,12.25
2026-04-30,pol,0,1,0.0,23.0
2026-04-30,pri,0,1,0.0,7.0
2026-04-30,prt,0,16,0.0,10.125
2026-04-30,pry,0,2,0.0,23.5
2026-04-30,pse,0,1,0.0,5.0
2026-04-30,rus,0,3,0.0,6.333333333333333
2026-04-30,sau,0,4,0.0,14.25
2026-04-30,sgp,0,5,0.0,7.0
2026-04-30,sur,0,1,0.0,4.0
2026-04-30,tha,0,1,0.0,1.0
2026-04-30,tun,0,3,0.0,15.666666666666666
2026-04-30,tur,0,3,0.0,14.666666666666666
2026-04-30,twn,0,1,0.0,10.0
2026-04-30,ury,0,4,0.0,16.5
2026-04-30,ven,0,3,0.0,19.0
2026-04-30,vir,0,1,0.0,10.0
2026-04-30,vnm,0,10,0.0,28.0
2026-04-30,zaf,0,1,0.0,44.0
2026-05-01,ago,0,4,0.0,8.75
2026-05-01,are,0,3,0.0,8.0
2026-05-01,arg,0,10,0.0,24.3
2026-05-01,arm,0,1,0.0,32.0
2026-05-01,aus,0,1,0.0,5.0
2026-05-01,aze,0,1,0.0,44.0
2026-05-01,bel,0,1,0.0,77.0
2026-05-01,bfa,0,1,0.0,11.0
2026-05-01,bgd,0,3,0.0,6.333333333333333
2026-05-01,bhr,0,2,0.0,24.0
2026-05-01,blr,0,1,0.0,3.0
2026-05-01,can,0,10,0.0,7.8
2026-05-01,che,0,2,0.0,6.0
2026-05-01,chl,0,7,0.0,18.571428571428573
2026-05-01,cod,0,1,0.0,9.0
2026-05-01,col,0,3,0.0,24.333333333333332
2026-05-01,cpv,0,2,0.0,79.0
2026-05-01,deu,0,2,0.0,28.0
2026-05-01,dza,0,2,0.0,10.0
2026-05-01,egy,0,3,0.0,28.666666666666668
2026-05-01,esp,0,5,0.0,6.4
2026-05-01,fra,0,8,0.0,12.375
2026-05-01,gbr,0,5,0.0,8.8
2026-05-01,gha,0,1,0.0,9.0
2026-05-01,grc,0,3,0.0,15.666666666666666
2026-05-01,gtm,0,2,0.0,9.0
2026-05-01,guy,0,1,0.0,26.0
2026-05-01,hkg,0,1,0.0,10.0
2026-05-01,ind,0,6,0.0,11.833333333333334
2026-05-01,irl,0,1,0.0,11.0
2026-05-01,irq,0,7,0.0,35.57142857142857
2026-05-01,ita,0,1,0.0,11.0
2026-05-01,jam,0,1,0.0,36.0
2026-05-01,jor,0,2,0.0,21.5
2026-05-01,jpn,0,3,0.0,10.666666666666666
2026-05-01,kaz,0,1,0.0,46.0
2026-05-01,ken,0,4,0.0,33.25
2026-05-01,kgz,0,1,0.0,25.0
2026-05-01,kor,0,26,0.0,6.423076923076923
2026-05-01,lbn,0,2,0.0,26.5
2026-05-01,ltu,0,1,0.0,11.0
2026-05-01,mar,0,3,0.0,34.666666666666664
2026-05-01,mda,0,1,0.0,15.0
2026-05-01,mex,0,3,0.0,20.333333333333332
2026-05-01,moz,0,2,0.0,8.0
2026-05-01,mys,0,1,0.0,6.0
2026-05-01,nga,0,2,0.0,31.5
2026-05-01,nic,0,1,0.0,46.0
2026-05-01,nld,0,11,0.0,9.363636363636363
2026-05-01,nor,0,3,0.0,8.666666666666668
2026-05-01,nzl,0,4,0.0,19.25
2026-05-01,pak,0,5,0.0,21.8
2026-05-01,per,0,3,0.0,19.0
2026-05-01,phl,0,1,0.0,2.0
2026-05-01,pol,0,1,0.0,29.0
2026-05-01,prt,0,19,0.0,12.526315789473685
2026-05-01,pry,0,2,0.0,4.5
2026-05-01,qat,0,1,0.0,5.0
2026-05-01,rou,0,1,0.0,12.0
2026-05-01,rus,0,1,0.0,48.0
2026-05-01,rwa,0,1,0.0,13.0
2026-05-01,sau,0,2,0.0,24.0
2026-05-01,tun,0,3,0.0,30.666666666666668
2026-05-01,tur,0,3,0.0,20.666666666666668
2026-05-01,twn,0,2,0.0,9.0
2026-05-01,uga,0,2,0.0,7.0
2026-05-01,ukr,0,2,0.0,10.0
2026-05-01,ury,0,1,0.0,6.0
2026-05-01,usa,0,193,0.0,7.0880829015544045
2026-05-01,ven,0,2,0.0,21.0
2026-05-01,vnm,0,16,0.0,31.0625
2026-05-01,zaf,0,2,0.0,20.0
2026-05-02,ago,0,1,0.0,3.0
2026-05-02,aus,0,1,0.0,8.0
2026-05-02,aut,0,2,0.0,13.5
2026-05-02,bdi,0,1,0.0,10.0
2026-05-02,bel,0,1,0.0,6.0
2026-05-02,bgd,0,3,0.0,26.0
2026-05-02,bih,0,1,0.0,46.0
2026-05-02,bol,0,2,0.0,13.0
2026-05-02,can,0,7,0.0,6.0
2026-05-02,chl,0,4,0.0,7.25
2026-05-02,chn,0,1,0.0,9.0
2026-05-02,civ,0,2,0.0,13.5
2026-05-02,cod,0,2,0.0,9.0
2026-05-02,col,0,7,0.0,34.714285714285715
2026-05-02,cri,0,3,0.0,38.666666666666664
2026-05-02,cyp,0,1,0.0,7.0
2026-05-02,deu,0,5,0.0,5.8
2026-05-02,dom,0,2,0.0,8.5
2026-05-02,dza,0,3,0.0,35.333333333333336
2026-05-02,ecu,0,2,0.0,12.5
2026-05-02,est,0,1,0.0,37.0
2026-05-02,eth,0,1,0.0,47.0
2026-05-02,fra,0,15,0.0,13.933333333333334
2026-05-02,fsm,0,1,0.0,4.0
2026-05-02,gbr,0,2,0.0,5.5
2026-05-02,gha,0,1,0.0,24.0
2026-05-02,hnd,0,1,0.0,33.0
2026-05-02,hrv,0,1,0.0,7.0
2026-05-02,hti,0,1,0.0,5.0
2026-05-02,hun,0,3,0.0,5.666666666666667
2026-05-02,idn,0,1,0.0,8.0
2026-05-02,ind,0,1,0.0,10.0
2026-05-02,irl,0,2,0.0,8.0
2026-05-02,irn,0,2,0.0,1.5
2026-05-02,irq,0,5,0.0,37.2
2026-05-02,isl,0,2,0.0,6.0
2026-05-02,isr,0,3,0.0,6.0
2026-05-02,ita,0,3,0.0,17.666666666666668
2026-05-02,jor,0,2,0.0,21.5
2026-05-02,jpn,0,4,0.0,11.0
2026-05-02,kaz,0,1,0.0,2.0
2026-05-02,kor,0,27,0.0,7.185185185185185
2026-05-02,lbn,0,1,0.0,50.0
2026-05-02,lie,0,1,0.0,11.0
2026-05-02,lva,0,1,0.0,80.0
2026-05-02,mar,0,3,0.0,43.333333333333336
2026-05-02,mex,0,6,0.0,14.833333333333334
2026-05-02,mkd,0,2,0.0,24.5
2026-05-02,mng,0,1,0.0,2.0
2026-05-02,moz,0,1,0.0,7.0
2026-05-02,mys,0,1,0.0,5.0
2026-05-02,nga,0,4,0.0,12.75
2026-05-02,nld,0,4,0.0,8.0
2026-05-02,nor,0,6,0.0,7.833333333333333
2026-05-02,omn,0,1,0.0,32.0
2026-05-02,pak,0,4,0.0,28.0
2026-05-02,pan,0,1,0.0,5.0
2026-05-02,per,0,3,0.0,27.666666666666668
2026-05-02,phl,0,3,0.0,6.0
2026-05-02,pol,0,1,0.0,25.0
2026-05-02,prt,0,21,0.0,9.666666666666666
2026-05-02,pry,0,12,0.0,15.0
2026-05-02,qat,0,1,0.0,23.0
2026-05-02,rou,0,1,0.0,11.0
2026-05-02,rus,0,2,0.0,7.5
2026-05-02,rwa,0,1,0.0,13.0
2026-05-02,sau,0,1,0.0,20.0
2026-05-02,sen,0,1,0.0,14.0
2026-05-02,sgp,0,1,0.0,6.0
2026-05-02,srb,0,1,0.0,10.0
2026-05-02,swe,0,1,0.0,8.0
2026-05-02,tun,0,3,0.0,10.666666666666666
2026-05-02,tur,0,6,0.0,7.166666666666667
2026-05-02,twn,0,2,0.0,8.5
2026-05-02,uga,0,1,0.0,5.0
2026-05-02,ury,0,1,0.0,7.0
2026-05-02,usa,0,262,0.0,8.053435114503817
2026-05-02,uzb,0,2,0.0,8.0
2026-05-02,ven,0,5,0.0,17.6
2026-05-02,vnm,0,13,0.0,28.23076923076923
2026-05-02,zaf,0,3,0.0,6.333333333333333
2026-05-02,zzz,0,2,0.0,9.0
2026-05-03,ago,0,2,0.0,3.0
2026-05-03,are,0,4,0.0,25.5
2026-05-03,arg,0,9,0.0,12.222222222222221
2026-05-03,aus,0,1,0.0,13.0
2026-05-03,aut,0,1,0.0,21.0
2026-05-03,aze,0,1,0.0,43.0
2026-05-03,bel,0,3,0.0,9.333333333333334
2026-05-03,bgd,0,5,0.0,24.6
2026-05-03,bol,0,1,0.0,4.0
2026-05-03,can,0,8,0.0,10.75
2026-05-03,che,0,2,0.0,3.5
2026-05-03,chl,0,1,0.0,2.0
2026-05-03,chn,0,2,0.0,5.5
2026-05-03,cod,0,3,0.0,7.0
2026-05-03,col,0,1,0.0,13.0
2026-05-03,cri,0,2,0.0,18.5
2026-05-03,deu,0,5,0.0,3.4
2026-05-03,ecu,0,6,0.0,18.333333333333332
2026-05-03,egy,0,4,0.0,13.25
2026-05-03,esp,0,6,0.0,16.833333333333336
2026-05-03,fin,0,1,0.0,14.0
2026-05-03,fra,0,16,0.0,13.0
2026-05-03,gbr,0,7,0.0,14.428571428571429
2026-05-03,geo,0,1,0.0,8.0
2026-05-03,idn,0,2,0.0,5.0
2026-05-03,ind,0,7,0.0,21.285714285714285
2026-05-03,irn,0,1,0.0,3.0
2026-05-03,irq,0,4,0.0,33.75
2026-05-03,ita,0,9,0.0,31.444444444444443
2026-05-03,jam,0,1,0.0,3.0
2026-05-03,jpn,0,1,0.0,12.0
2026-05-03,kaz,0,1,0.0,35.0
2026-05-03,ken,0,1,0.0,49.0
2026-05-03,kgz,0,1,0.0,35.0
2026-05-03,kor,0,25,0.0,6.56
2026-05-03,lka,0,2,0.0,5.0
2026-05-03,lux,0,1,0.0,11.0
2026-05-03,mar,0,6,0.0,31.833333333333332
2026-05-03,mex,0,6,0.0,26.0
2026-05-03,moz,0,3,0.0,6.0
2026-05-03,nga,0,5,0.0,9.2
2026-05-03,omn,0,1,0.0,35.0
2026-05-03,pak,0,3,0.0,32.0
2026-05-03,pan,0,2,0.0,27.5
2026-05-03,phl,0,4,0.0,14.5
2026-05-03,pol,0,1,0.0,21.0
2026-05-03,prt,0,22,0.0,8.227272727272727
2026-05-03,pry,0,3,0.0,11.0
2026-05-03,rus,0,2,0.0,12.0
2026-05-03,sau,0,4,0.0,19.25
2026-05-03,srb,0,1,0.0,10.0
2026-05-03,tcd,0,1,0.0,9.0
2026-05-03,tha,0,1,0.0,1.0
2026-05-03,tun,0,2,0.0,9.0
2026-05-03,tur,0,4,0.0,11.25
2026-05-03,twn,0,1,0.0,10.0
2026-05-03,uga,0,1,0.0,4.0
2026-05-03,ukr,0,1,0.0,15.0
2026-05-03,ury,0,5,0.0,20.0
2026-05-03,ven,0,3,0.0,26.666666666666668
2026-05-03,vnm,0,9,0.0,19.77777777777778
2026-05-03,zaf,0,2,0.0,5.5
2026-05-03,zwe,0,3,0.0,8.0
2026-05-04,ago,0,1,0.0,9.0
2026-05-04,alb,0,1,0.0,45.0
2026-05-04,are,0,1,0.0,4.0
2026-05-04,arg,0,11,0.0,15.0
2026-05-04,aze,0,1,0.0,42.0
2026-05-04,bgd,0,4,0.0,36.25
2026-05-04,bgr,0,1,0.0,11.0
2026-05-04,bih,0,1,0.0,23.0
2026-05-04,bol,0,5,0.0,13.2
2026-05-04,can,0,9,0.0,5.111111111111111
2026-05-04,che,0,1,0.0,6.0
2026-05-04,chl,0,14,0.0,13.642857142857142
2026-05-04,civ,0,2,0.0,7.0
2026-05-04,cod,0,2,0.0,10.5
2026-05-04,cog,0,2,0.0,8.0
2026-05-04,col,0,4,0.0,27.0
2026-05-04,cri,0,1,0.0,24.0
2026-05-04,deu,0,5,0.0,4.6
2026-05-04,dom,0,1,0.0,9.0
2026-05-04,dza,0,3,0.0,38.333333333333336
2026-05-04,ecu,0,4,0.0,15.75
2026-05-04,egy,0,2,0.0,22.5
2026-05-04,esp,0,11,0.0,4.818181818181818
2026-05-04,eth,0,1,0.0,22.0
2026-05-04,fra,0,13,0.0,8.923076923076923
2026-05-04,gbr,0,5,0.0,23.8
2026-05-04,hkg,0,2,0.0,6.5
2026-05-04,hnd,0,1,0.0,49.0
2026-05-04,idn,0,2,0.0,13.5
2026-05-04,ind,0,8,0.0,8.5
2026-05-04,irl,0,7,0.0,7.571428571428571
2026-05-04,irq,0,4,0.0,25.0
2026-05-04,isr,0,2,0.0,31.5
2026-05-04,ita,0,3,0.0,4.0
2026-05-04,jor,0,2,0.0,20.0
2026-05-04,jpn,0,2,0.0,19.0
2026-05-04,ken,0,1,0.0,4.0
2026-05-04,kgz,0,2,0.0,27.0
2026-05-04,kor,0,22,0.0,8.636363636363637
2026-05-04,lbn,0,2,0.0,26.0
2026-05-04,ltu,0,1,0.0,7.0
2026-05-04,mar,0,4,0.0,37.5
2026-05-04,mda,0,1,0.0,29.0
2026-05-04,mex,0,2,0.0,1.5
2026-05-04,mng,0,1,0.0,41.0
2026-05-04,moz,0,6,0.0,5.333333333333333
2026-05-04,mys,0,1,0.0,7.0
2026-05-04,nam,0,1,0.0,11.0
2026-05-04,nga,0,1,0.0,7.0
2026-05-04,nor,0,1,0.0,11.0
2026-05-04,nzl,0,2,0.0,2.5
2026-05-04,omn,0,1,0.0,49.0
2026-05-04,pak,0,4,0.0,32.25
2026-05-04,pan,0,3,0.0,9.0
2026-05-04,per,0,2,0.0,8.0
2026-05-04,phl,0,1,0.0,36.0
2026-05-04,pol,0,1,0.0,13.0
2026-05-04,pri,0,1,0.0,6.0
2026-05-04,prt,0,13,0.0,7.846153846153846
2026-05-04,pry,0,3,0.0,8.0
2026-05-04,pse,0,1,0.0,6.0
2026-05-04,rou,0,2,0.0,9.0
2026-05-04,rus,0,3,0.0,18.666666666666668
2026-05-04,slv,0,1,0.0,40.0
2026-05-04,tha,0,1,0.0,10.0
2026-05-04,tun,0,1,0.0,31.0
2026-05-04,tur,0,1,0.0,5.0
2026-05-04,uga,0,1,0.0,5.0
2026-05-04,ukr,0,3,0.0,36.333333333333336
2026-05-04,ury,0,8,0.0,17.625
2026-05-04,ven,0,3,0.0,30.333333333333332
2026-05-04,vnm,0,9,0.0,20.88888888888889
2026-05-04,zaf,0,1,0.0,15.0
2026-05-05,ago,0,2,0.0,9.0
2026-05-05,are,0,1,0.0,10.0
2026-05-05,arg,0,4,0.0,14.0
2026-05-05,aus,0,2,0.0,6.0
2026-05-05,aut,0,1,0.0,21.0
2026-05-05,bel,0,1,0.0,4.0
2026-05-05,bfa,0,1,0.0,7.0
2026-05-05,bgd,0,4,0.0,32.75
2026-05-05,bol,0,3,0.0,17.0
2026-05-05,caf,0,1,0.0,11.0
2026-05-05,can,0,7,0.0,9.142857142857142
2026-05-05,che,0,2,0.0,9.0
2026-05-05,chl,0,2,0.0,5.0
2026-05-05,chn,0,1,0.0,19.0
2026-05-05,civ,0,1,0.0,20.0
2026-05-05,cod,0,2,0.0,9.5
2026-05-05,cog,0,1,0.0,21.0
2026-05-05,col,0,5,0.0,18.0
2026-05-05,cri,0,2,0.0,15.0
2026-05-05,cub,0,1,0.0,4.0
2026-05-05,deu,0,4,0.0,13.5
2026-05-05,dom,0,2,0.0,31.5
2026-05-05,dza,0,4,0.0,16.5
2026-05-05,ecu,0,3,0.0,6.333333333333333
2026-05-05,esp,0,15,0.0,16.333333333333336
2026-05-05,fra,0,8,0.0,7.875
2026-05-05,geo,0,1,0.0,29.0
2026-05-05,gtm,0,2,0.0,9.0
2026-05-05,hkg,0,2,0.0,8.0
2026-05-05,hti,0,1,0.0,10.0
2026-05-05,idn,0,5,0.0,14.6
2026-05-05,irn,0,3,0.0,5.0
2026-05-05,irq,0,8,0.0,22.25
2026-05-05,ita,0,6,0.0,12.833333333333334
2026-05-05,jor,0,1,0.0,18.0
2026-05-05,jpn,0,3,0.0,32.0
2026-05-05,kaz,0,1,0.0,32.0
2026-05-05,kor,0,27,0.0,6.851851851851852
2026-05-05,lbn,0,1,0.0,32.0
2026-05-05,lux,0,1,0.0,15.0
2026-05-05,mar,0,2,0.0,26.5
2026-05-05,mdg,0,1,0.0,5.0
2026-05-05,mex,0,7,0.0,13.571428571428571
2026-05-05,mlt,0,1,0.0,7.0
2026-05-05,mtq,0,2,0.0,6.5
2026-05-05,mys,0,2,0.0,15.0
2026-05-05,nga,0,2,0.0,26.5
2026-05-05,nld,0,1,0.0,2.0
2026-05-05,nor,0,2,0.0,7.0
2026-05-05,npl,0,1,0.0,29.0
2026-05-05,omn,0,1,0.0,47.0
2026-05-05,pak,0,1,0.0,9.0
2026-05-05,pan,0,2,0.0,38.0
2026-05-05,per,0,2,0.0,9.5
2026-05-05,phl,0,4,0.0,8.25
2026-05-05,pol,0,5,0.0,6.6
2026-05-05,prt,0,16,0.0,12.6875
2026-05-05,pry,0,3,0.0,10.333333333333334
2026-05-05,pse,0,1,0.0,7.0
2026-05-05,rou,0,1,0.0,7.0
2026-05-05,rus,0,2,0.0,17.5
2026-05-05,rwa,0,1,0.0,16.0
2026-05-05,sau,0,2,0.0,6.0
2026-05-05,srb,0,1,0.0,7.0
2026-05-05,svk,0,1,0.0,9.0
2026-05-05,syr,0,1,0.0,15.0
2026-05-05,tun,0,1,0.0,33.0
2026-05-05,tur,0,1,0.0,40.0
2026-05-05,twn,0,2,0.0,9.0
2026-05-05,uga,0,2,0.0,6.5
2026-05-05,ury,0,1,0.0,49.0
2026-05-05,ven,0,5,0.0,20.4
2026-05-05,vnm,0,6,0.0,27.666666666666668
2026-05-05,zaf,0,2,0.0,23.5
2026-05-06,ago,0,7,0.0,6.285714285714286
2026-05-06,are,0,4,0.0,9.25
2026-05-06,aus,0,2,0.0,6.0
2026-05-06,bel,0,3,0.0,6.0
2026-05-06,bgd,0,4,0.0,22.5
2026-05-06,bih,0,1,0.0,35.0
2026-05-06,bol,0,4,0.0,5.5
2026-05-06,caf,0,2,0.0,5.0
2026-05-06,can,0,12,0.0,9.5
2026-05-06,che,0,4,0.0,18.5
2026-05-06,chl,0,5,0.0,8.6
2026-05-06,chn,0,1,0.0,7.0
2026-05-06,col,0,5,0.0,14.4
2026-05-06,cri,0,2,0.0,27.5
2026-05-06,deu,0,9,0.0,8.555555555555555
2026-05-06,dnk,0,1,0.0,9.0
2026-05-06,dza,0,1,0.0,49.0
2026-05-06,ecu,0,1,0.0,1.0
2026-05-06,egy,0,3,0.0,27.0
2026-05-06,esp,0,5,0.0,8.6
2026-05-06,fin,0,1,0.0,14.0
2026-05-06,fra,0,6,0.0,8.666666666666668
2026-05-06,gbr,0,5,0.0,15.4
2026-05-06,hkg,0,1,0.0,13.0
2026-05-06,idn,0,1,0.0,7.0
2026-05-06,ind,0,16,0.0,8.8125
2026-05-06,irl,0,3,0.0,15.0
2026-05-06,irq,0,11,0.0,24.09090909090909
2026-05-06,isr,0,3,0.0,16.333333333333336
2026-05-06,ita,0,3,0.0,7.666666666666667
2026-05-06,jor,0,1,0.0,3.0
2026-05-06,jpn,0,1,0.0,14.0
2026-05-06,ken,0,1,0.0,10.0
2026-05-06,kor,0,12,0.0,6.083333333333333
2026-05-06,kwt,0,1,0.0,17.0
2026-05-06,lbn,0,1,0.0,28.0
2026-05-06,ltu,0,1,0.0,9.0
2026-05-06,lux,0,1,0.0,77.0
2026-05-06,mar,0,2,0.0,22.0
2026-05-06,mex,0,6,0.0,6.333333333333333
2026-05-06,moz,0,5,0.0,6.8
2026-05-06,mys,0,3,0.0,25.0
2026-05-06,nga,0,7,0.0,8.0
2026-05-06,nld,0,1,0.0,11.0
2026-05-06,nor,0,1,0.0,10.0
2026-05-06,nzl,0,1,0.0,5.0
2026-05-06,omn,0,1,0.0,32.0
2026-05-06,pak,0,1,0.0,40.0
2026-05-06,pan,0,2,0.0,45.5
2026-05-06,per,0,1,0.0,9.0
2026-05-06,phl,0,3,0.0,17.0
2026-05-06,prt,0,15,0.0,8.0
2026-05-06,pry,0,6,0.0,7.666666666666667
2026-05-06,pse,0,1,0.0,49.0
2026-05-06,qat,0,1,0.0,15.0
2026-05-06,rus,0,2,0.0,20.0
2026-05-06,sau,0,1,0.0,9.0
2026-05-06,sen,0,1,0.0,4.0
2026-05-06,slv,0,1,0.0,8.0
2026-05-06,srb,0,1,0.0,33.0
2026-05-06,tha,0,3,0.0,13.666666666666666
2026-05-06,tun,0,3,0.0,22.0
2026-05-06,tur,0,1,0.0,5.0
2026-05-06,uga,0,1,0.0,11.0
2026-05-06,ury,0,1,0.0,27.0
2026-05-06,ven,0,4,0.0,17.5
2026-05-06,vnm,0,10,0.0,32.2
2026-05-06,zaf,0,2,0.0,4.0
2026-05-07,are,0,1,0.0,9.0
2026-05-07,arg,0,4,0.0,5.75
2026-05-07,aus,0,1,0.0,10.0
2026-05-07,bel,0,1,0.0,8.0
2026-05-07,ben,0,1,0.0,10.0
2026-05-07,bgd,0,1,0.0,28.0
2026-05-07,bgr,0,1,0.0,8.0
2026-05-07,bih,0,1,0.0,20.0
2026-05-07,blr,0,1,0.0,5.0
2026-05-07,bol,0,4,0.0,19.0
2026-05-07,can,0,25,0.0,6.04
2026-05-07,chl,0,2,0.0,9.0
2026-05-07,chn,0,1,0.0,4.0
2026-05-07,col,0,1,0.0,44.0
2026-05-07,deu,0,3,0.0,7.0
2026-05-07,dza,0,1,0.0,49.0
2026-05-07,ecu,0,6,0.0,7.666666666666667
2026-05-07,egy,0,1,0.0,35.0
2026-05-07,esp,0,10,0.0,17.7
2026-05-07,est,0,1,0.0,9.0
2026-05-07,eth,0,3,0.0,16.333333333333336
2026-05-07,fra,0,13,0.0,28.76923076923077
2026-05-07,gbr,0,4,0.0,8.0
2026-05-07,geo,0,1,0.0,34.0
2026-05-07,gtm,0,1,0.0,9.0
2026-05-07,hkg,0,1,0.0,6.0
2026-05-07,hrv,0,1,0.0,6.0
2026-05-07,idn,0,4,0.0,4.75
2026-05-07,irl,0,6,0.0,9.833333333333334
2026-05-07,irq,0,6,0.0,34.0
2026-05-07,isr,0,1,0.0,3.0
2026-05-07,ita,0,2,0.0,13.5
2026-05-07,jam,0,1,0.0,6.0
2026-05-07,jor,0,3,0.0,20.333333333333332
2026-05-07,kaz,0,1,0.0,6.0
2026-05-07,ken,0,2,0.0,9.0
2026-05-07,kgz,0,1,0.0,27.0
2026-05-07,kor,0,16,0.0,6.1875
2026-05-07,kwt,0,1,0.0,49.0
2026-05-07,mar,0,2,0.0,9.0
2026-05-07,mex,0,2,0.0,14.5
2026-05-07,mlt,0,1,0.0,7.0
2026-05-07,nga,0,5,0.0,10.0
2026-05-07,nld,0,4,0.0,9.0
2026-05-07,nor,0,5,0.0,11.2
2026-05-07,npl,0,1,0.0,8.0
2026-05-07,omn,0,1,0.0,5.0
2026-05-07,pak,0,2,0.0,19.5
2026-05-07,pan,0,3,0.0,35.666666666666664
2026-05-07,per,0,2,0.0,28.0
2026-05-07,phl,0,3,0.0,7.333333333333333
2026-05-07,pol,0,2,0.0,7.0
2026-05-07,prt,0,23,0.0,8.826086956521738
2026-05-07,pse,0,1,0.0,42.0
2026-05-07,rou,0,3,0.0,15.333333333333334
2026-05-07,rus,0,3,0.0,11.333333333333334
2026-05-07,sau,0,1,0.0,37.0
2026-05-07,svk,0,1,0.0,7.0
2026-05-07,swe,0,1,0.0,10.0
2026-05-07,syr,0,2,0.0,41.5
2026-05-07,tha,0,1,0.0,5.0
2026-05-07,tun,0,3,0.0,19.666666666666668
2026-05-07,tur,0,3,0.0,14.0
2026-05-07,usa,0,228,0.0,5.5394736842105265
2026-05-07,uzb,0,2,0.0,35.0
2026-05-07,ven,0,1,0.0,11.0
2026-05-07,vnm,0,6,0.0,17.0
2026-05-07,zaf,0,2,0.0,8.5
2026-05-08,ago,0,1,0.0,6.0
2026-05-08,are,0,5,0.0,11.0
2026-05-08,arg,0,6,0.0,9.166666666666666
2026-05-08,arm,0,1,0.0,7.0
2026-05-08,aut,0,3,0.0,21.333333333333332
2026-05-08,aze,0,1,0.0,50.0
2026-05-08,bel,0,1,0.0,9.0
2026-05-08,bgd,0,1,0.0,35.0
2026-05-08,bgr,0,1,0.0,8.0
2026-05-08,bhs,0,1,0.0,2.0
2026-05-08,blr,0,1,0.0,14.0
2026-05-08,bol,0,1,0.0,6.0
2026-05-08,can,0,9,0.0,7.666666666666667
2026-05-08,che,0,2,0.0,6.0
2026-05-08,chl,0,4,0.0,7.5
2026-05-08,chn,0,1,0.0,3.0
2026-05-08,cmr,0,2,0.0,11.0
2026-05-08,cub,0,1,0.0,4.0
2026-05-08,cyp,0,1,0.0,7.0
2026-05-08,deu,0,8,0.0,16.625
2026-05-08,dza,0,1,0.0,3.0
2026-05-08,esp,0,1,0.0,9.0
2026-05-08,est,0,1,0.0,11.0
2026-05-08,eth,0,1,0.0,13.0
2026-05-08,fra,0,8,0.0,7.75
2026-05-08,gbr,0,4,0.0,13.5
2026-05-08,gmb,0,1,0.0,9.0
2026-05-08,gtm,0,1,0.0,10.0
2026-05-08,guf,0,1,0.0,10.0
2026-05-08,hkg,0,1,0.0,39.0
2026-05-08,idn,0,5,0.0,6.0
2026-05-08,irl,0,2,0.0,10.0
2026-05-08,irn,0,1,0.0,5.0
2026-05-08,irq,0,3,0.0,27.0
2026-05-08,isr,0,1,0.0,10.0
2026-05-08,ita,0,7,0.0,11.0
2026-05-08,jam,0,1,0.0,4.0
2026-05-08,jor,0,1,0.0,9.0
2026-05-08,jpn,0,1,0.0,31.0
2026-05-08,khm,0,1,0.0,5.0
2026-05-08,kor,0,6,0.0,6.666666666666667
2026-05-08,lby,0,1,0.0,8.0
2026-05-08,mar,0,6,0.0,6.166666666666667
2026-05-08,mex,0,4,0.0,3.5
2026-05-08,mmr,0,1,0.0,2.0
2026-05-08,moz,0,5,0.0,6.2
2026-05-08,mys,0,3,0.0,5.333333333333333
2026-05-08,nga,0,2,0.0,9.5
2026-05-08,nld,0,2,0.0,30.0
2026-05-08,nor,0,3,0.0,12.0
2026-05-08,pak,0,4,0.0,8.25
2026-05-08,pan,0,1,0.0,31.0
2026-05-08,per,0,3,0.0,10.333333333333334
2026-05-08,phl,0,3,0.0,2.0
2026-05-08,pol,0,1,0.0,24.0
2026-05-08,pry,0,6,0.0,9.5
2026-05-08,pyf,0,1,0.0,52.0
2026-05-08,rou,0,1,0.0,2.0
2026-05-08,rus,0,3,0.0,30.333333333333332
2026-05-08,sau,0,1,0.0,34.0
2026-05-08,sen,0,1,0.0,46.0
2026-05-08,srb,0,1,0.0,1.0
2026-05-08,svk,0,2,0.0,10.0
2026-05-08,tha,0,1,0.0,4.0
2026-05-08,tun,0,2,0.0,12.5
2026-05-08,tur,0,1,0.0,7.0
2026-05-08,uga,0,2,0.0,10.0
2026-05-08,ukr,0,1,0.0,8.0
2026-05-08,ury,0,3,0.0,4.333333333333334
2026-05-08,ven,0,2,0.0,9.0
2026-05-08,vnm,0,5,0.0,11.2
2026-05-08,zaf,0,3,0.0,9.0
2026-05-09,ago,0,1,0.0,5.0
2026-05-09,alb,0,1,0.0,6.0
2026-05-09,are,0,6,0.0,7.333333333333333
2026-05-09,arg,0,13,0.0,9.615384615384615
2026-05-09,aus,0,2,0.0,7.0
2026-05-09,aut,0,2,0.0,12.5
2026-05-09,bel,0,5,0.0,22.4
2026-05-09,bgd,0,3,0.0,5.0
2026-05-09,blr,0,1,0.0,7.0
2026-05-09,bol,0,5,0.0,5.6
2026-05-09,can,0,10,0.0,5.1
2026-05-09,che,0,2,0.0,9.0
2026-05-09,chl,0,2,0.0,9.0
2026-05-09,cmr,0,3,0.0,6.0
2026-05-09,cod,0,1,0.0,9.0
2026-05-09,col,0,3,0.0,9.666666666666666
2026-05-09,cyp,0,2,0.0,2.0
2026-05-09,deu,0,8,0.0,9.375
2026-05-09,dnk,0,1,0.0,13.0
2026-05-09,dom,0,5,0.0,6.0
2026-05-09,esp,0,8,0.0,32.625
2026-05-09,eth,0,1,0.0,6.0
2026-05-09,fra,0,13,0.0,9.538461538461538
2026-05-09,gbr,0,6,0.0,11.166666666666666
2026-05-09,grc,0,1,0.0,8.0
2026-05-09,grd,0,3,0.0,11.666666666666666
2026-05-09,idn,0,3,0.0,13.666666666666666
2026-05-09,ind,0,9,0.0,9.11111111111111
2026-05-09,irl,0,9,0.0,15.222222222222221
2026-05-09,irq,0,3,0.0,9.333333333333334
2026-05-09,isr,0,1,0.0,9.0
2026-05-09,ita,0,1,0.0,4.0
2026-05-09,jor,0,1,0.0,7.0
2026-05-09,jpn,0,3,0.0,13.666666666666666
2026-05-09,ken,0,1,0.0,11.0
2026-05-09,khm,0,1,0.0,4.0
2026-05-09,kor,0,28,0.0,6.571428571428571
2026-05-09,kwt,0,1,0.0,4.0
2026-05-09,lca,0,1,0.0,7.0
2026-05-09,mar,0,1,0.0,2.0
2026-05-09,mex,0,3,0.0,5.333333333333333
2026-05-09,mkd,0,2,0.0,8.0
2026-05-09,moz,0,4,0.0,26.0
2026-05-09,mys,0,2,0.0,13.5
2026-05-09,nga,0,3,0.0,11.333333333333334
2026-05-09,nld,0,4,0.0,10.75
2026-05-09,nor,0,3,0.0,9.666666666666666
2026-05-09,per,0,1,0.0,7.0
2026-05-09,phl,0,1,0.0,7.0
2026-05-09,prt,0,18,0.0,13.055555555555555
2026-05-09,pry,0,1,0.0,10.0
2026-05-09,rou,0,1,0.0,3.0
2026-05-09,rus,0,2,0.0,7.0
2026-05-09,rwa,0,1,0.0,11.0
2026-05-09,sau,0,1,0.0,4.0
2026-05-09,sen,0,1,0.0,2.0
2026-05-09,swe,0,2,0.0,6.5
2026-05-09,tgo,0,1,0.0,54.0
2026-05-09,tur,0,1,0.0,8.0
2026-05-09,twn,0,1,0.0,12.0
2026-05-09,uga,0,2,0.0,5.0
2026-05-09,ukr,0,1,0.0,5.0
2026-05-09,ven,0,1,0.0,9.0
2026-05-09,vnm,0,3,0.0,16.0
2026-05-09,zaf,0,2,0.0,3.5
2026-05-10,ago,0,3,0.0,5.666666666666667
2026-05-10,are,0,9,0.0,9.555555555555555
2026-05-10,arg,0,4,0.0,11.25
2026-05-10,aze,0,1,0.0,6.0
2026-05-10,ben,0,1,0.0,5.0
2026-05-10,bgd,0,5,0.0,6.4
2026-05-10,blr,0,1,0.0,16.0
2026-05-10,bol,0,6,0.0,5.5
2026-05-10,can,0,5,0.0,17.2
2026-05-10,che,0,1,0.0,18.0
2026-05-10,chl,0,1,0.0,9.0
2026-05-10,chn,0,1,0.0,10.0
2026-05-10,cod,0,3,0.0,12.0
2026-05-10,col,0,1,0.0,23.0
2026-05-10,cri,0,1,0.0,9.0
2026-05-10,cyp,0,1,0.0,4.0
2026-05-10,dza,0,1,0.0,23.0
2026-05-10,ecu,0,4,0.0,7.75
2026-05-10,egy,0,1,0.0,2.0
2026-05-10,esp,0,2,0.0,7.5
2026-05-10,fin,0,2,0.0,8.0
2026-05-10,fra,0,13,0.0,7.6923076923076925
2026-05-10,gab,0,1,0.0,9.0
2026-05-10,gbr,0,6,0.0,9.333333333333334
2026-05-10,idn,0,2,0.0,9.0
2026-05-10,ind,0,6,0.0,14.0
2026-05-10,irn,0,6,0.0,4.0
2026-05-10,irq,0,5,0.0,14.4
2026-05-10,ita,0,3,0.0,10.0
2026-05-10,jam,0,1,0.0,1.0
2026-05-10,jpn,0,4,0.0,9.25
2026-05-10,kor,0,5,0.0,6.2
2026-05-10,kwt,0,1,0.0,8.0
2026-05-10,lux,0,1,0.0,12.0
2026-05-10,mar,0,2,0.0,35.5
2026-05-10,mex,0,6,0.0,14.333333333333334
2026-05-10,moz,0,2,0.0,6.5
2026-05-10,nga,0,3,0.0,10.666666666666666
2026-05-10,nld,0,2,0.0,8.0
2026-05-10,nor,0,1,0.0,7.0
2026-05-10,npl,0,1,0.0,6.0
2026-05-10,pak,0,4,0.0,5.25
2026-05-10,phl,0,2,0.0,24.0
2026-05-10,prt,0,21,0.0,10.333333333333334
2026-05-10,pry,0,2,0.0,8.0
2026-05-10,rus,0,1,0.0,26.0
2026-05-10,sau,0,2,0.0,6.0
2026-05-10,sgp,0,2,0.0,3.0
2026-05-10,swe,0,2,0.0,19.0
2026-05-10,tun,0,2,0.0,34.0
2026-05-10,tur,0,2,0.0,16.5
2026-05-10,ukr,0,1,0.0,2.0
2026-05-10,ury,0,2,0.0,7.5
2026-05-10,ven,0,2,0.0,7.0
2026-05-10,vnm,0,12,0.0,10.75
2026-05-11,are,0,1,0.0,7.0
2026-05-11,arg,0,6,0.0,10.5
2026-05-11,aus,0,2,0.0,43.0
2026-05-11,aut,0,2,0.0,26.0
2026-05-11,bel,0,2,0.0,5.5
2026-05-11,bgd,0,3,0.0,8.0
2026-05-11,bih,0,1,0.0,16.0
2026-05-11,bol,0,4,0.0,7.0
2026-05-11,can,0,2,0.0,3.0
2026-05-11,chl,0,4,0.0,11.0
2026-05-11,chn,0,1,0.0,12.0
2026-05-11,civ,0,1,0.0,11.0
2026-05-11,cmr,0,1,0.0,9.0
2026-05-11,cod,0,1,0.0,8.0
2026-05-11,col,0,1,0.0,12.0
2026-05-11,deu,0,8,0.0,10.375
2026-05-11,dom,0,1,0.0,4.0
2026-05-11,ecu,0,3,0.0,6.666666666666667
2026-05-11,egy,0,1,0.0,8.0
2026-05-11,esp,0,3,0.0,7.666666666666667
2026-05-11,fra,0,6,0.0,7.166666666666667
2026-05-11,gbr,0,7,0.0,14.571428571428571
2026-05-11,geo,0,1,0.0,7.0
2026-05-11,grc,0,1,0.0,12.0
2026-05-11,idn,0,4,0.0,6.75
2026-05-11,irq,0,4,0.0,22.25
2026-05-11,ita,0,5,0.0,7.8
2026-05-11,jam,0,1,0.0,44.0
2026-05-11,jor,0,1,0.0,34.0
2026-05-11,jpn,0,4,0.0,17.5
2026-05-11,ken,0,1,0.0,3.0
2026-05-11,kor,0,16,0.0,7.0
2026-05-11,ltu,0,1,0.0,10.0
2026-05-11,mar,0,1,0.0,71.0
2026-05-11,mex,0,7,0.0,13.571428571428571
2026-05-11,mkd,0,1,0.0,10.0
2026-05-11,mys,0,3,0.0,8.666666666666668
2026-05-11,nga,0,1,0.0,1.0
2026-05-11,nld,0,2,0.0,6.0
2026-05-11,nor,0,1,0.0,12.0
2026-05-11,nzl,0,1,0.0,38.0
2026-05-11,pak,0,6,0.0,14.166666666666666
2026-05-11,per,0,1,0.0,12.0
2026-05-11,phl,0,2,0.0,7.0
2026-05-11,prt,0,16,0.0,11.6875
2026-05-11,qat,0,1,0.0,3.0
2026-05-11,rus,0,1,0.0,6.0
2026-05-11,rwa,0,1,0.0,12.0
2026-05-11,sau,0,1,0.0,32.0
2026-05-11,svn,0,1,0.0,9.0
2026-05-11,tkm,0,1,0.0,9.0
2026-05-11,tto,0,6,0.0,5.666666666666667
2026-05-11,tur,0,4,0.0,16.5
2026-05-11,ury,0,4,0.0,16.5
2026-05-11,ven,0,4,0.0,12.5
2026-05-11,vnm,0,6,0.0,8.0
2026-05-11,zzz,0,1,0.0,78.0
2026-05-12,ago,0,2,0.0,12.0
2026-05-12,are,0,1,0.0,21.0
2026-05-12,arg,0,4,0.0,8.75
2026-05-12,aus,0,4,0.0,34.75
2026-05-12,aut,0,1,0.0,11.0
2026-05-12,bel,0,2,0.0,6.0
2026-05-12,bgd,0,1,0.0,5.0
2026-05-12,blr,0,1,0.0,7.0
2026-05-12,bol,0,1,0.0,5.0
2026-05-12,can,0,9,0.0,6.222222222222222
2026-05-12,che,0,1,0.0,11.0
2026-05-12,chl,0,1,0.0,7.0
2026-05-12,chn,0,6,0.0,5.666666666666667
2026-05-12,cod,0,1,0.0,7.0
2026-05-12,cri,0,2,0.0,6.5
2026-05-12,deu,0,5,0.0,13.6
2026-05-12,dza,0,3,0.0,7.666666666666667
2026-05-12,ecu,0,1,0.0,42.0
2026-05-12,esp,0,5,0.0,5.8
2026-05-12,fra,0,11,0.0,10.363636363636363
2026-05-12,gbr,0,3,0.0,12.333333333333334
2026-05-12,grc,0,3,0.0,11.0
2026-05-12,hrv,0,1,0.0,6.0
2026-05-12,idn,0,7,0.0,7.714285714285714
2026-05-12,ind,0,10,0.0,2.8
2026-05-12,irl,0,2,0.0,4.0
2026-05-12,irn,0,1,0.0,6.0
2026-05-12,irq,0,5,0.0,8.0
2026-05-12,isr,0,1,0.0,35.0
2026-05-12,ita,0,2,0.0,7.0
2026-05-12,jpn,0,2,0.0,10.0
2026-05-12,kaz,0,1,0.0,3.0
2026-05-12,kor,0,12,0.0,7.083333333333333
2026-05-12,lbn,0,1,0.0,9.0
2026-05-12,mar,0,4,0.0,7.75
2026-05-12,mex,0,8,0.0,5.0
2026-05-12,moz,0,4,0.0,10.0
2026-05-12,mys,0,1,0.0,4.0
2026-05-12,nga,0,1,0.0,10.0
2026-05-12,nld,0,2,0.0,9.5
2026-05-12,nor,0,1,0.0,7.0
2026-05-12,npl,0,1,0.0,9.0
2026-05-12,per,0,3,0.0,4.333333333333334
2026-05-12,phl,0,2,0.0,30.0
2026-05-12,pol,0,4,0.0,17.25
2026-05-12,prt,0,10,0.0,9.6
2026-05-12,pry,0,5,0.0,8.8
2026-05-12,pse,0,1,0.0,4.0
2026-05-12,rou,0,2,0.0,6.5
2026-05-12,sau,0,1,0.0,9.0
2026-05-12,som,0,1,0.0,12.0
2026-05-12,stp,0,1,0.0,10.0
2026-05-12,swe,0,2,0.0,11.5
2026-05-12,tha,0,1,0.0,11.0
2026-05-12,tjk,0,1,0.0,11.0
2026-05-12,tun,0,1,0.0,7.0
2026-05-12,tur,0,1,0.0,42.0
2026-05-12,uga,0,2,0.0,15.0
2026-05-12,ukr,0,3,0.0,55.333333333333336
2026-05-12,vnm,0,4,0.0,12.0
2026-05-12,xkk,0,1,0.0,4.0
2026-05-13,ago,0,4,0.0,14.0
2026-05-13,arg,0,3,0.0,7.333333333333333
2026-05-13,aus,0,3,0.0,41.666666666666664
2026-05-13,bel,0,1,0.0,7.0
2026-05-13,bgd,0,2,0.0,23.5
2026-05-13,bol,0,1,0.0,8.0
2026-05-13,can,0,3,0.0,7.666666666666667
2026-05-13,chl,0,6,0.0,5.5
2026-05-13,civ,0,1,0.0,11.0
2026-05-13,cod,0,1,0.0,11.0
2026-05-13,cze,0,1,0.0,3.0
2026-05-13,deu,0,3,0.0,8.333333333333332
2026-05-13,dnk,0,1,0.0,10.0
2026-05-13,ecu,0,1,0.0,9.0
2026-05-13,egy,0,1,0.0,4.0
2026-05-13,esp,0,8,0.0,7.125
2026-05-13,fin,0,2,0.0,18.5
2026-05-13,fra,0,10,0.0,9.3
2026-05-13,gbr,0,7,0.0,13.142857142857142
2026-05-13,grc,0,2,0.0,9.5
2026-05-13,gtm,0,1,0.0,3.0
2026-05-13,idn,0,3,0.0,5.0
2026-05-13,ind,0,7,0.0,11.0
2026-05-13,irl,0,1,0.0,73.0
2026-05-13,irn,0,1,0.0,11.0
2026-05-13,irq,0,2,0.0,4.0
2026-05-13,ita,0,5,0.0,7.6
2026-05-13,jpn,0,3,0.0,11.333333333333334
2026-05-13,khm,0,1,0.0,4.0
2026-05-13,kor,0,11,0.0,6.545454545454546
2026-05-13,mar,0,2,0.0,40.0
2026-05-13,mex,0,8,0.0,9.5
2026-05-13,mng,0,1,0.0,24.0
2026-05-13,moz,0,1,0.0,5.0
2026-05-13,mys,0,2,0.0,7.5
2026-05-13,ner,0,1,0.0,10.0
2026-05-13,nga,0,8,0.0,3.375
2026-05-13,nld,0,1,0.0,9.0
2026-05-13,nor,0,1,0.0,10.0
2026-05-13,nzl,0,1,0.0,15.0
2026-05-13,pak,0,2,0.0,8.0
2026-05-13,pan,0,2,0.0,6.5
2026-05-13,pol,0,2,0.0,6.5
2026-05-13,pry,0,2,0.0,4.5
2026-05-13,swe,0,2,0.0,8.5
2026-05-13,syr,0,1,0.0,9.0
2026-05-13,tha,0,2,0.0,14.0
2026-05-13,tun,0,1,0.0,2.0
2026-05-13,tur,0,1,0.0,5.0
2026-05-13,tza,0,2,0.0,12.0
2026-05-13,ury,0,2,0.0,6.0
2026-05-13,usa,0,131,0.0,8.709923664122137
2026-05-13,ven,0,1,0.0,10.0
2026-05-13,vnm,0,5,0.0,20.4
2026-05-13,zaf,0,4,0.0,12.5
2026-05-14,are,0,2,0.0,10.0
2026-05-14,arg,0,7,0.0,6.0
2026-05-14,aus,0,1,0.0,4.0
2026-05-14,bfa,0,1,0.0,9.0
2026-05-14,bgr,0,2,0.0,9.0
2026-05-14,bhr,0,1,0.0,6.0
2026-05-14,blr,0,1,0.0,5.0
2026-05-14,bol,0,1,0.0,5.0
2026-05-14,can,0,10,0.0,10.4
2026-05-14,che,0,2,0.0,5.0
2026-05-14,chl,0,5,0.0,6.0
2026-05-14,chn,0,1,0.0,3.0
2026-05-14,cod,0,2,0.0,4.5
2026-05-14,col,0,1,0.0,9.0
2026-05-14,deu,0,12,0.0,10.166666666666666
2026-05-14,dnk,0,1,0.0,11.0
2026-05-14,egy,0,1,0.0,2.0
2026-05-14,esp,0,7,0.0,8.571428571428571
2026-05-14,fra,0,12,0.0,5.5
2026-05-14,grc,0,1,0.0,22.0
2026-05-14,hkg,0,2,0.0,8.5
2026-05-14,idn,0,4,0.0,4.0
2026-05-14,ind,0,6,0.0,6.833333333333333
2026-05-14,ita,0,6,0.0,8.5
2026-05-14,jpn,0,2,0.0,7.5
2026-05-14,khm,0,1,0.0,11.0
2026-05-14,kor,0,18,0.0,5.0
2026-05-14,lka,0,1,0.0,7.0
2026-05-14,ltu,0,1,0.0,11.0
2026-05-14,lux,0,1,0.0,4.0
2026-05-14,mar,0,1,0.0,5.0
2026-05-14,mex,0,5,0.0,7.6
2026-05-14,moz,0,1,0.0,7.0
2026-05-14,nga,0,1,0.0,2.0
2026-05-14,nic,0,1,0.0,6.0
2026-05-14,nld,0,1,0.0,3.0
2026-05-14,nor,0,2,0.0,6.0
2026-05-14,nzl,0,1,0.0,11.0
2026-05-14,pol,0,2,0.0,9.5
2026-05-14,prt,0,18,0.0,8.333333333333332
2026-05-14,pry,0,4,0.0,7.25
2026-05-14,rus,0,1,0.0,12.0
2026-05-14,sau,0,1,0.0,16.0
2026-05-14,swe,0,1,0.0,7.0
2026-05-14,tha,0,3,0.0,9.666666666666666
2026-05-14,tun,0,1,0.0,6.0
2026-05-14,tur,0,5,0.0,7.2
2026-05-14,twn,0,1,0.0,11.0
2026-05-14,uga,0,1,0.0,10.0
2026-05-14,ven,0,1,0.0,5.0
2026-05-14,vnm,0,21,0.0,21.238095238095237
2026-05-14,zmb,0,1,0.0,5.0
2026-05-15,ago,0,3,0.0,15.0
2026-05-15,are,0,1,0.0,7.0
2026-05-15,arg,0,11,0.0,21.363636363636363
2026-05-15,arm,0,1,0.0,9.0
2026-05-15,aus,0,2,0.0,7.5
2026-05-15,aze,0,2,0.0,17.5
2026-05-15,bel,0,3,0.0,9.666666666666666
2026-05-15,bgd,0,1,0.0,11.0
2026-05-15,bol,0,1,0.0,6.0
2026-05-15,can,0,10,0.0,16.5
2026-05-15,che,0,2,0.0,8.0
2026-05-15,chl,0,10,0.0,7.9
2026-05-15,chn,0,1,0.0,9.0
2026-05-15,civ,0,1,0.0,6.0
2026-05-15,cod,0,1,0.0,5.0
2026-05-15,col,0,5,0.0,11.8
2026-05-15,deu,0,15,0.0,7.2
2026-05-15,dnk,0,2,0.0,8.5
2026-05-15,ecu,0,2,0.0,17.5
2026-05-15,egy,0,1,0.0,49.0
2026-05-15,esp,0,3,0.0,11.333333333333334
2026-05-15,fra,0,11,0.0,6.909090909090909
2026-05-15,gbr,0,5,0.0,10.6
2026-05-15,gha,0,1,0.0,6.0
2026-05-15,grc,0,2,0.0,7.0
2026-05-15,gtm,0,2,0.0,5.0
2026-05-15,hnd,0,1,0.0,10.0
2026-05-15,hrv,0,1,0.0,13.0
2026-05-15,hti,0,1,0.0,11.0
2026-05-15,idn,0,1,0.0,2.0
2026-05-15,ind,0,1,0.0,41.0
2026-05-15,irl,0,1,0.0,6.0
2026-05-15,irq,0,1,0.0,29.0
2026-05-15,isr,0,1,0.0,44.0
2026-05-15,ita,0,6,0.0,9.333333333333334
2026-05-15,jpn,0,1,0.0,21.0
2026-05-15,kor,0,9,0.0,6.0
2026-05-15,lbn,0,2,0.0,1.5
2026-05-15,mar,0,2,0.0,23.5
2026-05-15,mex,0,8,0.0,18.5
2026-05-15,moz,0,3,0.0,5.666666666666667
2026-05-15,mtq,0,1,0.0,10.0
2026-05-15,nga,0,5,0.0,13.6
2026-05-15,nld,0,2,0.0,10.0
2026-05-15,nor,0,4,0.0,2.75
2026-05-15,nzl,0,1,0.0,25.0
2026-05-15,omn,0,1,0.0,14.0
2026-05-15,pak,0,2,0.0,26.5
2026-05-15,per,0,2,0.0,19.0
2026-05-15,phl,0,2,0.0,5.0
2026-05-15,prt,0,18,0.0,10.333333333333334
2026-05-15,pry,0,2,0.0,5.0
2026-05-15,qat,0,1,0.0,10.0
2026-05-15,rou,0,1,0.0,15.0
2026-05-15,rus,0,1,0.0,40.0
2026-05-15,sau,0,2,0.0,7.5
2026-05-15,sgp,0,4,0.0,5.0
2026-05-15,tgo,0,1,0.0,45.0
2026-05-15,tha,0,3,0.0,16.666666666666664
2026-05-15,tun,0,1,0.0,8.0
2026-05-15,tur,0,3,0.0,6.0
2026-05-15,ury,0,1,0.0,3.0
2026-05-15,usa,0,185,0.0,7.702702702702703
2026-05-15,ven,0,3,0.0,19.666666666666668
2026-05-15,vnm,0,1,0.0,41.0
2026-05-15,zaf,0,2,0.0,18.5
2026-05-16,are,0,3,0.0,7.333333333333333
2026-05-16,arg,0,2,0.0,26.5
2026-05-16,aus,0,3,0.0,18.333333333333332
2026-05-16,aut,0,2,0.0,6.5
2026-05-16,aze,0,1,0.0,35.0
2026-05-16,bel,0,2,0.0,7.0
2026-05-16,bgd,0,2,0.0,38.5
2026-05-16,bol,0,2,0.0,18.0
2026-05-16,can,0,10,0.0,6.1
2026-05-16,che,0,1,0.0,8.0
2026-05-16,chl,0,6,0.0,8.833333333333332
2026-05-16,civ,0,1,0.0,15.0
2026-05-16,cmr,0,3,0.0,10.0
2026-05-16,cod,0,1,0.0,6.0
2026-05-16,col,0,4,0.0,9.25
2026-05-16,cri,0,2,0.0,9.5
2026-05-16,cze,0,1,0.0,10.0
2026-05-16,deu,0,7,0.0,8.0
2026-05-16,dza,0,2,0.0,5.5
2026-05-16,ecu,0,1,0.0,1.0
2026-05-16,esp,0,7,0.0,12.285714285714286
2026-05-16,fra,0,13,0.0,6.230769230769231
2026-05-16,gab,0,1,0.0,10.0
2026-05-16,gbr,0,3,0.0,10.333333333333334
2026-05-16,gha,0,1,0.0,8.0
2026-05-16,hkg,0,1,0.0,5.0
2026-05-16,hrv,0,2,0.0,11.0
2026-05-16,idn,0,6,0.0,5.333333333333333
2026-05-16,ind,0,4,0.0,18.0
2026-05-16,irl,0,1,0.0,9.0
2026-05-16,irq,0,4,0.0,43.25
2026-05-16,ita,0,2,0.0,12.0
2026-05-16,jam,0,1,0.0,10.0
2026-05-16,jpn,0,3,0.0,12.666666666666666
2026-05-16,kaz,0,2,0.0,27.5
2026-05-16,ken,0,2,0.0,10.5
2026-05-16,kor,0,11,0.0,5.636363636363637
2026-05-16,lva,0,1,0.0,4.0
2026-05-16,mex,0,5,0.0,16.0
2026-05-16,moz,0,2,0.0,6.5
2026-05-16,nga,0,1,0.0,42.0
2026-05-16,nld,0,4,0.0,10.0
2026-05-16,nor,0,9,0.0,1.6666666666666665
2026-05-16,npl,0,2,0.0,2.0
2026-05-16,pak,0,1,0.0,43.0
2026-05-16,pan,0,2,0.0,6.5
2026-05-16,per,0,6,0.0,18.166666666666668
2026-05-16,phl,0,1,0.0,49.0
2026-05-16,pol,0,4,0.0,10.5
2026-05-16,prt,0,20,0.0,10.7
2026-05-16,pry,0,3,0.0,6.666666666666667
2026-05-16,rou,0,1,0.0,11.0
2026-05-16,sau,0,2,0.0,26.0
2026-05-16,sgp,0,5,0.0,14.4
2026-05-16,som,0,1,0.0,8.0
2026-05-16,swe,0,3,0.0,11.666666666666666
2026-05-16,tun,0,1,0.0,7.0
2026-05-16,twn,0,1,0.0,11.0
2026-05-16,ukr,0,1,0.0,10.0
2026-05-16,ury,0,4,0.0,14.75
2026-05-16,vnm,0,5,0.0,33.2
2026-05-17,ago,0,4,0.0,4.25
2026-05-17,are,0,4,0.0,9.5
2026-05-17,arg,0,10,0.0,18.0
2026-05-17,aus,0,3,0.0,23.0
2026-05-17,aut,0,1,0.0,10.0
2026-05-17,bel,0,2,0.0,5.0
2026-05-17,bol,0,1,0.0,6.0
2026-05-17,can,0,12,0.0,9.583333333333334
2026-05-17,che,0,5,0.0,10.2
2026-05-17,chl,0,1,0.0,9.0
2026-05-17,civ,0,1,0.0,6.0
2026-05-17,col,0,3,0.0,14.0
2026-05-17,cri,0,1,0.0,7.0
2026-05-17,cyp,0,1,0.0,8.0
2026-05-17,deu,0,2,0.0,7.5
2026-05-17,dnk,0,2,0.0,12.5
2026-05-17,dza,0,1,0.0,7.0
2026-05-17,esp,0,9,0.0,15.444444444444445
2026-05-17,fra,0,10,0.0,5.8
2026-05-17,gbr,0,10,0.0,15.5
2026-05-17,gha,0,1,0.0,12.0
2026-05-17,idn,0,7,0.0,6.571428571428571
2026-05-17,ind,0,10,0.0,22.8
2026-05-17,irn,0,1,0.0,10.0
2026-05-17,irq,0,2,0.0,27.0
2026-05-17,jpn,0,3,0.0,11.333333333333334
2026-05-17,kaz,0,1,0.0,33.0
2026-05-17,kor,0,17,0.0,5.529411764705882
2026-05-17,ltu,0,1,0.0,11.0
2026-05-17,mar,0,1,0.0,4.0
2026-05-17,mex,0,1,0.0,46.0
2026-05-17,moz,0,1,0.0,3.0
2026-05-17,mys,0,1,0.0,1.0
2026-05-17,nga,0,2,0.0,24.0
2026-05-17,nor,0,4,0.0,4.75
2026-05-17,pak,0,2,0.0,27.0
2026-05-17,pan,0,2,0.0,4.5
2026-05-17,phl,0,4,0.0,17.0
2026-05-17,pol,0,1,0.0,9.0
2026-05-17,prt,0,16,0.0,8.3125
2026-05-17,pry,0,1,0.0,13.0
2026-05-17,rou,0,1,0.0,7.0
2026-05-17,rus,0,1,0.0,10.0
2026-05-17,rwa,0,1,0.0,7.0
2026-05-17,sgp,0,1,0.0,11.0
2026-05-17,svn,0,1,0.0,11.0
2026-05-17,swe,0,2,0.0,5.5
2026-05-17,tgo,0,1,0.0,4.0
2026-05-17,twn,0,3,0.0,6.333333333333333
2026-05-17,ukr,0,2,0.0,20.0
2026-05-17,ury,0,3,0.0,5.333333333333333
2026-05-17,usa,0,156,0.0,6.852564102564102
2026-05-17,vnm,0,4,0.0,15.75
2026-05-17,zaf,0,1,0.0,3.0
2026-05-18,are,0,13,0.0,9.0
2026-05-18,arg,0,9,0.0,12.444444444444445
2026-05-18,aus,0,5,0.0,16.0
2026-05-18,aut,0,1,0.0,3.0
2026-05-18,bel,0,5,0.0,8.4
2026-05-18,bol,0,9,0.0,7.444444444444445
2026-05-18,btn,0,1,0.0,11.0
2026-05-18,caf,0,1,0.0,11.0
2026-05-18,can,0,13,0.0,5.461538461538462
2026-05-18,che,0,5,0.0,29.4
2026-05-18,chl,0,2,0.0,4.5
2026-05-18,chn,0,1,0.0,10.0
2026-05-18,civ,0,1,0.0,38.0
2026-05-18,col,0,3,0.0,23.333333333333332
2026-05-18,cze,0,1,0.0,1.0
2026-05-18,deu,0,10,0.0,9.5
2026-05-18,dnk,0,1,0.0,9.0
2026-05-18,dom,0,1,0.0,4.0
2026-05-18,egy,0,1,0.0,4.0
2026-05-18,esp,0,8,0.0,6.5
2026-05-18,fra,0,9,0.0,7.555555555555555
2026-05-18,gbr,0,8,0.0,18.125
2026-05-18,geo,0,1,0.0,5.0
2026-05-18,gha,0,1,0.0,6.0
2026-05-18,gtm,0,1,0.0,9.0
2026-05-18,hkg,0,1,0.0,5.0
2026-05-18,hrv,0,1,0.0,6.0
2026-05-18,hun,0,3,0.0,9.333333333333334
2026-05-18,idn,0,4,0.0,6.0
2026-05-18,ind,0,6,0.0,12.0
2026-05-18,irl,0,1,0.0,9.0
2026-05-18,irn,0,1,0.0,5.0
2026-05-18,irq,0,2,0.0,85.5
2026-05-18,isl,0,2,0.0,7.0
2026-05-18,isr,0,1,0.0,58.0
2026-05-18,ita,0,5,0.0,7.8
2026-05-18,jpn,0,4,0.0,9.75
2026-05-18,kaz,0,1,0.0,43.0
2026-05-18,kor,0,22,0.0,5.090909090909091
2026-05-18,kwt,0,1,0.0,4.0
2026-05-18,lbn,0,1,0.0,4.0
2026-05-18,lka,0,1,0.0,7.0
2026-05-18,ltu,0,2,0.0,24.0
2026-05-18,mar,0,2,0.0,15.0
2026-05-18,mex,0,3,0.0,10.0
2026-05-18,mmr,0,1,0.0,3.0
2026-05-18,moz,0,2,0.0,7.0
2026-05-18,mys,0,2,0.0,5.0
2026-05-18,nld,0,1,0.0,10.0
2026-05-18,pak,0,1,0.0,38.0
2026-05-18,per,0,4,0.0,17.5
2026-05-18,phl,0,1,0.0,1.0
2026-05-18,prt,0,15,0.0,7.533333333333333
2026-05-18,pry,0,6,0.0,13.333333333333334
2026-05-18,rou,0,3,0.0,10.666666666666666
2026-05-18,rus,0,2,0.0,27.5
2026-05-18,svn,0,1,0.0,4.0
2026-05-18,tha,0,3,0.0,11.333333333333334
2026-05-18,tur,0,1,0.0,19.0
2026-05-18,twn,0,1,0.0,10.0
2026-05-18,usa,0,195,0.0,7.953846153846154
2026-05-18,ven,0,12,0.0,10.916666666666666
2026-05-18,vnm,0,5,0.0,33.6
2026-05-18,zaf,0,2,0.0,10.0
2026-05-18,zmb,0,1,0.0,6.0
2026-05-19,ago,0,4,0.0,6.75
2026-05-19,are,0,7,0.0,9.285714285714286
2026-05-19,arg,0,10,0.0,16.5
2026-05-19,aut,0,1,0.0,14.0
2026-05-19,bel,0,2,0.0,11.0
2026-05-19,bgd,0,1,0.0,9.0
2026-05-19,che,0,2,0.0,6.0
2026-05-19,chl,0,2,0.0,1.0
2026-05-19,chn,0,1,0.0,4.0
2026-05-19,civ,0,2,0.0,10.0
2026-05-19,cod,0,1,0.0,10.0
2026-05-19,deu,0,6,0.0,8.0
2026-05-19,dza,0,1,0.0,1.0
2026-05-19,ecu,0,1,0.0,47.0
2026-05-19,egy,0,2,0.0,8.0
2026-05-19,esp,0,12,0.0,5.333333333333333
2026-05-19,fra,0,6,0.0,9.333333333333334
2026-05-19,gbr,0,8,0.0,41.75
2026-05-19,gha,0,1,0.0,11.0
2026-05-19,hrv,0,3,0.0,6.666666666666667
2026-05-19,idn,0,4,0.0,5.25
2026-05-19,ind,0,6,0.0,8.0
2026-05-19,irl,0,2,0.0,8.5
2026-05-19,irn,0,1,0.0,4.0
2026-05-19,ita,0,6,0.0,7.5
2026-05-19,jpn,0,3,0.0,10.0
2026-05-19,khm,0,1,0.0,10.0
2026-05-19,kor,0,15,0.0,5.333333333333333
2026-05-19,lux,0,1,0.0,9.0
2026-05-19,mex,0,8,0.0,21.25
2026-05-19,mli,0,1,0.0,7.0
2026-05-19,moz,0,2,0.0,8.5
2026-05-19,nga,0,1,0.0,35.0
2026-05-19,nld,0,1,0.0,6.0
2026-05-19,nor,0,1,0.0,8.0
2026-05-19,pak,0,1,0.0,44.0
2026-05-19,per,0,1,0.0,43.0
2026-05-19,phl,0,2,0.0,31.0
2026-05-19,pol,0,2,0.0,9.0
2026-05-19,pry,0,1,0.0,8.0
2026-05-19,rou,0,1,0.0,4.0
2026-05-19,rus,0,3,0.0,16.333333333333336
2026-05-19,swe,0,2,0.0,12.0
2026-05-19,tto,0,1,0.0,26.0
2026-05-19,tur,0,3,0.0,4.666666666666666
2026-05-19,twn,0,2,0.0,11.5
2026-05-19,ukr,0,2,0.0,6.5
2026-05-19,ury,0,1,0.0,7.0
2026-05-19,usa,0,236,0.0,6.059322033898305
2026-05-19,ven,0,1,0.0,9.0
2026-05-19,vnm,0,4,0.0,11.5
2026-05-20,ago,0,3,0.0,7.666666666666667
2026-05-20,arg,0,4,0.0,15.75
2026-05-20,aus,0,1,0.0,5.0
2026-05-20,aut,0,1,0.0,1.0
2026-05-20,bfa,0,1,0.0,9.0
2026-05-20,bih,0,1,0.0,13.0
2026-05-20,bol,0,2,0.0,5.0
2026-05-20,can,0,14,0.0,5.214285714285714
2026-05-20,che,0,2,0.0,7.5
2026-05-20,chl,0,6,0.0,11.333333333333334
2026-05-20,chn,0,1,0.0,9.0
2026-05-20,col,0,1,0.0,42.0
2026-05-20,cpv,0,1,0.0,10.0
2026-05-20,deu,0,8,0.0,21.25
2026-05-20,egy,0,1,0.0,8.0
2026-05-20,fin,0,2,0.0,6.0
2026-05-20,fra,0,13,0.0,8.846153846153847
2026-05-20,gbr,0,16,0.0,24.75
2026-05-20,gha,0,1,0.0,11.0
2026-05-20,gtm,0,1,0.0,4.0
2026-05-20,idn,0,4,0.0,9.75
2026-05-20,ind,0,3,0.0,34.0
2026-05-20,irl,0,1,0.0,5.0
2026-05-20,irn,0,1,0.0,2.0
2026-05-20,ita,0,6,0.0,8.333333333333332
2026-05-20,jpn,0,2,0.0,6.5
2026-05-20,kor,0,15,0.0,5.066666666666666
2026-05-20,kwt,0,1,0.0,15.0
2026-05-20,lbn,0,1,0.0,4.0
2026-05-20,lux,0,1,0.0,1.0
2026-05-20,mar,0,1,0.0,49.0
2026-05-20,mex,0,2,0.0,11.5
2026-05-20,moz,0,3,0.0,6.666666666666667
2026-05-20,mys,0,1,0.0,5.0
2026-05-20,nga,0,5,0.0,11.6
2026-05-20,nld,0,5,0.0,6.4
2026-05-20,pak,0,1,0.0,7.0
2026-05-20,per,0,2,0.0,14.5
2026-05-20,phl,0,1,0.0,10.0
2026-05-20,pol,0,1,0.0,7.0
2026-05-20,prt,0,16,0.0,8.25
2026-05-20,pry,0,3,0.0,21.333333333333332
2026-05-20,rou,0,24,0.0,8.208333333333332
2026-05-20,rus,0,4,0.0,7.25
2026-05-20,sau,0,1,0.0,4.0
2026-05-20,srb,0,1,0.0,9.0
2026-05-20,svn,0,1,0.0,9.0
2026-05-20,swe,0,1,0.0,7.0
2026-05-20,tls,0,1,0.0,6.0
2026-05-20,tun,0,1,0.0,5.0
2026-05-20,tur,0,1,0.0,11.0
2026-05-20,twn,0,1,0.0,12.0
2026-05-20,uga,0,2,0.0,11.0
2026-05-20,ukr,0,2,0.0,16.5
2026-05-20,ury,0,3,0.0,6.0
2026-05-20,uzb,0,1,0.0,4.0
2026-05-20,ven,0,3,0.0,7.666666666666667
2026-05-20,vnm,0,4,0.0,15.25
2026-05-21,ago,0,2,0.0,5.5
2026-05-21,arg,0,3,0.0,8.333333333333332
2026-05-21,aus,0,2,0.0,3.5
2026-05-21,bel,0,5,0.0,8.2
2026-05-21,bgd,0,3,0.0,20.0
2026-05-21,bgr,0,1,0.0,4.0
2026-05-21,bih,0,1,0.0,5.0
2026-05-21,blr,0,3,0.0,12.666666666666666
2026-05-21,blz,0,1,0.0,1.0
2026-05-21,bol,0,1,0.0,5.0
2026-05-21,can,0,6,0.0,6.166666666666667
2026-05-21,che,0,3,0.0,10.333333333333334
2026-05-21,chl,0,9,0.0,8.444444444444445
2026-05-21,chn,0,2,0.0,2.5
2026-05-21,col,0,5,0.0,10.6
2026-05-21,com,0,1,0.0,11.0
2026-05-21,cri,0,1,0.0,3.0
2026-05-21,deu,0,11,0.0,7.909090909090909
2026-05-21,dom,0,2,0.0,1.0
2026-05-21,ecu,0,2,0.0,9.0
2026-05-21,esp,0,32,0.0,6.9375
2026-05-21,eth,0,1,0.0,1.0
2026-05-21,fra,0,10,0.0,13.5
2026-05-21,gbr,0,11,0.0,16.18181818181818
2026-05-21,gha,0,1,0.0,1.0
2026-05-21,grd,0,1,0.0,7.0
2026-05-21,guy,0,1,0.0,10.0
2026-05-21,hkg,0,5,0.0,7.8
2026-05-21,hrv,0,1,0.0,10.0
2026-05-21,hti,0,1,0.0,1.0
2026-05-21,idn,0,11,0.0,7.181818181818182
2026-05-21,ind,0,11,0.0,9.636363636363637
2026-05-21,irl,0,4,0.0,9.75
2026-05-21,irn,0,7,0.0,7.428571428571429
2026-05-21,irq,0,1,0.0,31.0
2026-05-21,isr,0,1,0.0,11.0
2026-05-21,jor,0,1,0.0,10.0
2026-05-21,jpn,0,2,0.0,34.0
2026-05-21,kor,0,19,0.0,4.789473684210526
2026-05-21,lbn,0,2,0.0,8.0
2026-05-21,ltu,0,1,0.0,7.0
2026-05-21,mac,0,1,0.0,1.0
2026-05-21,mar,0,1,0.0,15.0
2026-05-21,mex,0,2,0.0,7.5
2026-05-21,moz,0,3,0.0,8.333333333333332
2026-05-21,mys,0,2,0.0,4.0
2026-05-21,nga,0,3,0.0,9.0
2026-05-21,nic,0,1,0.0,7.0
2026-05-21,npl,0,2,0.0,4.0
2026-05-21,omn,0,1,0.0,6.0
2026-05-21,pan,0,1,0.0,6.0
2026-05-21,per,0,3,0.0,10.333333333333334
2026-05-21,phl,0,4,0.0,4.25
2026-05-21,pol,0,4,0.0,5.5
2026-05-21,prt,0,19,0.0,11.68421052631579
2026-05-21,rou,0,20,0.0,7.75
2026-05-21,rus,0,1,0.0,48.0
2026-05-21,sau,0,2,0.0,6.0
2026-05-21,swe,0,5,0.0,9.0
2026-05-21,tha,0,2,0.0,4.0
2026-05-21,tun,0,1,0.0,1.0
2026-05-21,tur,0,2,0.0,12.5
2026-05-21,twn,0,1,0.0,1.0
2026-05-21,uga,0,1,0.0,9.0
2026-05-21,vnm,0,5,0.0,16.8
2026-05-21,zmb,0,1,0.0,11.0
2026-05-22,are,0,1,0.0,3.0
2026-05-22,arg,0,6,0.0,18.166666666666668
2026-05-22,aus,0,2,0.0,5.0
2026-05-22,aut,0,1,0.0,9.0
2026-05-22,bgd,0,3,0.0,10.666666666666666
2026-05-22,bhr,0,1,0.0,4.0
2026-05-22,bol,0,2,0.0,5.5
2026-05-22,can,0,7,0.0,6.571428571428571
2026-05-22,che,0,7,0.0,26.571428571428573
2026-05-22,chl,0,3,0.0,7.333333333333333
2026-05-22,cog,0,1,0.0,35.0
2026-05-22,col,0,1,0.0,4.0
2026-05-22,cpv,0,1,0.0,10.0
2026-05-22,cyp,0,1,0.0,10.0
2026-05-22,deu,0,6,0.0,7.833333333333333
2026-05-22,ecu,0,1,0.0,5.0
2026-05-22,esp,0,8,0.0,8.5
2026-05-22,eth,0,1,0.0,10.0
2026-05-22,fra,0,18,0.0,9.222222222222221
2026-05-22,gbr,0,8,0.0,32.375
2026-05-22,grc,0,1,0.0,1.0
2026-05-22,hkg,0,2,0.0,11.5
2026-05-22,hnd,0,1,0.0,41.0
2026-05-22,idn,0,6,0.0,6.333333333333333
2026-05-22,ind,0,6,0.0,7.0
2026-05-22,irl,0,2,0.0,8.5
2026-05-22,irq,0,1,0.0,46.0
2026-05-22,ita,0,9,0.0,8.88888888888889
2026-05-22,jor,0,1,0.0,46.0
2026-05-22,jpn,0,3,0.0,17.0
2026-05-22,kor,0,21,0.0,5.0476190476190474
2026-05-22,kwt,0,2,0.0,5.0
2026-05-22,mar,0,1,0.0,14.0
2026-05-22,mex,0,2,0.0,6.5
2026-05-22,mkd,0,1,0.0,1.0
2026-05-22,moz,0,2,0.0,5.0
2026-05-22,mys,0,1,0.0,3.0
2026-05-22,nga,0,5,0.0,8.2
2026-05-22,nic,0,1,0.0,27.0
2026-05-22,nld,0,7,0.0,11.714285714285714
2026-05-22,npl,0,2,0.0,8.5
2026-05-22,omn,0,1,0.0,43.0
2026-05-22,pak,0,4,0.0,33.5
2026-05-22,per,0,8,0.0,6.0
2026-05-22,prt,0,17,0.0,7.9411764705882355
2026-05-22,rou,0,1,0.0,23.0
2026-05-22,rus,0,1,0.0,1.0
2026-05-22,sau,0,1,0.0,4.0
2026-05-22,slv,0,1,0.0,4.0
2026-05-22,ssd,0,2,0.0,8.5
2026-05-22,swe,0,4,0.0,7.0
2026-05-22,twn,0,1,0.0,7.0
2026-05-22,uga,0,3,0.0,5.0
2026-05-22,ukr,0,1,0.0,25.0
2026-05-22,ury,0,2,0.0,14.5
2026-05-22,uzb,0,1,0.0,33.0
2026-05-22,ven,0,4,0.0,15.25
2026-05-22,vnm,0,3,0.0,29.666666666666668
2026-05-23,are,0,2,0.0,9.5
2026-05-23,arg,0,10,0.0,24.6
2026-05-23,aus,0,8,0.0,3.125
2026-05-23,bgd,0,4,0.0,17.75
2026-05-23,bol,0,4,0.0,12.5
2026-05-23,can,0,9,0.0,5.111111111111111
2026-05-23,chl,0,2,0.0,4.5
2026-05-23,chn,0,1,0.0,4.0
2026-05-23,cod,0,2,0.0,9.0
2026-05-23,col,0,8,0.0,18.875
2026-05-23,deu,0,3,0.0,9.333333333333334
2026-05-23,dom,0,2,0.0,8.5
2026-05-23,esp,0,9,0.0,6.777777777777778
2026-05-23,fra,0,8,0.0,9.0
2026-05-23,gbr,0,4,0.0,7.75
2026-05-23,geo,0,1,0.0,8.0
2026-05-23,hnd,0,2,0.0,41.0
2026-05-23,idn,0,6,0.0,7.5
2026-05-23,ind,0,12,0.0,22.916666666666668
2026-05-23,irn,0,3,0.0,7.666666666666667
2026-05-23,isr,0,1,0.0,8.0
2026-05-23,ita,0,3,0.0,10.666666666666666
2026-05-23,jor,0,1,0.0,47.0
2026-05-23,jpn,0,6,0.0,21.833333333333332
2026-05-23,ken,0,1,0.0,12.0
2026-05-23,kor,0,21,0.0,7.0
2026-05-23,lbr,0,1,0.0,1.0
2026-05-23,ltu,0,1,0.0,7.0
2026-05-23,mar,0,3,0.0,58.0
2026-05-23,mex,0,2,0.0,20.5
2026-05-23,moz,0,2,0.0,2.5
2026-05-23,mys,0,1,0.0,10.0
2026-05-23,nga,0,3,0.0,9.333333333333334
2026-05-23,nic,0,1,0.0,46.0
2026-05-23,nld,0,1,0.0,11.0
2026-05-23,npl,0,1,0.0,7.0
2026-05-23,pak,0,2,0.0,4.5
2026-05-23,pan,0,1,0.0,15.0
2026-05-23,per,0,1,0.0,7.0
2026-05-23,phl,0,1,0.0,11.0
2026-05-23,prt,0,30,0.0,7.333333333333333
2026-05-23,pry,0,4,0.0,7.75
2026-05-23,rou,0,3,0.0,9.0
2026-05-23,rus,0,1,0.0,2.0
2026-05-23,rwa,0,1,0.0,12.0
2026-05-23,swe,0,3,0.0,8.666666666666668
2026-05-23,tha,0,2,0.0,6.5
2026-05-23,tur,0,3,0.0,31.666666666666668
2026-05-23,uga,0,2,0.0,11.5
2026-05-23,ukr,0,1,0.0,34.0
2026-05-23,ury,0,2,0.0,8.5
2026-05-23,usa,0,122,0.0,9.549180327868852
2026-05-23,vnm,0,5,0.0,16.6
2026-05-23,zwe,0,1,0.0,12.0
2026-05-24,and,0,1,0.0,5.0
2026-05-24,are,0,3,0.0,15.333333333333334
2026-05-24,arg,0,11,0.0,14.181818181818182
2026-05-24,aus,0,12,0.0,3.6666666666666665
2026-05-24,aut,0,1,0.0,2.0
2026-05-24,aze,0,1,0.0,48.0
2026-05-24,bgd,0,1,0.0,34.0
2026-05-24,bgr,0,1,0.0,26.0
2026-05-24,bih,0,1,0.0,28.0
2026-05-24,bol,0,4,0.0,11.5
2026-05-24,can,0,7,0.0,4.857142857142858
2026-05-24,che,0,2,0.0,10.0
2026-05-24,chl,0,4,0.0,4.25
2026-05-24,chn,0,2,0.0,7.0
2026-05-24,cod,0,1,0.0,11.0
2026-05-24,cog,0,1,0.0,22.0
2026-05-24,col,0,5,0.0,51.0
2026-05-24,cub,0,1,0.0,9.0
2026-05-24,deu,0,2,0.0,48.5
2026-05-24,dnk,0,1,0.0,8.0
2026-05-24,dom,0,2,0.0,6.5
2026-05-24,dza,0,2,0.0,43.5
2026-05-24,esp,0,4,0.0,11.25
2026-05-24,fra,0,11,0.0,9.909090909090908
2026-05-24,gbr,0,8,0.0,17.125
2026-05-24,gtm,0,2,0.0,2.5
2026-05-24,hkg,0,2,0.0,8.0
2026-05-24,hun,0,1,0.0,4.0
2026-05-24,idn,0,8,0.0,8.5
2026-05-24,ind,0,9,0.0,7.555555555555555
2026-05-24,irl,0,1,0.0,11.0
2026-05-24,irq,0,1,0.0,41.0
2026-05-24,isr,0,2,0.0,18.5
2026-05-24,jpn,0,2,0.0,18.5
2026-05-24,kaz,0,1,0.0,12.0
2026-05-24,ken,0,2,0.0,10.0
2026-05-24,kor,0,15,0.0,6.0
2026-05-24,mar,0,2,0.0,35.5
2026-05-24,mex,0,4,0.0,11.75
2026-05-24,moz,0,1,0.0,9.0
2026-05-24,nga,0,2,0.0,11.0
2026-05-24,nor,0,2,0.0,8.5
2026-05-24,npl,0,1,0.0,1.0
2026-05-24,pak,0,3,0.0,44.333333333333336
2026-05-24,per,0,1,0.0,9.0
2026-05-24,prt,0,20,0.0,15.6
2026-05-24,pry,0,1,0.0,17.0
2026-05-24,rou,0,2,0.0,7.5
2026-05-24,rus,0,1,0.0,38.0
2026-05-24,slv,0,1,0.0,36.0
2026-05-24,ssd,0,1,0.0,3.0
2026-05-24,svn,0,1,0.0,16.0
2026-05-24,swe,0,1,0.0,11.0
2026-05-24,tha,0,1,0.0,8.0
2026-05-24,tun,0,1,0.0,11.0
2026-05-24,tur,0,4,0.0,7.75
2026-05-24,uga,0,3,0.0,9.0
2026-05-24,ukr,0,1,0.0,18.0
2026-05-24,ury,0,1,0.0,8.0
2026-05-24,usa,0,167,0.0,9.37125748502994
2026-05-24,ven,0,1,0.0,28.0
2026-05-24,vnm,0,6,0.0,28.333333333333332
2026-05-24,zmb,0,1,0.0,4.0
2026-05-25,are,0,1,0.0,9.0
2026-05-25,arg,0,10,0.0,21.7
2026-05-25,aus,0,5,0.0,3.2
2026-05-25,aut,0,1,0.0,6.0
2026-05-25,bgd,0,1,0.0,17.0
2026-05-25,blz,0,1,0.0,8.0
2026-05-25,bol,0,1,0.0,6.0
2026-05-25,can,0,17,0.0,6.470588235294118
2026-05-25,che,0,4,0.0,2.25
2026-05-25,chl,0,6,0.0,15.666666666666666
2026-05-25,chn,0,2,0.0,18.5
2026-05-25,civ,0,1,0.0,8.0
2026-05-25,cmr,0,1,0.0,11.0
2026-05-25,col,0,1,0.0,24.0
2026-05-25,deu,0,4,0.0,7.0
2026-05-25,dom,0,1,0.0,9.0
2026-05-25,ecu,0,2,0.0,47.0
2026-05-25,egy,0,1,0.0,1.0
2026-05-25,esp,0,6,0.0,5.5
2026-05-25,eth,0,1,0.0,12.0
2026-05-25,fra,0,8,0.0,9.5
2026-05-25,gbr,0,5,0.0,12.2
2026-05-25,grc,0,1,0.0,12.0
2026-05-25,hun,0,2,0.0,10.5
2026-05-25,idn,0,6,0.0,16.833333333333336
2026-05-25,ind,0,3,0.0,9.333333333333334
2026-05-25,irl,0,1,0.0,1.0
2026-05-25,irn,0,2,0.0,5.5
2026-05-25,isr,0,2,0.0,44.5
2026-05-25,ita,0,13,0.0,10.0
2026-05-25,jpn,0,5,0.0,22.0
2026-05-25,ken,0,2,0.0,59.5
2026-05-25,khm,0,1,0.0,27.0
2026-05-25,kor,0,36,0.0,7.111111111111111
2026-05-25,mar,0,1,0.0,13.0
2026-05-25,mex,0,1,0.0,11.0
2026-05-25,moz,0,1,0.0,7.0
2026-05-25,nga,0,2,0.0,7.0
2026-05-25,nld,0,1,0.0,9.0
2026-05-25,per,0,1,0.0,4.0
2026-05-25,phl,0,2,0.0,6.5
2026-05-25,pol,0,1,0.0,20.0
2026-05-25,pri,0,1,0.0,6.0
2026-05-25,prt,0,19,0.0,9.736842105263158
2026-05-25,pry,0,4,0.0,9.5
2026-05-25,rou,0,2,0.0,8.0
2026-05-25,rus,0,1,0.0,4.0
2026-05-25,sen,0,1,0.0,27.0
2026-05-25,sgp,0,1,0.0,5.0
2026-05-25,swe,0,2,0.0,7.5
2026-05-25,tha,0,2,0.0,31.0
2026-05-25,tur,0,2,0.0,29.5
2026-05-25,twn,0,1,0.0,12.0
2026-05-25,uga,0,3,0.0,9.333333333333334
2026-05-25,ury,0,2,0.0,3.0
2026-05-25,ven,0,1,0.0,13.0
2026-05-25,vnm,0,5,0.0,19.2
2026-05-25,xkk,0,1,0.0,14.0
2026-05-26,are,0,1,0.0,7.0
2026-05-26,arg,0,18,0.0,20.5
2026-05-26,aus,0,3,0.0,3.0
2026-05-26,aut,0,1,0.0,11.0
2026-05-26,bel,0,1,0.0,7.0
2026-05-26,bgd,0,4,0.0,47.5
2026-05-26,bol,0,1,0.0,11.0
2026-05-26,che,0,1,0.0,2.0
2026-05-26,chl,0,7,0.0,4.857142857142858
2026-05-26,chn,0,1,0.0,11.0
2026-05-26,cmr,0,2,0.0,12.0
2026-05-26,cze,0,1,0.0,2.0
2026-05-26,deu,0,4,0.0,4.25
2026-05-26,dom,0,1,0.0,16.0
2026-05-26,dza,0,2,0.0,34.0
2026-05-26,ecu,0,1,0.0,9.0
2026-05-26,esp,0,5,0.0,9.8
2026-05-26,est,0,1,0.0,6.0
2026-05-26,fji,0,2,0.0,32.5
2026-05-26,fra,0,7,0.0,10.0
2026-05-26,hkg,0,1,0.0,2.0
2026-05-26,hun,0,1,0.0,12.0
2026-05-26,idn,0,6,0.0,6.333333333333333
2026-05-26,irl,0,1,0.0,1.0
2026-05-26,irq,0,1,0.0,10.0
2026-05-26,ita,0,7,0.0,17.857142857142858
2026-05-26,jpn,0,3,0.0,28.666666666666668
2026-05-26,ken,0,1,0.0,9.0
2026-05-26,kor,0,43,0.0,7.604651162790698
2026-05-26,mex,0,2,0.0,13.0
2026-05-26,moz,0,2,0.0,10.5
2026-05-26,mys,0,2,0.0,16.5
2026-05-26,nga,0,1,0.0,8.0
2026-05-26,nld,0,1,0.0,2.0
2026-05-26,nor,0,1,0.0,4.0
2026-05-26,pak,0,2,0.0,6.0
2026-05-26,pan,0,1,0.0,8.0
2026-05-26,per,0,3,0.0,3.0
2026-05-26,phl,0,2,0.0,30.0
2026-05-26,pol,0,1,0.0,11.0
2026-05-26,prt,0,16,0.0,13.125
2026-05-26,pry,0,1,0.0,3.0
2026-05-26,rou,0,3,0.0,5.666666666666667
2026-05-26,rus,0,1,0.0,8.0
2026-05-26,sgp,0,1,0.0,1.0
2026-05-26,slv,0,1,0.0,6.0
2026-05-26,srb,0,1,0.0,2.0
2026-05-26,tha,0,1,0.0,21.0
2026-05-26,tun,0,2,0.0,5.5
2026-05-26,tur,0,1,0.0,1.0
2026-05-26,twn,0,3,0.0,5.333333333333333
2026-05-26,uga,0,2,0.0,4.5
2026-05-26,ury,0,1,0.0,10.0
2026-05-26,usa,0,174,0.0,7.149425287356322
2026-05-26,vnm,0,2,0.0,7.5
2026-05-27,afg,0,1,0.0,3.0
2026-05-27,alb,0,1,0.0,6.0
2026-05-27,arg,0,6,0.0,6.333333333333333
2026-05-27,aus,0,3,0.0,3.0
2026-05-27,aut,0,1,0.0,10.0
2026-05-27,bel,0,1,0.0,6.0
2026-05-27,bgd,0,3,0.0,47.333333333333336
2026-05-27,bih,0,1,0.0,7.0
2026-05-27,bol,0,2,0.0,18.0
2026-05-27,caf,0,1,0.0,7.0
2026-05-27,can,0,9,0.0,17.0
2026-05-27,che,0,2,0.0,6.0
2026-05-27,chl,0,4,0.0,4.25
2026-05-27,chn,0,1,0.0,3.0
2026-05-27,civ,0,1,0.0,18.0
2026-05-27,col,0,9,0.0,18.11111111111111
2026-05-27,cpv,0,1,0.0,7.0
2026-05-27,cri,0,2,0.0,13.0
2026-05-27,deu,0,14,0.0,18.214285714285715
2026-05-27,dnk,0,1,0.0,3.0
2026-05-27,ecu,0,1,0.0,6.0
2026-05-27,esp,0,10,0.0,9.1
2026-05-27,est,0,3,0.0,7.0
2026-05-27,eth,0,1,0.0,2.0
2026-05-27,fra,0,8,0.0,9.125
2026-05-27,gbr,0,7,0.0,12.285714285714286
2026-05-27,grc,0,1,0.0,8.0
2026-05-27,gtm,0,2,0.0,8.5
2026-05-27,idn,0,4,0.0,28.75
2026-05-27,ind,0,6,0.0,21.333333333333332
2026-05-27,irn,0,1,0.0,7.0
2026-05-27,ita,0,6,0.0,14.666666666666666
2026-05-27,jor,0,1,0.0,48.0
2026-05-27,jpn,0,6,0.0,28.333333333333332
2026-05-27,ken,0,1,0.0,12.0
2026-05-27,kor,0,33,0.0,10.666666666666666
2026-05-27,lbn,0,2,0.0,2.0
2026-05-27,lka,0,1,0.0,1.0
2026-05-27,mex,0,4,0.0,7.25
2026-05-27,moz,0,2,0.0,6.5
2026-05-27,nga,0,4,0.0,10.5
2026-05-27,nld,0,2,0.0,9.5
2026-05-27,nor,0,2,0.0,9.0
2026-05-27,pak,0,1,0.0,9.0
2026-05-27,per,0,1,0.0,5.0
2026-05-27,phl,0,6,0.0,15.833333333333334
2026-05-27,prt,0,17,0.0,6.9411764705882355
2026-05-27,pry,0,1,0.0,7.0
2026-05-27,rou,0,1,0.0,3.0
2026-05-27,rus,0,1,0.0,9.0
2026-05-27,sau,0,2,0.0,9.5
2026-05-27,sgp,0,1,0.0,18.0
2026-05-27,swe,0,1,0.0,14.0
2026-05-27,syr,0,1,0.0,43.0
2026-05-27,tur,0,1,0.0,8.0
2026-05-27,twn,0,4,0.0,11.5
2026-05-27,ury,0,4,0.0,11.25
2026-05-27,ven,0,1,0.0,4.0
2026-05-27,vnm,0,4,0.0,9.5
2026-05-28,ago,0,2,0.0,4.5
2026-05-28,alb,0,1,0.0,2.0
2026-05-28,are,0,2,0.0,8.0
2026-05-28,arg,0,8,0.0,10.125
2026-05-28,aus,0,1,0.0,3.0
2026-05-28,aze,0,1,0.0,10.0
2026-05-28,bel,0,1,0.0,4.0
2026-05-28,bhs,0,2,0.0,44.0
2026-05-28,bol,0,1,0.0,18.0
2026-05-28,can,0,16,0.0,5.4375
2026-05-28,che,0,1,0.0,10.0
2026-05-28,chl,0,6,0.0,14.0
2026-05-28,chn,0,1,0.0,6.0
2026-05-28,civ,0,1,0.0,11.0
2026-05-28,cri,0,2,0.0,4.0
2026-05-28,deu,0,5,0.0,11.0
2026-05-28,dom,0,1,0.0,2.0
2026-05-28,ecu,0,1,0.0,15.0
2026-05-28,esp,0,7,0.0,8.0
2026-05-28,est,0,1,0.0,4.0
2026-05-28,fra,0,2,0.0,6.5
2026-05-28,gbr,0,2,0.0,14.0
2026-05-28,gtm,0,1,0.0,48.0
2026-05-28,hun,0,1,0.0,5.0
2026-05-28,idn,0,7,0.0,17.142857142857142
2026-05-28,ind,0,5,0.0,10.0
2026-05-28,irl,0,1,0.0,12.0
2026-05-28,irq,0,5,0.0,17.8
2026-05-28,ita,0,2,0.0,15.5
2026-05-28,jor,0,2,0.0,10.5
2026-05-28,jpn,0,2,0.0,7.5
2026-05-28,ken,0,3,0.0,2.666666666666667
2026-05-28,kor,0,32,0.0,5.3125
2026-05-28,lby,0,1,0.0,25.0
2026-05-28,mac,0,1,0.0,1.0
2026-05-28,mda,0,1,0.0,10.0
2026-05-28,mex,0,5,0.0,9.8
2026-05-28,moz,0,3,0.0,2.0
2026-05-28,nga,0,1,0.0,4.0
2026-05-28,nld,0,10,0.0,13.8
2026-05-28,pak,0,3,0.0,17.333333333333332
2026-05-28,pan,0,1,0.0,26.0
2026-05-28,per,0,4,0.0,6.75
2026-05-28,phl,0,6,0.0,19.333333333333332
2026-05-28,pri,0,2,0.0,8.5
2026-05-28,prt,0,15,0.0,9.733333333333333
2026-05-28,pry,0,3,0.0,10.0
2026-05-28,rus,0,1,0.0,30.0
2026-05-28,sen,0,1,0.0,7.0
2026-05-28,sgp,0,2,0.0,4.0
2026-05-28,swe,0,2,0.0,8.5
2026-05-28,syr,0,1,0.0,47.0
2026-05-28,tha,0,2,0.0,7.5
2026-05-28,tur,0,3,0.0,3.0
2026-05-28,twn,0,1,0.0,4.0
2026-05-28,ukr,0,1,0.0,9.0
2026-05-28,ury,0,6,0.0,11.666666666666666
2026-05-28,usa,0,140,0.0,7.428571428571429
2026-05-28,uzb,0,2,0.0,31.0
2026-05-28,vnm,0,6,0.0,21.666666666666668
2026-05-29,abw,0,1,0.0,8.0
2026-05-29,ago,0,2,0.0,4.0
2026-05-29,are,0,4,0.0,7.75
2026-05-29,arg,0,3,0.0,9.0
2026-05-29,aus,0,1,0.0,9.0
2026-05-29,bel,0,1,0.0,10.0
2026-05-29,bgd,0,1,0.0,13.0
2026-05-29,bgr,0,1,0.0,2.0
2026-05-29,can,0,9,0.0,6.111111111111111
2026-05-29,che,0,2,0.0,4.5
2026-05-29,chl,0,1,0.0,8.0
2026-05-29,chn,0,1,0.0,7.0
2026-05-29,col,0,2,0.0,13.0
2026-05-29,deu,0,7,0.0,14.285714285714286
2026-05-29,dnk,0,1,0.0,10.0
2026-05-29,ecu,0,3,0.0,5.0
2026-05-29,esp,0,4,0.0,9.25
2026-05-29,est,0,2,0.0,2.0
2026-05-29,fra,0,7,0.0,7.571428571428571
2026-05-29,gbr,0,3,0.0,7.333333333333333
2026-05-29,ggy,0,1,0.0,11.0
2026-05-29,gha,0,3,0.0,6.333333333333333
2026-05-29,gmb,0,1,0.0,7.0
2026-05-29,hrv,0,1,0.0,10.0
2026-05-29,idn,0,8,0.0,15.375
2026-05-29,ind,0,13,0.0,23.846153846153847
2026-05-29,irn,0,1,0.0,5.0
2026-05-29,ita,0,9,0.0,8.11111111111111
2026-05-29,jpn,0,6,0.0,24.166666666666668
2026-05-29,kaz,0,1,0.0,6.0
2026-05-29,lbr,0,1,0.0,4.0
2026-05-29,ltu,0,1,0.0,11.0
2026-05-29,mar,0,1,0.0,1.0
2026-05-29,mex,0,3,0.0,19.0
2026-05-29,mmr,0,1,0.0,8.0
2026-05-29,moz,0,5,0.0,3.0
2026-05-29,mys,0,4,0.0,14.25
2026-05-29,nga,0,1,0.0,3.0
2026-05-29,nld,0,3,0.0,6.666666666666667
2026-05-29,nor,0,2,0.0,2.5
2026-05-29,npl,0,1,0.0,9.0
2026-05-29,pak,0,1,0.0,11.0
2026-05-29,per,0,1,0.0,11.0
2026-05-29,phl,0,4,0.0,13.5
2026-05-29,pol,0,2,0.0,10.5
2026-05-29,prt,0,14,0.0,11.714285714285714
2026-05-29,rus,0,1,0.0,1.0
2026-05-29,sgp,0,1,0.0,11.0
2026-05-29,slv,0,2,0.0,4.0
2026-05-29,svk,0,1,0.0,11.0
2026-05-29,tcd,0,1,0.0,10.0
2026-05-29,tun,0,1,0.0,10.0
2026-05-29,tur,0,2,0.0,7.5
2026-05-29,twn,0,1,0.0,2.0
2026-05-29,uga,0,1,0.0,9.0
2026-05-29,ury,0,4,0.0,5.5
2026-05-29,usa,0,162,0.0,9.030864197530864
2026-05-29,uzb,0,1,0.0,11.0
2026-05-29,vnm,0,1,0.0,20.0
2026-05-30,are,0,2,0.0,14.5
2026-05-30,arg,0,9,0.0,8.666666666666668
2026-05-30,aus,0,2,0.0,3.0
2026-05-30,bel,0,2,0.0,7.5
2026-05-30,bol,0,4,0.0,12.75
2026-05-30,can,0,11,0.0,5.545454545454546
2026-05-30,che,0,4,0.0,15.0
2026-05-30,chl,0,4,0.0,12.25
2026-05-30,chn,0,3,0.0,19.0
2026-05-30,col,0,2,0.0,37.5
2026-05-30,cub,0,1,0.0,9.0
2026-05-30,deu,0,8,0.0,10.125
2026-05-30,dza,0,3,0.0,25.666666666666668
2026-05-30,esp,0,3,0.0,10.0
2026-05-30,est,0,1,0.0,8.0
2026-05-30,fra,0,8,0.0,9.25
2026-05-30,gbr,0,7,0.0,16.857142857142858
2026-05-30,gha,0,2,0.0,10.5
2026-05-30,gtm,0,2,0.0,7.0
2026-05-30,hkg,0,3,0.0,6.666666666666667
2026-05-30,idn,0,7,0.0,25.571428571428573
2026-05-30,ind,0,21,0.0,21.952380952380953
2026-05-30,irl,0,1,0.0,6.0
2026-05-30,isr,0,2,0.0,36.5
2026-05-30,ita,0,3,0.0,12.0
2026-05-30,kor,0,32,0.0,8.84375
2026-05-30,lux,0,1,0.0,4.0
2026-05-30,mex,0,3,0.0,15.333333333333334
2026-05-30,mng,0,1,0.0,1.0
2026-05-30,moz,0,1,0.0,9.0
2026-05-30,mys,0,1,0.0,41.0
2026-05-30,nld,0,3,0.0,10.333333333333334
2026-05-30,nor,0,1,0.0,7.0
2026-05-30,npl,0,1,0.0,1.0
2026-05-30,per,0,3,0.0,8.333333333333332
2026-05-30,phl,0,7,0.0,39.57142857142857
2026-05-30,pol,0,2,0.0,3.5
2026-05-30,prt,0,12,0.0,9.333333333333334
2026-05-30,pry,0,4,0.0,12.25
2026-05-30,rou,0,2,0.0,9.5
2026-05-30,swe,0,2,0.0,9.0
2026-05-30,tha,0,1,0.0,7.0
2026-05-30,tur,0,3,0.0,9.666666666666666
2026-05-30,ukr,0,1,0.0,10.0
2026-05-30,usa,0,164,0.0,7.847560975609756
2026-05-30,uzb,0,1,0.0,7.0
2026-05-30,vnm,0,2,0.0,20.5
2026-05-30,zaf,0,1,0.0,11.0
2026-05-31,ago,0,4,0.0,3.0
2026-05-31,arg,0,5,0.0,9.4
2026-05-31,aus,0,1,0.0,7.0
2026-05-31,bel,0,1,0.0,11.0
2026-05-31,bgd,0,2,0.0,7.5
2026-05-31,bol,0,2,0.0,6.5
2026-05-31,can,0,6,0.0,9.5
2026-05-31,che,0,2,0.0,10.0
2026-05-31,chl,0,6,0.0,8.166666666666668
2026-05-31,chn,0,2,0.0,7.5
2026-05-31,civ,0,1,0.0,11.0
2026-05-31,col,0,3,0.0,18.333333333333332
2026-05-31,cuw,0,1,0.0,10.0
2026-05-31,deu,0,4,0.0,12.25
2026-05-31,dnk,0,1,0.0,8.0
2026-05-31,esp,0,4,0.0,8.25
2026-05-31,fra,0,3,0.0,6.666666666666667
2026-05-31,gbr,0,4,0.0,11.25
2026-05-31,hkg,0,1,0.0,21.0
2026-05-31,hti,0,1,0.0,5.0
2026-05-31,idn,0,7,0.0,8.571428571428571
2026-05-31,ind,0,11,0.0,25.09090909090909
2026-05-31,irl,0,2,0.0,9.0
2026-05-31,irn,0,1,0.0,13.0
2026-05-31,ita,0,2,0.0,13.0
2026-05-31,jpn,0,6,0.0,23.666666666666668
2026-05-31,kor,0,10,0.0,3.5
2026-05-31,ltu,0,1,0.0,2.0
2026-05-31,mdg,0,1,0.0,1.0
2026-05-31,mex,0,1,0.0,8.0
2026-05-31,moz,0,2,0.0,9.0
2026-05-31,mys,0,2,0.0,17.0
2026-05-31,nga,0,1,0.0,4.0
2026-05-31,nld,0,5,0.0,2.4
2026-05-31,nor,0,1,0.0,5.0
2026-05-31,pak,0,1,0.0,12.0
2026-05-31,pan,0,1,0.0,10.0
2026-05-31,prt,0,16,0.0,7.0
2026-05-31,rus,0,1,0.0,12.0
2026-05-31,sgp,0,1,0.0,4.0
2026-05-31,svn,0,1,0.0,17.0
2026-05-31,swe,0,3,0.0,5.666666666666667
2026-05-31,syr,0,1,0.0,7.0
2026-05-31,tha,0,1,0.0,21.0
2026-05-31,tun,0,1,0.0,10.0
2026-05-31,tur,0,1,0.0,1.0
2026-05-31,twn,0,4,0.0,8.25
2026-05-31,ury,0,2,0.0,8.0
2026-05-31,usa,0,132,0.0,9.113636363636363
2026-05-31,uzb,0,1,0.0,14.0
2026-05-31,ven,0,2,0.0,8.0
2026-05-31,zaf,0,1,0.0,1.0
2026-06-01,ago,0,3,0.0,6.333333333333333
2026-06-01,are,0,3,0.0,4.0
2026-06-01,aus,0,4,0.0,16.75
2026-06-01,bgd,0,2,0.0,7.5
2026-06-01,bol,0,1,0.0,5.0
2026-06-01,can,0,17,0.0,4.294117647058823
2026-06-01,che,0,2,0.0,6.5
2026-06-01,chl,0,9,0.0,11.666666666666666
2026-06-01,col,0,4,0.0,17.25
2026-06-01,cpv,0,1,0.0,8.0
2026-06-01,cub,0,1,0.0,2.0
2026-06-01,deu,0,7,0.0,9.571428571428571
2026-06-01,ecu,0,1,0.0,3.0
2026-06-01,esp,0,1,0.0,5.0
2026-06-01,fji,0,1,0.0,7.0
2026-06-01,fra,0,6,0.0,8.166666666666668
2026-06-01,gbr,0,8,0.0,10.625
2026-06-01,grc,0,2,0.0,8.0
2026-06-01,gtm,0,1,0.0,13.0
2026-06-01,hkg,0,2,0.0,2.0
2026-06-01,hun,0,1,0.0,11.0
2026-06-01,idn,0,5,0.0,33.4
2026-06-01,ind,0,6,0.0,14.666666666666666
2026-06-01,irl,0,2,0.0,5.5
2026-06-01,ita,0,3,0.0,10.666666666666666
2026-06-01,jor,0,1,0.0,10.0
2026-06-01,jpn,0,2,0.0,6.0
2026-06-01,kaz,0,1,0.0,12.0
2026-06-01,kor,0,16,0.0,6.4375
2026-06-01,lbn,0,2,0.0,18.0
2026-06-01,mar,0,1,0.0,8.0
2026-06-01,mex,0,1,0.0,79.0
2026-06-01,mng,0,1,0.0,1.0
2026-06-01,moz,0,1,0.0,5.0
2026-06-01,mys,0,2,0.0,8.5
2026-06-01,nga,0,2,0.0,10.5
2026-06-01,nld,0,3,0.0,10.0
2026-06-01,nor,0,1,0.0,10.0
2026-06-01,nzl,0,1,0.0,7.0
2026-06-01,per,0,1,0.0,11.0
2026-06-01,pol,0,2,0.0,6.0
2026-06-01,sau,0,2,0.0,45.5
2026-06-01,tun,0,1,0.0,9.0
2026-06-01,tur,0,3,0.0,31.0
2026-06-01,twn,0,2,0.0,11.5
2026-06-01,ven,0,1,0.0,7.0
2026-06-01,vnm,0,3,0.0,12.333333333333334
2026-06-02,ago,0,2,0.0,7.0
2026-06-02,are,0,2,0.0,7.5
2026-06-02,arg,0,5,0.0,30.2
2026-06-02,aus,0,2,0.0,7.5
2026-06-02,aut,0,2,0.0,8.0
2026-06-02,aze,0,1,0.0,9.0
2026-06-02,bgd,0,2,0.0,10.5
2026-06-02,bol,0,4,0.0,4.5
2026-06-02,can,0,7,0.0,6.714285714285714
2026-06-02,che,0,2,0.0,8.0
2026-06-02,chl,0,7,0.0,8.428571428571429
2026-06-02,civ,0,1,0.0,49.0
2026-06-02,col,0,2,0.0,7.0
2026-06-02,cri,0,1,0.0,5.0
2026-06-02,deu,0,9,0.0,7.666666666666667
2026-06-02,dnk,0,1,0.0,10.0
2026-06-02,dom,0,2,0.0,6.0
2026-06-02,ecu,0,2,0.0,8.0
2026-06-02,esp,0,5,0.0,8.2
2026-06-02,fin,0,1,0.0,8.0
2026-06-02,fra,0,13,0.0,8.384615384615385
2026-06-02,gbr,0,3,0.0,9.666666666666666
2026-06-02,hrv,0,1,0.0,5.0
2026-06-02,idn,0,4,0.0,8.25
2026-06-02,ind,0,2,0.0,8.5
2026-06-02,irl,0,1,0.0,8.0
2026-06-02,irn,0,1,0.0,6.0
2026-06-02,irq,0,2,0.0,7.5
2026-06-02,ita,0,4,0.0,7.25
2026-06-02,jor,0,1,0.0,6.0
2026-06-02,jpn,0,5,0.0,23.4
2026-06-02,kaz,0,1,0.0,25.0
2026-06-02,ken,0,1,0.0,12.0
2026-06-02,kor,0,16,0.0,5.3125
2026-06-02,lbn,0,1,0.0,6.0
2026-06-02,mex,0,1,0.0,16.0
2026-06-02,moz,0,3,0.0,8.333333333333332
2026-06-02,nga,0,4,0.0,8.75
2026-06-02,nic,0,1,0.0,7.0
2026-06-02,nld,0,4,0.0,5.5
2026-06-02,pak,0,2,0.0,27.5
2026-06-02,per,0,6,0.0,7.666666666666667
2026-06-02,phl,0,3,0.0,26.666666666666668
2026-06-02,png,0,1,0.0,7.0
2026-06-02,pol,0,2,0.0,14.5
2026-06-02,prt,0,9,0.0,9.777777777777779
2026-06-02,pry,0,2,0.0,7.5
2026-06-02,rou,0,1,0.0,10.0
2026-06-02,rus,0,1,0.0,11.0
2026-06-02,rwa,0,1,0.0,1.0
2026-06-02,sau,0,3,0.0,10.0
2026-06-02,sgp,0,2,0.0,7.5
2026-06-02,tun,0,2,0.0,6.0
2026-06-02,tur,0,3,0.0,10.333333333333334
2026-06-02,twn,0,1,0.0,7.0
2026-06-02,ukr,0,1,0.0,2.0
2026-06-02,ury,0,1,0.0,10.0
2026-06-02,usa,0,156,0.0,6.647435897435898
2026-06-02,vnm,0,1,0.0,6.0
2026-06-02,xkk,0,1,0.0,11.0
2026-06-02,zaf,0,1,0.0,11.0
2026-06-03,are,0,2,0.0,8.5
2026-06-03,aus,0,1,0.0,1.0
2026-06-03,aut,0,1,0.0,9.0
2026-06-03,aze,0,1,0.0,9.0
2026-06-03,bgd,0,5,0.0,7.8
2026-06-03,bol,0,5,0.0,5.2
2026-06-03,che,0,1,0.0,19.0
2026-06-03,chl,0,5,0.0,8.4
2026-06-03,chn,0,1,0.0,8.0
2026-06-03,cri,0,1,0.0,4.0
2026-06-03,deu,0,2,0.0,10.5
2026-06-03,dza,0,1,0.0,4.0
2026-06-03,ecu,0,1,0.0,3.0
2026-06-03,esp,0,7,0.0,8.285714285714285
2026-06-03,eth,0,1,0.0,25.0
2026-06-03,fra,0,13,0.0,9.153846153846153
2026-06-03,gha,0,1,0.0,10.0
2026-06-03,hkg,0,1,0.0,6.0
2026-06-03,hnd,0,1,0.0,6.0
2026-06-03,hrv,0,1,0.0,9.0
2026-06-03,idn,0,3,0.0,6.333333333333333
2026-06-03,ind,0,5,0.0,5.8
2026-06-03,irl,0,1,0.0,7.0
2026-06-03,irq,0,1,0.0,10.0
2026-06-03,ita,0,5,0.0,11.2
2026-06-03,jpn,0,6,0.0,10.166666666666666
2026-06-03,ken,0,1,0.0,4.0
2026-06-03,kor,0,17,0.0,6.823529411764706
2026-06-03,lbn,0,2,0.0,5.5
2026-06-03,mac,0,1,0.0,7.0
2026-06-03,mco,0,1,0.0,7.0
2026-06-03,mex,0,2,0.0,4.5
2026-06-03,moz,0,2,0.0,7.0
2026-06-03,mys,0,1,0.0,10.0
2026-06-03,nld,0,3,0.0,4.0
2026-06-03,npl,0,1,0.0,4.0
2026-06-03,omn,0,1,0.0,7.0
2026-06-03,per,0,1,0.0,1.0
2026-06-03,phl,0,2,0.0,5.5
2026-06-03,pol,0,1,0.0,8.0
2026-06-03,pry,0,1,0.0,1.0
2026-06-03,sau,0,2,0.0,47.0
2026-06-03,sgp,0,3,0.0,8.0
2026-06-03,svk,0,1,0.0,31.0
2026-06-03,swe,0,2,0.0,10.5
2026-06-03,tha,0,2,0.0,4.5
2026-06-03,twn,0,1,0.0,10.0
2026-06-03,uga,0,5,0.0,6.6
2026-06-03,ury,0,1,0.0,9.0
2026-06-03,usa,0,204,0.0,5.833333333333333
2026-06-03,ven,0,1,0.0,11.0
2026-06-03,vnm,0,2,0.0,10.5
2026-06-03,zaf,0,1,0.0,1.0
2026-06-04,arg,0,5,0.0,7.8
2026-06-04,aus,0,2,0.0,12.0
2026-06-04,bel,0,4,0.0,4.25
2026-06-04,bgd,0,1,0.0,6.0
2026-06-04,blr,0,1,0.0,9.0
2026-06-04,bol,0,1,0.0,7.0
2026-06-04,can,0,14,0.0,6.357142857142857
2026-06-04,chl,0,5,0.0,6.4
2026-06-04,chn,0,2,0.0,6.0
2026-06-04,col,0,1,0.0,7.0
2026-06-04,deu,0,11,0.0,44.27272727272727
2026-06-04,dnk,0,1,0.0,9.0
2026-06-04,dom,0,1,0.0,6.0
2026-06-04,dza,0,1,0.0,5.0
2026-06-04,ecu,0,1,0.0,7.0
2026-06-04,esp,0,3,0.0,6.333333333333333
2026-06-04,est,0,1,0.0,1.0
2026-06-04,fin,0,1,0.0,8.0
2026-06-04,fra,0,10,0.0,8.1
2026-06-04,gbr,0,3,0.0,25.0
2026-06-04,grc,0,1,0.0,10.0
2026-06-04,hkg,0,3,0.0,4.0
2026-06-04,hun,0,1,0.0,15.0
2026-06-04,idn,0,4,0.0,10.75
2026-06-04,ita,0,3,0.0,24.0
2026-06-04,jpn,0,4,0.0,37.25
2026-06-04,ken,0,1,0.0,4.0
2026-06-04,kor,0,12,0.0,6.083333333333333
2026-06-04,lbn,0,1,0.0,6.0
2026-06-04,mco,0,2,0.0,2.5
2026-06-04,mex,0,1,0.0,8.0
2026-06-04,mkd,0,1,0.0,1.0
2026-06-04,moz,0,1,0.0,7.0
2026-06-04,mys,0,4,0.0,9.25
2026-06-04,nga,0,1,0.0,1.0
2026-06-04,nld,0,3,0.0,11.333333333333334
2026-06-04,nor,0,1,0.0,8.0
2026-06-04,pak,0,1,0.0,6.0
2026-06-04,phl,0,1,0.0,8.0
2026-06-04,pol,0,1,0.0,11.0
2026-06-04,prt,0,8,0.0,9.25
2026-06-04,pry,0,2,0.0,5.5
2026-06-04,rou,0,1,0.0,5.0
2026-06-04,rus,0,2,0.0,12.0
2026-06-04,sau,0,2,0.0,7.5
2026-06-04,srb,0,2,0.0,6.0
2026-06-04,svk,0,1,0.0,18.0
2026-06-04,tun,0,1,0.0,7.0
2026-06-04,tur,0,5,0.0,7.8
2026-06-04,ukr,0,1,0.0,10.0
2026-06-04,ury,0,5,0.0,6.4
2026-06-04,usa,0,157,0.0,6.853503184713376
2026-06-04,ven,0,1,0.0,6.0
2026-06-04,vnm,0,1,0.0,8.0
2026-06-04,yem,0,1,0.0,7.0
2026-06-04,zaf,0,2,0.0,8.0
2026-06-05,are,0,1,0.0,10.0
2026-06-05,arg,0,5,0.0,7.0
2026-06-05,aus,0,2,0.0,9.0
2026-06-05,bel,0,1,0.0,8.0
2026-06-05,ben,0,1,0.0,11.0
2026-06-05,bgd,0,1,0.0,3.0
2026-06-05,caf,0,1,0.0,11.0
2026-06-05,can,0,12,0.0,4.25
2026-06-05,che,0,3,0.0,43.333333333333336
2026-06-05,chl,0,4,0.0,5.0
2026-06-05,cri,0,1,0.0,7.0
2026-06-05,cyp,0,1,0.0,6.0
2026-06-05,deu,0,8,0.0,4.5
2026-06-05,dza,0,1,0.0,8.0
2026-06-05,egy,0,1,0.0,6.0
2026-06-05,esp,0,6,0.0,6.0
2026-06-05,fra,0,7,0.0,8.571428571428571
2026-06-05,gbr,0,8,0.0,15.375
2026-06-05,grc,0,1,0.0,1.0
2026-06-05,gtm,0,2,0.0,8.5
2026-06-05,hkg,0,8,0.0,4.625
2026-06-05,hun,0,1,0.0,7.0
2026-06-05,idn,0,5,0.0,7.0
2026-06-05,ind,0,4,0.0,8.0
2026-06-05,irq,0,2,0.0,7.0
2026-06-05,ita,0,7,0.0,17.142857142857142
2026-06-05,jpn,0,4,0.0,20.0
2026-06-05,ken,0,1,0.0,10.0
2026-06-05,kor,0,19,0.0,5.2105263157894735
2026-06-05,lao,0,1,0.0,11.0
2026-06-05,lby,0,1,0.0,5.0
2026-06-05,ltu,0,1,0.0,5.0
2026-06-05,mar,0,2,0.0,43.0
2026-06-05,mex,0,3,0.0,7.666666666666667
2026-06-05,moz,0,1,0.0,5.0
2026-06-05,nga,0,3,0.0,9.333333333333334
2026-06-05,nld,0,5,0.0,7.6
2026-06-05,nor,0,2,0.0,9.5
2026-06-05,pan,0,1,0.0,1.0
2026-06-05,per,0,2,0.0,11.0
2026-06-05,pol,0,1,0.0,7.0
2026-06-05,pry,0,2,0.0,9.0
2026-06-05,rus,0,2,0.0,3.5
2026-06-05,sau,0,1,0.0,3.0
2026-06-05,sen,0,1,0.0,5.0
2026-06-05,sur,0,2,0.0,4.5
2026-06-05,tur,0,3,0.0,10.333333333333334
2026-06-05,twn,0,1,0.0,10.0
2026-06-05,ukr,0,1,0.0,4.0
2026-06-05,ury,0,3,0.0,11.0
2026-06-05,usa,0,126,0.0,6.753968253968254
2026-06-05,ven,0,1,0.0,9.0
2026-06-05,vnm,0,1,0.0,9.0
2026-06-06,are,0,2,0.0,10.0
2026-06-06,arg,0,9,0.0,8.222222222222221
2026-06-06,bel,0,2,0.0,6.5
2026-06-06,bgd,0,1,0.0,5.0
2026-06-06,can,0,10,0.0,8.0
2026-06-06,chl,0,5,0.0,9.2
2026-06-06,col,0,3,0.0,7.0
2026-06-06,deu,0,1,0.0,15.0
2026-06-06,dom,0,2,0.0,7.0
2026-06-06,ecu,0,1,0.0,9.0
2026-06-06,esp,0,6,0.0,9.5
2026-06-06,gbr,0,4,0.0,25.0
2026-06-06,grc,0,1,0.0,10.0
2026-06-06,gtm,0,1,0.0,7.0
2026-06-06,hkg,0,6,0.0,6.333333333333333
2026-06-06,hun,0,1,0.0,5.0
2026-06-06,idn,0,3,0.0,9.666666666666666
2026-06-06,ind,0,1,0.0,12.0
2026-06-06,irn,0,1,0.0,6.0
2026-06-06,isr,0,1,0.0,2.0
2026-06-06,ita,0,7,0.0,13.857142857142858
2026-06-06,jam,0,1,0.0,4.0
2026-06-06,jor,0,1,0.0,3.0
2026-06-06,jpn,0,4,0.0,21.0
2026-06-06,ken,0,5,0.0,5.8
2026-06-06,kor,0,14,0.0,5.571428571428571
2026-06-06,mex,0,2,0.0,8.0
2026-06-06,moz,0,6,0.0,9.333333333333334
2026-06-06,nld,0,1,0.0,17.0
2026-06-06,per,0,3,0.0,9.0
2026-06-06,phl,0,3,0.0,9.666666666666666
2026-06-06,prt,0,8,0.0,11.5
2026-06-06,pry,0,4,0.0,24.75
2026-06-06,qat,0,1,0.0,77.0
2026-06-06,rus,0,1,0.0,8.0
2026-06-06,sgp,0,2,0.0,39.5
2026-06-06,swe,0,2,0.0,8.0
2026-06-06,tgo,0,1,0.0,8.0
2026-06-06,tha,0,3,0.0,5.666666666666667
2026-06-06,tto,0,1,0.0,8.0
2026-06-06,tur,0,4,0.0,7.0
2026-06-06,twn,0,1,0.0,6.0
2026-06-06,ukr,0,1,0.0,1.0
2026-06-06,ven,0,2,0.0,7.0
2026-06-07,ago,0,2,0.0,4.5
2026-06-07,are,0,2,0.0,9.0
2026-06-07,arg,0,2,0.0,5.0
2026-06-07,aut,0,2,0.0,20.0
2026-06-07,bel,0,1,0.0,9.0
2026-06-07,bgd,0,2,0.0,3.5
2026-06-07,bgr,0,1,0.0,18.0
2026-06-07,blr,0,1,0.0,29.0
2026-06-07,blz,0,1,0.0,9.0
2026-06-07,bol,0,2,0.0,2.5
2026-06-07,can,0,11,0.0,5.090909090909091
2026-06-07,che,0,4,0.0,8.75
2026-06-07,chl,0,4,0.0,14.5
2026-06-07,chn,0,1,0.0,6.0
2026-06-07,cod,0,1,0.0,10.0
2026-06-07,col,0,4,0.0,16.0
2026-06-07,cri,0,1,0.0,6.0
2026-06-07,cze,0,2,0.0,2.5
2026-06-07,deu,0,3,0.0,5.333333333333333
2026-06-07,dnk,0,1,0.0,18.0
2026-06-07,dom,0,1,0.0,9.0
2026-06-07,dza,0,2,0.0,7.0
2026-06-07,ecu,0,1,0.0,6.0
2026-06-07,egy,0,3,0.0,25.0
2026-06-07,esp,0,1,0.0,6.0
2026-06-07,fra,0,9,0.0,10.666666666666666
2026-06-07,hkg,0,6,0.0,6.833333333333333
2026-06-07,idn,0,4,0.0,31.75
2026-06-07,ind,0,9,0.0,6.0
2026-06-07,irl,0,5,0.0,9.6
2026-06-07,irn,0,1,0.0,3.0
2026-06-07,ita,0,2,0.0,11.0
2026-06-07,jpn,0,5,0.0,18.8
2026-06-07,khm,0,1,0.0,7.0
2026-06-07,kor,0,8,0.0,12.25
2026-06-07,mex,0,3,0.0,19.333333333333332
2026-06-07,moz,0,5,0.0,7.2
2026-06-07,mys,0,1,0.0,5.0
2026-06-07,nga,0,3,0.0,7.666666666666667
2026-06-07,nld,0,2,0.0,10.5
2026-06-07,nor,0,2,0.0,36.5
2026-06-07,pak,0,3,0.0,6.0
2026-06-07,per,0,1,0.0,23.0
2026-06-07,prt,0,8,0.0,8.75
2026-06-07,pry,0,2,0.0,7.5
2026-06-07,sau,0,2,0.0,6.5
2026-06-07,sgp,0,1,0.0,3.0
2026-06-07,swe,0,1,0.0,6.0
2026-06-07,tha,0,3,0.0,8.0
2026-06-07,tur,0,1,0.0,5.0
2026-06-07,twn,0,4,0.0,9.25
2026-06-07,usa,0,186,0.0,8.919354838709676
2026-06-07,vnm,0,2,0.0,10.0
2026-06-08,ago,0,1,0.0,1.0
2026-06-08,aus,0,1,0.0,11.0
2026-06-08,aut,0,1,0.0,10.0
2026-06-08,bel,0,1,0.0,11.0
2026-06-08,bgd,0,5,0.0,26.8
2026-06-08,bol,0,1,0.0,5.0
2026-06-08,can,0,10,0.0,8.4
2026-06-08,che,0,2,0.0,14.5
2026-06-08,chl,0,3,0.0,43.333333333333336
2026-06-08,civ,0,1,0.0,11.0
2026-06-08,col,0,7,0.0,8.142857142857142
2026-06-08,cri,0,1,0.0,8.0
2026-06-08,deu,0,4,0.0,10.75
2026-06-08,dom,0,2,0.0,7.0
2026-06-08,dza,0,1,0.0,8.0
2026-06-08,ecu,0,1,0.0,4.0
2026-06-08,egy,0,4,0.0,43.75
2026-06-08,esp,0,5,0.0,13.2
2026-06-08,fra,0,7,0.0,9.571428571428571
2026-06-08,gbr,0,6,0.0,6.166666666666667
2026-06-08,hkg,0,7,0.0,5.428571428571429
2026-06-08,hti,0,1,0.0,8.0
2026-06-08,idn,0,8,0.0,6.75
2026-06-08,ind,0,7,0.0,18.857142857142858
2026-06-08,irl,0,1,0.0,1.0
2026-06-08,isr,0,1,0.0,6.0
2026-06-08,ita,0,4,0.0,9.5
2026-06-08,jpn,0,7,0.0,23.571428571428573
2026-06-08,kor,0,15,0.0,7.266666666666667
2026-06-08,moz,0,4,0.0,7.0
2026-06-08,nga,0,1,0.0,9.0
2026-06-08,nld,0,3,0.0,8.333333333333332
2026-06-08,nor,0,3,0.0,9.333333333333334
2026-06-08,npl,0,1,0.0,9.0
2026-06-08,nzl,0,1,0.0,11.0
2026-06-08,pak,0,1,0.0,6.0
2026-06-08,per,0,3,0.0,10.0
2026-06-08,phl,0,1,0.0,5.0
2026-06-08,pol,0,3,0.0,2.666666666666667
2026-06-08,pri,0,4,0.0,11.25
2026-06-08,prt,0,9,0.0,8.555555555555555
2026-06-08,pry,0,1,0.0,5.0
2026-06-08,rou,0,1,0.0,4.0
2026-06-08,rus,0,3,0.0,4.666666666666666
2026-06-08,sau,0,4,0.0,9.5
2026-06-08,sgp,0,3,0.0,4.0
2026-06-08,tha,0,1,0.0,10.0
2026-06-08,tto,0,1,0.0,6.0
2026-06-08,tun,0,1,0.0,9.0
2026-06-08,tur,0,1,0.0,5.0
2026-06-08,ukr,0,3,0.0,20.666666666666668
2026-06-08,ury,0,2,0.0,10.0
2026-06-08,usa,0,192,0.0,7.484375
2026-06-08,vnm,0,3,0.0,42.0
2026-06-09,are,0,1,0.0,10.0
2026-06-09,arg,0,3,0.0,7.333333333333333
2026-06-09,aus,0,2,0.0,1.0
2026-06-09,bol,0,3,0.0,6.0
2026-06-09,can,0,14,0.0,8.571428571428571
2026-06-09,che,0,4,0.0,7.5
2026-06-09,chl,0,4,0.0,10.5
2026-06-09,col,0,1,0.0,10.0
2026-06-09,cze,0,1,0.0,10.0
2026-06-09,deu,0,7,0.0,16.0
2026-06-09,dnk,0,1,0.0,10.0
2026-06-09,dza,0,2,0.0,13.0
2026-06-09,ecu,0,1,0.0,12.0
2026-06-09,egy,0,1,0.0,25.0
2026-06-09,esp,0,3,0.0,13.666666666666666
2026-06-09,fra,0,7,0.0,12.428571428571429
2026-06-09,gbr,0,8,0.0,21.625
2026-06-09,grc,0,1,0.0,10.0
2026-06-09,hrv,0,2,0.0,11.0
2026-06-09,idn,0,6,0.0,19.666666666666668
2026-06-09,ind,0,1,0.0,12.0
2026-06-09,irq,0,3,0.0,9.333333333333334
2026-06-09,isr,0,1,0.0,8.0
2026-06-09,ita,0,4,0.0,21.5
2026-06-09,jpn,0,1,0.0,39.0
2026-06-09,kor,0,9,0.0,7.0
2026-06-09,lbn,0,1,0.0,3.0
2026-06-09,lux,0,1,0.0,13.0
2026-06-09,mar,0,1,0.0,35.0
2026-06-09,mex,0,1,0.0,3.0
2026-06-09,mys,0,4,0.0,11.25
2026-06-09,nga,0,1,0.0,1.0
2026-06-09,nld,0,10,0.0,9.5
2026-06-09,npl,0,1,0.0,10.0
2026-06-09,omn,0,1,0.0,12.0
2026-06-09,pak,0,2,0.0,23.0
2026-06-09,per,0,2,0.0,17.5
2026-06-09,phl,0,9,0.0,13.444444444444445
2026-06-09,prt,0,11,0.0,8.0
2026-06-09,pry,0,3,0.0,5.333333333333333
2026-06-09,pyf,0,1,0.0,9.0
2026-06-09,rou,0,2,0.0,7.5
2026-06-09,rus,0,4,0.0,5.5
2026-06-09,sau,0,2,0.0,12.0
2026-06-09,svn,0,1,0.0,1.0
2026-06-09,tun,0,1,0.0,13.0
2026-06-09,tur,0,7,0.0,24.285714285714285
2026-06-09,twn,0,1,0.0,8.0
2026-06-09,uga,0,2,0.0,8.0
2026-06-09,ukr,0,1,0.0,12.0
2026-06-09,usa,0,260,0.0,6.861538461538461
2026-06-09,ven,0,1,0.0,6.0
2026-06-09,vnm,0,5,0.0,32.6
2026-06-09,zaf,0,3,0.0,5.0
2026-06-10,ago,0,2,0.0,8.0
2026-06-10,are,0,2,0.0,37.5
2026-06-10,arg,0,6,0.0,10.333333333333334
2026-06-10,aus,0,2,0.0,8.5
2026-06-10,aut,0,3,0.0,23.0
2026-06-10,blr,0,2,0.0,4.5
2026-06-10,bol,0,3,0.0,8.333333333333332
2026-06-10,can,0,19,0.0,15.578947368421053
2026-06-10,che,0,3,0.0,12.0
2026-06-10,chl,0,4,0.0,9.75
2026-06-10,chn,0,2,0.0,5.0
2026-06-10,col,0,1,0.0,1.0
2026-06-10,cri,0,1,0.0,4.0
2026-06-10,cyp,0,1,0.0,6.0
2026-06-10,cze,0,1,0.0,7.0
2026-06-10,deu,0,5,0.0,2.4
2026-06-10,dza,0,10,0.0,18.0
2026-06-10,egy,0,3,0.0,8.333333333333332
2026-06-10,esp,0,6,0.0,17.833333333333332
2026-06-10,fra,0,8,0.0,9.625
2026-06-10,gbr,0,4,0.0,10.25
2026-06-10,hkg,0,2,0.0,4.0
2026-06-10,hnd,0,1,0.0,3.0
2026-06-10,hti,0,1,0.0,11.0
2026-06-10,idn,0,17,0.0,24.11764705882353
2026-06-10,ind,0,7,0.0,9.857142857142858
2026-06-10,ita,0,2,0.0,12.5
2026-06-10,jpn,0,3,0.0,22.333333333333332
2026-06-10,ken,0,1,0.0,11.0
2026-06-10,kor,0,25,0.0,8.68
2026-06-10,lux,0,1,0.0,1.0
2026-06-10,mar,0,3,0.0,7.666666666666667
2026-06-10,mex,0,1,0.0,4.0
2026-06-10,mys,0,8,0.0,18.375
2026-06-10,nga,0,2,0.0,21.5
2026-06-10,nld,0,3,0.0,10.333333333333334
2026-06-10,pak,0,10,0.0,21.9
2026-06-10,per,0,1,0.0,8.0
2026-06-10,phl,0,14,0.0,21.428571428571427
2026-06-10,pol,0,1,0.0,11.0
2026-06-10,prt,0,12,0.0,10.416666666666666
2026-06-10,rou,0,1,0.0,21.0
2026-06-10,rus,0,2,0.0,10.0
2026-06-10,sau,0,1,0.0,2.0
2026-06-10,swe,0,1,0.0,4.0
2026-06-10,tur,0,2,0.0,4.5
2026-06-10,twn,0,1,0.0,11.0
2026-06-10,ukr,0,1,0.0,7.0
2026-06-10,ven,0,1,0.0,1.0
2026-06-10,vnm,0,11,0.0,23.636363636363637
2026-06-11,ago,0,1,0.0,22.0
2026-06-11,are,0,5,0.0,8.0
2026-06-11,arg,0,3,0.0,21.0
2026-06-11,aut,0,1,0.0,11.0
2026-06-11,aze,0,2,0.0,6.5
2026-06-11,bel,0,1,0.0,2.0
2026-06-11,bgd,0,2,0.0,6.5
2026-06-11,bgr,0,1,0.0,4.0
2026-06-11,can,0,21,0.0,11.857142857142858
2026-06-11,che,0,2,0.0,5.0
2026-06-11,civ,0,1,0.0,6.0
2026-06-11,col,0,3,0.0,23.666666666666668
2026-06-11,cri,0,1,0.0,7.0
2026-06-11,deu,0,2,0.0,13.0
2026-06-11,dnk,0,1,0.0,15.0
2026-06-11,dom,0,5,0.0,6.6
2026-06-11,dza,0,6,0.0,27.166666666666668
2026-06-11,ecu,0,4,0.0,21.75
2026-06-11,egy,0,3,0.0,25.666666666666668
2026-06-11,eth,0,6,0.0,13.0
2026-06-11,fra,0,9,0.0,8.555555555555555
2026-06-11,gbr,0,5,0.0,5.2
2026-06-11,grc,0,2,0.0,4.5
2026-06-11,gtm,0,1,0.0,5.0
2026-06-11,idn,0,9,0.0,14.88888888888889
2026-06-11,irl,0,2,0.0,30.0
2026-06-11,irq,0,3,0.0,6.333333333333333
2026-06-11,isr,0,1,0.0,15.0
2026-06-11,ita,0,9,0.0,13.333333333333334
2026-06-11,jor,0,1,0.0,2.0
2026-06-11,jpn,0,6,0.0,29.5
2026-06-11,ken,0,1,0.0,6.0
2026-06-11,kor,0,7,0.0,5.857142857142857
2026-06-11,mar,0,5,0.0,18.0
2026-06-11,mex,0,1,0.0,1.0
2026-06-11,mlt,0,1,0.0,7.0
2026-06-11,moz,0,1,0.0,6.0
2026-06-11,mys,0,11,0.0,20.818181818181817
2026-06-11,nga,0,6,0.0,21.833333333333332
2026-06-11,nld,0,3,0.0,5.0
2026-06-11,npl,0,1,0.0,5.0
2026-06-11,omn,0,1,0.0,10.0
2026-06-11,pak,0,4,0.0,29.25
2026-06-11,pan,0,1,0.0,4.0
2026-06-11,per,0,1,0.0,3.0
2026-06-11,phl,0,14,0.0,19.642857142857142
2026-06-11,prt,0,21,0.0,22.714285714285715
2026-06-11,qat,0,1,0.0,9.0
2026-06-11,rou,0,2,0.0,4.5
2026-06-11,sau,0,1,0.0,12.0
2026-06-11,tha,0,2,0.0,9.5
2026-06-11,tto,0,2,0.0,8.5
2026-06-11,tun,0,1,0.0,5.0
2026-06-11,tur,0,2,0.0,5.5
2026-06-11,ury,0,1,0.0,12.0
2026-06-11,usa,0,450,0.0,5.9622222222222225
2026-06-11,ven,0,1,0.0,9.0
2026-06-11,vnm,0,12,0.0,15.666666666666666
2026-06-11,zaf,0,2,0.0,21.5
2026-06-12,ago,0,1,0.0,21.0
2026-06-12,are,0,5,0.0,9.4
2026-06-12,arg,0,5,0.0,9.6
2026-06-12,aus,0,3,0.0,8.333333333333332
2026-06-12,aze,0,1,0.0,10.0
2026-06-12,bel,0,1,0.0,10.0
2026-06-12,bgd,0,2,0.0,4.5
2026-06-12,bgr,0,1,0.0,26.0
2026-06-12,bhs,0,1,0.0,5.0
2026-06-12,blr,0,1,0.0,7.0
2026-06-12,bol,0,2,0.0,7.0
2026-06-12,brb,0,1,0.0,6.0
2026-06-12,can,0,19,0.0,15.421052631578947
2026-06-12,che,0,4,0.0,8.75
2026-06-12,chl,0,4,0.0,10.5
2026-06-12,chn,0,1,0.0,1.0
2026-06-12,civ,0,1,0.0,11.0
2026-06-12,col,0,11,0.0,12.636363636363637
2026-06-12,cri,0,4,0.0,7.25
2026-06-12,deu,0,8,0.0,6.5
2026-06-12,dza,0,7,0.0,14.285714285714286
2026-06-12,ecu,0,8,0.0,24.5
2026-06-12,egy,0,8,0.0,23.0
2026-06-12,esp,0,4,0.0,15.0
2026-06-12,fra,0,2,0.0,8.5
2026-06-12,gbr,0,8,0.0,10.0
2026-06-12,guy,0,1,0.0,10.0
2026-06-12,hkg,0,4,0.0,3.0
2026-06-12,idn,0,18,0.0,18.5
2026-06-12,ind,0,17,0.0,27.529411764705884
2026-06-12,irn,0,1,0.0,7.0
2026-06-12,irq,0,1,0.0,7.0
2026-06-12,ita,0,2,0.0,11.0
2026-06-12,jam,0,1,0.0,10.0
2026-06-12,jor,0,2,0.0,7.0
2026-06-12,jpn,0,3,0.0,26.0
2026-06-12,kaz,0,1,0.0,8.0
2026-06-12,khm,0,1,0.0,7.0
2026-06-12,kor,0,14,0.0,10.285714285714286
2026-06-12,lva,0,2,0.0,7.5
2026-06-12,mar,0,9,0.0,12.555555555555555
2026-06-12,mex,0,1,0.0,7.0
2026-06-12,moz,0,1,0.0,8.0
2026-06-12,mys,0,12,0.0,18.083333333333332
2026-06-12,nga,0,2,0.0,8.0
2026-06-12,nic,0,1,0.0,10.0
2026-06-12,nld,0,12,0.0,4.583333333333334
2026-06-12,pak,0,5,0.0,27.6
2026-06-12,phl,0,14,0.0,17.571428571428573
2026-06-12,png,0,2,0.0,4.0
2026-06-12,pol,0,14,0.0,9.571428571428571
2026-06-12,prt,0,12,0.0,11.25
2026-06-12,pry,0,2,0.0,4.5
2026-06-12,rus,0,1,0.0,6.0
2026-06-12,sgp,0,1,0.0,1.0
2026-06-12,slv,0,1,0.0,15.0
2026-06-12,srb,0,1,0.0,7.0
2026-06-12,swe,0,1,0.0,11.0
2026-06-12,tto,0,3,0.0,17.333333333333332
2026-06-12,tur,0,1,0.0,1.0
2026-06-12,tza,0,1,0.0,10.0
2026-06-12,ukr,0,2,0.0,5.0
2026-06-12,usa,0,247,0.0,6.906882591093117
2026-06-12,ven,0,1,0.0,4.0
2026-06-12,vnm,0,18,0.0,23.27777777777778
2026-06-13,are,0,12,0.0,6.5
2026-06-13,arg,0,3,0.0,4.666666666666666
2026-06-13,arm,0,1,0.0,11.0
2026-06-13,aus,0,4,0.0,37.25
2026-06-13,can,0,11,0.0,9.909090909090908
2026-06-13,che,0,1,0.0,6.0
2026-06-13,chl,0,2,0.0,11.5
2026-06-13,col,0,1,0.0,11.0
2026-06-13,cri,0,2,0.0,8.5
2026-06-13,deu,0,5,0.0,3.0
2026-06-13,dnk,0,2,0.0,8.0
2026-06-13,dza,0,1,0.0,47.0
2026-06-13,ecu,0,4,0.0,14.25
2026-06-13,egy,0,3,0.0,15.0
2026-06-13,esp,0,5,0.0,6.4
2026-06-13,eth,0,2,0.0,21.5
2026-06-13,fra,0,2,0.0,6.5
2026-06-13,gbr,0,5,0.0,9.2
2026-06-13,hkg,0,1,0.0,1.0
2026-06-13,ind,0,6,0.0,17.333333333333332
2026-06-13,ita,0,8,0.0,14.75
2026-06-13,jor,0,2,0.0,3.5
2026-06-13,jpn,0,3,0.0,16.333333333333336
2026-06-13,ken,0,1,0.0,8.0
2026-06-13,khm,0,1,0.0,26.0
2026-06-13,kor,0,17,0.0,8.235294117647058
2026-06-13,mar,0,7,0.0,15.714285714285714
2026-06-13,mdg,0,1,0.0,14.0
2026-06-13,mex,0,2,0.0,8.5
2026-06-13,mys,0,6,0.0,18.166666666666668
2026-06-13,nga,0,1,0.0,15.0
2026-06-13,nld,0,3,0.0,10.0
2026-06-13,omn,0,1,0.0,26.0
2026-06-13,pak,0,1,0.0,8.0
2026-06-13,per,0,1,0.0,15.0
2026-06-13,phl,0,6,0.0,22.5
2026-06-13,pol,0,1,0.0,48.0
2026-06-13,prt,0,12,0.0,12.0
2026-06-13,rus,0,1,0.0,6.0
2026-06-13,sgp,0,1,0.0,2.0
2026-06-13,syr,0,1,0.0,3.0
2026-06-13,tto,0,3,0.0,29.0
2026-06-13,tur,0,1,0.0,1.0
2026-06-13,twn,0,1,0.0,11.0
2026-06-13,usa,0,274,0.0,6.478102189781022
2026-06-13,vnm,0,6,0.0,18.666666666666668
2026-06-14,alb,0,1,0.0,9.0
2026-06-14,are,0,4,0.0,10.25
2026-06-14,arg,0,6,0.0,33.333333333333336
2026-06-14,aus,0,1,0.0,12.0
2026-06-14,aze,0,1,0.0,11.0
2026-06-14,bel,0,7,0.0,7.571428571428571
2026-06-14,bgd,0,1,0.0,27.0
2026-06-14,bol,0,1,0.0,7.0
2026-06-14,can,0,10,0.0,33.2
2026-06-14,chl,0,3,0.0,29.0
2026-06-14,chn,0,1,0.0,7.0
2026-06-14,cod,0,1,0.0,12.0
2026-06-14,col,0,1,0.0,38.0
2026-06-14,cri,0,2,0.0,2.0
2026-06-14,deu,0,7,0.0,7.428571428571429
2026-06-14,dza,0,7,0.0,17.142857142857142
2026-06-14,ecu,0,1,0.0,29.0
2026-06-14,egy,0,4,0.0,35.25
2026-06-14,esp,0,6,0.0,18.166666666666668
2026-06-14,eth,0,2,0.0,23.5
2026-06-14,fin,0,5,0.0,9.6
2026-06-14,fra,0,6,0.0,11.0
2026-06-14,gbr,0,6,0.0,15.0
2026-06-14,guy,0,1,0.0,13.0
2026-06-14,hkg,0,1,0.0,21.0
2026-06-14,hrv,0,2,0.0,33.5
2026-06-14,idn,0,4,0.0,12.0
2026-06-14,ind,0,19,0.0,30.36842105263158
2026-06-14,irl,0,1,0.0,21.0
2026-06-14,ita,0,3,0.0,7.666666666666667
2026-06-14,jor,0,1,0.0,13.0
2026-06-14,jpn,0,6,0.0,23.666666666666668
2026-06-14,kaz,0,1,0.0,11.0
2026-06-14,kor,0,10,0.0,12.2
2026-06-14,lbn,0,1,0.0,11.0
2026-06-14,lka,0,1,0.0,2.0
2026-06-14,lux,0,1,0.0,7.0
2026-06-14,mar,0,4,0.0,29.75
2026-06-14,mex,0,2,0.0,16.0
2026-06-14,mng,0,1,0.0,2.0
2026-06-14,moz,0,1,0.0,8.0
2026-06-14,mys,0,3,0.0,11.333333333333334
2026-06-14,nld,0,5,0.0,20.6
2026-06-14,pak,0,4,0.0,11.25
2026-06-14,phl,0,10,0.0,29.2
2026-06-14,pol,0,3,0.0,11.666666666666666
2026-06-14,prt,0,7,0.0,14.857142857142858
2026-06-14,pry,0,1,0.0,6.0
2026-06-14,pse,0,1,0.0,11.0
2026-06-14,sau,0,2,0.0,22.0
2026-06-14,sgp,0,1,0.0,3.0
2026-06-14,swe,0,4,0.0,24.5
2026-06-14,tha,0,1,0.0,8.0
2026-06-14,tur,0,3,0.0,4.333333333333334
2026-06-14,ukr,0,2,0.0,10.0
2026-06-14,ury,0,1,0.0,9.0
2026-06-14,usa,0,300,0.0,7.87
2026-06-14,ven,0,1,0.0,8.0
2026-06-14,vnm,0,8,0.0,29.0
2026-06-14,zaf,0,2,0.0,7.0
2026-06-15,are,0,2,0.0,12.5
2026-06-15,arg,0,7,0.0,16.0
2026-06-15,aus,0,5,0.0,36.0
2026-06-15,aut,0,3,0.0,2.0
2026-06-15,aze,0,2,0.0,9.0
2026-06-15,bel,0,2,0.0,11.0
2026-06-15,bgd,0,1,0.0,4.0
2026-06-15,bol,0,2,0.0,6.0
2026-06-15,can,0,12,0.0,14.25
2026-06-15,che,0,1,0.0,4.0
2026-06-15,chl,0,7,0.0,14.142857142857142
2026-06-15,col,0,2,0.0,25.0
2026-06-15,cri,0,1,0.0,3.0
2026-06-15,deu,0,6,0.0,3.8333333333333335
2026-06-15,dnk,0,1,0.0,21.0
2026-06-15,dza,0,3,0.0,33.666666666666664
2026-06-15,ecu,0,2,0.0,13.5
2026-06-15,egy,0,1,0.0,8.0
2026-06-15,esp,0,12,0.0,14.333333333333334
2026-06-15,eth,0,1,0.0,8.0
2026-06-15,fra,0,11,0.0,10.0
2026-06-15,gbr,0,5,0.0,17.4
2026-06-15,hkg,0,3,0.0,4.0
2026-06-15,idn,0,8,0.0,25.75
2026-06-15,ind,0,6,0.0,9.666666666666666
2026-06-15,irl,0,2,0.0,7.0
2026-06-15,irn,0,3,0.0,5.0
2026-06-15,ita,0,10,0.0,15.6
2026-06-15,jpn,0,2,0.0,7.0
2026-06-15,kor,0,6,0.0,11.166666666666666
2026-06-15,mar,0,3,0.0,9.333333333333334
2026-06-15,mex,0,1,0.0,7.0
2026-06-15,moz,0,3,0.0,3.0
2026-06-15,mys,0,4,0.0,22.5
2026-06-15,nga,0,4,0.0,18.25
2026-06-15,nld,0,2,0.0,4.5
2026-06-15,nzl,0,1,0.0,39.0
2026-06-15,pak,0,1,0.0,6.0
2026-06-15,pan,0,4,0.0,9.5
2026-06-15,per,0,2,0.0,11.0
2026-06-15,phl,0,5,0.0,28.0
2026-06-15,pol,0,1,0.0,7.0
2026-06-15,prt,0,9,0.0,12.666666666666666
2026-06-15,pry,0,3,0.0,9.0
2026-06-15,rou,0,1,0.0,14.0
2026-06-15,rus,0,2,0.0,16.5
2026-06-15,sau,0,2,0.0,17.5
2026-06-15,syr,0,2,0.0,7.0
2026-06-15,tha,0,7,0.0,15.857142857142858
2026-06-15,tur,0,2,0.0,3.0
2026-06-15,twn,0,1,0.0,12.0
2026-06-15,ury,0,2,0.0,6.0
2026-06-15,ven,0,1,0.0,11.0
2026-06-15,vnm,0,6,0.0,7.666666666666667
2026-06-15,zaf,0,1,0.0,8.0
2026-06-16,ago,0,2,0.0,5.0
2026-06-16,arg,0,4,0.0,6.5
2026-06-16,aus,0,2,0.0,4.5
2026-06-16,bel,0,3,0.0,58.666666666666664
2026-06-16,bgr,0,1,0.0,26.0
2026-06-16,blr,0,1,0.0,10.0
2026-06-16,can,0,13,0.0,9.846153846153847
2026-06-16,che,0,1,0.0,49.0
2026-06-16,chl,0,5,0.0,8.2
2026-06-16,chn,0,5,0.0,6.6
2026-06-16,col,0,2,0.0,5.0
2026-06-16,deu,0,7,0.0,6.285714285714286
2026-06-16,dza,0,5,0.0,20.0
2026-06-16,ecu,0,2,0.0,18.5
2026-06-16,egy,0,4,0.0,18.25
2026-06-16,esp,0,11,0.0,21.545454545454547
2026-06-16,eth,0,1,0.0,8.0
2026-06-16,fra,0,6,0.0,10.833333333333334
2026-06-16,gbr,0,7,0.0,8.142857142857142
2026-06-16,grc,0,1,0.0,8.0
2026-06-16,grd,0,1,0.0,6.0
2026-06-16,hkg,0,2,0.0,4.5
2026-06-16,hrv,0,1,0.0,10.0
2026-06-16,hun,0,1,0.0,4.0
2026-06-16,idn,0,10,0.0,12.7
2026-06-16,ind,0,18,0.0,11.38888888888889
2026-06-16,irl,0,1,0.0,14.0
2026-06-16,irq,0,2,0.0,8.5
2026-06-16,isr,0,2,0.0,43.0
2026-06-16,ita,0,4,0.0,17.0
2026-06-16,jor,0,4,0.0,5.5
2026-06-16,jpn,0,7,0.0,20.0
2026-06-16,kor,0,8,0.0,7.75
2026-06-16,mar,0,7,0.0,14.0
2026-06-16,mex,0,5,0.0,7.0
2026-06-16,moz,0,1,0.0,2.0
2026-06-16,mys,0,4,0.0,38.75
2026-06-16,nga,0,8,0.0,14.75
2026-06-16,nzl,0,1,0.0,55.0
2026-06-16,omn,0,1,0.0,50.0
2026-06-16,pak,0,2,0.0,9.5
2026-06-16,per,0,2,0.0,9.0
2026-06-16,phl,0,5,0.0,17.4
2026-06-16,prt,0,11,0.0,11.909090909090908
2026-06-16,pry,0,1,0.0,12.0
2026-06-16,pse,0,1,0.0,11.0
2026-06-16,rou,0,1,0.0,4.0
2026-06-16,rus,0,1,0.0,8.0
2026-06-16,sau,0,9,0.0,12.222222222222221
2026-06-16,sgp,0,1,0.0,1.0
2026-06-16,tha,0,9,0.0,24.11111111111111
2026-06-16,tto,0,3,0.0,29.333333333333332
2026-06-16,tun,0,1,0.0,5.0
2026-06-16,tur,0,4,0.0,10.5
2026-06-16,twn,0,2,0.0,10.5
2026-06-16,uga,0,1,0.0,4.0
2026-06-16,ukr,0,1,0.0,10.0
2026-06-16,ury,0,2,0.0,4.0
2026-06-16,ven,0,3,0.0,4.666666666666666
2026-06-16,vnm,0,13,0.0,11.23076923076923
2026-06-16,zaf,0,1,0.0,2.0
2026-06-17,are,0,2,0.0,9.5
2026-06-17,arg,0,6,0.0,13.333333333333334
2026-06-17,aus,0,1,0.0,5.0
2026-06-17,aze,0,2,0.0,6.5
2026-06-17,bel,0,1,0.0,9.0
2026-06-17,bgd,0,2,0.0,19.5
2026-06-17,bgr,0,1,0.0,13.0
2026-06-17,can,0,16,0.0,16.625
2026-06-17,che,0,3,0.0,10.666666666666666
2026-06-17,chl,0,7,0.0,23.428571428571427
2026-06-17,chn,0,1,0.0,1.0
2026-06-17,col,0,4,0.0,15.0
2026-06-17,cyp,0,1,0.0,7.0
2026-06-17,cze,0,1,0.0,21.0
2026-06-17,deu,0,1,0.0,8.0
2026-06-17,dza,0,4,0.0,12.75
2026-06-17,ecu,0,5,0.0,25.0
2026-06-17,egy,0,8,0.0,21.375
2026-06-17,esp,0,13,0.0,18.615384615384617
2026-06-17,eth,0,5,0.0,15.6
2026-06-17,gbr,0,6,0.0,7.833333333333333
2026-06-17,gha,0,2,0.0,4.0
2026-06-17,grd,0,1,0.0,10.0
2026-06-17,gtm,0,1,0.0,9.0
2026-06-17,hkg,0,4,0.0,5.25
2026-06-17,hrv,0,1,0.0,12.0
2026-06-17,hun,0,1,0.0,8.0
2026-06-17,idn,0,12,0.0,26.5
2026-06-17,ind,0,8,0.0,22.0
2026-06-17,irl,0,2,0.0,8.5
2026-06-17,isl,0,1,0.0,5.0
2026-06-17,isr,0,1,0.0,9.0
2026-06-17,ita,0,11,0.0,14.181818181818182
2026-06-17,jam,0,2,0.0,5.5
2026-06-17,jor,0,2,0.0,8.5
2026-06-17,jpn,0,2,0.0,28.0
2026-06-17,ken,0,1,0.0,9.0
2026-06-17,kor,0,17,0.0,5.882352941176471
2026-06-17,ltu,0,1,0.0,9.0
2026-06-17,mar,0,6,0.0,5.333333333333333
2026-06-17,mdg,0,1,0.0,19.0
2026-06-17,mex,0,2,0.0,6.0
2026-06-17,mlt,0,1,0.0,10.0
2026-06-17,mys,0,9,0.0,21.77777777777778
2026-06-17,nga,0,1,0.0,36.0
2026-06-17,nld,0,4,0.0,4.25
2026-06-17,nor,0,2,0.0,7.5
2026-06-17,npl,0,1,0.0,7.0
2026-06-17,omn,0,1,0.0,6.0
2026-06-17,pak,0,4,0.0,11.0
2026-06-17,per,0,5,0.0,22.8
2026-06-17,phl,0,10,0.0,23.3
2026-06-17,pol,0,2,0.0,6.5
2026-06-17,pry,0,1,0.0,11.0
2026-06-17,sau,0,8,0.0,24.0
2026-06-17,sgp,0,1,0.0,20.0
2026-06-17,slv,0,2,0.0,8.0
2026-06-17,swe,0,1,0.0,13.0
2026-06-17,tha,0,10,0.0,23.8
2026-06-17,tto,0,2,0.0,24.0
2026-06-17,tur,0,3,0.0,6.0
2026-06-17,twn,0,1,0.0,8.0
2026-06-17,uga,0,1,0.0,8.0
2026-06-17,ukr,0,2,0.0,5.0
2026-06-17,ury,0,2,0.0,6.5
2026-06-17,ven,0,5,0.0,11.8
2026-06-17,vnm,0,7,0.0,10.428571428571429
2026-06-17,zaf,0,1,0.0,1.0
2026-06-18,ago,0,3,0.0,8.333333333333332
2026-06-18,are,0,2,0.0,12.5
2026-06-18,arg,0,8,0.0,8.25
2026-06-18,aus,0,2,0.0,10.5
2026-06-18,bel,0,1,0.0,10.0
2026-06-18,bgd,0,3,0.0,8.666666666666668
2026-06-18,bgr,0,1,0.0,3.0
2026-06-18,bih,0,1,0.0,13.0
2026-06-18,blr,0,1,0.0,9.0
2026-06-18,can,0,12,0.0,11.25
2026-06-18,che,0,2,0.0,12.0
2026-06-18,chl,0,8,0.0,16.75
2026-06-18,chn,0,2,0.0,6.0
2026-06-18,col,0,4,0.0,6.75
2026-06-18,deu,0,7,0.0,5.0
2026-06-18,dnk,0,2,0.0,5.5
2026-06-18,dom,0,1,0.0,6.0
2026-06-18,dza,0,3,0.0,22.0
2026-06-18,ecu,0,5,0.0,19.4
2026-06-18,egy,0,6,0.0,18.5
2026-06-18,fra,0,18,0.0,9.666666666666666
2026-06-18,gbr,0,18,0.0,20.944444444444443
2026-06-18,gha,0,1,0.0,11.0
2026-06-18,gin,0,2,0.0,8.5
2026-06-18,grc,0,1,0.0,10.0
2026-06-18,grd,0,1,0.0,11.0
2026-06-18,gtm,0,1,0.0,28.0
2026-06-18,hkg,0,2,0.0,3.5
2026-06-18,hrv,0,4,0.0,1.25
2026-06-18,idn,0,8,0.0,14.75
2026-06-18,ind,0,11,0.0,8.272727272727273
2026-06-18,irl,0,4,0.0,9.75
2026-06-18,irn,0,3,0.0,6.666666666666667
2026-06-18,ita,0,7,0.0,22.142857142857142
2026-06-18,jor,0,1,0.0,5.0
2026-06-18,jpn,0,6,0.0,25.0
2026-06-18,kor,0,14,0.0,6.857142857142857
2026-06-18,mar,0,3,0.0,23.666666666666668
2026-06-18,mdv,0,1,0.0,5.0
2026-06-18,mex,0,5,0.0,6.4
2026-06-18,moz,0,1,0.0,13.0
2026-06-18,mtq,0,1,0.0,7.0
2026-06-18,mys,0,5,0.0,19.2
2026-06-18,nga,0,3,0.0,13.333333333333334
2026-06-18,nor,0,1,0.0,9.0
2026-06-18,omn,0,2,0.0,8.5
2026-06-18,pak,0,3,0.0,11.666666666666666
2026-06-18,per,0,1,0.0,32.0
2026-06-18,phl,0,7,0.0,22.857142857142858
2026-06-18,pol,0,1,0.0,13.0
2026-06-18,prt,0,10,0.0,7.0
2026-06-18,pry,0,2,0.0,8.5
2026-06-18,rou,0,1,0.0,6.0
2026-06-18,sau,0,4,0.0,9.5
2026-06-18,srb,0,1,0.0,2.0
2026-06-18,swe,0,1,0.0,1.0
2026-06-18,tha,0,3,0.0,26.0
2026-06-18,tto,0,2,0.0,22.5
2026-06-18,tur,0,5,0.0,15.2
2026-06-18,twn,0,4,0.0,7.25
2026-06-18,uga,0,1,0.0,12.0
2026-06-18,ukr,0,1,0.0,2.0
2026-06-18,usa,0,262,0.0,8.007633587786259
2026-06-18,uzb,0,1,0.0,7.0
2026-06-18,ven,0,2,0.0,10.0
2026-06-18,vnm,0,8,0.0,14.75
2026-06-19,ago,0,1,0.0,4.0
2026-06-19,alb,0,3,0.0,7.333333333333333
2026-06-19,are,0,1,0.0,9.0
2026-06-19,arg,0,4,0.0,6.25
2026-06-19,aut,0,3,0.0,8.666666666666668
2026-06-19,bel,0,3,0.0,8.0
2026-06-19,ben,0,1,0.0,10.0
2026-06-19,blm,0,1,0.0,9.0
2026-06-19,can,0,9,0.0,12.777777777777779
2026-06-19,che,0,1,0.0,8.0
2026-06-19,chl,0,5,0.0,14.8
2026-06-19,chn,0,1,0.0,4.0
2026-06-19,civ,0,2,0.0,8.0
2026-06-19,cod,0,2,0.0,9.5
2026-06-19,cyp,0,1,0.0,10.0
2026-06-19,deu,0,3,0.0,9.666666666666666
2026-06-19,ecu,0,6,0.0,8.666666666666668
2026-06-19,egy,0,2,0.0,24.0
2026-06-19,esp,0,5,0.0,14.0
2026-06-19,fra,0,8,0.0,7.375
2026-06-19,gbr,0,6,0.0,31.833333333333332
2026-06-19,hkg,0,3,0.0,6.333333333333333
2026-06-19,hrv,0,1,0.0,6.0
2026-06-19,idn,0,3,0.0,9.0
2026-06-19,ind,0,15,0.0,17.4
2026-06-19,irl,0,3,0.0,9.0
2026-06-19,irn,0,1,0.0,19.0
2026-06-19,irq,0,1,0.0,8.0
2026-06-19,ita,0,12,0.0,12.25
2026-06-19,jpn,0,3,0.0,7.666666666666667
2026-06-19,kor,0,18,0.0,5.777777777777778
2026-06-19,ltu,0,2,0.0,8.5
2026-06-19,mar,0,2,0.0,6.0
2026-06-19,mex,0,2,0.0,8.5
2026-06-19,nga,0,8,0.0,10.375
2026-06-19,nld,0,9,0.0,7.555555555555555
2026-06-19,nor,0,2,0.0,7.5
2026-06-19,npl,0,1,0.0,7.0
2026-06-19,omn,0,1,0.0,7.0
2026-06-19,per,0,1,0.0,3.0
2026-06-19,pol,0,6,0.0,9.833333333333334
2026-06-19,prt,0,15,0.0,16.46666666666667
2026-06-19,pse,0,1,0.0,10.0
2026-06-19,reu,0,1,0.0,6.0
2026-06-19,sau,0,1,0.0,9.0
2026-06-19,sgp,0,2,0.0,20.5
2026-06-19,swe,0,1,0.0,11.0
2026-06-19,tcd,0,1,0.0,10.0
2026-06-19,tha,0,4,0.0,16.0
2026-06-19,tun,0,1,0.0,8.0
2026-06-19,tur,0,5,0.0,5.0
2026-06-19,twn,0,2,0.0,11.0
2026-06-19,ukr,0,1,0.0,8.0
2026-06-19,vnm,0,2,0.0,5.5
2026-06-19,zmb,0,1,0.0,12.0
2026-06-20,ago,0,2,0.0,6.5
2026-06-20,are,0,4,0.0,10.75
2026-06-20,arg,0,2,0.0,9.0
2026-06-20,aut,0,1,0.0,12.0
2026-06-20,bel,0,1,0.0,11.0
2026-06-20,ben,0,1,0.0,8.0
2026-06-20,bgd,0,3,0.0,9.666666666666666
2026-06-20,bol,0,1,0.0,7.0
2026-06-20,can,0,13,0.0,10.307692307692308
2026-06-20,che,0,1,0.0,17.0
2026-06-20,chl,0,4,0.0,34.0
2026-06-20,civ,0,3,0.0,6.0
2026-06-20,cmr,0,1,0.0,12.0
2026-06-20,cod,0,1,0.0,9.0
2026-06-20,deu,0,7,0.0,9.142857142857142
2026-06-20,dza,0,1,0.0,7.0
2026-06-20,esp,0,2,0.0,5.0
2026-06-20,fra,0,14,0.0,8.214285714285715
2026-06-20,gbr,0,13,0.0,32.69230769230769
2026-06-20,grd,0,1,0.0,8.0
2026-06-20,gtm,0,1,0.0,3.0
2026-06-20,hkg,0,1,0.0,2.0
2026-06-20,hnd,0,1,0.0,8.0
2026-06-20,idn,0,2,0.0,5.0
2026-06-20,ind,0,6,0.0,8.833333333333332
2026-06-20,irn,0,1,0.0,2.0
2026-06-20,irq,0,2,0.0,7.0
2026-06-20,ita,0,4,0.0,7.75
2026-06-20,jam,0,1,0.0,6.0
2026-06-20,jpn,0,3,0.0,25.666666666666668
2026-06-20,kor,0,19,0.0,6.157894736842105
2026-06-20,mar,0,3,0.0,8.333333333333332
2026-06-20,mex,0,1,0.0,2.0
2026-06-20,moz,0,2,0.0,5.0
2026-06-20,mwi,0,1,0.0,8.0
2026-06-20,mys,0,1,0.0,2.0
2026-06-20,nga,0,2,0.0,9.0
2026-06-20,nld,0,7,0.0,11.571428571428571
2026-06-20,omn,0,1,0.0,7.0
2026-06-20,pak,0,2,0.0,8.0
2026-06-20,pan,0,1,0.0,12.0
2026-06-20,phl,0,2,0.0,8.5
2026-06-20,pol,0,2,0.0,5.5
2026-06-20,prt,0,15,0.0,12.2
2026-06-20,pry,0,1,0.0,11.0
2026-06-20,reu,0,1,0.0,11.0
2026-06-20,rou,0,1,0.0,4.0
2026-06-20,sau,0,1,0.0,6.0
2026-06-20,sur,0,1,0.0,7.0
2026-06-20,swe,0,1,0.0,7.0
2026-06-20,syr,0,1,0.0,11.0
2026-06-20,tha,0,3,0.0,3.0
2026-06-20,tur,0,3,0.0,10.666666666666666
2026-06-20,twn,0,1,0.0,1.0
2026-06-20,ukr,0,2,0.0,9.0
2026-06-20,usa,0,340,0.0,7.844117647058823
2026-06-20,uzb,0,1,0.0,8.0
2026-06-20,ven,0,2,0.0,24.0
2026-06-20,vnm,0,3,0.0,4.666666666666666
2026-06-21,ago,0,3,0.0,5.333333333333333
2026-06-21,arg,0,15,0.0,10.266666666666667
2026-06-21,aut,0,2,0.0,9.5
2026-06-21,bgd,0,3,0.0,7.0
2026-06-21,bol,0,1,0.0,8.0
2026-06-21,caf,0,3,0.0,9.333333333333334
2026-06-21,can,0,13,0.0,16.23076923076923
2026-06-21,che,0,4,0.0,9.75
2026-06-21,chl,0,8,0.0,10.875
2026-06-21,chn,0,1,0.0,8.0
2026-06-21,civ,0,1,0.0,7.0
2026-06-21,cmr,0,2,0.0,9.5
2026-06-21,cod,0,1,0.0,8.0
2026-06-21,col,0,3,0.0,13.666666666666666
2026-06-21,cpv,0,1,0.0,9.0
2026-06-21,deu,0,5,0.0,22.6
2026-06-21,dnk,0,1,0.0,4.0
2026-06-21,dom,0,1,0.0,6.0
2026-06-21,egy,0,1,0.0,7.0
2026-06-21,esp,0,3,0.0,9.666666666666666
2026-06-21,fin,0,1,0.0,4.0
2026-06-21,fra,0,15,0.0,9.333333333333334
2026-06-21,gbr,0,7,0.0,20.571428571428573
2026-06-21,gha,0,1,0.0,5.0
2026-06-21,gnb,0,1,0.0,9.0
2026-06-21,grc,0,1,0.0,10.0
2026-06-21,hkg,0,6,0.0,6.833333333333333
2026-06-21,hun,0,1,0.0,7.0
2026-06-21,idn,0,4,0.0,27.25
2026-06-21,ind,0,9,0.0,11.0
2026-06-21,irl,0,1,0.0,5.0
2026-06-21,jpn,0,1,0.0,27.0
2026-06-21,ken,0,1,0.0,5.0
2026-06-21,kor,0,29,0.0,5.655172413793103
2026-06-21,mar,0,1,0.0,5.0
2026-06-21,mex,0,2,0.0,11.0
2026-06-21,mys,0,1,0.0,4.0
2026-06-21,nga,0,1,0.0,5.0
2026-06-21,nld,0,5,0.0,7.2
2026-06-21,nor,0,1,0.0,5.0
2026-06-21,nzl,0,1,0.0,12.0
2026-06-21,pak,0,1,0.0,29.0
2026-06-21,per,0,6,0.0,14.5
2026-06-21,phl,0,1,0.0,15.0
2026-06-21,prt,0,15,0.0,16.6
2026-06-21,pry,0,3,0.0,8.666666666666668
2026-06-21,rou,0,1,0.0,4.0
2026-06-21,rus,0,1,0.0,12.0
2026-06-21,sau,0,5,0.0,16.2
2026-06-21,sgp,0,1,0.0,4.0
2026-06-21,tha,0,2,0.0,29.0
2026-06-21,tun,0,1,0.0,1.0
2026-06-21,twn,0,1,0.0,56.0
2026-06-21,tza,0,1,0.0,10.0
2026-06-21,ury,0,7,0.0,7.714285714285714
2026-06-21,usa,0,308,0.0,8.113636363636363
2026-06-21,vnm,0,2,0.0,22.0
2026-06-22,are,0,1,0.0,17.0
2026-06-22,arg,0,3,0.0,8.333333333333332
2026-06-22,aus,0,2,0.0,6.0
2026-06-22,bel,0,1,0.0,3.0
2026-06-22,bgd,0,2,0.0,6.0
2026-06-22,bgr,0,1,0.0,7.0
2026-06-22,caf,0,1,0.0,10.0
2026-06-22,can,0,6,0.0,14.333333333333334
2026-06-22,che,0,6,0.0,8.0
2026-06-22,chl,0,1,0.0,7.0
2026-06-22,cze,0,1,0.0,9.0
2026-06-22,dnk,0,1,0.0,10.0
2026-06-22,dom,0,1,0.0,6.0
2026-06-22,dza,0,2,0.0,6.0
2026-06-22,ecu,0,4,0.0,5.25
2026-06-22,egy,0,1,0.0,15.0
2026-06-22,esp,0,7,0.0,17.428571428571427
2026-06-22,est,0,1,0.0,6.0
2026-06-22,gbr,0,19,0.0,19.68421052631579
2026-06-22,geo,0,1,0.0,16.0
2026-06-22,hkg,0,1,0.0,9.0
2026-06-22,hun,0,2,0.0,18.0
2026-06-22,idn,0,6,0.0,18.166666666666668
2026-06-22,ind,0,9,0.0,32.77777777777778
2026-06-22,irl,0,3,0.0,8.333333333333332
2026-06-22,isr,0,3,0.0,14.333333333333334
2026-06-22,ita,0,5,0.0,12.8
2026-06-22,jpn,0,2,0.0,3.5
2026-06-22,kor,0,18,0.0,20.055555555555557
2026-06-22,mar,0,2,0.0,7.0
2026-06-22,mdg,0,1,0.0,3.0
2026-06-22,mex,0,10,0.0,25.7
2026-06-22,moz,0,3,0.0,7.0
2026-06-22,mys,0,2,0.0,17.5
2026-06-22,nga,0,1,0.0,10.0
2026-06-22,nld,0,1,0.0,5.0
2026-06-22,nor,0,2,0.0,8.5
2026-06-22,omn,0,1,0.0,10.0
2026-06-22,pan,0,1,0.0,10.0
2026-06-22,per,0,1,0.0,8.0
2026-06-22,phl,0,7,0.0,28.142857142857142
2026-06-22,pol,0,3,0.0,7.0
2026-06-22,prt,0,13,0.0,7.615384615384615
2026-06-22,pry,0,1,0.0,2.0
2026-06-22,pse,0,10,0.0,6.2
2026-06-22,rou,0,1,0.0,9.0
2026-06-22,rus,0,1,0.0,9.0
2026-06-22,sau,0,4,0.0,26.75
2026-06-22,sgp,0,1,0.0,14.0
2026-06-22,tha,0,3,0.0,15.666666666666666
2026-06-22,twn,0,2,0.0,9.0
2026-06-22,ury,0,5,0.0,7.0
2026-06-22,usa,0,270,0.0,7.966666666666667
2026-06-22,vnm,0,6,0.0,21.833333333333332
2026-06-22,zaf,0,1,0.0,8.0
2026-06-23,ago,0,4,0.0,8.5
2026-06-23,arg,0,3,0.0,27.0
2026-06-23,bel,0,1,0.0,8.0
2026-06-23,bgd,0,10,0.0,20.1
2026-06-23,bol,0,2,0.0,16.5
2026-06-23,can,0,11,0.0,17.727272727272727
2026-06-23,che,0,2,0.0,3.0
2026-06-23,chn,0,1,0.0,4.0
2026-06-23,col,0,10,0.0,27.9
2026-06-23,cpv,0,1,0.0,4.0
2026-06-23,deu,0,1,0.0,11.0
2026-06-23,dnk,0,2,0.0,4.5
2026-06-23,dom,0,1,0.0,9.0
2026-06-23,dza,0,7,0.0,22.428571428571427
2026-06-23,ecu,0,4,0.0,16.25
2026-06-23,egy,0,6,0.0,18.833333333333332
2026-06-23,esp,0,11,0.0,10.909090909090908
2026-06-23,fra,0,12,0.0,7.0
2026-06-23,gbr,0,8,0.0,18.875
2026-06-23,grc,0,2,0.0,58.5
2026-06-23,gtm,0,1,0.0,4.0
2026-06-23,hkg,0,2,0.0,10.0
2026-06-23,hti,0,1,0.0,6.0
2026-06-23,idn,0,10,0.0,20.4
2026-06-23,ind,0,10,0.0,16.5
2026-06-23,irl,0,1,0.0,11.0
2026-06-23,irn,0,1,0.0,10.0
2026-06-23,ita,0,7,0.0,26.285714285714285
2026-06-23,jpn,0,8,0.0,24.0
2026-06-23,kor,0,13,0.0,6.076923076923077
2026-06-23,kwt,0,1,0.0,2.0
2026-06-23,mar,0,5,0.0,17.4
2026-06-23,mex,0,5,0.0,21.2
2026-06-23,moz,0,1,0.0,8.0
2026-06-23,mys,0,2,0.0,30.5
2026-06-23,nga,0,4,0.0,13.0
2026-06-23,nld,0,1,0.0,8.0
2026-06-23,nzl,0,1,0.0,9.0
2026-06-23,omn,0,3,0.0,12.666666666666666
2026-06-23,pak,0,2,0.0,5.0
2026-06-23,per,0,2,0.0,21.0
2026-06-23,phl,0,10,0.0,23.8
2026-06-23,pol,0,2,0.0,3.0
2026-06-23,rou,0,1,0.0,1.0
2026-06-23,slv,0,1,0.0,38.0
2026-06-23,tha,0,1,0.0,10.0
2026-06-23,tun,0,2,0.0,8.0
2026-06-23,tur,0,4,0.0,6.5
2026-06-23,ukr,0,1,0.0,2.0
2026-06-23,uzb,0,1,0.0,8.0
2026-06-23,ven,0,3,0.0,7.666666666666667
2026-06-23,vnm,0,8,0.0,22.75
2026-06-23,zaf,0,3,0.0,10.666666666666666
2026-06-24,ago,0,2,0.0,1.0
2026-06-24,are,0,2,0.0,17.0
2026-06-24,arg,0,4,0.0,11.25
2026-06-24,arm,0,1,0.0,17.0
2026-06-24,aus,0,2,0.0,9.0
2026-06-24,aut,0,1,0.0,10.0
2026-06-24,bgd,0,5,0.0,21.0
2026-06-24,bol,0,1,0.0,7.0
2026-06-24,can,0,15,0.0,13.0
2026-06-24,che,0,2,0.0,3.0
2026-06-24,chn,0,1,0.0,6.0
2026-06-24,col,0,7,0.0,17.0
2026-06-24,cze,0,2,0.0,4.5
2026-06-24,deu,0,4,0.0,24.0
2026-06-24,dom,0,1,0.0,6.0
2026-06-24,dza,0,2,0.0,18.0
2026-06-24,ecu,0,4,0.0,9.75
2026-06-24,egy,0,7,0.0,18.571428571428573
2026-06-24,esp,0,16,0.0,12.375
2026-06-24,eth,0,3,0.0,18.333333333333332
2026-06-24,fra,0,20,0.0,5.55
2026-06-24,gbr,0,6,0.0,6.166666666666667
2026-06-24,hkg,0,4,0.0,1.5
2026-06-24,idn,0,12,0.0,18.583333333333332
2026-06-24,ind,0,7,0.0,22.714285714285715
2026-06-24,irn,0,1,0.0,1.0
2026-06-24,ita,0,5,0.0,17.8
2026-06-24,jor,0,3,0.0,31.333333333333332
2026-06-24,jpn,0,4,0.0,28.75
2026-06-24,kor,0,7,0.0,8.428571428571429
2026-06-24,lbn,0,1,0.0,6.0
2026-06-24,mar,0,5,0.0,28.2
2026-06-24,mex,0,11,0.0,18.363636363636363
2026-06-24,moz,0,3,0.0,8.333333333333332
2026-06-24,mys,0,8,0.0,25.375
2026-06-24,nga,0,6,0.0,20.666666666666668
2026-06-24,nld,0,6,0.0,9.666666666666666
2026-06-24,nor,0,2,0.0,3.0
2026-06-24,nzl,0,1,0.0,11.0
2026-06-24,omn,0,2,0.0,25.0
2026-06-24,pak,0,10,0.0,23.8
2026-06-24,per,0,2,0.0,21.5
2026-06-24,phl,0,16,0.0,21.5
2026-06-24,pol,0,1,0.0,8.0
2026-06-24,prt,0,29,0.0,16.724137931034484
2026-06-24,pry,0,2,0.0,9.0
2026-06-24,rou,0,1,0.0,3.0
2026-06-24,rus,0,4,0.0,4.25
2026-06-24,sau,0,3,0.0,21.666666666666668
2026-06-24,syr,0,1,0.0,10.0
2026-06-24,tha,0,1,0.0,10.0
2026-06-24,tto,0,4,0.0,25.25
2026-06-24,tun,0,1,0.0,10.0
2026-06-24,tur,0,3,0.0,6.0
2026-06-24,twn,0,1,0.0,8.0
2026-06-24,ury,0,1,0.0,4.0
2026-06-24,usa,0,235,0.0,8.251063829787235
2026-06-24,uzb,0,1,0.0,4.0
2026-06-24,ven,0,1,0.0,5.0
2026-06-24,vnm,0,8,0.0,20.875
2026-06-24,zaf,0,2,0.0,9.5
2026-06-25,ago,0,6,0.0,6.833333333333333
2026-06-25,alb,0,1,0.0,10.0
2026-06-25,arg,0,11,0.0,7.636363636363637
2026-06-25,aus,0,1,0.0,9.0
2026-06-25,bel,0,1,0.0,6.0
2026-06-25,bgd,0,7,0.0,22.714285714285715
2026-06-25,bgr,0,1,0.0,27.0
2026-06-25,bol,0,2,0.0,6.0
2026-06-25,can,0,14,0.0,14.428571428571429
2026-06-25,che,0,2,0.0,7.5
2026-06-25,chl,0,5,0.0,7.2
2026-06-25,cod,0,1,0.0,8.0
2026-06-25,col,0,8,0.0,12.75
2026-06-25,cpv,0,1,0.0,6.0
2026-06-25,cze,0,1,0.0,10.0
2026-06-25,dom,0,1,0.0,5.0
2026-06-25,dza,0,8,0.0,18.125
2026-06-25,ecu,0,5,0.0,23.4
2026-06-25,egy,0,9,0.0,20.11111111111111
2026-06-25,esp,0,10,0.0,9.9
2026-06-25,eth,0,5,0.0,33.4
2026-06-25,fra,0,11,0.0,12.090909090909092
2026-06-25,gbr,0,7,0.0,5.857142857142857
2026-06-25,gha,0,1,0.0,1.0
2026-06-25,gtm,0,3,0.0,36.333333333333336
2026-06-25,guy,0,1,0.0,1.0
2026-06-25,idn,0,12,0.0,25.5
2026-06-25,ind,0,10,0.0,17.9
2026-06-25,ita,0,8,0.0,19.875
2026-06-25,jpn,0,4,0.0,21.0
2026-06-25,kaz,0,2,0.0,8.5
2026-06-25,ken,0,1,0.0,9.0
2026-06-25,kor,0,20,0.0,8.45
2026-06-25,mar,0,11,0.0,21.727272727272727
2026-06-25,mex,0,9,0.0,21.22222222222222
2026-06-25,moz,0,2,0.0,6.0
2026-06-25,mys,0,11,0.0,14.545454545454545
2026-06-25,nga,0,1,0.0,5.0
2026-06-25,nld,0,4,0.0,6.25
2026-06-25,nor,0,2,0.0,6.0
2026-06-25,omn,0,3,0.0,15.666666666666666
2026-06-25,pak,0,2,0.0,18.5
2026-06-25,pan,0,2,0.0,4.0
2026-06-25,phl,0,19,0.0,30.210526315789473
2026-06-25,prt,0,12,0.0,9.333333333333334
2026-06-25,pry,0,1,0.0,9.0
2026-06-25,rus,0,1,0.0,8.0
2026-06-25,sau,0,1,0.0,8.0
2026-06-25,sgp,0,2,0.0,6.0
2026-06-25,tha,0,3,0.0,31.666666666666668
2026-06-25,tto,0,1,0.0,22.0
2026-06-25,tun,0,1,0.0,1.0
2026-06-25,tur,0,1,0.0,11.0
2026-06-25,twn,0,1,0.0,35.0
2026-06-25,ury,0,1,0.0,7.0
2026-06-25,usa,0,159,0.0,7.591194968553459
2026-06-25,ven,0,1,0.0,3.0
2026-06-25,vnm,0,7,0.0,19.571428571428573
2026-06-25,zaf,0,1,0.0,49.0
2026-06-26,afg,0,1,0.0,16.0
2026-06-26,ago,0,1,0.0,6.0
2026-06-26,are,0,3,0.0,13.666666666666666
2026-06-26,arg,0,6,0.0,5.666666666666667
2026-06-26,atg,0,1,0.0,8.0
2026-06-26,aut,0,3,0.0,11.333333333333334
2026-06-26,aze,0,1,0.0,10.0
2026-06-26,bel,0,1,0.0,5.0
2026-06-26,bgd,0,5,0.0,21.2
2026-06-26,bgr,0,2,0.0,10.0
2026-06-26,blr,0,1,0.0,4.0
2026-06-26,bol,0,4,0.0,32.75
2026-06-26,can,0,6,0.0,7.833333333333333
2026-06-26,che,0,1,0.0,9.0
2026-06-26,chl,0,7,0.0,9.0
2026-06-26,col,0,8,0.0,21.375
2026-06-26,cpv,0,1,0.0,10.0
2026-06-26,deu,0,5,0.0,5.4
2026-06-26,dom,0,1,0.0,14.0
2026-06-26,dza,0,6,0.0,24.666666666666668
2026-06-26,ecu,0,5,0.0,19.0
2026-06-26,egy,0,9,0.0,24.555555555555557
2026-06-26,esp,0,10,0.0,16.6
2026-06-26,eth,0,2,0.0,28.5
2026-06-26,fin,0,1,0.0,89.0
2026-06-26,fra,0,3,0.0,7.0
2026-06-26,gbr,0,6,0.0,7.833333333333333
2026-06-26,gin,0,1,0.0,9.0
2026-06-26,gnb,0,2,0.0,8.5
2026-06-26,grc,0,1,0.0,9.0
2026-06-26,gtm,0,1,0.0,20.0
2026-06-26,hrv,0,1,0.0,7.0
2026-06-26,idn,0,7,0.0,19.0
2026-06-26,isr,0,2,0.0,12.0
2026-06-26,ita,0,7,0.0,25.285714285714285
2026-06-26,jam,0,1,0.0,11.0
2026-06-26,jpn,0,5,0.0,17.6
2026-06-26,kor,0,49,0.0,7.857142857142857
2026-06-26,mar,0,7,0.0,17.285714285714285
2026-06-26,mex,0,7,0.0,14.142857142857142
2026-06-26,mys,0,6,0.0,21.5
2026-06-26,nga,0,4,0.0,7.0
2026-06-26,nld,0,6,0.0,7.833333333333333
2026-06-26,nor,0,1,0.0,9.0
2026-06-26,nzl,0,2,0.0,1.0
2026-06-26,pak,0,1,0.0,43.0
2026-06-26,pan,0,1,0.0,1.0
2026-06-26,per,0,2,0.0,16.0
2026-06-26,phl,0,16,0.0,26.3125
2026-06-26,prt,0,13,0.0,8.153846153846153
2026-06-26,pry,0,2,0.0,8.5
2026-06-26,sau,0,1,0.0,8.0
2026-06-26,swe,0,2,0.0,5.0
2026-06-26,tha,0,2,0.0,25.5
2026-06-26,tto,0,1,0.0,21.0
2026-06-26,tun,0,1,0.0,10.0
2026-06-26,tur,0,2,0.0,4.5
2026-06-26,ven,0,1,0.0,8.0
2026-06-26,vnm,0,4,0.0,23.5
2026-06-26,zaf,0,2,0.0,9.5
2026-06-27,ago,0,3,0.0,3.6666666666666665
2026-06-27,arg,0,8,0.0,9.125
2026-06-27,aus,0,2,0.0,1.5
2026-06-27,bel,0,2,0.0,8.0
2026-06-27,bgd,0,6,0.0,27.833333333333332
2026-06-27,can,0,10,0.0,15.8
2026-06-27,che,0,2,0.0,20.5
2026-06-27,chl,0,5,0.0,6.2
2026-06-27,chn,0,1,0.0,9.0
2026-06-27,col,0,3,0.0,14.0
2026-06-27,deu,0,4,0.0,3.75
2026-06-27,dom,0,1,0.0,8.0
2026-06-27,dza,0,9,0.0,17.0
2026-06-27,ecu,0,5,0.0,22.8
2026-06-27,egy,0,2,0.0,26.5
2026-06-27,esp,0,5,0.0,15.6
2026-06-27,eth,0,1,0.0,13.0
2026-06-27,fin,0,1,0.0,6.0
2026-06-27,fra,0,6,0.0,12.666666666666666
2026-06-27,gbr,0,4,0.0,12.0
2026-06-27,hun,0,1,0.0,7.0
2026-06-27,idn,0,7,0.0,24.142857142857142
2026-06-27,ind,0,6,0.0,16.166666666666664
2026-06-27,irl,0,2,0.0,9.5
2026-06-27,ita,0,6,0.0,18.833333333333332
2026-06-27,jpn,0,6,0.0,22.0
2026-06-27,kor,0,15,0.0,8.4
2026-06-27,mar,0,4,0.0,5.5
2026-06-27,mex,0,13,0.0,18.384615384615383
2026-06-27,mlt,0,1,0.0,1.0
2026-06-27,moz,0,3,0.0,2.0
2026-06-27,mys,0,4,0.0,27.75
2026-06-27,nga,0,6,0.0,18.166666666666668
2026-06-27,nic,0,1,0.0,4.0
2026-06-27,nld,0,3,0.0,10.0
2026-06-27,pak,0,5,0.0,7.4
2026-06-27,per,0,2,0.0,1.5
2026-06-27,phl,0,5,0.0,16.0
2026-06-27,pol,0,4,0.0,2.5
2026-06-27,prt,0,15,0.0,9.533333333333333
2026-06-27,pry,0,4,0.0,7.25
2026-06-27,rou,0,3,0.0,1.0
2026-06-27,sgp,0,1,0.0,5.0
2026-06-27,svk,0,1,0.0,4.0
2026-06-27,swe,0,3,0.0,6.0
2026-06-27,tha,0,4,0.0,20.25
2026-06-27,tto,0,2,0.0,27.0
2026-06-27,twn,0,4,0.0,9.25
2026-06-27,ury,0,2,0.0,8.0
2026-06-27,usa,0,141,0.0,9.595744680851064
2026-06-27,vnm,0,10,0.0,20.9
2026-06-27,zaf,0,3,0.0,7.333333333333333
2026-06-28,ago,0,2,0.0,9.5
2026-06-28,are,0,1,0.0,17.0
2026-06-28,arg,0,7,0.0,7.571428571428571
2026-06-28,aut,0,1,0.0,31.0
2026-06-28,bel,0,1,0.0,1.0
2026-06-28,bgd,0,4,0.0,29.75
2026-06-28,bol,0,1,0.0,6.0
2026-06-28,can,0,4,0.0,18.75
2026-06-28,chl,0,6,0.0,7.833333333333333
2026-06-28,cri,0,1,0.0,2.0
2026-06-28,cze,0,1,0.0,13.0
2026-06-28,deu,0,6,0.0,3.6666666666666665
2026-06-28,dom,0,1,0.0,8.0
2026-06-28,dza,0,5,0.0,13.6
2026-06-28,egy,0,6,0.0,15.666666666666666
2026-06-28,esp,0,7,0.0,10.571428571428571
2026-06-28,eth,0,1,0.0,31.0
2026-06-28,fra,0,4,0.0,8.5
2026-06-28,gbr,0,5,0.0,9.8
2026-06-28,hkg,0,1,0.0,21.0
2026-06-28,hrv,0,1,0.0,4.0
2026-06-28,idn,0,11,0.0,18.636363636363637
2026-06-28,ind,0,13,0.0,31.307692307692307
2026-06-28,irl,0,1,0.0,21.0
2026-06-28,irn,0,1,0.0,5.0
2026-06-28,isr,0,1,0.0,9.0
2026-06-28,ita,0,2,0.0,17.0
2026-06-28,jpn,0,10,0.0,22.4
2026-06-28,kor,0,27,0.0,6.444444444444445
2026-06-28,mac,0,1,0.0,1.0
2026-06-28,mar,0,6,0.0,26.833333333333332
2026-06-28,mex,0,6,0.0,15.5
2026-06-28,moz,0,2,0.0,6.0
2026-06-28,mrt,0,2,0.0,4.0
2026-06-28,mys,0,7,0.0,21.0
2026-06-28,nga,0,4,0.0,7.75
2026-06-28,nld,0,7,0.0,5.857142857142857
2026-06-28,nor,0,1,0.0,1.0
2026-06-28,pak,0,4,0.0,26.5
2026-06-28,pan,0,1,0.0,8.0
2026-06-28,phl,0,9,0.0,21.77777777777778
2026-06-28,prt,0,22,0.0,7.409090909090909
2026-06-28,pry,0,1,0.0,3.0
2026-06-28,pse,0,1,0.0,9.0
2026-06-28,rou,0,1,0.0,6.0
2026-06-28,rus,0,2,0.0,8.0
2026-06-28,sgp,0,1,0.0,3.0
2026-06-28,swe,0,1,0.0,7.0
2026-06-28,tha,0,1,0.0,1.0
2026-06-28,tto,0,6,0.0,22.5
2026-06-28,tun,0,1,0.0,9.0
2026-06-28,tur,0,2,0.0,10.0
2026-06-28,twn,0,1,0.0,4.0
2026-06-28,ukr,0,1,0.0,4.0
2026-06-28,ury,0,3,0.0,5.666666666666667
2026-06-28,usa,0,281,0.0,8.530249110320284
2026-06-28,uzb,0,1,0.0,29.0
2026-06-28,ven,0,3,0.0,5.333333333333333
2026-06-28,vnm,0,11,0.0,26.272727272727273
2026-06-29,ago,0,1,0.0,4.0
2026-06-29,arg,0,8,0.0,8.5
2026-06-29,arm,0,1,0.0,2.0
2026-06-29,aus,0,1,0.0,10.0
2026-06-29,aut,0,2,0.0,8.5
2026-06-29,bel,0,1,0.0,12.0
2026-06-29,bgd,0,3,0.0,19.333333333333332
2026-06-29,bgr,0,2,0.0,7.5
2026-06-29,blr,0,1,0.0,8.0
2026-06-29,bol,0,1,0.0,4.0
2026-06-29,can,0,10,0.0,5.8
2026-06-29,che,0,2,0.0,11.0
2026-06-29,chl,0,3,0.0,4.0
2026-06-29,chn,0,1,0.0,6.0
2026-06-29,col,0,7,0.0,10.285714285714286
2026-06-29,cri,0,3,0.0,34.333333333333336
2026-06-29,deu,0,3,0.0,8.0
2026-06-29,dnk,0,1,0.0,7.0
2026-06-29,dom,0,1,0.0,5.0
2026-06-29,dza,0,7,0.0,17.285714285714285
2026-06-29,ecu,0,8,0.0,28.625
2026-06-29,egy,0,4,0.0,10.0
2026-06-29,esp,0,8,0.0,23.25
2026-06-29,est,0,1,0.0,1.0
2026-06-29,eth,0,1,0.0,40.0
2026-06-29,fin,0,1,0.0,10.0
2026-06-29,fra,0,10,0.0,7.7
2026-06-29,gbr,0,4,0.0,3.5
2026-06-29,gha,0,1,0.0,1.0
2026-06-29,grc,0,1,0.0,9.0
2026-06-29,hkg,0,1,0.0,5.0
2026-06-29,hrv,0,1,0.0,4.0
2026-06-29,hun,0,1,0.0,3.0
2026-06-29,idn,0,13,0.0,23.23076923076923
2026-06-29,ind,0,4,0.0,19.25
2026-06-29,jpn,0,5,0.0,8.6
2026-06-29,khm,0,1,0.0,30.0
2026-06-29,kor,0,23,0.0,6.043478260869565
2026-06-29,lka,0,1,0.0,24.0
2026-06-29,mar,0,10,0.0,21.7
2026-06-29,mex,0,16,0.0,20.75
2026-06-29,mys,0,6,0.0,23.166666666666668
2026-06-29,nga,0,2,0.0,12.5
2026-06-29,nld,0,5,0.0,22.0
2026-06-29,pak,0,6,0.0,23.166666666666668
2026-06-29,pan,0,2,0.0,8.0
2026-06-29,per,0,1,0.0,7.0
2026-06-29,phl,0,22,0.0,26.681818181818183
2026-06-29,pol,0,2,0.0,29.5
2026-06-29,prt,0,17,0.0,9.647058823529411
2026-06-29,qat,0,1,0.0,5.0
2026-06-29,rou,0,1,0.0,8.0
2026-06-29,rus,0,1,0.0,5.0
2026-06-29,rwa,0,2,0.0,9.0
2026-06-29,sau,0,1,0.0,5.0
2026-06-29,sgp,0,6,0.0,2.333333333333333
2026-06-29,slv,0,2,0.0,1.5
2026-06-29,swe,0,1,0.0,10.0
2026-06-29,tto,0,2,0.0,3.5
2026-06-29,tun,0,1,0.0,6.0
2026-06-29,twn,0,1,0.0,4.0
2026-06-29,uga,0,1,0.0,9.0
2026-06-29,usa,0,332,0.0,7.6656626506024095
2026-06-29,vnm,0,12,0.0,19.0
2026-06-30,ago,0,6,0.0,4.5
2026-06-30,are,0,1,0.0,18.0
2026-06-30,arg,0,10,0.0,15.9
2026-06-30,aus,0,1,0.0,8.0
2026-06-30,bel,0,2,0.0,3.0
2026-06-30,bgd,0,3,0.0,7.666666666666667
2026-06-30,bol,0,2,0.0,5.5
2026-06-30,can,0,7,0.0,6.142857142857143
2026-06-30,che,0,3,0.0,6.666666666666667
2026-06-30,chl,0,1,0.0,7.0
2026-06-30,col,0,7,0.0,23.142857142857142
2026-06-30,deu,0,6,0.0,9.0
2026-06-30,dom,0,1,0.0,4.0
2026-06-30,dza,0,6,0.0,14.0
2026-06-30,ecu,0,4,0.0,19.75
2026-06-30,egy,0,5,0.0,10.0
2026-06-30,esp,0,12,0.0,13.666666666666666
2026-06-30,fra,0,13,0.0,8.076923076923077
2026-06-30,gbr,0,8,0.0,15.75
2026-06-30,geo,0,1,0.0,19.0
2026-06-30,hkg,0,1,0.0,7.0
2026-06-30,hnd,0,2,0.0,6.0
2026-06-30,idn,0,16,0.0,25.9375
2026-06-30,ind,0,4,0.0,6.0
2026-06-30,irl,0,5,0.0,10.6
2026-06-30,irn,0,2,0.0,18.5
2026-06-30,irq,0,1,0.0,1.0
2026-06-30,ita,0,9,0.0,20.0
2026-06-30,jpn,0,17,0.0,25.647058823529413
2026-06-30,kor,0,40,0.0,6.6
2026-06-30,mar,0,6,0.0,18.5
2026-06-30,mex,0,4,0.0,8.5
2026-06-30,mne,0,1,0.0,2.0
2026-06-30,moz,0,4,0.0,7.0
2026-06-30,mys,0,9,0.0,24.0
2026-06-30,nga,0,6,0.0,30.833333333333332
2026-06-30,nic,0,1,0.0,41.0
2026-06-30,nld,0,2,0.0,10.5
2026-06-30,pak,0,10,0.0,11.1
2026-06-30,per,0,1,0.0,6.0
2026-06-30,phl,0,22,0.0,30.40909090909091
2026-06-30,pol,0,2,0.0,5.0
2026-06-30,prt,0,16,0.0,10.375
2026-06-30,pry,0,2,0.0,3.0
2026-06-30,rou,0,1,0.0,13.0
2026-06-30,rus,0,1,0.0,9.0
2026-06-30,rwa,0,2,0.0,9.5
2026-06-30,sau,0,1,0.0,5.0
2026-06-30,sen,0,1,0.0,8.0
2026-06-30,sgp,0,3,0.0,21.0
2026-06-30,sur,0,1,0.0,10.0
2026-06-30,tto,0,3,0.0,27.333333333333332
2026-06-30,tun,0,1,0.0,9.0
2026-06-30,tur,0,2,0.0,3.5
2026-06-30,ury,0,2,0.0,11.0
2026-06-30,usa,0,204,0.0,7.147058823529412
2026-06-30,uzb,0,1,0.0,5.0
2026-06-30,ven,0,1,0.0,11.0
2026-06-30,vnm,0,8,0.0,10.875
2026-07-01,ago,0,2,0.0,7.0
2026-07-01,are,0,1,0.0,10.0
2026-07-01,arg,0,4,0.0,7.25
2026-07-01,aus,0,2,0.0,5.5
2026-07-01,ben,0,2,0.0,8.0
2026-07-01,bfa,0,1,0.0,8.0
2026-07-01,bgd,0,11,0.0,23.09090909090909
2026-07-01,can,0,6,0.0,18.5
2026-07-01,che,0,1,0.0,9.0
2026-07-01,chl,0,4,0.0,8.0
2026-07-01,chn,0,2,0.0,7.0
2026-07-01,col,0,9,0.0,11.0
2026-07-01,cri,0,1,0.0,13.0
2026-07-01,cze,0,1,0.0,68.0
2026-07-01,deu,0,7,0.0,5.428571428571429
2026-07-01,dza,0,9,0.0,8.333333333333332
2026-07-01,ecu,0,10,0.0,20.9
2026-07-01,egy,0,9,0.0,19.88888888888889
2026-07-01,esp,0,12,0.0,15.5
2026-07-01,fin,0,1,0.0,8.0
2026-07-01,fra,0,5,0.0,5.6
2026-07-01,gab,0,1,0.0,8.0
2026-07-01,geo,0,1,0.0,10.0
2026-07-01,hrv,0,2,0.0,11.0
2026-07-01,hun,0,2,0.0,11.0
2026-07-01,idn,0,11,0.0,14.818181818181818
2026-07-01,ind,0,2,0.0,6.5
2026-07-01,irn,0,1,0.0,5.0
2026-07-01,ita,0,4,0.0,11.5
2026-07-01,jpn,0,2,0.0,10.0
2026-07-01,ken,0,1,0.0,1.0
2026-07-01,kor,0,26,0.0,4.6923076923076925
2026-07-01,lao,0,1,0.0,8.0
2026-07-01,lbn,0,1,0.0,7.0
2026-07-01,ltu,0,1,0.0,7.0
2026-07-01,lux,0,1,0.0,12.0
2026-07-01,mar,0,4,0.0,6.25
2026-07-01,mex,0,6,0.0,15.0
2026-07-01,moz,0,2,0.0,5.5
2026-07-01,mys,0,3,0.0,20.666666666666668
2026-07-01,nga,0,5,0.0,18.2
2026-07-01,nld,0,1,0.0,7.0
2026-07-01,pak,0,6,0.0,23.5
2026-07-01,pan,0,2,0.0,5.0
2026-07-01,phl,0,13,0.0,24.0
2026-07-01,pol,0,1,0.0,13.0
2026-07-01,prt,0,20,0.0,11.05
2026-07-01,pry,0,5,0.0,15.0
2026-07-01,rou,0,2,0.0,9.0
2026-07-01,sau,0,1,0.0,30.0
2026-07-01,sgp,0,3,0.0,10.333333333333334
2026-07-01,sle,0,1,0.0,8.0
2026-07-01,tcd,0,1,0.0,8.0
2026-07-01,tha,0,1,0.0,1.0
2026-07-01,tto,0,4,0.0,29.25
2026-07-01,tur,0,2,0.0,4.5
2026-07-01,twn,0,2,0.0,13.5
2026-07-01,tza,0,2,0.0,8.5
2026-07-01,ukr,0,1,0.0,5.0
2026-07-01,ury,0,2,0.0,6.0
2026-07-01,vnm,0,14,0.0,19.785714285714285
2026-07-01,zaf,0,1,0.0,10.0
2026-07-02,ago,0,1,0.0,7.0
2026-07-02,alb,0,1,0.0,9.0
2026-07-02,are,0,1,0.0,7.0
2026-07-02,arg,0,3,0.0,4.333333333333334
2026-07-02,aus,0,1,0.0,7.0
2026-07-02,bel,0,1,0.0,8.0
2026-07-02,ben,0,2,0.0,8.5
2026-07-02,bgd,0,10,0.0,16.7
2026-07-02,can,0,13,0.0,9.615384615384615
2026-07-02,che,0,3,0.0,8.333333333333332
2026-07-02,chl,0,1,0.0,8.0
2026-07-02,chn,0,4,0.0,4.75
2026-07-02,cod,0,2,0.0,6.5
2026-07-02,cog,0,1,0.0,7.0
2026-07-02,col,0,6,0.0,13.0
2026-07-02,deu,0,7,0.0,9.0
2026-07-02,ecu,0,3,0.0,14.0
2026-07-02,egy,0,1,0.0,1.0
2026-07-02,esp,0,14,0.0,7.642857142857143
2026-07-02,eth,0,1,0.0,26.0
2026-07-02,fra,0,22,0.0,9.181818181818182
2026-07-02,gbr,0,15,0.0,5.866666666666666
2026-07-02,gha,0,1,0.0,11.0
2026-07-02,glp,0,1,0.0,10.0
2026-07-02,hkg,0,2,0.0,3.5
2026-07-02,hrv,0,1,0.0,7.0
2026-07-02,hun,0,4,0.0,6.25
2026-07-02,idn,0,10,0.0,25.7
2026-07-02,ind,0,11,0.0,32.81818181818181
2026-07-02,irl,0,4,0.0,7.5
2026-07-02,isr,0,1,0.0,8.0
2026-07-02,jpn,0,8,0.0,16.25
2026-07-02,kor,0,45,0.0,4.977777777777778
2026-07-02,lux,0,1,0.0,9.0
2026-07-02,mar,0,9,0.0,12.444444444444445
2026-07-02,mex,0,15,0.0,20.0
2026-07-02,moz,0,2,0.0,4.5
2026-07-02,mys,0,6,0.0,28.0
2026-07-02,nga,0,6,0.0,10.166666666666666
2026-07-02,nld,0,3,0.0,5.666666666666667
2026-07-02,nor,0,1,0.0,4.0
2026-07-02,omn,0,1,0.0,6.0
2026-07-02,pak,0,8,0.0,17.0
2026-07-02,pan,0,1,0.0,5.0
2026-07-02,per,0,2,0.0,7.0
2026-07-02,phl,0,8,0.0,27.625
2026-07-02,pol,0,1,0.0,8.0
2026-07-02,prt,0,13,0.0,13.692307692307692
2026-07-02,pry,0,1,0.0,5.0
2026-07-02,rou,0,1,0.0,1.0
2026-07-02,rus,0,1,0.0,11.0
2026-07-02,sau,0,2,0.0,11.5
2026-07-02,sgp,0,1,0.0,2.0
2026-07-02,srb,0,2,0.0,4.5
2026-07-02,swe,0,1,0.0,5.0
2026-07-02,syr,0,1,0.0,6.0
2026-07-02,tha,0,1,0.0,60.0
2026-07-02,twn,0,1,0.0,11.0
2026-07-02,ury,0,1,0.0,7.0
2026-07-02,vnm,0,4,0.0,8.5
2026-07-03,ago,0,2,0.0,9.5
2026-07-03,arg,0,4,0.0,7.0
2026-07-03,aus,0,3,0.0,10.0
2026-07-03,aze,0,38,0.0,3.473684210526316
2026-07-03,bel,0,2,0.0,7.0
2026-07-03,ben,0,1,0.0,5.0
2026-07-03,bgd,0,1,0.0,1.0
2026-07-03,bol,0,2,0.0,5.5
2026-07-03,can,0,5,0.0,6.4
2026-07-03,che,0,1,0.0,9.0
2026-07-03,chl,0,3,0.0,8.0
2026-07-03,chn,0,2,0.0,6.5
2026-07-03,col,0,1,0.0,4.0
2026-07-03,cri,0,1,0.0,17.0
2026-07-03,deu,0,7,0.0,13.0
2026-07-03,dza,0,1,0.0,1.0
2026-07-03,ecu,0,1,0.0,9.0
2026-07-03,esp,0,7,0.0,11.714285714285714
2026-07-03,gbr,0,4,0.0,6.0
2026-07-03,gha,0,1,0.0,1.0
2026-07-03,hrv,0,1,0.0,4.0
2026-07-03,idn,0,3,0.0,21.666666666666668
2026-07-03,ind,0,7,0.0,9.428571428571429
2026-07-03,irl,0,1,0.0,6.0
2026-07-03,isr,0,1,0.0,2.0
2026-07-03,ita,0,6,0.0,6.833333333333333
2026-07-03,jpn,0,1,0.0,17.0
2026-07-03,kor,0,26,0.0,4.1923076923076925
2026-07-03,mar,0,1,0.0,6.0
2026-07-03,mdg,0,1,0.0,9.0
2026-07-03,mex,0,1,0.0,8.0
2026-07-03,moz,0,1,0.0,4.0
2026-07-03,mwi,0,1,0.0,6.0
2026-07-03,mys,0,1,0.0,5.0
2026-07-03,nga,0,5,0.0,9.2
2026-07-03,nld,0,3,0.0,7.0
2026-07-03,nor,0,2,0.0,6.0
2026-07-03,nzl,0,1,0.0,10.0
2026-07-03,pak,0,2,0.0,7.0
2026-07-03,pan,0,2,0.0,3.5
2026-07-03,per,0,4,0.0,3.5
2026-07-03,phl,0,8,0.0,9.5
2026-07-03,pol,0,2,0.0,5.5
2026-07-03,prt,0,25,0.0,8.719999999999999
2026-07-03,pry,0,2,0.0,10.5
2026-07-03,pse,0,4,0.0,4.0
2026-07-03,rou,0,1,0.0,12.0
2026-07-03,sau,0,1,0.0,26.0
2026-07-03,slv,0,1,0.0,2.0
2026-07-03,swz,0,1,0.0,5.0
2026-07-03,tha,0,1,0.0,7.0
2026-07-03,tur,0,3,0.0,8.0
2026-07-03,ven,0,1,0.0,16.0
2026-07-03,zwe,0,1,0.0,6.0
2026-07-04,ago,0,2,0.0,7.5
2026-07-04,are,0,1,0.0,17.0
2026-07-04,arg,0,6,0.0,21.166666666666668
2026-07-04,aus,0,2,0.0,6.5
2026-07-04,aut,0,1,0.0,3.0
2026-07-04,aze,0,4,0.0,3.25
2026-07-04,bel,0,1,0.0,8.0
2026-07-04,bgd,0,2,0.0,12.0
2026-07-04,bgr,0,1,0.0,2.0
2026-07-04,blr,0,1,0.0,9.0
2026-07-04,bol,0,1,0.0,8.0
2026-07-04,can,0,10,0.0,5.1
2026-07-04,che,0,1,0.0,5.0
2026-07-04,chl,0,6,0.0,6.833333333333333
2026-07-04,chn,0,1,0.0,10.0
2026-07-04,civ,0,1,0.0,5.0
2026-07-04,cmr,0,1,0.0,6.0
2026-07-04,cog,0,1,0.0,6.0
2026-07-04,col,0,3,0.0,5.0
2026-07-04,deu,0,3,0.0,7.666666666666667
2026-07-04,dnk,0,1,0.0,10.0
2026-07-04,ecu,0,2,0.0,6.5
2026-07-04,esp,0,5,0.0,7.8
2026-07-04,fra,0,8,0.0,5.75
2026-07-04,gbr,0,5,0.0,10.6
2026-07-04,gha,0,1,0.0,4.0
2026-07-04,hti,0,1,0.0,7.0
2026-07-04,hun,0,1,0.0,4.0
2026-07-04,ind,0,1,0.0,10.0
2026-07-04,irl,0,1,0.0,7.0
2026-07-04,irn,0,1,0.0,11.0
2026-07-04,irq,0,1,0.0,11.0
2026-07-04,isr,0,1,0.0,3.0
2026-07-04,ita,0,5,0.0,5.4
2026-07-04,jpn,0,6,0.0,22.5
2026-07-04,kor,0,17,0.0,4.588235294117647
2026-07-04,ltu,0,1,0.0,7.0
2026-07-04,lva,0,1,0.0,8.0
2026-07-04,mda,0,1,0.0,9.0
2026-07-04,mex,0,2,0.0,2.5
2026-07-04,moz,0,7,0.0,4.285714285714286
2026-07-04,mtq,0,1,0.0,7.0
2026-07-04,mys,0,1,0.0,1.0
2026-07-04,nga,0,4,0.0,8.5
2026-07-04,nld,0,45,0.0,9.377777777777778
2026-07-04,nor,0,3,0.0,9.333333333333334
2026-07-04,nzl,0,4,0.0,7.0
2026-07-04,omn,0,1,0.0,8.0
2026-07-04,pan,0,1,0.0,10.0
2026-07-04,phl,0,2,0.0,2.0
2026-07-04,pri,0,1,0.0,12.0
2026-07-04,prt,0,12,0.0,7.5
2026-07-04,pry,0,2,0.0,8.5
2026-07-04,qat,0,1,0.0,8.0
2026-07-04,rus,0,2,0.0,6.0
2026-07-04,syr,0,1,0.0,6.0
2026-07-04,tur,0,1,0.0,9.0
2026-07-04,twn,0,1,0.0,7.0
2026-07-04,ukr,0,1,0.0,7.0
2026-07-04,ury,0,1,0.0,8.0
2026-07-04,ven,0,3,0.0,4.666666666666666
2026-07-04,zaf,0,1,0.0,3.0
2026-07-05,abw,0,2,0.0,8.0
2026-07-05,ago,0,2,0.0,3.5
2026-07-05,alb,0,1,0.0,5.0
2026-07-05,arg,0,4,0.0,18.75
2026-07-05,aus,0,4,0.0,6.0
2026-07-05,aze,0,1,0.0,6.0
2026-07-05,bel,0,1,0.0,2.0
2026-07-05,bgr,0,1,0.0,2.0
2026-07-05,bol,0,2,0.0,6.0
2026-07-05,can,0,4,0.0,3.25
2026-07-05,che,0,1,0.0,8.0
2026-07-05,chl,0,6,0.0,4.833333333333334
2026-07-05,chn,0,1,0.0,3.0
2026-07-05,cod,0,1,0.0,6.0
2026-07-05,cze,0,1,0.0,6.0
2026-07-05,deu,0,9,0.0,15.333333333333334
2026-07-05,ecu,0,1,0.0,6.0
2026-07-05,egy,0,1,0.0,26.0
2026-07-05,esp,0,5,0.0,7.2
2026-07-05,fin,0,2,0.0,8.5
2026-07-05,fra,0,10,0.0,6.2
2026-07-05,gab,0,1,0.0,5.0
2026-07-05,gbr,0,7,0.0,3.5714285714285716
2026-07-05,geo,0,2,0.0,5.0
2026-07-05,gha,0,1,0.0,3.0
2026-07-05,hkg,0,2,0.0,9.5
2026-07-05,idn,0,2,0.0,11.0
2026-07-05,ind,0,3,0.0,7.333333333333333
2026-07-05,irl,0,2,0.0,17.0
2026-07-05,ita,0,8,0.0,23.0
2026-07-05,jpn,0,6,0.0,27.0
2026-07-05,kor,0,19,0.0,4.894736842105264
2026-07-05,mex,0,2,0.0,5.5
2026-07-05,mli,0,1,0.0,4.0
2026-07-05,moz,0,1,0.0,4.0
2026-07-05,mys,0,1,0.0,5.0
2026-07-05,nga,0,5,0.0,7.0
2026-07-05,nld,0,1,0.0,7.0
2026-07-05,npl,0,1,0.0,9.0
2026-07-05,pak,0,1,0.0,11.0
2026-07-05,per,0,1,0.0,6.0
2026-07-05,phl,0,2,0.0,19.0
2026-07-05,pol,0,1,0.0,9.0
2026-07-05,pri,0,1,0.0,13.0
2026-07-05,prt,0,16,0.0,7.5625
2026-07-05,pry,0,1,0.0,4.0
2026-07-05,pse,0,1,0.0,10.0
2026-07-05,rou,0,1,0.0,8.0
2026-07-05,rus,0,1,0.0,4.0
2026-07-05,srb,0,1,0.0,8.0
2026-07-05,tgo,0,1,0.0,7.0
2026-07-05,twn,0,1,0.0,8.0
2026-07-05,uga,0,1,0.0,3.0
2026-07-05,ury,0,2,0.0,4.5
2026-07-05,usa,0,162,0.0,6.728395061728395
2026-07-05,ven,0,1,0.0,6.0
2026-07-05,vnm,0,2,0.0,10.0
2026-07-06,ago,0,5,0.0,10.4
2026-07-06,alb,0,1,0.0,27.0
2026-07-06,are,0,2,0.0,12.0
2026-07-06,arg,0,9,0.0,6.111111111111111
2026-07-06,aut,0,1,0.0,3.0
2026-07-06,aze,0,1,0.0,1.0
2026-07-06,bel,0,2,0.0,10.5
2026-07-06,ben,0,2,0.0,6.0
2026-07-06,bfa,0,3,0.0,8.0
2026-07-06,bgd,0,4,0.0,16.0
2026-07-06,bgr,0,6,0.0,2.833333333333333
2026-07-06,bol,0,1,0.0,8.0
2026-07-06,can,0,10,0.0,9.3
2026-07-06,chl,0,8,0.0,8.25
2026-07-06,chn,0,2,0.0,4.5
2026-07-06,cod,0,2,0.0,5.0
2026-07-06,col,0,3,0.0,5.333333333333333
2026-07-06,cri,0,3,0.0,1.6666666666666665
2026-07-06,deu,0,12,0.0,5.75
2026-07-06,dza,0,5,0.0,46.6
2026-07-06,ecu,0,1,0.0,5.0
2026-07-06,egy,0,1,0.0,54.0
2026-07-06,esp,0,8,0.0,10.5
2026-07-06,est,0,2,0.0,3.0
2026-07-06,eth,0,1,0.0,3.0
2026-07-06,fin,0,2,0.0,1.5
2026-07-06,fra,0,16,0.0,6.4375
2026-07-06,gbr,0,15,0.0,4.6
2026-07-06,gha,0,2,0.0,6.0
2026-07-06,gtm,0,1,0.0,23.0
2026-07-06,hnd,0,1,0.0,71.0
2026-07-06,hrv,0,4,0.0,1.5
2026-07-06,hun,0,5,0.0,2.2
2026-07-06,idn,0,9,0.0,29.0
2026-07-06,ind,0,23,0.0,30.26086956521739
2026-07-06,irl,0,7,0.0,11.285714285714286
2026-07-06,irn,0,1,0.0,1.0
2026-07-06,isr,0,2,0.0,1.0
2026-07-06,ita,0,4,0.0,7.25
2026-07-06,jpn,0,2,0.0,28.5
2026-07-06,kor,0,13,0.0,5.923076923076923
2026-07-06,mar,0,2,0.0,5.0
2026-07-06,mex,0,3,0.0,5.333333333333333
2026-07-06,moz,0,1,0.0,10.0
2026-07-06,mys,0,1,0.0,8.0
2026-07-06,nga,0,2,0.0,24.0
2026-07-06,nld,0,8,0.0,8.25
2026-07-06,pan,0,2,0.0,7.0
2026-07-06,per,0,2,0.0,56.0
2026-07-06,phl,0,9,0.0,34.111111111111114
2026-07-06,pol,0,6,0.0,1.5
2026-07-06,prt,0,27,0.0,26.77777777777778
2026-07-06,pry,0,4,0.0,11.0
2026-07-06,pse,0,1,0.0,14.0
2026-07-06,rou,0,1,0.0,3.0
2026-07-06,sgp,0,1,0.0,8.0
2026-07-06,swe,0,2,0.0,1.5
2026-07-06,tha,0,1,0.0,3.0
2026-07-06,twn,0,1,0.0,4.0
2026-07-06,uga,0,6,0.0,7.333333333333333
2026-07-06,usa,0,235,0.0,6.4425531914893615
2026-07-06,ven,0,1,0.0,9.0
2026-07-06,vnm,0,4,0.0,5.0
2026-07-07,ago,0,1,0.0,1.0
2026-07-07,arg,0,11,0.0,5.0
2026-07-07,aus,0,2,0.0,4.0
2026-07-07,aut,0,1,0.0,7.0
2026-07-07,bel,0,1,0.0,4.0
2026-07-07,bgd,0,2,0.0,7.0
2026-07-07,bih,0,1,0.0,8.0
2026-07-07,bol,0,3,0.0,5.333333333333333
2026-07-07,can,0,4,0.0,6.25
2026-07-07,che,0,4,0.0,4.75
2026-07-07,chl,0,5,0.0,6.8
2026-07-07,chn,0,2,0.0,2.0
2026-07-07,cmr,0,1,0.0,8.0
2026-07-07,col,0,2,0.0,4.5
2026-07-07,deu,0,12,0.0,7.75
2026-07-07,esp,0,8,0.0,18.375
2026-07-07,fra,0,20,0.0,7.1
2026-07-07,gbr,0,5,0.0,6.2
2026-07-07,grc,0,2,0.0,8.5
2026-07-07,gtm,0,2,0.0,23.0
2026-07-07,hnd,0,1,0.0,54.0
2026-07-07,hrv,0,1,0.0,11.0
2026-07-07,idn,0,1,0.0,16.0
2026-07-07,ind,0,10,0.0,10.5
2026-07-07,irl,0,1,0.0,6.0
2026-07-07,irq,0,2,0.0,5.0
2026-07-07,isr,0,1,0.0,9.0
2026-07-07,ita,0,7,0.0,8.0
2026-07-07,jpn,0,20,0.0,29.45
2026-07-07,ken,0,1,0.0,55.0
2026-07-07,kor,0,21,0.0,6.142857142857143
2026-07-07,ltu,0,1,0.0,8.0
2026-07-07,mar,0,1,0.0,9.0
2026-07-07,mdv,0,1,0.0,1.0
2026-07-07,mex,0,7,0.0,8.0
2026-07-07,moz,0,3,0.0,5.0
2026-07-07,mrt,0,1,0.0,8.0
2026-07-07,mys,0,1,0.0,6.0
2026-07-07,nga,0,1,0.0,10.0
2026-07-07,nld,0,2,0.0,9.5
2026-07-07,nor,0,3,0.0,8.333333333333332
2026-07-07,npl,0,1,0.0,8.0
2026-07-07,nzl,0,1,0.0,9.0
2026-07-07,pak,0,4,0.0,5.75
2026-07-07,pan,0,2,0.0,3.5
2026-07-07,per,0,4,0.0,8.75
2026-07-07,phl,0,2,0.0,10.0
2026-07-07,pol,0,3,0.0,3.0
2026-07-07,prt,0,10,0.0,9.2
2026-07-07,pry,0,1,0.0,11.0
2026-07-07,pse,0,1,0.0,6.0
2026-07-07,rus,0,2,0.0,10.0
2026-07-07,rwa,0,1,0.0,11.0
2026-07-07,sau,0,2,0.0,4.5
2026-07-07,svk,0,1,0.0,15.0
2026-07-07,swe,0,3,0.0,7.0
2026-07-07,tha,0,2,0.0,19.5
2026-07-07,tur,0,3,0.0,17.0
2026-07-07,tza,0,1,0.0,8.0
2026-07-07,ukr,0,1,0.0,9.0
2026-07-07,ven,0,2,0.0,5.0
2026-07-07,vnm,0,2,0.0,7.0
2026-07-07,zmb,0,1,0.0,9.0
2026-07-08,are,0,2,0.0,11.0
2026-07-08,arg,0,13,0.0,5.230769230769231
2026-07-08,aus,0,1,0.0,1.0
2026-07-08,aut,0,2,0.0,11.5
2026-07-08,bgd,0,5,0.0,5.2
2026-07-08,bgr,0,1,0.0,8.0
2026-07-08,bol,0,3,0.0,4.333333333333334
2026-07-08,can,0,5,0.0,9.6
2026-07-08,che,0,2,0.0,8.5
2026-07-08,chl,0,2,0.0,9.5
2026-07-08,chn,0,2,0.0,10.5
2026-07-08,col,0,5,0.0,32.8
2026-07-08,deu,0,2,0.0,6.5
2026-07-08,dnk,0,1,0.0,6.0
2026-07-08,dom,0,1,0.0,8.0
2026-07-08,ecu,0,4,0.0,8.75
2026-07-08,egy,0,1,0.0,6.0
2026-07-08,esp,0,12,0.0,21.666666666666668
2026-07-08,est,0,2,0.0,8.0
2026-07-08,fra,0,11,0.0,8.0
2026-07-08,gbr,0,4,0.0,39.0
2026-07-08,gin,0,1,0.0,8.0
2026-07-08,grd,0,1,0.0,8.0
2026-07-08,gtm,0,2,0.0,6.5
2026-07-08,hrv,0,1,0.0,12.0
2026-07-08,idn,0,1,0.0,3.0
2026-07-08,ind,0,8,0.0,11.875
2026-07-08,irl,0,1,0.0,6.0
2026-07-08,irn,0,1,0.0,17.0
2026-07-08,ita,0,3,0.0,19.333333333333332
2026-07-08,jpn,0,6,0.0,27.5
2026-07-08,ken,0,3,0.0,34.333333333333336
2026-07-08,khm,0,1,0.0,11.0
2026-07-08,kor,0,18,0.0,6.5
2026-07-08,ltu,0,1,0.0,2.0
2026-07-08,lux,0,2,0.0,9.0
2026-07-08,mar,0,3,0.0,9.666666666666666
2026-07-08,mex,0,1,0.0,4.0
2026-07-08,moz,0,3,0.0,6.0
2026-07-08,mys,0,1,0.0,3.0
2026-07-08,nga,0,5,0.0,5.0
2026-07-08,nor,0,1,0.0,9.0
2026-07-08,npl,0,1,0.0,3.0
2026-07-08,pan,0,1,0.0,7.0
2026-07-08,per,0,1,0.0,7.0
2026-07-08,phl,0,6,0.0,47.333333333333336
2026-07-08,pol,0,1,0.0,12.0
2026-07-08,pri,0,1,0.0,7.0
2026-07-08,prt,0,16,0.0,6.625
2026-07-08,pry,0,2,0.0,12.0
2026-07-08,rou,0,1,0.0,4.0
2026-07-08,sau,0,2,0.0,4.0
2026-07-08,sgp,0,1,0.0,5.0
2026-07-08,svk,0,1,0.0,8.0
2026-07-08,tca,0,1,0.0,11.0
2026-07-08,tgo,0,2,0.0,8.0
2026-07-08,tha,0,1,0.0,10.0
2026-07-08,tur,0,1,0.0,8.0
2026-07-08,uga,0,1,0.0,1.0
2026-07-08,ukr,0,1,0.0,4.0
2026-07-08,vct,0,1,0.0,11.0
2026-07-08,zaf,0,2,0.0,8.5
2026-07-09,ago,0,1,0.0,9.0
2026-07-09,are,0,1,0.0,11.0
2026-07-09,arg,0,7,0.0,7.428571428571429
2026-07-09,aus,0,4,0.0,6.5
2026-07-09,bgd,0,2,0.0,18.0
2026-07-09,bgr,0,3,0.0,10.333333333333334
2026-07-09,bol,0,6,0.0,6.5
2026-07-09,can,0,10,0.0,9.5
2026-07-09,chl,0,5,0.0,7.2
2026-07-09,cmr,0,1,0.0,10.0
2026-07-09,col,0,3,0.0,6.666666666666667
2026-07-09,cri,0,1,0.0,9.0
2026-07-09,deu,0,8,0.0,7.5
2026-07-09,esp,0,5,0.0,13.2
2026-07-09,fra,0,22,0.0,7.681818181818182
2026-07-09,gbr,0,4,0.0,6.0
2026-07-09,grc,0,2,0.0,5.5
2026-07-09,idn,0,3,0.0,41.666666666666664
2026-07-09,ind,0,5,0.0,11.2
2026-07-09,irq,0,1,0.0,5.0
2026-07-09,isr,0,2,0.0,7.0
2026-07-09,kor,0,16,0.0,7.625
2026-07-09,lux,0,1,0.0,7.0
2026-07-09,mar,0,1,0.0,8.0
2026-07-09,mex,0,3,0.0,8.0
2026-07-09,moz,0,2,0.0,5.5
2026-07-09,mys,0,1,0.0,13.0
2026-07-09,nld,0,3,0.0,12.666666666666666
2026-07-09,nzl,0,1,0.0,10.0
2026-07-09,per,0,3,0.0,6.333333333333333
2026-07-09,phl,0,3,0.0,17.333333333333332
2026-07-09,prt,0,16,0.0,7.875
2026-07-09,pry,0,2,0.0,26.5
2026-07-09,rus,0,1,0.0,11.0
2026-07-09,sau,0,1,0.0,9.0
2026-07-09,sen,0,1,0.0,10.0
2026-07-09,sgp,0,1,0.0,31.0
2026-07-09,svk,0,1,0.0,7.0
2026-07-09,swe,0,2,0.0,7.5
2026-07-09,tha,0,1,0.0,9.0
2026-07-09,tur,0,3,0.0,7.666666666666667
2026-07-09,ury,0,1,0.0,7.0
2026-07-09,usa,0,239,0.0,8.129707112970712
2026-07-09,vnm,0,2,0.0,4.5
2026-07-10,ago,0,6,0.0,6.5
2026-07-10,are,0,1,0.0,17.0
2026-07-10,aus,0,1,0.0,6.0
2026-07-10,ben,0,1,0.0,5.0
2026-07-10,bgd,0,5,0.0,11.4
2026-07-10,can,0,13,0.0,3.923076923076923
2026-07-10,che,0,5,0.0,8.0
2026-07-10,chl,0,5,0.0,8.6
2026-07-10,cod,0,2,0.0,4.5
2026-07-10,col,0,6,0.0,11.5
2026-07-10,cze,0,2,0.0,7.0
2026-07-10,deu,0,7,0.0,6.285714285714286
2026-07-10,dom,0,1,0.0,10.0
2026-07-10,ecu,0,1,0.0,4.0
2026-07-10,egy,0,4,0.0,35.5
2026-07-10,esp,0,7,0.0,11.285714285714286
2026-07-10,eth,0,1,0.0,7.0
2026-07-10,fra,0,13,0.0,7.461538461538462
2026-07-10,gbr,0,4,0.0,17.5
2026-07-10,glp,0,1,0.0,6.0
2026-07-10,hkg,0,1,0.0,18.0
2026-07-10,idn,0,5,0.0,18.0
2026-07-10,irl,0,1,0.0,1.0
2026-07-10,ita,0,6,0.0,3.5
2026-07-10,jpn,0,2,0.0,33.5
2026-07-10,khm,0,1,0.0,8.0
2026-07-10,kor,0,9,0.0,5.666666666666667
2026-07-10,mar,0,2,0.0,4.0
2026-07-10,mex,0,3,0.0,7.0
2026-07-10,mkd,0,2,0.0,5.0
2026-07-10,mlt,0,1,0.0,8.0
2026-07-10,moz,0,4,0.0,4.25
2026-07-10,mys,0,3,0.0,18.0
2026-07-10,nga,0,8,0.0,9.125
2026-07-10,nld,0,4,0.0,8.75
2026-07-10,nor,0,1,0.0,5.0
2026-07-10,pak,0,2,0.0,2.0
2026-07-10,pan,0,1,0.0,9.0
2026-07-10,per,0,2,0.0,8.0
2026-07-10,phl,0,7,0.0,28.428571428571427
2026-07-10,pol,0,2,0.0,21.0
2026-07-10,pri,0,1,0.0,18.0
2026-07-10,prt,0,10,0.0,8.2
2026-07-10,pry,0,2,0.0,5.0
2026-07-10,rou,0,3,0.0,6.333333333333333
2026-07-10,rus,0,2,0.0,3.0
2026-07-10,sau,0,1,0.0,6.0
2026-07-10,svk,0,1,0.0,10.0
2026-07-10,swe,0,3,0.0,8.333333333333332
2026-07-10,tha,0,1,0.0,7.0
2026-07-10,tur,0,3,0.0,6.333333333333333
2026-07-10,twn,0,3,0.0,15.666666666666666
2026-07-10,uga,0,2,0.0,6.0
2026-07-10,usa,0,219,0.0,8.164383561643834
2026-07-10,ven,0,2,0.0,8.5
2026-07-10,vnm,0,2,0.0,12.0
2026-07-10,zaf,0,4,0.0,5.5
2026-07-11,ago,0,2,0.0,2.5
2026-07-11,are,0,1,0.0,19.0
2026-07-11,arg,0,6,0.0,18.166666666666668
2026-07-11,aus,0,1,0.0,2.0
2026-07-11,aut,0,1,0.0,6.0
2026-07-11,bel,0,2,0.0,7.5
2026-07-11,bgd,0,8,0.0,21.5
2026-07-11,blr,0,2,0.0,7.5
2026-07-11,can,0,10,0.0,8.7
2026-07-11,che,0,2,0.0,8.5
2026-07-11,chl,0,8,0.0,8.75
2026-07-11,cod,0,2,0.0,5.0
2026-07-11,col,0,4,0.0,21.25
2026-07-11,cpv,0,1,0.0,24.0
2026-07-11,cze,0,1,0.0,11.0
2026-07-11,deu,0,6,0.0,14.666666666666666
2026-07-11,dom,0,1,0.0,7.0
2026-07-11,ecu,0,4,0.0,16.75
2026-07-11,egy,0,7,0.0,22.571428571428573
2026-07-11,esp,0,7,0.0,10.285714285714286
2026-07-11,fra,0,8,0.0,10.125
2026-07-11,gnb,0,1,0.0,5.0
2026-07-11,gtm,0,1,0.0,5.0
2026-07-11,hrv,0,1,0.0,8.0
2026-07-11,hti,0,1,0.0,1.0
2026-07-11,idn,0,11,0.0,35.09090909090909
2026-07-11,ind,0,6,0.0,34.5
2026-07-11,irl,0,1,0.0,8.0
2026-07-11,irq,0,1,0.0,4.0
2026-07-11,isl,0,1,0.0,6.0
2026-07-11,ita,0,14,0.0,9.214285714285714
2026-07-11,jpn,0,6,0.0,22.833333333333332
2026-07-11,kor,0,26,0.0,6.153846153846154
2026-07-11,kwt,0,1,0.0,3.0
2026-07-11,lao,0,1,0.0,8.0
2026-07-11,lbn,0,1,0.0,13.0
2026-07-11,maf,0,1,0.0,3.0
2026-07-11,mex,0,9,0.0,15.88888888888889
2026-07-11,moz,0,1,0.0,6.0
2026-07-11,mys,0,6,0.0,24.833333333333332
2026-07-11,nga,0,7,0.0,8.428571428571429
2026-07-11,nld,0,5,0.0,16.0
2026-07-11,pak,0,3,0.0,30.0
2026-07-11,per,0,3,0.0,13.666666666666666
2026-07-11,phl,0,5,0.0,24.8
2026-07-11,prt,0,20,0.0,8.45
2026-07-11,qat,0,1,0.0,3.0
2026-07-11,sau,0,2,0.0,16.5
2026-07-11,sen,0,1,0.0,3.0
2026-07-11,tur,0,2,0.0,5.0
2026-07-11,twn,0,2,0.0,24.0
2026-07-11,ury,0,3,0.0,7.0
2026-07-11,usa,0,182,0.0,8.043956043956044
2026-07-11,ven,0,4,0.0,14.0
2026-07-11,vnm,0,12,0.0,34.666666666666664
2026-07-11,yem,0,1,0.0,7.0
2026-07-11,zaf,0,2,0.0,9.5
2026-07-12,ago,0,3,0.0,5.666666666666667
2026-07-12,arg,0,17,0.0,9.823529411764707
2026-07-12,aus,0,5,0.0,7.8
2026-07-12,aut,0,3,0.0,6.333333333333333
2026-07-12,bgd,0,2,0.0,5.5
2026-07-12,bol,0,2,0.0,6.0
2026-07-12,brn,0,1,0.0,26.0
2026-07-12,can,0,8,0.0,7.25
2026-07-12,che,0,5,0.0,7.6
2026-07-12,chl,0,1,0.0,8.0
2026-07-12,chn,0,2,0.0,6.5
2026-07-12,cod,0,1,0.0,4.0
2026-07-12,col,0,3,0.0,15.333333333333334
2026-07-12,cpv,0,1,0.0,4.0
2026-07-12,cze,0,1,0.0,4.0
2026-07-12,deu,0,2,0.0,5.5
2026-07-12,ecu,0,2,0.0,21.0
2026-07-12,egy,0,1,0.0,5.0
2026-07-12,esp,0,4,0.0,6.5
2026-07-12,fra,0,11,0.0,7.545454545454546
2026-07-12,gbr,0,2,0.0,42.0
2026-07-12,geo,0,1,0.0,6.0
2026-07-12,hkg,0,3,0.0,6.333333333333333
2026-07-12,hrv,0,2,0.0,7.0
2026-07-12,hun,0,1,0.0,1.0
2026-07-12,idn,0,3,0.0,48.0
2026-07-12,ind,0,9,0.0,17.77777777777778
2026-07-12,irl,0,1,0.0,21.0
2026-07-12,irn,0,1,0.0,8.0
2026-07-12,ita,0,4,0.0,17.25
2026-07-12,jor,0,1,0.0,33.0
2026-07-12,kor,0,18,0.0,6.0
2026-07-12,mar,0,6,0.0,10.666666666666666
2026-07-12,mdg,0,1,0.0,2.0
2026-07-12,mex,0,10,0.0,21.9
2026-07-12,moz,0,1,0.0,3.0
2026-07-12,mys,0,2,0.0,25.0
2026-07-12,nld,0,7,0.0,18.571428571428573
2026-07-12,nor,0,1,0.0,11.0
2026-07-12,pak,0,8,0.0,15.25
2026-07-12,pan,0,1,0.0,10.0
2026-07-12,per,0,2,0.0,4.0
2026-07-12,phl,0,9,0.0,19.333333333333332
2026-07-12,pol,0,1,0.0,2.0
2026-07-12,prt,0,8,0.0,6.125
2026-07-12,pry,0,1,0.0,7.0
2026-07-12,rou,0,2,0.0,8.0
2026-07-12,rus,0,4,0.0,18.25
2026-07-12,sau,0,1,0.0,43.0
2026-07-12,srb,0,1,0.0,2.0
2026-07-12,svk,0,1,0.0,3.0
2026-07-12,swe,0,1,0.0,11.0
2026-07-12,tgo,0,1,0.0,4.0
2026-07-12,tur,0,1,0.0,9.0
2026-07-12,twn,0,1,0.0,7.0
2026-07-12,ukr,0,2,0.0,7.5
2026-07-12,ury,0,2,0.0,8.5
2026-07-12,usa,0,162,0.0,6.771604938271605
2026-07-12,vnm,0,6,0.0,13.333333333333334
2026-07-12,zaf,0,3,0.0,15.333333333333334
2026-07-12,zmb,0,1,0.0,9.0
2026-07-13,are,0,5,0.0,6.6
2026-07-13,arg,0,24,0.0,14.833333333333334
2026-07-13,aus,0,5,0.0,17.0
2026-07-13,bel,0,1,0.0,3.0
2026-07-13,bol,0,2,0.0,7.0
2026-07-13,can,0,2,0.0,20.0
2026-07-13,che,0,2,0.0,10.0
2026-07-13,chl,0,4,0.0,10.25
2026-07-13,cmr,0,1,0.0,9.0
2026-07-13,col,0,7,0.0,24.285714285714285
2026-07-13,cpv,0,3,0.0,4.0
2026-07-13,cub,0,1,0.0,5.0
2026-07-13,cze,0,1,0.0,12.0
2026-07-13,deu,0,4,0.0,28.5
2026-07-13,dom,0,1,0.0,7.0
2026-07-13,dza,0,2,0.0,25.5
2026-07-13,ecu,0,1,0.0,5.0
2026-07-13,esp,0,6,0.0,13.0
2026-07-13,est,0,1,0.0,10.0
2026-07-13,fra,0,11,0.0,7.363636363636363
2026-07-13,gbr,0,9,0.0,11.0
2026-07-13,glp,0,1,0.0,5.0
2026-07-13,grc,0,2,0.0,12.0
2026-07-13,hnd,0,2,0.0,9.0
2026-07-13,hrv,0,1,0.0,8.0
2026-07-13,idn,0,5,0.0,25.2
2026-07-13,ind,0,12,0.0,27.083333333333332
2026-07-13,irl,0,6,0.0,2.666666666666667
2026-07-13,irn,0,1,0.0,7.0
2026-07-13,irq,0,1,0.0,15.0
2026-07-13,ita,0,1,0.0,5.0
2026-07-13,jpn,0,4,0.0,22.5
2026-07-13,kaz,0,1,0.0,49.0
2026-07-13,kor,0,18,0.0,12.88888888888889
2026-07-13,lka,0,1,0.0,8.0
2026-07-13,mar,0,5,0.0,14.4
2026-07-13,mdg,0,1,0.0,6.0
2026-07-13,mex,0,2,0.0,6.5
2026-07-13,moz,0,3,0.0,7.0
2026-07-13,mtq,0,1,0.0,2.0
2026-07-13,mys,0,2,0.0,29.0
2026-07-13,nga,0,4,0.0,8.25
2026-07-13,nld,0,4,0.0,7.5
2026-07-13,npl,0,1,0.0,1.0
2026-07-13,pak,0,3,0.0,18.0
2026-07-13,pan,0,3,0.0,8.333333333333332
2026-07-13,per,0,1,0.0,7.0
2026-07-13,phl,0,7,0.0,36.857142857142854
2026-07-13,prt,0,12,0.0,9.333333333333334
2026-07-13,pry,0,2,0.0,9.5
2026-07-13,pyf,0,1,0.0,5.0
2026-07-13,rus,0,3,0.0,23.0
2026-07-13,sau,0,1,0.0,1.0
2026-07-13,svk,0,1,0.0,5.0
2026-07-13,swe,0,1,0.0,8.0
2026-07-13,tha,0,3,0.0,6.333333333333333
2026-07-13,tun,0,3,0.0,8.333333333333332
2026-07-13,tur,0,3,0.0,14.0
2026-07-13,twn,0,2,0.0,5.5
2026-07-13,ukr,0,4,0.0,53.5
2026-07-13,ury,0,1,0.0,13.0
2026-07-13,usa,0,234,0.0,7.380341880341881
2026-07-13,vnm,0,9,0.0,24.666666666666668
2026-07-13,zaf,0,5,0.0,4.2
2026-07-14,ago,0,4,0.0,7.5
2026-07-14,are,0,3,0.0,3.6666666666666665
2026-07-14,arg,0,10,0.0,20.7
2026-07-14,aus,0,14,0.0,32.14285714285714
2026-07-14,aze,0,1,0.0,12.0
2026-07-14,bel,0,2,0.0,8.5
2026-07-14,bgd,0,8,0.0,15.5
2026-07-14,bgr,0,4,0.0,5.75
2026-07-14,bhr,0,1,0.0,36.0
2026-07-14,blr,0,1,0.0,1.0
2026-07-14,bol,0,2,0.0,7.5
2026-07-14,caf,0,1,0.0,9.0
2026-07-14,can,0,3,0.0,6.0
2026-07-14,chl,0,7,0.0,9.285714285714286
2026-07-14,chn,0,1,0.0,9.0
2026-07-14,civ,0,2,0.0,7.5
2026-07-14,col,0,5,0.0,11.2
2026-07-14,cri,0,1,0.0,4.0
2026-07-14,deu,0,2,0.0,12.0
2026-07-14,dom,0,3,0.0,3.6666666666666665
2026-07-14,dza,0,4,0.0,21.5
2026-07-14,egy,0,2,0.0,17.0
2026-07-14,esp,0,9,0.0,14.666666666666666
2026-07-14,fra,0,11,0.0,7.0
2026-07-14,gab,0,1,0.0,50.0
2026-07-14,gbr,0,4,0.0,20.5
2026-07-14,gtm,0,1,0.0,8.0
2026-07-14,hkg,0,5,0.0,4.6
2026-07-14,idn,0,3,0.0,28.333333333333332
2026-07-14,ind,0,6,0.0,29.5
2026-07-14,isr,0,1,0.0,58.0
2026-07-14,ita,0,6,0.0,9.5
2026-07-14,jor,0,1,0.0,9.0
2026-07-14,jpn,0,5,0.0,13.4
2026-07-14,kaz,0,1,0.0,37.0
2026-07-14,ken,0,2,0.0,7.0
2026-07-14,kor,0,9,0.0,10.88888888888889
2026-07-14,kwt,0,1,0.0,5.0
2026-07-14,lva,0,1,0.0,1.0
2026-07-14,mex,0,5,0.0,13.0
2026-07-14,moz,0,1,0.0,3.0
2026-07-14,mys,0,6,0.0,15.833333333333334
2026-07-14,nga,0,4,0.0,9.0
2026-07-14,nld,0,2,0.0,10.0
2026-07-14,nzl,0,1,0.0,7.0
2026-07-14,pak,0,11,0.0,13.272727272727273
2026-07-14,per,0,3,0.0,7.333333333333333
2026-07-14,phl,0,13,0.0,19.307692307692307
2026-07-14,pol,0,1,0.0,2.0
2026-07-14,prt,0,14,0.0,7.642857142857143
2026-07-14,pry,0,2,0.0,16.5
2026-07-14,pse,0,1,0.0,5.0
2026-07-14,rus,0,4,0.0,9.25
2026-07-14,sau,0,1,0.0,23.0
2026-07-14,slv,0,3,0.0,4.666666666666666
2026-07-14,srb,0,1,0.0,8.0
2026-07-14,swe,0,1,0.0,1.0
2026-07-14,tur,0,2,0.0,9.0
2026-07-14,twn,0,3,0.0,5.666666666666667
2026-07-14,uga,0,2,0.0,13.5
2026-07-14,ury,0,2,0.0,9.5
2026-07-14,usa,0,139,0.0,7.071942446043166
2026-07-14,ven,0,1,0.0,6.0
2026-07-14,vnm,0,11,0.0,23.818181818181817
2026-07-15,ago,0,4,0.0,6.75
2026-07-15,arg,0,3,0.0,10.333333333333334
2026-07-15,bel,0,3,0.0,5.0
2026-07-15,bfa,0,1,0.0,6.0
2026-07-15,bgd,0,6,0.0,12.666666666666666
2026-07-15,bol,0,2,0.0,5.5
2026-07-15,caf,0,1,0.0,11.0
2026-07-15,can,0,3,0.0,7.666666666666667
2026-07-15,che,0,6,0.0,10.5
2026-07-15,chl,0,5,0.0,9.4
2026-07-15,civ,0,1,0.0,7.0
2026-07-15,cod,0,1,0.0,8.0
2026-07-15,col,0,1,0.0,10.0
2026-07-15,cub,0,1,0.0,10.0
2026-07-15,deu,0,2,0.0,4.0
2026-07-15,dom,0,1,0.0,31.0
2026-07-15,dza,0,1,0.0,10.0
2026-07-15,ecu,0,1,0.0,20.0
2026-07-15,egy,0,2,0.0,28.0
2026-07-15,esp,0,7,0.0,12.142857142857142
2026-07-15,fin,0,1,0.0,17.0
2026-07-15,gab,0,1,0.0,6.0
2026-07-15,grc,0,1,0.0,9.0
2026-07-15,gtm,0,1,0.0,9.0
2026-07-15,hrv,0,1,0.0,8.0
2026-07-15,idn,0,1,0.0,15.0
2026-07-15,ind,0,6,0.0,6.166666666666667
2026-07-15,irn,0,2,0.0,15.0
2026-07-15,ita,0,3,0.0,18.0
2026-07-15,jpn,0,2,0.0,30.0
2026-07-15,kor,0,13,0.0,5.923076923076923
2026-07-15,lbn,0,1,0.0,8.0
2026-07-15,lka,0,1,0.0,4.0
2026-07-15,mar,0,2,0.0,17.0
2026-07-15,mex,0,4,0.0,5.75
2026-07-15,moz,0,2,0.0,6.0
2026-07-15,mys,0,1,0.0,15.0
2026-07-15,nga,0,2,0.0,8.0
2026-07-15,nld,0,2,0.0,9.0
2026-07-15,nzl,0,1,0.0,1.0
2026-07-15,pak,0,5,0.0,21.0
2026-07-15,per,0,2,0.0,9.5
2026-07-15,phl,0,4,0.0,26.0
2026-07-15,pol,0,1,0.0,1.0
2026-07-15,prt,0,18,0.0,13.777777777777779
2026-07-15,pry,0,4,0.0,7.75
2026-07-15,rou,0,1,0.0,4.0
2026-07-15,rus,0,2,0.0,6.0
2026-07-15,sau,0,3,0.0,5.333333333333333
2026-07-15,swe,0,1,0.0,9.0
2026-07-15,tun,0,1,0.0,5.0
2026-07-15,tur,0,1,0.0,9.0
2026-07-15,twn,0,1,0.0,6.0
2026-07-15,tza,0,1,0.0,7.0
2026-07-15,ury,0,1,0.0,10.0
2026-07-15,uzb,0,1,0.0,9.0
2026-07-15,ven,0,1,0.0,7.0
2026-07-15,vnm,0,6,0.0,14.0
2026-07-16,and,0,1,0.0,7.0
2026-07-16,arg,0,5,0.0,9.8
2026-07-16,aus,0,4,0.0,8.0
2026-07-16,bel,0,2,0.0,14.0
2026-07-16,ben,0,1,0.0,10.0
2026-07-16,bol,0,1,0.0,6.0
2026-07-16,caf,0,3,0.0,7.666666666666667
2026-07-16,che,0,3,0.0,11.333333333333334
2026-07-16,chl,0,2,0.0,7.5
2026-07-16,col,0,1,0.0,6.0
2026-07-16,cri,0,2,0.0,4.0
2026-07-16,deu,0,3,0.0,7.0
2026-07-16,dza,0,2,0.0,7.0
2026-07-16,ecu,0,2,0.0,5.0
2026-07-16,esp,0,5,0.0,6.4
2026-07-16,gbr,0,6,0.0,14.166666666666666
2026-07-16,grc,0,1,0.0,13.0
2026-07-16,hkg,0,2,0.0,7.0
2026-07-16,hnd,0,2,0.0,6.5
2026-07-16,idn,0,5,0.0,25.6
2026-07-16,ind,0,3,0.0,13.666666666666666
2026-07-16,isr,0,1,0.0,7.0
2026-07-16,jpn,0,5,0.0,25.0
2026-07-16,kor,0,16,0.0,7.25
2026-07-16,kwt,0,1,0.0,4.0
2026-07-16,lso,0,1,0.0,8.0
2026-07-16,moz,0,10,0.0,5.7
2026-07-16,mys,0,5,0.0,3.0
2026-07-16,nga,0,1,0.0,10.0
2026-07-16,nld,0,2,0.0,5.0
2026-07-16,nor,0,1,0.0,12.0
2026-07-16,pan,0,1,0.0,6.0
2026-07-16,per,0,1,0.0,6.0
2026-07-16,prt,0,7,0.0,7.285714285714286
2026-07-16,pry,0,3,0.0,7.333333333333333
2026-07-16,rus,0,3,0.0,5.666666666666667
2026-07-16,sur,0,1,0.0,7.0
2026-07-16,tun,0,1,0.0,5.0
2026-07-16,ukr,0,1,0.0,6.0
2026-07-16,ury,0,2,0.0,9.5
2026-07-16,usa,0,78,0.0,10.115384615384615
2026-07-16,uzb,0,1,0.0,1.0
2026-07-16,ven,0,1,0.0,8.0
2026-07-16,vnm,0,6,0.0,19.833333333333332
2026-07-16,zaf,0,2,0.0,48.0
2026-07-17,ago,0,7,0.0,11.571428571428571
2026-07-17,are,0,3,0.0,4.0
2026-07-17,arg,0,3,0.0,7.666666666666667
2026-07-17,aus,0,1,0.0,9.0
2026-07-17,aut,0,1,0.0,24.0
2026-07-17,bel,0,1,0.0,10.0
2026-07-17,bfa,0,4,0.0,8.25
2026-07-17,bgd,0,1,0.0,7.0
2026-07-17,bgr,0,1,0.0,13.0
2026-07-17,brb,0,1,0.0,9.0
2026-07-17,brn,0,2,0.0,16.0
2026-07-17,caf,0,1,0.0,8.0
2026-07-17,can,0,9,0.0,29.666666666666668
2026-07-17,che,0,1,0.0,3.0
2026-07-17,chl,0,10,0.0,6.2
2026-07-17,cmr,0,1,0.0,15.0
2026-07-17,col,0,3,0.0,5.666666666666667
2026-07-17,deu,0,7,0.0,8.571428571428571
2026-07-17,dnk,0,1,0.0,16.0
2026-07-17,dom,0,1,0.0,5.0
2026-07-17,egy,0,1,0.0,8.0
2026-07-17,esp,0,4,0.0,14.25
2026-07-17,fra,0,3,0.0,7.0
2026-07-17,gbr,0,5,0.0,5.6
2026-07-17,hkg,0,2,0.0,11.5
2026-07-17,idn,0,1,0.0,5.0
2026-07-17,ind,0,6,0.0,8.833333333333332
2026-07-17,irn,0,3,0.0,6.333333333333333
2026-07-17,isr,0,1,0.0,5.0
2026-07-17,ita,0,3,0.0,8.666666666666668
2026-07-17,jor,0,1,0.0,7.0
2026-07-17,jpn,0,4,0.0,19.5
2026-07-17,kor,0,18,0.0,6.833333333333333
2026-07-17,lbn,0,1,0.0,4.0
2026-07-17,mex,0,1,0.0,9.0
2026-07-17,mlt,0,1,0.0,10.0
2026-07-17,moz,0,2,0.0,5.5
2026-07-17,nga,0,4,0.0,7.25
2026-07-17,nld,0,3,0.0,9.333333333333334
2026-07-17,nor,0,1,0.0,4.0
2026-07-17,omn,0,1,0.0,13.0
2026-07-17,pan,0,1,0.0,11.0
2026-07-17,pol,0,1,0.0,5.0
2026-07-17,prt,0,13,0.0,15.846153846153847
2026-07-17,pry,0,4,0.0,8.5
2026-07-17,qat,0,1,0.0,7.0
2026-07-17,rou,0,1,0.0,10.0
2026-07-17,sgp,0,1,0.0,1.0
2026-07-17,tha,0,1,0.0,3.0
2026-07-17,twn,0,1,0.0,7.0
2026-07-17,usa,0,105,0.0,7.114285714285714
2026-07-17,ven,0,1,0.0,7.0
2026-07-17,vnm,0,13,0.0,22.53846153846154
2026-07-17,zaf,0,1,0.0,1.0
2026-07-17,zwe,0,1,0.0,9.0
2026-07-18,ago,0,1,0.0,1.0
2026-07-18,are,0,4,0.0,10.5
2026-07-18,arg,0,6,0.0,12.333333333333334
2026-07-18,aut,0,2,0.0,9.5
2026-07-18,bel,0,2,0.0,6.5
2026-07-18,bgd,0,1,0.0,6.0
2026-07-18,bhs,0,2,0.0,12.0
2026-07-18,bol,0,1,0.0,6.0
2026-07-18,caf,0,1,0.0,5.0
2026-07-18,can,0,6,0.0,10.833333333333334
2026-07-18,che,0,3,0.0,8.333333333333332
2026-07-18,chl,0,6,0.0,12.166666666666666
2026-07-18,col,0,1,0.0,7.0
2026-07-18,deu,0,4,0.0,13.75
2026-07-18,ecu,0,1,0.0,8.0
2026-07-18,esp,0,2,0.0,7.5
2026-07-18,fin,0,1,0.0,6.0
2026-07-18,fra,0,3,0.0,6.333333333333333
2026-07-18,gha,0,1,0.0,6.0
2026-07-18,grc,0,1,0.0,7.0
2026-07-18,gtm,0,1,0.0,4.0
2026-07-18,ind,0,4,0.0,43.25
2026-07-18,irl,0,1,0.0,10.0
2026-07-18,isr,0,1,0.0,23.0
2026-07-18,ita,0,4,0.0,23.5
2026-07-18,jam,0,1,0.0,7.0
2026-07-18,jpn,0,3,0.0,22.0
2026-07-18,kor,0,18,0.0,6.722222222222222
2026-07-18,lbn,0,1,0.0,4.0
2026-07-18,mar,0,1,0.0,10.0
2026-07-18,mex,0,1,0.0,5.0
2026-07-18,moz,0,1,0.0,5.0
2026-07-18,mys,0,2,0.0,4.0
2026-07-18,nga,0,1,0.0,10.0
2026-07-18,nld,0,4,0.0,8.0
2026-07-18,nzl,0,1,0.0,20.0
2026-07-18,pan,0,1,0.0,11.0
2026-07-18,per,0,1,0.0,7.0
2026-07-18,phl,0,3,0.0,7.0
2026-07-18,pol,0,1,0.0,10.0
2026-07-18,prt,0,11,0.0,8.363636363636363
2026-07-18,pry,0,1,0.0,6.0
2026-07-18,rus,0,1,0.0,8.0
2026-07-18,sgp,0,2,0.0,3.0
2026-07-18,svk,0,1,0.0,2.0
2026-07-18,svn,0,1,0.0,10.0
2026-07-18,swe,0,1,0.0,7.0
2026-07-18,tha,0,4,0.0,17.5
2026-07-18,tur,0,1,0.0,5.0
2026-07-18,ury,0,1,0.0,8.0
2026-07-18,usa,0,64,0.0,9.203125
2026-07-18,ven,0,1,0.0,9.0
2026-07-18,vnm,0,7,0.0,15.571428571428571
2026-07-19,ago,0,2,0.0,8.0
2026-07-19,arg,0,3,0.0,6.0
2026-07-19,aus,0,3,0.0,6.333333333333333
2026-07-19,aut,0,1,0.0,10.0
2026-07-19,bgd,0,2,0.0,6.5
2026-07-19,bgr,0,1,0.0,23.0
2026-07-19,bol,0,1,0.0,5.0
2026-07-19,caf,0,6,0.0,6.333333333333333
2026-07-19,can,0,3,0.0,11.333333333333334
2026-07-19,che,0,5,0.0,12.0
2026-07-19,chl,0,4,0.0,2.75
2026-07-19,cmr,0,1,0.0,5.0
2026-07-19,cod,0,1,0.0,9.0
2026-07-19,col,0,1,0.0,50.0
2026-07-19,cpv,0,1,0.0,10.0
2026-07-19,cze,0,1,0.0,10.0
2026-07-19,deu,0,3,0.0,6.333333333333333
2026-07-19,dnk,0,1,0.0,2.0
2026-07-19,dza,0,1,0.0,7.0
2026-07-19,ecu,0,2,0.0,7.5
2026-07-19,egy,0,2,0.0,6.0
2026-07-19,esp,0,4,0.0,7.75
2026-07-19,fra,0,15,0.0,4.0
2026-07-19,gbr,0,5,0.0,27.8
2026-07-19,geo,0,1,0.0,6.0
2026-07-19,glp,0,1,0.0,9.0
2026-07-19,hrv,0,1,0.0,8.0
2026-07-19,idn,0,2,0.0,13.5
2026-07-19,ind,0,6,0.0,22.5
2026-07-19,irl,0,1,0.0,5.0
2026-07-19,ita,0,1,0.0,1.0
2026-07-19,jor,0,3,0.0,5.666666666666667
2026-07-19,jpn,0,2,0.0,17.5
2026-07-19,kor,0,13,0.0,7.846153846153846
2026-07-19,lao,0,1,0.0,7.0
2026-07-19,mar,0,1,0.0,5.0
2026-07-19,mex,0,4,0.0,14.25
2026-07-19,moz,0,1,0.0,8.0
2026-07-19,mys,0,1,0.0,11.0
2026-07-19,nld,0,2,0.0,5.0
2026-07-19,nor,0,1,0.0,18.0
2026-07-19,pak,0,3,0.0,9.666666666666666
2026-07-19,phl,0,5,0.0,19.0
2026-07-19,pol,0,2,0.0,17.0
2026-07-19,pri,0,1,0.0,10.0
2026-07-19,prt,0,8,0.0,14.125
2026-07-19,pry,0,2,0.0,7.5
2026-07-19,pse,0,1,0.0,9.0
2026-07-19,rus,0,1,0.0,10.0
2026-07-19,swe,0,1,0.0,8.0
2026-07-19,tha,0,3,0.0,45.333333333333336
2026-07-19,twn,0,4,0.0,8.75
2026-07-19,ukr,0,1,0.0,7.0
2026-07-19,ury,0,8,0.0,9.0
2026-07-19,usa,0,50,0.0,11.36
2026-07-19,vnm,0,17,0.0,17.647058823529413
2026-07-20,ago,0,4,0.0,5.0
2026-07-20,arg,0,10,0.0,34.0
2026-07-20,aus,0,1,0.0,8.0
2026-07-20,bfa,0,1,0.0,8.0
2026-07-20,bol,0,1,0.0,1.0
2026-07-20,can,0,1,0.0,5.0
2026-07-20,che,0,3,0.0,9.333333333333334
2026-07-20,civ,0,1,0.0,10.0
2026-07-20,cod,0,1,0.0,10.0
2026-07-20,col,0,2,0.0,5.5
2026-07-20,cpv,0,1,0.0,15.0
2026-07-20,cym,0,1,0.0,7.0
2026-07-20,cze,0,1,0.0,11.0
2026-07-20,deu,0,5,0.0,10.4
2026-07-20,dnk,0,1,0.0,6.0
2026-07-20,ecu,0,2,0.0,11.5
2026-07-20,esp,0,2,0.0,9.0
2026-07-20,fra,0,12,0.0,4.416666666666666
2026-07-20,gbr,0,8,0.0,26.75
2026-07-20,geo,0,1,0.0,9.0
2026-07-20,grc,0,1,0.0,5.0
2026-07-20,hkg,0,1,0.0,26.0
2026-07-20,hnd,0,2,0.0,9.5
2026-07-20,hun,0,1,0.0,5.0
2026-07-20,idn,0,3,0.0,5.666666666666667
2026-07-20,ind,0,4,0.0,23.5
2026-07-20,irl,0,1,0.0,11.0
2026-07-20,irn,0,1,0.0,4.0
2026-07-20,jor,0,2,0.0,6.0
2026-07-20,jpn,0,2,0.0,11.5
2026-07-20,kor,0,14,0.0,8.428571428571429
2026-07-20,lux,0,2,0.0,6.5
2026-07-20,mdg,0,1,0.0,8.0
2026-07-20,mex,0,2,0.0,11.0
2026-07-20,mlt,0,1,0.0,7.0
2026-07-20,moz,0,3,0.0,6.333333333333333
2026-07-20,nam,0,1,0.0,8.0
2026-07-20,nga,0,2,0.0,5.5
2026-07-20,nld,0,3,0.0,8.666666666666668
2026-07-20,nor,0,1,0.0,8.0
2026-07-20,per,0,1,0.0,11.0
2026-07-20,phl,0,5,0.0,27.6
2026-07-20,pol,0,1,0.0,26.0
2026-07-20,prt,0,13,0.0,8.692307692307693
2026-07-20,pry,0,2,0.0,8.0
2026-07-20,pse,0,1,0.0,11.0
2026-07-20,rus,0,2,0.0,11.0
2026-07-20,sgp,0,1,0.0,11.0
2026-07-20,tha,0,2,0.0,27.5
2026-07-20,tur,0,1,0.0,8.0
2026-07-20,twn,0,4,0.0,10.25
2026-07-20,ury,0,2,0.0,10.5
2026-07-20,usa,0,81,0.0,8.802469135802468
2026-07-20,ven,0,1,0.0,4.0
2026-07-20,vnm,0,25,0.0,19.52
2026-07-21,ago,0,4,0.0,7.0
2026-07-21,alb,0,1,0.0,7.0
2026-07-21,arg,0,3,0.0,9.333333333333334
2026-07-21,bel,0,1,0.0,8.0
2026-07-21,bgd,0,2,0.0,7.0
2026-07-21,bol,0,1,0.0,4.0
2026-07-21,can,0,4,0.0,6.75
2026-07-21,che,0,3,0.0,6.0
2026-07-21,chl,0,8,0.0,6.625
2026-07-21,chn,0,3,0.0,5.0
2026-07-21,col,0,4,0.0,8.0
2026-07-21,cze,0,1,0.0,13.0
2026-07-21,deu,0,8,0.0,7.375
2026-07-21,ecu,0,1,0.0,7.0
2026-07-21,esp,0,2,0.0,10.5
2026-07-21,fra,0,5,0.0,10.6
2026-07-21,gbr,0,2,0.0,55.0
2026-07-21,grd,0,1,0.0,9.0
2026-07-21,idn,0,3,0.0,22.666666666666668
2026-07-21,ind,0,4,0.0,6.0
2026-07-21,irl,0,1,0.0,1.0
2026-07-21,irn,0,1,0.0,7.0
2026-07-21,isr,0,1,0.0,19.0
2026-07-21,ita,0,5,0.0,6.2
2026-07-21,jam,0,1,0.0,5.0
2026-07-21,jpn,0,5,0.0,17.4
2026-07-21,ken,0,2,0.0,7.5
2026-07-21,kor,0,35,0.0,7.285714285714286
2026-07-21,mex,0,4,0.0,4.25
2026-07-21,moz,0,1,0.0,7.0
2026-07-21,nld,0,2,0.0,15.5
2026-07-21,npl,0,2,0.0,28.5
2026-07-21,pak,0,1,0.0,8.0
2026-07-21,pan,0,6,0.0,7.0
2026-07-21,phl,0,1,0.0,13.0
2026-07-21,pol,0,1,0.0,24.0
2026-07-21,prt,0,17,0.0,9.529411764705882
2026-07-21,pry,0,6,0.0,13.0
2026-07-21,sgp,0,2,0.0,9.0
2026-07-21,sle,0,1,0.0,5.0
2026-07-21,slv,0,1,0.0,6.0
2026-07-21,swe,0,1,0.0,7.0
2026-07-21,twn,0,4,0.0,8.5
2026-07-21,uga,0,2,0.0,9.5
2026-07-21,ury,0,3,0.0,9.666666666666666
2026-07-21,ven,0,1,0.0,8.0
2026-07-21,vnm,0,15,0.0,23.933333333333334
2026-07-21,zaf,0,1,0.0,11.0
2026-07-22,ago,0,2,0.0,5.5
2026-07-22,are,0,2,0.0,7.0
2026-07-22,arg,0,11,0.0,13.545454545454545
2026-07-22,aus,0,4,0.0,13.5
2026-07-22,bel,0,1,0.0,9.0
2026-07-22,bgd,0,3,0.0,35.0
2026-07-22,bol,0,2,0.0,37.5
2026-07-22,can,0,7,0.0,9.0
2026-07-22,che,0,1,0.0,8.0
2026-07-22,chl,0,2,0.0,10.0
2026-07-22,cod,0,2,0.0,6.5
2026-07-22,col,0,3,0.0,8.333333333333332
2026-07-22,cri,0,1,0.0,10.0
2026-07-22,deu,0,4,0.0,9.75
2026-07-22,dnk,0,1,0.0,4.0
2026-07-22,dom,0,1,0.0,6.0
2026-07-22,ecu,0,4,0.0,13.0
2026-07-22,egy,0,2,0.0,17.0
2026-07-22,esp,0,5,0.0,13.6
2026-07-22,eth,0,1,0.0,9.0
2026-07-22,fji,0,1,0.0,11.0
2026-07-22,fra,0,1,0.0,4.0
2026-07-22,gbr,0,3,0.0,48.0
2026-07-22,idn,0,2,0.0,7.5
2026-07-22,ind,0,9,0.0,26.22222222222222
2026-07-22,irq,0,1,0.0,1.0
2026-07-22,isr,0,1,0.0,12.0
2026-07-22,jpn,0,2,0.0,26.0
2026-07-22,ken,0,1,0.0,12.0
2026-07-22,kor,0,42,0.0,8.404761904761905
2026-07-22,ltu,0,2,0.0,10.0
2026-07-22,mar,0,1,0.0,2.0
2026-07-22,mex,0,1,0.0,5.0
2026-07-22,moz,0,2,0.0,5.5
2026-07-22,mys,0,1,0.0,69.0
2026-07-22,nga,0,1,0.0,11.0
2026-07-22,nld,0,2,0.0,6.5
2026-07-22,npl,0,1,0.0,31.0
2026-07-22,pan,0,2,0.0,6.5
2026-07-22,per,0,2,0.0,10.0
2026-07-22,phl,0,4,0.0,29.0
2026-07-22,pol,0,2,0.0,8.5
2026-07-22,prt,0,10,0.0,12.3
2026-07-22,pry,0,4,0.0,7.25
2026-07-22,rus,0,2,0.0,1.0
2026-07-22,sau,0,1,0.0,6.0
2026-07-22,svk,0,1,0.0,9.0
2026-07-22,swe,0,1,0.0,8.0
2026-07-22,tha,0,2,0.0,8.0
2026-07-22,tls,0,1,0.0,1.0
2026-07-22,tur,0,4,0.0,9.5
2026-07-22,twn,0,2,0.0,7.5
2026-07-22,uga,0,1,0.0,4.0
2026-07-22,ury,0,4,0.0,9.5
2026-07-22,usa,0,113,0.0,8.15929203539823
2026-07-22,uzb,0,2,0.0,23.5
2026-07-22,vnm,0,24,0.0,23.083333333333332
2026-07-23,are,0,1,0.0,1.0
2026-07-23,arg,0,9,0.0,8.666666666666668
2026-07-23,aus,0,3,0.0,7.333333333333333
2026-07-23,bel,0,1,0.0,6.0
2026-07-23,bgr,0,1,0.0,14.0
2026-07-23,bol,0,1,0.0,6.0
2026-07-23,can,0,2,0.0,9.0
2026-07-23,che,0,4,0.0,6.0
2026-07-23,chl,0,5,0.0,9.2
2026-07-23,cod,0,2,0.0,39.0
2026-07-23,deu,0,4,0.0,6.5
2026-07-23,dom,0,1,0.0,3.0
2026-07-23,esp,0,1,0.0,10.0
2026-07-23,eth,0,1,0.0,17.0
2026-07-23,fra,0,2,0.0,1.0
2026-07-23,hti,0,1,0.0,8.0
2026-07-23,idn,0,2,0.0,56.0
2026-07-23,ind,0,11,0.0,22.727272727272727
2026-07-23,irl,0,1,0.0,3.0
2026-07-23,irn,0,2,0.0,8.0
2026-07-23,ita,0,4,0.0,8.25
2026-07-23,jor,0,2,0.0,6.0
2026-07-23,khm,0,1,0.0,5.0
2026-07-23,kor,0,16,0.0,8.375
2026-07-23,lbn,0,1,0.0,16.0
2026-07-23,mex,0,2,0.0,6.0
2026-07-23,moz,0,2,0.0,6.0
2026-07-23,nga,0,1,0.0,11.0
2026-07-23,nld,0,3,0.0,15.333333333333334
2026-07-23,pak,0,1,0.0,31.0
2026-07-23,phl,0,4,0.0,56.0
2026-07-23,pol,0,1,0.0,1.0
2026-07-23,prt,0,25,0.0,6.24
2026-07-23,pry,0,8,0.0,8.125
2026-07-23,qat,0,1,0.0,8.0
2026-07-23,rus,0,2,0.0,22.5
2026-07-23,slv,0,1,0.0,31.0
2026-07-23,srb,0,3,0.0,12.0
2026-07-23,svn,0,2,0.0,8.5
2026-07-23,tur,0,2,0.0,8.0
2026-07-23,twn,0,1,0.0,9.0
2026-07-23,ury,0,4,0.0,9.0
2026-07-23,usa,0,129,0.0,6.155038759689923
2026-07-23,vnm,0,18,0.0,18.944444444444443
2026-07-23,zmb,0,1,0.0,9.0
2026-07-24,ago,0,1,0.0,8.0
2026-07-24,are,0,2,0.0,5.0
2026-07-24,arg,0,8,0.0,19.5
2026-07-24,aus,0,2,0.0,9.5
2026-07-24,bel,0,3,0.0,15.333333333333334
2026-07-24,bgd,0,3,0.0,11.666666666666666
2026-07-24,blr,0,1,0.0,11.0
2026-07-24,can,0,1,0.0,2.0
2026-07-24,che,0,1,0.0,7.0
2026-07-24,chl,0,1,0.0,9.0
2026-07-24,chn,0,1,0.0,10.0
2026-07-24,cod,0,1,0.0,10.0
2026-07-24,col,0,1,0.0,11.0
2026-07-24,cri,0,1,0.0,12.0
2026-07-24,deu,0,6,0.0,9.666666666666666
2026-07-24,ecu,0,1,0.0,7.0
2026-07-24,esp,0,1,0.0,11.0
2026-07-24,fra,0,8,0.0,17.125
2026-07-24,gbr,0,7,0.0,14.857142857142858
2026-07-24,geo,0,1,0.0,14.0
2026-07-24,idn,0,3,0.0,5.666666666666667
2026-07-24,ind,0,5,0.0,21.8
2026-07-24,irl,0,4,0.0,7.0
2026-07-24,irq,0,1,0.0,73.0
2026-07-24,ita,0,7,0.0,5.571428571428571
2026-07-24,jor,0,5,0.0,15.4
2026-07-24,jpn,0,9,0.0,21.666666666666668
2026-07-24,kor,0,51,0.0,8.666666666666668
2026-07-24,mar,0,1,0.0,1.0
2026-07-24,mex,0,2,0.0,9.0
2026-07-24,moz,0,3,0.0,6.666666666666667
2026-07-24,mtq,0,1,0.0,9.0
2026-07-24,nld,0,5,0.0,6.2
2026-07-24,nor,0,1,0.0,11.0
2026-07-24,nzl,0,1,0.0,8.0
2026-07-24,pak,0,2,0.0,30.0
2026-07-24,pan,0,1,0.0,8.0
2026-07-24,per,0,1,0.0,7.0
2026-07-24,phl,0,2,0.0,12.5
2026-07-24,pol,0,3,0.0,6.333333333333333
2026-07-24,prt,0,28,0.0,7.785714285714286
2026-07-24,pry,0,3,0.0,9.0
2026-07-24,rus,0,3,0.0,28.333333333333332
2026-07-24,rwa,0,1,0.0,9.0
2026-07-24,sgp,0,1,0.0,5.0
2026-07-24,srb,0,1,0.0,11.0
2026-07-24,swe,0,1,0.0,8.0
2026-07-24,tha,0,2,0.0,8.0
2026-07-24,tur,0,2,0.0,2.0
2026-07-24,uga,0,1,0.0,4.0
2026-07-24,ukr,0,1,0.0,11.0
2026-07-24,ury,0,1,0.0,11.0
2026-07-24,vnm,0,7,0.0,17.857142857142858
2026-07-24,xkk,0,1,0.0,10.0
2026-07-25,ago,0,1,0.0,5.0
2026-07-25,are,0,2,0.0,7.5
2026-07-25,arg,0,6,0.0,6.333333333333333
2026-07-25,aus,0,3,0.0,26.0
2026-07-25,bel,0,2,0.0,7.5
2026-07-25,bgr,0,1,0.0,5.0
2026-07-25,bhr,0,1,0.0,8.0
2026-07-25,bol,0,1,0.0,7.0
2026-07-25,can,0,4,0.0,14.5
2026-07-25,che,0,1,0.0,8.0
2026-07-25,chl,0,7,0.0,9.142857142857142
2026-07-25,chn,0,2,0.0,5.0
2026-07-25,civ,0,2,0.0,8.0
2026-07-25,col,0,2,0.0,9.5
2026-07-25,deu,0,8,0.0,4.625
2026-07-25,dnk,0,1,0.0,10.0
2026-07-25,dom,0,1,0.0,6.0
2026-07-25,dza,0,2,0.0,10.0
2026-07-25,ecu,0,1,0.0,1.0
2026-07-25,fra,0,6,0.0,9.166666666666666
2026-07-25,gbr,0,6,0.0,7.333333333333333
2026-07-25,geo,0,1,0.0,22.0
2026-07-25,gha,0,1,0.0,10.0
2026-07-25,grc,0,1,0.0,5.0
2026-07-25,hkg,0,2,0.0,7.5
2026-07-25,idn,0,4,0.0,18.25
2026-07-25,ind,0,4,0.0,15.25
2026-07-25,irn,0,2,0.0,6.0
2026-07-25,ita,0,2,0.0,6.0
2026-07-25,jor,0,1,0.0,25.0
2026-07-25,jpn,0,3,0.0,13.0
2026-07-25,kor,0,40,0.0,7.725
2026-07-25,lka,0,1,0.0,11.0
2026-07-25,mar,0,4,0.0,16.0
2026-07-25,mex,0,5,0.0,16.0
2026-07-25,mys,0,1,0.0,7.0
2026-07-25,nga,0,3,0.0,5.0
2026-07-25,nld,0,2,0.0,8.0
2026-07-25,nor,0,1,0.0,4.0
2026-07-25,per,0,1,0.0,9.0
2026-07-25,phl,0,5,0.0,33.6
2026-07-25,pol,0,3,0.0,6.333333333333333
2026-07-25,prt,0,20,0.0,6.8
2026-07-25,pry,0,2,0.0,7.0
2026-07-25,qat,0,3,0.0,6.0
2026-07-25,rou,0,2,0.0,8.0
2026-07-25,rus,0,1,0.0,4.0
2026-07-25,sau,0,1,0.0,39.0
2026-07-25,sgp,0,2,0.0,11.0
2026-07-25,tha,0,4,0.0,11.5
2026-07-25,tur,0,4,0.0,12.5
2026-07-25,uga,0,1,0.0,6.0
2026-07-25,ukr,0,5,0.0,28.8
2026-07-25,ury,0,4,0.0,8.75
2026-07-25,usa,0,116,0.0,7.577586206896552
2026-07-25,vnm,0,3,0.0,23.666666666666668
2026-07-26,ago,0,2,0.0,4.0
2026-07-26,are,0,2,0.0,4.5
2026-07-26,arg,0,9,0.0,16.555555555555557
2026-07-26,arm,0,1,0.0,10.0
2026-07-26,aus,0,2,0.0,40.0
2026-07-26,aut,0,1,0.0,11.0
2026-07-26,bel,0,1,0.0,6.0
2026-07-26,bgd,0,1,0.0,16.0
2026-07-26,bol,0,2,0.0,7.0
2026-07-26,che,0,5,0.0,8.0
2026-07-26,chl,0,8,0.0,9.0
2026-07-26,chn,0,1,0.0,8.0
2026-07-26,deu,0,4,0.0,3.5
2026-07-26,dnk,0,1,0.0,3.0
2026-07-26,dza,0,3,0.0,9.666666666666666
2026-07-26,esp,0,8,0.0,11.25
2026-07-26,fra,0,4,0.0,11.5
2026-07-26,gbr,0,6,0.0,11.833333333333334
2026-07-26,idn,0,6,0.0,23.0
2026-07-26,ind,0,12,0.0,24.666666666666668
2026-07-26,irq,0,3,0.0,10.0
2026-07-26,isr,0,1,0.0,33.0
2026-07-26,ita,0,3,0.0,14.0
2026-07-26,jor,0,4,0.0,17.5
2026-07-26,jpn,0,5,0.0,26.2
2026-07-26,kaz,0,1,0.0,11.0
2026-07-26,kor,0,44,0.0,8.477272727272727
2026-07-26,ltu,0,2,0.0,10.0
2026-07-26,lva,0,1,0.0,6.0
2026-07-26,mar,0,3,0.0,32.0
2026-07-26,mex,0,5,0.0,11.6
2026-07-26,moz,0,11,0.0,8.09090909090909
2026-07-26,nld,0,3,0.0,3.0
2026-07-26,pak,0,1,0.0,5.0
2026-07-26,pan,0,2,0.0,7.5
2026-07-26,per,0,3,0.0,8.666666666666668
2026-07-26,phl,0,10,0.0,10.3
2026-07-26,pol,0,1,0.0,11.0
2026-07-26,pri,0,2,0.0,9.0
2026-07-26,prt,0,17,0.0,7.9411764705882355
2026-07-26,pry,0,2,0.0,1.0
2026-07-26,rou,0,1,0.0,2.0
2026-07-26,rus,0,2,0.0,37.0
2026-07-26,sau,0,3,0.0,15.0
2026-07-26,sgp,0,3,0.0,11.333333333333334
2026-07-26,tha,0,6,0.0,20.5
2026-07-26,tur,0,2,0.0,7.5
2026-07-26,twn,0,1,0.0,9.0
2026-07-26,ukr,0,6,0.0,16.166666666666664
2026-07-26,ury,0,10,0.0,9.1
2026-07-26,usa,0,105,0.0,8.19047619047619
2026-07-26,ven,0,2,0.0,3.5
2026-07-26,vnm,0,6,0.0,9.166666666666666
2026-07-26,zaf,0,1,0.0,10.0
2026-07-27,ago,0,3,0.0,8.666666666666668
2026-07-27,arg,0,4,0.0,7.25
2026-07-27,aus,0,2,0.0,25.0
2026-07-27,bel,0,1,0.0,11.0
2026-07-27,bfa,0,2,0.0,10.5
2026-07-27,bgd,0,4,0.0,12.5
2026-07-27,bgr,0,1,0.0,8.0
2026-07-27,bol,0,1,0.0,10.0
2026-07-27,can,0,4,0.0,9.0
2026-07-27,che,0,3,0.0,6.666666666666667
2026-07-27,chl,0,2,0.0,6.0
2026-07-27,chn,0,1,0.0,3.0
2026-07-27,civ,0,1,0.0,10.0
2026-07-27,col,0,3,0.0,11.333333333333334
2026-07-27,cuw,0,1,0.0,11.0
2026-07-27,deu,0,7,0.0,7.714285714285714
2026-07-27,dnk,0,1,0.0,7.0
2026-07-27,dza,0,1,0.0,28.0
2026-07-27,ecu,0,2,0.0,4.0
2026-07-27,esp,0,2,0.0,20.0
2026-07-27,eth,0,1,0.0,36.0
2026-07-27,fra,0,3,0.0,24.666666666666668
2026-07-27,gbr,0,5,0.0,25.0
2026-07-27,grc,0,1,0.0,10.0
2026-07-27,hkg,0,1,0.0,45.0
2026-07-27,idn,0,9,0.0,28.77777777777778
2026-07-27,ind,0,17,0.0,25.058823529411764
2026-07-27,irl,0,1,0.0,7.0
2026-07-27,ita,0,5,0.0,8.6
2026-07-27,jor,0,1,0.0,15.0
2026-07-27,jpn,0,2,0.0,22.5
2026-07-27,ken,0,1,0.0,11.0
2026-07-27,kor,0,29,0.0,8.793103448275861
2026-07-27,kwt,0,1,0.0,30.0
2026-07-27,lux,0,1,0.0,1.0
2026-07-27,mar,0,3,0.0,16.333333333333336
2026-07-27,mdv,0,1,0.0,5.0
2026-07-27,mex,0,3,0.0,41.333333333333336
2026-07-27,mne,0,1,0.0,6.0
2026-07-27,moz,0,3,0.0,7.0
2026-07-27,mus,0,1,0.0,6.0
2026-07-27,mys,0,2,0.0,15.5
2026-07-27,nld,0,3,0.0,5.333333333333333
2026-07-27,nor,0,1,0.0,10.0
2026-07-27,nzl,0,1,0.0,11.0
2026-07-27,pak,0,4,0.0,16.25
2026-07-27,pan,0,1,0.0,5.0
2026-07-27,per,0,2,0.0,7.0
2026-07-27,phl,0,6,0.0,47.833333333333336
2026-07-27,prt,0,9,0.0,8.0
2026-07-27,pry,0,3,0.0,6.0
2026-07-27,qat,0,7,0.0,8.714285714285715
2026-07-27,rus,0,10,0.0,9.1
2026-07-27,rwa,0,1,0.0,12.0
2026-07-27,sau,0,1,0.0,24.0
2026-07-27,sgp,0,1,0.0,9.0
2026-07-27,svk,0,1,0.0,3.0
2026-07-27,swe,0,1,0.0,5.0
2026-07-27,tha,0,6,0.0,23.5
2026-07-27,tur,0,1,0.0,33.0
2026-07-27,ukr,0,1,0.0,45.0
2026-07-27,ury,0,4,0.0,10.75
2026-07-27,usa,0,128,0.0,6.4140625
2026-07-27,ven,0,1,0.0,3.0
2026-07-27,vnm,0,6,0.0,17.5
2026-07-27,zaf,0,1,0.0,12.0
2026-07-28,ago,0,5,0.0,6.2
2026-07-28,are,0,1,0.0,4.0
2026-07-28,arg,0,4,0.0,10.0
2026-07-28,aus,0,1,0.0,9.0
2026-07-28,bel,0,3,0.0,6.333333333333333
2026-07-28,bgd,0,3,0.0,10.0
2026-07-28,bol,0,2,0.0,6.5
2026-07-28,can,0,4,0.0,5.25
2026-07-28,che,0,5,0.0,12.0
2026-07-28,chl,0,8,0.0,8.5
2026-07-28,col,0,1,0.0,83.0
2026-07-28,cze,0,1,0.0,11.0
2026-07-28,deu,0,2,0.0,11.0
2026-07-28,dnk,0,1,0.0,62.0
2026-07-28,dza,0,1,0.0,33.0
2026-07-28,ecu,0,1,0.0,35.0
2026-07-28,esp,0,7,0.0,11.571428571428571
2026-07-28,fin,0,1,0.0,17.0
2026-07-28,fra,0,6,0.0,8.333333333333332
2026-07-28,gbr,0,13,0.0,6.538461538461538
2026-07-28,geo,0,1,0.0,39.0
2026-07-28,glp,0,1,0.0,10.0
2026-07-28,gtm,0,3,0.0,27.333333333333332
2026-07-28,hkg,0,1,0.0,52.0
2026-07-28,hnd,0,1,0.0,8.0
2026-07-28,idn,0,13,0.0,34.46153846153846
2026-07-28,ind,0,26,0.0,27.5
2026-07-28,irl,0,1,0.0,6.0
2026-07-28,irn,0,1,0.0,18.0
2026-07-28,irq,0,2,0.0,22.5
2026-07-28,isr,0,3,0.0,25.0
2026-07-28,ita,0,4,0.0,6.75
2026-07-28,jor,0,3,0.0,32.0
2026-07-28,jpn,0,2,0.0,31.0
2026-07-28,kgz,0,3,0.0,7.0
2026-07-28,kor,0,23,0.0,9.695652173913043
2026-07-28,kwt,0,1,0.0,9.0
2026-07-28,ltu,0,1,0.0,10.0
2026-07-28,lux,0,2,0.0,12.0
2026-07-28,mar,0,2,0.0,8.5
2026-07-28,mex,0,6,0.0,24.5
2026-07-28,mys,0,2,0.0,38.5
2026-07-28,nga,0,3,0.0,17.0
2026-07-28,nor,0,1,0.0,6.0
2026-07-28,pak,0,7,0.0,23.571428571428573
2026-07-28,phl,0,6,0.0,24.166666666666668
2026-07-28,pol,0,3,0.0,6.666666666666667
2026-07-28,pry,0,2,0.0,8.5
2026-07-28,rus,0,3,0.0,40.333333333333336
2026-07-28,sau,0,4,0.0,25.75
2026-07-28,svn,0,1,0.0,8.0
2026-07-28,swe,0,1,0.0,6.0
2026-07-28,tha,0,10,0.0,13.6
2026-07-28,tur,0,2,0.0,27.0
2026-07-28,twn,0,2,0.0,35.5
2026-07-28,uga,0,1,0.0,5.0
2026-07-28,ukr,0,2,0.0,25.5
2026-07-28,ury,0,3,0.0,11.0
2026-07-28,usa,0,148,0.0,7.425675675675675
2026-07-28,ven,0,1,0.0,40.0
2026-07-28,vnm,0,4,0.0,29.0
2026-07-29,ago,0,8,0.0,7.375
2026-07-29,alb,0,1,0.0,1.0
2026-07-29,arg,0,9,0.0,21.555555555555557
2026-07-29,bel,0,1,0.0,18.0
2026-07-29,bgd,0,3,0.0,3.3333333333333335
2026-07-29,bih,0,1,0.0,4.0
2026-07-29,bol,0,2,0.0,7.5
2026-07-29,can,0,4,0.0,12.75
2026-07-29,chl,0,3,0.0,8.666666666666668
2026-07-29,col,0,4,0.0,48.25
2026-07-29,cri,0,2,0.0,9.0
2026-07-29,cze,0,1,0.0,9.0
2026-07-29,deu,0,6,0.0,7.166666666666667
2026-07-29,dom,0,1,0.0,69.0
2026-07-29,dza,0,2,0.0,17.0
2026-07-29,ecu,0,2,0.0,35.5
2026-07-29,egy,0,2,0.0,30.0
2026-07-29,esp,0,4,0.0,16.25
2026-07-29,eth,0,1,0.0,61.0
2026-07-29,fin,0,1,0.0,1.0
2026-07-29,fra,0,3,0.0,15.333333333333334
2026-07-29,gbr,0,13,0.0,20.923076923076923
2026-07-29,gtm,0,1,0.0,91.0
2026-07-29,hnd,0,4,0.0,8.5
2026-07-29,idn,0,8,0.0,34.25
2026-07-29,ind,0,12,0.0,35.75
2026-07-29,irl,0,1,0.0,33.0
2026-07-29,irq,0,1,0.0,11.0
2026-07-29,isr,0,1,0.0,17.0
2026-07-29,jor,0,5,0.0,21.8
2026-07-29,jpn,0,3,0.0,15.0
2026-07-29,kor,0,15,0.0,10.333333333333334
2026-07-29,ltu,0,4,0.0,12.25
2026-07-29,mar,0,3,0.0,20.666666666666668
2026-07-29,mco,0,1,0.0,9.0
2026-07-29,mex,0,9,0.0,17.22222222222222
2026-07-29,moz,0,2,0.0,8.0
2026-07-29,mys,0,8,0.0,20.125
2026-07-29,nld,0,1,0.0,3.0
2026-07-29,nor,0,1,0.0,17.0
2026-07-29,npl,0,2,0.0,40.0
2026-07-29,pak,0,2,0.0,9.0
2026-07-29,per,0,6,0.0,17.833333333333332
2026-07-29,phl,0,9,0.0,36.0
2026-07-29,prt,0,17,0.0,7.0
2026-07-29,pry,0,1,0.0,5.0
2026-07-29,rus,0,6,0.0,27.166666666666668
2026-07-29,sau,0,6,0.0,29.666666666666668
2026-07-29,sgp,0,2,0.0,6.5
2026-07-29,slv,0,1,0.0,11.0
2026-07-29,tha,0,7,0.0,21.571428571428573
2026-07-29,tur,0,6,0.0,10.666666666666666
2026-07-29,twn,0,2,0.0,4.0
2026-07-29,ukr,0,5,0.0,29.6
2026-07-29,vnm,0,6,0.0,26.5
2026-07-29,zaf,0,1,0.0,10.0
2026-07-30,ago,0,6,0.0,7.666666666666667
2026-07-30,are,0,1,0.0,4.0
2026-07-30,aus,0,2,0.0,4.5
2026-07-30,bfa,0,1,0.0,11.0
2026-07-30,bgd,0,4,0.0,23.75
2026-07-30,bol,0,2,0.0,14.5
2026-07-30,caf,0,1,0.0,5.0
2026-07-30,can,0,3,0.0,7.333333333333333
2026-07-30,che,0,1,0.0,6.0
2026-07-30,chl,0,5,0.0,9.8
2026-07-30,chn,0,3,0.0,7.666666666666667
2026-07-30,cmr,0,1,0.0,7.0
2026-07-30,cpv,0,1,0.0,3.0
2026-07-30,deu,0,5,0.0,18.4
2026-07-30,dza,0,1,0.0,39.0
2026-07-30,ecu,0,1,0.0,10.0
2026-07-30,egy,0,1,0.0,1.0
2026-07-30,esp,0,6,0.0,13.5
2026-07-30,fra,0,6,0.0,9.166666666666666
2026-07-30,gbr,0,6,0.0,8.666666666666668
2026-07-30,hnd,0,1,0.0,9.0
2026-07-30,idn,0,5,0.0,19.4
2026-07-30,ind,0,8,0.0,28.25
2026-07-30,irn,0,2,0.0,12.5
2026-07-30,irq,0,2,0.0,7.0
2026-07-30,ita,0,1,0.0,14.0
2026-07-30,jor,0,3,0.0,31.666666666666668
2026-07-30,jpn,0,4,0.0,17.0
2026-07-30,kaz,0,2,0.0,14.5
2026-07-30,kor,0,24,0.0,8.458333333333332
2026-07-30,lka,0,1,0.0,8.0
2026-07-30,ltu,0,1,0.0,3.0
2026-07-30,mar,0,1,0.0,3.0
2026-07-30,mex,0,8,0.0,17.125
2026-07-30,moz,0,2,0.0,38.5
2026-07-30,mys,0,3,0.0,24.333333333333332
2026-07-30,nga,0,2,0.0,11.0
2026-07-30,nic,0,1,0.0,9.0
2026-07-30,phl,0,7,0.0,20.285714285714285
2026-07-30,prt,0,18,0.0,9.0
2026-07-30,pry,0,1,0.0,11.0
2026-07-30,rus,0,3,0.0,13.0
2026-07-30,sau,0,2,0.0,23.0
2026-07-30,swe,0,2,0.0,8.0
2026-07-30,tha,0,3,0.0,12.333333333333334
2026-07-30,tur,0,3,0.0,8.333333333333332
2026-07-30,ukr,0,1,0.0,45.0
2026-07-30,ury,0,1,0.0,10.0
2026-07-30,usa,0,101,0.0,16.237623762376238
2026-07-30,ven,0,5,0.0,6.0
2026-07-30,vnm,0,4,0.0,20.5
2026-07-30,zaf,0,1,0.0,10.0
2026-07-31,ago,0,7,0.0,9.142857142857142
2026-07-31,are,0,1,0.0,7.0
2026-07-31,arg,0,11,0.0,12.090909090909092
2026-07-31,bel,0,1,0.0,10.0
2026-07-31,bfa,0,2,0.0,8.0
2026-07-31,bgd,0,5,0.0,26.2
2026-07-31,can,0,2,0.0,6.0
2026-07-31,che,0,3,0.0,4.666666666666666
2026-07-31,chl,0,5,0.0,35.6
2026-07-31,col,0,1,0.0,1.0
2026-07-31,cyp,0,1,0.0,6.0
2026-07-31,deu,0,6,0.0,17.833333333333332
2026-07-31,dza,0,1,0.0,14.0
2026-07-31,esp,0,7,0.0,13.285714285714286
2026-07-31,fra,0,3,0.0,9.333333333333334
2026-07-31,gbr,0,4,0.0,19.0
2026-07-31,idn,0,8,0.0,29.75
2026-07-31,ind,0,10,0.0,20.2
2026-07-31,irn,0,1,0.0,7.0
2026-07-31,irq,0,4,0.0,16.75
2026-07-31,isr,0,2,0.0,5.5
2026-07-31,ita,0,3,0.0,7.0
2026-07-31,jam,0,1,0.0,5.0
2026-07-31,jor,0,5,0.0,7.0
2026-07-31,jpn,0,1,0.0,5.0
2026-07-31,ken,0,1,0.0,8.0
2026-07-31,khm,0,1,0.0,35.0
2026-07-31,kor,0,10,0.0,8.6
2026-07-31,ltu,0,1,0.0,5.0
2026-07-31,mex,0,7,0.0,20.0
2026-07-31,moz,0,1,0.0,9.0
2026-07-31,mys,0,5,0.0,22.6
2026-07-31,nga,0,3,0.0,8.0
2026-07-31,nld,0,2,0.0,21.0
2026-07-31,nor,0,1,0.0,7.0
2026-07-31,per,0,4,0.0,11.0
2026-07-31,phl,0,3,0.0,11.666666666666666
2026-07-31,pol,0,1,0.0,2.0
2026-07-31,pry,0,2,0.0,4.5
2026-07-31,rus,0,2,0.0,33.0
2026-07-31,sau,0,1,0.0,11.0
2026-07-31,sdn,0,1,0.0,8.0
2026-07-31,sur,0,1,0.0,6.0
2026-07-31,swe,0,2,0.0,8.0
2026-07-31,tha,0,6,0.0,18.666666666666668
2026-07-31,tur,0,1,0.0,45.0
2026-07-31,twn,0,1,0.0,7.0
2026-07-31,ury,0,4,0.0,8.75
2026-07-31,vnm,0,7,0.0,18.714285714285715
2026-07-31,zwe,0,1,0.0,7.0
2026-08-01,ago,0,5,0.0,7.8
2026-08-01,are,0,3,0.0,4.333333333333334
2026-08-01,arg,0,8,0.0,14.5
2026-08-01,aus,0,1,0.0,1.0
2026-08-01,bel,0,4,0.0,7.5
2026-08-01,bgd,0,4,0.0,41.75
2026-08-01,bol,0,2,0.0,57.5
2026-08-01,can,0,1,0.0,7.0
2026-08-01,chl,0,3,0.0,8.0
2026-08-01,chn,0,2,0.0,7.0
2026-08-01,col,0,4,0.0,31.25
2026-08-01,deu,0,3,0.0,7.333333333333333
2026-08-01,dnk,0,2,0.0,17.0
2026-08-01,dza,0,6,0.0,21.333333333333332
2026-08-01,ecu,0,1,0.0,7.0
2026-08-01,egy,0,1,0.0,9.0
2026-08-01,esp,0,6,0.0,7.833333333333333
2026-08-01,fra,0,5,0.0,17.6
2026-08-01,gbr,0,2,0.0,4.0
2026-08-01,geo,0,1,0.0,4.0
2026-08-01,idn,0,6,0.0,17.5
2026-08-01,irl,0,1,0.0,9.0
2026-08-01,irn,0,1,0.0,10.0
2026-08-01,irq,0,2,0.0,18.0
2026-08-01,ita,0,8,0.0,3.625
2026-08-01,jor,0,1,0.0,32.0
2026-08-01,jpn,0,4,0.0,17.25
2026-08-01,kor,0,30,0.0,18.733333333333334
2026-08-01,lka,0,1,0.0,9.0
2026-08-01,mar,0,5,0.0,40.2
2026-08-01,mex,0,5,0.0,9.8
2026-08-01,mmr,0,1,0.0,1.0
2026-08-01,moz,0,1,0.0,9.0
2026-08-01,mys,0,2,0.0,25.0
2026-08-01,nld,0,1,0.0,10.0
2026-08-01,pak,0,4,0.0,11.75
2026-08-01,per,0,4,0.0,25.75
2026-08-01,phl,0,16,0.0,45.125
2026-08-01,pol,0,2,0.0,2.0
2026-08-01,pry,0,4,0.0,7.25
2026-08-01,qat,0,4,0.0,10.5
2026-08-01,rus,0,4,0.0,28.0
2026-08-01,sau,0,2,0.0,24.0
2026-08-01,slv,0,1,0.0,9.0
2026-08-01,tha,0,6,0.0,18.0
2026-08-01,tur,0,5,0.0,20.0
2026-08-01,ukr,0,4,0.0,11.0
2026-08-01,ury,0,4,0.0,9.75
2026-08-01,usa,0,171,0.0,9.029239766081872
2026-08-01,vnm,0,6,0.0,15.166666666666666
2026-08-01,zwe,0,1,0.0,6.0
2026-08-02,ago,0,14,0.0,7.928571428571429
2026-08-02,are,0,3,0.0,5.333333333333333
2026-08-02,arg,0,6,0.0,17.5
2026-08-02,aut,0,1,0.0,7.0
2026-08-02,bgd,0,6,0.0,18.0
2026-08-02,bol,0,1,0.0,7.0
2026-08-02,can,0,4,0.0,9.5
2026-08-02,che,0,4,0.0,6.5
2026-08-02,chl,0,7,0.0,19.714285714285715
2026-08-02,cze,0,1,0.0,8.0
2026-08-02,deu,0,2,0.0,7.5
2026-08-02,dza,0,3,0.0,23.666666666666668
2026-08-02,ecu,0,1,0.0,84.0
2026-08-02,egy,0,1,0.0,13.0
2026-08-02,esp,0,4,0.0,5.75
2026-08-02,fra,0,3,0.0,28.333333333333332
2026-08-02,gbr,0,4,0.0,19.0
2026-08-02,grc,0,1,0.0,4.0
2026-08-02,hun,0,1,0.0,16.0
2026-08-02,idn,0,8,0.0,26.625
2026-08-02,ind,0,15,0.0,33.6
2026-08-02,irq,0,2,0.0,17.0
2026-08-02,ita,0,1,0.0,10.0
2026-08-02,jor,0,2,0.0,7.5
2026-08-02,jpn,0,2,0.0,16.5
2026-08-02,ken,0,1,0.0,5.0
2026-08-02,kor,0,33,0.0,11.06060606060606
2026-08-02,kwt,0,2,0.0,6.0
2026-08-02,lie,0,1,0.0,25.0
2026-08-02,mar,0,1,0.0,19.0
2026-08-02,mex,0,4,0.0,14.75
2026-08-02,moz,0,1,0.0,9.0
2026-08-02,mys,0,7,0.0,13.285714285714286
2026-08-02,nga,0,1,0.0,6.0
2026-08-02,nor,0,1,0.0,6.0
2026-08-02,npl,0,1,0.0,9.0
2026-08-02,nzl,0,1,0.0,8.0
2026-08-02,pak,0,3,0.0,9.666666666666666
2026-08-02,pan,0,3,0.0,7.666666666666667
2026-08-02,phl,0,9,0.0,38.888888888888886
2026-08-02,pol,0,1,0.0,11.0
2026-08-02,prt,0,9,0.0,8.777777777777779
2026-08-02,pry,0,3,0.0,7.333333333333333
2026-08-02,rus,0,2,0.0,28.0
2026-08-02,sau,0,2,0.0,10.5
2026-08-02,sgp,0,3,0.0,13.666666666666666
2026-08-02,tha,0,6,0.0,22.666666666666668
2026-08-02,tur,0,5,0.0,26.6
2026-08-02,ukr,0,1,0.0,25.0
2026-08-02,ury,0,2,0.0,8.5
2026-08-02,uzb,0,1,0.0,71.0
2026-08-02,ven,0,3,0.0,14.333333333333334
2026-08-02,vnm,0,6,0.0,29.0
2026-08-03,ago,0,6,0.0,5.333333333333333
2026-08-03,are,0,4,0.0,8.25
2026-08-03,arg,0,8,0.0,7.875
2026-08-03,bel,0,1,0.0,9.0
2026-08-03,bgd,0,2,0.0,52.5
2026-08-03,bol,0,2,0.0,5.0
2026-08-03,caf,0,1,0.0,10.0
2026-08-03,can,0,2,0.0,8.0
2026-08-03,chl,0,2,0.0,11.0
2026-08-03,civ,0,1,0.0,10.0
2026-08-03,col,0,2,0.0,5.0
2026-08-03,cri,0,1,0.0,7.0
2026-08-03,cze,0,1,0.0,9.0
2026-08-03,deu,0,3,0.0,9.0
2026-08-03,dom,0,2,0.0,8.0
2026-08-03,dza,0,4,0.0,18.75
2026-08-03,esp,0,5,0.0,6.6
2026-08-03,fin,0,1,0.0,19.0
2026-08-03,gbr,0,2,0.0,7.5
2026-08-03,gin,0,2,0.0,1.0
2026-08-03,grc,0,2,0.0,6.0
2026-08-03,hrv,0,1,0.0,9.0
2026-08-03,hti,0,1,0.0,7.0
2026-08-03,idn,0,2,0.0,36.0
2026-08-03,ind,0,13,0.0,21.53846153846154
2026-08-03,irq,0,1,0.0,21.0
2026-08-03,ita,0,5,0.0,6.6
2026-08-03,jor,0,3,0.0,16.0
2026-08-03,jpn,0,2,0.0,7.5
2026-08-03,kor,0,20,0.0,8.9
2026-08-03,lbn,0,1,0.0,7.0
2026-08-03,lux,0,1,0.0,13.0
2026-08-03,mar,0,4,0.0,27.5
2026-08-03,mex,0,1,0.0,6.0
2026-08-03,moz,0,1,0.0,7.0
2026-08-03,mys,0,1,0.0,9.0
2026-08-03,nga,0,1,0.0,5.0
2026-08-03,nld,0,3,0.0,9.333333333333334
2026-08-03,nor,0,2,0.0,4.5
2026-08-03,nzl,0,1,0.0,9.0
2026-08-03,pak,0,1,0.0,49.0
2026-08-03,phl,0,2,0.0,12.5
2026-08-03,prt,0,33,0.0,9.787878787878787
2026-08-03,pry,0,2,0.0,9.5
2026-08-03,rou,0,2,0.0,12.5
2026-08-03,rus,0,3,0.0,20.0
2026-08-03,sau,0,1,0.0,9.0
2026-08-03,sgp,0,1,0.0,8.0
2026-08-03,slv,0,1,0.0,6.0
2026-08-03,swe,0,1,0.0,7.0
2026-08-03,syr,0,1,0.0,6.0
2026-08-03,tha,0,8,0.0,17.125
2026-08-03,tur,0,2,0.0,21.5
2026-08-03,ukr,0,3,0.0,21.666666666666668
2026-08-03,usa,0,89,0.0,8.224719101123595
2026-08-03,vnm,0,3,0.0,30.333333333333332
2026-08-04,ago,0,6,0.0,6.5
2026-08-04,are,0,1,0.0,10.0
2026-08-04,arg,0,4,0.0,10.75
2026-08-04,aze,0,1,0.0,5.0
2026-08-04,bgd,0,1,0.0,8.0
2026-08-04,brb,0,1,0.0,1.0
2026-08-04,caf,0,2,0.0,7.0
2026-08-04,can,0,7,0.0,7.857142857142857
2026-08-04,che,0,3,0.0,6.333333333333333
2026-08-04,chl,0,6,0.0,12.0
2026-08-04,chn,0,1,0.0,9.0
2026-08-04,col,0,4,0.0,8.25
2026-08-04,cri,0,1,0.0,1.0
2026-08-04,deu,0,3,0.0,7.333333333333333
2026-08-04,dza,0,1,0.0,13.0
2026-08-04,esp,0,8,0.0,8.5
2026-08-04,gbr,0,6,0.0,8.333333333333332
2026-08-04,gtm,0,2,0.0,6.5
2026-08-04,idn,0,4,0.0,12.5
2026-08-04,ind,0,7,0.0,25.0
2026-08-04,irl,0,1,0.0,9.0
2026-08-04,isr,0,1,0.0,5.0
2026-08-04,ita,0,2,0.0,8.5
2026-08-04,jor,0,2,0.0,7.0
2026-08-04,jpn,0,1,0.0,19.0
2026-08-04,kor,0,51,0.0,7.96078431372549
2026-08-04,lbn,0,1,0.0,9.0
2026-08-04,ltu,0,1,0.0,13.0
2026-08-04,mar,0,1,0.0,13.0
2026-08-04,mex,0,7,0.0,17.142857142857142
2026-08-04,mlt,0,1,0.0,8.0
2026-08-04,mys,0,1,0.0,7.0
2026-08-04,nga,0,1,0.0,2.0
2026-08-04,nld,0,4,0.0,3.75
2026-08-04,npl,0,1,0.0,3.0
2026-08-04,phl,0,4,0.0,19.5
2026-08-04,pry,0,2,0.0,8.0
2026-08-04,sau,0,2,0.0,26.5
2026-08-04,slv,0,1,0.0,8.0
2026-08-04,swe,0,1,0.0,6.0
2026-08-04,tha,0,5,0.0,21.8
2026-08-04,tun,0,1,0.0,36.0
2026-08-04,twn,0,1,0.0,11.0
2026-08-04,ukr,0,1,0.0,50.0
2026-08-04,ven,0,1,0.0,9.0
2026-08-05,ago,0,9,0.0,7.111111111111111
2026-08-05,are,0,6,0.0,5.166666666666667
2026-08-05,arg,0,5,0.0,7.2
2026-08-05,aus,0,1,0.0,7.0
2026-08-05,aut,0,1,0.0,6.0
2026-08-05,bgd,0,1,0.0,10.0
2026-08-05,can,0,3,0.0,9.0
2026-08-05,civ,0,2,0.0,10.0
2026-08-05,col,0,3,0.0,13.333333333333334
2026-08-05,cub,0,1,0.0,8.0
2026-08-05,deu,0,7,0.0,12.428571428571429
2026-08-05,dnk,0,1,0.0,10.0
2026-08-05,ecu,0,2,0.0,10.0
2026-08-05,esp,0,6,0.0,13.833333333333334
2026-08-05,fra,0,10,0.0,11.8
2026-08-05,gbr,0,1,0.0,9.0
2026-08-05,hrv,0,1,0.0,11.0
2026-08-05,idn,0,6,0.0,20.333333333333332
2026-08-05,ind,0,7,0.0,13.714285714285714
2026-08-05,irl,0,2,0.0,4.0
2026-08-05,isr,0,1,0.0,10.0
2026-08-05,ita,0,6,0.0,6.666666666666667
2026-08-05,jor,0,2,0.0,33.0
2026-08-05,jpn,0,7,0.0,6.857142857142857
2026-08-05,ken,0,1,0.0,8.0
2026-08-05,kor,0,39,0.0,9.205128205128204
2026-08-05,lux,0,1,0.0,7.0
2026-08-05,mex,0,8,0.0,6.75
2026-08-05,moz,0,4,0.0,6.75
2026-08-05,mys,0,3,0.0,13.666666666666666
2026-08-05,nga,0,3,0.0,6.0
2026-08-05,nic,0,1,0.0,10.0
2026-08-05,nld,0,3,0.0,10.666666666666666
2026-08-05,npl,0,1,0.0,9.0
2026-08-05,pak,0,1,0.0,12.0
2026-08-05,per,0,4,0.0,7.0
2026-08-05,phl,0,8,0.0,18.5
2026-08-05,prt,0,29,0.0,7.068965517241379
2026-08-05,pry,0,7,0.0,5.571428571428571
2026-08-05,rus,0,3,0.0,10.333333333333334
2026-08-05,sau,0,1,0.0,5.0
2026-08-05,tha,0,6,0.0,23.0
2026-08-05,tur,0,4,0.0,21.0
2026-08-05,ukr,0,2,0.0,21.5
2026-08-05,usa,0,131,0.0,7.511450381679389
2026-08-05,ven,0,1,0.0,4.0
2026-08-05,vnm,0,2,0.0,11.0
2026-08-06,ago,0,9,0.0,6.666666666666667
2026-08-06,are,0,7,0.0,6.857142857142857
2026-08-06,arg,0,5,0.0,9.0
2026-08-06,bel,0,5,0.0,8.8
2026-08-06,bgd,0,1,0.0,1.0
2026-08-06,caf,0,3,0.0,6.0
2026-08-06,che,0,3,0.0,6.666666666666667
2026-08-06,chl,0,3,0.0,11.333333333333334
2026-08-06,chn,0,2,0.0,9.5
2026-08-06,civ,0,1,0.0,10.0
2026-08-06,col,0,2,0.0,11.0
2026-08-06,cpv,0,1,0.0,5.0
2026-08-06,deu,0,6,0.0,8.333333333333332
2026-08-06,dom,0,4,0.0,12.0
2026-08-06,esp,0,4,0.0,6.25
2026-08-06,eth,0,1,0.0,11.0
2026-08-06,fra,0,5,0.0,10.4
2026-08-06,gbr,0,7,0.0,16.0
2026-08-06,grc,0,1,0.0,9.0
2026-08-06,idn,0,5,0.0,27.4
2026-08-06,ind,0,8,0.0,20.875
2026-08-06,irl,0,1,0.0,8.0
2026-08-06,irn,0,1,0.0,5.0
2026-08-06,ita,0,5,0.0,13.0
2026-08-06,jpn,0,4,0.0,22.0
2026-08-06,kor,0,28,0.0,8.75
2026-08-06,lux,0,2,0.0,7.0
2026-08-06,mex,0,2,0.0,6.5
2026-08-06,moz,0,3,0.0,5.666666666666667
2026-08-06,mus,0,1,0.0,11.0
2026-08-06,mys,0,5,0.0,16.6
2026-08-06,nga,0,3,0.0,5.666666666666667
2026-08-06,nld,0,2,0.0,9.5
2026-08-06,pan,0,1,0.0,7.0
2026-08-06,phl,0,4,0.0,24.0
2026-08-06,prt,0,24,0.0,9.541666666666666
2026-08-06,pry,0,3,0.0,7.0
2026-08-06,rou,0,2,0.0,5.5
2026-08-06,rus,0,4,0.0,20.25
2026-08-06,sau,0,2,0.0,11.5
2026-08-06,swe,0,1,0.0,10.0
2026-08-06,tha,0,3,0.0,5.333333333333333
2026-08-06,tun,0,1,0.0,16.0
2026-08-06,tur,0,6,0.0,10.666666666666666
2026-08-06,twn,0,2,0.0,15.5
2026-08-06,uga,0,2,0.0,9.5
2026-08-06,ukr,0,2,0.0,22.5
2026-08-06,ury,0,1,0.0,10.0
2026-08-06,usa,0,92,0.0,9.0
2026-08-06,vnm,0,2,0.0,5.0
2026-08-06,zaf,0,2,0.0,8.0
2026-08-07,ago,0,5,0.0,6.8
2026-08-07,are,0,1,0.0,1.0
2026-08-07,arg,0,3,0.0,5.333333333333333
2026-08-07,arm,0,1,0.0,1.0
2026-08-07,aus,0,2,0.0,5.0
2026-08-07,bel,0,1,0.0,4.0
2026-08-07,bgd,0,1,0.0,10.0
2026-08-07,bol,0,1,0.0,7.0
2026-08-07,can,0,5,0.0,8.0
2026-08-07,chl,0,4,0.0,9.0
2026-08-07,chn,0,2,0.0,7.5
2026-08-07,col,0,3,0.0,9.0
2026-08-07,cri,0,2,0.0,8.5
2026-08-07,dnk,0,1,0.0,9.0
2026-08-07,dza,0,1,0.0,8.0
2026-08-07,egy,0,1,0.0,6.0
2026-08-07,fra,0,4,0.0,8.75
2026-08-07,gbr,0,6,0.0,31.833333333333332
2026-08-07,hrv,0,1,0.0,3.0
2026-08-07,idn,0,4,0.0,7.25
2026-08-07,ind,0,5,0.0,6.8
2026-08-07,isr,0,2,0.0,14.5
2026-08-07,ita,0,1,0.0,8.0
2026-08-07,jpn,0,7,0.0,10.0
2026-08-07,khm,0,1,0.0,6.0
2026-08-07,kor,0,67,0.0,7.940298507462686
2026-08-07,mex,0,6,0.0,9.166666666666666
2026-08-07,moz,0,3,0.0,5.333333333333333
2026-08-07,mys,0,1,0.0,6.0
2026-08-07,nga,0,2,0.0,5.0
2026-08-07,nld,0,1,0.0,9.0
2026-08-07,nor,0,1,0.0,7.0
2026-08-07,pak,0,2,0.0,5.0
2026-08-07,pan,0,2,0.0,8.0
2026-08-07,phl,0,7,0.0,20.0
2026-08-07,prt,0,22,0.0,8.545454545454547
2026-08-07,pry,0,3,0.0,7.0
2026-08-07,rus,0,2,0.0,13.5
2026-08-07,sau,0,1,0.0,12.0
2026-08-07,sgp,0,1,0.0,8.0
2026-08-07,swe,0,1,0.0,8.0
2026-08-07,tha,0,4,0.0,25.25
2026-08-07,tur,0,1,0.0,50.0
2026-08-07,ukr,0,1,0.0,45.0
2026-08-07,ury,0,2,0.0,9.0
2026-08-07,usa,0,119,0.0,6.756302521008403
2026-08-07,ven,0,1,0.0,10.0
2026-08-07,vnm,0,1,0.0,25.0
2026-08-08,ago,0,7,0.0,6.142857142857143
2026-08-08,are,0,5,0.0,4.6
2026-08-08,arg,0,6,0.0,6.666666666666667
2026-08-08,aus,0,4,0.0,6.0
2026-08-08,bel,0,2,0.0,6.0
2026-08-08,bol,0,5,0.0,6.6
2026-08-08,can,0,9,0.0,7.333333333333333
2026-08-08,che,0,2,0.0,3.5
2026-08-08,chn,0,4,0.0,4.0
2026-08-08,cze,0,1,0.0,8.0
2026-08-08,dza,0,1,0.0,9.0
2026-08-08,esp,0,7,0.0,10.428571428571429
2026-08-08,fra,0,4,0.0,10.75
2026-08-08,gbr,0,7,0.0,15.857142857142858
2026-08-08,grc,0,1,0.0,3.0
2026-08-08,gtm,0,1,0.0,7.0
2026-08-08,hrv,0,1,0.0,1.0
2026-08-08,hun,0,1,0.0,8.0
2026-08-08,idn,0,4,0.0,7.5
2026-08-08,ind,0,2,0.0,8.0
2026-08-08,irn,0,1,0.0,7.0
2026-08-08,irq,0,1,0.0,5.0
2026-08-08,ita,0,4,0.0,3.75
2026-08-08,jpn,0,8,0.0,10.0
2026-08-08,kaz,0,8,0.0,4.0
2026-08-08,kor,0,47,0.0,6.659574468085107
2026-08-08,mex,0,2,0.0,9.5
2026-08-08,moz,0,1,0.0,4.0
2026-08-08,nga,0,2,0.0,6.0
2026-08-08,nld,0,7,0.0,7.571428571428571
2026-08-08,nor,0,1,0.0,7.0
2026-08-08,nzl,0,1,0.0,10.0
2026-08-08,pak,0,1,0.0,17.0
2026-08-08,pan,0,1,0.0,7.0
2026-08-08,per,0,1,0.0,6.0
2026-08-08,prt,0,35,0.0,22.17142857142857
2026-08-08,pry,0,1,0.0,6.0
2026-08-08,rou,0,2,0.0,5.0
2026-08-08,sen,0,1,0.0,7.0
2026-08-08,sgp,0,1,0.0,3.0
2026-08-08,slv,0,1,0.0,5.0
2026-08-08,som,0,1,0.0,8.0
2026-08-08,swe,0,1,0.0,6.0
2026-08-08,uga,0,1,0.0,10.0
2026-08-08,ukr,0,1,0.0,9.0
2026-08-08,ury,0,1,0.0,7.0
2026-08-08,usa,0,98,0.0,4.959183673469388
2026-08-08,uzb,0,1,0.0,9.0
2026-08-08,vct,0,1,0.0,10.0
2026-08-08,vnm,0,1,0.0,8.0
2026-08-08,zmb,0,1,0.0,8.0
2026-08-08,zwe,0,1,0.0,7.0
2026-08-09,ago,0,11,0.0,7.818181818181818
2026-08-09,are,0,6,0.0,3.3333333333333335
2026-08-09,arg,0,6,0.0,6.333333333333333
2026-08-09,aus,0,2,0.0,7.0
2026-08-09,bel,0,1,0.0,3.0
2026-08-09,bgd,0,2,0.0,23.0
2026-08-09,bgr,0,1,0.0,8.0
2026-08-09,bol,0,4,0.0,4.75
2026-08-09,can,0,3,0.0,9.333333333333334
2026-08-09,che,0,4,0.0,6.5
2026-08-09,chl,0,4,0.0,10.0
2026-08-09,col,0,2,0.0,7.5
2026-08-09,dza,0,2,0.0,12.5
2026-08-09,ecu,0,1,0.0,9.0
2026-08-09,egy,0,1,0.0,10.0
2026-08-09,esp,0,11,0.0,11.090909090909092
2026-08-09,fra,0,15,0.0,19.733333333333334
2026-08-09,gab,0,1,0.0,3.0
2026-08-09,gbr,0,15,0.0,14.333333333333334
2026-08-09,gtm,0,1,0.0,5.0
2026-08-09,guy,0,1,0.0,4.0
2026-08-09,hrv,0,1,0.0,4.0
2026-08-09,idn,0,7,0.0,24.0
2026-08-09,ind,0,9,0.0,9.777777777777779
2026-08-09,irl,0,1,0.0,18.0
2026-08-09,isr,0,1,0.0,6.0
2026-08-09,jam,0,1,0.0,8.0
2026-08-09,jor,0,1,0.0,9.0
2026-08-09,jpn,0,6,0.0,10.0
2026-08-09,khm,0,1,0.0,6.0
2026-08-09,kor,0,55,0.0,6.763636363636364
2026-08-09,kwt,0,1,0.0,8.0
2026-08-09,mex,0,4,0.0,6.75
2026-08-09,moz,0,3,0.0,8.333333333333332
2026-08-09,mys,0,6,0.0,20.833333333333332
2026-08-09,nga,0,1,0.0,1.0
2026-08-09,nld,0,9,0.0,7.0
2026-08-09,nzl,0,1,0.0,8.0
2026-08-09,pak,0,2,0.0,6.5
2026-08-09,per,0,2,0.0,8.5
2026-08-09,phl,0,11,0.0,22.454545454545453
2026-08-09,prt,0,22,0.0,9.590909090909092
2026-08-09,pry,0,3,0.0,7.0
2026-08-09,rou,0,1,0.0,6.0
2026-08-09,sau,0,1,0.0,2.0
2026-08-09,srb,0,1,0.0,5.0
2026-08-09,stp,0,1,0.0,9.0
2026-08-09,tha,0,8,0.0,29.125
2026-08-09,tun,0,2,0.0,7.5
2026-08-09,tur,0,4,0.0,32.25
2026-08-09,uga,0,1,0.0,3.0
2026-08-09,ukr,0,1,0.0,39.0
2026-08-09,ury,0,1,0.0,6.0
2026-08-09,usa,0,100,0.0,8.219999999999999
2026-08-09,vnm,0,15,0.0,27.333333333333332
2026-08-09,xkk,0,1,0.0,7.0
2026-08-10,ago,0,5,0.0,6.0
2026-08-10,are,0,7,0.0,3.5714285714285716
2026-08-10,arg,0,10,0.0,22.7
2026-08-10,aus,0,5,0.0,10.2
2026-08-10,aut,0,2,0.0,8.0
2026-08-10,ben,0,1,0.0,4.0
2026-08-10,bgd,0,5,0.0,14.6
2026-08-10,bol,0,4,0.0,7.0
2026-08-10,can,0,5,0.0,7.8
2026-08-10,che,0,7,0.0,7.285714285714286
2026-08-10,chl,0,2,0.0,6.0
2026-08-10,civ,0,1,0.0,8.0
2026-08-10,cmr,0,1,0.0,6.0
2026-08-10,cod,0,1,0.0,6.0
2026-08-10,cog,0,1,0.0,10.0
2026-08-10,col,0,1,0.0,11.0
2026-08-10,deu,0,5,0.0,5.8
2026-08-10,dza,0,2,0.0,20.5
2026-08-10,egy,0,1,0.0,10.0
2026-08-10,esp,0,5,0.0,13.2
2026-08-10,fra,0,14,0.0,9.428571428571429
2026-08-10,gbr,0,9,0.0,7.777777777777778
2026-08-10,grc,0,1,0.0,8.0
2026-08-10,guy,0,1,0.0,4.0
2026-08-10,idn,0,11,0.0,31.545454545454547
2026-08-10,ind,0,13,0.0,17.692307692307693
2026-08-10,irn,0,1,0.0,6.0
2026-08-10,jor,0,2,0.0,22.0
2026-08-10,jpn,0,6,0.0,17.0
2026-08-10,kor,0,45,0.0,6.4222222222222225
2026-08-10,ltu,0,1,0.0,11.0
2026-08-10,mar,0,5,0.0,29.2
2026-08-10,mex,0,3,0.0,7.0
2026-08-10,mne,0,1,0.0,10.0
2026-08-10,mys,0,2,0.0,7.0
2026-08-10,nld,0,5,0.0,8.2
2026-08-10,phl,0,5,0.0,22.8
2026-08-10,prt,0,27,0.0,8.037037037037038
2026-08-10,pry,0,3,0.0,7.666666666666667
2026-08-10,pse,0,1,0.0,6.0
2026-08-10,rus,0,3,0.0,26.666666666666668
2026-08-10,sau,0,2,0.0,8.5
2026-08-10,sur,0,1,0.0,6.0
2026-08-10,swe,0,3,0.0,5.0
2026-08-10,syr,0,1,0.0,16.0
2026-08-10,tha,0,6,0.0,17.166666666666668
2026-08-10,tto,0,1,0.0,3.0
2026-08-10,tur,0,3,0.0,6.0
2026-08-10,twn,0,1,0.0,10.0
2026-08-10,ukr,0,2,0.0,8.5
2026-08-10,ury,0,1,0.0,8.0
2026-08-10,usa,0,206,0.0,5.184466019417476
2026-08-10,vnm,0,8,0.0,10.25
2026-08-10,zaf,0,1,0.0,10.0
2026-08-11,afg,0,1,0.0,56.0
2026-08-11,ago,0,3,0.0,6.666666666666667
2026-08-11,are,0,3,0.0,4.333333333333334
2026-08-11,ben,0,1,0.0,10.0
2026-08-11,bgd,0,4,0.0,21.5
2026-08-11,can,0,12,0.0,25.833333333333332
2026-08-11,chl,0,1,0.0,20.0
2026-08-11,col,0,5,0.0,25.2
2026-08-11,cpv,0,1,0.0,4.0
2026-08-11,cze,0,1,0.0,8.0
2026-08-11,deu,0,4,0.0,8.5
2026-08-11,dom,0,2,0.0,30.0
2026-08-11,ecu,0,7,0.0,14.285714285714286
2026-08-11,egy,0,1,0.0,40.0
2026-08-11,esp,0,7,0.0,11.714285714285714
2026-08-11,fra,0,5,0.0,9.8
2026-08-11,gbr,0,7,0.0,14.857142857142858
2026-08-11,gnb,0,1,0.0,6.0
2026-08-11,grc,0,2,0.0,8.5
2026-08-11,gtm,0,1,0.0,6.0
2026-08-11,idn,0,5,0.0,34.2
2026-08-11,ind,0,26,0.0,18.96153846153846
2026-08-11,irl,0,2,0.0,10.5
2026-08-11,isr,0,1,0.0,6.0
2026-08-11,jor,0,3,0.0,9.0
2026-08-11,jpn,0,3,0.0,7.666666666666667
2026-08-11,kor,0,31,0.0,7.32258064516129
2026-08-11,kwt,0,1,0.0,6.0
2026-08-11,mar,0,1,0.0,13.0
2026-08-11,mex,0,3,0.0,21.666666666666668
2026-08-11,moz,0,8,0.0,5.625
2026-08-11,mys,0,1,0.0,29.0
2026-08-11,nga,0,1,0.0,11.0
2026-08-11,nor,0,1,0.0,15.0
2026-08-11,nzl,0,1,0.0,9.0
2026-08-11,pak,0,2,0.0,37.0
2026-08-11,phl,0,13,0.0,20.384615384615383
2026-08-11,prt,0,24,0.0,8.333333333333332
2026-08-11,pry,0,5,0.0,8.0
2026-08-11,rou,0,2,0.0,11.5
2026-08-11,rwa,0,1,0.0,16.0
2026-08-11,sau,0,3,0.0,36.666666666666664
2026-08-11,srb,0,1,0.0,10.0
2026-08-11,swe,0,1,0.0,8.0
2026-08-11,tha,0,2,0.0,21.5
2026-08-11,tun,0,1,0.0,10.0
2026-08-11,tur,0,3,0.0,4.333333333333334
2026-08-11,twn,0,1,0.0,1.0
2026-08-11,uga,0,1,0.0,6.0
2026-08-11,ukr,0,2,0.0,30.5
2026-08-11,usa,0,128,0.0,6.6953125
2026-08-11,uzb,0,3,0.0,25.333333333333332
2026-08-11,ven,0,3,0.0,6.666666666666667
2026-08-11,vnm,0,3,0.0,20.333333333333332
2026-08-11,zaf,0,1,0.0,11.0
2026-08-12,ago,0,8,0.0,6.875
2026-08-12,alb,0,1,0.0,4.0
2026-08-12,are,0,2,0.0,14.0
2026-08-12,arg,0,7,0.0,11.142857142857142
2026-08-12,aus,0,3,0.0,14.0
2026-08-12,bgd,0,5,0.0,15.8
2026-08-12,bgr,0,2,0.0,8.5
2026-08-12,bol,0,3,0.0,8.0
2026-08-12,caf,0,2,0.0,6.5
2026-08-12,can,0,8,0.0,16.875
2026-08-12,che,0,3,0.0,4.333333333333334
2026-08-12,chl,0,4,0.0,10.0
2026-08-12,chn,0,1,0.0,4.0
2026-08-12,civ,0,1,0.0,9.0
2026-08-12,cmr,0,1,0.0,10.0
2026-08-12,cod,0,1,0.0,6.0
2026-08-12,col,0,2,0.0,13.5
2026-08-12,cri,0,1,0.0,5.0
2026-08-12,cyp,0,1,0.0,10.0
2026-08-12,cze,0,1,0.0,8.0
2026-08-12,deu,0,5,0.0,6.4
2026-08-12,dnk,0,1,0.0,5.0
2026-08-12,ecu,0,1,0.0,3.0
2026-08-12,egy,0,1,0.0,74.0
2026-08-12,esp,0,3,0.0,6.0
2026-08-12,fin,0,1,0.0,12.0
2026-08-12,fra,0,5,0.0,8.0
2026-08-12,gbr,0,5,0.0,18.6
2026-08-12,hkg,0,2,0.0,8.5
2026-08-12,idn,0,10,0.0,43.5
2026-08-12,ind,0,19,0.0,31.57894736842105
2026-08-12,irl,0,1,0.0,7.0
2026-08-12,irn,0,2,0.0,4.0
2026-08-12,irq,0,1,0.0,9.0
2026-08-12,ita,0,3,0.0,3.6666666666666665
2026-08-12,jpn,0,6,0.0,13.333333333333334
2026-08-12,khm,0,1,0.0,40.0
2026-08-12,kor,0,36,0.0,8.75
2026-08-12,lva,0,1,0.0,1.0
2026-08-12,mex,0,2,0.0,5.5
2026-08-12,moz,0,1,0.0,9.0
2026-08-12,mrt,0,1,0.0,19.0
2026-08-12,mwi,0,1,0.0,5.0
2026-08-12,mys,0,1,0.0,30.0
2026-08-12,nga,0,2,0.0,4.5
2026-08-12,nld,0,2,0.0,2.5
2026-08-12,nor,0,1,0.0,1.0
2026-08-12,pak,0,2,0.0,43.5
2026-08-12,per,0,1,0.0,15.0
2026-08-12,phl,0,4,0.0,58.75
2026-08-12,pol,0,2,0.0,6.0
2026-08-12,prt,0,15,0.0,11.8
2026-08-12,pry,0,3,0.0,5.333333333333333
2026-08-12,rou,0,2,0.0,11.0
2026-08-12,rus,0,1,0.0,6.0
2026-08-12,sau,0,1,0.0,46.0
2026-08-12,sen,0,1,0.0,5.0
2026-08-12,sgp,0,1,0.0,8.0
2026-08-12,swe,0,1,0.0,20.0
2026-08-12,tha,0,1,0.0,61.0
2026-08-12,tur,0,1,0.0,8.0
2026-08-12,twn,0,1,0.0,8.0
2026-08-12,ury,0,4,0.0,8.25
2026-08-12,zaf,0,2,0.0,10.0
2026-08-13,ago,0,15,0.0,6.333333333333333
2026-08-13,are,0,2,0.0,7.0
2026-08-13,aus,0,2,0.0,24.5
2026-08-13,bel,0,2,0.0,8.5
2026-08-13,bgd,0,7,0.0,24.714285714285715
2026-08-13,can,0,6,0.0,8.5
2026-08-13,che,0,2,0.0,8.5
2026-08-13,chl,0,8,0.0,9.375
2026-08-13,chn,0,1,0.0,74.0
2026-08-13,cog,0,1,0.0,5.0
2026-08-13,col,0,6,0.0,11.666666666666666
2026-08-13,cpv,0,2,0.0,6.5
2026-08-13,cri,0,2,0.0,26.0
2026-08-13,deu,0,6,0.0,7.666666666666667
2026-08-13,dnk,0,3,0.0,10.0
2026-08-13,dom,0,1,0.0,2.0
2026-08-13,dza,0,2,0.0,29.0
2026-08-13,ecu,0,1,0.0,2.0
2026-08-13,esp,0,6,0.0,9.166666666666666
2026-08-13,fin,0,1,0.0,7.0
2026-08-13,fji,0,1,0.0,10.0
2026-08-13,fra,0,2,0.0,36.5
2026-08-13,gbr,0,10,0.0,31.7
2026-08-13,glp,0,1,0.0,13.0
2026-08-13,grc,0,1,0.0,8.0
2026-08-13,hkg,0,2,0.0,8.5
2026-08-13,hnd,0,1,0.0,2.0
2026-08-13,idn,0,5,0.0,47.6
2026-08-13,ind,0,27,0.0,43.96296296296296
2026-08-13,irl,0,3,0.0,10.0
2026-08-13,ita,0,3,0.0,6.666666666666667
2026-08-13,jor,0,1,0.0,52.0
2026-08-13,jpn,0,6,0.0,7.333333333333333
2026-08-13,kor,0,20,0.0,8.0
2026-08-13,mex,0,7,0.0,16.714285714285715
2026-08-13,moz,0,2,0.0,5.5
2026-08-13,mys,0,1,0.0,77.0
2026-08-13,nld,0,3,0.0,10.333333333333334
2026-08-13,nor,0,3,0.0,6.333333333333333
2026-08-13,npl,0,1,0.0,7.0
2026-08-13,pak,0,4,0.0,31.75
2026-08-13,per,0,1,0.0,9.0
2026-08-13,phl,0,19,0.0,23.94736842105263
2026-08-13,pol,0,2,0.0,3.0
2026-08-13,prt,0,12,0.0,7.333333333333333
2026-08-13,pry,0,3,0.0,10.333333333333334
2026-08-13,rou,0,1,0.0,4.0
2026-08-13,rus,0,5,0.0,17.6
2026-08-13,sgp,0,1,0.0,18.0
2026-08-13,slv,0,1,0.0,5.0
2026-08-13,sur,0,3,0.0,5.666666666666667
2026-08-13,tur,0,3,0.0,52.0
2026-08-13,uga,0,2,0.0,7.0
2026-08-13,ukr,0,3,0.0,27.333333333333332
2026-08-13,ury,0,1,0.0,11.0
2026-08-13,usa,0,123,0.0,11.016260162601625
2026-08-13,ven,0,3,0.0,7.0
2026-08-13,vnm,0,3,0.0,46.333333333333336
2026-08-13,zaf,0,3,0.0,7.666666666666667
2026-08-14,ago,0,8,0.0,6.25
2026-08-14,are,0,3,0.0,4.666666666666666
2026-08-14,arg,0,13,0.0,25.76923076923077
2026-08-14,aus,0,1,0.0,11.0
2026-08-14,bel,0,1,0.0,10.0
2026-08-14,ben,0,2,0.0,10.0
2026-08-14,bgd,0,2,0.0,46.0
2026-08-14,bol,0,2,0.0,16.5
2026-08-14,can,0,1,0.0,5.0
2026-08-14,che,0,2,0.0,3.0
2026-08-14,chl,0,6,0.0,7.333333333333333
2026-08-14,chn,0,2,0.0,8.5
2026-08-14,col,0,6,0.0,33.0
2026-08-14,deu,0,10,0.0,6.6
2026-08-14,dza,0,2,0.0,27.5
2026-08-14,esp,0,3,0.0,7.666666666666667
2026-08-14,fra,0,3,0.0,14.0
2026-08-14,gbr,0,7,0.0,15.0
2026-08-14,gha,0,1,0.0,15.0
2026-08-14,grl,0,1,0.0,7.0
2026-08-14,hun,0,2,0.0,8.0
2026-08-14,idn,0,6,0.0,36.166666666666664
2026-08-14,ind,0,17,0.0,37.11764705882353
2026-08-14,irl,0,1,0.0,3.0
2026-08-14,isr,0,2,0.0,14.0
2026-08-14,jpn,0,5,0.0,6.6
2026-08-14,kor,0,18,0.0,15.444444444444445
2026-08-14,ltu,0,3,0.0,6.333333333333333
2026-08-14,mex,0,8,0.0,10.125
2026-08-14,mlt,0,2,0.0,10.0
2026-08-14,moz,0,3,0.0,6.333333333333333
2026-08-14,mys,0,1,0.0,58.0
2026-08-14,nga,0,1,0.0,1.0
2026-08-14,nld,0,3,0.0,9.333333333333334
2026-08-14,nor,0,2,0.0,8.5
2026-08-14,pak,0,1,0.0,56.0
2026-08-14,per,0,2,0.0,15.5
2026-08-14,phl,0,4,0.0,43.0
2026-08-14,pol,0,1,0.0,12.0
2026-08-14,prt,0,15,0.0,7.666666666666667
2026-08-14,rus,0,1,0.0,4.0
2026-08-14,sau,0,1,0.0,61.0
2026-08-14,sgp,0,1,0.0,3.0
2026-08-14,syr,0,1,0.0,14.0
2026-08-14,tha,0,2,0.0,33.0
2026-08-14,tur,0,2,0.0,34.5
2026-08-14,twn,0,3,0.0,6.666666666666667
2026-08-14,usa,0,66,0.0,7.787878787878788
2026-08-14,ven,0,3,0.0,9.666666666666666
2026-08-14,vnm,0,7,0.0,60.0
2026-08-14,zaf,0,1,0.0,28.0
2026-08-15,ago,0,11,0.0,5.909090909090909
2026-08-15,are,0,3,0.0,4.333333333333334
2026-08-15,arg,0,6,0.0,11.166666666666666
2026-08-15,bgd,0,1,0.0,5.0
2026-08-15,can,0,3,0.0,7.666666666666667
2026-08-15,che,0,1,0.0,6.0
2026-08-15,chl,0,6,0.0,8.666666666666668
2026-08-15,col,0,1,0.0,3.0
2026-08-15,cri,0,1,0.0,5.0
2026-08-15,deu,0,4,0.0,13.5
2026-08-15,ecu,0,2,0.0,2.5
2026-08-15,esp,0,4,0.0,8.75
2026-08-15,gbr,0,5,0.0,5.8
2026-08-15,hkg,0,2,0.0,4.5
2026-08-15,hrv,0,1,0.0,4.0
2026-08-15,hun,0,1,0.0,5.0
2026-08-15,idn,0,4,0.0,51.0
2026-08-15,ind,0,5,0.0,25.4
2026-08-15,irl,0,1,0.0,5.0
2026-08-15,irn,0,3,0.0,6.0
2026-08-15,isr,0,1,0.0,7.0
2026-08-15,ita,0,5,0.0,1.4
2026-08-15,jor,0,1,0.0,5.0
2026-08-15,jpn,0,1,0.0,27.0
2026-08-15,kor,0,4,0.0,4.25
2026-08-15,kwt,0,1,0.0,4.0
2026-08-15,lux,0,1,0.0,9.0
2026-08-15,mar,0,2,0.0,4.0
2026-08-15,mex,0,6,0.0,10.0
2026-08-15,mng,0,1,0.0,4.0
2026-08-15,moz,0,4,0.0,6.0
2026-08-15,mys,0,2,0.0,70.5
2026-08-15,nga,0,7,0.0,8.0
2026-08-15,nld,0,5,0.0,10.4
2026-08-15,nzl,0,1,0.0,4.0
2026-08-15,pak,0,1,0.0,3.0
2026-08-15,pan,0,1,0.0,8.0
2026-08-15,phl,0,1,0.0,68.0
2026-08-15,prt,0,25,0.0,10.48
2026-08-15,pry,0,3,0.0,7.666666666666667
2026-08-15,sau,0,1,0.0,80.0
2026-08-15,sen,0,1,0.0,10.0
2026-08-15,swe,0,1,0.0,5.0
2026-08-15,tha,0,5,0.0,35.6
2026-08-15,tur,0,1,0.0,11.0
2026-08-15,twn,0,1,0.0,5.0
2026-08-15,tza,0,1,0.0,9.0
2026-08-15,uga,0,4,0.0,4.25
2026-08-15,ven,0,5,0.0,6.0
2026-08-15,vnm,0,1,0.0,69.0
2026-08-16,ago,0,7,0.0,10.142857142857142
2026-08-16,are,0,2,0.0,7.5
2026-08-16,arg,0,5,0.0,6.8
2026-08-16,aus,0,2,0.0,1.0
2026-08-16,bel,0,1,0.0,8.0
2026-08-16,bgd,0,3,0.0,41.0
2026-08-16,can,0,4,0.0,10.25
2026-08-16,che,0,3,0.0,5.333333333333333
2026-08-16,chl,0,3,0.0,10.0
2026-08-16,col,0,1,0.0,19.0
2026-08-16,cpv,0,2,0.0,10.0
2026-08-16,cri,0,1,0.0,5.0
2026-08-16,cze,0,2,0.0,7.0
2026-08-16,deu,0,3,0.0,12.666666666666666
2026-08-16,dnk,0,3,0.0,13.0
2026-08-16,dza,0,1,0.0,10.0
2026-08-16,egy,0,2,0.0,12.0
2026-08-16,esp,0,8,0.0,8.125
2026-08-16,fra,0,5,0.0,20.2
2026-08-16,gbr,0,6,0.0,25.166666666666668
2026-08-16,hkg,0,1,0.0,6.0
2026-08-16,hrv,0,1,0.0,10.0
2026-08-16,idn,0,2,0.0,28.5
2026-08-16,ind,0,11,0.0,38.54545454545455
2026-08-16,irl,0,1,0.0,12.0
2026-08-16,irn,0,2,0.0,7.0
2026-08-16,irq,0,1,0.0,34.0
2026-08-16,ita,0,3,0.0,9.333333333333334
2026-08-16,jpn,0,1,0.0,27.0
2026-08-16,kor,0,7,0.0,4.142857142857142
2026-08-16,kwt,0,1,0.0,6.0
2026-08-16,mar,0,3,0.0,6.666666666666667
2026-08-16,mex,0,3,0.0,6.666666666666667
2026-08-16,mmr,0,1,0.0,4.0
2026-08-16,moz,0,2,0.0,1.0
2026-08-16,mtq,0,1,0.0,4.0
2026-08-16,mys,0,1,0.0,54.0
2026-08-16,nga,0,1,0.0,5.0
2026-08-16,nld,0,3,0.0,8.333333333333332
2026-08-16,per,0,2,0.0,5.5
2026-08-16,phl,0,16,0.0,30.25
2026-08-16,pol,0,1,0.0,6.0
2026-08-16,prt,0,14,0.0,9.071428571428571
2026-08-16,pry,0,1,0.0,5.0
2026-08-16,rou,0,1,0.0,1.0
2026-08-16,rus,0,1,0.0,55.0
2026-08-16,sau,0,1,0.0,85.0
2026-08-16,tha,0,5,0.0,38.6
2026-08-16,tur,0,4,0.0,52.5
2026-08-16,twn,0,2,0.0,8.0
2026-08-16,ury,0,3,0.0,8.0
2026-08-16,usa,0,100,0.0,10.13
2026-08-16,vnm,0,4,0.0,36.0
2026-08-16,zaf,0,2,0.0,6.5
2026-08-17,ago,0,2,0.0,3.5
2026-08-17,are,0,2,0.0,12.0
2026-08-17,aut,0,1,0.0,9.0
2026-08-17,aze,0,1,0.0,7.0
2026-08-17,bel,0,3,0.0,5.0
2026-08-17,ben,0,1,0.0,11.0
2026-08-17,bgd,0,2,0.0,58.5
2026-08-17,blr,0,1,0.0,10.0
2026-08-17,bol,0,3,0.0,20.0
2026-08-17,can,0,3,0.0,32.0
2026-08-17,che,0,2,0.0,7.0
2026-08-17,chl,0,3,0.0,10.0
2026-08-17,chn,0,1,0.0,1.0
2026-08-17,col,0,4,0.0,29.25
2026-08-17,cuw,0,1,0.0,8.0
2026-08-17,cze,0,2,0.0,8.0
2026-08-17,deu,0,5,0.0,13.4
2026-08-17,dom,0,1,0.0,9.0
2026-08-17,dza,0,3,0.0,58.0
2026-08-17,ecu,0,5,0.0,10.2
2026-08-17,egy,0,2,0.0,11.5
2026-08-17,esp,0,3,0.0,9.0
2026-08-17,est,0,1,0.0,16.0
2026-08-17,eth,0,1,0.0,12.0
2026-08-17,fra,0,8,0.0,5.375
2026-08-17,gha,0,1,0.0,34.0
2026-08-17,gnb,0,1,0.0,6.0
2026-08-17,hkg,0,1,0.0,7.0
2026-08-17,hnd,0,1,0.0,35.0
2026-08-17,hun,0,3,0.0,5.666666666666667
2026-08-17,idn,0,7,0.0,47.0
2026-08-17,ind,0,8,0.0,33.375
2026-08-17,irn,0,1,0.0,11.0
2026-08-17,jam,0,1,0.0,6.0
2026-08-17,jpn,0,1,0.0,46.0
2026-08-17,ken,0,1,0.0,18.0
2026-08-17,kor,0,7,0.0,15.142857142857142
2026-08-17,kwt,0,3,0.0,6.666666666666667
2026-08-17,mex,0,4,0.0,17.0
2026-08-17,moz,0,2,0.0,8.0
2026-08-17,mys,0,1,0.0,58.0
2026-08-17,nga,0,2,0.0,11.0
2026-08-17,nld,0,3,0.0,11.666666666666666
2026-08-17,npl,0,1,0.0,26.0
2026-08-17,pak,0,3,0.0,28.666666666666668
2026-08-17,phl,0,20,0.0,32.0
2026-08-17,pri,0,1,0.0,9.0
2026-08-17,prt,0,9,0.0,7.444444444444445
2026-08-17,pry,0,3,0.0,8.0
2026-08-17,rus,0,1,0.0,6.0
2026-08-17,sau,0,2,0.0,6.0
2026-08-17,sgp,0,2,0.0,20.0
2026-08-17,sur,0,1,0.0,4.0
2026-08-17,tha,0,3,0.0,6.333333333333333
2026-08-17,tur,0,3,0.0,31.0
2026-08-17,twn,0,2,0.0,12.5
2026-08-17,ury,0,1,0.0,10.0
2026-08-17,usa,0,112,0.0,7.080357142857143
2026-08-17,vnm,0,3,0.0,41.333333333333336
2026-08-17,zaf,0,1,0.0,3.0
2026-08-18,ago,0,6,0.0,6.5
2026-08-18,are,0,2,0.0,5.0
2026-08-18,arg,0,7,0.0,9.142857142857142
2026-08-18,aus,0,2,0.0,14.0
2026-08-18,bgr,0,1,0.0,15.0
2026-08-18,can,0,5,0.0,12.4
2026-08-18,che,0,1,0.0,5.0
2026-08-18,chl,0,5,0.0,11.6
2026-08-18,cog,0,1,0.0,10.0
2026-08-18,col,0,2,0.0,30.5
2026-08-18,deu,0,7,0.0,8.0
2026-08-18,dom,0,4,0.0,12.75
2026-08-18,dza,0,2,0.0,89.0
2026-08-18,ecu,0,2,0.0,5.0
2026-08-18,esp,0,5,0.0,7.0
2026-08-18,fra,0,4,0.0,6.75
2026-08-18,gbr,0,3,0.0,31.666666666666668
2026-08-18,geo,0,1,0.0,10.0
2026-08-18,gtm,0,2,0.0,14.0
2026-08-18,hun,0,2,0.0,19.5
2026-08-18,idn,0,2,0.0,63.0
2026-08-18,ind,0,12,0.0,27.916666666666668
2026-08-18,irl,0,1,0.0,1.0
2026-08-18,irn,0,1,0.0,5.0
2026-08-18,ita,0,5,0.0,8.0
2026-08-18,jpn,0,1,0.0,27.0
2026-08-18,kor,0,7,0.0,20.857142857142858
2026-08-18,mex,0,2,0.0,82.5
2026-08-18,moz,0,2,0.0,8.0
2026-08-18,mys,0,5,0.0,39.6
2026-08-18,nld,0,4,0.0,9.75
2026-08-18,per,0,1,0.0,83.0
2026-08-18,phl,0,7,0.0,31.857142857142858
2026-08-18,pol,0,3,0.0,6.0
2026-08-18,prt,0,19,0.0,6.947368421052632
2026-08-18,pry,0,2,0.0,8.5
2026-08-18,rus,0,1,0.0,71.0
2026-08-18,tgo,0,1,0.0,7.0
2026-08-18,tha,0,1,0.0,52.0
2026-08-18,tur,0,7,0.0,42.142857142857146
2026-08-18,ury,0,1,0.0,8.0
2026-08-18,usa,0,126,0.0,7.023809523809524
2026-08-18,vnm,0,5,0.0,34.8
2026-08-18,xkk,0,1,0.0,19.0
2026-08-19,ago,0,8,0.0,6.75
2026-08-19,arg,0,3,0.0,8.333333333333332
2026-08-19,aus,0,2,0.0,11.5
2026-08-19,bel,0,2,0.0,10.0
2026-08-19,bgd,0,4,0.0,66.0
2026-08-19,bol,0,1,0.0,14.0
2026-08-19,brn,0,1,0.0,7.0
2026-08-19,che,0,1,0.0,1.0
2026-08-19,chl,0,4,0.0,8.5
2026-08-19,civ,0,3,0.0,3.0
2026-08-19,col,0,2,0.0,7.0
2026-08-19,cri,0,1,0.0,71.0
2026-08-19,deu,0,4,0.0,8.5
2026-08-19,dza,0,1,0.0,71.0
2026-08-19,ecu,0,1,0.0,10.0
2026-08-19,esp,0,3,0.0,8.333333333333332
2026-08-19,fra,0,4,0.0,5.0
2026-08-19,gbr,0,5,0.0,12.0
2026-08-19,grc,0,1,0.0,2.0
2026-08-19,idn,0,4,0.0,51.25
2026-08-19,ind,0,11,0.0,27.90909090909091
2026-08-19,irn,0,1,0.0,8.0
2026-08-19,isr,0,1,0.0,6.0
2026-08-19,ita,0,4,0.0,5.25
2026-08-19,jor,0,2,0.0,44.5
2026-08-19,jpn,0,2,0.0,22.0
2026-08-19,kor,0,4,0.0,23.5
2026-08-19,mex,0,4,0.0,34.0
2026-08-19,mys,0,3,0.0,78.33333333333333
2026-08-19,nga,0,4,0.0,31.75
2026-08-19,nld,0,2,0.0,6.0
2026-08-19,per,0,4,0.0,10.5
2026-08-19,phl,0,5,0.0,44.6
2026-08-19,pol,0,1,0.0,24.0
2026-08-19,prt,0,19,0.0,8.631578947368421
2026-08-19,rus,0,2,0.0,72.5
2026-08-19,sau,0,1,0.0,11.0
2026-08-19,swe,0,1,0.0,8.0
2026-08-19,tur,0,4,0.0,45.25
2026-08-19,ury,0,2,0.0,8.0
2026-08-19,usa,0,130,0.0,5.861538461538461
2026-08-19,vnm,0,7,0.0,27.571428571428573
2026-08-20,ago,0,6,0.0,7.666666666666667
2026-08-20,are,0,2,0.0,6.5
2026-08-20,arg,0,2,0.0,11.0
2026-08-20,aus,0,2,0.0,1.0
2026-08-20,aze,0,2,0.0,10.0
2026-08-20,bgd,0,2,0.0,52.5
2026-08-20,bgr,0,3,0.0,4.666666666666666
2026-08-20,bol,0,1,0.0,10.0
2026-08-20,caf,0,2,0.0,8.0
2026-08-20,can,0,7,0.0,7.714285714285714
2026-08-20,chl,0,1,0.0,10.0
2026-08-20,cze,0,1,0.0,3.0
2026-08-20,dom,0,1,0.0,89.0
2026-08-20,ecu,0,3,0.0,35.666666666666664
2026-08-20,egy,0,1,0.0,2.0
2026-08-20,esp,0,1,0.0,11.0
2026-08-20,gbr,0,7,0.0,24.0
2026-08-20,idn,0,8,0.0,42.0
2026-08-20,ind,0,21,0.0,41.61904761904762
2026-08-20,irn,0,1,0.0,4.0
2026-08-20,ita,0,6,0.0,6.666666666666667
2026-08-20,jor,0,3,0.0,39.0
2026-08-20,jpn,0,4,0.0,12.0
2026-08-20,kor,0,4,0.0,8.75
2026-08-20,mac,0,1,0.0,9.0
2026-08-20,mdg,0,1,0.0,4.0
2026-08-20,mex,0,10,0.0,28.0
2026-08-20,mys,0,2,0.0,67.5
2026-08-20,nga,0,1,0.0,9.0
2026-08-20,nld,0,2,0.0,5.5
2026-08-20,npl,0,1,0.0,30.0
2026-08-20,pak,0,3,0.0,22.666666666666668
2026-08-20,pan,0,1,0.0,9.0
2026-08-20,per,0,2,0.0,41.0
2026-08-20,phl,0,7,0.0,43.285714285714285
2026-08-20,prt,0,18,0.0,5.666666666666667
2026-08-20,pry,0,3,0.0,32.66666666666667
2026-08-20,rus,0,1,0.0,7.0
2026-08-20,sau,0,2,0.0,29.5
2026-08-20,sgp,0,1,0.0,2.0
2026-08-20,swe,0,2,0.0,5.5
2026-08-20,tha,0,2,0.0,76.5
2026-08-20,tur,0,2,0.0,72.5
2026-08-20,uga,0,1,0.0,3.0
2026-08-20,ukr,0,1,0.0,9.0
2026-08-20,uzb,0,1,0.0,48.0
2026-08-20,ven,0,1,0.0,7.0
2026-08-20,vnm,0,4,0.0,73.0
2026-08-20,xkk,0,1,0.0,26.0
2026-08-20,zaf,0,1,0.0,9.0
2026-08-21,ago,0,3,0.0,8.333333333333332
2026-08-21,and,0,1,0.0,8.0
2026-08-21,are,0,4,0.0,5.75
2026-08-21,arg,0,8,0.0,8.75
2026-08-21,aus,0,3,0.0,25.333333333333332
2026-08-21,bel,0,1,0.0,19.0
2026-08-21,bgd,0,1,0.0,72.0
2026-08-21,can,0,5,0.0,12.4
2026-08-21,che,0,2,0.0,9.0
2026-08-21,chl,0,5,0.0,9.2
2026-08-21,col,0,1,0.0,7.0
2026-08-21,deu,0,1,0.0,4.0
2026-08-21,egy,0,2,0.0,8.5
2026-08-21,esp,0,3,0.0,7.666666666666667
2026-08-21,fra,0,3,0.0,25.666666666666668
2026-08-21,gbr,0,7,0.0,9.571428571428571
2026-08-21,gha,0,1,0.0,29.0
2026-08-21,idn,0,2,0.0,61.5
2026-08-21,ind,0,6,0.0,35.666666666666664
2026-08-21,irn,0,1,0.0,6.0
2026-08-21,irq,0,2,0.0,9.0
2026-08-21,ita,0,3,0.0,9.0
2026-08-21,jpn,0,4,0.0,5.5
2026-08-21,kor,0,5,0.0,16.8
2026-08-21,kwt,0,1,0.0,6.0
2026-08-21,lbn,0,1,0.0,10.0
2026-08-21,mar,0,1,0.0,81.0
2026-08-21,mex,0,4,0.0,39.5
2026-08-21,moz,0,1,0.0,8.0
2026-08-21,mys,0,2,0.0,68.5
2026-08-21,nld,0,4,0.0,6.75
2026-08-21,nzl,0,1,0.0,5.0
2026-08-21,pak,0,1,0.0,4.0
2026-08-21,pan,0,1,0.0,6.0
2026-08-21,phl,0,5,0.0,80.8
2026-08-21,prt,0,11,0.0,9.0
2026-08-21,pry,0,3,0.0,6.0
2026-08-21,rou,0,1,0.0,4.0
2026-08-21,rus,0,3,0.0,22.0
2026-08-21,sau,0,3,0.0,52.333333333333336
2026-08-21,swe,0,1,0.0,7.0
2026-08-21,tha,0,3,0.0,92.0
2026-08-21,twn,0,1,0.0,10.0
2026-08-21,ury,0,1,0.0,12.0
2026-08-21,usa,0,73,0.0,8.397260273972602
2026-08-21,ven,0,1,0.0,7.0
2026-08-21,zaf,0,4,0.0,6.25
2026-08-22,ago,0,5,0.0,7.0
2026-08-22,are,0,15,0.0,4.866666666666667
2026-08-22,arg,0,5,0.0,7.8
2026-08-22,aus,0,2,0.0,4.5
2026-08-22,bgd,0,4,0.0,59.5
2026-08-22,can,0,1,0.0,6.0
2026-08-22,che,0,3,0.0,4.333333333333334
2026-08-22,chl,0,7,0.0,12.857142857142858
2026-08-22,civ,0,1,0.0,7.0
2026-08-22,col,0,2,0.0,8.5
2026-08-22,dza,0,1,0.0,7.0
2026-08-22,fin,0,1,0.0,11.0
2026-08-22,fra,0,1,0.0,10.0
2026-08-22,gab,0,2,0.0,6.0
2026-08-22,gbr,0,5,0.0,6.2
2026-08-22,gtm,0,1,0.0,7.0
2026-08-22,idn,0,5,0.0,79.6
2026-08-22,ind,0,5,0.0,28.0
2026-08-22,irq,0,1,0.0,61.0
2026-08-22,isr,0,1,0.0,16.0
2026-08-22,jor,0,2,0.0,67.0
2026-08-22,jpn,0,1,0.0,27.0
2026-08-22,kor,0,3,0.0,10.0
2026-08-22,mex,0,2,0.0,67.5
2026-08-22,mys,0,2,0.0,46.0
2026-08-22,nga,0,2,0.0,10.5
2026-08-22,pak,0,1,0.0,9.0
2026-08-22,phl,0,7,0.0,53.142857142857146
2026-08-22,pol,0,1,0.0,8.0
2026-08-22,prt,0,11,0.0,8.90909090909091
2026-08-22,pry,0,1,0.0,7.0
2026-08-22,sau,0,1,0.0,8.0
2026-08-22,sur,0,1,0.0,7.0
2026-08-22,tha,0,5,0.0,68.8
2026-08-22,tur,0,8,0.0,51.375
2026-08-22,uga,0,1,0.0,3.0
2026-08-22,ukr,0,1,0.0,51.0
2026-08-22,ury,0,1,0.0,8.0
2026-08-22,usa,0,57,0.0,8.157894736842106
2026-08-22,vnm,0,3,0.0,77.33333333333333
2026-08-23,ago,0,1,0.0,6.0
2026-08-23,are,0,3,0.0,5.333333333333333
2026-08-23,arg,0,6,0.0,11.0
2026-08-23,bel,0,1,0.0,9.0
2026-08-23,bgd,0,2,0.0,32.0
2026-08-23,bgr,0,1,0.0,49.0
2026-08-23,blr,0,1,0.0,11.0
2026-08-23,bwa,0,1,0.0,19.0
2026-08-23,can,0,2,0.0,39.5
2026-08-23,chl,0,3,0.0,7.0
2026-08-23,col,0,3,0.0,34.333333333333336
2026-08-23,cyp,0,1,0.0,10.0
2026-08-23,deu,0,5,0.0,6.6
2026-08-23,ecu,0,1,0.0,15.0
2026-08-23,esp,0,6,0.0,6.5
2026-08-23,gbr,0,6,0.0,14.666666666666666
2026-08-23,glp,0,1,0.0,4.0
2026-08-23,gtm,0,1,0.0,39.0
2026-08-23,hkg,0,1,0.0,10.0
2026-08-23,hnd,0,1,0.0,35.0
2026-08-23,hrv,0,2,0.0,1.0
2026-08-23,idn,0,6,0.0,40.833333333333336
2026-08-23,ind,0,7,0.0,41.57142857142857
2026-08-23,irl,0,1,0.0,13.0
2026-08-23,ita,0,4,0.0,4.5
2026-08-23,jpn,0,1,0.0,28.0
2026-08-23,kor,0,11,0.0,9.636363636363637
2026-08-23,lbr,0,2,0.0,6.0
2026-08-23,mex,0,1,0.0,57.0
2026-08-23,mne,0,1,0.0,1.0
2026-08-23,moz,0,10,0.0,3.8
2026-08-23,mys,0,1,0.0,61.0
2026-08-23,nga,0,4,0.0,8.25
2026-08-23,nld,0,2,0.0,15.0
2026-08-23,pak,0,4,0.0,40.5
2026-08-23,per,0,2,0.0,7.5
2026-08-23,phl,0,4,0.0,59.5
2026-08-23,prt,0,13,0.0,9.461538461538462
2026-08-23,pry,0,5,0.0,8.8
2026-08-23,rou,0,1,0.0,7.0
2026-08-23,sau,0,2,0.0,6.5
2026-08-23,swe,0,1,0.0,39.0
2026-08-23,ury,0,2,0.0,11.0
2026-08-23,ven,0,2,0.0,19.0
2026-08-23,vnm,0,2,0.0,40.0
2026-08-24,ago,0,1,0.0,7.0
2026-08-24,alb,0,1,0.0,51.0
2026-08-24,are,0,13,0.0,2.5384615384615383
2026-08-24,arg,0,7,0.0,14.857142857142858
2026-08-24,aus,0,1,0.0,4.0
2026-08-24,aut,0,1,0.0,4.0
2026-08-24,bgd,0,1,0.0,32.0
2026-08-24,caf,0,1,0.0,7.0
2026-08-24,can,0,11,0.0,11.454545454545455
2026-08-24,chl,0,2,0.0,11.0
2026-08-24,chn,0,1,0.0,2.0
2026-08-24,col,0,2,0.0,12.0
2026-08-24,cpv,0,1,0.0,11.0
2026-08-24,cze,0,1,0.0,6.0
2026-08-24,deu,0,3,0.0,7.666666666666667
2026-08-24,dom,0,1,0.0,47.0
2026-08-24,dza,0,1,0.0,71.0
2026-08-24,ecu,0,1,0.0,53.0
2026-08-24,egy,0,1,0.0,5.0
2026-08-24,fra,0,5,0.0,14.8
2026-08-24,gbr,0,1,0.0,8.0
2026-08-24,grc,0,1,0.0,42.0
2026-08-24,hkg,0,1,0.0,10.0
2026-08-24,idn,0,3,0.0,54.333333333333336
2026-08-24,ind,0,16,0.0,39.9375
2026-08-24,irq,0,1,0.0,10.0
2026-08-24,isl,0,1,0.0,4.0
2026-08-24,isr,0,2,0.0,4.5
2026-08-24,ita,0,6,0.0,19.833333333333332
2026-08-24,jpn,0,5,0.0,23.6
2026-08-24,kor,0,10,0.0,24.8
2026-08-24,mar,0,2,0.0,27.5
2026-08-24,mex,0,2,0.0,30.0
2026-08-24,mlt,0,1,0.0,3.0
2026-08-24,moz,0,1,0.0,4.0
2026-08-24,nga,0,2,0.0,9.5
2026-08-24,nzl,0,1,0.0,5.0
2026-08-24,pak,0,2,0.0,28.5
2026-08-24,per,0,1,0.0,1.0
2026-08-24,phl,0,5,0.0,49.6
2026-08-24,prt,0,8,0.0,7.875
2026-08-24,pry,0,5,0.0,25.4
2026-08-24,rou,0,1,0.0,11.0
2026-08-24,swe,0,2,0.0,8.0
2026-08-24,tha,0,1,0.0,78.0
2026-08-24,usa,0,84,0.0,8.714285714285715
2026-08-24,vnm,0,5,0.0,34.4
2026-08-24,zaf,0,1,0.0,10.0
2026-08-25,are,0,1,0.0,6.0
2026-08-25,arg,0,6,0.0,19.0
2026-08-25,aus,0,1,0.0,71.0
2026-08-25,bgd,0,3,0.0,42.666666666666664
2026-08-25,bgr,0,1,0.0,48.0
2026-08-25,bol,0,1,0.0,7.0
2026-08-25,can,0,3,0.0,9.333333333333334
2026-08-25,che,0,2,0.0,7.0
2026-08-25,chl,0,3,0.0,5.666666666666667
2026-08-25,civ,0,1,0.0,10.0
2026-08-25,col,0,2,0.0,7.5
2026-08-25,deu,0,4,0.0,7.75
2026-08-25,dza,0,1,0.0,25.0
2026-08-25,ecu,0,5,0.0,5.2
2026-08-25,esp,0,7,0.0,5.857142857142857
2026-08-25,eth,0,1,0.0,55.0
2026-08-25,fra,0,4,0.0,7.5
2026-08-25,gbr,0,5,0.0,17.8
2026-08-25,grc,0,1,0.0,19.0
2026-08-25,gtm,0,1,0.0,9.0
2026-08-25,hun,0,1,0.0,6.0
2026-08-25,idn,0,9,0.0,44.0
2026-08-25,irq,0,1,0.0,72.0
2026-08-25,ita,0,4,0.0,5.5
2026-08-25,jam,0,1,0.0,9.0
2026-08-25,jor,0,1,0.0,67.0
2026-08-25,jpn,0,1,0.0,26.0
2026-08-25,kor,0,9,0.0,11.555555555555555
2026-08-25,mar,0,2,0.0,81.5
2026-08-25,mdv,0,1,0.0,8.0
2026-08-25,mex,0,4,0.0,4.5
2026-08-25,mkd,0,1,0.0,13.0
2026-08-25,moz,0,3,0.0,6.0
2026-08-25,mys,0,1,0.0,81.0
2026-08-25,nga,0,1,0.0,9.0
2026-08-25,nld,0,2,0.0,7.5
2026-08-25,nor,0,2,0.0,10.0
2026-08-25,pak,0,4,0.0,8.5
2026-08-25,per,0,1,0.0,9.0
2026-08-25,phl,0,10,0.0,53.2
2026-08-25,pol,0,2,0.0,26.5
2026-08-25,prt,0,20,0.0,8.45
2026-08-25,rus,0,2,0.0,8.0
2026-08-25,sau,0,3,0.0,59.0
2026-08-25,sgp,0,1,0.0,7.0
2026-08-25,tha,0,1,0.0,68.0
2026-08-25,tur,0,3,0.0,44.666666666666664
2026-08-25,uga,0,1,0.0,7.0
2026-08-25,ury,0,1,0.0,8.0
2026-08-25,usa,0,87,0.0,8.10344827586207
2026-08-25,vnm,0,4,0.0,43.25
2026-08-25,zaf,0,2,0.0,8.5
2026-08-26,ago,0,3,0.0,5.333333333333333
2026-08-26,are,0,3,0.0,3.0
2026-08-26,arg,0,3,0.0,4.333333333333334
2026-08-26,aus,0,1,0.0,10.0
2026-08-26,bel,0,4,0.0,9.75
2026-08-26,bgd,0,5,0.0,50.2
2026-08-26,bgr,0,1,0.0,1.0
2026-08-26,bol,0,2,0.0,5.5
2026-08-26,caf,0,1,0.0,9.0
2026-08-26,can,0,4,0.0,5.25
2026-08-26,chl,0,2,0.0,7.5
2026-08-26,civ,0,1,0.0,7.0
2026-08-26,col,0,6,0.0,10.0
2026-08-26,deu,0,5,0.0,8.4
2026-08-26,dom,0,1,0.0,1.0
2026-08-26,ecu,0,2,0.0,3.5
2026-08-26,esp,0,3,0.0,9.666666666666666
2026-08-26,fra,0,2,0.0,9.0
2026-08-26,gbr,0,2,0.0,13.5
2026-08-26,gtm,0,1,0.0,3.0
2026-08-26,hkg,0,3,0.0,7.0
2026-08-26,hun,0,2,0.0,6.5
2026-08-26,idn,0,11,0.0,43.45454545454545
2026-08-26,ind,0,17,0.0,53.11764705882353
2026-08-26,irn,0,1,0.0,2.0
2026-08-26,ita,0,2,0.0,19.0
2026-08-26,jor,0,2,0.0,41.5
2026-08-26,jpn,0,4,0.0,9.25
2026-08-26,kor,0,10,0.0,7.8
2026-08-26,kwt,0,1,0.0,11.0
2026-08-26,lbn,0,1,0.0,9.0
2026-08-26,mar,0,1,0.0,52.0
2026-08-26,mex,0,3,0.0,16.666666666666664
2026-08-26,mkd,0,2,0.0,1.0
2026-08-26,moz,0,4,0.0,9.75
2026-08-26,mys,0,2,0.0,49.0
2026-08-26,nga,0,1,0.0,9.0
2026-08-26,nld,0,2,0.0,3.5
2026-08-26,nor,0,1,0.0,7.0
2026-08-26,npl,0,1,0.0,10.0
2026-08-26,pak,0,1,0.0,37.0
2026-08-26,per,0,3,0.0,15.0
2026-08-26,phl,0,14,0.0,50.57142857142857
2026-08-26,pol,0,1,0.0,24.0
2026-08-26,prt,0,14,0.0,9.714285714285714
2026-08-26,pry,0,3,0.0,7.333333333333333
2026-08-26,rus,0,2,0.0,50.5
2026-08-26,sau,0,4,0.0,50.5
2026-08-26,sgp,0,1,0.0,9.0
2026-08-26,tha,0,4,0.0,32.75
2026-08-26,tur,0,1,0.0,63.0
2026-08-26,uga,0,1,0.0,4.0
2026-08-26,ukr,0,1,0.0,52.0
2026-08-26,ury,0,3,0.0,20.333333333333332
2026-08-26,usa,0,85,0.0,7.2823529411764705
2026-08-26,uzb,0,1,0.0,8.0
2026-08-26,vct,0,1,0.0,10.0
2026-08-26,ven,0,1,0.0,9.0
2026-08-26,vnm,0,8,0.0,38.375
2026-08-26,zaf,0,2,0.0,32.0
2026-08-26,zmb,0,1,0.0,3.0
2026-08-27,ago,0,2,0.0,7.0
2026-08-27,arg,0,11,0.0,25.363636363636363
2026-08-27,aus,0,3,0.0,9.333333333333334
2026-08-27,bgd,0,2,0.0,60.5
2026-08-27,blr,0,1,0.0,37.0
2026-08-27,bol,0,3,0.0,9.333333333333334
2026-08-27,can,0,4,0.0,6.75
2026-08-27,chl,0,3,0.0,6.333333333333333
2026-08-27,col,0,2,0.0,50.0
2026-08-27,dom,0,1,0.0,9.0
2026-08-27,dza,0,1,0.0,63.0
2026-08-27,egy,0,3,0.0,9.666666666666666
2026-08-27,esp,0,6,0.0,7.833333333333333
2026-08-27,fra,0,5,0.0,6.4
2026-08-27,gbr,0,8,0.0,12.625
2026-08-27,grc,0,1,0.0,33.0
2026-08-27,hkg,0,1,0.0,2.0
2026-08-27,hnd,0,1,0.0,58.0
2026-08-27,hrv,0,1,0.0,10.0
2026-08-27,idn,0,2,0.0,76.0
2026-08-27,ind,0,16,0.0,31.0
2026-08-27,irn,0,2,0.0,8.5
2026-08-27,ita,0,3,0.0,8.666666666666668
2026-08-27,mar,0,2,0.0,8.5
2026-08-27,mda,0,1,0.0,37.0
2026-08-27,mex,0,9,0.0,42.55555555555556
2026-08-27,mlt,0,1,0.0,2.0
2026-08-27,moz,0,2,0.0,5.0
2026-08-27,mwi,0,1,0.0,8.0
2026-08-27,mys,0,2,0.0,45.0
2026-08-27,nga,0,3,0.0,30.0
2026-08-27,nld,0,3,0.0,8.0
2026-08-27,nor,0,2,0.0,7.0
2026-08-27,pak,0,1,0.0,6.0
2026-08-27,pan,0,1,0.0,2.0
2026-08-27,phl,0,9,0.0,66.22222222222223
2026-08-27,pol,0,1,0.0,24.0
2026-08-27,prt,0,9,0.0,10.222222222222221
2026-08-27,pry,0,2,0.0,8.0
2026-08-27,rus,0,2,0.0,21.5
2026-08-27,sau,0,1,0.0,10.0
2026-08-27,sgp,0,1,0.0,4.0
2026-08-27,swe,0,1,0.0,8.0
2026-08-27,tha,0,2,0.0,41.0
2026-08-27,tun,0,3,0.0,1.6666666666666665
2026-08-27,tur,0,3,0.0,59.333333333333336
2026-08-27,twn,0,2,0.0,38.5
2026-08-27,uga,0,1,0.0,8.0
2026-08-27,ury,0,1,0.0,9.0
2026-08-27,uzb,0,1,0.0,12.0
2026-08-27,ven,0,1,0.0,91.0
2026-08-27,vnm,0,6,0.0,52.333333333333336
2026-08-27,zaf,0,1,0.0,41.0
2026-08-28,ago,0,4,0.0,7.0
2026-08-28,aus,0,2,0.0,2.0
2026-08-28,bel,0,1,0.0,17.0
2026-08-28,bgd,0,4,0.0,22.0
2026-08-28,bol,0,4,0.0,27.25
2026-08-28,can,0,5,0.0,6.8
2026-08-28,che,0,2,0.0,8.0
2026-08-28,chl,0,4,0.0,17.0
2026-08-28,col,0,3,0.0,24.0
2026-08-28,cri,0,2,0.0,4.0
2026-08-28,cub,0,1,0.0,6.0
2026-08-28,deu,0,2,0.0,10.0
2026-08-28,dnk,0,1,0.0,10.0
2026-08-28,dom,0,1,0.0,26.0
2026-08-28,dza,0,2,0.0,29.5
2026-08-28,ecu,0,4,0.0,14.0
2026-08-28,esp,0,4,0.0,6.0
2026-08-28,fra,0,5,0.0,14.6
2026-08-28,gbr,0,4,0.0,8.0
2026-08-28,grc,0,1,0.0,14.0
2026-08-28,hkg,0,2,0.0,19.0
2026-08-28,hnd,0,1,0.0,51.0
2026-08-28,idn,0,4,0.0,44.0
2026-08-28,ind,0,15,0.0,39.86666666666667
2026-08-28,irn,0,2,0.0,28.0
2026-08-28,ita,0,5,0.0,4.8
2026-08-28,jam,0,1,0.0,46.0
2026-08-28,jor,0,1,0.0,19.0
2026-08-28,jpn,0,4,0.0,15.5
2026-08-28,ken,0,1,0.0,31.0
2026-08-28,kor,0,8,0.0,16.375
2026-08-28,mar,0,2,0.0,76.0
2026-08-28,mex,0,4,0.0,6.25
2026-08-28,mli,0,2,0.0,5.0
2026-08-28,mys,0,2,0.0,83.0
2026-08-28,nga,0,1,0.0,38.0
2026-08-28,nld,0,1,0.0,20.0
2026-08-28,nor,0,1,0.0,11.0
2026-08-28,per,0,2,0.0,7.0
2026-08-28,phl,0,11,0.0,50.18181818181818
2026-08-28,prt,0,10,0.0,9.5
2026-08-28,pry,0,1,0.0,9.0
2026-08-28,rus,0,1,0.0,90.0
2026-08-28,slv,0,2,0.0,44.0
2026-08-28,srb,0,1,0.0,7.0
2026-08-28,tha,0,1,0.0,8.0
2026-08-28,tur,0,1,0.0,2.0
2026-08-28,twn,0,1,0.0,3.0
2026-08-28,uga,0,1,0.0,1.0
2026-08-28,ukr,0,2,0.0,83.5
2026-08-28,ury,0,1,0.0,83.0
2026-08-28,usa,0,95,0.0,7.568421052631579
2026-08-28,vnm,0,8,0.0,54.25
2026-08-28,zaf,0,1,0.0,36.0
2026-08-29,ago,0,1,0.0,11.0
2026-08-29,aus,0,2,0.0,5.0
2026-08-29,bel,0,1,0.0,5.0
2026-08-29,bfa,0,1,0.0,1.0
2026-08-29,bgd,0,2,0.0,58.5
2026-08-29,bgr,0,1,0.0,23.0
2026-08-29,bih,0,1,0.0,8.0
2026-08-29,bol,0,1,0.0,9.0
2026-08-29,can,0,3,0.0,19.333333333333332
2026-08-29,chl,0,4,0.0,9.25
2026-08-29,col,0,2,0.0,19.0
2026-08-29,deu,0,5,0.0,7.0
2026-08-29,dom,0,5,0.0,38.2
2026-08-29,dza,0,1,0.0,23.0
2026-08-29,ecu,0,3,0.0,7.333333333333333
2026-08-29,egy,0,2,0.0,18.5
2026-08-29,esp,0,4,0.0,23.75
2026-08-29,fra,0,2,0.0,29.5
2026-08-29,gbr,0,3,0.0,19.666666666666668
2026-08-29,gha,0,1,0.0,75.0
2026-08-29,grc,0,1,0.0,10.0
2026-08-29,hkg,0,1,0.0,5.0
2026-08-29,idn,0,5,0.0,46.2
2026-08-29,ind,0,14,0.0,59.07142857142857
2026-08-29,irq,0,1,0.0,78.0
2026-08-29,ita,0,1,0.0,11.0
2026-08-29,jor,0,2,0.0,40.5
2026-08-29,jpn,0,2,0.0,16.0
2026-08-29,ken,0,1,0.0,59.0
2026-08-29,kor,0,5,0.0,9.6
2026-08-29,lux,0,1,0.0,7.0
2026-08-29,mex,0,8,0.0,63.875
2026-08-29,mys,0,2,0.0,72.5
2026-08-29,nld,0,1,0.0,8.0
2026-08-29,pak,0,1,0.0,1.0
2026-08-29,pan,0,1,0.0,6.0
2026-08-29,per,0,4,0.0,17.25
2026-08-29,phl,0,6,0.0,42.166666666666664
2026-08-29,prt,0,8,0.0,10.625
2026-08-29,rus,0,2,0.0,5.0
2026-08-29,sau,0,2,0.0,13.0
2026-08-29,sgp,0,1,0.0,92.0
2026-08-29,tha,0,2,0.0,55.0
2026-08-29,tur,0,4,0.0,8.75
2026-08-29,twn,0,2,0.0,26.0
2026-08-29,ury,0,1,0.0,9.0
2026-08-29,usa,0,41,0.0,10.853658536585366
2026-08-29,ven,0,3,0.0,31.666666666666668
2026-08-29,vnm,0,12,0.0,57.5
2026-08-29,zaf,0,1,0.0,10.0
2026-08-30,ago,0,2,0.0,8.5
2026-08-30,are,0,1,0.0,9.0
2026-08-30,arg,0,7,0.0,23.571428571428573
2026-08-30,aus,0,1,0.0,7.0
2026-08-30,bel,0,1,0.0,8.0
2026-08-30,bgd,0,3,0.0,66.33333333333333
2026-08-30,bhr,0,1,0.0,81.0
2026-08-30,bih,0,1,0.0,16.0
2026-08-30,bol,0,1,0.0,9.0
2026-08-30,can,0,6,0.0,17.5
2026-08-30,che,0,1,0.0,6.0
2026-08-30,chl,0,3,0.0,9.0
2026-08-30,col,0,2,0.0,3.5
2026-08-30,deu,0,6,0.0,4.833333333333334
2026-08-30,dnk,0,1,0.0,15.0
2026-08-30,dom,0,1,0.0,24.0
2026-08-30,dza,0,1,0.0,61.0
2026-08-30,egy,0,1,0.0,32.0
2026-08-30,esp,0,6,0.0,12.666666666666666
2026-08-30,fra,0,2,0.0,8.0
2026-08-30,gbr,0,6,0.0,12.833333333333334
2026-08-30,grc,0,1,0.0,5.0
2026-08-30,gtm,0,1,0.0,9.0
2026-08-30,hrv,0,1,0.0,5.0
2026-08-30,hun,0,1,0.0,8.0
2026-08-30,idn,0,6,0.0,40.0
2026-08-30,imn,0,1,0.0,2.0
2026-08-30,ind,0,16,0.0,45.75
2026-08-30,irl,0,1,0.0,2.0
2026-08-30,jor,0,1,0.0,71.0
2026-08-30,jpn,0,4,0.0,12.0
2026-08-30,lca,0,1,0.0,51.0
2026-08-30,mar,0,3,0.0,57.333333333333336
2026-08-30,mex,0,2,0.0,74.0
2026-08-30,moz,0,2,0.0,6.5
2026-08-30,mys,0,3,0.0,54.0
2026-08-30,nga,0,1,0.0,5.0
2026-08-30,nld,0,1,0.0,10.0
2026-08-30,nor,0,1,0.0,2.0
2026-08-30,nzl,0,1,0.0,5.0
2026-08-30,pak,0,2,0.0,43.5
2026-08-30,per,0,3,0.0,7.0
2026-08-30,phl,0,10,0.0,44.2
2026-08-30,prt,0,13,0.0,11.153846153846153
2026-08-30,pry,0,4,0.0,26.0
2026-08-30,rou,0,1,0.0,5.0
2026-08-30,sau,0,2,0.0,10.0
2026-08-30,sgp,0,1,0.0,10.0
2026-08-30,swe,0,1,0.0,8.0
2026-08-30,tha,0,3,0.0,78.66666666666667
2026-08-30,tur,0,5,0.0,51.4
2026-08-30,ukr,0,3,0.0,81.0
2026-08-30,ury,0,3,0.0,7.666666666666667
2026-08-30,vnm,0,10,0.0,59.2
2026-08-31,are,0,1,0.0,34.0
2026-08-31,arg,0,4,0.0,6.75
2026-08-31,bel,0,1,0.0,9.0
2026-08-31,bgd,0,2,0.0,82.5
2026-08-31,bol,0,1,0.0,29.0
2026-08-31,can,0,6,0.0,10.333333333333334
2026-08-31,che,0,1,0.0,3.0
2026-08-31,chl,0,2,0.0,12.5
2026-08-31,cmr,0,1,0.0,6.0
2026-08-31,deu,0,1,0.0,10.0
2026-08-31,ecu,0,3,0.0,39.666666666666664
2026-08-31,egy,0,1,0.0,1.0
2026-08-31,esp,0,3,0.0,12.0
2026-08-31,fra,0,4,0.0,4.5
2026-08-31,gbr,0,3,0.0,22.666666666666668
2026-08-31,idn,0,3,0.0,82.33333333333333
2026-08-31,ind,0,7,0.0,56.0
2026-08-31,irl,0,2,0.0,6.0
2026-08-31,ita,0,4,0.0,3.5
2026-08-31,jor,0,4,0.0,51.5
2026-08-31,jpn,0,4,0.0,9.75
2026-08-31,kor,0,5,0.0,5.6
2026-08-31,mac,0,1,0.0,2.0
2026-08-31,mar,0,1,0.0,59.0
2026-08-31,mex,0,5,0.0,29.4
2026-08-31,moz,0,3,0.0,5.0
2026-08-31,mys,0,1,0.0,38.0
2026-08-31,nga,0,2,0.0,10.5
2026-08-31,nic,0,1,0.0,8.0
2026-08-31,nld,0,3,0.0,8.0
2026-08-31,nor,0,1,0.0,10.0
2026-08-31,per,0,2,0.0,8.5
2026-08-31,phl,0,5,0.0,34.2
2026-08-31,pol,0,1,0.0,7.0
2026-08-31,prt,0,13,0.0,6.615384615384615
2026-08-31,pry,0,1,0.0,11.0
2026-08-31,qat,0,1,0.0,31.0
2026-08-31,rou,0,1,0.0,11.0
2026-08-31,rus,0,1,0.0,54.0
2026-08-31,sau,0,2,0.0,42.0
2026-08-31,svk,0,1,0.0,9.0
2026-08-31,swe,0,1,0.0,9.0
2026-08-31,tha,0,2,0.0,49.0
2026-08-31,tur,0,2,0.0,66.0
2026-08-31,ukr,0,1,0.0,51.0
2026-08-31,ven,0,1,0.0,5.0
2026-08-31,vnm,0,4,0.0,42.5
2026-08-31,zaf,0,1,0.0,2.0
2026-09-01,are,0,3,0.0,9.0
2026-09-01,arg,0,5,0.0,21.8
2026-09-01,aus,0,2,0.0,14.5
2026-09-01,bel,0,1,0.0,1.0
2026-09-01,bfa,0,1,0.0,9.0
2026-09-01,can,0,3,0.0,27.0
2026-09-01,chl,0,1,0.0,11.0
2026-09-01,chn,0,1,0.0,10.0
2026-09-01,col,0,4,0.0,17.25
2026-09-01,deu,0,13,0.0,9.076923076923077
2026-09-01,ecu,0,1,0.0,8.0
2026-09-01,esp,0,3,0.0,7.666666666666667
2026-09-01,fra,0,4,0.0,6.25
2026-09-01,grc,0,1,0.0,1.0
2026-09-01,hkg,0,4,0.0,3.5
2026-09-01,hun,0,1,0.0,8.0
2026-09-01,idn,0,4,0.0,39.75
2026-09-01,ind,0,5,0.0,28.6
2026-09-01,ita,0,4,0.0,14.75
2026-09-01,jpn,0,4,0.0,10.25
2026-09-01,kor,0,8,0.0,6.125
2026-09-01,mdg,0,2,0.0,6.0
2026-09-01,mex,0,4,0.0,10.0
2026-09-01,moz,0,5,0.0,6.2
2026-09-01,nga,0,1,0.0,9.0
2026-09-01,nld,0,4,0.0,13.0
2026-09-01,nor,0,2,0.0,8.0
2026-09-01,pak,0,2,0.0,28.5
2026-09-01,per,0,4,0.0,7.5
2026-09-01,phl,0,2,0.0,43.5
2026-09-01,pry,0,3,0.0,4.0
2026-09-01,rou,0,1,0.0,10.0
2026-09-01,rus,0,1,0.0,25.0
2026-09-01,rwa,0,1,0.0,1.0
2026-09-01,sau,0,1,0.0,29.0
2026-09-01,svn,0,2,0.0,16.0
2026-09-01,tha,0,2,0.0,7.0
2026-09-01,tto,0,1,0.0,10.0
2026-09-01,ven,0,2,0.0,4.5
2026-09-01,vnm,0,2,0.0,9.0
2026-09-02,ago,0,1,0.0,11.0
2026-09-02,alb,0,1,0.0,29.0
2026-09-02,are,0,1,0.0,4.0
2026-09-02,arg,0,2,0.0,8.5
2026-09-02,aus,0,2,0.0,10.0
2026-09-02,bel,0,2,0.0,8.0
2026-09-02,bgd,0,1,0.0,49.0
2026-09-02,bol,0,1,0.0,4.0
2026-09-02,caf,0,1,0.0,9.0
2026-09-02,can,0,1,0.0,8.0
2026-09-02,che,0,3,0.0,7.666666666666667
2026-09-02,chl,0,3,0.0,10.333333333333334
2026-09-02,col,0,2,0.0,4.5
2026-09-02,cri,0,1,0.0,1.0
2026-09-02,dom,0,2,0.0,16.5
2026-09-02,ecu,0,3,0.0,27.666666666666668
2026-09-02,esp,0,2,0.0,6.0
2026-09-02,eth,0,1,0.0,8.0
2026-09-02,fra,0,7,0.0,4.142857142857142
2026-09-02,gbr,0,9,0.0,6.444444444444445
2026-09-02,gha,0,1,0.0,3.0
2026-09-02,grc,0,1,0.0,8.0
2026-09-02,idn,0,5,0.0,18.2
2026-09-02,ind,0,21,0.0,26.523809523809526
2026-09-02,irn,0,1,0.0,4.0
2026-09-02,isr,0,1,0.0,10.0
2026-09-02,ita,0,5,0.0,13.2
2026-09-02,jor,0,1,0.0,13.0
2026-09-02,jpn,0,2,0.0,26.5
2026-09-02,kgz,0,1,0.0,2.0
2026-09-02,kor,0,8,0.0,15.75
2026-09-02,mar,0,1,0.0,9.0
2026-09-02,mex,0,3,0.0,14.0
2026-09-02,moz,0,1,0.0,6.0
2026-09-02,nga,0,2,0.0,10.5
2026-09-02,nld,0,2,0.0,7.5
2026-09-02,pak,0,1,0.0,30.0
2026-09-02,per,0,2,0.0,12.5
2026-09-02,phl,0,3,0.0,33.666666666666664
2026-09-02,pol,0,1,0.0,2.0
2026-09-02,prt,0,10,0.0,12.7
2026-09-02,pry,0,4,0.0,10.25
2026-09-02,rus,0,2,0.0,73.0
2026-09-02,sau,0,1,0.0,9.0
2026-09-02,slv,0,1,0.0,4.0
2026-09-02,tha,0,3,0.0,6.0
2026-09-02,tto,0,1,0.0,15.0
2026-09-02,twn,0,1,0.0,4.0
2026-09-02,ury,0,1,0.0,1.0
2026-09-02,usa,0,207,0.0,6.473429951690822
2026-09-02,vnm,0,3,0.0,25.666666666666668
2026-09-02,zaf,0,1,0.0,8.0
2026-09-03,ago,0,2,0.0,2.5
2026-09-03,are,0,1,0.0,1.0
2026-09-03,arg,0,8,0.0,7.375
2026-09-03,bel,0,1,0.0,4.0
2026-09-03,bgd,0,1,0.0,16.0
2026-09-03,can,0,1,0.0,9.0
2026-09-03,che,0,1,0.0,7.0
2026-09-03,chl,0,3,0.0,5.333333333333333
2026-09-03,chn,0,1,0.0,7.0
2026-09-03,col,0,2,0.0,48.0
2026-09-03,cri,0,1,0.0,69.0
2026-09-03,cyp,0,1,0.0,7.0
2026-09-03,deu,0,3,0.0,16.0
2026-09-03,dnk,0,1,0.0,8.0
2026-09-03,ecu,0,1,0.0,3.0
2026-09-03,esp,0,3,0.0,6.333333333333333
2026-09-03,fra,0,8,0.0,6.625
2026-09-03,gbr,0,8,0.0,8.0
2026-09-03,idn,0,5,0.0,24.2
2026-09-03,ind,0,11,0.0,23.545454545454547
2026-09-03,irq,0,1,0.0,8.0
2026-09-03,jpn,0,2,0.0,18.5
2026-09-03,ken,0,1,0.0,24.0
2026-09-03,kgz,0,1,0.0,11.0
2026-09-03,kor,0,8,0.0,20.5
2026-09-03,lbn,0,1,0.0,11.0
2026-09-03,mco,0,2,0.0,1.0
2026-09-03,mex,0,1,0.0,24.0
2026-09-03,moz,0,5,0.0,6.6
2026-09-03,mys,0,1,0.0,51.0
2026-09-03,nga,0,2,0.0,9.0
2026-09-03,nld,0,4,0.0,6.25
2026-09-03,nzl,0,1,0.0,70.0
2026-09-03,pak,0,5,0.0,6.8
2026-09-03,pan,0,1,0.0,7.0
2026-09-03,phl,0,4,0.0,36.5
2026-09-03,pol,0,2,0.0,35.0
2026-09-03,prt,0,25,0.0,21.24
2026-09-03,pry,0,3,0.0,4.0
2026-09-03,sgp,0,1,0.0,2.0
2026-09-03,slv,0,1,0.0,8.0
2026-09-03,sur,0,2,0.0,12.0
2026-09-03,swe,0,2,0.0,11.0
2026-09-03,tha,0,1,0.0,35.0
2026-09-03,twn,0,1,0.0,12.0
2026-09-03,uga,0,1,0.0,1.0
2026-09-03,ury,0,2,0.0,6.0
2026-09-03,usa,0,117,0.0,8.316239316239315
2026-09-03,ven,0,1,0.0,8.0
2026-09-03,vnm,0,3,0.0,13.0
2026-09-03,zaf,0,1,0.0,10.0
2026-09-03,zwe,0,2,0.0,6.0
2026-09-04,ago,0,2,0.0,6.0
2026-09-04,are,0,1,0.0,7.0
2026-09-04,arg,0,6,0.0,6.333333333333333
2026-09-04,aus,0,2,0.0,4.0
2026-09-04,bol,0,3,0.0,9.333333333333334
2026-09-04,can,0,3,0.0,11.0
2026-09-04,chl,0,1,0.0,11.0
2026-09-04,chn,0,1,0.0,1.0
2026-09-04,col,0,5,0.0,8.4
2026-09-04,cri,0,1,0.0,3.0
2026-09-04,cuw,0,1,0.0,12.0
2026-09-04,deu,0,5,0.0,19.4
2026-09-04,dom,0,1,0.0,8.0
2026-09-04,ecu,0,1,0.0,6.0
2026-09-04,egy,0,1,0.0,17.0
2026-09-04,esp,0,4,0.0,7.0
2026-09-04,eth,0,1,0.0,29.0
2026-09-04,fin,0,1,0.0,7.0
2026-09-04,fra,0,8,0.0,6.125
2026-09-04,gbr,0,12,0.0,6.75
2026-09-04,grc,0,1,0.0,8.0
2026-09-04,hun,0,1,0.0,7.0
2026-09-04,idn,0,4,0.0,23.0
2026-09-04,irl,0,2,0.0,1.0
2026-09-04,ita,0,2,0.0,10.5
2026-09-04,jpn,0,2,0.0,19.5
2026-09-04,khm,0,1,0.0,59.0
2026-09-04,kor,0,1,0.0,37.0
2026-09-04,lao,0,1,0.0,8.0
2026-09-04,lux,0,1,0.0,9.0
2026-09-04,mex,0,2,0.0,9.0
2026-09-04,moz,0,3,0.0,1.3333333333333333
2026-09-04,nga,0,1,0.0,11.0
2026-09-04,nld,0,4,0.0,8.75
2026-09-04,omn,0,1,0.0,2.0
2026-09-04,pak,0,1,0.0,1.0
2026-09-04,per,0,4,0.0,5.25
2026-09-04,phl,0,2,0.0,16.5
2026-09-04,prt,0,3,0.0,12.333333333333334
2026-09-04,pry,0,1,0.0,15.0
2026-09-04,sgp,0,2,0.0,10.0
2026-09-04,tur,0,1,0.0,7.0
2026-09-04,twn,0,2,0.0,29.0
2026-09-04,ury,0,1,0.0,7.0
2026-09-04,ven,0,6,0.0,3.5
2026-09-04,vnm,0,3,0.0,48.666666666666664
2026-09-04,zaf,0,1,0.0,11.0
2026-09-05,ago,0,3,0.0,7.666666666666667
2026-09-05,are,0,2,0.0,5.5
2026-09-05,arg,0,11,0.0,19.727272727272727
2026-09-05,aus,0,2,0.0,34.5
2026-09-05,bel,0,1,0.0,6.0
2026-09-05,bgr,0,1,0.0,11.0
2026-09-05,can,0,3,0.0,8.333333333333332
2026-09-05,che,0,1,0.0,7.0
2026-09-05,chn,0,1,0.0,7.0
2026-09-05,col,0,5,0.0,9.0
2026-09-05,cze,0,2,0.0,10.0
2026-09-05,deu,0,4,0.0,10.0
2026-09-05,dom,0,1,0.0,8.0
2026-09-05,dza,0,1,0.0,7.0
2026-09-05,esp,0,10,0.0,7.2
2026-09-05,fra,0,3,0.0,2.333333333333333
2026-09-05,gbr,0,10,0.0,14.2
2026-09-05,gha,0,1,0.0,20.0
2026-09-05,grc,0,1,0.0,3.0
2026-09-05,gtm,0,1,0.0,15.0
2026-09-05,hrv,0,1,0.0,4.0
2026-09-05,idn,0,3,0.0,4.0
2026-09-05,ind,0,5,0.0,19.6
2026-09-05,irl,0,1,0.0,22.0
2026-09-05,isr,0,1,0.0,8.0
2026-09-05,ita,0,2,0.0,7.5
2026-09-05,jpn,0,2,0.0,12.5
2026-09-05,kor,0,6,0.0,4.333333333333334
2026-09-05,mar,0,1,0.0,10.0
2026-09-05,mex,0,7,0.0,9.428571428571429
2026-09-05,mmr,0,1,0.0,1.0
2026-09-05,mne,0,1,0.0,9.0
2026-09-05,moz,0,4,0.0,4.75
2026-09-05,mys,0,1,0.0,9.0
2026-09-05,nga,0,4,0.0,5.25
2026-09-05,nld,0,4,0.0,8.5
2026-09-05,phl,0,1,0.0,54.0
2026-09-05,prt,0,16,0.0,8.0
2026-09-05,pry,0,1,0.0,7.0
2026-09-05,pyf,0,1,0.0,2.0
2026-09-05,rou,0,1,0.0,8.0
2026-09-05,rus,0,1,0.0,14.0
2026-09-05,sgp,0,1,0.0,6.0
2026-09-05,sur,0,1,0.0,6.0
2026-09-05,swe,0,2,0.0,6.5
2026-09-05,syr,0,1,0.0,1.0
2026-09-05,tha,0,2,0.0,19.5
2026-09-05,tur,0,3,0.0,8.0
2026-09-05,usa,0,100,0.0,6.15
2026-09-05,ven,0,1,0.0,6.0
2026-09-05,zaf,0,1,0.0,13.0
2026-09-06,ago,0,1,0.0,2.0
2026-09-06,arg,0,9,0.0,16.444444444444443
2026-09-06,aus,0,2,0.0,2.5
2026-09-06,aut,0,1,0.0,30.0
2026-09-06,bel,0,1,0.0,6.0
2026-09-06,bgd,0,2,0.0,12.0
2026-09-06,bih,0,1,0.0,10.0
2026-09-06,bol,0,1,0.0,81.0
2026-09-06,can,0,3,0.0,18.0
2026-09-06,chl,0,5,0.0,20.6
2026-09-06,civ,0,1,0.0,6.0
2026-09-06,col,0,1,0.0,3.0
2026-09-06,cpv,0,1,0.0,8.0
2026-09-06,cze,0,3,0.0,7.666666666666667
2026-09-06,deu,0,1,0.0,6.0
2026-09-06,ecu,0,1,0.0,2.0
2026-09-06,egy,0,2,0.0,49.0
2026-09-06,esp,0,7,0.0,19.285714285714285
2026-09-06,fra,0,4,0.0,12.0
2026-09-06,gbr,0,5,0.0,4.6
2026-09-06,geo,0,1,0.0,6.0
2026-09-06,grc,0,2,0.0,8.0
2026-09-06,idn,0,11,0.0,33.81818181818182
2026-09-06,ind,0,9,0.0,32.111111111111114
2026-09-06,irl,0,1,0.0,9.0
2026-09-06,irn,0,1,0.0,1.0
2026-09-06,ita,0,2,0.0,15.5
2026-09-06,jpn,0,5,0.0,16.0
2026-09-06,khm,0,1,0.0,9.0
2026-09-06,kor,0,4,0.0,20.5
2026-09-06,kwt,0,1,0.0,25.0
2026-09-06,mdg,0,1,0.0,4.0
2026-09-06,mex,0,1,0.0,5.0
2026-09-06,moz,0,2,0.0,2.0
2026-09-06,mys,0,3,0.0,16.0
2026-09-06,nga,0,1,0.0,1.0
2026-09-06,pak,0,3,0.0,24.0
2026-09-06,phl,0,4,0.0,20.25
2026-09-06,pol,0,1,0.0,10.0
2026-09-06,prt,0,7,0.0,6.142857142857143
2026-09-06,pry,0,2,0.0,8.0
2026-09-06,rus,0,5,0.0,6.4
2026-09-06,sgp,0,1,0.0,2.0
2026-09-06,svk,0,1,0.0,2.0
2026-09-06,swe,0,1,0.0,9.0
2026-09-06,tha,0,1,0.0,29.0
2026-09-06,twn,0,2,0.0,9.5
2026-09-06,ukr,0,2,0.0,49.0
2026-09-06,usa,0,65,0.0,9.430769230769231
2026-09-06,vnm,0,3,0.0,13.0
2026-09-06,zaf,0,2,0.0,26.0
2026-09-07,arg,0,12,0.0,7.666666666666667
2026-09-07,aus,0,3,0.0,28.666666666666668
2026-09-07,aze,0,1,0.0,30.0
2026-09-07,bol,0,1,0.0,7.0
2026-09-07,can,0,4,0.0,20.5
2026-09-07,chn,0,2,0.0,5.5
2026-09-07,deu,0,1,0.0,6.0
2026-09-07,dnk,0,2,0.0,6.5
2026-09-07,ecu,0,3,0.0,8.333333333333332
2026-09-07,esp,0,1,0.0,6.0
2026-09-07,est,0,1,0.0,10.0
2026-09-07,fra,0,4,0.0,7.25
2026-09-07,gbr,0,4,0.0,7.0
2026-09-07,hrv,0,1,0.0,5.0
2026-09-07,idn,0,3,0.0,8.333333333333332
2026-09-07,irl,0,1,0.0,18.0
2026-09-07,irn,0,2,0.0,23.0
2026-09-07,ita,0,2,0.0,19.5
2026-09-07,jpn,0,2,0.0,20.0
2026-09-07,kor,0,4,0.0,2.25
2026-09-07,kwt,0,1,0.0,18.0
2026-09-07,ltu,0,1,0.0,8.0
2026-09-07,mar,0,1,0.0,3.0
2026-09-07,mex,0,1,0.0,1.0
2026-09-07,mlt,0,1,0.0,10.0
2026-09-07,moz,0,2,0.0,7.5
2026-09-07,nld,0,4,0.0,8.75
2026-09-07,npl,0,1,0.0,1.0
2026-09-07,pak,0,2,0.0,8.0
2026-09-07,per,0,3,0.0,7.0
2026-09-07,phl,0,5,0.0,26.0
2026-09-07,pol,0,2,0.0,11.0
2026-09-07,prt,0,13,0.0,6.076923076923077
2026-09-07,pry,0,3,0.0,12.666666666666666
2026-09-07,rou,0,1,0.0,11.0
2026-09-07,sgp,0,1,0.0,8.0
2026-09-07,twn,0,6,0.0,2.166666666666667
2026-09-07,usa,0,100,0.0,9.82
2026-09-07,vnm,0,3,0.0,30.666666666666668
2026-09-07,zaf,0,1,0.0,4.0
2026-09-07,zmb,0,1,0.0,1.0
2026-09-08,ago,0,9,0.0,5.333333333333333
2026-09-08,alb,0,1,0.0,6.0
2026-09-08,are,0,2,0.0,9.5
2026-09-08,arg,0,6,0.0,24.333333333333332
2026-09-08,aus,0,4,0.0,24.75
2026-09-08,aut,0,1,0.0,9.0
2026-09-08,bgd,0,1,0.0,17.0
2026-09-08,bol,0,2,0.0,35.5
2026-09-08,can,0,2,0.0,8.5
2026-09-08,che,0,1,0.0,11.0
2026-09-08,chl,0,4,0.0,5.75
2026-09-08,chn,0,1,0.0,8.0
2026-09-08,cod,0,1,0.0,27.0
2026-09-08,col,0,5,0.0,17.4
2026-09-08,deu,0,4,0.0,16.25
2026-09-08,ecu,0,3,0.0,7.333333333333333
2026-09-08,egy,0,2,0.0,7.0
2026-09-08,esp,0,4,0.0,2.25
2026-09-08,fin,0,1,0.0,9.0
2026-09-08,fra,0,6,0.0,4.166666666666666
2026-09-08,gbr,0,7,0.0,6.142857142857143
2026-09-08,grc,0,4,0.0,6.5
2026-09-08,idn,0,1,0.0,19.0
2026-09-08,irn,0,1,0.0,10.0
2026-09-08,irq,0,2,0.0,20.5
2026-09-08,ita,0,5,0.0,6.4
2026-09-08,jpn,0,2,0.0,24.0
2026-09-08,khm,0,1,0.0,8.0
2026-09-08,kor,0,6,0.0,6.666666666666667
2026-09-08,mar,0,1,0.0,26.0
2026-09-08,mex,0,3,0.0,7.333333333333333
2026-09-08,mmr,0,1,0.0,1.0
2026-09-08,mys,0,2,0.0,7.5
2026-09-08,ncl,0,1,0.0,8.0
2026-09-08,nga,0,1,0.0,1.0
2026-09-08,nld,0,4,0.0,7.75
2026-09-08,nor,0,1,0.0,10.0
2026-09-08,pak,0,5,0.0,20.8
2026-09-08,pan,0,2,0.0,5.0
2026-09-08,per,0,1,0.0,4.0
2026-09-08,phl,0,9,0.0,50.44444444444444
2026-09-08,pol,0,2,0.0,11.0
2026-09-08,prt,0,15,0.0,8.333333333333332
2026-09-08,pry,0,3,0.0,4.0
2026-09-08,rou,0,1,0.0,10.0
2026-09-08,rus,0,1,0.0,10.0
2026-09-08,swe,0,2,0.0,12.0
2026-09-08,tur,0,1,0.0,5.0
2026-09-08,twn,0,1,0.0,2.0
2026-09-08,usa,0,154,0.0,5.714285714285714
2026-09-08,ven,0,4,0.0,8.25
2026-09-08,vnm,0,2,0.0,12.5
2026-09-09,ago,0,5,0.0,5.4
2026-09-09,arg,0,4,0.0,5.25
2026-09-09,aus,0,1,0.0,12.0
2026-09-09,aut,0,1,0.0,3.0
2026-09-09,bel,0,2,0.0,7.5
2026-09-09,caf,0,1,0.0,10.0
2026-09-09,can,0,4,0.0,9.5
2026-09-09,che,0,3,0.0,8.333333333333332
2026-09-09,chl,0,3,0.0,4.666666666666666
2026-09-09,chn,0,6,0.0,6.0
2026-09-09,civ,0,2,0.0,5.5
2026-09-09,cze,0,1,0.0,6.0
2026-09-09,deu,0,1,0.0,3.0
2026-09-09,dza,0,2,0.0,12.5
2026-09-09,esp,0,5,0.0,6.6
2026-09-09,fra,0,10,0.0,7.7
2026-09-09,gbr,0,12,0.0,7.25
2026-09-09,grc,0,1,0.0,3.0
2026-09-09,hkg,0,1,0.0,8.0
2026-09-09,idn,0,1,0.0,8.0
2026-09-09,ind,0,3,0.0,17.666666666666668
2026-09-09,irl,0,1,0.0,6.0
2026-09-09,ita,0,4,0.0,4.75
2026-09-09,jpn,0,1,0.0,8.0
2026-09-09,kgz,0,1,0.0,5.0
2026-09-09,kor,0,4,0.0,18.5
2026-09-09,lka,0,1,0.0,5.0
2026-09-09,lva,0,1,0.0,8.0
2026-09-09,mex,0,3,0.0,4.0
2026-09-09,nld,0,1,0.0,7.0
2026-09-09,pak,0,3,0.0,7.0
2026-09-09,per,0,2,0.0,10.5
2026-09-09,phl,0,1,0.0,63.0
2026-09-09,pol,0,3,0.0,10.666666666666666
2026-09-09,prt,0,11,0.0,8.636363636363637
2026-09-09,pry,0,3,0.0,6.666666666666667
2026-09-09,sau,0,1,0.0,2.0
2026-09-09,sgp,0,1,0.0,6.0
2026-09-09,sur,0,2,0.0,4.5
2026-09-09,svk,0,2,0.0,6.5
2026-09-09,swe,0,1,0.0,1.0
2026-09-09,tha,0,1,0.0,1.0
2026-09-09,tun,0,1,0.0,6.0
2026-09-09,tur,0,1,0.0,10.0
2026-09-09,twn,0,2,0.0,5.5
2026-09-09,uga,0,1,0.0,1.0
2026-09-09,ukr,0,1,0.0,4.0
2026-09-09,ury,0,1,0.0,7.0
2026-09-09,ven,0,1,0.0,9.0
2026-09-09,vnm,0,6,0.0,9.333333333333334
2026-09-10,are,0,3,0.0,5.333333333333333
2026-09-10,arg,0,5,0.0,7.4
2026-09-10,aus,0,1,0.0,2.0
2026-09-10,aut,0,1,0.0,8.0
2026-09-10,bgd,0,1,0.0,10.0
2026-09-10,bih,0,1,0.0,9.0
2026-09-10,bol,0,1,0.0,18.0
2026-09-10,bwa,0,1,0.0,8.0
2026-09-10,can,0,3,0.0,10.0
2026-09-10,che,0,1,0.0,3.0
2026-09-10,chl,0,5,0.0,8.2
2026-09-10,chn,0,1,0.0,2.0
2026-09-10,cog,0,1,0.0,5.0
2026-09-10,col,0,2,0.0,5.0
2026-09-10,cze,0,1,0.0,7.0
2026-09-10,deu,0,2,0.0,6.5
2026-09-10,dnk,0,1,0.0,10.0
2026-09-10,esp,0,2,0.0,13.0
2026-09-10,eth,0,1,0.0,6.0
2026-09-10,fra,0,4,0.0,2.0
2026-09-10,gbr,0,7,0.0,7.428571428571429
2026-09-10,gtm,0,2,0.0,6.0
2026-09-10,idn,0,3,0.0,16.0
2026-09-10,ind,0,3,0.0,5.0
2026-09-10,irl,0,4,0.0,6.5
2026-09-10,irn,0,1,0.0,4.0
2026-09-10,ita,0,2,0.0,4.0
2026-09-10,jpn,0,2,0.0,8.5
2026-09-10,kor,0,7,0.0,8.0
2026-09-10,kwt,0,1,0.0,12.0
2026-09-10,ltu,0,1,0.0,13.0
2026-09-10,mex,0,4,0.0,4.0
2026-09-10,mmr,0,1,0.0,17.0
2026-09-10,moz,0,1,0.0,4.0
2026-09-10,mus,0,1,0.0,7.0
2026-09-10,mys,0,1,0.0,29.0
2026-09-10,nga,0,3,0.0,9.333333333333334
2026-09-10,nld,0,1,0.0,10.0
2026-09-10,nzl,0,1,0.0,8.0
2026-09-10,per,0,1,0.0,8.0
2026-09-10,png,0,1,0.0,11.0
2026-09-10,prt,0,13,0.0,8.23076923076923
2026-09-10,pry,0,2,0.0,19.0
2026-09-10,rus,0,1,0.0,24.0
2026-09-10,rwa,0,1,0.0,1.0
2026-09-10,srb,0,1,0.0,7.0
2026-09-10,svk,0,1,0.0,2.0
2026-09-10,tun,0,1,0.0,2.0
2026-09-10,ury,0,1,0.0,2.0
2026-09-10,vnm,0,1,0.0,8.0
2026-09-11,ago,0,4,0.0,8.5
2026-09-11,are,0,1,0.0,7.0
2026-09-11,arg,0,5,0.0,7.6
2026-09-11,aus,0,2,0.0,2.0
2026-09-11,aze,0,1,0.0,3.0
2026-09-11,bel,0,3,0.0,9.666666666666666
2026-09-11,bgd,0,2,0.0,3.0
2026-09-11,bol,0,1,0.0,9.0
2026-09-11,caf,0,1,0.0,10.0
2026-09-11,can,0,3,0.0,4.333333333333334
2026-09-11,che,0,2,0.0,7.0
2026-09-11,chl,0,4,0.0,5.0
2026-09-11,cod,0,1,0.0,2.0
2026-09-11,col,0,3,0.0,4.333333333333334
2026-09-11,deu,0,4,0.0,7.25
2026-09-11,dom,0,1,0.0,3.0
2026-09-11,ecu,0,3,0.0,9.0
2026-09-11,esp,0,2,0.0,7.5
2026-09-11,fra,0,3,0.0,2.0
2026-09-11,gbr,0,5,0.0,19.4
2026-09-11,grc,0,2,0.0,5.5
2026-09-11,gtm,0,1,0.0,11.0
2026-09-11,hun,0,1,0.0,6.0
2026-09-11,idn,0,3,0.0,20.333333333333332
2026-09-11,ind,0,3,0.0,16.0
2026-09-11,irn,0,2,0.0,2.5
2026-09-11,ita,0,7,0.0,4.428571428571429
2026-09-11,jpn,0,2,0.0,7.5
2026-09-11,kor,0,4,0.0,5.75
2026-09-11,kwt,0,1,0.0,7.0
2026-09-11,mar,0,1,0.0,8.0
2026-09-11,mex,0,4,0.0,3.75
2026-09-11,moz,0,2,0.0,4.0
2026-09-11,pak,0,1,0.0,8.0
2026-09-11,pan,0,2,0.0,9.0
2026-09-11,per,0,5,0.0,6.2
2026-09-11,phl,0,1,0.0,1.0
2026-09-11,pol,0,2,0.0,13.5
2026-09-11,prt,0,9,0.0,13.333333333333334
2026-09-11,pry,0,3,0.0,37.333333333333336
2026-09-11,rou,0,2,0.0,14.0
2026-09-11,rus,0,3,0.0,8.0
2026-09-11,sau,0,1,0.0,10.0
2026-09-11,sgp,0,1,0.0,1.0
2026-09-11,slv,0,1,0.0,10.0
2026-09-11,sur,0,3,0.0,11.0
2026-09-11,tur,0,4,0.0,5.0
2026-09-11,twn,0,1,0.0,2.0
2026-09-11,ury,0,1,0.0,2.0
2026-09-11,usa,0,124,0.0,7.32258064516129
2026-09-11,vnm,0,2,0.0,4.5
2026-09-11,zaf,0,2,0.0,4.0
2026-09-12,ago,0,4,0.0,7.0
2026-09-12,are,0,1,0.0,2.0
2026-09-12,arg,0,6,0.0,5.166666666666667
2026-09-12,aus,0,1,0.0,2.0
2026-09-12,bel,0,2,0.0,3.5
2026-09-12,can,0,1,0.0,76.0
2026-09-12,che,0,1,0.0,11.0
2026-09-12,chl,0,5,0.0,4.8
2026-09-12,col,0,2,0.0,16.0
2026-09-12,cub,0,2,0.0,36.0
2026-09-12,cze,0,1,0.0,13.0
2026-09-12,deu,0,3,0.0,16.0
2026-09-12,dnk,0,1,0.0,9.0
2026-09-12,dom,0,3,0.0,4.0
2026-09-12,egy,0,1,0.0,10.0
2026-09-12,esp,0,5,0.0,8.4
2026-09-12,fra,0,5,0.0,9.0
2026-09-12,gbr,0,16,0.0,12.4375
2026-09-12,gtm,0,1,0.0,37.0
2026-09-12,hnd,0,1,0.0,2.0
2026-09-12,idn,0,1,0.0,3.0
2026-09-12,ind,0,13,0.0,19.23076923076923
2026-09-12,irl,0,1,0.0,10.0
2026-09-12,ita,0,7,0.0,12.285714285714286
2026-09-12,jpn,0,1,0.0,6.0
2026-09-12,kor,0,1,0.0,8.0
2026-09-12,kwt,0,1,0.0,11.0
2026-09-12,mar,0,2,0.0,13.5
2026-09-12,mex,0,7,0.0,8.285714285714285
2026-09-12,moz,0,4,0.0,5.25
2026-09-12,mys,0,1,0.0,7.0
2026-09-12,nga,0,2,0.0,9.0
2026-09-12,nld,0,3,0.0,9.333333333333334
2026-09-12,nor,0,1,0.0,11.0
2026-09-12,pak,0,1,0.0,10.0
2026-09-12,per,0,3,0.0,6.666666666666667
2026-09-12,phl,0,1,0.0,2.0
2026-09-12,prt,0,8,0.0,9.875
2026-09-12,pry,0,1,0.0,22.0
2026-09-12,rou,0,2,0.0,12.5
2026-09-12,rus,0,1,0.0,6.0
2026-09-12,sgp,0,1,0.0,2.0
2026-09-12,sur,0,1,0.0,10.0
2026-09-12,swe,0,2,0.0,37.0
2026-09-12,tto,0,1,0.0,15.0
2026-09-12,ury,0,3,0.0,11.0
2026-09-12,usa,0,96,0.0,9.34375
2026-09-12,vnm,0,3,0.0,14.333333333333334
2026-09-12,zaf,0,2,0.0,7.5
2026-09-13,ago,0,1,0.0,8.0
2026-09-13,are,0,1,0.0,9.0
2026-09-13,arg,0,7,0.0,16.285714285714285
2026-09-13,aus,0,6,0.0,14.833333333333334
2026-09-13,aut,0,1,0.0,5.0
2026-09-13,aze,0,1,0.0,71.0
2026-09-13,bel,0,2,0.0,13.0
2026-09-13,bgd,0,2,0.0,28.5
2026-09-13,can,0,2,0.0,21.0
2026-09-13,che,0,2,0.0,9.0
2026-09-13,chl,0,1,0.0,18.0
2026-09-13,col,0,2,0.0,8.5
2026-09-13,cri,0,1,0.0,49.0
2026-09-13,deu,0,5,0.0,6.0
2026-09-13,dza,0,1,0.0,2.0
2026-09-13,ecu,0,1,0.0,61.0
2026-09-13,esp,0,5,0.0,6.6
2026-09-13,est,0,1,0.0,7.0
2026-09-13,fra,0,8,0.0,20.375
2026-09-13,gbr,0,8,0.0,6.125
2026-09-13,geo,0,1,0.0,8.0
2026-09-13,gha,0,1,0.0,8.0
2026-09-13,grc,0,1,0.0,5.0
2026-09-13,hkg,0,1,0.0,3.0
2026-09-13,hti,0,1,0.0,9.0
2026-09-13,idn,0,3,0.0,36.666666666666664
2026-09-13,ind,0,9,0.0,30.0
2026-09-13,irl,0,1,0.0,2.0
2026-09-13,ita,0,1,0.0,2.0
2026-09-13,jor,0,1,0.0,12.0
2026-09-13,jpn,0,1,0.0,9.0
2026-09-13,kor,0,3,0.0,15.0
2026-09-13,kwt,0,1,0.0,34.0
2026-09-13,lso,0,1,0.0,1.0
2026-09-13,ltu,0,3,0.0,7.0
2026-09-13,mar,0,1,0.0,12.0
2026-09-13,mex,0,5,0.0,13.2
2026-09-13,moz,0,1,0.0,2.0
2026-09-13,mys,0,1,0.0,3.0
2026-09-13,nga,0,3,0.0,1.3333333333333333
2026-09-13,nld,0,5,0.0,7.6
2026-09-13,nor,0,1,0.0,8.0
2026-09-13,pak,0,6,0.0,16.5
2026-09-13,pol,0,4,0.0,6.0
2026-09-13,prt,0,9,0.0,16.11111111111111
2026-09-13,pry,0,1,0.0,6.0
2026-09-13,rou,0,1,0.0,9.0
2026-09-13,rus,0,1,0.0,27.0
2026-09-13,sau,0,2,0.0,6.0
2026-09-13,sgp,0,1,0.0,7.0
2026-09-13,slv,0,2,0.0,7.5
2026-09-13,tcd,0,1,0.0,1.0
2026-09-13,tha,0,1,0.0,6.0
2026-09-13,tza,0,1,0.0,1.0
2026-09-13,ury,0,1,0.0,9.0
2026-09-13,usa,0,82,0.0,8.512195121951219
2026-09-13,uzb,0,1,0.0,7.0
2026-09-13,vnm,0,3,0.0,7.0
2026-09-13,zaf,0,1,0.0,10.0
2026-09-14,ago,0,1,0.0,5.0
2026-09-14,alb,0,2,0.0,45.0
2026-09-14,are,0,4,0.0,5.0
2026-09-14,arg,0,8,0.0,11.875
2026-09-14,arm,0,1,0.0,14.0
2026-09-14,aus,0,3,0.0,2.0
2026-09-14,bel,0,2,0.0,2.0
2026-09-14,bgd,0,4,0.0,15.25
2026-09-14,can,0,1,0.0,5.0
2026-09-14,chl,0,2,0.0,6.5
2026-09-14,cod,0,1,0.0,40.0
2026-09-14,col,0,2,0.0,14.5
2026-09-14,cri,0,1,0.0,42.0
2026-09-14,cub,0,1,0.0,9.0
2026-09-14,dom,0,1,0.0,50.0
2026-09-14,ecu,0,1,0.0,11.0
2026-09-14,esp,0,5,0.0,9.6
2026-09-14,fra,0,9,0.0,4.888888888888889
2026-09-14,gbr,0,4,0.0,7.5
2026-09-14,glp,0,1,0.0,10.0
2026-09-14,grc,0,1,0.0,11.0
2026-09-14,gtm,0,1,0.0,11.0
2026-09-14,hkg,0,2,0.0,15.5
2026-09-14,idn,0,1,0.0,2.0
2026-09-14,ind,0,12,0.0,11.583333333333334
2026-09-14,irl,0,2,0.0,3.0
2026-09-14,irq,0,2,0.0,20.5
2026-09-14,ita,0,1,0.0,10.0
2026-09-14,jpn,0,1,0.0,9.0
2026-09-14,khm,0,1,0.0,5.0
2026-09-14,kor,0,6,0.0,5.5
2026-09-14,lbn,0,1,0.0,6.0
2026-09-14,ltu,0,3,0.0,3.6666666666666665
2026-09-14,mex,0,2,0.0,4.0
2026-09-14,moz,0,2,0.0,5.0
2026-09-14,nga,0,1,0.0,9.0
2026-09-14,nld,0,6,0.0,10.0
2026-09-14,pak,0,1,0.0,8.0
2026-09-14,per,0,7,0.0,6.285714285714286
2026-09-14,phl,0,1,0.0,7.0
2026-09-14,pol,0,1,0.0,81.0
2026-09-14,pri,0,1,0.0,8.0
2026-09-14,prt,0,12,0.0,8.75
2026-09-14,pry,0,3,0.0,6.0
2026-09-14,rou,0,1,0.0,66.0
2026-09-14,rus,0,5,0.0,46.6
2026-09-14,sau,0,1,0.0,4.0
2026-09-14,sgp,0,1,0.0,1.0
2026-09-14,srb,0,1,0.0,2.0
2026-09-14,sur,0,1,0.0,14.0
2026-09-14,swe,0,1,0.0,7.0
2026-09-14,sxm,0,1,0.0,10.0
2026-09-14,tha,0,4,0.0,10.25
2026-09-14,tto,0,1,0.0,7.0
2026-09-14,twn,0,1,0.0,2.0
2026-09-14,uga,0,3,0.0,1.0
2026-09-14,ury,0,1,0.0,9.0
2026-09-14,ven,0,2,0.0,28.5
2026-09-14,xkk,0,1,0.0,94.0
2026-09-14,zaf,0,1,0.0,40.0
2026-09-15,are,0,2,0.0,9.0
2026-09-15,arg,0,7,0.0,13.857142857142858
2026-09-15,aus,0,1,0.0,10.0
2026-09-15,aut,0,1,0.0,7.0
2026-09-15,bol,0,3,0.0,7.666666666666667
2026-09-15,che,0,2,0.0,4.0
2026-09-15,chl,0,3,0.0,7.666666666666667
2026-09-15,chn,0,1,0.0,8.0
2026-09-15,col,0,1,0.0,5.0
2026-09-15,deu,0,4,0.0,6.25
2026-09-15,dnk,0,1,0.0,10.0
2026-09-15,dom,0,1,0.0,8.0
2026-09-15,egy,0,1,0.0,24.0
2026-09-15,esp,0,3,0.0,4.0
2026-09-15,fra,0,9,0.0,7.444444444444445
2026-09-15,gbr,0,5,0.0,3.4
2026-09-15,gha,0,1,0.0,11.0
2026-09-15,grc,0,1,0.0,49.0
2026-09-15,gtm,0,1,0.0,5.0
2026-09-15,hkg,0,1,0.0,3.0
2026-09-15,hrv,0,2,0.0,5.5
2026-09-15,hun,0,1,0.0,2.0
2026-09-15,idn,0,7,0.0,25.0
2026-09-15,ind,0,8,0.0,6.5
2026-09-15,ita,0,1,0.0,7.0
2026-09-15,jpn,0,1,0.0,10.0
2026-09-15,kor,0,5,0.0,14.0
2026-09-15,lao,0,1,0.0,4.0
2026-09-15,ltu,0,1,0.0,1.0
2026-09-15,mda,0,2,0.0,3.0
2026-09-15,mex,0,4,0.0,20.0
2026-09-15,mlt,0,1,0.0,5.0
2026-09-15,mne,0,1,0.0,5.0
2026-09-15,nga,0,2,0.0,3.0
2026-09-15,nld,0,3,0.0,6.333333333333333
2026-09-15,pan,0,1,0.0,3.0
2026-09-15,per,0,2,0.0,4.0
2026-09-15,phl,0,2,0.0,19.5
2026-09-15,pol,0,2,0.0,28.0
2026-09-15,prt,0,14,0.0,9.928571428571429
2026-09-15,pry,0,1,0.0,7.0
2026-09-15,rou,0,1,0.0,9.0
2026-09-15,sau,0,5,0.0,9.4
2026-09-15,sgp,0,1,0.0,7.0
2026-09-15,tha,0,1,0.0,29.0
2026-09-15,uga,0,3,0.0,4.333333333333334
2026-09-15,ury,0,1,0.0,9.0
2026-09-15,usa,0,155,0.0,6.709677419354839
2026-09-15,uzb,0,1,0.0,21.0
2026-09-15,ven,0,2,0.0,24.0
2026-09-15,vnm,0,3,0.0,4.333333333333334
2026-09-15,zaf,0,1,0.0,1.0
2026-09-16,ago,0,1,0.0,6.0
2026-09-16,arg,0,5,0.0,38.6
2026-09-16,aus,0,2,0.0,10.0
2026-09-16,bgd,0,5,0.0,9.0
2026-09-16,bol,0,1,0.0,8.0
2026-09-16,can,0,5,0.0,18.2
2026-09-16,che,0,1,0.0,3.0
2026-09-16,chl,0,6,0.0,9.333333333333334
2026-09-16,chn,0,1,0.0,8.0
2026-09-16,cpv,0,1,0.0,15.0
2026-09-16,cri,0,1,0.0,8.0
2026-09-16,deu,0,6,0.0,4.666666666666666
2026-09-16,dnk,0,1,0.0,10.0
2026-09-16,ecu,0,4,0.0,28.25
2026-09-16,esp,0,6,0.0,11.833333333333334
2026-09-16,fra,0,3,0.0,5.0
2026-09-16,gbr,0,8,0.0,8.0
2026-09-16,grc,0,2,0.0,1.5
2026-09-16,hkg,0,1,0.0,6.0
2026-09-16,idn,0,6,0.0,25.5
2026-09-16,ind,0,6,0.0,7.666666666666667
2026-09-16,ita,0,7,0.0,6.714285714285714
2026-09-16,khm,0,1,0.0,13.0
2026-09-16,kor,0,4,0.0,7.0
2026-09-16,lbn,0,1,0.0,6.0
2026-09-16,lux,0,1,0.0,8.0
2026-09-16,mda,0,2,0.0,5.0
2026-09-16,mex,0,7,0.0,5.571428571428571
2026-09-16,mys,0,2,0.0,7.0
2026-09-16,nga,0,1,0.0,10.0
2026-09-16,per,0,1,0.0,16.0
2026-09-16,prt,0,6,0.0,9.0
2026-09-16,pry,0,1,0.0,6.0
2026-09-16,sur,0,2,0.0,8.0
2026-09-16,svk,0,1,0.0,4.0
2026-09-16,swe,0,1,0.0,8.0
2026-09-16,tur,0,1,0.0,2.0
2026-09-16,twn,0,1,0.0,7.0
2026-09-16,ury,0,1,0.0,2.0
2026-09-16,usa,0,113,0.0,7.1946902654867255
2026-09-16,vnm,0,1,0.0,1.0
2026-09-17,ago,0,5,0.0,8.8
2026-09-17,are,0,1,0.0,16.0
2026-09-17,arm,0,1,0.0,10.0
2026-09-17,aus,0,1,0.0,10.0
2026-09-17,bel,0,1,0.0,3.0
2026-09-17,bgd,0,2,0.0,9.5
2026-09-17,bol,0,1,0.0,6.0
2026-09-17,can,0,3,0.0,7.333333333333333
2026-09-17,che,0,2,0.0,6.5
2026-09-17,chl,0,1,0.0,6.0
2026-09-17,chn,0,2,0.0,7.5
2026-09-17,civ,0,1,0.0,8.0
2026-09-17,col,0,5,0.0,5.8
2026-09-17,cyp,0,2,0.0,12.5
2026-09-17,deu,0,12,0.0,7.166666666666667
2026-09-17,dnk,0,1,0.0,10.0
2026-09-17,ecu,0,1,0.0,9.0
2026-09-17,esp,0,6,0.0,7.666666666666667
2026-09-17,fin,0,1,0.0,9.0
2026-09-17,fra,0,8,0.0,5.125
2026-09-17,gbr,0,8,0.0,8.75
2026-09-17,geo,0,2,0.0,6.5
2026-09-17,gtm,0,3,0.0,6.0
2026-09-17,ind,0,7,0.0,9.0
2026-09-17,isr,0,1,0.0,7.0
2026-09-17,ita,0,2,0.0,9.5
2026-09-17,jpn,0,1,0.0,1.0
2026-09-17,ken,0,1,0.0,5.0
2026-09-17,kgz,0,1,0.0,6.0
2026-09-17,kor,0,2,0.0,4.5
2026-09-17,kwt,0,1,0.0,4.0
2026-09-17,lka,0,1,0.0,11.0
2026-09-17,lux,0,3,0.0,4.0
2026-09-17,mdg,0,2,0.0,3.0
2026-09-17,mex,0,3,0.0,6.333333333333333
2026-09-17,mlt,0,1,0.0,2.0
2026-09-17,mne,0,1,0.0,3.0
2026-09-17,moz,0,1,0.0,1.0
2026-09-17,mwi,0,1,0.0,1.0
2026-09-17,nga,0,3,0.0,10.0
2026-09-17,nic,0,2,0.0,7.0
2026-09-17,nld,0,2,0.0,6.5
2026-09-17,nzl,0,2,0.0,32.0
2026-09-17,pak,0,1,0.0,1.0
2026-09-17,per,0,1,0.0,11.0
2026-09-17,prt,0,16,0.0,8.875
2026-09-17,pry,0,2,0.0,9.0
2026-09-17,rou,0,2,0.0,3.5
2026-09-17,sau,0,1,0.0,8.0
2026-09-17,sen,0,1,0.0,7.0
2026-09-17,sgp,0,2,0.0,7.5
2026-09-17,svk,0,2,0.0,7.0
2026-09-17,swe,0,1,0.0,9.0
2026-09-17,tur,0,3,0.0,8.666666666666668
2026-09-17,twn,0,2,0.0,3.0
2026-09-17,ury,0,2,0.0,8.0
2026-09-17,usa,0,112,0.0,5.919642857142857
2026-09-17,ven,0,2,0.0,9.0
2026-09-17,vnm,0,1,0.0,10.0
2026-09-17,xkk,0,1,0.0,7.0
2026-09-18,arg,0,5,0.0,8.4
2026-09-18,aze,0,1,0.0,5.0
2026-09-18,bel,0,1,0.0,5.0
2026-09-18,ben,0,1,0.0,5.0
2026-09-18,bgd,0,3,0.0,6.333333333333333
2026-09-18,bih,0,1,0.0,8.0
2026-09-18,caf,0,1,0.0,9.0
2026-09-18,can,0,3,0.0,5.333333333333333
2026-09-18,che,0,1,0.0,11.0
2026-09-18,chl,0,3,0.0,3.0
2026-09-18,chn,0,2,0.0,4.0
2026-09-18,civ,0,2,0.0,7.0
2026-09-18,col,0,3,0.0,7.666666666666667
2026-09-18,cpv,0,1,0.0,31.0
2026-09-18,deu,0,6,0.0,9.0
2026-09-18,egy,0,1,0.0,12.0
2026-09-18,esp,0,2,0.0,7.5
2026-09-18,fra,0,5,0.0,9.2
2026-09-18,idn,0,1,0.0,9.0
2026-09-18,ind,0,3,0.0,14.666666666666666
2026-09-18,irn,0,1,0.0,2.0
2026-09-18,irq,0,1,0.0,8.0
2026-09-18,isr,0,1,0.0,17.0
2026-09-18,kor,0,4,0.0,6.0
2026-09-18,kwt,0,2,0.0,6.0
2026-09-18,ltu,0,1,0.0,11.0
2026-09-18,mar,0,3,0.0,4.666666666666666
2026-09-18,moz,0,2,0.0,2.5
2026-09-18,mwi,0,1,0.0,3.0
2026-09-18,nor,0,1,0.0,27.0
2026-09-18,nzl,0,1,0.0,8.0
2026-09-18,per,0,3,0.0,7.0
2026-09-18,phl,0,2,0.0,6.0
2026-09-18,pol,0,1,0.0,11.0
2026-09-18,prt,0,13,0.0,8.153846153846153
2026-09-18,pry,0,4,0.0,11.25
2026-09-18,sau,0,1,0.0,5.0
2026-09-18,sgp,0,3,0.0,5.0
2026-09-18,srb,0,2,0.0,16.5
2026-09-18,svn,0,1,0.0,5.0
2026-09-18,swe,0,1,0.0,4.0
2026-09-18,tur,0,1,0.0,10.0
2026-09-18,ury,0,3,0.0,6.333333333333333
2026-09-19,are,0,1,0.0,4.0
2026-09-19,arg,0,2,0.0,10.0
2026-09-19,aus,0,2,0.0,61.5
2026-09-19,bgd,0,3,0.0,7.333333333333333
2026-09-19,bol,0,1,0.0,3.0
2026-09-19,can,0,5,0.0,28.4
2026-09-19,che,0,1,0.0,7.0
2026-09-19,chl,0,2,0.0,9.5
2026-09-19,col,0,1,0.0,5.0
2026-09-19,deu,0,4,0.0,6.0
2026-09-19,ecu,0,1,0.0,7.0
2026-09-19,esp,0,2,0.0,7.0
2026-09-19,fra,0,1,0.0,5.0
2026-09-19,gbr,0,6,0.0,8.0
2026-09-19,grc,0,1,0.0,22.0
2026-09-19,guf,0,1,0.0,3.0
2026-09-19,hkg,0,1,0.0,6.0
2026-09-19,hrv,0,1,0.0,4.0
2026-09-19,idn,0,1,0.0,7.0
2026-09-19,ind,0,3,0.0,5.0
2026-09-19,irl,0,1,0.0,3.0
2026-09-19,irn,0,1,0.0,8.0
2026-09-19,irq,0,1,0.0,89.0
2026-09-19,ita,0,7,0.0,14.428571428571429
2026-09-19,jpn,0,2,0.0,8.0
2026-09-19,kor,0,3,0.0,6.333333333333333
2026-09-19,ltu,0,2,0.0,9.5
2026-09-19,mdv,0,1,0.0,10.0
2026-09-19,mex,0,4,0.0,6.75
2026-09-19,moz,0,3,0.0,6.0
2026-09-19,nld,0,2,0.0,4.0
2026-09-19,nor,0,2,0.0,11.5
2026-09-19,nzl,0,2,0.0,5.5
2026-09-19,per,0,3,0.0,14.333333333333334
2026-09-19,phl,0,1,0.0,4.0
2026-09-19,pol,0,2,0.0,2.5
2026-09-19,pry,0,1,0.0,6.0
2026-09-19,pse,0,1,0.0,4.0
2026-09-19,qat,0,1,0.0,5.0
2026-09-19,sau,0,2,0.0,7.0
2026-09-19,sen,0,1,0.0,5.0
2026-09-19,twn,0,1,0.0,4.0
2026-09-19,ury,0,4,0.0,11.25
2026-09-19,usa,0,51,0.0,7.2745098039215685
2026-09-19,vnm,0,3,0.0,7.666666666666667
2026-09-20,ago,0,1,0.0,9.0
2026-09-20,are,0,1,0.0,6.0
2026-09-20,arg,0,4,0.0,9.25
2026-09-20,aus,0,1,0.0,14.0
2026-09-20,bel,0,2,0.0,6.0
2026-09-20,bgd,0,5,0.0,14.4
2026-09-20,blr,0,1,0.0,8.0
2026-09-20,bol,0,1,0.0,8.0
2026-09-20,can,0,5,0.0,12.2
2026-09-20,che,0,1,0.0,9.0
2026-09-20,col,0,4,0.0,15.25
2026-09-20,cri,0,1,0.0,9.0
2026-09-20,deu,0,1,0.0,1.0
2026-09-20,dom,0,4,0.0,8.25
2026-09-20,esp,0,3,0.0,5.666666666666667
2026-09-20,fra,0,1,0.0,8.0
2026-09-20,gbr,0,1,0.0,1.0
2026-09-20,hun,0,2,0.0,9.5
2026-09-20,idn,0,2,0.0,8.5
2026-09-20,ind,0,8,0.0,16.75
2026-09-20,irl,0,1,0.0,7.0
2026-09-20,isr,0,1,0.0,29.0
2026-09-20,ita,0,3,0.0,1.6666666666666665
2026-09-20,jor,0,1,0.0,22.0
2026-09-20,jpn,0,8,0.0,11.375
2026-09-20,kor,0,3,0.0,3.0
2026-09-20,ltu,0,3,0.0,1.0
2026-09-20,mex,0,4,0.0,7.5
2026-09-20,moz,0,1,0.0,6.0
2026-09-20,mrt,0,1,0.0,10.0
2026-09-20,nld,0,2,0.0,10.5
2026-09-20,nor,0,2,0.0,29.5
2026-09-20,per,0,1,0.0,3.0
2026-09-20,phl,0,4,0.0,6.0
2026-09-20,png,0,1,0.0,5.0
2026-09-20,prt,0,9,0.0,7.777777777777778
2026-09-20,pry,0,3,0.0,10.666666666666666
2026-09-20,rus,0,3,0.0,43.333333333333336
2026-09-20,sen,0,1,0.0,3.0
2026-09-20,sgp,0,1,0.0,3.0
2026-09-20,slv,0,1,0.0,7.0
2026-09-20,swe,0,1,0.0,12.0
2026-09-20,tha,0,1,0.0,7.0
2026-09-20,tun,0,1,0.0,15.0
2026-09-20,tur,0,2,0.0,6.5
2026-09-20,twn,0,1,0.0,3.0
2026-09-20,uga,0,2,0.0,1.0
2026-09-20,usa,0,41,0.0,10.048780487804878
2026-09-20,ven,0,1,0.0,6.0
2026-09-21,ago,0,1,0.0,6.0
2026-09-21,arg,0,8,0.0,15.375
2026-09-21,aus,0,2,0.0,39.5
2026-09-21,bgd,0,1,0.0,6.0
2026-09-21,blr,0,1,0.0,8.0
2026-09-21,can,0,4,0.0,6.25
2026-09-21,che,0,2,0.0,5.5
2026-09-21,chl,0,4,0.0,9.75
2026-09-21,chn,0,1,0.0,10.0
2026-09-21,civ,0,1,0.0,3.0
2026-09-21,cpv,0,1,0.0,8.0
2026-09-21,cze,0,1,0.0,10.0
2026-09-21,dom,0,1,0.0,8.0
2026-09-21,dza,0,1,0.0,6.0
2026-09-21,ecu,0,3,0.0,4.0
2026-09-21,esp,0,5,0.0,7.2
2026-09-21,fra,0,3,0.0,3.6666666666666665
2026-09-21,gbr,0,2,0.0,9.5
2026-09-21,gnb,0,1,0.0,1.0
2026-09-21,hkg,0,3,0.0,5.0
2026-09-21,idn,0,1,0.0,10.0
2026-09-21,ind,0,6,0.0,4.833333333333334
2026-09-21,irq,0,7,0.0,4.714285714285714
2026-09-21,isr,0,2,0.0,13.0
2026-09-21,ita,0,2,0.0,9.0
2026-09-21,jpn,0,3,0.0,12.0
2026-09-21,kor,0,6,0.0,4.166666666666666
2026-09-21,lao,0,1,0.0,7.0
2026-09-21,ltu,0,1,0.0,14.0
2026-09-21,mar,0,1,0.0,1.0
2026-09-21,mmr,0,1,0.0,5.0
2026-09-21,nga,0,1,0.0,9.0
2026-09-21,nic,0,2,0.0,10.0
2026-09-21,nld,0,1,0.0,4.0
2026-09-21,nzl,0,2,0.0,9.0
2026-09-21,phl,0,7,0.0,2.571428571428571
2026-09-21,pol,0,1,0.0,4.0
2026-09-21,pry,0,1,0.0,11.0
2026-09-21,rus,0,1,0.0,6.0
2026-09-21,sau,0,1,0.0,1.0
2026-09-21,sgp,0,1,0.0,8.0
2026-09-21,srb,0,1,0.0,48.0
2026-09-21,tha,0,2,0.0,5.0
2026-09-21,tun,0,1,0.0,16.0
2026-09-21,twn,0,1,0.0,4.0
2026-09-21,uga,0,5,0.0,10.0
2026-09-21,ury,0,2,0.0,5.5
2026-09-21,usa,0,38,0.0,7.526315789473684
2026-09-21,vnm,0,3,0.0,5.333333333333333
2026-09-21,zaf,0,1,0.0,4.0
2026-09-22,alb,0,1,0.0,10.0
2026-09-22,arg,0,10,0.0,15.3
2026-09-22,bel,0,1,0.0,1.0
2026-09-22,caf,0,2,0.0,8.5
2026-09-22,can,0,10,0.0,9.7
2026-09-22,che,0,2,0.0,4.5
2026-09-22,col,0,2,0.0,18.5
2026-09-22,cpv,0,1,0.0,8.0
2026-09-22,cze,0,2,0.0,7.0
2026-09-22,deu,0,3,0.0,14.333333333333334
2026-09-22,dom,0,2,0.0,9.5
2026-09-22,esp,0,3,0.0,10.0
2026-09-22,fra,0,2,0.0,1.5
2026-09-22,gbr,0,7,0.0,14.0
2026-09-22,gtm,0,2,0.0,31.5
2026-09-22,hkg,0,2,0.0,92.0
2026-09-22,idn,0,1,0.0,10.0
2026-09-22,ind,0,5,0.0,10.8
2026-09-22,irl,0,1,0.0,1.0
2026-09-22,irn,0,1,0.0,8.0
2026-09-22,ita,0,2,0.0,22.0
2026-09-22,jpn,0,1,0.0,12.0
2026-09-22,ken,0,1,0.0,64.0
2026-09-22,kor,0,4,0.0,7.25
2026-09-22,lux,0,1,0.0,5.0
2026-09-22,mex,0,1,0.0,6.0
2026-09-22,moz,0,5,0.0,1.0
2026-09-22,ner,0,1,0.0,8.0
2026-09-22,nic,0,1,0.0,6.0
2026-09-22,nld,0,5,0.0,9.0
2026-09-22,nor,0,2,0.0,4.5
2026-09-22,npl,0,1,0.0,11.0
2026-09-22,pak,0,1,0.0,40.0
2026-09-22,per,0,1,0.0,1.0
2026-09-22,phl,0,1,0.0,10.0
2026-09-22,pol,0,1,0.0,11.0
2026-09-22,prt,0,11,0.0,8.0
2026-09-22,pry,0,2,0.0,6.0
2026-09-22,rus,0,3,0.0,23.333333333333332
2026-09-22,tha,0,1,0.0,29.0
2026-09-22,tun,0,1,0.0,2.0
2026-09-22,tur,0,1,0.0,43.0
2026-09-22,ukr,0,1,0.0,96.0
2026-09-22,ury,0,2,0.0,10.0
2026-09-22,ven,0,1,0.0,11.0
