shopping,shopping_sigla,campanha_id,campanha,tipo_canal,data,impressoes,alcance,frequencia,custo,cliques,conversoes
GERAL,GERAL,21741027756,[APP INSTAL - GS],MULTI_CHANNEL,2025-09-10,273,203,1.3448275862068966,13.082161,16,8.0
GERAL,GERAL,21741027756,[APP INSTAL - GS],MULTI_CHANNEL,2025-09-11,179,123,1.4552845528455285,14.504519,19,7.0
GERAL,GERAL,21741027756,[APP INSTAL - GS],MULTI_CHANNEL,2025-09-12,333,230,1.4478260869565218,13.314203,19,5.0
GERAL,GERAL,21741027756,[APP INSTAL - GS],MULTI_CHANNEL,2025-09-13,242,191,1.2670157068062826,12.60896,21,8.0
GERAL,GERAL,21741027756,[APP INSTAL - GS],MULTI_CHANNEL,2025-09-14,354,246,1.4390243902439024,11.569426,20,5.0
GERAL,GERAL,21741027756,[APP INSTAL - GS],MULTI_CHANNEL,2025-09-15,424,291,1.4570446735395188,13.295349,39,17.0
GERAL,GERAL,21741027756,[APP INSTAL - GS],MULTI_CHANNEL,2025-09-16,266,185,1.4378378378378378,13.423069,20,4.0
GERAL,GERAL,21741027756,[APP INSTAL - GS],MULTI_CHANNEL,2025-09-17,438,310,1.4129032258064516,12.926491,24,4.0
GERAL,GERAL,21741027756,[APP INSTAL - GS],MULTI_CHANNEL,2025-09-18,448,329,1.3617021276595744,11.919156,30,17.0
GERAL,GERAL,21741027756,[APP INSTAL - GS],MULTI_CHANNEL,2025-09-19,130,87,1.4942528735632183,12.834613,15,7.0
GERAL,GERAL,21741027756,[APP INSTAL - GS],MULTI_CHANNEL,2025-09-20,286,170,1.6823529411764706,12.334986,24,13.0
GERAL,GERAL,21741027756,[APP INSTAL - GS],MULTI_CHANNEL,2025-09-21,254,160,1.5875,14.691942,19,6.0
GERAL,GERAL,21741027756,[APP INSTAL - GS],MULTI_CHANNEL,2025-09-22,196,113,1.7345132743362832,13.09232,19,5.0
GERAL,GERAL,21741027756,[APP INSTAL - GS],MULTI_CHANNEL,2025-09-23,301,215,1.4,12.258019,20,7.0
GERAL,GERAL,21741027756,[APP INSTAL - GS],MULTI_CHANNEL,2025-09-24,430,307,1.4006514657980456,11.337992,23,8.0
GERAL,GERAL,21741027756,[APP INSTAL - GS],MULTI_CHANNEL,2025-09-25,158,94,1.6808510638297873,11.507847,14,3.0
GERAL,GERAL,21741027756,[APP INSTAL - GS],MULTI_CHANNEL,2025-09-26,882,568,1.5528169014084507,25.320393,49,24.0
GERAL,GERAL,21741027756,[APP INSTAL - GS],MULTI_CHANNEL,2025-09-27,428,237,1.8059071729957805,25.911929,33,13.0
GERAL,GERAL,21741027756,[APP INSTAL - GS],MULTI_CHANNEL,2025-09-28,971,592,1.6402027027027026,26.602769,62,25.0
GERAL,GERAL,21741027756,[APP INSTAL - GS],MULTI_CHANNEL,2025-09-29,340,202,1.683168316831683,23.906788,38,12.0
GERAL,GERAL,21741027756,[APP INSTAL - GS],MULTI_CHANNEL,2025-09-30,483,290,1.6655172413793105,24.140212,33,10.0
GERAL,GERAL,21741027756,[APP INSTAL - GS],MULTI_CHANNEL,2025-10-01,413,273,1.5128205128205128,25.277569,34,11.0
GERAL,GERAL,21741027756,[APP INSTAL - GS],MULTI_CHANNEL,2025-10-02,432,284,1.5211267605633803,25.13211,38,12.0
GERAL,GERAL,21741027756,[APP INSTAL - GS],MULTI_CHANNEL,2025-10-03,550,242,2.272727272727273,25.548244,42,13.0
GERAL,GERAL,21741027756,[APP INSTAL - GS],MULTI_CHANNEL,2025-10-04,577,272,2.1213235294117645,25.739083,40,17.0
GERAL,GERAL,21741027756,[APP INSTAL - GS],MULTI_CHANNEL,2025-10-05,1163,783,1.4853128991060025,26.200377,71,25.0
GERAL,GERAL,21741027756,[APP INSTAL - GS],MULTI_CHANNEL,2025-10-06,546,273,2.0,24.027929,39,17.0
GERAL,GERAL,21741027756,[APP INSTAL - GS],MULTI_CHANNEL,2025-10-07,639,351,1.8205128205128205,29.248059,60,22.0
GERAL,GERAL,21741027756,[APP INSTAL - GS],MULTI_CHANNEL,2025-10-08,289,177,1.6327683615819208,24.718977,32,8.0
GERAL,GERAL,21741027756,[APP INSTAL - GS],MULTI_CHANNEL,2025-10-09,517,317,1.6309148264984228,24.826702,43,13.0
GERAL,GERAL,21741027756,[APP INSTAL - GS],MULTI_CHANNEL,2025-10-10,486,301,1.6146179401993355,24.687044,41,17.0
GERAL,GERAL,21741027756,[APP INSTAL - GS],MULTI_CHANNEL,2025-10-11,247,149,1.657718120805369,24.56172,35,14.0
GERAL,GERAL,21741027756,[APP INSTAL - GS],MULTI_CHANNEL,2025-10-12,656,423,1.5508274231678487,25.96251,55,21.0
GERAL,GERAL,21741027756,[APP INSTAL - GS],MULTI_CHANNEL,2025-10-13,868,570,1.5228070175438597,24.531673,55,22.0
GERAL,GERAL,21741027756,[APP INSTAL - GS],MULTI_CHANNEL,2025-10-14,290,192,1.5104166666666667,24.855433,27,16.0
GERAL,GERAL,21741027756,[APP INSTAL - GS],MULTI_CHANNEL,2025-10-15,440,286,1.5384615384615385,24.964389,54,24.0
GERAL,GERAL,21741027756,[APP INSTAL - GS],MULTI_CHANNEL,2025-10-16,901,559,1.6118067978533095,24.54512,60,21.0
GERAL,GERAL,21741027756,[APP INSTAL - GS],MULTI_CHANNEL,2025-10-17,640,384,1.6666666666666667,25.661025,56,23.0
GERAL,GERAL,21741027756,[APP INSTAL - GS],MULTI_CHANNEL,2025-10-18,1056,674,1.5667655786350148,23.616505,67,20.0
GERAL,GERAL,21741027756,[APP INSTAL - GS],MULTI_CHANNEL,2025-10-19,437,216,2.0231481481481484,25.642977,43,15.0
GERAL,GERAL,21741027756,[APP INSTAL - GS],MULTI_CHANNEL,2025-10-20,596,376,1.5851063829787233,24.012984,53,23.0
GERAL,GERAL,21741027756,[APP INSTAL - GS],MULTI_CHANNEL,2025-10-21,682,426,1.6009389671361502,24.650035,50,20.0
GERAL,GERAL,21741027756,[APP INSTAL - GS],MULTI_CHANNEL,2025-10-22,298,170,1.7529411764705882,24.064531,29,13.0
GERAL,GERAL,21741027756,[APP INSTAL - GS],MULTI_CHANNEL,2025-10-23,629,417,1.5083932853717026,24.220067,50,20.0
GERAL,GERAL,21741027756,[APP INSTAL - GS],MULTI_CHANNEL,2025-10-24,450,296,1.5202702702702702,24.182229,44,15.0
GERAL,GERAL,21741027756,[APP INSTAL - GS],MULTI_CHANNEL,2025-10-25,382,243,1.5720164609053497,23.409695,40,13.0
GERAL,GERAL,21741027756,[APP INSTAL - GS],MULTI_CHANNEL,2025-10-26,677,411,1.6472019464720196,26.981645,53,17.0
GERAL,GERAL,21741027756,[APP INSTAL - GS],MULTI_CHANNEL,2025-10-27,720,483,1.4906832298136645,22.858314,51,19.0
GERAL,GERAL,21741027756,[APP INSTAL - GS],MULTI_CHANNEL,2025-10-28,350,249,1.4056224899598393,23.254141,33,10.0
GERAL,GERAL,21741027756,[APP INSTAL - GS],MULTI_CHANNEL,2025-10-29,445,244,1.8237704918032787,22.807299,40,13.0
GERAL,GERAL,21741027756,[APP INSTAL - GS],MULTI_CHANNEL,2025-10-30,511,310,1.6483870967741936,21.059512,34,9.0
GERAL,GERAL,21741027756,[APP INSTAL - GS],MULTI_CHANNEL,2025-10-31,290,165,1.7575757575757576,21.362555,23,8.0
GERAL,GERAL,21741027756,[APP INSTAL - GS],MULTI_CHANNEL,2025-11-01,465,290,1.603448275862069,25.692632,47,16.0
GERAL,GERAL,21741027756,[APP INSTAL - GS],MULTI_CHANNEL,2025-11-02,1164,729,1.5967078189300412,28.980587,81,14.0
GERAL,GERAL,21741027756,[APP INSTAL - GS],MULTI_CHANNEL,2025-11-03,881,572,1.5402097902097902,27.085159,56,18.0
GERAL,GERAL,21741027756,[APP INSTAL - GS],MULTI_CHANNEL,2025-11-04,785,459,1.710239651416122,25.645354,44,13.0
GERAL,GERAL,21741027756,[APP INSTAL - GS],MULTI_CHANNEL,2025-11-05,407,256,1.58984375,26.700965,34,12.0
GERAL,GERAL,21741027756,[APP INSTAL - GS],MULTI_CHANNEL,2025-11-06,398,245,1.6244897959183673,25.409239,41,14.0
GERAL,GERAL,21741027756,[APP INSTAL - GS],MULTI_CHANNEL,2025-11-07,839,542,1.547970479704797,48.055724,94,33.0
GERAL,GERAL,21741027756,[APP INSTAL - GS],MULTI_CHANNEL,2025-11-08,1058,676,1.5650887573964498,50.401916,118,53.0
GERAL,GERAL,21741027756,[APP INSTAL - GS],MULTI_CHANNEL,2025-11-09,1209,723,1.6749654218533887,51.86121,123,57.0
GERAL,GERAL,21741027756,[APP INSTAL - GS],MULTI_CHANNEL,2025-11-10,1040,638,1.6300940438871474,49.305257,103,38.0
GERAL,GERAL,21741027756,[APP INSTAL - GS],MULTI_CHANNEL,2025-11-11,619,408,1.517156862745098,49.151454,73,24.0
GERAL,GERAL,21741027756,[APP INSTAL - GS],MULTI_CHANNEL,2025-11-12,855,551,1.5517241379310345,48.927472,85,38.0
GERAL,GERAL,21741027756,[APP INSTAL - GS],MULTI_CHANNEL,2025-11-13,945,591,1.598984771573604,50.289254,126,64.0
GERAL,GERAL,21741027756,[APP INSTAL - GS],MULTI_CHANNEL,2025-11-14,451,271,1.6642066420664208,50.515364,76,31.0
GERAL,GERAL,21741027756,[APP INSTAL - GS],MULTI_CHANNEL,2025-11-15,766,463,1.654427645788337,49.13687,96,47.0
GERAL,GERAL,21741027756,[APP INSTAL - GS],MULTI_CHANNEL,2025-11-16,916,560,1.6357142857142857,53.699116,121,44.0
GERAL,GERAL,21741027756,[APP INSTAL - GS],MULTI_CHANNEL,2025-11-17,510,354,1.4406779661016949,22.773775,45,19.0
GERAL,GERAL,21741027756,[APP INSTAL - GS],MULTI_CHANNEL,2025-11-18,218,137,1.583941605839416,20.058377,33,15.0
GERAL,GERAL,21741027756,[APP INSTAL - GS],MULTI_CHANNEL,2025-11-19,265,170,1.5588235294117647,19.464458,25,7.0
GERAL,GERAL,21741027756,[APP INSTAL - GS],MULTI_CHANNEL,2025-11-20,340,221,1.5384615384615385,20.076982,28,9.0
GERAL,GERAL,21741027756,[APP INSTAL - GS],MULTI_CHANNEL,2025-11-21,398,237,1.6793248945147679,20.582991,34,13.0
GERAL,GERAL,21741027756,[APP INSTAL - GS],MULTI_CHANNEL,2025-11-22,608,328,1.853658536585366,20.870792,40,19.0
GERAL,GERAL,21741027756,[APP INSTAL - GS],MULTI_CHANNEL,2025-11-23,917,539,1.7012987012987013,22.131526,76,46.0
GERAL,GERAL,21741027756,[APP INSTAL - GS],MULTI_CHANNEL,2025-11-24,1093,670,1.6313432835820896,19.425101,59,30.0
GERAL,GERAL,21741027756,[APP INSTAL - GS],MULTI_CHANNEL,2025-11-25,591,340,1.738235294117647,19.661639,34,15.0
GERAL,GERAL,21741027756,[APP INSTAL - GS],MULTI_CHANNEL,2025-11-26,351,154,2.279220779220779,20.694162,22,10.0
GERAL,GERAL,21741027756,[APP INSTAL - GS],MULTI_CHANNEL,2025-11-27,276,162,1.7037037037037037,20.33853,27,13.0
GERAL,GERAL,21741027756,[APP INSTAL - GS],MULTI_CHANNEL,2025-11-28,335,192,1.7447916666666667,18.612805,26,12.0
GERAL,GERAL,21741027756,[APP INSTAL - GS],MULTI_CHANNEL,2025-11-29,557,363,1.534435261707989,18.92194,54,29.0
GERAL,GERAL,21741027756,[APP INSTAL - GS],MULTI_CHANNEL,2025-11-30,492,307,1.6026058631921825,16.956751,61,40.0
GERAL,GERAL,21741027756,[APP INSTAL - GS],MULTI_CHANNEL,2025-12-01,532,370,1.4378378378378378,19.889774,43,26.0
GERAL,GERAL,21741027756,[APP INSTAL - GS],MULTI_CHANNEL,2025-12-02,380,259,1.4671814671814671,20.358566,38,19.0
GERAL,GERAL,21741027756,[APP INSTAL - GS],MULTI_CHANNEL,2025-12-03,656,430,1.5255813953488373,19.839677,55,24.0
GERAL,GERAL,21741027756,[APP INSTAL - GS],MULTI_CHANNEL,2025-12-04,685,404,1.6955445544554455,20.767134,60,34.0
GERAL,GERAL,21741027756,[APP INSTAL - GS],MULTI_CHANNEL,2025-12-05,485,298,1.6275167785234899,22.660333,52,28.0
GERAL,GERAL,21741027756,[APP INSTAL - GS],MULTI_CHANNEL,2025-12-06,1073,702,1.5284900284900285,19.925241,63,41.0
GERAL,GERAL,21741027756,[APP INSTAL - GS],MULTI_CHANNEL,2025-12-07,528,296,1.7837837837837838,21.908634,35,20.0
GERAL,GERAL,21741027756,[APP INSTAL - GS],MULTI_CHANNEL,2025-12-08,258,180,1.4333333333333333,20.714533,25,11.0
GERAL,GERAL,21741076989,[APP INSTAL - NK],MULTI_CHANNEL,2025-09-10,457,335,1.364179104477612,12.354518,29,14.0
GERAL,GERAL,21741076989,[APP INSTAL - NK],MULTI_CHANNEL,2025-09-11,414,300,1.38,24.744655,42,14.0
GERAL,GERAL,21741076989,[APP INSTAL - NK],MULTI_CHANNEL,2025-09-12,322,228,1.412280701754386,24.414375,33,10.0
GERAL,GERAL,21741076989,[APP INSTAL - NK],MULTI_CHANNEL,2025-09-13,474,330,1.4363636363636363,23.823681,50,21.0
GERAL,GERAL,21741076989,[APP INSTAL - NK],MULTI_CHANNEL,2025-09-14,938,607,1.5453047775947282,22.931463,61,27.0
GERAL,GERAL,21741076989,[APP INSTAL - NK],MULTI_CHANNEL,2025-09-15,710,453,1.5673289183222958,23.461503,44,21.0
GERAL,GERAL,21741076989,[APP INSTAL - NK],MULTI_CHANNEL,2025-09-16,628,392,1.6020408163265305,23.529079,44,19.0
GERAL,GERAL,21741076989,[APP INSTAL - NK],MULTI_CHANNEL,2025-09-17,316,185,1.7081081081081082,24.253372,33,10.0
GERAL,GERAL,21741076989,[APP INSTAL - NK],MULTI_CHANNEL,2025-09-18,382,254,1.5039370078740157,23.389413,39,13.0
GERAL,GERAL,21741076989,[APP INSTAL - NK],MULTI_CHANNEL,2025-09-19,351,199,1.763819095477387,24.070674,27,11.0
GERAL,GERAL,21741076989,[APP INSTAL - NK],MULTI_CHANNEL,2025-09-20,568,355,1.6,22.85927,50,35.0
GERAL,GERAL,21741076989,[APP INSTAL - NK],MULTI_CHANNEL,2025-09-21,321,206,1.558252427184466,25.598552,38,13.0
GERAL,GERAL,21741076989,[APP INSTAL - NK],MULTI_CHANNEL,2025-09-22,355,256,1.38671875,23.768679,37,14.0
GERAL,GERAL,21741076989,[APP INSTAL - NK],MULTI_CHANNEL,2025-09-23,405,234,1.7307692307692308,22.946446,32,9.0
GERAL,GERAL,21741076989,[APP INSTAL - NK],MULTI_CHANNEL,2025-09-24,331,187,1.7700534759358288,20.978825,29,6.0
GERAL,GERAL,21741076989,[APP INSTAL - NK],MULTI_CHANNEL,2025-09-25,518,357,1.4509803921568627,22.374787,44,17.0
GERAL,GERAL,21741076989,[APP INSTAL - NK],MULTI_CHANNEL,2025-09-26,668,421,1.5866983372921615,25.514319,43,17.0
GERAL,GERAL,21741076989,[APP INSTAL - NK],MULTI_CHANNEL,2025-09-27,680,472,1.4406779661016949,25.887544,62,28.0
GERAL,GERAL,21741076989,[APP INSTAL - NK],MULTI_CHANNEL,2025-09-28,266,168,1.5833333333333333,26.766726,37,16.0
GERAL,GERAL,21741076989,[APP INSTAL - NK],MULTI_CHANNEL,2025-09-29,333,214,1.5560747663551402,26.319929,40,19.0
GERAL,GERAL,21741076989,[APP INSTAL - NK],MULTI_CHANNEL,2025-09-30,632,386,1.6373056994818653,22.924316,45,15.0
GERAL,GERAL,21741076989,[APP INSTAL - NK],MULTI_CHANNEL,2025-10-01,422,256,1.6484375,24.38036,39,12.0
GERAL,GERAL,21741076989,[APP INSTAL - NK],MULTI_CHANNEL,2025-10-02,604,339,1.7817109144542773,26.755537,46,17.0
GERAL,GERAL,21741076989,[APP INSTAL - NK],MULTI_CHANNEL,2025-10-03,688,427,1.6112412177985949,25.018063,53,16.0
GERAL,GERAL,21741076989,[APP INSTAL - NK],MULTI_CHANNEL,2025-10-04,643,366,1.7568306010928962,27.459842,57,24.0
GERAL,GERAL,21741076989,[APP INSTAL - NK],MULTI_CHANNEL,2025-10-05,725,446,1.6255605381165918,25.266872,55,28.0
GERAL,GERAL,21741076989,[APP INSTAL - NK],MULTI_CHANNEL,2025-10-06,759,469,1.6183368869936035,24.838743,49,27.0
GERAL,GERAL,21741076989,[APP INSTAL - NK],MULTI_CHANNEL,2025-10-07,667,388,1.7190721649484537,28.638837,52,19.0
GERAL,GERAL,21741076989,[APP INSTAL - NK],MULTI_CHANNEL,2025-10-08,308,207,1.4879227053140096,25.17486,36,11.0
GERAL,GERAL,21741076989,[APP INSTAL - NK],MULTI_CHANNEL,2025-10-09,339,206,1.645631067961165,24.936094,35,11.0
GERAL,GERAL,21741076989,[APP INSTAL - NK],MULTI_CHANNEL,2025-10-10,709,427,1.6604215456674474,25.381781,55,25.0
GERAL,GERAL,21741076989,[APP INSTAL - NK],MULTI_CHANNEL,2025-10-11,394,264,1.4924242424242424,27.531054,45,15.0
GERAL,GERAL,21741076989,[APP INSTAL - NK],MULTI_CHANNEL,2025-10-12,493,318,1.550314465408805,24.555869,42,19.0
GERAL,GERAL,21741076989,[APP INSTAL - NK],MULTI_CHANNEL,2025-10-13,286,166,1.7228915662650603,24.641785,41,16.0
GERAL,GERAL,21741076989,[APP INSTAL - NK],MULTI_CHANNEL,2025-10-14,414,273,1.5164835164835164,24.934306,42,16.0
GERAL,GERAL,21741076989,[APP INSTAL - NK],MULTI_CHANNEL,2025-10-15,754,492,1.532520325203252,25.674179,64,30.0
GERAL,GERAL,21741076989,[APP INSTAL - NK],MULTI_CHANNEL,2025-10-16,441,271,1.6273062730627306,24.399107,44,12.0
GERAL,GERAL,21741076989,[APP INSTAL - NK],MULTI_CHANNEL,2025-10-17,451,292,1.5445205479452055,27.206082,55,24.0
GERAL,GERAL,21741076989,[APP INSTAL - NK],MULTI_CHANNEL,2025-10-18,443,270,1.6407407407407408,24.090139,55,23.0
GERAL,GERAL,21741076989,[APP INSTAL - NK],MULTI_CHANNEL,2025-10-19,663,377,1.7586206896551724,24.588984,45,20.0
GERAL,GERAL,21741076989,[APP INSTAL - NK],MULTI_CHANNEL,2025-10-20,341,232,1.4698275862068966,25.424155,46,18.0
GERAL,GERAL,21741076989,[APP INSTAL - NK],MULTI_CHANNEL,2025-10-21,366,204,1.7941176470588236,25.47318,35,10.0
GERAL,GERAL,21741076989,[APP INSTAL - NK],MULTI_CHANNEL,2025-10-22,523,316,1.6550632911392404,24.394571,52,17.0
GERAL,GERAL,21741076989,[APP INSTAL - NK],MULTI_CHANNEL,2025-10-23,463,285,1.6245614035087719,24.877765,41,14.0
GERAL,GERAL,21741076989,[APP INSTAL - NK],MULTI_CHANNEL,2025-10-24,211,138,1.5289855072463767,22.906142,27,10.0
GERAL,GERAL,21741076989,[APP INSTAL - NK],MULTI_CHANNEL,2025-10-25,725,491,1.4765784114052953,23.89418,54,23.0
GERAL,GERAL,21741076989,[APP INSTAL - NK],MULTI_CHANNEL,2025-10-26,781,486,1.6069958847736625,24.673552,64,25.0
GERAL,GERAL,21741076989,[APP INSTAL - NK],MULTI_CHANNEL,2025-10-27,581,314,1.8503184713375795,23.580968,47,14.0
GERAL,GERAL,21741076989,[APP INSTAL - NK],MULTI_CHANNEL,2025-10-28,436,297,1.468013468013468,23.889151,46,23.0
GERAL,GERAL,21741076989,[APP INSTAL - NK],MULTI_CHANNEL,2025-10-29,310,149,2.0805369127516777,24.605741,29,13.0
GERAL,GERAL,21741076989,[APP INSTAL - NK],MULTI_CHANNEL,2025-10-30,599,395,1.5164556962025317,49.320768,76,24.0
GERAL,GERAL,21741076989,[APP INSTAL - NK],MULTI_CHANNEL,2025-10-31,764,493,1.5496957403651115,46.941304,85,35.0
GERAL,GERAL,21741076989,[APP INSTAL - NK],MULTI_CHANNEL,2025-11-01,727,425,1.7105882352941177,48.066612,73,25.0
GERAL,GERAL,21741076989,[APP INSTAL - NK],MULTI_CHANNEL,2025-11-02,1320,831,1.5884476534296028,53.008669,107,29.0
GERAL,GERAL,21741076989,[APP INSTAL - NK],MULTI_CHANNEL,2025-11-03,1092,707,1.5445544554455446,50.841873,97,32.0
GERAL,GERAL,21741076989,[APP INSTAL - NK],MULTI_CHANNEL,2025-11-04,641,320,2.003125,48.256052,62,21.0
GERAL,GERAL,21741076989,[APP INSTAL - NK],MULTI_CHANNEL,2025-11-05,873,558,1.564516129032258,51.463157,82,24.0
GERAL,GERAL,21741076989,[APP INSTAL - NK],MULTI_CHANNEL,2025-11-06,656,383,1.712793733681462,54.345694,75,22.0
GERAL,GERAL,21741076989,[APP INSTAL - NK],MULTI_CHANNEL,2025-11-07,768,476,1.6134453781512605,49.401668,97,35.0
GERAL,GERAL,21741076989,[APP INSTAL - NK],MULTI_CHANNEL,2025-11-08,693,443,1.564334085778781,49.110383,108,46.0
GERAL,GERAL,21741076989,[APP INSTAL - NK],MULTI_CHANNEL,2025-11-09,609,412,1.4781553398058251,52.967046,84,28.0
GERAL,GERAL,21741076989,[APP INSTAL - NK],MULTI_CHANNEL,2025-11-10,568,343,1.6559766763848396,49.962654,75,27.0
GERAL,GERAL,21741076989,[APP INSTAL - NK],MULTI_CHANNEL,2025-11-11,720,497,1.448692152917505,48.671877,87,47.0
GERAL,GERAL,21741076989,[APP INSTAL - NK],MULTI_CHANNEL,2025-11-12,445,283,1.5724381625441697,47.492179,63,19.0
GERAL,GERAL,21741076989,[APP INSTAL - NK],MULTI_CHANNEL,2025-11-13,531,332,1.5993975903614457,51.196594,87,26.0
GERAL,GERAL,21741076989,[APP INSTAL - NK],MULTI_CHANNEL,2025-11-14,384,222,1.7297297297297298,49.133547,65,21.0
GERAL,GERAL,21741076989,[APP INSTAL - NK],MULTI_CHANNEL,2025-11-15,295,160,1.84375,50.845277,64,22.0
GERAL,GERAL,21741076989,[APP INSTAL - NK],MULTI_CHANNEL,2025-11-16,661,380,1.7394736842105263,50.989105,111,41.0
GERAL,GERAL,21741076989,[APP INSTAL - NK],MULTI_CHANNEL,2025-11-17,277,151,1.8344370860927153,35.501558,46,18.0
GERAL,GERAL,21741076989,[APP INSTAL - NK],MULTI_CHANNEL,2025-11-18,253,144,1.7569444444444444,21.628229,30,10.0
GERAL,GERAL,21741076989,[APP INSTAL - NK],MULTI_CHANNEL,2025-11-19,185,114,1.6228070175438596,20.858514,31,9.0
GERAL,GERAL,21741076989,[APP INSTAL - NK],MULTI_CHANNEL,2025-11-20,314,198,1.5858585858585859,20.768423,29,13.0
GERAL,GERAL,21741076989,[APP INSTAL - NK],MULTI_CHANNEL,2025-11-21,249,139,1.79136690647482,19.584121,33,16.0
GERAL,GERAL,21741076989,[APP INSTAL - NK],MULTI_CHANNEL,2025-11-22,218,158,1.379746835443038,20.89217,34,11.0
GERAL,GERAL,21741076989,[APP INSTAL - NK],MULTI_CHANNEL,2025-11-23,213,120,1.775,21.433862,31,13.0
GERAL,GERAL,21741076989,[APP INSTAL - NK],MULTI_CHANNEL,2025-11-24,472,292,1.6164383561643836,20.758688,47,28.0
GERAL,GERAL,21741076989,[APP INSTAL - NK],MULTI_CHANNEL,2025-11-25,419,269,1.5576208178438662,19.621626,40,18.0
GERAL,GERAL,21741076989,[APP INSTAL - NK],MULTI_CHANNEL,2025-11-26,245,183,1.3387978142076502,20.502019,36,19.0
GERAL,GERAL,21741076989,[APP INSTAL - NK],MULTI_CHANNEL,2025-11-27,360,236,1.5254237288135593,18.599568,41,24.0
GERAL,GERAL,21741076989,[APP INSTAL - NK],MULTI_CHANNEL,2025-11-28,332,233,1.4248927038626609,19.850909,31,14.0
GERAL,GERAL,21741076989,[APP INSTAL - NK],MULTI_CHANNEL,2025-11-29,357,216,1.6527777777777777,18.148026,23,15.0
GERAL,GERAL,21741076989,[APP INSTAL - NK],MULTI_CHANNEL,2025-11-30,255,154,1.655844155844156,18.792834,37,23.0
GERAL,GERAL,21741076989,[APP INSTAL - NK],MULTI_CHANNEL,2025-12-01,230,162,1.4197530864197532,20.432414,31,15.0
GERAL,GERAL,21741076989,[APP INSTAL - NK],MULTI_CHANNEL,2025-12-02,331,196,1.6887755102040816,20.699428,30,12.0
GERAL,GERAL,21741076989,[APP INSTAL - NK],MULTI_CHANNEL,2025-12-03,332,205,1.6195121951219513,21.35837,41,19.0
GERAL,GERAL,21741076989,[APP INSTAL - NK],MULTI_CHANNEL,2025-12-04,382,245,1.5591836734693878,20.076345,35,13.0
GERAL,GERAL,21741076989,[APP INSTAL - NK],MULTI_CHANNEL,2025-12-05,250,158,1.5822784810126582,20.158675,27,12.0
GERAL,GERAL,21741076989,[APP INSTAL - NK],MULTI_CHANNEL,2025-12-06,707,429,1.648018648018648,19.520511,69,42.0
GERAL,GERAL,21741076989,[APP INSTAL - NK],MULTI_CHANNEL,2025-12-07,385,259,1.4864864864864864,19.141057,43,22.0
GERAL,GERAL,21741076989,[APP INSTAL - NK],MULTI_CHANNEL,2025-12-08,290,186,1.5591397849462365,22.038708,48,25.0
GERAL,GERAL,21741092154,[APP INSTAL - NS],MULTI_CHANNEL,2025-09-10,177,123,1.4390243902439024,12.678629,19,5.0
GERAL,GERAL,21741092154,[APP INSTAL - NS],MULTI_CHANNEL,2025-09-11,365,235,1.553191489361702,13.79544,20,8.0
GERAL,GERAL,21741092154,[APP INSTAL - NS],MULTI_CHANNEL,2025-09-12,338,227,1.4889867841409692,12.147791,22,6.0
GERAL,GERAL,21741092154,[APP INSTAL - NS],MULTI_CHANNEL,2025-09-13,352,218,1.614678899082569,13.416743,19,5.0
GERAL,GERAL,21741092154,[APP INSTAL - NS],MULTI_CHANNEL,2025-09-14,270,160,1.6875,12.784729,21,8.0
GERAL,GERAL,21741092154,[APP INSTAL - NS],MULTI_CHANNEL,2025-09-15,232,134,1.7313432835820894,12.999904,16,4.0
GERAL,GERAL,21741092154,[APP INSTAL - NS],MULTI_CHANNEL,2025-09-16,274,152,1.8026315789473684,12.422897,16,5.0
GERAL,GERAL,21741092154,[APP INSTAL - NS],MULTI_CHANNEL,2025-09-17,400,256,1.5625,12.27427,26,12.0
GERAL,GERAL,21741092154,[APP INSTAL - NS],MULTI_CHANNEL,2025-09-18,300,202,1.4851485148514851,12.34442,19,8.0
GERAL,GERAL,21741092154,[APP INSTAL - NS],MULTI_CHANNEL,2025-09-19,479,329,1.4559270516717324,12.112506,23,8.0
GERAL,GERAL,21741092154,[APP INSTAL - NS],MULTI_CHANNEL,2025-09-20,503,302,1.6655629139072847,11.971612,26,12.0
GERAL,GERAL,21741092154,[APP INSTAL - NS],MULTI_CHANNEL,2025-09-21,535,344,1.555232558139535,13.36949,36,14.0
GERAL,GERAL,21741092154,[APP INSTAL - NS],MULTI_CHANNEL,2025-09-22,367,211,1.7393364928909953,12.2402,22,4.0
GERAL,GERAL,21741092154,[APP INSTAL - NS],MULTI_CHANNEL,2025-09-23,199,138,1.4420289855072463,12.44889,19,11.0
GERAL,GERAL,21741092154,[APP INSTAL - NS],MULTI_CHANNEL,2025-09-24,151,94,1.6063829787234043,12.351277,17,6.0
GERAL,GERAL,21741092154,[APP INSTAL - NS],MULTI_CHANNEL,2025-09-25,607,337,1.801186943620178,12.353638,33,11.0
GERAL,GERAL,21741092154,[APP INSTAL - NS],MULTI_CHANNEL,2025-09-26,722,393,1.8371501272264632,26.122716,52,11.0
GERAL,GERAL,21741092154,[APP INSTAL - NS],MULTI_CHANNEL,2025-09-27,454,241,1.883817427385892,26.131725,44,21.0
GERAL,GERAL,21741092154,[APP INSTAL - NS],MULTI_CHANNEL,2025-09-28,472,251,1.8804780876494025,25.7717,38,9.0
GERAL,GERAL,21741092154,[APP INSTAL - NS],MULTI_CHANNEL,2025-09-29,722,347,2.080691642651297,25.180869,53,20.0
GERAL,GERAL,21741092154,[APP INSTAL - NS],MULTI_CHANNEL,2025-09-30,364,191,1.905759162303665,22.65894,32,11.0
GERAL,GERAL,21741092154,[APP INSTAL - NS],MULTI_CHANNEL,2025-10-01,415,271,1.5313653136531364,24.57309,36,11.0
GERAL,GERAL,21741092154,[APP INSTAL - NS],MULTI_CHANNEL,2025-10-02,891,478,1.8640167364016735,29.358032,55,24.0
GERAL,GERAL,21741092154,[APP INSTAL - NS],MULTI_CHANNEL,2025-10-03,357,195,1.8307692307692307,24.779296,32,11.0
GERAL,GERAL,21741092154,[APP INSTAL - NS],MULTI_CHANNEL,2025-10-04,546,344,1.5872093023255813,24.886609,71,42.0
GERAL,GERAL,21741092154,[APP INSTAL - NS],MULTI_CHANNEL,2025-10-05,492,308,1.5974025974025974,25.836788,46,16.0
GERAL,GERAL,21741092154,[APP INSTAL - NS],MULTI_CHANNEL,2025-10-06,873,485,1.8,24.044656,54,15.0
GERAL,GERAL,21741092154,[APP INSTAL - NS],MULTI_CHANNEL,2025-10-07,433,215,2.013953488372093,24.364567,32,13.0
GERAL,GERAL,21741092154,[APP INSTAL - NS],MULTI_CHANNEL,2025-10-08,817,435,1.8781609195402298,29.57372,55,16.0
GERAL,GERAL,21741092154,[APP INSTAL - NS],MULTI_CHANNEL,2025-10-09,459,261,1.7586206896551724,24.780221,44,15.0
GERAL,GERAL,21741092154,[APP INSTAL - NS],MULTI_CHANNEL,2025-10-10,358,215,1.6651162790697673,26.450768,39,11.0
GERAL,GERAL,21741092154,[APP INSTAL - NS],MULTI_CHANNEL,2025-10-11,482,258,1.8682170542635659,24.719811,34,13.0
GERAL,GERAL,21741092154,[APP INSTAL - NS],MULTI_CHANNEL,2025-10-12,515,309,1.6666666666666667,25.113957,43,13.0
GERAL,GERAL,21741092154,[APP INSTAL - NS],MULTI_CHANNEL,2025-10-13,752,501,1.5009980039920159,24.285865,44,16.0
GERAL,GERAL,21741092154,[APP INSTAL - NS],MULTI_CHANNEL,2025-10-14,513,290,1.7689655172413794,25.44793,50,18.0
GERAL,GERAL,21741092154,[APP INSTAL - NS],MULTI_CHANNEL,2025-10-15,633,388,1.6314432989690721,23.174999,52,14.0
GERAL,GERAL,21741092154,[APP INSTAL - NS],MULTI_CHANNEL,2025-10-16,764,438,1.7442922374429224,24.085303,58,21.0
GERAL,GERAL,21741092154,[APP INSTAL - NS],MULTI_CHANNEL,2025-10-17,762,432,1.7638888888888888,23.699827,62,20.0
GERAL,GERAL,21741092154,[APP INSTAL - NS],MULTI_CHANNEL,2025-10-18,808,455,1.7758241758241757,25.533629,73,29.0
GERAL,GERAL,21741092154,[APP INSTAL - NS],MULTI_CHANNEL,2025-10-19,374,213,1.755868544600939,24.844123,37,10.0
GERAL,GERAL,21741092154,[APP INSTAL - NS],MULTI_CHANNEL,2025-10-20,546,341,1.6011730205278591,24.135008,49,20.0
GERAL,GERAL,21741092154,[APP INSTAL - NS],MULTI_CHANNEL,2025-10-21,447,249,1.7951807228915662,24.07002,40,11.0
GERAL,GERAL,21741092154,[APP INSTAL - NS],MULTI_CHANNEL,2025-10-22,462,275,1.68,24.989841,44,21.0
GERAL,GERAL,21741092154,[APP INSTAL - NS],MULTI_CHANNEL,2025-10-23,497,280,1.775,24.281619,41,15.0
GERAL,GERAL,21741092154,[APP INSTAL - NS],MULTI_CHANNEL,2025-10-24,735,415,1.7710843373493976,22.172666,49,21.0
GERAL,GERAL,21741092154,[APP INSTAL - NS],MULTI_CHANNEL,2025-10-25,499,280,1.7821428571428573,23.638573,46,19.0
GERAL,GERAL,21741092154,[APP INSTAL - NS],MULTI_CHANNEL,2025-10-26,563,324,1.7376543209876543,23.921885,48,17.0
GERAL,GERAL,21741092154,[APP INSTAL - NS],MULTI_CHANNEL,2025-10-27,649,368,1.763586956521739,21.744257,44,12.0
GERAL,GERAL,21741092154,[APP INSTAL - NS],MULTI_CHANNEL,2025-10-28,533,293,1.819112627986348,25.064144,43,8.0
GERAL,GERAL,21741092154,[APP INSTAL - NS],MULTI_CHANNEL,2025-10-29,285,156,1.8269230769230769,23.451841,35,8.0
GERAL,GERAL,21741092154,[APP INSTAL - NS],MULTI_CHANNEL,2025-10-30,1235,740,1.6689189189189189,51.116399,116,25.0
GERAL,GERAL,21741092154,[APP INSTAL - NS],MULTI_CHANNEL,2025-10-31,973,482,2.0186721991701244,49.692076,80,23.0
GERAL,GERAL,21741092154,[APP INSTAL - NS],MULTI_CHANNEL,2025-11-01,1580,860,1.8372093023255813,50.678641,100,36.0
GERAL,GERAL,21741092154,[APP INSTAL - NS],MULTI_CHANNEL,2025-11-02,1615,847,1.9067296340023612,54.498336,123,38.0
GERAL,GERAL,21741092154,[APP INSTAL - NS],MULTI_CHANNEL,2025-11-03,1219,690,1.7666666666666666,54.4526,86,30.0
GERAL,GERAL,21741092154,[APP INSTAL - NS],MULTI_CHANNEL,2025-11-04,1171,681,1.7195301027900147,52.87427,90,27.0
GERAL,GERAL,21741092154,[APP INSTAL - NS],MULTI_CHANNEL,2025-11-05,1309,687,1.9053857350800583,51.654342,99,29.0
GERAL,GERAL,21741092154,[APP INSTAL - NS],MULTI_CHANNEL,2025-11-06,958,541,1.7707948243992606,53.182263,99,30.0
GERAL,GERAL,21741092154,[APP INSTAL - NS],MULTI_CHANNEL,2025-11-07,531,321,1.6542056074766356,52.277894,68,19.0
GERAL,GERAL,21741092154,[APP INSTAL - NS],MULTI_CHANNEL,2025-11-08,1298,678,1.9144542772861357,51.094879,115,40.0
GERAL,GERAL,21741092154,[APP INSTAL - NS],MULTI_CHANNEL,2025-11-09,1178,675,1.7451851851851852,52.020938,116,49.0
GERAL,GERAL,21741092154,[APP INSTAL - NS],MULTI_CHANNEL,2025-11-10,884,477,1.8532494758909854,31.895782,67,19.0
GERAL,GERAL,21741092154,[APP INSTAL - NS],MULTI_CHANNEL,2025-11-11,997,583,1.7101200686106346,70.882406,106,36.0
GERAL,GERAL,21741092154,[APP INSTAL - NS],MULTI_CHANNEL,2025-11-12,1019,563,1.8099467140319716,52.669427,96,28.0
GERAL,GERAL,21741092154,[APP INSTAL - NS],MULTI_CHANNEL,2025-11-13,1095,592,1.849662162162162,53.233864,92,21.0
GERAL,GERAL,21741092154,[APP INSTAL - NS],MULTI_CHANNEL,2025-11-14,996,572,1.7412587412587412,52.718475,95,28.0
GERAL,GERAL,21741092154,[APP INSTAL - NS],MULTI_CHANNEL,2025-11-15,1039,589,1.7640067911714772,52.681447,106,43.0
GERAL,GERAL,21741092154,[APP INSTAL - NS],MULTI_CHANNEL,2025-11-16,957,528,1.8125,55.643617,114,39.0
GERAL,GERAL,21741092154,[APP INSTAL - NS],MULTI_CHANNEL,2025-11-17,433,272,1.5919117647058822,21.148023,43,16.0
GERAL,GERAL,21741092154,[APP INSTAL - NS],MULTI_CHANNEL,2025-11-18,449,239,1.8786610878661087,20.955284,40,14.0
GERAL,GERAL,21741092154,[APP INSTAL - NS],MULTI_CHANNEL,2025-11-19,451,266,1.6954887218045114,19.886774,50,19.0
GERAL,GERAL,21741092154,[APP INSTAL - NS],MULTI_CHANNEL,2025-11-20,1001,539,1.8571428571428572,20.318006,55,31.0
GERAL,GERAL,21741092154,[APP INSTAL - NS],MULTI_CHANNEL,2025-11-21,661,400,1.6525,21.019632,55,27.0
GERAL,GERAL,21741092154,[APP INSTAL - NS],MULTI_CHANNEL,2025-11-22,229,131,1.748091603053435,20.730633,31,13.0
GERAL,GERAL,21741092154,[APP INSTAL - NS],MULTI_CHANNEL,2025-11-23,480,320,1.5,22.676805,97,76.0
GERAL,GERAL,21741092154,[APP INSTAL - NS],MULTI_CHANNEL,2025-11-24,790,499,1.5831663326653307,20.888538,59,24.0
GERAL,GERAL,21741092154,[APP INSTAL - NS],MULTI_CHANNEL,2025-11-25,625,346,1.80635838150289,19.185868,42,17.0
GERAL,GERAL,21741092154,[APP INSTAL - NS],MULTI_CHANNEL,2025-11-26,512,278,1.841726618705036,19.532515,48,20.0
GERAL,GERAL,21741092154,[APP INSTAL - NS],MULTI_CHANNEL,2025-11-27,501,291,1.7216494845360826,20.150892,29,14.0
GERAL,GERAL,21741092154,[APP INSTAL - NS],MULTI_CHANNEL,2025-11-28,750,461,1.6268980477223427,18.357948,40,17.0
GERAL,GERAL,21741092154,[APP INSTAL - NS],MULTI_CHANNEL,2025-11-29,514,295,1.7423728813559323,17.753029,37,18.0
GERAL,GERAL,21741092154,[APP INSTAL - NS],MULTI_CHANNEL,2025-11-30,274,133,2.0601503759398496,18.149589,25,8.0
GERAL,GERAL,21741092154,[APP INSTAL - NS],MULTI_CHANNEL,2025-12-01,311,159,1.9559748427672956,19.61694,28,11.0
GERAL,GERAL,21741092154,[APP INSTAL - NS],MULTI_CHANNEL,2025-12-02,359,215,1.669767441860465,19.621478,31,8.0
GERAL,GERAL,21741092154,[APP INSTAL - NS],MULTI_CHANNEL,2025-12-03,233,158,1.4746835443037976,19.985716,27,10.0
GERAL,GERAL,21741092154,[APP INSTAL - NS],MULTI_CHANNEL,2025-12-04,1024,564,1.8156028368794326,22.125755,67,29.0
GERAL,GERAL,21741092154,[APP INSTAL - NS],MULTI_CHANNEL,2025-12-05,434,260,1.6692307692307693,20.842852,47,26.0
GERAL,GERAL,21741092154,[APP INSTAL - NS],MULTI_CHANNEL,2025-12-06,489,272,1.7977941176470589,20.187421,37,16.0
GERAL,GERAL,21741092154,[APP INSTAL - NS],MULTI_CHANNEL,2025-12-07,443,270,1.6407407407407408,19.1727,21,9.0
GERAL,GERAL,21741092154,[APP INSTAL - NS],MULTI_CHANNEL,2025-12-08,493,307,1.6058631921824105,20.865143,42,21.0
GERAL,GERAL,21747173498,[APP INSTAL - CS],MULTI_CHANNEL,2025-09-10,364,185,1.9675675675675677,14.804504,18,9.0
GERAL,GERAL,21747173498,[APP INSTAL - CS],MULTI_CHANNEL,2025-09-11,293,233,1.257510729613734,13.068604,29,15.0
GERAL,GERAL,21747173498,[APP INSTAL - CS],MULTI_CHANNEL,2025-09-12,369,269,1.3717472118959109,12.737615,32,16.0
GERAL,GERAL,21747173498,[APP INSTAL - CS],MULTI_CHANNEL,2025-09-13,500,354,1.4124293785310735,12.088505,46,24.0
GERAL,GERAL,21747173498,[APP INSTAL - CS],MULTI_CHANNEL,2025-09-14,305,220,1.3863636363636365,12.75023,24,7.0
GERAL,GERAL,21747173498,[APP INSTAL - CS],MULTI_CHANNEL,2025-09-15,181,121,1.4958677685950412,12.874278,21,5.0
GERAL,GERAL,21747173498,[APP INSTAL - CS],MULTI_CHANNEL,2025-09-16,247,174,1.4195402298850575,12.699029,20,3.0
GERAL,GERAL,21747173498,[APP INSTAL - CS],MULTI_CHANNEL,2025-09-17,192,135,1.4222222222222223,12.328918,24,11.0
GERAL,GERAL,21747173498,[APP INSTAL - CS],MULTI_CHANNEL,2025-09-18,165,118,1.3983050847457628,13.281956,18,4.0
GERAL,GERAL,21747173498,[APP INSTAL - CS],MULTI_CHANNEL,2025-09-19,90,59,1.5254237288135593,11.606299,15,5.0
GERAL,GERAL,21747173498,[APP INSTAL - CS],MULTI_CHANNEL,2025-09-20,142,102,1.392156862745098,11.476349,15,3.0
GERAL,GERAL,21747173498,[APP INSTAL - CS],MULTI_CHANNEL,2025-09-21,226,170,1.3294117647058823,13.69498,25,7.0
GERAL,GERAL,21747173498,[APP INSTAL - CS],MULTI_CHANNEL,2025-09-22,129,97,1.3298969072164948,11.997593,18,9.0
GERAL,GERAL,21747173498,[APP INSTAL - CS],MULTI_CHANNEL,2025-09-23,133,100,1.33,12.07639,16,10.0
GERAL,GERAL,21747173498,[APP INSTAL - CS],MULTI_CHANNEL,2025-09-24,139,92,1.5108695652173914,10.742471,16,5.0
GERAL,GERAL,21747173498,[APP INSTAL - CS],MULTI_CHANNEL,2025-09-25,178,116,1.5344827586206897,11.427797,18,4.0
GERAL,GERAL,21747173498,[APP INSTAL - CS],MULTI_CHANNEL,2025-09-26,267,194,1.3762886597938144,26.85815,39,17.0
GERAL,GERAL,21747173498,[APP INSTAL - CS],MULTI_CHANNEL,2025-09-27,292,189,1.5449735449735449,27.400734,37,15.0
GERAL,GERAL,21747173498,[APP INSTAL - CS],MULTI_CHANNEL,2025-09-28,231,171,1.3508771929824561,27.688197,35,12.0
GERAL,GERAL,21747173498,[APP INSTAL - CS],MULTI_CHANNEL,2025-09-29,397,235,1.6893617021276597,25.55699,36,13.0
GERAL,GERAL,21747173498,[APP INSTAL - CS],MULTI_CHANNEL,2025-09-30,317,218,1.4541284403669725,26.258692,38,13.0
GERAL,GERAL,21747173498,[APP INSTAL - CS],MULTI_CHANNEL,2025-10-01,498,310,1.6064516129032258,25.26153,55,22.0
GERAL,GERAL,21747173498,[APP INSTAL - CS],MULTI_CHANNEL,2025-10-02,244,171,1.4269005847953216,27.320976,41,16.0
GERAL,GERAL,21747173498,[APP INSTAL - CS],MULTI_CHANNEL,2025-10-03,434,289,1.5017301038062283,28.622836,50,24.0
GERAL,GERAL,21747173498,[APP INSTAL - CS],MULTI_CHANNEL,2025-10-04,670,425,1.576470588235294,26.423127,75,45.0
GERAL,GERAL,21747173498,[APP INSTAL - CS],MULTI_CHANNEL,2025-10-05,756,477,1.5849056603773586,26.989212,69,37.0
GERAL,GERAL,21747173498,[APP INSTAL - CS],MULTI_CHANNEL,2025-10-06,635,418,1.5191387559808613,27.417133,59,19.0
GERAL,GERAL,21747173498,[APP INSTAL - CS],MULTI_CHANNEL,2025-10-07,614,386,1.5906735751295338,29.021228,54,13.0
GERAL,GERAL,21747173498,[APP INSTAL - CS],MULTI_CHANNEL,2025-10-08,334,197,1.6954314720812182,27.126472,32,9.0
GERAL,GERAL,21747173498,[APP INSTAL - CS],MULTI_CHANNEL,2025-10-09,553,384,1.4401041666666667,24.360118,57,28.0
GERAL,GERAL,21747173498,[APP INSTAL - CS],MULTI_CHANNEL,2025-10-10,585,415,1.4096385542168675,26.356243,64,27.0
GERAL,GERAL,21747173498,[APP INSTAL - CS],MULTI_CHANNEL,2025-10-11,373,226,1.6504424778761062,27.243526,37,9.0
GERAL,GERAL,21747173498,[APP INSTAL - CS],MULTI_CHANNEL,2025-10-12,627,426,1.471830985915493,26.14231,62,34.0
GERAL,GERAL,21747173498,[APP INSTAL - CS],MULTI_CHANNEL,2025-10-13,778,540,1.4407407407407407,26.364419,56,19.0
GERAL,GERAL,21747173498,[APP INSTAL - CS],MULTI_CHANNEL,2025-10-14,655,426,1.5375586854460095,26.709698,55,20.0
GERAL,GERAL,21747173498,[APP INSTAL - CS],MULTI_CHANNEL,2025-10-15,418,287,1.456445993031359,26.523167,53,26.0
GERAL,GERAL,21747173498,[APP INSTAL - CS],MULTI_CHANNEL,2025-10-16,463,263,1.7604562737642586,25.981436,37,8.0
GERAL,GERAL,21747173498,[APP INSTAL - CS],MULTI_CHANNEL,2025-10-17,390,264,1.4772727272727273,25.143667,37,13.0
GERAL,GERAL,21747173498,[APP INSTAL - CS],MULTI_CHANNEL,2025-10-18,570,348,1.6379310344827587,27.903882,47,16.0
GERAL,GERAL,21747173498,[APP INSTAL - CS],MULTI_CHANNEL,2025-10-19,411,258,1.5930232558139534,26.766215,39,20.0
GERAL,GERAL,21747173498,[APP INSTAL - CS],MULTI_CHANNEL,2025-10-20,489,353,1.385269121813031,24.675411,58,26.0
GERAL,GERAL,21747173498,[APP INSTAL - CS],MULTI_CHANNEL,2025-10-21,617,416,1.4831730769230769,24.81044,59,21.0
GERAL,GERAL,21747173498,[APP INSTAL - CS],MULTI_CHANNEL,2025-10-22,401,227,1.7665198237885462,26.318985,39,11.0
GERAL,GERAL,21747173498,[APP INSTAL - CS],MULTI_CHANNEL,2025-10-23,634,433,1.464203233256351,25.650955,66,25.0
GERAL,GERAL,21747173498,[APP INSTAL - CS],MULTI_CHANNEL,2025-10-24,687,413,1.6634382566585957,25.106162,62,30.0
GERAL,GERAL,21747173498,[APP INSTAL - CS],MULTI_CHANNEL,2025-10-25,416,279,1.4910394265232976,27.721301,70,41.0
GERAL,GERAL,21747173498,[APP INSTAL - CS],MULTI_CHANNEL,2025-10-26,354,188,1.8829787234042554,23.642999,34,16.0
GERAL,GERAL,21747173498,[APP INSTAL - CS],MULTI_CHANNEL,2025-10-27,529,335,1.5791044776119403,25.168262,51,19.0
GERAL,GERAL,21747173498,[APP INSTAL - CS],MULTI_CHANNEL,2025-10-28,569,394,1.4441624365482233,23.701725,49,16.0
GERAL,GERAL,21747173498,[APP INSTAL - CS],MULTI_CHANNEL,2025-10-29,265,147,1.8027210884353742,23.521265,26,10.0
GERAL,GERAL,21747173498,[APP INSTAL - CS],MULTI_CHANNEL,2025-10-30,268,129,2.0775193798449614,24.447679,32,13.0
GERAL,GERAL,21747173498,[APP INSTAL - CS],MULTI_CHANNEL,2025-10-31,543,359,1.5125348189415042,21.457822,42,15.0
GERAL,GERAL,21747173498,[APP INSTAL - CS],MULTI_CHANNEL,2025-11-01,577,364,1.585164835164835,27.619011,45,16.0
GERAL,GERAL,21747173498,[APP INSTAL - CS],MULTI_CHANNEL,2025-11-02,388,201,1.9303482587064678,29.309516,43,17.0
GERAL,GERAL,21747173498,[APP INSTAL - CS],MULTI_CHANNEL,2025-11-03,773,470,1.6446808510638298,28.211459,50,16.0
GERAL,GERAL,21747173498,[APP INSTAL - CS],MULTI_CHANNEL,2025-11-04,800,485,1.6494845360824741,26.557495,55,14.0
GERAL,GERAL,21747173498,[APP INSTAL - CS],MULTI_CHANNEL,2025-11-05,365,237,1.540084388185654,26.033831,34,14.0
GERAL,GERAL,21747173498,[APP INSTAL - CS],MULTI_CHANNEL,2025-11-06,237,141,1.6808510638297873,31.281763,41,10.0
GERAL,GERAL,21747173498,[APP INSTAL - CS],MULTI_CHANNEL,2025-11-07,493,295,1.6711864406779662,52.857824,79,27.0
GERAL,GERAL,21747173498,[APP INSTAL - CS],MULTI_CHANNEL,2025-11-08,744,482,1.5435684647302905,54.199853,91,38.0
GERAL,GERAL,21747173498,[APP INSTAL - CS],MULTI_CHANNEL,2025-11-09,956,587,1.6303236797274276,53.574806,119,56.0
GERAL,GERAL,21747173498,[APP INSTAL - CS],MULTI_CHANNEL,2025-11-10,850,543,1.569060773480663,54.965787,118,55.0
GERAL,GERAL,21747173498,[APP INSTAL - CS],MULTI_CHANNEL,2025-11-11,774,471,1.643312101910828,53.077884,90,42.0
GERAL,GERAL,21747173498,[APP INSTAL - CS],MULTI_CHANNEL,2025-11-12,769,500,1.538,53.703809,96,43.0
GERAL,GERAL,21747173498,[APP INSTAL - CS],MULTI_CHANNEL,2025-11-13,825,523,1.5774378585086042,54.226478,93,37.0
GERAL,GERAL,21747173498,[APP INSTAL - CS],MULTI_CHANNEL,2025-11-14,559,308,1.8149350649350648,53.237073,72,23.0
GERAL,GERAL,21747173498,[APP INSTAL - CS],MULTI_CHANNEL,2025-11-15,523,301,1.7375415282392026,56.462744,84,32.0
GERAL,GERAL,21747173498,[APP INSTAL - CS],MULTI_CHANNEL,2025-11-16,951,605,1.571900826446281,55.840425,132,54.0
GERAL,GERAL,21747173498,[APP INSTAL - CS],MULTI_CHANNEL,2025-11-17,348,219,1.5890410958904109,21.966082,43,21.0
GERAL,GERAL,21747173498,[APP INSTAL - CS],MULTI_CHANNEL,2025-11-18,252,179,1.4078212290502794,19.905953,40,17.0
GERAL,GERAL,21747173498,[APP INSTAL - CS],MULTI_CHANNEL,2025-11-19,213,130,1.6384615384615384,20.228758,34,15.0
GERAL,GERAL,21747173498,[APP INSTAL - CS],MULTI_CHANNEL,2025-11-20,315,234,1.3461538461538463,22.070414,39,18.0
GERAL,GERAL,21747173498,[APP INSTAL - CS],MULTI_CHANNEL,2025-11-21,285,169,1.6863905325443787,20.6337,37,21.0
GERAL,GERAL,21747173498,[APP INSTAL - CS],MULTI_CHANNEL,2025-11-22,700,454,1.5418502202643172,19.644979,56,28.0
GERAL,GERAL,21747173498,[APP INSTAL - CS],MULTI_CHANNEL,2025-11-23,258,161,1.6024844720496894,22.668534,35,13.0
GERAL,GERAL,21747173498,[APP INSTAL - CS],MULTI_CHANNEL,2025-11-24,447,254,1.7598425196850394,17.878116,35,14.0
GERAL,GERAL,21747173498,[APP INSTAL - CS],MULTI_CHANNEL,2025-11-25,581,334,1.7395209580838322,18.999656,31,16.0
GERAL,GERAL,21747173498,[APP INSTAL - CS],MULTI_CHANNEL,2025-11-26,800,475,1.6842105263157894,21.172662,62,37.0
GERAL,GERAL,21747173498,[APP INSTAL - CS],MULTI_CHANNEL,2025-11-27,240,135,1.7777777777777777,20.000227,22,11.0
GERAL,GERAL,21747173498,[APP INSTAL - CS],MULTI_CHANNEL,2025-11-28,359,193,1.8601036269430051,19.014802,21,10.0
GERAL,GERAL,21747173498,[APP INSTAL - CS],MULTI_CHANNEL,2025-11-29,245,143,1.7132867132867133,18.582396,23,16.0
GERAL,GERAL,21747173498,[APP INSTAL - CS],MULTI_CHANNEL,2025-11-30,580,376,1.5425531914893618,17.670538,79,59.0
GERAL,GERAL,21747173498,[APP INSTAL - CS],MULTI_CHANNEL,2025-12-01,573,388,1.4768041237113403,20.003382,90,55.0
GERAL,GERAL,21747173498,[APP INSTAL - CS],MULTI_CHANNEL,2025-12-02,289,181,1.5966850828729282,20.61583,36,13.0
GERAL,GERAL,21747173498,[APP INSTAL - CS],MULTI_CHANNEL,2025-12-03,300,201,1.492537313432836,20.357618,42,25.0
GERAL,GERAL,21747173498,[APP INSTAL - CS],MULTI_CHANNEL,2025-12-04,292,189,1.5449735449735449,21.288849,27,10.0
GERAL,GERAL,21747173498,[APP INSTAL - CS],MULTI_CHANNEL,2025-12-05,323,212,1.5235849056603774,20.152926,37,24.0
GERAL,GERAL,21747173498,[APP INSTAL - CS],MULTI_CHANNEL,2025-12-06,456,288,1.5833333333333333,19.906546,53,25.0
GERAL,GERAL,21747173498,[APP INSTAL - CS],MULTI_CHANNEL,2025-12-07,496,277,1.7906137184115523,18.968825,49,28.0
GERAL,GERAL,21747173498,[APP INSTAL - CS],MULTI_CHANNEL,2025-12-08,295,208,1.4182692307692308,20.198166,46,28.0
GERAL,GERAL,21750784471,[APP INSTAL - UNIFICADA],MULTI_CHANNEL,2025-09-10,364,276,1.318840579710145,14.926405,23,9.0
GERAL,GERAL,21750784471,[APP INSTAL - UNIFICADA],MULTI_CHANNEL,2025-09-11,295,227,1.2995594713656389,13.183349,21,8.0
GERAL,GERAL,21750784471,[APP INSTAL - UNIFICADA],MULTI_CHANNEL,2025-09-12,282,205,1.3756097560975609,11.400982,18,7.0
GERAL,GERAL,21750784471,[APP INSTAL - UNIFICADA],MULTI_CHANNEL,2025-09-13,889,609,1.4597701149425288,11.987549,41,19.0
GERAL,GERAL,21750784471,[APP INSTAL - UNIFICADA],MULTI_CHANNEL,2025-09-14,180,142,1.267605633802817,12.249265,22,9.0
GERAL,GERAL,21750784471,[APP INSTAL - UNIFICADA],MULTI_CHANNEL,2025-09-15,731,509,1.4361493123772102,12.464048,34,12.0
GERAL,GERAL,21750784471,[APP INSTAL - UNIFICADA],MULTI_CHANNEL,2025-09-16,311,210,1.480952380952381,12.670134,24,11.0
GERAL,GERAL,21750784471,[APP INSTAL - UNIFICADA],MULTI_CHANNEL,2025-09-17,286,216,1.3240740740740742,12.58208,18,7.0
GERAL,GERAL,21750784471,[APP INSTAL - UNIFICADA],MULTI_CHANNEL,2025-09-18,336,234,1.435897435897436,12.172319,23,4.0
GERAL,GERAL,21750784471,[APP INSTAL - UNIFICADA],MULTI_CHANNEL,2025-09-19,265,178,1.4887640449438202,12.728863,16,8.0
GERAL,GERAL,21750784471,[APP INSTAL - UNIFICADA],MULTI_CHANNEL,2025-09-20,367,246,1.491869918699187,11.946452,29,13.0
GERAL,GERAL,21750784471,[APP INSTAL - UNIFICADA],MULTI_CHANNEL,2025-09-21,205,151,1.3576158940397351,14.964566,23,4.0
GERAL,GERAL,21750784471,[APP INSTAL - UNIFICADA],MULTI_CHANNEL,2025-09-22,244,151,1.6158940397350994,13.456337,21,7.0
GERAL,GERAL,21750784471,[APP INSTAL - UNIFICADA],MULTI_CHANNEL,2025-09-23,244,169,1.4437869822485208,11.241117,20,1.0
GERAL,GERAL,21750784471,[APP INSTAL - UNIFICADA],MULTI_CHANNEL,2025-09-24,253,188,1.3457446808510638,11.28836,21,9.0
GERAL,GERAL,21750784471,[APP INSTAL - UNIFICADA],MULTI_CHANNEL,2025-09-25,178,133,1.3383458646616542,11.381839,14,9.0
GERAL,GERAL,21750784471,[APP INSTAL - UNIFICADA],MULTI_CHANNEL,2025-09-26,529,379,1.395778364116095,24.721959,41,22.0
GERAL,GERAL,21750784471,[APP INSTAL - UNIFICADA],MULTI_CHANNEL,2025-09-27,837,576,1.453125,24.197409,84,47.0
GERAL,GERAL,21750784471,[APP INSTAL - UNIFICADA],MULTI_CHANNEL,2025-09-28,1190,784,1.5178571428571428,25.732916,112,59.0
GERAL,GERAL,21750784471,[APP INSTAL - UNIFICADA],MULTI_CHANNEL,2025-09-29,657,409,1.6063569682151588,23.155104,49,12.0
GERAL,GERAL,21750784471,[APP INSTAL - UNIFICADA],MULTI_CHANNEL,2025-09-30,405,251,1.6135458167330676,23.37819,35,14.0
GERAL,GERAL,21750784471,[APP INSTAL - UNIFICADA],MULTI_CHANNEL,2025-10-01,426,299,1.4247491638795986,23.938288,35,12.0
GERAL,GERAL,21750784471,[APP INSTAL - UNIFICADA],MULTI_CHANNEL,2025-10-02,958,615,1.5577235772357723,24.151695,62,27.0
GERAL,GERAL,21750784471,[APP INSTAL - UNIFICADA],MULTI_CHANNEL,2025-10-03,997,655,1.5221374045801526,24.6041,65,28.0
GERAL,GERAL,21750784471,[APP INSTAL - UNIFICADA],MULTI_CHANNEL,2025-10-04,677,329,2.0577507598784193,24.614087,41,13.0
GERAL,GERAL,21750784471,[APP INSTAL - UNIFICADA],MULTI_CHANNEL,2025-10-05,733,461,1.5900216919739696,26.76423,58,22.0
GERAL,GERAL,21750784471,[APP INSTAL - UNIFICADA],MULTI_CHANNEL,2025-10-06,1155,762,1.515748031496063,23.724685,61,20.0
GERAL,GERAL,21750784471,[APP INSTAL - UNIFICADA],MULTI_CHANNEL,2025-10-07,1014,677,1.4977843426883308,24.213717,61,17.0
GERAL,GERAL,21750784471,[APP INSTAL - UNIFICADA],MULTI_CHANNEL,2025-10-08,1046,680,1.5382352941176471,23.298406,53,27.0
GERAL,GERAL,21750784471,[APP INSTAL - UNIFICADA],MULTI_CHANNEL,2025-10-09,419,228,1.837719298245614,24.92666,36,13.0
GERAL,GERAL,21750784471,[APP INSTAL - UNIFICADA],MULTI_CHANNEL,2025-10-10,902,644,1.4006211180124224,23.748886,70,31.0
GERAL,GERAL,21750784471,[APP INSTAL - UNIFICADA],MULTI_CHANNEL,2025-10-11,571,368,1.5516304347826086,25.588055,37,15.0
GERAL,GERAL,21750784471,[APP INSTAL - UNIFICADA],MULTI_CHANNEL,2025-10-12,876,619,1.4151857835218093,23.617889,96,62.0
GERAL,GERAL,21750784471,[APP INSTAL - UNIFICADA],MULTI_CHANNEL,2025-10-13,995,674,1.4762611275964392,24.735383,59,16.0
GERAL,GERAL,21750784471,[APP INSTAL - UNIFICADA],MULTI_CHANNEL,2025-10-14,1006,675,1.4903703703703703,25.458477,70,28.0
GERAL,GERAL,21750784471,[APP INSTAL - UNIFICADA],MULTI_CHANNEL,2025-10-15,972,692,1.4046242774566473,22.577542,56,24.0
GERAL,GERAL,21750784471,[APP INSTAL - UNIFICADA],MULTI_CHANNEL,2025-10-16,476,307,1.5504885993485342,20.8322,39,14.0
GERAL,GERAL,21750784471,[APP INSTAL - UNIFICADA],MULTI_CHANNEL,2025-10-17,561,351,1.5982905982905984,25.07843,37,16.0
GERAL,GERAL,21750784471,[APP INSTAL - UNIFICADA],MULTI_CHANNEL,2025-10-18,844,527,1.601518026565465,25.444522,61,19.0
GERAL,GERAL,21750784471,[APP INSTAL - UNIFICADA],MULTI_CHANNEL,2025-10-19,1115,735,1.5170068027210883,26.975277,71,28.0
GERAL,GERAL,21750784471,[APP INSTAL - UNIFICADA],MULTI_CHANNEL,2025-10-20,424,302,1.403973509933775,22.857995,42,16.0
GERAL,GERAL,21750784471,[APP INSTAL - UNIFICADA],MULTI_CHANNEL,2025-10-21,977,623,1.5682182985553772,22.166205,67,30.0
GERAL,GERAL,21750784471,[APP INSTAL - UNIFICADA],MULTI_CHANNEL,2025-10-22,729,480,1.51875,22.228044,52,16.0
GERAL,GERAL,21750784471,[APP INSTAL - UNIFICADA],MULTI_CHANNEL,2025-10-23,274,206,1.3300970873786409,22.728508,37,11.0
GERAL,GERAL,21750784471,[APP INSTAL - UNIFICADA],MULTI_CHANNEL,2025-10-24,419,271,1.5461254612546125,22.00122,36,14.0
GERAL,GERAL,21750784471,[APP INSTAL - UNIFICADA],MULTI_CHANNEL,2025-10-25,533,362,1.4723756906077348,22.887495,43,14.0
GERAL,GERAL,21750784471,[APP INSTAL - UNIFICADA],MULTI_CHANNEL,2025-10-26,316,200,1.58,23.84039,36,10.0
GERAL,GERAL,21750784471,[APP INSTAL - UNIFICADA],MULTI_CHANNEL,2025-10-27,707,480,1.4729166666666667,23.253245,67,27.0
GERAL,GERAL,21750784471,[APP INSTAL - UNIFICADA],MULTI_CHANNEL,2025-10-28,675,465,1.4516129032258065,20.872964,50,17.0
GERAL,GERAL,21750784471,[APP INSTAL - UNIFICADA],MULTI_CHANNEL,2025-10-29,1050,679,1.5463917525773196,21.623126,72,31.0
GERAL,GERAL,21750784471,[APP INSTAL - UNIFICADA],MULTI_CHANNEL,2025-10-30,806,506,1.592885375494071,22.238322,55,23.0
GERAL,GERAL,21750784471,[APP INSTAL - UNIFICADA],MULTI_CHANNEL,2025-10-31,396,253,1.565217391304348,19.629604,38,14.0
GERAL,GERAL,21750784471,[APP INSTAL - UNIFICADA],MULTI_CHANNEL,2025-11-01,638,385,1.6571428571428573,23.773809,45,11.0
GERAL,GERAL,21750784471,[APP INSTAL - UNIFICADA],MULTI_CHANNEL,2025-11-02,1274,825,1.5442424242424242,26.057544,82,28.0
GERAL,GERAL,21750784471,[APP INSTAL - UNIFICADA],MULTI_CHANNEL,2025-11-03,775,483,1.6045548654244306,22.701926,49,21.0
GERAL,GERAL,21750784471,[APP INSTAL - UNIFICADA],MULTI_CHANNEL,2025-11-04,884,557,1.5870736086175943,25.142708,56,21.0
GERAL,GERAL,21750784471,[APP INSTAL - UNIFICADA],MULTI_CHANNEL,2025-11-05,1042,678,1.5383480825958702,26.135149,59,13.0
GERAL,GERAL,21750784471,[APP INSTAL - UNIFICADA],MULTI_CHANNEL,2025-11-06,468,266,1.7593984962406015,27.264022,38,11.0
GERAL,GERAL,21750784471,[APP INSTAL - UNIFICADA],MULTI_CHANNEL,2025-11-07,472,329,1.4346504559270516,24.29944,40,9.0
GERAL,GERAL,21750784471,[APP INSTAL - UNIFICADA],MULTI_CHANNEL,2025-11-08,342,202,1.693069306930693,25.913563,40,15.0
GERAL,GERAL,21750784471,[APP INSTAL - UNIFICADA],MULTI_CHANNEL,2025-11-09,527,371,1.4204851752021563,26.039222,57,18.0
GERAL,GERAL,21750784471,[APP INSTAL - UNIFICADA],MULTI_CHANNEL,2025-11-10,578,396,1.4595959595959596,25.379848,66,29.0
GERAL,GERAL,21750784471,[APP INSTAL - UNIFICADA],MULTI_CHANNEL,2025-11-11,622,431,1.443155452436195,24.874705,47,23.0
GERAL,GERAL,21750784471,[APP INSTAL - UNIFICADA],MULTI_CHANNEL,2025-11-12,716,431,1.6612529002320187,25.168483,50,21.0
GERAL,GERAL,21750784471,[APP INSTAL - UNIFICADA],MULTI_CHANNEL,2025-11-13,528,379,1.3931398416886545,25.536698,55,27.0
GERAL,GERAL,21750784471,[APP INSTAL - UNIFICADA],MULTI_CHANNEL,2025-11-14,436,300,1.4533333333333334,25.28955,45,18.0
GERAL,GERAL,21750784471,[APP INSTAL - UNIFICADA],MULTI_CHANNEL,2025-11-15,211,140,1.5071428571428571,24.147531,31,12.0
GERAL,GERAL,21750784471,[APP INSTAL - UNIFICADA],MULTI_CHANNEL,2025-11-16,310,147,2.108843537414966,26.049458,34,19.0
GERAL,GERAL,21750784471,[APP INSTAL - UNIFICADA],MULTI_CHANNEL,2025-11-17,617,426,1.448356807511737,24.96003,79,49.0
GERAL,GERAL,21750784471,[APP INSTAL - UNIFICADA],MULTI_CHANNEL,2025-11-18,771,497,1.551307847082495,23.474133,77,44.0
GERAL,GERAL,21750784471,[APP INSTAL - UNIFICADA],MULTI_CHANNEL,2025-11-19,283,180,1.5722222222222222,23.450134,37,15.0
GERAL,GERAL,21750784471,[APP INSTAL - UNIFICADA],MULTI_CHANNEL,2025-11-20,467,324,1.441358024691358,24.153279,40,20.0
GERAL,GERAL,21750784471,[APP INSTAL - UNIFICADA],MULTI_CHANNEL,2025-11-21,777,511,1.5205479452054795,24.079477,71,37.0
GERAL,GERAL,21750784471,[APP INSTAL - UNIFICADA],MULTI_CHANNEL,2025-11-22,812,577,1.4072790294627382,23.426512,83,54.0
GERAL,GERAL,21750784471,[APP INSTAL - UNIFICADA],MULTI_CHANNEL,2025-11-23,821,558,1.471326164874552,26.0117,123,106.0
GERAL,GERAL,21750784471,[APP INSTAL - UNIFICADA],MULTI_CHANNEL,2025-11-24,1033,653,1.5819295558958653,24.979268,81,42.0
GERAL,GERAL,21750784471,[APP INSTAL - UNIFICADA],MULTI_CHANNEL,2025-11-25,467,252,1.8531746031746033,22.961701,30,14.0
GERAL,GERAL,21750784471,[APP INSTAL - UNIFICADA],MULTI_CHANNEL,2025-11-26,506,342,1.4795321637426901,25.690396,45,22.0
GERAL,GERAL,21750784471,[APP INSTAL - UNIFICADA],MULTI_CHANNEL,2025-11-27,434,257,1.688715953307393,21.592037,24,10.0
GERAL,GERAL,21750784471,[APP INSTAL - UNIFICADA],MULTI_CHANNEL,2025-11-28,672,459,1.4640522875816993,20.833343,61,41.0
GERAL,GERAL,21750784471,[APP INSTAL - UNIFICADA],MULTI_CHANNEL,2025-11-29,437,301,1.451827242524917,20.760475,45,31.0
GERAL,GERAL,21750784471,[APP INSTAL - UNIFICADA],MULTI_CHANNEL,2025-11-30,464,296,1.5675675675675675,21.1936,50,22.0
GERAL,GERAL,21750784471,[APP INSTAL - UNIFICADA],MULTI_CHANNEL,2025-12-01,367,270,1.3592592592592592,24.90263,38,18.0
GERAL,GERAL,21750784471,[APP INSTAL - UNIFICADA],MULTI_CHANNEL,2025-12-02,692,499,1.3867735470941884,25.941205,94,58.0
GERAL,GERAL,21750784471,[APP INSTAL - UNIFICADA],MULTI_CHANNEL,2025-12-03,860,616,1.396103896103896,25.046125,98,61.0
GERAL,GERAL,21750784471,[APP INSTAL - UNIFICADA],MULTI_CHANNEL,2025-12-04,423,265,1.5962264150943397,23.942087,36,16.0
GERAL,GERAL,21750784471,[APP INSTAL - UNIFICADA],MULTI_CHANNEL,2025-12-05,582,393,1.4809160305343512,23.602608,48,17.0
GERAL,GERAL,21750784471,[APP INSTAL - UNIFICADA],MULTI_CHANNEL,2025-12-06,447,281,1.5907473309608542,24.46075,33,15.0
GERAL,GERAL,21750784471,[APP INSTAL - UNIFICADA],MULTI_CHANNEL,2025-12-07,617,357,1.7282913165266107,25.581874,56,21.0
GERAL,GERAL,21750784471,[APP INSTAL - UNIFICADA],MULTI_CHANNEL,2025-12-08,553,382,1.4476439790575917,24.125716,55,32.0
GERAL,GERAL,21751147342,[APP INSTAL - NR],MULTI_CHANNEL,2025-09-10,383,274,1.397810218978102,12.343081,20,6.0
GERAL,GERAL,21751147342,[APP INSTAL - NR],MULTI_CHANNEL,2025-09-11,406,285,1.424561403508772,13.578177,31,11.0
GERAL,GERAL,21751147342,[APP INSTAL - NR],MULTI_CHANNEL,2025-09-12,595,420,1.4166666666666667,12.74128,33,16.0
GERAL,GERAL,21751147342,[APP INSTAL - NR],MULTI_CHANNEL,2025-09-13,232,173,1.3410404624277457,14.974659,22,8.0
GERAL,GERAL,21751147342,[APP INSTAL - NR],MULTI_CHANNEL,2025-09-14,310,223,1.390134529147982,13.997987,18,6.0
GERAL,GERAL,21751147342,[APP INSTAL - NR],MULTI_CHANNEL,2025-09-15,456,319,1.4294670846394983,12.512596,27,11.0
GERAL,GERAL,21751147342,[APP INSTAL - NR],MULTI_CHANNEL,2025-09-16,272,184,1.4782608695652173,12.667151,19,7.0
GERAL,GERAL,21751147342,[APP INSTAL - NR],MULTI_CHANNEL,2025-09-17,346,250,1.384,11.384338,28,11.0
GERAL,GERAL,21751147342,[APP INSTAL - NR],MULTI_CHANNEL,2025-09-18,324,223,1.452914798206278,12.178966,22,13.0
GERAL,GERAL,21751147342,[APP INSTAL - NR],MULTI_CHANNEL,2025-09-19,301,182,1.6538461538461537,12.655198,18,6.0
GERAL,GERAL,21751147342,[APP INSTAL - NR],MULTI_CHANNEL,2025-09-20,446,280,1.5928571428571427,12.813996,43,28.0
GERAL,GERAL,21751147342,[APP INSTAL - NR],MULTI_CHANNEL,2025-09-21,316,220,1.4363636363636363,12.813291,21,8.0
GERAL,GERAL,21751147342,[APP INSTAL - NR],MULTI_CHANNEL,2025-09-22,445,318,1.39937106918239,12.909602,25,12.0
GERAL,GERAL,21751147342,[APP INSTAL - NR],MULTI_CHANNEL,2025-09-23,298,198,1.505050505050505,12.273768,23,11.0
GERAL,GERAL,21751147342,[APP INSTAL - NR],MULTI_CHANNEL,2025-09-24,344,268,1.2835820895522387,11.97225,25,15.0
GERAL,GERAL,21751147342,[APP INSTAL - NR],MULTI_CHANNEL,2025-09-25,314,212,1.4811320754716981,11.764418,22,10.0
GERAL,GERAL,21751147342,[APP INSTAL - NR],MULTI_CHANNEL,2025-09-26,459,268,1.712686567164179,25.07567,34,13.0
GERAL,GERAL,21751147342,[APP INSTAL - NR],MULTI_CHANNEL,2025-09-27,369,259,1.4247104247104247,26.239216,35,13.0
GERAL,GERAL,21751147342,[APP INSTAL - NR],MULTI_CHANNEL,2025-09-28,669,411,1.6277372262773722,25.78968,46,19.0
GERAL,GERAL,21751147342,[APP INSTAL - NR],MULTI_CHANNEL,2025-09-29,754,429,1.7575757575757576,24.328285,49,10.0
GERAL,GERAL,21751147342,[APP INSTAL - NR],MULTI_CHANNEL,2025-09-30,916,539,1.699443413729128,23.748301,52,17.0
GERAL,GERAL,21751147342,[APP INSTAL - NR],MULTI_CHANNEL,2025-10-01,567,392,1.4464285714285714,24.065785,41,12.0
GERAL,GERAL,21751147342,[APP INSTAL - NR],MULTI_CHANNEL,2025-10-02,780,477,1.6352201257861636,25.186208,45,26.0
GERAL,GERAL,21751147342,[APP INSTAL - NR],MULTI_CHANNEL,2025-10-03,670,403,1.662531017369727,27.207503,45,15.0
GERAL,GERAL,21751147342,[APP INSTAL - NR],MULTI_CHANNEL,2025-10-04,855,580,1.4741379310344827,23.458176,67,34.0
GERAL,GERAL,21751147342,[APP INSTAL - NR],MULTI_CHANNEL,2025-10-05,648,366,1.7704918032786885,27.892103,48,17.0
GERAL,GERAL,21751147342,[APP INSTAL - NR],MULTI_CHANNEL,2025-10-06,809,462,1.751082251082251,26.935426,51,17.0
GERAL,GERAL,21751147342,[APP INSTAL - NR],MULTI_CHANNEL,2025-10-07,1157,689,1.679245283018868,24.873169,55,17.0
GERAL,GERAL,21751147342,[APP INSTAL - NR],MULTI_CHANNEL,2025-10-08,531,278,1.910071942446043,25.444483,35,14.0
GERAL,GERAL,21751147342,[APP INSTAL - NR],MULTI_CHANNEL,2025-10-09,818,527,1.5521821631878558,24.254836,63,27.0
GERAL,GERAL,21751147342,[APP INSTAL - NR],MULTI_CHANNEL,2025-10-10,423,247,1.7125506072874495,24.915076,36,12.0
GERAL,GERAL,21751147342,[APP INSTAL - NR],MULTI_CHANNEL,2025-10-11,705,470,1.5,26.854323,52,18.0
GERAL,GERAL,21751147342,[APP INSTAL - NR],MULTI_CHANNEL,2025-10-12,884,552,1.6014492753623188,25.206476,52,23.0
GERAL,GERAL,21751147342,[APP INSTAL - NR],MULTI_CHANNEL,2025-10-13,871,543,1.6040515653775322,24.119936,51,19.0
GERAL,GERAL,21751147342,[APP INSTAL - NR],MULTI_CHANNEL,2025-10-14,861,591,1.4568527918781726,23.938302,55,22.0
GERAL,GERAL,21751147342,[APP INSTAL - NR],MULTI_CHANNEL,2025-10-15,392,261,1.5019157088122606,25.769432,34,12.0
GERAL,GERAL,21751147342,[APP INSTAL - NR],MULTI_CHANNEL,2025-10-16,441,291,1.5154639175257731,24.968882,40,14.0
GERAL,GERAL,21751147342,[APP INSTAL - NR],MULTI_CHANNEL,2025-10-17,991,574,1.7264808362369337,24.566882,82,49.0
GERAL,GERAL,21751147342,[APP INSTAL - NR],MULTI_CHANNEL,2025-10-18,757,456,1.6600877192982457,26.055153,60,25.0
GERAL,GERAL,21751147342,[APP INSTAL - NR],MULTI_CHANNEL,2025-10-19,694,440,1.5772727272727274,24.341007,49,18.0
GERAL,GERAL,21751147342,[APP INSTAL - NR],MULTI_CHANNEL,2025-10-20,618,411,1.5036496350364963,24.993338,49,22.0
GERAL,GERAL,21751147342,[APP INSTAL - NR],MULTI_CHANNEL,2025-10-21,557,306,1.8202614379084967,22.125665,37,13.0
GERAL,GERAL,21751147342,[APP INSTAL - NR],MULTI_CHANNEL,2025-10-22,587,406,1.4458128078817734,25.669258,51,20.0
GERAL,GERAL,21751147342,[APP INSTAL - NR],MULTI_CHANNEL,2025-10-23,389,275,1.4145454545454546,23.456142,34,17.0
GERAL,GERAL,21751147342,[APP INSTAL - NR],MULTI_CHANNEL,2025-10-24,846,578,1.4636678200692042,24.019968,65,17.0
GERAL,GERAL,21751147342,[APP INSTAL - NR],MULTI_CHANNEL,2025-10-25,442,308,1.4350649350649352,23.303719,37,11.0
GERAL,GERAL,21751147342,[APP INSTAL - NR],MULTI_CHANNEL,2025-10-26,838,533,1.572232645403377,24.700578,53,18.0
GERAL,GERAL,21751147342,[APP INSTAL - NR],MULTI_CHANNEL,2025-10-27,557,389,1.4318766066838047,23.002437,42,10.0
GERAL,GERAL,21751147342,[APP INSTAL - NR],MULTI_CHANNEL,2025-10-28,587,402,1.4601990049751243,23.909743,37,15.0
GERAL,GERAL,21751147342,[APP INSTAL - NR],MULTI_CHANNEL,2025-10-29,345,179,1.9273743016759777,23.464725,28,7.0
GERAL,GERAL,21751147342,[APP INSTAL - NR],MULTI_CHANNEL,2025-10-30,889,498,1.785140562248996,48.165419,79,26.0
GERAL,GERAL,21751147342,[APP INSTAL - NR],MULTI_CHANNEL,2025-10-31,1044,655,1.5938931297709924,46.290762,81,31.0
GERAL,GERAL,21751147342,[APP INSTAL - NR],MULTI_CHANNEL,2025-11-01,1041,614,1.6954397394136809,47.835912,79,27.0
GERAL,GERAL,21751147342,[APP INSTAL - NR],MULTI_CHANNEL,2025-11-02,1155,610,1.8934426229508197,50.547637,76,28.0
GERAL,GERAL,21751147342,[APP INSTAL - NR],MULTI_CHANNEL,2025-11-03,1854,1077,1.7214484679665738,56.70417,107,33.0
GERAL,GERAL,21751147342,[APP INSTAL - NR],MULTI_CHANNEL,2025-11-04,954,560,1.7035714285714285,48.829142,73,19.0
GERAL,GERAL,21751147342,[APP INSTAL - NR],MULTI_CHANNEL,2025-11-05,934,544,1.7169117647058822,48.675046,65,19.0
GERAL,GERAL,21751147342,[APP INSTAL - NR],MULTI_CHANNEL,2025-11-06,826,465,1.7763440860215054,50.097059,66,20.0
GERAL,GERAL,21751147342,[APP INSTAL - NR],MULTI_CHANNEL,2025-11-07,911,599,1.5208681135225375,47.77442,84,26.0
GERAL,GERAL,21751147342,[APP INSTAL - NR],MULTI_CHANNEL,2025-11-08,891,585,1.5247863247863247,49.449589,91,34.0
GERAL,GERAL,21751147342,[APP INSTAL - NR],MULTI_CHANNEL,2025-11-09,807,522,1.5574712643678161,49.683007,74,29.0
GERAL,GERAL,21751147342,[APP INSTAL - NR],MULTI_CHANNEL,2025-11-10,540,326,1.6595092024539877,49.950789,75,26.0
GERAL,GERAL,21751147342,[APP INSTAL - NR],MULTI_CHANNEL,2025-11-11,454,284,1.5985915492957747,47.70612,64,24.0
GERAL,GERAL,21751147342,[APP INSTAL - NR],MULTI_CHANNEL,2025-11-12,610,395,1.5443037974683544,46.959999,68,19.0
GERAL,GERAL,21751147342,[APP INSTAL - NR],MULTI_CHANNEL,2025-11-13,822,501,1.6407185628742516,47.040826,99,39.0
GERAL,GERAL,21751147342,[APP INSTAL - NR],MULTI_CHANNEL,2025-11-14,982,638,1.5391849529780564,49.40799,90,42.0
GERAL,GERAL,21751147342,[APP INSTAL - NR],MULTI_CHANNEL,2025-11-15,851,556,1.5305755395683454,48.39444,110,61.0
GERAL,GERAL,21751147342,[APP INSTAL - NR],MULTI_CHANNEL,2025-11-16,1197,695,1.7223021582733813,51.320757,132,69.0
GERAL,GERAL,21751147342,[APP INSTAL - NR],MULTI_CHANNEL,2025-11-17,381,247,1.54251012145749,37.336116,55,23.0
GERAL,GERAL,21751147342,[APP INSTAL - NR],MULTI_CHANNEL,2025-11-18,434,266,1.631578947368421,22.151839,39,17.0
GERAL,GERAL,21751147342,[APP INSTAL - NR],MULTI_CHANNEL,2025-11-19,447,283,1.5795053003533568,20.502464,44,21.0
GERAL,GERAL,21751147342,[APP INSTAL - NR],MULTI_CHANNEL,2025-11-20,677,425,1.5929411764705883,20.096901,67,47.0
GERAL,GERAL,21751147342,[APP INSTAL - NR],MULTI_CHANNEL,2025-11-21,784,494,1.5870445344129556,20.384119,59,32.0
GERAL,GERAL,21751147342,[APP INSTAL - NR],MULTI_CHANNEL,2025-11-22,758,488,1.5532786885245902,23.011565,55,26.0
GERAL,GERAL,21751147342,[APP INSTAL - NR],MULTI_CHANNEL,2025-11-23,403,252,1.5992063492063493,20.676034,35,12.0
GERAL,GERAL,21751147342,[APP INSTAL - NR],MULTI_CHANNEL,2025-11-24,601,341,1.7624633431085044,20.430745,44,19.0
GERAL,GERAL,21751147342,[APP INSTAL - NR],MULTI_CHANNEL,2025-11-25,644,393,1.638676844783715,19.078085,52,34.0
GERAL,GERAL,21751147342,[APP INSTAL - NR],MULTI_CHANNEL,2025-11-26,548,396,1.3838383838383839,19.269675,60,33.0
GERAL,GERAL,21751147342,[APP INSTAL - NR],MULTI_CHANNEL,2025-11-27,660,392,1.683673469387755,19.582085,50,31.0
GERAL,GERAL,21751147342,[APP INSTAL - NR],MULTI_CHANNEL,2025-11-28,400,244,1.639344262295082,20.197583,22,10.0
GERAL,GERAL,21751147342,[APP INSTAL - NR],MULTI_CHANNEL,2025-11-29,469,323,1.4520123839009287,18.542479,59,37.0
GERAL,GERAL,21751147342,[APP INSTAL - NR],MULTI_CHANNEL,2025-11-30,215,114,1.8859649122807018,18.886418,22,8.0
GERAL,GERAL,21751147342,[APP INSTAL - NR],MULTI_CHANNEL,2025-12-01,566,390,1.4512820512820512,20.013583,55,35.0
GERAL,GERAL,21751147342,[APP INSTAL - NR],MULTI_CHANNEL,2025-12-02,402,274,1.467153284671533,20.679895,46,20.0
GERAL,GERAL,21751147342,[APP INSTAL - NR],MULTI_CHANNEL,2025-12-03,513,373,1.3753351206434317,21.007709,47,30.0
GERAL,GERAL,21751147342,[APP INSTAL - NR],MULTI_CHANNEL,2025-12-04,674,402,1.6766169154228856,20.816312,34,15.0
GERAL,GERAL,21751147342,[APP INSTAL - NR],MULTI_CHANNEL,2025-12-05,719,465,1.5462365591397849,20.504267,45,18.0
GERAL,GERAL,21751147342,[APP INSTAL - NR],MULTI_CHANNEL,2025-12-06,550,343,1.6034985422740524,20.138387,34,11.0
GERAL,GERAL,21751147342,[APP INSTAL - NR],MULTI_CHANNEL,2025-12-07,702,416,1.6875,19.567795,65,41.0
GERAL,GERAL,21751147342,[APP INSTAL - NR],MULTI_CHANNEL,2025-12-08,638,428,1.4906542056074767,20.421051,52,26.0
GERAL,GERAL,22098634980,[Pmax] App - CS,PERFORMANCE_MAX,2025-09-10,6888,5748,1.198329853862213,10.646703,20,175.0
GERAL,GERAL,22098634980,[Pmax] App - CS,PERFORMANCE_MAX,2025-09-11,8076,6595,1.2245640636846096,14.850784,21,166.0
GERAL,GERAL,22098634980,[Pmax] App - CS,PERFORMANCE_MAX,2025-09-12,8875,7292,1.2170872188699946,19.314615,25,217.0
GERAL,GERAL,22098634980,[Pmax] App - CS,PERFORMANCE_MAX,2025-09-13,8656,7200,1.2022222222222223,17.732266,25,238.0
GERAL,GERAL,22098634980,[Pmax] App - CS,PERFORMANCE_MAX,2025-09-14,7447,6217,1.1978446195914427,15.423798,26,158.0
GERAL,GERAL,22098634980,[Pmax] App - CS,PERFORMANCE_MAX,2025-09-15,9062,7395,1.225422582826234,17.119007,27,179.0
GERAL,GERAL,22098634980,[Pmax] App - CS,PERFORMANCE_MAX,2025-09-16,5826,4797,1.2145090681676047,10.281594,25,116.0
GERAL,GERAL,22098634980,[Pmax] App - CS,PERFORMANCE_MAX,2025-09-17,7947,6530,1.216998468606432,15.17499,15,137.0
GERAL,GERAL,22098634980,[Pmax] App - CS,PERFORMANCE_MAX,2025-09-18,8083,6659,1.2138459228112328,15.052524,16,170.0
GERAL,GERAL,22098634980,[Pmax] App - CS,PERFORMANCE_MAX,2025-09-19,7346,6004,1.2235176548967355,12.743558,14,175.0
GERAL,GERAL,22098634980,[Pmax] App - CS,PERFORMANCE_MAX,2025-09-20,8475,7038,1.2041773231031543,15.333065,31,255.0
GERAL,GERAL,22098634980,[Pmax] App - CS,PERFORMANCE_MAX,2025-09-21,6696,5421,1.235196458218041,11.572214,34,251.0
GERAL,GERAL,22098634980,[Pmax] App - CS,PERFORMANCE_MAX,2025-09-22,11211,8979,1.2485800200467758,21.628593,55,276.0
GERAL,GERAL,22098634980,[Pmax] App - CS,PERFORMANCE_MAX,2025-09-23,6479,5390,1.2020408163265306,9.853668,11,111.0
GERAL,GERAL,22098634980,[Pmax] App - CS,PERFORMANCE_MAX,2025-09-24,4800,4141,1.1591403042743298,14.095528,5,54.0
GERAL,GERAL,22098634980,[Pmax] App - CS,PERFORMANCE_MAX,2025-09-25,5539,4647,1.191951796858188,18.171079,18,82.0
GERAL,GERAL,22098634980,[Pmax] App - CS,PERFORMANCE_MAX,2025-09-26,4055,3513,1.1542840876743523,15.160696,15,80.0
GERAL,GERAL,22098634980,[Pmax] App - CS,PERFORMANCE_MAX,2025-09-27,4613,4050,1.1390123456790124,13.727945,15,79.0
GERAL,GERAL,22098634980,[Pmax] App - CS,PERFORMANCE_MAX,2025-09-28,3509,2980,1.17751677852349,12.894106,51,77.0
GERAL,GERAL,22098634980,[Pmax] App - CS,PERFORMANCE_MAX,2025-09-29,1889,1661,1.1372667068031306,6.151726,5,47.0
GERAL,GERAL,22098643371,[Pmax] App - BS,PERFORMANCE_MAX,2025-09-10,4909,4140,1.1857487922705314,10.528581,34,234.0
GERAL,GERAL,22098643371,[Pmax] App - BS,PERFORMANCE_MAX,2025-09-11,4321,3670,1.177384196185286,10.026633,34,226.0
GERAL,GERAL,22098643371,[Pmax] App - BS,PERFORMANCE_MAX,2025-09-12,4428,3695,1.1983761840324763,11.262603,46,278.0
GERAL,GERAL,22098643371,[Pmax] App - BS,PERFORMANCE_MAX,2025-09-13,4611,3917,1.1771764105182538,10.980755,58,301.0
GERAL,GERAL,22098643371,[Pmax] App - BS,PERFORMANCE_MAX,2025-09-14,6219,5293,1.1749480445871907,11.887965,72,349.0
GERAL,GERAL,22098643371,[Pmax] App - BS,PERFORMANCE_MAX,2025-09-15,5533,4556,1.2144424934152767,11.8311,53,261.0
GERAL,GERAL,22098643371,[Pmax] App - BS,PERFORMANCE_MAX,2025-09-16,4772,3984,1.1977911646586346,9.516324,50,210.0
GERAL,GERAL,22098643371,[Pmax] App - BS,PERFORMANCE_MAX,2025-09-17,4316,3567,1.2099803756658256,9.70088,39,241.0
GERAL,GERAL,22098643371,[Pmax] App - BS,PERFORMANCE_MAX,2025-09-18,5581,4627,1.2061811108709748,10.145704,36,309.0
GERAL,GERAL,22098643371,[Pmax] App - BS,PERFORMANCE_MAX,2025-09-19,4848,3926,1.2348446255731025,9.525734,41,402.0
GERAL,GERAL,22098643371,[Pmax] App - BS,PERFORMANCE_MAX,2025-09-20,5197,4213,1.2335627818656538,9.233175,55,538.0
GERAL,GERAL,22098643371,[Pmax] App - BS,PERFORMANCE_MAX,2025-09-21,2797,2332,1.1993996569468268,6.555582,47,159.0
GERAL,GERAL,22098643371,[Pmax] App - BS,PERFORMANCE_MAX,2025-09-22,4404,3667,1.2009817289337332,10.161935,40,218.0
GERAL,GERAL,22098643371,[Pmax] App - BS,PERFORMANCE_MAX,2025-09-23,741,664,1.1159638554216869,0.919943,9,21.0
GERAL,GERAL,22098643371,[Pmax] App - BS,PERFORMANCE_MAX,2025-09-24,3888,3401,1.1431931784769185,16.333723,29,98.0
GERAL,GERAL,22098643371,[Pmax] App - BS,PERFORMANCE_MAX,2025-09-25,5165,4246,1.2164390014130946,11.951419,17,123.0
GERAL,GERAL,22098643371,[Pmax] App - BS,PERFORMANCE_MAX,2025-09-26,4691,3864,1.2140269151138716,9.529418,18,108.0
GERAL,GERAL,22098643371,[Pmax] App - BS,PERFORMANCE_MAX,2025-09-27,4173,3406,1.2251908396946565,9.4464,53,154.0
GERAL,GERAL,22098643371,[Pmax] App - BS,PERFORMANCE_MAX,2025-09-28,4618,3686,1.2528486163863266,8.277537,32,90.0
GERAL,GERAL,22098643371,[Pmax] App - BS,PERFORMANCE_MAX,2025-09-29,1732,1531,1.131286740692358,5.526959,7,41.0
GERAL,GERAL,22098681981,[Pmax] App - GS,PERFORMANCE_MAX,2025-09-10,3734,2950,1.2657627118644068,11.184558,101,170.0
GERAL,GERAL,22098681981,[Pmax] App - GS,PERFORMANCE_MAX,2025-09-11,5387,4230,1.2735224586288416,15.883162,139,266.0
GERAL,GERAL,22098681981,[Pmax] App - GS,PERFORMANCE_MAX,2025-09-12,4750,3702,1.283090221501891,15.014979,115,260.0
GERAL,GERAL,22098681981,[Pmax] App - GS,PERFORMANCE_MAX,2025-09-13,4238,3237,1.3092369477911647,16.648035,186,299.0
GERAL,GERAL,22098681981,[Pmax] App - GS,PERFORMANCE_MAX,2025-09-14,4250,3351,1.2682781259325575,15.417109,193,227.0
GERAL,GERAL,22098681981,[Pmax] App - GS,PERFORMANCE_MAX,2025-09-15,4516,3437,1.313936572592377,13.554102,103,219.0
GERAL,GERAL,22098681981,[Pmax] App - GS,PERFORMANCE_MAX,2025-09-16,4163,3198,1.3017510944340214,14.835887,117,199.0
GERAL,GERAL,22098681981,[Pmax] App - GS,PERFORMANCE_MAX,2025-09-17,5178,3987,1.2987208427389014,16.612323,96,219.0
GERAL,GERAL,22098681981,[Pmax] App - GS,PERFORMANCE_MAX,2025-09-18,5031,3824,1.3156380753138075,15.443808,99,208.0
GERAL,GERAL,22098681981,[Pmax] App - GS,PERFORMANCE_MAX,2025-09-19,5106,3910,1.3058823529411765,13.837862,97,297.0
GERAL,GERAL,22098681981,[Pmax] App - GS,PERFORMANCE_MAX,2025-09-20,5486,4281,1.2814762905863115,16.348179,123,361.0
GERAL,GERAL,22098681981,[Pmax] App - GS,PERFORMANCE_MAX,2025-09-21,5035,3854,1.3064348728593669,14.535205,223,335.0
GERAL,GERAL,22098681981,[Pmax] App - GS,PERFORMANCE_MAX,2025-09-22,6519,4932,1.3217761557177616,13.706587,90,298.0
GERAL,GERAL,22098681981,[Pmax] App - GS,PERFORMANCE_MAX,2025-09-23,3738,2936,1.2731607629427792,9.880761,99,163.0
GERAL,GERAL,22098681981,[Pmax] App - GS,PERFORMANCE_MAX,2025-09-24,3347,2707,1.236424085703731,20.301491,124,175.0
GERAL,GERAL,22098681981,[Pmax] App - GS,PERFORMANCE_MAX,2025-09-25,2450,1869,1.3108614232209739,14.120298,116,95.0
GERAL,GERAL,22098681981,[Pmax] App - GS,PERFORMANCE_MAX,2025-09-26,2925,2304,1.26953125,18.438505,132,139.0
GERAL,GERAL,22098681981,[Pmax] App - GS,PERFORMANCE_MAX,2025-09-27,2432,1910,1.2732984293193716,14.956124,204,163.0
GERAL,GERAL,22098681981,[Pmax] App - GS,PERFORMANCE_MAX,2025-09-28,2306,1662,1.3874849578820698,14.573764,244,144.0
GERAL,GERAL,22098681981,[Pmax] App - GS,PERFORMANCE_MAX,2025-09-29,351,300,1.17,0.883952,12,9.0
GERAL,GERAL,22098726441,[Pmax] App - NS,PERFORMANCE_MAX,2025-09-10,6720,5301,1.2676853423882286,11.154584,10,198.0
GERAL,GERAL,22098726441,[Pmax] App - NS,PERFORMANCE_MAX,2025-09-11,5448,4287,1.270818754373688,9.298862,17,169.0
GERAL,GERAL,22098726441,[Pmax] App - NS,PERFORMANCE_MAX,2025-09-12,5545,4464,1.2421594982078854,10.473213,18,185.0
GERAL,GERAL,22098726441,[Pmax] App - NS,PERFORMANCE_MAX,2025-09-13,5552,4460,1.2448430493273543,10.512553,19,225.0
GERAL,GERAL,22098726441,[Pmax] App - NS,PERFORMANCE_MAX,2025-09-14,5728,4446,1.288349077822762,10.511843,22,174.0
GERAL,GERAL,22098726441,[Pmax] App - NS,PERFORMANCE_MAX,2025-09-15,6237,4849,1.286244586512683,10.390519,15,150.0
GERAL,GERAL,22098726441,[Pmax] App - NS,PERFORMANCE_MAX,2025-09-16,4990,4118,1.2117532782904323,8.77767,20,147.0
GERAL,GERAL,22098726441,[Pmax] App - NS,PERFORMANCE_MAX,2025-09-17,6539,5162,1.266757070902751,11.955843,23,238.0
GERAL,GERAL,22098726441,[Pmax] App - NS,PERFORMANCE_MAX,2025-09-18,6838,5395,1.2674698795180723,11.48754,19,255.0
GERAL,GERAL,22098726441,[Pmax] App - NS,PERFORMANCE_MAX,2025-09-19,5303,4297,1.2341168256923436,10.095081,32,302.0
GERAL,GERAL,22098726441,[Pmax] App - NS,PERFORMANCE_MAX,2025-09-20,5433,4273,1.2714720336999765,9.144509,15,249.0
GERAL,GERAL,22098726441,[Pmax] App - NS,PERFORMANCE_MAX,2025-09-21,5820,4660,1.2489270386266094,11.110893,39,182.0
GERAL,GERAL,22098726441,[Pmax] App - NS,PERFORMANCE_MAX,2025-09-22,4880,3972,1.2286002014098691,8.533641,20,169.0
GERAL,GERAL,22098726441,[Pmax] App - NS,PERFORMANCE_MAX,2025-09-23,4963,4055,1.223921085080148,8.221968,15,104.0
GERAL,GERAL,22098726441,[Pmax] App - NS,PERFORMANCE_MAX,2025-09-24,6973,5368,1.2989940387481371,12.516687,17,124.0
GERAL,GERAL,22098726441,[Pmax] App - NS,PERFORMANCE_MAX,2025-09-25,5628,4489,1.2537313432835822,9.913167,9,120.0
GERAL,GERAL,22098726441,[Pmax] App - NS,PERFORMANCE_MAX,2025-09-26,8030,6345,1.2655634357762018,15.14394,14,187.0
GERAL,GERAL,22098726441,[Pmax] App - NS,PERFORMANCE_MAX,2025-09-27,7609,6054,1.2568549719193922,15.096434,18,202.0
GERAL,GERAL,22098726441,[Pmax] App - NS,PERFORMANCE_MAX,2025-09-28,6335,5052,1.2539588281868568,12.3925,15,101.0
GERAL,GERAL,22098726441,[Pmax] App - NS,PERFORMANCE_MAX,2025-09-29,2437,2133,1.1425222691045476,4.363151,1,27.0
GERAL,GERAL,22108893514,[Pmax] App - NR,PERFORMANCE_MAX,2025-09-10,5514,4608,1.1966145833333333,10.247216,21,115.0
GERAL,GERAL,22108893514,[Pmax] App - NR,PERFORMANCE_MAX,2025-09-11,5722,4708,1.2153780798640612,10.266339,17,112.0
GERAL,GERAL,22108893514,[Pmax] App - NR,PERFORMANCE_MAX,2025-09-12,5114,4243,1.2052792835258073,10.306719,16,111.0
GERAL,GERAL,22108893514,[Pmax] App - NR,PERFORMANCE_MAX,2025-09-13,5211,4428,1.1768292682926829,10.014142,18,110.0
GERAL,GERAL,22108893514,[Pmax] App - NR,PERFORMANCE_MAX,2025-09-14,5866,4935,1.1886524822695035,10.02687,25,144.0
GERAL,GERAL,22108893514,[Pmax] App - NR,PERFORMANCE_MAX,2025-09-15,5721,4804,1.1908825978351374,10.245066,28,117.0
GERAL,GERAL,22108893514,[Pmax] App - NR,PERFORMANCE_MAX,2025-09-16,7432,6122,1.2139823587063052,14.183468,28,137.0
GERAL,GERAL,22108893514,[Pmax] App - NR,PERFORMANCE_MAX,2025-09-17,6874,5611,1.225093566209232,15.736209,38,141.0
GERAL,GERAL,22108893514,[Pmax] App - NR,PERFORMANCE_MAX,2025-09-18,8448,6902,1.2239930454940597,18.242657,25,200.0
GERAL,GERAL,22108893514,[Pmax] App - NR,PERFORMANCE_MAX,2025-09-19,7314,5887,1.242398505180907,15.892562,31,229.0
GERAL,GERAL,22108893514,[Pmax] App - NR,PERFORMANCE_MAX,2025-09-20,7268,6079,1.1955913801612108,14.885629,21,214.0
GERAL,GERAL,22108893514,[Pmax] App - NR,PERFORMANCE_MAX,2025-09-21,6360,5140,1.2373540856031129,13.450135,30,159.0
GERAL,GERAL,22108893514,[Pmax] App - NR,PERFORMANCE_MAX,2025-09-22,8206,6736,1.218230403800475,15.992667,30,173.0
GERAL,GERAL,22108893514,[Pmax] App - NR,PERFORMANCE_MAX,2025-09-23,3542,2970,1.1925925925925926,7.023435,12,63.0
GERAL,GERAL,22108893514,[Pmax] App - NR,PERFORMANCE_MAX,2025-09-24,7102,5989,1.1858407079646018,23.347069,19,103.0
GERAL,GERAL,22108893514,[Pmax] App - NR,PERFORMANCE_MAX,2025-09-25,4977,4298,1.1579804560260587,15.211194,8,75.0
GERAL,GERAL,22108893514,[Pmax] App - NR,PERFORMANCE_MAX,2025-09-26,4310,3628,1.1879823594266814,14.596687,20,88.0
GERAL,GERAL,22108893514,[Pmax] App - NR,PERFORMANCE_MAX,2025-09-27,4138,3502,1.1816105082809822,13.933866,33,106.0
GERAL,GERAL,22108893514,[Pmax] App - NR,PERFORMANCE_MAX,2025-09-28,2506,2027,1.2363098174642329,7.048042,9,38.0
GERAL,GERAL,22108893514,[Pmax] App - NR,PERFORMANCE_MAX,2025-09-29,2764,2410,1.1468879668049792,9.045705,9,57.0
GERAL,GERAL,22108928872,[Pmax] App - NK,PERFORMANCE_MAX,2025-09-10,2646,2180,1.2137614678899082,8.905659,15,99.0
GERAL,GERAL,22108928872,[Pmax] App - NK,PERFORMANCE_MAX,2025-09-11,2688,2221,1.210265646105358,11.961514,13,93.0
GERAL,GERAL,22108928872,[Pmax] App - NK,PERFORMANCE_MAX,2025-09-12,3388,2686,1.261355174981385,11.319223,16,162.0
GERAL,GERAL,22108928872,[Pmax] App - NK,PERFORMANCE_MAX,2025-09-13,3865,3103,1.2455688043828552,10.024269,20,225.0
GERAL,GERAL,22108928872,[Pmax] App - NK,PERFORMANCE_MAX,2025-09-14,4144,3178,1.303964757709251,9.631063,25,215.0
GERAL,GERAL,22108928872,[Pmax] App - NK,PERFORMANCE_MAX,2025-09-15,4289,3380,1.2689349112426036,10.64018,10,177.0
GERAL,GERAL,22108928872,[Pmax] App - NK,PERFORMANCE_MAX,2025-09-16,4397,3481,1.2631427750646367,9.738769,15,175.0
GERAL,GERAL,22108928872,[Pmax] App - NK,PERFORMANCE_MAX,2025-09-17,4222,3380,1.2491124260355029,10.694615,22,189.0
GERAL,GERAL,22108928872,[Pmax] App - NK,PERFORMANCE_MAX,2025-09-18,3788,3010,1.2584717607973421,8.061866,17,178.0
GERAL,GERAL,22108928872,[Pmax] App - NK,PERFORMANCE_MAX,2025-09-19,4009,3112,1.2882390745501284,10.984216,17,241.0
GERAL,GERAL,22108928872,[Pmax] App - NK,PERFORMANCE_MAX,2025-09-20,4632,3564,1.2996632996632997,10.418645,25,328.0
GERAL,GERAL,22108928872,[Pmax] App - NK,PERFORMANCE_MAX,2025-09-21,3543,2745,1.2907103825136612,7.92811,42,233.0
GERAL,GERAL,22108928872,[Pmax] App - NK,PERFORMANCE_MAX,2025-09-22,6348,4843,1.310757794755317,14.891777,29,278.0
GERAL,GERAL,22108928872,[Pmax] App - NK,PERFORMANCE_MAX,2025-09-23,5808,4380,1.326027397260274,14.904649,26,248.0
GERAL,GERAL,22108928872,[Pmax] App - NK,PERFORMANCE_MAX,2025-09-24,5463,4275,1.2778947368421052,15.542715,37,248.0
GERAL,GERAL,22108928872,[Pmax] App - NK,PERFORMANCE_MAX,2025-09-25,5428,4292,1.2646784715750232,15.543872,23,230.0
GERAL,GERAL,22108928872,[Pmax] App - NK,PERFORMANCE_MAX,2025-09-26,4706,3766,1.2496016994158259,15.179968,30,255.0
GERAL,GERAL,22108928872,[Pmax] App - NK,PERFORMANCE_MAX,2025-09-27,4201,3321,1.2649804275820535,15.291103,24,270.0
GERAL,GERAL,22108928872,[Pmax] App - NK,PERFORMANCE_MAX,2025-09-28,2998,2333,1.2850407201028717,11.14802,29,181.0
GERAL,GERAL,22108928872,[Pmax] App - NK,PERFORMANCE_MAX,2025-09-29,1844,1521,1.2123602892833663,8.269014,8,93.0
GERAL,GERAL,22795887816,[PMAX - Benefício Stitch - GS],PERFORMANCE_MAX,2025-09-10,5585,4516,1.2367139061116033,10.657648,5,216.0
GERAL,GERAL,22795887816,[PMAX - Benefício Stitch - GS],PERFORMANCE_MAX,2025-09-11,5468,4575,1.1951912568306011,10.3938,8,187.0
GERAL,GERAL,22795887816,[PMAX - Benefício Stitch - GS],PERFORMANCE_MAX,2025-09-12,4846,3942,1.2293252156265855,10.141963,6,168.0
GERAL,GERAL,22795887816,[PMAX - Benefício Stitch - GS],PERFORMANCE_MAX,2025-09-13,4919,4038,1.218177315502724,10.693631,16,244.0
GERAL,GERAL,22795887816,[PMAX - Benefício Stitch - GS],PERFORMANCE_MAX,2025-09-14,3604,2996,1.2029372496662216,9.038854,8,154.0
GERAL,GERAL,22795887816,[PMAX - Benefício Stitch - GS],PERFORMANCE_MAX,2025-09-15,5245,4237,1.237904177484069,10.801119,12,153.0
GERAL,GERAL,22795887816,[PMAX - Benefício Stitch - GS],PERFORMANCE_MAX,2025-09-16,5256,4194,1.2532188841201717,10.81218,5,137.0
GERAL,GERAL,22795887816,[PMAX - Benefício Stitch - GS],PERFORMANCE_MAX,2025-09-17,1576,1336,1.1796407185628743,3.584499,1,53.0
GERAL,GERAL,22797874926,[PMAX - Benefício Stitch - NS],PERFORMANCE_MAX,2025-09-10,5363,4376,1.2255484460694699,10.610613,3,150.0
GERAL,GERAL,22797874926,[PMAX - Benefício Stitch - NS],PERFORMANCE_MAX,2025-09-11,5220,4314,1.2100139082058414,10.628998,5,177.0
GERAL,GERAL,22797874926,[PMAX - Benefício Stitch - NS],PERFORMANCE_MAX,2025-09-12,4711,3926,1.1999490575649516,9.229764,7,163.0
GERAL,GERAL,22797874926,[PMAX - Benefício Stitch - NS],PERFORMANCE_MAX,2025-09-13,5468,4535,1.2057331863285556,11.05281,6,226.0
GERAL,GERAL,22797874926,[PMAX - Benefício Stitch - NS],PERFORMANCE_MAX,2025-09-14,4735,3896,1.2153490759753593,9.259098,3,151.0
GERAL,GERAL,22797874926,[PMAX - Benefício Stitch - NS],PERFORMANCE_MAX,2025-09-15,5897,4922,1.198090207232832,10.906912,5,168.0
GERAL,GERAL,22797874926,[PMAX - Benefício Stitch - NS],PERFORMANCE_MAX,2025-09-16,5642,4676,1.2065868263473054,10.444068,8,147.0
GERAL,GERAL,22797874926,[PMAX - Benefício Stitch - NS],PERFORMANCE_MAX,2025-09-17,1086,969,1.1207430340557276,2.184373,0,29.0
GERAL,GERAL,22798080933,[DISPLAY - STITCH - NR],DISPLAY,2025-09-10,11063,2639,4.192118226600985,10.433369,10,1.0
GERAL,GERAL,22798080933,[DISPLAY - STITCH - NR],DISPLAY,2025-09-11,11199,2632,4.254939209726444,10.402624,15,0.0
GERAL,GERAL,22798145889,[DISPLAY - STITCH - NS],DISPLAY,2025-09-10,11576,2573,4.499028371550719,10.442641,11,2.0
GERAL,GERAL,22798145889,[DISPLAY - STITCH - NS],DISPLAY,2025-09-11,10940,2173,5.034514496088357,9.906883,13,0.0
GERAL,GERAL,22798562376,[DISPLAY - STITCH - GS],DISPLAY,2025-09-10,11307,2539,4.453328081922017,10.452487,14,0.0
GERAL,GERAL,22798562376,[DISPLAY - STITCH - GS],DISPLAY,2025-09-11,11181,2403,4.652933832709113,10.279456,4,0.0
GERAL,GERAL,22798574850,[DISPLAY - STITCH - CS],DISPLAY,2025-09-10,11282,2496,4.520032051282051,10.449373,11,0.0
GERAL,GERAL,22798574850,[DISPLAY - STITCH - CS],DISPLAY,2025-09-11,11024,2570,4.289494163424124,10.459096,14,1.0
GERAL,GERAL,22803739643,[PMAX - Benefício Stitch - NK],PERFORMANCE_MAX,2025-09-10,4418,3517,1.256184247938584,10.223115,1,89.0
GERAL,GERAL,22803739643,[PMAX - Benefício Stitch - NK],PERFORMANCE_MAX,2025-09-11,3729,3188,1.1696988707653702,10.613007,8,136.0
GERAL,GERAL,22803739643,[PMAX - Benefício Stitch - NK],PERFORMANCE_MAX,2025-09-12,4164,3475,1.198273381294964,9.741407,8,211.0
GERAL,GERAL,22803739643,[PMAX - Benefício Stitch - NK],PERFORMANCE_MAX,2025-09-13,3562,2818,1.2640170333569907,9.460796,18,293.0
GERAL,GERAL,22803739643,[PMAX - Benefício Stitch - NK],PERFORMANCE_MAX,2025-09-14,2255,1941,1.1617722823286964,6.219387,2,83.0
GERAL,GERAL,22803739643,[PMAX - Benefício Stitch - NK],PERFORMANCE_MAX,2025-09-15,5584,4462,1.2514567458538772,15.930022,4,169.0
GERAL,GERAL,22803739643,[PMAX - Benefício Stitch - NK],PERFORMANCE_MAX,2025-09-16,4232,3412,1.2403282532239155,9.297878,4,144.0
GERAL,GERAL,22803739643,[PMAX - Benefício Stitch - NK],PERFORMANCE_MAX,2025-09-17,448,402,1.1144278606965174,1.286731,3,28.0
GERAL,GERAL,22803924905,[DISPLAY - STITCH - NK],DISPLAY,2025-09-10,11661,2534,4.601815311760063,10.441542,10,0.0
GERAL,GERAL,22803924905,[DISPLAY - STITCH - NK],DISPLAY,2025-09-11,10396,2115,4.915366430260048,9.827783,6,0.0
GERAL,GERAL,22805421025,[PMAX - Benefício Stitch - BS],PERFORMANCE_MAX,2025-09-10,4933,4193,1.1764846172191747,10.155431,16,262.0
GERAL,GERAL,22805421025,[PMAX - Benefício Stitch - BS],PERFORMANCE_MAX,2025-09-11,4895,4141,1.182081622796426,10.439953,9,251.0
GERAL,GERAL,22805421025,[PMAX - Benefício Stitch - BS],PERFORMANCE_MAX,2025-09-12,4485,3799,1.1805738352197948,9.899744,8,253.0
GERAL,GERAL,22805421025,[PMAX - Benefício Stitch - BS],PERFORMANCE_MAX,2025-09-13,4913,4050,1.2130864197530864,10.968269,19,436.0
GERAL,GERAL,22805421025,[PMAX - Benefício Stitch - BS],PERFORMANCE_MAX,2025-09-14,4028,3356,1.200238379022646,9.810878,17,294.0
GERAL,GERAL,22805421025,[PMAX - Benefício Stitch - BS],PERFORMANCE_MAX,2025-09-15,4768,4000,1.192,10.839467,17,237.0
GERAL,GERAL,22805421025,[PMAX - Benefício Stitch - BS],PERFORMANCE_MAX,2025-09-16,5035,4207,1.1968148324221535,10.190203,9,230.0
GERAL,GERAL,22805421025,[PMAX - Benefício Stitch - BS],PERFORMANCE_MAX,2025-09-17,2242,1930,1.1616580310880829,4.893693,6,101.0
GERAL,GERAL,22805424850,[PMAX - Benefício Stitch - CS],PERFORMANCE_MAX,2025-09-10,6498,5503,1.1808104670179902,10.280696,9,113.0
GERAL,GERAL,22805424850,[PMAX - Benefício Stitch - CS],PERFORMANCE_MAX,2025-09-11,6713,5781,1.1612177823905898,10.447046,5,95.0
GERAL,GERAL,22805424850,[PMAX - Benefício Stitch - CS],PERFORMANCE_MAX,2025-09-12,5781,4928,1.1730925324675325,10.011924,2,105.0
GERAL,GERAL,22805424850,[PMAX - Benefício Stitch - CS],PERFORMANCE_MAX,2025-09-13,6363,5482,1.1607077708865379,10.908074,11,137.0
GERAL,GERAL,22805424850,[PMAX - Benefício Stitch - CS],PERFORMANCE_MAX,2025-09-14,4205,3603,1.1670829864002221,7.691194,9,88.0
GERAL,GERAL,22805424850,[PMAX - Benefício Stitch - CS],PERFORMANCE_MAX,2025-09-15,7392,6077,1.2163896659535955,12.633114,6,134.0
GERAL,GERAL,22805424850,[PMAX - Benefício Stitch - CS],PERFORMANCE_MAX,2025-09-16,6832,5706,1.1973361373992288,9.970551,9,118.0
GERAL,GERAL,22805424850,[PMAX - Benefício Stitch - CS],PERFORMANCE_MAX,2025-09-17,2440,2073,1.177038109020743,4.405227,3,31.0
GERAL,GERAL,22807473115,[PMAX - Benefício Stitch - NR],PERFORMANCE_MAX,2025-09-10,6114,5029,1.215748657784848,10.871525,4,114.0
GERAL,GERAL,22807473115,[PMAX - Benefício Stitch - NR],PERFORMANCE_MAX,2025-09-11,5916,5010,1.1808383233532933,10.53937,2,88.0
GERAL,GERAL,22807473115,[PMAX - Benefício Stitch - NR],PERFORMANCE_MAX,2025-09-12,4134,3692,1.119718309859155,9.996999,2,55.0
GERAL,GERAL,22807473115,[PMAX - Benefício Stitch - NR],PERFORMANCE_MAX,2025-09-13,5098,4462,1.1425369789332138,10.384389,5,86.0
GERAL,GERAL,22807473115,[PMAX - Benefício Stitch - NR],PERFORMANCE_MAX,2025-09-14,4332,3792,1.1424050632911393,8.565901,3,67.0
GERAL,GERAL,22807473115,[PMAX - Benefício Stitch - NR],PERFORMANCE_MAX,2025-09-15,5769,4780,1.2069037656903765,11.726786,2,74.0
GERAL,GERAL,22807473115,[PMAX - Benefício Stitch - NR],PERFORMANCE_MAX,2025-09-16,4874,4239,1.149799481009672,9.790974,2,64.0
GERAL,GERAL,22807473115,[PMAX - Benefício Stitch - NR],PERFORMANCE_MAX,2025-09-17,901,827,1.0894800483675937,3.114436,0,21.0
GERAL,GERAL,22808092228,[DISPLAY - STITCH - BS],DISPLAY,2025-09-10,11271,2694,4.1837416481069045,10.451141,6,0.0
GERAL,GERAL,22808092228,[DISPLAY - STITCH - BS],DISPLAY,2025-09-11,10746,2568,4.184579439252336,10.42702,9,0.0
GERAL,GERAL,22919062221,[ALC - Dragões - NS],VIDEO,2025-09-10,3445,3710,1.0897574123989218,9.495646,3,10.0
GERAL,GERAL,22962637627,[PMAX - Strong Man - NR],PERFORMANCE_MAX,2025-09-10,14996,11610,1.2916451335055987,29.977759,4,222.0
GERAL,GERAL,22962637627,[PMAX - Strong Man - NR],PERFORMANCE_MAX,2025-09-11,12374,9676,1.2788342290202563,20.991569,0,140.0
GERAL,GERAL,22962637627,[PMAX - Strong Man - NR],PERFORMANCE_MAX,2025-09-12,18594,13497,1.3776394754389865,32.073527,1,239.0
GERAL,GERAL,22962637627,[PMAX - Strong Man - NR],PERFORMANCE_MAX,2025-09-13,17869,13192,1.3545330503335355,31.978956,2,240.0
GERAL,GERAL,22962637627,[PMAX - Strong Man - NR],PERFORMANCE_MAX,2025-09-14,14549,10951,1.3285544699114236,25.033731,1,205.0
GERAL,GERAL,22962637627,[PMAX - Strong Man - NR],PERFORMANCE_MAX,2025-09-15,20202,13516,1.4946729801716485,38.645093,7,207.0
GERAL,GERAL,22962637627,[PMAX - Strong Man - NR],PERFORMANCE_MAX,2025-09-16,15712,11582,1.3565878086686238,26.305914,2,166.0
GERAL,GERAL,22962637627,[PMAX - Strong Man - NR],PERFORMANCE_MAX,2025-09-17,17712,12510,1.4158273381294963,32.088852,8,283.0
GERAL,GERAL,22962637627,[PMAX - Strong Man - NR],PERFORMANCE_MAX,2025-09-18,10544,8075,1.3057585139318886,19.878624,0,178.0
GERAL,GERAL,22968796056,[PMAX - Emporio Du Homem - NR],PERFORMANCE_MAX,2025-09-10,8622,6944,1.241647465437788,29.988234,21,133.0
GERAL,GERAL,22968796056,[PMAX - Emporio Du Homem - NR],PERFORMANCE_MAX,2025-09-11,8683,7217,1.2031314950810585,30.539761,21,177.0
GERAL,GERAL,22968796056,[PMAX - Emporio Du Homem - NR],PERFORMANCE_MAX,2025-09-12,8263,6762,1.2219757468204673,31.355452,31,131.0
GERAL,GERAL,22968796056,[PMAX - Emporio Du Homem - NR],PERFORMANCE_MAX,2025-09-13,9612,7321,1.3129353913399808,33.274053,42,168.0
GERAL,GERAL,22968796056,[PMAX - Emporio Du Homem - NR],PERFORMANCE_MAX,2025-09-14,8206,6740,1.2175074183976262,31.095106,59,170.0
GERAL,GERAL,22968796056,[PMAX - Emporio Du Homem - NR],PERFORMANCE_MAX,2025-09-15,9737,7535,1.2922362309223623,37.646482,29,153.0
GERAL,GERAL,22968796056,[PMAX - Emporio Du Homem - NR],PERFORMANCE_MAX,2025-09-16,10096,7904,1.277327935222672,32.877939,26,167.0
GERAL,GERAL,22968796056,[PMAX - Emporio Du Homem - NR],PERFORMANCE_MAX,2025-09-17,8551,6978,1.2254227572370306,37.422691,19,176.0
GERAL,GERAL,22968796056,[PMAX - Emporio Du Homem - NR],PERFORMANCE_MAX,2025-09-18,9483,7597,1.2482558904830854,37.751799,45,203.0
GERAL,GERAL,22968796056,[PMAX - Emporio Du Homem - NR],PERFORMANCE_MAX,2025-09-19,8647,7119,1.214636887203259,33.131223,34,236.0
GERAL,GERAL,22968796056,[PMAX - Emporio Du Homem - NR],PERFORMANCE_MAX,2025-09-20,9503,7404,1.2834954078876284,33.197931,23,243.0
GERAL,GERAL,22968796056,[PMAX - Emporio Du Homem - NR],PERFORMANCE_MAX,2025-09-21,6495,5124,1.2675644028103044,25.776524,46,141.0
GERAL,GERAL,22968796056,[PMAX - Emporio Du Homem - NR],PERFORMANCE_MAX,2025-09-22,2326,2032,1.1446850393700787,8.077607,9,40.0
GERAL,GERAL,22977110379,[PMAX - Churras - NR],PERFORMANCE_MAX,2025-09-10,3994,3513,1.1369200113862796,10.927063,13,88.0
GERAL,GERAL,22977110379,[PMAX - Churras - NR],PERFORMANCE_MAX,2025-09-11,6185,5438,1.1373666789260757,14.869654,3,85.0
GERAL,GERAL,22977110379,[PMAX - Churras - NR],PERFORMANCE_MAX,2025-09-12,5864,5032,1.1653418124006358,14.556121,12,83.0
GERAL,GERAL,22977110379,[PMAX - Churras - NR],PERFORMANCE_MAX,2025-09-13,6219,5212,1.193207981580967,16.439331,23,119.0
GERAL,GERAL,22977110379,[PMAX - Churras - NR],PERFORMANCE_MAX,2025-09-14,5613,4781,1.1740221710939134,12.391017,13,84.0
GERAL,GERAL,22977110379,[PMAX - Churras - NR],PERFORMANCE_MAX,2025-09-15,7653,6216,1.231177606177606,18.694451,14,84.0
GERAL,GERAL,22977110379,[PMAX - Churras - NR],PERFORMANCE_MAX,2025-09-16,6229,5286,1.178395762391222,13.716661,10,60.0
GERAL,GERAL,22977110379,[PMAX - Churras - NR],PERFORMANCE_MAX,2025-09-17,5733,4866,1.1781750924784218,17.892134,18,123.0
GERAL,GERAL,22977110379,[PMAX - Churras - NR],PERFORMANCE_MAX,2025-09-18,4718,4068,1.1597836774827925,12.599805,17,81.0
GERAL,GERAL,22977110379,[PMAX - Churras - NR],PERFORMANCE_MAX,2025-09-19,6445,5334,1.208286464191976,16.765458,8,126.0
GERAL,GERAL,22977110379,[PMAX - Churras - NR],PERFORMANCE_MAX,2025-09-20,4227,3703,1.1415068863083986,13.446174,27,104.0
GERAL,GERAL,22977110379,[PMAX - Churras - NR],PERFORMANCE_MAX,2025-09-21,4254,3593,1.1839688282772056,9.827618,6,58.0
GERAL,GERAL,22977110379,[PMAX - Churras - NR],PERFORMANCE_MAX,2025-09-22,8227,6584,1.2495443499392467,23.263519,10,141.0
GERAL,GERAL,22977110379,[PMAX - Churras - NR],PERFORMANCE_MAX,2025-09-23,8976,7337,1.2233883058470765,14.881708,13,147.0
GERAL,GERAL,22977110379,[PMAX - Churras - NR],PERFORMANCE_MAX,2025-09-24,7987,6555,1.2184591914569032,14.968474,16,144.0
GERAL,GERAL,22977110379,[PMAX - Churras - NR],PERFORMANCE_MAX,2025-09-25,8151,6757,1.2063045730353708,15.339605,9,175.0
GERAL,GERAL,22977110379,[PMAX - Churras - NR],PERFORMANCE_MAX,2025-09-26,7871,6490,1.212788906009245,14.525189,14,177.0
GERAL,GERAL,22977110379,[PMAX - Churras - NR],PERFORMANCE_MAX,2025-09-27,7763,6334,1.2256078307546574,15.008902,15,193.0
GERAL,GERAL,22977110379,[PMAX - Churras - NR],PERFORMANCE_MAX,2025-09-28,5687,4763,1.1939953810623556,10.470881,22,122.0
GERAL,GERAL,22977110379,[PMAX - Churras - NR],PERFORMANCE_MAX,2025-09-29,5717,4908,1.164832925835371,9.956481,15,120.0
GERAL,GERAL,22977110379,[PMAX - Churras - NR],PERFORMANCE_MAX,2025-09-30,5899,4989,1.1824012828222088,10.044792,7,122.0
GERAL,GERAL,22977110379,[PMAX - Churras - NR],PERFORMANCE_MAX,2025-10-01,6389,5369,1.1899795120134102,9.789612,7,107.0
GERAL,GERAL,22977110379,[PMAX - Churras - NR],PERFORMANCE_MAX,2025-10-02,4005,3427,1.1686606361248906,7.436735,2,83.0
GERAL,GERAL,22977110379,[PMAX - Churras - NR],PERFORMANCE_MAX,2025-10-03,5049,4387,1.150900387508548,11.080264,8,131.0
GERAL,GERAL,22977110379,[PMAX - Churras - NR],PERFORMANCE_MAX,2025-10-04,6044,5156,1.1722265321955003,11.643234,6,131.0
GERAL,GERAL,22977110379,[PMAX - Churras - NR],PERFORMANCE_MAX,2025-10-05,4546,3850,1.1807792207792207,8.515546,9,77.0
GERAL,GERAL,22977110379,[PMAX - Churras - NR],PERFORMANCE_MAX,2025-10-06,5309,4579,1.1594234549028173,12.429222,4,77.0
GERAL,GERAL,22977110379,[PMAX - Churras - NR],PERFORMANCE_MAX,2025-10-07,4518,3937,1.1475742951485903,9.942657,8,114.0
GERAL,GERAL,22977110379,[PMAX - Churras - NR],PERFORMANCE_MAX,2025-10-08,5057,4381,1.1543026706231454,10.031008,4,100.0
GERAL,GERAL,22977110379,[PMAX - Churras - NR],PERFORMANCE_MAX,2025-10-09,4366,3886,1.123520329387545,9.189317,11,112.0
GERAL,GERAL,22977110379,[PMAX - Churras - NR],PERFORMANCE_MAX,2025-10-10,4921,4275,1.1511111111111112,11.422906,7,130.0
GERAL,GERAL,22977110379,[PMAX - Churras - NR],PERFORMANCE_MAX,2025-10-11,5021,4311,1.1646949663651125,10.605645,12,141.0
GERAL,GERAL,22977110379,[PMAX - Churras - NR],PERFORMANCE_MAX,2025-10-12,3420,2984,1.146112600536193,7.39757,21,84.0
GERAL,GERAL,22977110379,[PMAX - Churras - NR],PERFORMANCE_MAX,2025-10-13,4552,3815,1.1931847968545217,10.784883,6,64.0
GERAL,GERAL,22977110379,[PMAX - Churras - NR],PERFORMANCE_MAX,2025-10-14,5277,4476,1.1789544235924934,11.321977,5,100.0
GERAL,GERAL,22977110379,[PMAX - Churras - NR],PERFORMANCE_MAX,2025-10-15,5164,4464,1.156810035842294,11.232659,13,111.0
GERAL,GERAL,22977110379,[PMAX - Churras - NR],PERFORMANCE_MAX,2025-10-16,4731,4155,1.1386281588447653,9.807002,5,93.0
GERAL,GERAL,22977110379,[PMAX - Churras - NR],PERFORMANCE_MAX,2025-10-17,4787,4191,1.1422094965402052,9.866876,2,115.0
GERAL,GERAL,22977110379,[PMAX - Churras - NR],PERFORMANCE_MAX,2025-10-18,4555,4075,1.1177914110429448,10.034473,19,142.0
GERAL,GERAL,22977110379,[PMAX - Churras - NR],PERFORMANCE_MAX,2025-10-19,3038,2639,1.1511936339522546,6.4793,9,67.0
GERAL,GERAL,22977110379,[PMAX - Churras - NR],PERFORMANCE_MAX,2025-10-20,4090,3601,1.1357956123299084,11.448469,7,80.0
GERAL,GERAL,22977110379,[PMAX - Churras - NR],PERFORMANCE_MAX,2025-10-21,5199,4466,1.1641289744738021,11.001608,11,117.0
GERAL,GERAL,22977110379,[PMAX - Churras - NR],PERFORMANCE_MAX,2025-10-22,4989,4305,1.1588850174216028,9.620098,13,131.0
GERAL,GERAL,22977110379,[PMAX - Churras - NR],PERFORMANCE_MAX,2025-10-23,5207,4557,1.1426377002413868,9.993363,10,95.0
GERAL,GERAL,22977110379,[PMAX - Churras - NR],PERFORMANCE_MAX,2025-10-24,4995,4378,1.1409319323892189,9.756688,12,136.0
GERAL,GERAL,22977110379,[PMAX - Churras - NR],PERFORMANCE_MAX,2025-10-25,4453,3851,1.156323032978447,9.38275,26,160.0
GERAL,GERAL,22977110379,[PMAX - Churras - NR],PERFORMANCE_MAX,2025-10-26,4219,3702,1.1396542409508374,10.088966,36,112.0
GERAL,GERAL,22977110379,[PMAX - Churras - NR],PERFORMANCE_MAX,2025-10-27,3789,3318,1.1419529837251357,8.053061,13,87.0
GERAL,GERAL,22977110379,[PMAX - Churras - NR],PERFORMANCE_MAX,2025-10-28,5126,4434,1.156066756878665,10.933773,18,138.0
GERAL,GERAL,22977110379,[PMAX - Churras - NR],PERFORMANCE_MAX,2025-10-29,3272,2831,1.1557753444012717,6.927229,1,81.0
GERAL,GERAL,22987516279,[PMAX - Aniversário NK - Blues],PERFORMANCE_MAX,2025-09-10,8230,6043,1.3619063379116334,61.662113,27,382.0
GERAL,GERAL,22987516279,[PMAX - Aniversário NK - Blues],PERFORMANCE_MAX,2025-09-11,6051,4483,1.3497657818425162,53.329081,16,259.0
GERAL,GERAL,23005562075,[PMAX - Festival do Morango - NR],PERFORMANCE_MAX,2025-09-10,7312,6299,1.1608191776472456,30.375218,16,138.0
GERAL,GERAL,23005562075,[PMAX - Festival do Morango - NR],PERFORMANCE_MAX,2025-09-11,6785,5727,1.1847389558232932,24.196754,10,134.0
GERAL,GERAL,23005562075,[PMAX - Festival do Morango - NR],PERFORMANCE_MAX,2025-09-12,5375,4164,1.2908261287223823,33.945348,29,158.0
GERAL,GERAL,23005562075,[PMAX - Festival do Morango - NR],PERFORMANCE_MAX,2025-09-13,5675,4658,1.2183340489480463,35.622662,26,186.0
GERAL,GERAL,23005562075,[PMAX - Festival do Morango - NR],PERFORMANCE_MAX,2025-09-14,9739,7507,1.2973224990009324,30.670616,6,112.0
GERAL,GERAL,23005562075,[PMAX - Festival do Morango - NR],PERFORMANCE_MAX,2025-09-15,7201,6082,1.1839855310753042,30.871711,14,110.0
GERAL,GERAL,23005562075,[PMAX - Festival do Morango - NR],PERFORMANCE_MAX,2025-09-16,5798,4877,1.188845601804388,27.283591,25,118.0
GERAL,GERAL,23005562075,[PMAX - Festival do Morango - NR],PERFORMANCE_MAX,2025-09-17,10032,7769,1.2912858797786073,35.032482,19,169.0
GERAL,GERAL,23005562075,[PMAX - Festival do Morango - NR],PERFORMANCE_MAX,2025-09-18,7414,6144,1.2067057291666667,31.010142,13,151.0
GERAL,GERAL,23005562075,[PMAX - Festival do Morango - NR],PERFORMANCE_MAX,2025-09-19,7040,6012,1.1709913506320693,30.451566,35,212.0
GERAL,GERAL,23005562075,[PMAX - Festival do Morango - NR],PERFORMANCE_MAX,2025-09-20,7739,6419,1.2056395077114814,30.756501,56,244.0
GERAL,GERAL,23005562075,[PMAX - Festival do Morango - NR],PERFORMANCE_MAX,2025-09-21,9221,7746,1.1904208623805834,30.228927,50,220.0
GERAL,GERAL,23026477585,[ALC - Star Beatles - NK],VIDEO,2025-09-15,1674,1167,1.4747215081405314,7.11885,6,4.0
GERAL,GERAL,23026477585,[ALC - Star Beatles - NK],VIDEO,2025-09-16,9432,8110,1.2877928483353884,32.300167,15,18.0
GERAL,GERAL,23026477585,[ALC - Star Beatles - NK],VIDEO,2025-09-17,8717,7707,1.2339431685480733,32.227484,18,29.0
GERAL,GERAL,23026477585,[ALC - Star Beatles - NK],VIDEO,2025-09-18,8891,8055,1.2079453755431409,32.203675,20,30.0
GERAL,GERAL,23026477585,[ALC - Star Beatles - NK],VIDEO,2025-09-19,7877,6727,1.2509290917199345,32.139213,18,17.0
GERAL,GERAL,23026477585,[ALC - Star Beatles - NK],VIDEO,2025-09-20,7931,6707,1.2510809601908455,32.104408,19,23.0
GERAL,GERAL,23026477585,[ALC - Star Beatles - NK],VIDEO,2025-09-21,8549,7055,1.2824946846208363,32.119699,16,16.0
GERAL,GERAL,23032102258,[ALC - Mileninha - CS],VIDEO,2025-09-17,4202,2732,1.5951683748169838,18.2352,13,7.0
GERAL,GERAL,23032102258,[ALC - Mileninha - CS],VIDEO,2025-09-18,4803,4577,1.1306532663316582,18.178274,7,4.0
GERAL,GERAL,23032102258,[ALC - Mileninha - CS],VIDEO,2025-09-19,4896,4933,1.0869653354956417,18.207948,11,8.0
GERAL,GERAL,23032102258,[ALC - Mileninha - CS],VIDEO,2025-09-20,5383,5374,1.0976925939709714,18.188593,6,8.0
GERAL,GERAL,23032102258,[ALC - Mileninha - CS],VIDEO,2025-09-21,5737,5450,1.1566972477064221,18.193695,14,9.0
GERAL,GERAL,23032102258,[ALC - Mileninha - CS],VIDEO,2025-09-22,4940,4572,1.1581364829396326,18.219279,14,8.0
GERAL,GERAL,23032102258,[ALC - Mileninha - CS],VIDEO,2025-09-23,4974,4542,1.1624834874504624,18.183705,16,9.0
GERAL,GERAL,23032102258,[ALC - Mileninha - CS],VIDEO,2025-09-24,4477,4181,1.1370485529777565,18.224207,16,7.0
GERAL,GERAL,23032102258,[ALC - Mileninha - CS],VIDEO,2025-09-25,4894,4582,1.142514185945002,18.325996,17,8.0
GERAL,GERAL,23032102258,[ALC - Mileninha - CS],VIDEO,2025-09-26,4987,4696,1.1382027257240204,18.269494,12,12.0
GERAL,GERAL,23032102258,[ALC - Mileninha - CS],VIDEO,2025-09-27,4969,4724,1.1327265029635902,18.336004,11,7.0
GERAL,GERAL,23042373249,[DISPLAY - GIFTCARD - CS],DISPLAY,2025-10-10,1849,1162,1.5912220309810672,73.385765,90,2.0
GERAL,GERAL,23042373249,[DISPLAY - GIFTCARD - CS],DISPLAY,2025-10-11,1290,810,1.5925925925925926,77.957444,76,2.0
GERAL,GERAL,23042373249,[DISPLAY - GIFTCARD - CS],DISPLAY,2025-10-12,2668,1546,1.725743855109961,77.166931,183,7.0
GERAL,GERAL,23042373249,[DISPLAY - GIFTCARD - CS],DISPLAY,2025-10-13,1572,725,2.1682758620689655,80.407112,107,5.0
GERAL,GERAL,23042373249,[DISPLAY - GIFTCARD - CS],DISPLAY,2025-10-14,479,276,1.7355072463768115,73.952264,43,1.0
GERAL,GERAL,23042373249,[DISPLAY - GIFTCARD - CS],DISPLAY,2025-10-15,1941,1102,1.7613430127041743,79.455212,104,1.0
GERAL,GERAL,23042373249,[DISPLAY - GIFTCARD - CS],DISPLAY,2025-10-16,3643,1991,1.8297338021094927,66.379165,131,9.0
GERAL,GERAL,23042373249,[DISPLAY - GIFTCARD - CS],DISPLAY,2025-10-17,2516,1365,1.8432234432234431,74.872066,120,1.0
GERAL,GERAL,23042373249,[DISPLAY - GIFTCARD - CS],DISPLAY,2025-10-18,3849,2023,1.902619871478003,75.992758,179,15.0
GERAL,GERAL,23042373249,[DISPLAY - GIFTCARD - CS],DISPLAY,2025-10-19,3413,1927,1.7711468604047742,73.351875,144,6.0
GERAL,GERAL,23042373249,[DISPLAY - GIFTCARD - CS],DISPLAY,2025-10-20,2796,1163,2.404127257093723,45.900375,104,7.0
GERAL,GERAL,23042373249,[DISPLAY - GIFTCARD - CS],DISPLAY,2025-10-21,2919,1262,2.3129952456418383,40.289659,76,3.0
GERAL,GERAL,23042373249,[DISPLAY - GIFTCARD - CS],DISPLAY,2025-10-22,3661,1605,2.2809968847352025,28.533492,49,13.0
GERAL,GERAL,23042373249,[DISPLAY - GIFTCARD - CS],DISPLAY,2025-10-23,3975,2037,1.95139911634757,32.019004,75,35.0
GERAL,GERAL,23042373249,[DISPLAY - GIFTCARD - CS],DISPLAY,2025-10-24,3114,1656,1.8804347826086956,30.88842,76,19.0
GERAL,GERAL,23042373249,[DISPLAY - GIFTCARD - CS],DISPLAY,2025-10-25,5366,2844,1.8867791842475388,32.252277,104,36.0
GERAL,GERAL,23042373249,[DISPLAY - GIFTCARD - CS],DISPLAY,2025-10-26,3293,1849,1.7809626825310978,29.574324,103,3.0
GERAL,GERAL,23042373249,[DISPLAY - GIFTCARD - CS],DISPLAY,2025-10-27,5168,2439,2.1189011890118903,30.048159,85,13.0
GERAL,GERAL,23042373249,[DISPLAY - GIFTCARD - CS],DISPLAY,2025-10-28,5675,2443,2.3229635693819075,28.698553,111,6.0
GERAL,GERAL,23042373249,[DISPLAY - GIFTCARD - CS],DISPLAY,2025-10-29,5340,2953,1.8083305113443955,30.226305,168,4.0
GERAL,GERAL,23042373249,[DISPLAY - GIFTCARD - CS],DISPLAY,2025-10-30,5054,2639,1.9151193633952255,29.442488,123,1.0
GERAL,GERAL,23042373249,[DISPLAY - GIFTCARD - CS],DISPLAY,2025-10-31,6539,3484,1.876865671641791,29.5612,172,10.0
GERAL,GERAL,23042373249,[DISPLAY - GIFTCARD - CS],DISPLAY,2025-11-01,7001,3731,1.8764406325381935,31.957838,257,12.0
GERAL,GERAL,23042373249,[DISPLAY - GIFTCARD - CS],DISPLAY,2025-11-02,6111,3270,1.8779816513761467,26.917119,218,9.0
GERAL,GERAL,23042373249,[DISPLAY - GIFTCARD - CS],DISPLAY,2025-11-03,7995,4155,1.9249097472924188,33.666167,262,36.0
GERAL,GERAL,23042373249,[DISPLAY - GIFTCARD - CS],DISPLAY,2025-11-04,6437,3091,2.0834681332901974,31.131599,267,16.0
GERAL,GERAL,23042373249,[DISPLAY - GIFTCARD - CS],DISPLAY,2025-11-05,1674,730,2.293150684931507,6.645385,55,2.0
GERAL,GERAL,23042375970,[DISPLAY - GIFTCARD - BS],DISPLAY,2025-10-09,1800,1011,1.7804154302670623,49.483545,133,3.0
GERAL,GERAL,23042375970,[DISPLAY - GIFTCARD - BS],DISPLAY,2025-10-10,2135,1250,1.708,71.340476,167,9.007351
GERAL,GERAL,23042375970,[DISPLAY - GIFTCARD - BS],DISPLAY,2025-10-11,2310,1371,1.6849015317286653,75.554312,146,11.0
GERAL,GERAL,23042375970,[DISPLAY - GIFTCARD - BS],DISPLAY,2025-10-12,1904,1103,1.7262012692656392,78.867156,168,7.0
GERAL,GERAL,23042375970,[DISPLAY - GIFTCARD - BS],DISPLAY,2025-10-13,714,299,2.387959866220736,78.259676,69,2.0
GERAL,GERAL,23042375970,[DISPLAY - GIFTCARD - BS],DISPLAY,2025-10-14,447,240,1.8625,77.966944,74,2.0
GERAL,GERAL,23042375970,[DISPLAY - GIFTCARD - BS],DISPLAY,2025-10-15,1215,709,1.7136812411847673,75.590256,99,2.0
GERAL,GERAL,23042375970,[DISPLAY - GIFTCARD - BS],DISPLAY,2025-10-16,920,462,1.9913419913419914,73.436118,103,93.02346
GERAL,GERAL,23042375970,[DISPLAY - GIFTCARD - BS],DISPLAY,2025-10-17,2026,1143,1.7725284339457568,75.71612,174,10.995745
GERAL,GERAL,23042375970,[DISPLAY - GIFTCARD - BS],DISPLAY,2025-10-18,3446,1652,2.085956416464891,70.390023,164,23.999661
GERAL,GERAL,23042375970,[DISPLAY - GIFTCARD - BS],DISPLAY,2025-10-19,3298,1718,1.919674039580908,41.13295,148,16.0
GERAL,GERAL,23042375970,[DISPLAY - GIFTCARD - BS],DISPLAY,2025-10-20,2748,1512,1.8167989417989419,37.691042,149,31.0
GERAL,GERAL,23042375970,[DISPLAY - GIFTCARD - BS],DISPLAY,2025-10-21,2927,1599,1.8305190744215134,31.67617,135,13.0
GERAL,GERAL,23042375970,[DISPLAY - GIFTCARD - BS],DISPLAY,2025-10-22,1697,1037,1.6364513018322082,29.276817,94,18.0
GERAL,GERAL,23042375970,[DISPLAY - GIFTCARD - BS],DISPLAY,2025-10-23,3398,1938,1.7533539731682146,31.581125,122,53.0
GERAL,GERAL,23042375970,[DISPLAY - GIFTCARD - BS],DISPLAY,2025-10-24,2033,1189,1.7098402018502943,28.610687,97,14.0
GERAL,GERAL,23042375970,[DISPLAY - GIFTCARD - BS],DISPLAY,2025-10-25,2193,1014,2.162721893491124,31.020593,108,12.0
GERAL,GERAL,23042375970,[DISPLAY - GIFTCARD - BS],DISPLAY,2025-10-26,3841,1989,1.931121166415284,30.874459,125,14.0
GERAL,GERAL,23042375970,[DISPLAY - GIFTCARD - BS],DISPLAY,2025-10-27,4573,2246,2.0360641139804097,30.985711,139,14.0
GERAL,GERAL,23042375970,[DISPLAY - GIFTCARD - BS],DISPLAY,2025-10-28,5861,2717,2.1571586308428414,34.269748,180,26.0
GERAL,GERAL,23042375970,[DISPLAY - GIFTCARD - BS],DISPLAY,2025-10-29,4409,2202,2.002270663033606,28.231572,160,18.0
GERAL,GERAL,23042375970,[DISPLAY - GIFTCARD - BS],DISPLAY,2025-10-30,3686,1924,1.9158004158004158,29.149266,131,20.0
GERAL,GERAL,23042375970,[DISPLAY - GIFTCARD - BS],DISPLAY,2025-10-31,5291,3013,1.7560570859608364,26.320734,213,15.0
GERAL,GERAL,23042375970,[DISPLAY - GIFTCARD - BS],DISPLAY,2025-11-01,5769,2835,2.03668430335097,30.160903,246,37.0
GERAL,GERAL,23042375970,[DISPLAY - GIFTCARD - BS],DISPLAY,2025-11-02,5257,2464,2.135551948051948,12.776969,198,123.0
GERAL,GERAL,23042375970,[DISPLAY - GIFTCARD - BS],DISPLAY,2025-11-03,8180,3974,2.0598892803220936,47.784637,253,28.0
GERAL,GERAL,23042375970,[DISPLAY - GIFTCARD - BS],DISPLAY,2025-11-04,5148,2089,2.464337003350886,31.964297,105,13.0
GERAL,GERAL,23042375970,[DISPLAY - GIFTCARD - BS],DISPLAY,2025-11-05,238,157,1.5222929936305734,0.876231,5,1.0
GERAL,GERAL,23042403033,[DISPLAY - GIFTCARD - NK],DISPLAY,2025-10-10,2338,1174,1.991482112436116,82.682204,106,2.0
GERAL,GERAL,23042403033,[DISPLAY - GIFTCARD - NK],DISPLAY,2025-10-11,2594,1206,2.1509121061359866,77.386219,126,56.0
GERAL,GERAL,23042403033,[DISPLAY - GIFTCARD - NK],DISPLAY,2025-10-12,2734,1726,1.5840092699884125,78.365878,176,7.0
GERAL,GERAL,23042403033,[DISPLAY - GIFTCARD - NK],DISPLAY,2025-10-13,1560,611,2.5531914893617023,72.057628,86,6.0
GERAL,GERAL,23042403033,[DISPLAY - GIFTCARD - NK],DISPLAY,2025-10-14,1709,886,1.9288939051918736,78.210094,117,3.0
GERAL,GERAL,23042403033,[DISPLAY - GIFTCARD - NK],DISPLAY,2025-10-15,2728,1496,1.8235294117647058,70.809482,144,8.0
GERAL,GERAL,23042403033,[DISPLAY - GIFTCARD - NK],DISPLAY,2025-10-16,3151,1507,2.090909090909091,77.031644,192,20.0
GERAL,GERAL,23042403033,[DISPLAY - GIFTCARD - NK],DISPLAY,2025-10-17,1633,936,1.7446581196581197,76.098936,105,1.0
GERAL,GERAL,23042403033,[DISPLAY - GIFTCARD - NK],DISPLAY,2025-10-18,1135,666,1.7042042042042043,76.645171,86,5.0
GERAL,GERAL,23042403033,[DISPLAY - GIFTCARD - NK],DISPLAY,2025-10-19,3600,1819,1.9791094007696537,72.703482,157,3.0
GERAL,GERAL,23042403033,[DISPLAY - GIFTCARD - NK],DISPLAY,2025-10-20,1614,907,1.7794928335170892,38.38151,65,2.0
GERAL,GERAL,23042403033,[DISPLAY - GIFTCARD - NK],DISPLAY,2025-10-21,2772,1503,1.844311377245509,42.455392,82,3.0
GERAL,GERAL,23042403033,[DISPLAY - GIFTCARD - NK],DISPLAY,2025-10-22,850,526,1.6159695817490494,30.456336,48,1.0
GERAL,GERAL,23042403033,[DISPLAY - GIFTCARD - NK],DISPLAY,2025-10-23,4779,2378,2.009671993271657,30.328272,153,8.0
GERAL,GERAL,23042403033,[DISPLAY - GIFTCARD - NK],DISPLAY,2025-10-24,4405,2387,1.8454126518642648,30.384155,194,9.0
GERAL,GERAL,23042403033,[DISPLAY - GIFTCARD - NK],DISPLAY,2025-10-25,4207,2273,1.8508578970523537,30.308238,219,6.0
GERAL,GERAL,23042403033,[DISPLAY - GIFTCARD - NK],DISPLAY,2025-10-26,3726,2083,1.7887662025924147,29.019291,219,3.0
GERAL,GERAL,23042403033,[DISPLAY - GIFTCARD - NK],DISPLAY,2025-10-27,3670,2040,1.7990196078431373,27.978646,198,3.0
GERAL,GERAL,23042403033,[DISPLAY - GIFTCARD - NK],DISPLAY,2025-10-28,3734,2011,1.8567876678269517,31.138516,230,3.0
GERAL,GERAL,23042403033,[DISPLAY - GIFTCARD - NK],DISPLAY,2025-10-29,4769,2164,2.2037892791127542,29.219238,187,31.0
GERAL,GERAL,23042403033,[DISPLAY - GIFTCARD - NK],DISPLAY,2025-10-30,4500,2378,1.8923465096719934,30.003357,245,11.0
GERAL,GERAL,23042403033,[DISPLAY - GIFTCARD - NK],DISPLAY,2025-10-31,7561,4059,1.8627740822862775,31.335142,342,14.0
GERAL,GERAL,23042403033,[DISPLAY - GIFTCARD - NK],DISPLAY,2025-11-01,6320,2643,2.3916004540295117,31.817917,281,8.0
GERAL,GERAL,23042403033,[DISPLAY - GIFTCARD - NK],DISPLAY,2025-11-02,9527,4253,2.2410063484599108,31.545471,347,8.0
GERAL,GERAL,23042403033,[DISPLAY - GIFTCARD - NK],DISPLAY,2025-11-03,7974,3192,2.4990601503759398,31.833173,257,10.0
GERAL,GERAL,23042403033,[DISPLAY - GIFTCARD - NK],DISPLAY,2025-11-04,7861,3287,2.391542439914816,31.146762,286,19.0
GERAL,GERAL,23042403033,[DISPLAY - GIFTCARD - NK],DISPLAY,2025-11-05,1517,608,2.495065789473684,5.646818,57,1.0
GERAL,GERAL,23048088194,[DEMAND GEN - GIFTCARD - CS],DEMAND_GEN,2025-09-23,697,438,1.591324200913242,3.410566,41,1.0
GERAL,GERAL,23048088194,[DEMAND GEN - GIFTCARD - CS],DEMAND_GEN,2025-09-24,3936,3094,1.2721396250808015,62.073704,152,10.0
GERAL,GERAL,23048088194,[DEMAND GEN - GIFTCARD - CS],DEMAND_GEN,2025-09-25,2468,1656,1.4903381642512077,34.405231,71,1.0
GERAL,GERAL,23048088194,[DEMAND GEN - GIFTCARD - CS],DEMAND_GEN,2025-09-26,1365,1184,1.1528716216216217,28.481688,86,3.0
GERAL,GERAL,23048088194,[DEMAND GEN - GIFTCARD - CS],DEMAND_GEN,2025-09-27,1625,1297,1.2528912875867386,29.850017,102,1.0
GERAL,GERAL,23048088194,[DEMAND GEN - GIFTCARD - CS],DEMAND_GEN,2025-09-28,1149,728,1.5782967032967032,32.684209,99,2.0
GERAL,GERAL,23048088194,[DEMAND GEN - GIFTCARD - CS],DEMAND_GEN,2025-09-29,847,663,1.277526395173454,29.288767,70,3.0
GERAL,GERAL,23048088194,[DEMAND GEN - GIFTCARD - CS],DEMAND_GEN,2025-09-30,1130,901,1.2541620421753608,23.464918,58,1.0
GERAL,GERAL,23048088194,[DEMAND GEN - GIFTCARD - CS],DEMAND_GEN,2025-10-01,1295,1180,1.097457627118644,37.379129,62,0.0
GERAL,GERAL,23048088194,[DEMAND GEN - GIFTCARD - CS],DEMAND_GEN,2025-10-02,1323,1246,1.0617977528089888,34.315496,40,0.0
GERAL,GERAL,23048088194,[DEMAND GEN - GIFTCARD - CS],DEMAND_GEN,2025-10-03,1519,1432,1.0607541899441342,32.710045,43,0.0
GERAL,GERAL,23048088194,[DEMAND GEN - GIFTCARD - CS],DEMAND_GEN,2025-10-04,360,312,1.1538461538461537,7.224719,16,0.0
GERAL,GERAL,23048088194,[DEMAND GEN - GIFTCARD - CS],DEMAND_GEN,2025-10-05,1885,1546,1.2192755498059509,41.477871,103,9.0
GERAL,GERAL,23048088194,[DEMAND GEN - GIFTCARD - CS],DEMAND_GEN,2025-10-06,1521,1134,1.347442680776014,31.573215,74,5.0
GERAL,GERAL,23048088194,[DEMAND GEN - GIFTCARD - CS],DEMAND_GEN,2025-10-07,1231,862,1.4280742459396751,30.634822,71,3.0
GERAL,GERAL,23048088194,[DEMAND GEN - GIFTCARD - CS],DEMAND_GEN,2025-10-08,1064,619,1.7189014539579968,29.307819,73,2.0
GERAL,GERAL,23048088194,[DEMAND GEN - GIFTCARD - CS],DEMAND_GEN,2025-10-09,1298,1218,1.0656814449917897,36.656136,56,2.0
GERAL,GERAL,23048088194,[DEMAND GEN - GIFTCARD - CS],DEMAND_GEN,2025-10-10,7720,5662,1.363475803602967,48.066997,129,8.0
GERAL,GERAL,23048088194,[DEMAND GEN - GIFTCARD - CS],DEMAND_GEN,2025-10-11,9738,7186,1.3551349846924576,51.174696,328,42.0
GERAL,GERAL,23048088194,[DEMAND GEN - GIFTCARD - CS],DEMAND_GEN,2025-10-12,15368,10457,1.4696375633546905,39.653246,371,31.0
GERAL,GERAL,23048088194,[DEMAND GEN - GIFTCARD - CS],DEMAND_GEN,2025-10-13,4553,3827,1.1915338385158087,63.082084,131,8.0
GERAL,GERAL,23048088194,[DEMAND GEN - GIFTCARD - CS],DEMAND_GEN,2025-10-14,3784,3246,1.1657424522489217,53.322197,106,16.0
GERAL,GERAL,23048088194,[DEMAND GEN - GIFTCARD - CS],DEMAND_GEN,2025-10-15,5767,4490,1.2844097995545658,51.79553,140,40.0
GERAL,GERAL,23048088194,[DEMAND GEN - GIFTCARD - CS],DEMAND_GEN,2025-10-16,5747,3734,1.5391001606855919,45.959795,200,14.0
GERAL,GERAL,23048088194,[DEMAND GEN - GIFTCARD - CS],DEMAND_GEN,2025-10-17,4127,3397,1.2148954960259053,48.995792,130,26.0
GERAL,GERAL,23048088194,[DEMAND GEN - GIFTCARD - CS],DEMAND_GEN,2025-10-18,2123,1942,1.0932028836251286,50.887988,59,10.0
GERAL,GERAL,23048088194,[DEMAND GEN - GIFTCARD - CS],DEMAND_GEN,2025-10-19,2585,2372,1.0897976391231028,69.073296,67,10.0
GERAL,GERAL,23048088194,[DEMAND GEN - GIFTCARD - CS],DEMAND_GEN,2025-10-20,2483,2154,1.1527390900649954,58.716768,68,36.0
GERAL,GERAL,23048088194,[DEMAND GEN - GIFTCARD - CS],DEMAND_GEN,2025-10-21,2751,2353,1.169145771355716,38.697066,78,48.0
GERAL,GERAL,23048088194,[DEMAND GEN - GIFTCARD - CS],DEMAND_GEN,2025-10-22,1584,1295,1.223166023166023,33.298478,58,30.0
GERAL,GERAL,23048088194,[DEMAND GEN - GIFTCARD - CS],DEMAND_GEN,2025-10-23,3319,2503,1.3260087894526569,47.541389,69,119.0
GERAL,GERAL,23048088194,[DEMAND GEN - GIFTCARD - CS],DEMAND_GEN,2025-10-24,966,898,1.0757238307349666,39.309469,29,77.0
GERAL,GERAL,23048088194,[DEMAND GEN - GIFTCARD - CS],DEMAND_GEN,2025-10-25,1941,1636,1.1864303178484108,32.25142,44,75.0
GERAL,GERAL,23048088194,[DEMAND GEN - GIFTCARD - CS],DEMAND_GEN,2025-10-26,2000,1758,1.1376564277588168,38.805865,37,44.0
GERAL,GERAL,23048088194,[DEMAND GEN - GIFTCARD - CS],DEMAND_GEN,2025-10-27,1279,1129,1.132860938883968,35.934335,33,29.0
GERAL,GERAL,23048088194,[DEMAND GEN - GIFTCARD - CS],DEMAND_GEN,2025-10-28,590,523,1.1281070745697896,15.515721,13,3.0
GERAL,GERAL,23048088194,[DEMAND GEN - GIFTCARD - CS],DEMAND_GEN,2025-10-29,1460,1271,1.1487018095987411,25.693641,55,31.0
GERAL,GERAL,23048088194,[DEMAND GEN - GIFTCARD - CS],DEMAND_GEN,2025-10-30,1134,1004,1.1294820717131475,25.51133,42,8.0
GERAL,GERAL,23048088194,[DEMAND GEN - GIFTCARD - CS],DEMAND_GEN,2025-10-31,331,272,1.2169117647058822,6.606179,16,2.0
GERAL,GERAL,23048088194,[DEMAND GEN - GIFTCARD - CS],DEMAND_GEN,2025-11-01,2741,2448,1.1196895424836601,36.40476,83,13.0
GERAL,GERAL,23048088194,[DEMAND GEN - GIFTCARD - CS],DEMAND_GEN,2025-11-02,3001,2567,1.1690689520841449,31.37086,94,57.0
GERAL,GERAL,23048088194,[DEMAND GEN - GIFTCARD - CS],DEMAND_GEN,2025-11-03,2400,2070,1.1594202898550725,34.740166,62,17.0
GERAL,GERAL,23048088194,[DEMAND GEN - GIFTCARD - CS],DEMAND_GEN,2025-11-04,2486,1954,1.2722620266120779,33.570747,48,66.0
GERAL,GERAL,23048088194,[DEMAND GEN - GIFTCARD - CS],DEMAND_GEN,2025-11-05,1190,978,1.2167689161554192,18.063103,28,68.0
GERAL,GERAL,23048100173,[DEMAND GEN - GIFTCARD - BS],DEMAND_GEN,2025-09-25,4026,2692,1.4955423476968797,46.584798,118,14.0
GERAL,GERAL,23048100173,[DEMAND GEN - GIFTCARD - BS],DEMAND_GEN,2025-09-26,3090,2443,1.2648383135489152,62.018598,90,9.0
GERAL,GERAL,23048100173,[DEMAND GEN - GIFTCARD - BS],DEMAND_GEN,2025-09-27,3266,2196,1.4872495446265939,46.936626,105,9.0
GERAL,GERAL,23048100173,[DEMAND GEN - GIFTCARD - BS],DEMAND_GEN,2025-09-28,985,518,1.9015444015444016,30.104004,107,9.0
GERAL,GERAL,23048100173,[DEMAND GEN - GIFTCARD - BS],DEMAND_GEN,2025-09-29,756,599,1.2621035058430718,28.34693,69,12.0
GERAL,GERAL,23048100173,[DEMAND GEN - GIFTCARD - BS],DEMAND_GEN,2025-09-30,1810,1214,1.4909390444810544,26.218489,80,15.0
GERAL,GERAL,23048100173,[DEMAND GEN - GIFTCARD - BS],DEMAND_GEN,2025-10-01,1587,1394,1.1384505021520803,35.197787,63,2.0
GERAL,GERAL,23048100173,[DEMAND GEN - GIFTCARD - BS],DEMAND_GEN,2025-10-02,1390,927,1.499460625674218,28.212865,69,5.0
GERAL,GERAL,23048100173,[DEMAND GEN - GIFTCARD - BS],DEMAND_GEN,2025-10-03,957,496,1.9294354838709677,25.88301,76,5.0
GERAL,GERAL,23048100173,[DEMAND GEN - GIFTCARD - BS],DEMAND_GEN,2025-10-04,573,337,1.7002967359050445,16.702831,49,3.000339
GERAL,GERAL,23048100173,[DEMAND GEN - GIFTCARD - BS],DEMAND_GEN,2025-10-09,1189,663,1.7933634992458523,31.399296,97,3.0
GERAL,GERAL,23048100173,[DEMAND GEN - GIFTCARD - BS],DEMAND_GEN,2025-10-10,14958,8854,1.689405918229049,68.589076,247,11.0
GERAL,GERAL,23048100173,[DEMAND GEN - GIFTCARD - BS],DEMAND_GEN,2025-10-11,11762,8662,1.3578850150080812,58.226278,362,45.0
GERAL,GERAL,23048100173,[DEMAND GEN - GIFTCARD - BS],DEMAND_GEN,2025-10-12,15569,9944,1.5656677393403058,43.580619,387,42.0
GERAL,GERAL,23048100173,[DEMAND GEN - GIFTCARD - BS],DEMAND_GEN,2025-10-13,6408,4610,1.3900216919739696,28.899439,232,18.0
GERAL,GERAL,23048100173,[DEMAND GEN - GIFTCARD - BS],DEMAND_GEN,2025-10-14,3585,2535,1.4142011834319526,19.019046,135,7.0
GERAL,GERAL,23048100173,[DEMAND GEN - GIFTCARD - BS],DEMAND_GEN,2025-10-15,5503,3795,1.4500658761528327,21.581103,176,15.0
GERAL,GERAL,23048100173,[DEMAND GEN - GIFTCARD - BS],DEMAND_GEN,2025-10-16,21143,15865,1.3326820044122283,119.22828,677,64.0
GERAL,GERAL,23048100173,[DEMAND GEN - GIFTCARD - BS],DEMAND_GEN,2025-10-17,33090,20204,1.6377944961393784,118.232446,974,80.0
GERAL,GERAL,23048100173,[DEMAND GEN - GIFTCARD - BS],DEMAND_GEN,2025-10-18,26514,15981,1.659095175520931,80.748348,738,113.0
GERAL,GERAL,23048100173,[DEMAND GEN - GIFTCARD - BS],DEMAND_GEN,2025-10-19,22174,12649,1.7530239544628035,70.144883,623,100.0
GERAL,GERAL,23048100173,[DEMAND GEN - GIFTCARD - BS],DEMAND_GEN,2025-10-20,19277,11974,1.6099047937197262,69.777935,551,82.0
GERAL,GERAL,23048100173,[DEMAND GEN - GIFTCARD - BS],DEMAND_GEN,2025-10-21,9413,6457,1.4577977388880285,54.318917,273,96.0
GERAL,GERAL,23048100173,[DEMAND GEN - GIFTCARD - BS],DEMAND_GEN,2025-10-22,3407,2381,1.4309113817723647,34.287655,73,34.0
GERAL,GERAL,23048100173,[DEMAND GEN - GIFTCARD - BS],DEMAND_GEN,2025-10-23,3106,2486,1.249396621078037,39.495505,81,78.0
GERAL,GERAL,23048100173,[DEMAND GEN - GIFTCARD - BS],DEMAND_GEN,2025-10-24,6301,4453,1.4150011228385357,28.28612,139,89.0
GERAL,GERAL,23048100173,[DEMAND GEN - GIFTCARD - BS],DEMAND_GEN,2025-10-25,4974,3646,1.3642347778387274,28.305287,123,84.0
GERAL,GERAL,23048100173,[DEMAND GEN - GIFTCARD - BS],DEMAND_GEN,2025-10-26,2997,2207,1.3579519710013592,28.279594,89,31.0
GERAL,GERAL,23048100173,[DEMAND GEN - GIFTCARD - BS],DEMAND_GEN,2025-10-27,5674,4054,1.399605328071041,37.653485,148,94.0
GERAL,GERAL,23048100173,[DEMAND GEN - GIFTCARD - BS],DEMAND_GEN,2025-10-28,3201,2283,1.402102496714849,26.204025,85,38.0
GERAL,GERAL,23048100173,[DEMAND GEN - GIFTCARD - BS],DEMAND_GEN,2025-10-29,4166,2609,1.596780375622844,25.902295,78,81.0
GERAL,GERAL,23048100173,[DEMAND GEN - GIFTCARD - BS],DEMAND_GEN,2025-10-30,5271,3025,1.7424793388429751,25.898299,113,36.0
GERAL,GERAL,23048100173,[DEMAND GEN - GIFTCARD - BS],DEMAND_GEN,2025-10-31,4666,2634,1.771450265755505,25.921701,95,72.0
GERAL,GERAL,23048100173,[DEMAND GEN - GIFTCARD - BS],DEMAND_GEN,2025-11-01,6894,3775,1.8262251655629138,31.629021,175,39.0
GERAL,GERAL,23048100173,[DEMAND GEN - GIFTCARD - BS],DEMAND_GEN,2025-11-02,6528,3407,1.9160551805107133,33.402966,138,51.0
GERAL,GERAL,23048100173,[DEMAND GEN - GIFTCARD - BS],DEMAND_GEN,2025-11-03,5793,3152,1.8378807106598984,30.245746,157,68.0
GERAL,GERAL,23048100173,[DEMAND GEN - GIFTCARD - BS],DEMAND_GEN,2025-11-04,6892,3447,1.9994197853205686,30.655204,204,89.0
GERAL,GERAL,23048100173,[DEMAND GEN - GIFTCARD - BS],DEMAND_GEN,2025-11-05,776,575,1.3495652173913044,4.734062,23,11.0
GERAL,GERAL,23048123255,[DEMAND GEN - GIFTCARD - GS],DEMAND_GEN,2025-09-23,270,177,1.5254237288135593,1.492884,18,0.0
GERAL,GERAL,23048123255,[DEMAND GEN - GIFTCARD - GS],DEMAND_GEN,2025-09-24,3795,2777,1.3665826431400792,61.162273,142,1.0
GERAL,GERAL,23048123255,[DEMAND GEN - GIFTCARD - GS],DEMAND_GEN,2025-09-25,2909,2145,1.3561771561771563,32.082795,86,3.0
GERAL,GERAL,23048123255,[DEMAND GEN - GIFTCARD - GS],DEMAND_GEN,2025-09-26,1720,1405,1.2241992882562278,29.583795,86,0.0
GERAL,GERAL,23048123255,[DEMAND GEN - GIFTCARD - GS],DEMAND_GEN,2025-09-27,1751,1298,1.3489984591679507,32.830443,96,3.0
GERAL,GERAL,23048123255,[DEMAND GEN - GIFTCARD - GS],DEMAND_GEN,2025-09-28,1170,612,1.911764705882353,33.686648,134,7.0
GERAL,GERAL,23048123255,[DEMAND GEN - GIFTCARD - GS],DEMAND_GEN,2025-09-29,807,631,1.2789223454833598,29.22533,83,3.0
GERAL,GERAL,23048123255,[DEMAND GEN - GIFTCARD - GS],DEMAND_GEN,2025-09-30,1017,765,1.3294117647058823,20.526747,56,1.0
GERAL,GERAL,23048123255,[DEMAND GEN - GIFTCARD - GS],DEMAND_GEN,2025-10-01,1141,1084,1.0525830258302582,38.599969,44,0.0
GERAL,GERAL,23048123255,[DEMAND GEN - GIFTCARD - GS],DEMAND_GEN,2025-10-02,1362,1297,1.0501156515034695,31.279852,40,5.0
GERAL,GERAL,23048123255,[DEMAND GEN - GIFTCARD - GS],DEMAND_GEN,2025-10-03,2360,2209,1.0683567224988684,56.01724,58,3.0
GERAL,GERAL,23048123255,[DEMAND GEN - GIFTCARD - GS],DEMAND_GEN,2025-10-04,1374,1298,1.0585516178736518,36.799821,44,3.0
GERAL,GERAL,23048123255,[DEMAND GEN - GIFTCARD - GS],DEMAND_GEN,2025-10-05,402,380,1.0578947368421052,17.025735,18,1.0
GERAL,GERAL,23048123255,[DEMAND GEN - GIFTCARD - GS],DEMAND_GEN,2025-10-06,623,579,1.075993091537133,13.982363,20,1.0
GERAL,GERAL,23048123255,[DEMAND GEN - GIFTCARD - GS],DEMAND_GEN,2025-10-07,771,716,1.0768156424581006,15.275368,20,0.0
GERAL,GERAL,23048123255,[DEMAND GEN - GIFTCARD - GS],DEMAND_GEN,2025-10-08,712,672,1.0595238095238095,20.431754,28,6.0
GERAL,GERAL,23048123255,[DEMAND GEN - GIFTCARD - GS],DEMAND_GEN,2025-10-09,1086,983,1.1047812817904374,29.474475,44,5.0
GERAL,GERAL,23048123255,[DEMAND GEN - GIFTCARD - GS],DEMAND_GEN,2025-10-10,4725,3382,1.397102306327617,33.840876,116,3.0
GERAL,GERAL,23048123255,[DEMAND GEN - GIFTCARD - GS],DEMAND_GEN,2025-10-11,7031,4819,1.459016393442623,38.305152,212,10.0
GERAL,GERAL,23048123255,[DEMAND GEN - GIFTCARD - GS],DEMAND_GEN,2025-10-12,4662,3177,1.4674220963172804,13.022427,95,1.0
GERAL,GERAL,23048123255,[DEMAND GEN - GIFTCARD - GS],DEMAND_GEN,2025-10-13,6588,5051,1.3042961789744605,52.799573,164,15.0
GERAL,GERAL,23048123255,[DEMAND GEN - GIFTCARD - GS],DEMAND_GEN,2025-10-14,3892,3008,1.2938829787234043,33.535436,112,8.0
GERAL,GERAL,23048123255,[DEMAND GEN - GIFTCARD - GS],DEMAND_GEN,2025-10-15,4749,3709,1.2803990293879752,37.294505,117,4.0
GERAL,GERAL,23048123255,[DEMAND GEN - GIFTCARD - GS],DEMAND_GEN,2025-10-16,3003,2402,1.2502081598667776,35.561797,79,28.0
GERAL,GERAL,23048123255,[DEMAND GEN - GIFTCARD - GS],DEMAND_GEN,2025-10-17,1191,974,1.2227926078028748,41.786496,52,17.0
GERAL,GERAL,23048123255,[DEMAND GEN - GIFTCARD - GS],DEMAND_GEN,2025-10-18,2307,2140,1.07803738317757,44.442582,60,29.0
GERAL,GERAL,23048123255,[DEMAND GEN - GIFTCARD - GS],DEMAND_GEN,2025-10-19,2408,2098,1.1477597712106768,46.124115,83,24.0
GERAL,GERAL,23048123255,[DEMAND GEN - GIFTCARD - GS],DEMAND_GEN,2025-10-20,1688,1454,1.1609353507565336,25.935833,36,21.0
GERAL,GERAL,23048123255,[DEMAND GEN - GIFTCARD - GS],DEMAND_GEN,2025-10-21,2639,2277,1.1589811155028547,35.961463,58,18.0
GERAL,GERAL,23048123255,[DEMAND GEN - GIFTCARD - GS],DEMAND_GEN,2025-10-22,2301,1821,1.2635914332784184,32.195861,35,3.0
GERAL,GERAL,23048123255,[DEMAND GEN - GIFTCARD - GS],DEMAND_GEN,2025-10-23,3506,2667,1.3145856767904012,33.678296,88,25.0
GERAL,GERAL,23048123255,[DEMAND GEN - GIFTCARD - GS],DEMAND_GEN,2025-10-24,2971,2520,1.178968253968254,30.641259,70,43.0
GERAL,GERAL,23048123255,[DEMAND GEN - GIFTCARD - GS],DEMAND_GEN,2025-10-25,2337,2048,1.14111328125,46.452986,58,27.0
GERAL,GERAL,23048123255,[DEMAND GEN - GIFTCARD - GS],DEMAND_GEN,2025-10-26,2282,1784,1.2791479820627802,28.629162,53,24.0
GERAL,GERAL,23048123255,[DEMAND GEN - GIFTCARD - GS],DEMAND_GEN,2025-10-27,2487,2064,1.2049418604651163,47.269187,54,30.0
GERAL,GERAL,23048123255,[DEMAND GEN - GIFTCARD - GS],DEMAND_GEN,2025-10-28,1595,1383,1.1540130151843817,31.373399,32,32.0
GERAL,GERAL,23048123255,[DEMAND GEN - GIFTCARD - GS],DEMAND_GEN,2025-10-29,572,502,1.1394422310756973,25.514585,17,92.0
GERAL,GERAL,23048123255,[DEMAND GEN - GIFTCARD - GS],DEMAND_GEN,2025-10-30,818,667,1.2263868065967016,10.020426,10,6.0
GERAL,GERAL,23048123255,[DEMAND GEN - GIFTCARD - GS],DEMAND_GEN,2025-10-31,1477,1146,1.2888307155322862,15.587604,27,54.0
GERAL,GERAL,23048123255,[DEMAND GEN - GIFTCARD - GS],DEMAND_GEN,2025-11-01,2942,2447,1.2022885165508785,35.361224,63,45.0
GERAL,GERAL,23048123255,[DEMAND GEN - GIFTCARD - GS],DEMAND_GEN,2025-11-02,1904,1474,1.2917232021709633,40.668852,39,56.0
GERAL,GERAL,23048123255,[DEMAND GEN - GIFTCARD - GS],DEMAND_GEN,2025-11-03,2508,1873,1.3390282968499734,31.921371,37,36.0
GERAL,GERAL,23048123255,[DEMAND GEN - GIFTCARD - GS],DEMAND_GEN,2025-11-04,835,699,1.1945636623748213,32.13406,13,59.0
GERAL,GERAL,23048123255,[DEMAND GEN - GIFTCARD - GS],DEMAND_GEN,2025-11-05,1198,924,1.2965367965367964,21.830377,31,31.0
GERAL,GERAL,23048322156,[ALC - Beatles for Kids - BS],VIDEO,2025-09-25,2033,1918,1.2330552659019813,6.776534,2,9.0
GERAL,GERAL,23048322156,[ALC - Beatles for Kids - BS],VIDEO,2025-09-26,4903,5865,1.0412617220801363,12.093925,2,9.0
GERAL,GERAL,23048322156,[ALC - Beatles for Kids - BS],VIDEO,2025-09-27,5018,6283,1.0370841954480343,12.08855,3,2.0
GERAL,GERAL,23048322156,[ALC - Beatles for Kids - BS],VIDEO,2025-09-28,5946,6658,1.1085911685190748,12.133622,9,9.0
GERAL,GERAL,23048322156,[ALC - Beatles for Kids - BS],VIDEO,2025-09-29,5780,6938,1.0523205534736235,12.085249,2,10.0
GERAL,GERAL,23048322156,[ALC - Beatles for Kids - BS],VIDEO,2025-09-30,5574,6442,1.0771499534306117,12.081995,1,5.0
GERAL,GERAL,23048322156,[ALC - Beatles for Kids - BS],VIDEO,2025-10-01,6044,7255,1.061750516884907,12.086906,2,9.0
GERAL,GERAL,23048322156,[ALC - Beatles for Kids - BS],VIDEO,2025-10-02,6436,7231,1.0977734753146176,12.110205,3,8.0
GERAL,GERAL,23048322156,[ALC - Beatles for Kids - BS],VIDEO,2025-10-03,7737,7050,1.2441134751773049,12.09748,7,4.0
GERAL,GERAL,23048322156,[ALC - Beatles for Kids - BS],VIDEO,2025-10-04,7451,7033,1.2091568320773496,12.10837,4,9.0
GERAL,GERAL,23048322156,[ALC - Beatles for Kids - BS],VIDEO,2025-10-05,7433,6701,1.2465303686017013,12.145575,6,4.0
GERAL,GERAL,23048322156,[ALC - Beatles for Kids - BS],VIDEO,2025-10-06,7180,6625,1.2321509433962263,12.147238,3,6.0
GERAL,GERAL,23048322156,[ALC - Beatles for Kids - BS],VIDEO,2025-10-07,7601,7153,1.2080246050608137,12.181449,6,4.0
GERAL,GERAL,23048322156,[ALC - Beatles for Kids - BS],VIDEO,2025-10-08,7289,6558,1.254040866117719,12.201057,5,9.0
GERAL,GERAL,23048322156,[ALC - Beatles for Kids - BS],VIDEO,2025-10-09,6949,6361,1.2372268511240372,12.246965,4,7.0
GERAL,GERAL,23048322156,[ALC - Beatles for Kids - BS],VIDEO,2025-10-10,6839,5972,1.2744474212993973,12.341896,6,5.0
GERAL,GERAL,23048322156,[ALC - Beatles for Kids - BS],VIDEO,2025-10-11,7174,6392,1.244055068836045,12.51509,11,1.0
GERAL,GERAL,23048527910,[DISPLAY - GIFTCARD - NS],DISPLAY,2025-10-09,433,169,2.562130177514793,14.910556,32,2.0
GERAL,GERAL,23048527910,[DISPLAY - GIFTCARD - NS],DISPLAY,2025-10-10,1703,1026,1.6598440545808968,79.503079,83,6.0
GERAL,GERAL,23048527910,[DISPLAY - GIFTCARD - NS],DISPLAY,2025-10-11,1454,837,1.7371565113500598,78.864121,99,3.0
GERAL,GERAL,23048527910,[DISPLAY - GIFTCARD - NS],DISPLAY,2025-10-12,2232,1349,1.6545589325426242,79.113729,168,4.0
GERAL,GERAL,23048527910,[DISPLAY - GIFTCARD - NS],DISPLAY,2025-10-13,1374,680,2.0205882352941176,77.46921,100,3.0
GERAL,GERAL,23048527910,[DISPLAY - GIFTCARD - NS],DISPLAY,2025-10-14,574,365,1.5726027397260274,78.781017,62,0.0
GERAL,GERAL,23048527910,[DISPLAY - GIFTCARD - NS],DISPLAY,2025-10-15,901,568,1.5862676056338028,80.0,73,3.0
GERAL,GERAL,23048527910,[DISPLAY - GIFTCARD - NS],DISPLAY,2025-10-16,2876,1517,1.8958470665787739,80.149456,122,3.0
GERAL,GERAL,23048527910,[DISPLAY - GIFTCARD - NS],DISPLAY,2025-10-18,2728,1376,1.9825581395348837,78.20964,136,3.0
GERAL,GERAL,23048527910,[DISPLAY - GIFTCARD - NS],DISPLAY,2025-10-19,2629,1093,2.405306495882891,76.533443,165,3.0
GERAL,GERAL,23048527910,[DISPLAY - GIFTCARD - NS],DISPLAY,2025-10-20,2497,1154,2.163778162911612,78.970822,146,6.0
GERAL,GERAL,23048527910,[DISPLAY - GIFTCARD - NS],DISPLAY,2025-10-21,2264,1213,1.866446826051113,45.168172,91,6.0
GERAL,GERAL,23048527910,[DISPLAY - GIFTCARD - NS],DISPLAY,2025-10-22,915,441,2.074829931972789,28.767926,48,1.0
GERAL,GERAL,23048527910,[DISPLAY - GIFTCARD - NS],DISPLAY,2025-10-23,2011,1023,1.9657869012707723,31.92214,55,9.0
GERAL,GERAL,23048527910,[DISPLAY - GIFTCARD - NS],DISPLAY,2025-10-24,1941,1016,1.9104330708661417,32.297013,61,1.0
GERAL,GERAL,23048527910,[DISPLAY - GIFTCARD - NS],DISPLAY,2025-10-25,2752,1425,1.9312280701754385,29.456132,93,3.0
GERAL,GERAL,23048527910,[DISPLAY - GIFTCARD - NS],DISPLAY,2025-10-26,2986,1541,1.9377027903958468,31.785412,96,27.0
GERAL,GERAL,23048527910,[DISPLAY - GIFTCARD - NS],DISPLAY,2025-10-27,3167,1573,2.013350286077559,34.961755,97,11.0
GERAL,GERAL,23048527910,[DISPLAY - GIFTCARD - NS],DISPLAY,2025-10-28,3291,1527,2.1552062868369353,28.783032,65,6.0
GERAL,GERAL,23048527910,[DISPLAY - GIFTCARD - NS],DISPLAY,2025-10-29,3459,1491,2.319919517102616,27.840238,77,6.0
GERAL,GERAL,23048527910,[DISPLAY - GIFTCARD - NS],DISPLAY,2025-10-30,3490,1630,2.1411042944785277,28.326665,100,2.0
GERAL,GERAL,23048527910,[DISPLAY - GIFTCARD - NS],DISPLAY,2025-10-31,4330,2308,1.8760831889081455,26.165195,135,14.0
GERAL,GERAL,23048527910,[DISPLAY - GIFTCARD - NS],DISPLAY,2025-11-01,5305,2286,2.320647419072616,28.041801,192,28.0
GERAL,GERAL,23048527910,[DISPLAY - GIFTCARD - NS],DISPLAY,2025-11-02,3795,1440,2.6381944444444443,27.584378,149,15.0
GERAL,GERAL,23048527910,[DISPLAY - GIFTCARD - NS],DISPLAY,2025-11-03,6274,2488,2.522106109324759,31.034954,138,12.0
GERAL,GERAL,23048527910,[DISPLAY - GIFTCARD - NS],DISPLAY,2025-11-04,6829,2898,2.357142857142857,32.886454,227,33.0
GERAL,GERAL,23048527910,[DISPLAY - GIFTCARD - NS],DISPLAY,2025-11-05,1571,585,2.6854700854700853,7.593096,49,7.0
GERAL,GERAL,23052153982,[DEMAND GEN - GIFTCARD - NS],DEMAND_GEN,2025-09-25,3624,2543,1.4250884781753834,37.616854,101,4.0
GERAL,GERAL,23052153982,[DEMAND GEN - GIFTCARD - NS],DEMAND_GEN,2025-09-26,3484,2631,1.3242113264918283,61.949625,99,4.0
GERAL,GERAL,23052153982,[DEMAND GEN - GIFTCARD - NS],DEMAND_GEN,2025-09-27,2793,2326,1.200773860705073,59.948784,120,6.0
GERAL,GERAL,23052153982,[DEMAND GEN - GIFTCARD - NS],DEMAND_GEN,2025-09-28,1199,801,1.4968789013732835,27.602702,91,3.0
GERAL,GERAL,23052153982,[DEMAND GEN - GIFTCARD - NS],DEMAND_GEN,2025-09-29,961,745,1.2899328859060402,28.106924,60,5.0
GERAL,GERAL,23052153982,[DEMAND GEN - GIFTCARD - NS],DEMAND_GEN,2025-09-30,1435,1110,1.2927927927927927,27.370924,66,2.0
GERAL,GERAL,23052153982,[DEMAND GEN - GIFTCARD - NS],DEMAND_GEN,2025-10-01,916,834,1.0983213429256595,29.537001,42,57.0
GERAL,GERAL,23052153982,[DEMAND GEN - GIFTCARD - NS],DEMAND_GEN,2025-10-02,1171,1105,1.0597285067873303,29.775624,29,0.0
GERAL,GERAL,23052153982,[DEMAND GEN - GIFTCARD - NS],DEMAND_GEN,2025-10-03,1759,1596,1.1021303258145363,41.443783,57,8.0
GERAL,GERAL,23052153982,[DEMAND GEN - GIFTCARD - NS],DEMAND_GEN,2025-10-04,1594,1514,1.0528401585204756,52.412773,58,3.0
GERAL,GERAL,23052153982,[DEMAND GEN - GIFTCARD - NS],DEMAND_GEN,2025-10-05,1444,1303,1.108211818879509,30.602028,39,2.0
GERAL,GERAL,23052153982,[DEMAND GEN - GIFTCARD - NS],DEMAND_GEN,2025-10-06,922,785,1.1745222929936305,22.020354,34,6.0
GERAL,GERAL,23052153982,[DEMAND GEN - GIFTCARD - NS],DEMAND_GEN,2025-10-07,1580,952,1.6596638655462186,26.804331,88,4.0
GERAL,GERAL,23052153982,[DEMAND GEN - GIFTCARD - NS],DEMAND_GEN,2025-10-08,1739,1094,1.589579524680073,27.05108,99,2.0
GERAL,GERAL,23052153982,[DEMAND GEN - GIFTCARD - NS],DEMAND_GEN,2025-10-09,2046,1431,1.429769392033543,29.038455,104,1.0
GERAL,GERAL,23052153982,[DEMAND GEN - GIFTCARD - NS],DEMAND_GEN,2025-10-10,10631,5888,1.8055366847826086,59.804031,170,13.0
GERAL,GERAL,23052153982,[DEMAND GEN - GIFTCARD - NS],DEMAND_GEN,2025-10-11,10909,7424,1.4694234913793103,46.189522,299,29.0
GERAL,GERAL,23052153982,[DEMAND GEN - GIFTCARD - NS],DEMAND_GEN,2025-10-12,12678,7921,1.6005554854185078,42.169198,313,26.0
GERAL,GERAL,23052153982,[DEMAND GEN - GIFTCARD - NS],DEMAND_GEN,2025-10-13,5429,4524,1.2000442086648984,101.678657,174,7.0
GERAL,GERAL,23052153982,[DEMAND GEN - GIFTCARD - NS],DEMAND_GEN,2025-10-14,4723,3749,1.2598026140304082,68.271186,125,14.0
GERAL,GERAL,23052153982,[DEMAND GEN - GIFTCARD - NS],DEMAND_GEN,2025-10-15,7077,5181,1.365952518818761,74.331592,194,51.0
GERAL,GERAL,23052153982,[DEMAND GEN - GIFTCARD - NS],DEMAND_GEN,2025-10-16,5019,3880,1.293556701030928,64.214323,119,25.0
GERAL,GERAL,23052153982,[DEMAND GEN - GIFTCARD - NS],DEMAND_GEN,2025-10-18,14917,7728,1.9302536231884058,103.188309,315,70.0
GERAL,GERAL,23052153982,[DEMAND GEN - GIFTCARD - NS],DEMAND_GEN,2025-10-19,5453,4398,1.239881764438381,96.000716,138,23.0
GERAL,GERAL,23052153982,[DEMAND GEN - GIFTCARD - NS],DEMAND_GEN,2025-10-20,5186,3863,1.3424799378721202,80.971051,138,50.0
GERAL,GERAL,23052153982,[DEMAND GEN - GIFTCARD - NS],DEMAND_GEN,2025-10-21,3329,2560,1.300390625,59.038878,86,103.0
GERAL,GERAL,23052153982,[DEMAND GEN - GIFTCARD - NS],DEMAND_GEN,2025-10-22,2607,1994,1.3074222668004012,37.243076,41,25.0
GERAL,GERAL,23052153982,[DEMAND GEN - GIFTCARD - NS],DEMAND_GEN,2025-10-23,1504,1189,1.2649285113540791,33.366434,40,25.0
GERAL,GERAL,23052153982,[DEMAND GEN - GIFTCARD - NS],DEMAND_GEN,2025-10-24,1846,1500,1.2306666666666666,36.042142,38,119.0
GERAL,GERAL,23052153982,[DEMAND GEN - GIFTCARD - NS],DEMAND_GEN,2025-10-25,1382,1210,1.1421487603305784,40.343052,31,49.0
GERAL,GERAL,23052153982,[DEMAND GEN - GIFTCARD - NS],DEMAND_GEN,2025-10-26,817,713,1.1458625525946704,37.608393,21,24.0
GERAL,GERAL,23052153982,[DEMAND GEN - GIFTCARD - NS],DEMAND_GEN,2025-10-27,1417,1167,1.2142245072836333,28.546034,48,21.0
GERAL,GERAL,23052153982,[DEMAND GEN - GIFTCARD - NS],DEMAND_GEN,2025-10-28,1247,1027,1.2142161635832522,24.060617,28,19.0
GERAL,GERAL,23052153982,[DEMAND GEN - GIFTCARD - NS],DEMAND_GEN,2025-10-29,1411,1275,1.1066666666666667,44.690731,36,23.0
GERAL,GERAL,23052153982,[DEMAND GEN - GIFTCARD - NS],DEMAND_GEN,2025-10-30,195,181,1.0773480662983426,3.607802,3,4.0
GERAL,GERAL,23052153982,[DEMAND GEN - GIFTCARD - NS],DEMAND_GEN,2025-10-31,437,403,1.0843672456575681,15.371322,14,11.0
GERAL,GERAL,23052153982,[DEMAND GEN - GIFTCARD - NS],DEMAND_GEN,2025-11-01,1921,1511,1.271343481138319,37.287561,40,145.0
GERAL,GERAL,23052153982,[DEMAND GEN - GIFTCARD - NS],DEMAND_GEN,2025-11-02,2510,2064,1.2160852713178294,54.996199,65,21.0
GERAL,GERAL,23052153982,[DEMAND GEN - GIFTCARD - NS],DEMAND_GEN,2025-11-03,1840,1530,1.203267973856209,31.121127,52,77.0
GERAL,GERAL,23052153982,[DEMAND GEN - GIFTCARD - NS],DEMAND_GEN,2025-11-04,1492,1253,1.1915403032721468,46.060987,34,111.0
GERAL,GERAL,23052153982,[DEMAND GEN - GIFTCARD - NS],DEMAND_GEN,2025-11-05,660,547,1.206581352833638,13.171778,12,34.0
GERAL,GERAL,23052156454,[DEMAND GEN - GIFTCARD - NK],DEMAND_GEN,2025-09-25,5088,3108,1.6370656370656371,41.819926,132,19.0
GERAL,GERAL,23052156454,[DEMAND GEN - GIFTCARD - NK],DEMAND_GEN,2025-09-26,3921,2718,1.4426048565121412,61.827278,110,14.0
GERAL,GERAL,23052156454,[DEMAND GEN - GIFTCARD - NK],DEMAND_GEN,2025-09-27,2832,2200,1.2872727272727273,52.514016,124,13.0
GERAL,GERAL,23052156454,[DEMAND GEN - GIFTCARD - NK],DEMAND_GEN,2025-09-28,1150,782,1.4705882352941178,29.152403,85,9.0
GERAL,GERAL,23052156454,[DEMAND GEN - GIFTCARD - NK],DEMAND_GEN,2025-09-29,834,537,1.553072625698324,28.674125,96,16.0
GERAL,GERAL,23052156454,[DEMAND GEN - GIFTCARD - NK],DEMAND_GEN,2025-09-30,1235,897,1.3768115942028984,23.225002,50,24.0
GERAL,GERAL,23052156454,[DEMAND GEN - GIFTCARD - NK],DEMAND_GEN,2025-10-01,116,103,1.1262135922330097,1.423606,3,2.0
GERAL,GERAL,23052156454,[DEMAND GEN - GIFTCARD - NK],DEMAND_GEN,2025-10-02,567,447,1.2684563758389262,9.874877,21,7.0
GERAL,GERAL,23052156454,[DEMAND GEN - GIFTCARD - NK],DEMAND_GEN,2025-10-03,137,121,1.1322314049586777,1.620665,4,1.0
GERAL,GERAL,23052156454,[DEMAND GEN - GIFTCARD - NK],DEMAND_GEN,2025-10-04,117,79,1.481012658227848,2.064315,8,1.0
GERAL,GERAL,23052156454,[DEMAND GEN - GIFTCARD - NK],DEMAND_GEN,2025-10-10,14401,10006,1.439236458125125,59.990013,291,41.0
GERAL,GERAL,23052156454,[DEMAND GEN - GIFTCARD - NK],DEMAND_GEN,2025-10-11,11923,8504,1.4020460959548449,60.062963,340,51.0
GERAL,GERAL,23052156454,[DEMAND GEN - GIFTCARD - NK],DEMAND_GEN,2025-10-12,8459,5333,1.5861616351021939,27.784814,252,37.0
GERAL,GERAL,23052156454,[DEMAND GEN - GIFTCARD - NK],DEMAND_GEN,2025-10-13,19192,13867,1.3840051921828802,100.275646,619,152.0
GERAL,GERAL,23052156454,[DEMAND GEN - GIFTCARD - NK],DEMAND_GEN,2025-10-14,14186,9480,1.4964135021097047,62.372092,507,131.0
GERAL,GERAL,23052156454,[DEMAND GEN - GIFTCARD - NK],DEMAND_GEN,2025-10-15,20022,12665,1.5808922226608764,69.092687,556,105.0
GERAL,GERAL,23052156454,[DEMAND GEN - GIFTCARD - NK],DEMAND_GEN,2025-10-16,16887,10264,1.6452650038971162,66.480143,467,121.0
GERAL,GERAL,23052156454,[DEMAND GEN - GIFTCARD - NK],DEMAND_GEN,2025-10-17,19889,12869,1.545496930608439,64.523196,510,174.0
GERAL,GERAL,23052156454,[DEMAND GEN - GIFTCARD - NK],DEMAND_GEN,2025-10-18,15702,9142,1.7175672719317436,63.084462,366,179.0
GERAL,GERAL,23052156454,[DEMAND GEN - GIFTCARD - NK],DEMAND_GEN,2025-10-19,16833,8870,1.8977452085682074,62.543904,422,211.0
GERAL,GERAL,23052156454,[DEMAND GEN - GIFTCARD - NK],DEMAND_GEN,2025-10-20,15379,8232,1.8681972789115646,61.736065,380,229.0
GERAL,GERAL,23052156454,[DEMAND GEN - GIFTCARD - NK],DEMAND_GEN,2025-10-21,9954,6200,1.605483870967742,43.988446,209,170.0
GERAL,GERAL,23052156454,[DEMAND GEN - GIFTCARD - NK],DEMAND_GEN,2025-10-22,5069,2977,1.7027208599261001,31.371416,106,142.0
GERAL,GERAL,23052156454,[DEMAND GEN - GIFTCARD - NK],DEMAND_GEN,2025-10-23,7751,4647,1.6679578222509146,31.133139,159,202.0
GERAL,GERAL,23052156454,[DEMAND GEN - GIFTCARD - NK],DEMAND_GEN,2025-10-24,9146,5721,1.5986715609159239,31.03029,164,131.0
GERAL,GERAL,23052156454,[DEMAND GEN - GIFTCARD - NK],DEMAND_GEN,2025-10-25,10295,6303,1.633349198794225,30.634226,177,187.0
GERAL,GERAL,23052156454,[DEMAND GEN - GIFTCARD - NK],DEMAND_GEN,2025-10-26,6790,4492,1.5115761353517365,33.137128,95,72.0
GERAL,GERAL,23052156454,[DEMAND GEN - GIFTCARD - NK],DEMAND_GEN,2025-10-27,6034,3921,1.5388931395052283,30.815063,120,152.0
GERAL,GERAL,23052156454,[DEMAND GEN - GIFTCARD - NK],DEMAND_GEN,2025-10-28,5491,3506,1.5661722760981176,28.050714,109,97.0
GERAL,GERAL,23052156454,[DEMAND GEN - GIFTCARD - NK],DEMAND_GEN,2025-10-29,5921,3770,1.5705570291777189,27.902934,112,196.0
GERAL,GERAL,23052156454,[DEMAND GEN - GIFTCARD - NK],DEMAND_GEN,2025-10-30,8673,5616,1.544337606837607,28.900455,162,113.0
GERAL,GERAL,23052156454,[DEMAND GEN - GIFTCARD - NK],DEMAND_GEN,2025-10-31,6854,4278,1.6021505376344085,27.183203,112,133.0
GERAL,GERAL,23052156454,[DEMAND GEN - GIFTCARD - NK],DEMAND_GEN,2025-11-01,8409,5097,1.6497939964685109,30.416803,152,120.0
GERAL,GERAL,23052156454,[DEMAND GEN - GIFTCARD - NK],DEMAND_GEN,2025-11-02,6436,3834,1.6786645800730309,31.854496,101,95.0
GERAL,GERAL,23052156454,[DEMAND GEN - GIFTCARD - NK],DEMAND_GEN,2025-11-03,8711,5240,1.6624045801526717,31.872299,170,200.0
GERAL,GERAL,23052156454,[DEMAND GEN - GIFTCARD - NK],DEMAND_GEN,2025-11-04,9474,5743,1.649660456207557,31.905856,205,279.0
GERAL,GERAL,23052156454,[DEMAND GEN - GIFTCARD - NK],DEMAND_GEN,2025-11-05,896,709,1.2637517630465445,4.384798,19,49.0
GERAL,GERAL,23052308332,[DEMAND GEN - GIFTCARD - NR],DEMAND_GEN,2025-09-24,1433,935,1.532620320855615,22.20933,71,0.0
GERAL,GERAL,23052308332,[DEMAND GEN - GIFTCARD - NR],DEMAND_GEN,2025-09-25,4402,3609,1.2197284566361872,79.86781,95,11.0
GERAL,GERAL,23052308332,[DEMAND GEN - GIFTCARD - NR],DEMAND_GEN,2025-09-26,2278,2161,1.0541416011105968,59.475523,55,4.0
GERAL,GERAL,23052308332,[DEMAND GEN - GIFTCARD - NR],DEMAND_GEN,2025-09-27,1148,1060,1.0830188679245283,26.340428,41,1.0
GERAL,GERAL,23052308332,[DEMAND GEN - GIFTCARD - NR],DEMAND_GEN,2025-09-28,924,823,1.1227217496962334,29.298477,38,7.0
GERAL,GERAL,23052308332,[DEMAND GEN - GIFTCARD - NR],DEMAND_GEN,2025-09-29,562,510,1.1019607843137256,24.483711,22,5.0
GERAL,GERAL,23052308332,[DEMAND GEN - GIFTCARD - NR],DEMAND_GEN,2025-09-30,876,659,1.3292867981790593,18.504323,21,5.0
GERAL,GERAL,23052308332,[DEMAND GEN - GIFTCARD - NR],DEMAND_GEN,2025-10-01,2349,1659,1.4159132007233273,33.118033,84,30.0
GERAL,GERAL,23052308332,[DEMAND GEN - GIFTCARD - NR],DEMAND_GEN,2025-10-02,2189,1594,1.3732747804265997,29.022229,84,5.00003
GERAL,GERAL,23052308332,[DEMAND GEN - GIFTCARD - NR],DEMAND_GEN,2025-10-03,1404,811,1.7311960542540075,19.736062,59,0.0
GERAL,GERAL,23052308332,[DEMAND GEN - GIFTCARD - NR],DEMAND_GEN,2025-10-04,2404,1900,1.2652631578947369,71.592791,81,2.0
GERAL,GERAL,23052308332,[DEMAND GEN - GIFTCARD - NR],DEMAND_GEN,2025-10-05,937,806,1.1712158808933002,18.219473,24,5.0
GERAL,GERAL,23052308332,[DEMAND GEN - GIFTCARD - NR],DEMAND_GEN,2025-10-06,682,606,1.1254125412541254,28.223665,39,3.0
GERAL,GERAL,23052308332,[DEMAND GEN - GIFTCARD - NR],DEMAND_GEN,2025-10-07,1083,848,1.2771226415094339,28.133988,50,0.0
GERAL,GERAL,23052308332,[DEMAND GEN - GIFTCARD - NR],DEMAND_GEN,2025-10-08,1283,1016,1.2627952755905512,31.632236,51,1.0
GERAL,GERAL,23052308332,[DEMAND GEN - GIFTCARD - NR],DEMAND_GEN,2025-10-09,1031,945,1.091005291005291,31.745206,39,3.0
GERAL,GERAL,23052308332,[DEMAND GEN - GIFTCARD - NR],DEMAND_GEN,2025-10-10,4163,3045,1.367159277504105,66.832728,98,12.0
GERAL,GERAL,23052308332,[DEMAND GEN - GIFTCARD - NR],DEMAND_GEN,2025-10-11,13234,8311,1.5923474912766213,59.693841,241,30.0
GERAL,GERAL,23052308332,[DEMAND GEN - GIFTCARD - NR],DEMAND_GEN,2025-10-12,8007,5868,1.364519427402863,55.229752,227,9.0
GERAL,GERAL,23052308332,[DEMAND GEN - GIFTCARD - NR],DEMAND_GEN,2025-10-13,8715,6512,1.3382985257985258,64.268318,262,26.0
GERAL,GERAL,23052308332,[DEMAND GEN - GIFTCARD - NR],DEMAND_GEN,2025-10-14,7959,5967,1.3338360985419808,69.705853,225,5.0
GERAL,GERAL,23052308332,[DEMAND GEN - GIFTCARD - NR],DEMAND_GEN,2025-10-15,10277,7309,1.406074702421672,60.466038,300,25.0
GERAL,GERAL,23052308332,[DEMAND GEN - GIFTCARD - NR],DEMAND_GEN,2025-10-16,7614,5759,1.3221045320368119,63.230226,217,16.0
GERAL,GERAL,23052308332,[DEMAND GEN - GIFTCARD - NR],DEMAND_GEN,2025-10-17,4934,3913,1.2609251213902377,73.195731,142,18.0
GERAL,GERAL,23052308332,[DEMAND GEN - GIFTCARD - NR],DEMAND_GEN,2025-10-18,2050,1814,1.1300992282249174,71.246386,71,10.0
GERAL,GERAL,23052308332,[DEMAND GEN - GIFTCARD - NR],DEMAND_GEN,2025-10-19,1866,1717,1.0867792661619102,82.37275,52,14.0
GERAL,GERAL,23052308332,[DEMAND GEN - GIFTCARD - NR],DEMAND_GEN,2025-10-20,3565,2720,1.3106617647058822,65.121849,85,20.0
GERAL,GERAL,23052308332,[DEMAND GEN - GIFTCARD - NR],DEMAND_GEN,2025-10-21,2208,1832,1.205240174672489,71.64164,44,20.0
GERAL,GERAL,23052308332,[DEMAND GEN - GIFTCARD - NR],DEMAND_GEN,2025-10-22,1255,1132,1.1086572438162545,41.074422,30,24.0
GERAL,GERAL,23052308332,[DEMAND GEN - GIFTCARD - NR],DEMAND_GEN,2025-10-23,1062,944,1.125,42.794071,15,1.0
GERAL,GERAL,23052308332,[DEMAND GEN - GIFTCARD - NR],DEMAND_GEN,2025-10-24,1719,1519,1.131665569453588,44.858686,43,5.0
GERAL,GERAL,23052308332,[DEMAND GEN - GIFTCARD - NR],DEMAND_GEN,2025-10-25,1074,956,1.1234309623430963,31.624703,25,12.0
GERAL,GERAL,23052308332,[DEMAND GEN - GIFTCARD - NR],DEMAND_GEN,2025-10-26,866,797,1.0865746549560853,41.29275,20,5.0
GERAL,GERAL,23052308332,[DEMAND GEN - GIFTCARD - NR],DEMAND_GEN,2025-10-27,166,164,1.0121951219512195,15.639916,6,14.0
GERAL,GERAL,23052308332,[DEMAND GEN - GIFTCARD - NR],DEMAND_GEN,2025-10-28,1346,1113,1.2093441150044923,27.468198,34,12.0
GERAL,GERAL,23052308332,[DEMAND GEN - GIFTCARD - NR],DEMAND_GEN,2025-10-29,1056,970,1.088659793814433,33.955021,23,6.0
GERAL,GERAL,23052308332,[DEMAND GEN - GIFTCARD - NR],DEMAND_GEN,2025-10-30,391,375,1.0426666666666666,13.756323,5,16.0
GERAL,GERAL,23052308332,[DEMAND GEN - GIFTCARD - NR],DEMAND_GEN,2025-10-31,406,366,1.1092896174863387,7.752043,8,2.0
GERAL,GERAL,23052308332,[DEMAND GEN - GIFTCARD - NR],DEMAND_GEN,2025-11-01,1275,1096,1.1633211678832116,39.195842,35,19.0
GERAL,GERAL,23052308332,[DEMAND GEN - GIFTCARD - NR],DEMAND_GEN,2025-11-02,1347,1264,1.0656645569620253,38.531993,24,14.0
GERAL,GERAL,23052308332,[DEMAND GEN - GIFTCARD - NR],DEMAND_GEN,2025-11-03,1062,863,1.2305909617612978,55.641982,20,28.0
GERAL,GERAL,23052308332,[DEMAND GEN - GIFTCARD - NR],DEMAND_GEN,2025-11-04,1288,977,1.3183213920163768,23.374668,28,52.0
GERAL,GERAL,23052308332,[DEMAND GEN - GIFTCARD - NR],DEMAND_GEN,2025-11-05,737,617,1.1944894651539708,37.902207,19,26.0
GERAL,GERAL,23052483736,[DISPLAY - GIFTCARD - GS],DISPLAY,2025-09-26,1799,1126,1.5976909413854352,40.056196,135,4.003747
GERAL,GERAL,23052483736,[DISPLAY - GIFTCARD - GS],DISPLAY,2025-09-27,1754,1154,1.5199306759098787,40.973395,127,4.0
GERAL,GERAL,23052483736,[DISPLAY - GIFTCARD - GS],DISPLAY,2025-09-28,2889,1727,1.6728430804863925,40.551337,157,1.0
GERAL,GERAL,23052483736,[DISPLAY - GIFTCARD - GS],DISPLAY,2025-09-29,1942,1197,1.622389306599833,39.294667,139,4.0
GERAL,GERAL,23052483736,[DISPLAY - GIFTCARD - GS],DISPLAY,2025-09-30,2068,1190,1.7378151260504202,39.520001,140,5.000655
GERAL,GERAL,23052483736,[DISPLAY - GIFTCARD - GS],DISPLAY,2025-10-01,2431,1388,1.7514409221902016,38.155619,152,1.0
GERAL,GERAL,23052483736,[DISPLAY - GIFTCARD - GS],DISPLAY,2025-10-02,2398,1281,1.8719750195160032,38.807455,154,4.000656
GERAL,GERAL,23052483736,[DISPLAY - GIFTCARD - GS],DISPLAY,2025-10-03,1825,990,1.8434343434343434,40.267179,130,4.0
GERAL,GERAL,23052483736,[DISPLAY - GIFTCARD - GS],DISPLAY,2025-10-04,1125,707,1.5912305516265912,21.862893,81,0.0
GERAL,GERAL,23052483736,[DISPLAY - GIFTCARD - GS],DISPLAY,2025-10-06,1501,821,1.828258221680877,77.603475,138,4.996223
GERAL,GERAL,23052483736,[DISPLAY - GIFTCARD - GS],DISPLAY,2025-10-07,1437,835,1.7209580838323353,70.631075,145,2.0
GERAL,GERAL,23052483736,[DISPLAY - GIFTCARD - GS],DISPLAY,2025-10-08,1045,537,1.945996275605214,41.416719,87,0.0
GERAL,GERAL,23052483736,[DISPLAY - GIFTCARD - GS],DISPLAY,2025-10-09,1939,1239,1.5649717514124293,44.831922,147,11.0
GERAL,GERAL,23052483736,[DISPLAY - GIFTCARD - GS],DISPLAY,2025-10-10,534,388,1.3762886597938144,20.941331,61,1.0
GERAL,GERAL,23052483736,[DISPLAY - GIFTCARD - GS],DISPLAY,2025-10-11,372,253,1.4703557312252964,8.056977,43,1.0
GERAL,GERAL,23052483736,[DISPLAY - GIFTCARD - GS],DISPLAY,2025-10-12,5983,3275,1.8268702290076335,79.451022,483,12.001512
GERAL,GERAL,23052483736,[DISPLAY - GIFTCARD - GS],DISPLAY,2025-10-13,4330,2331,1.8575718575718576,39.378732,322,1.0
GERAL,GERAL,23052483736,[DISPLAY - GIFTCARD - GS],DISPLAY,2025-10-14,2960,1664,1.7788461538461537,37.5072,241,5.0
GERAL,GERAL,23052483736,[DISPLAY - GIFTCARD - GS],DISPLAY,2025-10-15,1237,651,1.9001536098310292,13.484116,86,4.0
GERAL,GERAL,23052483736,[DISPLAY - GIFTCARD - GS],DISPLAY,2025-10-16,851,346,2.459537572254335,2.605826,19,0.0
GERAL,GERAL,23052483736,[DISPLAY - GIFTCARD - GS],DISPLAY,2025-10-17,2522,1119,2.253798033958892,6.726519,59,0.0
GERAL,GERAL,23052483736,[DISPLAY - GIFTCARD - GS],DISPLAY,2025-10-18,7615,3197,2.3819205505161087,22.76422,242,10.0
GERAL,GERAL,23052483736,[DISPLAY - GIFTCARD - GS],DISPLAY,2025-10-19,9395,3897,2.4108288426995124,20.939973,173,4.0
GERAL,GERAL,23052483736,[DISPLAY - GIFTCARD - GS],DISPLAY,2025-10-20,22111,8606,2.5692540088310483,52.980815,418,53.0
GERAL,GERAL,23052483736,[DISPLAY - GIFTCARD - GS],DISPLAY,2025-10-21,10268,3915,2.6227330779054916,76.467923,196,18.0
GERAL,GERAL,23052483736,[DISPLAY - GIFTCARD - GS],DISPLAY,2025-10-22,1470,666,2.2072072072072073,29.362243,44,5.0
GERAL,GERAL,23052483736,[DISPLAY - GIFTCARD - GS],DISPLAY,2025-10-23,4839,2301,2.1029986962190352,34.386055,112,20.0
GERAL,GERAL,23052483736,[DISPLAY - GIFTCARD - GS],DISPLAY,2025-10-24,1663,887,1.874859075535513,26.378241,51,1.0
GERAL,GERAL,23052483736,[DISPLAY - GIFTCARD - GS],DISPLAY,2025-10-25,7106,3293,2.1579107197084726,34.277903,212,11.0
GERAL,GERAL,23052483736,[DISPLAY - GIFTCARD - GS],DISPLAY,2025-10-26,1564,686,2.2798833819241984,29.838156,50,4.0
GERAL,GERAL,23052483736,[DISPLAY - GIFTCARD - GS],DISPLAY,2025-10-27,2717,1189,2.2851135407905803,32.843425,112,4.0
GERAL,GERAL,23052483736,[DISPLAY - GIFTCARD - GS],DISPLAY,2025-10-28,5234,2338,2.2386655260906756,28.484903,178,10.0
GERAL,GERAL,23052483736,[DISPLAY - GIFTCARD - GS],DISPLAY,2025-10-29,1626,727,2.236588720770289,29.654673,49,12.0
GERAL,GERAL,23052483736,[DISPLAY - GIFTCARD - GS],DISPLAY,2025-10-30,3779,1708,2.212529274004684,29.238107,144,2.0
GERAL,GERAL,23052483736,[DISPLAY - GIFTCARD - GS],DISPLAY,2025-10-31,7623,3007,2.535084802128367,24.908877,198,16.0
GERAL,GERAL,23052483736,[DISPLAY - GIFTCARD - GS],DISPLAY,2025-11-01,9987,3411,2.9278803869832895,30.679714,297,23.0
GERAL,GERAL,23052483736,[DISPLAY - GIFTCARD - GS],DISPLAY,2025-11-02,11593,4182,2.7721186035389764,29.442655,320,15.0
GERAL,GERAL,23052483736,[DISPLAY - GIFTCARD - GS],DISPLAY,2025-11-03,11807,4380,2.695662100456621,33.856473,296,11.0
GERAL,GERAL,23052483736,[DISPLAY - GIFTCARD - GS],DISPLAY,2025-11-04,7118,2655,2.6809792843691147,32.531761,214,21.0
GERAL,GERAL,23052483736,[DISPLAY - GIFTCARD - GS],DISPLAY,2025-11-05,974,491,1.9837067209775967,3.526153,30,2.0
GERAL,GERAL,23052496783,[DISPLAY - GIFTCARD - NR],DISPLAY,2025-10-10,2357,965,2.4424870466321242,77.861134,95,7.0
GERAL,GERAL,23052496783,[DISPLAY - GIFTCARD - NR],DISPLAY,2025-10-11,3645,1740,2.0948275862068964,76.84635,133,4.0
GERAL,GERAL,23052496783,[DISPLAY - GIFTCARD - NR],DISPLAY,2025-10-12,6319,3038,2.0799868334430545,72.238931,222,14.0
GERAL,GERAL,23052496783,[DISPLAY - GIFTCARD - NR],DISPLAY,2025-10-13,3667,1798,2.039488320355951,77.642616,178,10.998689
GERAL,GERAL,23052496783,[DISPLAY - GIFTCARD - NR],DISPLAY,2025-10-14,837,353,2.3711048158640224,79.136729,50,0.0
GERAL,GERAL,23052496783,[DISPLAY - GIFTCARD - NR],DISPLAY,2025-10-15,3777,1563,2.4165067178502877,75.545457,109,0.0
GERAL,GERAL,23052496783,[DISPLAY - GIFTCARD - NR],DISPLAY,2025-10-16,5227,2739,1.9083607155896312,78.116312,196,4.00172
GERAL,GERAL,23052496783,[DISPLAY - GIFTCARD - NR],DISPLAY,2025-10-17,3671,2107,1.7422876127195064,71.407342,204,7.0
GERAL,GERAL,23052496783,[DISPLAY - GIFTCARD - NR],DISPLAY,2025-10-18,6384,3334,1.9148170365926815,77.743981,283,97.0
GERAL,GERAL,23052496783,[DISPLAY - GIFTCARD - NR],DISPLAY,2025-10-19,6978,3642,1.9159802306425042,79.08642,268,7.0
GERAL,GERAL,23052496783,[DISPLAY - GIFTCARD - NR],DISPLAY,2025-10-20,4095,2085,1.9640287769784173,40.6039,117,11.0
GERAL,GERAL,23052496783,[DISPLAY - GIFTCARD - NR],DISPLAY,2025-10-21,2131,1073,1.9860205032618825,38.149741,92,2.0
GERAL,GERAL,23052496783,[DISPLAY - GIFTCARD - NR],DISPLAY,2025-10-22,1827,862,2.1194895591647334,38.796064,87,0.0
GERAL,GERAL,23052496783,[DISPLAY - GIFTCARD - NR],DISPLAY,2025-10-23,2485,1203,2.0656691604322526,34.511112,96,3.0
GERAL,GERAL,23052496783,[DISPLAY - GIFTCARD - NR],DISPLAY,2025-10-24,4980,2248,2.215302491103203,38.524079,144,3.0
GERAL,GERAL,23052496783,[DISPLAY - GIFTCARD - NR],DISPLAY,2025-10-25,4942,2279,2.168494953927161,39.02525,173,3.0
GERAL,GERAL,23052496783,[DISPLAY - GIFTCARD - NR],DISPLAY,2025-10-26,5814,2878,2.0201528839471856,38.470585,209,12.0
GERAL,GERAL,23052496783,[DISPLAY - GIFTCARD - NR],DISPLAY,2025-10-27,6132,3153,1.944814462416746,36.370914,248,14.0
GERAL,GERAL,23052496783,[DISPLAY - GIFTCARD - NR],DISPLAY,2025-10-28,5797,3238,1.7903026559604693,37.554457,236,56.973026
GERAL,GERAL,23052496783,[DISPLAY - GIFTCARD - NR],DISPLAY,2025-10-29,5568,2288,2.4335664335664338,35.311685,155,8.0
GERAL,GERAL,23052496783,[DISPLAY - GIFTCARD - NR],DISPLAY,2025-10-30,5393,2908,1.8545392022008254,37.392108,181,24.997186
GERAL,GERAL,23052496783,[DISPLAY - GIFTCARD - NR],DISPLAY,2025-10-31,4276,2340,1.8273504273504273,34.087702,177,7.0
GERAL,GERAL,23052496783,[DISPLAY - GIFTCARD - NR],DISPLAY,2025-11-01,7534,4069,1.8522978618825263,39.923291,302,14.0
GERAL,GERAL,23052496783,[DISPLAY - GIFTCARD - NR],DISPLAY,2025-11-02,6619,3219,2.058403230817024,36.031929,282,15.0
GERAL,GERAL,23052496783,[DISPLAY - GIFTCARD - NR],DISPLAY,2025-11-03,8191,3754,2.182472029834843,41.854273,299,19.0
GERAL,GERAL,23052496783,[DISPLAY - GIFTCARD - NR],DISPLAY,2025-11-04,6322,2951,2.1423246357167063,42.863205,252,29.0
GERAL,GERAL,23052496783,[DISPLAY - GIFTCARD - NR],DISPLAY,2025-11-05,890,564,1.5797872340425532,5.586945,34,4.0
GERAL,GERAL,23069164011,[PMAX - Copo Oktober Kids 2025 - NK],PERFORMANCE_MAX,2025-10-01,2057,1744,1.1794724770642202,31.90528,43,90.0
GERAL,GERAL,23069164011,[PMAX - Copo Oktober Kids 2025 - NK],PERFORMANCE_MAX,2025-10-02,16108,13059,1.2334788268627002,206.775418,163,812.8125
GERAL,GERAL,23069164011,[PMAX - Copo Oktober Kids 2025 - NK],PERFORMANCE_MAX,2025-10-03,13471,10601,1.2707291764927837,122.381201,142,803.333334
GERAL,GERAL,23069164011,[PMAX - Copo Oktober Kids 2025 - NK],PERFORMANCE_MAX,2025-10-04,19774,15117,1.3085268241053118,122.659788,155,1093.782408
GERAL,GERAL,23069164011,[PMAX - Copo Oktober Kids 2025 - NK],PERFORMANCE_MAX,2025-10-05,14436,11755,1.2280731603572947,116.687992,212,767.645833
GERAL,GERAL,23069164011,[PMAX - Copo Oktober Kids 2025 - NK],PERFORMANCE_MAX,2025-10-06,25205,19067,1.321917448995647,128.42073,114,1038.145834
GERAL,GERAL,23069164011,[PMAX - Copo Oktober Kids 2025 - NK],PERFORMANCE_MAX,2025-10-07,10128,8358,1.2117731514716439,39.983334,55,484.333333
GERAL,GERAL,23069164011,[PMAX - Copo Oktober Kids 2025 - NK],PERFORMANCE_MAX,2025-10-08,11589,9090,1.274917491749175,41.979595,87,618.5
GERAL,GERAL,23069164011,[PMAX - Copo Oktober Kids 2025 - NK],PERFORMANCE_MAX,2025-10-09,12842,10027,1.2807419966091553,46.878484,131,809.0
GERAL,GERAL,23069164011,[PMAX - Copo Oktober Kids 2025 - NK],PERFORMANCE_MAX,2025-10-10,15881,12214,1.300229245128541,73.259477,142,1077.979166
GERAL,GERAL,23069164011,[PMAX - Copo Oktober Kids 2025 - NK],PERFORMANCE_MAX,2025-10-11,17646,13552,1.302095631641086,70.425664,193,1428.333334
GERAL,GERAL,23069164011,[PMAX - Copo Oktober Kids 2025 - NK],PERFORMANCE_MAX,2025-10-12,13700,10873,1.2600018394187438,39.683806,101,660.78869
GERAL,GERAL,23069164011,[PMAX - Copo Oktober Kids 2025 - NK],PERFORMANCE_MAX,2025-10-13,22837,17513,1.3040027408211043,90.118347,112,855.879167
GERAL,GERAL,23069164011,[PMAX - Copo Oktober Kids 2025 - NK],PERFORMANCE_MAX,2025-10-14,18739,14835,1.2631614425345468,66.458144,84,717.354166
GERAL,GERAL,23069164011,[PMAX - Copo Oktober Kids 2025 - NK],PERFORMANCE_MAX,2025-10-15,18696,14922,1.2529151588258947,59.002847,55,776.0
GERAL,GERAL,23069164011,[PMAX - Copo Oktober Kids 2025 - NK],PERFORMANCE_MAX,2025-10-16,21792,17258,1.2627187391354735,65.041847,75,958.479166
GERAL,GERAL,23069164011,[PMAX - Copo Oktober Kids 2025 - NK],PERFORMANCE_MAX,2025-10-17,16728,13373,1.2508786360577282,60.581486,101,869.69266
GERAL,GERAL,23069164011,[PMAX - Copo Oktober Kids 2025 - NK],PERFORMANCE_MAX,2025-10-18,16391,12739,1.2866787031949132,67.399997,191,1312.338854
GERAL,GERAL,23069164011,[PMAX - Copo Oktober Kids 2025 - NK],PERFORMANCE_MAX,2025-10-19,15300,11828,1.2935407507609062,40.870326,69,630.5
GERAL,GERAL,23069164011,[PMAX - Copo Oktober Kids 2025 - NK],PERFORMANCE_MAX,2025-10-20,20755,15953,1.301009214567793,91.085637,87,816.0
GERAL,GERAL,23069164011,[PMAX - Copo Oktober Kids 2025 - NK],PERFORMANCE_MAX,2025-10-21,16251,12596,1.2901714830104796,55.672888,59,674.904761
GERAL,GERAL,23069164011,[PMAX - Copo Oktober Kids 2025 - NK],PERFORMANCE_MAX,2025-10-22,9940,8287,1.1994690479063594,29.179355,38,485.333333
GERAL,GERAL,23069164011,[PMAX - Copo Oktober Kids 2025 - NK],PERFORMANCE_MAX,2025-10-23,11920,9797,1.2166989894865776,32.079527,75,731.666666
GERAL,GERAL,23069164011,[PMAX - Copo Oktober Kids 2025 - NK],PERFORMANCE_MAX,2025-10-24,11637,9530,1.2210912906610702,29.789802,93,616.131578
GERAL,GERAL,23069164011,[PMAX - Copo Oktober Kids 2025 - NK],PERFORMANCE_MAX,2025-10-25,13190,10704,1.2322496263079223,31.169753,135,993.674768
GERAL,GERAL,23069164011,[PMAX - Copo Oktober Kids 2025 - NK],PERFORMANCE_MAX,2025-10-26,12117,9668,1.25330988829127,27.167056,100,692.0
GERAL,GERAL,23069164011,[PMAX - Copo Oktober Kids 2025 - NK],PERFORMANCE_MAX,2025-10-27,13458,10915,1.23298213467705,34.907536,87,696.0
GERAL,GERAL,23069164011,[PMAX - Copo Oktober Kids 2025 - NK],PERFORMANCE_MAX,2025-10-28,13203,10710,1.2327731092436975,29.691136,59,592.0
GERAL,GERAL,23069164011,[PMAX - Copo Oktober Kids 2025 - NK],PERFORMANCE_MAX,2025-10-29,11572,9399,1.2311948079582935,30.193525,44,506.0
GERAL,GERAL,23069164011,[PMAX - Copo Oktober Kids 2025 - NK],PERFORMANCE_MAX,2025-10-30,5314,4468,1.1893464637421665,12.16724,19,279.0
GERAL,GERAL,23071689533,[ALC - BFS 2025 - BS],VIDEO,2025-09-30,1967,1467,1.3503749147920927,8.154876,6,0.0
GERAL,GERAL,23071689533,[ALC - BFS 2025 - BS],VIDEO,2025-10-01,7686,6846,1.2329827636576103,27.386475,15,10.0
GERAL,GERAL,23071689533,[ALC - BFS 2025 - BS],VIDEO,2025-10-02,7680,6616,1.2580108827085852,27.38197,15,16.0
GERAL,GERAL,23071689533,[ALC - BFS 2025 - BS],VIDEO,2025-10-03,7944,6490,1.3049306625577812,27.335165,19,16.0
GERAL,GERAL,23071689533,[ALC - BFS 2025 - BS],VIDEO,2025-10-04,7966,6643,1.2839078729489688,27.438449,17,4.0
GERAL,GERAL,23071689533,[ALC - BFS 2025 - BS],VIDEO,2025-10-05,7748,5696,1.4155547752808988,27.332741,20,7.0
GERAL,GERAL,23071689533,[ALC - BFS 2025 - BS],VIDEO,2025-10-06,7920,6090,1.368144499178982,27.36637,18,3.0
GERAL,GERAL,23071689533,[ALC - BFS 2025 - BS],VIDEO,2025-10-07,18886,12916,1.5257819758439146,72.758438,38,26.0
GERAL,GERAL,23071689533,[ALC - BFS 2025 - BS],VIDEO,2025-10-08,17545,13197,1.4093354550276578,68.700737,35,13.0
GERAL,GERAL,23071689533,[ALC - BFS 2025 - BS],VIDEO,2025-10-09,17946,14520,1.3326446280991735,68.801904,22,19.0
GERAL,GERAL,23071689533,[ALC - BFS 2025 - BS],VIDEO,2025-10-10,18553,14252,1.377069884928431,68.695938,38,22.0
GERAL,GERAL,23071689533,[ALC - BFS 2025 - BS],VIDEO,2025-10-11,17367,13542,1.3531974597548369,68.762255,29,15.0
GERAL,GERAL,23071689533,[ALC - BFS 2025 - BS],VIDEO,2025-10-12,16516,11462,1.4911882742976792,68.776719,50,12.0
GERAL,GERAL,23071689533,[ALC - BFS 2025 - BS],VIDEO,2025-10-13,16478,13933,1.2641211512237134,68.689609,34,10.0
GERAL,GERAL,23071689533,[ALC - BFS 2025 - BS],VIDEO,2025-10-14,17233,13027,1.3903431334919782,68.684699,32,14.0
GERAL,GERAL,23071689533,[ALC - BFS 2025 - BS],VIDEO,2025-10-15,17041,13219,1.3703759739768515,68.688368,35,19.0
GERAL,GERAL,23071689533,[ALC - BFS 2025 - BS],VIDEO,2025-10-16,16500,13691,1.2818639982470237,68.706333,33,25.0
GERAL,GERAL,23071689533,[ALC - BFS 2025 - BS],VIDEO,2025-10-17,16669,12522,1.3980993451525316,68.659921,31,13.0
GERAL,GERAL,23071689533,[ALC - BFS 2025 - BS],VIDEO,2025-10-18,17406,13120,1.396189024390244,68.920911,38,19.0
GERAL,GERAL,23075167139,[Pmax - Oktober kids 2025 - NR],PERFORMANCE_MAX,2025-10-01,2026,1644,1.232360097323601,24.81518,40,86.375
GERAL,GERAL,23075167139,[Pmax - Oktober kids 2025 - NR],PERFORMANCE_MAX,2025-10-02,14678,12288,1.1944986979166667,214.065379,187,728.814186
GERAL,GERAL,23075167139,[Pmax - Oktober kids 2025 - NR],PERFORMANCE_MAX,2025-10-03,7754,6191,1.2524632531093522,119.917316,216,571.333333
GERAL,GERAL,23075167139,[Pmax - Oktober kids 2025 - NR],PERFORMANCE_MAX,2025-10-04,5772,4745,1.2164383561643837,122.919944,287,495.019771
GERAL,GERAL,23075167139,[Pmax - Oktober kids 2025 - NR],PERFORMANCE_MAX,2025-10-05,7495,6157,1.2173136267662823,93.251853,200,449.17079
GERAL,GERAL,23075167139,[Pmax - Oktober kids 2025 - NR],PERFORMANCE_MAX,2025-10-06,18559,15175,1.222998352553542,146.824962,154,815.58631
GERAL,GERAL,23075167139,[Pmax - Oktober kids 2025 - NR],PERFORMANCE_MAX,2025-10-07,4916,4145,1.1860072376357056,39.999145,107,312.1875
GERAL,GERAL,23075167139,[Pmax - Oktober kids 2025 - NR],PERFORMANCE_MAX,2025-10-08,10828,8821,1.2275252238975174,41.504791,46,422.0
GERAL,GERAL,23075167139,[Pmax - Oktober kids 2025 - NR],PERFORMANCE_MAX,2025-10-09,14601,11468,1.2731949773282176,42.278412,57,610.0
GERAL,GERAL,23075167139,[Pmax - Oktober kids 2025 - NR],PERFORMANCE_MAX,2025-10-10,13728,10623,1.292290313470771,37.20138,60,722.0
GERAL,GERAL,23075167139,[Pmax - Oktober kids 2025 - NR],PERFORMANCE_MAX,2025-10-11,9958,8254,1.2064453598255391,43.600003,153,703.5
GERAL,GERAL,23075167139,[Pmax - Oktober kids 2025 - NR],PERFORMANCE_MAX,2025-10-12,5431,4737,1.146506227570192,19.481832,87,312.5
GERAL,GERAL,23075167139,[Pmax - Oktober kids 2025 - NR],PERFORMANCE_MAX,2025-10-13,17303,14004,1.235575549842902,62.058491,71,568.0
GERAL,GERAL,23075167139,[Pmax - Oktober kids 2025 - NR],PERFORMANCE_MAX,2025-10-14,13996,11510,1.2159860990443092,42.785806,58,436.5
GERAL,GERAL,23075167139,[Pmax - Oktober kids 2025 - NR],PERFORMANCE_MAX,2025-10-15,10405,8991,1.1572683794906018,40.095587,76,480.0
GERAL,GERAL,23075167139,[Pmax - Oktober kids 2025 - NR],PERFORMANCE_MAX,2025-10-16,12314,10538,1.1685329284494212,41.735093,79,563.0
GERAL,GERAL,23075167139,[Pmax - Oktober kids 2025 - NR],PERFORMANCE_MAX,2025-10-17,11543,9819,1.1755779610958346,42.592762,95,607.0
GERAL,GERAL,23075167139,[Pmax - Oktober kids 2025 - NR],PERFORMANCE_MAX,2025-10-18,7620,6405,1.189695550351288,38.269378,208,641.666666
GERAL,GERAL,23075167139,[Pmax - Oktober kids 2025 - NR],PERFORMANCE_MAX,2025-10-19,13383,11152,1.2000538020086082,40.256967,88,598.0
GERAL,GERAL,23075167139,[Pmax - Oktober kids 2025 - NR],PERFORMANCE_MAX,2025-10-20,9328,7940,1.1748110831234257,36.069276,63,340.833333
GERAL,GERAL,23075167139,[Pmax - Oktober kids 2025 - NR],PERFORMANCE_MAX,2025-10-21,12765,10583,1.2061797221959747,48.288077,70,485.5
GERAL,GERAL,23075167139,[Pmax - Oktober kids 2025 - NR],PERFORMANCE_MAX,2025-10-22,10167,8482,1.1986559773638292,31.106063,53,474.0
GERAL,GERAL,23075167139,[Pmax - Oktober kids 2025 - NR],PERFORMANCE_MAX,2025-10-23,9786,8393,1.1659716430358633,30.475374,71,548.738097
GERAL,GERAL,23075167139,[Pmax - Oktober kids 2025 - NR],PERFORMANCE_MAX,2025-10-24,9777,8374,1.1675423931215667,30.143764,109,595.622806
GERAL,GERAL,23075167139,[Pmax - Oktober kids 2025 - NR],PERFORMANCE_MAX,2025-10-25,9079,7718,1.1763410209898937,30.033074,137,715.666666
GERAL,GERAL,23075167139,[Pmax - Oktober kids 2025 - NR],PERFORMANCE_MAX,2025-10-26,10643,8980,1.1851893095768373,28.374619,97,491.4
GERAL,GERAL,23075167139,[Pmax - Oktober kids 2025 - NR],PERFORMANCE_MAX,2025-10-27,11965,10071,1.1880647403435607,33.870192,83,563.0
GERAL,GERAL,23075167139,[Pmax - Oktober kids 2025 - NR],PERFORMANCE_MAX,2025-10-28,9968,8416,1.1844106463878328,25.410035,74,455.0
GERAL,GERAL,23075167139,[Pmax - Oktober kids 2025 - NR],PERFORMANCE_MAX,2025-10-29,11609,9681,1.199152980064043,32.566578,64,578.5
GERAL,GERAL,23075167139,[Pmax - Oktober kids 2025 - NR],PERFORMANCE_MAX,2025-10-30,5749,4924,1.1675467099918766,17.35456,32,310.0
GERAL,GERAL,23104768485,[ALC - GIFTCARD - GS],VIDEO,2025-10-10,6607,4137,1.6519216823785352,27.0794,19,6.0
GERAL,GERAL,23104768485,[ALC - GIFTCARD - GS],VIDEO,2025-10-11,19527,14625,1.4142905982905982,79.776243,35,16.0
GERAL,GERAL,23104768485,[ALC - GIFTCARD - GS],VIDEO,2025-10-12,20081,14026,1.5010694424639954,79.662178,46,5.0
GERAL,GERAL,23104768485,[ALC - GIFTCARD - GS],VIDEO,2025-10-13,19066,14891,1.3770734000402929,79.664655,36,9.0
GERAL,GERAL,23104768485,[ALC - GIFTCARD - GS],VIDEO,2025-10-14,20337,13862,1.5436444957437598,79.620756,29,9.0
GERAL,GERAL,23104768485,[ALC - GIFTCARD - GS],VIDEO,2025-10-15,19391,15181,1.3996442922073644,79.639367,34,22.0
GERAL,GERAL,23104768485,[ALC - GIFTCARD - GS],VIDEO,2025-10-16,42532,40179,1.1579432041613777,79.660756,28,11.0
GERAL,GERAL,23104768485,[ALC - GIFTCARD - GS],VIDEO,2025-10-17,26129,24613,1.1947751188396376,79.347044,28,16.0
GERAL,GERAL,23104768485,[ALC - GIFTCARD - GS],VIDEO,2025-10-18,27450,26227,1.174896099439509,79.657918,26,17.0
GERAL,GERAL,23104768485,[ALC - GIFTCARD - GS],VIDEO,2025-10-19,30920,29083,1.176529243888182,79.64245,36,13.0
GERAL,GERAL,23104768485,[ALC - GIFTCARD - GS],VIDEO,2025-10-20,26941,24444,1.2137538864342987,79.584547,29,5.0
GERAL,GERAL,23104768485,[ALC - GIFTCARD - GS],VIDEO,2025-10-21,20250,18346,1.2088738689632617,63.349114,16,10.0
GERAL,GERAL,23104768485,[ALC - GIFTCARD - GS],VIDEO,2025-10-22,20918,18555,1.2273780652115334,61.318605,18,16.0
GERAL,GERAL,23104768485,[ALC - GIFTCARD - GS],VIDEO,2025-10-23,19937,18924,1.1651870640456563,61.365037,19,10.0
GERAL,GERAL,23104768485,[ALC - GIFTCARD - GS],VIDEO,2025-10-24,22237,20663,1.192808401490587,61.339156,20,6.0
GERAL,GERAL,23104768485,[ALC - GIFTCARD - GS],VIDEO,2025-10-25,19317,16988,1.2533553096303274,61.418376,12,16.0
GERAL,GERAL,23104768485,[ALC - GIFTCARD - GS],VIDEO,2025-10-26,20397,18961,1.1843257212172353,61.38652,21,6.0
GERAL,GERAL,23104768485,[ALC - GIFTCARD - GS],VIDEO,2025-10-27,19386,17810,1.2151600224592924,61.442027,19,14.0
GERAL,GERAL,23104768485,[ALC - GIFTCARD - GS],VIDEO,2025-10-28,20533,18892,1.2062777895405463,61.545338,19,11.0
GERAL,GERAL,23104768485,[ALC - GIFTCARD - GS],VIDEO,2025-10-29,18439,16429,1.236106884168239,61.433297,15,20.0
GERAL,GERAL,23104768485,[ALC - GIFTCARD - GS],VIDEO,2025-10-30,17674,16020,1.2192259675405743,61.57104,15,14.0
GERAL,GERAL,23104768485,[ALC - GIFTCARD - GS],VIDEO,2025-10-31,18232,16584,1.215569223347805,61.628563,15,20.0
GERAL,GERAL,23110192466,[ALC - GIFTCARD - BS],VIDEO,2025-10-10,6084,3230,1.9359133126934984,27.535652,16,5.0
GERAL,GERAL,23110192466,[ALC - GIFTCARD - BS],VIDEO,2025-10-11,21936,18336,1.3020287958115184,80.044005,30,40.0
GERAL,GERAL,23110192466,[ALC - GIFTCARD - BS],VIDEO,2025-10-12,19212,13901,1.4534925544924826,79.664591,35,17.0
GERAL,GERAL,23110192466,[ALC - GIFTCARD - BS],VIDEO,2025-10-13,19285,15688,1.320945945945946,79.642284,31,22.0
GERAL,GERAL,23110192466,[ALC - GIFTCARD - BS],VIDEO,2025-10-14,20578,14355,1.5112504353883665,79.635367,29,24.0
GERAL,GERAL,23110192466,[ALC - GIFTCARD - BS],VIDEO,2025-10-15,17047,15566,1.2328793524347939,79.577121,11,49.0
GERAL,GERAL,23110192466,[ALC - GIFTCARD - BS],VIDEO,2025-10-16,41297,37922,1.1859870260007384,79.590627,25,25.0
GERAL,GERAL,23110192466,[ALC - GIFTCARD - BS],VIDEO,2025-10-17,27554,27843,1.1340013647954603,79.614803,26,25.0
GERAL,GERAL,23110192466,[ALC - GIFTCARD - BS],VIDEO,2025-10-18,27550,27354,1.144914820501572,79.56691,27,25.0
GERAL,GERAL,23110192466,[ALC - GIFTCARD - BS],VIDEO,2025-10-19,28255,28043,1.1427807295938381,79.591665,28,26.0
GERAL,GERAL,23110192466,[ALC - GIFTCARD - BS],VIDEO,2025-10-20,25309,24020,1.1768942547876768,79.462758,28,21.0
GERAL,GERAL,23110192466,[ALC - GIFTCARD - BS],VIDEO,2025-10-21,22531,20487,1.2060330941572706,65.193687,15,17.0
GERAL,GERAL,23110192466,[ALC - GIFTCARD - BS],VIDEO,2025-10-22,21873,20549,1.175628984378802,61.106488,18,24.0
GERAL,GERAL,23110192466,[ALC - GIFTCARD - BS],VIDEO,2025-10-23,29680,22120,1.4392857142857143,61.126606,15,20.0
GERAL,GERAL,23110192466,[ALC - GIFTCARD - BS],VIDEO,2025-10-24,20825,20336,1.1423583792289536,61.123402,9,15.0
GERAL,GERAL,23110192466,[ALC - GIFTCARD - BS],VIDEO,2025-10-25,21491,20064,1.1908891547049443,61.152861,20,24.0
GERAL,GERAL,23110192466,[ALC - GIFTCARD - BS],VIDEO,2025-10-26,21456,20506,1.1610748073734516,61.156857,14,13.0
GERAL,GERAL,23110192466,[ALC - GIFTCARD - BS],VIDEO,2025-10-27,21414,20155,1.192061523195237,61.165321,22,9.0
GERAL,GERAL,23110192466,[ALC - GIFTCARD - BS],VIDEO,2025-10-28,21623,20662,1.1722001742328914,61.311988,17,15.0
GERAL,GERAL,23110192466,[ALC - GIFTCARD - BS],VIDEO,2025-10-29,21324,20652,1.1528181289947705,61.191189,17,14.0
GERAL,GERAL,23110192466,[ALC - GIFTCARD - BS],VIDEO,2025-10-30,18916,17029,1.226026190616008,61.391007,10,21.0
GERAL,GERAL,23110192466,[ALC - GIFTCARD - BS],VIDEO,2025-10-31,18669,18041,1.1597472423923285,61.434303,12,38.0
GERAL,GERAL,23110216052,[ALC - GIFTCARD - CS],VIDEO,2025-10-10,7142,3691,1.9869953942021132,27.225141,15,2.0
GERAL,GERAL,23110216052,[ALC - GIFTCARD - CS],VIDEO,2025-10-11,20491,17168,1.2914725069897484,79.896076,36,20.0
GERAL,GERAL,23110216052,[ALC - GIFTCARD - CS],VIDEO,2025-10-12,19892,13465,1.541180839212774,79.648213,40,11.0
GERAL,GERAL,23110216052,[ALC - GIFTCARD - CS],VIDEO,2025-10-13,20072,15400,1.402077922077922,79.157653,24,13.0
GERAL,GERAL,23110216052,[ALC - GIFTCARD - CS],VIDEO,2025-10-14,20246,13416,1.579680977936792,79.658256,30,11.0
GERAL,GERAL,23110216052,[ALC - GIFTCARD - CS],VIDEO,2025-10-15,17569,15029,1.2919688602036064,79.620577,29,38.0
GERAL,GERAL,23110216052,[ALC - GIFTCARD - CS],VIDEO,2025-10-16,40502,34510,1.2704723268617792,79.642516,22,23.0
GERAL,GERAL,23110216052,[ALC - GIFTCARD - CS],VIDEO,2025-10-17,25743,24612,1.1832845766292865,79.641556,26,22.0
GERAL,GERAL,23110216052,[ALC - GIFTCARD - CS],VIDEO,2025-10-18,28455,26961,1.178146211193947,79.585478,25,37.0
GERAL,GERAL,23110216052,[ALC - GIFTCARD - CS],VIDEO,2025-10-19,34237,30759,1.2208784420819923,79.64836,35,12.0
GERAL,GERAL,23110216052,[ALC - GIFTCARD - CS],VIDEO,2025-10-20,25224,22810,1.2139850942569048,79.673007,29,21.0
GERAL,GERAL,23110216052,[ALC - GIFTCARD - CS],VIDEO,2025-10-21,23708,21385,1.1985971475333177,61.200127,17,20.0
GERAL,GERAL,23110216052,[ALC - GIFTCARD - CS],VIDEO,2025-10-22,23474,20196,1.2536145771439888,61.646363,21,10.0
GERAL,GERAL,23110216052,[ALC - GIFTCARD - CS],VIDEO,2025-10-23,17243,16976,1.1495640904806785,61.565978,8,20.0
GERAL,GERAL,23110216052,[ALC - GIFTCARD - CS],VIDEO,2025-10-24,24662,22030,1.2167952791647754,61.585983,16,14.0
GERAL,GERAL,23110216052,[ALC - GIFTCARD - CS],VIDEO,2025-10-25,24794,21083,1.2762889531850306,61.608497,17,19.0
GERAL,GERAL,23110216052,[ALC - GIFTCARD - CS],VIDEO,2025-10-26,22976,20754,1.2006842054543703,61.611321,21,14.0
GERAL,GERAL,23110216052,[ALC - GIFTCARD - CS],VIDEO,2025-10-27,21905,19421,1.2472581226507389,61.63308,17,9.0
GERAL,GERAL,23110216052,[ALC - GIFTCARD - CS],VIDEO,2025-10-28,18992,17357,1.2245779800656795,61.82881,21,12.0
GERAL,GERAL,23110216052,[ALC - GIFTCARD - CS],VIDEO,2025-10-29,21158,19115,1.213078733978551,61.674285,9,14.0
GERAL,GERAL,23110216052,[ALC - GIFTCARD - CS],VIDEO,2025-10-30,19132,17245,1.218556103218324,61.764283,10,14.0
GERAL,GERAL,23110216052,[ALC - GIFTCARD - CS],VIDEO,2025-10-31,20015,18409,1.1988701178771253,61.790331,22,22.0
GERAL,GERAL,23110249421,[ALC - GIFTCARD - NS],VIDEO,2025-10-10,6160,3312,1.9359903381642511,26.788071,11,4.0
GERAL,GERAL,23110249421,[ALC - GIFTCARD - NS],VIDEO,2025-10-11,21120,17016,1.3286906440996709,79.969083,36,36.0
GERAL,GERAL,23110249421,[ALC - GIFTCARD - NS],VIDEO,2025-10-12,18969,13448,1.4768738845925045,79.689594,49,35.0
GERAL,GERAL,23110249421,[ALC - GIFTCARD - NS],VIDEO,2025-10-13,20083,14034,1.5154624483397463,79.709836,36,15.0
GERAL,GERAL,23110249421,[ALC - GIFTCARD - NS],VIDEO,2025-10-14,20220,13132,1.6088181541273225,79.681893,48,12.0
GERAL,GERAL,23110249421,[ALC - GIFTCARD - NS],VIDEO,2025-10-15,18031,14281,1.3828863524963237,79.241713,26,37.0
GERAL,GERAL,23110249421,[ALC - GIFTCARD - NS],VIDEO,2025-10-16,39957,38186,1.1677054417849473,79.668267,33,20.0
GERAL,GERAL,23110249421,[ALC - GIFTCARD - NS],VIDEO,2025-10-17,110,118,1.0169491525423728,0.274699,0,0.0
GERAL,GERAL,23110249421,[ALC - GIFTCARD - NS],VIDEO,2025-10-18,25516,21354,1.33202210358715,85.269954,39,34.0
GERAL,GERAL,23110249421,[ALC - GIFTCARD - NS],VIDEO,2025-10-19,36381,34581,1.177669818686562,85.291885,19,26.0
GERAL,GERAL,23110249421,[ALC - GIFTCARD - NS],VIDEO,2025-10-20,31176,28374,1.2118488757313033,85.276901,33,22.0
GERAL,GERAL,23110249421,[ALC - GIFTCARD - NS],VIDEO,2025-10-21,23479,21710,1.1860893597420543,67.006223,19,19.0
GERAL,GERAL,23110249421,[ALC - GIFTCARD - NS],VIDEO,2025-10-22,22735,20914,1.190398775939562,67.124631,20,18.0
GERAL,GERAL,23110249421,[ALC - GIFTCARD - NS],VIDEO,2025-10-23,25235,24468,1.1396517900931828,67.237072,16,18.0
GERAL,GERAL,23110249421,[ALC - GIFTCARD - NS],VIDEO,2025-10-24,30252,27202,1.2302771855010661,67.252314,19,25.0
GERAL,GERAL,23110249421,[ALC - GIFTCARD - NS],VIDEO,2025-10-25,18684,18566,1.1496822148012495,67.285966,14,44.0
GERAL,GERAL,23110249421,[ALC - GIFTCARD - NS],VIDEO,2025-10-26,24168,21412,1.238791331963385,67.25208,18,24.0
GERAL,GERAL,23110249421,[ALC - GIFTCARD - NS],VIDEO,2025-10-27,25044,22820,1.2238387379491673,67.329947,27,26.0
GERAL,GERAL,23110249421,[ALC - GIFTCARD - NS],VIDEO,2025-10-28,25572,23531,1.2041987165866304,67.339879,28,25.0
GERAL,GERAL,23110249421,[ALC - GIFTCARD - NS],VIDEO,2025-10-29,21808,21237,1.1664547723313086,67.439373,22,37.0
GERAL,GERAL,23110249421,[ALC - GIFTCARD - NS],VIDEO,2025-10-30,20376,17974,1.2471903861132747,67.478177,15,32.0
GERAL,GERAL,23110249421,[ALC - GIFTCARD - NS],VIDEO,2025-10-31,21492,20270,1.1693635915145535,67.584375,29,31.0
GERAL,GERAL,23110277006,[ALC - GIFTCARD - NR],VIDEO,2025-10-10,6392,4449,1.545515846257586,26.612586,13,7.0
GERAL,GERAL,23110277006,[ALC - GIFTCARD - NR],VIDEO,2025-10-11,19953,18165,1.2033581062482797,79.995801,43,58.0
GERAL,GERAL,23110277006,[ALC - GIFTCARD - NR],VIDEO,2025-10-12,19169,14335,1.4175793512382282,79.705988,33,30.0
GERAL,GERAL,23110277006,[ALC - GIFTCARD - NR],VIDEO,2025-10-13,19063,16112,1.2889771598808342,79.631917,38,14.0
GERAL,GERAL,23110277006,[ALC - GIFTCARD - NR],VIDEO,2025-10-14,20443,14146,1.5235402233847024,79.714075,34,14.0
GERAL,GERAL,23110277006,[ALC - GIFTCARD - NR],VIDEO,2025-10-15,19161,17037,1.2516288078887128,79.051909,25,53.0
GERAL,GERAL,23110277006,[ALC - GIFTCARD - NR],VIDEO,2025-10-16,41188,37772,1.1972625225034417,79.621897,21,20.0
GERAL,GERAL,23110277006,[ALC - GIFTCARD - NR],VIDEO,2025-10-17,25045,24252,1.1757380834570346,79.651632,21,29.0
GERAL,GERAL,23110277006,[ALC - GIFTCARD - NR],VIDEO,2025-10-18,30584,30671,1.1271885494441003,79.671078,29,23.0
GERAL,GERAL,23110277006,[ALC - GIFTCARD - NR],VIDEO,2025-10-19,33273,31211,1.1812822402358143,79.651548,31,12.0
GERAL,GERAL,23110277006,[ALC - GIFTCARD - NR],VIDEO,2025-10-20,26039,24378,1.1914020838460908,79.529002,24,13.0
GERAL,GERAL,23110277006,[ALC - GIFTCARD - NR],VIDEO,2025-10-21,22076,21265,1.1522219609687279,61.408461,20,16.0
GERAL,GERAL,23110277006,[ALC - GIFTCARD - NR],VIDEO,2025-10-22,19592,17726,1.2231185828726165,61.576673,21,16.0
GERAL,GERAL,23110277006,[ALC - GIFTCARD - NR],VIDEO,2025-10-23,23620,23842,1.1237312306014595,61.631216,17,13.0
GERAL,GERAL,23110277006,[ALC - GIFTCARD - NR],VIDEO,2025-10-24,22139,22369,1.12906254191068,61.646613,21,32.0
GERAL,GERAL,23110277006,[ALC - GIFTCARD - NR],VIDEO,2025-10-25,22629,20916,1.2046758462421112,61.634894,20,23.0
GERAL,GERAL,23110277006,[ALC - GIFTCARD - NR],VIDEO,2025-10-26,19976,19268,1.1708013286277765,61.612118,19,16.0
GERAL,GERAL,23110277006,[ALC - GIFTCARD - NR],VIDEO,2025-10-27,21455,21126,1.1492000378680298,61.663234,12,16.0
GERAL,GERAL,23110277006,[ALC - GIFTCARD - NR],VIDEO,2025-10-28,21269,20490,1.166422645192777,61.669096,15,13.0
GERAL,GERAL,23110277006,[ALC - GIFTCARD - NR],VIDEO,2025-10-29,21315,20678,1.1502563110552277,61.716527,18,31.0
GERAL,GERAL,23110277006,[ALC - GIFTCARD - NR],VIDEO,2025-10-30,18133,16829,1.207142432705449,61.856363,15,21.0
GERAL,GERAL,23110277006,[ALC - GIFTCARD - NR],VIDEO,2025-10-31,18021,17443,1.1648798945135586,61.915625,14,28.0
GERAL,GERAL,23114547973,[ALC - GIFTCARD - NK],VIDEO,2025-10-10,6331,3586,1.8326826547685444,26.708889,9,4.0
GERAL,GERAL,23114547973,[ALC - GIFTCARD - NK],VIDEO,2025-10-11,19910,17491,1.2346921273797953,79.769183,37,38.0
GERAL,GERAL,23114547973,[ALC - GIFTCARD - NK],VIDEO,2025-10-12,19313,13305,1.5157459601653513,79.666046,31,19.0
GERAL,GERAL,23114547973,[ALC - GIFTCARD - NK],VIDEO,2025-10-13,19080,15455,1.3307020381753478,79.710272,31,16.0
GERAL,GERAL,23114547973,[ALC - GIFTCARD - NK],VIDEO,2025-10-14,19838,14514,1.4525974920766156,79.638713,34,15.0
GERAL,GERAL,23114547973,[ALC - GIFTCARD - NK],VIDEO,2025-10-15,18059,15374,1.3009626642383245,79.379843,28,70.0
GERAL,GERAL,23114547973,[ALC - GIFTCARD - NK],VIDEO,2025-10-16,41835,40957,1.133408208609029,79.641842,15,46.0
GERAL,GERAL,23114547973,[ALC - GIFTCARD - NK],VIDEO,2025-10-17,26177,25757,1.153162247156113,79.659877,12,30.0
GERAL,GERAL,23114547973,[ALC - GIFTCARD - NK],VIDEO,2025-10-18,28124,28756,1.115767144248157,79.685857,21,33.0
GERAL,GERAL,23114547973,[ALC - GIFTCARD - NK],VIDEO,2025-10-19,31748,30766,1.1572190079958395,79.654734,21,20.0
GERAL,GERAL,23114547973,[ALC - GIFTCARD - NK],VIDEO,2025-10-20,25838,24428,1.1808170951367283,79.497279,29,24.0
GERAL,GERAL,23114547973,[ALC - GIFTCARD - NK],VIDEO,2025-10-21,21091,20188,1.149940558747771,61.578179,21,17.0
GERAL,GERAL,23114547973,[ALC - GIFTCARD - NK],VIDEO,2025-10-22,20436,19296,1.181851160862355,61.601798,26,25.0
GERAL,GERAL,23114547973,[ALC - GIFTCARD - NK],VIDEO,2025-10-23,19001,18961,1.13047835029798,61.558499,12,26.0
GERAL,GERAL,23114547973,[ALC - GIFTCARD - NK],VIDEO,2025-10-24,21446,21320,1.1355065666041275,61.589864,12,22.0
GERAL,GERAL,23114547973,[ALC - GIFTCARD - NK],VIDEO,2025-10-25,19767,19061,1.1659933896437753,61.583436,13,33.0
GERAL,GERAL,23114547973,[ALC - GIFTCARD - NK],VIDEO,2025-10-26,21703,21269,1.1361606093375336,61.600431,33,18.0
GERAL,GERAL,23114547973,[ALC - GIFTCARD - NK],VIDEO,2025-10-27,18653,18685,1.1448755686379448,61.682908,16,33.0
GERAL,GERAL,23114547973,[ALC - GIFTCARD - NK],VIDEO,2025-10-28,22451,21680,1.1599630996309964,61.663331,18,20.0
GERAL,GERAL,23114547973,[ALC - GIFTCARD - NK],VIDEO,2025-10-29,19195,18441,1.1748278292934222,61.685599,13,30.0
GERAL,GERAL,23114547973,[ALC - GIFTCARD - NK],VIDEO,2025-10-30,19098,18653,1.1494665737414893,61.79444,21,31.0
GERAL,GERAL,23114547973,[ALC - GIFTCARD - NK],VIDEO,2025-10-31,20231,18872,1.2038469690546842,61.856205,10,29.0
GERAL,GERAL,23192964387,[ALC - CHEGADA NOEL - GS 25],VIDEO,2025-10-28,2702,1311,2.0617848970251718,12.561244,6,0.0
GERAL,GERAL,23192964387,[ALC - CHEGADA NOEL - GS 25],VIDEO,2025-10-29,12454,11439,1.2387446455109712,46.982123,17,3.0
GERAL,GERAL,23192964387,[ALC - CHEGADA NOEL - GS 25],VIDEO,2025-10-30,10385,9166,1.2063059131573206,46.9998,16,12.0
GERAL,GERAL,23192964387,[ALC - CHEGADA NOEL - GS 25],VIDEO,2025-10-31,11430,9854,1.2735944793992287,46.833689,15,9.0
GERAL,GERAL,23192964387,[ALC - CHEGADA NOEL - GS 25],VIDEO,2025-11-01,11625,10004,1.278688524590164,46.741795,18,9.0
GERAL,GERAL,23192979552,[ALC - CHEGADA NOEL - NS 25],VIDEO,2025-10-28,949,504,1.882936507936508,4.161418,3,0.0
GERAL,GERAL,23192979552,[ALC - CHEGADA NOEL - NS 25],VIDEO,2025-10-29,5285,5168,1.201625386996904,16.368892,5,0.0
GERAL,GERAL,23192979552,[ALC - CHEGADA NOEL - NS 25],VIDEO,2025-10-30,3915,3502,1.1898914905768132,16.334756,9,5.0
GERAL,GERAL,23192979552,[ALC - CHEGADA NOEL - NS 25],VIDEO,2025-10-31,4432,3278,1.436241610738255,16.352676,6,1.0
GERAL,GERAL,23192979552,[ALC - CHEGADA NOEL - NS 25],VIDEO,2025-11-01,4744,3549,1.4330797407720484,16.357507,4,2.0
GERAL,GERAL,23192979552,[ALC - CHEGADA NOEL - NS 25],VIDEO,2025-11-02,4671,3640,1.379945054945055,16.319576,7,0.0
GERAL,GERAL,23192979552,[ALC - CHEGADA NOEL - NS 25],VIDEO,2025-11-03,4819,3727,1.394150791521331,16.356856,7,3.0
GERAL,GERAL,23192979552,[ALC - CHEGADA NOEL - NS 25],VIDEO,2025-11-04,4963,4208,1.3184410646387832,16.397199,15,7.0
GERAL,GERAL,23192979552,[ALC - CHEGADA NOEL - NS 25],VIDEO,2025-11-05,4993,3906,1.4047619047619047,16.430386,10,4.0
GERAL,GERAL,23192979552,[ALC - CHEGADA NOEL - NS 25],VIDEO,2025-11-06,5180,4458,1.3142664872139973,16.428847,5,7.0
GERAL,GERAL,23192979552,[ALC - CHEGADA NOEL - NS 25],VIDEO,2025-11-07,5238,4196,1.3882268827454718,16.496415,9,4.0
GERAL,GERAL,23192979552,[ALC - CHEGADA NOEL - NS 25],VIDEO,2025-11-08,5304,4146,1.393391220453449,16.465337,6,7.0
GERAL,GERAL,23192979552,[ALC - CHEGADA NOEL - NS 25],VIDEO,2025-11-09,5284,3833,1.4787372815027393,16.465119,11,4.0
GERAL,GERAL,23200984955,[CHEGADA NOEL -  BS 25],VIDEO,2025-10-29,7312,3249,2.262234533702678,32.675234,14,7.0
GERAL,GERAL,23200984955,[CHEGADA NOEL -  BS 25],VIDEO,2025-10-30,13507,12415,1.1997583568264196,55.930294,22,19.0
GERAL,GERAL,23200984955,[CHEGADA NOEL -  BS 25],VIDEO,2025-10-31,13429,9909,1.4418205671611666,55.726469,22,12.0
GERAL,GERAL,23200984955,[CHEGADA NOEL -  BS 25],VIDEO,2025-11-01,13864,11118,1.3531210649397374,55.749718,29,26.0
GERAL,GERAL,23205108667,[ALC - CHEGADA NOEL - NK 25],VIDEO,2025-10-29,4998,3741,1.424752739909115,22.293513,6,8.0
GERAL,GERAL,23205108667,[ALC - CHEGADA NOEL - NK 25],VIDEO,2025-10-30,6200,5811,1.1708828084667011,22.465835,10,13.0
GERAL,GERAL,23205108667,[ALC - CHEGADA NOEL - NK 25],VIDEO,2025-10-31,5398,4110,1.3987834549878346,22.186132,9,8.0
GERAL,GERAL,23205108667,[ALC - CHEGADA NOEL - NK 25],VIDEO,2025-11-01,6030,4961,1.3148558758314857,22.241015,2,7.0
GERAL,GERAL,23205108667,[ALC - CHEGADA NOEL - NK 25],VIDEO,2025-11-02,6338,4887,1.3904235727440146,22.147182,10,10.0
GERAL,GERAL,23205108667,[ALC - CHEGADA NOEL - NK 25],VIDEO,2025-11-03,6359,5073,1.3638872462054012,22.197704,6,2.0
GERAL,GERAL,23205108667,[ALC - CHEGADA NOEL - NK 25],VIDEO,2025-11-04,5718,4263,1.428806005160685,22.322952,7,6.0
GERAL,GERAL,23205108667,[ALC - CHEGADA NOEL - NK 25],VIDEO,2025-11-05,6539,4880,1.4383196721311475,22.435256,8,6.0
GERAL,GERAL,23205108667,[ALC - CHEGADA NOEL - NK 25],VIDEO,2025-11-06,5911,4155,1.521540312876053,22.4473,6,5.0
GERAL,GERAL,23206623487,[ALC - Continente Night Run 2025 - CS],VIDEO,2025-10-29,3336,1782,1.8815937149270483,13.979985,6,3.0
GERAL,GERAL,23206623487,[ALC - Continente Night Run 2025 - CS],VIDEO,2025-10-30,14570,14251,1.157883657287208,54.106682,25,13.0
GERAL,GERAL,23206623487,[ALC - Continente Night Run 2025 - CS],VIDEO,2025-10-31,16212,13217,1.3134599379586895,54.094158,17,13.0
GERAL,GERAL,23206623487,[ALC - Continente Night Run 2025 - CS],VIDEO,2025-11-01,15800,14216,1.1961170512099044,53.981051,31,13.0
GERAL,GERAL,23206623487,[ALC - Continente Night Run 2025 - CS],VIDEO,2025-11-02,17969,14979,1.2933440149542692,53.987881,29,13.0
GERAL,GERAL,23206623487,[ALC - Continente Night Run 2025 - CS],VIDEO,2025-11-03,18435,15146,1.3308464280998282,54.025881,18,8.0
GERAL,GERAL,23206623487,[ALC - Continente Night Run 2025 - CS],VIDEO,2025-11-04,18164,14943,1.3416984541256776,54.100742,20,14.0
GERAL,GERAL,23206623487,[ALC - Continente Night Run 2025 - CS],VIDEO,2025-11-05,17825,15026,1.3420071875415946,54.14363,19,15.0
GERAL,GERAL,23206623487,[ALC - Continente Night Run 2025 - CS],VIDEO,2025-11-06,17097,14269,1.3346415305907913,54.169791,22,11.0
GERAL,GERAL,23206623487,[ALC - Continente Night Run 2025 - CS],VIDEO,2025-11-07,18797,15523,1.3746054242092378,54.216043,16,19.0
GERAL,GERAL,23224120701,[PMAX - PATATIPATATA- NR],PERFORMANCE_MAX,2025-11-05,16567,13952,1.1875,59.357316,17,336.0
GERAL,GERAL,23224120701,[PMAX - PATATIPATATA- NR],PERFORMANCE_MAX,2025-11-06,15479,12338,1.2545793483546765,47.717745,13,400.0
GERAL,GERAL,23224120701,[PMAX - PATATIPATATA- NR],PERFORMANCE_MAX,2025-11-07,31766,21441,1.4817872300732242,73.094675,6,794.0
GERAL,GERAL,23224120701,[PMAX - PATATIPATATA- NR],PERFORMANCE_MAX,2025-11-08,15921,12249,1.300432688382725,57.701876,27,540.0
GERAL,GERAL,23224120701,[PMAX - PATATIPATATA- NR],PERFORMANCE_MAX,2025-11-09,28123,18411,1.5281081961870622,61.505461,19,680.0
GERAL,GERAL,23224120701,[PMAX - PATATIPATATA- NR],PERFORMANCE_MAX,2025-11-10,2416,2145,1.1268065268065268,4.705043,2,38.0
GERAL,GERAL,23229114450,[ALC - NATAL 25 - BS] #tdsdispositivos,VIDEO,2025-11-06,1263,628,2.0127388535031847,5.715571,2,0.0
GERAL,GERAL,23229114450,[ALC - NATAL 25 - BS] #tdsdispositivos,VIDEO,2025-11-07,6273,5630,1.2799289520426287,22.720853,3,2.0
GERAL,GERAL,23229114450,[ALC - NATAL 25 - BS] #tdsdispositivos,VIDEO,2025-11-08,5512,4282,1.4290051377860813,22.814074,3,4.0
GERAL,GERAL,23229114450,[ALC - NATAL 25 - BS] #tdsdispositivos,VIDEO,2025-11-09,5372,3711,1.5041767717596335,22.646065,5,4.0
GERAL,GERAL,23229114450,[ALC - NATAL 25 - BS] #tdsdispositivos,VIDEO,2025-11-10,6143,4324,1.4930619796484736,22.681712,9,1.0
GERAL,GERAL,23229114450,[ALC - NATAL 25 - BS] #tdsdispositivos,VIDEO,2025-11-11,5970,3978,1.5691302161890397,22.683636,6,6.0
GERAL,GERAL,23229114450,[ALC - NATAL 25 - BS] #tdsdispositivos,VIDEO,2025-11-12,5860,4655,1.3473684210526315,22.724035,7,10.0
GERAL,GERAL,23229114450,[ALC - NATAL 25 - BS] #tdsdispositivos,VIDEO,2025-11-13,5886,4206,1.472182596291013,22.632699,5,8.0
GERAL,GERAL,23229114450,[ALC - NATAL 25 - BS] #tdsdispositivos,VIDEO,2025-11-14,5701,4106,1.469069654164637,22.750314,3,11.0
GERAL,GERAL,23229114450,[ALC - NATAL 25 - BS] #tdsdispositivos,VIDEO,2025-11-15,5609,3895,1.5075738125802312,22.675892,6,8.0
GERAL,GERAL,23229114450,[ALC - NATAL 25 - BS] #tdsdispositivos,VIDEO,2025-11-16,6571,4983,1.4250451535219748,22.710935,5,8.0
GERAL,GERAL,23229114450,[ALC - NATAL 25 - BS] #tdsdispositivos,VIDEO,2025-11-17,6491,5109,1.3689567430025444,22.696719,10,14.0
GERAL,GERAL,23229114450,[ALC - NATAL 25 - BS] #tdsdispositivos,VIDEO,2025-11-18,6172,4207,1.523413358687901,22.664555,7,5.0
GERAL,GERAL,23229114450,[ALC - NATAL 25 - BS] #tdsdispositivos,VIDEO,2025-11-19,6573,5225,1.3429665071770336,22.647837,6,11.0
GERAL,GERAL,23229114450,[ALC - NATAL 25 - BS] #tdsdispositivos,VIDEO,2025-11-20,6409,4972,1.3680611423974256,22.64713,7,9.0
GERAL,GERAL,23229114450,[ALC - NATAL 25 - BS] #tdsdispositivos,VIDEO,2025-11-21,6595,5004,1.3992805755395683,22.734858,5,8.0
GERAL,GERAL,23229114450,[ALC - NATAL 25 - BS] #tdsdispositivos,VIDEO,2025-11-22,6789,5290,1.3714555765595464,22.663075,7,4.0
GERAL,GERAL,23229114450,[ALC - NATAL 25 - BS] #tdsdispositivos,VIDEO,2025-11-23,6978,5250,1.3921904761904762,22.618731,8,7.0
GERAL,GERAL,23229114450,[ALC - NATAL 25 - BS] #tdsdispositivos,VIDEO,2025-11-24,6809,5631,1.3162848517137276,22.655758,14,5.0
GERAL,GERAL,23229114450,[ALC - NATAL 25 - BS] #tdsdispositivos,VIDEO,2025-11-25,6871,5326,1.3999248967330078,22.626158,5,12.0
GERAL,GERAL,23229114450,[ALC - NATAL 25 - BS] #tdsdispositivos,VIDEO,2025-11-26,5587,4971,1.2369744518205592,22.644925,9,23.0
GERAL,GERAL,23229114450,[ALC - NATAL 25 - BS] #tdsdispositivos,VIDEO,2025-11-27,5990,4736,1.3391047297297298,22.654766,11,13.0
GERAL,GERAL,23229114450,[ALC - NATAL 25 - BS] #tdsdispositivos,VIDEO,2025-11-28,8695,7729,1.2077888471988614,22.658104,1,10.0
GERAL,GERAL,23229114450,[ALC - NATAL 25 - BS] #tdsdispositivos,VIDEO,2025-11-29,5944,5825,1.1622317596566523,22.652172,6,16.0
GERAL,GERAL,23229114450,[ALC - NATAL 25 - BS] #tdsdispositivos,VIDEO,2025-11-30,7351,7324,1.1638448935008192,22.660911,5,12.0
GERAL,GERAL,23229114450,[ALC - NATAL 25 - BS] #tdsdispositivos,VIDEO,2025-12-01,7657,7858,1.1366759989819293,22.670776,6,13.0
GERAL,GERAL,23229114450,[ALC - NATAL 25 - BS] #tdsdispositivos,VIDEO,2025-12-02,10237,9982,1.1509717491484672,22.671733,4,12.0
GERAL,GERAL,23229114450,[ALC - NATAL 25 - BS] #tdsdispositivos,VIDEO,2025-12-03,8848,8376,1.1952005730659025,22.651337,4,21.0
GERAL,GERAL,23229114450,[ALC - NATAL 25 - BS] #tdsdispositivos,VIDEO,2025-12-04,8969,8398,1.1987377947130269,22.659023,4,14.0
GERAL,GERAL,23229114450,[ALC - NATAL 25 - BS] #tdsdispositivos,VIDEO,2025-12-05,8441,7590,1.2495388669301712,22.658097,4,21.0
GERAL,GERAL,23229114450,[ALC - NATAL 25 - BS] #tdsdispositivos,VIDEO,2025-12-06,8176,7570,1.2204755614266842,22.709203,6,27.0
GERAL,GERAL,23229114450,[ALC - NATAL 25 - BS] #tdsdispositivos,VIDEO,2025-12-07,8482,7409,1.2669726008908084,22.676824,7,19.0
GERAL,GERAL,23229114450,[ALC - NATAL 25 - BS] #tdsdispositivos,VIDEO,2025-12-08,8129,7783,1.1987665424643454,22.670163,5,17.0
GERAL,GERAL,23229136305,[ALC - NATAL 25 - NR] #tdsdispositivos,VIDEO,2025-11-06,1236,623,1.9839486356340288,5.604203,4,0.0
GERAL,GERAL,23229136305,[ALC - NATAL 25 - NR] #tdsdispositivos,VIDEO,2025-11-07,8585,8983,1.1530669041522876,22.775229,9,1.0
GERAL,GERAL,23229136305,[ALC - NATAL 25 - NR] #tdsdispositivos,VIDEO,2025-11-08,5590,4558,1.302325581395349,22.752024,11,5.0
GERAL,GERAL,23229136305,[ALC - NATAL 25 - NR] #tdsdispositivos,VIDEO,2025-11-09,5873,4267,1.4565268338411061,22.630826,12,1.0
GERAL,GERAL,23229136305,[ALC - NATAL 25 - NR] #tdsdispositivos,VIDEO,2025-11-10,6003,4774,1.3514872224549643,22.684172,9,4.0
GERAL,GERAL,23229136305,[ALC - NATAL 25 - NR] #tdsdispositivos,VIDEO,2025-11-11,5931,4222,1.480104216011369,22.647129,9,7.0
GERAL,GERAL,23229136305,[ALC - NATAL 25 - NR] #tdsdispositivos,VIDEO,2025-11-12,5775,4275,1.4278362573099415,22.686895,14,2.0
GERAL,GERAL,23229136305,[ALC - NATAL 25 - NR] #tdsdispositivos,VIDEO,2025-11-13,5875,4222,1.4753671245855045,22.63353,14,3.0
GERAL,GERAL,23229136305,[ALC - NATAL 25 - NR] #tdsdispositivos,VIDEO,2025-11-14,5943,4324,1.4532839962997224,22.684402,10,6.0
GERAL,GERAL,23229136305,[ALC - NATAL 25 - NR] #tdsdispositivos,VIDEO,2025-11-15,5897,4294,1.452026082906381,22.610583,9,8.0
GERAL,GERAL,23229136305,[ALC - NATAL 25 - NR] #tdsdispositivos,VIDEO,2025-11-16,6217,4381,1.4976032869207943,22.660172,11,7.0
GERAL,GERAL,23229136305,[ALC - NATAL 25 - NR] #tdsdispositivos,VIDEO,2025-11-17,6306,4336,1.536439114391144,22.668643,8,6.0
GERAL,GERAL,23229136305,[ALC - NATAL 25 - NR] #tdsdispositivos,VIDEO,2025-11-18,6203,4260,1.528169014084507,22.586498,8,10.0
GERAL,GERAL,23229136305,[ALC - NATAL 25 - NR] #tdsdispositivos,VIDEO,2025-11-19,6293,4987,1.338279526769601,22.638499,8,5.0
GERAL,GERAL,23229136305,[ALC - NATAL 25 - NR] #tdsdispositivos,VIDEO,2025-11-20,6638,5076,1.3888888888888888,22.656443,8,7.0
GERAL,GERAL,23229136305,[ALC - NATAL 25 - NR] #tdsdispositivos,VIDEO,2025-11-21,6504,5777,1.244936818417864,22.6989,10,13.0
GERAL,GERAL,23229136305,[ALC - NATAL 25 - NR] #tdsdispositivos,VIDEO,2025-11-22,7014,5630,1.344582593250444,22.643075,11,7.0
GERAL,GERAL,23229136305,[ALC - NATAL 25 - NR] #tdsdispositivos,VIDEO,2025-11-23,7014,5598,1.3435155412647375,22.654066,5,9.0
GERAL,GERAL,23229136305,[ALC - NATAL 25 - NR] #tdsdispositivos,VIDEO,2025-11-24,6980,5586,1.3480128893662728,22.681825,12,5.0
GERAL,GERAL,23229136305,[ALC - NATAL 25 - NR] #tdsdispositivos,VIDEO,2025-11-25,6688,5158,1.3761147731678944,22.657738,7,7.0
GERAL,GERAL,23229136305,[ALC - NATAL 25 - NR] #tdsdispositivos,VIDEO,2025-11-26,6353,5203,1.3380741879684797,22.707641,9,9.0
GERAL,GERAL,23229136305,[ALC - NATAL 25 - NR] #tdsdispositivos,VIDEO,2025-11-27,6483,4984,1.3996789727126806,22.672169,12,8.0
GERAL,GERAL,23229136305,[ALC - NATAL 25 - NR] #tdsdispositivos,VIDEO,2025-11-28,6016,4764,1.3677581863979849,22.674001,5,9.0
GERAL,GERAL,23229136305,[ALC - NATAL 25 - NR] #tdsdispositivos,VIDEO,2025-11-29,5815,4775,1.3264921465968587,22.684391,5,6.0
GERAL,GERAL,23229136305,[ALC - NATAL 25 - NR] #tdsdispositivos,VIDEO,2025-11-30,6259,4648,1.4195352839931152,22.688306,4,2.0
GERAL,GERAL,23229136305,[ALC - NATAL 25 - NR] #tdsdispositivos,VIDEO,2025-12-01,6616,5345,1.343311506080449,22.689048,5,3.0
GERAL,GERAL,23229136305,[ALC - NATAL 25 - NR] #tdsdispositivos,VIDEO,2025-12-02,8384,6744,1.3515717674970344,22.638627,9,3.0
GERAL,GERAL,23229136305,[ALC - NATAL 25 - NR] #tdsdispositivos,VIDEO,2025-12-03,8196,6377,1.3857613297788929,22.658753,12,17.0
GERAL,GERAL,23229136305,[ALC - NATAL 25 - NR] #tdsdispositivos,VIDEO,2025-12-04,7503,5572,1.4357501794687724,22.649829,8,7.0
GERAL,GERAL,23229136305,[ALC - NATAL 25 - NR] #tdsdispositivos,VIDEO,2025-12-05,7237,6292,1.2768595041322315,22.713011,11,13.0
GERAL,GERAL,23229136305,[ALC - NATAL 25 - NR] #tdsdispositivos,VIDEO,2025-12-06,7051,5451,1.393872683911209,22.65723,9,7.0
GERAL,GERAL,23229136305,[ALC - NATAL 25 - NR] #tdsdispositivos,VIDEO,2025-12-07,7355,5892,1.3620162932790223,22.682503,7,8.0
GERAL,GERAL,23229136305,[ALC - NATAL 25 - NR] #tdsdispositivos,VIDEO,2025-12-08,7091,5786,1.3349464223988938,22.674962,8,13.0
GERAL,GERAL,23229160763,[ALC - PATATIPATATA - NR],VIDEO,2025-11-06,5080,2987,1.7579511215266153,19.997118,11,14.0
GERAL,GERAL,23229160763,[ALC - PATATIPATATA - NR],VIDEO,2025-11-07,5760,5345,1.2323666978484564,20.053172,4,65.0
GERAL,GERAL,23229160763,[ALC - PATATIPATATA - NR],VIDEO,2025-11-08,9070,8136,1.272369714847591,20.065057,9,60.0
GERAL,GERAL,23229160763,[ALC - PATATIPATATA - NR],VIDEO,2025-11-09,8761,7698,1.2742270719667446,20.010112,6,44.0
GERAL,GERAL,23229160763,[ALC - PATATIPATATA - NR],VIDEO,2025-11-10,1674,1620,1.1987654320987655,3.772334,2,5.0
GERAL,GERAL,23234245346,[ALC - NATAL 25 - NK] #tdsdispositivos,VIDEO,2025-11-06,1288,706,1.8271954674220963,5.922872,4,2.0
GERAL,GERAL,23234245346,[ALC - NATAL 25 - NK] #tdsdispositivos,VIDEO,2025-11-07,6976,6416,1.247350374064838,22.766918,9,3.0
GERAL,GERAL,23234245346,[ALC - NATAL 25 - NK] #tdsdispositivos,VIDEO,2025-11-08,5575,4539,1.310641110376735,22.714933,11,7.0
GERAL,GERAL,23234245346,[ALC - NATAL 25 - NK] #tdsdispositivos,VIDEO,2025-11-09,5580,3988,1.4974924774322969,22.40829,8,0.0
GERAL,GERAL,23234245346,[ALC - NATAL 25 - NK] #tdsdispositivos,VIDEO,2025-11-10,5934,4461,1.4196368527236045,22.644667,7,2.0
GERAL,GERAL,23234245346,[ALC - NATAL 25 - NK] #tdsdispositivos,VIDEO,2025-11-11,5811,4244,1.442507068803016,22.703772,8,1.0
GERAL,GERAL,23234245346,[ALC - NATAL 25 - NK] #tdsdispositivos,VIDEO,2025-11-12,5700,4285,1.409568261376896,22.632297,10,7.0
GERAL,GERAL,23234245346,[ALC - NATAL 25 - NK] #tdsdispositivos,VIDEO,2025-11-13,6078,4489,1.4397415905546893,22.644989,13,8.0
GERAL,GERAL,23234245346,[ALC - NATAL 25 - NK] #tdsdispositivos,VIDEO,2025-11-14,6205,4714,1.4126007636826474,22.634302,10,2.0
GERAL,GERAL,23234245346,[ALC - NATAL 25 - NK] #tdsdispositivos,VIDEO,2025-11-15,5924,4178,1.4925801819052178,22.643588,11,8.0
GERAL,GERAL,23234245346,[ALC - NATAL 25 - NK] #tdsdispositivos,VIDEO,2025-11-16,6140,4427,1.466907612378586,22.686825,11,7.0
GERAL,GERAL,23234245346,[ALC - NATAL 25 - NK] #tdsdispositivos,VIDEO,2025-11-17,6107,4383,1.485284052019165,22.667173,3,6.0
GERAL,GERAL,23234245346,[ALC - NATAL 25 - NK] #tdsdispositivos,VIDEO,2025-11-18,5912,4198,1.4833253930443069,22.626117,8,4.0
GERAL,GERAL,23234245346,[ALC - NATAL 25 - NK] #tdsdispositivos,VIDEO,2025-11-19,6027,5427,1.2428597751980837,22.622713,9,7.0
GERAL,GERAL,23234245346,[ALC - NATAL 25 - NK] #tdsdispositivos,VIDEO,2025-11-20,7058,5123,1.4573492094475893,22.675459,9,1.0
GERAL,GERAL,23234245346,[ALC - NATAL 25 - NK] #tdsdispositivos,VIDEO,2025-11-21,7175,5574,1.3916397560100466,22.676056,11,10.0
GERAL,GERAL,23234245346,[ALC - NATAL 25 - NK] #tdsdispositivos,VIDEO,2025-11-22,7226,5781,1.376059505275904,22.66847,4,5.0
GERAL,GERAL,23234245346,[ALC - NATAL 25 - NK] #tdsdispositivos,VIDEO,2025-11-23,7305,5683,1.3675875417913075,22.662939,14,5.0
GERAL,GERAL,23234245346,[ALC - NATAL 25 - NK] #tdsdispositivos,VIDEO,2025-11-24,6904,5656,1.32991513437058,22.647544,7,3.0
GERAL,GERAL,23234245346,[ALC - NATAL 25 - NK] #tdsdispositivos,VIDEO,2025-11-25,7493,5997,1.3631815907953977,22.63801,4,4.0
GERAL,GERAL,23234245346,[ALC - NATAL 25 - NK] #tdsdispositivos,VIDEO,2025-11-26,7277,5343,1.4480628860190905,22.666946,3,2.0
GERAL,GERAL,23234245346,[ALC - NATAL 25 - NK] #tdsdispositivos,VIDEO,2025-11-27,6852,4995,1.4682682682682682,22.681155,5,2.0
GERAL,GERAL,23234245346,[ALC - NATAL 25 - NK] #tdsdispositivos,VIDEO,2025-11-28,6481,4949,1.410385936552839,22.713697,3,5.0
GERAL,GERAL,23234245346,[ALC - NATAL 25 - NK] #tdsdispositivos,VIDEO,2025-11-29,6053,4549,1.4110793581006815,22.683828,6,7.0
GERAL,GERAL,23234245346,[ALC - NATAL 25 - NK] #tdsdispositivos,VIDEO,2025-11-30,7093,6442,1.231449860291835,22.683826,6,4.0
GERAL,GERAL,23234245346,[ALC - NATAL 25 - NK] #tdsdispositivos,VIDEO,2025-12-01,7340,6403,1.2720599718881773,22.672112,12,5.0
GERAL,GERAL,23234245346,[ALC - NATAL 25 - NK] #tdsdispositivos,VIDEO,2025-12-02,8704,7045,1.3531582682753727,22.718206,6,7.0
GERAL,GERAL,23234245346,[ALC - NATAL 25 - NK] #tdsdispositivos,VIDEO,2025-12-03,7779,5628,1.4893390191897655,22.703917,3,7.0
GERAL,GERAL,23234245346,[ALC - NATAL 25 - NK] #tdsdispositivos,VIDEO,2025-12-04,7825,6540,1.3180428134556574,22.684114,11,8.0
GERAL,GERAL,23234245346,[ALC - NATAL 25 - NK] #tdsdispositivos,VIDEO,2025-12-05,7680,5964,1.3901743796109993,22.661502,10,7.0
GERAL,GERAL,23234245346,[ALC - NATAL 25 - NK] #tdsdispositivos,VIDEO,2025-12-06,6857,5405,1.3670675300647548,22.65861,11,8.0
GERAL,GERAL,23234245346,[ALC - NATAL 25 - NK] #tdsdispositivos,VIDEO,2025-12-07,7701,6270,1.3462519936204147,22.683422,3,7.0
GERAL,GERAL,23234245346,[ALC - NATAL 25 - NK] #tdsdispositivos,VIDEO,2025-12-08,7955,6537,1.3313446535107847,22.673132,6,2.0
GERAL,GERAL,23234274629,[ALC - NATAL 25 - CS] #tdsdispositivos,VIDEO,2025-11-06,1338,670,1.998507462686567,5.684429,3,0.0
GERAL,GERAL,23234274629,[ALC - NATAL 25 - CS] #tdsdispositivos,VIDEO,2025-11-07,7009,5535,1.3794037940379404,22.764213,13,1.0
GERAL,GERAL,23234274629,[ALC - NATAL 25 - CS] #tdsdispositivos,VIDEO,2025-11-08,5723,3559,1.686428772127002,22.748617,9,3.0
GERAL,GERAL,23234274629,[ALC - NATAL 25 - CS] #tdsdispositivos,VIDEO,2025-11-09,5766,3978,1.5351935646053294,22.696761,5,3.0
GERAL,GERAL,23234274629,[ALC - NATAL 25 - CS] #tdsdispositivos,VIDEO,2025-11-10,6116,4855,1.3526261585993822,22.624793,6,2.0
GERAL,GERAL,23234274629,[ALC - NATAL 25 - CS] #tdsdispositivos,VIDEO,2025-11-11,5831,4377,1.41329677861549,22.698596,6,3.0
GERAL,GERAL,23234274629,[ALC - NATAL 25 - CS] #tdsdispositivos,VIDEO,2025-11-12,5646,4269,1.3968142422112908,22.646734,3,2.0
GERAL,GERAL,23234274629,[ALC - NATAL 25 - CS] #tdsdispositivos,VIDEO,2025-11-13,6223,4202,1.5471204188481675,22.646073,14,6.0
GERAL,GERAL,23234274629,[ALC - NATAL 25 - CS] #tdsdispositivos,VIDEO,2025-11-14,5912,4151,1.4950614309804866,22.662478,6,2.0
GERAL,GERAL,23234274629,[ALC - NATAL 25 - CS] #tdsdispositivos,VIDEO,2025-11-15,6142,4053,1.5874660745127067,22.674018,7,2.0
GERAL,GERAL,23234274629,[ALC - NATAL 25 - CS] #tdsdispositivos,VIDEO,2025-11-16,6077,3712,1.701239224137931,22.684901,6,1.0
GERAL,GERAL,23234274629,[ALC - NATAL 25 - CS] #tdsdispositivos,VIDEO,2025-11-17,6457,4286,1.576994867008866,22.670979,9,4.0
GERAL,GERAL,23234274629,[ALC - NATAL 25 - CS] #tdsdispositivos,VIDEO,2025-11-18,6082,4224,1.5142045454545454,22.676172,8,5.0
GERAL,GERAL,23234274629,[ALC - NATAL 25 - CS] #tdsdispositivos,VIDEO,2025-11-19,6360,4546,1.4758029036515619,22.628735,6,3.0
GERAL,GERAL,23234274629,[ALC - NATAL 25 - CS] #tdsdispositivos,VIDEO,2025-11-20,6815,4647,1.5496018936948568,22.646999,6,3.0
GERAL,GERAL,23234274629,[ALC - NATAL 25 - CS] #tdsdispositivos,VIDEO,2025-11-21,6869,4788,1.5081453634085213,22.638014,4,0.0
GERAL,GERAL,23234274629,[ALC - NATAL 25 - CS] #tdsdispositivos,VIDEO,2025-11-22,6652,4962,1.4266424828698105,22.6722,4,2.0
GERAL,GERAL,23234274629,[ALC - NATAL 25 - CS] #tdsdispositivos,VIDEO,2025-11-23,6805,5228,1.3773909716908952,22.646263,10,7.0
GERAL,GERAL,23234274629,[ALC - NATAL 25 - CS] #tdsdispositivos,VIDEO,2025-11-24,7442,5545,1.4272317403065824,22.639617,8,1.0
GERAL,GERAL,23234274629,[ALC - NATAL 25 - CS] #tdsdispositivos,VIDEO,2025-11-25,6736,5156,1.4148564778898371,22.688307,6,7.0
GERAL,GERAL,23234274629,[ALC - NATAL 25 - CS] #tdsdispositivos,VIDEO,2025-11-26,6541,4637,1.4824239810222126,22.608315,10,2.0
GERAL,GERAL,23234274629,[ALC - NATAL 25 - CS] #tdsdispositivos,VIDEO,2025-11-27,6458,4443,1.5257708755345487,22.64237,7,3.0
GERAL,GERAL,23234274629,[ALC - NATAL 25 - CS] #tdsdispositivos,VIDEO,2025-11-28,6027,4154,1.533461723639865,22.671898,3,3.0
GERAL,GERAL,23234274629,[ALC - NATAL 25 - CS] #tdsdispositivos,VIDEO,2025-11-29,5786,4046,1.5056846267918933,22.664572,7,2.0
GERAL,GERAL,23234274629,[ALC - NATAL 25 - CS] #tdsdispositivos,VIDEO,2025-11-30,7107,5391,1.4114264514932295,22.672884,8,1.0
GERAL,GERAL,23234274629,[ALC - NATAL 25 - CS] #tdsdispositivos,VIDEO,2025-12-01,7615,5817,1.4215231218841327,22.648399,4,2.0
GERAL,GERAL,23234274629,[ALC - NATAL 25 - CS] #tdsdispositivos,VIDEO,2025-12-02,8371,6338,1.430735247712212,22.60915,3,3.0
GERAL,GERAL,23234274629,[ALC - NATAL 25 - CS] #tdsdispositivos,VIDEO,2025-12-03,6075,5904,1.1678523035230353,22.652611,3,3.0
GERAL,GERAL,23234274629,[ALC - NATAL 25 - CS] #tdsdispositivos,VIDEO,2025-12-04,10753,8134,1.4073026801081878,22.670091,9,6.0
GERAL,GERAL,23234274629,[ALC - NATAL 25 - CS] #tdsdispositivos,VIDEO,2025-12-05,7549,6918,1.2090199479618386,22.658147,5,12.0
GERAL,GERAL,23234274629,[ALC - NATAL 25 - CS] #tdsdispositivos,VIDEO,2025-12-06,6096,5781,1.175748140460128,22.668556,6,9.0
GERAL,GERAL,23234274629,[ALC - NATAL 25 - CS] #tdsdispositivos,VIDEO,2025-12-07,6438,6424,1.1344956413449565,22.640958,4,6.0
GERAL,GERAL,23234274629,[ALC - NATAL 25 - CS] #tdsdispositivos,VIDEO,2025-12-08,8347,8639,1.1417988193077901,22.666187,5,3.0
GERAL,GERAL,23234290934,[ALC - NATAL 25 - GS] #tdsdispositivos,VIDEO,2025-11-06,1250,639,1.9608763693270737,5.603725,1,1.0
GERAL,GERAL,23234290934,[ALC - NATAL 25 - GS] #tdsdispositivos,VIDEO,2025-11-07,7159,6694,1.2228861667164626,22.749427,12,0.0
GERAL,GERAL,23234290934,[ALC - NATAL 25 - GS] #tdsdispositivos,VIDEO,2025-11-08,5570,4095,1.4307692307692308,22.691049,9,5.0
GERAL,GERAL,23234290934,[ALC - NATAL 25 - GS] #tdsdispositivos,VIDEO,2025-11-09,5898,4083,1.5050208180259612,22.648143,10,2.0
GERAL,GERAL,23234290934,[ALC - NATAL 25 - GS] #tdsdispositivos,VIDEO,2025-11-10,5981,4622,1.3881436607529207,22.697297,6,1.0
GERAL,GERAL,23234290934,[ALC - NATAL 25 - GS] #tdsdispositivos,VIDEO,2025-11-11,5892,4063,1.522274181639183,22.644343,7,5.0
GERAL,GERAL,23234290934,[ALC - NATAL 25 - GS] #tdsdispositivos,VIDEO,2025-11-12,5842,4337,1.41941434171086,22.679233,7,6.0
GERAL,GERAL,23234290934,[ALC - NATAL 25 - GS] #tdsdispositivos,VIDEO,2025-11-13,6140,4305,1.505691056910569,22.645955,10,2.0
GERAL,GERAL,23234290934,[ALC - NATAL 25 - GS] #tdsdispositivos,VIDEO,2025-11-14,6128,4463,1.4570916423930091,22.678908,15,4.0
GERAL,GERAL,23234290934,[ALC - NATAL 25 - GS] #tdsdispositivos,VIDEO,2025-11-15,5887,4115,1.509356014580802,22.656585,6,2.0
GERAL,GERAL,23234290934,[ALC - NATAL 25 - GS] #tdsdispositivos,VIDEO,2025-11-16,6110,4075,1.5752147239263803,22.637151,12,1.0
GERAL,GERAL,23234290934,[ALC - NATAL 25 - GS] #tdsdispositivos,VIDEO,2025-11-17,6073,4256,1.5021146616541354,22.668839,12,1.0
GERAL,GERAL,23234290934,[ALC - NATAL 25 - GS] #tdsdispositivos,VIDEO,2025-11-18,6272,4453,1.4756344037727376,22.629548,10,1.0
GERAL,GERAL,23234290934,[ALC - NATAL 25 - GS] #tdsdispositivos,VIDEO,2025-11-19,5877,4230,1.4494089834515367,22.625124,13,1.0
GERAL,GERAL,23234290934,[ALC - NATAL 25 - GS] #tdsdispositivos,VIDEO,2025-11-20,6345,5470,1.2700182815356489,22.736972,6,5.0
GERAL,GERAL,23234290934,[ALC - NATAL 25 - GS] #tdsdispositivos,VIDEO,2025-11-21,6598,5296,1.3372356495468278,22.664918,10,5.0
GERAL,GERAL,23234290934,[ALC - NATAL 25 - GS] #tdsdispositivos,VIDEO,2025-11-22,6704,5161,1.3662080992055803,22.665868,13,0.0
GERAL,GERAL,23234290934,[ALC - NATAL 25 - GS] #tdsdispositivos,VIDEO,2025-11-23,6773,5159,1.3834076371389805,22.695402,16,5.0
GERAL,GERAL,23234290934,[ALC - NATAL 25 - GS] #tdsdispositivos,VIDEO,2025-11-24,7129,5614,1.35286783042394,22.565179,4,3.0
GERAL,GERAL,23234290934,[ALC - NATAL 25 - GS] #tdsdispositivos,VIDEO,2025-11-25,6554,5747,1.258047677048895,22.648422,6,5.0
GERAL,GERAL,23234290934,[ALC - NATAL 25 - GS] #tdsdispositivos,VIDEO,2025-11-26,6682,4463,1.5624019717678692,22.672239,6,0.0
GERAL,GERAL,23234290934,[ALC - NATAL 25 - GS] #tdsdispositivos,VIDEO,2025-11-27,5935,4302,1.4695490469549046,22.664499,7,4.0
GERAL,GERAL,23234290934,[ALC - NATAL 25 - GS] #tdsdispositivos,VIDEO,2025-11-28,6184,4725,1.417989417989418,22.71876,5,2.0
GERAL,GERAL,23234290934,[ALC - NATAL 25 - GS] #tdsdispositivos,VIDEO,2025-11-29,5696,4424,1.3673146473779385,22.667419,13,2.0
GERAL,GERAL,23234290934,[ALC - NATAL 25 - GS] #tdsdispositivos,VIDEO,2025-11-30,6418,4892,1.3851185609157808,22.714961,4,3.0
GERAL,GERAL,23234290934,[ALC - NATAL 25 - GS] #tdsdispositivos,VIDEO,2025-12-01,7861,5946,1.4194416414396234,22.666124,7,1.0
GERAL,GERAL,23234290934,[ALC - NATAL 25 - GS] #tdsdispositivos,VIDEO,2025-12-02,8551,6462,1.4263385948622718,22.713734,12,1.0
GERAL,GERAL,23234290934,[ALC - NATAL 25 - GS] #tdsdispositivos,VIDEO,2025-12-03,8429,6475,1.4078764478764478,22.67421,5,3.0
GERAL,GERAL,23234290934,[ALC - NATAL 25 - GS] #tdsdispositivos,VIDEO,2025-12-04,7501,5450,1.4644036697247707,22.692949,15,4.0
GERAL,GERAL,23234290934,[ALC - NATAL 25 - GS] #tdsdispositivos,VIDEO,2025-12-05,7412,5862,1.3609689525759125,22.661133,11,1.0
GERAL,GERAL,23234290934,[ALC - NATAL 25 - GS] #tdsdispositivos,VIDEO,2025-12-06,7226,5356,1.4413741598207617,22.666867,10,0.0
GERAL,GERAL,23234290934,[ALC - NATAL 25 - GS] #tdsdispositivos,VIDEO,2025-12-07,7785,5849,1.4127201230979656,22.674686,9,1.0
GERAL,GERAL,23234290934,[ALC - NATAL 25 - GS] #tdsdispositivos,VIDEO,2025-12-08,7904,6202,1.3650435343437601,22.55063,12,0.0
GERAL,GERAL,23237304635,[DEMAND GEN - NATAL 25 - NR],DEMAND_GEN,2025-11-07,6857,4909,1.3972295783255246,13.344211,132,3.0
GERAL,GERAL,23237304635,[DEMAND GEN - NATAL 25 - NR],DEMAND_GEN,2025-11-08,14191,9911,1.4319443043083442,25.962704,287,8.0
GERAL,GERAL,23237304635,[DEMAND GEN - NATAL 25 - NR],DEMAND_GEN,2025-11-09,13724,9900,1.3862626262626263,25.955807,292,8.0
GERAL,GERAL,23237304635,[DEMAND GEN - NATAL 25 - NR],DEMAND_GEN,2025-11-10,10297,8372,1.229933110367893,25.931799,305,9.0
GERAL,GERAL,23237304635,[DEMAND GEN - NATAL 25 - NR],DEMAND_GEN,2025-11-11,9543,7458,1.2795655671761867,25.974631,232,2.0
GERAL,GERAL,23237304635,[DEMAND GEN - NATAL 25 - NR],DEMAND_GEN,2025-11-12,10325,8485,1.2170889805539187,25.903943,291,15.0
GERAL,GERAL,23237304635,[DEMAND GEN - NATAL 25 - NR],DEMAND_GEN,2025-11-13,11224,8410,1.3354340071343638,25.98491,292,24.0
GERAL,GERAL,23237304635,[DEMAND GEN - NATAL 25 - NR],DEMAND_GEN,2025-11-14,11986,8814,1.3606761969593828,25.952333,267,16.0
GERAL,GERAL,23237304635,[DEMAND GEN - NATAL 25 - NR],DEMAND_GEN,2025-11-15,14777,10418,1.4188903820311,25.917341,289,18.0
GERAL,GERAL,23237304635,[DEMAND GEN - NATAL 25 - NR],DEMAND_GEN,2025-11-16,13595,10432,1.304064417177914,25.908968,301,10.0
GERAL,GERAL,23237304635,[DEMAND GEN - NATAL 25 - NR],DEMAND_GEN,2025-11-17,10430,7960,1.3128140703517588,25.868509,254,26.0
GERAL,GERAL,23237304635,[DEMAND GEN - NATAL 25 - NR],DEMAND_GEN,2025-11-18,11302,8191,1.381638383591747,25.901039,298,28.0
GERAL,GERAL,23237304635,[DEMAND GEN - NATAL 25 - NR],DEMAND_GEN,2025-11-19,5927,4836,1.2264267990074442,37.090657,172,33.0
GERAL,GERAL,23237304635,[DEMAND GEN - NATAL 25 - NR],DEMAND_GEN,2025-11-20,2204,2018,1.0921704658077305,25.682489,5,26.0
GERAL,GERAL,23237304635,[DEMAND GEN - NATAL 25 - NR],DEMAND_GEN,2025-11-21,10883,8459,1.2865586948811916,25.741252,3,281.0
GERAL,GERAL,23237304635,[DEMAND GEN - NATAL 25 - NR],DEMAND_GEN,2025-11-22,9907,7905,1.25325743200506,29.069476,12,231.0
GERAL,GERAL,23237304635,[DEMAND GEN - NATAL 25 - NR],DEMAND_GEN,2025-11-23,3987,3462,1.1516464471403813,42.507977,26,94.0
GERAL,GERAL,23237304635,[DEMAND GEN - NATAL 25 - NR],DEMAND_GEN,2025-11-24,2868,2321,1.2356742783283068,25.334381,13,83.0
GERAL,GERAL,23237304635,[DEMAND GEN - NATAL 25 - NR],DEMAND_GEN,2025-11-25,9441,7703,1.2256263793327276,23.156708,4,229.0
GERAL,GERAL,23237304635,[DEMAND GEN - NATAL 25 - NR],DEMAND_GEN,2025-11-26,9524,7927,1.2014633530970102,25.383715,4,291.0
GERAL,GERAL,23237304635,[DEMAND GEN - NATAL 25 - NR],DEMAND_GEN,2025-11-27,9208,7753,1.1876692893073648,25.384717,7,316.0
GERAL,GERAL,23237304635,[DEMAND GEN - NATAL 25 - NR],DEMAND_GEN,2025-11-28,8777,7395,1.1868830290736985,25.37441,3,304.0
GERAL,GERAL,23237304635,[DEMAND GEN - NATAL 25 - NR],DEMAND_GEN,2025-11-29,9518,7973,1.193779004138969,25.389295,1,297.0
GERAL,GERAL,23237304635,[DEMAND GEN - NATAL 25 - NR],DEMAND_GEN,2025-11-30,10780,8895,1.2119168071950535,25.401419,1,283.0
GERAL,GERAL,23237304635,[DEMAND GEN - NATAL 25 - NR],DEMAND_GEN,2025-12-01,12463,10304,1.2095302795031055,25.388218,4,269.0
GERAL,GERAL,23237304635,[DEMAND GEN - NATAL 25 - NR],DEMAND_GEN,2025-12-02,7167,6165,1.162530413625304,16.804111,2,193.0
GERAL,GERAL,23237304635,[DEMAND GEN - NATAL 25 - NR],DEMAND_GEN,2025-12-03,353,268,1.3171641791044777,1.187947,7,1.0
GERAL,GERAL,23237304635,[DEMAND GEN - NATAL 25 - NR],DEMAND_GEN,2025-12-04,5813,4269,1.361677207776997,26.229856,165,64.0
GERAL,GERAL,23237304635,[DEMAND GEN - NATAL 25 - NR],DEMAND_GEN,2025-12-05,2955,2342,1.2617421007685738,41.117678,87,79.0
GERAL,GERAL,23237304635,[DEMAND GEN - NATAL 25 - NR],DEMAND_GEN,2025-12-06,1563,1306,1.1967840735068913,28.122056,45,21.0
GERAL,GERAL,23237304635,[DEMAND GEN - NATAL 25 - NR],DEMAND_GEN,2025-12-07,2351,1815,1.2953168044077135,33.80174,68,117.0
GERAL,GERAL,23237304635,[DEMAND GEN - NATAL 25 - NR],DEMAND_GEN,2025-12-08,3475,2503,1.388333999200959,31.800061,88,96.0
GERAL,GERAL,23237329838,[DEMAND GEN - NATAL 25 - NK],DEMAND_GEN,2025-11-07,4939,3935,1.255146124523507,13.249659,142,8.0
GERAL,GERAL,23237329838,[DEMAND GEN - NATAL 25 - NK],DEMAND_GEN,2025-11-08,10069,7785,1.2933847141939627,25.996114,314,7.0
GERAL,GERAL,23237329838,[DEMAND GEN - NATAL 25 - NK],DEMAND_GEN,2025-11-09,11103,8426,1.3177070970804652,25.985821,319,9.0
GERAL,GERAL,23237329838,[DEMAND GEN - NATAL 25 - NK],DEMAND_GEN,2025-11-10,9384,6956,1.349051178838413,25.960247,322,12.0
GERAL,GERAL,23237329838,[DEMAND GEN - NATAL 25 - NK],DEMAND_GEN,2025-11-11,8072,6325,1.2762055335968379,25.950277,276,7.0
GERAL,GERAL,23237329838,[DEMAND GEN - NATAL 25 - NK],DEMAND_GEN,2025-11-12,8985,6937,1.2952284849358513,25.948264,333,13.0
GERAL,GERAL,23237329838,[DEMAND GEN - NATAL 25 - NK],DEMAND_GEN,2025-11-13,8635,6706,1.2876528481956457,26.036795,324,14.0
GERAL,GERAL,23237329838,[DEMAND GEN - NATAL 25 - NK],DEMAND_GEN,2025-11-14,8567,6540,1.3099388379204893,25.977834,267,6.0
GERAL,GERAL,23237329838,[DEMAND GEN - NATAL 25 - NK],DEMAND_GEN,2025-11-15,10340,7544,1.3707582184517497,25.957123,359,18.0
GERAL,GERAL,23237329838,[DEMAND GEN - NATAL 25 - NK],DEMAND_GEN,2025-11-16,8781,6721,1.307097158160988,25.880092,294,9.0
GERAL,GERAL,23237329838,[DEMAND GEN - NATAL 25 - NK],DEMAND_GEN,2025-11-17,7412,5624,1.3193456614509247,25.801591,303,21.0
GERAL,GERAL,23237329838,[DEMAND GEN - NATAL 25 - NK],DEMAND_GEN,2025-11-18,8379,6399,1.309423347398031,25.960688,289,11.0
GERAL,GERAL,23237329838,[DEMAND GEN - NATAL 25 - NK],DEMAND_GEN,2025-11-19,5878,5058,1.162119414788454,25.98765,183,19.0
GERAL,GERAL,23237329838,[DEMAND GEN - NATAL 25 - NK],DEMAND_GEN,2025-11-20,4199,2718,1.5448859455481971,25.84422,4,73.0
GERAL,GERAL,23237329838,[DEMAND GEN - NATAL 25 - NK],DEMAND_GEN,2025-11-21,8340,5972,1.3965170797052913,25.856849,13,235.0
GERAL,GERAL,23237329838,[DEMAND GEN - NATAL 25 - NK],DEMAND_GEN,2025-11-22,11528,9124,1.2634809294169225,25.944802,3,250.0
GERAL,GERAL,23237329838,[DEMAND GEN - NATAL 25 - NK],DEMAND_GEN,2025-11-23,8956,7022,1.275420108231273,26.134127,2,230.0
GERAL,GERAL,23237329838,[DEMAND GEN - NATAL 25 - NK],DEMAND_GEN,2025-11-24,6156,4510,1.3649667405764967,26.435146,11,144.0
GERAL,GERAL,23237329838,[DEMAND GEN - NATAL 25 - NK],DEMAND_GEN,2025-11-25,1206,1074,1.1229050279329609,37.306469,20,78.0
GERAL,GERAL,23237329838,[DEMAND GEN - NATAL 25 - NK],DEMAND_GEN,2025-11-26,6096,5330,1.1437148217636022,19.650822,3,175.0
GERAL,GERAL,23237329838,[DEMAND GEN - NATAL 25 - NK],DEMAND_GEN,2025-11-27,7651,6612,1.1571385359951603,25.558413,3,261.0
GERAL,GERAL,23237329838,[DEMAND GEN - NATAL 25 - NK],DEMAND_GEN,2025-11-28,7012,5736,1.2224546722454672,25.494557,0,276.0
GERAL,GERAL,23237329838,[DEMAND GEN - NATAL 25 - NK],DEMAND_GEN,2025-11-29,8178,6625,1.2344150943396226,25.855865,4,247.0
GERAL,GERAL,23237329838,[DEMAND GEN - NATAL 25 - NK],DEMAND_GEN,2025-11-30,9591,7742,1.2388271764401964,25.844513,3,273.0
GERAL,GERAL,23237329838,[DEMAND GEN - NATAL 25 - NK],DEMAND_GEN,2025-12-01,11575,9244,1.2521635655560364,25.852665,2,257.404045
GERAL,GERAL,23237329838,[DEMAND GEN - NATAL 25 - NK],DEMAND_GEN,2025-12-02,6750,5553,1.2155591572123177,17.057119,6,192.0
GERAL,GERAL,23237329838,[DEMAND GEN - NATAL 25 - NK],DEMAND_GEN,2025-12-03,218,149,1.4630872483221478,0.786283,4,0.0
GERAL,GERAL,23237329838,[DEMAND GEN - NATAL 25 - NK],DEMAND_GEN,2025-12-04,4488,3296,1.3616504854368932,28.352119,136,32.0
GERAL,GERAL,23237329838,[DEMAND GEN - NATAL 25 - NK],DEMAND_GEN,2025-12-05,2336,1822,1.2821075740944017,48.372243,59,60.0
GERAL,GERAL,23237329838,[DEMAND GEN - NATAL 25 - NK],DEMAND_GEN,2025-12-06,1312,1083,1.211449676823638,30.865357,43,54.0
GERAL,GERAL,23237329838,[DEMAND GEN - NATAL 25 - NK],DEMAND_GEN,2025-12-07,1001,857,1.1680280046674445,36.396238,22,11.0
GERAL,GERAL,23237329838,[DEMAND GEN - NATAL 25 - NK],DEMAND_GEN,2025-12-08,811,743,1.091520861372813,34.209135,22,48.0
GERAL,GERAL,23237343074,[DEMAND GEN - NATAL 25 - GS],DEMAND_GEN,2025-11-07,5778,4154,1.390948483389504,13.181369,147,6.0
GERAL,GERAL,23237343074,[DEMAND GEN - NATAL 25 - GS],DEMAND_GEN,2025-11-08,11884,8590,1.3835855646100117,25.97106,316,7.0
GERAL,GERAL,23237343074,[DEMAND GEN - NATAL 25 - GS],DEMAND_GEN,2025-11-09,15329,11262,1.3611259101402948,25.958525,314,5.0
GERAL,GERAL,23237343074,[DEMAND GEN - NATAL 25 - GS],DEMAND_GEN,2025-11-10,12010,9703,1.2377615170565803,25.934864,315,4.0
GERAL,GERAL,23237343074,[DEMAND GEN - NATAL 25 - GS],DEMAND_GEN,2025-11-11,10603,8541,1.2414237208757757,25.953218,270,4.0
GERAL,GERAL,23237343074,[DEMAND GEN - NATAL 25 - GS],DEMAND_GEN,2025-11-12,9352,7734,1.209206102922162,25.942629,317,12.0
GERAL,GERAL,23237343074,[DEMAND GEN - NATAL 25 - GS],DEMAND_GEN,2025-11-13,7096,5490,1.2925318761384335,26.066355,260,16.0
GERAL,GERAL,23237343074,[DEMAND GEN - NATAL 25 - GS],DEMAND_GEN,2025-11-14,9145,7351,1.2440484287851994,25.947413,302,6.0
GERAL,GERAL,23237343074,[DEMAND GEN - NATAL 25 - GS],DEMAND_GEN,2025-11-15,10777,8431,1.2782588067844858,25.946792,328,15.0
GERAL,GERAL,23237343074,[DEMAND GEN - NATAL 25 - GS],DEMAND_GEN,2025-11-16,10356,8210,1.2613885505481122,25.843934,286,9.0
GERAL,GERAL,23237343074,[DEMAND GEN - NATAL 25 - GS],DEMAND_GEN,2025-11-17,9819,7949,1.2351239149578563,25.908666,286,9.0
GERAL,GERAL,23237343074,[DEMAND GEN - NATAL 25 - GS],DEMAND_GEN,2025-11-18,10412,8280,1.257487922705314,25.976898,287,21.0
GERAL,GERAL,23237343074,[DEMAND GEN - NATAL 25 - GS],DEMAND_GEN,2025-11-19,7093,6026,1.1770660471291072,25.924619,165,24.0
GERAL,GERAL,23237343074,[DEMAND GEN - NATAL 25 - GS],DEMAND_GEN,2025-11-20,4444,2941,1.5110506630397824,25.919928,7,77.0
GERAL,GERAL,23237343074,[DEMAND GEN - NATAL 25 - GS],DEMAND_GEN,2025-11-21,7042,4859,1.4492693969952666,25.847376,13,240.0
GERAL,GERAL,23237343074,[DEMAND GEN - NATAL 25 - GS],DEMAND_GEN,2025-11-22,9693,7115,1.362333099086437,25.915023,11,232.0
GERAL,GERAL,23237343074,[DEMAND GEN - NATAL 25 - GS],DEMAND_GEN,2025-11-23,4396,3437,1.279022403258656,28.112225,19,98.0
GERAL,GERAL,23237343074,[DEMAND GEN - NATAL 25 - GS],DEMAND_GEN,2025-11-24,1793,1499,1.1961307538358905,34.055947,11,238.0
GERAL,GERAL,23237343074,[DEMAND GEN - NATAL 25 - GS],DEMAND_GEN,2025-11-25,7819,6194,1.2623506619309008,25.629508,9,228.000234
GERAL,GERAL,23237343074,[DEMAND GEN - NATAL 25 - GS],DEMAND_GEN,2025-11-26,8831,7178,1.2302869880189469,25.655336,2,277.0
GERAL,GERAL,23237343074,[DEMAND GEN - NATAL 25 - GS],DEMAND_GEN,2025-11-27,8552,7284,1.1740801757276222,25.763513,2,320.0
GERAL,GERAL,23237343074,[DEMAND GEN - NATAL 25 - GS],DEMAND_GEN,2025-11-28,7556,6248,1.209346991037132,25.769697,2,290.0
GERAL,GERAL,23237343074,[DEMAND GEN - NATAL 25 - GS],DEMAND_GEN,2025-11-29,8443,7153,1.1803439116454635,25.748797,7,270.0
GERAL,GERAL,23237343074,[DEMAND GEN - NATAL 25 - GS],DEMAND_GEN,2025-11-30,10337,8675,1.191585014409222,25.766034,2,282.0
GERAL,GERAL,23237343074,[DEMAND GEN - NATAL 25 - GS],DEMAND_GEN,2025-12-01,12268,10131,1.2109367288520383,25.751476,3,233.0
GERAL,GERAL,23237343074,[DEMAND GEN - NATAL 25 - GS],DEMAND_GEN,2025-12-02,12048,9847,1.2235198537625673,25.738373,7,315.0
GERAL,GERAL,23237343074,[DEMAND GEN - NATAL 25 - GS],DEMAND_GEN,2025-12-03,12138,9799,1.238697826308807,25.735566,5,377.0
GERAL,GERAL,23237343074,[DEMAND GEN - NATAL 25 - GS],DEMAND_GEN,2025-12-04,5405,4546,1.1889573251209855,12.46153,2,193.0
GERAL,GERAL,23237343074,[DEMAND GEN - NATAL 25 - GS],DEMAND_GEN,2025-12-05,259,153,1.6928104575163399,1.301461,6,1.0
GERAL,GERAL,23237343074,[DEMAND GEN - NATAL 25 - GS],DEMAND_GEN,2025-12-06,930,678,1.3716814159292035,7.700784,22,36.0
GERAL,GERAL,23237343074,[DEMAND GEN - NATAL 25 - GS],DEMAND_GEN,2025-12-07,1452,1163,1.2484952708512467,41.978141,34,17.0
GERAL,GERAL,23237343074,[DEMAND GEN - NATAL 25 - GS],DEMAND_GEN,2025-12-08,814,759,1.0724637681159421,49.243835,25,36.0
GERAL,GERAL,23237881832,[DEMAND GEN - NATAL 25 - CS],DEMAND_GEN,2025-11-07,5202,3570,1.457142857142857,10.561634,90,3.0
GERAL,GERAL,23237881832,[DEMAND GEN - NATAL 25 - CS],DEMAND_GEN,2025-11-08,14039,9779,1.4358318846507823,25.995967,309,5.0
GERAL,GERAL,23237881832,[DEMAND GEN - NATAL 25 - CS],DEMAND_GEN,2025-11-09,16188,10951,1.4783124828782759,26.001736,344,1.0
GERAL,GERAL,23237881832,[DEMAND GEN - NATAL 25 - CS],DEMAND_GEN,2025-11-10,12466,8913,1.3986312128351845,25.987349,303,6.0
GERAL,GERAL,23237881832,[DEMAND GEN - NATAL 25 - CS],DEMAND_GEN,2025-11-11,10988,8061,1.363106314353058,26.001531,275,1.0
GERAL,GERAL,23237881832,[DEMAND GEN - NATAL 25 - CS],DEMAND_GEN,2025-11-12,10832,8226,1.3169219547775346,25.982138,315,10.0
GERAL,GERAL,23237881832,[DEMAND GEN - NATAL 25 - CS],DEMAND_GEN,2025-11-13,11641,8709,1.3366632219543002,26.038584,268,9.0
GERAL,GERAL,23237881832,[DEMAND GEN - NATAL 25 - CS],DEMAND_GEN,2025-11-14,13064,9314,1.4026197122611124,26.000663,304,8.0
GERAL,GERAL,23237881832,[DEMAND GEN - NATAL 25 - CS],DEMAND_GEN,2025-11-15,14242,9611,1.4820518156279263,26.000618,298,1.0
GERAL,GERAL,23237881832,[DEMAND GEN - NATAL 25 - CS],DEMAND_GEN,2025-11-16,13498,9604,1.405664306538942,25.980841,307,3.0
GERAL,GERAL,23237881832,[DEMAND GEN - NATAL 25 - CS],DEMAND_GEN,2025-11-17,12402,8950,1.3856983240223464,26.001802,258,11.0
GERAL,GERAL,23237881832,[DEMAND GEN - NATAL 25 - CS],DEMAND_GEN,2025-11-18,12545,9225,1.3602168021680217,25.99978,325,9.0
GERAL,GERAL,23237881832,[DEMAND GEN - NATAL 25 - CS],DEMAND_GEN,2025-11-19,7243,6037,1.2002650323008117,26.731928,153,12.0
GERAL,GERAL,23237881832,[DEMAND GEN - NATAL 25 - CS],DEMAND_GEN,2025-11-20,3700,2425,1.5257731958762886,25.76379,4,49.0
GERAL,GERAL,23237881832,[DEMAND GEN - NATAL 25 - CS],DEMAND_GEN,2025-11-21,8716,6172,1.4121840570317563,25.882585,9,151.0
GERAL,GERAL,23237881832,[DEMAND GEN - NATAL 25 - CS],DEMAND_GEN,2025-11-22,9397,7172,1.3102342442833241,26.618703,9,150.0
GERAL,GERAL,23237881832,[DEMAND GEN - NATAL 25 - CS],DEMAND_GEN,2025-11-23,7621,5990,1.27228714524207,25.935715,16,97.0
GERAL,GERAL,23237881832,[DEMAND GEN - NATAL 25 - CS],DEMAND_GEN,2025-11-24,2899,2422,1.1969446738232865,41.01426,19,95.0
GERAL,GERAL,23237881832,[DEMAND GEN - NATAL 25 - CS],DEMAND_GEN,2025-11-25,1424,1247,1.1419406575781876,39.50689,18,33.0
GERAL,GERAL,23237881832,[DEMAND GEN - NATAL 25 - CS],DEMAND_GEN,2025-11-26,1489,1352,1.1013313609467457,54.583263,29,33.0
GERAL,GERAL,23237881832,[DEMAND GEN - NATAL 25 - CS],DEMAND_GEN,2025-11-27,7911,6400,1.23609375,23.78445,2,131.0
GERAL,GERAL,23237881832,[DEMAND GEN - NATAL 25 - CS],DEMAND_GEN,2025-11-28,8993,6962,1.2917265153691468,24.759146,2,175.0
GERAL,GERAL,23237881832,[DEMAND GEN - NATAL 25 - CS],DEMAND_GEN,2025-11-29,9881,7470,1.3227576974564927,24.767309,1,191.0
GERAL,GERAL,23237881832,[DEMAND GEN - NATAL 25 - CS],DEMAND_GEN,2025-11-30,11412,8493,1.34369480748852,24.768201,3,181.0
GERAL,GERAL,23237881832,[DEMAND GEN - NATAL 25 - CS],DEMAND_GEN,2025-12-01,13401,9864,1.3585766423357664,24.766292,1,174.0
GERAL,GERAL,23237881832,[DEMAND GEN - NATAL 25 - CS],DEMAND_GEN,2025-12-02,12938,9554,1.3541971948921918,24.745144,2,211.0
GERAL,GERAL,23237881832,[DEMAND GEN - NATAL 25 - CS],DEMAND_GEN,2025-12-03,12375,9485,1.3046916183447548,24.760189,5,218.0
GERAL,GERAL,23237881832,[DEMAND GEN - NATAL 25 - CS],DEMAND_GEN,2025-12-04,4970,4013,1.2384749563917268,10.96931,2,108.0
GERAL,GERAL,23237881832,[DEMAND GEN - NATAL 25 - CS],DEMAND_GEN,2025-12-05,504,353,1.4277620396600565,1.687488,3,0.0
GERAL,GERAL,23237881832,[DEMAND GEN - NATAL 25 - CS],DEMAND_GEN,2025-12-06,2051,1632,1.2567401960784315,26.964186,40,9.0
GERAL,GERAL,23237881832,[DEMAND GEN - NATAL 25 - CS],DEMAND_GEN,2025-12-07,2682,2151,1.2468619246861925,35.026473,54,87.0
GERAL,GERAL,23237881832,[DEMAND GEN - NATAL 25 - CS],DEMAND_GEN,2025-12-08,791,688,1.1497093023255813,45.481092,28,84.0
GERAL,GERAL,23237900351,[DEMAND GEN - NATAL 25 - BS],DEMAND_GEN,2025-11-07,4354,3055,1.4252045826513913,10.488632,100,5.0
GERAL,GERAL,23237900351,[DEMAND GEN - NATAL 25 - BS],DEMAND_GEN,2025-11-08,10303,8198,1.256891924859722,26.068118,350,5.0
GERAL,GERAL,23237900351,[DEMAND GEN - NATAL 25 - BS],DEMAND_GEN,2025-11-09,9514,7333,1.2974226101186417,25.998664,319,11.0
GERAL,GERAL,23237900351,[DEMAND GEN - NATAL 25 - BS],DEMAND_GEN,2025-11-10,7239,5740,1.2611498257839722,25.994183,352,8.0
GERAL,GERAL,23237900351,[DEMAND GEN - NATAL 25 - BS],DEMAND_GEN,2025-11-11,6213,4978,1.248091603053435,25.940233,276,9.0
GERAL,GERAL,23237900351,[DEMAND GEN - NATAL 25 - BS],DEMAND_GEN,2025-11-12,7577,6075,1.2474074074074073,25.992211,312,13.0
GERAL,GERAL,23237900351,[DEMAND GEN - NATAL 25 - BS],DEMAND_GEN,2025-11-13,9195,7403,1.2420640280967175,26.153103,326,14.0
GERAL,GERAL,23237900351,[DEMAND GEN - NATAL 25 - BS],DEMAND_GEN,2025-11-14,9272,7325,1.26580204778157,26.00607,314,12.0
GERAL,GERAL,23237900351,[DEMAND GEN - NATAL 25 - BS],DEMAND_GEN,2025-11-15,10388,7491,1.3867307435589373,25.978051,332,7.0
GERAL,GERAL,23237900351,[DEMAND GEN - NATAL 25 - BS],DEMAND_GEN,2025-11-16,9827,7599,1.2931964732201606,25.879485,298,12.0
GERAL,GERAL,23237900351,[DEMAND GEN - NATAL 25 - BS],DEMAND_GEN,2025-11-17,8265,6518,1.2683338447376495,25.988931,280,11.0
GERAL,GERAL,23237900351,[DEMAND GEN - NATAL 25 - BS],DEMAND_GEN,2025-11-18,8940,7037,1.2707119511155323,26.006979,341,17.0
GERAL,GERAL,23237900351,[DEMAND GEN - NATAL 25 - BS],DEMAND_GEN,2025-11-19,5117,4532,1.129082082965578,27.805654,146,17.0
GERAL,GERAL,23237900351,[DEMAND GEN - NATAL 25 - BS],DEMAND_GEN,2025-11-20,4133,2951,1.4005421890884446,25.803973,6,110.0
GERAL,GERAL,23237900351,[DEMAND GEN - NATAL 25 - BS],DEMAND_GEN,2025-11-21,10306,8157,1.2634547014833886,25.95886,3,246.0
GERAL,GERAL,23237900351,[DEMAND GEN - NATAL 25 - BS],DEMAND_GEN,2025-11-22,13464,10082,1.3354493156119818,25.953885,3,302.0
GERAL,GERAL,23237900351,[DEMAND GEN - NATAL 25 - BS],DEMAND_GEN,2025-11-23,11940,9221,1.2948704045114412,25.939614,6,303.0
GERAL,GERAL,23237900351,[DEMAND GEN - NATAL 25 - BS],DEMAND_GEN,2025-11-24,9682,7461,1.297681275968369,25.915851,3,199.0
GERAL,GERAL,23237900351,[DEMAND GEN - NATAL 25 - BS],DEMAND_GEN,2025-11-25,5508,4606,1.1958315240990014,32.577028,12,130.0
GERAL,GERAL,23237900351,[DEMAND GEN - NATAL 25 - BS],DEMAND_GEN,2025-11-26,3917,3423,1.1443178498393223,25.836113,8,100.0
GERAL,GERAL,23237900351,[DEMAND GEN - NATAL 25 - BS],DEMAND_GEN,2025-11-27,8878,7524,1.1799574694311536,25.865407,6,328.0
GERAL,GERAL,23237900351,[DEMAND GEN - NATAL 25 - BS],DEMAND_GEN,2025-11-28,8410,7101,1.1843402337698916,25.811117,4,321.0
GERAL,GERAL,23237900351,[DEMAND GEN - NATAL 25 - BS],DEMAND_GEN,2025-11-29,9179,7722,1.1886816886816887,25.834923,3,260.0
GERAL,GERAL,23237900351,[DEMAND GEN - NATAL 25 - BS],DEMAND_GEN,2025-11-30,10044,8120,1.2369458128078819,25.873648,1,301.0
GERAL,GERAL,23237900351,[DEMAND GEN - NATAL 25 - BS],DEMAND_GEN,2025-12-01,12258,10065,1.2178837555886737,25.834381,6,249.0
GERAL,GERAL,23237900351,[DEMAND GEN - NATAL 25 - BS],DEMAND_GEN,2025-12-02,11990,9702,1.2358276643990929,25.813369,5,334.0
GERAL,GERAL,23237900351,[DEMAND GEN - NATAL 25 - BS],DEMAND_GEN,2025-12-03,11695,9399,1.2442813065219704,25.800835,5,431.0
GERAL,GERAL,23237900351,[DEMAND GEN - NATAL 25 - BS],DEMAND_GEN,2025-12-04,5034,4249,1.1847493527888915,12.416048,4,190.0
GERAL,GERAL,23237900351,[DEMAND GEN - NATAL 25 - BS],DEMAND_GEN,2025-12-05,260,147,1.7687074829931972,1.343114,4,1.0
GERAL,GERAL,23237900351,[DEMAND GEN - NATAL 25 - BS],DEMAND_GEN,2025-12-06,2534,1999,1.2676338169084542,32.322011,90,37.0
GERAL,GERAL,23237900351,[DEMAND GEN - NATAL 25 - BS],DEMAND_GEN,2025-12-07,2517,1882,1.3374070138150904,39.216957,90,33.0
GERAL,GERAL,23237900351,[DEMAND GEN - NATAL 25 - BS],DEMAND_GEN,2025-12-08,1519,1321,1.149886449659349,27.700796,48,77.0
GERAL,GERAL,23238497278,[ALC - NATAL 25 - NS] #tdsdispositivos,VIDEO,2025-11-06,1181,629,1.8839427662957076,5.584909,2,1.0
GERAL,GERAL,23238497278,[ALC - NATAL 25 - NS] #tdsdispositivos,VIDEO,2025-11-07,7435,7502,1.1815515862436683,22.706767,6,0.0
GERAL,GERAL,23238497278,[ALC - NATAL 25 - NS] #tdsdispositivos,VIDEO,2025-11-08,5841,4308,1.4593779015784587,22.665833,15,1.0
GERAL,GERAL,23238497278,[ALC - NATAL 25 - NS] #tdsdispositivos,VIDEO,2025-11-09,5285,3502,1.5842375785265563,22.701243,13,2.0
GERAL,GERAL,23238497278,[ALC - NATAL 25 - NS] #tdsdispositivos,VIDEO,2025-11-10,5821,4821,1.2966189587222567,22.671557,9,4.0
GERAL,GERAL,23238497278,[ALC - NATAL 25 - NS] #tdsdispositivos,VIDEO,2025-11-11,6186,4629,1.4309786130913804,22.680853,10,5.0
GERAL,GERAL,23238497278,[ALC - NATAL 25 - NS] #tdsdispositivos,VIDEO,2025-11-12,5770,4418,1.383657763693979,22.633225,12,5.0
GERAL,GERAL,23238497278,[ALC - NATAL 25 - NS] #tdsdispositivos,VIDEO,2025-11-13,5855,4150,1.4893975903614458,22.65153,13,2.0
GERAL,GERAL,23238497278,[ALC - NATAL 25 - NS] #tdsdispositivos,VIDEO,2025-11-14,5923,4732,1.3429839391377854,22.642411,11,3.0
GERAL,GERAL,23238497278,[ALC - NATAL 25 - NS] #tdsdispositivos,VIDEO,2025-11-15,5883,4346,1.4307409111826968,22.647389,7,3.0
GERAL,GERAL,23238497278,[ALC - NATAL 25 - NS] #tdsdispositivos,VIDEO,2025-11-16,6149,4638,1.4133247089262613,22.667098,6,4.0
GERAL,GERAL,23238497278,[ALC - NATAL 25 - NS] #tdsdispositivos,VIDEO,2025-11-17,5945,4743,1.3449293695973012,22.664751,10,6.0
GERAL,GERAL,23238497278,[ALC - NATAL 25 - NS] #tdsdispositivos,VIDEO,2025-11-18,5870,4352,1.4181985294117647,22.64583,5,6.0
GERAL,GERAL,23238497278,[ALC - NATAL 25 - NS] #tdsdispositivos,VIDEO,2025-11-19,6163,5149,1.2862691784812585,22.603439,11,2.0
GERAL,GERAL,23238497278,[ALC - NATAL 25 - NS] #tdsdispositivos,VIDEO,2025-11-20,6825,5306,1.3865435356200528,22.673219,9,2.0
GERAL,GERAL,23238497278,[ALC - NATAL 25 - NS] #tdsdispositivos,VIDEO,2025-11-21,6754,4893,1.451665644798692,22.655087,4,1.0
GERAL,GERAL,23238497278,[ALC - NATAL 25 - NS] #tdsdispositivos,VIDEO,2025-11-22,6933,5472,1.3483187134502923,22.61325,8,5.0
GERAL,GERAL,23238497278,[ALC - NATAL 25 - NS] #tdsdispositivos,VIDEO,2025-11-23,7025,5572,1.3418880114860015,22.623222,7,1.0
GERAL,GERAL,23238497278,[ALC - NATAL 25 - NS] #tdsdispositivos,VIDEO,2025-11-24,7613,5847,1.3863519753719857,22.690944,12,0.0
GERAL,GERAL,23238497278,[ALC - NATAL 25 - NS] #tdsdispositivos,VIDEO,2025-11-25,6669,5489,1.3173619967207142,22.704335,9,6.0
GERAL,GERAL,23238497278,[ALC - NATAL 25 - NS] #tdsdispositivos,VIDEO,2025-11-26,6612,4734,1.4875369666244191,22.670633,6,4.0
GERAL,GERAL,23238497278,[ALC - NATAL 25 - NS] #tdsdispositivos,VIDEO,2025-11-27,6305,4988,1.3638732959101845,22.680429,5,0.0
GERAL,GERAL,23238497278,[ALC - NATAL 25 - NS] #tdsdispositivos,VIDEO,2025-11-28,6365,5000,1.3914,22.685968,7,3.0
GERAL,GERAL,23238497278,[ALC - NATAL 25 - NS] #tdsdispositivos,VIDEO,2025-11-29,5870,4352,1.4485294117647058,22.701199,7,5.0
GERAL,GERAL,23238497278,[ALC - NATAL 25 - NS] #tdsdispositivos,VIDEO,2025-11-30,6232,4847,1.3730142356096555,22.68953,12,2.0
GERAL,GERAL,23238497278,[ALC - NATAL 25 - NS] #tdsdispositivos,VIDEO,2025-12-01,6387,5398,1.2914042237865877,22.674502,13,0.0
GERAL,GERAL,23238497278,[ALC - NATAL 25 - NS] #tdsdispositivos,VIDEO,2025-12-02,7728,5899,1.4154941515511104,22.673267,14,3.0
GERAL,GERAL,23238497278,[ALC - NATAL 25 - NS] #tdsdispositivos,VIDEO,2025-12-03,7592,6704,1.2583532219570406,22.665282,15,5.0
GERAL,GERAL,23238497278,[ALC - NATAL 25 - NS] #tdsdispositivos,VIDEO,2025-12-04,7826,6062,1.3856812933025404,22.681151,12,3.0
GERAL,GERAL,23238497278,[ALC - NATAL 25 - NS] #tdsdispositivos,VIDEO,2025-12-05,7454,5638,1.418588151826889,22.67888,14,4.0
GERAL,GERAL,23238497278,[ALC - NATAL 25 - NS] #tdsdispositivos,VIDEO,2025-12-06,7067,5447,1.385349733798421,22.621468,10,7.0
GERAL,GERAL,23238497278,[ALC - NATAL 25 - NS] #tdsdispositivos,VIDEO,2025-12-07,7675,5993,1.3897880861004506,22.686978,11,3.0
GERAL,GERAL,23238497278,[ALC - NATAL 25 - NS] #tdsdispositivos,VIDEO,2025-12-08,8235,6152,1.431892067620286,22.667348,6,1.0
GERAL,GERAL,23241557455,[DEMAND GEN - NATAL 25 - NS],DEMAND_GEN,2025-11-07,6691,4921,1.3598862019914653,13.376205,153,8.0
GERAL,GERAL,23241557455,[DEMAND GEN - NATAL 25 - NS],DEMAND_GEN,2025-11-08,11374,7742,1.469258589511754,25.953846,319,3.0
GERAL,GERAL,23241557455,[DEMAND GEN - NATAL 25 - NS],DEMAND_GEN,2025-11-09,14559,9685,1.5032524522457409,25.946216,325,5.0
GERAL,GERAL,23241557455,[DEMAND GEN - NATAL 25 - NS],DEMAND_GEN,2025-11-10,11675,8406,1.3888888888888888,25.952967,329,3.0
GERAL,GERAL,23241557455,[DEMAND GEN - NATAL 25 - NS],DEMAND_GEN,2025-11-11,9337,7054,1.323646158208109,25.935751,275,0.0
GERAL,GERAL,23241557455,[DEMAND GEN - NATAL 25 - NS],DEMAND_GEN,2025-11-12,10176,7550,1.3479470198675496,25.925487,306,5.0
GERAL,GERAL,23241557455,[DEMAND GEN - NATAL 25 - NS],DEMAND_GEN,2025-11-13,10288,7575,1.3581518151815182,26.173898,286,4.0
GERAL,GERAL,23241557455,[DEMAND GEN - NATAL 25 - NS],DEMAND_GEN,2025-11-14,12699,9267,1.370346390417611,25.960682,297,5.0
GERAL,GERAL,23241557455,[DEMAND GEN - NATAL 25 - NS],DEMAND_GEN,2025-11-15,13668,9240,1.4792207792207792,25.946073,352,10.0
GERAL,GERAL,23241557455,[DEMAND GEN - NATAL 25 - NS],DEMAND_GEN,2025-11-16,13164,9205,1.4302009777294948,25.854631,320,10.0
GERAL,GERAL,23241557455,[DEMAND GEN - NATAL 25 - NS],DEMAND_GEN,2025-11-17,10601,7511,1.41139661829317,25.949631,266,10.0
GERAL,GERAL,23241557455,[DEMAND GEN - NATAL 25 - NS],DEMAND_GEN,2025-11-18,11419,8170,1.3976744186046512,25.956295,323,8.0
GERAL,GERAL,23241557455,[DEMAND GEN - NATAL 25 - NS],DEMAND_GEN,2025-11-19,5630,4516,1.2466784765279009,26.053508,170,11.0
GERAL,GERAL,23241557455,[DEMAND GEN - NATAL 25 - NS],DEMAND_GEN,2025-11-20,1978,1328,1.4894578313253013,25.904091,5,22.0
GERAL,GERAL,23241557455,[DEMAND GEN - NATAL 25 - NS],DEMAND_GEN,2025-11-21,5679,3476,1.6337744533947065,25.774443,8,109.236564
GERAL,GERAL,23241557455,[DEMAND GEN - NATAL 25 - NS],DEMAND_GEN,2025-11-22,8012,5229,1.5322241346337733,28.280644,19,168.236564
GERAL,GERAL,23241557455,[DEMAND GEN - NATAL 25 - NS],DEMAND_GEN,2025-11-23,4472,3457,1.293607173850159,27.480361,15,100.0
GERAL,GERAL,23241557455,[DEMAND GEN - NATAL 25 - NS],DEMAND_GEN,2025-11-24,2945,2400,1.2270833333333333,29.772614,13,39.0
GERAL,GERAL,23241557455,[DEMAND GEN - NATAL 25 - NS],DEMAND_GEN,2025-11-25,1416,1315,1.07680608365019,48.032035,29,9.0
GERAL,GERAL,23241557455,[DEMAND GEN - NATAL 25 - NS],DEMAND_GEN,2025-11-26,2670,2328,1.1469072164948453,37.949957,20,58.0
GERAL,GERAL,23241557455,[DEMAND GEN - NATAL 25 - NS],DEMAND_GEN,2025-11-27,5055,3942,1.28234398782344,25.070989,6,136.0
GERAL,GERAL,23241557455,[DEMAND GEN - NATAL 25 - NS],DEMAND_GEN,2025-11-28,7175,5624,1.2757823613086772,24.873854,4,211.0
GERAL,GERAL,23241557455,[DEMAND GEN - NATAL 25 - NS],DEMAND_GEN,2025-11-29,8242,6169,1.3360350137785704,25.051999,5,225.0
GERAL,GERAL,23241557455,[DEMAND GEN - NATAL 25 - NS],DEMAND_GEN,2025-11-30,9058,6578,1.3770142900577682,25.05532,4,208.0
GERAL,GERAL,23241557455,[DEMAND GEN - NATAL 25 - NS],DEMAND_GEN,2025-12-01,10863,8005,1.3570268582136165,25.054304,5,188.0
GERAL,GERAL,23241557455,[DEMAND GEN - NATAL 25 - NS],DEMAND_GEN,2025-12-02,6280,4833,1.2993999586178357,16.229391,9,143.0
GERAL,GERAL,23241557455,[DEMAND GEN - NATAL 25 - NS],DEMAND_GEN,2025-12-03,1322,868,1.523041474654378,5.599501,24,19.0
GERAL,GERAL,23241557455,[DEMAND GEN - NATAL 25 - NS],DEMAND_GEN,2025-12-04,1524,1325,1.1501886792452831,40.41138,42,33.0
GERAL,GERAL,23241557455,[DEMAND GEN - NATAL 25 - NS],DEMAND_GEN,2025-12-05,1528,1353,1.1293422025129343,38.563452,52,40.0
GERAL,GERAL,23241557455,[DEMAND GEN - NATAL 25 - NS],DEMAND_GEN,2025-12-06,1063,1006,1.0566600397614314,59.813584,25,11.0
GERAL,GERAL,23241557455,[DEMAND GEN - NATAL 25 - NS],DEMAND_GEN,2025-12-07,1303,1097,1.187784867821331,50.506825,28,17.0
GERAL,GERAL,23241557455,[DEMAND GEN - NATAL 25 - NS],DEMAND_GEN,2025-12-08,1996,1686,1.1838671411625148,31.655479,38,20.0
GERAL,GERAL,23258503147,[PMAX - LEGOS - NS],PERFORMANCE_MAX,2025-11-11,147,143,1.027972027972028,1.682251,3,5.0
GERAL,GERAL,23258503147,[PMAX - LEGOS - NS],PERFORMANCE_MAX,2025-11-12,31735,19304,1.643959801077497,208.097843,41,477.0
GERAL,GERAL,23258503147,[PMAX - LEGOS - NS],PERFORMANCE_MAX,2025-11-13,28783,17499,1.6448368478198754,125.089281,19,554.0
GERAL,GERAL,23258503147,[PMAX - LEGOS - NS],PERFORMANCE_MAX,2025-11-14,26841,17098,1.569832728974149,125.213164,42,510.0
GERAL,GERAL,23258503147,[PMAX - LEGOS - NS],PERFORMANCE_MAX,2025-11-15,32029,18646,1.7177410704708784,136.585962,65,541.0
GERAL,GERAL,23258503147,[PMAX - LEGOS - NS],PERFORMANCE_MAX,2025-11-16,39714,22641,1.7541186343359392,152.377769,62,649.0
GERAL,GERAL,23258503147,[PMAX - LEGOS - NS],PERFORMANCE_MAX,2025-11-17,27551,18071,1.5238780366332798,106.111662,23,476.0
GERAL,GERAL,23258503147,[PMAX - LEGOS - NS],PERFORMANCE_MAX,2025-11-18,14083,10188,1.382312524538673,48.311379,29,316.0
GERAL,GERAL,23258503147,[PMAX - LEGOS - NS],PERFORMANCE_MAX,2025-11-19,16172,11774,1.3735349074231358,58.722749,20,315.0
GERAL,GERAL,23258503147,[PMAX - LEGOS - NS],PERFORMANCE_MAX,2025-11-20,17133,11593,1.4778745794876218,55.240984,25,328.0
GERAL,GERAL,23258503147,[PMAX - LEGOS - NS],PERFORMANCE_MAX,2025-11-21,13111,9216,1.4226345486111112,45.670678,23,301.0
GERAL,GERAL,23258503147,[PMAX - LEGOS - NS],PERFORMANCE_MAX,2025-11-22,18327,12227,1.4988958861535946,58.517482,37,353.0
GERAL,GERAL,23258503147,[PMAX - LEGOS - NS],PERFORMANCE_MAX,2025-11-23,17803,12300,1.44739837398374,61.767631,48,360.0
GERAL,GERAL,23258503147,[PMAX - LEGOS - NS],PERFORMANCE_MAX,2025-11-24,14242,10342,1.3771030748404565,46.898798,16,289.0
GERAL,GERAL,23258503147,[PMAX - LEGOS - NS],PERFORMANCE_MAX,2025-11-25,19901,13447,1.4799583550234252,70.76563,22,434.0
GERAL,GERAL,23258503147,[PMAX - LEGOS - NS],PERFORMANCE_MAX,2025-11-26,16858,11908,1.4156869331541821,62.981975,20,356.0
GERAL,GERAL,23258503147,[PMAX - LEGOS - NS],PERFORMANCE_MAX,2025-11-27,13233,9703,1.3638050087601772,49.604967,11,295.0
GERAL,GERAL,23258503147,[PMAX - LEGOS - NS],PERFORMANCE_MAX,2025-11-28,15164,10915,1.3892808062299589,66.774544,25,411.0
GERAL,GERAL,23258503147,[PMAX - LEGOS - NS],PERFORMANCE_MAX,2025-11-29,14008,9769,1.4339236359914014,50.88953,33,353.0
GERAL,GERAL,23258503147,[PMAX - LEGOS - NS],PERFORMANCE_MAX,2025-11-30,15691,10902,1.4392771968446156,56.748828,56,357.0
GERAL,GERAL,23258503147,[PMAX - LEGOS - NS],PERFORMANCE_MAX,2025-12-01,19518,13391,1.4575461130610112,58.769413,10,278.0
GERAL,GERAL,23258503147,[PMAX - LEGOS - NS],PERFORMANCE_MAX,2025-12-02,19662,13553,1.450748911680071,58.811256,20,352.0
GERAL,GERAL,23258503147,[PMAX - LEGOS - NS],PERFORMANCE_MAX,2025-12-03,16456,11932,1.3791485082132082,58.77276,30,357.0
GERAL,GERAL,23258503147,[PMAX - LEGOS - NS],PERFORMANCE_MAX,2025-12-04,18529,12780,1.4498435054773082,59.579567,22,510.0
GERAL,GERAL,23258503147,[PMAX - LEGOS - NS],PERFORMANCE_MAX,2025-12-05,18343,12837,1.428916413492249,61.943746,24,532.0
GERAL,GERAL,23258503147,[PMAX - LEGOS - NS],PERFORMANCE_MAX,2025-12-06,20608,13371,1.5412459801062,59.016729,45,521.0
GERAL,GERAL,23258503147,[PMAX - LEGOS - NS],PERFORMANCE_MAX,2025-12-07,18009,12563,1.4334951842712729,50.553899,32,333.0
GERAL,GERAL,23258503147,[PMAX - LEGOS - NS],PERFORMANCE_MAX,2025-12-08,24038,16455,1.4608325736858099,78.879105,23,349.0
GERAL,GERAL,23262968530,[ALC - PATRULHA CANINA/ MILENINHA - GS],VIDEO,2025-11-12,5145,2637,1.9742131209708003,22.58989,12,4.0
GERAL,GERAL,23262968530,[ALC - PATRULHA CANINA/ MILENINHA - GS],VIDEO,2025-11-13,15517,12824,1.3265751715533376,56.933038,16,8.0
GERAL,GERAL,23262968530,[ALC - PATRULHA CANINA/ MILENINHA - GS],VIDEO,2025-11-14,14869,9970,1.5992978936810431,56.849713,21,2.0
GERAL,GERAL,23262968530,[ALC - PATRULHA CANINA/ MILENINHA - GS],VIDEO,2025-11-15,14072,9495,1.5806213796735125,56.960707,33,4.0
GERAL,GERAL,23262968530,[ALC - PATRULHA CANINA/ MILENINHA - GS],VIDEO,2025-11-16,14423,9643,1.5872653738463134,56.989743,20,3.0
GERAL,GERAL,23269539354,[DEMAND GEN - CHAPEUZINHO VERMELHO - GS],DEMAND_GEN,2025-11-17,8058,5981,1.3472663434208327,21.966977,235,14.0
GERAL,GERAL,23269539354,[DEMAND GEN - CHAPEUZINHO VERMELHO - GS],DEMAND_GEN,2025-11-18,26028,17632,1.476179673321234,79.687693,898,26.0
GERAL,GERAL,23269539354,[DEMAND GEN - CHAPEUZINHO VERMELHO - GS],DEMAND_GEN,2025-11-19,28397,19400,1.4637628865979382,79.703516,931,118.0
GERAL,GERAL,23269539354,[DEMAND GEN - CHAPEUZINHO VERMELHO - GS],DEMAND_GEN,2025-11-20,30471,20083,1.5172533983966539,79.549858,1127,32.0
GERAL,GERAL,23269539354,[DEMAND GEN - CHAPEUZINHO VERMELHO - GS],DEMAND_GEN,2025-11-21,30123,19615,1.5357124649502931,79.645479,1147,51.0
GERAL,GERAL,23269539354,[DEMAND GEN - CHAPEUZINHO VERMELHO - GS],DEMAND_GEN,2025-11-22,28631,18500,1.5476216216216216,79.673104,1098,41.0
GERAL,GERAL,23269539354,[DEMAND GEN - CHAPEUZINHO VERMELHO - GS],DEMAND_GEN,2025-11-23,26287,16809,1.5638645963471949,78.120912,1010,39.0
GERAL,GERAL,23286184216,[ALC - VÍDEO EVENTOS GS - CHAPEUZINHO E MINIONS],VIDEO,2025-11-19,5154,1969,2.623666835957339,21.770227,12,2.0
GERAL,GERAL,23286184216,[ALC - VÍDEO EVENTOS GS - CHAPEUZINHO E MINIONS],VIDEO,2025-11-20,20311,16386,1.3960087879897474,69.641831,19,7.0
GERAL,GERAL,23286184216,[ALC - VÍDEO EVENTOS GS - CHAPEUZINHO E MINIONS],VIDEO,2025-11-21,18704,15084,1.35826040837974,69.602106,26,8.0
GERAL,GERAL,23286184216,[ALC - VÍDEO EVENTOS GS - CHAPEUZINHO E MINIONS],VIDEO,2025-11-22,20769,16631,1.355180085382719,69.497942,27,11.0
GERAL,GERAL,23286184216,[ALC - VÍDEO EVENTOS GS - CHAPEUZINHO E MINIONS],VIDEO,2025-11-23,21712,16758,1.4103114930182599,69.428419,28,5.0
GERAL,GERAL,23308218163,[ALC - MILENINHA - NR 25],VIDEO,2025-11-26,13778,6211,2.2579294799549188,58.86707,25,19.0
GERAL,GERAL,23308218163,[ALC - MILENINHA - NR 25],VIDEO,2025-11-27,27176,25302,1.1670618923405265,110.55484,37,115.0
GERAL,GERAL,23308218163,[ALC - MILENINHA - NR 25],VIDEO,2025-11-28,26875,23220,1.2304909560723514,110.202971,44,82.0
GERAL,GERAL,23308218163,[ALC - MILENINHA - NR 25],VIDEO,2025-11-29,24076,20114,1.2505717410758677,110.292292,50,90.0
GERAL,GERAL,23308218163,[ALC - MILENINHA - NR 25],VIDEO,2025-11-30,24155,20278,1.2368576782720189,110.228101,69,63.0
GERAL,GERAL,21741027756,[APP INSTAL - GS],MULTI_CHANNEL,2025-12-09,605,395,1.5316455696202531,18.840209,59,37.0
GERAL,GERAL,21741027756,[APP INSTAL - GS],MULTI_CHANNEL,2025-12-10,253,184,1.375,19.723214,31,12.0
GERAL,GERAL,21741027756,[APP INSTAL - GS],MULTI_CHANNEL,2025-12-11,392,256,1.53125,19.236347,37,15.0
GERAL,GERAL,21741027756,[APP INSTAL - GS],MULTI_CHANNEL,2025-12-12,446,283,1.5759717314487633,18.491558,35,7.0
GERAL,GERAL,21741027756,[APP INSTAL - GS],MULTI_CHANNEL,2025-12-13,283,156,1.814102564102564,19.638371,25,9.0
GERAL,GERAL,21741027756,[APP INSTAL - GS],MULTI_CHANNEL,2025-12-14,426,290,1.4689655172413794,21.425662,61,36.0
GERAL,GERAL,21741027756,[APP INSTAL - GS],MULTI_CHANNEL,2025-12-15,741,491,1.509164969450102,19.103024,55,25.0
GERAL,GERAL,21741027756,[APP INSTAL - GS],MULTI_CHANNEL,2025-12-16,350,234,1.4957264957264957,19.980397,34,16.0
GERAL,GERAL,21741027756,[APP INSTAL - GS],MULTI_CHANNEL,2025-12-17,747,495,1.509090909090909,21.794611,70,38.0
GERAL,GERAL,21741027756,[APP INSTAL - GS],MULTI_CHANNEL,2025-12-18,370,232,1.5948275862068966,19.71905,42,19.0
GERAL,GERAL,21741027756,[APP INSTAL - GS],MULTI_CHANNEL,2025-12-19,340,199,1.7085427135678393,19.533942,30,15.0
GERAL,GERAL,21741027756,[APP INSTAL - GS],MULTI_CHANNEL,2025-12-20,620,419,1.4797136038186158,19.508511,85,45.0
GERAL,GERAL,21741027756,[APP INSTAL - GS],MULTI_CHANNEL,2025-12-21,546,384,1.421875,19.1904,91,66.0
GERAL,GERAL,21741027756,[APP INSTAL - GS],MULTI_CHANNEL,2025-12-22,310,177,1.7514124293785311,19.720448,29,15.0
GERAL,GERAL,21741027756,[APP INSTAL - GS],MULTI_CHANNEL,2025-12-23,589,425,1.3858823529411766,19.709862,81,65.0
GERAL,GERAL,21741027756,[APP INSTAL - GS],MULTI_CHANNEL,2025-12-24,544,383,1.4203655352480418,19.767472,83,62.0
GERAL,GERAL,21741027756,[APP INSTAL - GS],MULTI_CHANNEL,2025-12-25,525,304,1.7269736842105263,18.59349,45,19.0
GERAL,GERAL,21741027756,[APP INSTAL - GS],MULTI_CHANNEL,2025-12-26,484,232,2.086206896551724,19.594719,28,13.0
GERAL,GERAL,21741027756,[APP INSTAL - GS],MULTI_CHANNEL,2025-12-27,486,286,1.6993006993006994,18.508286,40,14.0
GERAL,GERAL,21741027756,[APP INSTAL - GS],MULTI_CHANNEL,2025-12-28,390,228,1.7105263157894737,18.216064,51,19.0
GERAL,GERAL,21741027756,[APP INSTAL - GS],MULTI_CHANNEL,2025-12-29,487,302,1.6125827814569536,19.39251,48,16.0
GERAL,GERAL,21741027756,[APP INSTAL - GS],MULTI_CHANNEL,2025-12-30,569,360,1.5805555555555555,16.810894,63,37.0
GERAL,GERAL,21741027756,[APP INSTAL - GS],MULTI_CHANNEL,2025-12-31,479,332,1.4427710843373494,16.7916,46,26.0
GERAL,GERAL,21741027756,[APP INSTAL - GS],MULTI_CHANNEL,2026-01-01,719,415,1.7325301204819277,20.979852,62,26.0
GERAL,GERAL,21741027756,[APP INSTAL - GS],MULTI_CHANNEL,2026-01-06,693,456,1.519736842105263,41.911921,58,17.0
GERAL,GERAL,21741027756,[APP INSTAL - GS],MULTI_CHANNEL,2026-01-07,726,398,1.8241206030150754,40.1768,66,20.0
GERAL,GERAL,21741027756,[APP INSTAL - GS],MULTI_CHANNEL,2026-01-08,567,320,1.771875,39.286417,68,27.0
GERAL,GERAL,21741027756,[APP INSTAL - GS],MULTI_CHANNEL,2026-01-09,1037,604,1.716887417218543,39.172235,96,46.0
GERAL,GERAL,21741027756,[APP INSTAL - GS],MULTI_CHANNEL,2026-01-10,782,431,1.814385150812065,24.534488,75,43.0
GERAL,GERAL,21741027756,[APP INSTAL - GS],MULTI_CHANNEL,2026-01-11,899,555,1.61981981981982,19.439442,83,48.0
GERAL,GERAL,21741027756,[APP INSTAL - GS],MULTI_CHANNEL,2026-01-12,854,511,1.6712328767123288,21.178183,61,22.0
GERAL,GERAL,21741027756,[APP INSTAL - GS],MULTI_CHANNEL,2026-01-13,672,455,1.476923076923077,19.258202,47,21.0
GERAL,GERAL,21741027756,[APP INSTAL - GS],MULTI_CHANNEL,2026-01-14,399,245,1.6285714285714286,19.103383,41,13.0
GERAL,GERAL,21741027756,[APP INSTAL - GS],MULTI_CHANNEL,2026-01-15,277,147,1.8843537414965987,19.240496,30,14.0
GERAL,GERAL,21741027756,[APP INSTAL - GS],MULTI_CHANNEL,2026-01-16,410,225,1.8222222222222222,21.271502,52,8.0
GERAL,GERAL,21741027756,[APP INSTAL - GS],MULTI_CHANNEL,2026-01-17,542,344,1.5755813953488371,20.418075,53,19.0
GERAL,GERAL,21741027756,[APP INSTAL - GS],MULTI_CHANNEL,2026-01-18,240,137,1.7518248175182483,19.170642,35,11.0
GERAL,GERAL,21741027756,[APP INSTAL - GS],MULTI_CHANNEL,2026-01-19,331,189,1.7513227513227514,19.677104,33,11.0
GERAL,GERAL,21741027756,[APP INSTAL - GS],MULTI_CHANNEL,2026-01-20,311,208,1.4951923076923077,19.516557,37,14.0
GERAL,GERAL,21741027756,[APP INSTAL - GS],MULTI_CHANNEL,2026-01-21,766,439,1.744874715261959,19.535511,55,19.0
GERAL,GERAL,21741027756,[APP INSTAL - GS],MULTI_CHANNEL,2026-01-22,738,414,1.7826086956521738,19.161356,55,25.0
GERAL,GERAL,21741027756,[APP INSTAL - GS],MULTI_CHANNEL,2026-01-23,271,165,1.6424242424242423,19.589271,35,13.0
GERAL,GERAL,21741027756,[APP INSTAL - GS],MULTI_CHANNEL,2026-01-24,379,225,1.6844444444444444,19.105223,39,11.0
GERAL,GERAL,21741027756,[APP INSTAL - GS],MULTI_CHANNEL,2026-01-25,366,195,1.876923076923077,19.999704,40,17.0
GERAL,GERAL,21741027756,[APP INSTAL - GS],MULTI_CHANNEL,2026-01-26,992,519,1.9113680154142583,18.527586,51,14.0
GERAL,GERAL,21741027756,[APP INSTAL - GS],MULTI_CHANNEL,2026-01-27,755,428,1.764018691588785,18.360544,60,22.0
GERAL,GERAL,21741027756,[APP INSTAL - GS],MULTI_CHANNEL,2026-01-28,388,211,1.838862559241706,17.578801,30,16.0
GERAL,GERAL,21741027756,[APP INSTAL - GS],MULTI_CHANNEL,2026-01-29,342,203,1.6847290640394088,18.509088,29,8.0
GERAL,GERAL,21741027756,[APP INSTAL - GS],MULTI_CHANNEL,2026-01-30,373,202,1.8465346534653466,18.473134,33,11.0
GERAL,GERAL,21741027756,[APP INSTAL - GS],MULTI_CHANNEL,2026-01-31,259,149,1.738255033557047,16.985822,29,13.0
GERAL,GERAL,21741027756,[APP INSTAL - GS],MULTI_CHANNEL,2026-02-01,351,158,2.221518987341772,23.211722,40,15.0
GERAL,GERAL,21741027756,[APP INSTAL - GS],MULTI_CHANNEL,2026-02-02,1006,609,1.651888341543514,40.216891,106,29.0
GERAL,GERAL,21741027756,[APP INSTAL - GS],MULTI_CHANNEL,2026-02-03,836,500,1.672,41.512215,70,24.0
GERAL,GERAL,21741027756,[APP INSTAL - GS],MULTI_CHANNEL,2026-02-04,983,584,1.6832191780821917,42.509306,92,27.0
GERAL,GERAL,21741027756,[APP INSTAL - GS],MULTI_CHANNEL,2026-02-05,276,173,1.5953757225433527,9.513639,25,9.0
GERAL,GERAL,21741027756,[APP INSTAL - GS],MULTI_CHANNEL,2026-02-07,248,152,1.631578947368421,20.790843,38,17.0
GERAL,GERAL,21741027756,[APP INSTAL - GS],MULTI_CHANNEL,2026-02-08,198,121,1.6363636363636365,11.707806,18,9.0
GERAL,GERAL,21741027756,[APP INSTAL - GS],MULTI_CHANNEL,2026-02-09,386,249,1.5502008032128514,10.303771,35,17.0
GERAL,GERAL,21741027756,[APP INSTAL - GS],MULTI_CHANNEL,2026-02-10,264,164,1.6097560975609757,11.955119,32,8.0
GERAL,GERAL,21741027756,[APP INSTAL - GS],MULTI_CHANNEL,2026-02-11,231,153,1.5098039215686274,12.0575,26,6.0
GERAL,GERAL,21741027756,[APP INSTAL - GS],MULTI_CHANNEL,2026-02-12,198,108,1.8333333333333333,11.150642,29,9.0
GERAL,GERAL,21741027756,[APP INSTAL - GS],MULTI_CHANNEL,2026-02-13,194,103,1.883495145631068,11.165505,21,5.0
GERAL,GERAL,21741027756,[APP INSTAL - GS],MULTI_CHANNEL,2026-02-14,317,201,1.5771144278606966,10.851907,35,16.0
GERAL,GERAL,21741027756,[APP INSTAL - GS],MULTI_CHANNEL,2026-02-15,129,86,1.5,10.262841,19,9.0
GERAL,GERAL,21741027756,[APP INSTAL - GS],MULTI_CHANNEL,2026-02-16,166,92,1.8043478260869565,9.844337,17,6.0
GERAL,GERAL,21741027756,[APP INSTAL - GS],MULTI_CHANNEL,2026-02-17,253,149,1.6979865771812082,9.342746,28,7.0
GERAL,GERAL,21741027756,[APP INSTAL - GS],MULTI_CHANNEL,2026-02-18,226,158,1.4303797468354431,9.200266,24,9.0
GERAL,GERAL,21741027756,[APP INSTAL - GS],MULTI_CHANNEL,2026-02-19,230,165,1.393939393939394,9.375349,20,5.0
GERAL,GERAL,21741027756,[APP INSTAL - GS],MULTI_CHANNEL,2026-02-20,292,171,1.7076023391812865,9.563001,19,0.0
GERAL,GERAL,21741027756,[APP INSTAL - GS],MULTI_CHANNEL,2026-02-21,145,76,1.9078947368421053,9.393743,19,0.0
GERAL,GERAL,21741027756,[APP INSTAL - GS],MULTI_CHANNEL,2026-02-22,184,114,1.6140350877192982,10.199737,18,1.0
GERAL,GERAL,21741027756,[APP INSTAL - GS],MULTI_CHANNEL,2026-02-23,189,111,1.7027027027027026,7.299802,17,0.0
GERAL,GERAL,21741027756,[APP INSTAL - GS],MULTI_CHANNEL,2026-02-24,125,67,1.8656716417910448,9.363255,16,0.0
GERAL,GERAL,21741027756,[APP INSTAL - GS],MULTI_CHANNEL,2026-02-25,247,118,2.093220338983051,10.449104,21,0.0
GERAL,GERAL,21741027756,[APP INSTAL - GS],MULTI_CHANNEL,2026-02-26,123,76,1.618421052631579,9.121323,14,0.0
GERAL,GERAL,21741027756,[APP INSTAL - GS],MULTI_CHANNEL,2026-02-27,251,133,1.887218045112782,8.980118,26,0.0
GERAL,GERAL,21741027756,[APP INSTAL - GS],MULTI_CHANNEL,2026-02-28,196,107,1.8317757009345794,9.271397,22,0.0
GERAL,GERAL,21741027756,[APP INSTAL - GS],MULTI_CHANNEL,2026-03-01,133,71,1.8732394366197183,10.194236,17,0.0
GERAL,GERAL,21741027756,[APP INSTAL - GS],MULTI_CHANNEL,2026-03-02,283,187,1.5133689839572193,10.021076,21,0.0
GERAL,GERAL,21741027756,[APP INSTAL - GS],MULTI_CHANNEL,2026-03-03,112,75,1.4933333333333334,10.573106,15,0.0
GERAL,GERAL,21741027756,[APP INSTAL - GS],MULTI_CHANNEL,2026-03-04,245,132,1.856060606060606,9.958833,28,0.0
GERAL,GERAL,21741027756,[APP INSTAL - GS],MULTI_CHANNEL,2026-03-05,269,156,1.7243589743589745,10.342295,23,0.0
GERAL,GERAL,21741027756,[APP INSTAL - GS],MULTI_CHANNEL,2026-03-06,106,73,1.452054794520548,10.36416,15,0.0
GERAL,GERAL,21741027756,[APP INSTAL - GS],MULTI_CHANNEL,2026-03-07,242,167,1.4491017964071857,12.189153,23,1.0
GERAL,GERAL,21741027756,[APP INSTAL - GS],MULTI_CHANNEL,2026-03-08,173,97,1.7835051546391754,11.60703,24,0.0
GERAL,GERAL,21741076989,[APP INSTAL - NK],MULTI_CHANNEL,2025-12-09,517,283,1.8268551236749118,20.556997,40,15.0
GERAL,GERAL,21741076989,[APP INSTAL - NK],MULTI_CHANNEL,2025-12-10,269,176,1.5284090909090908,20.311003,32,11.0
GERAL,GERAL,21741076989,[APP INSTAL - NK],MULTI_CHANNEL,2025-12-11,303,200,1.515,20.68871,45,14.0
GERAL,GERAL,21741076989,[APP INSTAL - NK],MULTI_CHANNEL,2025-12-12,200,123,1.6260162601626016,19.339159,21,9.0
GERAL,GERAL,21741076989,[APP INSTAL - NK],MULTI_CHANNEL,2025-12-13,452,319,1.4169278996865204,19.361895,66,45.0
GERAL,GERAL,21741076989,[APP INSTAL - NK],MULTI_CHANNEL,2025-12-14,297,210,1.4142857142857144,19.955535,47,24.0
GERAL,GERAL,21741076989,[APP INSTAL - NK],MULTI_CHANNEL,2025-12-15,301,182,1.6538461538461537,20.93098,30,8.0
GERAL,GERAL,21741076989,[APP INSTAL - NK],MULTI_CHANNEL,2025-12-16,196,127,1.5433070866141732,19.749325,23,9.0
GERAL,GERAL,21741076989,[APP INSTAL - NK],MULTI_CHANNEL,2025-12-17,382,243,1.5720164609053497,19.946438,43,20.0
GERAL,GERAL,21741076989,[APP INSTAL - NK],MULTI_CHANNEL,2025-12-18,396,268,1.4776119402985075,20.791321,54,29.0
GERAL,GERAL,21741076989,[APP INSTAL - NK],MULTI_CHANNEL,2025-12-19,364,221,1.6470588235294117,19.297083,38,13.0
GERAL,GERAL,21741076989,[APP INSTAL - NK],MULTI_CHANNEL,2025-12-20,300,159,1.8867924528301887,19.231492,30,17.0
GERAL,GERAL,21741076989,[APP INSTAL - NK],MULTI_CHANNEL,2025-12-21,350,217,1.6129032258064515,19.208603,42,21.0
GERAL,GERAL,21741076989,[APP INSTAL - NK],MULTI_CHANNEL,2025-12-22,232,130,1.7846153846153847,20.53936,38,20.0
GERAL,GERAL,21741076989,[APP INSTAL - NK],MULTI_CHANNEL,2025-12-23,337,224,1.5044642857142858,18.986384,43,17.0
GERAL,GERAL,21741076989,[APP INSTAL - NK],MULTI_CHANNEL,2025-12-24,211,112,1.8839285714285714,20.809749,28,12.0
GERAL,GERAL,21741076989,[APP INSTAL - NK],MULTI_CHANNEL,2025-12-25,481,297,1.6195286195286196,17.946303,46,23.0
GERAL,GERAL,21741076989,[APP INSTAL - NK],MULTI_CHANNEL,2025-12-26,372,174,2.1379310344827585,17.266663,33,11.0
GERAL,GERAL,21741076989,[APP INSTAL - NK],MULTI_CHANNEL,2025-12-27,354,198,1.7878787878787878,19.270724,34,13.0
GERAL,GERAL,21741076989,[APP INSTAL - NK],MULTI_CHANNEL,2025-12-28,356,209,1.7033492822966507,20.04032,37,15.0
GERAL,GERAL,21741076989,[APP INSTAL - NK],MULTI_CHANNEL,2025-12-29,427,259,1.6486486486486487,17.164478,40,26.0
GERAL,GERAL,21741076989,[APP INSTAL - NK],MULTI_CHANNEL,2025-12-30,587,363,1.6170798898071626,17.584317,54,27.0
GERAL,GERAL,21741076989,[APP INSTAL - NK],MULTI_CHANNEL,2025-12-31,355,232,1.5301724137931034,16.985258,37,19.0
GERAL,GERAL,21741076989,[APP INSTAL - NK],MULTI_CHANNEL,2026-01-01,813,479,1.697286012526096,19.864752,49,21.0
GERAL,GERAL,21741076989,[APP INSTAL - NK],MULTI_CHANNEL,2026-01-06,764,501,1.5249500998003993,40.525323,63,23.0
GERAL,GERAL,21741076989,[APP INSTAL - NK],MULTI_CHANNEL,2026-01-07,926,563,1.644760213143872,40.13528,96,30.0
GERAL,GERAL,21741076989,[APP INSTAL - NK],MULTI_CHANNEL,2026-01-08,594,317,1.8738170347003154,40.420775,65,23.0
GERAL,GERAL,21741076989,[APP INSTAL - NK],MULTI_CHANNEL,2026-01-09,1100,572,1.9230769230769231,40.194226,93,35.0
GERAL,GERAL,21741076989,[APP INSTAL - NK],MULTI_CHANNEL,2026-01-10,358,209,1.7129186602870814,26.964228,43,15.0
GERAL,GERAL,21741076989,[APP INSTAL - NK],MULTI_CHANNEL,2026-01-11,555,351,1.5811965811965811,21.10706,68,46.0
GERAL,GERAL,21741076989,[APP INSTAL - NK],MULTI_CHANNEL,2026-01-12,585,358,1.6340782122905029,21.414074,57,26.0
GERAL,GERAL,21741076989,[APP INSTAL - NK],MULTI_CHANNEL,2026-01-13,222,121,1.834710743801653,18.293116,23,10.0
GERAL,GERAL,21741076989,[APP INSTAL - NK],MULTI_CHANNEL,2026-01-14,235,141,1.6666666666666667,19.889313,36,10.0
GERAL,GERAL,21741076989,[APP INSTAL - NK],MULTI_CHANNEL,2026-01-15,626,387,1.6175710594315245,40.201282,69,23.0
GERAL,GERAL,21741076989,[APP INSTAL - NK],MULTI_CHANNEL,2026-01-16,766,506,1.5138339920948616,41.289388,83,30.0
GERAL,GERAL,21741076989,[APP INSTAL - NK],MULTI_CHANNEL,2026-01-17,665,412,1.6140776699029127,42.934884,102,41.0
GERAL,GERAL,21741076989,[APP INSTAL - NK],MULTI_CHANNEL,2026-01-18,1238,654,1.892966360856269,41.511905,115,37.0
GERAL,GERAL,21741076989,[APP INSTAL - NK],MULTI_CHANNEL,2026-01-19,872,476,1.8319327731092436,40.874736,90,29.0
GERAL,GERAL,21741076989,[APP INSTAL - NK],MULTI_CHANNEL,2026-01-20,1214,647,1.8763523956723338,41.936675,105,38.0
GERAL,GERAL,21741076989,[APP INSTAL - NK],MULTI_CHANNEL,2026-01-21,1052,613,1.7161500815660684,40.896918,105,37.0
GERAL,GERAL,21741076989,[APP INSTAL - NK],MULTI_CHANNEL,2026-01-22,845,457,1.8490153172866521,41.449717,90,24.0
GERAL,GERAL,21741076989,[APP INSTAL - NK],MULTI_CHANNEL,2026-01-23,829,500,1.658,39.30589,93,36.0
GERAL,GERAL,21741076989,[APP INSTAL - NK],MULTI_CHANNEL,2026-01-24,1047,589,1.7775891341256367,41.106744,92,33.0
GERAL,GERAL,21741076989,[APP INSTAL - NK],MULTI_CHANNEL,2026-01-25,659,346,1.9046242774566473,44.154828,84,28.0
GERAL,GERAL,21741076989,[APP INSTAL - NK],MULTI_CHANNEL,2026-01-26,1148,596,1.9261744966442953,39.232803,96,33.0
GERAL,GERAL,21741076989,[APP INSTAL - NK],MULTI_CHANNEL,2026-01-27,1062,605,1.7553719008264463,36.024365,100,39.0
GERAL,GERAL,21741076989,[APP INSTAL - NK],MULTI_CHANNEL,2026-01-28,975,525,1.8571428571428572,38.551953,94,38.0
GERAL,GERAL,21741076989,[APP INSTAL - NK],MULTI_CHANNEL,2026-01-29,634,374,1.695187165775401,36.514708,63,26.0
GERAL,GERAL,21741076989,[APP INSTAL - NK],MULTI_CHANNEL,2026-01-30,991,549,1.8051001821493624,35.708233,87,38.0
GERAL,GERAL,21741076989,[APP INSTAL - NK],MULTI_CHANNEL,2026-01-31,1033,629,1.6422893481717011,38.733495,122,49.0
GERAL,GERAL,21741076989,[APP INSTAL - NK],MULTI_CHANNEL,2026-02-01,1411,875,1.6125714285714285,50.156384,119,49.0
GERAL,GERAL,21741076989,[APP INSTAL - NK],MULTI_CHANNEL,2026-02-02,963,562,1.7135231316725978,50.552447,96,28.0
GERAL,GERAL,21741076989,[APP INSTAL - NK],MULTI_CHANNEL,2026-02-03,674,353,1.9093484419263456,43.160731,72,22.0
GERAL,GERAL,21741076989,[APP INSTAL - NK],MULTI_CHANNEL,2026-02-04,662,401,1.6508728179551122,42.709416,80,30.0
GERAL,GERAL,21741076989,[APP INSTAL - NK],MULTI_CHANNEL,2026-02-05,175,122,1.4344262295081966,9.248248,17,8.0
GERAL,GERAL,21741076989,[APP INSTAL - NK],MULTI_CHANNEL,2026-02-07,271,208,1.3028846153846154,20.81886,33,7.0
GERAL,GERAL,21741076989,[APP INSTAL - NK],MULTI_CHANNEL,2026-02-08,177,117,1.5128205128205128,13.726928,26,8.0
GERAL,GERAL,21741076989,[APP INSTAL - NK],MULTI_CHANNEL,2026-02-09,238,151,1.576158940397351,10.344108,22,6.0
GERAL,GERAL,21741076989,[APP INSTAL - NK],MULTI_CHANNEL,2026-02-10,169,129,1.310077519379845,10.64176,23,10.0
GERAL,GERAL,21741076989,[APP INSTAL - NK],MULTI_CHANNEL,2026-02-11,104,55,1.8909090909090909,10.070545,23,10.0
GERAL,GERAL,21741076989,[APP INSTAL - NK],MULTI_CHANNEL,2026-02-12,124,79,1.5696202531645569,9.815439,17,5.0
GERAL,GERAL,21741076989,[APP INSTAL - NK],MULTI_CHANNEL,2026-02-13,281,188,1.4946808510638299,13.997444,28,8.0
GERAL,GERAL,21741076989,[APP INSTAL - NK],MULTI_CHANNEL,2026-02-14,185,102,1.8137254901960784,11.212755,22,10.0
GERAL,GERAL,21741076989,[APP INSTAL - NK],MULTI_CHANNEL,2026-02-15,120,65,1.8461538461538463,9.963332,17,7.0
GERAL,GERAL,21741076989,[APP INSTAL - NK],MULTI_CHANNEL,2026-02-16,215,147,1.4625850340136055,11.341822,35,12.0
GERAL,GERAL,21741076989,[APP INSTAL - NK],MULTI_CHANNEL,2026-02-17,306,190,1.6105263157894736,9.776959,23,12.0
GERAL,GERAL,21741076989,[APP INSTAL - NK],MULTI_CHANNEL,2026-02-18,248,197,1.2588832487309645,9.353121,26,9.0
GERAL,GERAL,21741076989,[APP INSTAL - NK],MULTI_CHANNEL,2026-02-19,175,81,2.1604938271604937,10.047415,17,4.0
GERAL,GERAL,21741076989,[APP INSTAL - NK],MULTI_CHANNEL,2026-02-20,168,110,1.5272727272727273,9.947819,26,0.0
GERAL,GERAL,21741076989,[APP INSTAL - NK],MULTI_CHANNEL,2026-02-22,127,94,1.351063829787234,11.016295,18,0.0
GERAL,GERAL,21741076989,[APP INSTAL - NK],MULTI_CHANNEL,2026-02-23,181,126,1.4365079365079365,9.549216,21,0.0
GERAL,GERAL,21741076989,[APP INSTAL - NK],MULTI_CHANNEL,2026-02-24,211,135,1.5629629629629629,7.926572,23,0.0
GERAL,GERAL,21741076989,[APP INSTAL - NK],MULTI_CHANNEL,2026-02-25,116,86,1.3488372093023255,8.69579,12,0.0
GERAL,GERAL,21741076989,[APP INSTAL - NK],MULTI_CHANNEL,2026-02-26,108,57,1.894736842105263,9.72202,12,0.0
GERAL,GERAL,21741076989,[APP INSTAL - NK],MULTI_CHANNEL,2026-02-28,107,72,1.4861111111111112,7.348906,11,0.0
GERAL,GERAL,21741076989,[APP INSTAL - NK],MULTI_CHANNEL,2026-03-01,88,63,1.3968253968253967,10.923222,14,0.0
GERAL,GERAL,21741076989,[APP INSTAL - NK],MULTI_CHANNEL,2026-03-02,86,58,1.4827586206896552,9.930343,15,0.0
GERAL,GERAL,21741076989,[APP INSTAL - NK],MULTI_CHANNEL,2026-03-03,116,65,1.7846153846153847,9.860407,12,0.0
GERAL,GERAL,21741076989,[APP INSTAL - NK],MULTI_CHANNEL,2026-03-04,206,115,1.791304347826087,10.360615,21,0.0
GERAL,GERAL,21741076989,[APP INSTAL - NK],MULTI_CHANNEL,2026-03-05,177,113,1.5663716814159292,10.785745,16,0.0
GERAL,GERAL,21741076989,[APP INSTAL - NK],MULTI_CHANNEL,2026-03-06,122,73,1.6712328767123288,9.761557,13,0.0
GERAL,GERAL,21741076989,[APP INSTAL - NK],MULTI_CHANNEL,2026-03-07,314,218,1.4403669724770642,11.300677,27,0.0
GERAL,GERAL,21741076989,[APP INSTAL - NK],MULTI_CHANNEL,2026-03-08,268,194,1.3814432989690721,11.093825,24,0.0
GERAL,GERAL,21741092154,[APP INSTAL - NS],MULTI_CHANNEL,2025-12-09,300,173,1.7341040462427746,19.991504,31,14.0
GERAL,GERAL,21741092154,[APP INSTAL - NS],MULTI_CHANNEL,2025-12-10,326,216,1.5092592592592593,20.125314,43,18.0
GERAL,GERAL,21741092154,[APP INSTAL - NS],MULTI_CHANNEL,2025-12-11,360,229,1.5720524017467248,21.56665,36,13.0
GERAL,GERAL,21741092154,[APP INSTAL - NS],MULTI_CHANNEL,2025-12-12,311,189,1.6455026455026456,20.968564,37,10.0
GERAL,GERAL,21741092154,[APP INSTAL - NS],MULTI_CHANNEL,2025-12-13,473,296,1.597972972972973,18.331831,40,22.0
GERAL,GERAL,21741092154,[APP INSTAL - NS],MULTI_CHANNEL,2025-12-14,570,302,1.8874172185430464,20.922621,62,23.0
GERAL,GERAL,21741092154,[APP INSTAL - NS],MULTI_CHANNEL,2025-12-15,496,275,1.8036363636363637,20.198303,53,26.0
GERAL,GERAL,21741092154,[APP INSTAL - NS],MULTI_CHANNEL,2025-12-16,252,144,1.75,20.156878,29,10.0
GERAL,GERAL,21741092154,[APP INSTAL - NS],MULTI_CHANNEL,2025-12-17,474,259,1.83011583011583,19.92261,40,14.0
GERAL,GERAL,21741092154,[APP INSTAL - NS],MULTI_CHANNEL,2025-12-18,490,320,1.53125,18.961135,48,25.0
GERAL,GERAL,21741092154,[APP INSTAL - NS],MULTI_CHANNEL,2025-12-19,332,189,1.7566137566137565,18.854995,24,10.0
GERAL,GERAL,21741092154,[APP INSTAL - NS],MULTI_CHANNEL,2025-12-20,379,230,1.6478260869565218,19.399686,36,15.0
GERAL,GERAL,21741092154,[APP INSTAL - NS],MULTI_CHANNEL,2025-12-21,418,284,1.471830985915493,22.026756,44,21.0
GERAL,GERAL,21741092154,[APP INSTAL - NS],MULTI_CHANNEL,2025-12-22,400,257,1.556420233463035,18.712046,60,30.0
GERAL,GERAL,21741092154,[APP INSTAL - NS],MULTI_CHANNEL,2025-12-23,595,360,1.6527777777777777,19.917237,78,50.0
GERAL,GERAL,21741092154,[APP INSTAL - NS],MULTI_CHANNEL,2025-12-24,335,197,1.700507614213198,15.919449,35,12.0
GERAL,GERAL,21741092154,[APP INSTAL - NS],MULTI_CHANNEL,2025-12-25,583,378,1.5423280423280423,20.73444,45,19.0
GERAL,GERAL,21741092154,[APP INSTAL - NS],MULTI_CHANNEL,2025-12-26,721,353,2.0424929178470257,19.036869,53,24.0
GERAL,GERAL,21741092154,[APP INSTAL - NS],MULTI_CHANNEL,2025-12-27,691,413,1.6731234866828086,19.765987,49,34.0
GERAL,GERAL,21741092154,[APP INSTAL - NS],MULTI_CHANNEL,2025-12-28,441,219,2.0136986301369864,18.930077,34,10.0
GERAL,GERAL,21741092154,[APP INSTAL - NS],MULTI_CHANNEL,2025-12-29,348,223,1.5605381165919283,17.996135,49,27.0
GERAL,GERAL,21741092154,[APP INSTAL - NS],MULTI_CHANNEL,2025-12-30,881,503,1.7514910536779325,18.207091,66,30.0
GERAL,GERAL,21741092154,[APP INSTAL - NS],MULTI_CHANNEL,2025-12-31,467,278,1.6798561151079137,17.374483,43,17.0
GERAL,GERAL,21741092154,[APP INSTAL - NS],MULTI_CHANNEL,2026-01-01,698,387,1.8036175710594315,21.030499,53,14.0
GERAL,GERAL,21741092154,[APP INSTAL - NS],MULTI_CHANNEL,2026-01-06,786,522,1.5057471264367817,40.387132,65,14.0
GERAL,GERAL,21741092154,[APP INSTAL - NS],MULTI_CHANNEL,2026-01-07,947,547,1.7312614259597807,39.273565,84,26.0
GERAL,GERAL,21741092154,[APP INSTAL - NS],MULTI_CHANNEL,2026-01-08,1111,623,1.78330658105939,40.228869,89,37.0
GERAL,GERAL,21741092154,[APP INSTAL - NS],MULTI_CHANNEL,2026-01-09,1305,720,1.8125,39.962142,99,38.0
GERAL,GERAL,21741092154,[APP INSTAL - NS],MULTI_CHANNEL,2026-01-10,845,485,1.7422680412371134,22.106791,77,32.0
GERAL,GERAL,21741092154,[APP INSTAL - NS],MULTI_CHANNEL,2026-01-11,291,168,1.7321428571428572,21.298279,32,11.0
GERAL,GERAL,21741092154,[APP INSTAL - NS],MULTI_CHANNEL,2026-01-12,633,301,2.1029900332225915,19.793668,45,16.0
GERAL,GERAL,21741092154,[APP INSTAL - NS],MULTI_CHANNEL,2026-01-13,612,400,1.53,19.383444,59,19.0
GERAL,GERAL,21741092154,[APP INSTAL - NS],MULTI_CHANNEL,2026-01-14,335,239,1.401673640167364,19.178542,40,16.0
GERAL,GERAL,21741092154,[APP INSTAL - NS],MULTI_CHANNEL,2026-01-15,896,551,1.6261343012704175,40.308147,82,39.0
GERAL,GERAL,21741092154,[APP INSTAL - NS],MULTI_CHANNEL,2026-01-16,1095,563,1.9449378330373002,41.765219,94,30.0
GERAL,GERAL,21741092154,[APP INSTAL - NS],MULTI_CHANNEL,2026-01-17,1003,627,1.5996810207336523,43.232152,106,37.0
GERAL,GERAL,21741092154,[APP INSTAL - NS],MULTI_CHANNEL,2026-01-18,1144,618,1.8511326860841424,39.937291,114,39.0
GERAL,GERAL,21741092154,[APP INSTAL - NS],MULTI_CHANNEL,2026-01-19,1206,651,1.8525345622119815,41.212549,109,27.0
GERAL,GERAL,21741092154,[APP INSTAL - NS],MULTI_CHANNEL,2026-01-20,983,527,1.8652751423149905,41.341435,98,38.0
GERAL,GERAL,21741092154,[APP INSTAL - NS],MULTI_CHANNEL,2026-01-21,1165,634,1.837539432176656,40.151743,101,40.0
GERAL,GERAL,21741092154,[APP INSTAL - NS],MULTI_CHANNEL,2026-01-22,1035,606,1.7079207920792079,41.431861,98,38.0
GERAL,GERAL,21741092154,[APP INSTAL - NS],MULTI_CHANNEL,2026-01-23,1016,552,1.8405797101449275,40.64046,100,33.0
GERAL,GERAL,21741092154,[APP INSTAL - NS],MULTI_CHANNEL,2026-01-24,1120,650,1.7230769230769232,40.903645,99,31.0
GERAL,GERAL,21741092154,[APP INSTAL - NS],MULTI_CHANNEL,2026-01-25,987,544,1.8143382352941178,44.818545,148,73.0
GERAL,GERAL,21741092154,[APP INSTAL - NS],MULTI_CHANNEL,2026-01-26,1301,700,1.8585714285714285,37.496917,89,21.0
GERAL,GERAL,21741092154,[APP INSTAL - NS],MULTI_CHANNEL,2026-01-27,1071,559,1.9159212880143113,37.498148,88,26.0
GERAL,GERAL,21741092154,[APP INSTAL - NS],MULTI_CHANNEL,2026-01-28,976,563,1.733570159857904,37.973863,84,29.0
GERAL,GERAL,21741092154,[APP INSTAL - NS],MULTI_CHANNEL,2026-01-29,1289,705,1.8283687943262412,37.791721,88,30.0
GERAL,GERAL,21741092154,[APP INSTAL - NS],MULTI_CHANNEL,2026-01-30,1057,619,1.7075928917609047,38.259395,88,25.0
GERAL,GERAL,21741092154,[APP INSTAL - NS],MULTI_CHANNEL,2026-01-31,1007,619,1.6268174474959611,36.042766,97,40.0
GERAL,GERAL,21741092154,[APP INSTAL - NS],MULTI_CHANNEL,2026-02-01,1465,861,1.7015098722415796,50.373122,115,33.0
GERAL,GERAL,21741092154,[APP INSTAL - NS],MULTI_CHANNEL,2026-02-02,1125,616,1.8262987012987013,47.198821,107,37.0
GERAL,GERAL,21741092154,[APP INSTAL - NS],MULTI_CHANNEL,2026-02-03,1259,747,1.6854082998661313,41.921536,94,38.0
GERAL,GERAL,21741092154,[APP INSTAL - NS],MULTI_CHANNEL,2026-02-04,1134,640,1.771875,43.244947,90,32.0
GERAL,GERAL,21741092154,[APP INSTAL - NS],MULTI_CHANNEL,2026-02-05,239,138,1.7318840579710144,12.46545,24,8.0
GERAL,GERAL,21741092154,[APP INSTAL - NS],MULTI_CHANNEL,2026-02-07,394,240,1.6416666666666666,20.261122,41,11.0
GERAL,GERAL,21741092154,[APP INSTAL - NS],MULTI_CHANNEL,2026-02-08,153,84,1.8214285714285714,12.968458,20,11.0
GERAL,GERAL,21741092154,[APP INSTAL - NS],MULTI_CHANNEL,2026-02-09,317,197,1.6091370558375635,11.050517,32,9.0
GERAL,GERAL,21741092154,[APP INSTAL - NS],MULTI_CHANNEL,2026-02-10,314,191,1.643979057591623,9.245816,28,10.0
GERAL,GERAL,21741092154,[APP INSTAL - NS],MULTI_CHANNEL,2026-02-11,230,141,1.6312056737588652,10.36852,19,4.0
GERAL,GERAL,21741092154,[APP INSTAL - NS],MULTI_CHANNEL,2026-02-12,159,99,1.606060606060606,10.135191,17,7.0
GERAL,GERAL,21741092154,[APP INSTAL - NS],MULTI_CHANNEL,2026-02-13,141,79,1.7848101265822784,10.396679,21,7.0
GERAL,GERAL,21741092154,[APP INSTAL - NS],MULTI_CHANNEL,2026-02-14,279,162,1.7222222222222223,11.199607,21,6.0
GERAL,GERAL,21741092154,[APP INSTAL - NS],MULTI_CHANNEL,2026-02-15,208,103,2.0194174757281553,10.782315,19,7.0
GERAL,GERAL,21741092154,[APP INSTAL - NS],MULTI_CHANNEL,2026-02-16,238,140,1.7,10.141202,25,9.0
GERAL,GERAL,21741092154,[APP INSTAL - NS],MULTI_CHANNEL,2026-02-17,387,220,1.759090909090909,10.036644,25,9.0
GERAL,GERAL,21741092154,[APP INSTAL - NS],MULTI_CHANNEL,2026-02-18,459,261,1.7586206896551724,19.837589,42,14.0
GERAL,GERAL,21741092154,[APP INSTAL - NS],MULTI_CHANNEL,2026-02-19,356,218,1.6330275229357798,19.032039,36,7.0
GERAL,GERAL,21741092154,[APP INSTAL - NS],MULTI_CHANNEL,2026-02-20,461,267,1.7265917602996255,20.076744,41,0.0
GERAL,GERAL,21741092154,[APP INSTAL - NS],MULTI_CHANNEL,2026-02-21,579,327,1.7706422018348624,20.005121,58,0.0
GERAL,GERAL,21741092154,[APP INSTAL - NS],MULTI_CHANNEL,2026-02-22,505,319,1.5830721003134796,19.995423,42,0.0
GERAL,GERAL,21741092154,[APP INSTAL - NS],MULTI_CHANNEL,2026-02-23,400,248,1.6129032258064515,19.479904,42,1.0
GERAL,GERAL,21741092154,[APP INSTAL - NS],MULTI_CHANNEL,2026-02-24,238,159,1.4968553459119496,18.934116,27,0.0
GERAL,GERAL,21741092154,[APP INSTAL - NS],MULTI_CHANNEL,2026-02-25,158,113,1.3982300884955752,17.93443,25,0.0
GERAL,GERAL,21741092154,[APP INSTAL - NS],MULTI_CHANNEL,2026-02-26,398,259,1.5366795366795367,18.607954,32,0.0
GERAL,GERAL,21741092154,[APP INSTAL - NS],MULTI_CHANNEL,2026-02-27,176,104,1.6923076923076923,18.451562,28,0.0
GERAL,GERAL,21741092154,[APP INSTAL - NS],MULTI_CHANNEL,2026-02-28,192,122,1.5737704918032787,17.254773,27,0.0
GERAL,GERAL,21741092154,[APP INSTAL - NS],MULTI_CHANNEL,2026-03-01,348,191,1.8219895287958114,18.680122,35,0.0
GERAL,GERAL,21741092154,[APP INSTAL - NS],MULTI_CHANNEL,2026-03-02,414,237,1.7468354430379747,19.684141,33,0.0
GERAL,GERAL,21741092154,[APP INSTAL - NS],MULTI_CHANNEL,2026-03-03,293,196,1.4948979591836735,20.560755,31,0.0
GERAL,GERAL,21741092154,[APP INSTAL - NS],MULTI_CHANNEL,2026-03-04,349,237,1.4725738396624473,19.170032,31,0.0
GERAL,GERAL,21741092154,[APP INSTAL - NS],MULTI_CHANNEL,2026-03-05,307,198,1.5505050505050506,19.208226,33,0.0
GERAL,GERAL,21741092154,[APP INSTAL - NS],MULTI_CHANNEL,2026-03-06,221,138,1.6014492753623188,18.422575,26,0.0
GERAL,GERAL,21741092154,[APP INSTAL - NS],MULTI_CHANNEL,2026-03-07,303,174,1.7413793103448276,22.609439,32,0.0
GERAL,GERAL,21741092154,[APP INSTAL - NS],MULTI_CHANNEL,2026-03-08,551,367,1.5013623978201636,21.210011,42,1.0
GERAL,GERAL,21747173498,[APP INSTAL - CS],MULTI_CHANNEL,2025-12-09,593,360,1.6472222222222221,21.353931,51,23.0
GERAL,GERAL,21747173498,[APP INSTAL - CS],MULTI_CHANNEL,2025-12-10,321,242,1.3264462809917354,19.001006,35,11.0
GERAL,GERAL,21747173498,[APP INSTAL - CS],MULTI_CHANNEL,2025-12-11,266,171,1.5555555555555556,21.182552,30,10.0
GERAL,GERAL,21747173498,[APP INSTAL - CS],MULTI_CHANNEL,2025-12-12,399,258,1.5465116279069768,20.610777,32,16.0
GERAL,GERAL,21747173498,[APP INSTAL - CS],MULTI_CHANNEL,2025-12-13,197,132,1.4924242424242424,21.038211,31,10.0
GERAL,GERAL,21747173498,[APP INSTAL - CS],MULTI_CHANNEL,2025-12-14,454,287,1.5818815331010454,20.881613,64,32.0
GERAL,GERAL,21747173498,[APP INSTAL - CS],MULTI_CHANNEL,2025-12-15,435,257,1.6926070038910506,19.310284,44,21.0
GERAL,GERAL,21747173498,[APP INSTAL - CS],MULTI_CHANNEL,2025-12-16,759,505,1.502970297029703,19.797461,64,36.0
GERAL,GERAL,21747173498,[APP INSTAL - CS],MULTI_CHANNEL,2025-12-17,282,175,1.6114285714285714,19.988835,35,14.0
GERAL,GERAL,21747173498,[APP INSTAL - CS],MULTI_CHANNEL,2025-12-18,214,139,1.539568345323741,20.384163,34,10.0
GERAL,GERAL,21747173498,[APP INSTAL - CS],MULTI_CHANNEL,2025-12-19,340,203,1.6748768472906403,19.982562,28,6.0
GERAL,GERAL,21747173498,[APP INSTAL - CS],MULTI_CHANNEL,2025-12-20,775,532,1.4567669172932332,19.109239,91,57.0
GERAL,GERAL,21747173498,[APP INSTAL - CS],MULTI_CHANNEL,2025-12-21,294,207,1.4202898550724639,19.551986,32,13.0
GERAL,GERAL,21747173498,[APP INSTAL - CS],MULTI_CHANNEL,2025-12-22,313,173,1.8092485549132948,19.620887,40,24.0
GERAL,GERAL,21747173498,[APP INSTAL - CS],MULTI_CHANNEL,2025-12-23,259,165,1.5696969696969696,17.697118,33,17.0
GERAL,GERAL,21747173498,[APP INSTAL - CS],MULTI_CHANNEL,2025-12-24,667,435,1.5333333333333334,20.008934,78,50.0
GERAL,GERAL,21747173498,[APP INSTAL - CS],MULTI_CHANNEL,2025-12-25,603,388,1.5541237113402062,18.722163,52,29.0
GERAL,GERAL,21747173498,[APP INSTAL - CS],MULTI_CHANNEL,2025-12-26,271,154,1.7597402597402598,17.919427,27,11.0
GERAL,GERAL,21747173498,[APP INSTAL - CS],MULTI_CHANNEL,2025-12-27,557,353,1.5779036827195467,21.192218,68,38.0
GERAL,GERAL,21747173498,[APP INSTAL - CS],MULTI_CHANNEL,2025-12-28,285,159,1.7924528301886793,18.459073,34,9.0
GERAL,GERAL,21747173498,[APP INSTAL - CS],MULTI_CHANNEL,2025-12-29,385,227,1.696035242290749,18.205193,41,17.0
GERAL,GERAL,21747173498,[APP INSTAL - CS],MULTI_CHANNEL,2025-12-30,457,320,1.428125,18.072726,46,24.0
GERAL,GERAL,21747173498,[APP INSTAL - CS],MULTI_CHANNEL,2025-12-31,514,355,1.447887323943662,16.595957,63,44.0
GERAL,GERAL,21747173498,[APP INSTAL - CS],MULTI_CHANNEL,2026-01-01,890,534,1.6666666666666667,21.527595,73,31.0
GERAL,GERAL,21747173498,[APP INSTAL - CS],MULTI_CHANNEL,2026-01-06,610,419,1.4558472553699284,40.155227,58,17.0
GERAL,GERAL,21747173498,[APP INSTAL - CS],MULTI_CHANNEL,2026-01-07,787,402,1.9577114427860696,40.216211,71,25.0
GERAL,GERAL,21747173498,[APP INSTAL - CS],MULTI_CHANNEL,2026-01-08,791,473,1.6723044397463003,40.097435,88,29.0
GERAL,GERAL,21747173498,[APP INSTAL - CS],MULTI_CHANNEL,2026-01-09,696,418,1.6650717703349283,40.358651,79,27.0
GERAL,GERAL,21747173498,[APP INSTAL - CS],MULTI_CHANNEL,2026-01-10,846,528,1.6022727272727273,23.394396,74,37.0
GERAL,GERAL,21747173498,[APP INSTAL - CS],MULTI_CHANNEL,2026-01-11,841,513,1.6393762183235867,20.07478,66,27.0
GERAL,GERAL,21747173498,[APP INSTAL - CS],MULTI_CHANNEL,2026-01-12,815,510,1.5980392156862746,20.918434,69,28.0
GERAL,GERAL,21747173498,[APP INSTAL - CS],MULTI_CHANNEL,2026-01-13,631,436,1.4472477064220184,17.590519,55,25.0
GERAL,GERAL,21747173498,[APP INSTAL - CS],MULTI_CHANNEL,2026-01-14,259,165,1.5696969696969696,18.904256,29,14.0
GERAL,GERAL,21747173498,[APP INSTAL - CS],MULTI_CHANNEL,2026-01-15,605,388,1.559278350515464,20.022545,50,19.0
GERAL,GERAL,21747173498,[APP INSTAL - CS],MULTI_CHANNEL,2026-01-16,470,308,1.525974025974026,19.772524,45,16.0
GERAL,GERAL,21747173498,[APP INSTAL - CS],MULTI_CHANNEL,2026-01-17,285,197,1.4467005076142132,21.912877,40,15.0
GERAL,GERAL,21747173498,[APP INSTAL - CS],MULTI_CHANNEL,2026-01-18,430,269,1.5985130111524164,19.199654,37,15.0
GERAL,GERAL,21747173498,[APP INSTAL - CS],MULTI_CHANNEL,2026-01-19,539,333,1.6186186186186187,20.069325,51,19.0
GERAL,GERAL,21747173498,[APP INSTAL - CS],MULTI_CHANNEL,2026-01-20,247,163,1.5153374233128833,19.747914,34,9.0
GERAL,GERAL,21747173498,[APP INSTAL - CS],MULTI_CHANNEL,2026-01-21,306,173,1.76878612716763,19.449223,32,12.0
GERAL,GERAL,21747173498,[APP INSTAL - CS],MULTI_CHANNEL,2026-01-22,695,437,1.5903890160183067,20.072004,49,15.0
GERAL,GERAL,21747173498,[APP INSTAL - CS],MULTI_CHANNEL,2026-01-23,357,226,1.579646017699115,18.94581,42,11.0
GERAL,GERAL,21747173498,[APP INSTAL - CS],MULTI_CHANNEL,2026-01-24,543,348,1.5603448275862069,17.84045,52,23.0
GERAL,GERAL,21747173498,[APP INSTAL - CS],MULTI_CHANNEL,2026-01-25,423,221,1.914027149321267,20.844655,43,7.0
GERAL,GERAL,21747173498,[APP INSTAL - CS],MULTI_CHANNEL,2026-01-26,480,281,1.708185053380783,18.938928,42,16.0
GERAL,GERAL,21747173498,[APP INSTAL - CS],MULTI_CHANNEL,2026-01-27,547,317,1.725552050473186,17.268587,38,13.0
GERAL,GERAL,21747173498,[APP INSTAL - CS],MULTI_CHANNEL,2026-01-28,365,232,1.5732758620689655,19.509854,36,11.0
GERAL,GERAL,21747173498,[APP INSTAL - CS],MULTI_CHANNEL,2026-01-29,539,347,1.553314121037464,18.08192,53,8.0
GERAL,GERAL,21747173498,[APP INSTAL - CS],MULTI_CHANNEL,2026-01-30,284,164,1.7317073170731707,18.060919,27,7.0
GERAL,GERAL,21747173498,[APP INSTAL - CS],MULTI_CHANNEL,2026-01-31,326,178,1.8314606741573034,17.119073,30,10.0
GERAL,GERAL,21747173498,[APP INSTAL - CS],MULTI_CHANNEL,2026-02-01,448,268,1.671641791044776,23.810274,49,18.0
GERAL,GERAL,21747173498,[APP INSTAL - CS],MULTI_CHANNEL,2026-02-02,715,447,1.599552572706935,22.952539,53,20.0
GERAL,GERAL,21747173498,[APP INSTAL - CS],MULTI_CHANNEL,2026-02-03,396,265,1.4943396226415093,23.097481,38,18.0
GERAL,GERAL,21747173498,[APP INSTAL - CS],MULTI_CHANNEL,2026-02-04,360,223,1.6143497757847534,21.80005,41,11.0
GERAL,GERAL,21747173498,[APP INSTAL - CS],MULTI_CHANNEL,2026-02-05,185,136,1.3602941176470589,9.140574,19,9.0
GERAL,GERAL,21747173498,[APP INSTAL - CS],MULTI_CHANNEL,2026-02-07,270,180,1.5,20.105887,29,6.0
GERAL,GERAL,21747173498,[APP INSTAL - CS],MULTI_CHANNEL,2026-02-08,434,282,1.5390070921985815,14.95945,37,12.0
GERAL,GERAL,21747173498,[APP INSTAL - CS],MULTI_CHANNEL,2026-02-09,246,155,1.5870967741935484,11.215232,27,10.0
GERAL,GERAL,21747173498,[APP INSTAL - CS],MULTI_CHANNEL,2026-02-10,459,286,1.6048951048951048,12.317686,40,15.0
GERAL,GERAL,21747173498,[APP INSTAL - CS],MULTI_CHANNEL,2026-02-11,118,87,1.3563218390804597,11.554995,19,9.0
GERAL,GERAL,21747173498,[APP INSTAL - CS],MULTI_CHANNEL,2026-02-12,159,108,1.4722222222222223,11.631377,23,6.0
GERAL,GERAL,21747173498,[APP INSTAL - CS],MULTI_CHANNEL,2026-02-13,263,188,1.398936170212766,10.093348,24,7.0
GERAL,GERAL,21747173498,[APP INSTAL - CS],MULTI_CHANNEL,2026-02-14,161,108,1.4907407407407407,9.38468,20,6.0
GERAL,GERAL,21747173498,[APP INSTAL - CS],MULTI_CHANNEL,2026-02-15,357,235,1.5191489361702128,9.686585,30,8.0
GERAL,GERAL,21747173498,[APP INSTAL - CS],MULTI_CHANNEL,2026-02-16,181,101,1.7920792079207921,9.762276,17,9.0
GERAL,GERAL,21747173498,[APP INSTAL - CS],MULTI_CHANNEL,2026-02-17,336,226,1.4867256637168142,9.504875,59,39.0
GERAL,GERAL,21747173498,[APP INSTAL - CS],MULTI_CHANNEL,2026-02-18,139,82,1.6951219512195121,9.513016,16,8.0
GERAL,GERAL,21747173498,[APP INSTAL - CS],MULTI_CHANNEL,2026-02-19,148,92,1.608695652173913,9.407867,18,10.0
GERAL,GERAL,21747173498,[APP INSTAL - CS],MULTI_CHANNEL,2026-02-20,186,124,1.5,9.907637,15,0.0
GERAL,GERAL,21747173498,[APP INSTAL - CS],MULTI_CHANNEL,2026-02-21,319,183,1.7431693989071038,8.974158,25,1.0
GERAL,GERAL,21747173498,[APP INSTAL - CS],MULTI_CHANNEL,2026-02-22,203,127,1.5984251968503937,9.757155,16,0.0
GERAL,GERAL,21747173498,[APP INSTAL - CS],MULTI_CHANNEL,2026-02-23,87,59,1.4745762711864407,8.679208,15,0.0
GERAL,GERAL,21747173498,[APP INSTAL - CS],MULTI_CHANNEL,2026-02-24,169,111,1.5225225225225225,8.861938,18,0.0
GERAL,GERAL,21747173498,[APP INSTAL - CS],MULTI_CHANNEL,2026-02-25,270,185,1.4594594594594594,9.159454,15,0.0
GERAL,GERAL,21747173498,[APP INSTAL - CS],MULTI_CHANNEL,2026-02-26,306,188,1.627659574468085,8.979456,22,0.0
GERAL,GERAL,21747173498,[APP INSTAL - CS],MULTI_CHANNEL,2026-02-27,249,164,1.5182926829268293,8.429073,22,0.0
GERAL,GERAL,21747173498,[APP INSTAL - CS],MULTI_CHANNEL,2026-02-28,323,180,1.7944444444444445,8.953001,30,0.0
GERAL,GERAL,21747173498,[APP INSTAL - CS],MULTI_CHANNEL,2026-03-01,130,79,1.6455696202531647,10.572525,15,0.0
GERAL,GERAL,21747173498,[APP INSTAL - CS],MULTI_CHANNEL,2026-03-02,167,108,1.5462962962962963,9.90692,13,0.0
GERAL,GERAL,21747173498,[APP INSTAL - CS],MULTI_CHANNEL,2026-03-04,221,110,2.0090909090909093,10.382938,23,0.0
GERAL,GERAL,21747173498,[APP INSTAL - CS],MULTI_CHANNEL,2026-03-05,110,76,1.4473684210526316,10.545629,15,0.0
GERAL,GERAL,21747173498,[APP INSTAL - CS],MULTI_CHANNEL,2026-03-06,116,75,1.5466666666666666,10.231079,13,0.0
GERAL,GERAL,21747173498,[APP INSTAL - CS],MULTI_CHANNEL,2026-03-07,143,88,1.625,11.987062,17,0.0
GERAL,GERAL,21747173498,[APP INSTAL - CS],MULTI_CHANNEL,2026-03-08,128,94,1.3617021276595744,11.925644,15,0.0
GERAL,GERAL,21750784471,[APP INSTAL - UNIFICADA],MULTI_CHANNEL,2025-12-09,737,491,1.5010183299389002,23.158301,75,36.0
GERAL,GERAL,21750784471,[APP INSTAL - UNIFICADA],MULTI_CHANNEL,2025-12-10,980,663,1.4781297134238311,24.998708,87,38.0
GERAL,GERAL,21750784471,[APP INSTAL - UNIFICADA],MULTI_CHANNEL,2025-12-11,405,267,1.5168539325842696,23.295285,42,18.0
GERAL,GERAL,21750784471,[APP INSTAL - UNIFICADA],MULTI_CHANNEL,2025-12-12,710,450,1.5777777777777777,24.633996,78,37.0
GERAL,GERAL,21750784471,[APP INSTAL - UNIFICADA],MULTI_CHANNEL,2025-12-13,692,465,1.4881720430107528,23.954827,70,49.0
GERAL,GERAL,21750784471,[APP INSTAL - UNIFICADA],MULTI_CHANNEL,2025-12-14,656,481,1.363825363825364,25.152671,63,34.0
GERAL,GERAL,21750784471,[APP INSTAL - UNIFICADA],MULTI_CHANNEL,2025-12-15,418,259,1.613899613899614,28.744865,39,14.0
GERAL,GERAL,21750784471,[APP INSTAL - UNIFICADA],MULTI_CHANNEL,2025-12-16,516,289,1.7854671280276817,21.607268,50,26.0
GERAL,GERAL,21750784471,[APP INSTAL - UNIFICADA],MULTI_CHANNEL,2025-12-17,324,220,1.4727272727272727,22.104988,39,14.0
GERAL,GERAL,21750784471,[APP INSTAL - UNIFICADA],MULTI_CHANNEL,2025-12-18,521,343,1.5189504373177842,22.45241,52,23.0
GERAL,GERAL,21750784471,[APP INSTAL - UNIFICADA],MULTI_CHANNEL,2025-12-19,856,568,1.5070422535211268,22.570647,81,47.0
GERAL,GERAL,21750784471,[APP INSTAL - UNIFICADA],MULTI_CHANNEL,2025-12-20,815,609,1.3382594417077176,23.144744,99,66.0
GERAL,GERAL,21750784471,[APP INSTAL - UNIFICADA],MULTI_CHANNEL,2025-12-21,611,371,1.646900269541779,22.983484,58,40.0
GERAL,GERAL,21750784471,[APP INSTAL - UNIFICADA],MULTI_CHANNEL,2025-12-22,996,749,1.32977303070761,23.774729,143,97.0
GERAL,GERAL,21750784471,[APP INSTAL - UNIFICADA],MULTI_CHANNEL,2025-12-23,498,325,1.5323076923076924,23.740196,40,22.0
GERAL,GERAL,21750784471,[APP INSTAL - UNIFICADA],MULTI_CHANNEL,2025-12-24,476,337,1.4124629080118694,23.097213,58,36.0
GERAL,GERAL,21750784471,[APP INSTAL - UNIFICADA],MULTI_CHANNEL,2025-12-25,684,465,1.4709677419354839,23.730826,59,32.0
GERAL,GERAL,21750784471,[APP INSTAL - UNIFICADA],MULTI_CHANNEL,2025-12-26,534,309,1.7281553398058251,19.72241,35,18.0
GERAL,GERAL,21750784471,[APP INSTAL - UNIFICADA],MULTI_CHANNEL,2025-12-27,858,593,1.4468802698145025,22.857347,107,69.0
GERAL,GERAL,21750784471,[APP INSTAL - UNIFICADA],MULTI_CHANNEL,2025-12-28,790,468,1.688034188034188,22.961419,65,35.0
GERAL,GERAL,21750784471,[APP INSTAL - UNIFICADA],MULTI_CHANNEL,2025-12-29,750,463,1.6198704103671706,24.476471,75,31.0
GERAL,GERAL,21750784471,[APP INSTAL - UNIFICADA],MULTI_CHANNEL,2025-12-30,904,613,1.4747145187601958,20.351976,89,54.0
GERAL,GERAL,21750784471,[APP INSTAL - UNIFICADA],MULTI_CHANNEL,2025-12-31,900,592,1.5202702702702702,19.927933,75,41.0
GERAL,GERAL,21750784471,[APP INSTAL - UNIFICADA],MULTI_CHANNEL,2026-01-01,852,564,1.5106382978723405,23.569214,57,27.0
GERAL,GERAL,21750784471,[APP INSTAL - UNIFICADA],MULTI_CHANNEL,2026-01-06,1199,737,1.626865671641791,48.294609,91,31.0
GERAL,GERAL,21750784471,[APP INSTAL - UNIFICADA],MULTI_CHANNEL,2026-01-07,1308,858,1.5244755244755244,48.362017,142,52.0
GERAL,GERAL,21750784471,[APP INSTAL - UNIFICADA],MULTI_CHANNEL,2026-01-08,1349,906,1.488962472406181,46.36075,160,68.0
GERAL,GERAL,21750784471,[APP INSTAL - UNIFICADA],MULTI_CHANNEL,2026-01-09,812,453,1.7924944812362031,46.67354,90,38.0
GERAL,GERAL,21750784471,[APP INSTAL - UNIFICADA],MULTI_CHANNEL,2026-01-10,996,705,1.4127659574468086,28.285763,100,53.0
GERAL,GERAL,21750784471,[APP INSTAL - UNIFICADA],MULTI_CHANNEL,2026-01-11,810,480,1.6875,26.384846,75,37.0
GERAL,GERAL,21750784471,[APP INSTAL - UNIFICADA],MULTI_CHANNEL,2026-01-12,869,556,1.5629496402877698,24.113368,73,29.0
GERAL,GERAL,21750784471,[APP INSTAL - UNIFICADA],MULTI_CHANNEL,2026-01-13,959,663,1.4464555052790347,23.046171,78,25.0
GERAL,GERAL,21750784471,[APP INSTAL - UNIFICADA],MULTI_CHANNEL,2026-01-14,613,411,1.491484184914842,24.601797,58,27.0
GERAL,GERAL,21750784471,[APP INSTAL - UNIFICADA],MULTI_CHANNEL,2026-01-15,881,564,1.5620567375886525,26.658625,73,27.0
GERAL,GERAL,21750784471,[APP INSTAL - UNIFICADA],MULTI_CHANNEL,2026-01-16,794,487,1.6303901437371664,23.876002,76,23.0
GERAL,GERAL,21750784471,[APP INSTAL - UNIFICADA],MULTI_CHANNEL,2026-01-17,949,632,1.5015822784810127,22.69111,87,33.0
GERAL,GERAL,21750784471,[APP INSTAL - UNIFICADA],MULTI_CHANNEL,2026-01-18,381,236,1.6144067796610169,23.593284,44,17.0
GERAL,GERAL,21750784471,[APP INSTAL - UNIFICADA],MULTI_CHANNEL,2026-01-19,592,374,1.5828877005347595,22.709691,46,14.0
GERAL,GERAL,21750784471,[APP INSTAL - UNIFICADA],MULTI_CHANNEL,2026-01-20,641,382,1.6780104712041886,23.360037,50,18.0
GERAL,GERAL,21750784471,[APP INSTAL - UNIFICADA],MULTI_CHANNEL,2026-01-21,712,462,1.5411255411255411,22.314453,50,21.0
GERAL,GERAL,21750784471,[APP INSTAL - UNIFICADA],MULTI_CHANNEL,2026-01-22,511,289,1.768166089965398,24.180236,53,18.0
GERAL,GERAL,21750784471,[APP INSTAL - UNIFICADA],MULTI_CHANNEL,2026-01-23,426,264,1.6136363636363635,25.075836,51,25.0
GERAL,GERAL,21750784471,[APP INSTAL - UNIFICADA],MULTI_CHANNEL,2026-01-24,916,555,1.6504504504504505,22.274418,72,22.0
GERAL,GERAL,21750784471,[APP INSTAL - UNIFICADA],MULTI_CHANNEL,2026-01-25,629,307,2.04885993485342,24.566687,51,20.0
GERAL,GERAL,21750784471,[APP INSTAL - UNIFICADA],MULTI_CHANNEL,2026-01-26,501,240,2.0875,22.098944,42,17.0
GERAL,GERAL,21750784471,[APP INSTAL - UNIFICADA],MULTI_CHANNEL,2026-01-27,722,447,1.6152125279642058,22.061128,51,15.0
GERAL,GERAL,21750784471,[APP INSTAL - UNIFICADA],MULTI_CHANNEL,2026-01-28,894,525,1.7028571428571428,48.269404,92,29.0
GERAL,GERAL,21750784471,[APP INSTAL - UNIFICADA],MULTI_CHANNEL,2026-01-29,2008,1176,1.7074829931972788,48.927868,144,54.0
GERAL,GERAL,21750784471,[APP INSTAL - UNIFICADA],MULTI_CHANNEL,2026-01-30,1000,622,1.607717041800643,47.518402,101,38.0
GERAL,GERAL,21750784471,[APP INSTAL - UNIFICADA],MULTI_CHANNEL,2026-01-31,1557,966,1.6118012422360248,46.488003,141,73.0
GERAL,GERAL,21750784471,[APP INSTAL - UNIFICADA],MULTI_CHANNEL,2026-02-01,1948,1194,1.6314907872696818,56.592902,172,42.0
GERAL,GERAL,21750784471,[APP INSTAL - UNIFICADA],MULTI_CHANNEL,2026-02-02,1519,960,1.5822916666666667,52.264423,127,41.0
GERAL,GERAL,21750784471,[APP INSTAL - UNIFICADA],MULTI_CHANNEL,2026-02-03,1804,1061,1.700282752120641,52.156374,121,45.0
GERAL,GERAL,21750784471,[APP INSTAL - UNIFICADA],MULTI_CHANNEL,2026-02-04,726,385,1.8857142857142857,54.589334,80,25.0
GERAL,GERAL,21750784471,[APP INSTAL - UNIFICADA],MULTI_CHANNEL,2026-02-05,179,141,1.2695035460992907,7.113347,25,10.0
GERAL,GERAL,21750784471,[APP INSTAL - UNIFICADA],MULTI_CHANNEL,2026-02-07,1032,689,1.4978229317851959,20.034274,100,57.0
GERAL,GERAL,21750784471,[APP INSTAL - UNIFICADA],MULTI_CHANNEL,2026-02-08,289,178,1.6235955056179776,15.682916,27,7.0
GERAL,GERAL,21750784471,[APP INSTAL - UNIFICADA],MULTI_CHANNEL,2026-02-09,264,175,1.5085714285714287,9.98383,17,7.0
GERAL,GERAL,21750784471,[APP INSTAL - UNIFICADA],MULTI_CHANNEL,2026-02-10,172,122,1.4098360655737705,12.670427,20,9.0
GERAL,GERAL,21750784471,[APP INSTAL - UNIFICADA],MULTI_CHANNEL,2026-02-11,185,97,1.907216494845361,12.235559,21,10.0
GERAL,GERAL,21750784471,[APP INSTAL - UNIFICADA],MULTI_CHANNEL,2026-02-12,515,285,1.8070175438596492,12.150726,48,24.0
GERAL,GERAL,21750784471,[APP INSTAL - UNIFICADA],MULTI_CHANNEL,2026-02-13,285,206,1.383495145631068,11.574933,33,11.0
GERAL,GERAL,21750784471,[APP INSTAL - UNIFICADA],MULTI_CHANNEL,2026-02-14,125,79,1.5822784810126582,9.972163,18,7.0
GERAL,GERAL,21750784471,[APP INSTAL - UNIFICADA],MULTI_CHANNEL,2026-02-15,476,324,1.4691358024691359,8.359072,38,18.0
GERAL,GERAL,21750784471,[APP INSTAL - UNIFICADA],MULTI_CHANNEL,2026-02-16,150,108,1.3888888888888888,10.589515,27,9.0
GERAL,GERAL,21750784471,[APP INSTAL - UNIFICADA],MULTI_CHANNEL,2026-02-17,259,157,1.6496815286624205,10.30656,22,12.0
GERAL,GERAL,21750784471,[APP INSTAL - UNIFICADA],MULTI_CHANNEL,2026-02-18,309,213,1.4507042253521127,9.05543,23,10.0
GERAL,GERAL,21750784471,[APP INSTAL - UNIFICADA],MULTI_CHANNEL,2026-02-19,253,162,1.5617283950617284,9.11876,26,10.0
GERAL,GERAL,21750784471,[APP INSTAL - UNIFICADA],MULTI_CHANNEL,2026-02-20,144,103,1.3980582524271845,9.584701,17,0.0
GERAL,GERAL,21750784471,[APP INSTAL - UNIFICADA],MULTI_CHANNEL,2026-02-21,417,282,1.4787234042553192,9.417366,49,1.0
GERAL,GERAL,21750784471,[APP INSTAL - UNIFICADA],MULTI_CHANNEL,2026-02-22,356,237,1.5021097046413503,9.412109,32,0.0
GERAL,GERAL,21750784471,[APP INSTAL - UNIFICADA],MULTI_CHANNEL,2026-02-23,157,113,1.3893805309734513,9.157574,18,0.0
GERAL,GERAL,21750784471,[APP INSTAL - UNIFICADA],MULTI_CHANNEL,2026-02-24,112,79,1.4177215189873418,9.064107,10,0.0
GERAL,GERAL,21750784471,[APP INSTAL - UNIFICADA],MULTI_CHANNEL,2026-02-25,208,125,1.664,9.820772,15,0.0
GERAL,GERAL,21750784471,[APP INSTAL - UNIFICADA],MULTI_CHANNEL,2026-02-26,423,297,1.4242424242424243,20.078606,39,0.0
GERAL,GERAL,21750784471,[APP INSTAL - UNIFICADA],MULTI_CHANNEL,2026-02-27,270,177,1.5254237288135593,20.430857,33,0.0
GERAL,GERAL,21750784471,[APP INSTAL - UNIFICADA],MULTI_CHANNEL,2026-02-28,714,476,1.5,20.268822,56,0.0
GERAL,GERAL,21750784471,[APP INSTAL - UNIFICADA],MULTI_CHANNEL,2026-03-01,286,191,1.4973821989528795,19.65496,30,0.0
GERAL,GERAL,21750784471,[APP INSTAL - UNIFICADA],MULTI_CHANNEL,2026-03-02,379,264,1.4356060606060606,21.890726,34,0.0
GERAL,GERAL,21750784471,[APP INSTAL - UNIFICADA],MULTI_CHANNEL,2026-03-03,249,178,1.398876404494382,18.990544,28,0.0
GERAL,GERAL,21750784471,[APP INSTAL - UNIFICADA],MULTI_CHANNEL,2026-03-04,592,395,1.4987341772151899,20.802994,47,0.0
GERAL,GERAL,21750784471,[APP INSTAL - UNIFICADA],MULTI_CHANNEL,2026-03-05,590,365,1.6164383561643836,20.737368,44,0.0
GERAL,GERAL,21750784471,[APP INSTAL - UNIFICADA],MULTI_CHANNEL,2026-03-06,310,223,1.390134529147982,20.102161,28,0.0
GERAL,GERAL,21750784471,[APP INSTAL - UNIFICADA],MULTI_CHANNEL,2026-03-07,581,382,1.5209424083769634,22.39628,48,0.0
GERAL,GERAL,21750784471,[APP INSTAL - UNIFICADA],MULTI_CHANNEL,2026-03-08,948,694,1.3659942363112392,21.811539,55,1.0
GERAL,GERAL,21751147342,[APP INSTAL - NR],MULTI_CHANNEL,2025-12-09,416,275,1.5127272727272727,19.591258,37,11.0
GERAL,GERAL,21751147342,[APP INSTAL - NR],MULTI_CHANNEL,2025-12-10,479,329,1.4559270516717324,20.40559,36,15.0
GERAL,GERAL,21751147342,[APP INSTAL - NR],MULTI_CHANNEL,2025-12-11,441,286,1.5419580419580419,21.643807,48,17.0
GERAL,GERAL,21751147342,[APP INSTAL - NR],MULTI_CHANNEL,2025-12-12,477,332,1.4367469879518073,19.106188,38,21.0
GERAL,GERAL,21751147342,[APP INSTAL - NR],MULTI_CHANNEL,2025-12-13,246,162,1.5185185185185186,19.435483,32,14.0
GERAL,GERAL,21751147342,[APP INSTAL - NR],MULTI_CHANNEL,2025-12-14,660,424,1.5566037735849056,21.813401,58,38.0
GERAL,GERAL,21751147342,[APP INSTAL - NR],MULTI_CHANNEL,2025-12-15,449,306,1.4673202614379084,19.93704,46,27.0
GERAL,GERAL,21751147342,[APP INSTAL - NR],MULTI_CHANNEL,2025-12-16,456,256,1.78125,19.156367,38,19.0
GERAL,GERAL,21751147342,[APP INSTAL - NR],MULTI_CHANNEL,2025-12-17,487,271,1.7970479704797049,19.562354,44,19.0
GERAL,GERAL,21751147342,[APP INSTAL - NR],MULTI_CHANNEL,2025-12-18,426,250,1.704,20.425163,30,9.0
GERAL,GERAL,21751147342,[APP INSTAL - NR],MULTI_CHANNEL,2025-12-19,309,195,1.5846153846153845,20.584202,32,11.0
GERAL,GERAL,21751147342,[APP INSTAL - NR],MULTI_CHANNEL,2025-12-20,549,340,1.6147058823529412,19.101061,52,20.0
GERAL,GERAL,21751147342,[APP INSTAL - NR],MULTI_CHANNEL,2025-12-21,442,318,1.389937106918239,19.494117,41,19.0
GERAL,GERAL,21751147342,[APP INSTAL - NR],MULTI_CHANNEL,2025-12-22,468,325,1.44,18.747373,49,29.0
GERAL,GERAL,21751147342,[APP INSTAL - NR],MULTI_CHANNEL,2025-12-23,471,323,1.458204334365325,18.383181,36,18.0
GERAL,GERAL,21751147342,[APP INSTAL - NR],MULTI_CHANNEL,2025-12-24,405,292,1.3869863013698631,19.759899,54,31.0
GERAL,GERAL,21751147342,[APP INSTAL - NR],MULTI_CHANNEL,2025-12-25,499,306,1.630718954248366,19.193226,34,10.0
GERAL,GERAL,21751147342,[APP INSTAL - NR],MULTI_CHANNEL,2025-12-26,707,433,1.6327944572748267,18.448662,61,33.0
GERAL,GERAL,21751147342,[APP INSTAL - NR],MULTI_CHANNEL,2025-12-27,373,216,1.7268518518518519,19.208806,41,18.0
GERAL,GERAL,21751147342,[APP INSTAL - NR],MULTI_CHANNEL,2025-12-28,459,255,1.8,19.507865,40,14.0
GERAL,GERAL,21751147342,[APP INSTAL - NR],MULTI_CHANNEL,2025-12-29,884,504,1.753968253968254,17.2171,69,37.0
GERAL,GERAL,21751147342,[APP INSTAL - NR],MULTI_CHANNEL,2025-12-30,866,583,1.4854202401372212,17.91738,66,35.0
GERAL,GERAL,21751147342,[APP INSTAL - NR],MULTI_CHANNEL,2025-12-31,640,325,1.9692307692307693,17.588551,40,17.0
GERAL,GERAL,21751147342,[APP INSTAL - NR],MULTI_CHANNEL,2026-01-01,961,616,1.5600649350649352,20.91626,68,26.0
GERAL,GERAL,21751147342,[APP INSTAL - NR],MULTI_CHANNEL,2026-01-06,941,660,1.4257575757575758,39.904954,63,25.0
GERAL,GERAL,21751147342,[APP INSTAL - NR],MULTI_CHANNEL,2026-01-07,837,541,1.5471349353049908,41.469564,77,28.0
GERAL,GERAL,21751147342,[APP INSTAL - NR],MULTI_CHANNEL,2026-01-08,1594,941,1.6939426142401701,40.289742,115,53.0
GERAL,GERAL,21751147342,[APP INSTAL - NR],MULTI_CHANNEL,2026-01-09,1342,801,1.6754057428214733,38.65833,112,56.0
GERAL,GERAL,21751147342,[APP INSTAL - NR],MULTI_CHANNEL,2026-01-10,861,546,1.5769230769230769,22.26677,86,51.0
GERAL,GERAL,21751147342,[APP INSTAL - NR],MULTI_CHANNEL,2026-01-11,850,559,1.520572450805009,21.026908,89,51.0
GERAL,GERAL,21751147342,[APP INSTAL - NR],MULTI_CHANNEL,2026-01-12,1408,878,1.603644646924829,45.353218,127,44.0
GERAL,GERAL,21751147342,[APP INSTAL - NR],MULTI_CHANNEL,2026-01-13,1394,929,1.5005382131324003,40.495923,158,58.0
GERAL,GERAL,21751147342,[APP INSTAL - NR],MULTI_CHANNEL,2026-01-14,723,485,1.4907216494845361,42.80996,91,33.0
GERAL,GERAL,21751147342,[APP INSTAL - NR],MULTI_CHANNEL,2026-01-15,1196,748,1.5989304812834224,42.846847,110,41.0
GERAL,GERAL,21751147342,[APP INSTAL - NR],MULTI_CHANNEL,2026-01-16,1323,846,1.5638297872340425,40.560731,136,50.0
GERAL,GERAL,21751147342,[APP INSTAL - NR],MULTI_CHANNEL,2026-01-17,675,471,1.4331210191082802,16.469855,70,29.0
GERAL,GERAL,21751147342,[APP INSTAL - NR],MULTI_CHANNEL,2026-01-18,971,542,1.7915129151291513,61.779538,113,31.0
GERAL,GERAL,21751147342,[APP INSTAL - NR],MULTI_CHANNEL,2026-01-19,1045,652,1.602760736196319,45.558904,91,35.0
GERAL,GERAL,21751147342,[APP INSTAL - NR],MULTI_CHANNEL,2026-01-20,909,536,1.6958955223880596,43.195879,95,43.0
GERAL,GERAL,21751147342,[APP INSTAL - NR],MULTI_CHANNEL,2026-01-21,942,551,1.7096188747731398,41.247496,93,32.0
GERAL,GERAL,21751147342,[APP INSTAL - NR],MULTI_CHANNEL,2026-01-22,1032,640,1.6125,42.148397,92,31.0
GERAL,GERAL,21751147342,[APP INSTAL - NR],MULTI_CHANNEL,2026-01-23,959,577,1.6620450606585788,40.861752,101,33.0
GERAL,GERAL,21751147342,[APP INSTAL - NR],MULTI_CHANNEL,2026-01-24,906,524,1.7290076335877862,40.182271,85,28.0
GERAL,GERAL,21751147342,[APP INSTAL - NR],MULTI_CHANNEL,2026-01-25,1541,803,1.9190535491905354,40.09307,114,44.0
GERAL,GERAL,21751147342,[APP INSTAL - NR],MULTI_CHANNEL,2026-01-26,1215,720,1.6875,37.815028,100,39.0
GERAL,GERAL,21751147342,[APP INSTAL - NR],MULTI_CHANNEL,2026-01-27,720,427,1.6861826697892273,34.945079,56,16.0
GERAL,GERAL,21751147342,[APP INSTAL - NR],MULTI_CHANNEL,2026-01-28,795,501,1.5868263473053892,37.526508,72,22.0
GERAL,GERAL,21751147342,[APP INSTAL - NR],MULTI_CHANNEL,2026-01-29,1135,665,1.7067669172932332,36.835272,96,40.0
GERAL,GERAL,21751147342,[APP INSTAL - NR],MULTI_CHANNEL,2026-01-30,908,546,1.663003663003663,34.151391,78,27.0
GERAL,GERAL,21751147342,[APP INSTAL - NR],MULTI_CHANNEL,2026-01-31,958,674,1.4213649851632046,35.635649,115,50.0
GERAL,GERAL,21751147342,[APP INSTAL - NR],MULTI_CHANNEL,2026-02-01,1702,1074,1.584729981378026,49.129443,123,46.0
GERAL,GERAL,21751147342,[APP INSTAL - NR],MULTI_CHANNEL,2026-02-02,1240,793,1.5636822194199242,47.326896,109,35.0
GERAL,GERAL,21751147342,[APP INSTAL - NR],MULTI_CHANNEL,2026-02-03,600,410,1.4634146341463414,44.629981,71,26.0
GERAL,GERAL,21751147342,[APP INSTAL - NR],MULTI_CHANNEL,2026-02-04,1733,1121,1.5459411239964318,42.516649,116,45.0
GERAL,GERAL,21751147342,[APP INSTAL - NR],MULTI_CHANNEL,2026-02-05,295,189,1.560846560846561,7.749286,20,8.0
GERAL,GERAL,21751147342,[APP INSTAL - NR],MULTI_CHANNEL,2026-02-07,279,189,1.4761904761904763,20.578436,31,13.0
GERAL,GERAL,21751147342,[APP INSTAL - NR],MULTI_CHANNEL,2026-02-08,258,174,1.4827586206896552,15.441206,25,13.0
GERAL,GERAL,21751147342,[APP INSTAL - NR],MULTI_CHANNEL,2026-02-09,479,326,1.469325153374233,12.113872,49,23.0
GERAL,GERAL,21751147342,[APP INSTAL - NR],MULTI_CHANNEL,2026-02-10,379,267,1.4194756554307115,13.603481,39,20.0
GERAL,GERAL,21751147342,[APP INSTAL - NR],MULTI_CHANNEL,2026-02-11,121,80,1.5125,11.931298,21,5.0
GERAL,GERAL,21751147342,[APP INSTAL - NR],MULTI_CHANNEL,2026-02-12,154,105,1.4666666666666666,10.021655,19,7.0
GERAL,GERAL,21751147342,[APP INSTAL - NR],MULTI_CHANNEL,2026-02-13,118,76,1.5526315789473684,9.485789,17,8.0
GERAL,GERAL,21751147342,[APP INSTAL - NR],MULTI_CHANNEL,2026-02-14,479,361,1.3268698060941828,10.23485,66,38.0
GERAL,GERAL,21751147342,[APP INSTAL - NR],MULTI_CHANNEL,2026-02-15,298,203,1.4679802955665024,9.940771,28,20.0
GERAL,GERAL,21751147342,[APP INSTAL - NR],MULTI_CHANNEL,2026-02-16,274,159,1.7232704402515724,9.341368,24,9.0
GERAL,GERAL,21751147342,[APP INSTAL - NR],MULTI_CHANNEL,2026-02-17,535,324,1.6512345679012346,9.445577,39,22.0
GERAL,GERAL,21751147342,[APP INSTAL - NR],MULTI_CHANNEL,2026-02-18,193,129,1.496124031007752,10.045884,23,9.0
GERAL,GERAL,21751147342,[APP INSTAL - NR],MULTI_CHANNEL,2026-02-19,285,196,1.4540816326530612,9.472163,25,2.0
GERAL,GERAL,21751147342,[APP INSTAL - NR],MULTI_CHANNEL,2026-02-20,254,159,1.5974842767295598,9.359376,24,0.0
GERAL,GERAL,21751147342,[APP INSTAL - NR],MULTI_CHANNEL,2026-02-21,578,380,1.5210526315789474,8.833293,34,1.0
GERAL,GERAL,21751147342,[APP INSTAL - NR],MULTI_CHANNEL,2026-02-22,442,285,1.550877192982456,9.207762,34,0.0
GERAL,GERAL,21751147342,[APP INSTAL - NR],MULTI_CHANNEL,2026-02-23,150,100,1.5,8.601519,14,0.0
GERAL,GERAL,21751147342,[APP INSTAL - NR],MULTI_CHANNEL,2026-02-24,175,120,1.4583333333333333,9.316391,14,0.0
GERAL,GERAL,21751147342,[APP INSTAL - NR],MULTI_CHANNEL,2026-02-25,93,67,1.3880597014925373,10.792535,16,0.0
GERAL,GERAL,21751147342,[APP INSTAL - NR],MULTI_CHANNEL,2026-02-26,347,236,1.4703389830508475,8.907316,24,0.0
GERAL,GERAL,21751147342,[APP INSTAL - NR],MULTI_CHANNEL,2026-02-27,206,128,1.609375,8.39553,14,0.0
GERAL,GERAL,21751147342,[APP INSTAL - NR],MULTI_CHANNEL,2026-02-28,170,104,1.6346153846153846,9.070231,16,0.0
GERAL,GERAL,21751147342,[APP INSTAL - NR],MULTI_CHANNEL,2026-03-01,255,192,1.328125,10.629323,22,0.0
GERAL,GERAL,21751147342,[APP INSTAL - NR],MULTI_CHANNEL,2026-03-02,166,115,1.4434782608695653,11.658622,19,0.0
GERAL,GERAL,21751147342,[APP INSTAL - NR],MULTI_CHANNEL,2026-03-03,120,79,1.518987341772152,9.994693,15,0.0
GERAL,GERAL,21751147342,[APP INSTAL - NR],MULTI_CHANNEL,2026-03-04,119,91,1.3076923076923077,10.156491,14,0.0
GERAL,GERAL,21751147342,[APP INSTAL - NR],MULTI_CHANNEL,2026-03-05,248,187,1.3262032085561497,10.265561,24,0.0
GERAL,GERAL,21751147342,[APP INSTAL - NR],MULTI_CHANNEL,2026-03-06,646,457,1.4135667396061269,9.71391,42,0.0
GERAL,GERAL,21751147342,[APP INSTAL - NR],MULTI_CHANNEL,2026-03-07,229,169,1.3550295857988166,13.065284,22,0.0
GERAL,GERAL,21751147342,[APP INSTAL - NR],MULTI_CHANNEL,2026-03-08,158,105,1.5047619047619047,10.525512,12,0.0
GERAL,GERAL,23229114450,[ALC - NATAL 25 - BS] #tdsdispositivos,VIDEO,2025-12-09,7921,7659,1.190364277320799,22.64871,4,14.0
GERAL,GERAL,23229114450,[ALC - NATAL 25 - BS] #tdsdispositivos,VIDEO,2025-12-10,8668,7791,1.2276986266204595,22.689393,6,15.0
GERAL,GERAL,23229114450,[ALC - NATAL 25 - BS] #tdsdispositivos,VIDEO,2025-12-11,7996,7900,1.1558227848101266,22.650856,2,25.0
GERAL,GERAL,23229114450,[ALC - NATAL 25 - BS] #tdsdispositivos,VIDEO,2025-12-12,6951,6504,1.2203259532595325,22.68336,6,26.0
GERAL,GERAL,23229114450,[ALC - NATAL 25 - BS] #tdsdispositivos,VIDEO,2025-12-13,7854,6600,1.3172727272727274,22.699942,3,13.0
GERAL,GERAL,23229114450,[ALC - NATAL 25 - BS] #tdsdispositivos,VIDEO,2025-12-14,8537,7512,1.262779552715655,22.699523,6,16.0
GERAL,GERAL,23229114450,[ALC - NATAL 25 - BS] #tdsdispositivos,VIDEO,2025-12-15,8049,7639,1.201204346118602,22.681534,5,25.0
GERAL,GERAL,23229114450,[ALC - NATAL 25 - BS] #tdsdispositivos,VIDEO,2025-12-16,8284,7557,1.2375281196241894,22.711603,11,26.0
GERAL,GERAL,23229114450,[ALC - NATAL 25 - BS] #tdsdispositivos,VIDEO,2025-12-17,7890,7336,1.2073336968375137,22.704968,2,22.0
GERAL,GERAL,23229114450,[ALC - NATAL 25 - BS] #tdsdispositivos,VIDEO,2025-12-18,3948,3158,1.3749208359721343,10.012466,2,11.0
GERAL,GERAL,23229114450,[ALC - NATAL 25 - BS] #tdsdispositivos,VIDEO,2025-12-19,711,751,1.0972037283621838,2.395658,0,7.0
GERAL,GERAL,23229114450,[ALC - NATAL 25 - BS] #tdsdispositivos,VIDEO,2025-12-20,605,625,1.1184,2.398362,0,6.0
GERAL,GERAL,23229114450,[ALC - NATAL 25 - BS] #tdsdispositivos,VIDEO,2025-12-21,589,567,1.164021164021164,2.401732,1,2.0
GERAL,GERAL,23229114450,[ALC - NATAL 25 - BS] #tdsdispositivos,VIDEO,2025-12-22,662,663,1.1282051282051282,2.403316,0,4.0
GERAL,GERAL,23229114450,[ALC - NATAL 25 - BS] #tdsdispositivos,VIDEO,2025-12-23,693,558,1.3297491039426523,2.409318,1,1.0
GERAL,GERAL,23229114450,[ALC - NATAL 25 - BS] #tdsdispositivos,VIDEO,2025-12-24,616,610,1.1229508196721312,2.427621,1,3.0
GERAL,GERAL,23229114450,[ALC - NATAL 25 - BS] #tdsdispositivos,VIDEO,2025-12-25,761,703,1.1806543385490753,2.416224,2,2.0
GERAL,GERAL,23229114450,[ALC - NATAL 25 - BS] #tdsdispositivos,VIDEO,2025-12-26,815,773,1.2134540750323415,2.420907,1,5.0
GERAL,GERAL,23229114450,[ALC - NATAL 25 - BS] #tdsdispositivos,VIDEO,2025-12-27,796,861,1.075493612078978,2.427004,0,0.0
GERAL,GERAL,23229114450,[ALC - NATAL 25 - BS] #tdsdispositivos,VIDEO,2025-12-28,937,873,1.2073310423825887,2.459125,2,7.0
GERAL,GERAL,23229114450,[ALC - NATAL 25 - BS] #tdsdispositivos,VIDEO,2025-12-29,749,760,1.1289473684210527,2.438473,0,2.0
GERAL,GERAL,23229114450,[ALC - NATAL 25 - BS] #tdsdispositivos,VIDEO,2025-12-30,661,710,1.0718309859154929,2.441925,1,2.0
GERAL,GERAL,23229114450,[ALC - NATAL 25 - BS] #tdsdispositivos,VIDEO,2025-12-31,893,917,1.1101417666303162,2.443499,2,2.0
GERAL,GERAL,23229114450,[ALC - NATAL 25 - BS] #tdsdispositivos,VIDEO,2026-01-01,827,897,1.0713489409141583,2.07708,0,1.0
GERAL,GERAL,23229114450,[ALC - NATAL 25 - BS] #tdsdispositivos,VIDEO,2026-01-06,1166,932,1.3218884120171674,4.166908,5,0.0
GERAL,GERAL,23229114450,[ALC - NATAL 25 - BS] #tdsdispositivos,VIDEO,2026-01-07,1832,1321,1.457229371688115,4.155314,6,3.0
GERAL,GERAL,23229114450,[ALC - NATAL 25 - BS] #tdsdispositivos,VIDEO,2026-01-08,1713,1289,1.412723041117145,4.152161,1,3.0
GERAL,GERAL,23229114450,[ALC - NATAL 25 - BS] #tdsdispositivos,VIDEO,2026-01-09,1979,1353,1.5513673318551366,4.202672,6,1.0
GERAL,GERAL,23229114450,[ALC - NATAL 25 - BS] #tdsdispositivos,VIDEO,2026-01-10,2232,1436,1.6455431754874652,4.147741,2,0.0
GERAL,GERAL,23229114450,[ALC - NATAL 25 - BS] #tdsdispositivos,VIDEO,2026-01-11,1569,1125,1.4817777777777779,4.251839,4,9.0
GERAL,GERAL,23229136305,[ALC - NATAL 25 - NR] #tdsdispositivos,VIDEO,2025-12-09,7974,5927,1.4209549519149653,22.68708,9,6.0
GERAL,GERAL,23229136305,[ALC - NATAL 25 - NR] #tdsdispositivos,VIDEO,2025-12-10,7860,6168,1.3962386511024643,22.69516,8,10.0
GERAL,GERAL,23229136305,[ALC - NATAL 25 - NR] #tdsdispositivos,VIDEO,2025-12-11,7465,5965,1.3768650461022631,22.716402,11,13.0
GERAL,GERAL,23229136305,[ALC - NATAL 25 - NR] #tdsdispositivos,VIDEO,2025-12-12,7599,6133,1.3802380564161096,22.694108,10,19.0
GERAL,GERAL,23229136305,[ALC - NATAL 25 - NR] #tdsdispositivos,VIDEO,2025-12-13,8325,5678,1.572032405776682,22.708589,9,13.0
GERAL,GERAL,23229136305,[ALC - NATAL 25 - NR] #tdsdispositivos,VIDEO,2025-12-14,8434,6585,1.4022779043280182,22.704188,7,9.0
GERAL,GERAL,23229136305,[ALC - NATAL 25 - NR] #tdsdispositivos,VIDEO,2025-12-15,9520,8105,1.3262183837137569,22.666838,5,14.0
GERAL,GERAL,23229136305,[ALC - NATAL 25 - NR] #tdsdispositivos,VIDEO,2025-12-16,9930,8268,1.3623609095307208,22.728156,6,26.0
GERAL,GERAL,23229136305,[ALC - NATAL 25 - NR] #tdsdispositivos,VIDEO,2025-12-17,9362,6954,1.4887834339948232,22.703941,9,21.0
GERAL,GERAL,23229136305,[ALC - NATAL 25 - NR] #tdsdispositivos,VIDEO,2025-12-18,3955,3519,1.262290423415743,10.394256,6,8.0
GERAL,GERAL,23229136305,[ALC - NATAL 25 - NR] #tdsdispositivos,VIDEO,2025-12-19,737,693,1.2034632034632036,2.395351,2,4.0
GERAL,GERAL,23229136305,[ALC - NATAL 25 - NR] #tdsdispositivos,VIDEO,2025-12-20,744,622,1.3086816720257235,2.395446,1,8.0
GERAL,GERAL,23229136305,[ALC - NATAL 25 - NR] #tdsdispositivos,VIDEO,2025-12-21,795,712,1.2570224719101124,2.395262,2,5.0
GERAL,GERAL,23229136305,[ALC - NATAL 25 - NR] #tdsdispositivos,VIDEO,2025-12-22,1013,1041,1.1354466858789625,2.402276,0,0.0
GERAL,GERAL,23229136305,[ALC - NATAL 25 - NR] #tdsdispositivos,VIDEO,2025-12-23,822,760,1.2276315789473684,2.401156,0,4.0
GERAL,GERAL,23229136305,[ALC - NATAL 25 - NR] #tdsdispositivos,VIDEO,2025-12-24,828,791,1.1921618204804045,2.411181,0,1.0
GERAL,GERAL,23229136305,[ALC - NATAL 25 - NR] #tdsdispositivos,VIDEO,2025-12-25,1206,1024,1.3173828125,2.417777,1,3.0
GERAL,GERAL,23229136305,[ALC - NATAL 25 - NR] #tdsdispositivos,VIDEO,2025-12-26,1369,1566,1.0842911877394636,2.425944,0,2.0
GERAL,GERAL,23229136305,[ALC - NATAL 25 - NR] #tdsdispositivos,VIDEO,2025-12-27,753,790,1.1189873417721519,2.426667,3,4.0
GERAL,GERAL,23229136305,[ALC - NATAL 25 - NR] #tdsdispositivos,VIDEO,2025-12-28,713,748,1.1029411764705883,2.437068,2,3.0
GERAL,GERAL,23229136305,[ALC - NATAL 25 - NR] #tdsdispositivos,VIDEO,2025-12-29,890,948,1.1371308016877637,2.439358,2,4.0
GERAL,GERAL,23229136305,[ALC - NATAL 25 - NR] #tdsdispositivos,VIDEO,2025-12-30,896,1007,1.086395233366435,2.437879,2,2.0
GERAL,GERAL,23229136305,[ALC - NATAL 25 - NR] #tdsdispositivos,VIDEO,2025-12-31,841,929,1.0871905274488698,2.440336,2,1.0
GERAL,GERAL,23229136305,[ALC - NATAL 25 - NR] #tdsdispositivos,VIDEO,2026-01-01,1316,1142,1.316987740805604,2.448045,0,2.0
GERAL,GERAL,23229136305,[ALC - NATAL 25 - NR] #tdsdispositivos,VIDEO,2026-01-06,1079,1193,1.1056160938809723,4.08604,1,1.0
GERAL,GERAL,23229136305,[ALC - NATAL 25 - NR] #tdsdispositivos,VIDEO,2026-01-07,1564,1251,1.3876898481215028,4.093012,2,1.0
GERAL,GERAL,23229136305,[ALC - NATAL 25 - NR] #tdsdispositivos,VIDEO,2026-01-08,1852,1451,1.3880082701585115,4.06145,0,1.0
GERAL,GERAL,23229136305,[ALC - NATAL 25 - NR] #tdsdispositivos,VIDEO,2026-01-09,1729,1719,1.1867364746945899,4.112156,6,2.0
GERAL,GERAL,23229136305,[ALC - NATAL 25 - NR] #tdsdispositivos,VIDEO,2026-01-10,1263,846,1.574468085106383,4.126801,0,1.0
GERAL,GERAL,23229136305,[ALC - NATAL 25 - NR] #tdsdispositivos,VIDEO,2026-01-11,2001,1510,1.4735099337748345,4.195118,2,2.0
GERAL,GERAL,23234245346,[ALC - NATAL 25 - NK] #tdsdispositivos,VIDEO,2025-12-09,7572,6259,1.3099536667199234,22.65502,11,4.0
GERAL,GERAL,23234245346,[ALC - NATAL 25 - NK] #tdsdispositivos,VIDEO,2025-12-10,7377,6076,1.3192890059249507,22.673514,8,6.0
GERAL,GERAL,23234245346,[ALC - NATAL 25 - NK] #tdsdispositivos,VIDEO,2025-12-11,7681,5769,1.4397642572369562,22.666083,6,6.0
GERAL,GERAL,23234245346,[ALC - NATAL 25 - NK] #tdsdispositivos,VIDEO,2025-12-12,7168,5598,1.394962486602358,22.697716,12,10.0
GERAL,GERAL,23234245346,[ALC - NATAL 25 - NK] #tdsdispositivos,VIDEO,2025-12-13,7239,5326,1.47371385655276,22.719328,9,8.0
GERAL,GERAL,23234245346,[ALC - NATAL 25 - NK] #tdsdispositivos,VIDEO,2025-12-14,7481,6194,1.3261220536002583,22.673164,7,9.0
GERAL,GERAL,23234245346,[ALC - NATAL 25 - NK] #tdsdispositivos,VIDEO,2025-12-15,7542,6585,1.2861047835990889,22.7362,9,8.0
GERAL,GERAL,23234245346,[ALC - NATAL 25 - NK] #tdsdispositivos,VIDEO,2025-12-16,7792,6548,1.328191814294441,22.700806,5,13.0
GERAL,GERAL,23234245346,[ALC - NATAL 25 - NK] #tdsdispositivos,VIDEO,2025-12-17,7079,5637,1.377150966826326,22.739167,4,19.0
GERAL,GERAL,23234245346,[ALC - NATAL 25 - NK] #tdsdispositivos,VIDEO,2025-12-18,3566,2946,1.3526816021724373,11.280924,3,11.0
GERAL,GERAL,23234245346,[ALC - NATAL 25 - NK] #tdsdispositivos,VIDEO,2025-12-19,588,428,1.4649532710280373,2.353624,0,1.0
GERAL,GERAL,23234245346,[ALC - NATAL 25 - NK] #tdsdispositivos,VIDEO,2025-12-20,594,418,1.4688995215311005,2.360042,1,3.0
GERAL,GERAL,23234245346,[ALC - NATAL 25 - NK] #tdsdispositivos,VIDEO,2025-12-21,782,626,1.3354632587859425,2.347756,2,1.0
GERAL,GERAL,23234245346,[ALC - NATAL 25 - NK] #tdsdispositivos,VIDEO,2025-12-22,774,703,1.2546230440967283,2.356035,1,3.0
GERAL,GERAL,23234245346,[ALC - NATAL 25 - NK] #tdsdispositivos,VIDEO,2025-12-23,876,550,1.6727272727272726,2.368342,0,2.0
GERAL,GERAL,23234245346,[ALC - NATAL 25 - NK] #tdsdispositivos,VIDEO,2025-12-24,710,692,1.1690751445086704,2.37038,1,2.0
GERAL,GERAL,23234245346,[ALC - NATAL 25 - NK] #tdsdispositivos,VIDEO,2025-12-25,716,642,1.2585669781931463,2.340525,2,3.0
GERAL,GERAL,23234245346,[ALC - NATAL 25 - NK] #tdsdispositivos,VIDEO,2025-12-26,948,816,1.2830882352941178,2.376822,3,3.0
GERAL,GERAL,23234245346,[ALC - NATAL 25 - NK] #tdsdispositivos,VIDEO,2025-12-27,800,712,1.252808988764045,2.404466,2,5.0
GERAL,GERAL,23234245346,[ALC - NATAL 25 - NK] #tdsdispositivos,VIDEO,2025-12-28,724,759,1.1172595520421607,2.387916,0,6.0
GERAL,GERAL,23234245346,[ALC - NATAL 25 - NK] #tdsdispositivos,VIDEO,2025-12-29,1296,1193,1.237217099748533,2.391768,0,1.0
GERAL,GERAL,23234245346,[ALC - NATAL 25 - NK] #tdsdispositivos,VIDEO,2025-12-30,1239,1217,1.199671322925226,2.389717,0,3.0
GERAL,GERAL,23234245346,[ALC - NATAL 25 - NK] #tdsdispositivos,VIDEO,2025-12-31,1018,1033,1.1471442400774443,2.393746,1,1.0
GERAL,GERAL,23234245346,[ALC - NATAL 25 - NK] #tdsdispositivos,VIDEO,2026-01-01,1540,1074,1.515828677839851,2.075414,1,2.0
GERAL,GERAL,23234245346,[ALC - NATAL 25 - NK] #tdsdispositivos,VIDEO,2026-01-06,1708,1800,1.1511111111111112,4.06691,0,1.0
GERAL,GERAL,23234245346,[ALC - NATAL 25 - NK] #tdsdispositivos,VIDEO,2026-01-07,2069,1908,1.2578616352201257,4.069417,5,3.0
GERAL,GERAL,23234245346,[ALC - NATAL 25 - NK] #tdsdispositivos,VIDEO,2026-01-08,1110,1027,1.198636806231743,4.076181,0,3.0
GERAL,GERAL,23234245346,[ALC - NATAL 25 - NK] #tdsdispositivos,VIDEO,2026-01-09,1344,1234,1.2366288492706645,4.076652,0,0.0
GERAL,GERAL,23234245346,[ALC - NATAL 25 - NK] #tdsdispositivos,VIDEO,2026-01-10,1919,1802,1.241398446170921,4.07282,2,4.0
GERAL,GERAL,23234245346,[ALC - NATAL 25 - NK] #tdsdispositivos,VIDEO,2026-01-11,1966,1805,1.2509695290858727,4.147549,4,0.0
GERAL,GERAL,23234274629,[ALC - NATAL 25 - CS] #tdsdispositivos,VIDEO,2025-12-09,7742,7578,1.1695698073370282,22.66466,5,13.0
GERAL,GERAL,23234274629,[ALC - NATAL 25 - CS] #tdsdispositivos,VIDEO,2025-12-10,8043,7528,1.1809245483528161,22.682971,4,14.0
GERAL,GERAL,23234274629,[ALC - NATAL 25 - CS] #tdsdispositivos,VIDEO,2025-12-11,6960,6539,1.1824437987459857,22.677684,3,10.0
GERAL,GERAL,23234274629,[ALC - NATAL 25 - CS] #tdsdispositivos,VIDEO,2025-12-12,7145,6713,1.2066140324743035,22.705056,7,5.0
GERAL,GERAL,23234274629,[ALC - NATAL 25 - CS] #tdsdispositivos,VIDEO,2025-12-13,6614,6051,1.2242604528177161,22.683268,5,8.0
GERAL,GERAL,23234274629,[ALC - NATAL 25 - CS] #tdsdispositivos,VIDEO,2025-12-14,8178,7389,1.227635674651509,22.72061,10,10.0
GERAL,GERAL,23234274629,[ALC - NATAL 25 - CS] #tdsdispositivos,VIDEO,2025-12-15,7802,7044,1.2284213515048268,22.690532,3,9.0
GERAL,GERAL,23234274629,[ALC - NATAL 25 - CS] #tdsdispositivos,VIDEO,2025-12-16,8023,7484,1.2140566541956173,22.727204,9,13.0
GERAL,GERAL,23234274629,[ALC - NATAL 25 - CS] #tdsdispositivos,VIDEO,2025-12-17,8584,7340,1.275068119891008,22.691637,3,12.0
GERAL,GERAL,23234274629,[ALC - NATAL 25 - CS] #tdsdispositivos,VIDEO,2025-12-18,3203,3296,1.1074029126213591,10.445159,5,4.0
GERAL,GERAL,23234274629,[ALC - NATAL 25 - CS] #tdsdispositivos,VIDEO,2025-12-19,664,645,1.1767441860465115,2.396853,1,2.0
GERAL,GERAL,23234274629,[ALC - NATAL 25 - CS] #tdsdispositivos,VIDEO,2025-12-20,536,384,1.5026041666666667,2.398057,0,3.0
GERAL,GERAL,23234274629,[ALC - NATAL 25 - CS] #tdsdispositivos,VIDEO,2025-12-21,579,507,1.252465483234714,2.404165,1,1.0
GERAL,GERAL,23234274629,[ALC - NATAL 25 - CS] #tdsdispositivos,VIDEO,2025-12-22,698,728,1.1085164835164836,2.407782,1,2.0
GERAL,GERAL,23234274629,[ALC - NATAL 25 - CS] #tdsdispositivos,VIDEO,2025-12-23,674,574,1.289198606271777,2.407092,2,1.0
GERAL,GERAL,23234274629,[ALC - NATAL 25 - CS] #tdsdispositivos,VIDEO,2025-12-24,836,734,1.2506811989100817,2.41519,0,4.0
GERAL,GERAL,23234274629,[ALC - NATAL 25 - CS] #tdsdispositivos,VIDEO,2025-12-25,802,776,1.1778350515463918,2.419486,0,5.0
GERAL,GERAL,23234274629,[ALC - NATAL 25 - CS] #tdsdispositivos,VIDEO,2025-12-26,1182,1016,1.3562992125984252,2.426163,0,0.0
GERAL,GERAL,23234274629,[ALC - NATAL 25 - CS] #tdsdispositivos,VIDEO,2025-12-27,970,964,1.1524896265560165,2.434352,2,1.0
GERAL,GERAL,23234274629,[ALC - NATAL 25 - CS] #tdsdispositivos,VIDEO,2025-12-28,1047,971,1.2368692070030896,2.445541,0,1.0
GERAL,GERAL,23234274629,[ALC - NATAL 25 - CS] #tdsdispositivos,VIDEO,2025-12-29,1114,1121,1.1293487957181088,2.450897,0,0.0
GERAL,GERAL,23234274629,[ALC - NATAL 25 - CS] #tdsdispositivos,VIDEO,2025-12-30,1426,1186,1.3532883642495783,2.450009,2,1.0
GERAL,GERAL,23234274629,[ALC - NATAL 25 - CS] #tdsdispositivos,VIDEO,2025-12-31,1483,1316,1.250759878419453,2.454424,0,4.0
GERAL,GERAL,23234274629,[ALC - NATAL 25 - CS] #tdsdispositivos,VIDEO,2026-01-01,1117,1009,1.259663032705649,1.998259,0,2.0
GERAL,GERAL,23234274629,[ALC - NATAL 25 - CS] #tdsdispositivos,VIDEO,2026-01-06,1515,1307,1.290742157612854,4.140023,6,0.0
GERAL,GERAL,23234274629,[ALC - NATAL 25 - CS] #tdsdispositivos,VIDEO,2026-01-07,1888,1561,1.324791800128123,4.199235,4,0.0
GERAL,GERAL,23234274629,[ALC - NATAL 25 - CS] #tdsdispositivos,VIDEO,2026-01-08,2392,1829,1.4242755604155277,4.198532,2,0.0
GERAL,GERAL,23234274629,[ALC - NATAL 25 - CS] #tdsdispositivos,VIDEO,2026-01-09,2024,1680,1.3654761904761905,4.211308,2,2.0
GERAL,GERAL,23234274629,[ALC - NATAL 25 - CS] #tdsdispositivos,VIDEO,2026-01-10,2474,1632,1.6133578431372548,4.20797,7,0.0
GERAL,GERAL,23234274629,[ALC - NATAL 25 - CS] #tdsdispositivos,VIDEO,2026-01-11,2148,1891,1.274457958751983,4.251035,0,1.0
GERAL,GERAL,23234290934,[ALC - NATAL 25 - GS] #tdsdispositivos,VIDEO,2025-12-09,7773,5724,1.4423480083857443,22.676331,8,4.0
GERAL,GERAL,23234290934,[ALC - NATAL 25 - GS] #tdsdispositivos,VIDEO,2025-12-10,7977,6305,1.3639968279143537,22.698688,10,2.0
GERAL,GERAL,23234290934,[ALC - NATAL 25 - GS] #tdsdispositivos,VIDEO,2025-12-11,7675,6246,1.3501440922190202,22.675655,5,3.0
GERAL,GERAL,23234290934,[ALC - NATAL 25 - GS] #tdsdispositivos,VIDEO,2025-12-12,8290,6164,1.4656067488643738,22.721694,2,4.0
GERAL,GERAL,23234290934,[ALC - NATAL 25 - GS] #tdsdispositivos,VIDEO,2025-12-13,7225,6023,1.3458409430516354,22.739051,8,6.0
GERAL,GERAL,23234290934,[ALC - NATAL 25 - GS] #tdsdispositivos,VIDEO,2025-12-14,7581,6410,1.3088923556942278,22.758211,6,8.0
GERAL,GERAL,23234290934,[ALC - NATAL 25 - GS] #tdsdispositivos,VIDEO,2025-12-15,8309,7233,1.2965574450435504,22.70422,4,6.0
GERAL,GERAL,23234290934,[ALC - NATAL 25 - GS] #tdsdispositivos,VIDEO,2025-12-16,9770,8124,1.3517971442639094,22.713904,14,8.0
GERAL,GERAL,23234290934,[ALC - NATAL 25 - GS] #tdsdispositivos,VIDEO,2025-12-17,8571,7015,1.3623663578047043,22.739286,10,6.0
GERAL,GERAL,23234290934,[ALC - NATAL 25 - GS] #tdsdispositivos,VIDEO,2025-12-18,3582,2961,1.3100303951367782,10.224465,3,2.0
GERAL,GERAL,23234290934,[ALC - NATAL 25 - GS] #tdsdispositivos,VIDEO,2025-12-19,718,640,1.23125,2.408354,2,1.0
GERAL,GERAL,23234290934,[ALC - NATAL 25 - GS] #tdsdispositivos,VIDEO,2025-12-20,937,853,1.2332942555685815,2.40511,2,2.0
GERAL,GERAL,23234290934,[ALC - NATAL 25 - GS] #tdsdispositivos,VIDEO,2025-12-21,1074,775,1.5019354838709678,2.407163,1,3.0
GERAL,GERAL,23234290934,[ALC - NATAL 25 - GS] #tdsdispositivos,VIDEO,2025-12-22,904,802,1.2394014962593516,2.410471,0,3.0
GERAL,GERAL,23234290934,[ALC - NATAL 25 - GS] #tdsdispositivos,VIDEO,2025-12-23,919,880,1.1988636363636365,2.420568,0,1.0
GERAL,GERAL,23234290934,[ALC - NATAL 25 - GS] #tdsdispositivos,VIDEO,2025-12-24,1250,928,1.5075431034482758,2.430423,2,0.0
GERAL,GERAL,23234290934,[ALC - NATAL 25 - GS] #tdsdispositivos,VIDEO,2025-12-25,1259,965,1.3989637305699483,2.43112,1,1.0
GERAL,GERAL,23234290934,[ALC - NATAL 25 - GS] #tdsdispositivos,VIDEO,2025-12-26,1342,1095,1.34337899543379,2.431503,0,2.0
GERAL,GERAL,23234290934,[ALC - NATAL 25 - GS] #tdsdispositivos,VIDEO,2025-12-27,1128,1035,1.2434782608695651,2.458335,2,3.0
GERAL,GERAL,23234290934,[ALC - NATAL 25 - GS] #tdsdispositivos,VIDEO,2025-12-28,1088,1145,1.1344978165938864,2.449026,0,0.0
GERAL,GERAL,23234290934,[ALC - NATAL 25 - GS] #tdsdispositivos,VIDEO,2025-12-29,1311,1140,1.3035087719298246,2.456476,2,2.0
GERAL,GERAL,23234290934,[ALC - NATAL 25 - GS] #tdsdispositivos,VIDEO,2025-12-30,1592,1258,1.370429252782194,2.458106,4,2.0
GERAL,GERAL,23234290934,[ALC - NATAL 25 - GS] #tdsdispositivos,VIDEO,2025-12-31,1799,1258,1.505564387917329,2.462889,1,0.0
GERAL,GERAL,23234290934,[ALC - NATAL 25 - GS] #tdsdispositivos,VIDEO,2026-01-01,1688,1156,1.555363321799308,2.179952,2,0.0
GERAL,GERAL,23234290934,[ALC - NATAL 25 - GS] #tdsdispositivos,VIDEO,2026-01-06,1537,1249,1.3746997598078463,4.167796,4,0.0
GERAL,GERAL,23234290934,[ALC - NATAL 25 - GS] #tdsdispositivos,VIDEO,2026-01-07,864,746,1.2882037533512065,4.173448,2,1.0
GERAL,GERAL,23234290934,[ALC - NATAL 25 - GS] #tdsdispositivos,VIDEO,2026-01-08,1700,1602,1.2340823970037453,4.16849,2,4.0
GERAL,GERAL,23234290934,[ALC - NATAL 25 - GS] #tdsdispositivos,VIDEO,2026-01-09,1628,1360,1.363235294117647,4.183234,1,1.0
GERAL,GERAL,23234290934,[ALC - NATAL 25 - GS] #tdsdispositivos,VIDEO,2026-01-10,1265,939,1.4526091586794463,4.207877,0,1.0
GERAL,GERAL,23234290934,[ALC - NATAL 25 - GS] #tdsdispositivos,VIDEO,2026-01-11,1777,1507,1.3218314532183146,4.251241,9,1.0
GERAL,GERAL,23237304635,[DEMAND GEN - NATAL 25 - NR],DEMAND_GEN,2025-12-09,2277,1717,1.326150262085032,29.955464,64,23.0
GERAL,GERAL,23237304635,[DEMAND GEN - NATAL 25 - NR],DEMAND_GEN,2025-12-10,940,763,1.2319790301441678,30.351231,30,20.0
GERAL,GERAL,23237304635,[DEMAND GEN - NATAL 25 - NR],DEMAND_GEN,2025-12-11,1220,1057,1.1542100283822139,29.290276,36,54.0
GERAL,GERAL,23237304635,[DEMAND GEN - NATAL 25 - NR],DEMAND_GEN,2025-12-12,1609,1393,1.1550610193826274,34.835655,55,114.0
GERAL,GERAL,23237304635,[DEMAND GEN - NATAL 25 - NR],DEMAND_GEN,2025-12-13,1357,1136,1.1945422535211268,31.408067,47,66.0
GERAL,GERAL,23237304635,[DEMAND GEN - NATAL 25 - NR],DEMAND_GEN,2025-12-14,1618,1410,1.147517730496454,44.464683,61,58.0
GERAL,GERAL,23237304635,[DEMAND GEN - NATAL 25 - NR],DEMAND_GEN,2025-12-15,1716,1345,1.2758364312267658,28.653175,43,50.0
GERAL,GERAL,23237304635,[DEMAND GEN - NATAL 25 - NR],DEMAND_GEN,2025-12-16,2219,1544,1.4371761658031088,24.568031,55,42.0
GERAL,GERAL,23237304635,[DEMAND GEN - NATAL 25 - NR],DEMAND_GEN,2025-12-17,1830,1196,1.5301003344481605,23.408408,38,83.0
GERAL,GERAL,23237304635,[DEMAND GEN - NATAL 25 - NR],DEMAND_GEN,2025-12-18,1572,1192,1.3187919463087248,30.387108,50,43.0
GERAL,GERAL,23237304635,[DEMAND GEN - NATAL 25 - NR],DEMAND_GEN,2025-12-19,1253,959,1.3065693430656935,29.942425,31,80.0
GERAL,GERAL,23237304635,[DEMAND GEN - NATAL 25 - NR],DEMAND_GEN,2025-12-20,1067,777,1.3732303732303732,25.680522,33,52.0
GERAL,GERAL,23237304635,[DEMAND GEN - NATAL 25 - NR],DEMAND_GEN,2025-12-21,2251,1679,1.3406789755807027,23.615842,81,67.0
GERAL,GERAL,23237304635,[DEMAND GEN - NATAL 25 - NR],DEMAND_GEN,2025-12-22,645,523,1.2332695984703632,22.657529,16,16.0
GERAL,GERAL,23237304635,[DEMAND GEN - NATAL 25 - NR],DEMAND_GEN,2025-12-23,2394,1855,1.290566037735849,36.683238,70,102.0
GERAL,GERAL,23237304635,[DEMAND GEN - NATAL 25 - NR],DEMAND_GEN,2025-12-24,2041,1573,1.2975206611570247,21.916791,50,32.0
GERAL,GERAL,23237304635,[DEMAND GEN - NATAL 25 - NR],DEMAND_GEN,2025-12-25,2192,1734,1.2641291810841984,25.782185,70,43.0
GERAL,GERAL,23237304635,[DEMAND GEN - NATAL 25 - NR],DEMAND_GEN,2025-12-26,3729,2716,1.3729749631811488,21.692262,137,67.0
GERAL,GERAL,23237304635,[DEMAND GEN - NATAL 25 - NR],DEMAND_GEN,2025-12-27,3608,2520,1.4317460317460318,21.69593,98,76.0
GERAL,GERAL,23237304635,[DEMAND GEN - NATAL 25 - NR],DEMAND_GEN,2025-12-28,2474,1902,1.3007360672975814,30.317294,78,49.0
GERAL,GERAL,23237304635,[DEMAND GEN - NATAL 25 - NR],DEMAND_GEN,2025-12-29,2304,1862,1.2373791621911923,25.684983,88,38.0
GERAL,GERAL,23237304635,[DEMAND GEN - NATAL 25 - NR],DEMAND_GEN,2025-12-30,1255,979,1.281920326864147,29.481949,36,131.0
GERAL,GERAL,23237304635,[DEMAND GEN - NATAL 25 - NR],DEMAND_GEN,2025-12-31,1202,1065,1.128638497652582,23.996621,32,29.0
GERAL,GERAL,23237304635,[DEMAND GEN - NATAL 25 - NR],DEMAND_GEN,2026-01-01,2268,1812,1.2516556291390728,22.606772,61,89.0
GERAL,GERAL,23237304635,[DEMAND GEN - NATAL 25 - NR],DEMAND_GEN,2026-01-06,1851,1540,1.2019480519480519,40.496288,53,37.0
GERAL,GERAL,23237304635,[DEMAND GEN - NATAL 25 - NR],DEMAND_GEN,2026-01-07,2661,2203,1.2078983204720835,34.985221,107,77.0
GERAL,GERAL,23237304635,[DEMAND GEN - NATAL 25 - NR],DEMAND_GEN,2026-01-08,1665,1415,1.176678445229682,36.988029,55,106.0
GERAL,GERAL,23237304635,[DEMAND GEN - NATAL 25 - NR],DEMAND_GEN,2026-01-09,1655,1466,1.1289222373806276,39.097901,48,103.0
GERAL,GERAL,23237304635,[DEMAND GEN - NATAL 25 - NR],DEMAND_GEN,2026-01-10,691,651,1.0614439324116745,26.966922,26,30.0
GERAL,GERAL,23237304635,[DEMAND GEN - NATAL 25 - NR],DEMAND_GEN,2026-01-11,629,591,1.0642978003384094,17.717043,28,40.0
GERAL,GERAL,23237329838,[DEMAND GEN - NATAL 25 - NK],DEMAND_GEN,2025-12-09,1785,1626,1.0977859778597785,43.371179,34,34.0
GERAL,GERAL,23237329838,[DEMAND GEN - NATAL 25 - NK],DEMAND_GEN,2025-12-10,1338,1253,1.0678371907422186,88.769388,38,56.0
GERAL,GERAL,23237329838,[DEMAND GEN - NATAL 25 - NK],DEMAND_GEN,2025-12-11,709,634,1.1182965299684542,38.616884,16,18.0
GERAL,GERAL,23237329838,[DEMAND GEN - NATAL 25 - NK],DEMAND_GEN,2025-12-12,876,822,1.0656934306569343,81.016317,27,20.0
GERAL,GERAL,23237329838,[DEMAND GEN - NATAL 25 - NK],DEMAND_GEN,2025-12-13,1104,1028,1.0739299610894941,33.036528,19,15.0
GERAL,GERAL,23237329838,[DEMAND GEN - NATAL 25 - NK],DEMAND_GEN,2025-12-14,760,654,1.162079510703364,30.281508,34,10.0
GERAL,GERAL,23237329838,[DEMAND GEN - NATAL 25 - NK],DEMAND_GEN,2025-12-15,1156,1017,1.1366764995083578,27.309606,48,20.0
GERAL,GERAL,23237329838,[DEMAND GEN - NATAL 25 - NK],DEMAND_GEN,2025-12-16,539,477,1.129979035639413,25.292997,15,25.0
GERAL,GERAL,23237329838,[DEMAND GEN - NATAL 25 - NK],DEMAND_GEN,2025-12-17,976,909,1.0737073707370737,41.714491,22,25.0
GERAL,GERAL,23237329838,[DEMAND GEN - NATAL 25 - NK],DEMAND_GEN,2025-12-18,634,570,1.1122807017543859,29.135018,15,40.0
GERAL,GERAL,23237329838,[DEMAND GEN - NATAL 25 - NK],DEMAND_GEN,2025-12-19,676,616,1.0974025974025974,29.186767,14,19.0
GERAL,GERAL,23237329838,[DEMAND GEN - NATAL 25 - NK],DEMAND_GEN,2025-12-20,792,738,1.0731707317073171,49.449236,25,14.0
GERAL,GERAL,23237329838,[DEMAND GEN - NATAL 25 - NK],DEMAND_GEN,2025-12-21,484,445,1.0876404494382022,29.243547,12,29.0
GERAL,GERAL,23237329838,[DEMAND GEN - NATAL 25 - NK],DEMAND_GEN,2025-12-22,646,584,1.106164383561644,20.697009,14,48.0
GERAL,GERAL,23237329838,[DEMAND GEN - NATAL 25 - NK],DEMAND_GEN,2025-12-23,1108,977,1.1340839303991812,22.955001,33,27.0
GERAL,GERAL,23237329838,[DEMAND GEN - NATAL 25 - NK],DEMAND_GEN,2025-12-24,748,682,1.096774193548387,21.457524,22,24.0
GERAL,GERAL,23237329838,[DEMAND GEN - NATAL 25 - NK],DEMAND_GEN,2025-12-25,854,761,1.1222076215505914,31.396365,27,66.0
GERAL,GERAL,23237329838,[DEMAND GEN - NATAL 25 - NK],DEMAND_GEN,2025-12-26,466,453,1.0286975717439293,19.885455,12,23.0
GERAL,GERAL,23237329838,[DEMAND GEN - NATAL 25 - NK],DEMAND_GEN,2025-12-27,452,425,1.0635294117647058,21.683424,21,26.0
GERAL,GERAL,23237329838,[DEMAND GEN - NATAL 25 - NK],DEMAND_GEN,2025-12-28,533,467,1.1413276231263383,12.306804,16,11.0
GERAL,GERAL,23237329838,[DEMAND GEN - NATAL 25 - NK],DEMAND_GEN,2025-12-29,1187,1059,1.120868744098206,28.143411,28,57.0
GERAL,GERAL,23237329838,[DEMAND GEN - NATAL 25 - NK],DEMAND_GEN,2025-12-30,529,482,1.0975103734439835,27.719271,18,28.0
GERAL,GERAL,23237329838,[DEMAND GEN - NATAL 25 - NK],DEMAND_GEN,2025-12-31,567,483,1.173913043478261,14.043598,17,39.0
GERAL,GERAL,23237329838,[DEMAND GEN - NATAL 25 - NK],DEMAND_GEN,2026-01-01,262,253,1.0355731225296443,14.675771,12,22.0
GERAL,GERAL,23237329838,[DEMAND GEN - NATAL 25 - NK],DEMAND_GEN,2026-01-06,942,815,1.1558282208588957,23.823152,22,25.0
GERAL,GERAL,23237329838,[DEMAND GEN - NATAL 25 - NK],DEMAND_GEN,2026-01-07,634,549,1.1548269581056467,15.978408,21,21.0
GERAL,GERAL,23237329838,[DEMAND GEN - NATAL 25 - NK],DEMAND_GEN,2026-01-08,526,494,1.0647773279352226,17.175298,18,22.0
GERAL,GERAL,23237329838,[DEMAND GEN - NATAL 25 - NK],DEMAND_GEN,2026-01-09,411,390,1.0538461538461539,12.542016,19,26.0
GERAL,GERAL,23237329838,[DEMAND GEN - NATAL 25 - NK],DEMAND_GEN,2026-01-10,231,214,1.0794392523364487,20.366969,14,46.0
GERAL,GERAL,23237343074,[DEMAND GEN - NATAL 25 - GS],DEMAND_GEN,2025-12-09,1925,1603,1.2008733624454149,35.819298,38,49.0
GERAL,GERAL,23237343074,[DEMAND GEN - NATAL 25 - GS],DEMAND_GEN,2025-12-10,702,632,1.110759493670886,38.312567,26,36.0
GERAL,GERAL,23237343074,[DEMAND GEN - NATAL 25 - GS],DEMAND_GEN,2025-12-11,978,818,1.19559902200489,35.926679,26,21.0
GERAL,GERAL,23237343074,[DEMAND GEN - NATAL 25 - GS],DEMAND_GEN,2025-12-12,874,827,1.05683192261185,47.405747,29,32.0
GERAL,GERAL,23237343074,[DEMAND GEN - NATAL 25 - GS],DEMAND_GEN,2025-12-13,580,543,1.0681399631675874,38.281086,12,38.0
GERAL,GERAL,23237343074,[DEMAND GEN - NATAL 25 - GS],DEMAND_GEN,2025-12-14,1176,1090,1.0788990825688074,55.234048,23,13.0
GERAL,GERAL,23237343074,[DEMAND GEN - NATAL 25 - GS],DEMAND_GEN,2025-12-15,1175,1099,1.0691537761601455,45.61651,35,38.0
GERAL,GERAL,23237343074,[DEMAND GEN - NATAL 25 - GS],DEMAND_GEN,2025-12-16,1292,1076,1.2007434944237918,58.128041,49,72.0
GERAL,GERAL,23237343074,[DEMAND GEN - NATAL 25 - GS],DEMAND_GEN,2025-12-17,631,593,1.0640809443507588,43.884526,15,28.0
GERAL,GERAL,23237343074,[DEMAND GEN - NATAL 25 - GS],DEMAND_GEN,2025-12-18,535,503,1.0636182902584492,37.418065,14,47.0
GERAL,GERAL,23237343074,[DEMAND GEN - NATAL 25 - GS],DEMAND_GEN,2025-12-19,638,598,1.0668896321070234,24.615303,12,44.0
GERAL,GERAL,23237343074,[DEMAND GEN - NATAL 25 - GS],DEMAND_GEN,2025-12-20,541,498,1.0863453815261044,31.752223,22,56.0
GERAL,GERAL,23237343074,[DEMAND GEN - NATAL 25 - GS],DEMAND_GEN,2025-12-21,976,771,1.265888456549935,31.219034,28,28.0
GERAL,GERAL,23237343074,[DEMAND GEN - NATAL 25 - GS],DEMAND_GEN,2025-12-22,1104,858,1.2867132867132867,22.454136,24,12.0
GERAL,GERAL,23237343074,[DEMAND GEN - NATAL 25 - GS],DEMAND_GEN,2025-12-23,1366,1023,1.335288367546432,22.106333,57,31.0
GERAL,GERAL,23237343074,[DEMAND GEN - NATAL 25 - GS],DEMAND_GEN,2025-12-24,1470,1140,1.2894736842105263,24.405633,60,45.0
GERAL,GERAL,23237343074,[DEMAND GEN - NATAL 25 - GS],DEMAND_GEN,2025-12-25,4299,2713,1.5845927018061188,16.647633,134,53.0
GERAL,GERAL,23237343074,[DEMAND GEN - NATAL 25 - GS],DEMAND_GEN,2025-12-26,5074,3330,1.5237237237237238,16.622321,216,62.0
GERAL,GERAL,23237343074,[DEMAND GEN - NATAL 25 - GS],DEMAND_GEN,2025-12-27,4695,3132,1.4990421455938698,16.670902,234,52.0
GERAL,GERAL,23237343074,[DEMAND GEN - NATAL 25 - GS],DEMAND_GEN,2025-12-28,4607,3103,1.4846922333225911,16.666224,221,45.0
GERAL,GERAL,23237343074,[DEMAND GEN - NATAL 25 - GS],DEMAND_GEN,2025-12-29,3073,2156,1.4253246753246753,22.296561,146,123.0
GERAL,GERAL,23237343074,[DEMAND GEN - NATAL 25 - GS],DEMAND_GEN,2025-12-30,1516,1207,1.256006628003314,21.352236,74,23.0
GERAL,GERAL,23237343074,[DEMAND GEN - NATAL 25 - GS],DEMAND_GEN,2025-12-31,2051,1646,1.2460510328068044,29.05093,92,61.0
GERAL,GERAL,23237343074,[DEMAND GEN - NATAL 25 - GS],DEMAND_GEN,2026-01-01,1711,1373,1.246176256372906,15.924877,72,31.0
GERAL,GERAL,23237343074,[DEMAND GEN - NATAL 25 - GS],DEMAND_GEN,2026-01-06,1148,993,1.1560926485397784,31.848791,34,41.0
GERAL,GERAL,23237343074,[DEMAND GEN - NATAL 25 - GS],DEMAND_GEN,2026-01-07,735,650,1.1307692307692307,26.681962,21,52.0
GERAL,GERAL,23237343074,[DEMAND GEN - NATAL 25 - GS],DEMAND_GEN,2026-01-08,1173,1098,1.0683060109289617,50.59647,36,36.0
GERAL,GERAL,23237343074,[DEMAND GEN - NATAL 25 - GS],DEMAND_GEN,2026-01-09,592,543,1.0902394106813997,15.608415,19,51.0
GERAL,GERAL,23237343074,[DEMAND GEN - NATAL 25 - GS],DEMAND_GEN,2026-01-10,440,399,1.1027568922305764,14.44036,13,72.0
GERAL,GERAL,23237343074,[DEMAND GEN - NATAL 25 - GS],DEMAND_GEN,2026-01-11,284,276,1.0289855072463767,17.424886,9,18.0
GERAL,GERAL,23237881832,[DEMAND GEN - NATAL 25 - CS],DEMAND_GEN,2025-12-09,1752,1501,1.1672218520986009,30.136502,41,8.0
GERAL,GERAL,23237881832,[DEMAND GEN - NATAL 25 - CS],DEMAND_GEN,2025-12-10,956,826,1.1573849878934626,30.292814,24,14.0
GERAL,GERAL,23237881832,[DEMAND GEN - NATAL 25 - CS],DEMAND_GEN,2025-12-11,1197,1083,1.105263157894737,47.985298,19,59.0
GERAL,GERAL,23237881832,[DEMAND GEN - NATAL 25 - CS],DEMAND_GEN,2025-12-12,1393,1287,1.0823620823620823,47.336486,29,17.0
GERAL,GERAL,23237881832,[DEMAND GEN - NATAL 25 - CS],DEMAND_GEN,2025-12-13,1317,1190,1.1067226890756303,46.084377,31,8.0
GERAL,GERAL,23237881832,[DEMAND GEN - NATAL 25 - CS],DEMAND_GEN,2025-12-14,2228,2000,1.114,77.431275,47,20.0
GERAL,GERAL,23237881832,[DEMAND GEN - NATAL 25 - CS],DEMAND_GEN,2025-12-15,1135,1015,1.1182266009852218,37.933043,21,103.0
GERAL,GERAL,23237881832,[DEMAND GEN - NATAL 25 - CS],DEMAND_GEN,2025-12-16,1101,1031,1.0678952473326868,42.204106,25,15.0
GERAL,GERAL,23237881832,[DEMAND GEN - NATAL 25 - CS],DEMAND_GEN,2025-12-17,988,861,1.1475029036004645,30.078096,22,43.0
GERAL,GERAL,23237881832,[DEMAND GEN - NATAL 25 - CS],DEMAND_GEN,2025-12-18,507,430,1.1790697674418604,18.297464,9,4.0
GERAL,GERAL,23237881832,[DEMAND GEN - NATAL 25 - CS],DEMAND_GEN,2025-12-19,1162,1088,1.068014705882353,23.63556,24,26.0
GERAL,GERAL,23237881832,[DEMAND GEN - NATAL 25 - CS],DEMAND_GEN,2025-12-20,1306,1231,1.0609260763606825,36.022434,24,19.0
GERAL,GERAL,23237881832,[DEMAND GEN - NATAL 25 - CS],DEMAND_GEN,2025-12-21,411,393,1.0458015267175573,27.661405,8,12.0
GERAL,GERAL,23237881832,[DEMAND GEN - NATAL 25 - CS],DEMAND_GEN,2025-12-22,352,334,1.0538922155688624,24.740797,12,15.0
GERAL,GERAL,23237881832,[DEMAND GEN - NATAL 25 - CS],DEMAND_GEN,2025-12-23,531,510,1.0411764705882354,36.34691,20,28.0
GERAL,GERAL,23237881832,[DEMAND GEN - NATAL 25 - CS],DEMAND_GEN,2025-12-24,443,402,1.1019900497512438,19.588571,11,24.0
GERAL,GERAL,23237881832,[DEMAND GEN - NATAL 25 - CS],DEMAND_GEN,2025-12-25,267,257,1.038910505836576,31.564339,9,3.0
GERAL,GERAL,23237881832,[DEMAND GEN - NATAL 25 - CS],DEMAND_GEN,2025-12-26,581,526,1.1045627376425855,19.796292,21,27.0
GERAL,GERAL,23237881832,[DEMAND GEN - NATAL 25 - CS],DEMAND_GEN,2025-12-27,404,389,1.038560411311054,33.487182,13,10.0
GERAL,GERAL,23237881832,[DEMAND GEN - NATAL 25 - CS],DEMAND_GEN,2025-12-28,352,329,1.0699088145896656,47.014889,13,12.0
GERAL,GERAL,23237881832,[DEMAND GEN - NATAL 25 - CS],DEMAND_GEN,2025-12-29,166,158,1.0506329113924051,26.862772,7,12.0
GERAL,GERAL,23237881832,[DEMAND GEN - NATAL 25 - CS],DEMAND_GEN,2025-12-30,456,443,1.0293453724604966,12.461997,5,14.0
GERAL,GERAL,23237881832,[DEMAND GEN - NATAL 25 - CS],DEMAND_GEN,2025-12-31,353,342,1.0321637426900585,19.104464,12,7.0
GERAL,GERAL,23237881832,[DEMAND GEN - NATAL 25 - CS],DEMAND_GEN,2026-01-01,74,69,1.0724637681159421,8.571402,3,4.0
GERAL,GERAL,23237881832,[DEMAND GEN - NATAL 25 - CS],DEMAND_GEN,2026-01-06,188,156,1.205128205128205,4.630237,7,6.0
GERAL,GERAL,23237881832,[DEMAND GEN - NATAL 25 - CS],DEMAND_GEN,2026-01-07,222,220,1.009090909090909,20.552746,12,17.0
GERAL,GERAL,23237881832,[DEMAND GEN - NATAL 25 - CS],DEMAND_GEN,2026-01-08,233,227,1.026431718061674,12.819666,9,6.0
GERAL,GERAL,23237881832,[DEMAND GEN - NATAL 25 - CS],DEMAND_GEN,2026-01-09,657,622,1.0562700964630225,16.298002,14,25.0
GERAL,GERAL,23237881832,[DEMAND GEN - NATAL 25 - CS],DEMAND_GEN,2026-01-10,134,124,1.0806451612903225,20.098118,6,17.0
GERAL,GERAL,23237900351,[DEMAND GEN - NATAL 25 - BS],DEMAND_GEN,2025-12-09,1745,1434,1.2168758716875872,41.025986,54,40.0
GERAL,GERAL,23237900351,[DEMAND GEN - NATAL 25 - BS],DEMAND_GEN,2025-12-10,1310,1141,1.1481156879929886,57.704233,37,138.0
GERAL,GERAL,23237900351,[DEMAND GEN - NATAL 25 - BS],DEMAND_GEN,2025-12-11,1097,945,1.1608465608465608,44.282049,23,16.0
GERAL,GERAL,23237900351,[DEMAND GEN - NATAL 25 - BS],DEMAND_GEN,2025-12-12,1265,1208,1.0471854304635762,54.641868,32,21.0
GERAL,GERAL,23237900351,[DEMAND GEN - NATAL 25 - BS],DEMAND_GEN,2025-12-13,1004,932,1.0772532188841202,51.323015,22,54.0
GERAL,GERAL,23237900351,[DEMAND GEN - NATAL 25 - BS],DEMAND_GEN,2025-12-14,1401,1284,1.091121495327103,26.70549,67,20.0
GERAL,GERAL,23237900351,[DEMAND GEN - NATAL 25 - BS],DEMAND_GEN,2025-12-15,1411,1227,1.149959250203749,25.699987,71,67.0
GERAL,GERAL,23237900351,[DEMAND GEN - NATAL 25 - BS],DEMAND_GEN,2025-12-16,1233,1088,1.1332720588235294,23.655226,52,46.0
GERAL,GERAL,23237900351,[DEMAND GEN - NATAL 25 - BS],DEMAND_GEN,2025-12-17,1472,1315,1.1193916349809887,33.333834,45,37.0
GERAL,GERAL,23237900351,[DEMAND GEN - NATAL 25 - BS],DEMAND_GEN,2025-12-18,906,745,1.2161073825503357,21.45627,35,18.0
GERAL,GERAL,23237900351,[DEMAND GEN - NATAL 25 - BS],DEMAND_GEN,2025-12-19,1001,853,1.1735052754982416,24.390781,35,91.0
GERAL,GERAL,23237900351,[DEMAND GEN - NATAL 25 - BS],DEMAND_GEN,2025-12-20,629,543,1.1583793738489871,32.342676,16,34.0
GERAL,GERAL,23237900351,[DEMAND GEN - NATAL 25 - BS],DEMAND_GEN,2025-12-21,1186,1038,1.142581888246628,30.726541,29,70.0
GERAL,GERAL,23237900351,[DEMAND GEN - NATAL 25 - BS],DEMAND_GEN,2025-12-22,921,787,1.1702668360864041,27.111063,31,45.0
GERAL,GERAL,23237900351,[DEMAND GEN - NATAL 25 - BS],DEMAND_GEN,2025-12-23,1670,1463,1.14149008885851,26.223309,55,26.0
GERAL,GERAL,23237900351,[DEMAND GEN - NATAL 25 - BS],DEMAND_GEN,2025-12-24,1159,1044,1.1101532567049808,26.109988,49,22.0
GERAL,GERAL,23237900351,[DEMAND GEN - NATAL 25 - BS],DEMAND_GEN,2025-12-25,952,836,1.138755980861244,23.252528,37,19.0
GERAL,GERAL,23237900351,[DEMAND GEN - NATAL 25 - BS],DEMAND_GEN,2025-12-26,1547,1295,1.1945945945945946,24.814679,51,36.0
GERAL,GERAL,23237900351,[DEMAND GEN - NATAL 25 - BS],DEMAND_GEN,2025-12-27,1623,1417,1.1453775582215948,20.090482,72,21.0
GERAL,GERAL,23237900351,[DEMAND GEN - NATAL 25 - BS],DEMAND_GEN,2025-12-28,2203,1843,1.1953336950623983,25.956535,72,36.0
GERAL,GERAL,23237900351,[DEMAND GEN - NATAL 25 - BS],DEMAND_GEN,2025-12-29,962,903,1.0653377630121816,20.533281,30,43.0
GERAL,GERAL,23237900351,[DEMAND GEN - NATAL 25 - BS],DEMAND_GEN,2025-12-30,676,610,1.1081967213114754,20.335171,23,56.0
GERAL,GERAL,23237900351,[DEMAND GEN - NATAL 25 - BS],DEMAND_GEN,2025-12-31,567,509,1.1139489194499017,25.424057,16,16.0
GERAL,GERAL,23237900351,[DEMAND GEN - NATAL 25 - BS],DEMAND_GEN,2026-01-01,496,442,1.1221719457013575,19.416218,13,29.0
GERAL,GERAL,23237900351,[DEMAND GEN - NATAL 25 - BS],DEMAND_GEN,2026-01-06,1043,879,1.186575654152446,31.655232,30,46.0
GERAL,GERAL,23237900351,[DEMAND GEN - NATAL 25 - BS],DEMAND_GEN,2026-01-07,934,795,1.1748427672955974,36.008292,30,52.0
GERAL,GERAL,23237900351,[DEMAND GEN - NATAL 25 - BS],DEMAND_GEN,2026-01-08,845,799,1.0575719649561952,28.24299,21,59.0
GERAL,GERAL,23237900351,[DEMAND GEN - NATAL 25 - BS],DEMAND_GEN,2026-01-09,1550,1442,1.0748959778085991,42.550748,32,49.0
GERAL,GERAL,23237900351,[DEMAND GEN - NATAL 25 - BS],DEMAND_GEN,2026-01-10,366,358,1.0223463687150838,29.516142,17,20.0
GERAL,GERAL,23238497278,[ALC - NATAL 25 - NS] #tdsdispositivos,VIDEO,2025-12-09,8258,6096,1.4366797900262467,22.683326,11,2.0
GERAL,GERAL,23238497278,[ALC - NATAL 25 - NS] #tdsdispositivos,VIDEO,2025-12-10,7926,5616,1.4921652421652423,22.690786,9,2.0
GERAL,GERAL,23238497278,[ALC - NATAL 25 - NS] #tdsdispositivos,VIDEO,2025-12-11,7791,5663,1.4912590499735123,22.72432,8,3.0
GERAL,GERAL,23238497278,[ALC - NATAL 25 - NS] #tdsdispositivos,VIDEO,2025-12-12,7084,5611,1.377651042594903,22.721551,7,7.0
GERAL,GERAL,23238497278,[ALC - NATAL 25 - NS] #tdsdispositivos,VIDEO,2025-12-13,7022,5190,1.4684007707129094,22.761951,7,3.0
GERAL,GERAL,23238497278,[ALC - NATAL 25 - NS] #tdsdispositivos,VIDEO,2025-12-14,7111,5468,1.402889539136796,22.733353,19,3.0
GERAL,GERAL,23238497278,[ALC - NATAL 25 - NS] #tdsdispositivos,VIDEO,2025-12-15,7634,6138,1.3598892147279245,22.671534,9,3.0
GERAL,GERAL,23238497278,[ALC - NATAL 25 - NS] #tdsdispositivos,VIDEO,2025-12-16,7387,5333,1.5077817363585224,22.707746,10,7.0
GERAL,GERAL,23238497278,[ALC - NATAL 25 - NS] #tdsdispositivos,VIDEO,2025-12-17,7307,5682,1.384723688841957,22.722513,14,6.0
GERAL,GERAL,23238497278,[ALC - NATAL 25 - NS] #tdsdispositivos,VIDEO,2025-12-18,3223,2429,1.437216961712639,10.234558,4,8.0
GERAL,GERAL,23238497278,[ALC - NATAL 25 - NS] #tdsdispositivos,VIDEO,2025-12-19,693,640,1.2359375,2.407637,1,1.0
GERAL,GERAL,23238497278,[ALC - NATAL 25 - NS] #tdsdispositivos,VIDEO,2025-12-20,1083,782,1.4641943734015346,2.409318,1,0.0
GERAL,GERAL,23238497278,[ALC - NATAL 25 - NS] #tdsdispositivos,VIDEO,2025-12-21,776,729,1.2277091906721536,2.41127,0,0.0
GERAL,GERAL,23238497278,[ALC - NATAL 25 - NS] #tdsdispositivos,VIDEO,2025-12-22,655,482,1.479253112033195,2.409691,0,0.0
GERAL,GERAL,23238497278,[ALC - NATAL 25 - NS] #tdsdispositivos,VIDEO,2025-12-23,880,632,1.4794303797468353,2.436531,2,0.0
GERAL,GERAL,23238497278,[ALC - NATAL 25 - NS] #tdsdispositivos,VIDEO,2025-12-24,818,759,1.233201581027668,2.422417,2,1.0
GERAL,GERAL,23238497278,[ALC - NATAL 25 - NS] #tdsdispositivos,VIDEO,2025-12-25,890,731,1.3187414500683994,2.42322,1,1.0
GERAL,GERAL,23238497278,[ALC - NATAL 25 - NS] #tdsdispositivos,VIDEO,2025-12-26,851,686,1.345481049562682,2.439296,0,0.0
GERAL,GERAL,23238497278,[ALC - NATAL 25 - NS] #tdsdispositivos,VIDEO,2025-12-27,720,675,1.2266666666666666,2.435173,2,0.0
GERAL,GERAL,23238497278,[ALC - NATAL 25 - NS] #tdsdispositivos,VIDEO,2025-12-28,1011,833,1.3697478991596639,2.450813,0,0.0
GERAL,GERAL,23238497278,[ALC - NATAL 25 - NS] #tdsdispositivos,VIDEO,2025-12-29,1125,807,1.5055762081784387,2.440324,1,2.0
GERAL,GERAL,23238497278,[ALC - NATAL 25 - NS] #tdsdispositivos,VIDEO,2025-12-30,1008,808,1.3898514851485149,2.456374,1,1.0
GERAL,GERAL,23238497278,[ALC - NATAL 25 - NS] #tdsdispositivos,VIDEO,2025-12-31,1179,868,1.4193548387096775,2.455157,1,0.0
GERAL,GERAL,23238497278,[ALC - NATAL 25 - NS] #tdsdispositivos,VIDEO,2026-01-01,1153,1060,1.2179245283018867,2.143373,0,1.0
GERAL,GERAL,23238497278,[ALC - NATAL 25 - NS] #tdsdispositivos,VIDEO,2026-01-06,1374,1166,1.3018867924528301,4.164222,4,0.0
GERAL,GERAL,23238497278,[ALC - NATAL 25 - NS] #tdsdispositivos,VIDEO,2026-01-07,1946,1718,1.2869615832363213,4.166124,1,1.0
GERAL,GERAL,23238497278,[ALC - NATAL 25 - NS] #tdsdispositivos,VIDEO,2026-01-08,1661,1540,1.2694805194805194,4.167183,4,0.0
GERAL,GERAL,23238497278,[ALC - NATAL 25 - NS] #tdsdispositivos,VIDEO,2026-01-09,2358,2278,1.1966637401229148,4.168073,4,0.0
GERAL,GERAL,23238497278,[ALC - NATAL 25 - NS] #tdsdispositivos,VIDEO,2026-01-10,2181,1713,1.417980151780502,4.176934,4,2.0
GERAL,GERAL,23238497278,[ALC - NATAL 25 - NS] #tdsdispositivos,VIDEO,2026-01-11,1858,1701,1.2410346854791299,4.235172,7,0.0
GERAL,GERAL,23241557455,[DEMAND GEN - NATAL 25 - NS],DEMAND_GEN,2025-12-09,1293,1088,1.1884191176470589,44.830512,40,16.0
GERAL,GERAL,23241557455,[DEMAND GEN - NATAL 25 - NS],DEMAND_GEN,2025-12-10,1004,951,1.0557308096740274,70.937048,20,5.0
GERAL,GERAL,23241557455,[DEMAND GEN - NATAL 25 - NS],DEMAND_GEN,2025-12-11,811,694,1.1685878962536023,35.094505,22,24.0
GERAL,GERAL,23241557455,[DEMAND GEN - NATAL 25 - NS],DEMAND_GEN,2025-12-12,483,442,1.092760180995475,26.750885,16,35.0
GERAL,GERAL,23241557455,[DEMAND GEN - NATAL 25 - NS],DEMAND_GEN,2025-12-13,943,850,1.1094117647058823,48.320139,33,56.0
GERAL,GERAL,23241557455,[DEMAND GEN - NATAL 25 - NS],DEMAND_GEN,2025-12-14,1511,1315,1.1490494296577947,35.311508,40,8.0
GERAL,GERAL,23241557455,[DEMAND GEN - NATAL 25 - NS],DEMAND_GEN,2025-12-15,1175,968,1.2138429752066116,23.301287,40,47.0
GERAL,GERAL,23241557455,[DEMAND GEN - NATAL 25 - NS],DEMAND_GEN,2025-12-16,1688,1348,1.2522255192878338,30.817163,53,29.0
GERAL,GERAL,23241557455,[DEMAND GEN - NATAL 25 - NS],DEMAND_GEN,2025-12-17,2731,2138,1.2773620205799814,36.40255,102,146.0
GERAL,GERAL,23241557455,[DEMAND GEN - NATAL 25 - NS],DEMAND_GEN,2025-12-18,1970,1599,1.2320200125078173,39.515935,47,50.0
GERAL,GERAL,23241557455,[DEMAND GEN - NATAL 25 - NS],DEMAND_GEN,2025-12-19,346,310,1.1161290322580646,40.740934,9,15.0
GERAL,GERAL,23241557455,[DEMAND GEN - NATAL 25 - NS],DEMAND_GEN,2025-12-20,1859,1449,1.2829537612146307,37.870056,49,44.0
GERAL,GERAL,23241557455,[DEMAND GEN - NATAL 25 - NS],DEMAND_GEN,2025-12-21,1868,1443,1.2945252945252945,39.393418,42,15.0
GERAL,GERAL,23241557455,[DEMAND GEN - NATAL 25 - NS],DEMAND_GEN,2025-12-22,911,737,1.2360922659430122,36.031761,34,44.0
GERAL,GERAL,23241557455,[DEMAND GEN - NATAL 25 - NS],DEMAND_GEN,2025-12-23,1421,1109,1.2813345356176735,38.213564,49,52.0
GERAL,GERAL,23241557455,[DEMAND GEN - NATAL 25 - NS],DEMAND_GEN,2025-12-24,1406,1119,1.256478999106345,27.503964,58,24.0
GERAL,GERAL,23241557455,[DEMAND GEN - NATAL 25 - NS],DEMAND_GEN,2025-12-25,2503,1857,1.3478729133010232,26.328333,76,37.0
GERAL,GERAL,23241557455,[DEMAND GEN - NATAL 25 - NS],DEMAND_GEN,2025-12-26,2446,1841,1.3286257468766975,28.260199,90,39.0
GERAL,GERAL,23241557455,[DEMAND GEN - NATAL 25 - NS],DEMAND_GEN,2025-12-27,3138,2444,1.2839607201309329,29.271637,117,93.0
GERAL,GERAL,23241557455,[DEMAND GEN - NATAL 25 - NS],DEMAND_GEN,2025-12-28,1115,996,1.1194779116465863,38.026568,35,43.0
GERAL,GERAL,23241557455,[DEMAND GEN - NATAL 25 - NS],DEMAND_GEN,2025-12-29,1049,867,1.209919261822376,37.148395,27,27.0
GERAL,GERAL,23241557455,[DEMAND GEN - NATAL 25 - NS],DEMAND_GEN,2025-12-30,1265,1114,1.1355475763016158,27.326849,40,38.0
GERAL,GERAL,23241557455,[DEMAND GEN - NATAL 25 - NS],DEMAND_GEN,2025-12-31,1348,1167,1.1550985432733505,35.628946,52,35.0
GERAL,GERAL,23241557455,[DEMAND GEN - NATAL 25 - NS],DEMAND_GEN,2026-01-01,1543,1332,1.1584084084084083,48.932367,55,12.0
GERAL,GERAL,23241557455,[DEMAND GEN - NATAL 25 - NS],DEMAND_GEN,2026-01-06,1982,1578,1.256020278833967,43.100586,62,43.0
GERAL,GERAL,23241557455,[DEMAND GEN - NATAL 25 - NS],DEMAND_GEN,2026-01-07,934,820,1.1390243902439023,40.624905,29,22.0
GERAL,GERAL,23241557455,[DEMAND GEN - NATAL 25 - NS],DEMAND_GEN,2026-01-08,1121,1007,1.1132075471698113,38.370954,33,28.0
GERAL,GERAL,23241557455,[DEMAND GEN - NATAL 25 - NS],DEMAND_GEN,2026-01-09,516,489,1.0552147239263803,32.812408,24,68.0
GERAL,GERAL,23241557455,[DEMAND GEN - NATAL 25 - NS],DEMAND_GEN,2026-01-10,897,754,1.1896551724137931,38.476632,38,62.0
GERAL,GERAL,23241557455,[DEMAND GEN - NATAL 25 - NS],DEMAND_GEN,2026-01-11,378,354,1.0677966101694916,14.392252,11,20.0
GERAL,GERAL,23258503147,[PMAX - LEGOS - NS],PERFORMANCE_MAX,2025-12-09,18250,12653,1.442345688769462,53.588934,7,313.0
GERAL,GERAL,23258503147,[PMAX - LEGOS - NS],PERFORMANCE_MAX,2025-12-10,17846,13075,1.3648948374760994,61.615101,16,361.0
GERAL,GERAL,23258503147,[PMAX - LEGOS - NS],PERFORMANCE_MAX,2025-12-11,18442,13428,1.3733988680369378,58.697916,11,414.0
GERAL,GERAL,23258503147,[PMAX - LEGOS - NS],PERFORMANCE_MAX,2025-12-12,17091,12010,1.4230641132389674,57.708637,19,485.0
GERAL,GERAL,23258503147,[PMAX - LEGOS - NS],PERFORMANCE_MAX,2025-12-13,19191,13349,1.437635777960896,63.166544,40,451.0
GERAL,GERAL,23258503147,[PMAX - LEGOS - NS],PERFORMANCE_MAX,2025-12-14,17463,12155,1.4366927190456602,54.758044,15,392.0
GERAL,GERAL,23258503147,[PMAX - LEGOS - NS],PERFORMANCE_MAX,2025-12-15,14563,10311,1.4123751333527301,49.683145,10,311.0
GERAL,GERAL,23346380136,[ALC - NARBONA - CS],VIDEO,2025-12-10,5105,1811,2.8216454997239095,19.60228,15,0.0
GERAL,GERAL,23346380136,[ALC - NARBONA - CS],VIDEO,2025-12-11,7376,6354,1.3467107333962858,21.36041,3,3.0
GERAL,GERAL,23346380136,[ALC - NARBONA - CS],VIDEO,2025-12-12,7020,6377,1.2941822173435784,20.963124,7,5.0
GERAL,GERAL,23346380136,[ALC - NARBONA - CS],VIDEO,2025-12-13,7942,6991,1.2940924045200972,20.854495,2,4.0
GERAL,GERAL,23346380136,[ALC - NARBONA - CS],VIDEO,2025-12-14,8486,7140,1.346358543417367,20.837617,8,5.0
GERAL,GERAL,23346380136,[ALC - NARBONA - CS],VIDEO,2025-12-15,15453,12641,1.4237006565936239,40.099194,23,9.0
GERAL,GERAL,23346380136,[ALC - NARBONA - CS],VIDEO,2025-12-16,16121,13782,1.3706283558264403,41.804047,12,22.0
GERAL,GERAL,23346380136,[ALC - NARBONA - CS],VIDEO,2025-12-17,15424,12942,1.3783031988873435,41.685942,13,17.0
GERAL,GERAL,23346380136,[ALC - NARBONA - CS],VIDEO,2025-12-18,6798,7357,1.1226043224140274,19.989176,7,14.0
GERAL,GERAL,23346380136,[ALC - NARBONA - CS],VIDEO,2025-12-19,7176,6933,1.1867878263378047,20.931699,7,15.0
GERAL,GERAL,23346380136,[ALC - NARBONA - CS],VIDEO,2025-12-20,6898,6460,1.1992260061919504,20.900551,9,19.0
GERAL,GERAL,23346380136,[ALC - NARBONA - CS],VIDEO,2025-12-21,7279,6655,1.2112697220135236,20.787311,12,6.0
GERAL,GERAL,23346380136,[ALC - NARBONA - CS],VIDEO,2025-12-22,6864,6664,1.156512605042017,20.665572,7,9.0
GERAL,GERAL,23346380136,[ALC - NARBONA - CS],VIDEO,2025-12-23,7281,6758,1.1902929860905593,20.623515,14,7.0
GERAL,GERAL,23346380136,[ALC - NARBONA - CS],VIDEO,2025-12-24,7160,6656,1.1853966346153846,20.603788,7,9.0
GERAL,GERAL,23346380136,[ALC - NARBONA - CS],VIDEO,2025-12-25,7280,6498,1.2249923053247154,20.291821,15,10.0
GERAL,GERAL,23346380136,[ALC - NARBONA - CS],VIDEO,2025-12-26,8321,6686,1.3529763685312592,20.138881,7,5.0
GERAL,GERAL,23346380136,[ALC - NARBONA - CS],VIDEO,2025-12-27,7798,7416,1.1717907227615965,19.991115,13,8.0
GERAL,GERAL,23346380136,[ALC - NARBONA - CS],VIDEO,2025-12-28,7891,7224,1.1983665559246954,19.83764,9,4.0
GERAL,GERAL,23346380136,[ALC - NARBONA - CS],VIDEO,2025-12-29,7897,6970,1.2549497847919655,19.370735,8,8.0
GERAL,GERAL,23346380136,[ALC - NARBONA - CS],VIDEO,2025-12-30,7754,7058,1.2179087560215358,18.865777,16,4.0
GERAL,GERAL,23346380136,[ALC - NARBONA - CS],VIDEO,2025-12-31,7286,6900,1.1775362318840579,17.915445,8,5.0
GERAL,GERAL,23346380136,[ALC - NARBONA - CS],VIDEO,2026-01-01,7190,6456,1.211276332094176,16.705716,13,7.0
GERAL,GERAL,23346380136,[ALC - NARBONA - CS],VIDEO,2026-01-06,18649,15254,1.371902451815917,39.983245,19,10.0
GERAL,GERAL,23346380136,[ALC - NARBONA - CS],VIDEO,2026-01-07,17221,15063,1.266480780720972,39.982309,29,4.0
GERAL,GERAL,23346380136,[ALC - NARBONA - CS],VIDEO,2026-01-08,18482,13774,1.4466385944533178,39.976332,23,11.0
GERAL,GERAL,23346380136,[ALC - NARBONA - CS],VIDEO,2026-01-09,17819,14401,1.3580306923130339,39.98394,15,17.0
GERAL,GERAL,23346380136,[ALC - NARBONA - CS],VIDEO,2026-01-10,10883,8058,1.4360883593943907,26.665483,20,9.0
GERAL,GERAL,23346380136,[ALC - NARBONA - CS],VIDEO,2026-01-11,8140,7688,1.1767689906347554,20.256353,9,3.0
GERAL,GERAL,23346380136,[ALC - NARBONA - CS],VIDEO,2026-01-12,8865,7237,1.3364653862097555,20.173327,9,4.0
GERAL,GERAL,23346380136,[ALC - NARBONA - CS],VIDEO,2026-01-13,9257,7663,1.3284614380790813,20.16409,11,8.0
GERAL,GERAL,23346380136,[ALC - NARBONA - CS],VIDEO,2026-01-14,8409,7417,1.260482674935958,20.061603,12,4.0
GERAL,GERAL,23346380136,[ALC - NARBONA - CS],VIDEO,2026-01-15,9122,8041,1.2753388881979852,20.039368,6,4.0
GERAL,GERAL,23346380136,[ALC - NARBONA - CS],VIDEO,2026-01-16,37292,27891,1.441827112688681,96.959762,75,23.0
GERAL,GERAL,23346380136,[ALC - NARBONA - CS],VIDEO,2026-01-17,36788,27515,1.418571688170089,101.571803,71,37.0
GERAL,GERAL,23346380136,[ALC - NARBONA - CS],VIDEO,2026-01-18,35554,25740,1.456993006993007,101.065781,85,18.0
GERAL,GERAL,23346380136,[ALC - NARBONA - CS],VIDEO,2026-01-19,35466,25868,1.4562007113035411,100.760692,60,15.0
GERAL,GERAL,23346380136,[ALC - NARBONA - CS],VIDEO,2026-01-20,38251,25425,1.584660766961652,100.348147,71,13.0
GERAL,GERAL,23346380136,[ALC - NARBONA - CS],VIDEO,2026-01-21,35723,24233,1.5518507819914993,99.93816,79,25.0
GERAL,GERAL,23346380136,[ALC - NARBONA - CS],VIDEO,2026-01-22,35195,26821,1.399463107266694,99.359376,66,26.0
GERAL,GERAL,23346380136,[ALC - NARBONA - CS],VIDEO,2026-01-23,30777,23990,1.3657357232180074,98.772623,56,15.0
GERAL,GERAL,23346380136,[ALC - NARBONA - CS],VIDEO,2026-01-24,30758,23866,1.355568591301433,98.384627,70,13.0
GERAL,GERAL,23346380136,[ALC - NARBONA - CS],VIDEO,2026-01-25,35059,25137,1.4550264550264551,97.753568,62,8.0
GERAL,GERAL,23346380136,[ALC - NARBONA - CS],VIDEO,2026-01-26,30265,24574,1.326971595995768,96.821134,55,13.0
GERAL,GERAL,23346380136,[ALC - NARBONA - CS],VIDEO,2026-01-27,10282,7830,1.4077905491698595,33.160367,14,3.0
GERAL,GERAL,23346380136,[ALC - NARBONA - CS],VIDEO,2026-01-28,10357,9126,1.2682445759368837,31.132202,10,5.0
GERAL,GERAL,23346380136,[ALC - NARBONA - CS],VIDEO,2026-01-29,11216,9964,1.2510036130068245,30.615618,18,5.0
GERAL,GERAL,23346380136,[ALC - NARBONA - CS],VIDEO,2026-01-30,13448,9016,1.5776397515527951,29.854668,11,6.0
GERAL,GERAL,23346380136,[ALC - NARBONA - CS],VIDEO,2026-01-31,12655,8834,1.5422232284355897,28.511376,11,2.0
GERAL,GERAL,23346380136,[ALC - NARBONA - CS],VIDEO,2026-02-01,12767,10922,1.2830067753158763,32.589686,26,6.0
GERAL,GERAL,23346380136,[ALC - NARBONA - CS],VIDEO,2026-02-02,11917,9925,1.3185894206549118,34.157164,21,6.0
GERAL,GERAL,23346380136,[ALC - NARBONA - CS],VIDEO,2026-02-03,8339,6264,1.4620051085568326,18.285351,7,3.0
GERAL,GERAL,23359104901,[PMAX - NARBONA - CS],PERFORMANCE_MAX,2025-12-11,2588,2056,1.2587548638132295,8.130417,17,55.0
GERAL,GERAL,23359104901,[PMAX - NARBONA - CS],PERFORMANCE_MAX,2025-12-12,4137,3284,1.2597442143727162,17.041057,26,96.0
GERAL,GERAL,23359104901,[PMAX - NARBONA - CS],PERFORMANCE_MAX,2025-12-13,4855,4028,1.205312810327706,22.059666,35,156.0
GERAL,GERAL,23359104901,[PMAX - NARBONA - CS],PERFORMANCE_MAX,2025-12-14,2417,1986,1.217019133937563,12.765207,27,76.0
GERAL,GERAL,23359104901,[PMAX - NARBONA - CS],PERFORMANCE_MAX,2025-12-15,4963,4053,1.224525043177893,25.597386,20,120.0
GERAL,GERAL,23359104901,[PMAX - NARBONA - CS],PERFORMANCE_MAX,2025-12-16,6865,5424,1.2656710914454277,25.531073,29,163.0
GERAL,GERAL,23359104901,[PMAX - NARBONA - CS],PERFORMANCE_MAX,2025-12-17,5523,4495,1.228698553948832,25.51504,32,157.0
GERAL,GERAL,23359104901,[PMAX - NARBONA - CS],PERFORMANCE_MAX,2025-12-18,7576,6073,1.2474888852297052,25.537426,18,225.0
GERAL,GERAL,23359104901,[PMAX - NARBONA - CS],PERFORMANCE_MAX,2025-12-19,7748,6103,1.2695395707029329,25.534648,24,221.0
GERAL,GERAL,23359104901,[PMAX - NARBONA - CS],PERFORMANCE_MAX,2025-12-20,8981,7341,1.2234028061571993,25.527934,28,334.0
GERAL,GERAL,23359104901,[PMAX - NARBONA - CS],PERFORMANCE_MAX,2025-12-21,5331,4435,1.2020293122886132,18.370892,32,222.0
GERAL,GERAL,23359104901,[PMAX - NARBONA - CS],PERFORMANCE_MAX,2025-12-22,7255,5888,1.2321671195652173,25.561615,36,293.0
GERAL,GERAL,23359104901,[PMAX - NARBONA - CS],PERFORMANCE_MAX,2025-12-23,8013,6414,1.2492984097287185,25.621667,25,275.0
GERAL,GERAL,23359104901,[PMAX - NARBONA - CS],PERFORMANCE_MAX,2025-12-24,7780,6262,1.242414564037049,20.225733,40,166.0
GERAL,GERAL,23359104901,[PMAX - NARBONA - CS],PERFORMANCE_MAX,2025-12-25,6273,5067,1.2380106571936056,25.638392,45,105.0
GERAL,GERAL,23359104901,[PMAX - NARBONA - CS],PERFORMANCE_MAX,2025-12-26,6903,5810,1.1881239242685027,25.720059,31,266.0
GERAL,GERAL,23359104901,[PMAX - NARBONA - CS],PERFORMANCE_MAX,2025-12-27,9533,7922,1.2033577379449634,25.728525,35,237.0
GERAL,GERAL,23359104901,[PMAX - NARBONA - CS],PERFORMANCE_MAX,2025-12-28,8814,7289,1.2092193716559199,23.467801,49,248.0
GERAL,GERAL,23359104901,[PMAX - NARBONA - CS],PERFORMANCE_MAX,2025-12-29,11827,9297,1.2721307948800689,25.848591,54,324.0
GERAL,GERAL,23359104901,[PMAX - NARBONA - CS],PERFORMANCE_MAX,2025-12-30,13952,10906,1.2792958004768018,25.501694,125,506.0
GERAL,GERAL,23359104901,[PMAX - NARBONA - CS],PERFORMANCE_MAX,2025-12-31,9735,7810,1.2464788732394365,15.221606,57,157.0
GERAL,GERAL,23359104901,[PMAX - NARBONA - CS],PERFORMANCE_MAX,2026-01-01,7553,6268,1.2050095724313976,24.117282,114,187.0
GERAL,GERAL,23359104901,[PMAX - NARBONA - CS],PERFORMANCE_MAX,2026-01-06,4814,3995,1.2050062578222778,27.89574,27,109.0
GERAL,GERAL,23359104901,[PMAX - NARBONA - CS],PERFORMANCE_MAX,2026-01-07,8414,6748,1.2468879668049793,27.899671,45,194.0
GERAL,GERAL,23359104901,[PMAX - NARBONA - CS],PERFORMANCE_MAX,2026-01-08,5812,4878,1.1914719147191473,19.260693,44,128.0
GERAL,GERAL,23359104901,[PMAX - NARBONA - CS],PERFORMANCE_MAX,2026-01-09,3887,3301,1.1775219630415026,24.244847,19,91.0
GERAL,GERAL,23359104901,[PMAX - NARBONA - CS],PERFORMANCE_MAX,2026-01-10,1133,999,1.1341341341341342,27.581115,111,127.0
GERAL,GERAL,23359104901,[PMAX - NARBONA - CS],PERFORMANCE_MAX,2026-01-11,1220,1060,1.150943396226415,16.478532,57,77.0
GERAL,GERAL,23359104901,[PMAX - NARBONA - CS],PERFORMANCE_MAX,2026-01-12,848,720,1.1777777777777778,26.593832,68,79.0
GERAL,GERAL,23359104901,[PMAX - NARBONA - CS],PERFORMANCE_MAX,2026-01-13,570,493,1.156186612576065,28.602263,61,64.0
GERAL,GERAL,23359104901,[PMAX - NARBONA - CS],PERFORMANCE_MAX,2026-01-14,1457,1259,1.1572676727561557,19.844155,21,44.0
GERAL,GERAL,23359104901,[PMAX - NARBONA - CS],PERFORMANCE_MAX,2026-01-15,2419,2094,1.1552053486150908,29.36023,38,90.0
GERAL,GERAL,23359104901,[PMAX - NARBONA - CS],PERFORMANCE_MAX,2026-01-16,2693,2233,1.2060008956560682,28.612043,21,55.0
GERAL,GERAL,23359104901,[PMAX - NARBONA - CS],PERFORMANCE_MAX,2026-01-17,3355,2767,1.2125045175280087,27.757661,30,87.0
GERAL,GERAL,23359104901,[PMAX - NARBONA - CS],PERFORMANCE_MAX,2026-01-18,2704,2217,1.2196662156066758,22.550995,36,71.0
GERAL,GERAL,23359104901,[PMAX - NARBONA - CS],PERFORMANCE_MAX,2026-01-19,8311,6571,1.2647998782529295,28.794267,30,144.0
GERAL,GERAL,23359104901,[PMAX - NARBONA - CS],PERFORMANCE_MAX,2026-01-20,6791,5520,1.2302536231884058,24.274198,30,87.0
GERAL,GERAL,23359104901,[PMAX - NARBONA - CS],PERFORMANCE_MAX,2026-01-21,6720,5440,1.2352941176470589,25.346365,22,87.0
GERAL,GERAL,23359104901,[PMAX - NARBONA - CS],PERFORMANCE_MAX,2026-01-22,6225,5061,1.2299940723177238,21.8819,13,73.0
GERAL,GERAL,23359104901,[PMAX - NARBONA - CS],PERFORMANCE_MAX,2026-01-23,6525,5448,1.1976872246696035,29.187277,19,110.0
GERAL,GERAL,23359104901,[PMAX - NARBONA - CS],PERFORMANCE_MAX,2026-01-24,6153,5175,1.1889855072463769,29.031943,19,106.0
GERAL,GERAL,23359104901,[PMAX - NARBONA - CS],PERFORMANCE_MAX,2026-01-25,5069,4305,1.1774680603948897,24.554719,14,69.0
GERAL,GERAL,23359104901,[PMAX - NARBONA - CS],PERFORMANCE_MAX,2026-01-26,7211,5917,1.2186919046814264,29.261168,15,75.0
GERAL,GERAL,23359104901,[PMAX - NARBONA - CS],PERFORMANCE_MAX,2026-01-27,7691,6228,1.234906872190109,29.329968,18,90.0
GERAL,GERAL,23359104901,[PMAX - NARBONA - CS],PERFORMANCE_MAX,2026-01-28,8159,6619,1.2326635443420457,29.366503,18,91.0
GERAL,GERAL,23359104901,[PMAX - NARBONA - CS],PERFORMANCE_MAX,2026-01-29,7703,6249,1.232677228356537,29.313964,25,90.0
GERAL,GERAL,23359104901,[PMAX - NARBONA - CS],PERFORMANCE_MAX,2026-01-30,7063,5756,1.2270674079221682,29.378198,19,95.0
GERAL,GERAL,23359104901,[PMAX - NARBONA - CS],PERFORMANCE_MAX,2026-01-31,4709,3911,1.204039887496804,27.777275,13,87.0
GERAL,GERAL,23359104901,[PMAX - NARBONA - CS],PERFORMANCE_MAX,2026-02-01,6131,5066,1.210225029609159,29.427594,52,142.0
GERAL,GERAL,23359104901,[PMAX - NARBONA - CS],PERFORMANCE_MAX,2026-02-02,5066,4336,1.1683579335793357,15.080053,27,73.0
GERAL,GERAL,23359104901,[PMAX - NARBONA - CS],PERFORMANCE_MAX,2026-02-03,2901,2435,1.1913757700205339,28.570404,34,69.0
GERAL,GERAL,23359104901,[PMAX - NARBONA - CS],PERFORMANCE_MAX,2026-02-04,2522,2138,1.1796071094480822,27.076073,30,63.0
GERAL,GERAL,23359104901,[PMAX - NARBONA - CS],PERFORMANCE_MAX,2026-02-05,361,308,1.172077922077922,6.030437,10,21.0
GERAL,GERAL,23359104901,[PMAX - NARBONA - CS],PERFORMANCE_MAX,2026-02-07,1113,1042,1.0681381957773513,32.932039,41,35.0
GERAL,GERAL,23359104901,[PMAX - NARBONA - CS],PERFORMANCE_MAX,2026-02-08,658,553,1.1898734177215189,18.679455,39,30.0
GERAL,GERAL,23359104901,[PMAX - NARBONA - CS],PERFORMANCE_MAX,2026-02-09,2145,1843,1.1638632664134563,33.331553,29,61.0
GERAL,GERAL,23359104901,[PMAX - NARBONA - CS],PERFORMANCE_MAX,2026-02-10,10166,8128,1.250738188976378,33.334973,46,242.0
GERAL,GERAL,23359104901,[PMAX - NARBONA - CS],PERFORMANCE_MAX,2026-02-11,11922,9452,1.2613203554803216,30.926366,75,250.0
GERAL,GERAL,23359104901,[PMAX - NARBONA - CS],PERFORMANCE_MAX,2026-02-12,12457,9843,1.2655694402113178,30.953267,60,285.0
GERAL,GERAL,23359104901,[PMAX - NARBONA - CS],PERFORMANCE_MAX,2026-02-13,11309,9051,1.249475196110927,33.684432,71,279.0
GERAL,GERAL,23359104901,[PMAX - NARBONA - CS],PERFORMANCE_MAX,2026-02-14,11352,9440,1.202542372881356,33.588438,86,377.0
GERAL,GERAL,23359104901,[PMAX - NARBONA - CS],PERFORMANCE_MAX,2026-02-15,9360,7446,1.257050765511684,27.761537,104,279.0
GERAL,GERAL,23359104901,[PMAX - NARBONA - CS],PERFORMANCE_MAX,2026-02-16,12029,9613,1.2513263289295746,30.074808,91,361.0
GERAL,GERAL,23359104901,[PMAX - NARBONA - CS],PERFORMANCE_MAX,2026-02-17,8897,7212,1.2336383804769828,21.161408,70,183.0
GERAL,GERAL,23359104901,[PMAX - NARBONA - CS],PERFORMANCE_MAX,2026-02-18,10001,7937,1.2600478770316241,35.541738,40,181.0
GERAL,GERAL,23359104901,[PMAX - NARBONA - CS],PERFORMANCE_MAX,2026-02-19,15522,11860,1.308768971332209,35.535855,27,195.0
GERAL,GERAL,23359104901,[PMAX - NARBONA - CS],PERFORMANCE_MAX,2026-02-20,15857,12475,1.2711022044088176,35.516724,63,281.0
GERAL,GERAL,23359104901,[PMAX - NARBONA - CS],PERFORMANCE_MAX,2026-02-21,12883,10488,1.2283562166285278,35.542949,54,331.0
GERAL,GERAL,23359104901,[PMAX - NARBONA - CS],PERFORMANCE_MAX,2026-02-22,11893,9274,1.2824024153547553,32.691984,94,294.0
GERAL,GERAL,23359104901,[PMAX - NARBONA - CS],PERFORMANCE_MAX,2026-02-23,17750,13607,1.3044756375395017,35.750002,61,280.0
GERAL,GERAL,23359104901,[PMAX - NARBONA - CS],PERFORMANCE_MAX,2026-02-24,18898,14352,1.3167502787068004,35.423979,134,355.0
GERAL,GERAL,23359104901,[PMAX - NARBONA - CS],PERFORMANCE_MAX,2026-02-25,5809,5066,1.1466640347414134,8.152057,37,100.0
GERAL,GERAL,23374069830,[ALC - NATAL 25 - NK] #TV,VIDEO,2025-12-19,2617,3516,1.015358361774744,7.471196,0,0.0
GERAL,GERAL,23374069830,[ALC - NATAL 25 - NK] #TV,VIDEO,2025-12-20,2416,3146,1.0104895104895104,7.465478,0,27.0
GERAL,GERAL,23374069830,[ALC - NATAL 25 - NK] #TV,VIDEO,2025-12-21,2534,3305,1.0136157337367624,7.482734,0,9.0
GERAL,GERAL,23374069830,[ALC - NATAL 25 - NK] #TV,VIDEO,2025-12-22,3316,4287,1.0356892932120363,7.470052,0,9.0
GERAL,GERAL,23374069830,[ALC - NATAL 25 - NK] #TV,VIDEO,2025-12-23,2127,2774,1.0082912761355443,7.460164,3,7.0
GERAL,GERAL,23374069830,[ALC - NATAL 25 - NK] #TV,VIDEO,2025-12-24,2373,3091,1.008735037204788,7.466866,1,12.0
GERAL,GERAL,23374069830,[ALC - NATAL 25 - NK] #TV,VIDEO,2025-12-25,2547,3300,1.0093939393939393,7.46942,1,7.0
GERAL,GERAL,23374069830,[ALC - NATAL 25 - NK] #TV,VIDEO,2025-12-26,3453,4590,1.0139433551198258,7.469079,3,11.0
GERAL,GERAL,23374069830,[ALC - NATAL 25 - NK] #TV,VIDEO,2025-12-27,4716,6188,1.036037491919845,7.465535,0,8.0
GERAL,GERAL,23374069830,[ALC - NATAL 25 - NK] #TV,VIDEO,2025-12-28,3222,4256,1.0150375939849625,7.470649,0,6.0
GERAL,GERAL,23374069830,[ALC - NATAL 25 - NK] #TV,VIDEO,2025-12-29,3038,4045,1.0126081582200248,7.469982,1,12.0
GERAL,GERAL,23374069830,[ALC - NATAL 25 - NK] #TV,VIDEO,2025-12-30,3335,4386,1.0191518467852256,7.476469,0,9.0
GERAL,GERAL,23374069830,[ALC - NATAL 25 - NK] #TV,VIDEO,2025-12-31,3251,4345,1.0140391254315304,7.470993,2,6.0
GERAL,GERAL,23374069830,[ALC - NATAL 25 - NK] #TV,VIDEO,2026-01-01,2902,3886,1.0095213587236234,6.394553,0,11.0
GERAL,GERAL,23374069830,[ALC - NATAL 25 - NK] #TV,VIDEO,2026-01-06,2329,3003,1.0156510156510157,8.094728,0,2.0
GERAL,GERAL,23374069830,[ALC - NATAL 25 - NK] #TV,VIDEO,2026-01-07,2750,3451,1.0388293248333815,8.102724,1,12.0
GERAL,GERAL,23374069830,[ALC - NATAL 25 - NK] #TV,VIDEO,2026-01-08,4432,5808,1.024793388429752,8.110285,2,5.0
GERAL,GERAL,23374069830,[ALC - NATAL 25 - NK] #TV,VIDEO,2026-01-09,4674,6342,1.0113528855250709,8.102915,0,12.0
GERAL,GERAL,23374069830,[ALC - NATAL 25 - NK] #TV,VIDEO,2026-01-10,4639,6081,1.032067094227923,8.097424,3,10.0
GERAL,GERAL,23374069830,[ALC - NATAL 25 - NK] #TV,VIDEO,2026-01-11,4163,5599,1.0192891587783532,8.090006,0,14.0
GERAL,GERAL,23374069830,[ALC - NATAL 25 - NK] #TV,VIDEO,2026-01-12,1253,1762,1.0017026106696936,2.254453,2,2.0
GERAL,GERAL,23374075092,[ALC - NATAL 25 - NS] #TV,VIDEO,2025-12-19,2316,2142,1.2525676937441643,7.445206,6,19.0
GERAL,GERAL,23374075092,[ALC - NATAL 25 - NS] #TV,VIDEO,2025-12-20,3405,2549,1.4484111416241663,7.464843,3,11.0
GERAL,GERAL,23374075092,[ALC - NATAL 25 - NS] #TV,VIDEO,2025-12-21,4182,2767,1.5796891940730033,7.464988,4,2.0
GERAL,GERAL,23374075092,[ALC - NATAL 25 - NS] #TV,VIDEO,2025-12-22,3164,3034,1.1694133157547792,7.46622,3,14.0
GERAL,GERAL,23374075092,[ALC - NATAL 25 - NS] #TV,VIDEO,2025-12-23,3687,3118,1.3017960230917254,7.486905,0,7.0
GERAL,GERAL,23374075092,[ALC - NATAL 25 - NS] #TV,VIDEO,2025-12-24,3710,3393,1.219569702328323,7.485547,2,6.0
GERAL,GERAL,23374075092,[ALC - NATAL 25 - NS] #TV,VIDEO,2025-12-25,4814,4545,1.2369636963696369,7.47159,7,8.0
GERAL,GERAL,23374075092,[ALC - NATAL 25 - NS] #TV,VIDEO,2025-12-26,3497,3312,1.2173913043478262,7.464806,4,5.0
GERAL,GERAL,23374075092,[ALC - NATAL 25 - NS] #TV,VIDEO,2025-12-27,3681,3721,1.1730717549045955,7.478889,2,3.0
GERAL,GERAL,23374075092,[ALC - NATAL 25 - NS] #TV,VIDEO,2025-12-28,4171,4162,1.195819317635752,7.480402,4,11.0
GERAL,GERAL,23374075092,[ALC - NATAL 25 - NS] #TV,VIDEO,2025-12-29,4106,4082,1.1727094561489466,7.480777,1,5.0
GERAL,GERAL,23374075092,[ALC - NATAL 25 - NS] #TV,VIDEO,2025-12-30,3858,4378,1.0959342165372317,7.483214,6,8.0
GERAL,GERAL,23374075092,[ALC - NATAL 25 - NS] #TV,VIDEO,2025-12-31,3290,3838,1.0721730067743616,7.478399,4,8.0
GERAL,GERAL,23374075092,[ALC - NATAL 25 - NS] #TV,VIDEO,2026-01-01,3324,3710,1.106199460916442,6.525858,5,6.0
GERAL,GERAL,23374075092,[ALC - NATAL 25 - NS] #TV,VIDEO,2026-01-06,2810,2590,1.21003861003861,8.155375,10,5.0
GERAL,GERAL,23374075092,[ALC - NATAL 25 - NS] #TV,VIDEO,2026-01-07,2539,2010,1.3527363184079602,8.114147,9,0.0
GERAL,GERAL,23374075092,[ALC - NATAL 25 - NS] #TV,VIDEO,2026-01-08,2080,1610,1.4024844720496894,8.120542,12,0.0
GERAL,GERAL,23374075092,[ALC - NATAL 25 - NS] #TV,VIDEO,2026-01-09,2990,3380,1.0775147928994082,8.108964,9,11.0
GERAL,GERAL,23374075092,[ALC - NATAL 25 - NS] #TV,VIDEO,2026-01-10,5060,5097,1.1436138905238376,8.100811,4,10.0
GERAL,GERAL,23374075092,[ALC - NATAL 25 - NS] #TV,VIDEO,2026-01-11,5974,5891,1.1868952639619759,8.112933,10,8.0
GERAL,GERAL,23374075092,[ALC - NATAL 25 - NS] #TV,VIDEO,2026-01-12,1783,1783,1.1991026360067303,2.579149,1,2.0
GERAL,GERAL,23378900783,[ALC - NATAL 25 - NR] #TV,VIDEO,2025-12-19,2639,3516,1.018202502844141,7.4626,0,2.0
GERAL,GERAL,23378900783,[ALC - NATAL 25 - NR] #TV,VIDEO,2025-12-20,3104,4175,1.0210778443113773,7.468717,0,3.0
GERAL,GERAL,23378900783,[ALC - NATAL 25 - NR] #TV,VIDEO,2025-12-21,2569,3340,1.02125748502994,7.469604,0,4.0
GERAL,GERAL,23378900783,[ALC - NATAL 25 - NR] #TV,VIDEO,2025-12-22,2581,3393,1.021514883583849,7.464745,0,7.0
GERAL,GERAL,23378900783,[ALC - NATAL 25 - NR] #TV,VIDEO,2025-12-23,2316,3021,1.0175438596491229,7.460252,0,4.0
GERAL,GERAL,23378900783,[ALC - NATAL 25 - NR] #TV,VIDEO,2025-12-24,2443,3141,1.037886023559376,7.514448,0,4.0
GERAL,GERAL,23378900783,[ALC - NATAL 25 - NR] #TV,VIDEO,2025-12-25,1889,2455,1.014663951120163,7.453402,4,16.0
GERAL,GERAL,23378900783,[ALC - NATAL 25 - NR] #TV,VIDEO,2025-12-26,2066,2693,1.0077979948013367,7.464537,0,15.0
GERAL,GERAL,23378900783,[ALC - NATAL 25 - NR] #TV,VIDEO,2025-12-27,2906,3805,1.0157687253613665,7.475661,0,18.0
GERAL,GERAL,23378900783,[ALC - NATAL 25 - NR] #TV,VIDEO,2025-12-28,4214,5546,1.0412910205553552,7.478373,0,20.0
GERAL,GERAL,23378900783,[ALC - NATAL 25 - NR] #TV,VIDEO,2025-12-29,3267,4320,1.0280092592592593,7.469764,0,15.0
GERAL,GERAL,23378900783,[ALC - NATAL 25 - NR] #TV,VIDEO,2025-12-30,3155,4137,1.0149867053420354,7.468544,1,9.0
GERAL,GERAL,23378900783,[ALC - NATAL 25 - NR] #TV,VIDEO,2025-12-31,3320,4403,1.0147626618214853,7.469016,0,16.0
GERAL,GERAL,23378900783,[ALC - NATAL 25 - NR] #TV,VIDEO,2026-01-01,2936,3921,1.0122417750573833,6.469644,1,19.0
GERAL,GERAL,23378900783,[ALC - NATAL 25 - NR] #TV,VIDEO,2026-01-06,2281,3016,1.018236074270557,8.104966,0,3.0
GERAL,GERAL,23378900783,[ALC - NATAL 25 - NR] #TV,VIDEO,2026-01-07,2889,3620,1.0486187845303867,8.108491,3,7.0
GERAL,GERAL,23378900783,[ALC - NATAL 25 - NR] #TV,VIDEO,2026-01-08,3664,5015,1.0209371884346958,8.102543,2,12.0
GERAL,GERAL,23378900783,[ALC - NATAL 25 - NR] #TV,VIDEO,2026-01-09,3185,4225,1.0089940828402366,8.117977,0,8.0
GERAL,GERAL,23378900783,[ALC - NATAL 25 - NR] #TV,VIDEO,2026-01-10,4629,6196,1.0235635894125241,8.100609,1,6.0
GERAL,GERAL,23378900783,[ALC - NATAL 25 - NR] #TV,VIDEO,2026-01-11,4675,6245,1.0251401120896717,8.10593,0,12.0
GERAL,GERAL,23378900783,[ALC - NATAL 25 - NR] #TV,VIDEO,2026-01-12,1409,1922,1.0067637877211237,2.4944,0,3.0
GERAL,GERAL,23378921756,[ALC - NATAL 25 - BS] #TV,VIDEO,2025-12-19,2267,2745,1.0604735883424408,7.458121,0,2.0
GERAL,GERAL,23378921756,[ALC - NATAL 25 - BS] #TV,VIDEO,2025-12-20,2646,3378,1.0219064535227946,7.461789,0,8.0
GERAL,GERAL,23378921756,[ALC - NATAL 25 - BS] #TV,VIDEO,2025-12-21,2269,2875,1.015304347826087,7.473441,0,9.0
GERAL,GERAL,23378921756,[ALC - NATAL 25 - BS] #TV,VIDEO,2025-12-22,1631,1956,1.0219836400817996,7.462565,1,14.0
GERAL,GERAL,23378921756,[ALC - NATAL 25 - BS] #TV,VIDEO,2025-12-23,2369,2908,1.0106602475928472,7.469299,1,10.0
GERAL,GERAL,23378921756,[ALC - NATAL 25 - BS] #TV,VIDEO,2025-12-24,4105,4926,1.0483150629313844,7.466442,0,8.0
GERAL,GERAL,23378921756,[ALC - NATAL 25 - BS] #TV,VIDEO,2025-12-25,2651,3349,1.0220961481039117,7.443165,0,10.0
GERAL,GERAL,23378921756,[ALC - NATAL 25 - BS] #TV,VIDEO,2025-12-26,2814,3507,1.0202452238380382,7.465031,0,23.0
GERAL,GERAL,23378921756,[ALC - NATAL 25 - BS] #TV,VIDEO,2025-12-27,2704,3440,1.0229651162790698,7.469676,0,13.0
GERAL,GERAL,23378921756,[ALC - NATAL 25 - BS] #TV,VIDEO,2025-12-28,3029,3810,1.0259842519685038,7.469175,1,16.0
GERAL,GERAL,23378921756,[ALC - NATAL 25 - BS] #TV,VIDEO,2025-12-29,3011,3835,1.0166883963494133,7.465507,4,11.0
GERAL,GERAL,23378921756,[ALC - NATAL 25 - BS] #TV,VIDEO,2025-12-30,3175,3963,1.0234670704012112,7.470053,2,13.0
GERAL,GERAL,23378921756,[ALC - NATAL 25 - BS] #TV,VIDEO,2025-12-31,3138,4043,1.0079149146673263,7.470682,0,9.0
GERAL,GERAL,23378921756,[ALC - NATAL 25 - BS] #TV,VIDEO,2026-01-01,2866,3762,1.0116959064327486,6.293705,3,8.0
GERAL,GERAL,23378921756,[ALC - NATAL 25 - BS] #TV,VIDEO,2026-01-06,2748,3284,1.031973203410475,8.094935,1,2.0
GERAL,GERAL,23378921756,[ALC - NATAL 25 - BS] #TV,VIDEO,2026-01-07,3290,3819,1.0636292223095052,8.0988,0,4.0
GERAL,GERAL,23378921756,[ALC - NATAL 25 - BS] #TV,VIDEO,2026-01-08,2820,3517,1.0071083309638897,8.107634,2,9.0
GERAL,GERAL,23378921756,[ALC - NATAL 25 - BS] #TV,VIDEO,2026-01-09,3406,4300,1.0120930232558139,8.108026,2,15.0
GERAL,GERAL,23378921756,[ALC - NATAL 25 - BS] #TV,VIDEO,2026-01-10,4040,5167,1.0164505515773177,8.113395,4,10.0
GERAL,GERAL,23378921756,[ALC - NATAL 25 - BS] #TV,VIDEO,2026-01-11,4289,5452,1.023294203961849,8.112717,4,7.0
GERAL,GERAL,23378921756,[ALC - NATAL 25 - BS] #TV,VIDEO,2026-01-12,1194,1545,1.0045307443365696,2.507643,0,1.0
GERAL,GERAL,23383165195,[ALC - NATAL 25 - GS] #TV,VIDEO,2025-12-19,2441,3186,1.0433145009416196,7.470854,0,0.0
GERAL,GERAL,23383165195,[ALC - NATAL 25 - GS] #TV,VIDEO,2025-12-20,3186,4199,1.0407239819004526,7.464004,0,3.0
GERAL,GERAL,23383165195,[ALC - NATAL 25 - GS] #TV,VIDEO,2025-12-21,3048,3985,1.0373902132998745,7.472484,0,6.0
GERAL,GERAL,23383165195,[ALC - NATAL 25 - GS] #TV,VIDEO,2025-12-22,2244,2887,1.034984412885348,7.461354,0,4.0
GERAL,GERAL,23383165195,[ALC - NATAL 25 - GS] #TV,VIDEO,2025-12-23,1992,2561,1.018352206169465,7.45955,2,6.0
GERAL,GERAL,23383165195,[ALC - NATAL 25 - GS] #TV,VIDEO,2025-12-24,2294,2994,1.0167000668002673,7.468603,0,11.0
GERAL,GERAL,23383165195,[ALC - NATAL 25 - GS] #TV,VIDEO,2025-12-25,3813,4687,1.0567527202901643,7.467568,1,4.0
GERAL,GERAL,23383165195,[ALC - NATAL 25 - GS] #TV,VIDEO,2025-12-26,3519,4376,1.0605575868372943,7.474709,2,13.0
GERAL,GERAL,23383165195,[ALC - NATAL 25 - GS] #TV,VIDEO,2025-12-27,3135,3990,1.0355889724310776,7.467753,0,10.0
GERAL,GERAL,23383165195,[ALC - NATAL 25 - GS] #TV,VIDEO,2025-12-28,3130,4003,1.0407194604046965,7.468474,1,12.0
GERAL,GERAL,23383165195,[ALC - NATAL 25 - GS] #TV,VIDEO,2025-12-29,2956,3851,1.0342768112178655,7.472334,2,7.0
GERAL,GERAL,23383165195,[ALC - NATAL 25 - GS] #TV,VIDEO,2025-12-30,3286,4233,1.030474840538625,7.473332,0,9.0
GERAL,GERAL,23383165195,[ALC - NATAL 25 - GS] #TV,VIDEO,2025-12-31,3193,4138,1.0314161430642823,7.467886,2,5.0
GERAL,GERAL,23383165195,[ALC - NATAL 25 - GS] #TV,VIDEO,2026-01-01,2907,3846,1.0192407696307852,6.240452,2,10.0
GERAL,GERAL,23383165195,[ALC - NATAL 25 - GS] #TV,VIDEO,2026-01-06,2195,2814,1.0177683013503909,8.107009,0,5.0
GERAL,GERAL,23383165195,[ALC - NATAL 25 - GS] #TV,VIDEO,2026-01-07,1913,2454,1.0167074164629177,8.088763,1,1.0
GERAL,GERAL,23383165195,[ALC - NATAL 25 - GS] #TV,VIDEO,2026-01-08,3034,3951,1.0217666413566187,8.106873,0,3.0
GERAL,GERAL,23383165195,[ALC - NATAL 25 - GS] #TV,VIDEO,2026-01-09,5056,6568,1.030602923264312,8.136266,1,10.0
GERAL,GERAL,23383165195,[ALC - NATAL 25 - GS] #TV,VIDEO,2026-01-10,5169,6816,1.0462147887323943,8.105545,0,9.0
GERAL,GERAL,23383165195,[ALC - NATAL 25 - GS] #TV,VIDEO,2026-01-11,4811,6378,1.0407651301348384,8.106302,1,2.0
GERAL,GERAL,23383165195,[ALC - NATAL 25 - GS] #TV,VIDEO,2026-01-12,1415,1951,1.0128139415684265,2.564553,1,0.0
GERAL,GERAL,23383173829,[ALC - NATAL 25 - CS] #TV,VIDEO,2025-12-19,1821,2284,1.0380910683012259,7.465528,1,4.0
GERAL,GERAL,23383173829,[ALC - NATAL 25 - CS] #TV,VIDEO,2025-12-20,2976,3263,1.174072939013178,7.478811,0,7.0
GERAL,GERAL,23383173829,[ALC - NATAL 25 - CS] #TV,VIDEO,2025-12-21,2136,2609,1.068991950939057,7.46845,0,8.0
GERAL,GERAL,23383173829,[ALC - NATAL 25 - CS] #TV,VIDEO,2025-12-22,2104,2649,1.02718006795017,7.458347,0,11.0
GERAL,GERAL,23383173829,[ALC - NATAL 25 - CS] #TV,VIDEO,2025-12-23,2444,3147,1.017476962186209,7.463717,4,8.0
GERAL,GERAL,23383173829,[ALC - NATAL 25 - CS] #TV,VIDEO,2025-12-24,2488,3160,1.0199367088607596,7.469037,0,6.0
GERAL,GERAL,23383173829,[ALC - NATAL 25 - CS] #TV,VIDEO,2025-12-25,2954,3748,1.0280149413020276,7.445152,1,6.0
GERAL,GERAL,23383173829,[ALC - NATAL 25 - CS] #TV,VIDEO,2025-12-26,3055,3841,1.0400937255922937,7.463417,0,13.0
GERAL,GERAL,23383173829,[ALC - NATAL 25 - CS] #TV,VIDEO,2025-12-27,3261,4120,1.037378640776699,7.4729,1,16.0
GERAL,GERAL,23383173829,[ALC - NATAL 25 - CS] #TV,VIDEO,2025-12-28,3155,4041,1.0413264043553576,7.470737,2,11.0
GERAL,GERAL,23383173829,[ALC - NATAL 25 - CS] #TV,VIDEO,2025-12-29,3077,3952,1.0313765182186234,7.465968,1,10.0
GERAL,GERAL,23383173829,[ALC - NATAL 25 - CS] #TV,VIDEO,2025-12-30,3140,4106,1.0172917681441793,7.468493,0,16.0
GERAL,GERAL,23383173829,[ALC - NATAL 25 - CS] #TV,VIDEO,2025-12-31,3203,4140,1.0183574879227053,7.473476,3,8.0
GERAL,GERAL,23383173829,[ALC - NATAL 25 - CS] #TV,VIDEO,2026-01-01,2833,3764,1.0127523910733263,6.381439,4,7.0
GERAL,GERAL,23383173829,[ALC - NATAL 25 - CS] #TV,VIDEO,2026-01-06,2065,2533,1.0315831030398737,8.065699,1,3.0
GERAL,GERAL,23383173829,[ALC - NATAL 25 - CS] #TV,VIDEO,2026-01-07,2148,2629,1.0323316850513504,8.083129,0,5.0
GERAL,GERAL,23383173829,[ALC - NATAL 25 - CS] #TV,VIDEO,2026-01-08,2913,3705,1.0137651821862348,8.094974,2,8.0
GERAL,GERAL,23383173829,[ALC - NATAL 25 - CS] #TV,VIDEO,2026-01-09,3540,4531,1.0187596557051424,8.096927,2,8.0
GERAL,GERAL,23383173829,[ALC - NATAL 25 - CS] #TV,VIDEO,2026-01-10,4020,5176,1.0324574961360125,8.10449,4,9.0
GERAL,GERAL,23383173829,[ALC - NATAL 25 - CS] #TV,VIDEO,2026-01-11,4192,5375,1.0411162790697674,8.104778,1,10.0
GERAL,GERAL,23383173829,[ALC - NATAL 25 - CS] #TV,VIDEO,2026-01-12,1140,1518,1.0085638998682478,2.351255,1,4.0
GERAL,GERAL,23436243822,[GEN - LIQUIDA - CS],DEMAND_GEN,2026-01-08,19101,14020,1.3624108416547789,56.186125,620,10.0
GERAL,GERAL,23436243822,[GEN - LIQUIDA - CS],DEMAND_GEN,2026-01-09,47014,31745,1.4809891321467947,112.993411,1807,50.0
GERAL,GERAL,23436243822,[GEN - LIQUIDA - CS],DEMAND_GEN,2026-01-10,52909,35198,1.503238820387522,113.059548,2105,54.0
GERAL,GERAL,23436243822,[GEN - LIQUIDA - CS],DEMAND_GEN,2026-01-11,69188,42956,1.6109274606574169,112.873199,2104,56.0
GERAL,GERAL,23436243822,[GEN - LIQUIDA - CS],DEMAND_GEN,2026-01-12,44640,31259,1.4280687162097316,86.192145,1563,32.0
GERAL,GERAL,23436243822,[GEN - LIQUIDA - CS],DEMAND_GEN,2026-01-13,43064,29478,1.4608860845376213,86.284672,1612,40.0
GERAL,GERAL,23436243822,[GEN - LIQUIDA - CS],DEMAND_GEN,2026-01-14,42619,28152,1.5138888888888888,86.223223,1639,39.0
GERAL,GERAL,23436243822,[GEN - LIQUIDA - CS],DEMAND_GEN,2026-01-15,45698,29947,1.5259625338097305,86.466823,1533,35.0
GERAL,GERAL,23436243822,[GEN - LIQUIDA - CS],DEMAND_GEN,2026-01-16,34840,23055,1.5111689438299718,86.618219,992,72.0
GERAL,GERAL,23436243822,[GEN - LIQUIDA - CS],DEMAND_GEN,2026-01-17,37831,22769,1.6615134612850806,86.6033,1094,72.0
GERAL,GERAL,23436243822,[GEN - LIQUIDA - CS],DEMAND_GEN,2026-01-18,4457,3704,1.2032937365010798,95.144952,167,40.0
GERAL,GERAL,23436837537,[GEN - LIQUIDA -  GS],DEMAND_GEN,2026-01-08,10728,7274,1.4748419026670332,43.729111,316,11.0
GERAL,GERAL,23436837537,[GEN - LIQUIDA -  GS],DEMAND_GEN,2026-01-09,45272,28887,1.5672101637414755,114.21408,1605,53.0
GERAL,GERAL,23436837537,[GEN - LIQUIDA -  GS],DEMAND_GEN,2026-01-10,57904,35156,1.6471157128228466,114.266365,1912,58.0
GERAL,GERAL,23436837537,[GEN - LIQUIDA -  GS],DEMAND_GEN,2026-01-11,64900,38414,1.6895142396001457,113.988059,1958,79.0
GERAL,GERAL,23436837537,[GEN - LIQUIDA -  GS],DEMAND_GEN,2026-01-12,43310,28306,1.5300642973221226,87.503232,1467,40.0
GERAL,GERAL,23436837537,[GEN - LIQUIDA -  GS],DEMAND_GEN,2026-01-13,44229,28098,1.5740978005551998,87.538373,1577,46.0
GERAL,GERAL,23436837537,[GEN - LIQUIDA -  GS],DEMAND_GEN,2026-01-14,45815,29290,1.5641857289177195,87.487984,1509,46.0
GERAL,GERAL,23436837537,[GEN - LIQUIDA -  GS],DEMAND_GEN,2026-01-15,47630,30422,1.5656432844651897,87.733635,1388,40.0
GERAL,GERAL,23436837537,[GEN - LIQUIDA -  GS],DEMAND_GEN,2026-01-16,33229,21584,1.5395200148257968,87.892181,878,76.0
GERAL,GERAL,23436837537,[GEN - LIQUIDA -  GS],DEMAND_GEN,2026-01-17,37204,21772,1.7088002939555391,87.900179,926,66.0
GERAL,GERAL,23436837537,[GEN - LIQUIDA -  GS],DEMAND_GEN,2026-01-18,6482,5237,1.2377315256826427,109.062077,220,58.0
GERAL,GERAL,23441940872,[GEN - LIQUIDA -  NS],DEMAND_GEN,2026-01-08,9714,5528,1.7572358900144718,43.711182,300,12.0
GERAL,GERAL,23441940872,[GEN - LIQUIDA -  NS],DEMAND_GEN,2026-01-09,34567,19751,1.7501392334565338,114.233157,1359,81.0
GERAL,GERAL,23441940872,[GEN - LIQUIDA -  NS],DEMAND_GEN,2026-01-10,49417,26101,1.8933374200222213,114.256858,1857,88.0
GERAL,GERAL,23441940872,[GEN - LIQUIDA -  NS],DEMAND_GEN,2026-01-11,52790,26213,2.014458474802579,113.996445,1909,124.0
GERAL,GERAL,23441940872,[GEN - LIQUIDA -  NS],DEMAND_GEN,2026-01-12,37773,21250,1.7776,87.428058,1485,66.0
GERAL,GERAL,23441940872,[GEN - LIQUIDA -  NS],DEMAND_GEN,2026-01-13,40027,22444,1.783416503297095,87.500008,1531,77.0
GERAL,GERAL,23441940872,[GEN - LIQUIDA -  NS],DEMAND_GEN,2026-01-14,40175,22989,1.7475749271390666,87.483956,1461,60.0
GERAL,GERAL,23441940872,[GEN - LIQUIDA -  NS],DEMAND_GEN,2026-01-15,41878,23793,1.7600975076703231,87.741136,1494,67.0
GERAL,GERAL,23441940872,[GEN - LIQUIDA -  NS],DEMAND_GEN,2026-01-16,29284,18581,1.5760185135353317,89.038351,860,78.0
GERAL,GERAL,23441940872,[GEN - LIQUIDA -  NS],DEMAND_GEN,2026-01-17,36735,20254,1.8137158092228696,87.397103,1013,122.0
GERAL,GERAL,23441940872,[GEN - LIQUIDA -  NS],DEMAND_GEN,2026-01-18,3978,3229,1.231960359244348,59.85511,100,75.0
GERAL,GERAL,23442042704,[GEN - LIQUIDA -  NK],DEMAND_GEN,2026-01-08,9155,5826,1.5714040508067284,40.110238,347,23.0
GERAL,GERAL,23442042704,[GEN - LIQUIDA -  NK],DEMAND_GEN,2026-01-09,32719,21680,1.5091789667896678,114.608022,1521,152.0
GERAL,GERAL,23442042704,[GEN - LIQUIDA -  NK],DEMAND_GEN,2026-01-10,37789,23260,1.6248925193465176,114.607075,1658,135.0
GERAL,GERAL,23442042704,[GEN - LIQUIDA -  NK],DEMAND_GEN,2026-01-11,44560,26651,1.6725826423023527,114.288326,1734,170.0
GERAL,GERAL,23442042704,[GEN - LIQUIDA -  NK],DEMAND_GEN,2026-01-12,36385,22772,1.5979272791147023,87.940731,1303,96.0
GERAL,GERAL,23442042704,[GEN - LIQUIDA -  NK],DEMAND_GEN,2026-01-13,36977,23535,1.571149352028893,87.985116,1389,129.0
GERAL,GERAL,23442042704,[GEN - LIQUIDA -  NK],DEMAND_GEN,2026-01-14,37486,24000,1.5619166666666666,87.75728,1428,122.0
GERAL,GERAL,23442042704,[GEN - LIQUIDA -  NK],DEMAND_GEN,2026-01-15,38385,24624,1.558845029239766,87.977617,1310,105.0
GERAL,GERAL,23442042704,[GEN - LIQUIDA -  NK],DEMAND_GEN,2026-01-16,25386,18337,1.384414026285652,88.988981,851,121.0
GERAL,GERAL,23442042704,[GEN - LIQUIDA -  NK],DEMAND_GEN,2026-01-17,30751,20078,1.531576850283893,87.938617,969,222.0
GERAL,GERAL,23442042704,[GEN - LIQUIDA -  NK],DEMAND_GEN,2026-01-18,3911,3306,1.1830006049606776,98.563247,115,111.0
GERAL,GERAL,23444517299,[PMAX - SMART ZOO - NS],PERFORMANCE_MAX,2026-01-09,8204,7422,1.1053624360010779,23.053793,2,132.0
GERAL,GERAL,23444517299,[PMAX - SMART ZOO - NS],PERFORMANCE_MAX,2026-01-10,53228,30499,1.7452375487720908,232.970753,59,1000.0
GERAL,GERAL,23444517299,[PMAX - SMART ZOO - NS],PERFORMANCE_MAX,2026-01-11,53305,29935,1.7806914982462,147.537993,54,1022.0
GERAL,GERAL,23444517299,[PMAX - SMART ZOO - NS],PERFORMANCE_MAX,2026-01-12,58307,30130,1.9351808828410222,139.657983,25,1015.0
GERAL,GERAL,23444517299,[PMAX - SMART ZOO - NS],PERFORMANCE_MAX,2026-01-13,32816,19351,1.6958296728851223,59.962223,3,686.0
GERAL,GERAL,23444517299,[PMAX - SMART ZOO - NS],PERFORMANCE_MAX,2026-01-14,34419,19051,1.8066768148653614,62.491727,4,565.0
GERAL,GERAL,23444517299,[PMAX - SMART ZOO - NS],PERFORMANCE_MAX,2026-01-15,33182,19234,1.7251741707393158,62.525535,4,667.0
GERAL,GERAL,23444517299,[PMAX - SMART ZOO - NS],PERFORMANCE_MAX,2026-01-16,33690,20283,1.660996893950599,62.920249,1,699.0
GERAL,GERAL,23444517299,[PMAX - SMART ZOO - NS],PERFORMANCE_MAX,2026-01-17,33306,19815,1.6808478425435276,61.949415,3,545.0
GERAL,GERAL,23444517299,[PMAX - SMART ZOO - NS],PERFORMANCE_MAX,2026-01-18,33259,20196,1.6468112497524263,61.885388,4,499.0
GERAL,GERAL,23444517299,[PMAX - SMART ZOO - NS],PERFORMANCE_MAX,2026-01-19,36281,22645,1.6021638330757342,69.764053,46,705.0
GERAL,GERAL,23444517299,[PMAX - SMART ZOO - NS],PERFORMANCE_MAX,2026-01-20,36031,20592,1.7497571872571873,65.452932,23,760.0
GERAL,GERAL,23444517299,[PMAX - SMART ZOO - NS],PERFORMANCE_MAX,2026-01-21,33541,20824,1.6106895889358432,59.958849,16,814.0
GERAL,GERAL,23444517299,[PMAX - SMART ZOO - NS],PERFORMANCE_MAX,2026-01-22,31976,20608,1.5516304347826086,57.316701,7,620.0
GERAL,GERAL,23444517299,[PMAX - SMART ZOO - NS],PERFORMANCE_MAX,2026-01-23,31213,20035,1.557923633641128,56.97085,6,676.0
GERAL,GERAL,23444517299,[PMAX - SMART ZOO - NS],PERFORMANCE_MAX,2026-01-24,31724,20069,1.5807464248343215,57.914083,8,541.0
GERAL,GERAL,23444517299,[PMAX - SMART ZOO - NS],PERFORMANCE_MAX,2026-01-25,27144,18142,1.4961966707088523,49.769623,7,399.0
GERAL,GERAL,23444517299,[PMAX - SMART ZOO - NS],PERFORMANCE_MAX,2026-01-26,37749,22566,1.6728263759638393,71.385951,16,621.0
GERAL,GERAL,23444517299,[PMAX - SMART ZOO - NS],PERFORMANCE_MAX,2026-01-27,20129,13303,1.513117341952943,34.549202,1,342.0
GERAL,GERAL,23444517299,[PMAX - SMART ZOO - NS],PERFORMANCE_MAX,2026-02-07,451,422,1.0687203791469195,120.0,6,12.0
GERAL,GERAL,23444517299,[PMAX - SMART ZOO - NS],PERFORMANCE_MAX,2026-02-08,18511,15045,1.230375540046527,119.981463,15,307.0
GERAL,GERAL,23444517299,[PMAX - SMART ZOO - NS],PERFORMANCE_MAX,2026-02-09,3601,3155,1.1413629160063392,9.452059,21,146.0
GERAL,GERAL,23444517299,[PMAX - SMART ZOO - NS],PERFORMANCE_MAX,2026-02-10,503,428,1.175233644859813,1.389742,17,40.0
GERAL,GERAL,23444517299,[PMAX - SMART ZOO - NS],PERFORMANCE_MAX,2026-02-11,4519,3753,1.204103383959499,17.482197,39,178.0
GERAL,GERAL,23444517299,[PMAX - SMART ZOO - NS],PERFORMANCE_MAX,2026-02-12,2946,2432,1.2113486842105263,10.359972,40,99.0
GERAL,GERAL,23444517299,[PMAX - SMART ZOO - NS],PERFORMANCE_MAX,2026-02-13,5929,4345,1.3645569620253164,10.65993,5,135.0
GERAL,GERAL,23444517299,[PMAX - SMART ZOO - NS],PERFORMANCE_MAX,2026-02-14,5838,4759,1.226728304265602,9.974753,8,207.0
GERAL,GERAL,23444517299,[PMAX - SMART ZOO - NS],PERFORMANCE_MAX,2026-02-15,6457,5081,1.2708128321196615,10.598254,18,173.0
GERAL,GERAL,23444517299,[PMAX - SMART ZOO - NS],PERFORMANCE_MAX,2026-02-16,6636,5268,1.2596810933940774,11.194088,15,145.0
GERAL,GERAL,23444517299,[PMAX - SMART ZOO - NS],PERFORMANCE_MAX,2026-02-17,7780,6136,1.2679269882659714,12.039604,5,152.0
GERAL,GERAL,23444517299,[PMAX - SMART ZOO - NS],PERFORMANCE_MAX,2026-02-18,2053,1830,1.1218579234972677,4.194743,11,66.0
GERAL,GERAL,23444517299,[PMAX - SMART ZOO - NS],PERFORMANCE_MAX,2026-02-19,3109,2514,1.2366746221161495,14.302079,28,102.0
GERAL,GERAL,23444517299,[PMAX - SMART ZOO - NS],PERFORMANCE_MAX,2026-02-20,2532,2064,1.2267441860465116,10.79623,24,127.0
GERAL,GERAL,23444517299,[PMAX - SMART ZOO - NS],PERFORMANCE_MAX,2026-02-21,2004,1563,1.2821497120921306,8.527444,25,104.0
GERAL,GERAL,23444517299,[PMAX - SMART ZOO - NS],PERFORMANCE_MAX,2026-02-22,3199,2585,1.23752417794971,10.27705,63,192.0
GERAL,GERAL,23444517299,[PMAX - SMART ZOO - NS],PERFORMANCE_MAX,2026-02-23,4760,3748,1.2700106723585913,10.509796,24,201.0
GERAL,GERAL,23444517299,[PMAX - SMART ZOO - NS],PERFORMANCE_MAX,2026-02-24,5054,3919,1.2896146976269456,8.656465,50,207.0
GERAL,GERAL,23444517299,[PMAX - SMART ZOO - NS],PERFORMANCE_MAX,2026-02-25,1548,1323,1.1700680272108843,3.197867,5,54.0
GERAL,GERAL,23445750691,[GEN - LIQUIDA - BS],DEMAND_GEN,2026-01-08,13760,8369,1.645357868323575,56.642951,430,36.0
GERAL,GERAL,23445750691,[GEN - LIQUIDA - BS],DEMAND_GEN,2026-01-09,39661,21543,1.841294155874298,112.91732,1584,154.0
GERAL,GERAL,23445750691,[GEN - LIQUIDA - BS],DEMAND_GEN,2026-01-10,45962,24385,1.885052286241542,112.96298,1767,103.0
GERAL,GERAL,23445750691,[GEN - LIQUIDA - BS],DEMAND_GEN,2026-01-11,48645,25687,1.8941487912173474,112.79779,1932,131.0
GERAL,GERAL,23445750691,[GEN - LIQUIDA - BS],DEMAND_GEN,2026-01-12,34615,20187,1.714766929211869,86.187556,1418,90.0
GERAL,GERAL,23445750691,[GEN - LIQUIDA - BS],DEMAND_GEN,2026-01-13,35601,20481,1.7382452028709536,86.238868,1354,85.0
GERAL,GERAL,23445750691,[GEN - LIQUIDA - BS],DEMAND_GEN,2026-01-14,35496,20774,1.7086743044189854,86.247659,1402,75.0
GERAL,GERAL,23445750691,[GEN - LIQUIDA - BS],DEMAND_GEN,2026-01-15,36729,21251,1.7283421956613807,86.389663,1383,80.0
GERAL,GERAL,23445750691,[GEN - LIQUIDA - BS],DEMAND_GEN,2026-01-16,14248,10396,1.3705271258176221,44.866636,489,59.0
GERAL,GERAL,23445750691,[GEN - LIQUIDA - BS],DEMAND_GEN,2026-01-17,27921,16245,1.7187442289935364,76.685841,882,99.0
GERAL,GERAL,23445750691,[GEN - LIQUIDA - BS],DEMAND_GEN,2026-01-18,2893,2275,1.2716483516483517,62.887351,101,61.0
GERAL,GERAL,23446486066,[GEN - LIQUIDA -  NR],DEMAND_GEN,2026-01-08,7567,4836,1.564722911497105,39.656363,238,20.0
GERAL,GERAL,23446486066,[GEN - LIQUIDA -  NR],DEMAND_GEN,2026-01-09,41161,25929,1.587450345173358,114.674058,1438,140.0
GERAL,GERAL,23446486066,[GEN - LIQUIDA -  NR],DEMAND_GEN,2026-01-10,51644,30407,1.6985233663301214,114.509753,1689,132.0
GERAL,GERAL,23446486066,[GEN - LIQUIDA -  NR],DEMAND_GEN,2026-01-11,50554,28034,1.8037383177570094,114.273182,1720,196.0
GERAL,GERAL,23446486066,[GEN - LIQUIDA -  NR],DEMAND_GEN,2026-01-12,30787,19960,1.5424849699398797,87.858151,1410,105.0
GERAL,GERAL,23446486066,[GEN - LIQUIDA -  NR],DEMAND_GEN,2026-01-13,31454,20627,1.5248945556794493,87.829049,1425,102.0
GERAL,GERAL,23446486066,[GEN - LIQUIDA -  NR],DEMAND_GEN,2026-01-14,30840,20001,1.5419229038548072,87.903438,1502,106.0
GERAL,GERAL,23446486066,[GEN - LIQUIDA -  NR],DEMAND_GEN,2026-01-15,32622,21238,1.5360203408983897,88.12275,1306,88.0
GERAL,GERAL,23446486066,[GEN - LIQUIDA -  NR],DEMAND_GEN,2026-01-16,21088,15199,1.3874597012961378,82.424259,743,114.0
GERAL,GERAL,23446486066,[GEN - LIQUIDA -  NR],DEMAND_GEN,2026-01-17,30533,19144,1.5949122440451315,91.443928,959,136.0
GERAL,GERAL,23446486066,[GEN - LIQUIDA -  NR],DEMAND_GEN,2026-01-18,5212,4371,1.1924044840997483,96.122025,147,105.0
GERAL,GERAL,23448158154,[ALC - LIQUIDA - BS],VIDEO,2026-01-13,2297,2354,1.0216652506372133,16.386372,6,4.0
GERAL,GERAL,23448158154,[ALC - LIQUIDA - BS],VIDEO,2026-01-14,7006,5422,1.2960162301733678,36.821494,34,8.0
GERAL,GERAL,23448158154,[ALC - LIQUIDA - BS],VIDEO,2026-01-15,9866,5192,1.903120184899846,36.019354,45,3.0
GERAL,GERAL,23448158154,[ALC - LIQUIDA - BS],VIDEO,2026-01-16,8445,4741,1.7890740350137102,37.427151,31,1.0
GERAL,GERAL,23448158154,[ALC - LIQUIDA - BS],VIDEO,2026-01-17,11177,10752,1.1509486607142858,36.748258,14,2.0
GERAL,GERAL,23448158154,[ALC - LIQUIDA - BS],VIDEO,2026-01-18,12729,8241,1.6303846620555758,36.65533,22,3.0
GERAL,GERAL,23448168192,[ALC - LIQUIDA - CS],VIDEO,2026-01-12,3197,3149,1.0346141632264212,10.242615,4,0.0
GERAL,GERAL,23448168192,[ALC - LIQUIDA - CS],VIDEO,2026-01-13,12552,13842,1.045947117468574,31.671136,10,4.0
GERAL,GERAL,23448168192,[ALC - LIQUIDA - CS],VIDEO,2026-01-14,13510,14182,1.166690170638838,31.628806,9,6.0
GERAL,GERAL,23448168192,[ALC - LIQUIDA - CS],VIDEO,2026-01-15,12739,13473,1.1477770355525867,31.613762,11,2.0
GERAL,GERAL,23448168192,[ALC - LIQUIDA - CS],VIDEO,2026-01-16,12808,13487,1.1307926151108474,31.672716,10,5.0
GERAL,GERAL,23448168192,[ALC - LIQUIDA - CS],VIDEO,2026-01-17,11813,12441,1.1213728799935696,31.626327,10,2.0
GERAL,GERAL,23448168192,[ALC - LIQUIDA - CS],VIDEO,2026-01-18,11669,12337,1.1142903461133176,31.580335,9,3.0
GERAL,GERAL,23448178071,[ALC - LIQUIDA - GS],VIDEO,2026-01-12,2574,1328,1.9518072289156627,10.234888,11,3.0
GERAL,GERAL,23448178071,[ALC - LIQUIDA - GS],VIDEO,2026-01-13,13785,13013,1.260816106969953,31.718525,4,4.0
GERAL,GERAL,23448178071,[ALC - LIQUIDA - GS],VIDEO,2026-01-14,11072,8482,1.4434095732138648,31.572528,21,2.0
GERAL,GERAL,23448178071,[ALC - LIQUIDA - GS],VIDEO,2026-01-15,10518,7480,1.5050802139037434,31.620234,26,1.0
GERAL,GERAL,23448178071,[ALC - LIQUIDA - GS],VIDEO,2026-01-16,11039,8217,1.4630643787270294,31.624315,24,1.0
GERAL,GERAL,23448178071,[ALC - LIQUIDA - GS],VIDEO,2026-01-17,10922,7938,1.4681279919375156,31.69673,13,3.0
GERAL,GERAL,23448178071,[ALC - LIQUIDA - GS],VIDEO,2026-01-18,11296,8123,1.4825803274652223,31.624076,25,1.0
GERAL,GERAL,23448191175,[ALC - LIQUIDA - NK],VIDEO,2026-01-12,2867,1273,2.2615868028279653,9.939848,19,2.0
GERAL,GERAL,23448191175,[ALC - LIQUIDA - NK],VIDEO,2026-01-13,12471,11842,1.2534200304002703,31.790636,10,9.0
GERAL,GERAL,23448191175,[ALC - LIQUIDA - NK],VIDEO,2026-01-14,10667,8745,1.3515151515151516,31.642417,28,5.0
GERAL,GERAL,23448191175,[ALC - LIQUIDA - NK],VIDEO,2026-01-15,11058,8566,1.4195657249591407,31.688342,15,3.0
GERAL,GERAL,23448191175,[ALC - LIQUIDA - NK],VIDEO,2026-01-16,10466,7900,1.4332911392405063,31.647858,26,6.0
GERAL,GERAL,23448191175,[ALC - LIQUIDA - NK],VIDEO,2026-01-17,10778,7565,1.5099801718440184,31.698417,21,4.0
GERAL,GERAL,23448191175,[ALC - LIQUIDA - NK],VIDEO,2026-01-18,10956,7719,1.5104288120222826,31.683817,32,6.0
GERAL,GERAL,23448203943,[ALC - LIQUIDA - NR],VIDEO,2026-01-12,2382,1039,2.296438883541867,10.064674,10,2.0
GERAL,GERAL,23448203943,[ALC - LIQUIDA - NR],VIDEO,2026-01-13,12527,13105,1.1549027088897368,31.761496,17,9.0
GERAL,GERAL,23448203943,[ALC - LIQUIDA - NR],VIDEO,2026-01-14,10721,8961,1.3311014395714764,31.661702,33,2.0
GERAL,GERAL,23448203943,[ALC - LIQUIDA - NR],VIDEO,2026-01-15,10554,8574,1.357592722183345,31.629754,26,9.0
GERAL,GERAL,23448203943,[ALC - LIQUIDA - NR],VIDEO,2026-01-16,10454,7851,1.4428735192969049,31.644938,26,13.0
GERAL,GERAL,23448203943,[ALC - LIQUIDA - NR],VIDEO,2026-01-17,9942,6978,1.5173402120951562,31.73011,33,6.0
GERAL,GERAL,23448203943,[ALC - LIQUIDA - NR],VIDEO,2026-01-18,10455,8433,1.3578797580932052,31.597312,36,4.0
GERAL,GERAL,23450784396,[ALC - ARENA SUPER GAMES - NK],VIDEO,2026-01-13,11125,6451,1.802976282746861,41.419333,39,19.0
GERAL,GERAL,23450784396,[ALC - ARENA SUPER GAMES - NK],VIDEO,2026-01-14,16826,18521,1.100642513903137,40.426864,26,20.0
GERAL,GERAL,23450784396,[ALC - ARENA SUPER GAMES - NK],VIDEO,2026-01-15,17623,17233,1.1837753148029944,41.808611,31,32.0
GERAL,GERAL,23450784396,[ALC - ARENA SUPER GAMES - NK],VIDEO,2026-01-16,61287,49661,1.3615311814099595,159.957008,189,101.0
GERAL,GERAL,23450784396,[ALC - ARENA SUPER GAMES - NK],VIDEO,2026-01-17,60158,45928,1.3879986065145444,167.418612,139,89.0
GERAL,GERAL,23450784396,[ALC - ARENA SUPER GAMES - NK],VIDEO,2026-01-18,55215,41536,1.4032646379044684,166.701322,158,50.0
GERAL,GERAL,23450784396,[ALC - ARENA SUPER GAMES - NK],VIDEO,2026-01-19,51893,42079,1.3244373678081705,166.272346,152,81.0
GERAL,GERAL,23450784396,[ALC - ARENA SUPER GAMES - NK],VIDEO,2026-01-20,57481,41437,1.4763375727007264,165.701024,185,93.0
GERAL,GERAL,23450784396,[ALC - ARENA SUPER GAMES - NK],VIDEO,2026-01-21,53177,42064,1.3608073411943704,164.786474,136,92.0
GERAL,GERAL,23450784396,[ALC - ARENA SUPER GAMES - NK],VIDEO,2026-01-22,50536,41864,1.3019061723676668,163.905271,139,79.0
GERAL,GERAL,23450784396,[ALC - ARENA SUPER GAMES - NK],VIDEO,2026-01-23,51360,41422,1.3318526386944136,163.01632,129,63.0
GERAL,GERAL,23450784396,[ALC - ARENA SUPER GAMES - NK],VIDEO,2026-01-24,49365,41108,1.2822321689208913,162.115435,110,74.0
GERAL,GERAL,23450784396,[ALC - ARENA SUPER GAMES - NK],VIDEO,2026-01-25,51908,42306,1.3048976504514727,160.950984,134,63.0
GERAL,GERAL,23450784396,[ALC - ARENA SUPER GAMES - NK],VIDEO,2026-01-26,51377,42568,1.3073905280962226,159.52524,115,56.0
GERAL,GERAL,23450784396,[ALC - ARENA SUPER GAMES - NK],VIDEO,2026-01-27,15881,13072,1.3170899632802937,48.636648,49,19.0
GERAL,GERAL,23450784396,[ALC - ARENA SUPER GAMES - NK],VIDEO,2026-01-28,11571,9744,1.2949507389162562,31.134206,14,15.0
GERAL,GERAL,23450784396,[ALC - ARENA SUPER GAMES - NK],VIDEO,2026-01-29,11139,10168,1.2344610542879622,30.599278,9,15.0
GERAL,GERAL,23450784396,[ALC - ARENA SUPER GAMES - NK],VIDEO,2026-01-30,11485,9752,1.281275635767022,29.886227,13,22.0
GERAL,GERAL,23450784396,[ALC - ARENA SUPER GAMES - NK],VIDEO,2026-01-31,11596,9751,1.3104296995179983,28.46771,12,9.0
GERAL,GERAL,23450784396,[ALC - ARENA SUPER GAMES - NK],VIDEO,2026-02-01,12914,12674,1.1446267950134132,32.600266,27,14.0
GERAL,GERAL,23450784396,[ALC - ARENA SUPER GAMES - NK],VIDEO,2026-02-02,13880,14769,1.11713724693615,34.078139,13,20.0
GERAL,GERAL,23450784396,[ALC - ARENA SUPER GAMES - NK],VIDEO,2026-02-03,6945,7408,1.1097462203023758,17.174366,10,4.0
GERAL,GERAL,23453223284,[ALC - LIQUIDA - NS],VIDEO,2026-01-12,2650,1447,1.8451969592259847,10.033557,10,2.0
GERAL,GERAL,23453223284,[ALC - LIQUIDA - NS],VIDEO,2026-01-13,12459,12229,1.2080300924033036,31.713814,21,4.0
GERAL,GERAL,23453223284,[ALC - LIQUIDA - NS],VIDEO,2026-01-14,10437,8145,1.401841620626151,31.657085,31,1.0
GERAL,GERAL,23453223284,[ALC - LIQUIDA - NS],VIDEO,2026-01-15,11333,8492,1.435468676401319,31.663264,19,6.0
GERAL,GERAL,23453223284,[ALC - LIQUIDA - NS],VIDEO,2026-01-16,11801,8350,1.5083832335329341,31.687156,41,0.0
GERAL,GERAL,23453223284,[ALC - LIQUIDA - NS],VIDEO,2026-01-17,11064,7826,1.5029389215435727,31.736419,30,4.0
GERAL,GERAL,23453223284,[ALC - LIQUIDA - NS],VIDEO,2026-01-18,10846,7806,1.4701511657699207,31.581112,29,4.0
GERAL,GERAL,23485658828,ALC - VIDEO CAPIVALLEY - CS,VIDEO,2026-01-21,1942,746,2.603217158176944,7.961447,5,1.0
GERAL,GERAL,23485658828,ALC - VIDEO CAPIVALLEY - CS,VIDEO,2026-01-22,9575,3012,3.1816069057104914,32.261553,52,5.0
GERAL,GERAL,23485658828,ALC - VIDEO CAPIVALLEY - CS,VIDEO,2026-01-23,9661,4570,2.129321663019694,32.111697,33,6.0
GERAL,GERAL,23485658828,ALC - VIDEO CAPIVALLEY - CS,VIDEO,2026-01-24,10469,6493,1.6202063760973355,31.964499,21,5.0
GERAL,GERAL,23485658828,ALC - VIDEO CAPIVALLEY - CS,VIDEO,2026-01-25,9353,5348,1.756357516828721,32.029408,29,2.0
GERAL,GERAL,23485658828,ALC - VIDEO CAPIVALLEY - CS,VIDEO,2026-01-26,7727,6716,1.2845443716497915,31.957331,18,0.0
GERAL,GERAL,23485658828,ALC - VIDEO CAPIVALLEY - CS,VIDEO,2026-01-27,8900,6123,1.5970929283031194,32.066221,27,3.0
GERAL,GERAL,23485658828,ALC - VIDEO CAPIVALLEY - CS,VIDEO,2026-01-28,9287,6428,1.5606720597386434,31.96881,21,6.0
GERAL,GERAL,23485658828,ALC - VIDEO CAPIVALLEY - CS,VIDEO,2026-01-29,8940,5697,1.6875548534316307,32.018429,25,3.0
GERAL,GERAL,23485658828,ALC - VIDEO CAPIVALLEY - CS,VIDEO,2026-01-30,9119,6266,1.609160548994574,32.015173,23,5.0
GERAL,GERAL,23485658828,ALC - VIDEO CAPIVALLEY - CS,VIDEO,2026-01-31,9230,6245,1.6257806244995996,32.006274,21,1.0
GERAL,GERAL,23485658828,ALC - VIDEO CAPIVALLEY - CS,VIDEO,2026-02-01,9250,5954,1.6642593214645616,32.041667,23,0.0
GERAL,GERAL,23485658828,ALC - VIDEO CAPIVALLEY - CS,VIDEO,2026-02-02,9761,6509,1.645721308956829,31.992129,30,0.0
GERAL,GERAL,23485658828,ALC - VIDEO CAPIVALLEY - CS,VIDEO,2026-02-03,7908,5382,1.600334448160535,25.100163,12,3.0
GERAL,GERAL,23518637958,[DEMAND GEN - SEMANA DO CINEMA - BS - GNC],DEMAND_GEN,2026-02-03,2940,2085,1.410071942446043,39.099161,119,11.0
GERAL,GERAL,23518637958,[DEMAND GEN - SEMANA DO CINEMA - BS - GNC],DEMAND_GEN,2026-02-04,11479,8095,1.418035824583076,38.935914,430,65.0
GERAL,GERAL,23518637958,[DEMAND GEN - SEMANA DO CINEMA - BS - GNC],DEMAND_GEN,2026-02-05,3619,2896,1.2496546961325967,11.528939,119,9.0
GERAL,GERAL,23518637958,[DEMAND GEN - SEMANA DO CINEMA - BS - GNC],DEMAND_GEN,2026-02-07,12776,8582,1.4886972733628525,53.205785,459,70.0
GERAL,GERAL,23518637958,[DEMAND GEN - SEMANA DO CINEMA - BS - GNC],DEMAND_GEN,2026-02-08,14782,9554,1.5472053590119321,52.284495,503,71.0
GERAL,GERAL,23518637958,[DEMAND GEN - SEMANA DO CINEMA - BS - GNC],DEMAND_GEN,2026-02-09,1877,1667,1.1259748050389922,13.811967,77,13.0
GERAL,GERAL,23518641111,[DEMAND GEN - SEMANA DO CINEMA - NK - GNC],DEMAND_GEN,2026-02-02,1610,1107,1.4543812104787714,5.085405,68,11.0
GERAL,GERAL,23518641111,[DEMAND GEN - SEMANA DO CINEMA - NK - GNC],DEMAND_GEN,2026-02-03,10667,6899,1.5461661110305842,38.316986,433,64.0
GERAL,GERAL,23518641111,[DEMAND GEN - SEMANA DO CINEMA - NK - GNC],DEMAND_GEN,2026-02-04,12902,8977,1.4372284727637294,38.345276,438,80.0
GERAL,GERAL,23518641111,[DEMAND GEN - SEMANA DO CINEMA - NK - GNC],DEMAND_GEN,2026-02-05,2715,2265,1.1986754966887416,8.340504,80,10.0
GERAL,GERAL,23518641111,[DEMAND GEN - SEMANA DO CINEMA - NK - GNC],DEMAND_GEN,2026-02-07,11036,8050,1.3709316770186335,53.984406,321,66.0
GERAL,GERAL,23518641111,[DEMAND GEN - SEMANA DO CINEMA - NK - GNC],DEMAND_GEN,2026-02-08,7095,5816,1.219910591471802,55.368954,228,52.0
GERAL,GERAL,23518641111,[DEMAND GEN - SEMANA DO CINEMA - NK - GNC],DEMAND_GEN,2026-02-09,2230,1999,1.1155577788894446,14.588425,65,9.0
GERAL,GERAL,23518651158,[DEMAND GEN - SEMANA DO CINEMA - NS - GNC],DEMAND_GEN,2026-02-03,2767,1927,1.4359107420861443,16.664492,109,8.0
GERAL,GERAL,23518651158,[DEMAND GEN - SEMANA DO CINEMA - NS - GNC],DEMAND_GEN,2026-02-04,4725,2830,1.6696113074204948,16.666456,150,16.0
GERAL,GERAL,23518651158,[DEMAND GEN - SEMANA DO CINEMA - NS - GNC],DEMAND_GEN,2026-02-05,1296,1012,1.2806324110671936,3.96833,44,4.0
GERAL,GERAL,23518651158,[DEMAND GEN - SEMANA DO CINEMA - NS - GNC],DEMAND_GEN,2026-02-07,8051,5915,1.3611158072696534,22.92729,238,22.0
GERAL,GERAL,23518651158,[DEMAND GEN - SEMANA DO CINEMA - NS - GNC],DEMAND_GEN,2026-02-08,7543,5330,1.4151969981238275,22.834665,176,20.0
GERAL,GERAL,23518651158,[DEMAND GEN - SEMANA DO CINEMA - NS - GNC],DEMAND_GEN,2026-02-09,6348,4599,1.380300065231572,23.51711,160,22.0
GERAL,GERAL,23518651158,[DEMAND GEN - SEMANA DO CINEMA - NS - GNC],DEMAND_GEN,2026-02-10,4561,3578,1.2747344885410845,22.877651,124,19.0
GERAL,GERAL,23518651158,[DEMAND GEN - SEMANA DO CINEMA - NS - GNC],DEMAND_GEN,2026-02-11,2894,2367,1.222644697929869,20.672288,78,14.0
GERAL,GERAL,23523756695,[DEMAND GEN - SEMANA DO CINEMA - CS] CINEPOLIS,DEMAND_GEN,2026-02-03,11646,6678,1.743935309973046,38.886013,370,27.0
GERAL,GERAL,23523756695,[DEMAND GEN - SEMANA DO CINEMA - CS] CINEPOLIS,DEMAND_GEN,2026-02-04,12043,8191,1.4702722500305212,38.906665,453,59.0
GERAL,GERAL,23523756695,[DEMAND GEN - SEMANA DO CINEMA - CS] CINEPOLIS,DEMAND_GEN,2026-02-05,3140,2617,1.1998471532288881,15.434354,98,12.0
GERAL,GERAL,23523756695,[DEMAND GEN - SEMANA DO CINEMA - CS] CINEPOLIS,DEMAND_GEN,2026-02-07,16487,12481,1.3209678711641695,53.137187,497,39.0
GERAL,GERAL,23523756695,[DEMAND GEN - SEMANA DO CINEMA - CS] CINEPOLIS,DEMAND_GEN,2026-02-08,15755,11657,1.351548425838552,51.303669,522,36.0
GERAL,GERAL,23523756695,[DEMAND GEN - SEMANA DO CINEMA - CS] CINEPOLIS,DEMAND_GEN,2026-02-09,3662,3066,1.1943900848010438,14.427643,156,11.0
GERAL,GERAL,23523769868,[DEMAND GEN - SEMANA DO CINEMA - GS] CINEPOLIS,DEMAND_GEN,2026-02-03,8370,5838,1.433710174717369,38.890594,307,14.0
GERAL,GERAL,23523769868,[DEMAND GEN - SEMANA DO CINEMA - GS] CINEPOLIS,DEMAND_GEN,2026-02-04,9925,6641,1.4945038397831651,38.911879,299,13.0
GERAL,GERAL,23523769868,[DEMAND GEN - SEMANA DO CINEMA - GS] CINEPOLIS,DEMAND_GEN,2026-02-05,2762,2216,1.2463898916967509,10.940155,69,2.0
GERAL,GERAL,23523769868,[DEMAND GEN - SEMANA DO CINEMA - GS] CINEPOLIS,DEMAND_GEN,2026-02-07,13662,10024,1.3629289704708698,52.84933,331,19.0
GERAL,GERAL,23523769868,[DEMAND GEN - SEMANA DO CINEMA - GS] CINEPOLIS,DEMAND_GEN,2026-02-08,17539,12505,1.4025589764094362,52.208924,439,20.0
GERAL,GERAL,23523769868,[DEMAND GEN - SEMANA DO CINEMA - GS] CINEPOLIS,DEMAND_GEN,2026-02-09,1489,1262,1.1798732171156894,6.383639,31,2.0
GERAL,GERAL,23523778718,[DEMAND GEN - SEMANA DO CINEMA - NR] CINEPOLIS,DEMAND_GEN,2026-02-02,74,56,1.3214285714285714,0.207982,4,0.0
GERAL,GERAL,23523778718,[DEMAND GEN - SEMANA DO CINEMA - NR] CINEPOLIS,DEMAND_GEN,2026-02-03,3530,2605,1.3550863723608446,16.643638,106,14.0
GERAL,GERAL,23523778718,[DEMAND GEN - SEMANA DO CINEMA - NR] CINEPOLIS,DEMAND_GEN,2026-02-04,5222,3770,1.3851458885941645,16.654908,161,19.0
GERAL,GERAL,23523778718,[DEMAND GEN - SEMANA DO CINEMA - NR] CINEPOLIS,DEMAND_GEN,2026-02-05,1165,1002,1.1626746506986028,3.638492,33,2.0
GERAL,GERAL,23523778718,[DEMAND GEN - SEMANA DO CINEMA - NR] CINEPOLIS,DEMAND_GEN,2026-02-07,3634,3080,1.17987012987013,26.688384,108,22.0
GERAL,GERAL,23523778718,[DEMAND GEN - SEMANA DO CINEMA - NR] CINEPOLIS,DEMAND_GEN,2026-02-08,3203,2875,1.114086956521739,23.250453,84,17.0
GERAL,GERAL,23523778718,[DEMAND GEN - SEMANA DO CINEMA - NR] CINEPOLIS,DEMAND_GEN,2026-02-09,3449,3192,1.080513784461153,24.419631,83,23.0
GERAL,GERAL,23523778718,[DEMAND GEN - SEMANA DO CINEMA - NR] CINEPOLIS,DEMAND_GEN,2026-02-10,3686,3204,1.1504369538077404,23.8976,85,23.0
GERAL,GERAL,23523778718,[DEMAND GEN - SEMANA DO CINEMA - NR] CINEPOLIS,DEMAND_GEN,2026-02-11,3003,2372,1.2660202360876898,15.075974,68,17.0
GERAL,GERAL,23527583665,[PMAX - Campanha_Cinema_Jan_26_GS] Cinepolis,PERFORMANCE_MAX,2026-02-02,5482,4344,1.2619705340699816,55.557325,47,150.0
GERAL,GERAL,23527583665,[PMAX - Campanha_Cinema_Jan_26_GS] Cinepolis,PERFORMANCE_MAX,2026-02-03,20611,16185,1.2734630831016374,676.861275,168,354.0
GERAL,GERAL,23527583665,[PMAX - Campanha_Cinema_Jan_26_GS] Cinepolis,PERFORMANCE_MAX,2026-02-04,49535,26165,1.8931779094209822,1296.658918,437,548.0
GERAL,GERAL,23527583665,[PMAX - Campanha_Cinema_Jan_26_GS] Cinepolis,PERFORMANCE_MAX,2026-02-05,31747,23762,1.336040737311674,662.667153,105,399.0
GERAL,GERAL,23527583665,[PMAX - Campanha_Cinema_Jan_26_GS] Cinepolis,PERFORMANCE_MAX,2026-02-06,169,156,1.0833333333333333,0.567989,1,2.0
GERAL,GERAL,23527583665,[PMAX - Campanha_Cinema_Jan_26_GS] Cinepolis,PERFORMANCE_MAX,2026-02-07,92801,51262,1.8103273379891538,1560.558133,671,1044.0
GERAL,GERAL,23527583665,[PMAX - Campanha_Cinema_Jan_26_GS] Cinepolis,PERFORMANCE_MAX,2026-02-08,65693,41995,1.564305274437433,1395.890714,484,1054.0
GERAL,GERAL,23527583665,[PMAX - Campanha_Cinema_Jan_26_GS] Cinepolis,PERFORMANCE_MAX,2026-02-09,13735,10741,1.278744995810446,161.726441,33,210.0
GERAL,GERAL,23533185804,[ALC - ARENA SUMMER VIBES - BS],VIDEO,2026-02-07,156493,60795,2.6066452833292213,717.238537,529,146.0
GERAL,GERAL,23533185804,[ALC - ARENA SUMMER VIBES - BS],VIDEO,2026-02-08,181584,69507,2.638439293884069,1083.728331,794,311.0
GERAL,GERAL,23577734394,[ALC - CAPIVALLEY - ÚLTIMOS DIAS - CS],VIDEO,2026-02-19,9346,4093,2.305888101636941,39.792961,41,4.0
GERAL,GERAL,23577734394,[ALC - CAPIVALLEY - ÚLTIMOS DIAS - CS],VIDEO,2026-02-20,39177,32143,1.3584295180910306,153.436925,110,19.0
GERAL,GERAL,23577734394,[ALC - CAPIVALLEY - ÚLTIMOS DIAS - CS],VIDEO,2026-02-21,38237,26185,1.5419133091464579,153.217076,122,14.0
GERAL,GERAL,23577734394,[ALC - CAPIVALLEY - ÚLTIMOS DIAS - CS],VIDEO,2026-02-22,41819,26110,1.6624281884335503,153.454249,110,15.0
GERAL,GERAL,23594624532,[PMAX - NARBONA - CS] #2,PERFORMANCE_MAX,2026-02-25,6713,5803,1.1568154402895054,31.398138,81,169.0
GERAL,GERAL,23594624532,[PMAX - NARBONA - CS] #2,PERFORMANCE_MAX,2026-02-26,15363,12461,1.2328866062113795,57.473872,142,338.0
GERAL,GERAL,23594624532,[PMAX - NARBONA - CS] #2,PERFORMANCE_MAX,2026-02-27,12533,10026,1.2500498703371234,57.909116,130,309.0
GERAL,GERAL,23594624532,[PMAX - NARBONA - CS] #2,PERFORMANCE_MAX,2026-02-28,14187,11354,1.2495155892196583,55.206422,193,376.0
GERAL,GERAL,23594624532,[PMAX - NARBONA - CS] #2,PERFORMANCE_MAX,2026-03-01,9399,7508,1.2518646776771445,56.606065,276,421.0
GERAL,GERAL,23594624532,[PMAX - NARBONA - CS] #2,PERFORMANCE_MAX,2026-03-02,15108,11829,1.2772001014455998,37.22796,120,365.0
GERAL,GERAL,23594624532,[PMAX - NARBONA - CS] #2,PERFORMANCE_MAX,2026-03-03,16980,13274,1.2791924062076239,58.619177,226,398.0
GERAL,GERAL,23594624532,[PMAX - NARBONA - CS] #2,PERFORMANCE_MAX,2026-03-04,18357,14179,1.2946611185556105,55.868616,331,467.0
GERAL,GERAL,23594624532,[PMAX - NARBONA - CS] #2,PERFORMANCE_MAX,2026-03-05,16766,13093,1.2805315817612464,56.509952,447,416.0
GERAL,GERAL,23594624532,[PMAX - NARBONA - CS] #2,PERFORMANCE_MAX,2026-03-06,17677,13720,1.2884110787172012,53.330563,397,474.0
GERAL,GERAL,23594624532,[PMAX - NARBONA - CS] #2,PERFORMANCE_MAX,2026-03-07,14664,11621,1.261853541003356,59.236485,675,666.0
GERAL,GERAL,23594624532,[PMAX - NARBONA - CS] #2,PERFORMANCE_MAX,2026-03-08,14857,11770,1.2622769753610874,52.405052,723,568.0
GERAL,GERAL,23594770968,[ALC - Narbona - VIDEO 02],VIDEO,2026-02-25,79,80,1.0375,0.516414,0,0.0
GERAL,GERAL,23594770968,[ALC - Narbona - VIDEO 02],VIDEO,2026-02-26,995,1199,1.0467055879899916,7.23517,1,0.0
GERAL,GERAL,23594770968,[ALC - Narbona - VIDEO 02],VIDEO,2026-02-27,611,699,1.0543633762517883,4.465462,1,0.0
GERAL,GERAL,23594770968,[ALC - Narbona - VIDEO 02],VIDEO,2026-02-28,465,501,1.0538922155688624,4.125117,0,0.0
GERAL,GERAL,23594770968,[ALC - Narbona - VIDEO 02],VIDEO,2026-03-01,670,785,1.0178343949044586,4.817664,1,2.0
GERAL,GERAL,23594770968,[ALC - Narbona - VIDEO 02],VIDEO,2026-03-02,526,600,1.055,3.489244,1,1.0
GERAL,GERAL,23594770968,[ALC - Narbona - VIDEO 02],VIDEO,2026-03-03,559,601,1.054908485856905,5.483829,0,0.0
GERAL,GERAL,23594770968,[ALC - Narbona - VIDEO 02],VIDEO,2026-03-04,512,596,1.0352348993288591,3.837533,0,1.0
GERAL,GERAL,23594770968,[ALC - Narbona - VIDEO 02],VIDEO,2026-03-05,440,491,1.0488798370672099,3.847041,0,0.0
GERAL,GERAL,23594770968,[ALC - Narbona - VIDEO 02],VIDEO,2026-03-06,556,602,1.021594684385382,4.603507,0,2.0
GERAL,GERAL,23594770968,[ALC - Narbona - VIDEO 02],VIDEO,2026-03-07,294,338,1.0088757396449703,2.377167,0,0.0
GERAL,GERAL,23594770968,[ALC - Narbona - VIDEO 02],VIDEO,2026-03-08,333,357,1.0392156862745099,2.899483,1,0.0
GERAL,GERAL,23604869951,[ALC - ALA GOURMET - DULADU + UNISUSHI - BS],VIDEO,2026-02-26,4840,2102,2.3025689819219792,22.680972,21,3.0
GERAL,GERAL,23604869951,[ALC - ALA GOURMET - DULADU + UNISUSHI - BS],VIDEO,2026-02-27,15802,6698,2.375783816064497,75.609882,31,15.0
GERAL,GERAL,23604869951,[ALC - ALA GOURMET - DULADU + UNISUSHI - BS],VIDEO,2026-02-28,16227,6681,2.4333183655141446,75.198882,19,15.0
GERAL,GERAL,23604869951,[ALC - ALA GOURMET - DULADU + UNISUSHI - BS],VIDEO,2026-03-01,15575,6439,2.4311228451622924,75.296333,23,13.0
GERAL,GERAL,23604869951,[ALC - ALA GOURMET - DULADU + UNISUSHI - BS],VIDEO,2026-03-02,17774,9187,1.938717753347121,75.010033,62,23.0
GERAL,GERAL,23604869951,[ALC - ALA GOURMET - DULADU + UNISUSHI - BS],VIDEO,2026-03-03,13774,6663,2.075191355245385,75.111919,27,11.0
GERAL,GERAL,23604869951,[ALC - ALA GOURMET - DULADU + UNISUSHI - BS],VIDEO,2026-03-04,13647,5987,2.2834474695172875,75.096405,37,20.0
GERAL,GERAL,23604869951,[ALC - ALA GOURMET - DULADU + UNISUSHI - BS],VIDEO,2026-03-05,12142,4891,2.486199141279902,75.447666,40,21.0
GERAL,GERAL,23604869951,[ALC - ALA GOURMET - DULADU + UNISUSHI - BS],VIDEO,2026-03-06,12326,4782,2.5786281890422416,74.600431,25,41.0
GERAL,GERAL,23604869951,[ALC - ALA GOURMET - DULADU + UNISUSHI - BS],VIDEO,2026-03-07,13156,4905,2.6833843017329255,74.046668,33,24.0
GERAL,GERAL,23604869951,[ALC - ALA GOURMET - DULADU + UNISUSHI - BS],VIDEO,2026-03-08,14049,5351,2.6260512053821716,73.98538,27,14.0
GERAL,GERAL,23618035152,[PMAX - FESTIVAL DO TORRESMO - NR],PERFORMANCE_MAX,2026-03-04,1544,1515,1.019141914191419,4.959559,1,45.0
GERAL,GERAL,23618035152,[PMAX - FESTIVAL DO TORRESMO - NR],PERFORMANCE_MAX,2026-03-05,10150,8224,1.234192607003891,40.033376,19,212.0
GERAL,GERAL,23618035152,[PMAX - FESTIVAL DO TORRESMO - NR],PERFORMANCE_MAX,2026-03-06,7427,6432,1.1546952736318408,39.774022,18,239.0
GERAL,GERAL,23618035152,[PMAX - FESTIVAL DO TORRESMO - NR],PERFORMANCE_MAX,2026-03-07,6382,5533,1.1534429784926803,39.778966,34,222.0
GERAL,GERAL,23618035152,[PMAX - FESTIVAL DO TORRESMO - NR],PERFORMANCE_MAX,2026-03-08,15107,12016,1.2572403462050599,39.790273,37,321.0
GERAL,GERAL,21741027756,[APP INSTAL - GS],MULTI_CHANNEL,2026-03-09,230,128,1.796875,11.098406,25,0.0
GERAL,GERAL,21741027756,[APP INSTAL - GS],MULTI_CHANNEL,2026-03-10,198,93,2.129032258064516,11.669063,20,0.0
GERAL,GERAL,21741027756,[APP INSTAL - GS],MULTI_CHANNEL,2026-03-11,104,53,1.9622641509433962,9.795282,13,0.0
GERAL,GERAL,21741027756,[APP INSTAL - GS],MULTI_CHANNEL,2026-03-12,191,142,1.3450704225352113,10.163116,22,0.0
GERAL,GERAL,21741027756,[APP INSTAL - GS],MULTI_CHANNEL,2026-03-13,111,73,1.5205479452054795,10.082108,15,0.0
GERAL,GERAL,21741027756,[APP INSTAL - GS],MULTI_CHANNEL,2026-03-14,192,109,1.761467889908257,10.179167,22,0.0
GERAL,GERAL,21741027756,[APP INSTAL - GS],MULTI_CHANNEL,2026-03-15,239,142,1.6830985915492958,9.938351,19,0.0
GERAL,GERAL,21741027756,[APP INSTAL - GS],MULTI_CHANNEL,2026-03-16,249,181,1.3756906077348066,9.758169,17,0.0
GERAL,GERAL,21741027756,[APP INSTAL - GS],MULTI_CHANNEL,2026-03-17,132,85,1.5529411764705883,9.369037,16,0.0
GERAL,GERAL,21741027756,[APP INSTAL - GS],MULTI_CHANNEL,2026-03-18,93,61,1.5245901639344261,10.448345,17,0.0
GERAL,GERAL,21741027756,[APP INSTAL - GS],MULTI_CHANNEL,2026-03-20,157,120,1.3083333333333333,10.575902,17,0.0
GERAL,GERAL,21741027756,[APP INSTAL - GS],MULTI_CHANNEL,2026-03-21,181,119,1.5210084033613445,8.305044,15,0.0
GERAL,GERAL,21741027756,[APP INSTAL - GS],MULTI_CHANNEL,2026-03-22,118,82,1.4390243902439024,9.101593,19,0.0
GERAL,GERAL,21741027756,[APP INSTAL - GS],MULTI_CHANNEL,2026-03-23,169,120,1.4083333333333334,9.460556,18,1.0
GERAL,GERAL,21741027756,[APP INSTAL - GS],MULTI_CHANNEL,2026-03-24,137,98,1.3979591836734695,9.955893,20,0.0
GERAL,GERAL,21741027756,[APP INSTAL - GS],MULTI_CHANNEL,2026-03-25,193,136,1.4191176470588236,9.419591,20,0.0
GERAL,GERAL,21741027756,[APP INSTAL - GS],MULTI_CHANNEL,2026-03-26,189,131,1.4427480916030535,10.159065,23,0.0
GERAL,GERAL,21741027756,[APP INSTAL - GS],MULTI_CHANNEL,2026-03-27,286,194,1.4742268041237114,9.396526,20,0.0
GERAL,GERAL,21741027756,[APP INSTAL - GS],MULTI_CHANNEL,2026-03-28,193,139,1.3884892086330936,8.667993,18,0.0
GERAL,GERAL,21741027756,[APP INSTAL - GS],MULTI_CHANNEL,2026-03-29,301,194,1.5515463917525774,7.836998,28,0.0
GERAL,GERAL,21741027756,[APP INSTAL - GS],MULTI_CHANNEL,2026-03-30,281,200,1.405,7.771721,19,0.0
GERAL,GERAL,21741027756,[APP INSTAL - GS],MULTI_CHANNEL,2026-03-31,185,144,1.2847222222222223,2.970639,9,0.0
GERAL,GERAL,21741027756,[APP INSTAL - GS],MULTI_CHANNEL,2026-04-01,148,86,1.7209302325581395,1.988273,10,0.0
GERAL,GERAL,21741027756,[APP INSTAL - GS],MULTI_CHANNEL,2026-04-02,176,136,1.2941176470588236,1.653266,11,0.0
GERAL,GERAL,21741027756,[APP INSTAL - GS],MULTI_CHANNEL,2026-04-03,170,129,1.317829457364341,4.508994,21,0.0
GERAL,GERAL,21741027756,[APP INSTAL - GS],MULTI_CHANNEL,2026-04-04,195,116,1.6810344827586208,3.575752,22,1.0
GERAL,GERAL,21741027756,[APP INSTAL - GS],MULTI_CHANNEL,2026-04-05,134,92,1.4565217391304348,4.367069,17,0.0
GERAL,GERAL,21741027756,[APP INSTAL - GS],MULTI_CHANNEL,2026-04-06,136,89,1.5280898876404494,3.913264,17,0.0
GERAL,GERAL,21741027756,[APP INSTAL - GS],MULTI_CHANNEL,2026-04-07,135,105,1.2857142857142858,3.70958,14,0.0
GERAL,GERAL,21741076989,[APP INSTAL - NK],MULTI_CHANNEL,2026-03-09,147,97,1.5154639175257731,12.919192,19,0.0
GERAL,GERAL,21741076989,[APP INSTAL - NK],MULTI_CHANNEL,2026-03-10,154,101,1.5247524752475248,10.937799,18,0.0
GERAL,GERAL,21741076989,[APP INSTAL - NK],MULTI_CHANNEL,2026-03-11,156,111,1.4054054054054055,10.17899,19,0.0
GERAL,GERAL,21741076989,[APP INSTAL - NK],MULTI_CHANNEL,2026-03-12,140,109,1.2844036697247707,10.144628,17,0.0
GERAL,GERAL,21741076989,[APP INSTAL - NK],MULTI_CHANNEL,2026-03-13,125,94,1.3297872340425532,9.372194,12,0.0
GERAL,GERAL,21741076989,[APP INSTAL - NK],MULTI_CHANNEL,2026-03-14,248,134,1.8507462686567164,10.48589,20,0.0
GERAL,GERAL,21741076989,[APP INSTAL - NK],MULTI_CHANNEL,2026-03-15,187,117,1.5982905982905984,9.542613,20,0.0
GERAL,GERAL,21741076989,[APP INSTAL - NK],MULTI_CHANNEL,2026-03-16,177,143,1.2377622377622377,9.777936,20,0.0
GERAL,GERAL,21741076989,[APP INSTAL - NK],MULTI_CHANNEL,2026-03-17,119,77,1.5454545454545454,9.982545,17,0.0
GERAL,GERAL,21741076989,[APP INSTAL - NK],MULTI_CHANNEL,2026-03-18,128,80,1.6,10.257813,16,0.0
GERAL,GERAL,21741076989,[APP INSTAL - NK],MULTI_CHANNEL,2026-03-19,143,117,1.2222222222222223,9.441432,17,0.0
GERAL,GERAL,21741076989,[APP INSTAL - NK],MULTI_CHANNEL,2026-03-20,113,80,1.4125,9.542596,17,0.0
GERAL,GERAL,21741076989,[APP INSTAL - NK],MULTI_CHANNEL,2026-03-21,236,170,1.388235294117647,9.011297,31,0.0
GERAL,GERAL,21741076989,[APP INSTAL - NK],MULTI_CHANNEL,2026-03-22,84,66,1.2727272727272727,9.141617,14,0.0
GERAL,GERAL,21741076989,[APP INSTAL - NK],MULTI_CHANNEL,2026-03-23,209,144,1.4513888888888888,9.662951,21,1.0
GERAL,GERAL,21741076989,[APP INSTAL - NK],MULTI_CHANNEL,2026-03-24,177,139,1.2733812949640289,9.35522,22,0.0
GERAL,GERAL,21741076989,[APP INSTAL - NK],MULTI_CHANNEL,2026-03-25,203,124,1.6370967741935485,9.972816,28,0.0
GERAL,GERAL,21741076989,[APP INSTAL - NK],MULTI_CHANNEL,2026-03-26,180,121,1.487603305785124,9.862933,19,0.0
GERAL,GERAL,21741076989,[APP INSTAL - NK],MULTI_CHANNEL,2026-03-27,214,153,1.3986928104575163,9.469998,23,0.0
GERAL,GERAL,21741076989,[APP INSTAL - NK],MULTI_CHANNEL,2026-03-28,301,210,1.4333333333333333,9.483453,34,0.0
GERAL,GERAL,21741076989,[APP INSTAL - NK],MULTI_CHANNEL,2026-03-29,194,154,1.2597402597402598,7.883539,21,0.0
GERAL,GERAL,21741076989,[APP INSTAL - NK],MULTI_CHANNEL,2026-03-30,143,114,1.2543859649122806,2.743917,11,0.0
GERAL,GERAL,21741076989,[APP INSTAL - NK],MULTI_CHANNEL,2026-03-31,112,82,1.3658536585365855,2.159757,5,0.0
GERAL,GERAL,21741076989,[APP INSTAL - NK],MULTI_CHANNEL,2026-04-01,79,52,1.5192307692307692,2.139413,5,0.0
GERAL,GERAL,21741076989,[APP INSTAL - NK],MULTI_CHANNEL,2026-04-02,101,79,1.2784810126582278,0.358232,4,0.0
GERAL,GERAL,21741076989,[APP INSTAL - NK],MULTI_CHANNEL,2026-04-03,76,63,1.2063492063492063,0.729864,2,0.0
GERAL,GERAL,21741076989,[APP INSTAL - NK],MULTI_CHANNEL,2026-04-04,89,74,1.2027027027027026,0.356198,4,0.0
GERAL,GERAL,21741076989,[APP INSTAL - NK],MULTI_CHANNEL,2026-04-05,82,73,1.1232876712328768,0.293249,3,0.0
GERAL,GERAL,21741076989,[APP INSTAL - NK],MULTI_CHANNEL,2026-04-07,1017,722,1.4085872576177285,26.333368,35,0.0
GERAL,GERAL,21741076989,[APP INSTAL - NK],MULTI_CHANNEL,2026-04-08,303,240,1.2625,28.756196,42,0.0
GERAL,GERAL,21741076989,[APP INSTAL - NK],MULTI_CHANNEL,2026-04-09,325,213,1.5258215962441315,27.802827,41,0.0
GERAL,GERAL,21741076989,[APP INSTAL - NK],MULTI_CHANNEL,2026-04-10,216,157,1.375796178343949,10.05923,15,0.0
GERAL,GERAL,21741076989,[APP INSTAL - NK],MULTI_CHANNEL,2026-04-11,129,90,1.4333333333333333,10.930811,13,0.0
GERAL,GERAL,21741076989,[APP INSTAL - NK],MULTI_CHANNEL,2026-04-12,128,108,1.1851851851851851,13.394441,14,0.0
GERAL,GERAL,21741076989,[APP INSTAL - NK],MULTI_CHANNEL,2026-04-13,67,54,1.2407407407407407,1.255066,5,0.0
GERAL,GERAL,21741076989,[APP INSTAL - NK],MULTI_CHANNEL,2026-04-23,78,67,1.164179104477612,0.535291,3,0.0
GERAL,GERAL,21741076989,[APP INSTAL - NK],MULTI_CHANNEL,2026-06-01,110,89,1.2359550561797752,0.467874,8,0.0
GERAL,GERAL,21741076989,[APP INSTAL - NK],MULTI_CHANNEL,2026-06-06,68,62,1.096774193548387,0.259811,5,0.0
GERAL,GERAL,21741092154,[APP INSTAL - NS],MULTI_CHANNEL,2026-03-09,669,403,1.6600496277915633,21.294195,40,0.0
GERAL,GERAL,21741092154,[APP INSTAL - NS],MULTI_CHANNEL,2026-03-10,442,294,1.5034013605442176,20.777867,41,0.0
GERAL,GERAL,21741092154,[APP INSTAL - NS],MULTI_CHANNEL,2026-03-11,193,107,1.8037383177570094,19.300033,22,0.0
GERAL,GERAL,21741092154,[APP INSTAL - NS],MULTI_CHANNEL,2026-03-12,337,225,1.4977777777777779,20.418884,28,0.0
GERAL,GERAL,21741092154,[APP INSTAL - NS],MULTI_CHANNEL,2026-03-13,114,52,2.1923076923076925,19.321101,24,0.0
GERAL,GERAL,21741092154,[APP INSTAL - NS],MULTI_CHANNEL,2026-03-14,128,78,1.641025641025641,19.654315,21,0.0
GERAL,GERAL,21741092154,[APP INSTAL - NS],MULTI_CHANNEL,2026-03-15,174,100,1.74,19.04536,27,0.0
GERAL,GERAL,21741092154,[APP INSTAL - NS],MULTI_CHANNEL,2026-03-16,239,138,1.7318840579710144,19.341048,24,0.0
GERAL,GERAL,21741092154,[APP INSTAL - NS],MULTI_CHANNEL,2026-03-17,197,127,1.5511811023622046,18.248648,22,0.0
GERAL,GERAL,21741092154,[APP INSTAL - NS],MULTI_CHANNEL,2026-03-18,226,145,1.5586206896551724,18.795746,28,0.0
GERAL,GERAL,21741092154,[APP INSTAL - NS],MULTI_CHANNEL,2026-03-19,244,130,1.876923076923077,18.234528,28,0.0
GERAL,GERAL,21741092154,[APP INSTAL - NS],MULTI_CHANNEL,2026-03-20,243,140,1.7357142857142858,18.342874,25,0.0
GERAL,GERAL,21741092154,[APP INSTAL - NS],MULTI_CHANNEL,2026-03-21,210,118,1.7796610169491525,17.332435,25,0.0
GERAL,GERAL,21741092154,[APP INSTAL - NS],MULTI_CHANNEL,2026-03-22,220,151,1.4569536423841059,17.878976,28,0.0
GERAL,GERAL,21741092154,[APP INSTAL - NS],MULTI_CHANNEL,2026-03-23,347,229,1.51528384279476,16.795097,58,0.0
GERAL,GERAL,21741092154,[APP INSTAL - NS],MULTI_CHANNEL,2026-03-24,239,175,1.3657142857142857,17.754094,48,0.0
GERAL,GERAL,21741092154,[APP INSTAL - NS],MULTI_CHANNEL,2026-03-25,108,89,1.2134831460674158,16.194802,24,0.0
GERAL,GERAL,21741092154,[APP INSTAL - NS],MULTI_CHANNEL,2026-03-26,164,117,1.4017094017094016,19.443443,31,0.0
GERAL,GERAL,21741092154,[APP INSTAL - NS],MULTI_CHANNEL,2026-03-27,293,188,1.5585106382978724,18.137472,32,0.0
GERAL,GERAL,21741092154,[APP INSTAL - NS],MULTI_CHANNEL,2026-03-28,350,239,1.4644351464435146,17.417512,47,0.0
GERAL,GERAL,21741092154,[APP INSTAL - NS],MULTI_CHANNEL,2026-03-29,315,209,1.507177033492823,15.525522,34,0.0
GERAL,GERAL,21741092154,[APP INSTAL - NS],MULTI_CHANNEL,2026-03-30,242,140,1.7285714285714286,15.142711,21,0.0
GERAL,GERAL,21741092154,[APP INSTAL - NS],MULTI_CHANNEL,2026-03-31,323,215,1.5023255813953489,14.962052,23,0.0
GERAL,GERAL,21741092154,[APP INSTAL - NS],MULTI_CHANNEL,2026-04-01,621,373,1.6648793565683646,22.187111,42,0.0
GERAL,GERAL,21741092154,[APP INSTAL - NS],MULTI_CHANNEL,2026-04-02,784,479,1.6367432150313153,19.497318,35,0.0
GERAL,GERAL,21741092154,[APP INSTAL - NS],MULTI_CHANNEL,2026-04-03,374,230,1.626086956521739,19.148551,29,0.0
GERAL,GERAL,21741092154,[APP INSTAL - NS],MULTI_CHANNEL,2026-04-04,535,332,1.6114457831325302,19.461969,39,0.0
GERAL,GERAL,21741092154,[APP INSTAL - NS],MULTI_CHANNEL,2026-04-05,669,439,1.5239179954441913,18.572321,36,0.0
GERAL,GERAL,21741092154,[APP INSTAL - NS],MULTI_CHANNEL,2026-04-06,715,475,1.5052631578947369,20.623483,36,0.0
GERAL,GERAL,21741092154,[APP INSTAL - NS],MULTI_CHANNEL,2026-04-07,706,485,1.4556701030927834,19.448873,41,0.0
GERAL,GERAL,21741092154,[APP INSTAL - NS],MULTI_CHANNEL,2026-04-08,218,153,1.4248366013071896,10.061752,11,0.0
GERAL,GERAL,21741092154,[APP INSTAL - NS],MULTI_CHANNEL,2026-04-09,444,282,1.574468085106383,13.780915,21,0.0
GERAL,GERAL,21741092154,[APP INSTAL - NS],MULTI_CHANNEL,2026-04-10,821,485,1.6927835051546392,23.306468,43,0.0
GERAL,GERAL,21741092154,[APP INSTAL - NS],MULTI_CHANNEL,2026-04-11,1183,828,1.428743961352657,55.233082,85,0.0
GERAL,GERAL,21741092154,[APP INSTAL - NS],MULTI_CHANNEL,2026-04-12,2182,1878,1.161874334398296,43.252871,59,0.0
GERAL,GERAL,21741092154,[APP INSTAL - NS],MULTI_CHANNEL,2026-04-13,1685,1510,1.1158940397350994,22.542662,24,0.0
GERAL,GERAL,21741092154,[APP INSTAL - NS],MULTI_CHANNEL,2026-04-14,423,364,1.1620879120879122,11.441099,13,0.0
GERAL,GERAL,21741092154,[APP INSTAL - NS],MULTI_CHANNEL,2026-04-15,242,194,1.2474226804123711,2.169851,10,0.0
GERAL,GERAL,21741092154,[APP INSTAL - NS],MULTI_CHANNEL,2026-04-16,252,170,1.4823529411764707,3.518243,5,0.0
GERAL,GERAL,21741092154,[APP INSTAL - NS],MULTI_CHANNEL,2026-04-17,192,109,1.761467889908257,0.575711,7,1.0
GERAL,GERAL,21741092154,[APP INSTAL - NS],MULTI_CHANNEL,2026-04-18,241,158,1.5253164556962024,1.660074,11,0.0
GERAL,GERAL,21741092154,[APP INSTAL - NS],MULTI_CHANNEL,2026-04-19,187,109,1.7155963302752293,2.5641,10,1.0
GERAL,GERAL,21741092154,[APP INSTAL - NS],MULTI_CHANNEL,2026-04-20,162,82,1.975609756097561,3.518616,8,0.0
GERAL,GERAL,21741092154,[APP INSTAL - NS],MULTI_CHANNEL,2026-04-21,247,166,1.4879518072289157,2.142265,14,0.0
GERAL,GERAL,21741092154,[APP INSTAL - NS],MULTI_CHANNEL,2026-04-22,291,146,1.9931506849315068,2.334224,16,0.0
GERAL,GERAL,21741092154,[APP INSTAL - NS],MULTI_CHANNEL,2026-04-23,400,269,1.486988847583643,4.266003,18,0.0
GERAL,GERAL,21741092154,[APP INSTAL - NS],MULTI_CHANNEL,2026-04-24,201,119,1.6890756302521008,1.29175,16,0.0
GERAL,GERAL,21741092154,[APP INSTAL - NS],MULTI_CHANNEL,2026-04-25,196,123,1.5934959349593496,1.608769,23,2.0
GERAL,GERAL,21741092154,[APP INSTAL - NS],MULTI_CHANNEL,2026-04-26,265,159,1.6666666666666667,3.508269,37,0.0
GERAL,GERAL,21741092154,[APP INSTAL - NS],MULTI_CHANNEL,2026-04-27,341,239,1.4267782426778242,1.414395,19,0.0
GERAL,GERAL,21741092154,[APP INSTAL - NS],MULTI_CHANNEL,2026-04-28,139,103,1.3495145631067962,0.68921,8,0.0
GERAL,GERAL,21741092154,[APP INSTAL - NS],MULTI_CHANNEL,2026-04-29,113,89,1.2696629213483146,0.796786,9,0.0
GERAL,GERAL,21741092154,[APP INSTAL - NS],MULTI_CHANNEL,2026-04-30,264,197,1.3401015228426396,2.300919,18,0.0
GERAL,GERAL,21741092154,[APP INSTAL - NS],MULTI_CHANNEL,2026-05-01,266,201,1.3233830845771144,2.099595,23,1.0
GERAL,GERAL,21741092154,[APP INSTAL - NS],MULTI_CHANNEL,2026-05-02,75,57,1.3157894736842106,0.68973,7,0.0
GERAL,GERAL,21741092154,[APP INSTAL - NS],MULTI_CHANNEL,2026-05-07,62,50,1.24,0.554284,8,0.0
GERAL,GERAL,21741092154,[APP INSTAL - NS],MULTI_CHANNEL,2026-05-08,77,60,1.2833333333333334,1.345767,12,1.0
GERAL,GERAL,21741092154,[APP INSTAL - NS],MULTI_CHANNEL,2026-05-09,124,106,1.169811320754717,2.738193,30,0.0
GERAL,GERAL,21741092154,[APP INSTAL - NS],MULTI_CHANNEL,2026-05-10,315,228,1.381578947368421,3.649328,35,0.0
GERAL,GERAL,21741092154,[APP INSTAL - NS],MULTI_CHANNEL,2026-05-11,179,153,1.1699346405228759,1.20656,17,0.0
GERAL,GERAL,21741092154,[APP INSTAL - NS],MULTI_CHANNEL,2026-05-12,108,80,1.35,1.372339,16,0.0
GERAL,GERAL,21741092154,[APP INSTAL - NS],MULTI_CHANNEL,2026-05-13,73,57,1.280701754385965,0.912614,12,1.0
GERAL,GERAL,21741092154,[APP INSTAL - NS],MULTI_CHANNEL,2026-05-15,93,51,1.8235294117647058,0.770712,8,1.0
GERAL,GERAL,21741092154,[APP INSTAL - NS],MULTI_CHANNEL,2026-05-16,75,56,1.3392857142857142,1.316411,18,1.0
GERAL,GERAL,21741092154,[APP INSTAL - NS],MULTI_CHANNEL,2026-05-17,79,63,1.253968253968254,1.282939,18,0.0
GERAL,GERAL,21741092154,[APP INSTAL - NS],MULTI_CHANNEL,2026-05-18,62,51,1.2156862745098038,1.933527,14,0.0
GERAL,GERAL,21741092154,[APP INSTAL - NS],MULTI_CHANNEL,2026-05-19,97,87,1.1149425287356323,0.685866,9,0.0
GERAL,GERAL,21741092154,[APP INSTAL - NS],MULTI_CHANNEL,2026-05-20,176,113,1.5575221238938053,4.490283,12,1.0
GERAL,GERAL,21741092154,[APP INSTAL - NS],MULTI_CHANNEL,2026-05-21,158,114,1.3859649122807018,1.744653,16,0.0
GERAL,GERAL,21741092154,[APP INSTAL - NS],MULTI_CHANNEL,2026-05-22,139,108,1.287037037037037,2.294643,16,1.0
GERAL,GERAL,21741092154,[APP INSTAL - NS],MULTI_CHANNEL,2026-05-23,184,128,1.4375,1.7575,19,0.0
GERAL,GERAL,21741092154,[APP INSTAL - NS],MULTI_CHANNEL,2026-05-24,188,137,1.3722627737226278,2.39626,39,1.0
GERAL,GERAL,21741092154,[APP INSTAL - NS],MULTI_CHANNEL,2026-05-25,128,97,1.3195876288659794,0.847818,12,0.0
GERAL,GERAL,21741092154,[APP INSTAL - NS],MULTI_CHANNEL,2026-05-26,82,65,1.2615384615384615,0.448263,11,0.0
GERAL,GERAL,21741092154,[APP INSTAL - NS],MULTI_CHANNEL,2026-05-27,93,88,1.0568181818181819,0.304763,4,0.0
GERAL,GERAL,21741092154,[APP INSTAL - NS],MULTI_CHANNEL,2026-05-31,175,129,1.3565891472868217,1.163716,21,0.0
GERAL,GERAL,21741092154,[APP INSTAL - NS],MULTI_CHANNEL,2026-06-01,504,348,1.4482758620689655,1.485045,12,0.0
GERAL,GERAL,21741092154,[APP INSTAL - NS],MULTI_CHANNEL,2026-06-02,155,124,1.25,0.931495,8,0.0
GERAL,GERAL,21741092154,[APP INSTAL - NS],MULTI_CHANNEL,2026-06-06,362,233,1.553648068669528,0.527198,7,0.0
GERAL,GERAL,21747173498,[APP INSTAL - CS],MULTI_CHANNEL,2026-03-09,130,94,1.3829787234042554,11.330201,17,0.0
GERAL,GERAL,21747173498,[APP INSTAL - CS],MULTI_CHANNEL,2026-03-10,142,104,1.3653846153846154,11.153062,37,0.0
GERAL,GERAL,21747173498,[APP INSTAL - CS],MULTI_CHANNEL,2026-03-11,135,107,1.2616822429906542,9.298029,24,0.0
GERAL,GERAL,21747173498,[APP INSTAL - CS],MULTI_CHANNEL,2026-03-12,151,115,1.3130434782608695,10.224433,28,0.0
GERAL,GERAL,21747173498,[APP INSTAL - CS],MULTI_CHANNEL,2026-03-13,109,81,1.345679012345679,10.161032,21,0.0
GERAL,GERAL,21747173498,[APP INSTAL - CS],MULTI_CHANNEL,2026-03-14,235,160,1.46875,9.270207,54,0.0
GERAL,GERAL,21747173498,[APP INSTAL - CS],MULTI_CHANNEL,2026-03-15,103,76,1.355263157894737,10.130311,19,0.0
GERAL,GERAL,21747173498,[APP INSTAL - CS],MULTI_CHANNEL,2026-03-16,195,131,1.4885496183206106,8.946899,18,0.0
GERAL,GERAL,21747173498,[APP INSTAL - CS],MULTI_CHANNEL,2026-03-17,98,78,1.2564102564102564,9.494722,16,0.0
GERAL,GERAL,21747173498,[APP INSTAL - CS],MULTI_CHANNEL,2026-03-18,87,63,1.380952380952381,9.780723,13,0.0
GERAL,GERAL,21747173498,[APP INSTAL - CS],MULTI_CHANNEL,2026-03-19,200,153,1.3071895424836601,9.479744,19,0.0
GERAL,GERAL,21747173498,[APP INSTAL - CS],MULTI_CHANNEL,2026-03-20,235,176,1.3352272727272727,10.533915,23,0.0
GERAL,GERAL,21747173498,[APP INSTAL - CS],MULTI_CHANNEL,2026-03-21,162,106,1.528301886792453,8.385546,15,0.0
GERAL,GERAL,21747173498,[APP INSTAL - CS],MULTI_CHANNEL,2026-03-23,130,92,1.4130434782608696,9.70975,15,0.0
GERAL,GERAL,21747173498,[APP INSTAL - CS],MULTI_CHANNEL,2026-03-24,136,104,1.3076923076923077,9.005215,17,0.0
GERAL,GERAL,21747173498,[APP INSTAL - CS],MULTI_CHANNEL,2026-03-25,208,158,1.3164556962025316,9.274176,26,0.0
GERAL,GERAL,21747173498,[APP INSTAL - CS],MULTI_CHANNEL,2026-03-26,188,132,1.4242424242424243,10.424102,18,0.0
GERAL,GERAL,21747173498,[APP INSTAL - CS],MULTI_CHANNEL,2026-03-27,258,175,1.4742857142857142,9.848163,31,0.0
GERAL,GERAL,21747173498,[APP INSTAL - CS],MULTI_CHANNEL,2026-03-28,214,146,1.4657534246575343,9.472472,32,0.0
GERAL,GERAL,21747173498,[APP INSTAL - CS],MULTI_CHANNEL,2026-03-29,171,100,1.71,7.989209,17,0.0
GERAL,GERAL,21747173498,[APP INSTAL - CS],MULTI_CHANNEL,2026-03-30,343,200,1.715,8.063479,27,0.0
GERAL,GERAL,21747173498,[APP INSTAL - CS],MULTI_CHANNEL,2026-03-31,116,89,1.303370786516854,0.435138,2,0.0
GERAL,GERAL,21747173498,[APP INSTAL - CS],MULTI_CHANNEL,2026-04-01,157,95,1.6526315789473685,2.464495,10,0.0
GERAL,GERAL,21747173498,[APP INSTAL - CS],MULTI_CHANNEL,2026-04-02,198,137,1.4452554744525548,3.330727,18,1.0
GERAL,GERAL,21747173498,[APP INSTAL - CS],MULTI_CHANNEL,2026-04-03,191,143,1.3356643356643356,1.683867,8,0.0
GERAL,GERAL,21747173498,[APP INSTAL - CS],MULTI_CHANNEL,2026-04-04,206,166,1.2409638554216869,3.777432,16,0.0
GERAL,GERAL,21747173498,[APP INSTAL - CS],MULTI_CHANNEL,2026-04-05,184,152,1.2105263157894737,4.942284,24,0.0
GERAL,GERAL,21747173498,[APP INSTAL - CS],MULTI_CHANNEL,2026-04-06,168,126,1.3333333333333333,2.52457,14,0.0
GERAL,GERAL,21747173498,[APP INSTAL - CS],MULTI_CHANNEL,2026-04-07,85,65,1.3076923076923077,1.628136,7,0.0
GERAL,GERAL,21750784471,[APP INSTAL - UNIFICADA],MULTI_CHANNEL,2026-03-09,470,340,1.3823529411764706,21.860023,37,1.0
GERAL,GERAL,21750784471,[APP INSTAL - UNIFICADA],MULTI_CHANNEL,2026-03-10,435,240,1.8125,22.052617,53,0.0
GERAL,GERAL,21750784471,[APP INSTAL - UNIFICADA],MULTI_CHANNEL,2026-03-11,314,212,1.4811320754716981,19.735362,43,0.0
GERAL,GERAL,21750784471,[APP INSTAL - UNIFICADA],MULTI_CHANNEL,2026-03-12,389,271,1.4354243542435425,19.729486,40,0.0
GERAL,GERAL,21750784471,[APP INSTAL - UNIFICADA],MULTI_CHANNEL,2026-03-13,143,101,1.4158415841584158,19.890011,27,0.0
GERAL,GERAL,21750784471,[APP INSTAL - UNIFICADA],MULTI_CHANNEL,2026-03-14,218,132,1.6515151515151516,20.491461,26,0.0
GERAL,GERAL,21750784471,[APP INSTAL - UNIFICADA],MULTI_CHANNEL,2026-03-15,431,305,1.4131147540983606,22.871311,37,0.0
GERAL,GERAL,21750784471,[APP INSTAL - UNIFICADA],MULTI_CHANNEL,2026-03-16,196,144,1.3611111111111112,19.743894,29,0.0
GERAL,GERAL,21750784471,[APP INSTAL - UNIFICADA],MULTI_CHANNEL,2026-03-17,167,116,1.4396551724137931,20.405416,31,0.0
GERAL,GERAL,21750784471,[APP INSTAL - UNIFICADA],MULTI_CHANNEL,2026-03-18,313,192,1.6302083333333333,19.481316,35,0.0
GERAL,GERAL,21750784471,[APP INSTAL - UNIFICADA],MULTI_CHANNEL,2026-03-19,159,109,1.4587155963302751,18.465176,22,0.0
GERAL,GERAL,21750784471,[APP INSTAL - UNIFICADA],MULTI_CHANNEL,2026-03-20,411,316,1.3006329113924051,19.626464,45,0.0
GERAL,GERAL,21750784471,[APP INSTAL - UNIFICADA],MULTI_CHANNEL,2026-03-21,230,165,1.393939393939394,18.167167,30,0.0
GERAL,GERAL,21750784471,[APP INSTAL - UNIFICADA],MULTI_CHANNEL,2026-03-22,372,263,1.414448669201521,18.768037,47,0.0
GERAL,GERAL,21750784471,[APP INSTAL - UNIFICADA],MULTI_CHANNEL,2026-03-23,161,109,1.4770642201834863,18.141663,23,0.0
GERAL,GERAL,21750784471,[APP INSTAL - UNIFICADA],MULTI_CHANNEL,2026-03-24,303,227,1.3348017621145374,18.108922,45,0.0
GERAL,GERAL,21750784471,[APP INSTAL - UNIFICADA],MULTI_CHANNEL,2026-03-25,277,197,1.4060913705583757,18.581321,31,0.0
GERAL,GERAL,21750784471,[APP INSTAL - UNIFICADA],MULTI_CHANNEL,2026-03-26,155,85,1.8235294117647058,21.604937,32,0.0
GERAL,GERAL,21750784471,[APP INSTAL - UNIFICADA],MULTI_CHANNEL,2026-03-27,255,176,1.4488636363636365,19.460912,34,0.0
GERAL,GERAL,21750784471,[APP INSTAL - UNIFICADA],MULTI_CHANNEL,2026-03-28,643,437,1.471395881006865,17.541905,68,2.0
GERAL,GERAL,21750784471,[APP INSTAL - UNIFICADA],MULTI_CHANNEL,2026-03-29,420,283,1.4840989399293287,16.655154,60,2.0
GERAL,GERAL,21750784471,[APP INSTAL - UNIFICADA],MULTI_CHANNEL,2026-03-30,233,187,1.2459893048128343,16.328,21,0.0
GERAL,GERAL,21750784471,[APP INSTAL - UNIFICADA],MULTI_CHANNEL,2026-03-31,286,218,1.311926605504587,16.216721,29,0.0
GERAL,GERAL,21750784471,[APP INSTAL - UNIFICADA],MULTI_CHANNEL,2026-04-01,452,329,1.3738601823708207,23.562316,46,0.0
GERAL,GERAL,21750784471,[APP INSTAL - UNIFICADA],MULTI_CHANNEL,2026-04-02,578,422,1.3696682464454977,23.338117,37,1.0
GERAL,GERAL,21750784471,[APP INSTAL - UNIFICADA],MULTI_CHANNEL,2026-04-03,880,639,1.3771517996870108,19.984159,51,1.0
GERAL,GERAL,21750784471,[APP INSTAL - UNIFICADA],MULTI_CHANNEL,2026-04-04,1198,837,1.4313022700119475,20.258991,49,0.0
GERAL,GERAL,21750784471,[APP INSTAL - UNIFICADA],MULTI_CHANNEL,2026-04-05,1007,726,1.3870523415977962,20.625581,40,0.0
GERAL,GERAL,21750784471,[APP INSTAL - UNIFICADA],MULTI_CHANNEL,2026-04-06,810,614,1.3192182410423452,20.49134,36,0.0
GERAL,GERAL,21750784471,[APP INSTAL - UNIFICADA],MULTI_CHANNEL,2026-04-07,811,623,1.3017656500802568,19.952307,43,0.0
GERAL,GERAL,21750784471,[APP INSTAL - UNIFICADA],MULTI_CHANNEL,2026-04-08,676,470,1.4382978723404256,16.730659,51,0.0
GERAL,GERAL,21750784471,[APP INSTAL - UNIFICADA],MULTI_CHANNEL,2026-04-09,547,351,1.5584045584045585,12.762347,39,0.0
GERAL,GERAL,21750784471,[APP INSTAL - UNIFICADA],MULTI_CHANNEL,2026-04-10,446,275,1.6218181818181818,7.564821,20,0.0
GERAL,GERAL,21750784471,[APP INSTAL - UNIFICADA],MULTI_CHANNEL,2026-04-11,612,402,1.5223880597014925,9.667914,50,0.0
GERAL,GERAL,21750784471,[APP INSTAL - UNIFICADA],MULTI_CHANNEL,2026-04-12,871,623,1.3980738362760834,23.730715,74,0.0
GERAL,GERAL,21750784471,[APP INSTAL - UNIFICADA],MULTI_CHANNEL,2026-04-13,653,499,1.308617234468938,10.246474,18,0.0
GERAL,GERAL,21750784471,[APP INSTAL - UNIFICADA],MULTI_CHANNEL,2026-04-14,264,204,1.2941176470588236,8.730593,12,0.0
GERAL,GERAL,21750784471,[APP INSTAL - UNIFICADA],MULTI_CHANNEL,2026-04-15,217,149,1.4563758389261745,3.919009,15,0.0
GERAL,GERAL,21750784471,[APP INSTAL - UNIFICADA],MULTI_CHANNEL,2026-04-16,141,91,1.5494505494505495,5.297923,21,0.0
GERAL,GERAL,21750784471,[APP INSTAL - UNIFICADA],MULTI_CHANNEL,2026-04-17,169,117,1.4444444444444444,3.557538,12,0.0
GERAL,GERAL,21750784471,[APP INSTAL - UNIFICADA],MULTI_CHANNEL,2026-04-18,301,167,1.8023952095808384,5.5955,26,0.0
GERAL,GERAL,21750784471,[APP INSTAL - UNIFICADA],MULTI_CHANNEL,2026-04-19,251,162,1.5493827160493827,6.638646,31,0.0
GERAL,GERAL,21750784471,[APP INSTAL - UNIFICADA],MULTI_CHANNEL,2026-04-20,211,152,1.388157894736842,8.308971,34,1.0
GERAL,GERAL,21750784471,[APP INSTAL - UNIFICADA],MULTI_CHANNEL,2026-04-21,74,53,1.3962264150943395,0.733295,12,0.0
GERAL,GERAL,21750784471,[APP INSTAL - UNIFICADA],MULTI_CHANNEL,2026-04-22,62,55,1.1272727272727272,1.264671,9,0.0
GERAL,GERAL,21750784471,[APP INSTAL - UNIFICADA],MULTI_CHANNEL,2026-04-23,87,67,1.2985074626865671,0.804328,10,0.0
GERAL,GERAL,21750784471,[APP INSTAL - UNIFICADA],MULTI_CHANNEL,2026-04-25,85,78,1.0897435897435896,2.065008,34,5.0
GERAL,GERAL,21750784471,[APP INSTAL - UNIFICADA],MULTI_CHANNEL,2026-04-26,92,88,1.0454545454545454,1.260941,22,0.0
GERAL,GERAL,21750784471,[APP INSTAL - UNIFICADA],MULTI_CHANNEL,2026-04-27,236,218,1.0825688073394495,4.169867,59,0.0
GERAL,GERAL,21750784471,[APP INSTAL - UNIFICADA],MULTI_CHANNEL,2026-04-28,127,113,1.1238938053097345,2.336724,38,3.0
GERAL,GERAL,21750784471,[APP INSTAL - UNIFICADA],MULTI_CHANNEL,2026-04-29,108,96,1.125,2.043165,32,1.0
GERAL,GERAL,21750784471,[APP INSTAL - UNIFICADA],MULTI_CHANNEL,2026-04-30,216,187,1.1550802139037433,2.56372,39,1.0
GERAL,GERAL,21750784471,[APP INSTAL - UNIFICADA],MULTI_CHANNEL,2026-05-01,242,212,1.1415094339622642,4.835197,70,6.0
GERAL,GERAL,21750784471,[APP INSTAL - UNIFICADA],MULTI_CHANNEL,2026-05-02,100,92,1.0869565217391304,3.045654,47,1.0
GERAL,GERAL,21750784471,[APP INSTAL - UNIFICADA],MULTI_CHANNEL,2026-05-07,94,82,1.146341463414634,2.778241,48,1.0
GERAL,GERAL,21750784471,[APP INSTAL - UNIFICADA],MULTI_CHANNEL,2026-05-08,114,114,1.0,2.926755,44,0.0
GERAL,GERAL,21750784471,[APP INSTAL - UNIFICADA],MULTI_CHANNEL,2026-05-09,251,240,1.0458333333333334,8.366588,121,6.0
GERAL,GERAL,21750784471,[APP INSTAL - UNIFICADA],MULTI_CHANNEL,2026-05-10,260,245,1.0612244897959184,10.85151,127,5.0
GERAL,GERAL,21750784471,[APP INSTAL - UNIFICADA],MULTI_CHANNEL,2026-05-11,152,139,1.0935251798561152,2.986202,39,0.0
GERAL,GERAL,21750784471,[APP INSTAL - UNIFICADA],MULTI_CHANNEL,2026-05-12,158,147,1.0748299319727892,4.782514,51,1.0
GERAL,GERAL,21750784471,[APP INSTAL - UNIFICADA],MULTI_CHANNEL,2026-05-13,95,90,1.0555555555555556,1.599203,27,1.0
GERAL,GERAL,21750784471,[APP INSTAL - UNIFICADA],MULTI_CHANNEL,2026-05-14,80,77,1.0389610389610389,1.616463,25,0.0
GERAL,GERAL,21750784471,[APP INSTAL - UNIFICADA],MULTI_CHANNEL,2026-05-15,79,74,1.0675675675675675,1.536876,25,0.0
GERAL,GERAL,21750784471,[APP INSTAL - UNIFICADA],MULTI_CHANNEL,2026-05-16,117,103,1.1359223300970873,3.580609,52,3.0
GERAL,GERAL,21750784471,[APP INSTAL - UNIFICADA],MULTI_CHANNEL,2026-05-17,137,132,1.0378787878787878,4.079177,70,6.0
GERAL,GERAL,21750784471,[APP INSTAL - UNIFICADA],MULTI_CHANNEL,2026-05-18,98,84,1.1666666666666667,1.841713,31,0.0
GERAL,GERAL,21750784471,[APP INSTAL - UNIFICADA],MULTI_CHANNEL,2026-05-19,123,100,1.23,2.320836,31,1.0
GERAL,GERAL,21750784471,[APP INSTAL - UNIFICADA],MULTI_CHANNEL,2026-05-20,140,94,1.4893617021276595,2.114794,30,1.0
GERAL,GERAL,21750784471,[APP INSTAL - UNIFICADA],MULTI_CHANNEL,2026-05-21,106,95,1.1157894736842104,2.037921,26,2.0
GERAL,GERAL,21750784471,[APP INSTAL - UNIFICADA],MULTI_CHANNEL,2026-05-22,123,113,1.0884955752212389,2.768632,34,0.0
GERAL,GERAL,21750784471,[APP INSTAL - UNIFICADA],MULTI_CHANNEL,2026-05-23,143,139,1.0287769784172662,5.094544,51,4.0
GERAL,GERAL,21750784471,[APP INSTAL - UNIFICADA],MULTI_CHANNEL,2026-05-24,159,138,1.1521739130434783,4.115472,69,2.0
GERAL,GERAL,21750784471,[APP INSTAL - UNIFICADA],MULTI_CHANNEL,2026-05-25,147,134,1.0970149253731343,3.964842,48,0.0
GERAL,GERAL,21750784471,[APP INSTAL - UNIFICADA],MULTI_CHANNEL,2026-05-26,118,106,1.1132075471698113,2.843533,27,0.0
GERAL,GERAL,21750784471,[APP INSTAL - UNIFICADA],MULTI_CHANNEL,2026-05-27,96,86,1.1162790697674418,1.613563,22,0.0
GERAL,GERAL,21750784471,[APP INSTAL - UNIFICADA],MULTI_CHANNEL,2026-05-30,68,67,1.0149253731343284,2.880621,39,0.0
GERAL,GERAL,21750784471,[APP INSTAL - UNIFICADA],MULTI_CHANNEL,2026-05-31,65,62,1.0483870967741935,1.064054,23,0.0
GERAL,GERAL,21750784471,[APP INSTAL - UNIFICADA],MULTI_CHANNEL,2026-06-01,166,135,1.2296296296296296,0.313891,8,0.0
GERAL,GERAL,21750784471,[APP INSTAL - UNIFICADA],MULTI_CHANNEL,2026-06-06,106,84,1.2619047619047619,0.311987,3,0.0
GERAL,GERAL,21751147342,[APP INSTAL - NR],MULTI_CHANNEL,2026-03-09,138,110,1.2545454545454546,11.465078,17,0.0
GERAL,GERAL,21751147342,[APP INSTAL - NR],MULTI_CHANNEL,2026-03-10,187,132,1.4166666666666667,11.017615,20,0.0
GERAL,GERAL,21751147342,[APP INSTAL - NR],MULTI_CHANNEL,2026-03-11,275,197,1.3959390862944163,9.717549,27,0.0
GERAL,GERAL,21751147342,[APP INSTAL - NR],MULTI_CHANNEL,2026-03-12,332,228,1.456140350877193,9.418314,23,0.0
GERAL,GERAL,21751147342,[APP INSTAL - NR],MULTI_CHANNEL,2026-03-13,203,143,1.4195804195804196,10.114648,20,0.0
GERAL,GERAL,21751147342,[APP INSTAL - NR],MULTI_CHANNEL,2026-03-14,361,252,1.4325396825396826,8.550378,28,0.0
GERAL,GERAL,21751147342,[APP INSTAL - NR],MULTI_CHANNEL,2026-03-15,347,235,1.476595744680851,9.651876,30,0.0
GERAL,GERAL,21751147342,[APP INSTAL - NR],MULTI_CHANNEL,2026-03-16,138,106,1.3018867924528301,8.913189,16,0.0
GERAL,GERAL,21751147342,[APP INSTAL - NR],MULTI_CHANNEL,2026-03-17,109,86,1.2674418604651163,10.384676,14,0.0
GERAL,GERAL,21751147342,[APP INSTAL - NR],MULTI_CHANNEL,2026-03-18,133,99,1.3434343434343434,10.380217,18,0.0
GERAL,GERAL,21751147342,[APP INSTAL - NR],MULTI_CHANNEL,2026-03-19,90,67,1.3432835820895523,9.952017,12,0.0
GERAL,GERAL,21751147342,[APP INSTAL - NR],MULTI_CHANNEL,2026-03-20,145,108,1.3425925925925926,10.395593,19,0.0
GERAL,GERAL,21751147342,[APP INSTAL - NR],MULTI_CHANNEL,2026-03-21,101,75,1.3466666666666667,9.234845,19,0.0
GERAL,GERAL,21751147342,[APP INSTAL - NR],MULTI_CHANNEL,2026-03-22,274,214,1.280373831775701,9.346609,33,0.0
GERAL,GERAL,21751147342,[APP INSTAL - NR],MULTI_CHANNEL,2026-03-23,144,108,1.3333333333333333,9.585073,23,0.0
GERAL,GERAL,21751147342,[APP INSTAL - NR],MULTI_CHANNEL,2026-03-24,222,144,1.5416666666666667,8.44529,28,0.0
GERAL,GERAL,21751147342,[APP INSTAL - NR],MULTI_CHANNEL,2026-03-25,150,95,1.5789473684210527,9.479398,21,0.0
GERAL,GERAL,21751147342,[APP INSTAL - NR],MULTI_CHANNEL,2026-03-26,204,144,1.4166666666666667,10.425608,25,0.0
GERAL,GERAL,21751147342,[APP INSTAL - NR],MULTI_CHANNEL,2026-03-27,179,120,1.4916666666666667,10.271365,23,0.0
GERAL,GERAL,21751147342,[APP INSTAL - NR],MULTI_CHANNEL,2026-03-28,197,146,1.3493150684931507,9.461952,28,0.0
GERAL,GERAL,21751147342,[APP INSTAL - NR],MULTI_CHANNEL,2026-03-29,176,124,1.4193548387096775,8.340463,15,0.0
GERAL,GERAL,21751147342,[APP INSTAL - NR],MULTI_CHANNEL,2026-03-30,367,226,1.6238938053097345,7.500405,30,0.0
GERAL,GERAL,21751147342,[APP INSTAL - NR],MULTI_CHANNEL,2026-03-31,307,223,1.3766816143497758,4.656295,14,0.0
GERAL,GERAL,21751147342,[APP INSTAL - NR],MULTI_CHANNEL,2026-04-01,143,107,1.3364485981308412,2.428779,7,0.0
GERAL,GERAL,21751147342,[APP INSTAL - NR],MULTI_CHANNEL,2026-04-02,205,140,1.4642857142857142,3.325825,14,0.0
GERAL,GERAL,21751147342,[APP INSTAL - NR],MULTI_CHANNEL,2026-04-03,146,123,1.1869918699186992,4.774305,13,0.0
GERAL,GERAL,21751147342,[APP INSTAL - NR],MULTI_CHANNEL,2026-04-04,183,141,1.297872340425532,4.712165,17,0.0
GERAL,GERAL,21751147342,[APP INSTAL - NR],MULTI_CHANNEL,2026-04-05,245,150,1.6333333333333333,6.423332,23,0.0
GERAL,GERAL,21751147342,[APP INSTAL - NR],MULTI_CHANNEL,2026-04-06,308,221,1.3936651583710407,15.029423,36,0.0
GERAL,GERAL,21751147342,[APP INSTAL - NR],MULTI_CHANNEL,2026-04-07,350,256,1.3671875,24.036596,36,0.0
GERAL,GERAL,21751147342,[APP INSTAL - NR],MULTI_CHANNEL,2026-04-08,168,102,1.6470588235294117,21.137621,27,0.0
GERAL,GERAL,21751147342,[APP INSTAL - NR],MULTI_CHANNEL,2026-04-09,271,178,1.5224719101123596,19.08329,33,0.0
GERAL,GERAL,21751147342,[APP INSTAL - NR],MULTI_CHANNEL,2026-04-10,156,105,1.4857142857142858,6.677699,5,0.0
GERAL,GERAL,21751147342,[APP INSTAL - NR],MULTI_CHANNEL,2026-04-11,149,98,1.5204081632653061,5.31739,13,0.0
GERAL,GERAL,21751147342,[APP INSTAL - NR],MULTI_CHANNEL,2026-04-12,160,106,1.509433962264151,7.039086,13,1.0
GERAL,GERAL,21751147342,[APP INSTAL - NR],MULTI_CHANNEL,2026-04-13,98,69,1.4202898550724639,2.827181,2,0.0
GERAL,GERAL,23594624532,[PMAX - NARBONA - CS] #2,PERFORMANCE_MAX,2026-03-09,9310,7775,1.197427652733119,28.856067,307,262.0
GERAL,GERAL,23594624532,[PMAX - NARBONA - CS] #2,PERFORMANCE_MAX,2026-03-10,7406,6160,1.2022727272727274,43.175509,263,204.0
GERAL,GERAL,23594624532,[PMAX - NARBONA - CS] #2,PERFORMANCE_MAX,2026-03-11,10307,8489,1.2141595005300978,61.362877,230,215.0
GERAL,GERAL,23594624532,[PMAX - NARBONA - CS] #2,PERFORMANCE_MAX,2026-03-12,10644,8570,1.2420070011668611,61.583742,223,215.0
GERAL,GERAL,23594624532,[PMAX - NARBONA - CS] #2,PERFORMANCE_MAX,2026-03-13,11224,9162,1.2250600305610129,61.773213,207,239.0
GERAL,GERAL,23594624532,[PMAX - NARBONA - CS] #2,PERFORMANCE_MAX,2026-03-14,9456,7638,1.2380204241948154,61.683966,472,328.0
GERAL,GERAL,23594624532,[PMAX - NARBONA - CS] #2,PERFORMANCE_MAX,2026-03-15,6733,5576,1.2074964131994261,47.811724,459,286.0
GERAL,GERAL,23594624532,[PMAX - NARBONA - CS] #2,PERFORMANCE_MAX,2026-03-16,13879,10564,1.313801590306702,62.717322,172,298.0
GERAL,GERAL,23594624532,[PMAX - NARBONA - CS] #2,PERFORMANCE_MAX,2026-03-17,20178,14987,1.3463668512711016,62.438498,294,509.0
GERAL,GERAL,23594624532,[PMAX - NARBONA - CS] #2,PERFORMANCE_MAX,2026-03-18,18107,13576,1.3337507365939893,49.707325,320,477.0
GERAL,GERAL,23594624532,[PMAX - NARBONA - CS] #2,PERFORMANCE_MAX,2026-03-19,15970,12200,1.3090163934426229,56.444011,462,452.0
GERAL,GERAL,23594624532,[PMAX - NARBONA - CS] #2,PERFORMANCE_MAX,2026-03-20,16621,12046,1.3797941225303005,64.299428,201,346.0
GERAL,GERAL,23594624532,[PMAX - NARBONA - CS] #2,PERFORMANCE_MAX,2026-03-21,17182,12746,1.348030754746587,64.105393,317,435.0
GERAL,GERAL,23594624532,[PMAX - NARBONA - CS] #2,PERFORMANCE_MAX,2026-03-22,13716,10702,1.281629601943562,64.108171,688,429.0
GERAL,GERAL,23594624532,[PMAX - NARBONA - CS] #2,PERFORMANCE_MAX,2026-03-23,18311,13164,1.3909905803707079,64.353338,265,428.0
GERAL,GERAL,23594624532,[PMAX - NARBONA - CS] #2,PERFORMANCE_MAX,2026-03-24,16108,11567,1.392582346330077,54.229579,247,357.0
GERAL,GERAL,23594624532,[PMAX - NARBONA - CS] #2,PERFORMANCE_MAX,2026-03-25,16106,11582,1.390606112933863,50.402801,127,307.0
GERAL,GERAL,23594624532,[PMAX - NARBONA - CS] #2,PERFORMANCE_MAX,2026-03-26,17485,12617,1.38582864389316,67.893251,156,354.0
GERAL,GERAL,23594624532,[PMAX - NARBONA - CS] #2,PERFORMANCE_MAX,2026-03-27,17388,13098,1.3275309207512598,68.197583,131,372.0
GERAL,GERAL,23594624532,[PMAX - NARBONA - CS] #2,PERFORMANCE_MAX,2026-03-28,12182,9268,1.3144151920586966,68.661746,369,379.0
GERAL,GERAL,23594624532,[PMAX - NARBONA - CS] #2,PERFORMANCE_MAX,2026-03-29,16979,12896,1.3166098014888337,65.50111,256,391.0
GERAL,GERAL,23594624532,[PMAX - NARBONA - CS] #2,PERFORMANCE_MAX,2026-03-30,15519,12288,1.262939453125,55.059219,184,265.0
GERAL,GERAL,23594624532,[PMAX - NARBONA - CS] #2,PERFORMANCE_MAX,2026-03-31,22247,16679,1.3338329636069308,78.664762,174,395.0
GERAL,GERAL,23594770968,[ALC - Narbona - VIDEO 02],VIDEO,2026-03-09,369,422,1.018957345971564,3.138237,0,0.0
GERAL,GERAL,23594770968,[ALC - Narbona - VIDEO 02],VIDEO,2026-03-10,341,365,1.0273972602739727,2.904916,0,0.0
GERAL,GERAL,23594770968,[ALC - Narbona - VIDEO 02],VIDEO,2026-03-11,677,643,1.0964230171073095,7.068142,0,0.0
GERAL,GERAL,23594770968,[ALC - Narbona - VIDEO 02],VIDEO,2026-03-12,15381,14518,1.0804518528722964,128.713883,57,33.0
GERAL,GERAL,23594770968,[ALC - Narbona - VIDEO 02],VIDEO,2026-03-13,17050,16885,1.0490968315072549,121.622875,33,20.0
GERAL,GERAL,23594770968,[ALC - Narbona - VIDEO 02],VIDEO,2026-03-14,21883,22932,1.0444357230071515,121.64232,27,14.0
GERAL,GERAL,23594770968,[ALC - Narbona - VIDEO 02],VIDEO,2026-03-15,25460,26036,1.093793209402366,121.419227,36,45.0
GERAL,GERAL,23594770968,[ALC - Narbona - VIDEO 02],VIDEO,2026-03-16,26673,27698,1.0836161455700772,121.667186,33,19.0
GERAL,GERAL,23594770968,[ALC - Narbona - VIDEO 02],VIDEO,2026-03-17,24417,25068,1.0818573480134035,121.556953,36,15.0
GERAL,GERAL,23594770968,[ALC - Narbona - VIDEO 02],VIDEO,2026-03-18,23575,24097,1.0801759555131345,121.662871,35,22.0
GERAL,GERAL,23594770968,[ALC - Narbona - VIDEO 02],VIDEO,2026-03-19,24152,25518,1.071243827886198,121.788117,32,17.0
GERAL,GERAL,23594770968,[ALC - Narbona - VIDEO 02],VIDEO,2026-03-20,26283,27339,1.080251655144665,121.664915,31,20.0
GERAL,GERAL,23594770968,[ALC - Narbona - VIDEO 02],VIDEO,2026-03-21,22753,23712,1.0784834682860998,121.632772,37,17.0
GERAL,GERAL,23594770968,[ALC - Narbona - VIDEO 02],VIDEO,2026-03-22,24712,25545,1.0748091603053436,121.485801,49,20.0
GERAL,GERAL,23594770968,[ALC - Narbona - VIDEO 02],VIDEO,2026-03-23,27295,28882,1.0672391108648986,121.648254,38,24.0
GERAL,GERAL,23594770968,[ALC - Narbona - VIDEO 02],VIDEO,2026-03-24,25707,26976,1.081961743772242,121.676959,26,28.0
GERAL,GERAL,23594770968,[ALC - Narbona - VIDEO 02],VIDEO,2026-03-25,24283,25310,1.073923350454366,121.655532,38,16.0
GERAL,GERAL,23594770968,[ALC - Narbona - VIDEO 02],VIDEO,2026-03-26,26461,27441,1.072300572136584,121.670858,30,19.0
GERAL,GERAL,23594770968,[ALC - Narbona - VIDEO 02],VIDEO,2026-03-27,24485,25566,1.0677462254556833,121.754929,36,25.0
GERAL,GERAL,23594770968,[ALC - Narbona - VIDEO 02],VIDEO,2026-03-28,23680,24792,1.0676427879961279,121.690146,39,33.0
GERAL,GERAL,23594770968,[ALC - Narbona - VIDEO 02],VIDEO,2026-03-29,25943,26955,1.0718234093860137,121.726552,33,21.0
GERAL,GERAL,23594770968,[ALC - Narbona - VIDEO 02],VIDEO,2026-03-30,25466,27062,1.075678072574089,121.69182,24,19.0
GERAL,GERAL,23594770968,[ALC - Narbona - VIDEO 02],VIDEO,2026-03-31,23947,24972,1.0753243632868814,121.691624,35,31.0
GERAL,GERAL,23604869951,[ALC - ALA GOURMET - DULADU + UNISUSHI - BS],VIDEO,2026-03-09,15833,6482,2.443535945695773,74.155699,25,15.0
GERAL,GERAL,23604869951,[ALC - ALA GOURMET - DULADU + UNISUSHI - BS],VIDEO,2026-03-10,16283,5303,3.072411842353385,74.199334,38,14.0
GERAL,GERAL,23604869951,[ALC - ALA GOURMET - DULADU + UNISUSHI - BS],VIDEO,2026-03-11,14356,5416,2.6515878877400296,78.208597,25,11.0
GERAL,GERAL,23604869951,[ALC - ALA GOURMET - DULADU + UNISUSHI - BS],VIDEO,2026-03-12,13463,5000,2.6936,74.086991,28,8.0
GERAL,GERAL,23604869951,[ALC - ALA GOURMET - DULADU + UNISUSHI - BS],VIDEO,2026-03-13,19024,18032,1.2157275953859805,74.026509,24,7.0
GERAL,GERAL,23604869951,[ALC - ALA GOURMET - DULADU + UNISUSHI - BS],VIDEO,2026-03-14,19751,13633,1.5542433800337416,72.366114,37,4.0
GERAL,GERAL,23604869951,[ALC - ALA GOURMET - DULADU + UNISUSHI - BS],VIDEO,2026-03-15,18974,12648,1.5846774193548387,73.511276,26,8.0
GERAL,GERAL,23604869951,[ALC - ALA GOURMET - DULADU + UNISUSHI - BS],VIDEO,2026-03-16,22274,12783,1.8291480873034498,74.113378,55,3.0
GERAL,GERAL,23604869951,[ALC - ALA GOURMET - DULADU + UNISUSHI - BS],VIDEO,2026-03-17,17479,11314,1.6144599611101291,74.136545,43,5.0
GERAL,GERAL,23604869951,[ALC - ALA GOURMET - DULADU + UNISUSHI - BS],VIDEO,2026-03-18,18486,14433,1.3734497332501905,74.157339,48,6.0
GERAL,GERAL,23604869951,[ALC - ALA GOURMET - DULADU + UNISUSHI - BS],VIDEO,2026-03-19,17493,12306,1.4939054119941493,74.166765,26,5.0
GERAL,GERAL,23604869951,[ALC - ALA GOURMET - DULADU + UNISUSHI - BS],VIDEO,2026-03-20,18487,12415,1.5662505034232783,74.101196,35,5.0
GERAL,GERAL,23604869951,[ALC - ALA GOURMET - DULADU + UNISUSHI - BS],VIDEO,2026-03-21,17212,13736,1.340564938846826,73.828714,58,3.0
GERAL,GERAL,23604869951,[ALC - ALA GOURMET - DULADU + UNISUSHI - BS],VIDEO,2026-03-22,17581,12262,1.5047300603490459,74.127902,47,1.0
GERAL,GERAL,23604869951,[ALC - ALA GOURMET - DULADU + UNISUSHI - BS],VIDEO,2026-03-23,18515,14677,1.357361858690468,74.148563,35,3.0
GERAL,GERAL,23604869951,[ALC - ALA GOURMET - DULADU + UNISUSHI - BS],VIDEO,2026-03-24,17403,13097,1.4298694357486448,74.153125,23,6.0
GERAL,GERAL,23604869951,[ALC - ALA GOURMET - DULADU + UNISUSHI - BS],VIDEO,2026-03-25,20265,11954,1.7743014890413251,73.86296,50,7.0
GERAL,GERAL,23604869951,[ALC - ALA GOURMET - DULADU + UNISUSHI - BS],VIDEO,2026-03-26,19520,11331,1.7943694290000882,74.063347,24,3.0
GERAL,GERAL,23604869951,[ALC - ALA GOURMET - DULADU + UNISUSHI - BS],VIDEO,2026-03-27,17662,11485,1.6205485415759686,74.308887,45,5.0
GERAL,GERAL,23604869951,[ALC - ALA GOURMET - DULADU + UNISUSHI - BS],VIDEO,2026-03-28,17618,11615,1.5950064571674558,74.114105,27,10.0
GERAL,GERAL,23604869951,[ALC - ALA GOURMET - DULADU + UNISUSHI - BS],VIDEO,2026-03-29,19850,12298,1.6819808098877866,74.182189,46,3.0
GERAL,GERAL,23604869951,[ALC - ALA GOURMET - DULADU + UNISUSHI - BS],VIDEO,2026-03-30,19844,13414,1.5732816460414492,74.188884,42,1.0
GERAL,GERAL,23604869951,[ALC - ALA GOURMET - DULADU + UNISUSHI - BS],VIDEO,2026-03-31,15954,11345,1.487439400617012,74.189009,39,5.0
GERAL,GERAL,23604869951,[ALC - ALA GOURMET - DULADU + UNISUSHI - BS],VIDEO,2026-04-01,18564,13022,1.5076793119336507,74.160814,42,9.0
GERAL,GERAL,23604869951,[ALC - ALA GOURMET - DULADU + UNISUSHI - BS],VIDEO,2026-04-02,20619,13369,1.6330316403620315,74.191233,60,1.0
GERAL,GERAL,23604869951,[ALC - ALA GOURMET - DULADU + UNISUSHI - BS],VIDEO,2026-04-03,18203,13034,1.4771367193493938,74.124198,29,1.0
GERAL,GERAL,23604869951,[ALC - ALA GOURMET - DULADU + UNISUSHI - BS],VIDEO,2026-04-04,19915,13356,1.5758460616951182,74.154665,36,4.0
GERAL,GERAL,23604869951,[ALC - ALA GOURMET - DULADU + UNISUSHI - BS],VIDEO,2026-04-05,19208,12934,1.55620844286377,74.155366,27,6.0
GERAL,GERAL,23604869951,[ALC - ALA GOURMET - DULADU + UNISUSHI - BS],VIDEO,2026-04-06,20267,12888,1.6457945375543142,73.942463,42,3.0
GERAL,GERAL,23604869951,[ALC - ALA GOURMET - DULADU + UNISUSHI - BS],VIDEO,2026-04-07,18601,15071,1.36002919514299,74.090654,52,28.0
GERAL,GERAL,23604869951,[ALC - ALA GOURMET - DULADU + UNISUSHI - BS],VIDEO,2026-04-08,45421,13478,3.458673393678587,66.719565,46,2.0
GERAL,GERAL,23604869951,[ALC - ALA GOURMET - DULADU + UNISUSHI - BS],VIDEO,2026-04-09,34970,13422,2.723737147966026,74.409779,33,2.0
GERAL,GERAL,23604869951,[ALC - ALA GOURMET - DULADU + UNISUSHI - BS],VIDEO,2026-04-10,19748,11801,1.7573087026523175,74.170242,39,11.0
GERAL,GERAL,23604869951,[ALC - ALA GOURMET - DULADU + UNISUSHI - BS],VIDEO,2026-04-11,18873,11320,1.7370141342756185,74.149513,30,11.0
GERAL,GERAL,23604869951,[ALC - ALA GOURMET - DULADU + UNISUSHI - BS],VIDEO,2026-04-12,20098,13551,1.5662312744446905,74.328978,35,5.0
GERAL,GERAL,23604869951,[ALC - ALA GOURMET - DULADU + UNISUSHI - BS],VIDEO,2026-04-13,18478,12110,1.6107349298100744,74.273023,56,2.0
GERAL,GERAL,23604869951,[ALC - ALA GOURMET - DULADU + UNISUSHI - BS],VIDEO,2026-04-14,17926,11906,1.5993616663866959,74.317061,49,4.0
GERAL,GERAL,23604869951,[ALC - ALA GOURMET - DULADU + UNISUSHI - BS],VIDEO,2026-04-15,19194,13697,1.496386069942323,74.346479,58,6.0
GERAL,GERAL,23604869951,[ALC - ALA GOURMET - DULADU + UNISUSHI - BS],VIDEO,2026-04-16,18083,11327,1.677849386421824,74.27106,39,5.0
GERAL,GERAL,23604869951,[ALC - ALA GOURMET - DULADU + UNISUSHI - BS],VIDEO,2026-04-17,16649,12888,1.3853196772191185,74.364226,31,8.0
GERAL,GERAL,23604869951,[ALC - ALA GOURMET - DULADU + UNISUSHI - BS],VIDEO,2026-04-18,17008,14269,1.2916812670824864,74.353445,22,7.0
GERAL,GERAL,23604869951,[ALC - ALA GOURMET - DULADU + UNISUSHI - BS],VIDEO,2026-04-19,17645,14228,1.334200168681473,74.191925,29,3.0
GERAL,GERAL,23604869951,[ALC - ALA GOURMET - DULADU + UNISUSHI - BS],VIDEO,2026-04-20,18231,14149,1.38476217400523,74.31698,127,5.0
GERAL,GERAL,23604869951,[ALC - ALA GOURMET - DULADU + UNISUSHI - BS],VIDEO,2026-04-21,17321,10994,1.645624886301619,74.341525,152,3.0
GERAL,GERAL,23604869951,[ALC - ALA GOURMET - DULADU + UNISUSHI - BS],VIDEO,2026-04-22,19715,13129,1.5843552441160789,74.297277,204,5.0
GERAL,GERAL,23604869951,[ALC - ALA GOURMET - DULADU + UNISUSHI - BS],VIDEO,2026-04-23,17264,10461,1.7245005257623554,74.375453,162,4.0
GERAL,GERAL,23604869951,[ALC - ALA GOURMET - DULADU + UNISUSHI - BS],VIDEO,2026-04-24,17053,12885,1.416453240201785,74.284324,103,7.0
GERAL,GERAL,23604869951,[ALC - ALA GOURMET - DULADU + UNISUSHI - BS],VIDEO,2026-04-25,16211,12131,1.4359080042865386,74.234002,134,3.0
GERAL,GERAL,23604869951,[ALC - ALA GOURMET - DULADU + UNISUSHI - BS],VIDEO,2026-04-26,16544,11532,1.5091918140825529,74.313747,138,1.0
GERAL,GERAL,23604869951,[ALC - ALA GOURMET - DULADU + UNISUSHI - BS],VIDEO,2026-04-27,17522,12643,1.4771810488017085,74.365401,70,6.0
GERAL,GERAL,23604869951,[ALC - ALA GOURMET - DULADU + UNISUSHI - BS],VIDEO,2026-04-28,15631,10567,1.5614649380145738,74.376739,147,2.0
GERAL,GERAL,23604869951,[ALC - ALA GOURMET - DULADU + UNISUSHI - BS],VIDEO,2026-04-29,9854,7082,1.478819542502118,45.24726,94,1.0
GERAL,GERAL,23618035152,[PMAX - FESTIVAL DO TORRESMO - NR],PERFORMANCE_MAX,2026-03-09,13453,11353,1.1849731348542236,28.619376,8,223.0
GERAL,GERAL,23618035152,[PMAX - FESTIVAL DO TORRESMO - NR],PERFORMANCE_MAX,2026-03-10,16537,13223,1.2506239128790744,40.33422,11,201.0
GERAL,GERAL,23618035152,[PMAX - FESTIVAL DO TORRESMO - NR],PERFORMANCE_MAX,2026-03-11,17557,13867,1.2660993726112353,40.344671,11,288.0
GERAL,GERAL,23618035152,[PMAX - FESTIVAL DO TORRESMO - NR],PERFORMANCE_MAX,2026-03-12,17639,13838,1.2746784217372453,40.315131,3,321.0
GERAL,GERAL,23618035152,[PMAX - FESTIVAL DO TORRESMO - NR],PERFORMANCE_MAX,2026-03-13,14778,11858,1.2462472592342722,35.010127,16,292.0
GERAL,GERAL,23618035152,[PMAX - FESTIVAL DO TORRESMO - NR],PERFORMANCE_MAX,2026-03-14,16942,12886,1.314760204873506,35.936934,20,386.0
GERAL,GERAL,23618035152,[PMAX - FESTIVAL DO TORRESMO - NR],PERFORMANCE_MAX,2026-03-15,7179,6156,1.1661793372319689,18.942215,21,193.0
GERAL,GERAL,23618035152,[PMAX - FESTIVAL DO TORRESMO - NR],PERFORMANCE_MAX,2026-03-16,13796,11488,1.2009052924791086,42.525146,20,254.0
GERAL,GERAL,23618035152,[PMAX - FESTIVAL DO TORRESMO - NR],PERFORMANCE_MAX,2026-03-17,19315,15394,1.2547096271274523,42.584727,32,400.0
GERAL,GERAL,23618035152,[PMAX - FESTIVAL DO TORRESMO - NR],PERFORMANCE_MAX,2026-03-18,15932,13196,1.2073355562291603,32.677303,16,325.0
GERAL,GERAL,23618035152,[PMAX - FESTIVAL DO TORRESMO - NR],PERFORMANCE_MAX,2026-03-19,19494,15473,1.2598720351580173,43.478079,10,381.0
GERAL,GERAL,23618035152,[PMAX - FESTIVAL DO TORRESMO - NR],PERFORMANCE_MAX,2026-03-20,19524,15228,1.2821118991331757,43.502627,16,344.0
GERAL,GERAL,23618035152,[PMAX - FESTIVAL DO TORRESMO - NR],PERFORMANCE_MAX,2026-03-21,19878,15855,1.2537369914853358,43.427835,12,420.0
GERAL,GERAL,23618035152,[PMAX - FESTIVAL DO TORRESMO - NR],PERFORMANCE_MAX,2026-03-22,20873,15993,1.3051334959044583,42.019176,25,318.0
GERAL,GERAL,23618035152,[PMAX - FESTIVAL DO TORRESMO - NR],PERFORMANCE_MAX,2026-03-23,19407,15500,1.2520645161290322,43.125954,14,379.0
GERAL,GERAL,23618035152,[PMAX - FESTIVAL DO TORRESMO - NR],PERFORMANCE_MAX,2026-03-24,21102,16598,1.2713579949391494,43.867529,7,333.0
GERAL,GERAL,23618035152,[PMAX - FESTIVAL DO TORRESMO - NR],PERFORMANCE_MAX,2026-03-25,21231,16744,1.2679765886287626,43.453067,15,360.0
GERAL,GERAL,23618035152,[PMAX - FESTIVAL DO TORRESMO - NR],PERFORMANCE_MAX,2026-03-26,15567,12555,1.239904420549582,33.538544,10,245.0
GERAL,GERAL,23618035152,[PMAX - FESTIVAL DO TORRESMO - NR],PERFORMANCE_MAX,2026-03-27,17920,14326,1.2508725394387827,47.461981,20,390.0
GERAL,GERAL,23618035152,[PMAX - FESTIVAL DO TORRESMO - NR],PERFORMANCE_MAX,2026-03-28,19551,15385,1.2707832304192395,44.331319,32,493.0
GERAL,GERAL,23618035152,[PMAX - FESTIVAL DO TORRESMO - NR],PERFORMANCE_MAX,2026-03-29,22298,17173,1.2984335876084552,42.86891,27,390.0
GERAL,GERAL,23653573124,[GEN - MISS CRICIUMA - NS],DEMAND_GEN,2026-03-13,2261,1923,1.1757670306812273,7.643358,44,1.0
GERAL,GERAL,23653573124,[GEN - MISS CRICIUMA - NS],DEMAND_GEN,2026-03-14,10470,6510,1.608294930875576,28.045446,395,18.0
GERAL,GERAL,23653573124,[GEN - MISS CRICIUMA - NS],DEMAND_GEN,2026-03-15,10178,6304,1.6145304568527918,27.857246,399,18.0
GERAL,GERAL,23653573124,[GEN - MISS CRICIUMA - NS],DEMAND_GEN,2026-03-16,10329,6790,1.5213549337260677,28.188273,382,19.0
GERAL,GERAL,23653573124,[GEN - MISS CRICIUMA - NS],DEMAND_GEN,2026-03-17,11517,7095,1.6232558139534883,27.890516,397,24.0
GERAL,GERAL,23653573124,[GEN - MISS CRICIUMA - NS],DEMAND_GEN,2026-03-18,11341,7033,1.612540878714631,27.903339,450,19.0
GERAL,GERAL,23653573124,[GEN - MISS CRICIUMA - NS],DEMAND_GEN,2026-03-19,10846,6595,1.644579226686884,28.071929,480,20.0
GERAL,GERAL,23653573124,[GEN - MISS CRICIUMA - NS],DEMAND_GEN,2026-03-20,10763,6226,1.7287182781882429,27.920645,472,19.0
GERAL,GERAL,23653573124,[GEN - MISS CRICIUMA - NS],DEMAND_GEN,2026-03-21,11884,7160,1.6597765363128492,28.093766,566,31.0
GERAL,GERAL,23653573124,[GEN - MISS CRICIUMA - NS],DEMAND_GEN,2026-03-22,12041,7507,1.604102837351805,27.718436,545,25.445199
GERAL,GERAL,23653573124,[GEN - MISS CRICIUMA - NS],DEMAND_GEN,2026-03-23,10818,6758,1.6009174311926606,27.973789,512,34.0
GERAL,GERAL,23653573124,[GEN - MISS CRICIUMA - NS],DEMAND_GEN,2026-03-24,10593,6609,1.603570888182781,28.013752,523,28.0
GERAL,GERAL,23653573124,[GEN - MISS CRICIUMA - NS],DEMAND_GEN,2026-03-25,11311,7085,1.5967537050105858,28.049411,535,38.0
GERAL,GERAL,23653573124,[GEN - MISS CRICIUMA - NS],DEMAND_GEN,2026-03-26,10546,7048,1.4965947786606129,27.938256,543,31.0
GERAL,GERAL,23653573124,[GEN - MISS CRICIUMA - NS],DEMAND_GEN,2026-03-27,11182,7339,1.5237770813462324,28.555964,515,39.0
GERAL,GERAL,23653596887,GEN - HEROINAS DO KPOP - CS,DEMAND_GEN,2026-03-13,6985,4740,1.4736286919831223,17.199425,206,1.0
GERAL,GERAL,23653596887,GEN - HEROINAS DO KPOP - CS,DEMAND_GEN,2026-03-14,27594,12523,2.203465623253214,63.835912,890,17.0
GERAL,GERAL,23653596887,GEN - HEROINAS DO KPOP - CS,DEMAND_GEN,2026-03-15,28286,16689,1.6948888489424172,63.692891,1005,21.113854
GERAL,GERAL,23653596887,GEN - HEROINAS DO KPOP - CS,DEMAND_GEN,2026-03-16,26310,16390,1.6052471018913972,63.548929,1099,22.266272
GERAL,GERAL,23653596887,GEN - HEROINAS DO KPOP - CS,DEMAND_GEN,2026-03-17,48107,28097,1.7121756771185537,196.209358,2412,40.0
GERAL,GERAL,23653596887,GEN - HEROINAS DO KPOP - CS,DEMAND_GEN,2026-03-18,59863,36521,1.6391391254346814,197.685207,2833,52.0
GERAL,GERAL,23653596887,GEN - HEROINAS DO KPOP - CS,DEMAND_GEN,2026-03-19,72814,43156,1.6872277319492075,197.286932,3074,56.316688
GERAL,GERAL,23655929724,ALC - CAÇA AOS OVOS COELHO FLOCKE - NR,DEMAND_GEN,2026-03-16,6954,3511,1.9806322984904585,17.397907,244,20.0
GERAL,GERAL,23655929724,ALC - CAÇA AOS OVOS COELHO FLOCKE - NR,DEMAND_GEN,2026-03-17,30288,18081,1.6751838946960897,123.554121,1307,81.270827
GERAL,GERAL,23655929724,ALC - CAÇA AOS OVOS COELHO FLOCKE - NR,DEMAND_GEN,2026-03-18,34259,21129,1.6216101093284112,123.576789,1584,115.271466
GERAL,GERAL,23655929724,ALC - CAÇA AOS OVOS COELHO FLOCKE - NR,DEMAND_GEN,2026-03-19,40140,24194,1.659213028023477,123.345449,1738,105.5
GERAL,GERAL,23655929724,ALC - CAÇA AOS OVOS COELHO FLOCKE - NR,DEMAND_GEN,2026-03-20,7943,6421,1.2370347297928672,26.671269,365,21.0
GERAL,GERAL,23661658991,GEN - CASA DE GABBY - CS,DEMAND_GEN,2026-03-16,15495,7976,1.9440822467402206,28.036082,437,3.522283
GERAL,GERAL,23661658991,GEN - CASA DE GABBY - CS,DEMAND_GEN,2026-03-17,39851,23094,1.7259461331947692,119.907741,1448,41.0
GERAL,GERAL,23661658991,GEN - CASA DE GABBY - CS,DEMAND_GEN,2026-03-18,38946,25909,1.5034158014589525,119.780504,1906,45.529222
GERAL,GERAL,23661658991,GEN - CASA DE GABBY - CS,DEMAND_GEN,2026-03-19,39538,26305,1.5033643793955522,119.533361,2254,45.0
GERAL,GERAL,23661658991,GEN - CASA DE GABBY - CS,DEMAND_GEN,2026-03-20,41833,27278,1.5337634723953368,120.048499,2259,53.371691
GERAL,GERAL,23661658991,GEN - CASA DE GABBY - CS,DEMAND_GEN,2026-03-21,44196,28087,1.573646170826361,118.708286,2577,47.628309
GERAL,GERAL,23670119500,[GEN - ELITE BTS - COVER OFICIAL - NR],DEMAND_GEN,2026-03-17,812,581,1.3975903614457832,1.976154,24,1.0
GERAL,GERAL,23670119500,[GEN - ELITE BTS - COVER OFICIAL - NR],DEMAND_GEN,2026-03-18,20123,9942,2.024240595453631,174.566789,783,17.0
GERAL,GERAL,23670119500,[GEN - ELITE BTS - COVER OFICIAL - NR],DEMAND_GEN,2026-03-19,37878,21026,1.8014838771045372,174.320915,1842,21.0
GERAL,GERAL,23670119500,[GEN - ELITE BTS - COVER OFICIAL - NR],DEMAND_GEN,2026-03-20,47517,24609,1.9308789467268073,172.898061,2390,41.206923
GERAL,GERAL,23670119500,[GEN - ELITE BTS - COVER OFICIAL - NR],DEMAND_GEN,2026-03-21,51246,25099,2.041834336029324,172.386205,2374,32.0
GERAL,GERAL,23671719353,[PMAX - SORTEIO IPHONE - CS],PERFORMANCE_MAX,2026-03-19,2150,1841,1.1678435632808257,18.328425,56,67.0
GERAL,GERAL,23671719353,[PMAX - SORTEIO IPHONE - CS],PERFORMANCE_MAX,2026-03-20,1776,1441,1.2324774462179042,31.695218,253,94.0
GERAL,GERAL,23671719353,[PMAX - SORTEIO IPHONE - CS],PERFORMANCE_MAX,2026-03-21,2331,1772,1.3154627539503385,32.285491,337,135.0
GERAL,GERAL,23671719353,[PMAX - SORTEIO IPHONE - CS],PERFORMANCE_MAX,2026-03-22,5572,4286,1.300046663555763,31.671194,92,137.0
GERAL,GERAL,23671719353,[PMAX - SORTEIO IPHONE - CS],PERFORMANCE_MAX,2026-03-23,2469,2060,1.1985436893203882,31.74086,305,143.0
GERAL,GERAL,23671719353,[PMAX - SORTEIO IPHONE - CS],PERFORMANCE_MAX,2026-03-24,8603,6420,1.3400311526479751,29.604276,150,205.0
GERAL,GERAL,23671719353,[PMAX - SORTEIO IPHONE - CS],PERFORMANCE_MAX,2026-03-25,13907,10714,1.2980212805674818,75.374726,256,284.0
GERAL,GERAL,23671719353,[PMAX - SORTEIO IPHONE - CS],PERFORMANCE_MAX,2026-03-26,10388,7693,1.3503184713375795,63.103239,222,241.0
GERAL,GERAL,23671719353,[PMAX - SORTEIO IPHONE - CS],PERFORMANCE_MAX,2026-03-27,11642,8315,1.4001202645820805,83.163149,327,324.0
GERAL,GERAL,23671719353,[PMAX - SORTEIO IPHONE - CS],PERFORMANCE_MAX,2026-03-28,14541,10500,1.3848571428571428,82.848387,398,412.0
GERAL,GERAL,23671719353,[PMAX - SORTEIO IPHONE - CS],PERFORMANCE_MAX,2026-03-29,10520,7520,1.398936170212766,80.912556,538,389.0
GERAL,GERAL,23671719353,[PMAX - SORTEIO IPHONE - CS],PERFORMANCE_MAX,2026-03-30,16876,11204,1.506247768654052,80.828978,259,369.0
GERAL,GERAL,23671719353,[PMAX - SORTEIO IPHONE - CS],PERFORMANCE_MAX,2026-03-31,12709,8597,1.4783063859485868,78.21459,264,341.0
GERAL,GERAL,23671719353,[PMAX - SORTEIO IPHONE - CS],PERFORMANCE_MAX,2026-04-01,19713,13613,1.4481010798501432,84.408225,265,459.0
GERAL,GERAL,23671719353,[PMAX - SORTEIO IPHONE - CS],PERFORMANCE_MAX,2026-04-02,21165,14953,1.4154350297599143,84.4176,415,577.0
GERAL,GERAL,23671719353,[PMAX - SORTEIO IPHONE - CS],PERFORMANCE_MAX,2026-04-03,15734,10716,1.4682717431877566,84.496609,651,597.0
GERAL,GERAL,23671719353,[PMAX - SORTEIO IPHONE - CS],PERFORMANCE_MAX,2026-04-04,15972,11504,1.3883866481223923,84.533573,502,625.0
GERAL,GERAL,23671719353,[PMAX - SORTEIO IPHONE - CS],PERFORMANCE_MAX,2026-04-05,17974,12531,1.434362780304844,72.634428,597,481.0
GERAL,GERAL,23671719353,[PMAX - SORTEIO IPHONE - CS],PERFORMANCE_MAX,2026-04-06,25511,17198,1.4833701593208513,84.26736,313,564.0
GERAL,GERAL,23671719353,[PMAX - SORTEIO IPHONE - CS],PERFORMANCE_MAX,2026-04-07,24494,16624,1.4734119345524543,84.904561,268,583.0
GERAL,GERAL,23671719353,[PMAX - SORTEIO IPHONE - CS],PERFORMANCE_MAX,2026-04-08,25594,18066,1.416694342964685,126.639951,321,564.0
GERAL,GERAL,23671719353,[PMAX - SORTEIO IPHONE - CS],PERFORMANCE_MAX,2026-04-09,10722,7879,1.360832592968651,80.45956,367,327.0
GERAL,GERAL,23671719353,[PMAX - SORTEIO IPHONE - CS],PERFORMANCE_MAX,2026-04-10,28143,20396,1.3798293783094724,149.433915,320,717.0
GERAL,GERAL,23671719353,[PMAX - SORTEIO IPHONE - CS],PERFORMANCE_MAX,2026-04-11,20651,15143,1.3637324176187018,146.828805,914,792.0
GERAL,GERAL,23671719353,[PMAX - SORTEIO IPHONE - CS],PERFORMANCE_MAX,2026-04-12,30169,20521,1.4701525266799864,145.853695,853,767.0
GERAL,GERAL,23671719353,[PMAX - SORTEIO IPHONE - CS],PERFORMANCE_MAX,2026-04-13,31306,21658,1.445470495890664,147.551533,327,520.0
GERAL,GERAL,23671719353,[PMAX - SORTEIO IPHONE - CS],PERFORMANCE_MAX,2026-04-14,33003,21609,1.527280299875052,147.238854,333,619.0
GERAL,GERAL,23671719353,[PMAX - SORTEIO IPHONE - CS],PERFORMANCE_MAX,2026-04-15,33988,22856,1.4870493524676234,148.367902,329,589.0
GERAL,GERAL,23671719353,[PMAX - SORTEIO IPHONE - CS],PERFORMANCE_MAX,2026-04-16,28043,19731,1.4212660280776443,152.010223,342,498.0
GERAL,GERAL,23671719353,[PMAX - SORTEIO IPHONE - CS],PERFORMANCE_MAX,2026-04-17,27314,19647,1.3902376953224411,152.585466,321,540.0
GERAL,GERAL,23671719353,[PMAX - SORTEIO IPHONE - CS],PERFORMANCE_MAX,2026-04-18,23732,17780,1.3347581552305963,148.802168,727,814.0
GERAL,GERAL,23671719353,[PMAX - SORTEIO IPHONE - CS],PERFORMANCE_MAX,2026-04-19,21030,15442,1.3618702240642404,110.798002,728,665.0
GERAL,GERAL,23676300868,[PMAX - SORTEIO IPHONE - BS],PERFORMANCE_MAX,2026-03-19,3317,2529,1.3115856069592724,18.629892,49,200.0
GERAL,GERAL,23676300868,[PMAX - SORTEIO IPHONE - BS],PERFORMANCE_MAX,2026-03-20,6553,4711,1.3909997877308427,31.667351,69,349.0
GERAL,GERAL,23676300868,[PMAX - SORTEIO IPHONE - BS],PERFORMANCE_MAX,2026-03-21,7551,5413,1.394975060040643,31.696514,147,485.0
GERAL,GERAL,23676300868,[PMAX - SORTEIO IPHONE - BS],PERFORMANCE_MAX,2026-03-22,7542,5377,1.402640877812907,31.614972,303,529.0
GERAL,GERAL,23676300868,[PMAX - SORTEIO IPHONE - BS],PERFORMANCE_MAX,2026-03-23,8681,6137,1.414534788984846,27.925763,284,477.0
GERAL,GERAL,23676300868,[PMAX - SORTEIO IPHONE - BS],PERFORMANCE_MAX,2026-03-24,9786,6754,1.4489191590168788,31.380203,274,497.0
GERAL,GERAL,23676300868,[PMAX - SORTEIO IPHONE - BS],PERFORMANCE_MAX,2026-03-25,10511,7409,1.4186799838034823,50.731061,217,492.0
GERAL,GERAL,23676300868,[PMAX - SORTEIO IPHONE - BS],PERFORMANCE_MAX,2026-03-26,17513,11574,1.5131328840504579,138.436755,280,889.0
GERAL,GERAL,23676300868,[PMAX - SORTEIO IPHONE - BS],PERFORMANCE_MAX,2026-03-27,18753,12542,1.495216073991389,154.831298,326,1038.0
GERAL,GERAL,23676300868,[PMAX - SORTEIO IPHONE - BS],PERFORMANCE_MAX,2026-03-28,19728,13205,1.4939795531995457,155.272683,521,1285.0
GERAL,GERAL,23676300868,[PMAX - SORTEIO IPHONE - BS],PERFORMANCE_MAX,2026-03-29,15979,10708,1.4922487859544267,125.453479,468,958.0
GERAL,GERAL,23676300868,[PMAX - SORTEIO IPHONE - BS],PERFORMANCE_MAX,2026-03-30,17216,11383,1.5124308178863217,132.064768,387,803.0
GERAL,GERAL,23676300868,[PMAX - SORTEIO IPHONE - BS],PERFORMANCE_MAX,2026-03-31,18332,12048,1.5215803452855245,150.733133,375,884.0
GERAL,GERAL,23676300868,[PMAX - SORTEIO IPHONE - BS],PERFORMANCE_MAX,2026-04-01,20225,13322,1.5181654406245308,155.706589,353,1061.0
GERAL,GERAL,23676300868,[PMAX - SORTEIO IPHONE - BS],PERFORMANCE_MAX,2026-04-02,20563,13573,1.5149930008104324,158.437932,340,1041.0
GERAL,GERAL,23676300868,[PMAX - SORTEIO IPHONE - BS],PERFORMANCE_MAX,2026-04-03,20682,13818,1.4967433782023447,158.801125,534,1323.0
GERAL,GERAL,23676300868,[PMAX - SORTEIO IPHONE - BS],PERFORMANCE_MAX,2026-04-04,18365,12169,1.5091626263456324,158.509741,460,1357.0
GERAL,GERAL,23676300868,[PMAX - SORTEIO IPHONE - BS],PERFORMANCE_MAX,2026-04-05,16098,10663,1.5097064615961737,119.597473,523,843.0
GERAL,GERAL,23676300868,[PMAX - SORTEIO IPHONE - BS],PERFORMANCE_MAX,2026-04-06,19965,12807,1.5589130944014993,148.950481,450,1015.0
GERAL,GERAL,23676300868,[PMAX - SORTEIO IPHONE - BS],PERFORMANCE_MAX,2026-04-07,19961,12962,1.5399629686776732,151.959887,348,871.0
GERAL,GERAL,23676300868,[PMAX - SORTEIO IPHONE - BS],PERFORMANCE_MAX,2026-04-08,17339,11193,1.5490931832395247,153.917422,309,778.0
GERAL,GERAL,23676300868,[PMAX - SORTEIO IPHONE - BS],PERFORMANCE_MAX,2026-04-09,17692,11413,1.5501620958556033,156.802753,315,856.0
GERAL,GERAL,23676300868,[PMAX - SORTEIO IPHONE - BS],PERFORMANCE_MAX,2026-04-10,20198,13088,1.5432457212713937,162.53325,366,1123.0
GERAL,GERAL,23676300868,[PMAX - SORTEIO IPHONE - BS],PERFORMANCE_MAX,2026-04-11,18434,12004,1.5356547817394202,165.031805,620,1357.0
GERAL,GERAL,23676300868,[PMAX - SORTEIO IPHONE - BS],PERFORMANCE_MAX,2026-04-12,17293,11235,1.5392078326657765,151.900387,666,1048.0
GERAL,GERAL,23676300868,[PMAX - SORTEIO IPHONE - BS],PERFORMANCE_MAX,2026-04-13,16907,10860,1.5568139963167587,140.159861,294,697.0
GERAL,GERAL,23676300868,[PMAX - SORTEIO IPHONE - BS],PERFORMANCE_MAX,2026-04-14,16920,10976,1.5415451895043732,162.792215,481,917.0
GERAL,GERAL,23676300868,[PMAX - SORTEIO IPHONE - BS],PERFORMANCE_MAX,2026-04-15,17292,11292,1.5313496280552603,158.080575,380,884.0
GERAL,GERAL,23676300868,[PMAX - SORTEIO IPHONE - BS],PERFORMANCE_MAX,2026-04-16,17153,11204,1.5309710817565156,173.687323,369,757.0
GERAL,GERAL,23676300868,[PMAX - SORTEIO IPHONE - BS],PERFORMANCE_MAX,2026-04-17,17397,11453,1.5189906574696586,178.10008,456,902.0
GERAL,GERAL,23676300868,[PMAX - SORTEIO IPHONE - BS],PERFORMANCE_MAX,2026-04-18,18916,12866,1.4702316182185606,178.258489,588,1271.0
GERAL,GERAL,23676300868,[PMAX - SORTEIO IPHONE - BS],PERFORMANCE_MAX,2026-04-19,19180,12608,1.521256345177665,172.772824,877,1377.0
GERAL,GERAL,23676376237,[PMAX - SORTEIO IPHONE - GS],PERFORMANCE_MAX,2026-03-19,1755,1420,1.2359154929577465,18.085432,42,145.0
GERAL,GERAL,23676376237,[PMAX - SORTEIO IPHONE - GS],PERFORMANCE_MAX,2026-03-20,3050,2283,1.3359614542268945,32.046964,68,208.0
GERAL,GERAL,23676376237,[PMAX - SORTEIO IPHONE - GS],PERFORMANCE_MAX,2026-03-21,2895,2121,1.3649222065063649,32.06773,132,200.0
GERAL,GERAL,23676376237,[PMAX - SORTEIO IPHONE - GS],PERFORMANCE_MAX,2026-03-22,4525,3237,1.3978992894655544,31.629627,186,354.0
GERAL,GERAL,23676376237,[PMAX - SORTEIO IPHONE - GS],PERFORMANCE_MAX,2026-03-23,4451,3329,1.3370381495944728,29.490192,152,259.0
GERAL,GERAL,23676376237,[PMAX - SORTEIO IPHONE - GS],PERFORMANCE_MAX,2026-03-24,4580,3233,1.416640890813486,30.122116,219,271.0
GERAL,GERAL,23676376237,[PMAX - SORTEIO IPHONE - GS],PERFORMANCE_MAX,2026-03-25,6280,4798,1.3088786994581076,66.537961,232,267.0
GERAL,GERAL,23676376237,[PMAX - SORTEIO IPHONE - GS],PERFORMANCE_MAX,2026-03-26,9620,6685,1.4390426327599102,161.861781,329,533.0
GERAL,GERAL,23676376237,[PMAX - SORTEIO IPHONE - GS],PERFORMANCE_MAX,2026-03-27,10444,7601,1.3740297329298776,157.921707,327,580.0
GERAL,GERAL,23676376237,[PMAX - SORTEIO IPHONE - GS],PERFORMANCE_MAX,2026-03-28,9822,7012,1.4007415858528238,157.132094,551,609.0
GERAL,GERAL,23676376237,[PMAX - SORTEIO IPHONE - GS],PERFORMANCE_MAX,2026-03-29,10483,7233,1.4493294621871975,159.454189,569,615.0
GERAL,GERAL,23676376237,[PMAX - SORTEIO IPHONE - GS],PERFORMANCE_MAX,2026-03-30,12231,8516,1.4362376702677313,139.48795,255,452.0
GERAL,GERAL,23676376237,[PMAX - SORTEIO IPHONE - GS],PERFORMANCE_MAX,2026-03-31,26137,15664,1.668603166496425,163.13456,276,729.0
GERAL,GERAL,23676376237,[PMAX - SORTEIO IPHONE - GS],PERFORMANCE_MAX,2026-04-01,18099,13878,1.3041504539559015,160.974573,265,644.0
GERAL,GERAL,23676376237,[PMAX - SORTEIO IPHONE - GS],PERFORMANCE_MAX,2026-04-02,30448,19939,1.5270575254526306,154.383426,316,998.0
GERAL,GERAL,23676376237,[PMAX - SORTEIO IPHONE - GS],PERFORMANCE_MAX,2026-04-03,13671,9243,1.4790652385589094,155.644925,1014,886.0
GERAL,GERAL,23676376237,[PMAX - SORTEIO IPHONE - GS],PERFORMANCE_MAX,2026-04-04,23524,15116,1.5562318073564434,163.380934,407,875.0
GERAL,GERAL,23676376237,[PMAX - SORTEIO IPHONE - GS],PERFORMANCE_MAX,2026-04-05,31763,20670,1.5366715045960329,148.446545,384,736.0
GERAL,GERAL,23676376237,[PMAX - SORTEIO IPHONE - GS],PERFORMANCE_MAX,2026-04-06,32421,21755,1.4902780969891978,165.43875,222,721.0
GERAL,GERAL,23676376237,[PMAX - SORTEIO IPHONE - GS],PERFORMANCE_MAX,2026-04-07,30566,21242,1.438941719235477,164.172184,236,732.0
GERAL,GERAL,23676376237,[PMAX - SORTEIO IPHONE - GS],PERFORMANCE_MAX,2026-04-08,45135,28407,1.5888689407540395,169.057143,209,877.0
GERAL,GERAL,23676376237,[PMAX - SORTEIO IPHONE - GS],PERFORMANCE_MAX,2026-04-09,27959,20340,1.3745821042281219,139.999735,268,744.0
GERAL,GERAL,23676376237,[PMAX - SORTEIO IPHONE - GS],PERFORMANCE_MAX,2026-04-10,24101,17788,1.3549021812457838,166.751329,358,793.0
GERAL,GERAL,23676376237,[PMAX - SORTEIO IPHONE - GS],PERFORMANCE_MAX,2026-04-11,26486,19428,1.363290096767552,187.118699,522,1007.0
GERAL,GERAL,23676376237,[PMAX - SORTEIO IPHONE - GS],PERFORMANCE_MAX,2026-04-12,37840,25369,1.4915842169577043,157.808495,389,808.0
GERAL,GERAL,23676376237,[PMAX - SORTEIO IPHONE - GS],PERFORMANCE_MAX,2026-04-13,30037,19657,1.5280561631988605,169.064859,232,542.0
GERAL,GERAL,23676376237,[PMAX - SORTEIO IPHONE - GS],PERFORMANCE_MAX,2026-04-14,43822,25595,1.7121312756397733,200.898001,295,707.0
GERAL,GERAL,23676376237,[PMAX - SORTEIO IPHONE - GS],PERFORMANCE_MAX,2026-04-15,49573,28874,1.71687331162984,203.956793,183,733.0
GERAL,GERAL,23676376237,[PMAX - SORTEIO IPHONE - GS],PERFORMANCE_MAX,2026-04-16,34365,22891,1.5012450307981302,197.475001,238,634.0
GERAL,GERAL,23676376237,[PMAX - SORTEIO IPHONE - GS],PERFORMANCE_MAX,2026-04-17,33711,22435,1.5026075328727435,200.596065,333,736.0
GERAL,GERAL,23676376237,[PMAX - SORTEIO IPHONE - GS],PERFORMANCE_MAX,2026-04-18,35364,23363,1.5136754697598767,206.242985,557,971.0
GERAL,GERAL,23676376237,[PMAX - SORTEIO IPHONE - GS],PERFORMANCE_MAX,2026-04-19,43167,28202,1.530636125097511,195.61192,547,1075.0
GERAL,GERAL,23676433174,[PMAX - SORTEIO IPHONE - NS],PERFORMANCE_MAX,2026-03-19,1669,1385,1.2050541516245488,17.648972,27,81.0
GERAL,GERAL,23676433174,[PMAX - SORTEIO IPHONE - NS],PERFORMANCE_MAX,2026-03-20,3998,3040,1.3151315789473683,31.073458,37,203.0
GERAL,GERAL,23676433174,[PMAX - SORTEIO IPHONE - NS],PERFORMANCE_MAX,2026-03-21,2906,2255,1.288691796008869,32.08677,55,192.0
GERAL,GERAL,23676433174,[PMAX - SORTEIO IPHONE - NS],PERFORMANCE_MAX,2026-03-22,3478,2533,1.3730754046585076,25.803607,89,245.0
GERAL,GERAL,23676433174,[PMAX - SORTEIO IPHONE - NS],PERFORMANCE_MAX,2026-03-23,3904,2989,1.3061224489795917,21.336831,71,178.0
GERAL,GERAL,23676433174,[PMAX - SORTEIO IPHONE - NS],PERFORMANCE_MAX,2026-03-24,4053,3070,1.3201954397394138,29.606446,72,176.0
GERAL,GERAL,23676433174,[PMAX - SORTEIO IPHONE - NS],PERFORMANCE_MAX,2026-03-25,5147,4399,1.1700386451466243,55.964374,114,211.0
GERAL,GERAL,23676433174,[PMAX - SORTEIO IPHONE - NS],PERFORMANCE_MAX,2026-03-26,14377,11789,1.219526677411146,155.743227,162,486.0
GERAL,GERAL,23676433174,[PMAX - SORTEIO IPHONE - NS],PERFORMANCE_MAX,2026-03-27,22241,14929,1.4897849822493134,155.928337,136,769.0
GERAL,GERAL,23676433174,[PMAX - SORTEIO IPHONE - NS],PERFORMANCE_MAX,2026-03-28,14191,10254,1.3839477277160133,151.272414,306,657.0
GERAL,GERAL,23676433174,[PMAX - SORTEIO IPHONE - NS],PERFORMANCE_MAX,2026-03-29,20739,13546,1.5310054628672671,135.858379,244,739.0
GERAL,GERAL,23676433174,[PMAX - SORTEIO IPHONE - NS],PERFORMANCE_MAX,2026-03-30,25397,14766,1.7199647839631587,138.18199,152,742.0
GERAL,GERAL,23676433174,[PMAX - SORTEIO IPHONE - NS],PERFORMANCE_MAX,2026-03-31,30391,17763,1.7109159488825085,156.515331,180,932.0
GERAL,GERAL,23676433174,[PMAX - SORTEIO IPHONE - NS],PERFORMANCE_MAX,2026-04-01,30424,18554,1.639754230893608,158.234239,114,962.0
GERAL,GERAL,23676433174,[PMAX - SORTEIO IPHONE - NS],PERFORMANCE_MAX,2026-04-02,39417,23832,1.6539526686807653,150.159405,191,1340.0
GERAL,GERAL,23676433174,[PMAX - SORTEIO IPHONE - NS],PERFORMANCE_MAX,2026-04-03,43966,25033,1.7563216554148524,148.392541,215,1428.0
GERAL,GERAL,23676433174,[PMAX - SORTEIO IPHONE - NS],PERFORMANCE_MAX,2026-04-04,48169,28116,1.7132237871674492,159.219394,130,1179.0
GERAL,GERAL,23676433174,[PMAX - SORTEIO IPHONE - NS],PERFORMANCE_MAX,2026-04-05,65475,36618,1.7880550548910372,150.969323,96,1279.0
GERAL,GERAL,23676433174,[PMAX - SORTEIO IPHONE - NS],PERFORMANCE_MAX,2026-04-06,67835,36035,1.882475371166921,159.920267,59,1220.0
GERAL,GERAL,23676433174,[PMAX - SORTEIO IPHONE - NS],PERFORMANCE_MAX,2026-04-07,56817,34629,1.6407346443732131,148.754945,53,885.0
GERAL,GERAL,23676433174,[PMAX - SORTEIO IPHONE - NS],PERFORMANCE_MAX,2026-04-08,67118,36320,1.8479625550660792,184.701159,56,1197.0
GERAL,GERAL,23676433174,[PMAX - SORTEIO IPHONE - NS],PERFORMANCE_MAX,2026-04-09,68253,37376,1.8261183647260273,179.15563,53,1465.0
GERAL,GERAL,23676433174,[PMAX - SORTEIO IPHONE - NS],PERFORMANCE_MAX,2026-04-10,59852,34560,1.7318287037037037,166.069692,57,1509.0
GERAL,GERAL,23676433174,[PMAX - SORTEIO IPHONE - NS],PERFORMANCE_MAX,2026-04-11,53047,32066,1.6543067423439157,159.797701,169,1408.0
GERAL,GERAL,23676433174,[PMAX - SORTEIO IPHONE - NS],PERFORMANCE_MAX,2026-04-12,54153,31876,1.6988643493537459,155.440095,177,982.0
GERAL,GERAL,23676433174,[PMAX - SORTEIO IPHONE - NS],PERFORMANCE_MAX,2026-04-13,63062,35339,1.7844873935312262,198.901123,136,991.0
GERAL,GERAL,23676433174,[PMAX - SORTEIO IPHONE - NS],PERFORMANCE_MAX,2026-04-14,72303,39906,1.8118328070966772,210.740006,112,1011.0
GERAL,GERAL,23676433174,[PMAX - SORTEIO IPHONE - NS],PERFORMANCE_MAX,2026-04-15,72052,39700,1.814911838790932,209.227556,141,1071.0
GERAL,GERAL,23676433174,[PMAX - SORTEIO IPHONE - NS],PERFORMANCE_MAX,2026-04-16,66486,37434,1.7760859112037186,209.000688,156,1011.0
GERAL,GERAL,23676433174,[PMAX - SORTEIO IPHONE - NS],PERFORMANCE_MAX,2026-04-17,67724,37872,1.7882340515420363,210.456031,122,1227.0
GERAL,GERAL,23676433174,[PMAX - SORTEIO IPHONE - NS],PERFORMANCE_MAX,2026-04-18,69375,39294,1.765536723163842,205.851978,172,1431.0
GERAL,GERAL,23676433174,[PMAX - SORTEIO IPHONE - NS],PERFORMANCE_MAX,2026-04-19,67497,38989,1.7311805893970094,188.037771,157,1471.0
GERAL,GERAL,23676509695,[PMAX - SORTEIO IPHONE - NR],PERFORMANCE_MAX,2026-03-19,1232,1038,1.186897880539499,17.775284,25,59.0
GERAL,GERAL,23676509695,[PMAX - SORTEIO IPHONE - NR],PERFORMANCE_MAX,2026-03-20,2145,1728,1.2413194444444444,32.163253,57,127.0
GERAL,GERAL,23676509695,[PMAX - SORTEIO IPHONE - NR],PERFORMANCE_MAX,2026-03-21,2069,1584,1.3061868686868687,32.553038,128,161.0
GERAL,GERAL,23676509695,[PMAX - SORTEIO IPHONE - NR],PERFORMANCE_MAX,2026-03-22,3568,2701,1.3209922251018142,29.095364,138,209.0
GERAL,GERAL,23676509695,[PMAX - SORTEIO IPHONE - NR],PERFORMANCE_MAX,2026-03-23,1620,1331,1.217129977460556,22.472073,77,88.0
GERAL,GERAL,23676509695,[PMAX - SORTEIO IPHONE - NR],PERFORMANCE_MAX,2026-03-24,3624,2795,1.2966010733452593,32.219711,81,185.0
GERAL,GERAL,23676509695,[PMAX - SORTEIO IPHONE - NR],PERFORMANCE_MAX,2026-03-25,3642,3052,1.193315858453473,32.927624,52,150.0
GERAL,GERAL,23676509695,[PMAX - SORTEIO IPHONE - NR],PERFORMANCE_MAX,2026-03-26,4785,3570,1.3403361344537814,22.861042,41,111.0
GERAL,GERAL,23676509695,[PMAX - SORTEIO IPHONE - NR],PERFORMANCE_MAX,2026-03-27,2778,2215,1.254176072234763,33.336556,73,115.0
GERAL,GERAL,23676509695,[PMAX - SORTEIO IPHONE - NR],PERFORMANCE_MAX,2026-03-28,3121,2479,1.2589753933037515,33.340219,127,167.0
GERAL,GERAL,23676509695,[PMAX - SORTEIO IPHONE - NR],PERFORMANCE_MAX,2026-03-29,3214,2538,1.2663514578408195,24.681756,119,162.0
GERAL,GERAL,23676509695,[PMAX - SORTEIO IPHONE - NR],PERFORMANCE_MAX,2026-03-30,2791,2416,1.1552152317880795,30.278266,71,106.0
GERAL,GERAL,23676509695,[PMAX - SORTEIO IPHONE - NR],PERFORMANCE_MAX,2026-03-31,8905,5425,1.6414746543778802,33.195154,62,263.0
GERAL,GERAL,23676509695,[PMAX - SORTEIO IPHONE - NR],PERFORMANCE_MAX,2026-04-01,4544,4017,1.131192432163306,32.337673,75,141.0
GERAL,GERAL,23676509695,[PMAX - SORTEIO IPHONE - NR],PERFORMANCE_MAX,2026-04-02,8125,6556,1.2393227577791337,34.141262,54,252.0
GERAL,GERAL,23676509695,[PMAX - SORTEIO IPHONE - NR],PERFORMANCE_MAX,2026-04-03,4877,3838,1.2707139134966128,32.724808,151,202.0
GERAL,GERAL,23676509695,[PMAX - SORTEIO IPHONE - NR],PERFORMANCE_MAX,2026-04-04,5295,4385,1.2075256556442417,34.151934,101,212.0
GERAL,GERAL,23676509695,[PMAX - SORTEIO IPHONE - NR],PERFORMANCE_MAX,2026-04-05,7030,5896,1.1923337856173677,26.989299,100,184.0
GERAL,GERAL,23676509695,[PMAX - SORTEIO IPHONE - NR],PERFORMANCE_MAX,2026-04-06,14482,10306,1.405200853871531,34.669146,64,339.0
GERAL,GERAL,23676509695,[PMAX - SORTEIO IPHONE - NR],PERFORMANCE_MAX,2026-04-07,15079,11947,1.2621578638988868,34.513603,31,261.0
GERAL,GERAL,23676509695,[PMAX - SORTEIO IPHONE - NR],PERFORMANCE_MAX,2026-04-08,44748,26166,1.7101582205916075,113.648547,51,966.0
GERAL,GERAL,23676509695,[PMAX - SORTEIO IPHONE - NR],PERFORMANCE_MAX,2026-04-09,43728,26813,1.6308507067467273,116.248222,78,983.0
GERAL,GERAL,23676509695,[PMAX - SORTEIO IPHONE - NR],PERFORMANCE_MAX,2026-04-10,14343,10746,1.3347292015633725,41.337144,76,412.0
GERAL,GERAL,23676509695,[PMAX - SORTEIO IPHONE - NR],PERFORMANCE_MAX,2026-04-11,5124,3786,1.3534072900158478,104.571207,199,358.0
GERAL,GERAL,23676509695,[PMAX - SORTEIO IPHONE - NR],PERFORMANCE_MAX,2026-04-12,7064,5159,1.369257608063578,99.038422,198,373.0
GERAL,GERAL,23676509695,[PMAX - SORTEIO IPHONE - NR],PERFORMANCE_MAX,2026-04-13,8063,5972,1.3501339584728733,114.274623,121,312.0
GERAL,GERAL,23676509695,[PMAX - SORTEIO IPHONE - NR],PERFORMANCE_MAX,2026-04-14,7620,5587,1.3638804367281188,113.437562,125,311.0
GERAL,GERAL,23676509695,[PMAX - SORTEIO IPHONE - NR],PERFORMANCE_MAX,2026-04-15,6525,4938,1.3213851761846902,134.315897,168,281.0
GERAL,GERAL,23676509695,[PMAX - SORTEIO IPHONE - NR],PERFORMANCE_MAX,2026-04-16,8347,6183,1.3499919133106906,135.552851,121,309.0
GERAL,GERAL,23676509695,[PMAX - SORTEIO IPHONE - NR],PERFORMANCE_MAX,2026-04-17,8172,6120,1.3352941176470587,140.902664,126,363.0
GERAL,GERAL,23676509695,[PMAX - SORTEIO IPHONE - NR],PERFORMANCE_MAX,2026-04-18,9197,6796,1.3532960565038257,140.460369,238,498.0
GERAL,GERAL,23676509695,[PMAX - SORTEIO IPHONE - NR],PERFORMANCE_MAX,2026-04-19,7925,5646,1.4036486007793127,132.021421,343,529.0
GERAL,GERAL,23677202761,[GEN - IPHONE PROMO - BS],DEMAND_GEN,2026-03-19,2266,1288,1.7608695652173914,4.900482,65,1.0
GERAL,GERAL,23677202761,[GEN - IPHONE PROMO - BS],DEMAND_GEN,2026-03-20,8381,4220,1.9869668246445498,32.369988,287,24.0
GERAL,GERAL,23677202761,[GEN - IPHONE PROMO - BS],DEMAND_GEN,2026-03-21,11379,5944,1.916049798115747,32.113942,440,18.0
GERAL,GERAL,23677202761,[GEN - IPHONE PROMO - BS],DEMAND_GEN,2026-03-22,10970,5981,1.8343086440394583,32.04657,390,17.5
GERAL,GERAL,23677202761,[GEN - IPHONE PROMO - BS],DEMAND_GEN,2026-03-23,10432,6122,1.704018294674943,32.026984,411,15.0
GERAL,GERAL,23677202761,[GEN - IPHONE PROMO - BS],DEMAND_GEN,2026-03-24,10219,6202,1.648339245404708,32.087802,378,11.0
GERAL,GERAL,23677202761,[GEN - IPHONE PROMO - BS],DEMAND_GEN,2026-03-25,10578,6055,1.7474814203137903,32.029783,463,24.0
GERAL,GERAL,23677202761,[GEN - IPHONE PROMO - BS],DEMAND_GEN,2026-03-26,9692,5428,1.7862932940309506,32.079988,418,15.0
GERAL,GERAL,23677202761,[GEN - IPHONE PROMO - BS],DEMAND_GEN,2026-03-27,10445,6059,1.7238818286846014,32.12743,451,17.0
GERAL,GERAL,23677202761,[GEN - IPHONE PROMO - BS],DEMAND_GEN,2026-03-28,11441,6526,1.7532945142506895,32.007073,450,18.0
GERAL,GERAL,23677202761,[GEN - IPHONE PROMO - BS],DEMAND_GEN,2026-03-29,11924,6578,1.813013073882639,32.01502,477,25.0
GERAL,GERAL,23677202761,[GEN - IPHONE PROMO - BS],DEMAND_GEN,2026-03-30,10474,5925,1.7677637130801689,32.031143,418,19.0
GERAL,GERAL,23677202761,[GEN - IPHONE PROMO - BS],DEMAND_GEN,2026-03-31,11019,6249,1.7634821571451431,32.056225,416,17.0
GERAL,GERAL,23677202761,[GEN - IPHONE PROMO - BS],DEMAND_GEN,2026-04-01,11729,6365,1.8432050274941083,32.113027,502,24.666666
GERAL,GERAL,23677202761,[GEN - IPHONE PROMO - BS],DEMAND_GEN,2026-04-02,11081,6149,1.8024068954301513,32.109469,509,29.333334
GERAL,GERAL,23677202761,[GEN - IPHONE PROMO - BS],DEMAND_GEN,2026-04-03,12334,6541,1.8856443968812109,32.00272,522,25.0
GERAL,GERAL,23677202761,[GEN - IPHONE PROMO - BS],DEMAND_GEN,2026-04-04,11884,6578,1.8066281544542415,32.157422,485,14.0
GERAL,GERAL,23677202761,[GEN - IPHONE PROMO - BS],DEMAND_GEN,2026-04-05,12239,6551,1.868417035567089,32.044603,503,23.0
GERAL,GERAL,23677202761,[GEN - IPHONE PROMO - BS],DEMAND_GEN,2026-04-06,7174,4686,1.5309432351685872,32.224125,291,31.0
GERAL,GERAL,23677202761,[GEN - IPHONE PROMO - BS],DEMAND_GEN,2026-04-07,4449,2457,1.8107448107448108,32.146775,21,45.0
GERAL,GERAL,23677202761,[GEN - IPHONE PROMO - BS],DEMAND_GEN,2026-04-08,6574,3484,1.8869115958668197,30.243792,13,115.0
GERAL,GERAL,23677202761,[GEN - IPHONE PROMO - BS],DEMAND_GEN,2026-04-09,7813,4704,1.6609268707482994,32.27911,18,166.0
GERAL,GERAL,23677202761,[GEN - IPHONE PROMO - BS],DEMAND_GEN,2026-04-10,8411,5277,1.593898048133409,32.34681,7,242.0
GERAL,GERAL,23677202761,[GEN - IPHONE PROMO - BS],DEMAND_GEN,2026-04-11,10447,7014,1.4894496720844026,32.346561,7,264.0
GERAL,GERAL,23677202761,[GEN - IPHONE PROMO - BS],DEMAND_GEN,2026-04-12,8556,5954,1.4370171313402755,27.203143,8,184.0
GERAL,GERAL,23677202761,[GEN - IPHONE PROMO - BS],DEMAND_GEN,2026-04-13,11585,7631,1.5181496527322762,32.082367,4,231.0
GERAL,GERAL,23677202761,[GEN - IPHONE PROMO - BS],DEMAND_GEN,2026-04-14,14320,9513,1.505308525176075,33.275766,5,225.0
GERAL,GERAL,23677202761,[GEN - IPHONE PROMO - BS],DEMAND_GEN,2026-04-15,14277,9562,1.493097678309977,33.213477,9,217.0
GERAL,GERAL,23677202761,[GEN - IPHONE PROMO - BS],DEMAND_GEN,2026-04-16,12709,8900,1.4279775280898876,33.020155,9,215.0
GERAL,GERAL,23677202761,[GEN - IPHONE PROMO - BS],DEMAND_GEN,2026-04-17,13174,9083,1.45040184960916,33.413297,11,304.0
GERAL,GERAL,23677202761,[GEN - IPHONE PROMO - BS],DEMAND_GEN,2026-04-18,13488,9140,1.475711159737418,33.338807,7,348.0
GERAL,GERAL,23677202761,[GEN - IPHONE PROMO - BS],DEMAND_GEN,2026-04-19,13902,9292,1.4961256995264745,33.457474,7,352.0
GERAL,GERAL,23677205167,[GEN - IPHONE PROMO - CS],DEMAND_GEN,2026-03-19,5484,4070,1.3476658476658476,11.982491,188,3.0
GERAL,GERAL,23677205167,[GEN - IPHONE PROMO - CS],DEMAND_GEN,2026-03-20,11120,7605,1.4629848783694936,31.8779,417,13.2
GERAL,GERAL,23677205167,[GEN - IPHONE PROMO - CS],DEMAND_GEN,2026-03-21,12297,7275,1.6923711340206185,31.878064,472,21.266272
GERAL,GERAL,23677205167,[GEN - IPHONE PROMO - CS],DEMAND_GEN,2026-03-22,13450,7968,1.6896335341365463,31.741183,566,22.2
GERAL,GERAL,23677205167,[GEN - IPHONE PROMO - CS],DEMAND_GEN,2026-03-23,12427,7489,1.6599011884096675,31.825262,481,22.0
GERAL,GERAL,23677205167,[GEN - IPHONE PROMO - CS],DEMAND_GEN,2026-03-24,12308,7246,1.6995583770356057,31.824474,509,28.0
GERAL,GERAL,23677205167,[GEN - IPHONE PROMO - CS],DEMAND_GEN,2026-03-25,12668,7817,1.6213381092490726,31.774468,565,16.0
GERAL,GERAL,23677205167,[GEN - IPHONE PROMO - CS],DEMAND_GEN,2026-03-26,11936,6854,1.7420484388678144,31.808689,470,13.0
GERAL,GERAL,23677205167,[GEN - IPHONE PROMO - CS],DEMAND_GEN,2026-03-27,12678,7370,1.7210312075983718,31.890088,500,17.0
GERAL,GERAL,23677205167,[GEN - IPHONE PROMO - CS],DEMAND_GEN,2026-03-28,13563,7482,1.8134188719593691,31.838909,574,26.5
GERAL,GERAL,23677205167,[GEN - IPHONE PROMO - CS],DEMAND_GEN,2026-03-29,13163,8125,1.6203076923076922,31.764366,579,20.0
GERAL,GERAL,23677205167,[GEN - IPHONE PROMO - CS],DEMAND_GEN,2026-03-30,12321,7853,1.5689545396663696,31.8161,489,30.0
GERAL,GERAL,23677205167,[GEN - IPHONE PROMO - CS],DEMAND_GEN,2026-03-31,12881,7729,1.6667097942812783,31.813318,536,20.0
GERAL,GERAL,23677205167,[GEN - IPHONE PROMO - CS],DEMAND_GEN,2026-04-01,14267,8223,1.735376383315092,31.9153,596,28.0
GERAL,GERAL,23677205167,[GEN - IPHONE PROMO - CS],DEMAND_GEN,2026-04-02,13503,7825,1.7260063897763578,31.914832,560,27.0
GERAL,GERAL,23677205167,[GEN - IPHONE PROMO - CS],DEMAND_GEN,2026-04-03,14501,8332,1.7407585213634182,31.906538,667,25.5
GERAL,GERAL,23677205167,[GEN - IPHONE PROMO - CS],DEMAND_GEN,2026-04-04,13527,7837,1.7266811279826464,31.929915,602,23.0
GERAL,GERAL,23677205167,[GEN - IPHONE PROMO - CS],DEMAND_GEN,2026-04-05,14808,8081,1.8333127088231655,31.891335,626,30.0
GERAL,GERAL,23677205167,[GEN - IPHONE PROMO - CS],DEMAND_GEN,2026-04-06,11142,7739,1.4397208941723736,31.926619,320,30.0
GERAL,GERAL,23677205167,[GEN - IPHONE PROMO - CS],DEMAND_GEN,2026-04-07,5669,4159,1.3630680452031738,31.933234,34,46.0
GERAL,GERAL,23677205167,[GEN - IPHONE PROMO - CS],DEMAND_GEN,2026-04-08,8936,6419,1.3921171522043931,29.617939,30,79.0
GERAL,GERAL,23677205167,[GEN - IPHONE PROMO - CS],DEMAND_GEN,2026-04-09,9867,7143,1.381352372952541,31.956056,27,123.0
GERAL,GERAL,23677205167,[GEN - IPHONE PROMO - CS],DEMAND_GEN,2026-04-10,8271,6389,1.294568790107998,32.188649,30,131.0
GERAL,GERAL,23677205167,[GEN - IPHONE PROMO - CS],DEMAND_GEN,2026-04-11,9053,6622,1.367109634551495,32.216649,23,152.0
GERAL,GERAL,23677205167,[GEN - IPHONE PROMO - CS],DEMAND_GEN,2026-04-12,7786,6542,1.190155915622134,27.429735,9,98.0
GERAL,GERAL,23677205167,[GEN - IPHONE PROMO - CS],DEMAND_GEN,2026-04-13,14655,11526,1.27147319104633,32.847984,17,148.0
GERAL,GERAL,23677205167,[GEN - IPHONE PROMO - CS],DEMAND_GEN,2026-04-14,14439,11149,1.2950937303794061,32.782515,25,146.0
GERAL,GERAL,23677205167,[GEN - IPHONE PROMO - CS],DEMAND_GEN,2026-04-15,14808,11621,1.274244901471474,32.913356,16,157.0
GERAL,GERAL,23677205167,[GEN - IPHONE PROMO - CS],DEMAND_GEN,2026-04-16,14961,12024,1.2442614770459082,32.918527,17,195.0
GERAL,GERAL,23677205167,[GEN - IPHONE PROMO - CS],DEMAND_GEN,2026-04-17,13704,11288,1.214032600992204,32.892669,19,187.0
GERAL,GERAL,23677205167,[GEN - IPHONE PROMO - CS],DEMAND_GEN,2026-04-18,14593,11681,1.2492937248523244,32.912014,23,220.0
GERAL,GERAL,23677205167,[GEN - IPHONE PROMO - CS],DEMAND_GEN,2026-04-19,13599,10877,1.2502528270662867,32.434981,14,246.0
GERAL,GERAL,23677217893,[GEN - IPHONE PROMO - GS],DEMAND_GEN,2026-03-19,5187,3675,1.4119727891156462,11.201734,160,6.0
GERAL,GERAL,23677217893,[GEN - IPHONE PROMO - GS],DEMAND_GEN,2026-03-20,10842,7203,1.505900319311398,31.914575,429,9.0
GERAL,GERAL,23677217893,[GEN - IPHONE PROMO - GS],DEMAND_GEN,2026-03-21,13071,8094,1.615147022485792,31.901804,482,9.0
GERAL,GERAL,23677217893,[GEN - IPHONE PROMO - GS],DEMAND_GEN,2026-03-22,14563,8278,1.7593621647741,31.82467,540,16.0
GERAL,GERAL,23677217893,[GEN - IPHONE PROMO - GS],DEMAND_GEN,2026-03-23,13693,7953,1.7219917012448134,31.822074,508,7.0
GERAL,GERAL,23677217893,[GEN - IPHONE PROMO - GS],DEMAND_GEN,2026-03-24,13164,7980,1.649624060150376,31.863164,487,9.0
GERAL,GERAL,23677217893,[GEN - IPHONE PROMO - GS],DEMAND_GEN,2026-03-25,13747,8326,1.6514532788854193,31.764111,534,9.0
GERAL,GERAL,23677217893,[GEN - IPHONE PROMO - GS],DEMAND_GEN,2026-03-26,12640,7939,1.592769870260738,31.810461,502,13.0
GERAL,GERAL,23677217893,[GEN - IPHONE PROMO - GS],DEMAND_GEN,2026-03-27,12277,8241,1.49071714597743,31.917961,544,6.0
GERAL,GERAL,23677217893,[GEN - IPHONE PROMO - GS],DEMAND_GEN,2026-03-28,13045,8375,1.55844776119403,31.877392,569,11.0
GERAL,GERAL,23677217893,[GEN - IPHONE PROMO - GS],DEMAND_GEN,2026-03-29,14043,8482,1.6559773638292856,31.790121,589,11.0
GERAL,GERAL,23677217893,[GEN - IPHONE PROMO - GS],DEMAND_GEN,2026-03-30,11625,7211,1.6126750797392873,31.86423,514,5.0
GERAL,GERAL,23677217893,[GEN - IPHONE PROMO - GS],DEMAND_GEN,2026-03-31,11554,7423,1.5567829718442678,31.841733,542,8.0
GERAL,GERAL,23677217893,[GEN - IPHONE PROMO - GS],DEMAND_GEN,2026-04-01,12546,7954,1.5774453105355797,31.920219,569,10.0
GERAL,GERAL,23677217893,[GEN - IPHONE PROMO - GS],DEMAND_GEN,2026-04-02,13209,8344,1.5834132310642377,31.946589,646,11.0
GERAL,GERAL,23677217893,[GEN - IPHONE PROMO - GS],DEMAND_GEN,2026-04-03,13510,8523,1.5851226094098323,31.88816,677,7.0
GERAL,GERAL,23677217893,[GEN - IPHONE PROMO - GS],DEMAND_GEN,2026-04-04,12379,7549,1.6400847794409856,31.994753,571,4.0
GERAL,GERAL,23677217893,[GEN - IPHONE PROMO - GS],DEMAND_GEN,2026-04-05,13398,8240,1.6260922330097087,31.78672,657,11.0
GERAL,GERAL,23677217893,[GEN - IPHONE PROMO - GS],DEMAND_GEN,2026-04-06,8437,6336,1.3315972222222223,31.972886,317,12.0
GERAL,GERAL,23677217893,[GEN - IPHONE PROMO - GS],DEMAND_GEN,2026-04-07,3447,2509,1.373854125149462,31.93984,7,32.0
GERAL,GERAL,23677217893,[GEN - IPHONE PROMO - GS],DEMAND_GEN,2026-04-08,2033,1620,1.2549382716049382,15.30164,7,38.0
GERAL,GERAL,23686312503,[PMAX - SORTEIO IPHONE - NK],PERFORMANCE_MAX,2026-03-25,2854,2400,1.1891666666666667,23.74649,17,77.0
GERAL,GERAL,23686312503,[PMAX - SORTEIO IPHONE - NK],PERFORMANCE_MAX,2026-03-26,7233,5406,1.3379578246392896,117.684835,60,251.0
GERAL,GERAL,23686312503,[PMAX - SORTEIO IPHONE - NK],PERFORMANCE_MAX,2026-03-27,8099,6425,1.2605447470817122,122.153022,96,347.0
GERAL,GERAL,23686312503,[PMAX - SORTEIO IPHONE - NK],PERFORMANCE_MAX,2026-03-28,9469,7236,1.308595909342178,117.686103,142,420.0
GERAL,GERAL,23686312503,[PMAX - SORTEIO IPHONE - NK],PERFORMANCE_MAX,2026-03-29,9321,6960,1.3392241379310346,108.886079,192,345.0
GERAL,GERAL,23686312503,[PMAX - SORTEIO IPHONE - NK],PERFORMANCE_MAX,2026-03-30,15550,11264,1.3805042613636365,98.546268,126,413.0
GERAL,GERAL,23686312503,[PMAX - SORTEIO IPHONE - NK],PERFORMANCE_MAX,2026-03-31,17853,12561,1.4213040363028422,115.278016,127,497.0
GERAL,GERAL,23686312503,[PMAX - SORTEIO IPHONE - NK],PERFORMANCE_MAX,2026-04-01,15381,11407,1.348382572104848,120.843817,100,471.0
GERAL,GERAL,23686312503,[PMAX - SORTEIO IPHONE - NK],PERFORMANCE_MAX,2026-04-02,18994,13588,1.397851045039741,120.879365,170,671.0
GERAL,GERAL,23686312503,[PMAX - SORTEIO IPHONE - NK],PERFORMANCE_MAX,2026-04-03,19510,13992,1.3943682104059463,120.857252,201,680.0
GERAL,GERAL,23686312503,[PMAX - SORTEIO IPHONE - NK],PERFORMANCE_MAX,2026-04-04,22163,14977,1.479802363624224,121.006728,169,632.0
GERAL,GERAL,23686312503,[PMAX - SORTEIO IPHONE - NK],PERFORMANCE_MAX,2026-04-05,23769,16374,1.4516306339318432,104.400638,178,595.0
GERAL,GERAL,23686312503,[PMAX - SORTEIO IPHONE - NK],PERFORMANCE_MAX,2026-04-06,25145,17367,1.4478608855876087,119.826204,145,623.0
GERAL,GERAL,23686312503,[PMAX - SORTEIO IPHONE - NK],PERFORMANCE_MAX,2026-04-07,29083,19050,1.5266666666666666,122.24252,103,577.0
GERAL,GERAL,23686312503,[PMAX - SORTEIO IPHONE - NK],PERFORMANCE_MAX,2026-04-08,36596,25399,1.4408441277215638,162.672951,107,776.0
GERAL,GERAL,23686312503,[PMAX - SORTEIO IPHONE - NK],PERFORMANCE_MAX,2026-04-09,42585,29535,1.4418486541391569,159.27421,170,1001.0
GERAL,GERAL,23686312503,[PMAX - SORTEIO IPHONE - NK],PERFORMANCE_MAX,2026-04-10,36581,24883,1.470120162359844,163.10482,175,998.0
GERAL,GERAL,23686312503,[PMAX - SORTEIO IPHONE - NK],PERFORMANCE_MAX,2026-04-11,38891,26609,1.4615731519410726,141.560061,264,981.0
GERAL,GERAL,23686312503,[PMAX - SORTEIO IPHONE - NK],PERFORMANCE_MAX,2026-04-12,64566,37370,1.7277495317099278,155.022941,173,938.0
GERAL,GERAL,23686312503,[PMAX - SORTEIO IPHONE - NK],PERFORMANCE_MAX,2026-04-13,66248,37962,1.7451135345872189,168.383995,102,766.0
GERAL,GERAL,23686312503,[PMAX - SORTEIO IPHONE - NK],PERFORMANCE_MAX,2026-04-14,70858,39143,1.8102342692179956,169.512444,72,755.0
GERAL,GERAL,23686312503,[PMAX - SORTEIO IPHONE - NK],PERFORMANCE_MAX,2026-04-15,69756,38357,1.8185989519514039,169.409886,87,736.0
GERAL,GERAL,23686312503,[PMAX - SORTEIO IPHONE - NK],PERFORMANCE_MAX,2026-04-16,68413,37927,1.8038073140506763,168.567962,107,725.0
GERAL,GERAL,23686312503,[PMAX - SORTEIO IPHONE - NK],PERFORMANCE_MAX,2026-04-17,62675,36313,1.7259659075262304,167.835777,172,887.0
GERAL,GERAL,23686312503,[PMAX - SORTEIO IPHONE - NK],PERFORMANCE_MAX,2026-04-18,66730,37701,1.769979576138564,157.058284,241,1090.0
GERAL,GERAL,23686312503,[PMAX - SORTEIO IPHONE - NK],PERFORMANCE_MAX,2026-04-19,42461,25648,1.6555286961946352,102.680908,195,799.0
GERAL,GERAL,23689805502,[VIDEO - PROMO IPHONE - NS],VIDEO,2026-03-27,4151,4355,1.1407577497129735,38.459366,8,55.0
GERAL,GERAL,23689805502,[VIDEO - PROMO IPHONE - NS],VIDEO,2026-03-28,8423,6844,1.4387784921098772,38.424936,11,73.0
GERAL,GERAL,23689805502,[VIDEO - PROMO IPHONE - NS],VIDEO,2026-03-29,7381,6577,1.357913942526988,38.554208,8,37.0
GERAL,GERAL,23689805502,[VIDEO - PROMO IPHONE - NS],VIDEO,2026-03-30,6884,5868,1.3686094069529653,38.45393,19,54.0
GERAL,GERAL,23689805502,[VIDEO - PROMO IPHONE - NS],VIDEO,2026-03-31,6898,6120,1.3545751633986929,38.456212,8,48.0
GERAL,GERAL,23689805502,[VIDEO - PROMO IPHONE - NS],VIDEO,2026-04-01,9058,8642,1.302360564684101,38.295004,6,79.0
GERAL,GERAL,23689805502,[VIDEO - PROMO IPHONE - NS],VIDEO,2026-04-02,8355,7610,1.3320630749014455,38.495486,16,72.0
GERAL,GERAL,23689805502,[VIDEO - PROMO IPHONE - NS],VIDEO,2026-04-03,9238,8263,1.3699624833595547,38.46253,11,104.0
GERAL,GERAL,23689805502,[VIDEO - PROMO IPHONE - NS],VIDEO,2026-04-04,8867,7865,1.3624920534011442,38.515946,9,58.0
GERAL,GERAL,23689805502,[VIDEO - PROMO IPHONE - NS],VIDEO,2026-04-05,9803,9670,1.2562564632885211,38.485839,22,55.0
GERAL,GERAL,23689805502,[VIDEO - PROMO IPHONE - NS],VIDEO,2026-04-06,10622,10470,1.2811843361986628,38.482726,13,65.0
GERAL,GERAL,23689805502,[VIDEO - PROMO IPHONE - NS],VIDEO,2026-04-07,8787,7844,1.3224120346761856,38.5869,20,35.0
GERAL,GERAL,23689805502,[VIDEO - PROMO IPHONE - NS],VIDEO,2026-04-08,7826,7699,1.2649694765553967,33.830643,11,48.0
GERAL,GERAL,23689805502,[VIDEO - PROMO IPHONE - NS],VIDEO,2026-04-09,8211,8092,1.2533366287691547,38.786245,13,53.0
GERAL,GERAL,23689805502,[VIDEO - PROMO IPHONE - NS],VIDEO,2026-04-10,9473,8903,1.3051780298775693,38.849371,21,83.0
GERAL,GERAL,23689805502,[VIDEO - PROMO IPHONE - NS],VIDEO,2026-04-11,9430,8849,1.3115606283195842,38.922877,17,76.0
GERAL,GERAL,23689805502,[VIDEO - PROMO IPHONE - NS],VIDEO,2026-04-12,9441,8489,1.3357285899399223,38.930514,12,54.0
GERAL,GERAL,23689805502,[VIDEO - PROMO IPHONE - NS],VIDEO,2026-04-13,9238,8570,1.3164527421236873,38.916877,18,51.0
GERAL,GERAL,23689805502,[VIDEO - PROMO IPHONE - NS],VIDEO,2026-04-14,9756,9127,1.305905554946861,38.92305,17,45.0
GERAL,GERAL,23689805502,[VIDEO - PROMO IPHONE - NS],VIDEO,2026-04-15,9138,8263,1.3366815926418976,39.126848,11,50.0
GERAL,GERAL,23689805502,[VIDEO - PROMO IPHONE - NS],VIDEO,2026-04-16,8894,8411,1.297824277731542,38.945477,21,67.0
GERAL,GERAL,23689805502,[VIDEO - PROMO IPHONE - NS],VIDEO,2026-04-17,8144,7966,1.2666331910620137,38.996177,7,51.0
GERAL,GERAL,23689805502,[VIDEO - PROMO IPHONE - NS],VIDEO,2026-04-18,9183,8978,1.301626197371352,38.991313,10,63.0
GERAL,GERAL,23689805502,[VIDEO - PROMO IPHONE - NS],VIDEO,2026-04-19,9074,8184,1.3468963831867058,39.008893,30,62.0
GERAL,GERAL,23689805502,[VIDEO - PROMO IPHONE - NS],VIDEO,2026-04-20,8096,7407,1.3585797218847036,39.09696,12,60.0
GERAL,GERAL,23689805502,[VIDEO - PROMO IPHONE - NS],VIDEO,2026-04-21,2052,2156,1.2073283858998145,8.93949,2,15.0
GERAL,GERAL,23689851486,[VIDEO - PROMO IPHONE - NK],VIDEO,2026-03-27,5213,5566,1.1176787639238233,40.014694,5,125.0
GERAL,GERAL,23689851486,[VIDEO - PROMO IPHONE - NK],VIDEO,2026-03-28,7585,6391,1.3713033953997809,39.993418,9,151.0
GERAL,GERAL,23689851486,[VIDEO - PROMO IPHONE - NK],VIDEO,2026-03-29,7499,6548,1.3466707391569945,40.117002,11,115.0
GERAL,GERAL,23689851486,[VIDEO - PROMO IPHONE - NK],VIDEO,2026-03-30,6160,5139,1.3708892780696633,40.056787,12,118.0
GERAL,GERAL,23689851486,[VIDEO - PROMO IPHONE - NK],VIDEO,2026-03-31,6892,6294,1.2875754687003496,40.213618,8,126.0
GERAL,GERAL,23689851486,[VIDEO - PROMO IPHONE - NK],VIDEO,2026-04-01,8630,8332,1.241958713394143,39.975019,11,163.0
GERAL,GERAL,23689851486,[VIDEO - PROMO IPHONE - NK],VIDEO,2026-04-02,7597,6441,1.3351963980748331,39.997965,15,146.0
GERAL,GERAL,23689851486,[VIDEO - PROMO IPHONE - NK],VIDEO,2026-04-03,9262,8546,1.2871518839223028,40.0251,12,217.0
GERAL,GERAL,23689851486,[VIDEO - PROMO IPHONE - NK],VIDEO,2026-04-04,8857,8193,1.2911021603808128,40.027611,6,148.0
GERAL,GERAL,23689851486,[VIDEO - PROMO IPHONE - NK],VIDEO,2026-04-05,9540,9835,1.2139298423995932,40.009491,14,184.0
GERAL,GERAL,23689851486,[VIDEO - PROMO IPHONE - NK],VIDEO,2026-04-06,9873,9792,1.2667483660130718,40.047226,14,173.0
GERAL,GERAL,23689851486,[VIDEO - PROMO IPHONE - NK],VIDEO,2026-04-07,6890,6436,1.261963952765693,40.006288,13,80.0
GERAL,GERAL,23689851486,[VIDEO - PROMO IPHONE - NK],VIDEO,2026-04-08,7340,7145,1.2439468159552134,33.92311,9,105.0
GERAL,GERAL,23689851486,[VIDEO - PROMO IPHONE - NK],VIDEO,2026-04-09,9138,8165,1.3268830373545621,40.563967,19,146.0
GERAL,GERAL,23689851486,[VIDEO - PROMO IPHONE - NK],VIDEO,2026-04-10,9019,8728,1.2741750687442712,40.468521,9,179.0
GERAL,GERAL,23689851486,[VIDEO - PROMO IPHONE - NK],VIDEO,2026-04-11,10560,10607,1.2719901951541435,40.656847,11,254.0
GERAL,GERAL,23689851486,[VIDEO - PROMO IPHONE - NK],VIDEO,2026-04-12,9848,9721,1.2647875732949285,40.526044,7,162.0
GERAL,GERAL,23689851486,[VIDEO - PROMO IPHONE - NK],VIDEO,2026-04-13,9516,9531,1.2535935368796558,40.674087,15,117.0
GERAL,GERAL,23689851486,[VIDEO - PROMO IPHONE - NK],VIDEO,2026-04-14,9710,8245,1.3697998787143724,40.623226,20,100.0
GERAL,GERAL,23689851486,[VIDEO - PROMO IPHONE - NK],VIDEO,2026-04-15,8246,7501,1.2986268497533662,40.639344,18,99.0
GERAL,GERAL,23689851486,[VIDEO - PROMO IPHONE - NK],VIDEO,2026-04-16,8926,8640,1.2635416666666666,40.772519,14,119.0
GERAL,GERAL,23689851486,[VIDEO - PROMO IPHONE - NK],VIDEO,2026-04-17,8265,7816,1.281985670419652,40.617708,18,147.0
GERAL,GERAL,23689851486,[VIDEO - PROMO IPHONE - NK],VIDEO,2026-04-18,7821,6792,1.3409893992932862,40.712228,17,127.0
GERAL,GERAL,23689851486,[VIDEO - PROMO IPHONE - NK],VIDEO,2026-04-19,8977,8529,1.2832688474616016,40.763899,20,167.0
GERAL,GERAL,23689851486,[VIDEO - PROMO IPHONE - NK],VIDEO,2026-04-20,9497,9643,1.2569739707559888,40.604176,12,204.0
GERAL,GERAL,23691811649,[VIDEO - PROMO IPHONE - BS],VIDEO,2026-03-25,916,1104,1.0208333333333333,10.011526,0,3.0
GERAL,GERAL,23691811649,[VIDEO - PROMO IPHONE - BS],VIDEO,2026-03-26,7157,5737,1.4155481959212133,40.367485,9,15.0
GERAL,GERAL,23691811649,[VIDEO - PROMO IPHONE - BS],VIDEO,2026-03-27,6536,4730,1.5145877378435517,39.502392,10,16.0
GERAL,GERAL,23691811649,[VIDEO - PROMO IPHONE - BS],VIDEO,2026-03-28,6770,5981,1.2976090954689852,39.734099,9,23.0
GERAL,GERAL,23691811649,[VIDEO - PROMO IPHONE - BS],VIDEO,2026-03-29,7208,5400,1.5072222222222222,39.693187,12,25.0
GERAL,GERAL,23691811649,[VIDEO - PROMO IPHONE - BS],VIDEO,2026-03-30,6557,4211,1.6720493944431252,39.673588,13,22.0
GERAL,GERAL,23691811649,[VIDEO - PROMO IPHONE - BS],VIDEO,2026-03-31,6728,5248,1.4397865853658536,39.58737,12,25.0
GERAL,GERAL,23691811649,[VIDEO - PROMO IPHONE - BS],VIDEO,2026-04-01,8576,8175,1.2501529051987768,39.51648,11,36.0
GERAL,GERAL,23691811649,[VIDEO - PROMO IPHONE - BS],VIDEO,2026-04-02,8386,6928,1.3859699769053118,39.568962,10,44.0
GERAL,GERAL,23691811649,[VIDEO - PROMO IPHONE - BS],VIDEO,2026-04-03,8335,6176,1.4946567357512954,39.607061,18,35.0
GERAL,GERAL,23691811649,[VIDEO - PROMO IPHONE - BS],VIDEO,2026-04-04,7765,5560,1.5323741007194245,39.578803,11,20.0
GERAL,GERAL,23691811649,[VIDEO - PROMO IPHONE - BS],VIDEO,2026-04-05,9445,8853,1.2612673669942391,39.541556,12,38.0
GERAL,GERAL,23691811649,[VIDEO - PROMO IPHONE - BS],VIDEO,2026-04-06,9086,8007,1.365180467091295,40.830327,11,40.0
GERAL,GERAL,23691811649,[VIDEO - PROMO IPHONE - BS],VIDEO,2026-04-07,8409,5430,1.6977900552486187,39.045443,13,24.0
GERAL,GERAL,23691811649,[VIDEO - PROMO IPHONE - BS],VIDEO,2026-04-08,8241,7254,1.3573200992555832,34.894122,10,35.0
GERAL,GERAL,23691811649,[VIDEO - PROMO IPHONE - BS],VIDEO,2026-04-09,10419,8270,1.505925030229746,39.639753,13,36.0
GERAL,GERAL,23691811649,[VIDEO - PROMO IPHONE - BS],VIDEO,2026-04-10,9932,7862,1.4961841770541846,39.94451,16,60.0
GERAL,GERAL,23691811649,[VIDEO - PROMO IPHONE - BS],VIDEO,2026-04-11,10971,10082,1.3675857964689546,39.911572,10,50.0
GERAL,GERAL,23691811649,[VIDEO - PROMO IPHONE - BS],VIDEO,2026-04-12,11763,10698,1.4073658627780894,40.110501,14,46.0
GERAL,GERAL,23691811649,[VIDEO - PROMO IPHONE - BS],VIDEO,2026-04-13,11076,10140,1.4006903353057198,40.12635,13,32.0
GERAL,GERAL,23691811649,[VIDEO - PROMO IPHONE - BS],VIDEO,2026-04-14,9534,7236,1.5403537866224433,40.116983,9,44.0
GERAL,GERAL,23691811649,[VIDEO - PROMO IPHONE - BS],VIDEO,2026-04-15,10146,9031,1.4031668696711328,40.131836,11,40.0
GERAL,GERAL,23691811649,[VIDEO - PROMO IPHONE - BS],VIDEO,2026-04-16,10753,9635,1.3952257394914376,40.344087,19,39.0
GERAL,GERAL,23691811649,[VIDEO - PROMO IPHONE - BS],VIDEO,2026-04-17,10213,8430,1.4922894424673785,39.911907,16,48.0
GERAL,GERAL,23691811649,[VIDEO - PROMO IPHONE - BS],VIDEO,2026-04-18,10273,9096,1.423702726473175,40.20338,12,48.0
GERAL,GERAL,23691811649,[VIDEO - PROMO IPHONE - BS],VIDEO,2026-04-19,10595,7809,1.5845818926879243,40.244135,25,42.0
GERAL,GERAL,23692200463,[PMAX - CAÇA AOS OVOS - GS],PERFORMANCE_MAX,2026-03-24,3062,2739,1.117926250456371,13.736853,7,80.0
GERAL,GERAL,23692200463,[PMAX - CAÇA AOS OVOS - GS],PERFORMANCE_MAX,2026-03-25,20676,15310,1.3504898758981059,57.28496,20,308.0
GERAL,GERAL,23692505509,[PMAX - CAÇA AOS OVOS - NS],PERFORMANCE_MAX,2026-03-24,2533,2355,1.075583864118896,10.438607,2,47.0
GERAL,GERAL,23692505509,[PMAX - CAÇA AOS OVOS - NS],PERFORMANCE_MAX,2026-03-25,20430,12961,1.576267263328447,84.889151,17,451.0
GERAL,GERAL,23692505509,[PMAX - CAÇA AOS OVOS - NS],PERFORMANCE_MAX,2026-03-26,26976,15805,1.706801645049035,68.94415,12,510.0
GERAL,GERAL,23692505509,[PMAX - CAÇA AOS OVOS - NS],PERFORMANCE_MAX,2026-03-27,28002,18373,1.52408425406847,92.862406,27,707.0
GERAL,GERAL,23692505509,[PMAX - CAÇA AOS OVOS - NS],PERFORMANCE_MAX,2026-03-28,27087,17979,1.5065910228600032,69.431801,27,685.0
GERAL,GERAL,23696046916,[PMAX - A CASA MAGICA DE GABBY - GS],PERFORMANCE_MAX,2026-03-25,1300,1118,1.1627906976744187,9.850947,9,28.0
GERAL,GERAL,23696046916,[PMAX - A CASA MAGICA DE GABBY - GS],PERFORMANCE_MAX,2026-03-26,24344,18006,1.3519937798511608,80.06914,16,320.0
GERAL,GERAL,23696046916,[PMAX - A CASA MAGICA DE GABBY - GS],PERFORMANCE_MAX,2026-03-27,25299,16357,1.546677263556887,80.039539,34,447.0
GERAL,GERAL,23696046916,[PMAX - A CASA MAGICA DE GABBY - GS],PERFORMANCE_MAX,2026-03-28,10121,8107,1.248427285062292,68.536374,56,286.0
GERAL,GERAL,23699746930,[VIDEO - PROMO IPHONE - CS],VIDEO,2026-03-27,4069,4259,1.1077717774125382,38.407728,8,10.0
GERAL,GERAL,23699746930,[VIDEO - PROMO IPHONE - CS],VIDEO,2026-03-28,6709,6513,1.2628588975894366,38.431165,7,36.0
GERAL,GERAL,23699746930,[VIDEO - PROMO IPHONE - CS],VIDEO,2026-03-29,7422,6885,1.3034132171387074,38.658853,10,41.0
GERAL,GERAL,23699746930,[VIDEO - PROMO IPHONE - CS],VIDEO,2026-03-30,6630,5242,1.403281190385349,38.580042,12,29.0
GERAL,GERAL,23699746930,[VIDEO - PROMO IPHONE - CS],VIDEO,2026-03-31,6374,5863,1.2749445676274944,38.475745,10,31.0
GERAL,GERAL,23699746930,[VIDEO - PROMO IPHONE - CS],VIDEO,2026-04-01,8586,8412,1.2387066096053256,38.465733,9,41.0
GERAL,GERAL,23699746930,[VIDEO - PROMO IPHONE - CS],VIDEO,2026-04-02,7454,6202,1.3616575298290874,38.075447,17,52.0
GERAL,GERAL,23699746930,[VIDEO - PROMO IPHONE - CS],VIDEO,2026-04-03,9163,7689,1.3713096631551567,38.616432,17,66.0
GERAL,GERAL,23699746930,[VIDEO - PROMO IPHONE - CS],VIDEO,2026-04-04,7770,6370,1.3830455259026688,38.501884,20,33.0
GERAL,GERAL,23699746930,[VIDEO - PROMO IPHONE - CS],VIDEO,2026-04-05,9238,9054,1.2255356748398498,38.464723,14,36.0
GERAL,GERAL,23699746930,[VIDEO - PROMO IPHONE - CS],VIDEO,2026-04-06,10308,8976,1.3635249554367201,38.606368,15,45.0
GERAL,GERAL,23699746930,[VIDEO - PROMO IPHONE - CS],VIDEO,2026-04-07,9167,8764,1.2420127795527156,38.644842,13,39.0
GERAL,GERAL,23699746930,[VIDEO - PROMO IPHONE - CS],VIDEO,2026-04-08,8769,9094,1.2471959533758523,33.534297,5,49.0
GERAL,GERAL,23699746930,[VIDEO - PROMO IPHONE - CS],VIDEO,2026-04-09,6794,7595,1.1416721527320606,38.868818,4,48.0
GERAL,GERAL,23699746930,[VIDEO - PROMO IPHONE - CS],VIDEO,2026-04-10,10062,9653,1.3075727753030146,39.094996,16,62.0
GERAL,GERAL,23699746930,[VIDEO - PROMO IPHONE - CS],VIDEO,2026-04-11,11260,11071,1.313521813747629,38.942067,17,77.0
GERAL,GERAL,23699746930,[VIDEO - PROMO IPHONE - CS],VIDEO,2026-04-12,10858,10434,1.3245160053670693,38.9406,15,50.0
GERAL,GERAL,23699746930,[VIDEO - PROMO IPHONE - CS],VIDEO,2026-04-13,10006,9532,1.3194502727654218,38.869732,12,43.0
GERAL,GERAL,23699746930,[VIDEO - PROMO IPHONE - CS],VIDEO,2026-04-14,10488,8873,1.3976107291784063,38.913626,17,35.0
GERAL,GERAL,23699746930,[VIDEO - PROMO IPHONE - CS],VIDEO,2026-04-15,10095,9862,1.296085986615291,38.934479,15,43.0
GERAL,GERAL,23699746930,[VIDEO - PROMO IPHONE - CS],VIDEO,2026-04-16,10235,8525,1.4146627565982404,38.956558,22,36.0
GERAL,GERAL,23699746930,[VIDEO - PROMO IPHONE - CS],VIDEO,2026-04-17,9463,8166,1.378765613519471,39.039961,14,56.0
GERAL,GERAL,23699746930,[VIDEO - PROMO IPHONE - CS],VIDEO,2026-04-18,9840,8130,1.4264452644526446,39.004677,23,38.0
GERAL,GERAL,23699746930,[VIDEO - PROMO IPHONE - CS],VIDEO,2026-04-19,9243,8015,1.3764192139737992,39.253428,25,45.0
GERAL,GERAL,23699746930,[VIDEO - PROMO IPHONE - CS],VIDEO,2026-04-20,10243,8773,1.3915422318477146,38.91156,23,49.0
GERAL,GERAL,23699746930,[VIDEO - PROMO IPHONE - CS],VIDEO,2026-04-21,1978,2068,1.1958413926499032,8.042506,1,4.0
GERAL,GERAL,23699762635,[VIDEO - PROMO IPHONE - GS],VIDEO,2026-03-27,4474,4725,1.1193650793650793,38.330626,8,26.0
GERAL,GERAL,23699762635,[VIDEO - PROMO IPHONE - GS],VIDEO,2026-03-28,7330,6336,1.360479797979798,38.559819,12,30.0
GERAL,GERAL,23699762635,[VIDEO - PROMO IPHONE - GS],VIDEO,2026-03-29,7315,5021,1.6207926707827125,38.707348,14,23.0
GERAL,GERAL,23699762635,[VIDEO - PROMO IPHONE - GS],VIDEO,2026-03-30,6317,4658,1.4727350794332332,38.458005,7,21.0
GERAL,GERAL,23699762635,[VIDEO - PROMO IPHONE - GS],VIDEO,2026-03-31,5655,4834,1.3299544890359951,38.526476,6,17.0
GERAL,GERAL,23699762635,[VIDEO - PROMO IPHONE - GS],VIDEO,2026-04-01,7656,7244,1.272363335173937,38.324286,4,32.0
GERAL,GERAL,23699762635,[VIDEO - PROMO IPHONE - GS],VIDEO,2026-04-02,7181,5708,1.4250175192711982,38.374033,15,51.0
GERAL,GERAL,23699762635,[VIDEO - PROMO IPHONE - GS],VIDEO,2026-04-03,7815,6536,1.396419828641371,38.506839,10,44.0
GERAL,GERAL,23699762635,[VIDEO - PROMO IPHONE - GS],VIDEO,2026-04-04,7878,6686,1.3688303918635956,38.562595,10,29.0
GERAL,GERAL,23699762635,[VIDEO - PROMO IPHONE - GS],VIDEO,2026-04-05,9173,9137,1.2225019152894823,38.488336,12,40.0
GERAL,GERAL,23699762635,[VIDEO - PROMO IPHONE - GS],VIDEO,2026-04-06,10567,9872,1.3275931928687197,38.586153,14,53.0
GERAL,GERAL,23699762635,[VIDEO - PROMO IPHONE - GS],VIDEO,2026-04-07,9233,8318,1.3102909353209906,38.541309,13,30.0
GERAL,GERAL,23699762635,[VIDEO - PROMO IPHONE - GS],VIDEO,2026-04-08,8508,8417,1.2687418320066532,34.587636,14,41.0
GERAL,GERAL,23699762635,[VIDEO - PROMO IPHONE - GS],VIDEO,2026-04-09,10549,9602,1.3551343470110393,38.942467,24,57.0
GERAL,GERAL,23699762635,[VIDEO - PROMO IPHONE - GS],VIDEO,2026-04-10,10189,8945,1.3833426495248742,38.851862,21,53.0
GERAL,GERAL,23699762635,[VIDEO - PROMO IPHONE - GS],VIDEO,2026-04-11,9741,9012,1.3291167332445628,39.080715,20,48.0
GERAL,GERAL,23699762635,[VIDEO - PROMO IPHONE - GS],VIDEO,2026-04-12,9266,7565,1.4302709847984139,38.852589,19,35.0
GERAL,GERAL,23699762635,[VIDEO - PROMO IPHONE - GS],VIDEO,2026-04-13,8931,8256,1.3454457364341086,38.807725,16,18.0
GERAL,GERAL,23699762635,[VIDEO - PROMO IPHONE - GS],VIDEO,2026-04-14,9695,9489,1.2750553272209928,38.845257,13,26.0
GERAL,GERAL,23699762635,[VIDEO - PROMO IPHONE - GS],VIDEO,2026-04-15,9776,8272,1.4035299806576402,38.811451,20,19.0
GERAL,GERAL,23699762635,[VIDEO - PROMO IPHONE - GS],VIDEO,2026-04-16,10068,9017,1.3567705445270046,38.850051,18,38.0
GERAL,GERAL,23699762635,[VIDEO - PROMO IPHONE - GS],VIDEO,2026-04-17,8999,8534,1.3325521443637216,38.848485,10,36.0
GERAL,GERAL,23699762635,[VIDEO - PROMO IPHONE - GS],VIDEO,2026-04-18,9685,9097,1.3440694734527867,38.791284,10,39.0
GERAL,GERAL,23699762635,[VIDEO - PROMO IPHONE - GS],VIDEO,2026-04-19,9294,8229,1.3705188965852473,38.971006,17,41.0
GERAL,GERAL,23699762635,[VIDEO - PROMO IPHONE - GS],VIDEO,2026-04-20,9424,7584,1.4700685654008439,38.865309,18,38.0
GERAL,GERAL,23699762635,[VIDEO - PROMO IPHONE - GS],VIDEO,2026-04-21,1739,1592,1.3059045226130652,7.233219,1,5.0
GERAL,GERAL,23699769358,[VIDEO - PROMO IPHONE - NR],VIDEO,2026-03-27,4954,5230,1.1434034416826004,38.413917,5,100.0
GERAL,GERAL,23699769358,[VIDEO - PROMO IPHONE - NR],VIDEO,2026-03-28,7292,5853,1.43089014180762,38.420452,17,119.0
GERAL,GERAL,23699769358,[VIDEO - PROMO IPHONE - NR],VIDEO,2026-03-29,7365,6513,1.3288807001381853,37.815842,11,105.0
GERAL,GERAL,23699769358,[VIDEO - PROMO IPHONE - NR],VIDEO,2026-03-30,6384,5098,1.3919183993723028,38.573466,15,92.0
GERAL,GERAL,23699769358,[VIDEO - PROMO IPHONE - NR],VIDEO,2026-03-31,6510,6268,1.2302169751116783,38.498434,7,89.0
GERAL,GERAL,23699769358,[VIDEO - PROMO IPHONE - NR],VIDEO,2026-04-01,8550,8780,1.188610478359909,38.50338,8,147.0
GERAL,GERAL,23699769358,[VIDEO - PROMO IPHONE - NR],VIDEO,2026-04-02,8384,7885,1.2828154724159797,38.554837,12,187.0
GERAL,GERAL,23699769358,[VIDEO - PROMO IPHONE - NR],VIDEO,2026-04-03,8626,8136,1.2840462143559488,38.482715,9,181.0
GERAL,GERAL,23699769358,[VIDEO - PROMO IPHONE - NR],VIDEO,2026-04-04,8500,7994,1.266700025018764,38.544954,10,121.0
GERAL,GERAL,23699769358,[VIDEO - PROMO IPHONE - NR],VIDEO,2026-04-05,9443,9624,1.2108270989193683,38.468802,12,152.0
GERAL,GERAL,23699769358,[VIDEO - PROMO IPHONE - NR],VIDEO,2026-04-06,9675,9769,1.2448561777049851,38.544685,11,168.0
GERAL,GERAL,23699769358,[VIDEO - PROMO IPHONE - NR],VIDEO,2026-04-07,8468,7997,1.2538451919469802,38.376452,14,124.0
GERAL,GERAL,23699769358,[VIDEO - PROMO IPHONE - NR],VIDEO,2026-04-08,7535,7857,1.2180221458571974,33.352898,4,115.0
GERAL,GERAL,23699769358,[VIDEO - PROMO IPHONE - NR],VIDEO,2026-04-09,8960,8826,1.2483571266711988,38.964874,9,147.0
GERAL,GERAL,23699769358,[VIDEO - PROMO IPHONE - NR],VIDEO,2026-04-10,8822,8295,1.2818565400843882,39.002142,15,161.0
GERAL,GERAL,23699769358,[VIDEO - PROMO IPHONE - NR],VIDEO,2026-04-11,9017,8598,1.2765759478948593,38.983095,14,163.0
GERAL,GERAL,23699769358,[VIDEO - PROMO IPHONE - NR],VIDEO,2026-04-12,9738,8436,1.358819345661451,39.089252,21,118.0
GERAL,GERAL,23699769358,[VIDEO - PROMO IPHONE - NR],VIDEO,2026-04-13,8889,8485,1.2697701826753094,38.897905,11,92.0
GERAL,GERAL,23699769358,[VIDEO - PROMO IPHONE - NR],VIDEO,2026-04-14,8293,7733,1.2901849217638692,39.012552,16,102.0
GERAL,GERAL,23699769358,[VIDEO - PROMO IPHONE - NR],VIDEO,2026-04-15,9561,8423,1.337765641695358,39.066119,20,83.0
GERAL,GERAL,23699769358,[VIDEO - PROMO IPHONE - NR],VIDEO,2026-04-16,7631,6320,1.3806962025316456,39.07148,22,72.0
GERAL,GERAL,23699769358,[VIDEO - PROMO IPHONE - NR],VIDEO,2026-04-17,7590,6839,1.3085246381049862,39.07292,21,103.0
GERAL,GERAL,23699769358,[VIDEO - PROMO IPHONE - NR],VIDEO,2026-04-18,8906,8784,1.2600182149362478,39.06507,14,132.0
GERAL,GERAL,23699769358,[VIDEO - PROMO IPHONE - NR],VIDEO,2026-04-19,9126,7983,1.3448578228736063,39.059953,24,133.0
GERAL,GERAL,23699769358,[VIDEO - PROMO IPHONE - NR],VIDEO,2026-04-20,9243,9180,1.2513071895424837,39.053691,14,156.0
GERAL,GERAL,23699769358,[VIDEO - PROMO IPHONE - NR],VIDEO,2026-04-21,1847,2045,1.1603911980440098,7.509839,2,42.0
GERAL,GERAL,23730190713,[GEN - PROMO IPHONE - NS],DEMAND_GEN,2026-04-08,14870,6074,2.4486335199209748,45.693618,487,20.0
GERAL,GERAL,23730190713,[GEN - PROMO IPHONE - NS],DEMAND_GEN,2026-04-09,33111,17365,1.906996832709473,104.883434,1438,29.0
GERAL,GERAL,23730190713,[GEN - PROMO IPHONE - NS],DEMAND_GEN,2026-04-10,34192,17786,1.9224108849657033,104.647703,1473,40.0
GERAL,GERAL,23730190713,[GEN - PROMO IPHONE - NS],DEMAND_GEN,2026-04-11,41922,20976,1.998760488176964,104.587389,1690,41.0
GERAL,GERAL,23730190713,[GEN - PROMO IPHONE - NS],DEMAND_GEN,2026-04-12,44180,21579,2.0475925668473978,104.461248,1738,30.0
GERAL,GERAL,23730190713,[GEN - PROMO IPHONE - NS],DEMAND_GEN,2026-04-13,41857,21122,1.981914591421267,104.645371,1793,39.0
GERAL,GERAL,23730190713,[GEN - PROMO IPHONE - NS],DEMAND_GEN,2026-04-14,18275,12269,1.489526448773331,105.221086,435,45.0
GERAL,GERAL,23730190713,[GEN - PROMO IPHONE - NS],DEMAND_GEN,2026-04-15,17964,10082,1.7817893275143821,105.206768,96,109.0
GERAL,GERAL,23730190713,[GEN - PROMO IPHONE - NS],DEMAND_GEN,2026-04-16,19517,11838,1.648673762459875,105.154378,38,227.0
GERAL,GERAL,23730190713,[GEN - PROMO IPHONE - NS],DEMAND_GEN,2026-04-17,17902,11573,1.5468763501252916,105.299407,14,236.0
GERAL,GERAL,23730190713,[GEN - PROMO IPHONE - NS],DEMAND_GEN,2026-04-18,19050,12279,1.5514292694844858,105.29108,16,280.0
GERAL,GERAL,23730190713,[GEN - PROMO IPHONE - NS],DEMAND_GEN,2026-04-19,25968,18157,1.430192212369885,103.129363,12,444.0
GERAL,GERAL,23730250923,[GEN - PROMO IPHONE - NK],DEMAND_GEN,2026-04-08,10418,4420,2.3570135746606335,38.374813,315,20.0
GERAL,GERAL,23730250923,[GEN - PROMO IPHONE - NK],DEMAND_GEN,2026-04-09,24736,14852,1.6656342580123888,87.439214,1070,34.0
GERAL,GERAL,23730250923,[GEN - PROMO IPHONE - NK],DEMAND_GEN,2026-04-10,27943,15542,1.7979024578561318,87.212687,1113,31.0
GERAL,GERAL,23730250923,[GEN - PROMO IPHONE - NK],DEMAND_GEN,2026-04-11,36301,20674,1.7558769468898132,87.242219,1377,67.886286
GERAL,GERAL,23730250923,[GEN - PROMO IPHONE - NK],DEMAND_GEN,2026-04-12,37503,22050,1.7010884353741496,86.861435,1434,48.5
GERAL,GERAL,23730250923,[GEN - PROMO IPHONE - NK],DEMAND_GEN,2026-04-13,32036,19386,1.6525843392138657,87.233546,1505,53.060766
GERAL,GERAL,23730250923,[GEN - PROMO IPHONE - NK],DEMAND_GEN,2026-04-14,15387,10643,1.445832941839707,87.66002,333,82.2
GERAL,GERAL,23730250923,[GEN - PROMO IPHONE - NK],DEMAND_GEN,2026-04-15,17537,9695,1.8088705518308406,87.66747,43,200.0
GERAL,GERAL,23730250923,[GEN - PROMO IPHONE - NK],DEMAND_GEN,2026-04-16,23362,15323,1.5246361678522482,87.682397,33,333.0
GERAL,GERAL,23730250923,[GEN - PROMO IPHONE - NK],DEMAND_GEN,2026-04-17,24772,17112,1.4476390836839645,87.690965,24,427.0
GERAL,GERAL,23730250923,[GEN - PROMO IPHONE - NK],DEMAND_GEN,2026-04-18,20085,14117,1.4227527094991854,87.707224,12,371.0
GERAL,GERAL,23730250923,[GEN - PROMO IPHONE - NK],DEMAND_GEN,2026-04-19,24072,17718,1.3586183542160515,85.058163,8,500.0
GERAL,GERAL,23730263238,[GEN - PROMO IPHONE - NR],DEMAND_GEN,2026-04-08,10707,4726,2.265552264071096,35.830688,421,38.0
GERAL,GERAL,23730263238,[GEN - PROMO IPHONE - NR],DEMAND_GEN,2026-04-09,22698,12491,1.8173084620927067,87.645351,1098,65.231464
GERAL,GERAL,23730263238,[GEN - PROMO IPHONE - NR],DEMAND_GEN,2026-04-10,30314,17766,1.7062929190588765,87.42097,1228,73.0
GERAL,GERAL,23730263238,[GEN - PROMO IPHONE - NR],DEMAND_GEN,2026-04-11,35162,20086,1.7506223240067709,87.428287,1357,86.231464
GERAL,GERAL,23730263238,[GEN - PROMO IPHONE - NR],DEMAND_GEN,2026-04-12,37277,22133,1.6844530791126373,87.044819,1365,66.0
GERAL,GERAL,23730263238,[GEN - PROMO IPHONE - NR],DEMAND_GEN,2026-04-13,38194,22708,1.6821384534084904,87.366951,1425,87.056955
GERAL,GERAL,23730263238,[GEN - PROMO IPHONE - NR],DEMAND_GEN,2026-04-14,19682,12704,1.5492758186397986,87.925508,400,127.0
GERAL,GERAL,23730263238,[GEN - PROMO IPHONE - NR],DEMAND_GEN,2026-04-15,20524,10782,1.9035429419402707,87.91625,89,204.0
GERAL,GERAL,23730263238,[GEN - PROMO IPHONE - NR],DEMAND_GEN,2026-04-16,24904,16795,1.4828222685323014,87.947302,39,353.0
GERAL,GERAL,23730263238,[GEN - PROMO IPHONE - NR],DEMAND_GEN,2026-04-17,24390,17444,1.3981884888786975,87.96701,26,428.0
GERAL,GERAL,23730263238,[GEN - PROMO IPHONE - NR],DEMAND_GEN,2026-04-18,23279,16928,1.3751772211720228,87.957505,19,402.0
GERAL,GERAL,23730263238,[GEN - PROMO IPHONE - NR],DEMAND_GEN,2026-04-19,23560,17389,1.3548795215366036,86.161955,6,533.0
GERAL,GERAL,23737763196,[PMAX - DINO - GS],PERFORMANCE_MAX,2026-04-10,1937,1754,1.104332953249715,8.693103,4,74.0
GERAL,GERAL,23737763196,[PMAX - DINO - GS],PERFORMANCE_MAX,2026-04-11,12512,10761,1.1627172195892574,49.68176,17,228.0
GERAL,GERAL,23737763196,[PMAX - DINO - GS],PERFORMANCE_MAX,2026-04-12,18557,14108,1.3153529912106605,49.68861,31,271.0
GERAL,GERAL,23737763196,[PMAX - DINO - GS],PERFORMANCE_MAX,2026-04-13,13834,10196,1.3568065908199294,43.197818,22,198.0
GERAL,GERAL,23737763196,[PMAX - DINO - GS],PERFORMANCE_MAX,2026-04-14,7740,6408,1.2078651685393258,48.58688,26,155.0
GERAL,GERAL,23737763196,[PMAX - DINO - GS],PERFORMANCE_MAX,2026-04-15,5988,4904,1.2210440456769984,49.824098,35,180.0
GERAL,GERAL,23737763196,[PMAX - DINO - GS],PERFORMANCE_MAX,2026-04-16,13845,11398,1.2146867871556413,50.019321,3,102.0
GERAL,GERAL,23737763196,[PMAX - DINO - GS],PERFORMANCE_MAX,2026-04-17,20597,15206,1.3545311061423122,50.003804,15,233.0
GERAL,GERAL,23737763196,[PMAX - DINO - GS],PERFORMANCE_MAX,2026-04-18,14069,11046,1.2736737280463517,50.011136,44,273.0
GERAL,GERAL,23737763196,[PMAX - DINO - GS],PERFORMANCE_MAX,2026-04-19,18580,13604,1.3657747721258453,49.989087,58,300.0
GERAL,GERAL,23737763196,[PMAX - DINO - GS],PERFORMANCE_MAX,2026-04-20,20491,14269,1.4360501787090896,49.991182,50,448.0
GERAL,GERAL,23737763196,[PMAX - DINO - GS],PERFORMANCE_MAX,2026-04-21,25423,16332,1.5566372765123684,46.664482,70,489.0
GERAL,GERAL,23737763196,[PMAX - DINO - GS],PERFORMANCE_MAX,2026-04-22,23538,15080,1.5608753315649868,49.796575,64,550.0
GERAL,GERAL,23737763196,[PMAX - DINO - GS],PERFORMANCE_MAX,2026-04-23,25078,15517,1.616162918089837,50.244508,41,510.0
GERAL,GERAL,23737763196,[PMAX - DINO - GS],PERFORMANCE_MAX,2026-04-24,18939,13309,1.4230220151776993,48.584185,89,532.0
GERAL,GERAL,23737763196,[PMAX - DINO - GS],PERFORMANCE_MAX,2026-04-25,18904,13503,1.3999851884766348,45.782208,67,499.0
GERAL,GERAL,23737763196,[PMAX - DINO - GS],PERFORMANCE_MAX,2026-04-26,22413,14364,1.560359231411863,48.543644,76,407.0
GERAL,GERAL,23737763196,[PMAX - DINO - GS],PERFORMANCE_MAX,2026-04-27,22587,13955,1.6185596560372626,50.791344,51,396.0
GERAL,GERAL,23737763196,[PMAX - DINO - GS],PERFORMANCE_MAX,2026-04-28,19421,13300,1.4602255639097745,50.185392,57,482.0
GERAL,GERAL,23737763196,[PMAX - DINO - GS],PERFORMANCE_MAX,2026-04-29,24055,16275,1.4780337941628263,50.869358,39,498.0
GERAL,GERAL,23737763196,[PMAX - DINO - GS],PERFORMANCE_MAX,2026-04-30,22072,14738,1.4976251865924821,50.886939,44,465.0
GERAL,GERAL,23737763196,[PMAX - DINO - GS],PERFORMANCE_MAX,2026-05-01,19244,14566,1.321158863105863,50.651077,147,636.0
GERAL,GERAL,23737763196,[PMAX - DINO - GS],PERFORMANCE_MAX,2026-05-02,15418,11777,1.309161925787552,33.888565,75,517.0
GERAL,GERAL,23737763196,[PMAX - DINO - GS],PERFORMANCE_MAX,2026-05-03,124,122,1.0163934426229508,0.208541,1,1.0
GERAL,GERAL,23737763196,[PMAX - DINO - GS],PERFORMANCE_MAX,2026-05-04,90,92,0.9782608695652174,0.269478,0,0.0
GERAL,GERAL,23737763196,[PMAX - DINO - GS],PERFORMANCE_MAX,2026-05-07,6561,6015,1.090773067331671,106.051838,29,178.0
GERAL,GERAL,23737763196,[PMAX - DINO - GS],PERFORMANCE_MAX,2026-05-08,18764,15276,1.228332024090076,106.155029,20,444.0
GERAL,GERAL,23737763196,[PMAX - DINO - GS],PERFORMANCE_MAX,2026-05-09,30438,22558,1.3493217483819488,106.045018,37,672.0
GERAL,GERAL,23737763196,[PMAX - DINO - GS],PERFORMANCE_MAX,2026-05-10,33015,24109,1.3694056161599402,103.21469,78,660.0
GERAL,GERAL,23739748793,App Engajamento - PROMO IPHONE,MULTI_CHANNEL,2026-04-09,8154,1222,6.672667757774141,38.105595,62,10.0
GERAL,GERAL,23739748793,App Engajamento - PROMO IPHONE,MULTI_CHANNEL,2026-04-10,12749,2121,6.0108439415370105,104.616504,128,35.0
GERAL,GERAL,23739748793,App Engajamento - PROMO IPHONE,MULTI_CHANNEL,2026-04-11,14687,2139,6.866292660121552,73.442509,123,33.0
GERAL,GERAL,23739748793,App Engajamento - PROMO IPHONE,MULTI_CHANNEL,2026-04-12,16379,2405,6.810395010395011,71.438116,159,33.0
GERAL,GERAL,23739748793,App Engajamento - PROMO IPHONE,MULTI_CHANNEL,2026-04-13,11628,2794,4.161775232641374,73.589735,150,40.0
GERAL,GERAL,23739748793,App Engajamento - PROMO IPHONE,MULTI_CHANNEL,2026-04-14,17323,3430,5.050437317784256,72.639574,266,57.0
GERAL,GERAL,23739748793,App Engajamento - PROMO IPHONE,MULTI_CHANNEL,2026-04-15,13983,2991,4.675025075225677,65.24644,227,55.0
GERAL,GERAL,23739748793,App Engajamento - PROMO IPHONE,MULTI_CHANNEL,2026-04-16,11055,2742,4.031728665207877,55.511656,188,41.0
GERAL,GERAL,23739748793,App Engajamento - PROMO IPHONE,MULTI_CHANNEL,2026-04-17,8950,2234,4.006266786034019,41.493779,165,33.0
GERAL,GERAL,23739748793,App Engajamento - PROMO IPHONE,MULTI_CHANNEL,2026-04-18,16450,3122,5.2690582959641254,63.608609,237,65.0
GERAL,GERAL,23739748793,App Engajamento - PROMO IPHONE,MULTI_CHANNEL,2026-04-19,24566,3201,7.6744767260231175,67.531237,297,52.0
GERAL,GERAL,23739779920,[GEN - IPHONE - GS],DEMAND_GEN,2026-04-08,13323,5263,2.5316359490784723,42.968545,484,12.0
GERAL,GERAL,23739779920,[GEN - IPHONE - GS],DEMAND_GEN,2026-04-09,24208,13902,1.7413321824197958,86.989271,1382,31.0
GERAL,GERAL,23739779920,[GEN - IPHONE - GS],DEMAND_GEN,2026-04-10,24780,13997,1.7708794741730371,87.007399,1416,27.0
GERAL,GERAL,23739779920,[GEN - IPHONE - GS],DEMAND_GEN,2026-04-11,32791,18437,1.7787058632098498,86.817989,1501,33.403775
GERAL,GERAL,23739779920,[GEN - IPHONE - GS],DEMAND_GEN,2026-04-12,33658,19176,1.7557884856070087,86.569203,1495,25.0
GERAL,GERAL,23739779920,[GEN - IPHONE - GS],DEMAND_GEN,2026-04-13,31331,18108,1.730561077976585,86.831701,1561,24.0
GERAL,GERAL,23739779920,[GEN - IPHONE - GS],DEMAND_GEN,2026-04-14,13406,9883,1.356470707275119,87.165279,352,32.0
GERAL,GERAL,23739779920,[GEN - IPHONE - GS],DEMAND_GEN,2026-04-15,14977,8547,1.7523107523107524,87.187625,66,98.0
GERAL,GERAL,23739779920,[GEN - IPHONE - GS],DEMAND_GEN,2026-04-16,19480,11636,1.6741148160880028,87.073206,28,171.0
GERAL,GERAL,23739779920,[GEN - IPHONE - GS],DEMAND_GEN,2026-04-17,13883,9185,1.5114861186717474,87.251518,6,174.0
GERAL,GERAL,23739779920,[GEN - IPHONE - GS],DEMAND_GEN,2026-04-18,15183,10368,1.4644097222222223,87.25098,8,237.0
GERAL,GERAL,23739779920,[GEN - IPHONE - GS],DEMAND_GEN,2026-04-19,17439,12889,1.3530141981534642,85.17307,6,255.0
GERAL,GERAL,23740988125,[PMAX - SUPER GAMES - CS],PERFORMANCE_MAX,2026-04-08,1994,1478,1.3491204330175914,10.913663,8,36.0
GERAL,GERAL,23740988125,[PMAX - SUPER GAMES - CS],PERFORMANCE_MAX,2026-04-09,11561,8805,1.3130039750141964,36.761069,37,294.0
GERAL,GERAL,23740988125,[PMAX - SUPER GAMES - CS],PERFORMANCE_MAX,2026-04-10,10008,7477,1.3385047478935401,45.37474,21,228.0
GERAL,GERAL,23740988125,[PMAX - SUPER GAMES - CS],PERFORMANCE_MAX,2026-04-11,9887,6561,1.5069349184575522,43.697982,25,307.0
GERAL,GERAL,23740988125,[PMAX - SUPER GAMES - CS],PERFORMANCE_MAX,2026-04-12,5978,4199,1.4236723029292688,30.435553,44,151.0
GERAL,GERAL,23740988125,[PMAX - SUPER GAMES - CS],PERFORMANCE_MAX,2026-04-13,8883,6158,1.4425138031828515,45.908755,13,143.0
GERAL,GERAL,23740988125,[PMAX - SUPER GAMES - CS],PERFORMANCE_MAX,2026-04-14,9547,6627,1.4406216991097027,45.94505,19,166.0
GERAL,GERAL,23740988125,[PMAX - SUPER GAMES - CS],PERFORMANCE_MAX,2026-04-15,9934,6735,1.474981440237565,45.53443,28,200.0
GERAL,GERAL,23740988125,[PMAX - SUPER GAMES - CS],PERFORMANCE_MAX,2026-04-16,10202,7449,1.3695798093703853,45.963097,18,165.0
GERAL,GERAL,23740988125,[PMAX - SUPER GAMES - CS],PERFORMANCE_MAX,2026-04-17,10259,6931,1.4801615928437455,65.972694,39,158.0
GERAL,GERAL,23740988125,[PMAX - SUPER GAMES - CS],PERFORMANCE_MAX,2026-04-18,14841,10408,1.4259223674096848,65.465635,40,340.0
GERAL,GERAL,23740988125,[PMAX - SUPER GAMES - CS],PERFORMANCE_MAX,2026-04-19,10160,7036,1.4440022740193292,42.600812,47,235.0
GERAL,GERAL,23740988125,[PMAX - SUPER GAMES - CS],PERFORMANCE_MAX,2026-04-20,12423,8809,1.4102622318083777,67.029821,50,320.0
GERAL,GERAL,23740988125,[PMAX - SUPER GAMES - CS],PERFORMANCE_MAX,2026-04-21,18118,13677,1.3247057103165898,67.058611,78,454.0
GERAL,GERAL,23740988125,[PMAX - SUPER GAMES - CS],PERFORMANCE_MAX,2026-04-22,18694,13358,1.3994609971552627,66.976358,50,370.0
GERAL,GERAL,23740988125,[PMAX - SUPER GAMES - CS],PERFORMANCE_MAX,2026-04-23,21132,15251,1.385614058094551,67.068691,55,483.0
GERAL,GERAL,23740988125,[PMAX - SUPER GAMES - CS],PERFORMANCE_MAX,2026-04-24,16647,11837,1.4063529610543213,67.062978,47,352.0
GERAL,GERAL,23740988125,[PMAX - SUPER GAMES - CS],PERFORMANCE_MAX,2026-04-25,18643,13693,1.361498575914701,67.04545,46,484.0
GERAL,GERAL,23740988125,[PMAX - SUPER GAMES - CS],PERFORMANCE_MAX,2026-04-26,16487,12079,1.3649308717609074,53.25376,84,404.0
GERAL,GERAL,23740988125,[PMAX - SUPER GAMES - CS],PERFORMANCE_MAX,2026-04-27,20965,15175,1.3815485996705108,66.508457,51,433.0
GERAL,GERAL,23740988125,[PMAX - SUPER GAMES - CS],PERFORMANCE_MAX,2026-04-28,18500,13630,1.3573000733675715,54.446157,52,410.0
GERAL,GERAL,23740988125,[PMAX - SUPER GAMES - CS],PERFORMANCE_MAX,2026-04-29,17557,12856,1.3656658369632857,69.209508,36,249.0
GERAL,GERAL,23740988125,[PMAX - SUPER GAMES - CS],PERFORMANCE_MAX,2026-04-30,21187,15559,1.3617199048782056,69.174154,50,428.0
GERAL,GERAL,23740988125,[PMAX - SUPER GAMES - CS],PERFORMANCE_MAX,2026-05-01,18192,13507,1.3468571851632487,69.218054,76,441.0
GERAL,GERAL,23740988125,[PMAX - SUPER GAMES - CS],PERFORMANCE_MAX,2026-05-02,14219,10619,1.3390149731613146,63.020936,92,490.0
GERAL,GERAL,23740988125,[PMAX - SUPER GAMES - CS],PERFORMANCE_MAX,2026-05-07,17548,13552,1.2948642266824084,125.983147,32,352.0
GERAL,GERAL,23740988125,[PMAX - SUPER GAMES - CS],PERFORMANCE_MAX,2026-05-08,18245,13801,1.3220056517643648,125.937847,37,431.0
GERAL,GERAL,23740988125,[PMAX - SUPER GAMES - CS],PERFORMANCE_MAX,2026-05-09,20245,14847,1.3635751330235064,125.855566,90,589.0
GERAL,GERAL,23740988125,[PMAX - SUPER GAMES - CS],PERFORMANCE_MAX,2026-05-10,22491,16033,1.4027942368864217,103.964759,82,572.0
GERAL,GERAL,23740988125,[PMAX - SUPER GAMES - CS],PERFORMANCE_MAX,2026-05-11,7384,5623,1.313178018851147,32.33438,9,136.0
GERAL,GERAL,23750863658,[PMAX - CAPIVALLEY - NR],PERFORMANCE_MAX,2026-04-13,1468,1401,1.047822983583155,5.078843,3,19.0
GERAL,GERAL,23750863658,[PMAX - CAPIVALLEY - NR],PERFORMANCE_MAX,2026-04-14,15439,12152,1.2704904542462145,56.913548,6,164.0
GERAL,GERAL,23750863658,[PMAX - CAPIVALLEY - NR],PERFORMANCE_MAX,2026-04-15,13902,10779,1.289730030615085,56.898196,12,200.0
GERAL,GERAL,23750863658,[PMAX - CAPIVALLEY - NR],PERFORMANCE_MAX,2026-04-16,17580,13720,1.28134110787172,55.507483,18,215.0
GERAL,GERAL,23750863658,[PMAX - CAPIVALLEY - NR],PERFORMANCE_MAX,2026-04-17,22197,14847,1.495049504950495,56.971781,19,338.0
GERAL,GERAL,23750863658,[PMAX - CAPIVALLEY - NR],PERFORMANCE_MAX,2026-04-18,16391,12240,1.3391339869281045,55.371361,28,339.0
GERAL,GERAL,23750863658,[PMAX - CAPIVALLEY - NR],PERFORMANCE_MAX,2026-04-19,7514,5909,1.2716195633778982,24.55649,38,169.0
GERAL,GERAL,23750863658,[PMAX - CAPIVALLEY - NR],PERFORMANCE_MAX,2026-04-20,19178,13601,1.410043379163297,59.245917,62,539.0
GERAL,GERAL,23750863658,[PMAX - CAPIVALLEY - NR],PERFORMANCE_MAX,2026-04-21,29685,17965,1.6523796270526023,59.153039,46,614.0
GERAL,GERAL,23750863658,[PMAX - CAPIVALLEY - NR],PERFORMANCE_MAX,2026-04-22,25480,15936,1.5988955823293172,59.268148,24,583.0
GERAL,GERAL,23750863658,[PMAX - CAPIVALLEY - NR],PERFORMANCE_MAX,2026-04-23,28378,17584,1.6138535031847134,59.198589,30,587.0
GERAL,GERAL,23750863658,[PMAX - CAPIVALLEY - NR],PERFORMANCE_MAX,2026-04-24,22076,15137,1.4584131598070953,59.181351,26,520.0
GERAL,GERAL,23750863658,[PMAX - CAPIVALLEY - NR],PERFORMANCE_MAX,2026-04-25,26785,17483,1.5320597151518618,59.321212,18,711.0
GERAL,GERAL,23750863658,[PMAX - CAPIVALLEY - NR],PERFORMANCE_MAX,2026-04-26,27948,17042,1.6399483628682079,57.677006,39,563.0
GERAL,GERAL,23750863658,[PMAX - CAPIVALLEY - NR],PERFORMANCE_MAX,2026-04-27,26181,16048,1.6314182452642074,59.546184,29,502.0
GERAL,GERAL,23750863658,[PMAX - CAPIVALLEY - NR],PERFORMANCE_MAX,2026-04-28,25851,16389,1.5773384587223138,59.35454,19,520.0
GERAL,GERAL,23750863658,[PMAX - CAPIVALLEY - NR],PERFORMANCE_MAX,2026-04-29,27248,17326,1.5726653584208703,59.552663,19,654.0
GERAL,GERAL,23750863658,[PMAX - CAPIVALLEY - NR],PERFORMANCE_MAX,2026-04-30,26383,16470,1.6018822100789314,59.584835,25,566.0
GERAL,GERAL,23750863658,[PMAX - CAPIVALLEY - NR],PERFORMANCE_MAX,2026-05-01,27759,18871,1.4709872290816597,59.62307,57,827.0
GERAL,GERAL,23750863658,[PMAX - CAPIVALLEY - NR],PERFORMANCE_MAX,2026-05-02,17092,12072,1.4158383035122597,32.942727,27,542.0
GERAL,GERAL,23750863658,[PMAX - CAPIVALLEY - NR],PERFORMANCE_MAX,2026-05-03,183,174,1.0517241379310345,0.32785,0,4.0
GERAL,GERAL,23750863658,[PMAX - CAPIVALLEY - NR],PERFORMANCE_MAX,2026-05-04,138,126,1.0952380952380953,1.757167,1,5.0
GERAL,GERAL,23756799972,[VIDEO - RESTAURANTES ALMOÇO CS],VIDEO,2026-04-16,517,76,6.802631578947368,3.061071,2,0.0
GERAL,GERAL,23756799972,[VIDEO - RESTAURANTES ALMOÇO CS],VIDEO,2026-04-17,963,224,4.357142857142857,8.140018,5,0.0
GERAL,GERAL,23756799972,[VIDEO - RESTAURANTES ALMOÇO CS],VIDEO,2026-04-18,2189,286,7.800699300699301,10.955866,2,0.0
GERAL,GERAL,23756799972,[VIDEO - RESTAURANTES ALMOÇO CS],VIDEO,2026-04-19,2543,214,11.934579439252337,9.173027,2,0.0
GERAL,GERAL,23756799972,[VIDEO - RESTAURANTES ALMOÇO CS],VIDEO,2026-04-20,2712,307,8.88599348534202,10.093161,20,0.0
GERAL,GERAL,23756799972,[VIDEO - RESTAURANTES ALMOÇO CS],VIDEO,2026-04-21,398,80,5.025,1.231143,2,0.0
GERAL,GERAL,23761119039,[PMAX - LEGUEIROS - BS],PERFORMANCE_MAX,2026-04-17,1041,747,1.393574297188755,6.207268,15,71.0
GERAL,GERAL,23761119039,[PMAX - LEGUEIROS - BS],PERFORMANCE_MAX,2026-04-18,4757,3461,1.3744582490609651,22.091688,86,395.0
GERAL,GERAL,23761119039,[PMAX - LEGUEIROS - BS],PERFORMANCE_MAX,2026-04-19,3423,2518,1.3594122319301032,13.928252,55,245.0
GERAL,GERAL,23761119039,[PMAX - LEGUEIROS - BS],PERFORMANCE_MAX,2026-04-20,4723,3308,1.4277509068923822,22.288051,71,437.0
GERAL,GERAL,23761119039,[PMAX - LEGUEIROS - BS],PERFORMANCE_MAX,2026-04-21,6800,4729,1.4379361387185452,22.178087,90,576.0
GERAL,GERAL,23761119039,[PMAX - LEGUEIROS - BS],PERFORMANCE_MAX,2026-04-22,7028,4914,1.4301994301994303,22.288396,61,418.0
GERAL,GERAL,23761119039,[PMAX - LEGUEIROS - BS],PERFORMANCE_MAX,2026-04-23,5940,4139,1.4351292582749455,22.291476,39,354.0
GERAL,GERAL,23761119039,[PMAX - LEGUEIROS - BS],PERFORMANCE_MAX,2026-04-24,7601,5185,1.4659594985535198,22.130488,44,508.0
GERAL,GERAL,23761119039,[PMAX - LEGUEIROS - BS],PERFORMANCE_MAX,2026-04-25,6845,4525,1.5127071823204419,22.282999,71,573.0
GERAL,GERAL,23761119039,[PMAX - LEGUEIROS - BS],PERFORMANCE_MAX,2026-04-26,6701,4572,1.465660542432196,21.815658,147,564.0
GERAL,GERAL,23761119039,[PMAX - LEGUEIROS - BS],PERFORMANCE_MAX,2026-04-27,5719,3989,1.4336926548007018,19.160861,41,364.0
GERAL,GERAL,23761119039,[PMAX - LEGUEIROS - BS],PERFORMANCE_MAX,2026-04-28,7006,4864,1.4403782894736843,22.323097,48,392.0
GERAL,GERAL,23761119039,[PMAX - LEGUEIROS - BS],PERFORMANCE_MAX,2026-04-29,7011,4800,1.460625,22.412882,33,388.0
GERAL,GERAL,23761119039,[PMAX - LEGUEIROS - BS],PERFORMANCE_MAX,2026-04-30,6452,4412,1.4623753399818675,22.435169,33,377.0
GERAL,GERAL,23761119039,[PMAX - LEGUEIROS - BS],PERFORMANCE_MAX,2026-05-01,9143,6694,1.3658500149387511,22.480459,94,792.0
GERAL,GERAL,23761119039,[PMAX - LEGUEIROS - BS],PERFORMANCE_MAX,2026-05-02,5192,3768,1.3779193205944797,14.174621,77,547.0
GERAL,GERAL,23761119039,[PMAX - LEGUEIROS - BS],PERFORMANCE_MAX,2026-05-07,2670,1843,1.4487249050461204,28.296178,5,160.0
GERAL,GERAL,23761119039,[PMAX - LEGUEIROS - BS],PERFORMANCE_MAX,2026-05-08,3479,2576,1.3505434782608696,28.22372,12,225.0
GERAL,GERAL,23761119039,[PMAX - LEGUEIROS - BS],PERFORMANCE_MAX,2026-05-09,4250,2930,1.4505119453924915,28.216507,38,442.0
GERAL,GERAL,23761119039,[PMAX - LEGUEIROS - BS],PERFORMANCE_MAX,2026-05-10,3662,2718,1.3473142016188373,20.859054,38,302.0
GERAL,GERAL,23761119039,[PMAX - LEGUEIROS - BS],PERFORMANCE_MAX,2026-05-11,5772,3807,1.516154452324665,28.768883,19,360.0
GERAL,GERAL,23761119039,[PMAX - LEGUEIROS - BS],PERFORMANCE_MAX,2026-05-12,7571,4947,1.5304224782696583,28.799843,26,534.0
GERAL,GERAL,23761119039,[PMAX - LEGUEIROS - BS],PERFORMANCE_MAX,2026-05-13,7188,4721,1.5225587799195086,28.75284,40,483.0
GERAL,GERAL,23761119039,[PMAX - LEGUEIROS - BS],PERFORMANCE_MAX,2026-05-14,7460,4974,1.4997989545637314,28.803715,107,523.0
GERAL,GERAL,23761119039,[PMAX - LEGUEIROS - BS],PERFORMANCE_MAX,2026-05-15,9303,6163,1.5094921304559468,28.766533,119,755.0
GERAL,GERAL,23761119039,[PMAX - LEGUEIROS - BS],PERFORMANCE_MAX,2026-05-16,10983,7464,1.4714630225080385,28.440864,357,1217.0
GERAL,GERAL,23761119039,[PMAX - LEGUEIROS - BS],PERFORMANCE_MAX,2026-05-17,7777,5358,1.4514744307577454,25.007669,361,859.0
GERAL,GERAL,23761119039,[PMAX - LEGUEIROS - BS],PERFORMANCE_MAX,2026-05-18,8183,5355,1.5281045751633986,26.667078,173,626.0
GERAL,GERAL,23761119039,[PMAX - LEGUEIROS - BS],PERFORMANCE_MAX,2026-05-19,7773,5095,1.525613346418057,24.890253,174,510.0
GERAL,GERAL,23761119039,[PMAX - LEGUEIROS - BS],PERFORMANCE_MAX,2026-05-20,8239,5541,1.4869157191842628,31.237818,155,512.0
GERAL,GERAL,23761119039,[PMAX - LEGUEIROS - BS],PERFORMANCE_MAX,2026-05-21,8322,5660,1.4703180212014135,31.686847,197,690.0
GERAL,GERAL,23761119039,[PMAX - LEGUEIROS - BS],PERFORMANCE_MAX,2026-05-22,9066,6271,1.4457024398022644,31.778738,257,904.0
GERAL,GERAL,23761119039,[PMAX - LEGUEIROS - BS],PERFORMANCE_MAX,2026-05-23,10352,7247,1.4284531530288396,31.776755,544,1467.0
GERAL,GERAL,23782575999,[PMAX- PROMO MAES 26 - BS],PERFORMANCE_MAX,2026-04-23,403,291,1.3848797250859106,4.507231,7,23.0
GERAL,GERAL,23782575999,[PMAX- PROMO MAES 26 - BS],PERFORMANCE_MAX,2026-04-24,3613,2573,1.4041974349008939,13.410726,24,284.0
GERAL,GERAL,23782575999,[PMAX- PROMO MAES 26 - BS],PERFORMANCE_MAX,2026-04-25,4123,2690,1.5327137546468401,13.181709,90,401.0
GERAL,GERAL,23782575999,[PMAX- PROMO MAES 26 - BS],PERFORMANCE_MAX,2026-04-26,1331,966,1.3778467908902692,4.035088,13,95.0
GERAL,GERAL,23782575999,[PMAX- PROMO MAES 26 - BS],PERFORMANCE_MAX,2026-04-27,3341,2269,1.4724548259144998,13.834005,28,256.0
GERAL,GERAL,23782575999,[PMAX- PROMO MAES 26 - BS],PERFORMANCE_MAX,2026-04-28,3109,2019,1.53987122337791,13.913463,24,215.0
GERAL,GERAL,23782575999,[PMAX- PROMO MAES 26 - BS],PERFORMANCE_MAX,2026-04-29,4358,3165,1.3769352290679304,16.866917,52,293.0
GERAL,GERAL,23782575999,[PMAX- PROMO MAES 26 - BS],PERFORMANCE_MAX,2026-04-30,5960,4519,1.3188758574905952,18.489247,502,463.809523
GERAL,GERAL,23782575999,[PMAX- PROMO MAES 26 - BS],PERFORMANCE_MAX,2026-05-01,6782,4707,1.4408328022094752,18.333746,199,670.0
GERAL,GERAL,23782575999,[PMAX- PROMO MAES 26 - BS],PERFORMANCE_MAX,2026-05-02,3082,2332,1.3216123499142367,7.606361,328,317.5
GERAL,GERAL,23782575999,[PMAX- PROMO MAES 26 - BS],PERFORMANCE_MAX,2026-05-07,3745,3225,1.1612403100775195,35.249408,80,182.0
GERAL,GERAL,23782575999,[PMAX- PROMO MAES 26 - BS],PERFORMANCE_MAX,2026-05-08,4535,3388,1.338547815820543,35.194525,28,269.0
GERAL,GERAL,23782575999,[PMAX- PROMO MAES 26 - BS],PERFORMANCE_MAX,2026-05-09,5002,3473,1.4402533832421538,35.213916,90,488.0
GERAL,GERAL,23782575999,[PMAX- PROMO MAES 26 - BS],PERFORMANCE_MAX,2026-05-10,6293,4285,1.4686114352392066,35.08939,85,562.0
GERAL,GERAL,23782575999,[PMAX- PROMO MAES 26 - BS],PERFORMANCE_MAX,2026-05-11,352,285,1.2350877192982457,1.692871,6,21.0
GERAL,GERAL,23782575999,[PMAX- PROMO MAES 26 - BS],PERFORMANCE_MAX,2026-05-12,511,373,1.3699731903485255,1.698032,3,26.0
GERAL,GERAL,23782575999,[PMAX- PROMO MAES 26 - BS],PERFORMANCE_MAX,2026-05-13,509,381,1.3359580052493438,1.749739,11,30.0
GERAL,GERAL,23782575999,[PMAX- PROMO MAES 26 - BS],PERFORMANCE_MAX,2026-05-14,701,543,1.29097605893186,1.700086,9,58.0
GERAL,GERAL,23782575999,[PMAX- PROMO MAES 26 - BS],PERFORMANCE_MAX,2026-05-15,1106,856,1.2920560747663552,1.272116,29,101.0
GERAL,GERAL,23782575999,[PMAX- PROMO MAES 26 - BS],PERFORMANCE_MAX,2026-05-16,284,240,1.1833333333333333,0.51637,9,26.0
GERAL,GERAL,23782575999,[PMAX- PROMO MAES 26 - BS],PERFORMANCE_MAX,2026-05-17,373,333,1.12012012012012,0.884806,22,39.0
GERAL,GERAL,23782575999,[PMAX- PROMO MAES 26 - BS],PERFORMANCE_MAX,2026-05-18,528,455,1.1604395604395605,1.872113,16,46.0
GERAL,GERAL,23782575999,[PMAX- PROMO MAES 26 - BS],PERFORMANCE_MAX,2026-05-19,1439,1144,1.257867132867133,6.990441,27,120.0
GERAL,GERAL,23782575999,[PMAX- PROMO MAES 26 - BS],PERFORMANCE_MAX,2026-05-20,1837,1360,1.3507352941176471,8.644334,34,136.0
GERAL,GERAL,23782575999,[PMAX- PROMO MAES 26 - BS],PERFORMANCE_MAX,2026-05-21,171,133,1.2857142857142858,0.478809,1,11.0
GERAL,GERAL,23782637184,[PMAX- PROMO MAES 26 - NS],PERFORMANCE_MAX,2026-04-23,581,459,1.2657952069716776,3.510545,11,42.0
GERAL,GERAL,23782637184,[PMAX- PROMO MAES 26 - NS],PERFORMANCE_MAX,2026-04-24,2369,1919,1.2344971339239188,13.476713,11,157.0
GERAL,GERAL,23782637184,[PMAX- PROMO MAES 26 - NS],PERFORMANCE_MAX,2026-04-25,2938,2357,1.2464997878659312,9.645128,18,228.0
GERAL,GERAL,23782637184,[PMAX- PROMO MAES 26 - NS],PERFORMANCE_MAX,2026-04-26,2277,1769,1.287167891464104,8.030189,39,165.0
GERAL,GERAL,23782637184,[PMAX- PROMO MAES 26 - NS],PERFORMANCE_MAX,2026-04-27,2950,2330,1.2660944206008584,13.965898,30,187.0
GERAL,GERAL,23782637184,[PMAX- PROMO MAES 26 - NS],PERFORMANCE_MAX,2026-04-28,3117,2495,1.2492985971943888,13.921194,35,195.0
GERAL,GERAL,23782637184,[PMAX- PROMO MAES 26 - NS],PERFORMANCE_MAX,2026-04-29,2591,2082,1.2444764649375601,13.993028,28,156.0
GERAL,GERAL,23782637184,[PMAX- PROMO MAES 26 - NS],PERFORMANCE_MAX,2026-04-30,3243,2630,1.2330798479087453,14.081226,294,282.25
GERAL,GERAL,23782637184,[PMAX- PROMO MAES 26 - NS],PERFORMANCE_MAX,2026-05-01,3403,2678,1.270724421209858,13.968555,273,381.346794
GERAL,GERAL,23782637184,[PMAX- PROMO MAES 26 - NS],PERFORMANCE_MAX,2026-05-02,2081,1595,1.3047021943573667,8.558571,296,271.0
GERAL,GERAL,23782637184,[PMAX- PROMO MAES 26 - NS],PERFORMANCE_MAX,2026-05-07,1958,1696,1.1544811320754718,20.841753,47,118.0
GERAL,GERAL,23782637184,[PMAX- PROMO MAES 26 - NS],PERFORMANCE_MAX,2026-05-08,2948,2399,1.228845352230096,20.815111,30,219.0
GERAL,GERAL,23782637184,[PMAX- PROMO MAES 26 - NS],PERFORMANCE_MAX,2026-05-09,2997,2304,1.30078125,20.801067,79,362.0
GERAL,GERAL,23782637184,[PMAX- PROMO MAES 26 - NS],PERFORMANCE_MAX,2026-05-10,2503,1876,1.334221748400853,17.628485,110,295.0
GERAL,GERAL,23782637184,[PMAX- PROMO MAES 26 - NS],PERFORMANCE_MAX,2026-05-11,1155,958,1.2056367432150312,5.164537,9,82.0
GERAL,GERAL,23782637184,[PMAX- PROMO MAES 26 - NS],PERFORMANCE_MAX,2026-05-12,2451,1979,1.2385042950985345,4.804179,13,168.0
GERAL,GERAL,23782637184,[PMAX- PROMO MAES 26 - NS],PERFORMANCE_MAX,2026-05-13,2237,1824,1.2264254385964912,5.126277,18,143.0
GERAL,GERAL,23782637184,[PMAX- PROMO MAES 26 - NS],PERFORMANCE_MAX,2026-05-14,2141,1729,1.2382880277617119,3.92173,6,133.0
GERAL,GERAL,23782637184,[PMAX- PROMO MAES 26 - NS],PERFORMANCE_MAX,2026-05-15,2387,1937,1.232318017552917,5.199878,7,166.0
GERAL,GERAL,23782637184,[PMAX- PROMO MAES 26 - NS],PERFORMANCE_MAX,2026-05-16,2548,2035,1.252088452088452,5.210975,26,259.0
GERAL,GERAL,23782637184,[PMAX- PROMO MAES 26 - NS],PERFORMANCE_MAX,2026-05-17,2223,1742,1.2761194029850746,5.183099,76,278.5
GERAL,GERAL,23782637184,[PMAX- PROMO MAES 26 - NS],PERFORMANCE_MAX,2026-05-18,2037,1605,1.2691588785046728,3.840145,15,155.0
GERAL,GERAL,23782637184,[PMAX- PROMO MAES 26 - NS],PERFORMANCE_MAX,2026-05-19,2748,2177,1.2622875516766192,8.79633,16,188.0
GERAL,GERAL,23782637184,[PMAX- PROMO MAES 26 - NS],PERFORMANCE_MAX,2026-05-20,4188,3332,1.2569027611044419,26.74438,25,221.0
GERAL,GERAL,23782637184,[PMAX- PROMO MAES 26 - NS],PERFORMANCE_MAX,2026-05-21,671,571,1.1751313485113835,3.137717,3,40.0
GERAL,GERAL,23782725483,[GEN - PROMO MAES - CS],DEMAND_GEN,2026-04-23,4170,2601,1.6036139946174548,7.765763,130,5.0
GERAL,GERAL,23782725483,[GEN - PROMO MAES - CS],DEMAND_GEN,2026-04-24,11201,5551,2.019095658439921,26.91851,408,8.0
GERAL,GERAL,23782725483,[GEN - PROMO MAES - CS],DEMAND_GEN,2026-04-25,12199,5839,2.0902551806816234,26.936923,429,18.0
GERAL,GERAL,23782725483,[GEN - PROMO MAES - CS],DEMAND_GEN,2026-04-26,12148,5778,2.1033229491173415,26.729066,449,18.74597
GERAL,GERAL,23782725483,[GEN - PROMO MAES - CS],DEMAND_GEN,2026-04-27,11451,5725,2.000873362445415,26.846947,417,17.0
GERAL,GERAL,23782725483,[GEN - PROMO MAES - CS],DEMAND_GEN,2026-04-28,10493,5252,1.9986671744097486,26.851763,432,9.91992
GERAL,GERAL,23782725483,[GEN - PROMO MAES - CS],DEMAND_GEN,2026-04-29,4603,3348,1.3751493428912784,35.238839,120,7.0
GERAL,GERAL,23782725483,[GEN - PROMO MAES - CS],DEMAND_GEN,2026-04-30,11290,5755,1.9617723718505646,35.265697,260,19.469933
GERAL,GERAL,23782725483,[GEN - PROMO MAES - CS],DEMAND_GEN,2026-05-01,11684,6329,1.846105229894138,34.976512,357,30.0
GERAL,GERAL,23782725483,[GEN - PROMO MAES - CS],DEMAND_GEN,2026-05-02,2887,2209,1.3069262109551834,16.974276,134,11.0
GERAL,GERAL,23782725483,[GEN - PROMO MAES - CS],DEMAND_GEN,2026-05-04,270,269,1.003717472118959,11.174581,9,1.0
GERAL,GERAL,23782725483,[GEN - PROMO MAES - CS],DEMAND_GEN,2026-05-05,128,129,0.9922480620155039,6.723113,2,0.0
GERAL,GERAL,23782725483,[GEN - PROMO MAES - CS],DEMAND_GEN,2026-05-07,2596,2214,1.1725383920505872,67.655935,62,3.0
GERAL,GERAL,23782725483,[GEN - PROMO MAES - CS],DEMAND_GEN,2026-05-08,5304,4547,1.1664833956454805,99.130275,132,13.0
GERAL,GERAL,23782725483,[GEN - PROMO MAES - CS],DEMAND_GEN,2026-05-09,6341,5203,1.2187199692485104,51.032581,170,9.0
GERAL,GERAL,23782725483,[GEN - PROMO MAES - CS],DEMAND_GEN,2026-05-10,12242,7269,1.6841381207869033,49.784759,338,29.0
GERAL,GERAL,23782725483,[GEN - PROMO MAES - CS],DEMAND_GEN,2026-05-11,2757,2185,1.2617848970251717,12.318318,83,2.0
GERAL,GERAL,23782770933,[GEN - PROMO MAES - NS],DEMAND_GEN,2026-04-23,3504,2048,1.71142578125,7.407929,100,2.0
GERAL,GERAL,23782770933,[GEN - PROMO MAES - NS],DEMAND_GEN,2026-04-24,9280,4515,2.0564784053156147,26.946838,363,20.0
GERAL,GERAL,23782770933,[GEN - PROMO MAES - NS],DEMAND_GEN,2026-04-25,11261,5137,2.1923301537862567,26.953698,456,21.0
GERAL,GERAL,23782770933,[GEN - PROMO MAES - NS],DEMAND_GEN,2026-04-26,10797,4961,2.1769804474904255,26.73312,446,19.172347
GERAL,GERAL,23782770933,[GEN - PROMO MAES - NS],DEMAND_GEN,2026-04-27,9251,4796,1.9301501251042537,26.877993,420,17.0
GERAL,GERAL,23782770933,[GEN - PROMO MAES - NS],DEMAND_GEN,2026-04-28,9105,4614,1.9733420026007802,26.834169,418,19.5
GERAL,GERAL,23782770933,[GEN - PROMO MAES - NS],DEMAND_GEN,2026-04-29,3120,2322,1.3440999138673557,27.557964,107,14.0
GERAL,GERAL,23782770933,[GEN - PROMO MAES - NS],DEMAND_GEN,2026-04-30,5585,3186,1.7529817953546767,15.242138,117,9.0
GERAL,GERAL,23782770933,[GEN - PROMO MAES - NS],DEMAND_GEN,2026-05-01,2917,2113,1.3805016564126833,15.840192,64,4.0
GERAL,GERAL,23782770933,[GEN - PROMO MAES - NS],DEMAND_GEN,2026-05-02,4222,3090,1.3663430420711975,20.896301,136,7.0
GERAL,GERAL,23782770933,[GEN - PROMO MAES - NS],DEMAND_GEN,2026-05-07,1781,1681,1.0594883997620463,42.552992,38,3.0
GERAL,GERAL,23782770933,[GEN - PROMO MAES - NS],DEMAND_GEN,2026-05-08,4227,3201,1.3205248359887536,42.695927,119,9.0
GERAL,GERAL,23782770933,[GEN - PROMO MAES - NS],DEMAND_GEN,2026-05-09,9903,6031,1.6420162493782127,41.880274,262,17.323376
GERAL,GERAL,23782770933,[GEN - PROMO MAES - NS],DEMAND_GEN,2026-05-10,8827,5329,1.6564083317695628,41.814653,312,31.160961
GERAL,GERAL,23782770933,[GEN - PROMO MAES - NS],DEMAND_GEN,2026-05-11,2870,2100,1.3666666666666667,15.117209,113,8.0
GERAL,GERAL,23782770933,[GEN - PROMO MAES - NS],DEMAND_GEN,2026-05-12,3240,2063,1.5705283567619972,9.716092,84,6.851356
GERAL,GERAL,23782770933,[GEN - PROMO MAES - NS],DEMAND_GEN,2026-05-13,3271,2209,1.4807605251244906,9.716177,97,8.687803
GERAL,GERAL,23782770933,[GEN - PROMO MAES - NS],DEMAND_GEN,2026-05-14,3656,2321,1.5751831107281344,9.675448,128,11.815902
GERAL,GERAL,23782770933,[GEN - PROMO MAES - NS],DEMAND_GEN,2026-05-15,4606,2724,1.6908957415565344,9.65409,102,10.5
GERAL,GERAL,23782770933,[GEN - PROMO MAES - NS],DEMAND_GEN,2026-05-16,5164,3128,1.6508951406649617,9.736881,111,16.0
GERAL,GERAL,23782770933,[GEN - PROMO MAES - NS],DEMAND_GEN,2026-05-17,5005,3186,1.5709353421217829,9.736662,113,15.0
GERAL,GERAL,23782770933,[GEN - PROMO MAES - NS],DEMAND_GEN,2026-05-18,4217,2664,1.582957957957958,9.747838,105,7.5
GERAL,GERAL,23782770933,[GEN - PROMO MAES - NS],DEMAND_GEN,2026-05-19,4164,2534,1.6432517758484608,9.75617,101,8.5
GERAL,GERAL,23782770933,[GEN - PROMO MAES - NS],DEMAND_GEN,2026-05-20,4522,2881,1.569593891010066,9.735161,105,10.0
GERAL,GERAL,23782770933,[GEN - PROMO MAES - NS],DEMAND_GEN,2026-05-21,567,463,1.224622030237581,1.285375,12,0.0
GERAL,GERAL,23787920057,[PMAX- PROMO MAES 26 - CS],PERFORMANCE_MAX,2026-04-23,1889,1387,1.3619322278298487,4.454296,2,37.0
GERAL,GERAL,23787920057,[PMAX- PROMO MAES 26 - CS],PERFORMANCE_MAX,2026-04-24,5433,3922,1.3852626211116776,13.370979,18,147.0
GERAL,GERAL,23787920057,[PMAX- PROMO MAES 26 - CS],PERFORMANCE_MAX,2026-04-25,5237,3720,1.407795698924731,9.743527,11,127.0
GERAL,GERAL,23787920057,[PMAX- PROMO MAES 26 - CS],PERFORMANCE_MAX,2026-04-26,609,417,1.460431654676259,1.561224,6,14.0
GERAL,GERAL,23787920057,[PMAX- PROMO MAES 26 - CS],PERFORMANCE_MAX,2026-04-27,3099,2348,1.31984667802385,14.262413,20,86.0
GERAL,GERAL,23787920057,[PMAX- PROMO MAES 26 - CS],PERFORMANCE_MAX,2026-04-28,3092,2467,1.253344142683421,11.946203,29,73.0
GERAL,GERAL,23787920057,[PMAX- PROMO MAES 26 - CS],PERFORMANCE_MAX,2026-04-29,2026,1644,1.232360097323601,14.399141,28,56.0
GERAL,GERAL,23787920057,[PMAX- PROMO MAES 26 - CS],PERFORMANCE_MAX,2026-04-30,2556,2085,1.2258992805755395,14.429961,441,162.275103
GERAL,GERAL,23787920057,[PMAX- PROMO MAES 26 - CS],PERFORMANCE_MAX,2026-05-01,2830,2230,1.2690582959641257,14.400448,828,306.6567
GERAL,GERAL,23787920057,[PMAX- PROMO MAES 26 - CS],PERFORMANCE_MAX,2026-05-02,1407,1217,1.1561216105176664,7.731576,649,197.833334
GERAL,GERAL,23787920057,[PMAX- PROMO MAES 26 - CS],PERFORMANCE_MAX,2026-05-07,2094,1686,1.2419928825622777,21.62776,92,75.333334
GERAL,GERAL,23787920057,[PMAX- PROMO MAES 26 - CS],PERFORMANCE_MAX,2026-05-08,2559,1982,1.2911200807265388,21.800894,26,59.0
GERAL,GERAL,23787920057,[PMAX- PROMO MAES 26 - CS],PERFORMANCE_MAX,2026-05-09,1589,1283,1.2385035074045208,21.575486,76,94.0
GERAL,GERAL,23787920057,[PMAX- PROMO MAES 26 - CS],PERFORMANCE_MAX,2026-05-10,2087,1673,1.2474596533173938,18.168949,60,103.0
GERAL,GERAL,23787920057,[PMAX- PROMO MAES 26 - CS],PERFORMANCE_MAX,2026-05-11,1014,842,1.2042755344418052,5.346902,15,30.0
GERAL,GERAL,23787920057,[PMAX- PROMO MAES 26 - CS],PERFORMANCE_MAX,2026-05-12,4497,3690,1.21869918699187,5.288822,13,91.0
GERAL,GERAL,23787920057,[PMAX- PROMO MAES 26 - CS],PERFORMANCE_MAX,2026-05-13,1284,1156,1.1107266435986158,5.650615,6,40.0
GERAL,GERAL,23787920057,[PMAX- PROMO MAES 26 - CS],PERFORMANCE_MAX,2026-05-14,404,344,1.1744186046511629,5.288645,7,23.0
GERAL,GERAL,23787920057,[PMAX- PROMO MAES 26 - CS],PERFORMANCE_MAX,2026-05-15,428,375,1.1413333333333333,4.07365,6,23.0
GERAL,GERAL,23787920057,[PMAX- PROMO MAES 26 - CS],PERFORMANCE_MAX,2026-05-16,626,532,1.1766917293233083,3.5352,16,14.0
GERAL,GERAL,23787920057,[PMAX- PROMO MAES 26 - CS],PERFORMANCE_MAX,2026-05-17,437,381,1.146981627296588,4.072184,15,12.0
GERAL,GERAL,23787920057,[PMAX- PROMO MAES 26 - CS],PERFORMANCE_MAX,2026-05-18,614,573,1.0715532286212914,3.428489,11,5.0
GERAL,GERAL,23787920057,[PMAX- PROMO MAES 26 - CS],PERFORMANCE_MAX,2026-05-19,758,707,1.072135785007072,11.944703,32,12.0
GERAL,GERAL,23787920057,[PMAX- PROMO MAES 26 - CS],PERFORMANCE_MAX,2026-05-20,1405,1252,1.1222044728434504,12.848833,39,27.0
GERAL,GERAL,23787920057,[PMAX- PROMO MAES 26 - CS],PERFORMANCE_MAX,2026-05-21,943,888,1.061936936936937,10.63352,28,15.0
GERAL,GERAL,23787937085,[PMAX- PROMO MAES 26 - GS],PERFORMANCE_MAX,2026-04-23,836,585,1.429059829059829,4.275279,10,35.0
GERAL,GERAL,23787937085,[PMAX- PROMO MAES 26 - GS],PERFORMANCE_MAX,2026-04-24,1503,1143,1.31496062992126,8.5064,9,81.0
GERAL,GERAL,23787937085,[PMAX- PROMO MAES 26 - GS],PERFORMANCE_MAX,2026-04-25,1905,1504,1.266622340425532,10.577316,20,118.0
GERAL,GERAL,23787937085,[PMAX- PROMO MAES 26 - GS],PERFORMANCE_MAX,2026-04-26,1631,1303,1.251726784343822,11.995586,33,112.0
GERAL,GERAL,23787937085,[PMAX- PROMO MAES 26 - GS],PERFORMANCE_MAX,2026-04-27,1826,1356,1.3466076696165192,14.030333,18,107.0
GERAL,GERAL,23787937085,[PMAX- PROMO MAES 26 - GS],PERFORMANCE_MAX,2026-04-28,1996,1405,1.4206405693950177,11.008756,18,112.0
GERAL,GERAL,23787937085,[PMAX- PROMO MAES 26 - GS],PERFORMANCE_MAX,2026-04-29,1843,1527,1.2069417157825801,14.106609,25,107.0
GERAL,GERAL,23787937085,[PMAX- PROMO MAES 26 - GS],PERFORMANCE_MAX,2026-04-30,2619,2081,1.2585295530994713,12.93534,257,192.0
GERAL,GERAL,23787937085,[PMAX- PROMO MAES 26 - GS],PERFORMANCE_MAX,2026-05-01,3247,2082,1.5595581171950048,14.193565,835,469.916666
GERAL,GERAL,23787937085,[PMAX- PROMO MAES 26 - GS],PERFORMANCE_MAX,2026-05-02,1837,1187,1.5475989890480202,6.113008,457,231.533333
GERAL,GERAL,23787937085,[PMAX- PROMO MAES 26 - GS],PERFORMANCE_MAX,2026-05-07,2481,2207,1.1241504304485728,21.451913,51,91.311111
GERAL,GERAL,23787937085,[PMAX- PROMO MAES 26 - GS],PERFORMANCE_MAX,2026-05-08,1744,1434,1.2161785216178522,21.419864,28,94.0
GERAL,GERAL,23787937085,[PMAX- PROMO MAES 26 - GS],PERFORMANCE_MAX,2026-05-09,1016,825,1.2315151515151515,21.52723,59,108.0
GERAL,GERAL,23787937085,[PMAX- PROMO MAES 26 - GS],PERFORMANCE_MAX,2026-05-10,1783,1405,1.2690391459074732,17.512877,65,162.5
GERAL,GERAL,23787937085,[PMAX- PROMO MAES 26 - GS],PERFORMANCE_MAX,2026-05-11,819,595,1.3764705882352941,5.592809,10,57.0
GERAL,GERAL,23787937085,[PMAX- PROMO MAES 26 - GS],PERFORMANCE_MAX,2026-05-12,2929,2200,1.3313636363636363,4.972567,28,152.5
GERAL,GERAL,23787937085,[PMAX- PROMO MAES 26 - GS],PERFORMANCE_MAX,2026-05-13,818,685,1.1941605839416058,5.476848,6,33.0
GERAL,GERAL,23787937085,[PMAX- PROMO MAES 26 - GS],PERFORMANCE_MAX,2026-05-14,815,704,1.1576704545454546,5.276329,5,12.640685
GERAL,GERAL,23787937085,[PMAX- PROMO MAES 26 - GS],PERFORMANCE_MAX,2026-05-15,467,424,1.1014150943396226,4.689968,3,18.0
GERAL,GERAL,23787937085,[PMAX- PROMO MAES 26 - GS],PERFORMANCE_MAX,2026-05-16,275,259,1.0617760617760619,3.446636,8,17.0
GERAL,GERAL,23787937085,[PMAX- PROMO MAES 26 - GS],PERFORMANCE_MAX,2026-05-17,195,189,1.0317460317460319,2.593502,4,7.0
GERAL,GERAL,23787937085,[PMAX- PROMO MAES 26 - GS],PERFORMANCE_MAX,2026-05-18,380,358,1.0614525139664805,4.802539,7,18.0
GERAL,GERAL,23787937085,[PMAX- PROMO MAES 26 - GS],PERFORMANCE_MAX,2026-05-19,698,630,1.107936507936508,7.515264,5,8.0
GERAL,GERAL,23787937085,[PMAX- PROMO MAES 26 - GS],PERFORMANCE_MAX,2026-05-20,1102,1011,1.0900098911968348,21.814608,15,19.596225
GERAL,GERAL,23787937085,[PMAX- PROMO MAES 26 - GS],PERFORMANCE_MAX,2026-05-21,409,375,1.0906666666666667,13.75478,11,7.094015
GERAL,GERAL,23787945764,[PMAX- PROMO MAES 26 - NR],PERFORMANCE_MAX,2026-04-23,719,571,1.2591943957968477,3.515981,3,26.0
GERAL,GERAL,23787945764,[PMAX- PROMO MAES 26 - NR],PERFORMANCE_MAX,2026-04-24,1673,1379,1.2131979695431472,11.494807,6,81.0
GERAL,GERAL,23787945764,[PMAX- PROMO MAES 26 - NR],PERFORMANCE_MAX,2026-04-25,2048,1701,1.203997648442093,13.578157,27,126.0
GERAL,GERAL,23787945764,[PMAX- PROMO MAES 26 - NR],PERFORMANCE_MAX,2026-04-26,1115,919,1.2132752992383025,7.019412,22,62.0
GERAL,GERAL,23787945764,[PMAX- PROMO MAES 26 - NR],PERFORMANCE_MAX,2026-04-27,2041,1631,1.251379521765788,13.910837,18,85.0
GERAL,GERAL,23787945764,[PMAX- PROMO MAES 26 - NR],PERFORMANCE_MAX,2026-04-28,1855,1490,1.24496644295302,13.932882,12,77.0
GERAL,GERAL,23787945764,[PMAX- PROMO MAES 26 - NR],PERFORMANCE_MAX,2026-04-29,2210,1872,1.1805555555555556,13.954984,9,74.0
GERAL,GERAL,23787945764,[PMAX- PROMO MAES 26 - NR],PERFORMANCE_MAX,2026-04-30,2514,2231,1.1268489466606904,14.032339,48,88.5
GERAL,GERAL,23787945764,[PMAX- PROMO MAES 26 - NR],PERFORMANCE_MAX,2026-05-01,3276,2640,1.240909090909091,13.901583,197,221.0
GERAL,GERAL,23787945764,[PMAX- PROMO MAES 26 - NR],PERFORMANCE_MAX,2026-05-02,1767,1411,1.2523033309709426,8.498567,99,125.0
GERAL,GERAL,23787945764,[PMAX- PROMO MAES 26 - NR],PERFORMANCE_MAX,2026-05-05,55,52,1.0576923076923077,0.185537,0,0.0
GERAL,GERAL,23787945764,[PMAX- PROMO MAES 26 - NR],PERFORMANCE_MAX,2026-05-06,99,108,0.9166666666666666,0.609859,2,1.0
GERAL,GERAL,23787945764,[PMAX- PROMO MAES 26 - NR],PERFORMANCE_MAX,2026-05-07,2748,2621,1.04845478824876,20.719595,18,57.0
GERAL,GERAL,23787945764,[PMAX- PROMO MAES 26 - NR],PERFORMANCE_MAX,2026-05-08,3079,2607,1.1810510164940544,20.691812,16,108.0
GERAL,GERAL,23787945764,[PMAX- PROMO MAES 26 - NR],PERFORMANCE_MAX,2026-05-09,3034,2576,1.1777950310559007,20.66909,27,228.0
GERAL,GERAL,23787945764,[PMAX- PROMO MAES 26 - NR],PERFORMANCE_MAX,2026-05-10,2600,2130,1.2206572769953052,15.559672,38,166.0
GERAL,GERAL,23787945764,[PMAX- PROMO MAES 26 - NR],PERFORMANCE_MAX,2026-05-11,1238,1042,1.1880998080614202,5.318542,3,35.0
GERAL,GERAL,23787945764,[PMAX- PROMO MAES 26 - NR],PERFORMANCE_MAX,2026-05-12,2498,2118,1.1794145420207742,5.255946,16,106.0
GERAL,GERAL,23787945764,[PMAX- PROMO MAES 26 - NR],PERFORMANCE_MAX,2026-05-13,2437,2104,1.1582699619771863,5.155702,7,95.0
GERAL,GERAL,23787945764,[PMAX- PROMO MAES 26 - NR],PERFORMANCE_MAX,2026-05-14,1857,1612,1.151985111662531,4.202659,16,90.0
GERAL,GERAL,23787945764,[PMAX- PROMO MAES 26 - NR],PERFORMANCE_MAX,2026-05-15,2641,2281,1.1578255151249452,5.220422,14,127.0
GERAL,GERAL,23787945764,[PMAX- PROMO MAES 26 - NR],PERFORMANCE_MAX,2026-05-16,2270,1898,1.195995785036881,5.222781,26,175.0
GERAL,GERAL,23787945764,[PMAX- PROMO MAES 26 - NR],PERFORMANCE_MAX,2026-05-17,1155,1013,1.140177690029615,2.136207,16,80.0
GERAL,GERAL,23787945764,[PMAX- PROMO MAES 26 - NR],PERFORMANCE_MAX,2026-05-18,1669,1442,1.1574202496532593,4.84652,13,92.0
GERAL,GERAL,23787945764,[PMAX- PROMO MAES 26 - NR],PERFORMANCE_MAX,2026-05-19,801,666,1.2027027027027026,3.883956,8,38.0
GERAL,GERAL,23787945764,[PMAX- PROMO MAES 26 - NR],PERFORMANCE_MAX,2026-05-20,4839,3775,1.2818543046357616,33.774542,8,156.806247
GERAL,GERAL,23787945764,[PMAX- PROMO MAES 26 - NR],PERFORMANCE_MAX,2026-05-21,1668,1414,1.1796322489391797,7.090882,4,63.0
GERAL,GERAL,23787957020,[PMAX- PROMO MAES 26 - NK],PERFORMANCE_MAX,2026-04-23,914,672,1.3601190476190477,3.777121,5,47.0
GERAL,GERAL,23787957020,[PMAX- PROMO MAES 26 - NK],PERFORMANCE_MAX,2026-04-24,4586,3259,1.407180116600184,13.434585,20,280.0
GERAL,GERAL,23787957020,[PMAX- PROMO MAES 26 - NK],PERFORMANCE_MAX,2026-04-25,5446,3823,1.4245357049437615,9.738746,25,380.0
GERAL,GERAL,23787957020,[PMAX- PROMO MAES 26 - NK],PERFORMANCE_MAX,2026-04-26,2992,2125,1.408,5.870606,20,176.0
GERAL,GERAL,23787957020,[PMAX- PROMO MAES 26 - NK],PERFORMANCE_MAX,2026-04-27,4091,3024,1.3528439153439153,14.061257,20,232.0
GERAL,GERAL,23787957020,[PMAX- PROMO MAES 26 - NK],PERFORMANCE_MAX,2026-04-28,4856,3468,1.400230680507497,14.033559,20,236.0
GERAL,GERAL,23787957020,[PMAX- PROMO MAES 26 - NK],PERFORMANCE_MAX,2026-04-29,4662,3358,1.388326384752829,13.764167,14,215.0
GERAL,GERAL,23787957020,[PMAX- PROMO MAES 26 - NK],PERFORMANCE_MAX,2026-04-30,355,314,1.1305732484076434,1.533407,59,34.0
GERAL,GERAL,23787957020,[PMAX- PROMO MAES 26 - NK],PERFORMANCE_MAX,2026-05-01,1236,914,1.3522975929978118,14.980205,163,92.135428
GERAL,GERAL,23787957020,[PMAX- PROMO MAES 26 - NK],PERFORMANCE_MAX,2026-05-02,1351,1047,1.2903533906399236,14.673498,270,107.0
GERAL,GERAL,23787957020,[PMAX- PROMO MAES 26 - NK],PERFORMANCE_MAX,2026-05-07,344,258,1.3333333333333333,21.773461,35,29.0
GERAL,GERAL,23787957020,[PMAX- PROMO MAES 26 - NK],PERFORMANCE_MAX,2026-05-08,2896,2273,1.2740871095468544,21.579446,7,174.0
GERAL,GERAL,23787957020,[PMAX- PROMO MAES 26 - NK],PERFORMANCE_MAX,2026-05-09,3873,2782,1.3921639108554997,21.597122,30,304.0
GERAL,GERAL,23787957020,[PMAX- PROMO MAES 26 - NK],PERFORMANCE_MAX,2026-05-10,4220,2963,1.4242321970975362,17.912021,46,286.5
GERAL,GERAL,23787957020,[PMAX- PROMO MAES 26 - NK],PERFORMANCE_MAX,2026-05-11,1466,1111,1.3195319531953196,5.315915,6,65.0
GERAL,GERAL,23787957020,[PMAX- PROMO MAES 26 - NK],PERFORMANCE_MAX,2026-05-12,4798,3397,1.4124227259346482,5.313483,16,266.5
GERAL,GERAL,23787957020,[PMAX- PROMO MAES 26 - NK],PERFORMANCE_MAX,2026-05-13,3973,2908,1.3662310866574965,5.319114,15,222.0
GERAL,GERAL,23787957020,[PMAX- PROMO MAES 26 - NK],PERFORMANCE_MAX,2026-05-14,3603,2583,1.3948896631823462,5.329246,15,192.0
GERAL,GERAL,23787957020,[PMAX- PROMO MAES 26 - NK],PERFORMANCE_MAX,2026-05-15,4629,3200,1.4465625,5.321335,23,288.0
GERAL,GERAL,23787957020,[PMAX- PROMO MAES 26 - NK],PERFORMANCE_MAX,2026-05-16,4170,3011,1.3849219528395882,4.117336,19,315.0
GERAL,GERAL,23787957020,[PMAX- PROMO MAES 26 - NK],PERFORMANCE_MAX,2026-05-17,2624,1937,1.3546721734641198,3.443501,29,183.0
GERAL,GERAL,23787957020,[PMAX- PROMO MAES 26 - NK],PERFORMANCE_MAX,2026-05-18,3860,2700,1.4296296296296296,5.555083,21,234.0
GERAL,GERAL,23787957020,[PMAX- PROMO MAES 26 - NK],PERFORMANCE_MAX,2026-05-19,5204,3643,1.428493000274499,11.399958,29,270.0
GERAL,GERAL,23787957020,[PMAX- PROMO MAES 26 - NK],PERFORMANCE_MAX,2026-05-20,7218,5088,1.4186320754716981,25.915061,17,356.0
GERAL,GERAL,23787957020,[PMAX- PROMO MAES 26 - NK],PERFORMANCE_MAX,2026-05-21,1299,1012,1.283596837944664,4.280341,4,80.0
GERAL,GERAL,23788059056,[GEN - PROMO MAES - BS],DEMAND_GEN,2026-04-23,4214,2425,1.7385567010309277,8.000718,128,5.0
GERAL,GERAL,23788059056,[GEN - PROMO MAES - BS],DEMAND_GEN,2026-04-24,10597,5232,2.025993883792049,26.927611,375,14.5
GERAL,GERAL,23788059056,[GEN - PROMO MAES - BS],DEMAND_GEN,2026-04-25,10661,5914,1.8028407169428475,26.898342,423,17.5
GERAL,GERAL,23788059056,[GEN - PROMO MAES - BS],DEMAND_GEN,2026-04-26,10824,5822,1.8596702164204741,26.784772,410,19.386989
GERAL,GERAL,23788059056,[GEN - PROMO MAES - BS],DEMAND_GEN,2026-04-27,9517,5566,1.7098454904779015,26.809232,415,29.0
GERAL,GERAL,23788059056,[GEN - PROMO MAES - BS],DEMAND_GEN,2026-04-28,9647,5563,1.7341362574150638,26.876522,419,22.0
GERAL,GERAL,23788059056,[GEN - PROMO MAES - BS],DEMAND_GEN,2026-04-29,3674,2889,1.2717203184492905,35.234183,116,10.0
GERAL,GERAL,23788059056,[GEN - PROMO MAES - BS],DEMAND_GEN,2026-04-30,9940,5343,1.860378064757627,35.131687,323,48.418475
GERAL,GERAL,23788059056,[GEN - PROMO MAES - BS],DEMAND_GEN,2026-05-01,9818,5508,1.7824981844589687,35.292357,332,49.012284
GERAL,GERAL,23788059056,[GEN - PROMO MAES - BS],DEMAND_GEN,2026-05-02,2806,2146,1.3075489282385835,18.723849,140,9.0
GERAL,GERAL,23788059056,[GEN - PROMO MAES - BS],DEMAND_GEN,2026-05-04,56,50,1.12,0.072972,0,0.0
GERAL,GERAL,23788059056,[GEN - PROMO MAES - BS],DEMAND_GEN,2026-05-07,610,602,1.0132890365448506,81.910252,19,3.0
GERAL,GERAL,23788059056,[GEN - PROMO MAES - BS],DEMAND_GEN,2026-05-08,3002,2654,1.1311228334589298,108.068252,99,7.0
GERAL,GERAL,23788059056,[GEN - PROMO MAES - BS],DEMAND_GEN,2026-05-09,7888,5296,1.4894259818731117,47.965875,253,19.010801
GERAL,GERAL,23788059056,[GEN - PROMO MAES - BS],DEMAND_GEN,2026-05-10,10804,5527,1.9547675049755744,47.832564,324,59.976915
GERAL,GERAL,23788059056,[GEN - PROMO MAES - BS],DEMAND_GEN,2026-05-11,2230,1595,1.3981191222570533,12.550842,66,3.0
GERAL,GERAL,23788059056,[GEN - PROMO MAES - BS],DEMAND_GEN,2026-05-12,365,270,1.3518518518518519,1.585871,19,3.0
GERAL,GERAL,23788059056,[GEN - PROMO MAES - BS],DEMAND_GEN,2026-05-13,410,306,1.3398692810457515,1.704217,7,2.0
GERAL,GERAL,23788059056,[GEN - PROMO MAES - BS],DEMAND_GEN,2026-05-14,496,381,1.3018372703412073,1.747464,22,3.0
GERAL,GERAL,23788059056,[GEN - PROMO MAES - BS],DEMAND_GEN,2026-05-15,865,538,1.6078066914498141,1.734916,22,4.0
GERAL,GERAL,23788059056,[GEN - PROMO MAES - BS],DEMAND_GEN,2026-05-16,988,622,1.5884244372990353,1.780515,36,9.0
GERAL,GERAL,23788059056,[GEN - PROMO MAES - BS],DEMAND_GEN,2026-05-17,988,622,1.5884244372990353,1.818513,19,4.0
GERAL,GERAL,23788059056,[GEN - PROMO MAES - BS],DEMAND_GEN,2026-05-18,733,480,1.5270833333333333,1.821527,16,2.0
GERAL,GERAL,23788059056,[GEN - PROMO MAES - BS],DEMAND_GEN,2026-05-19,765,474,1.6139240506329113,1.821914,26,3.0
GERAL,GERAL,23788059056,[GEN - PROMO MAES - BS],DEMAND_GEN,2026-05-20,920,555,1.6576576576576576,1.828564,27,7.0
GERAL,GERAL,23788059056,[GEN - PROMO MAES - BS],DEMAND_GEN,2026-05-21,106,89,1.1910112359550562,0.245816,2,0.0
GERAL,GERAL,23788073459,[GEN - PROMO MAES - GS],DEMAND_GEN,2026-04-23,3321,2026,1.6396841066140178,7.62834,142,1.0
GERAL,GERAL,23788073459,[GEN - PROMO MAES - GS],DEMAND_GEN,2026-04-24,9123,4687,1.9468743332622147,26.935511,446,12.0
GERAL,GERAL,23788073459,[GEN - PROMO MAES - GS],DEMAND_GEN,2026-04-25,11014,5142,2.1433294437961883,26.94087,457,11.0
GERAL,GERAL,23788073459,[GEN - PROMO MAES - GS],DEMAND_GEN,2026-04-26,10359,4877,2.1265122001230266,26.713805,485,11.0
GERAL,GERAL,23788073459,[GEN - PROMO MAES - GS],DEMAND_GEN,2026-04-27,8959,4525,1.9807734806629835,26.922048,496,14.808564
GERAL,GERAL,23788073459,[GEN - PROMO MAES - GS],DEMAND_GEN,2026-04-28,8289,4318,1.9205650764242705,26.805988,420,16.0
GERAL,GERAL,23788073459,[GEN - PROMO MAES - GS],DEMAND_GEN,2026-04-29,3561,2677,1.330593948449757,35.018175,109,7.0
GERAL,GERAL,23788073459,[GEN - PROMO MAES - GS],DEMAND_GEN,2026-04-30,10379,5545,1.871776375112714,35.289248,304,24.167115
GERAL,GERAL,23788073459,[GEN - PROMO MAES - GS],DEMAND_GEN,2026-05-01,9861,5990,1.6462437395659433,35.086481,378,17.0
GERAL,GERAL,23788073459,[GEN - PROMO MAES - GS],DEMAND_GEN,2026-05-02,3489,2649,1.3171007927519818,17.406866,165,8.0
GERAL,GERAL,23788073459,[GEN - PROMO MAES - GS],DEMAND_GEN,2026-05-04,76,80,0.95,0.102965,0,0.0
GERAL,GERAL,23788073459,[GEN - PROMO MAES - GS],DEMAND_GEN,2026-05-07,802,779,1.0295250320924263,121.947366,18,0.0
GERAL,GERAL,23788073459,[GEN - PROMO MAES - GS],DEMAND_GEN,2026-05-08,2945,2779,1.0597337171644476,125.727738,73,6.0
GERAL,GERAL,23788073459,[GEN - PROMO MAES - GS],DEMAND_GEN,2026-05-09,3204,2955,1.084263959390863,71.670216,85,2.0
GERAL,GERAL,23788073459,[GEN - PROMO MAES - GS],DEMAND_GEN,2026-05-10,962,900,1.068888888888889,8.650849,38,0.0
GERAL,GERAL,23788073459,[GEN - PROMO MAES - GS],DEMAND_GEN,2026-05-11,5391,3554,1.5168823860438942,18.83551,171,6.0
GERAL,GERAL,23788073459,[GEN - PROMO MAES - GS],DEMAND_GEN,2026-05-12,6986,4133,1.690297604645536,18.850904,201,14.0
GERAL,GERAL,23788073459,[GEN - PROMO MAES - GS],DEMAND_GEN,2026-05-13,7022,4111,1.7081002189248358,18.973994,196,13.0
GERAL,GERAL,23788073459,[GEN - PROMO MAES - GS],DEMAND_GEN,2026-05-14,6428,3774,1.703232644409115,18.944472,180,7.507548
GERAL,GERAL,23788073459,[GEN - PROMO MAES - GS],DEMAND_GEN,2026-05-15,5276,3342,1.5786953919808497,18.964763,221,11.0
GERAL,GERAL,23788073459,[GEN - PROMO MAES - GS],DEMAND_GEN,2026-05-16,6621,4399,1.5051147988179132,18.998389,242,16.5
GERAL,GERAL,23788073459,[GEN - PROMO MAES - GS],DEMAND_GEN,2026-05-17,5194,3455,1.503328509406657,19.00614,196,18.0
GERAL,GERAL,23788073459,[GEN - PROMO MAES - GS],DEMAND_GEN,2026-05-18,5651,3435,1.6451237263464338,18.985077,179,8.5
GERAL,GERAL,23788073459,[GEN - PROMO MAES - GS],DEMAND_GEN,2026-05-19,5820,3396,1.7137809187279152,18.994041,219,17.611779
GERAL,GERAL,23788073459,[GEN - PROMO MAES - GS],DEMAND_GEN,2026-05-20,6453,3762,1.715311004784689,18.993885,196,13.333333
GERAL,GERAL,23788073459,[GEN - PROMO MAES - GS],DEMAND_GEN,2026-05-21,772,630,1.2253968253968255,3.092414,35,5.0
GERAL,GERAL,23788149488,[GEN - PROMO MAES - NK],DEMAND_GEN,2026-05-01,2991,2096,1.4270038167938932,29.116568,59,8.0
GERAL,GERAL,23788149488,[GEN - PROMO MAES - NK],DEMAND_GEN,2026-05-02,9175,5289,1.7347324636037058,37.219236,197,14.580707
GERAL,GERAL,23788149488,[GEN - PROMO MAES - NK],DEMAND_GEN,2026-05-04,83,81,1.0246913580246915,1.743194,1,1.0
GERAL,GERAL,23788149488,[GEN - PROMO MAES - NK],DEMAND_GEN,2026-05-07,1988,1920,1.0354166666666667,110.551122,32,3.0
GERAL,GERAL,23788149488,[GEN - PROMO MAES - NK],DEMAND_GEN,2026-05-08,7703,6597,1.167651963013491,185.245146,180,17.0
GERAL,GERAL,23788149488,[GEN - PROMO MAES - NK],DEMAND_GEN,2026-05-09,7294,6105,1.1947583947583948,89.616604,205,29.0
GERAL,GERAL,23788149488,[GEN - PROMO MAES - NK],DEMAND_GEN,2026-05-10,18658,12138,1.5371560388861427,72.728849,638,75.800801
GERAL,GERAL,23788149488,[GEN - PROMO MAES - NK],DEMAND_GEN,2026-05-11,4089,3226,1.2675139491630503,17.852918,180,13.228534
GERAL,GERAL,23788149488,[GEN - PROMO MAES - NK],DEMAND_GEN,2026-05-12,822,601,1.367720465890183,2.50274,24,4.0
GERAL,GERAL,23788149488,[GEN - PROMO MAES - NK],DEMAND_GEN,2026-05-13,894,664,1.3463855421686748,2.66741,19,3.0
GERAL,GERAL,23788149488,[GEN - PROMO MAES - NK],DEMAND_GEN,2026-05-14,743,562,1.3220640569395017,2.724487,19,2.221532
GERAL,GERAL,23788149488,[GEN - PROMO MAES - NK],DEMAND_GEN,2026-05-15,795,583,1.3636363636363635,2.662604,33,5.0
GERAL,GERAL,23788149488,[GEN - PROMO MAES - NK],DEMAND_GEN,2026-05-16,1069,695,1.5381294964028778,2.721222,21,5.25
GERAL,GERAL,23788149488,[GEN - PROMO MAES - NK],DEMAND_GEN,2026-05-17,1057,793,1.3329129886506936,2.796012,26,7.0
GERAL,GERAL,23788149488,[GEN - PROMO MAES - NK],DEMAND_GEN,2026-05-18,1008,709,1.4217207334273625,2.783531,31,4.25
GERAL,GERAL,23788149488,[GEN - PROMO MAES - NK],DEMAND_GEN,2026-05-19,811,606,1.3382838283828382,2.790001,27,5.0
GERAL,GERAL,23788149488,[GEN - PROMO MAES - NK],DEMAND_GEN,2026-05-20,1376,957,1.4378265412748172,2.789431,38,6.0
GERAL,GERAL,23788149488,[GEN - PROMO MAES - NK],DEMAND_GEN,2026-05-21,186,163,1.1411042944785277,0.47472,6,0.0
GERAL,GERAL,23792723737,[GEN - PROMO MAES - NR],DEMAND_GEN,2026-04-23,2552,1658,1.5392038600723763,7.118231,100,4.5
GERAL,GERAL,23792723737,[GEN - PROMO MAES - NR],DEMAND_GEN,2026-04-24,8421,4266,1.9739803094233475,26.92711,400,27.0
GERAL,GERAL,23792723737,[GEN - PROMO MAES - NR],DEMAND_GEN,2026-04-25,10855,4885,2.222517911975435,26.96581,432,32.5
GERAL,GERAL,23792723737,[GEN - PROMO MAES - NR],DEMAND_GEN,2026-04-26,10778,5109,2.110197690350362,26.718007,442,25.574143
GERAL,GERAL,23792723737,[GEN - PROMO MAES - NR],DEMAND_GEN,2026-04-27,9125,4323,2.1108026833217672,26.853569,473,26.2
GERAL,GERAL,23792723737,[GEN - PROMO MAES - NR],DEMAND_GEN,2026-04-28,8603,4223,2.0376509590338623,26.827221,412,34.1
GERAL,GERAL,23792723737,[GEN - PROMO MAES - NR],DEMAND_GEN,2026-04-29,3051,2128,1.4342105263157894,26.993662,123,16.0
GERAL,GERAL,23792723737,[GEN - PROMO MAES - NR],DEMAND_GEN,2026-04-30,5830,3462,1.6839976891969959,27.583569,168,23.0
GERAL,GERAL,23792723737,[GEN - PROMO MAES - NR],DEMAND_GEN,2026-05-01,9311,5357,1.7380996826582042,26.822501,303,54.269581
GERAL,GERAL,23792723737,[GEN - PROMO MAES - NR],DEMAND_GEN,2026-05-02,3083,2120,1.454245283018868,13.828734,110,9.0
GERAL,GERAL,23792723737,[GEN - PROMO MAES - NR],DEMAND_GEN,2026-05-07,325,313,1.038338658146965,40.571397,9,0.0
GERAL,GERAL,23792723737,[GEN - PROMO MAES - NR],DEMAND_GEN,2026-05-08,3032,2316,1.309153713298791,40.389996,110,15.595736
GERAL,GERAL,23792723737,[GEN - PROMO MAES - NR],DEMAND_GEN,2026-05-09,11354,6523,1.7406101487045837,40.396705,320,28.0
GERAL,GERAL,23792723737,[GEN - PROMO MAES - NR],DEMAND_GEN,2026-05-10,12804,6946,1.8433630866685862,40.281155,382,46.871462
GERAL,GERAL,23792723737,[GEN - PROMO MAES - NR],DEMAND_GEN,2026-05-11,2576,1931,1.3340238218539617,9.642946,73,14.864572
GERAL,GERAL,23792723737,[GEN - PROMO MAES - NR],DEMAND_GEN,2026-05-12,4188,2619,1.5990836197021765,9.368475,86,15.5
GERAL,GERAL,23792723737,[GEN - PROMO MAES - NR],DEMAND_GEN,2026-05-13,4096,2704,1.514792899408284,9.595269,83,11.0
GERAL,GERAL,23792723737,[GEN - PROMO MAES - NR],DEMAND_GEN,2026-05-14,4893,3031,1.6143187066974596,9.651302,104,11.833333
GERAL,GERAL,23792723737,[GEN - PROMO MAES - NR],DEMAND_GEN,2026-05-15,4850,2972,1.6318977119784657,9.659014,101,15.851356
GERAL,GERAL,23792723737,[GEN - PROMO MAES - NR],DEMAND_GEN,2026-05-16,6020,3459,1.7403873952009252,9.652276,136,25.793077
GERAL,GERAL,23792723737,[GEN - PROMO MAES - NR],DEMAND_GEN,2026-05-17,5507,3340,1.648802395209581,9.620737,118,19.221533
GERAL,GERAL,23792723737,[GEN - PROMO MAES - NR],DEMAND_GEN,2026-05-18,4560,2766,1.648590021691974,9.663006,129,19.0
GERAL,GERAL,23792723737,[GEN - PROMO MAES - NR],DEMAND_GEN,2026-05-19,4567,2668,1.711769115442279,9.666132,97,10.0
GERAL,GERAL,23792723737,[GEN - PROMO MAES - NR],DEMAND_GEN,2026-05-20,5079,3029,1.6767910201386595,9.680674,124,14.405974
GERAL,GERAL,23792723737,[GEN - PROMO MAES - NR],DEMAND_GEN,2026-05-21,427,343,1.2448979591836735,1.099077,13,4.0
GERAL,GERAL,23799605682,[YT - PROMO MAES 26 - CS],VIDEO,2026-04-29,3992,4758,1.032156368221942,36.189619,4,14.0
GERAL,GERAL,23799605682,[YT - PROMO MAES 26 - CS],VIDEO,2026-04-30,18680,15533,1.4280563960600012,121.870114,34,57.0
GERAL,GERAL,23799605682,[YT - PROMO MAES 26 - CS],VIDEO,2026-05-01,24513,20460,1.4681329423264906,121.961273,22,95.0
GERAL,GERAL,23799605682,[YT - PROMO MAES 26 - CS],VIDEO,2026-05-02,11767,10632,1.3470654627539504,57.072293,5,37.0
GERAL,GERAL,23799605682,[YT - PROMO MAES 26 - CS],VIDEO,2026-05-03,58,69,1.0289855072463767,0.290933,0,0.0
GERAL,GERAL,23799605682,[YT - PROMO MAES 26 - CS],VIDEO,2026-05-07,15214,15788,1.1617684317202939,232.111619,18,125.0
GERAL,GERAL,23799605682,[YT - PROMO MAES 26 - CS],VIDEO,2026-05-08,15165,15545,1.1593438404631715,231.929412,13,120.0
GERAL,GERAL,23799605682,[YT - PROMO MAES 26 - CS],VIDEO,2026-05-09,22571,18623,1.4266766901143746,232.493639,29,151.0
GERAL,GERAL,23799605682,[YT - PROMO MAES 26 - CS],VIDEO,2026-05-10,38792,29714,1.579962307329878,232.78085,48,176.0
GERAL,GERAL,23799605682,[YT - PROMO MAES 26 - CS],VIDEO,2026-05-11,9837,9869,1.220995034957949,57.806088,11,58.0
GERAL,GERAL,23799605682,[YT - PROMO MAES 26 - CS],VIDEO,2026-05-12,1522,1479,1.1676808654496282,8.777651,1,9.190689
GERAL,GERAL,23799605682,[YT - PROMO MAES 26 - CS],VIDEO,2026-05-13,1368,1116,1.3297491039426523,8.825667,3,13.0
GERAL,GERAL,23799605682,[YT - PROMO MAES 26 - CS],VIDEO,2026-05-14,1622,1450,1.2427586206896553,8.828349,3,2.266082
GERAL,GERAL,23799605682,[YT - PROMO MAES 26 - CS],VIDEO,2026-05-15,1860,1598,1.2822277847309136,8.853492,3,4.276657
GERAL,GERAL,23799605682,[YT - PROMO MAES 26 - CS],VIDEO,2026-05-16,1733,1459,1.3145990404386567,8.871035,6,8.0
GERAL,GERAL,23799605682,[YT - PROMO MAES 26 - CS],VIDEO,2026-05-17,1436,1359,1.1824871228844738,8.818096,2,9.0
GERAL,GERAL,23799605682,[YT - PROMO MAES 26 - CS],VIDEO,2026-05-18,1504,1394,1.212338593974175,8.811997,0,13.0
GERAL,GERAL,23799605682,[YT - PROMO MAES 26 - CS],VIDEO,2026-05-19,7584,6744,1.2720937129300118,38.203374,12,30.0
GERAL,GERAL,23799605682,[YT - PROMO MAES 26 - CS],VIDEO,2026-05-20,6144,5316,1.307750188111362,38.214796,14,28.0
GERAL,GERAL,23799605682,[YT - PROMO MAES 26 - CS],VIDEO,2026-05-21,1260,1276,1.1175548589341693,6.368659,1,3.0
GERAL,GERAL,23799610464,[YT - PROMO MAES 26 - GS],VIDEO,2026-04-29,4234,5023,1.039418674099144,35.78639,3,32.0
GERAL,GERAL,23799610464,[YT - PROMO MAES 26 - GS],VIDEO,2026-04-30,19203,16371,1.4274021134933725,122.185061,10,99.0
GERAL,GERAL,23799610464,[YT - PROMO MAES 26 - GS],VIDEO,2026-05-01,22840,19389,1.4513899633812988,121.945985,23,191.0
GERAL,GERAL,23799610464,[YT - PROMO MAES 26 - GS],VIDEO,2026-05-02,12547,11380,1.3575571177504393,59.623491,10,112.0
GERAL,GERAL,23799610464,[YT - PROMO MAES 26 - GS],VIDEO,2026-05-03,119,156,0.967948717948718,0.555231,0,0.0
GERAL,GERAL,23799610464,[YT - PROMO MAES 26 - GS],VIDEO,2026-05-07,14416,15185,1.1489627922291736,231.340226,16,166.0
GERAL,GERAL,23799610464,[YT - PROMO MAES 26 - GS],VIDEO,2026-05-08,14878,15308,1.1690619284034491,231.640733,15,215.0
GERAL,GERAL,23799610464,[YT - PROMO MAES 26 - GS],VIDEO,2026-05-09,23687,20899,1.360017225704579,231.881055,24,199.0
GERAL,GERAL,23799610464,[YT - PROMO MAES 26 - GS],VIDEO,2026-05-10,37376,28834,1.5898938752861205,232.540224,28,252.0
GERAL,GERAL,23799610464,[YT - PROMO MAES 26 - GS],VIDEO,2026-05-11,7844,7746,1.215982442550994,54.225005,3,73.0
GERAL,GERAL,23799610464,[YT - PROMO MAES 26 - GS],VIDEO,2026-05-12,1488,1496,1.1330213903743316,8.936404,1,21.0
GERAL,GERAL,23799610464,[YT - PROMO MAES 26 - GS],VIDEO,2026-05-13,1393,1383,1.1670281995661604,8.959315,1,10.0
GERAL,GERAL,23799610464,[YT - PROMO MAES 26 - GS],VIDEO,2026-05-14,1795,1771,1.1699604743083003,8.947915,3,16.0
GERAL,GERAL,23799610464,[YT - PROMO MAES 26 - GS],VIDEO,2026-05-15,1834,1694,1.2355371900826446,8.831039,2,18.0
GERAL,GERAL,23799610464,[YT - PROMO MAES 26 - GS],VIDEO,2026-05-16,1788,1605,1.264797507788162,9.094633,2,15.0
GERAL,GERAL,23799610464,[YT - PROMO MAES 26 - GS],VIDEO,2026-05-17,2010,1840,1.2402173913043477,8.899306,4,14.0
GERAL,GERAL,23799610464,[YT - PROMO MAES 26 - GS],VIDEO,2026-05-18,1753,1567,1.2444160816847478,9.020867,4,16.0
GERAL,GERAL,23799610464,[YT - PROMO MAES 26 - GS],VIDEO,2026-05-19,7484,6520,1.319478527607362,38.874409,6,57.0
GERAL,GERAL,23799610464,[YT - PROMO MAES 26 - GS],VIDEO,2026-05-20,6738,5745,1.3350739773716276,38.949533,7,45.0
GERAL,GERAL,23799610464,[YT - PROMO MAES 26 - GS],VIDEO,2026-05-21,1196,1102,1.208711433756806,8.365985,2,11.0
GERAL,GERAL,23809425565,[YT - PROMO MAES 26 - BS],VIDEO,2026-04-29,4160,4968,1.0364331723027376,36.298103,1,35.0
GERAL,GERAL,23809425565,[YT - PROMO MAES 26 - BS],VIDEO,2026-04-30,16700,14719,1.360146749099803,122.066717,23,114.0
GERAL,GERAL,23809425565,[YT - PROMO MAES 26 - BS],VIDEO,2026-05-01,22691,19891,1.3999798904026948,121.927821,19,190.0
GERAL,GERAL,23809425565,[YT - PROMO MAES 26 - BS],VIDEO,2026-05-02,12842,12305,1.289313287281593,57.500611,11,126.0
GERAL,GERAL,23809425565,[YT - PROMO MAES 26 - BS],VIDEO,2026-05-07,18892,19120,1.1885983263598325,232.786364,12,203.0
GERAL,GERAL,23809425565,[YT - PROMO MAES 26 - BS],VIDEO,2026-05-08,19382,19233,1.183954661259294,231.955086,9,217.0
GERAL,GERAL,23809425565,[YT - PROMO MAES 26 - BS],VIDEO,2026-05-09,24013,22295,1.2991253644314869,232.14261,19,224.0
GERAL,GERAL,23809425565,[YT - PROMO MAES 26 - BS],VIDEO,2026-05-10,38115,29405,1.5731678286005781,232.405091,27,235.0
GERAL,GERAL,23809425565,[YT - PROMO MAES 26 - BS],VIDEO,2026-05-11,8366,8405,1.2120166567519333,55.183118,6,80.0
GERAL,GERAL,23809425565,[YT - PROMO MAES 26 - BS],VIDEO,2026-05-12,1684,1580,1.1879746835443037,8.929462,1,16.0
GERAL,GERAL,23809425565,[YT - PROMO MAES 26 - BS],VIDEO,2026-05-13,1858,1714,1.2304550758459742,9.019713,0,9.0
GERAL,GERAL,23809425565,[YT - PROMO MAES 26 - BS],VIDEO,2026-05-14,1663,1708,1.154566744730679,8.899757,2,12.0
GERAL,GERAL,23809425565,[YT - PROMO MAES 26 - BS],VIDEO,2026-05-15,1723,1545,1.2640776699029126,8.918861,2,13.0
GERAL,GERAL,23809425565,[YT - PROMO MAES 26 - BS],VIDEO,2026-05-16,1762,1629,1.223449969306323,8.907883,0,17.0
GERAL,GERAL,23809425565,[YT - PROMO MAES 26 - BS],VIDEO,2026-05-17,1666,1445,1.2837370242214532,9.038162,3,10.0
GERAL,GERAL,23809425565,[YT - PROMO MAES 26 - BS],VIDEO,2026-05-18,1881,1795,1.1682451253481894,8.909555,4,16.0
GERAL,GERAL,23809425565,[YT - PROMO MAES 26 - BS],VIDEO,2026-05-19,6581,5952,1.2570564516129032,38.770111,7,29.0
GERAL,GERAL,23809425565,[YT - PROMO MAES 26 - BS],VIDEO,2026-05-20,6420,5994,1.2095428762095428,38.61358,12,44.0
GERAL,GERAL,23809425565,[YT - PROMO MAES 26 - BS],VIDEO,2026-05-21,1256,1288,1.110248447204969,7.221904,0,9.0
GERAL,GERAL,23809443964,[YT - PROMO MAES 26 - NS],VIDEO,2026-04-29,3486,4106,1.0472479298587434,34.286006,3,44.0
GERAL,GERAL,23809443964,[YT - PROMO MAES 26 - NS],VIDEO,2026-04-30,19105,14048,1.6340404328018223,122.334705,18,197.0
GERAL,GERAL,23809443964,[YT - PROMO MAES 26 - NS],VIDEO,2026-05-01,23223,16900,1.6951479289940827,122.094075,30,339.0
GERAL,GERAL,23809443964,[YT - PROMO MAES 26 - NS],VIDEO,2026-05-02,11466,9733,1.4465221411692182,60.363821,19,165.0
GERAL,GERAL,23809443964,[YT - PROMO MAES 26 - NS],VIDEO,2026-05-03,147,170,1.011764705882353,0.625717,1,1.0
GERAL,GERAL,23809443964,[YT - PROMO MAES 26 - NS],VIDEO,2026-05-07,29506,22385,1.5884744248380611,231.615139,33,392.0
GERAL,GERAL,23809443964,[YT - PROMO MAES 26 - NS],VIDEO,2026-05-08,30704,22412,1.6803944315545243,231.914035,33,520.0
GERAL,GERAL,23809443964,[YT - PROMO MAES 26 - NS],VIDEO,2026-05-09,34328,24420,1.707903357903358,232.250045,48,412.0
GERAL,GERAL,23809443964,[YT - PROMO MAES 26 - NS],VIDEO,2026-05-10,37545,25471,1.798555219661576,232.217875,45,319.0
GERAL,GERAL,23809443964,[YT - PROMO MAES 26 - NS],VIDEO,2026-05-11,7055,6911,1.2412096657502532,44.924444,9,88.0
GERAL,GERAL,23809443964,[YT - PROMO MAES 26 - NS],VIDEO,2026-05-12,1763,1898,1.119072708113804,9.402271,7,23.0
GERAL,GERAL,23809443964,[YT - PROMO MAES 26 - NS],VIDEO,2026-05-13,2045,1947,1.2326656394453004,9.455305,5,16.0
GERAL,GERAL,23809443964,[YT - PROMO MAES 26 - NS],VIDEO,2026-05-14,1890,1868,1.1825481798715203,9.39036,6,22.0
GERAL,GERAL,23809443964,[YT - PROMO MAES 26 - NS],VIDEO,2026-05-15,1692,1681,1.1719214753123142,9.457946,1,20.0
GERAL,GERAL,23809443964,[YT - PROMO MAES 26 - NS],VIDEO,2026-05-16,1837,1857,1.1529348411416263,9.385514,4,24.0
GERAL,GERAL,23809443964,[YT - PROMO MAES 26 - NS],VIDEO,2026-05-17,1845,1740,1.1982758620689655,9.485424,5,10.0
GERAL,GERAL,23809443964,[YT - PROMO MAES 26 - NS],VIDEO,2026-05-18,1564,1408,1.2407670454545454,9.413513,4,33.0
GERAL,GERAL,23809443964,[YT - PROMO MAES 26 - NS],VIDEO,2026-05-19,7732,6581,1.3766904725725573,40.724792,11,79.0
GERAL,GERAL,23809443964,[YT - PROMO MAES 26 - NS],VIDEO,2026-05-20,7133,6103,1.3676880222841226,40.654071,19,72.0
GERAL,GERAL,23809443964,[YT - PROMO MAES 26 - NS],VIDEO,2026-05-21,1066,1061,1.1536286522148915,6.25089,1,10.0
GERAL,GERAL,23809456204,[YT - PROMO MAES 26 - NR],VIDEO,2026-04-29,3529,4163,1.0441988950276244,33.803165,3,68.0
GERAL,GERAL,23809456204,[YT - PROMO MAES 26 - NR],VIDEO,2026-04-30,17538,14575,1.4393825042881647,122.181327,23,223.0
GERAL,GERAL,23809456204,[YT - PROMO MAES 26 - NR],VIDEO,2026-05-01,21512,17286,1.5145204211500636,122.271875,28,337.0
GERAL,GERAL,23809456204,[YT - PROMO MAES 26 - NR],VIDEO,2026-05-02,10468,9428,1.354582095884599,55.343745,9,175.0
GERAL,GERAL,23809456204,[YT - PROMO MAES 26 - NR],VIDEO,2026-05-03,70,78,1.0384615384615385,0.348257,0,1.0
GERAL,GERAL,23809456204,[YT - PROMO MAES 26 - NR],VIDEO,2026-05-07,14869,15280,1.1786649214659686,233.02821,16,410.0
GERAL,GERAL,23809456204,[YT - PROMO MAES 26 - NR],VIDEO,2026-05-08,14955,14854,1.1988689915174364,232.926563,15,501.0
GERAL,GERAL,23809456204,[YT - PROMO MAES 26 - NR],VIDEO,2026-05-09,28253,23397,1.465657990340642,232.973439,23,627.0
GERAL,GERAL,23809456204,[YT - PROMO MAES 26 - NR],VIDEO,2026-05-10,37019,27925,1.628433303491495,233.249768,29,535.0
GERAL,GERAL,23809456204,[YT - PROMO MAES 26 - NR],VIDEO,2026-05-11,8097,8109,1.2248119373535578,51.570877,4,160.0
GERAL,GERAL,23809456204,[YT - PROMO MAES 26 - NR],VIDEO,2026-05-12,1598,1718,1.109429569266589,9.14237,0,39.0
GERAL,GERAL,23809456204,[YT - PROMO MAES 26 - NR],VIDEO,2026-05-13,1611,1554,1.1898326898326899,9.204853,2,34.0
GERAL,GERAL,23809456204,[YT - PROMO MAES 26 - NR],VIDEO,2026-05-14,1671,1684,1.1442992874109263,9.125292,1,27.0
GERAL,GERAL,23809456204,[YT - PROMO MAES 26 - NR],VIDEO,2026-05-15,1457,1410,1.2170212765957447,9.149691,3,38.0
GERAL,GERAL,23809456204,[YT - PROMO MAES 26 - NR],VIDEO,2026-05-16,1689,1492,1.2875335120643432,9.173864,4,29.0
GERAL,GERAL,23809456204,[YT - PROMO MAES 26 - NR],VIDEO,2026-05-17,1692,1656,1.1896135265700483,9.220232,2,24.0
GERAL,GERAL,23809456204,[YT - PROMO MAES 26 - NR],VIDEO,2026-05-18,1836,1675,1.2214925373134329,9.140488,5,53.0
GERAL,GERAL,23809456204,[YT - PROMO MAES 26 - NR],VIDEO,2026-05-19,7020,6396,1.2756410256410255,39.518588,8,138.0
GERAL,GERAL,23809456204,[YT - PROMO MAES 26 - NR],VIDEO,2026-05-20,6538,6079,1.2539891429511434,39.602538,7,112.0
GERAL,GERAL,23809456204,[YT - PROMO MAES 26 - NR],VIDEO,2026-05-21,1057,1030,1.1466019417475728,7.221957,3,17.0
GERAL,GERAL,23809464454,[YT - PROMO MAES 26 - NK],VIDEO,2026-04-29,3358,4074,1.0277368679430534,33.643165,2,47.0
GERAL,GERAL,23809464454,[YT - PROMO MAES 26 - NK],VIDEO,2026-04-30,18504,15262,1.4590486174813262,122.292815,12,181.0
GERAL,GERAL,23809464454,[YT - PROMO MAES 26 - NK],VIDEO,2026-05-01,21401,17870,1.465864577504197,122.151838,19,266.0
GERAL,GERAL,23809464454,[YT - PROMO MAES 26 - NK],VIDEO,2026-05-02,11741,10692,1.3455854844743733,59.954934,9,163.0
GERAL,GERAL,23809464454,[YT - PROMO MAES 26 - NK],VIDEO,2026-05-03,90,107,0.9719626168224299,0.505048,0,1.0
GERAL,GERAL,23809464454,[YT - PROMO MAES 26 - NK],VIDEO,2026-05-07,18056,17846,1.2397175837722738,232.061983,6,421.0
GERAL,GERAL,23809464454,[YT - PROMO MAES 26 - NK],VIDEO,2026-05-08,18839,18416,1.217745438748914,232.038689,13,403.0
GERAL,GERAL,23809464454,[YT - PROMO MAES 26 - NK],VIDEO,2026-05-09,22099,20055,1.3271503365744204,232.094894,14,430.0
GERAL,GERAL,23809464454,[YT - PROMO MAES 26 - NK],VIDEO,2026-05-10,36391,27718,1.6035789017966664,232.662302,25,466.0
GERAL,GERAL,23809464454,[YT - PROMO MAES 26 - NK],VIDEO,2026-05-11,5206,5240,1.1902671755725192,35.240439,6,83.0
GERAL,GERAL,23809464454,[YT - PROMO MAES 26 - NK],VIDEO,2026-05-12,2021,1924,1.2188149688149688,9.939966,0,25.0
GERAL,GERAL,23809464454,[YT - PROMO MAES 26 - NK],VIDEO,2026-05-13,1951,1851,1.20097244732577,9.936903,3,23.0
GERAL,GERAL,23809464454,[YT - PROMO MAES 26 - NK],VIDEO,2026-05-14,1827,1813,1.1737451737451738,9.887505,3,21.0
GERAL,GERAL,23809464454,[YT - PROMO MAES 26 - NK],VIDEO,2026-05-15,1734,1655,1.1933534743202416,9.952098,4,39.0
GERAL,GERAL,23809464454,[YT - PROMO MAES 26 - NK],VIDEO,2026-05-16,1817,1728,1.1672453703703705,9.953638,0,28.0
GERAL,GERAL,23809464454,[YT - PROMO MAES 26 - NK],VIDEO,2026-05-17,1903,1862,1.1879699248120301,9.909364,1,20.0
GERAL,GERAL,23809464454,[YT - PROMO MAES 26 - NK],VIDEO,2026-05-18,1691,1630,1.1993865030674846,9.921324,4,35.0
GERAL,GERAL,23809464454,[YT - PROMO MAES 26 - NK],VIDEO,2026-05-19,7663,7041,1.2627467689248686,42.865624,3,103.0
GERAL,GERAL,23809464454,[YT - PROMO MAES 26 - NK],VIDEO,2026-05-20,6864,6539,1.242850588775042,43.093154,13,105.0
GERAL,GERAL,23809464454,[YT - PROMO MAES 26 - NK],VIDEO,2026-05-21,796,808,1.1435643564356435,5.665823,1,16.0
GERAL,GERAL,23846004215,[PMAX - CAPIVALLEY - GS],PERFORMANCE_MAX,2026-05-15,1496,1255,1.1920318725099601,29.714574,33,30.0
GERAL,GERAL,23846004215,[PMAX - CAPIVALLEY - GS],PERFORMANCE_MAX,2026-05-16,1675,1371,1.2217359591539023,34.704611,98,89.0
GERAL,GERAL,23846004215,[PMAX - CAPIVALLEY - GS],PERFORMANCE_MAX,2026-05-17,1845,1495,1.234113712374582,22.535878,92,93.0
GERAL,GERAL,23846004215,[PMAX - CAPIVALLEY - GS],PERFORMANCE_MAX,2026-05-18,2429,1946,1.2482014388489209,50.024651,91,76.0
GERAL,GERAL,23846004215,[PMAX - CAPIVALLEY - GS],PERFORMANCE_MAX,2026-05-19,1347,1115,1.2080717488789237,46.875873,65,102.0
GERAL,GERAL,23846004215,[PMAX - CAPIVALLEY - GS],PERFORMANCE_MAX,2026-05-20,1939,1610,1.2043478260869565,42.399478,99,80.0
GERAL,GERAL,23846004215,[PMAX - CAPIVALLEY - GS],PERFORMANCE_MAX,2026-05-21,1722,1399,1.230879199428163,47.850128,108,105.0
GERAL,GERAL,23846004215,[PMAX - CAPIVALLEY - GS],PERFORMANCE_MAX,2026-05-22,2255,1805,1.2493074792243768,48.026875,144,115.0
GERAL,GERAL,23846004215,[PMAX - CAPIVALLEY - GS],PERFORMANCE_MAX,2026-05-23,2531,1973,1.282818043588444,43.873806,190,171.0
GERAL,GERAL,23846004215,[PMAX - CAPIVALLEY - GS],PERFORMANCE_MAX,2026-05-24,2223,1672,1.3295454545454546,49.219716,184,155.0
GERAL,GERAL,23846004215,[PMAX - CAPIVALLEY - GS],PERFORMANCE_MAX,2026-05-25,1189,942,1.262208067940552,17.511249,79,43.0
GERAL,GERAL,23846004215,[PMAX - CAPIVALLEY - GS],PERFORMANCE_MAX,2026-05-26,991,717,1.3821478382147838,18.923181,96,34.0
GERAL,GERAL,23846004215,[PMAX - CAPIVALLEY - GS],PERFORMANCE_MAX,2026-05-27,1174,805,1.4583850931677018,23.578922,124,32.0
GERAL,GERAL,23846004215,[PMAX - CAPIVALLEY - GS],PERFORMANCE_MAX,2026-05-28,1391,910,1.5285714285714285,37.416207,163,55.0
GERAL,GERAL,23846004215,[PMAX - CAPIVALLEY - GS],PERFORMANCE_MAX,2026-05-29,1480,970,1.5257731958762886,39.131018,177,82.0
GERAL,GERAL,23846004215,[PMAX - CAPIVALLEY - GS],PERFORMANCE_MAX,2026-05-30,1673,1049,1.5948522402287892,21.973049,253,118.0
GERAL,GERAL,23846004215,[PMAX - CAPIVALLEY - GS],PERFORMANCE_MAX,2026-05-31,1213,807,1.503097893432466,14.612025,181,97.0
GERAL,GERAL,23846004215,[PMAX - CAPIVALLEY - GS],PERFORMANCE_MAX,2026-06-01,1654,1007,1.6425024826216486,20.321771,206,81.0
GERAL,GERAL,23846004215,[PMAX - CAPIVALLEY - GS],PERFORMANCE_MAX,2026-06-02,1029,628,1.6385350318471337,10.742876,159,89.0
GERAL,GERAL,23846004215,[PMAX - CAPIVALLEY - GS],PERFORMANCE_MAX,2026-06-06,1696,1238,1.369951534733441,17.677772,180,111.0
GERAL,GERAL,23854251264,[PMAX - ECOBAG - NR],PERFORMANCE_MAX,2026-05-18,1781,1458,1.2215363511659807,9.890579,13,66.0
GERAL,GERAL,23854251264,[PMAX - ECOBAG - NR],PERFORMANCE_MAX,2026-05-19,7200,6068,1.186552406064601,38.226752,69,233.0
GERAL,GERAL,23854251264,[PMAX - ECOBAG - NR],PERFORMANCE_MAX,2026-05-20,3892,3306,1.177253478523896,33.283444,94,155.0
GERAL,GERAL,23854251264,[PMAX - ECOBAG - NR],PERFORMANCE_MAX,2026-05-21,6656,5677,1.172450237801656,37.544475,77,224.0
GERAL,GERAL,23854251264,[PMAX - ECOBAG - NR],PERFORMANCE_MAX,2026-05-22,8088,6658,1.21477921297687,38.436069,72,374.0
GERAL,GERAL,23854251264,[PMAX - ECOBAG - NR],PERFORMANCE_MAX,2026-05-23,8095,6501,1.245193047223504,38.170854,147,477.0
GERAL,GERAL,23854251264,[PMAX - ECOBAG - NR],PERFORMANCE_MAX,2026-05-24,4842,3918,1.2358346094946402,27.177382,109,313.0
GERAL,GERAL,23854251264,[PMAX - ECOBAG - NR],PERFORMANCE_MAX,2026-05-25,6790,5528,1.2282923299565847,31.880646,59,197.0
GERAL,GERAL,23854251264,[PMAX - ECOBAG - NR],PERFORMANCE_MAX,2026-05-26,4602,3765,1.2223107569721114,30.473498,83,153.0
GERAL,GERAL,23854251264,[PMAX - ECOBAG - NR],PERFORMANCE_MAX,2026-05-27,9438,7916,1.1922688226376958,43.185256,27,195.0
GERAL,GERAL,23854251264,[PMAX - ECOBAG - NR],PERFORMANCE_MAX,2026-05-28,12521,10809,1.1583865297437321,43.126971,22,256.0
GERAL,GERAL,23854251264,[PMAX - ECOBAG - NR],PERFORMANCE_MAX,2026-05-29,8047,6768,1.1889775413711583,43.205371,36,225.0
GERAL,GERAL,23854251264,[PMAX - ECOBAG - NR],PERFORMANCE_MAX,2026-05-30,6307,5280,1.1945075757575758,43.217413,120,219.0
GERAL,GERAL,23854251264,[PMAX - ECOBAG - NR],PERFORMANCE_MAX,2026-05-31,6313,5438,1.1609047443913203,26.9904,92,161.0
GERAL,GERAL,23874150237,[PMAX - NAMORADOS 26 - CS],PERFORMANCE_MAX,2026-05-25,10521,7858,1.33889030287605,46.217309,54,248.0
GERAL,GERAL,23874150237,[PMAX - NAMORADOS 26 - CS],PERFORMANCE_MAX,2026-05-26,25637,18250,1.4047671232876713,152.569621,145,611.0
GERAL,GERAL,23874150237,[PMAX - NAMORADOS 26 - CS],PERFORMANCE_MAX,2026-05-27,29635,21220,1.3965598491988689,146.399609,113,633.0
GERAL,GERAL,23874150237,[PMAX - NAMORADOS 26 - CS],PERFORMANCE_MAX,2026-05-28,29804,22182,1.3436119376070688,151.611594,110,697.0
GERAL,GERAL,23874150237,[PMAX - NAMORADOS 26 - CS],PERFORMANCE_MAX,2026-05-29,27421,19865,1.38036748049333,152.538245,95,692.0
GERAL,GERAL,23874150237,[PMAX - NAMORADOS 26 - CS],PERFORMANCE_MAX,2026-05-30,26617,18570,1.4333333333333333,140.302578,166,888.0
GERAL,GERAL,23874150237,[PMAX - NAMORADOS 26 - CS],PERFORMANCE_MAX,2026-05-31,20066,14333,1.3999860461871205,108.44585,179,493.0
GERAL,GERAL,23874150237,[PMAX - NAMORADOS 26 - CS],PERFORMANCE_MAX,2026-06-01,29234,21126,1.3837924831960617,152.385418,90,616.0
GERAL,GERAL,23874150237,[PMAX - NAMORADOS 26 - CS],PERFORMANCE_MAX,2026-06-02,22271,15792,1.4102710233029383,140.951305,102,684.0
GERAL,GERAL,23874150237,[PMAX - NAMORADOS 26 - CS],PERFORMANCE_MAX,2026-06-06,20580,16225,1.2684129429892141,210.948292,81,660.0
GERAL,GERAL,23874457413,[ALC - NAMORADOS 26 - CS],VIDEO,2026-05-25,5434,3427,1.6798949518529327,17.41358,13,2.0
GERAL,GERAL,23874457413,[ALC - NAMORADOS 26 - CS],VIDEO,2026-05-26,23734,22653,1.2058447004811725,65.465664,19,27.0
GERAL,GERAL,23874457413,[ALC - NAMORADOS 26 - CS],VIDEO,2026-05-27,21845,14611,1.6122099787831086,65.394474,42,18.0
GERAL,GERAL,23874457413,[ALC - NAMORADOS 26 - CS],VIDEO,2026-05-28,24974,14692,1.7826027770215083,65.255138,62,20.0
GERAL,GERAL,23874457413,[ALC - NAMORADOS 26 - CS],VIDEO,2026-05-29,21813,17500,1.3551428571428572,65.372768,26,24.0
GERAL,GERAL,23874457413,[ALC - NAMORADOS 26 - CS],VIDEO,2026-05-30,23671,17622,1.471966859607309,65.417541,39,33.0
GERAL,GERAL,23874457413,[ALC - NAMORADOS 26 - CS],VIDEO,2026-05-31,22934,16169,1.5341084791885706,65.457321,63,20.0
GERAL,GERAL,23874457413,[ALC - NAMORADOS 26 - CS],VIDEO,2026-06-01,24613,18595,1.4506587792417316,65.377226,64,29.0
GERAL,GERAL,23874457413,[ALC - NAMORADOS 26 - CS],VIDEO,2026-06-02,17769,12367,1.5335166168027816,40.495486,41,19.0
GERAL,GERAL,23874457413,[ALC - NAMORADOS 26 - CS],VIDEO,2026-06-04,106,88,1.2045454545454546,0.270957,0,0.0
GERAL,GERAL,23874457413,[ALC - NAMORADOS 26 - CS],VIDEO,2026-06-05,76,70,1.0857142857142856,0.18815,1,0.0
GERAL,GERAL,23874457413,[ALC - NAMORADOS 26 - CS],VIDEO,2026-06-06,37966,19847,1.9728422431601753,89.646229,102,37.0
GERAL,GERAL,23874502272,[ALC - NAMORADOS 26 - NK],VIDEO,2026-05-25,4615,2904,1.6298209366391185,15.96412,26,0.0
GERAL,GERAL,23874502272,[ALC - NAMORADOS 26 - NK],VIDEO,2026-05-26,23557,22465,1.1744491431115067,66.270382,21,15.0
GERAL,GERAL,23874502272,[ALC - NAMORADOS 26 - NK],VIDEO,2026-05-27,25921,18731,1.4628156531952379,66.201997,72,13.0
GERAL,GERAL,23874502272,[ALC - NAMORADOS 26 - NK],VIDEO,2026-05-28,27073,19775,1.4704424778761063,66.233996,66,17.0
GERAL,GERAL,23874502272,[ALC - NAMORADOS 26 - NK],VIDEO,2026-05-29,22539,19831,1.2370530986838788,65.773049,36,30.0
GERAL,GERAL,23874502272,[ALC - NAMORADOS 26 - NK],VIDEO,2026-05-30,23277,19323,1.3071986751539617,66.326559,48,29.0
GERAL,GERAL,23874502272,[ALC - NAMORADOS 26 - NK],VIDEO,2026-05-31,20969,18623,1.2339043118724158,66.329398,38,20.0
GERAL,GERAL,23874502272,[ALC - NAMORADOS 26 - NK],VIDEO,2026-06-01,21319,19938,1.1751429431236835,66.162797,20,34.0
GERAL,GERAL,23874502272,[ALC - NAMORADOS 26 - NK],VIDEO,2026-06-02,12275,11662,1.1705539358600583,34.16307,10,19.0
GERAL,GERAL,23874502272,[ALC - NAMORADOS 26 - NK],VIDEO,2026-06-05,58,52,1.1153846153846154,0.243901,0,0.0
GERAL,GERAL,23874502272,[ALC - NAMORADOS 26 - NK],VIDEO,2026-06-06,29500,27889,1.1727204274086558,91.990744,30,52.0
GERAL,GERAL,23876611129,[C&A NK - EXIBIÇAO DE VIDEOS],VIDEO,2026-05-22,3965,1316,3.015957446808511,53.241946,31,15.0
GERAL,GERAL,23876611129,[C&A NK - EXIBIÇAO DE VIDEOS],VIDEO,2026-05-23,10746,3126,3.439859245041587,136.822408,112,27.0
GERAL,GERAL,23876611129,[C&A NK - EXIBIÇAO DE VIDEOS],VIDEO,2026-05-24,10013,3631,2.7612228036353623,137.854014,110,31.0
GERAL,GERAL,23876611129,[C&A NK - EXIBIÇAO DE VIDEOS],VIDEO,2026-05-25,11488,4078,2.819519372241295,134.391514,98,31.0
GERAL,GERAL,23876611129,[C&A NK - EXIBIÇAO DE VIDEOS],VIDEO,2026-05-26,10924,4087,2.6770247125030586,134.170677,100,48.0
GERAL,GERAL,23876611129,[C&A NK - EXIBIÇAO DE VIDEOS],VIDEO,2026-05-27,10354,3854,2.6917488323819407,135.227242,79,33.0
GERAL,GERAL,23876611129,[C&A NK - EXIBIÇAO DE VIDEOS],VIDEO,2026-05-28,9204,3339,2.7696915244085054,139.592985,81,34.0
GERAL,GERAL,23876611129,[C&A NK - EXIBIÇAO DE VIDEOS],VIDEO,2026-05-29,7870,2921,2.7117425539198905,130.769517,60,28.0
GERAL,GERAL,23877666141,[DEMAND GEN - NAMORADOS 26 - BS],DEMAND_GEN,2026-05-26,7010,3602,1.946141032759578,17.709963,167,13.0
GERAL,GERAL,23877666141,[DEMAND GEN - NAMORADOS 26 - BS],DEMAND_GEN,2026-05-27,21323,9249,2.3054384257757596,69.547875,500,58.523352
GERAL,GERAL,23877666141,[DEMAND GEN - NAMORADOS 26 - BS],DEMAND_GEN,2026-05-28,18106,9675,1.871421188630491,68.781398,597,47.078347
GERAL,GERAL,23877666141,[DEMAND GEN - NAMORADOS 26 - BS],DEMAND_GEN,2026-05-29,10284,6352,1.6190176322418135,68.84354,449,42.61686
GERAL,GERAL,23877666141,[DEMAND GEN - NAMORADOS 26 - BS],DEMAND_GEN,2026-05-30,14139,8154,1.7339955849889626,68.806979,607,63.247482
GERAL,GERAL,23877666141,[DEMAND GEN - NAMORADOS 26 - BS],DEMAND_GEN,2026-05-31,12099,7768,1.5575437693099896,68.591418,596,45.5
GERAL,GERAL,23877666141,[DEMAND GEN - NAMORADOS 26 - BS],DEMAND_GEN,2026-06-01,13171,7831,1.6819052483718555,68.792264,619,63.791523
GERAL,GERAL,23877666141,[DEMAND GEN - NAMORADOS 26 - BS],DEMAND_GEN,2026-06-02,8587,5434,1.5802355539197643,46.376746,395,45.0
GERAL,GERAL,23877666141,[DEMAND GEN - NAMORADOS 26 - BS],DEMAND_GEN,2026-06-06,2270,2179,1.04176227627352,151.196745,55,8.0
GERAL,GERAL,23878996547,[PMAX - NAMORADOS 26 - BS],PERFORMANCE_MAX,2026-05-25,8291,6362,1.303206538824269,75.498937,94,446.0
GERAL,GERAL,23878996547,[PMAX - NAMORADOS 26 - BS],PERFORMANCE_MAX,2026-05-26,14792,10146,1.4579144490439582,148.441913,169,746.0
GERAL,GERAL,23878996547,[PMAX - NAMORADOS 26 - BS],PERFORMANCE_MAX,2026-05-27,17477,12157,1.437607962490746,147.493289,113,815.0
GERAL,GERAL,23878996547,[PMAX - NAMORADOS 26 - BS],PERFORMANCE_MAX,2026-05-28,17797,12830,1.3871395167575993,148.956093,110,773.0
GERAL,GERAL,23878996547,[PMAX - NAMORADOS 26 - BS],PERFORMANCE_MAX,2026-05-29,17534,12201,1.437095320055733,150.821467,95,828.0
GERAL,GERAL,23878996547,[PMAX - NAMORADOS 26 - BS],PERFORMANCE_MAX,2026-05-30,17003,11878,1.43146994443509,147.65988,151,1007.0
GERAL,GERAL,23878996547,[PMAX - NAMORADOS 26 - BS],PERFORMANCE_MAX,2026-05-31,14117,10285,1.3725814292659213,120.565449,171,623.0
GERAL,GERAL,23878996547,[PMAX - NAMORADOS 26 - BS],PERFORMANCE_MAX,2026-06-01,15119,10608,1.4252450980392157,135.282166,95,628.0
GERAL,GERAL,23878996547,[PMAX - NAMORADOS 26 - BS],PERFORMANCE_MAX,2026-06-02,13029,9317,1.3984115058495223,122.84065,72,652.0
GERAL,GERAL,23878996547,[PMAX - NAMORADOS 26 - BS],PERFORMANCE_MAX,2026-06-06,12182,9395,1.2966471527408197,210.345306,130,756.0
GERAL,GERAL,23879431676,[PMAX - NAMORADOS 26 - NR],PERFORMANCE_MAX,2026-05-25,5083,4472,1.1366279069767442,31.958532,29,118.0
GERAL,GERAL,23879431676,[PMAX - NAMORADOS 26 - NR],PERFORMANCE_MAX,2026-05-26,28767,23388,1.2299897383273473,148.42504,75,494.0
GERAL,GERAL,23879431676,[PMAX - NAMORADOS 26 - NR],PERFORMANCE_MAX,2026-05-27,31003,25089,1.2357208338315597,153.213789,75,567.0
GERAL,GERAL,23879431676,[PMAX - NAMORADOS 26 - NR],PERFORMANCE_MAX,2026-05-28,26774,22177,1.2072868286963971,153.181255,76,561.0
GERAL,GERAL,23879431676,[PMAX - NAMORADOS 26 - NR],PERFORMANCE_MAX,2026-05-29,23861,19988,1.1937662597558536,152.225129,74,579.0
GERAL,GERAL,23879431676,[PMAX - NAMORADOS 26 - NR],PERFORMANCE_MAX,2026-05-30,32329,25057,1.2902183022708225,153.241277,86,763.0
GERAL,GERAL,23879431676,[PMAX - NAMORADOS 26 - NR],PERFORMANCE_MAX,2026-05-31,17239,14838,1.1618142606820325,94.889136,96,371.0
GERAL,GERAL,23879431676,[PMAX - NAMORADOS 26 - NR],PERFORMANCE_MAX,2026-06-01,38610,29531,1.3074396397006536,157.436295,50,736.0
GERAL,GERAL,23879431676,[PMAX - NAMORADOS 26 - NR],PERFORMANCE_MAX,2026-06-02,13751,11371,1.2093043707677424,92.555086,50,467.0
GERAL,GERAL,23879431676,[PMAX - NAMORADOS 26 - NR],PERFORMANCE_MAX,2026-06-06,32910,25809,1.275136580262699,217.062711,50,672.0
GERAL,GERAL,23879437424,[PMAX - NAMORADOS 26 - NK],PERFORMANCE_MAX,2026-05-25,4595,3823,1.2019356526288256,42.386099,50,157.0
GERAL,GERAL,23879437424,[PMAX - NAMORADOS 26 - NK],PERFORMANCE_MAX,2026-05-26,16872,13749,1.227143792275802,145.811872,96,474.0
GERAL,GERAL,23879437424,[PMAX - NAMORADOS 26 - NK],PERFORMANCE_MAX,2026-05-27,23810,18471,1.289047696388934,152.78106,55,641.0
GERAL,GERAL,23879437424,[PMAX - NAMORADOS 26 - NK],PERFORMANCE_MAX,2026-05-28,33391,25193,1.3254078513872902,152.513964,43,793.0
GERAL,GERAL,23879437424,[PMAX - NAMORADOS 26 - NK],PERFORMANCE_MAX,2026-05-29,24885,19348,1.286179450072359,150.903412,47,684.0
GERAL,GERAL,23879437424,[PMAX - NAMORADOS 26 - NK],PERFORMANCE_MAX,2026-05-30,21394,16269,1.3150162886471204,142.602954,109,762.0
GERAL,GERAL,23879437424,[PMAX - NAMORADOS 26 - NK],PERFORMANCE_MAX,2026-05-31,14736,11646,1.265327150953117,79.3338,48,341.0
GERAL,GERAL,23879437424,[PMAX - NAMORADOS 26 - NK],PERFORMANCE_MAX,2026-06-01,31601,24471,1.291365289526378,158.534462,52,738.0
GERAL,GERAL,23879437424,[PMAX - NAMORADOS 26 - NK],PERFORMANCE_MAX,2026-06-02,11669,9080,1.2851321585903084,94.585518,31,447.0
GERAL,GERAL,23879437424,[PMAX - NAMORADOS 26 - NK],PERFORMANCE_MAX,2026-06-06,30043,23290,1.2899527694289394,219.499892,95,830.0
GERAL,GERAL,23879591732,[ALC - NAMORADOS 26 - BS],VIDEO,2026-05-25,6132,3363,1.8780850431162652,20.2288,34,5.0
GERAL,GERAL,23879591732,[ALC - NAMORADOS 26 - BS],VIDEO,2026-05-26,20150,20694,1.1829515801681647,65.268731,26,41.0
GERAL,GERAL,23879591732,[ALC - NAMORADOS 26 - BS],VIDEO,2026-05-27,23232,13447,1.8227857514687291,65.230712,99,14.0
GERAL,GERAL,23879591732,[ALC - NAMORADOS 26 - BS],VIDEO,2026-05-28,21024,13734,1.6440949468472403,65.346366,94,28.0
GERAL,GERAL,23879591732,[ALC - NAMORADOS 26 - BS],VIDEO,2026-05-29,22395,14237,1.6950902577790266,65.240381,83,22.0
GERAL,GERAL,23879591732,[ALC - NAMORADOS 26 - BS],VIDEO,2026-05-30,18901,12923,1.5802832159715237,65.277234,62,28.0
GERAL,GERAL,23879591732,[ALC - NAMORADOS 26 - BS],VIDEO,2026-05-31,22831,12868,1.8796238731737644,65.289543,68,9.0
GERAL,GERAL,23879591732,[ALC - NAMORADOS 26 - BS],VIDEO,2026-06-01,20011,14813,1.462499156146628,65.219089,52,20.0
GERAL,GERAL,23879591732,[ALC - NAMORADOS 26 - BS],VIDEO,2026-06-02,16178,9340,1.816916488222698,40.534475,39,15.0
GERAL,GERAL,23879591732,[ALC - NAMORADOS 26 - BS],VIDEO,2026-06-05,158,127,1.2440944881889764,0.869738,2,0.0
GERAL,GERAL,23879591732,[ALC - NAMORADOS 26 - BS],VIDEO,2026-06-06,26702,21794,1.3656052124437918,89.714338,57,63.0
GERAL,GERAL,23879762873,[ALC - NAMORADOS 26 - NS],VIDEO,2026-05-25,1449,1658,1.043425814234017,15.418175,2,7.0
GERAL,GERAL,23879762873,[ALC - NAMORADOS 26 - NS],VIDEO,2026-05-26,10969,9265,1.4,66.37511,15,79.0
GERAL,GERAL,23879762873,[ALC - NAMORADOS 26 - NS],VIDEO,2026-05-27,11734,9355,1.4978086584714057,66.017424,17,83.0
GERAL,GERAL,23879762873,[ALC - NAMORADOS 26 - NS],VIDEO,2026-05-28,11960,9885,1.4549317147192715,66.438525,5,99.0
GERAL,GERAL,23879762873,[ALC - NAMORADOS 26 - NS],VIDEO,2026-05-29,10888,8893,1.4456313954795907,66.463669,12,77.0
GERAL,GERAL,23879762873,[ALC - NAMORADOS 26 - NS],VIDEO,2026-05-30,10718,8634,1.4542506370164465,66.496818,15,80.0
GERAL,GERAL,23879762873,[ALC - NAMORADOS 26 - NS],VIDEO,2026-05-31,10689,8326,1.5018015853951476,66.923772,27,49.0
GERAL,GERAL,23879762873,[ALC - NAMORADOS 26 - NS],VIDEO,2026-06-01,12025,9760,1.4549180327868851,66.300286,17,86.0
GERAL,GERAL,23879762873,[ALC - NAMORADOS 26 - NS],VIDEO,2026-06-02,6578,5372,1.3922189128816083,41.850919,13,63.0
GERAL,GERAL,23879762873,[ALC - NAMORADOS 26 - NS],VIDEO,2026-06-06,12359,9827,1.4565991655642618,91.228619,46,68.0
GERAL,GERAL,23882908004,[DEMAND GEN - NAMORADOS 26 - CS],DEMAND_GEN,2026-05-26,8252,4654,1.7730984099699183,16.036833,183,14.0
GERAL,GERAL,23882908004,[DEMAND GEN - NAMORADOS 26 - CS],DEMAND_GEN,2026-05-27,19150,10099,1.8962273492424992,69.639047,445,41.0
GERAL,GERAL,23882908004,[DEMAND GEN - NAMORADOS 26 - CS],DEMAND_GEN,2026-05-28,17427,9583,1.8185328185328185,68.859911,392,36.5
GERAL,GERAL,23882908004,[DEMAND GEN - NAMORADOS 26 - CS],DEMAND_GEN,2026-05-29,12258,7765,1.5786220218931102,68.909413,309,28.0
GERAL,GERAL,23882908004,[DEMAND GEN - NAMORADOS 26 - CS],DEMAND_GEN,2026-05-30,16830,10294,1.634932970662522,68.896774,476,46.752572
GERAL,GERAL,23882908004,[DEMAND GEN - NAMORADOS 26 - CS],DEMAND_GEN,2026-05-31,16960,10846,1.5637101235478517,69.663676,463,45.514461
GERAL,GERAL,23882908004,[DEMAND GEN - NAMORADOS 26 - CS],DEMAND_GEN,2026-06-01,15607,11275,1.3842128603104213,69.743553,381,32.504931
GERAL,GERAL,23882908004,[DEMAND GEN - NAMORADOS 26 - CS],DEMAND_GEN,2026-06-02,7020,5041,1.392580837135489,69.197112,212,28.0
GERAL,GERAL,23882908004,[DEMAND GEN - NAMORADOS 26 - CS],DEMAND_GEN,2026-06-04,126,124,1.0161290322580645,3.695297,2,0.0
GERAL,GERAL,23882908004,[DEMAND GEN - NAMORADOS 26 - CS],DEMAND_GEN,2026-06-05,68,64,1.0625,0.966321,2,1.0
GERAL,GERAL,23882908004,[DEMAND GEN - NAMORADOS 26 - CS],DEMAND_GEN,2026-06-06,3094,2983,1.0372108615487765,182.425093,53,3.0
GERAL,GERAL,23882917439,[DEMAND GEN - NAMORADOS 26 - GS],DEMAND_GEN,2026-05-26,7903,4437,1.7811584403876493,15.445322,184,4.0
GERAL,GERAL,23882917439,[DEMAND GEN - NAMORADOS 26 - GS],DEMAND_GEN,2026-05-27,22605,11119,2.0330065653386096,68.944194,539,29.876966
GERAL,GERAL,23882917439,[DEMAND GEN - NAMORADOS 26 - GS],DEMAND_GEN,2026-05-28,18237,10210,1.7861900097943193,69.193691,554,27.739977
GERAL,GERAL,23882917439,[DEMAND GEN - NAMORADOS 26 - GS],DEMAND_GEN,2026-05-29,9759,6417,1.5208041140719963,68.965992,366,18.258001
GERAL,GERAL,23882917439,[DEMAND GEN - NAMORADOS 26 - GS],DEMAND_GEN,2026-05-30,12472,7893,1.5801342962118332,69.839765,434,30.0
GERAL,GERAL,23882917439,[DEMAND GEN - NAMORADOS 26 - GS],DEMAND_GEN,2026-05-31,12683,8351,1.5187402706262723,70.537242,387,25.407407
GERAL,GERAL,23882917439,[DEMAND GEN - NAMORADOS 26 - GS],DEMAND_GEN,2026-06-01,6854,5643,1.2146021619705831,73.695158,161,14.0
GERAL,GERAL,23882917439,[DEMAND GEN - NAMORADOS 26 - GS],DEMAND_GEN,2026-06-02,7648,5389,1.4191872332529227,69.560783,194,17.0
GERAL,GERAL,23882917439,[DEMAND GEN - NAMORADOS 26 - GS],DEMAND_GEN,2026-06-06,2677,2575,1.039611650485437,163.365409,48,2.0
GERAL,GERAL,23883796708,[PMAX - NAMORADOS 26 - GS],PERFORMANCE_MAX,2026-05-25,3653,2969,1.2303805995284607,32.041934,43,146.0
GERAL,GERAL,23883796708,[PMAX - NAMORADOS 26 - GS],PERFORMANCE_MAX,2026-05-26,13718,10916,1.2566874312935141,147.783294,100,356.0
GERAL,GERAL,23883796708,[PMAX - NAMORADOS 26 - GS],PERFORMANCE_MAX,2026-05-27,15334,12249,1.2518572944730182,154.554351,98,401.0
GERAL,GERAL,23883796708,[PMAX - NAMORADOS 26 - GS],PERFORMANCE_MAX,2026-05-28,18847,15023,1.2545430340145112,150.764889,102,426.0
GERAL,GERAL,23883796708,[PMAX - NAMORADOS 26 - GS],PERFORMANCE_MAX,2026-05-29,17193,13945,1.2329150233058443,152.405326,89,461.0
GERAL,GERAL,23883796708,[PMAX - NAMORADOS 26 - GS],PERFORMANCE_MAX,2026-05-30,13233,10529,1.2568145122993637,147.506687,121,508.0
GERAL,GERAL,23883796708,[PMAX - NAMORADOS 26 - GS],PERFORMANCE_MAX,2026-05-31,9473,7541,1.256199443044689,116.022225,133,303.0
GERAL,GERAL,23883796708,[PMAX - NAMORADOS 26 - GS],PERFORMANCE_MAX,2026-06-01,23890,19449,1.2283407887294977,156.43862,72,507.0
GERAL,GERAL,23883796708,[PMAX - NAMORADOS 26 - GS],PERFORMANCE_MAX,2026-06-02,9404,7502,1.2535323913623033,124.35157,54,328.0
GERAL,GERAL,23883796708,[PMAX - NAMORADOS 26 - GS],PERFORMANCE_MAX,2026-06-06,15470,13158,1.1757105943152455,213.251399,71,363.0
GERAL,GERAL,23883847336,[PMAX - NAMORADOS 26 - NS],PERFORMANCE_MAX,2026-05-25,2663,2304,1.1558159722222223,21.414498,26,128.0
GERAL,GERAL,23883847336,[PMAX - NAMORADOS 26 - NS],PERFORMANCE_MAX,2026-05-26,20157,16521,1.2200835300526602,149.342805,66,546.0
GERAL,GERAL,23883847336,[PMAX - NAMORADOS 26 - NS],PERFORMANCE_MAX,2026-05-27,28454,21576,1.3187801260659993,154.327859,69,588.0
GERAL,GERAL,23883847336,[PMAX - NAMORADOS 26 - NS],PERFORMANCE_MAX,2026-05-28,30245,23068,1.3111236344719959,153.544691,77,742.0
GERAL,GERAL,23883847336,[PMAX - NAMORADOS 26 - NS],PERFORMANCE_MAX,2026-05-29,25154,19665,1.2791253496058987,146.175188,66,721.0
GERAL,GERAL,23883847336,[PMAX - NAMORADOS 26 - NS],PERFORMANCE_MAX,2026-05-30,28851,21025,1.3722235434007135,151.356095,82,850.0
GERAL,GERAL,23883847336,[PMAX - NAMORADOS 26 - NS],PERFORMANCE_MAX,2026-05-31,30287,23229,1.3038443325153903,150.947308,108,669.0
GERAL,GERAL,23883847336,[PMAX - NAMORADOS 26 - NS],PERFORMANCE_MAX,2026-06-01,41852,30684,1.3639681918915396,133.112273,47,844.0
GERAL,GERAL,23883847336,[PMAX - NAMORADOS 26 - NS],PERFORMANCE_MAX,2026-06-02,15815,12441,1.2712000643035126,82.422844,39,606.0
GERAL,GERAL,23883847336,[PMAX - NAMORADOS 26 - NS],PERFORMANCE_MAX,2026-06-06,40400,28543,1.4154083312896333,216.590193,60,829.0
GERAL,GERAL,23884105885,[ALC - NAMORADOS 26 - GS],VIDEO,2026-05-25,5292,3715,1.5240915208613728,17.07317,31,2.0
GERAL,GERAL,23884105885,[ALC - NAMORADOS 26 - GS],VIDEO,2026-05-26,21888,22549,1.1841323340281165,64.582039,12,25.0
GERAL,GERAL,23884105885,[ALC - NAMORADOS 26 - GS],VIDEO,2026-05-27,21338,15080,1.551392572944297,65.387426,68,16.0
GERAL,GERAL,23884105885,[ALC - NAMORADOS 26 - GS],VIDEO,2026-05-28,24215,16371,1.5798057540773318,65.429347,102,18.0
GERAL,GERAL,23884105885,[ALC - NAMORADOS 26 - GS],VIDEO,2026-05-29,22658,14780,1.6450608930987822,65.536952,79,18.0
GERAL,GERAL,23884105885,[ALC - NAMORADOS 26 - GS],VIDEO,2026-05-30,21752,16470,1.4737704918032788,65.515871,73,13.0
GERAL,GERAL,23884105885,[ALC - NAMORADOS 26 - GS],VIDEO,2026-05-31,21135,15371,1.5234532561316765,65.635647,63,16.0
GERAL,GERAL,23884105885,[ALC - NAMORADOS 26 - GS],VIDEO,2026-06-01,22934,18044,1.4257370871203725,65.41964,46,17.0
GERAL,GERAL,23884105885,[ALC - NAMORADOS 26 - GS],VIDEO,2026-06-02,16345,13276,1.3887466104248267,41.50408,44,22.0
GERAL,GERAL,23884105885,[ALC - NAMORADOS 26 - GS],VIDEO,2026-06-03,63,58,1.1551724137931034,0.18577,1,0.0
GERAL,GERAL,23884105885,[ALC - NAMORADOS 26 - GS],VIDEO,2026-06-04,97,85,1.1411764705882352,0.250024,0,0.0
GERAL,GERAL,23884105885,[ALC - NAMORADOS 26 - GS],VIDEO,2026-06-05,87,78,1.1153846153846154,0.265308,0,0.0
GERAL,GERAL,23884105885,[ALC - NAMORADOS 26 - GS],VIDEO,2026-06-06,38216,18111,2.1276020098282813,89.881769,145,13.0
GERAL,GERAL,23884115719,[ALC - NAMORADOS 26 - NR],VIDEO,2026-05-25,4675,2797,1.6714336789417232,16.059793,23,0.0
GERAL,GERAL,23884115719,[ALC - NAMORADOS 26 - NR],VIDEO,2026-05-26,20601,17386,1.1849189002645808,65.457007,36,13.0
GERAL,GERAL,23884115719,[ALC - NAMORADOS 26 - NR],VIDEO,2026-05-27,22111,15418,1.4341029964976002,65.415576,63,8.0
GERAL,GERAL,23884115719,[ALC - NAMORADOS 26 - NR],VIDEO,2026-05-28,21212,16164,1.3122989359069537,65.435796,63,20.0
GERAL,GERAL,23884115719,[ALC - NAMORADOS 26 - NR],VIDEO,2026-05-29,20476,15622,1.310715657406222,65.449018,35,21.0
GERAL,GERAL,23884115719,[ALC - NAMORADOS 26 - NR],VIDEO,2026-05-30,18892,14317,1.3195501850946427,65.487726,47,43.0
GERAL,GERAL,23884115719,[ALC - NAMORADOS 26 - NR],VIDEO,2026-05-31,20548,15631,1.314567206192822,65.495606,53,15.0
GERAL,GERAL,23884115719,[ALC - NAMORADOS 26 - NR],VIDEO,2026-06-01,19447,15366,1.265586359494989,65.386181,33,42.0
GERAL,GERAL,23884115719,[ALC - NAMORADOS 26 - NR],VIDEO,2026-06-02,12424,9739,1.2756956566382585,42.760444,22,15.0
GERAL,GERAL,23884115719,[ALC - NAMORADOS 26 - NR],VIDEO,2026-06-04,80,69,1.1594202898550725,0.337378,0,0.0
GERAL,GERAL,23884115719,[ALC - NAMORADOS 26 - NR],VIDEO,2026-06-05,51,53,0.9622641509433962,0.233697,0,0.0
GERAL,GERAL,23884115719,[ALC - NAMORADOS 26 - NR],VIDEO,2026-06-06,25843,18781,1.376018316383579,89.780275,51,29.0
GERAL,GERAL,23884129587,[DEMAND GEN - NAMORADOS 26 - NR],DEMAND_GEN,2026-05-28,4377,2858,1.5314905528341498,22.501117,91,13.5
GERAL,GERAL,23884129587,[DEMAND GEN - NAMORADOS 26 - NR],DEMAND_GEN,2026-05-29,14539,7369,1.9729949789659385,76.687313,380,49.0
GERAL,GERAL,23884129587,[DEMAND GEN - NAMORADOS 26 - NR],DEMAND_GEN,2026-05-30,21574,11744,1.8370231607629428,76.588938,576,76.295133
GERAL,GERAL,23884129587,[DEMAND GEN - NAMORADOS 26 - NR],DEMAND_GEN,2026-05-31,22415,12271,1.8266644935213103,76.692234,542,74.0
GERAL,GERAL,23884129587,[DEMAND GEN - NAMORADOS 26 - NR],DEMAND_GEN,2026-06-01,13147,8579,1.532462991024595,77.597221,478,57.668407
GERAL,GERAL,23884129587,[DEMAND GEN - NAMORADOS 26 - NR],DEMAND_GEN,2026-06-02,9278,6328,1.466182048040455,50.725251,338,52.13301
GERAL,GERAL,23884129587,[DEMAND GEN - NAMORADOS 26 - NR],DEMAND_GEN,2026-06-04,103,98,1.0510204081632653,0.912828,1,0.0
GERAL,GERAL,23884129587,[DEMAND GEN - NAMORADOS 26 - NR],DEMAND_GEN,2026-06-06,2506,2392,1.0476588628762542,159.545853,57,10.0
GERAL,GERAL,23884136367,[DEMAND GEN - NAMORADOS 26 - NK],DEMAND_GEN,2026-05-28,3499,2408,1.4530730897009967,22.204496,68,9.5
GERAL,GERAL,23884136367,[DEMAND GEN - NAMORADOS 26 - NK],DEMAND_GEN,2026-05-29,18117,8819,2.054314548134709,77.391298,522,49.253397
GERAL,GERAL,23884136367,[DEMAND GEN - NAMORADOS 26 - NK],DEMAND_GEN,2026-05-30,23164,11405,2.0310390179745728,76.535739,606,89.247373
GERAL,GERAL,23884136367,[DEMAND GEN - NAMORADOS 26 - NK],DEMAND_GEN,2026-05-31,25629,12198,2.101082144613871,75.756385,648,89.097306
GERAL,GERAL,23884136367,[DEMAND GEN - NAMORADOS 26 - NK],DEMAND_GEN,2026-06-01,15705,8958,1.7531815137307434,76.685201,583,80.666667
GERAL,GERAL,23884136367,[DEMAND GEN - NAMORADOS 26 - NK],DEMAND_GEN,2026-06-02,8408,5219,1.611036597049243,46.169908,329,48.5
GERAL,GERAL,23884136367,[DEMAND GEN - NAMORADOS 26 - NK],DEMAND_GEN,2026-06-06,4918,4567,1.0768557039632143,149.10089,130,11.0
GERAL,GERAL,23893779085,[DEMAND GEN - NAMORADOS 26 - NS],DEMAND_GEN,2026-05-28,7468,4813,1.5516309993766881,20.197297,190,13.0
GERAL,GERAL,23893779085,[DEMAND GEN - NAMORADOS 26 - NS],DEMAND_GEN,2026-05-29,26622,11264,2.3634588068181817,76.776244,666,41.0
GERAL,GERAL,23893779085,[DEMAND GEN - NAMORADOS 26 - NS],DEMAND_GEN,2026-05-30,30289,13251,2.2857897517168517,76.683964,766,64.159622
GERAL,GERAL,23893779085,[DEMAND GEN - NAMORADOS 26 - NS],DEMAND_GEN,2026-05-31,20947,11585,1.8081139404402244,77.011018,652,41.594813
GERAL,GERAL,23893779085,[DEMAND GEN - NAMORADOS 26 - NS],DEMAND_GEN,2026-06-01,15140,8788,1.7228038233955394,76.757593,511,54.881244
GERAL,GERAL,23893779085,[DEMAND GEN - NAMORADOS 26 - NS],DEMAND_GEN,2026-06-02,8776,5444,1.612049963262307,52.651841,300,34.833334
GERAL,GERAL,23893779085,[DEMAND GEN - NAMORADOS 26 - NS],DEMAND_GEN,2026-06-04,134,138,0.9710144927536232,0.835394,5,1.0
GERAL,GERAL,23893779085,[DEMAND GEN - NAMORADOS 26 - NS],DEMAND_GEN,2026-06-06,3236,3053,1.0599410415984278,188.058085,95,6.0
GERAL,GERAL,21741027756,[APP INSTAL - GS],MULTI_CHANNEL,2026-07-12,73,54,1.3518518518518519,1.50591,8,0.0
GERAL,GERAL,21741027756,[APP INSTAL - GS],MULTI_CHANNEL,2026-07-13,790,416,1.8990384615384615,60.731279,74,0.0
GERAL,GERAL,21741027756,[APP INSTAL - GS],MULTI_CHANNEL,2026-07-14,1435,752,1.9082446808510638,58.833833,94,0.0
GERAL,GERAL,21741027756,[APP INSTAL - GS],MULTI_CHANNEL,2026-07-15,183,123,1.4878048780487805,3.279022,11,0.0
GERAL,GERAL,21741027756,[APP INSTAL - GS],MULTI_CHANNEL,2026-07-16,92,57,1.6140350877192982,0.234598,1,0.0
GERAL,GERAL,21741092154,[APP INSTAL - NS],MULTI_CHANNEL,2026-06-07,341,229,1.4890829694323144,1.55504,16,0.0
GERAL,GERAL,21741092154,[APP INSTAL - NS],MULTI_CHANNEL,2026-06-08,213,154,1.3831168831168832,0.53071,6,0.0
GERAL,GERAL,21741092154,[APP INSTAL - NS],MULTI_CHANNEL,2026-06-09,126,86,1.4651162790697674,0.663596,8,0.0
GERAL,GERAL,21741092154,[APP INSTAL - NS],MULTI_CHANNEL,2026-06-26,200,146,1.36986301369863,1.971667,18,0.0
GERAL,GERAL,21741092154,[APP INSTAL - NS],MULTI_CHANNEL,2026-06-27,491,373,1.324396782841823,4.699366,40,0.0
GERAL,GERAL,21741092154,[APP INSTAL - NS],MULTI_CHANNEL,2026-06-28,849,543,1.569060773480663,7.391808,75,0.0
GERAL,GERAL,21741092154,[APP INSTAL - NS],MULTI_CHANNEL,2026-06-29,702,480,1.46875,5.213887,71,0.0
GERAL,GERAL,21741092154,[APP INSTAL - NS],MULTI_CHANNEL,2026-06-30,720,498,1.4538152610441768,4.637514,49,0.0
GERAL,GERAL,21741092154,[APP INSTAL - NS],MULTI_CHANNEL,2026-07-01,1375,933,1.495176848874598,9.131173,119,0.0
GERAL,GERAL,21741092154,[APP INSTAL - NS],MULTI_CHANNEL,2026-07-02,2116,1353,1.5691056910569106,9.548833,136,0.0
GERAL,GERAL,21741092154,[APP INSTAL - NS],MULTI_CHANNEL,2026-07-03,2156,1337,1.6148092744951383,11.206592,150,0.0
GERAL,GERAL,21741092154,[APP INSTAL - NS],MULTI_CHANNEL,2026-07-04,1397,938,1.535181236673774,8.059638,111,0.0
GERAL,GERAL,21741092154,[APP INSTAL - NS],MULTI_CHANNEL,2026-07-05,1381,919,1.5451577801958651,8.085479,105,0.0
GERAL,GERAL,21741092154,[APP INSTAL - NS],MULTI_CHANNEL,2026-07-06,514,348,1.5344827586206897,3.109195,34,0.0
GERAL,GERAL,21741092154,[APP INSTAL - NS],MULTI_CHANNEL,2026-07-07,130,93,1.4623655913978495,1.006333,9,0.0
GERAL,GERAL,21741092154,[APP INSTAL - NS],MULTI_CHANNEL,2026-07-08,86,53,1.6415094339622642,0.645803,4,0.0
GERAL,GERAL,21741092154,[APP INSTAL - NS],MULTI_CHANNEL,2026-07-09,98,64,1.546875,0.555045,5,0.0
GERAL,GERAL,21741092154,[APP INSTAL - NS],MULTI_CHANNEL,2026-07-10,103,66,1.5606060606060606,0.494108,5,0.0
GERAL,GERAL,21741092154,[APP INSTAL - NS],MULTI_CHANNEL,2026-07-12,124,76,1.631578947368421,1.441254,13,0.0
GERAL,GERAL,21747173498,[APP INSTAL - CS],MULTI_CHANNEL,2026-06-27,61,53,1.150943396226415,0.535203,7,0.0
GERAL,GERAL,21747173498,[APP INSTAL - CS],MULTI_CHANNEL,2026-06-28,59,52,1.1346153846153846,1.384281,16,0.0
GERAL,GERAL,21750784471,[APP INSTAL - UNIFICADA],MULTI_CHANNEL,2026-06-07,111,85,1.3058823529411765,0.485962,6,0.0
GERAL,GERAL,21750784471,[APP INSTAL - UNIFICADA],MULTI_CHANNEL,2026-06-08,54,51,1.0588235294117647,0.385468,9,0.0
GERAL,GERAL,21750784471,[APP INSTAL - UNIFICADA],MULTI_CHANNEL,2026-06-27,100,64,1.5625,0.487238,3,0.0
GERAL,GERAL,21750784471,[APP INSTAL - UNIFICADA],MULTI_CHANNEL,2026-06-28,86,67,1.2835820895522387,0.509866,0,0.0
GERAL,GERAL,21750784471,[APP INSTAL - UNIFICADA],MULTI_CHANNEL,2026-07-15,100,76,1.3157894736842106,0.545997,4,0.0
GERAL,GERAL,21750784471,[APP INSTAL - UNIFICADA],MULTI_CHANNEL,2026-07-16,225,155,1.4516129032258065,0.986345,13,0.0
GERAL,GERAL,21750784471,[APP INSTAL - UNIFICADA],MULTI_CHANNEL,2026-07-17,9786,4372,2.238334858188472,302.897926,634,0.0
GERAL,GERAL,21750784471,[APP INSTAL - UNIFICADA],MULTI_CHANNEL,2026-07-18,8227,3317,2.480554718118782,310.309922,360,0.0
GERAL,GERAL,21750784471,[APP INSTAL - UNIFICADA],MULTI_CHANNEL,2026-07-19,10525,4441,2.3701868948435036,306.148399,523,0.0
GERAL,GERAL,21750784471,[APP INSTAL - UNIFICADA],MULTI_CHANNEL,2026-07-20,12439,4630,2.6866090712742983,306.798176,609,0.0
GERAL,GERAL,21750784471,[APP INSTAL - UNIFICADA],MULTI_CHANNEL,2026-07-21,7038,3156,2.2306717363751583,156.429279,352,1.0
GERAL,GERAL,21750784471,[APP INSTAL - UNIFICADA],MULTI_CHANNEL,2026-07-22,29651,13554,2.1948502287147704,469.90427,932,0.0
GERAL,GERAL,21750784471,[APP INSTAL - UNIFICADA],MULTI_CHANNEL,2026-07-23,28775,13717,2.1132900780053947,328.461295,820,0.0
GERAL,GERAL,21750784471,[APP INSTAL - UNIFICADA],MULTI_CHANNEL,2026-07-24,61491,30245,2.0577946768060835,307.378511,2151,1.0
GERAL,GERAL,21750784471,[APP INSTAL - UNIFICADA],MULTI_CHANNEL,2026-07-25,82015,35932,2.297005454747857,305.823402,2758,1.0
GERAL,GERAL,21750784471,[APP INSTAL - UNIFICADA],MULTI_CHANNEL,2026-07-26,80797,36409,2.2306847208107885,304.900631,2770,1.0
GERAL,GERAL,21750784471,[APP INSTAL - UNIFICADA],MULTI_CHANNEL,2026-07-27,60718,26682,2.2907952927066937,296.232735,2011,0.0
GERAL,GERAL,21750784471,[APP INSTAL - UNIFICADA],MULTI_CHANNEL,2026-07-28,37957,11255,3.3740559751221677,182.619343,1175,0.0
GERAL,GERAL,21750784471,[APP INSTAL - UNIFICADA],MULTI_CHANNEL,2026-07-29,66235,18854,3.5141614511509496,368.552129,1918,1.0
GERAL,GERAL,21750784471,[APP INSTAL - UNIFICADA],MULTI_CHANNEL,2026-07-30,57787,13961,4.140319461356636,291.811299,1432,1.0
GERAL,GERAL,21750784471,[APP INSTAL - UNIFICADA],MULTI_CHANNEL,2026-07-31,37984,10857,3.49894077553652,261.254815,1286,1.0
GERAL,GERAL,21750784471,[APP INSTAL - UNIFICADA],MULTI_CHANNEL,2026-08-01,44987,12381,3.635489863500525,311.779824,1562,0.0
GERAL,GERAL,21750784471,[APP INSTAL - UNIFICADA],MULTI_CHANNEL,2026-08-02,50918,13991,3.6398398970766923,306.078911,1746,0.0
GERAL,GERAL,21750784471,[APP INSTAL - UNIFICADA],MULTI_CHANNEL,2026-08-03,50899,13932,3.65389032443296,308.252262,1732,0.0
GERAL,GERAL,21750784471,[APP INSTAL - UNIFICADA],MULTI_CHANNEL,2026-08-04,47030,12745,3.6901530011769323,307.319165,1593,0.0
GERAL,GERAL,21750784471,[APP INSTAL - UNIFICADA],MULTI_CHANNEL,2026-08-05,41311,11673,3.539021673948428,309.00602,1430,0.0
GERAL,GERAL,21750784471,[APP INSTAL - UNIFICADA],MULTI_CHANNEL,2026-08-06,41979,11843,3.5448788313771846,287.396969,1427,0.0
GERAL,GERAL,21750784471,[APP INSTAL - UNIFICADA],MULTI_CHANNEL,2026-08-07,40528,11890,3.4089991589571067,288.07292,1393,1.0
GERAL,GERAL,21750784471,[APP INSTAL - UNIFICADA],MULTI_CHANNEL,2026-08-08,45116,11834,3.812827446341051,303.265022,1678,0.0
GERAL,GERAL,21750784471,[APP INSTAL - UNIFICADA],MULTI_CHANNEL,2026-08-09,44926,11981,3.7501043318587763,311.790729,1840,0.0
GERAL,GERAL,21750784471,[APP INSTAL - UNIFICADA],MULTI_CHANNEL,2026-08-10,40467,11559,3.500994895752228,303.640985,1554,0.0
GERAL,GERAL,21750784471,[APP INSTAL - UNIFICADA],MULTI_CHANNEL,2026-08-11,43229,11942,3.6199129124099816,297.348483,1682,0.0
GERAL,GERAL,21750784471,[APP INSTAL - UNIFICADA],MULTI_CHANNEL,2026-08-12,45411,12560,3.615684713375796,303.909177,1654,0.0
GERAL,GERAL,21750784471,[APP INSTAL - UNIFICADA],MULTI_CHANNEL,2026-08-13,48589,13122,3.7028654168571866,301.869139,1860,0.0
GERAL,GERAL,21750784471,[APP INSTAL - UNIFICADA],MULTI_CHANNEL,2026-08-14,48014,13103,3.6644279935892543,298.746795,2078,0.0
GERAL,GERAL,21750784471,[APP INSTAL - UNIFICADA],MULTI_CHANNEL,2026-08-15,51293,13242,3.8735840507476214,296.924191,2885,0.0
GERAL,GERAL,21750784471,[APP INSTAL - UNIFICADA],MULTI_CHANNEL,2026-08-16,48487,11713,4.13958849141979,297.339464,2842,0.0
GERAL,GERAL,21750784471,[APP INSTAL - UNIFICADA],MULTI_CHANNEL,2026-08-17,47358,12098,3.9145313274921474,304.415633,1999,0.0
GERAL,GERAL,21750784471,[APP INSTAL - UNIFICADA],MULTI_CHANNEL,2026-08-18,38992,11149,3.497354022782312,225.639886,1814,0.0
GERAL,GERAL,21750784471,[APP INSTAL - UNIFICADA],MULTI_CHANNEL,2026-08-19,37397,11187,3.3430767855546617,192.580855,1978,0.0
GERAL,GERAL,21750784471,[APP INSTAL - UNIFICADA],MULTI_CHANNEL,2026-08-20,6789,2809,2.4172303310786756,41.133602,276,0.0
GERAL,GERAL,21751147342,[APP INSTAL - NR],MULTI_CHANNEL,2026-07-05,88,56,1.5714285714285714,0.421073,6,0.0
GERAL,GERAL,21751147342,[APP INSTAL - NR],MULTI_CHANNEL,2026-07-11,144,81,1.7777777777777777,3.861424,16,0.0
GERAL,GERAL,21751147342,[APP INSTAL - NR],MULTI_CHANNEL,2026-07-12,159,122,1.3032786885245902,2.09804,18,0.0
GERAL,GERAL,21751147342,[APP INSTAL - NR],MULTI_CHANNEL,2026-07-13,91,57,1.5964912280701755,2.438375,7,0.0
GERAL,GERAL,23846004215,[PMAX - CAPIVALLEY - GS],PERFORMANCE_MAX,2026-06-07,1586,1136,1.3961267605633803,13.430819,142,113.0
GERAL,GERAL,23846004215,[PMAX - CAPIVALLEY - GS],PERFORMANCE_MAX,2026-06-08,988,738,1.3387533875338753,4.001013,81,43.0
GERAL,GERAL,23846004215,[PMAX - CAPIVALLEY - GS],PERFORMANCE_MAX,2026-06-09,787,611,1.288052373158756,3.159953,66,52.0
GERAL,GERAL,23846004215,[PMAX - CAPIVALLEY - GS],PERFORMANCE_MAX,2026-06-10,887,641,1.3837753510140405,8.831144,91,57.0
GERAL,GERAL,23846004215,[PMAX - CAPIVALLEY - GS],PERFORMANCE_MAX,2026-06-11,441,333,1.3243243243243243,3.999579,60,41.0
GERAL,GERAL,23874150237,[PMAX - NAMORADOS 26 - CS],PERFORMANCE_MAX,2026-06-07,36986,28654,1.2907796468206882,211.076876,138,813.0
GERAL,GERAL,23874150237,[PMAX - NAMORADOS 26 - CS],PERFORMANCE_MAX,2026-06-08,35503,28356,1.3547397376216674,207.51226,111,762.0
GERAL,GERAL,23874150237,[PMAX - NAMORADOS 26 - CS],PERFORMANCE_MAX,2026-06-09,36438,29308,1.3442404804149037,211.234487,108,792.0
GERAL,GERAL,23874150237,[PMAX - NAMORADOS 26 - CS],PERFORMANCE_MAX,2026-06-10,36736,30889,1.3224125093075205,212.363638,122,892.0
GERAL,GERAL,23874150237,[PMAX - NAMORADOS 26 - CS],PERFORMANCE_MAX,2026-06-11,41247,34445,1.3334301059660327,209.730786,82,926.0
GERAL,GERAL,23874150237,[PMAX - NAMORADOS 26 - CS],PERFORMANCE_MAX,2026-06-12,31198,24915,1.346417820590006,212.609155,137,807.0
GERAL,GERAL,23874150237,[PMAX - NAMORADOS 26 - CS],PERFORMANCE_MAX,2026-06-13,43882,36451,1.3652849030204932,209.810216,100,1046.0
GERAL,GERAL,23874150237,[PMAX - NAMORADOS 26 - CS],PERFORMANCE_MAX,2026-06-14,21327,17860,1.312821948488242,126.059616,115,592.0
GERAL,GERAL,23874457413,[ALC - NAMORADOS 26 - CS],VIDEO,2026-06-07,35507,26800,1.4216044776119403,89.921185,66,46.0
GERAL,GERAL,23874457413,[ALC - NAMORADOS 26 - CS],VIDEO,2026-06-08,33682,24890,1.4736038569706709,89.934406,75,19.0
GERAL,GERAL,23874457413,[ALC - NAMORADOS 26 - CS],VIDEO,2026-06-09,30285,24112,1.393662906436629,90.084524,41,27.0
GERAL,GERAL,23874457413,[ALC - NAMORADOS 26 - CS],VIDEO,2026-06-10,32508,25534,1.4044019738388032,90.309784,48,26.0
GERAL,GERAL,23874457413,[ALC - NAMORADOS 26 - CS],VIDEO,2026-06-11,29788,22112,1.4582127351664256,90.369159,91,29.0
GERAL,GERAL,23874457413,[ALC - NAMORADOS 26 - CS],VIDEO,2026-06-12,28858,24402,1.3232521924432423,90.45636,67,45.0
GERAL,GERAL,23874457413,[ALC - NAMORADOS 26 - CS],VIDEO,2026-06-13,29411,21849,1.453659206371001,90.710063,80,36.0
GERAL,GERAL,23874457413,[ALC - NAMORADOS 26 - CS],VIDEO,2026-06-14,20114,16372,1.367212313706328,65.716342,54,22.0
GERAL,GERAL,23874502272,[ALC - NAMORADOS 26 - NK],VIDEO,2026-06-07,29409,29554,1.1040129931650537,91.924259,41,44.5
GERAL,GERAL,23874502272,[ALC - NAMORADOS 26 - NK],VIDEO,2026-06-08,27259,29227,1.115578061381599,91.669145,27,37.0
GERAL,GERAL,23874502272,[ALC - NAMORADOS 26 - NK],VIDEO,2026-06-09,28615,30541,1.1162044464817786,92.073851,25,36.0
GERAL,GERAL,23874502272,[ALC - NAMORADOS 26 - NK],VIDEO,2026-06-10,28446,29611,1.1310999290804093,92.325568,25,32.0
GERAL,GERAL,23874502272,[ALC - NAMORADOS 26 - NK],VIDEO,2026-06-11,25314,23985,1.1849072336877216,92.300477,54,36.0
GERAL,GERAL,23874502272,[ALC - NAMORADOS 26 - NK],VIDEO,2026-06-12,24887,25692,1.1196870621205044,92.58381,34,19.0
GERAL,GERAL,23874502272,[ALC - NAMORADOS 26 - NK],VIDEO,2026-06-13,24130,24439,1.1470191088015058,92.761217,32,25.0
GERAL,GERAL,23874502272,[ALC - NAMORADOS 26 - NK],VIDEO,2026-06-14,17104,17724,1.1341119386143084,64.483437,34,21.0
GERAL,GERAL,23877666141,[DEMAND GEN - NAMORADOS 26 - BS],DEMAND_GEN,2026-06-07,8574,5730,1.4963350785340315,98.26904,298,18.0
GERAL,GERAL,23877666141,[DEMAND GEN - NAMORADOS 26 - BS],DEMAND_GEN,2026-06-08,13887,7971,1.7421904403462551,85.361226,509,32.657566
GERAL,GERAL,23877666141,[DEMAND GEN - NAMORADOS 26 - BS],DEMAND_GEN,2026-06-09,20200,10115,1.9971329708353929,85.425011,653,41.0
GERAL,GERAL,23877666141,[DEMAND GEN - NAMORADOS 26 - BS],DEMAND_GEN,2026-06-10,21735,11576,1.8775915687629579,85.528187,840,55.0
GERAL,GERAL,23877666141,[DEMAND GEN - NAMORADOS 26 - BS],DEMAND_GEN,2026-06-11,23736,12696,1.8696439823566477,85.369252,717,29.886146
GERAL,GERAL,23877666141,[DEMAND GEN - NAMORADOS 26 - BS],DEMAND_GEN,2026-06-12,21818,12801,1.704398093898914,85.616667,788,74.0
GERAL,GERAL,23877666141,[DEMAND GEN - NAMORADOS 26 - BS],DEMAND_GEN,2026-06-13,18306,11506,1.5909960020858682,84.422826,691,52.0
GERAL,GERAL,23877666141,[DEMAND GEN - NAMORADOS 26 - BS],DEMAND_GEN,2026-06-14,10276,7353,1.3976608187134503,56.291141,409,33.6875
GERAL,GERAL,23878996547,[PMAX - NAMORADOS 26 - BS],PERFORMANCE_MAX,2026-06-07,18404,13418,1.3715904009539424,210.17037,149,842.0
GERAL,GERAL,23878996547,[PMAX - NAMORADOS 26 - BS],PERFORMANCE_MAX,2026-06-08,20119,15619,1.3748639477559383,208.22297,107,724.0
GERAL,GERAL,23878996547,[PMAX - NAMORADOS 26 - BS],PERFORMANCE_MAX,2026-06-09,19118,14594,1.3725503631629437,208.791777,100,695.0
GERAL,GERAL,23878996547,[PMAX - NAMORADOS 26 - BS],PERFORMANCE_MAX,2026-06-10,20585,16308,1.3554697081187148,211.147717,93,782.0
GERAL,GERAL,23878996547,[PMAX - NAMORADOS 26 - BS],PERFORMANCE_MAX,2026-06-11,19462,15367,1.348408928222815,209.470416,108,781.0
GERAL,GERAL,23878996547,[PMAX - NAMORADOS 26 - BS],PERFORMANCE_MAX,2026-06-12,18852,14662,1.361410448779157,211.873442,114,837.0
GERAL,GERAL,23878996547,[PMAX - NAMORADOS 26 - BS],PERFORMANCE_MAX,2026-06-13,24404,20134,1.3359491407569286,211.9696,137,1103.0
GERAL,GERAL,23878996547,[PMAX - NAMORADOS 26 - BS],PERFORMANCE_MAX,2026-06-14,16347,13045,1.339440398620161,174.075387,128,852.0
GERAL,GERAL,23879431676,[PMAX - NAMORADOS 26 - NR],PERFORMANCE_MAX,2026-06-07,49227,34817,1.413878277852773,217.309688,79,836.0
GERAL,GERAL,23879431676,[PMAX - NAMORADOS 26 - NR],PERFORMANCE_MAX,2026-06-08,49750,42755,1.384726932522512,201.357109,49,735.0
GERAL,GERAL,23879431676,[PMAX - NAMORADOS 26 - NR],PERFORMANCE_MAX,2026-06-09,49905,43041,1.368625264282893,216.905696,94,769.0
GERAL,GERAL,23879431676,[PMAX - NAMORADOS 26 - NR],PERFORMANCE_MAX,2026-06-10,52544,44288,1.40308887283237,220.31016,80,954.0
GERAL,GERAL,23879431676,[PMAX - NAMORADOS 26 - NR],PERFORMANCE_MAX,2026-06-11,51552,44276,1.3730237600505917,218.511865,80,977.0
GERAL,GERAL,23879431676,[PMAX - NAMORADOS 26 - NR],PERFORMANCE_MAX,2026-06-12,41854,36670,1.3204526861194437,216.401711,107,895.0
GERAL,GERAL,23879431676,[PMAX - NAMORADOS 26 - NR],PERFORMANCE_MAX,2026-06-13,47158,39614,1.4021558035038117,177.608035,45,967.0
GERAL,GERAL,23879431676,[PMAX - NAMORADOS 26 - NR],PERFORMANCE_MAX,2026-06-14,50600,42525,1.4243386243386242,226.241385,77,899.0
GERAL,GERAL,23879437424,[PMAX - NAMORADOS 26 - NK],PERFORMANCE_MAX,2026-06-07,52365,36921,1.4182985292922727,218.950427,88,915.0
GERAL,GERAL,23879437424,[PMAX - NAMORADOS 26 - NK],PERFORMANCE_MAX,2026-06-08,36367,31070,1.3304151915030575,215.394085,42,722.0
GERAL,GERAL,23879437424,[PMAX - NAMORADOS 26 - NK],PERFORMANCE_MAX,2026-06-09,39062,32696,1.34738194274529,218.881668,58,762.0
GERAL,GERAL,23879437424,[PMAX - NAMORADOS 26 - NK],PERFORMANCE_MAX,2026-06-10,40355,33512,1.3545595607543566,219.543248,59,845.0
GERAL,GERAL,23879437424,[PMAX - NAMORADOS 26 - NK],PERFORMANCE_MAX,2026-06-11,44274,36931,1.3529013565838997,219.902766,73,982.0
GERAL,GERAL,23879437424,[PMAX - NAMORADOS 26 - NK],PERFORMANCE_MAX,2026-06-12,34590,28815,1.3297935103244838,213.380005,74,886.0
GERAL,GERAL,23879437424,[PMAX - NAMORADOS 26 - NK],PERFORMANCE_MAX,2026-06-13,36069,30170,1.3602916804772953,168.512467,65,933.0
GERAL,GERAL,23879437424,[PMAX - NAMORADOS 26 - NK],PERFORMANCE_MAX,2026-06-14,46644,39813,1.3755808404290055,214.797191,54,858.0
GERAL,GERAL,23879591732,[ALC - NAMORADOS 26 - BS],VIDEO,2026-06-07,26021,24194,1.2258411176324708,89.706316,50,76.0
GERAL,GERAL,23879591732,[ALC - NAMORADOS 26 - BS],VIDEO,2026-06-08,25939,23413,1.2787340366463076,89.72436,60,27.0
GERAL,GERAL,23879591732,[ALC - NAMORADOS 26 - BS],VIDEO,2026-06-09,24663,21586,1.3139071620494764,89.807495,72,29.0
GERAL,GERAL,23879591732,[ALC - NAMORADOS 26 - BS],VIDEO,2026-06-10,24562,20764,1.3513773839337315,89.905319,39,47.0
GERAL,GERAL,23879591732,[ALC - NAMORADOS 26 - BS],VIDEO,2026-06-11,21220,18425,1.297910447761194,89.935826,55,38.0
GERAL,GERAL,23879591732,[ALC - NAMORADOS 26 - BS],VIDEO,2026-06-12,22946,17594,1.4331021939297488,90.019396,91,36.0
GERAL,GERAL,23879591732,[ALC - NAMORADOS 26 - BS],VIDEO,2026-06-13,24566,18402,1.4592979024019128,90.360088,103,39.0
GERAL,GERAL,23879591732,[ALC - NAMORADOS 26 - BS],VIDEO,2026-06-14,19224,13379,1.5551237013229688,64.769317,68,16.0
GERAL,GERAL,23879762873,[ALC - NAMORADOS 26 - NS],VIDEO,2026-06-07,16865,13056,1.5634957107843137,91.39221,32,78.0
GERAL,GERAL,23879762873,[ALC - NAMORADOS 26 - NS],VIDEO,2026-06-08,15765,12061,1.5852748528314402,91.254624,25,73.0
GERAL,GERAL,23879762873,[ALC - NAMORADOS 26 - NS],VIDEO,2026-06-09,15078,11422,1.6018210471020837,91.457749,17,76.120112
GERAL,GERAL,23879762873,[ALC - NAMORADOS 26 - NS],VIDEO,2026-06-10,15033,11309,1.614112653638695,91.744528,24,99.0
GERAL,GERAL,23879762873,[ALC - NAMORADOS 26 - NS],VIDEO,2026-06-11,13933,10776,1.5715478841870825,91.67252,18,83.0
GERAL,GERAL,23879762873,[ALC - NAMORADOS 26 - NS],VIDEO,2026-06-12,13762,10688,1.5512724550898203,91.426583,33,80.296022
GERAL,GERAL,23879762873,[ALC - NAMORADOS 26 - NS],VIDEO,2026-06-13,13191,10517,1.5223923172007225,91.921791,27,73.0
GERAL,GERAL,23879762873,[ALC - NAMORADOS 26 - NS],VIDEO,2026-06-14,9492,8427,1.3728491752699656,61.361426,9,48.0
GERAL,GERAL,23882908004,[DEMAND GEN - NAMORADOS 26 - CS],DEMAND_GEN,2026-06-07,8447,6672,1.266037170263789,163.482714,202,9.952495
GERAL,GERAL,23882908004,[DEMAND GEN - NAMORADOS 26 - CS],DEMAND_GEN,2026-06-08,14263,9432,1.512192536047498,69.998081,362,31.0
GERAL,GERAL,23882908004,[DEMAND GEN - NAMORADOS 26 - CS],DEMAND_GEN,2026-06-09,16563,10958,1.5114984486220113,67.332645,433,26.886146
GERAL,GERAL,23882908004,[DEMAND GEN - NAMORADOS 26 - CS],DEMAND_GEN,2026-06-10,23218,13648,1.7012016412661195,67.335578,576,36.833333
GERAL,GERAL,23882908004,[DEMAND GEN - NAMORADOS 26 - CS],DEMAND_GEN,2026-06-11,18617,10826,1.7196563827821911,67.884963,389,31.0
GERAL,GERAL,23882908004,[DEMAND GEN - NAMORADOS 26 - CS],DEMAND_GEN,2026-06-12,19888,12263,1.6218706678626764,67.268556,470,44.5
GERAL,GERAL,23882908004,[DEMAND GEN - NAMORADOS 26 - CS],DEMAND_GEN,2026-06-13,16775,10745,1.5611912517449977,67.307193,466,32.0
GERAL,GERAL,23882908004,[DEMAND GEN - NAMORADOS 26 - CS],DEMAND_GEN,2026-06-14,7840,5937,1.3205322553478187,54.943474,224,18.688552
GERAL,GERAL,23882917439,[DEMAND GEN - NAMORADOS 26 - GS],DEMAND_GEN,2026-06-07,7841,6469,1.212088421703509,163.965105,212,6.0
GERAL,GERAL,23882917439,[DEMAND GEN - NAMORADOS 26 - GS],DEMAND_GEN,2026-06-08,9889,7282,1.3580060422960725,99.320142,259,20.0
GERAL,GERAL,23882917439,[DEMAND GEN - NAMORADOS 26 - GS],DEMAND_GEN,2026-06-09,10718,7709,1.3903229990919703,66.370275,276,15.0
GERAL,GERAL,23882917439,[DEMAND GEN - NAMORADOS 26 - GS],DEMAND_GEN,2026-06-10,15150,9597,1.578618318224445,65.072185,404,30.0
GERAL,GERAL,23882917439,[DEMAND GEN - NAMORADOS 26 - GS],DEMAND_GEN,2026-06-11,15424,9460,1.6304439746300212,65.132211,511,32.871802
GERAL,GERAL,23882917439,[DEMAND GEN - NAMORADOS 26 - GS],DEMAND_GEN,2026-06-12,10151,6613,1.5350068047784666,67.132762,307,29.0
GERAL,GERAL,23882917439,[DEMAND GEN - NAMORADOS 26 - GS],DEMAND_GEN,2026-06-13,6230,4739,1.3146233382570163,68.345737,185,10.0
GERAL,GERAL,23882917439,[DEMAND GEN - NAMORADOS 26 - GS],DEMAND_GEN,2026-06-14,3514,2897,1.2129789437348981,60.52714,93,7.0
GERAL,GERAL,23883796708,[PMAX - NAMORADOS 26 - GS],PERFORMANCE_MAX,2026-06-07,39431,30626,1.287500816299876,211.905356,91,608.0
GERAL,GERAL,23883796708,[PMAX - NAMORADOS 26 - GS],PERFORMANCE_MAX,2026-06-08,26170,24004,1.2685802366272287,208.563673,107,598.0
GERAL,GERAL,23883796708,[PMAX - NAMORADOS 26 - GS],PERFORMANCE_MAX,2026-06-09,26964,25200,1.2506746031746032,212.586905,129,575.0
GERAL,GERAL,23883796708,[PMAX - NAMORADOS 26 - GS],PERFORMANCE_MAX,2026-06-10,36080,32345,1.314700881125367,212.227404,89,675.0
GERAL,GERAL,23883796708,[PMAX - NAMORADOS 26 - GS],PERFORMANCE_MAX,2026-06-11,29183,27003,1.2670444024737992,209.254971,127,674.0
GERAL,GERAL,23883796708,[PMAX - NAMORADOS 26 - GS],PERFORMANCE_MAX,2026-06-12,23710,21562,1.2592987663482051,213.74467,132,614.0
GERAL,GERAL,23883796708,[PMAX - NAMORADOS 26 - GS],PERFORMANCE_MAX,2026-06-13,34267,30497,1.3442305800570549,213.068582,116,755.0
GERAL,GERAL,23883796708,[PMAX - NAMORADOS 26 - GS],PERFORMANCE_MAX,2026-06-14,19114,18340,1.2455834242093784,143.374213,82,476.0
GERAL,GERAL,23883847336,[PMAX - NAMORADOS 26 - NS],PERFORMANCE_MAX,2026-06-07,52731,34683,1.52037021018943,216.529837,95,946.0
GERAL,GERAL,23883847336,[PMAX - NAMORADOS 26 - NS],PERFORMANCE_MAX,2026-06-08,47186,39420,1.423921867072552,193.991329,76,812.0
GERAL,GERAL,23883847336,[PMAX - NAMORADOS 26 - NS],PERFORMANCE_MAX,2026-06-09,49872,40759,1.4356093132805026,218.870682,84,921.0
GERAL,GERAL,23883847336,[PMAX - NAMORADOS 26 - NS],PERFORMANCE_MAX,2026-06-10,52422,42114,1.4660445457567555,220.625443,70,978.0
GERAL,GERAL,23883847336,[PMAX - NAMORADOS 26 - NS],PERFORMANCE_MAX,2026-06-11,48748,40535,1.4111508572838287,217.388174,68,1024.0
GERAL,GERAL,23883847336,[PMAX - NAMORADOS 26 - NS],PERFORMANCE_MAX,2026-06-12,43580,36492,1.396908911542256,211.618981,105,985.0
GERAL,GERAL,23883847336,[PMAX - NAMORADOS 26 - NS],PERFORMANCE_MAX,2026-06-13,42527,34163,1.4673184439305682,177.781423,77,983.0
GERAL,GERAL,23883847336,[PMAX - NAMORADOS 26 - NS],PERFORMANCE_MAX,2026-06-14,43378,35109,1.459198496112108,181.839637,85,860.0
GERAL,GERAL,23884105885,[ALC - NAMORADOS 26 - GS],VIDEO,2026-06-07,31035,24009,1.422758132367029,89.874979,91,29.0
GERAL,GERAL,23884105885,[ALC - NAMORADOS 26 - GS],VIDEO,2026-06-08,34116,26099,1.4451128395723973,89.938529,108,21.0
GERAL,GERAL,23884105885,[ALC - NAMORADOS 26 - GS],VIDEO,2026-06-09,30052,24776,1.3473926380368098,90.036107,89,18.0
GERAL,GERAL,23884105885,[ALC - NAMORADOS 26 - GS],VIDEO,2026-06-10,31261,23975,1.439290928050052,90.146827,81,14.0
GERAL,GERAL,23884105885,[ALC - NAMORADOS 26 - GS],VIDEO,2026-06-11,30291,21335,1.5325521443637216,90.190766,101,29.0
GERAL,GERAL,23884105885,[ALC - NAMORADOS 26 - GS],VIDEO,2026-06-12,28143,25175,1.2694736842105263,90.326817,68,33.0
GERAL,GERAL,23884105885,[ALC - NAMORADOS 26 - GS],VIDEO,2026-06-13,28266,20801,1.4712273448391904,90.577621,130,23.0
GERAL,GERAL,23884105885,[ALC - NAMORADOS 26 - GS],VIDEO,2026-06-14,17263,14917,1.3156130589260575,63.540125,49,32.0
GERAL,GERAL,23884115719,[ALC - NAMORADOS 26 - NR],VIDEO,2026-06-07,26750,23094,1.158309517623625,89.782677,35,37.5
GERAL,GERAL,23884115719,[ALC - NAMORADOS 26 - NR],VIDEO,2026-06-08,25064,24276,1.1990031306640303,89.73307,41,33.0
GERAL,GERAL,23884115719,[ALC - NAMORADOS 26 - NR],VIDEO,2026-06-09,24908,24764,1.163745759974156,89.80884,48,24.0
GERAL,GERAL,23884115719,[ALC - NAMORADOS 26 - NR],VIDEO,2026-06-10,25784,23782,1.2260953662433773,90.048691,58,28.0
GERAL,GERAL,23884115719,[ALC - NAMORADOS 26 - NR],VIDEO,2026-06-11,26082,25458,1.1522900463508523,90.158636,49,21.0
GERAL,GERAL,23884115719,[ALC - NAMORADOS 26 - NR],VIDEO,2026-06-12,22409,22817,1.1300346233071832,90.311848,39,32.0
GERAL,GERAL,23884115719,[ALC - NAMORADOS 26 - NR],VIDEO,2026-06-13,20743,20514,1.1723213415228624,90.559068,32,33.0
GERAL,GERAL,23884115719,[ALC - NAMORADOS 26 - NR],VIDEO,2026-06-14,14473,14719,1.1559209185406618,59.919826,30,24.0
GERAL,GERAL,23884129587,[DEMAND GEN - NAMORADOS 26 - NR],DEMAND_GEN,2026-06-07,7737,6307,1.226732202314888,164.998369,180,13.0
GERAL,GERAL,23884129587,[DEMAND GEN - NAMORADOS 26 - NR],DEMAND_GEN,2026-06-08,12210,8564,1.4257356375525456,88.300455,396,36.278391
GERAL,GERAL,23884129587,[DEMAND GEN - NAMORADOS 26 - NR],DEMAND_GEN,2026-06-09,23213,13763,1.6866235559107752,88.312344,629,62.25
GERAL,GERAL,23884129587,[DEMAND GEN - NAMORADOS 26 - NR],DEMAND_GEN,2026-06-10,25570,14751,1.7334418005558945,88.375744,788,101.833334
GERAL,GERAL,23884129587,[DEMAND GEN - NAMORADOS 26 - NR],DEMAND_GEN,2026-06-11,19971,13163,1.5172073235584593,88.443778,663,60.778391
GERAL,GERAL,23884129587,[DEMAND GEN - NAMORADOS 26 - NR],DEMAND_GEN,2026-06-12,24126,16122,1.4964644585039077,88.4495,805,103.25
GERAL,GERAL,23884129587,[DEMAND GEN - NAMORADOS 26 - NR],DEMAND_GEN,2026-06-13,20747,14819,1.4000269923746542,88.531192,715,76.305555
GERAL,GERAL,23884129587,[DEMAND GEN - NAMORADOS 26 - NR],DEMAND_GEN,2026-06-14,10639,7981,1.3330409723092345,64.03939,406,48.333333
GERAL,GERAL,23884136367,[DEMAND GEN - NAMORADOS 26 - NK],DEMAND_GEN,2026-06-07,18072,10942,1.6516176201791264,100.150978,561,38.0
GERAL,GERAL,23884136367,[DEMAND GEN - NAMORADOS 26 - NK],DEMAND_GEN,2026-06-08,27018,13878,1.946822308690013,100.161023,854,93.32271
GERAL,GERAL,23884136367,[DEMAND GEN - NAMORADOS 26 - NK],DEMAND_GEN,2026-06-09,28753,14891,1.9308978577664362,100.179922,789,69.0
GERAL,GERAL,23884136367,[DEMAND GEN - NAMORADOS 26 - NK],DEMAND_GEN,2026-06-10,26772,15122,1.7704007406427722,99.93433,884,99.0
GERAL,GERAL,23884136367,[DEMAND GEN - NAMORADOS 26 - NK],DEMAND_GEN,2026-06-11,25779,15372,1.6770101483216238,98.655416,736,60.333333
GERAL,GERAL,23884136367,[DEMAND GEN - NAMORADOS 26 - NK],DEMAND_GEN,2026-06-12,26211,16742,1.5655835622984111,98.53257,737,76.905513
GERAL,GERAL,23884136367,[DEMAND GEN - NAMORADOS 26 - NK],DEMAND_GEN,2026-06-13,25641,16487,1.555225329047128,101.72378,758,77.0
GERAL,GERAL,23884136367,[DEMAND GEN - NAMORADOS 26 - NK],DEMAND_GEN,2026-06-14,17192,12314,1.3961344810784473,66.185897,516,64.666667
GERAL,GERAL,23893779085,[DEMAND GEN - NAMORADOS 26 - NS],DEMAND_GEN,2026-06-07,8488,6480,1.3098765432098765,140.117584,234,13.148373
GERAL,GERAL,23893779085,[DEMAND GEN - NAMORADOS 26 - NS],DEMAND_GEN,2026-06-08,15136,9344,1.61986301369863,87.718923,487,20.0
GERAL,GERAL,23893779085,[DEMAND GEN - NAMORADOS 26 - NS],DEMAND_GEN,2026-06-09,28051,12836,2.185338111561234,87.810147,663,25.087648
GERAL,GERAL,23893779085,[DEMAND GEN - NAMORADOS 26 - NS],DEMAND_GEN,2026-06-10,27808,13132,2.117575388364301,87.637672,748,49.0
GERAL,GERAL,23893779085,[DEMAND GEN - NAMORADOS 26 - NS],DEMAND_GEN,2026-06-11,25377,13458,1.8856442264823896,87.903595,689,41.597595
GERAL,GERAL,23893779085,[DEMAND GEN - NAMORADOS 26 - NS],DEMAND_GEN,2026-06-12,26744,14868,1.7987624428302393,84.558144,761,46.587043
GERAL,GERAL,23893779085,[DEMAND GEN - NAMORADOS 26 - NS],DEMAND_GEN,2026-06-13,22801,14039,1.6241897571052069,91.228205,643,46.0
GERAL,GERAL,23893779085,[DEMAND GEN - NAMORADOS 26 - NS],DEMAND_GEN,2026-06-14,7860,6309,1.2458392772230147,94.568695,260,31.0
GERAL,GERAL,23973087483,[PMAX - SALE - NS],PERFORMANCE_MAX,2026-06-27,139,118,1.1779661016949152,0.133918,14,10.0
GERAL,GERAL,23973087483,[PMAX - SALE - NS],PERFORMANCE_MAX,2026-06-28,1354,1025,1.3209756097560976,31.964837,277,182.0
GERAL,GERAL,23973087483,[PMAX - SALE - NS],PERFORMANCE_MAX,2026-06-29,1155,946,1.2209302325581395,16.795749,177,63.0
GERAL,GERAL,23973087483,[PMAX - SALE - NS],PERFORMANCE_MAX,2026-06-30,1352,1089,1.241505968778696,30.71654,213,88.0
GERAL,GERAL,23973087483,[PMAX - SALE - NS],PERFORMANCE_MAX,2026-07-01,1300,1071,1.2138188608776843,22.02847,182,54.0
GERAL,GERAL,23973087483,[PMAX - SALE - NS],PERFORMANCE_MAX,2026-07-02,1944,1439,1.350938151494093,54.557266,290,129.0
GERAL,GERAL,23973087483,[PMAX - SALE - NS],PERFORMANCE_MAX,2026-07-03,1372,1111,1.234923492349235,37.315676,91,79.0
GERAL,GERAL,23973087483,[PMAX - SALE - NS],PERFORMANCE_MAX,2026-07-04,1737,1366,1.2715959004392388,76.061726,116,102.0
GERAL,GERAL,23973087483,[PMAX - SALE - NS],PERFORMANCE_MAX,2026-07-05,1283,959,1.337851929092805,35.301028,74,45.0
GERAL,GERAL,23978051189,[PMAX - SALE - BS],PERFORMANCE_MAX,2026-06-27,511,440,1.1613636363636364,1.448549,65,51.0
GERAL,GERAL,23978051189,[PMAX - SALE - BS],PERFORMANCE_MAX,2026-06-28,3695,2799,1.3201143265451947,43.44736,498,271.0
GERAL,GERAL,23978051189,[PMAX - SALE - BS],PERFORMANCE_MAX,2026-06-29,3492,2564,1.3619344773790951,58.23254,343,152.0
GERAL,GERAL,23978051189,[PMAX - SALE - BS],PERFORMANCE_MAX,2026-06-30,4254,3306,1.2867513611615244,94.56538,353,248.0
GERAL,GERAL,23978051189,[PMAX - SALE - BS],PERFORMANCE_MAX,2026-07-01,4802,3704,1.2964362850971922,68.3188,317,156.0
GERAL,GERAL,23978051189,[PMAX - SALE - BS],PERFORMANCE_MAX,2026-07-02,4287,3261,1.3146274149034038,109.490944,270,182.0
GERAL,GERAL,23978051189,[PMAX - SALE - BS],PERFORMANCE_MAX,2026-07-03,4196,3170,1.3236593059936907,59.080245,299,200.0
GERAL,GERAL,23978051189,[PMAX - SALE - BS],PERFORMANCE_MAX,2026-07-04,4478,3474,1.2890040299366725,131.448771,362,256.0
GERAL,GERAL,23978051189,[PMAX - SALE - BS],PERFORMANCE_MAX,2026-07-05,2511,1991,1.2611752887995982,63.759736,163,105.0
GERAL,GERAL,23978060843,[PMAX - SALE - CS],PERFORMANCE_MAX,2026-06-27,200,190,1.0526315789473684,0.472665,20,9.0
GERAL,GERAL,23978060843,[PMAX - SALE - CS],PERFORMANCE_MAX,2026-06-28,2383,1906,1.2502623294858342,39.62326,234,112.0
GERAL,GERAL,23978060843,[PMAX - SALE - CS],PERFORMANCE_MAX,2026-06-29,2534,2107,1.2026578073089702,50.045109,149,75.0
GERAL,GERAL,23978060843,[PMAX - SALE - CS],PERFORMANCE_MAX,2026-06-30,1919,1511,1.2700198544010588,105.305085,75,36.0
GERAL,GERAL,23978060843,[PMAX - SALE - CS],PERFORMANCE_MAX,2026-07-01,1393,1181,1.1795088907705333,38.010317,98,49.0
GERAL,GERAL,23978060843,[PMAX - SALE - CS],PERFORMANCE_MAX,2026-07-02,2445,2001,1.221889055472264,65.169976,169,84.0
GERAL,GERAL,23978060843,[PMAX - SALE - CS],PERFORMANCE_MAX,2026-07-03,3157,2412,1.3088723051409619,126.282031,171,88.0
GERAL,GERAL,23978060843,[PMAX - SALE - CS],PERFORMANCE_MAX,2026-07-04,1896,1457,1.3013040494166095,111.303675,104,68.0
GERAL,GERAL,23978060843,[PMAX - SALE - CS],PERFORMANCE_MAX,2026-07-05,1890,1376,1.373546511627907,117.483813,95,38.0
GERAL,GERAL,23978074232,[PMAX - SALE - GS],PERFORMANCE_MAX,2026-06-27,580,485,1.1958762886597938,0.970651,39,42.0
GERAL,GERAL,23978074232,[PMAX - SALE - GS],PERFORMANCE_MAX,2026-06-28,2347,1749,1.3419096626643796,35.589094,188,212.0
GERAL,GERAL,23978074232,[PMAX - SALE - GS],PERFORMANCE_MAX,2026-06-29,1810,1390,1.3021582733812949,25.136196,159,88.0
GERAL,GERAL,23978074232,[PMAX - SALE - GS],PERFORMANCE_MAX,2026-06-30,2030,1652,1.228813559322034,19.579694,136,85.0
GERAL,GERAL,23978074232,[PMAX - SALE - GS],PERFORMANCE_MAX,2026-07-01,2252,1856,1.2133620689655173,24.573795,129,75.0
GERAL,GERAL,23978074232,[PMAX - SALE - GS],PERFORMANCE_MAX,2026-07-02,2949,2470,1.1939271255060728,78.046134,93,109.0
GERAL,GERAL,23978074232,[PMAX - SALE - GS],PERFORMANCE_MAX,2026-07-03,2655,2181,1.2173314993122422,125.301376,104,100.0
GERAL,GERAL,23978074232,[PMAX - SALE - GS],PERFORMANCE_MAX,2026-07-04,2276,1837,1.2389765922700053,76.519108,113,124.0
GERAL,GERAL,23978074232,[PMAX - SALE - GS],PERFORMANCE_MAX,2026-07-05,1176,985,1.1939086294416243,27.553984,63,60.0
GERAL,GERAL,23978074232,[PMAX - SALE - GS],PERFORMANCE_MAX,2026-07-06,361,315,1.146031746031746,1.035461,13,12.0
GERAL,GERAL,23978074232,[PMAX - SALE - GS],PERFORMANCE_MAX,2026-07-07,1124,951,1.1819137749737119,4.184834,60,51.0
GERAL,GERAL,23978074232,[PMAX - SALE - GS],PERFORMANCE_MAX,2026-07-08,1093,902,1.211751662971175,3.885546,64,45.0
GERAL,GERAL,23978074232,[PMAX - SALE - GS],PERFORMANCE_MAX,2026-07-09,1009,835,1.208383233532934,4.387205,59,48.0
GERAL,GERAL,23978074232,[PMAX - SALE - GS],PERFORMANCE_MAX,2026-07-10,1047,897,1.1672240802675586,5.293415,83,66.0
GERAL,GERAL,23978074232,[PMAX - SALE - GS],PERFORMANCE_MAX,2026-07-11,1132,919,1.2317736670293797,3.193102,129,64.0
GERAL,GERAL,23978074232,[PMAX - SALE - GS],PERFORMANCE_MAX,2026-07-12,1032,848,1.2169811320754718,7.154136,116,81.0
GERAL,GERAL,23979490068,[DEMAND GEN - SALE - NS],DEMAND_GEN,2026-06-29,4230,3529,1.2351941059790308,38.681581,72,13.0
GERAL,GERAL,23979490068,[DEMAND GEN - SALE - NS],DEMAND_GEN,2026-06-30,16615,8757,1.8973392714399908,76.904428,491,34.0
GERAL,GERAL,23979490068,[DEMAND GEN - SALE - NS],DEMAND_GEN,2026-07-01,15757,10927,1.442024343369635,77.449132,508,54.0
GERAL,GERAL,23979490068,[DEMAND GEN - SALE - NS],DEMAND_GEN,2026-07-02,24672,15374,1.6048523481202028,129.590271,787,58.0
GERAL,GERAL,23979490068,[DEMAND GEN - SALE - NS],DEMAND_GEN,2026-07-03,19852,14092,1.4087425489639511,127.262021,711,47.0
GERAL,GERAL,23979490068,[DEMAND GEN - SALE - NS],DEMAND_GEN,2026-07-04,15925,12380,1.2863489499192247,130.077677,727,48.0
GERAL,GERAL,23979490068,[DEMAND GEN - SALE - NS],DEMAND_GEN,2026-07-05,13144,10375,1.2668915662650602,127.630934,437,44.0
GERAL,GERAL,23980569513,[DEMAND GEN - SALE - NR],DEMAND_GEN,2026-06-29,3868,3038,1.273206056616195,20.029258,121,9.0
GERAL,GERAL,23980569513,[DEMAND GEN - SALE - NR],DEMAND_GEN,2026-06-30,15103,9112,1.6574846356453028,83.186258,441,52.333333
GERAL,GERAL,23980569513,[DEMAND GEN - SALE - NR],DEMAND_GEN,2026-07-01,16432,11665,1.4086583797685384,80.375043,525,56.0
GERAL,GERAL,23980569513,[DEMAND GEN - SALE - NR],DEMAND_GEN,2026-07-02,16809,12091,1.390207592424117,82.360085,473,52.0
GERAL,GERAL,23980569513,[DEMAND GEN - SALE - NR],DEMAND_GEN,2026-07-03,16324,12342,1.322638146167558,78.381445,546,58.5
GERAL,GERAL,23980569513,[DEMAND GEN - SALE - NR],DEMAND_GEN,2026-07-04,17007,12595,1.3504565303691942,77.903391,618,66.0
GERAL,GERAL,23980569513,[DEMAND GEN - SALE - NR],DEMAND_GEN,2026-07-05,24598,18122,1.3575212448957068,76.268331,790,79.0
GERAL,GERAL,23980582479,[DEMAND GEN - SALE - NK],DEMAND_GEN,2026-06-29,4091,3094,1.3225597931480284,19.514986,116,14.0
GERAL,GERAL,23980582479,[DEMAND GEN - SALE - NK],DEMAND_GEN,2026-06-30,15092,8383,1.8003101514970774,80.095081,466,61.833333
GERAL,GERAL,23980582479,[DEMAND GEN - SALE - NK],DEMAND_GEN,2026-07-01,15757,10841,1.4534637026104602,80.115536,626,71.0
GERAL,GERAL,23980582479,[DEMAND GEN - SALE - NK],DEMAND_GEN,2026-07-02,24112,15776,1.528397565922921,134.944865,867,80.5
GERAL,GERAL,23980582479,[DEMAND GEN - SALE - NK],DEMAND_GEN,2026-07-03,22136,15161,1.4600620011872567,130.346195,888,87.5
GERAL,GERAL,23980582479,[DEMAND GEN - SALE - NK],DEMAND_GEN,2026-07-04,21252,14560,1.4596153846153845,127.969709,1114,102.0
GERAL,GERAL,23980582479,[DEMAND GEN - SALE - NK],DEMAND_GEN,2026-07-05,20265,14989,1.3519914604042964,127.190995,834,75.0
GERAL,GERAL,23982736714,[PMAX - SALE - NK],PERFORMANCE_MAX,2026-06-26,93,78,1.1923076923076923,0.191417,4,12.0
GERAL,GERAL,23982736714,[PMAX - SALE - NK],PERFORMANCE_MAX,2026-06-27,1324,1033,1.281703775411423,10.914113,96,55.0
GERAL,GERAL,23982736714,[PMAX - SALE - NK],PERFORMANCE_MAX,2026-06-28,1769,1401,1.2626695217701642,33.679912,95,60.0
GERAL,GERAL,23982736714,[PMAX - SALE - NK],PERFORMANCE_MAX,2026-06-29,1955,1537,1.2719583604424203,89.488822,71,60.0
GERAL,GERAL,23982736714,[PMAX - SALE - NK],PERFORMANCE_MAX,2026-06-30,2607,2033,1.2823413674372848,89.884272,85,45.0
GERAL,GERAL,23982736714,[PMAX - SALE - NK],PERFORMANCE_MAX,2026-07-01,2003,1585,1.2637223974763407,94.69376,68,40.0
GERAL,GERAL,23982736714,[PMAX - SALE - NK],PERFORMANCE_MAX,2026-07-02,2625,2023,1.2975778546712802,100.2984,53,39.0
GERAL,GERAL,23982736714,[PMAX - SALE - NK],PERFORMANCE_MAX,2026-07-03,2863,2203,1.2995914661824783,80.294412,84,58.0
GERAL,GERAL,23982736714,[PMAX - SALE - NK],PERFORMANCE_MAX,2026-07-04,3046,2204,1.382032667876588,80.30164,85,66.0
GERAL,GERAL,23982736714,[PMAX - SALE - NK],PERFORMANCE_MAX,2026-07-05,1811,1427,1.2690960056061669,29.996615,53,32.0
GERAL,GERAL,23982754726,[PMAX- SALE - NR],PERFORMANCE_MAX,2026-06-27,162,143,1.132867132867133,0.183686,12,5.0
GERAL,GERAL,23982754726,[PMAX- SALE - NR],PERFORMANCE_MAX,2026-06-28,994,815,1.2196319018404909,31.558714,84,45.0
GERAL,GERAL,23982754726,[PMAX- SALE - NR],PERFORMANCE_MAX,2026-06-29,1280,1028,1.245136186770428,63.521926,73,61.0
GERAL,GERAL,23982754726,[PMAX- SALE - NR],PERFORMANCE_MAX,2026-06-30,1188,970,1.2247422680412372,94.14963,74,39.0
GERAL,GERAL,23982754726,[PMAX- SALE - NR],PERFORMANCE_MAX,2026-07-01,946,778,1.2159383033419022,108.165353,51,34.0
GERAL,GERAL,23982754726,[PMAX- SALE - NR],PERFORMANCE_MAX,2026-07-02,909,762,1.1929133858267718,100.681585,49,48.0
GERAL,GERAL,23982754726,[PMAX- SALE - NR],PERFORMANCE_MAX,2026-07-03,1129,931,1.212674543501611,67.89976,68,68.0
GERAL,GERAL,23982754726,[PMAX- SALE - NR],PERFORMANCE_MAX,2026-07-04,1589,1237,1.284559417946645,111.995155,99,73.0
GERAL,GERAL,23982754726,[PMAX- SALE - NR],PERFORMANCE_MAX,2026-07-05,1254,982,1.2769857433808554,105.867254,86,65.0
GERAL,GERAL,23982754726,[PMAX- SALE - NR],PERFORMANCE_MAX,2026-07-06,543,465,1.167741935483871,11.844271,22,13.0
GERAL,GERAL,23982754726,[PMAX- SALE - NR],PERFORMANCE_MAX,2026-07-07,1681,1368,1.2288011695906433,48.037085,74,50.0
GERAL,GERAL,23982754726,[PMAX- SALE - NR],PERFORMANCE_MAX,2026-07-08,1479,1166,1.2684391080617496,19.313788,61,34.0
GERAL,GERAL,23982754726,[PMAX- SALE - NR],PERFORMANCE_MAX,2026-07-09,1138,913,1.2464403066812706,27.777225,50,22.0
GERAL,GERAL,23982754726,[PMAX- SALE - NR],PERFORMANCE_MAX,2026-07-10,1331,1065,1.2497652582159624,47.145784,94,71.0
GERAL,GERAL,23982754726,[PMAX- SALE - NR],PERFORMANCE_MAX,2026-07-11,1699,1252,1.3570287539936101,93.908112,198,103.0
GERAL,GERAL,23982754726,[PMAX- SALE - NR],PERFORMANCE_MAX,2026-07-12,1497,1137,1.316622691292876,76.279437,158,100.0
GERAL,GERAL,23988965026,[DEMAND GEN - SALE - GS],DEMAND_GEN,2026-06-29,4178,3831,1.1545288436439571,42.958106,57,18.0
GERAL,GERAL,23988965026,[DEMAND GEN - SALE - GS],DEMAND_GEN,2026-06-30,17925,10551,1.6988911003696332,76.220188,649,43.0
GERAL,GERAL,23988965026,[DEMAND GEN - SALE - GS],DEMAND_GEN,2026-07-01,17014,10467,1.6255851724467374,76.645435,594,38.0
GERAL,GERAL,23988965026,[DEMAND GEN - SALE - GS],DEMAND_GEN,2026-07-02,29534,17574,1.68055081370206,128.046317,1049,59.0
GERAL,GERAL,23988965026,[DEMAND GEN - SALE - GS],DEMAND_GEN,2026-07-03,25753,16200,1.5896913580246914,126.263367,962,43.0
GERAL,GERAL,23988965026,[DEMAND GEN - SALE - GS],DEMAND_GEN,2026-07-04,24674,16001,1.5420286232110494,125.049287,1109,46.0
GERAL,GERAL,23988965026,[DEMAND GEN - SALE - GS],DEMAND_GEN,2026-07-05,31611,21480,1.4716480446927374,125.451037,1266,48.0
GERAL,GERAL,23988971755,[DEMAND GEN - SALE - BS],DEMAND_GEN,2026-06-29,3415,2848,1.2475421348314606,40.627429,68,12.0
GERAL,GERAL,23988971755,[DEMAND GEN - SALE - BS],DEMAND_GEN,2026-06-30,15550,8317,1.8696645425033065,77.213164,529,60.0
GERAL,GERAL,23988971755,[DEMAND GEN - SALE - BS],DEMAND_GEN,2026-07-01,14169,9414,1.5050987890376035,77.571292,548,59.833333
GERAL,GERAL,23988971755,[DEMAND GEN - SALE - BS],DEMAND_GEN,2026-07-02,23851,14284,1.6697703724446933,129.831216,843,88.0
GERAL,GERAL,23988971755,[DEMAND GEN - SALE - BS],DEMAND_GEN,2026-07-03,21867,13791,1.5855993038938438,127.156311,770,79.0
GERAL,GERAL,23988971755,[DEMAND GEN - SALE - BS],DEMAND_GEN,2026-07-04,24755,14673,1.6871123832890342,124.198664,913,67.333333
GERAL,GERAL,23988971755,[DEMAND GEN - SALE - BS],DEMAND_GEN,2026-07-05,24631,16194,1.5209954304063233,124.440213,996,72.5
GERAL,GERAL,23989001896,[DEMAND GEN - SALE - CS],DEMAND_GEN,2026-06-29,4145,3523,1.2304853817768946,39.401149,73,22.0
GERAL,GERAL,23989001896,[DEMAND GEN - SALE - CS],DEMAND_GEN,2026-06-30,19640,11190,1.7551385165326183,76.796824,579,41.0
GERAL,GERAL,23989001896,[DEMAND GEN - SALE - CS],DEMAND_GEN,2026-07-01,20051,11936,1.6798760053619304,77.099372,602,33.0
GERAL,GERAL,23989001896,[DEMAND GEN - SALE - CS],DEMAND_GEN,2026-07-02,32102,18103,1.7732972435507928,128.107956,895,42.0
GERAL,GERAL,23989001896,[DEMAND GEN - SALE - CS],DEMAND_GEN,2026-07-03,28364,15940,1.7794228356336261,126.29602,816,54.0
GERAL,GERAL,23989001896,[DEMAND GEN - SALE - CS],DEMAND_GEN,2026-07-04,30209,17248,1.751449443413729,126.87244,1032,57.6875
GERAL,GERAL,23989001896,[DEMAND GEN - SALE - CS],DEMAND_GEN,2026-07-05,30168,18697,1.6135208857035888,125.695058,1087,50.0
GERAL,GERAL,24016177905,[PMAX - DINO MUNDO JURASSICO - CS],PERFORMANCE_MAX,2026-07-10,2878,2597,1.177127454755487,13.804625,35,81.0
GERAL,GERAL,24016177905,[PMAX - DINO MUNDO JURASSICO - CS],PERFORMANCE_MAX,2026-07-11,9013,8775,1.1520227920227921,49.523626,330,315.0
GERAL,GERAL,24016177905,[PMAX - DINO MUNDO JURASSICO - CS],PERFORMANCE_MAX,2026-07-12,5999,4558,1.3279947345326897,49.56071,511,337.0
GERAL,GERAL,24016177905,[PMAX - DINO MUNDO JURASSICO - CS],PERFORMANCE_MAX,2026-07-13,11169,9519,1.2381552684105472,47.63396,446,409.0
GERAL,GERAL,24016177905,[PMAX - DINO MUNDO JURASSICO - CS],PERFORMANCE_MAX,2026-07-14,18023,15936,1.3598142570281124,47.045896,455,463.0
GERAL,GERAL,24016177905,[PMAX - DINO MUNDO JURASSICO - CS],PERFORMANCE_MAX,2026-07-15,8871,7543,1.2685933978523134,44.87868,279,320.0
GERAL,GERAL,24016177905,[PMAX - DINO MUNDO JURASSICO - CS],PERFORMANCE_MAX,2026-07-16,12362,10550,1.293175355450237,43.881901,162,302.0
GERAL,GERAL,24016177905,[PMAX - DINO MUNDO JURASSICO - CS],PERFORMANCE_MAX,2026-07-17,9616,6930,1.408946608946609,50.188984,132,308.0
GERAL,GERAL,24016177905,[PMAX - DINO MUNDO JURASSICO - CS],PERFORMANCE_MAX,2026-07-18,8550,6559,1.4252172587284646,49.945235,356,325.0
GERAL,GERAL,24016177905,[PMAX - DINO MUNDO JURASSICO - CS],PERFORMANCE_MAX,2026-07-19,11670,10267,1.305347228986072,48.323743,295,321.0
GERAL,GERAL,24016177905,[PMAX - DINO MUNDO JURASSICO - CS],PERFORMANCE_MAX,2026-07-20,13873,12363,1.28140418992154,48.910035,258,349.0
GERAL,GERAL,24016177905,[PMAX - DINO MUNDO JURASSICO - CS],PERFORMANCE_MAX,2026-07-21,11284,10109,1.2690671678702146,49.193542,377,365.0
GERAL,GERAL,24016177905,[PMAX - DINO MUNDO JURASSICO - CS],PERFORMANCE_MAX,2026-07-22,11270,9129,1.3389199255121043,50.829268,246,334.0
GERAL,GERAL,24016177905,[PMAX - DINO MUNDO JURASSICO - CS],PERFORMANCE_MAX,2026-07-23,20475,14988,1.6050173472111022,50.464584,135,427.0
GERAL,GERAL,24016177905,[PMAX - DINO MUNDO JURASSICO - CS],PERFORMANCE_MAX,2026-07-24,12405,9080,1.5102422907488986,50.416534,337,430.0
GERAL,GERAL,24016177905,[PMAX - DINO MUNDO JURASSICO - CS],PERFORMANCE_MAX,2026-07-25,14967,11602,1.4737976210998103,50.387034,408,466.0
GERAL,GERAL,24016177905,[PMAX - DINO MUNDO JURASSICO - CS],PERFORMANCE_MAX,2026-07-26,14407,11326,1.4370475013243864,50.437371,553,459.0
GERAL,GERAL,24016177905,[PMAX - DINO MUNDO JURASSICO - CS],PERFORMANCE_MAX,2026-07-27,23793,16182,1.6757508342602891,50.207277,337,515.0
GERAL,GERAL,24016177905,[PMAX - DINO MUNDO JURASSICO - CS],PERFORMANCE_MAX,2026-07-28,14819,10632,1.479025583145222,50.252599,714,551.0
GERAL,GERAL,24016177905,[PMAX - DINO MUNDO JURASSICO - CS],PERFORMANCE_MAX,2026-07-29,21832,15149,1.6618258630932734,50.475724,568,601.0
GERAL,GERAL,24016177905,[PMAX - DINO MUNDO JURASSICO - CS],PERFORMANCE_MAX,2026-07-30,19429,12785,1.6960500586624951,50.469694,562,592.0
GERAL,GERAL,24016177905,[PMAX - DINO MUNDO JURASSICO - CS],PERFORMANCE_MAX,2026-07-31,18366,11442,1.7816815242090545,50.176482,539,657.0
GERAL,GERAL,24016177905,[PMAX - DINO MUNDO JURASSICO - CS],PERFORMANCE_MAX,2026-08-01,17586,12549,1.5361383377161526,49.432457,871,691.0
GERAL,GERAL,24016177905,[PMAX - DINO MUNDO JURASSICO - CS],PERFORMANCE_MAX,2026-08-02,24567,17540,1.6340364880273661,49.104831,570,708.0
GERAL,GERAL,24016177905,[PMAX - DINO MUNDO JURASSICO - CS],PERFORMANCE_MAX,2026-08-03,12727,8653,1.6119264994799491,33.082609,586,410.0
GERAL,GERAL,24016177905,[PMAX - DINO MUNDO JURASSICO - CS],PERFORMANCE_MAX,2026-08-04,22773,15883,1.6437700686268337,53.817456,354,557.0
GERAL,GERAL,24016177905,[PMAX - DINO MUNDO JURASSICO - CS],PERFORMANCE_MAX,2026-08-05,20499,13320,1.7304804804804805,54.084074,395,528.0
GERAL,GERAL,24016177905,[PMAX - DINO MUNDO JURASSICO - CS],PERFORMANCE_MAX,2026-08-06,23477,14950,1.7824080267558529,53.703763,291,596.0
GERAL,GERAL,24016177905,[PMAX - DINO MUNDO JURASSICO - CS],PERFORMANCE_MAX,2026-08-07,18076,12018,1.672158429023132,54.299083,279,638.0
GERAL,GERAL,24016177905,[PMAX - DINO MUNDO JURASSICO - CS],PERFORMANCE_MAX,2026-08-08,15468,11270,1.5550133096716947,54.580973,621,524.0
GERAL,GERAL,24016177905,[PMAX - DINO MUNDO JURASSICO - CS],PERFORMANCE_MAX,2026-08-09,28664,20832,1.6379128264208909,53.642605,302,552.0
GERAL,GERAL,24017537711,[PMAX - AVENTURA DOS BRINQUEDOS - NR],PERFORMANCE_MAX,2026-07-09,2075,1559,1.3309813983322643,20.814801,17,56.0
GERAL,GERAL,24017537711,[PMAX - AVENTURA DOS BRINQUEDOS - NR],PERFORMANCE_MAX,2026-07-10,5313,3969,1.3386243386243386,53.449775,32,182.0
GERAL,GERAL,24017537711,[PMAX - AVENTURA DOS BRINQUEDOS - NR],PERFORMANCE_MAX,2026-07-11,5029,3822,1.315803244374673,53.211045,71,288.0
GERAL,GERAL,24017537711,[PMAX - AVENTURA DOS BRINQUEDOS - NR],PERFORMANCE_MAX,2026-07-12,4107,3002,1.3680879413724183,51.410525,70,215.0
GERAL,GERAL,24017537711,[PMAX - AVENTURA DOS BRINQUEDOS - NR],PERFORMANCE_MAX,2026-07-13,6158,4700,1.3102127659574467,46.671704,38,190.0
GERAL,GERAL,24017537711,[PMAX - AVENTURA DOS BRINQUEDOS - NR],PERFORMANCE_MAX,2026-07-14,5731,4259,1.345621037802301,51.91118,37,170.0
GERAL,GERAL,24017537711,[PMAX - AVENTURA DOS BRINQUEDOS - NR],PERFORMANCE_MAX,2026-07-15,4737,3596,1.3172969966629589,48.420933,35,149.0
GERAL,GERAL,24017537711,[PMAX - AVENTURA DOS BRINQUEDOS - NR],PERFORMANCE_MAX,2026-07-16,4585,3435,1.3347889374090247,39.366313,22,135.0
GERAL,GERAL,24017537711,[PMAX - AVENTURA DOS BRINQUEDOS - NR],PERFORMANCE_MAX,2026-07-17,5596,4194,1.334287076776347,67.570461,15,180.0
GERAL,GERAL,24017537711,[PMAX - AVENTURA DOS BRINQUEDOS - NR],PERFORMANCE_MAX,2026-07-18,6038,4435,1.3614430665163473,64.216625,49,296.0
GERAL,GERAL,24018721873,[PMAX - MOANA - CS],PERFORMANCE_MAX,2026-07-08,1325,896,1.4787946428571428,7.696386,2,69.0
GERAL,GERAL,24018721873,[PMAX - MOANA - CS],PERFORMANCE_MAX,2026-07-09,11073,10046,1.2345212024686443,28.918117,18,223.0
GERAL,GERAL,24018721873,[PMAX - MOANA - CS],PERFORMANCE_MAX,2026-07-10,9117,6670,1.3908545727136432,28.942207,200,338.0
GERAL,GERAL,24018721873,[PMAX - MOANA - CS],PERFORMANCE_MAX,2026-07-11,8504,6587,1.2936086230453925,28.969711,349,396.0
GERAL,GERAL,24018721873,[PMAX - MOANA - CS],PERFORMANCE_MAX,2026-07-12,7651,5848,1.3154924760601916,28.414558,319,337.0
GERAL,GERAL,24018721873,[PMAX - MOANA - CS],PERFORMANCE_MAX,2026-07-13,9858,7141,1.423190029407646,26.616987,133,261.0
GERAL,GERAL,24018721873,[PMAX - MOANA - CS],PERFORMANCE_MAX,2026-07-14,8822,6377,1.3848204484867492,22.657325,120,216.0
GERAL,GERAL,24018721873,[PMAX - MOANA - CS],PERFORMANCE_MAX,2026-07-15,7140,4935,1.4713272543059777,25.142326,75,220.0
GERAL,GERAL,24018721873,[PMAX - MOANA - CS],PERFORMANCE_MAX,2026-07-16,8942,5893,1.5425080604106567,26.069774,33,191.0
GERAL,GERAL,24018721873,[PMAX - MOANA - CS],PERFORMANCE_MAX,2026-07-17,7359,4775,1.5484816753926702,30.752715,76,237.0
GERAL,GERAL,24018721873,[PMAX - MOANA - CS],PERFORMANCE_MAX,2026-07-18,5860,4096,1.437744140625,29.308049,177,254.0
GERAL,GERAL,24018721873,[PMAX - MOANA - CS],PERFORMANCE_MAX,2026-07-19,4375,3489,1.2745772427629694,21.633862,104,144.0
GERAL,GERAL,24018721873,[PMAX - MOANA - CS],PERFORMANCE_MAX,2026-07-20,7344,5439,1.369553226696084,31.556132,194,255.0
GERAL,GERAL,24018721873,[PMAX - MOANA - CS],PERFORMANCE_MAX,2026-07-21,8618,5832,1.4902263374485596,32.538463,125,200.0
GERAL,GERAL,24018721873,[PMAX - MOANA - CS],PERFORMANCE_MAX,2026-07-22,7039,5088,1.4044811320754718,33.04233,178,231.0
GERAL,GERAL,24018721873,[PMAX - MOANA - CS],PERFORMANCE_MAX,2026-07-23,5779,3662,1.5999453850354997,33.004059,266,224.0
GERAL,GERAL,24018721873,[PMAX - MOANA - CS],PERFORMANCE_MAX,2026-07-24,6870,4805,1.4439125910509885,33.193329,133,228.0
GERAL,GERAL,24018721873,[PMAX - MOANA - CS],PERFORMANCE_MAX,2026-07-25,8162,5941,1.3994277057734388,33.032807,344,347.0
GERAL,GERAL,24026239608,[PMAX - NARBONA - CS 02],PERFORMANCE_MAX,2026-07-14,11581,9053,1.3492764829338342,63.586174,68,291.0
GERAL,GERAL,24026239608,[PMAX - NARBONA - CS 02],PERFORMANCE_MAX,2026-07-15,15196,11240,1.3908362989323844,83.967528,425,535.0
GERAL,GERAL,24026239608,[PMAX - NARBONA - CS 02],PERFORMANCE_MAX,2026-07-16,9952,8010,1.2580524344569288,87.124376,649,363.0
GERAL,GERAL,24026239608,[PMAX - NARBONA - CS 02],PERFORMANCE_MAX,2026-07-17,8921,7364,1.274307441607822,94.492969,506,333.0
GERAL,GERAL,24026239608,[PMAX - NARBONA - CS 02],PERFORMANCE_MAX,2026-07-18,15248,12189,1.312740995979982,85.876965,305,545.0
GERAL,GERAL,24026239608,[PMAX - NARBONA - CS 02],PERFORMANCE_MAX,2026-07-19,12875,9366,1.4240871236386932,101.357912,443,416.0
GERAL,GERAL,24026239608,[PMAX - NARBONA - CS 02],PERFORMANCE_MAX,2026-07-20,12570,9238,1.402359818142455,77.061924,388,413.0
GERAL,GERAL,24026239608,[PMAX - NARBONA - CS 02],PERFORMANCE_MAX,2026-07-21,12353,9675,1.3270284237726098,79.280714,547,430.0
GERAL,GERAL,24026239608,[PMAX - NARBONA - CS 02],PERFORMANCE_MAX,2026-07-22,10324,7359,1.4029080038048647,81.082176,624,429.0
GERAL,GERAL,24026239608,[PMAX - NARBONA - CS 02],PERFORMANCE_MAX,2026-07-23,12284,8395,1.4632519356759977,78.790475,357,410.0
GERAL,GERAL,24026239608,[PMAX - NARBONA - CS 02],PERFORMANCE_MAX,2026-07-24,11287,7259,1.554897368783579,77.504939,403,395.0
GERAL,GERAL,24026239608,[PMAX - NARBONA - CS 02],PERFORMANCE_MAX,2026-07-25,9087,6436,1.4119018023617154,70.507125,423,463.0
GERAL,GERAL,24026239608,[PMAX - NARBONA - CS 02],PERFORMANCE_MAX,2026-07-26,7707,5619,1.3715963694607582,60.511261,504,363.0
GERAL,GERAL,24026239608,[PMAX - NARBONA - CS 02],PERFORMANCE_MAX,2026-07-27,17865,11875,1.5044210526315789,107.860897,694,669.0
GERAL,GERAL,24026239608,[PMAX - NARBONA - CS 02],PERFORMANCE_MAX,2026-07-28,9685,6914,1.4020827306913508,63.504351,745,453.0
GERAL,GERAL,24026239608,[PMAX - NARBONA - CS 02],PERFORMANCE_MAX,2026-07-29,14303,9743,1.4717232885148313,94.02606,1042,673.0
GERAL,GERAL,24026239608,[PMAX - NARBONA - CS 02],PERFORMANCE_MAX,2026-07-30,12632,9051,1.3982985305491107,65.576841,666,591.0
GERAL,GERAL,24026239608,[PMAX - NARBONA - CS 02],PERFORMANCE_MAX,2026-07-31,15499,10508,1.474971450323563,69.144902,543,651.0
GERAL,GERAL,24026239608,[PMAX - NARBONA - CS 02],PERFORMANCE_MAX,2026-08-01,13758,9609,1.4331356020397543,78.381708,642,694.0
GERAL,GERAL,24026239608,[PMAX - NARBONA - CS 02],PERFORMANCE_MAX,2026-08-02,11105,8016,1.3853542914171657,74.063333,1034,619.0
GERAL,GERAL,24026239608,[PMAX - NARBONA - CS 02],PERFORMANCE_MAX,2026-08-03,13458,8368,1.6082695984703632,72.70114,1015,660.0
GERAL,GERAL,24026239608,[PMAX - NARBONA - CS 02],PERFORMANCE_MAX,2026-08-04,11737,7752,1.5140608875128998,70.550362,846,526.0
GERAL,GERAL,24026239608,[PMAX - NARBONA - CS 02],PERFORMANCE_MAX,2026-08-05,13549,8941,1.515378592998546,91.487218,805,598.0
GERAL,GERAL,24026239608,[PMAX - NARBONA - CS 02],PERFORMANCE_MAX,2026-08-06,11794,7708,1.530098598858329,83.651049,615,530.0
GERAL,GERAL,24026239608,[PMAX - NARBONA - CS 02],PERFORMANCE_MAX,2026-08-07,15610,10488,1.4883676582761252,112.060308,958,754.0
GERAL,GERAL,24026239608,[PMAX - NARBONA - CS 02],PERFORMANCE_MAX,2026-08-08,15190,9163,1.6577540106951871,124.619034,1113,826.0
GERAL,GERAL,24026239608,[PMAX - NARBONA - CS 02],PERFORMANCE_MAX,2026-08-09,15202,8827,1.7222159284014955,140.988061,1183,781.0
GERAL,GERAL,24026239608,[PMAX - NARBONA - CS 02],PERFORMANCE_MAX,2026-08-10,18736,10127,1.850103683223067,122.939065,510,540.0
GERAL,GERAL,24026239608,[PMAX - NARBONA - CS 02],PERFORMANCE_MAX,2026-08-11,14613,8614,1.721499883909914,118.731493,614,556.0
GERAL,GERAL,24026239608,[PMAX - NARBONA - CS 02],PERFORMANCE_MAX,2026-08-12,16042,8812,1.8269405356332273,134.245522,644,623.0
GERAL,GERAL,24026239608,[PMAX - NARBONA - CS 02],PERFORMANCE_MAX,2026-08-13,12929,6763,1.9123170190743752,122.935622,400,422.0
GERAL,GERAL,24026239608,[PMAX - NARBONA - CS 02],PERFORMANCE_MAX,2026-08-14,14438,8018,1.8006984285357945,123.359791,552,551.0
GERAL,GERAL,24026239608,[PMAX - NARBONA - CS 02],PERFORMANCE_MAX,2026-08-15,13381,7575,1.7673927392739275,128.36364,928,670.0
GERAL,GERAL,24026239608,[PMAX - NARBONA - CS 02],PERFORMANCE_MAX,2026-08-16,14684,8248,1.7814015518913675,127.163516,1072,735.0
GERAL,GERAL,24026239608,[PMAX - NARBONA - CS 02],PERFORMANCE_MAX,2026-08-17,20799,11292,1.84192348565356,126.631749,272,578.0
GERAL,GERAL,24026239608,[PMAX - NARBONA - CS 02],PERFORMANCE_MAX,2026-08-18,20447,11344,1.8034203102961919,110.987106,270,610.0
GERAL,GERAL,24026239608,[PMAX - NARBONA - CS 02],PERFORMANCE_MAX,2026-08-19,21858,12351,1.778560440450166,116.127803,319,633.0
GERAL,GERAL,24026239608,[PMAX - NARBONA - CS 02],PERFORMANCE_MAX,2026-08-20,10430,5742,1.8164402647161269,43.742161,112,267.0
GERAL,GERAL,24026239608,[PMAX - NARBONA - CS 02],PERFORMANCE_MAX,2026-08-21,16555,9242,1.7912789439515255,30.733545,121,538.0
GERAL,GERAL,24026239608,[PMAX - NARBONA - CS 02],PERFORMANCE_MAX,2026-08-22,18281,10030,1.8226321036889332,31.821397,327,865.0
GERAL,GERAL,24026239608,[PMAX - NARBONA - CS 02],PERFORMANCE_MAX,2026-08-23,15254,8435,1.8084173088322466,32.572914,403,704.0
GERAL,GERAL,24026239608,[PMAX - NARBONA - CS 02],PERFORMANCE_MAX,2026-08-24,20029,10781,1.8582691772562843,29.570486,167,603.0
GERAL,GERAL,24026239608,[PMAX - NARBONA - CS 02],PERFORMANCE_MAX,2026-08-25,18172,9960,1.824698795180723,27.319533,154,609.0
GERAL,GERAL,24026239608,[PMAX - NARBONA - CS 02],PERFORMANCE_MAX,2026-08-26,19269,10455,1.843041606886657,32.247375,188,478.0
GERAL,GERAL,24026239608,[PMAX - NARBONA - CS 02],PERFORMANCE_MAX,2026-08-27,17383,9390,1.8512247071352503,30.384342,126,446.0
GERAL,GERAL,24026239608,[PMAX - NARBONA - CS 02],PERFORMANCE_MAX,2026-08-28,22485,11768,1.9106900067980965,26.135465,159,766.0
GERAL,GERAL,24026239608,[PMAX - NARBONA - CS 02],PERFORMANCE_MAX,2026-08-29,20754,11311,1.834851029970825,33.978866,450,946.0
GERAL,GERAL,24026239608,[PMAX - NARBONA - CS 02],PERFORMANCE_MAX,2026-08-30,17609,9945,1.7706385118149823,28.581801,497,816.0
GERAL,GERAL,24026239608,[PMAX - NARBONA - CS 02],PERFORMANCE_MAX,2026-08-31,18269,9812,1.8619037912759886,26.775796,218,623.0
GERAL,GERAL,24026239608,[PMAX - NARBONA - CS 02],PERFORMANCE_MAX,2026-09-01,17677,9908,1.7841138473960436,30.373156,166,434.0
GERAL,GERAL,24026239608,[PMAX - NARBONA - CS 02],PERFORMANCE_MAX,2026-09-02,23034,12746,1.8073120979130708,32.233046,193,59.0
GERAL,GERAL,24026239608,[PMAX - NARBONA - CS 02],PERFORMANCE_MAX,2026-09-03,22252,11553,1.9260798061109667,31.550761,143,67.0
GERAL,GERAL,24026239608,[PMAX - NARBONA - CS 02],PERFORMANCE_MAX,2026-09-04,25015,11137,2.2461165484421297,30.433822,291,62.0
GERAL,GERAL,24032190437,[PMAX - NIGHT RUN - NR],PERFORMANCE_MAX,2026-07-14,475,365,1.3013698630136987,5.511372,5,16.0
GERAL,GERAL,24032190437,[PMAX - NIGHT RUN - NR],PERFORMANCE_MAX,2026-07-15,3480,2666,1.3053263315828958,45.138711,41,114.0
GERAL,GERAL,24032190437,[PMAX - NIGHT RUN - NR],PERFORMANCE_MAX,2026-07-16,3691,2889,1.2776047075112495,45.506299,118,135.0
GERAL,GERAL,24032190437,[PMAX - NIGHT RUN - NR],PERFORMANCE_MAX,2026-07-17,2184,1706,1.280187573270809,43.810809,115,93.0
GERAL,GERAL,24032190437,[PMAX - NIGHT RUN - NR],PERFORMANCE_MAX,2026-07-18,2730,2103,1.298145506419401,45.189117,157,123.0
GERAL,GERAL,24032190437,[PMAX - NIGHT RUN - NR],PERFORMANCE_MAX,2026-07-19,5863,4346,1.349056603773585,43.989782,164,217.0
GERAL,GERAL,24032190437,[PMAX - NIGHT RUN - NR],PERFORMANCE_MAX,2026-07-20,5496,4202,1.3079485959067112,44.76044,159,250.0
GERAL,GERAL,24032190437,[PMAX - NIGHT RUN - NR],PERFORMANCE_MAX,2026-07-21,5628,4299,1.3091416608513609,45.562075,182,208.0
GERAL,GERAL,24032190437,[PMAX - NIGHT RUN - NR],PERFORMANCE_MAX,2026-07-22,5870,4326,1.3569116967175219,45.038278,195,262.0
GERAL,GERAL,24032190437,[PMAX - NIGHT RUN - NR],PERFORMANCE_MAX,2026-07-23,6963,5281,1.3185002840371143,45.385506,139,246.0
GERAL,GERAL,24032190437,[PMAX - NIGHT RUN - NR],PERFORMANCE_MAX,2026-07-24,7259,5509,1.317662007623888,45.612763,141,294.0
GERAL,GERAL,24032190437,[PMAX - NIGHT RUN - NR],PERFORMANCE_MAX,2026-07-25,6797,5217,1.3028560475368987,43.681722,245,337.0
GERAL,GERAL,24042004004,"[TRUE VIEW - NORTE SHOPPING - PARRILLAS""",VIDEO,2026-07-17,1723,1466,1.203956343792633,17.577533,5,15.0
GERAL,GERAL,24042004004,"[TRUE VIEW - NORTE SHOPPING - PARRILLAS""",VIDEO,2026-07-18,3794,3091,1.3565189259139436,34.339053,6,31.0
GERAL,GERAL,24042004004,"[TRUE VIEW - NORTE SHOPPING - PARRILLAS""",VIDEO,2026-07-19,3830,3042,1.4299802761341223,33.943677,11,18.0
GERAL,GERAL,24042004004,"[TRUE VIEW - NORTE SHOPPING - PARRILLAS""",VIDEO,2026-07-20,4851,3449,1.4601333719918816,33.420782,5,38.0
GERAL,GERAL,24042004004,"[TRUE VIEW - NORTE SHOPPING - PARRILLAS""",VIDEO,2026-07-21,7646,5099,1.518925279466562,78.493225,23,84.0
GERAL,GERAL,24042004004,"[TRUE VIEW - NORTE SHOPPING - PARRILLAS""",VIDEO,2026-07-22,8751,5571,1.6050978280380541,79.771993,33,104.0
GERAL,GERAL,24042004004,"[TRUE VIEW - NORTE SHOPPING - PARRILLAS""",VIDEO,2026-07-23,9329,8451,1.3371198674713052,78.588831,7,24.0
GERAL,GERAL,24042004004,"[TRUE VIEW - NORTE SHOPPING - PARRILLAS""",VIDEO,2026-07-24,16991,12751,1.6484981570072936,80.076077,19,17.0
GERAL,GERAL,24042004004,"[TRUE VIEW - NORTE SHOPPING - PARRILLAS""",VIDEO,2026-07-25,18423,13570,1.6943994104642595,80.693765,23,35.0
GERAL,GERAL,24042004004,"[TRUE VIEW - NORTE SHOPPING - PARRILLAS""",VIDEO,2026-07-26,18593,14080,1.6659801136363637,80.264988,19,22.0
GERAL,GERAL,24042004004,"[TRUE VIEW - NORTE SHOPPING - PARRILLAS""",VIDEO,2026-07-27,21787,15622,1.7708360005120982,80.6781,14,18.299952
GERAL,GERAL,24042004004,"[TRUE VIEW - NORTE SHOPPING - PARRILLAS""",VIDEO,2026-07-28,20185,14888,1.6983476625470177,80.926134,10,28.19997
GERAL,GERAL,24042004004,"[TRUE VIEW - NORTE SHOPPING - PARRILLAS""",VIDEO,2026-07-29,20327,15201,1.6821919610551936,80.8281,21,33.500078
GERAL,GERAL,24042004004,"[TRUE VIEW - NORTE SHOPPING - PARRILLAS""",VIDEO,2026-07-30,17708,13648,1.58968347010551,80.708272,16,49.0
GERAL,GERAL,24042004004,"[TRUE VIEW - NORTE SHOPPING - PARRILLAS""",VIDEO,2026-07-31,17304,13586,1.5873693508022966,80.59256,8,50.0
GERAL,GERAL,24058967224,[PMAX - FESTIVAL DE DANÇA - GS],PERFORMANCE_MAX,2026-07-21,3840,3330,1.2267267267267268,23.223348,23,149.0
GERAL,GERAL,24058967224,[PMAX - FESTIVAL DE DANÇA - GS],PERFORMANCE_MAX,2026-07-22,11266,10798,1.182441192813484,67.867772,166,362.0
GERAL,GERAL,24058967224,[PMAX - FESTIVAL DE DANÇA - GS],PERFORMANCE_MAX,2026-07-23,6912,5382,1.3034188034188035,66.717502,272,344.0
GERAL,GERAL,24058967224,[PMAX - FESTIVAL DE DANÇA - GS],PERFORMANCE_MAX,2026-07-24,7952,6246,1.3142811399295549,67.310633,284,390.0
GERAL,GERAL,24058967224,[PMAX - FESTIVAL DE DANÇA - GS],PERFORMANCE_MAX,2026-07-25,11594,10374,1.2599768652400232,67.923505,243,492.0
GERAL,GERAL,24058967224,[PMAX - FESTIVAL DE DANÇA - GS],PERFORMANCE_MAX,2026-07-26,13742,11588,1.3096306523990335,63.467062,300,497.0
GERAL,GERAL,24058967224,[PMAX - FESTIVAL DE DANÇA - GS],PERFORMANCE_MAX,2026-07-27,12642,9978,1.35137302064542,68.010289,672,651.0
GERAL,GERAL,24058967224,[PMAX - FESTIVAL DE DANÇA - GS],PERFORMANCE_MAX,2026-07-28,11262,8194,1.418232853307298,68.984076,852,643.0
GERAL,GERAL,24058967224,[PMAX - FESTIVAL DE DANÇA - GS],PERFORMANCE_MAX,2026-07-29,10518,6522,1.6126954921803127,68.560698,1159,829.0
GERAL,GERAL,24058967224,[PMAX - FESTIVAL DE DANÇA - GS],PERFORMANCE_MAX,2026-07-30,9520,6113,1.5573368231637494,66.965319,1019,786.0
GERAL,GERAL,24058967224,[PMAX - FESTIVAL DE DANÇA - GS],PERFORMANCE_MAX,2026-07-31,9140,6044,1.5122435473196558,62.335145,802,652.0
GERAL,GERAL,24078061560,[PMAX - STAR BEATLES COVER - NS],PERFORMANCE_MAX,2026-07-29,1660,1266,1.311216429699842,42.246444,113,129.0
GERAL,GERAL,24078061560,[PMAX - STAR BEATLES COVER - NS],PERFORMANCE_MAX,2026-07-30,15199,11973,1.47281383112002,75.769085,456,566.0
GERAL,GERAL,24078061560,[PMAX - STAR BEATLES COVER - NS],PERFORMANCE_MAX,2026-07-31,12509,8165,1.7146356399265157,75.783144,596,612.0
GERAL,GERAL,24078061560,[PMAX - STAR BEATLES COVER - NS],PERFORMANCE_MAX,2026-08-01,7098,5308,1.405237377543331,72.516992,975,477.0
GERAL,GERAL,24078061560,[PMAX - STAR BEATLES COVER - NS],PERFORMANCE_MAX,2026-08-02,5041,3783,1.3499867829764738,64.066305,1151,450.0
GERAL,GERAL,24078061560,[PMAX - STAR BEATLES COVER - NS],PERFORMANCE_MAX,2026-08-03,17014,15497,1.309543782667613,62.72646,608,578.0
GERAL,GERAL,24078061560,[PMAX - STAR BEATLES COVER - NS],PERFORMANCE_MAX,2026-08-04,32048,23064,1.646375303503295,81.506309,217,808.0
GERAL,GERAL,24078061560,[PMAX - STAR BEATLES COVER - NS],PERFORMANCE_MAX,2026-08-05,36258,25690,1.667574931880109,81.627588,215,860.0
GERAL,GERAL,24078061560,[PMAX - STAR BEATLES COVER - NS],PERFORMANCE_MAX,2026-08-06,36321,23896,1.799966521593572,81.932343,67,950.0
GERAL,GERAL,24078061560,[PMAX - STAR BEATLES COVER - NS],PERFORMANCE_MAX,2026-08-07,33734,23061,1.7122414465981528,80.832409,426,1222.0
GERAL,GERAL,24078061560,[PMAX - STAR BEATLES COVER - NS],PERFORMANCE_MAX,2026-08-08,26551,18826,1.6485711250398385,79.351421,901,990.0
GERAL,GERAL,24078287457,[DEMAND GEN - BALNEARIO TASTE FESTIVAL],DEMAND_GEN,2026-07-29,17501,8846,1.9790865928103099,90.524475,434,28.044502
GERAL,GERAL,24078287457,[DEMAND GEN - BALNEARIO TASTE FESTIVAL],DEMAND_GEN,2026-07-30,68946,26973,2.5561487413339266,176.96387,2446,78.0
GERAL,GERAL,24078287457,[DEMAND GEN - BALNEARIO TASTE FESTIVAL],DEMAND_GEN,2026-07-31,81506,34701,2.3488083916890004,177.351678,2888,85.0
GERAL,GERAL,24078287457,[DEMAND GEN - BALNEARIO TASTE FESTIVAL],DEMAND_GEN,2026-08-01,90508,37305,2.426216324889425,176.99213,3262,120.0
GERAL,GERAL,24078287457,[DEMAND GEN - BALNEARIO TASTE FESTIVAL],DEMAND_GEN,2026-08-02,90446,39403,2.2954597365682816,174.120025,3063,77.0
GERAL,GERAL,24081766981,[PMAX - CARNES NOBRES - NR],PERFORMANCE_MAX,2026-07-29,3158,2265,1.3942604856512142,46.885822,208,250.0
GERAL,GERAL,24081766981,[PMAX - CARNES NOBRES - NR],PERFORMANCE_MAX,2026-07-30,4774,3595,1.3279554937413074,42.755321,364,390.0
GERAL,GERAL,24081766981,[PMAX - CARNES NOBRES - NR],PERFORMANCE_MAX,2026-07-31,5608,4129,1.3581981109227417,46.98413,376,393.0
GERAL,GERAL,24081766981,[PMAX - CARNES NOBRES - NR],PERFORMANCE_MAX,2026-08-01,4547,3136,1.449936224489796,46.947251,300,383.0
GERAL,GERAL,24081766981,[PMAX - CARNES NOBRES - NR],PERFORMANCE_MAX,2026-08-02,3336,2384,1.3993288590604027,30.762357,364,263.0
GERAL,GERAL,24081766981,[PMAX - CARNES NOBRES - NR],PERFORMANCE_MAX,2026-08-03,5185,3709,1.3979509301698572,32.755466,191,235.0
GERAL,GERAL,24081766981,[PMAX - CARNES NOBRES - NR],PERFORMANCE_MAX,2026-08-04,3647,2583,1.4119241192411924,47.611404,229,179.0
GERAL,GERAL,24081766981,[PMAX - CARNES NOBRES - NR],PERFORMANCE_MAX,2026-08-05,3107,2239,1.3876730683340777,46.891621,215,214.0
GERAL,GERAL,24081766981,[PMAX - CARNES NOBRES - NR],PERFORMANCE_MAX,2026-08-06,3157,2169,1.4555094513600737,46.414981,188,175.0
GERAL,GERAL,24081766981,[PMAX - CARNES NOBRES - NR],PERFORMANCE_MAX,2026-08-07,3239,2339,1.3847798204360837,47.558382,222,203.0
GERAL,GERAL,24081766981,[PMAX - CARNES NOBRES - NR],PERFORMANCE_MAX,2026-08-08,4513,3106,1.452994204764971,47.637098,356,301.0
GERAL,GERAL,24081766981,[PMAX - CARNES NOBRES - NR],PERFORMANCE_MAX,2026-08-09,3423,2207,1.5509741730856366,31.756549,287,220.0
GERAL,GERAL,24081766981,[PMAX - CARNES NOBRES - NR],PERFORMANCE_MAX,2026-08-10,3462,2421,1.4299876084262702,45.319872,237,175.0
GERAL,GERAL,24081766981,[PMAX - CARNES NOBRES - NR],PERFORMANCE_MAX,2026-08-11,4310,3199,1.3676148796498906,44.677312,179,163.0
GERAL,GERAL,24081766981,[PMAX - CARNES NOBRES - NR],PERFORMANCE_MAX,2026-08-12,4264,3111,1.37801350048216,47.499956,150,171.0
GERAL,GERAL,24081766981,[PMAX - CARNES NOBRES - NR],PERFORMANCE_MAX,2026-08-13,6970,5430,1.3040515653775322,46.897131,113,194.0
GERAL,GERAL,24081766981,[PMAX - CARNES NOBRES - NR],PERFORMANCE_MAX,2026-08-14,5489,4354,1.2795130914101975,47.965008,105,184.0
GERAL,GERAL,24081766981,[PMAX - CARNES NOBRES - NR],PERFORMANCE_MAX,2026-08-15,5433,4200,1.3033333333333332,47.983414,204,235.0
GERAL,GERAL,24081766981,[PMAX - CARNES NOBRES - NR],PERFORMANCE_MAX,2026-08-16,4848,3505,1.385734664764622,47.511309,391,263.0
GERAL,GERAL,24081766981,[PMAX - CARNES NOBRES - NR],PERFORMANCE_MAX,2026-08-17,9002,6479,1.3918814631887637,46.246449,143,299.0
GERAL,GERAL,24081766981,[PMAX - CARNES NOBRES - NR],PERFORMANCE_MAX,2026-08-18,8084,6071,1.33552956679295,48.513649,114,313.0
GERAL,GERAL,24081766981,[PMAX - CARNES NOBRES - NR],PERFORMANCE_MAX,2026-08-19,8777,6622,1.3329809725158563,48.007697,130,348.0
GERAL,GERAL,24081766981,[PMAX - CARNES NOBRES - NR],PERFORMANCE_MAX,2026-08-20,8687,6337,1.3784124980274577,46.199285,161,303.0
GERAL,GERAL,24081766981,[PMAX - CARNES NOBRES - NR],PERFORMANCE_MAX,2026-08-21,8926,6674,1.339976026370992,48.078494,100,300.0
GERAL,GERAL,24081766981,[PMAX - CARNES NOBRES - NR],PERFORMANCE_MAX,2026-08-22,7199,5487,1.3169309276471661,48.079622,205,334.0
GERAL,GERAL,24081766981,[PMAX - CARNES NOBRES - NR],PERFORMANCE_MAX,2026-08-23,8063,5892,1.377121520706042,48.072655,215,322.0
GERAL,GERAL,24081766981,[PMAX - CARNES NOBRES - NR],PERFORMANCE_MAX,2026-08-24,8026,5945,1.3527333894028595,48.30511,151,295.0
GERAL,GERAL,24081766981,[PMAX - CARNES NOBRES - NR],PERFORMANCE_MAX,2026-08-25,8637,6692,1.2961745367603108,48.256825,124,280.0
GERAL,GERAL,24081766981,[PMAX - CARNES NOBRES - NR],PERFORMANCE_MAX,2026-08-26,11098,8784,1.2743624772313298,48.010335,111,252.0
GERAL,GERAL,24081766981,[PMAX - CARNES NOBRES - NR],PERFORMANCE_MAX,2026-08-27,10560,8467,1.2569977559938585,48.377844,75,243.0
GERAL,GERAL,24081766981,[PMAX - CARNES NOBRES - NR],PERFORMANCE_MAX,2026-08-28,10928,8726,1.2604859041943617,46.923903,102,313.0
GERAL,GERAL,24081766981,[PMAX - CARNES NOBRES - NR],PERFORMANCE_MAX,2026-08-29,10058,7827,1.2935990801073207,48.093427,223,393.0
GERAL,GERAL,24081766981,[PMAX - CARNES NOBRES - NR],PERFORMANCE_MAX,2026-08-30,9445,7324,1.3032495903877663,48.094416,207,324.0
GERAL,GERAL,24081766981,[PMAX - CARNES NOBRES - NR],PERFORMANCE_MAX,2026-08-31,10796,8671,1.2548725637181408,48.02274,123,287.0
GERAL,GERAL,24081766981,[PMAX - CARNES NOBRES - NR],PERFORMANCE_MAX,2026-09-01,11108,9025,1.2474238227146814,48.462615,104,245.0
GERAL,GERAL,24081766981,[PMAX - CARNES NOBRES - NR],PERFORMANCE_MAX,2026-09-02,12966,10410,1.2709894332372718,48.092529,112,153.0
GERAL,GERAL,24081766981,[PMAX - CARNES NOBRES - NR],PERFORMANCE_MAX,2026-09-03,6004,4123,1.456221198156682,47.318248,101,67.0
GERAL,GERAL,24081766981,[PMAX - CARNES NOBRES - NR],PERFORMANCE_MAX,2026-09-04,6662,4722,1.4108428631935621,48.11483,64,26.0
GERAL,GERAL,24083105906,VIDEOS - BALNEARIO TASTE FESTIVAL,VIDEO,2026-07-29,31076,22609,1.424300057499226,412.907062,62,99.0
GERAL,GERAL,24083105906,VIDEOS - BALNEARIO TASTE FESTIVAL,VIDEO,2026-07-30,76583,46208,1.8592667936288088,686.429053,132,177.0
GERAL,GERAL,24083105906,VIDEOS - BALNEARIO TASTE FESTIVAL,VIDEO,2026-07-31,85452,49980,1.9483793517406962,700.672471,123,234.0
GERAL,GERAL,24083105906,VIDEOS - BALNEARIO TASTE FESTIVAL,VIDEO,2026-08-01,93394,53414,2.026098026734564,699.971042,151,204.0
GERAL,GERAL,24083105906,VIDEOS - BALNEARIO TASTE FESTIVAL,VIDEO,2026-08-02,89751,50714,1.984816815869385,699.433348,188,165.0
GERAL,GERAL,24085936464,[PMAX - PAIS 2026 - BS],PERFORMANCE_MAX,2026-07-31,686,566,1.2120141342756183,18.260255,38,40.0
GERAL,GERAL,24085936464,[PMAX - PAIS 2026 - BS],PERFORMANCE_MAX,2026-08-01,5205,3566,1.4596186203028603,61.53191,107,369.0
GERAL,GERAL,24085936464,[PMAX - PAIS 2026 - BS],PERFORMANCE_MAX,2026-08-02,5252,3529,1.4882402947010485,59.540168,108,377.0
GERAL,GERAL,24085936464,[PMAX - PAIS 2026 - BS],PERFORMANCE_MAX,2026-08-03,8495,5508,1.5423021060275963,61.482865,91,404.0
GERAL,GERAL,24085936464,[PMAX - PAIS 2026 - BS],PERFORMANCE_MAX,2026-08-04,10473,6830,1.5333821376281114,61.520395,114,467.0
GERAL,GERAL,24085936464,[PMAX - PAIS 2026 - BS],PERFORMANCE_MAX,2026-08-05,10602,6651,1.59404600811908,61.450877,105,543.0
GERAL,GERAL,24085936464,[PMAX - PAIS 2026 - BS],PERFORMANCE_MAX,2026-08-06,11937,7697,1.5508639729764844,56.54041,97,563.0
GERAL,GERAL,24085936464,[PMAX - PAIS 2026 - BS],PERFORMANCE_MAX,2026-08-07,12657,7795,1.6237331622835152,61.839708,112,727.0
GERAL,GERAL,24085936464,[PMAX - PAIS 2026 - BS],PERFORMANCE_MAX,2026-08-08,11395,7421,1.5355073440237166,62.047185,231,836.0
GERAL,GERAL,24085936464,[PMAX - PAIS 2026 - BS],PERFORMANCE_MAX,2026-08-09,11394,7232,1.5754977876106195,61.081375,211,673.0
GERAL,GERAL,24085936464,[PMAX - PAIS 2026 - BS],PERFORMANCE_MAX,2026-08-10,14037,8158,1.7206423142927187,61.53653,80,569.0
GERAL,GERAL,24085936464,[PMAX - PAIS 2026 - BS],PERFORMANCE_MAX,2026-08-11,12839,7577,1.694470106902468,60.473903,135,610.0
GERAL,GERAL,24085936464,[PMAX - PAIS 2026 - BS],PERFORMANCE_MAX,2026-08-12,13460,8209,1.639663783652089,61.854228,106,648.0
GERAL,GERAL,24085936464,[PMAX - PAIS 2026 - BS],PERFORMANCE_MAX,2026-08-13,12832,7933,1.6175469557544435,61.689734,82,535.0
GERAL,GERAL,24085936464,[PMAX - PAIS 2026 - BS],PERFORMANCE_MAX,2026-08-14,14401,8343,1.7261177034639819,63.610224,98,610.0
GERAL,GERAL,24085936464,[PMAX - PAIS 2026 - BS],PERFORMANCE_MAX,2026-08-15,13109,7664,1.710464509394572,63.667757,124,858.0
GERAL,GERAL,24085936464,[PMAX - PAIS 2026 - BS],PERFORMANCE_MAX,2026-08-16,12738,7442,1.7116366568126848,60.164585,173,742.0
GERAL,GERAL,24086084544,[DEMANDGEN -  DIA DOS PAIS 26 - GS],DEMAND_GEN,2026-07-31,4700,2735,1.7184643510054844,7.332243,151,3.0
GERAL,GERAL,24086084544,[DEMANDGEN -  DIA DOS PAIS 26 - GS],DEMAND_GEN,2026-08-01,22451,10897,2.0602918234376433,30.735989,715,25.0
GERAL,GERAL,24086084544,[DEMANDGEN -  DIA DOS PAIS 26 - GS],DEMAND_GEN,2026-08-02,19696,9393,2.0968806558075164,30.620036,597,13.0
GERAL,GERAL,24086084544,[DEMANDGEN -  DIA DOS PAIS 26 - GS],DEMAND_GEN,2026-08-03,21386,9880,2.164574898785425,30.602164,643,16.0
GERAL,GERAL,24086084544,[DEMANDGEN -  DIA DOS PAIS 26 - GS],DEMAND_GEN,2026-08-04,21299,10310,2.065858389912706,30.719332,638,15.0
GERAL,GERAL,24086084544,[DEMANDGEN -  DIA DOS PAIS 26 - GS],DEMAND_GEN,2026-08-05,20768,9879,2.1022370685292033,30.730272,579,12.0
GERAL,GERAL,24086084544,[DEMANDGEN -  DIA DOS PAIS 26 - GS],DEMAND_GEN,2026-08-06,21517,10234,2.1025014657025602,30.790075,676,14.0
GERAL,GERAL,24086084544,[DEMANDGEN -  DIA DOS PAIS 26 - GS],DEMAND_GEN,2026-08-07,21797,10807,2.0169334690478395,30.897602,624,28.0
GERAL,GERAL,24086084544,[DEMANDGEN -  DIA DOS PAIS 26 - GS],DEMAND_GEN,2026-08-08,22712,11046,2.056128915444505,30.904976,668,14.0
GERAL,GERAL,24086084544,[DEMANDGEN -  DIA DOS PAIS 26 - GS],DEMAND_GEN,2026-08-09,23423,10972,2.134797666788188,30.738138,675,16.0
GERAL,GERAL,24086084544,[DEMANDGEN -  DIA DOS PAIS 26 - GS],DEMAND_GEN,2026-08-10,23008,11387,2.020549749714587,31.048383,660,16.0
GERAL,GERAL,24086084544,[DEMANDGEN -  DIA DOS PAIS 26 - GS],DEMAND_GEN,2026-08-11,23218,11406,2.03559530071892,30.872739,674,20.0
GERAL,GERAL,24086084544,[DEMANDGEN -  DIA DOS PAIS 26 - GS],DEMAND_GEN,2026-08-12,23723,11475,2.067363834422658,30.912062,675,14.0
GERAL,GERAL,24086084544,[DEMANDGEN -  DIA DOS PAIS 26 - GS],DEMAND_GEN,2026-08-13,23793,11698,2.033937425200889,31.010935,684,6.0
GERAL,GERAL,24086084544,[DEMANDGEN -  DIA DOS PAIS 26 - GS],DEMAND_GEN,2026-08-14,24856,12187,2.039550340526791,31.195918,780,20.0
GERAL,GERAL,24086084544,[DEMANDGEN -  DIA DOS PAIS 26 - GS],DEMAND_GEN,2026-08-15,25735,12483,2.061683890090523,31.1829,776,12.0
GERAL,GERAL,24086084544,[DEMANDGEN -  DIA DOS PAIS 26 - GS],DEMAND_GEN,2026-08-16,25052,12133,2.064781999505481,30.555953,721,18.0
GERAL,GERAL,24086093439,[DEMANDGEN -  DIA DOS PAIS 26 - NR],DEMAND_GEN,2026-07-31,4661,2710,1.7199261992619925,7.249157,159,10.0
GERAL,GERAL,24086093439,[DEMANDGEN -  DIA DOS PAIS 26 - NR],DEMAND_GEN,2026-08-01,21262,9619,2.2105208441625948,30.832616,707,57.666511
GERAL,GERAL,24086093439,[DEMANDGEN -  DIA DOS PAIS 26 - NR],DEMAND_GEN,2026-08-02,21130,9181,2.301492212177323,30.631881,657,44.916666
GERAL,GERAL,24086093439,[DEMANDGEN -  DIA DOS PAIS 26 - NR],DEMAND_GEN,2026-08-03,18943,9113,2.078678810490508,30.549216,665,39.0
GERAL,GERAL,24086093439,[DEMANDGEN -  DIA DOS PAIS 26 - NR],DEMAND_GEN,2026-08-04,18839,9380,2.0084221748400855,30.77924,639,45.0
GERAL,GERAL,24086093439,[DEMANDGEN -  DIA DOS PAIS 26 - NR],DEMAND_GEN,2026-08-05,19226,9394,2.046625505641899,30.783626,655,52.245813
GERAL,GERAL,24086093439,[DEMANDGEN -  DIA DOS PAIS 26 - NR],DEMAND_GEN,2026-08-06,19574,9746,2.0084137081879745,30.842789,615,33.0
GERAL,GERAL,24086093439,[DEMANDGEN -  DIA DOS PAIS 26 - NR],DEMAND_GEN,2026-08-07,18644,9772,1.9079001227998362,31.05323,648,36.0
GERAL,GERAL,24086093439,[DEMANDGEN -  DIA DOS PAIS 26 - NR],DEMAND_GEN,2026-08-08,22698,10752,2.111049107142857,30.893018,660,25.245813
GERAL,GERAL,24086093439,[DEMANDGEN -  DIA DOS PAIS 26 - NR],DEMAND_GEN,2026-08-09,23736,11196,2.120042872454448,30.693947,641,48.0
GERAL,GERAL,24086093439,[DEMANDGEN -  DIA DOS PAIS 26 - NR],DEMAND_GEN,2026-08-10,21486,10740,2.000558659217877,30.869259,698,35.0
GERAL,GERAL,24086093439,[DEMANDGEN -  DIA DOS PAIS 26 - NR],DEMAND_GEN,2026-08-11,22102,10757,2.054662080505717,30.755825,716,35.0
GERAL,GERAL,24086093439,[DEMANDGEN -  DIA DOS PAIS 26 - NR],DEMAND_GEN,2026-08-12,22097,10400,2.1247115384615385,31.000959,743,25.0
GERAL,GERAL,24086093439,[DEMANDGEN -  DIA DOS PAIS 26 - NR],DEMAND_GEN,2026-08-13,22842,10650,2.144788732394366,31.026298,707,24.0
GERAL,GERAL,24086093439,[DEMANDGEN -  DIA DOS PAIS 26 - NR],DEMAND_GEN,2026-08-14,23737,11235,2.112772585669782,31.306425,690,31.590093
GERAL,GERAL,24086093439,[DEMANDGEN -  DIA DOS PAIS 26 - NR],DEMAND_GEN,2026-08-15,24594,11222,2.191587952236678,31.268018,778,35.0
GERAL,GERAL,24086093439,[DEMANDGEN -  DIA DOS PAIS 26 - NR],DEMAND_GEN,2026-08-16,24776,11008,2.2507267441860463,30.584515,708,32.0
GERAL,GERAL,24088005790,[PMAX - NIGHT RUN - NS],PERFORMANCE_MAX,2026-07-29,1885,1476,1.27710027100271,27.280223,18,102.0
GERAL,GERAL,24088005790,[PMAX - NIGHT RUN - NS],PERFORMANCE_MAX,2026-07-30,3276,2439,1.3431734317343174,48.907657,278,233.0
GERAL,GERAL,24088005790,[PMAX - NIGHT RUN - NS],PERFORMANCE_MAX,2026-07-31,3137,2389,1.3131017161992466,48.866115,295,189.0
GERAL,GERAL,24088005790,[PMAX - NIGHT RUN - NS],PERFORMANCE_MAX,2026-08-01,2994,2226,1.3450134770889488,48.908931,407,218.0
GERAL,GERAL,24088005790,[PMAX - NIGHT RUN - NS],PERFORMANCE_MAX,2026-08-02,3060,2244,1.3636363636363635,49.181751,597,270.0
GERAL,GERAL,24088005790,[PMAX - NIGHT RUN - NS],PERFORMANCE_MAX,2026-08-03,3162,2339,1.3518597691321077,49.127541,317,239.0
GERAL,GERAL,24088005790,[PMAX - NIGHT RUN - NS],PERFORMANCE_MAX,2026-08-04,3086,2160,1.4287037037037038,48.651563,675,303.0
GERAL,GERAL,24088005790,[PMAX - NIGHT RUN - NS],PERFORMANCE_MAX,2026-08-05,2499,1785,1.4,48.892184,406,240.0
GERAL,GERAL,24088005790,[PMAX - NIGHT RUN - NS],PERFORMANCE_MAX,2026-08-06,2591,1799,1.4402445803224013,48.845401,378,231.0
GERAL,GERAL,24088005790,[PMAX - NIGHT RUN - NS],PERFORMANCE_MAX,2026-08-07,2821,2057,1.3714146815751094,49.263353,428,232.0
GERAL,GERAL,24088005790,[PMAX - NIGHT RUN - NS],PERFORMANCE_MAX,2026-08-08,3447,2572,1.3402021772939348,48.458629,415,295.0
GERAL,GERAL,24088005790,[PMAX - NIGHT RUN - NS],PERFORMANCE_MAX,2026-08-09,2770,1966,1.4089521871820956,48.984851,642,280.0
GERAL,GERAL,24088005790,[PMAX - NIGHT RUN - NS],PERFORMANCE_MAX,2026-08-10,2241,1705,1.3143695014662757,41.611236,337,159.0
GERAL,GERAL,24088005790,[PMAX - NIGHT RUN - NS],PERFORMANCE_MAX,2026-08-11,2826,2109,1.3399715504978662,48.974832,455,232.0
GERAL,GERAL,24088005790,[PMAX - NIGHT RUN - NS],PERFORMANCE_MAX,2026-08-12,2420,1767,1.3695529145444256,48.045774,391,196.0
GERAL,GERAL,24088005790,[PMAX - NIGHT RUN - NS],PERFORMANCE_MAX,2026-08-13,2705,1954,1.3843398157625384,48.375395,361,198.0
GERAL,GERAL,24088005790,[PMAX - NIGHT RUN - NS],PERFORMANCE_MAX,2026-08-14,2337,1696,1.377948113207547,48.993337,424,207.0
GERAL,GERAL,24088005790,[PMAX - NIGHT RUN - NS],PERFORMANCE_MAX,2026-08-15,1988,1494,1.3306559571619812,50.112407,421,193.0
GERAL,GERAL,24088005790,[PMAX - NIGHT RUN - NS],PERFORMANCE_MAX,2026-08-16,2072,1501,1.3804130579613592,50.200485,524,258.0
GERAL,GERAL,24088005790,[PMAX - NIGHT RUN - NS],PERFORMANCE_MAX,2026-08-17,3540,2419,1.4634146341463414,50.420648,440,319.0
GERAL,GERAL,24088005790,[PMAX - NIGHT RUN - NS],PERFORMANCE_MAX,2026-08-18,3535,2533,1.3955783655744176,50.129406,340,314.0
GERAL,GERAL,24088005790,[PMAX - NIGHT RUN - NS],PERFORMANCE_MAX,2026-08-19,3163,2277,1.3891084760649979,49.911532,259,220.0
GERAL,GERAL,24088005790,[PMAX - NIGHT RUN - NS],PERFORMANCE_MAX,2026-08-20,1013,752,1.3470744680851063,12.213383,64,63.0
GERAL,GERAL,24088223995,[PMAX - BALNEARIO TASTE FESTIVAL - BS],PERFORMANCE_MAX,2026-07-29,11554,8472,1.3719310670443814,199.7691,312,596.0
GERAL,GERAL,24088223995,[PMAX - BALNEARIO TASTE FESTIVAL - BS],PERFORMANCE_MAX,2026-07-30,23881,15107,1.5994572052690805,449.862837,1131,1447.0
GERAL,GERAL,24088223995,[PMAX - BALNEARIO TASTE FESTIVAL - BS],PERFORMANCE_MAX,2026-07-31,26171,15691,1.674590529602957,450.333268,1032,1542.0
GERAL,GERAL,24088223995,[PMAX - BALNEARIO TASTE FESTIVAL - BS],PERFORMANCE_MAX,2026-08-01,24114,15066,1.6188105668392407,446.345573,1458,1682.0
GERAL,GERAL,24088223995,[PMAX - BALNEARIO TASTE FESTIVAL - BS],PERFORMANCE_MAX,2026-08-02,20329,12724,1.632662684690349,439.632829,1751,1411.0
GERAL,GERAL,24090983438,[PMAX - PAIS 2026 - CS],PERFORMANCE_MAX,2026-07-31,192,163,1.177914110429448,7.97585,17,8.0
GERAL,GERAL,24090983438,[PMAX - PAIS 2026 - CS],PERFORMANCE_MAX,2026-08-01,643,487,1.320328542094456,63.60672,69,79.0
GERAL,GERAL,24090983438,[PMAX - PAIS 2026 - CS],PERFORMANCE_MAX,2026-08-02,8311,4876,1.7044708777686628,61.837895,76,326.0
GERAL,GERAL,24090983438,[PMAX - PAIS 2026 - CS],PERFORMANCE_MAX,2026-08-03,11727,6981,1.679845294370434,61.523393,49,385.0
GERAL,GERAL,24090983438,[PMAX - PAIS 2026 - CS],PERFORMANCE_MAX,2026-08-04,11864,5975,1.9856066945606694,58.4177,58,396.0
GERAL,GERAL,24090983438,[PMAX - PAIS 2026 - CS],PERFORMANCE_MAX,2026-08-05,8319,4689,1.7741522712731925,61.461853,56,308.0
GERAL,GERAL,24090983438,[PMAX - PAIS 2026 - CS],PERFORMANCE_MAX,2026-08-06,9930,5318,1.8672433245581046,60.939769,55,322.0
GERAL,GERAL,24090983438,[PMAX - PAIS 2026 - CS],PERFORMANCE_MAX,2026-08-07,10575,5636,1.8763307310149042,62.148919,54,354.0
GERAL,GERAL,24090983438,[PMAX - PAIS 2026 - CS],PERFORMANCE_MAX,2026-08-08,9273,5583,1.660934981192907,62.016878,104,396.0
GERAL,GERAL,24090983438,[PMAX - PAIS 2026 - CS],PERFORMANCE_MAX,2026-08-09,9940,5741,1.7314056784532312,61.635782,50,307.0
GERAL,GERAL,24090983438,[PMAX - PAIS 2026 - CS],PERFORMANCE_MAX,2026-08-10,11009,7032,1.5655574516496018,58.226951,70,291.0
GERAL,GERAL,24090983438,[PMAX - PAIS 2026 - CS],PERFORMANCE_MAX,2026-08-11,13494,8089,1.668191370997651,62.341779,44,322.0
GERAL,GERAL,24090983438,[PMAX - PAIS 2026 - CS],PERFORMANCE_MAX,2026-08-12,11525,6924,1.6645002888503755,63.335391,55,262.0
GERAL,GERAL,24090983438,[PMAX - PAIS 2026 - CS],PERFORMANCE_MAX,2026-08-13,10150,6458,1.5716940229173118,63.950717,41,235.0
GERAL,GERAL,24090983438,[PMAX - PAIS 2026 - CS],PERFORMANCE_MAX,2026-08-14,10173,6412,1.5865564566437929,64.064719,58,268.0
GERAL,GERAL,24090983438,[PMAX - PAIS 2026 - CS],PERFORMANCE_MAX,2026-08-15,10477,6557,1.5978343754765898,64.093583,73,396.0
GERAL,GERAL,24090983438,[PMAX - PAIS 2026 - CS],PERFORMANCE_MAX,2026-08-16,11137,6303,1.7669363795018245,58.355667,110,371.0
GERAL,GERAL,24090996416,[PMAX - PAIS 2026 - GS],PERFORMANCE_MAX,2026-07-31,641,481,1.3326403326403327,16.499464,38,82.0
GERAL,GERAL,24090996416,[PMAX - PAIS 2026 - GS],PERFORMANCE_MAX,2026-08-01,2671,2036,1.3118860510805501,61.912263,74,255.0
GERAL,GERAL,24090996416,[PMAX - PAIS 2026 - GS],PERFORMANCE_MAX,2026-08-02,4106,2979,1.3783148707620008,61.012373,143,340.0
GERAL,GERAL,24090996416,[PMAX - PAIS 2026 - GS],PERFORMANCE_MAX,2026-08-03,4801,3668,1.3088876772082878,57.99276,142,427.0
GERAL,GERAL,24090996416,[PMAX - PAIS 2026 - GS],PERFORMANCE_MAX,2026-08-04,5041,3736,1.349304068522484,59.168428,113,315.0
GERAL,GERAL,24090996416,[PMAX - PAIS 2026 - GS],PERFORMANCE_MAX,2026-08-05,6514,4642,1.4032744506678156,62.026586,75,338.0
GERAL,GERAL,24090996416,[PMAX - PAIS 2026 - GS],PERFORMANCE_MAX,2026-08-06,6560,4668,1.405312767780634,56.60299,73,320.0
GERAL,GERAL,24090996416,[PMAX - PAIS 2026 - GS],PERFORMANCE_MAX,2026-08-07,5814,4128,1.4084302325581395,62.911435,106,312.0
GERAL,GERAL,24090996416,[PMAX - PAIS 2026 - GS],PERFORMANCE_MAX,2026-08-08,5616,3934,1.42755465175394,62.110478,150,473.0
GERAL,GERAL,24090996416,[PMAX - PAIS 2026 - GS],PERFORMANCE_MAX,2026-08-09,4923,3353,1.468237399343871,48.499196,149,352.0
GERAL,GERAL,24090996416,[PMAX - PAIS 2026 - GS],PERFORMANCE_MAX,2026-08-10,5982,4199,1.4246249106930222,64.811506,91,354.0
GERAL,GERAL,24090996416,[PMAX - PAIS 2026 - GS],PERFORMANCE_MAX,2026-08-11,6595,4551,1.4491320588881564,63.260726,96,316.0
GERAL,GERAL,24090996416,[PMAX - PAIS 2026 - GS],PERFORMANCE_MAX,2026-08-12,6655,4617,1.4414121724063245,64.336297,94,365.0
GERAL,GERAL,24090996416,[PMAX - PAIS 2026 - GS],PERFORMANCE_MAX,2026-08-13,5677,4069,1.3951830916687147,65.117195,82,314.0
GERAL,GERAL,24090996416,[PMAX - PAIS 2026 - GS],PERFORMANCE_MAX,2026-08-14,5829,4087,1.4262295081967213,64.055099,93,336.0
GERAL,GERAL,24090996416,[PMAX - PAIS 2026 - GS],PERFORMANCE_MAX,2026-08-15,4616,3275,1.4094656488549617,65.80761,109,362.0
GERAL,GERAL,24090996416,[PMAX - PAIS 2026 - GS],PERFORMANCE_MAX,2026-08-16,5630,3792,1.484704641350211,63.056198,166,442.0
GERAL,GERAL,24091011983,[PMAX - PAIS 2026 - NR],PERFORMANCE_MAX,2026-07-31,563,393,1.4325699745547074,17.151235,22,46.0
GERAL,GERAL,24091011983,[PMAX - PAIS 2026 - NR],PERFORMANCE_MAX,2026-08-01,4515,3031,1.489607390300231,61.51518,72,281.0
GERAL,GERAL,24091011983,[PMAX - PAIS 2026 - NR],PERFORMANCE_MAX,2026-08-02,4870,3144,1.5489821882951653,60.209267,104,298.0
GERAL,GERAL,24091011983,[PMAX - PAIS 2026 - NR],PERFORMANCE_MAX,2026-08-03,2301,1532,1.501958224543081,34.707561,64,141.0
GERAL,GERAL,24091011983,[PMAX - PAIS 2026 - NR],PERFORMANCE_MAX,2026-08-04,4804,3357,1.431039618707179,63.832735,90,201.0
GERAL,GERAL,24091011983,[PMAX - PAIS 2026 - NR],PERFORMANCE_MAX,2026-08-05,5435,3715,1.4629878869448183,60.177934,46,247.0
GERAL,GERAL,24091011983,[PMAX - PAIS 2026 - NR],PERFORMANCE_MAX,2026-08-06,5928,4175,1.419880239520958,62.303434,70,256.0
GERAL,GERAL,24091011983,[PMAX - PAIS 2026 - NR],PERFORMANCE_MAX,2026-08-07,5725,3927,1.4578558696205755,63.997471,64,267.0
GERAL,GERAL,24091011983,[PMAX - PAIS 2026 - NR],PERFORMANCE_MAX,2026-08-08,4385,2830,1.5494699646643109,64.043231,128,298.0
GERAL,GERAL,24091011983,[PMAX - PAIS 2026 - NR],PERFORMANCE_MAX,2026-08-09,5387,3410,1.5797653958944282,61.018211,127,302.0
GERAL,GERAL,24091011983,[PMAX - PAIS 2026 - NR],PERFORMANCE_MAX,2026-08-10,6060,4200,1.4428571428571428,57.064585,50,207.0
GERAL,GERAL,24091011983,[PMAX - PAIS 2026 - NR],PERFORMANCE_MAX,2026-08-11,5601,3880,1.4435567010309278,64.716145,62,173.0
GERAL,GERAL,24091011983,[PMAX - PAIS 2026 - NR],PERFORMANCE_MAX,2026-08-12,6073,4304,1.4110130111524164,65.853548,72,217.0
GERAL,GERAL,24091011983,[PMAX - PAIS 2026 - NR],PERFORMANCE_MAX,2026-08-13,5796,4018,1.4425087108013936,66.878497,55,192.0
GERAL,GERAL,24091011983,[PMAX - PAIS 2026 - NR],PERFORMANCE_MAX,2026-08-14,6209,4303,1.4429467813153614,65.646092,46,216.0
GERAL,GERAL,24091011983,[PMAX - PAIS 2026 - NR],PERFORMANCE_MAX,2026-08-15,4620,3173,1.4560352978254019,66.811222,77,256.0
GERAL,GERAL,24091011983,[PMAX - PAIS 2026 - NR],PERFORMANCE_MAX,2026-08-16,5140,3610,1.4238227146814404,65.827159,143,284.0
GERAL,GERAL,24091020665,[PMAX - PAIS 2026 - NK],PERFORMANCE_MAX,2026-07-31,1138,817,1.3929008567931456,17.008404,33,56.0
GERAL,GERAL,24091020665,[PMAX - PAIS 2026 - NK],PERFORMANCE_MAX,2026-08-01,4484,2942,1.5241332426920462,61.925066,65,243.0
GERAL,GERAL,24091020665,[PMAX - PAIS 2026 - NK],PERFORMANCE_MAX,2026-08-02,5674,3732,1.5203644158628082,61.362001,109,277.0
GERAL,GERAL,24091020665,[PMAX - PAIS 2026 - NK],PERFORMANCE_MAX,2026-08-03,7895,4901,1.6108957355641706,61.447904,39,298.0
GERAL,GERAL,24091020665,[PMAX - PAIS 2026 - NK],PERFORMANCE_MAX,2026-08-04,8062,5012,1.60853950518755,59.857861,52,281.0
GERAL,GERAL,24091020665,[PMAX - PAIS 2026 - NK],PERFORMANCE_MAX,2026-08-05,7651,4608,1.6603732638888888,61.191269,20,314.0
GERAL,GERAL,24091020665,[PMAX - PAIS 2026 - NK],PERFORMANCE_MAX,2026-08-06,8363,5093,1.6420577262909877,60.868786,50,307.0
GERAL,GERAL,24091020665,[PMAX - PAIS 2026 - NK],PERFORMANCE_MAX,2026-08-07,9256,5602,1.6522670474830419,60.467071,60,410.0
GERAL,GERAL,24091020665,[PMAX - PAIS 2026 - NK],PERFORMANCE_MAX,2026-08-08,8760,5446,1.6085200146896805,60.845015,121,435.0
GERAL,GERAL,24091020665,[PMAX - PAIS 2026 - NK],PERFORMANCE_MAX,2026-08-09,5465,3326,1.643114852675887,36.118285,60,246.0
GERAL,GERAL,24091020665,[PMAX - PAIS 2026 - NK],PERFORMANCE_MAX,2026-08-10,7706,4673,1.649047720950139,65.85319,40,255.0
GERAL,GERAL,24091020665,[PMAX - PAIS 2026 - NK],PERFORMANCE_MAX,2026-08-11,8258,4828,1.7104391052195527,65.656117,36,295.0
GERAL,GERAL,24091020665,[PMAX - PAIS 2026 - NK],PERFORMANCE_MAX,2026-08-12,9467,5719,1.655359328553943,65.00645,46,327.0
GERAL,GERAL,24091020665,[PMAX - PAIS 2026 - NK],PERFORMANCE_MAX,2026-08-13,7751,4792,1.6174874791318865,65.728343,39,247.0
GERAL,GERAL,24091020665,[PMAX - PAIS 2026 - NK],PERFORMANCE_MAX,2026-08-14,8119,5062,1.6039114974318451,66.060491,30,252.0
GERAL,GERAL,24091020665,[PMAX - PAIS 2026 - NK],PERFORMANCE_MAX,2026-08-15,6774,4127,1.6413859946692513,66.032443,85,310.0
GERAL,GERAL,24091020665,[PMAX - PAIS 2026 - NK],PERFORMANCE_MAX,2026-08-16,6905,4205,1.6420927467300832,64.583282,101,295.0
GERAL,GERAL,24091109702,[DEMANDGEN -  DIA DOS PAIS 26 - BS],DEMAND_GEN,2026-07-31,3851,2369,1.6255804136766567,7.670462,142,3.0
GERAL,GERAL,24091109702,[DEMANDGEN -  DIA DOS PAIS 26 - BS],DEMAND_GEN,2026-08-01,18283,10136,1.8037687450670876,30.841758,574,15.0
GERAL,GERAL,24091109702,[DEMANDGEN -  DIA DOS PAIS 26 - BS],DEMAND_GEN,2026-08-02,16002,8951,1.787733214166015,30.812505,598,16.0
GERAL,GERAL,24091109702,[DEMANDGEN -  DIA DOS PAIS 26 - BS],DEMAND_GEN,2026-08-03,21022,10028,2.096330275229358,30.642187,664,18.0
GERAL,GERAL,24091109702,[DEMANDGEN -  DIA DOS PAIS 26 - BS],DEMAND_GEN,2026-08-04,21149,10220,2.0693737769080234,30.697294,639,21.0
GERAL,GERAL,24091109702,[DEMANDGEN -  DIA DOS PAIS 26 - BS],DEMAND_GEN,2026-08-05,21052,10086,2.0872496529843345,30.767531,629,18.0
GERAL,GERAL,24091109702,[DEMANDGEN -  DIA DOS PAIS 26 - BS],DEMAND_GEN,2026-08-06,21206,10191,2.0808556569522128,30.780395,609,10.0
GERAL,GERAL,24091109702,[DEMANDGEN -  DIA DOS PAIS 26 - BS],DEMAND_GEN,2026-08-07,21180,10539,2.009678337603188,30.79166,581,18.0
GERAL,GERAL,24091109702,[DEMANDGEN -  DIA DOS PAIS 26 - BS],DEMAND_GEN,2026-08-08,22761,10642,2.138789701183988,30.844546,711,32.0
GERAL,GERAL,24091109702,[DEMANDGEN -  DIA DOS PAIS 26 - BS],DEMAND_GEN,2026-08-09,23242,10794,2.1532332777468963,30.758481,694,24.0
GERAL,GERAL,24091109702,[DEMANDGEN -  DIA DOS PAIS 26 - BS],DEMAND_GEN,2026-08-10,22402,10847,2.06527150364156,30.921835,662,13.0
GERAL,GERAL,24091109702,[DEMANDGEN -  DIA DOS PAIS 26 - BS],DEMAND_GEN,2026-08-11,22738,10848,2.0960545722713864,30.752738,688,22.0
GERAL,GERAL,24091109702,[DEMANDGEN -  DIA DOS PAIS 26 - BS],DEMAND_GEN,2026-08-12,22784,10885,2.0932475884244375,30.861798,676,18.0
GERAL,GERAL,24091109702,[DEMANDGEN -  DIA DOS PAIS 26 - BS],DEMAND_GEN,2026-08-13,22781,11162,2.0409424834259093,30.97603,684,18.0
GERAL,GERAL,24091109702,[DEMANDGEN -  DIA DOS PAIS 26 - BS],DEMAND_GEN,2026-08-14,23131,11318,2.043735642339636,31.175049,648,19.0
GERAL,GERAL,24091109702,[DEMANDGEN -  DIA DOS PAIS 26 - BS],DEMAND_GEN,2026-08-15,24233,11624,2.0847384721266344,31.111565,701,16.0
GERAL,GERAL,24091109702,[DEMANDGEN -  DIA DOS PAIS 26 - BS],DEMAND_GEN,2026-08-16,23895,11236,2.1266464934140266,30.442588,745,21.0
GERAL,GERAL,24095412948,[VISUALIZACOES - PAIS 26 - NS],VIDEO,2026-08-03,801,777,1.0334620334620335,14.024625,0,7.0
GERAL,GERAL,24095412948,[VISUALIZACOES - PAIS 26 - NS],VIDEO,2026-08-04,9635,8544,1.2600655430711611,75.665535,12,51.0
GERAL,GERAL,24095412948,[VISUALIZACOES - PAIS 26 - NS],VIDEO,2026-08-05,9634,7868,1.3873919674631419,75.977301,19,38.0
GERAL,GERAL,24095412948,[VISUALIZACOES - PAIS 26 - NS],VIDEO,2026-08-06,11661,9034,1.4693380562320124,75.932306,25,67.0
GERAL,GERAL,24095412948,[VISUALIZACOES - PAIS 26 - NS],VIDEO,2026-08-07,9537,7507,1.4646330091914213,76.22985,14,49.0
GERAL,GERAL,24095412948,[VISUALIZACOES - PAIS 26 - NS],VIDEO,2026-08-08,9737,7285,1.5595058339052847,76.27287,11,52.0
GERAL,GERAL,24095412948,[VISUALIZACOES - PAIS 26 - NS],VIDEO,2026-08-09,10175,7812,1.5180491551459294,75.61809,17,31.0
GERAL,GERAL,24095412948,[VISUALIZACOES - PAIS 26 - NS],VIDEO,2026-08-10,10422,8066,1.47830399206546,76.354187,18,44.0
GERAL,GERAL,24095412948,[VISUALIZACOES - PAIS 26 - NS],VIDEO,2026-08-11,9267,6871,1.5178285547955175,75.979255,18,27.0
GERAL,GERAL,24095412948,[VISUALIZACOES - PAIS 26 - NS],VIDEO,2026-08-12,9808,7221,1.5551862622905415,75.905969,17,28.0
GERAL,GERAL,24095412948,[VISUALIZACOES - PAIS 26 - NS],VIDEO,2026-08-13,9514,7160,1.5328212290502794,75.785821,16,34.0
GERAL,GERAL,24095412948,[VISUALIZACOES - PAIS 26 - NS],VIDEO,2026-08-14,9653,7328,1.5163755458515285,75.808854,14,39.0
GERAL,GERAL,24095412948,[VISUALIZACOES - PAIS 26 - NS],VIDEO,2026-08-15,9437,7236,1.515339966832504,75.978168,11,39.0
GERAL,GERAL,24095412948,[VISUALIZACOES - PAIS 26 - NS],VIDEO,2026-08-16,8694,6634,1.5259270425082907,75.711334,17,46.0
GERAL,GERAL,24095433021,[VISUALIZACOES - PAIS 26 - CS],VIDEO,2026-08-03,1163,1128,1.0328014184397163,19.847872,3,7.0
GERAL,GERAL,24095433021,[VISUALIZACOES - PAIS 26 - CS],VIDEO,2026-08-04,8187,7578,1.1756400105568752,75.370657,5,37.0
GERAL,GERAL,24095433021,[VISUALIZACOES - PAIS 26 - CS],VIDEO,2026-08-05,13396,12021,1.3523833291739455,75.747194,5,14.0
GERAL,GERAL,24095433021,[VISUALIZACOES - PAIS 26 - CS],VIDEO,2026-08-06,11526,9760,1.4029713114754099,75.485307,20,23.0
GERAL,GERAL,24095433021,[VISUALIZACOES - PAIS 26 - CS],VIDEO,2026-08-07,9746,8007,1.4090171100287248,75.17105,16,29.0
GERAL,GERAL,24095433021,[VISUALIZACOES - PAIS 26 - CS],VIDEO,2026-08-08,10156,8346,1.4579439252336448,75.795897,10,34.0
GERAL,GERAL,24095433021,[VISUALIZACOES - PAIS 26 - CS],VIDEO,2026-08-09,10533,8756,1.4358154408405666,75.386738,14,14.0
GERAL,GERAL,24095433021,[VISUALIZACOES - PAIS 26 - CS],VIDEO,2026-08-10,9846,7808,1.4617059426229508,75.613597,11,20.0
GERAL,GERAL,24095433021,[VISUALIZACOES - PAIS 26 - CS],VIDEO,2026-08-11,10611,8329,1.4271821347100493,75.56059,16,29.0
GERAL,GERAL,24095433021,[VISUALIZACOES - PAIS 26 - CS],VIDEO,2026-08-12,10888,8897,1.432392941440935,75.584853,14,17.0
GERAL,GERAL,24095433021,[VISUALIZACOES - PAIS 26 - CS],VIDEO,2026-08-13,10045,8272,1.4234767891682785,75.562991,23,26.0
GERAL,GERAL,24095433021,[VISUALIZACOES - PAIS 26 - CS],VIDEO,2026-08-14,8539,6889,1.4260415154594281,75.581454,22,20.0
GERAL,GERAL,24095433021,[VISUALIZACOES - PAIS 26 - CS],VIDEO,2026-08-15,8848,7427,1.41201023293389,75.638769,14,22.0
GERAL,GERAL,24095433021,[VISUALIZACOES - PAIS 26 - CS],VIDEO,2026-08-16,9483,7571,1.477479857350416,75.061164,15,24.0
GERAL,GERAL,24095941909,[PMAX - PAIS 2026 - NS],PERFORMANCE_MAX,2026-07-31,386,281,1.3736654804270463,5.356469,6,25.0
GERAL,GERAL,24095941909,[PMAX - PAIS 2026 - NS],PERFORMANCE_MAX,2026-08-01,2040,1512,1.3492063492063493,62.312808,14,155.0
GERAL,GERAL,24095941909,[PMAX - PAIS 2026 - NS],PERFORMANCE_MAX,2026-08-02,2042,1414,1.4441301272984441,62.239783,82,169.0
GERAL,GERAL,24095941909,[PMAX - PAIS 2026 - NS],PERFORMANCE_MAX,2026-08-03,1578,1188,1.3282828282828283,35.429496,23,109.0
GERAL,GERAL,24095941909,[PMAX - PAIS 2026 - NS],PERFORMANCE_MAX,2026-08-04,2859,2191,1.304883614787768,61.393301,46,137.0
GERAL,GERAL,24095941909,[PMAX - PAIS 2026 - NS],PERFORMANCE_MAX,2026-08-05,2498,1900,1.3147368421052632,64.387827,21,171.0
GERAL,GERAL,24095941909,[PMAX - PAIS 2026 - NS],PERFORMANCE_MAX,2026-08-06,3177,2362,1.3450465707027943,64.648521,26,181.0
GERAL,GERAL,24095941909,[PMAX - PAIS 2026 - NS],PERFORMANCE_MAX,2026-08-07,3342,2489,1.342707914825231,64.528365,50,234.0
GERAL,GERAL,24095941909,[PMAX - PAIS 2026 - NS],PERFORMANCE_MAX,2026-08-08,3370,2319,1.453212591634325,63.856957,86,294.0
GERAL,GERAL,24095941909,[PMAX - PAIS 2026 - NS],PERFORMANCE_MAX,2026-08-09,3662,2563,1.4287943815840811,57.563925,71,237.0
GERAL,GERAL,24095941909,[PMAX - PAIS 2026 - NS],PERFORMANCE_MAX,2026-08-10,3529,2562,1.3774395003903201,53.049726,39,170.0
GERAL,GERAL,24095941909,[PMAX - PAIS 2026 - NS],PERFORMANCE_MAX,2026-08-11,3313,2364,1.4014382402707275,66.721682,47,192.0
GERAL,GERAL,24095941909,[PMAX - PAIS 2026 - NS],PERFORMANCE_MAX,2026-08-12,3257,2338,1.393071000855432,67.457446,36,186.0
GERAL,GERAL,24095941909,[PMAX - PAIS 2026 - NS],PERFORMANCE_MAX,2026-08-13,3207,2321,1.3817320120637657,68.37025,27,148.0
GERAL,GERAL,24095941909,[PMAX - PAIS 2026 - NS],PERFORMANCE_MAX,2026-08-14,3610,2521,1.4319714399047996,68.213233,56,200.0
GERAL,GERAL,24095941909,[PMAX - PAIS 2026 - NS],PERFORMANCE_MAX,2026-08-15,3437,2462,1.3960194963444355,68.009425,67,267.0
GERAL,GERAL,24095941909,[PMAX - PAIS 2026 - NS],PERFORMANCE_MAX,2026-08-16,3859,2796,1.3801859799713876,64.726828,115,228.0
GERAL,GERAL,24096039982,[DEMANDGEN -  DIA DOS PAIS 26 - CS],DEMAND_GEN,2026-07-31,5038,2804,1.796718972895863,7.505871,176,7.0
GERAL,GERAL,24096039982,[DEMANDGEN -  DIA DOS PAIS 26 - CS],DEMAND_GEN,2026-08-01,20724,10071,2.057789693178433,30.816712,730,37.0
GERAL,GERAL,24096039982,[DEMANDGEN -  DIA DOS PAIS 26 - CS],DEMAND_GEN,2026-08-02,20470,10175,2.0117936117936117,30.830804,714,24.0
GERAL,GERAL,24096039982,[DEMANDGEN -  DIA DOS PAIS 26 - CS],DEMAND_GEN,2026-08-03,20381,10890,1.8716253443526172,30.592075,652,23.0
GERAL,GERAL,24096039982,[DEMANDGEN -  DIA DOS PAIS 26 - CS],DEMAND_GEN,2026-08-04,21146,11302,1.8709962838435674,30.738527,618,20.0
GERAL,GERAL,24096039982,[DEMANDGEN -  DIA DOS PAIS 26 - CS],DEMAND_GEN,2026-08-05,20124,10157,1.9812936890814217,30.719985,635,17.0
GERAL,GERAL,24096039982,[DEMANDGEN -  DIA DOS PAIS 26 - CS],DEMAND_GEN,2026-08-06,22166,11376,1.9486638537271448,30.790849,554,14.0
GERAL,GERAL,24096039982,[DEMANDGEN -  DIA DOS PAIS 26 - CS],DEMAND_GEN,2026-08-07,22141,11880,1.8637205387205387,30.849114,642,15.0
GERAL,GERAL,24096039982,[DEMANDGEN -  DIA DOS PAIS 26 - CS],DEMAND_GEN,2026-08-08,23952,11694,2.048315375406191,30.885357,728,22.0
GERAL,GERAL,24096039982,[DEMANDGEN -  DIA DOS PAIS 26 - CS],DEMAND_GEN,2026-08-09,24395,11916,2.0472473984558577,30.819106,704,22.0
GERAL,GERAL,24096039982,[DEMANDGEN -  DIA DOS PAIS 26 - CS],DEMAND_GEN,2026-08-10,24544,12671,1.937021545260832,30.867136,685,14.0
GERAL,GERAL,24096039982,[DEMANDGEN -  DIA DOS PAIS 26 - CS],DEMAND_GEN,2026-08-11,25010,12528,1.9963282247765006,30.846805,687,19.0
GERAL,GERAL,24096039982,[DEMANDGEN -  DIA DOS PAIS 26 - CS],DEMAND_GEN,2026-08-12,25864,12490,2.0708566853482786,30.892307,697,19.0
GERAL,GERAL,24096039982,[DEMANDGEN -  DIA DOS PAIS 26 - CS],DEMAND_GEN,2026-08-13,25973,12647,2.0537676919427534,31.063132,712,16.0
GERAL,GERAL,24096039982,[DEMANDGEN -  DIA DOS PAIS 26 - CS],DEMAND_GEN,2026-08-14,25935,12590,2.060047656870532,31.142351,702,19.946884
GERAL,GERAL,24096039982,[DEMANDGEN -  DIA DOS PAIS 26 - CS],DEMAND_GEN,2026-08-15,27398,12856,2.1312227753578097,31.094991,766,21.0
GERAL,GERAL,24096039982,[DEMANDGEN -  DIA DOS PAIS 26 - CS],DEMAND_GEN,2026-08-16,26511,12760,2.077664576802508,30.507915,750,14.0
GERAL,GERAL,24100971578,[DEMANDGEN -  DIA DOS PAIS 26 - NS],DEMAND_GEN,2026-08-03,2974,2082,1.4284341978866475,4.264859,92,5.0
GERAL,GERAL,24100971578,[DEMANDGEN -  DIA DOS PAIS 26 - NS],DEMAND_GEN,2026-08-04,22408,10571,2.1197616119572413,38.125297,726,33.5
GERAL,GERAL,24100971578,[DEMANDGEN -  DIA DOS PAIS 26 - NS],DEMAND_GEN,2026-08-05,20940,9018,2.322022621423819,38.123024,749,28.0
GERAL,GERAL,24100971578,[DEMANDGEN -  DIA DOS PAIS 26 - NS],DEMAND_GEN,2026-08-06,24370,10296,2.366938616938617,37.966921,733,15.0
GERAL,GERAL,24100971578,[DEMANDGEN -  DIA DOS PAIS 26 - NS],DEMAND_GEN,2026-08-07,24501,11215,2.1846633972358447,38.077707,711,25.0
GERAL,GERAL,24100971578,[DEMANDGEN -  DIA DOS PAIS 26 - NS],DEMAND_GEN,2026-08-08,25776,11404,2.2602595580498073,38.16447,762,24.0
GERAL,GERAL,24100971578,[DEMANDGEN -  DIA DOS PAIS 26 - NS],DEMAND_GEN,2026-08-09,26259,11636,2.2567033344792025,37.769162,731,29.5
GERAL,GERAL,24100971578,[DEMANDGEN -  DIA DOS PAIS 26 - NS],DEMAND_GEN,2026-08-10,25051,12112,2.068279392338177,38.142495,755,23.0
GERAL,GERAL,24100971578,[DEMANDGEN -  DIA DOS PAIS 26 - NS],DEMAND_GEN,2026-08-11,26611,12558,2.119047619047619,38.109922,775,17.0
GERAL,GERAL,24100971578,[DEMANDGEN -  DIA DOS PAIS 26 - NS],DEMAND_GEN,2026-08-12,28456,12565,2.2647035415837644,38.264446,792,15.0
GERAL,GERAL,24100971578,[DEMANDGEN -  DIA DOS PAIS 26 - NS],DEMAND_GEN,2026-08-13,27705,12782,2.16750117352527,38.298316,814,13.0
GERAL,GERAL,24100971578,[DEMANDGEN -  DIA DOS PAIS 26 - NS],DEMAND_GEN,2026-08-14,28615,13604,2.1034989708909144,38.488775,828,15.0
GERAL,GERAL,24100971578,[DEMANDGEN -  DIA DOS PAIS 26 - NS],DEMAND_GEN,2026-08-15,29613,13489,2.195344354659352,38.576358,884,18.0
GERAL,GERAL,24100971578,[DEMANDGEN -  DIA DOS PAIS 26 - NS],DEMAND_GEN,2026-08-16,29029,13384,2.1689330543933054,37.88779,872,26.5
GERAL,GERAL,24101106404,[VISUALIZACOES - PAIS 26 - NR],VIDEO,2026-08-03,902,853,1.0609613130128956,16.114021,1,6.0
GERAL,GERAL,24101106404,[VISUALIZACOES - PAIS 26 - NR],VIDEO,2026-08-04,9403,8737,1.2222730914501545,75.785449,4,73.0
GERAL,GERAL,24101106404,[VISUALIZACOES - PAIS 26 - NR],VIDEO,2026-08-05,11513,9496,1.415122156697557,75.453653,10,37.167087
GERAL,GERAL,24101106404,[VISUALIZACOES - PAIS 26 - NR],VIDEO,2026-08-06,12508,10080,1.4677579365079365,75.768387,20,45.166246
GERAL,GERAL,24101106404,[VISUALIZACOES - PAIS 26 - NR],VIDEO,2026-08-07,9242,7017,1.4976485677640017,75.519095,17,45.0
GERAL,GERAL,24101106404,[VISUALIZACOES - PAIS 26 - NR],VIDEO,2026-08-08,10004,7486,1.5677264226556238,76.14243,24,40.0
GERAL,GERAL,24101106404,[VISUALIZACOES - PAIS 26 - NR],VIDEO,2026-08-09,9678,7247,1.5531944252794259,75.804267,10,41.0
GERAL,GERAL,24101106404,[VISUALIZACOES - PAIS 26 - NR],VIDEO,2026-08-10,10553,8260,1.4915254237288136,75.816955,14,23.0
GERAL,GERAL,24101106404,[VISUALIZACOES - PAIS 26 - NR],VIDEO,2026-08-11,10261,8039,1.4916034332628436,75.823449,13,23.0
GERAL,GERAL,24101106404,[VISUALIZACOES - PAIS 26 - NR],VIDEO,2026-08-12,10509,8345,1.473816656680647,76.060011,16,25.0
GERAL,GERAL,24101106404,[VISUALIZACOES - PAIS 26 - NR],VIDEO,2026-08-13,9928,7871,1.468682505399568,75.837525,9,48.0
GERAL,GERAL,24101106404,[VISUALIZACOES - PAIS 26 - NR],VIDEO,2026-08-14,8940,7036,1.460062535531552,75.954188,16,39.0
GERAL,GERAL,24101106404,[VISUALIZACOES - PAIS 26 - NR],VIDEO,2026-08-15,9937,8140,1.4631449631449631,75.950265,18,48.0
GERAL,GERAL,24101106404,[VISUALIZACOES - PAIS 26 - NR],VIDEO,2026-08-16,9724,7504,1.5087953091684434,75.472049,16,43.0
GERAL,GERAL,24103111864,[DEMANDGEN -  DIA DOS PAIS 26 - NK],DEMAND_GEN,2026-08-03,11450,5875,1.9489361702127659,23.503957,381,31.0
GERAL,GERAL,24103111864,[DEMANDGEN -  DIA DOS PAIS 26 - NK],DEMAND_GEN,2026-08-04,23692,11851,1.9991561893511096,36.527913,650,28.0
GERAL,GERAL,24103111864,[DEMANDGEN -  DIA DOS PAIS 26 - NK],DEMAND_GEN,2026-08-05,20054,9530,2.104302203567681,36.540959,665,44.0
GERAL,GERAL,24103111864,[DEMANDGEN -  DIA DOS PAIS 26 - NK],DEMAND_GEN,2026-08-06,21171,10494,2.017438536306461,36.590007,719,29.333333
GERAL,GERAL,24103111864,[DEMANDGEN -  DIA DOS PAIS 26 - NK],DEMAND_GEN,2026-08-07,22179,10988,2.0184746996723697,36.645137,727,34.0
GERAL,GERAL,24103111864,[DEMANDGEN -  DIA DOS PAIS 26 - NK],DEMAND_GEN,2026-08-08,26805,12544,2.13687818877551,36.700315,759,23.0
GERAL,GERAL,24103111864,[DEMANDGEN -  DIA DOS PAIS 26 - NK],DEMAND_GEN,2026-08-09,25302,12140,2.084184514003295,36.339404,820,44.0
GERAL,GERAL,24103111864,[DEMANDGEN -  DIA DOS PAIS 26 - NK],DEMAND_GEN,2026-08-10,25039,12596,1.9878532867577008,36.628354,744,31.0
GERAL,GERAL,24103111864,[DEMANDGEN -  DIA DOS PAIS 26 - NK],DEMAND_GEN,2026-08-11,24997,12576,1.9876749363867685,36.592598,736,28.0
GERAL,GERAL,24103111864,[DEMANDGEN -  DIA DOS PAIS 26 - NK],DEMAND_GEN,2026-08-12,25010,12733,1.964187544176549,36.767976,766,29.0
GERAL,GERAL,24103111864,[DEMANDGEN -  DIA DOS PAIS 26 - NK],DEMAND_GEN,2026-08-13,25192,12957,1.9442772246662037,36.915595,726,18.0
GERAL,GERAL,24103111864,[DEMANDGEN -  DIA DOS PAIS 26 - NK],DEMAND_GEN,2026-08-14,26198,13273,1.9737813606569727,37.041557,780,28.0
GERAL,GERAL,24103111864,[DEMANDGEN -  DIA DOS PAIS 26 - NK],DEMAND_GEN,2026-08-15,27108,13693,1.9796976557365078,37.16058,942,40.0
GERAL,GERAL,24103111864,[DEMANDGEN -  DIA DOS PAIS 26 - NK],DEMAND_GEN,2026-08-16,26348,13540,1.9459379615952732,36.561872,855,35.0
GERAL,GERAL,24106116400,[VISUALIZACOES - PAIS 26 - BS],VIDEO,2026-08-03,1056,1020,1.0372549019607844,20.435949,1,3.0
GERAL,GERAL,24106116400,[VISUALIZACOES - PAIS 26 - BS],VIDEO,2026-08-04,10523,10124,1.202587909917029,75.714322,7,24.0
GERAL,GERAL,24106116400,[VISUALIZACOES - PAIS 26 - BS],VIDEO,2026-08-05,10569,8668,1.42455006922012,75.555471,16,11.003056
GERAL,GERAL,24106116400,[VISUALIZACOES - PAIS 26 - BS],VIDEO,2026-08-06,11188,9203,1.4202977290014125,75.526273,13,21.0
GERAL,GERAL,24106116400,[VISUALIZACOES - PAIS 26 - BS],VIDEO,2026-08-07,10416,8636,1.3889532190829088,75.262338,18,30.996944
GERAL,GERAL,24106116400,[VISUALIZACOES - PAIS 26 - BS],VIDEO,2026-08-08,10557,8841,1.4502884289107567,75.325837,12,10.0
GERAL,GERAL,24106116400,[VISUALIZACOES - PAIS 26 - BS],VIDEO,2026-08-09,9321,7648,1.4499215481171548,75.308391,15,16.0
GERAL,GERAL,24106116400,[VISUALIZACOES - PAIS 26 - BS],VIDEO,2026-08-10,12549,10403,1.4373738344708258,75.57186,20,12.0
GERAL,GERAL,24106116400,[VISUALIZACOES - PAIS 26 - BS],VIDEO,2026-08-11,12119,10224,1.4172535211267605,75.588785,24,10.0
GERAL,GERAL,24106116400,[VISUALIZACOES - PAIS 26 - BS],VIDEO,2026-08-12,11159,9246,1.4213714038503136,75.645978,20,11.0
GERAL,GERAL,24106116400,[VISUALIZACOES - PAIS 26 - BS],VIDEO,2026-08-13,11001,9297,1.4045390986339679,75.832537,16,25.0
GERAL,GERAL,24106116400,[VISUALIZACOES - PAIS 26 - BS],VIDEO,2026-08-14,10771,9074,1.4106237601939609,75.397581,26,15.0
GERAL,GERAL,24106116400,[VISUALIZACOES - PAIS 26 - BS],VIDEO,2026-08-15,10522,9176,1.38371839581517,74.919298,12,27.0
GERAL,GERAL,24106116400,[VISUALIZACOES - PAIS 26 - BS],VIDEO,2026-08-16,9434,7874,1.4325628651257303,75.265581,22,27.0
GERAL,GERAL,24106123639,[VISUALIZACOES - PAIS 26 - NK],VIDEO,2026-08-03,1007,968,1.0433884297520661,18.405606,2,19.0
GERAL,GERAL,24106123639,[VISUALIZACOES - PAIS 26 - NK],VIDEO,2026-08-04,6860,6214,1.1635017701963308,75.396059,4,71.167086
GERAL,GERAL,24106123639,[VISUALIZACOES - PAIS 26 - NK],VIDEO,2026-08-05,9031,6694,1.3791455034359128,74.90226,19,92.167086
GERAL,GERAL,24106123639,[VISUALIZACOES - PAIS 26 - NK],VIDEO,2026-08-06,10252,7001,1.4667904585059277,75.728943,14,160.332495
GERAL,GERAL,24106123639,[VISUALIZACOES - PAIS 26 - NK],VIDEO,2026-08-07,9476,6778,1.4030687518442018,75.569739,20,146.0
GERAL,GERAL,24106123639,[VISUALIZACOES - PAIS 26 - NK],VIDEO,2026-08-08,9849,6866,1.4418875618992135,75.735122,16,137.0
GERAL,GERAL,24106123639,[VISUALIZACOES - PAIS 26 - NK],VIDEO,2026-08-09,9744,6790,1.4422680412371134,75.494126,20,99.0
GERAL,GERAL,24106123639,[VISUALIZACOES - PAIS 26 - NK],VIDEO,2026-08-10,9809,6778,1.4653290056063735,75.442287,13,72.0
GERAL,GERAL,24106123639,[VISUALIZACOES - PAIS 26 - NK],VIDEO,2026-08-11,10256,6881,1.503851184420869,75.584425,14,86.0
GERAL,GERAL,24106123639,[VISUALIZACOES - PAIS 26 - NK],VIDEO,2026-08-12,10225,6925,1.4808664259927797,75.642172,13,91.0
GERAL,GERAL,24106123639,[VISUALIZACOES - PAIS 26 - NK],VIDEO,2026-08-13,10286,7155,1.4413696715583508,75.598061,9,115.0
GERAL,GERAL,24106123639,[VISUALIZACOES - PAIS 26 - NK],VIDEO,2026-08-14,10442,7518,1.4329608938547487,75.746287,21,101.0
GERAL,GERAL,24106123639,[VISUALIZACOES - PAIS 26 - NK],VIDEO,2026-08-15,10758,7854,1.4232238349885409,76.068688,13,123.0
GERAL,GERAL,24106123639,[VISUALIZACOES - PAIS 26 - NK],VIDEO,2026-08-16,10740,8280,1.4173913043478261,75.797693,19,85.0
GERAL,GERAL,24109270222,[VISUALIZAÇOES - PAIS 26 - GS],VIDEO,2026-08-04,2199,2086,1.0551294343240651,31.787163,3,22.0
GERAL,GERAL,24109270222,[VISUALIZAÇOES - PAIS 26 - GS],VIDEO,2026-08-05,11641,10301,1.2956023687020677,81.210201,16,39.0
GERAL,GERAL,24109270222,[VISUALIZAÇOES - PAIS 26 - GS],VIDEO,2026-08-06,12774,10421,1.4321082429709242,81.064331,17,42.0
GERAL,GERAL,24109270222,[VISUALIZAÇOES - PAIS 26 - GS],VIDEO,2026-08-07,10078,7444,1.5048361096184848,80.704772,20,49.0
GERAL,GERAL,24109270222,[VISUALIZAÇOES - PAIS 26 - GS],VIDEO,2026-08-08,11052,8744,1.4971408966148216,80.967072,21,35.0
GERAL,GERAL,24109270222,[VISUALIZAÇOES - PAIS 26 - GS],VIDEO,2026-08-09,11479,9041,1.502156841057405,80.660809,25,29.0
GERAL,GERAL,24109270222,[VISUALIZAÇOES - PAIS 26 - GS],VIDEO,2026-08-10,10347,8072,1.473364717542121,81.199516,16,15.0
GERAL,GERAL,24109270222,[VISUALIZAÇOES - PAIS 26 - GS],VIDEO,2026-08-11,11182,8762,1.4857338507190139,80.545005,24,15.0
GERAL,GERAL,24109270222,[VISUALIZAÇOES - PAIS 26 - GS],VIDEO,2026-08-12,12331,9799,1.4674966833350342,80.642456,22,30.0
GERAL,GERAL,24109270222,[VISUALIZAÇOES - PAIS 26 - GS],VIDEO,2026-08-13,10777,8581,1.4480829740123529,80.756011,19,29.0
GERAL,GERAL,24109270222,[VISUALIZAÇOES - PAIS 26 - GS],VIDEO,2026-08-14,10358,8234,1.467937818800097,80.48586,24,19.0
GERAL,GERAL,24109270222,[VISUALIZAÇOES - PAIS 26 - GS],VIDEO,2026-08-15,10621,8277,1.5108130965325601,80.823289,14,33.0
GERAL,GERAL,24109270222,[VISUALIZAÇOES - PAIS 26 - GS],VIDEO,2026-08-16,8912,6872,1.5010186263096623,80.549308,22,30.0
GERAL,GERAL,24147825497,[PMAX - LEGUEIROS - NR],PERFORMANCE_MAX,2026-08-17,422,353,1.2124645892351276,4.695791,13,18.0
GERAL,GERAL,24147825497,[PMAX - LEGUEIROS - NR],PERFORMANCE_MAX,2026-08-18,2313,2073,1.1649782923299565,11.660841,38,60.0
GERAL,GERAL,24147825497,[PMAX - LEGUEIROS - NR],PERFORMANCE_MAX,2026-08-19,1596,1333,1.2333083270817704,11.251482,59,44.0
GERAL,GERAL,24147825497,[PMAX - LEGUEIROS - NR],PERFORMANCE_MAX,2026-08-20,2305,2029,1.184820108427797,11.2893,64,61.0
GERAL,GERAL,24147825497,[PMAX - LEGUEIROS - NR],PERFORMANCE_MAX,2026-08-21,2621,2284,1.2364273204903677,11.505762,41,59.0
GERAL,GERAL,24147825497,[PMAX - LEGUEIROS - NR],PERFORMANCE_MAX,2026-08-22,3382,2879,1.2775269190691212,11.27233,55,109.0
GERAL,GERAL,24147825497,[PMAX - LEGUEIROS - NR],PERFORMANCE_MAX,2026-08-23,3360,2770,1.2768953068592057,10.228808,70,107.0
GERAL,GERAL,24147825497,[PMAX - LEGUEIROS - NR],PERFORMANCE_MAX,2026-08-24,4627,4055,1.2522811344019729,10.993381,68,124.0
GERAL,GERAL,24147825497,[PMAX - LEGUEIROS - NR],PERFORMANCE_MAX,2026-08-25,3340,2704,1.3121301775147929,10.823092,69,108.0
GERAL,GERAL,24147825497,[PMAX - LEGUEIROS - NR],PERFORMANCE_MAX,2026-08-26,5517,4733,1.318613986900486,11.315872,24,86.0
GERAL,GERAL,24147825497,[PMAX - LEGUEIROS - NR],PERFORMANCE_MAX,2026-08-27,4497,3890,1.2380462724935732,11.296186,41,98.0
GERAL,GERAL,24147825497,[PMAX - LEGUEIROS - NR],PERFORMANCE_MAX,2026-08-28,4649,3896,1.2751540041067762,10.655066,34,110.0
GERAL,GERAL,24147825497,[PMAX - LEGUEIROS - NR],PERFORMANCE_MAX,2026-08-29,3184,2514,1.3428798727128082,11.313762,116,115.0
GERAL,GERAL,24147825497,[PMAX - LEGUEIROS - NR],PERFORMANCE_MAX,2026-08-30,5638,5052,1.2963182897862233,11.291623,61,108.0
GERAL,GERAL,24147825497,[PMAX - LEGUEIROS - NR],PERFORMANCE_MAX,2026-08-31,3742,3315,1.2500754147812971,11.285786,29,68.0
GERAL,GERAL,24147825497,[PMAX - LEGUEIROS - NR],PERFORMANCE_MAX,2026-09-01,4606,3906,1.319252432155658,11.320522,33,83.0
GERAL,GERAL,24147825497,[PMAX - LEGUEIROS - NR],PERFORMANCE_MAX,2026-09-02,4297,3622,1.322749861954721,10.867609,28,30.0
GERAL,GERAL,24147825497,[PMAX - LEGUEIROS - NR],PERFORMANCE_MAX,2026-09-03,2443,1982,1.2325933400605449,9.004378,37,24.0
GERAL,GERAL,24147825497,[PMAX - LEGUEIROS - NR],PERFORMANCE_MAX,2026-09-04,2393,1796,1.3324053452115814,11.464933,55,10.0
GERAL,GERAL,24187241257,[INSCRIÇÕES BS NIGHT RUN],VIDEO,2026-08-26,2208,2109,1.054054054054054,33.880902,5,0.0
GERAL,GERAL,24187241257,[INSCRIÇÕES BS NIGHT RUN],VIDEO,2026-08-27,5291,5131,1.0323523679594622,64.416578,15,0.0
GERAL,GERAL,24187241257,[INSCRIÇÕES BS NIGHT RUN],VIDEO,2026-08-28,6171,5877,1.0578526459077762,64.341915,16,0.0
GERAL,GERAL,24187241257,[INSCRIÇÕES BS NIGHT RUN],VIDEO,2026-08-29,6132,5880,1.0457482993197278,64.442216,20,0.0
GERAL,GERAL,24187241257,[INSCRIÇÕES BS NIGHT RUN],VIDEO,2026-08-30,6088,5811,1.0564446738943383,64.376467,13,0.0
GERAL,GERAL,24187241257,[INSCRIÇÕES BS NIGHT RUN],VIDEO,2026-08-31,5804,5515,1.0589301903898458,64.446,13,0.0
GERAL,GERAL,24187241257,[INSCRIÇÕES BS NIGHT RUN],VIDEO,2026-09-01,5799,5496,1.0604075691411936,64.433587,12,0.0
GERAL,GERAL,24187241257,[INSCRIÇÕES BS NIGHT RUN],VIDEO,2026-09-02,5710,5354,1.0700410907732536,64.087135,13,0.0
GERAL,GERAL,24187241257,[INSCRIÇÕES BS NIGHT RUN],VIDEO,2026-09-03,5715,5383,1.064090655768159,64.082432,16,1.0
GERAL,GERAL,24187241257,[INSCRIÇÕES BS NIGHT RUN],VIDEO,2026-09-04,5643,5332,1.0613278319579895,64.49009,14,0.0
GERAL,GERAL,24198488801,[DEMAND GEN - NIGHT RUN BS],DEMAND_GEN,2026-08-31,10199,5616,1.8162393162393162,32.500101,274,110.353471
GERAL,GERAL,24198488801,[DEMAND GEN - NIGHT RUN BS],DEMAND_GEN,2026-09-01,8054,6388,1.2608015028177832,89.46472,240,167.248449
GERAL,GERAL,24198488801,[DEMAND GEN - NIGHT RUN BS],DEMAND_GEN,2026-09-02,5749,5267,1.0915131953673818,97.085223,231,167.199959
GERAL,GERAL,24198488801,[DEMAND GEN - NIGHT RUN BS],DEMAND_GEN,2026-09-03,12325,7967,1.547006401405799,85.389387,729,467.469668
GERAL,GERAL,24198488801,[DEMAND GEN - NIGHT RUN BS],DEMAND_GEN,2026-09-04,33947,20298,1.6724307813577692,85.117642,1603,1022.573542
GERAL,GERAL,24214909873,[PMAX - 26FIT - NR],PERFORMANCE_MAX,2026-09-02,866,601,1.4409317803660566,7.798197,13,12.0
GERAL,GERAL,24214909873,[PMAX - 26FIT - NR],PERFORMANCE_MAX,2026-09-03,2231,1530,1.4581699346405228,22.539885,39,44.0
GERAL,GERAL,24214909873,[PMAX - 26FIT - NR],PERFORMANCE_MAX,2026-09-04,2196,1719,1.2774869109947644,22.439953,96,49.0
GERAL,GERAL,24026239608,[PMAX - NARBONA - CS 02],PERFORMANCE_MAX,2026-09-05,26514,13432,1.9739428231089935,33.616879,208,83.0
GERAL,GERAL,24026239608,[PMAX - NARBONA - CS 02],PERFORMANCE_MAX,2026-09-06,25758,13646,1.8875861058185548,29.342153,266,65.0
GERAL,GERAL,24026239608,[PMAX - NARBONA - CS 02],PERFORMANCE_MAX,2026-09-07,24368,12980,1.8773497688751926,31.788595,205,55.0
GERAL,GERAL,24026239608,[PMAX - NARBONA - CS 02],PERFORMANCE_MAX,2026-09-08,19324,10212,1.8922835879357618,29.922148,105,3.0
GERAL,GERAL,24026239608,[PMAX - NARBONA - CS 02],PERFORMANCE_MAX,2026-09-09,24350,12116,2.009739187850776,28.003501,541,0.0
GERAL,GERAL,24081766981,[PMAX - CARNES NOBRES - NR],PERFORMANCE_MAX,2026-09-05,7537,5444,1.3844599559147686,48.214009,148,71.0
GERAL,GERAL,24081766981,[PMAX - CARNES NOBRES - NR],PERFORMANCE_MAX,2026-09-06,6739,4637,1.453310329954712,48.150808,225,87.0
GERAL,GERAL,24081766981,[PMAX - CARNES NOBRES - NR],PERFORMANCE_MAX,2026-09-07,7253,5033,1.4410888138287303,48.142618,189,95.0
GERAL,GERAL,24081766981,[PMAX - CARNES NOBRES - NR],PERFORMANCE_MAX,2026-09-08,4189,3346,1.2519426180514046,47.607479,71,25.0
GERAL,GERAL,24081766981,[PMAX - CARNES NOBRES - NR],PERFORMANCE_MAX,2026-09-09,5160,3835,1.3455019556714471,37.394116,106,0.0
GERAL,GERAL,24147825497,[PMAX - LEGUEIROS - NR],PERFORMANCE_MAX,2026-09-05,2479,1849,1.3407247160627367,11.454742,65,26.0
GERAL,GERAL,24147825497,[PMAX - LEGUEIROS - NR],PERFORMANCE_MAX,2026-09-06,3263,2336,1.396832191780822,8.169482,92,25.0
GERAL,GERAL,24147825497,[PMAX - LEGUEIROS - NR],PERFORMANCE_MAX,2026-09-07,3510,2390,1.4686192468619246,9.114179,88,16.0
GERAL,GERAL,24147825497,[PMAX - LEGUEIROS - NR],PERFORMANCE_MAX,2026-09-08,4027,2477,1.625756964069439,9.752451,8,1.0
GERAL,GERAL,24147825497,[PMAX - LEGUEIROS - NR],PERFORMANCE_MAX,2026-09-09,735,546,1.3461538461538463,5.518074,28,0.0
GERAL,GERAL,24187241257,[INSCRIÇÕES BS NIGHT RUN],VIDEO,2026-09-05,5715,5355,1.0681605975723623,64.087025,12,0.0
GERAL,GERAL,24187241257,[INSCRIÇÕES BS NIGHT RUN],VIDEO,2026-09-06,5626,5169,1.0915070613271425,64.102847,18,0.0
GERAL,GERAL,24187241257,[INSCRIÇÕES BS NIGHT RUN],VIDEO,2026-09-07,5637,5297,1.0704172172928073,64.112901,13,0.0
GERAL,GERAL,24187241257,[INSCRIÇÕES BS NIGHT RUN],VIDEO,2026-09-08,5781,5324,1.0941021788129226,64.57368,19,0.0
GERAL,GERAL,24187241257,[INSCRIÇÕES BS NIGHT RUN],VIDEO,2026-09-09,5829,5379,1.0871909276817253,65.326632,19,0.0
GERAL,GERAL,24198488801,[DEMAND GEN - NIGHT RUN BS],DEMAND_GEN,2026-09-05,43999,24415,1.8021298382142126,85.208699,1762,1038.09857
GERAL,GERAL,24198488801,[DEMAND GEN - NIGHT RUN BS],DEMAND_GEN,2026-09-06,33125,20424,1.6218664316490403,85.142988,1128,819.838169
GERAL,GERAL,24198488801,[DEMAND GEN - NIGHT RUN BS],DEMAND_GEN,2026-09-07,38198,24324,1.5703831606643643,76.946411,1362,842.531324
GERAL,GERAL,24198488801,[DEMAND GEN - NIGHT RUN BS],DEMAND_GEN,2026-09-08,39594,24590,1.6101667344448962,87.863215,1518,902.764721
GERAL,GERAL,24198488801,[DEMAND GEN - NIGHT RUN BS],DEMAND_GEN,2026-09-09,35789,22949,1.5594579284500414,87.890235,1437,792.102802
GERAL,GERAL,24214909873,[PMAX - 26FIT - NR],PERFORMANCE_MAX,2026-09-05,2264,1738,1.3026467203682393,22.475119,132,101.0
GERAL,GERAL,24214909873,[PMAX - 26FIT - NR],PERFORMANCE_MAX,2026-09-06,3214,2353,1.3659158521036974,22.490417,156,55.0
GERAL,GERAL,24214909873,[PMAX - 26FIT - NR],PERFORMANCE_MAX,2026-09-07,2328,1823,1.277015907844213,22.386502,137,71.0
GERAL,GERAL,24214909873,[PMAX - 26FIT - NR],PERFORMANCE_MAX,2026-09-08,2620,2000,1.31,21.22352,187,29.0
GERAL,GERAL,24214909873,[PMAX - 26FIT - NR],PERFORMANCE_MAX,2026-09-09,2008,1548,1.297157622739018,19.183122,157,0.0
GERAL,GERAL,24235134631,[PMAX - JAMAL ESFIHA],PERFORMANCE_MAX,2026-09-08,894,592,1.510135135135135,7.890646,26,1.0
GERAL,GERAL,24235134631,[PMAX - JAMAL ESFIHA],PERFORMANCE_MAX,2026-09-09,4170,3114,1.3391136801541426,40.700693,71,1.0
