shopping,shopping_sigla,conversion_action_name,categoria,data,conversoes,valor_conversoes
GERAL,GERAL,Almeida-Junior-Apps - AJFans (Android) First open,DOWNLOAD,2025-09-24,50.0,0.0
GERAL,GERAL,Almeida-Junior-Apps - AJFans (Android) First open,DOWNLOAD,2025-09-25,54.0,0.0
GERAL,GERAL,Almeida-Junior-Apps - AJFans (Android) First open,DOWNLOAD,2025-09-26,105.0,0.0
GERAL,GERAL,Almeida-Junior-Apps - AJFans (Android) First open,DOWNLOAD,2025-09-27,137.0,0.0
GERAL,GERAL,Almeida-Junior-Apps - AJFans (Android) First open,DOWNLOAD,2025-09-28,140.0,0.0
GERAL,GERAL,Almeida-Junior-Apps - AJFans (Android) First open,DOWNLOAD,2025-09-29,86.0,0.0
GERAL,GERAL,Almeida-Junior-Apps - AJFans (Android) First open,DOWNLOAD,2025-09-30,80.0,0.0
GERAL,GERAL,Almeida-Junior-Apps - AJFans (Android) First open,DOWNLOAD,2025-10-01,80.0,0.0
GERAL,GERAL,Almeida-Junior-Apps - AJFans (Android) First open,DOWNLOAD,2025-10-02,122.0,0.0
GERAL,GERAL,Almeida-Junior-Apps - AJFans (Android) First open,DOWNLOAD,2025-10-03,108.0,0.0
GERAL,GERAL,Almeida-Junior-Apps - AJFans (Android) First open,DOWNLOAD,2025-10-04,176.0,0.0
GERAL,GERAL,Almeida-Junior-Apps - AJFans (Android) First open,DOWNLOAD,2025-10-05,147.0,0.0
GERAL,GERAL,Almeida-Junior-Apps - AJFans (Android) First open,DOWNLOAD,2025-10-06,117.0,0.0
GERAL,GERAL,Almeida-Junior-Apps - AJFans (Android) First open,DOWNLOAD,2025-10-07,109.0,0.0
GERAL,GERAL,Almeida-Junior-Apps - AJFans (Android) First open,DOWNLOAD,2025-10-08,90.0,0.0
GERAL,GERAL,Almeida-Junior-Apps - AJFans (Android) First open,DOWNLOAD,2025-10-09,109.0,0.0
GERAL,GERAL,Almeida-Junior-Apps - AJFans (Android) First open,DOWNLOAD,2025-10-10,148.0,0.0
GERAL,GERAL,Almeida-Junior-Apps - AJFans (Android) First open,DOWNLOAD,2025-10-11,96.0,0.0
GERAL,GERAL,Almeida-Junior-Apps - AJFans (Android) First open,DOWNLOAD,2025-10-12,184.0,0.0
GERAL,GERAL,Almeida-Junior-Apps - AJFans (Android) First open,DOWNLOAD,2025-10-13,116.0,0.0
GERAL,GERAL,Almeida-Junior-Apps - AJFans (Android) First open,DOWNLOAD,2025-10-14,128.0,0.0
GERAL,GERAL,Almeida-Junior-Apps - AJFans (Android) First open,DOWNLOAD,2025-10-15,137.0,0.0
GERAL,GERAL,Almeida-Junior-Apps - AJFans (Android) First open,DOWNLOAD,2025-10-16,94.0,0.0
GERAL,GERAL,Almeida-Junior-Apps - AJFans (Android) First open,DOWNLOAD,2025-10-17,147.0,0.0
GERAL,GERAL,Almeida-Junior-Apps - AJFans (Android) First open,DOWNLOAD,2025-10-18,139.0,0.0
GERAL,GERAL,Almeida-Junior-Apps - AJFans (Android) First open,DOWNLOAD,2025-10-19,113.0,0.0
GERAL,GERAL,Almeida-Junior-Apps - AJFans (Android) First open,DOWNLOAD,2025-10-20,126.0,0.0
GERAL,GERAL,Almeida-Junior-Apps - AJFans (Android) First open,DOWNLOAD,2025-10-21,111.0,0.0
GERAL,GERAL,Almeida-Junior-Apps - AJFans (Android) First open,DOWNLOAD,2025-10-22,100.0,0.0
GERAL,GERAL,Almeida-Junior-Apps - AJFans (Android) First open,DOWNLOAD,2025-10-23,105.0,0.0
GERAL,GERAL,Almeida-Junior-Apps - AJFans (Android) First open,DOWNLOAD,2025-10-24,112.0,0.0
GERAL,GERAL,Almeida-Junior-Apps - AJFans (Android) First open,DOWNLOAD,2025-10-25,128.0,0.0
GERAL,GERAL,Almeida-Junior-Apps - AJFans (Android) First open,DOWNLOAD,2025-10-26,105.0,0.0
GERAL,GERAL,Almeida-Junior-Apps - AJFans (Android) First open,DOWNLOAD,2025-10-27,102.0,0.0
GERAL,GERAL,Almeida-Junior-Apps - AJFans (Android) First open,DOWNLOAD,2025-10-28,92.0,0.0
GERAL,GERAL,Almeida-Junior-Apps - AJFans (Android) First open,DOWNLOAD,2025-10-29,84.0,0.0
GERAL,GERAL,Almeida-Junior-Apps - AJFans (Android) First open,DOWNLOAD,2025-10-30,127.0,0.0
GERAL,GERAL,Almeida-Junior-Apps - AJFans (Android) First open,DOWNLOAD,2025-10-31,127.0,0.0
GERAL,GERAL,Almeida-Junior-Apps - AJFans (Android) First open,DOWNLOAD,2025-11-01,135.0,0.0
GERAL,GERAL,Almeida-Junior-Apps - AJFans (Android) First open,DOWNLOAD,2025-11-02,161.0,0.0
GERAL,GERAL,Almeida-Junior-Apps - AJFans (Android) First open,DOWNLOAD,2025-11-03,154.0,0.0
GERAL,GERAL,Almeida-Junior-Apps - AJFans (Android) First open,DOWNLOAD,2025-11-04,117.0,0.0
GERAL,GERAL,Almeida-Junior-Apps - AJFans (Android) First open,DOWNLOAD,2025-11-05,115.0,0.0
GERAL,GERAL,Almeida-Junior-Apps - AJFans (Android) First open,DOWNLOAD,2025-11-06,109.0,0.0
GERAL,GERAL,Almeida-Junior-Apps - AJFans (Android) First open,DOWNLOAD,2025-11-07,155.0,0.0
GERAL,GERAL,Almeida-Junior-Apps - AJFans (Android) First open,DOWNLOAD,2025-11-08,235.0,0.0
GERAL,GERAL,Almeida-Junior-Apps - AJFans (Android) First open,DOWNLOAD,2025-11-09,251.0,0.0
GERAL,GERAL,Almeida-Junior-Apps - AJFans (Android) First open,DOWNLOAD,2025-11-10,197.0,0.0
GERAL,GERAL,Almeida-Junior-Apps - AJFans (Android) First open,DOWNLOAD,2025-11-11,201.0,0.0
GERAL,GERAL,Almeida-Junior-Apps - AJFans (Android) First open,DOWNLOAD,2025-11-12,171.0,0.0
GERAL,GERAL,Almeida-Junior-Apps - AJFans (Android) First open,DOWNLOAD,2025-11-13,224.0,0.0
GERAL,GERAL,Almeida-Junior-Apps - AJFans (Android) First open,DOWNLOAD,2025-11-14,179.0,0.0
GERAL,GERAL,Almeida-Junior-Apps - AJFans (Android) First open,DOWNLOAD,2025-11-15,248.0,0.0
GERAL,GERAL,Almeida-Junior-Apps - AJFans (Android) First open,DOWNLOAD,2025-11-16,298.0,0.0
GERAL,GERAL,Almeida-Junior-Apps - AJFans (Android) First open,DOWNLOAD,2025-11-17,168.0,0.0
GERAL,GERAL,Almeida-Junior-Apps - AJFans (Android) First open,DOWNLOAD,2025-11-18,126.0,0.0
GERAL,GERAL,Almeida-Junior-Apps - AJFans (Android) First open,DOWNLOAD,2025-11-19,102.0,0.0
GERAL,GERAL,Almeida-Junior-Apps - AJFans (Android) First open,DOWNLOAD,2025-11-20,170.0,0.0
GERAL,GERAL,Almeida-Junior-Apps - AJFans (Android) First open,DOWNLOAD,2025-11-21,182.0,0.0
GERAL,GERAL,Almeida-Junior-Apps - AJFans (Android) First open,DOWNLOAD,2025-11-22,198.0,0.0
GERAL,GERAL,Almeida-Junior-Apps - AJFans (Android) First open,DOWNLOAD,2025-11-23,308.0,0.0
GERAL,GERAL,Almeida-Junior-Apps - AJFans (Android) First open,DOWNLOAD,2025-11-24,179.0,0.0
GERAL,GERAL,Almeida-Junior-Apps - AJFans (Android) First open,DOWNLOAD,2025-11-25,129.0,0.0
GERAL,GERAL,Almeida-Junior-Apps - AJFans (Android) First open,DOWNLOAD,2025-11-26,162.0,0.0
GERAL,GERAL,Almeida-Junior-Apps - AJFans (Android) First open,DOWNLOAD,2025-11-27,128.0,0.0
GERAL,GERAL,Almeida-Junior-Apps - AJFans (Android) First open,DOWNLOAD,2025-11-28,122.0,0.0
GERAL,GERAL,Almeida-Junior-Apps - AJFans (Android) First open,DOWNLOAD,2025-11-29,170.0,0.0
GERAL,GERAL,Almeida-Junior-Apps - AJFans (Android) First open,DOWNLOAD,2025-11-30,203.0,0.0
GERAL,GERAL,Almeida-Junior-Apps - AJFans (Android) First open,DOWNLOAD,2025-12-01,180.0,0.0
GERAL,GERAL,Almeida-Junior-Apps - AJFans (Android) First open,DOWNLOAD,2025-12-02,145.0,0.0
GERAL,GERAL,Almeida-Junior-Apps - AJFans (Android) First open,DOWNLOAD,2025-12-03,180.0,0.0
GERAL,GERAL,Almeida-Junior-Apps - AJFans (Android) First open,DOWNLOAD,2025-12-04,130.0,0.0
GERAL,GERAL,Almeida-Junior-Apps - AJFans (Android) First open,DOWNLOAD,2025-12-05,134.0,0.0
GERAL,GERAL,Almeida-Junior-Apps - AJFans (Android) First open,DOWNLOAD,2025-12-06,169.0,0.0
GERAL,GERAL,Almeida-Junior-Apps - AJFans (Android) First open,DOWNLOAD,2025-12-07,155.0,0.0
GERAL,GERAL,Almeida-Junior-Apps - AJFans (Android) First open,DOWNLOAD,2025-12-08,164.0,0.0
GERAL,GERAL,Almeida-Junior-Apps - AJFans (Android) First open,DOWNLOAD,2025-12-09,153.0,0.0
GERAL,GERAL,Almeida-Junior-Apps - AJFans (Android) First open,DOWNLOAD,2025-12-10,116.0,0.0
GERAL,GERAL,Almeida-Junior-Apps - AJFans (Android) First open,DOWNLOAD,2025-12-11,102.0,0.0
GERAL,GERAL,Almeida-Junior-Apps - AJFans (Android) First open,DOWNLOAD,2025-12-12,114.0,0.0
GERAL,GERAL,Almeida-Junior-Apps - AJFans (Android) First open,DOWNLOAD,2025-12-13,181.0,0.0
GERAL,GERAL,Almeida-Junior-Apps - AJFans (Android) First open,DOWNLOAD,2025-12-14,214.0,0.0
GERAL,GERAL,Almeida-Junior-Apps - AJFans (Android) First open,DOWNLOAD,2025-12-15,138.0,0.0
GERAL,GERAL,Almeida-Junior-Apps - AJFans (Android) First open,DOWNLOAD,2025-12-16,141.0,0.0
GERAL,GERAL,Almeida-Junior-Apps - AJFans (Android) First open,DOWNLOAD,2025-12-17,133.0,0.0
GERAL,GERAL,Almeida-Junior-Apps - AJFans (Android) First open,DOWNLOAD,2025-12-18,134.0,0.0
GERAL,GERAL,Almeida-Junior-Apps - AJFans (Android) First open,DOWNLOAD,2025-12-19,116.0,0.0
GERAL,GERAL,Almeida-Junior-Apps - AJFans (Android) First open,DOWNLOAD,2025-12-20,244.0,0.0
GERAL,GERAL,Almeida-Junior-Apps - AJFans (Android) First open,DOWNLOAD,2025-12-21,208.0,0.0
GERAL,GERAL,Almeida-Junior-Apps - AJFans (Android) First open,DOWNLOAD,2025-12-22,239.0,0.0
GERAL,GERAL,Almeida-Junior-Apps - AJFans (Android) First open,DOWNLOAD,2025-12-23,211.0,0.0
GERAL,GERAL,Almeida-Junior-Apps - AJFans (Android) First open,DOWNLOAD,2025-12-24,216.0,0.0
GERAL,GERAL,Almeida-Junior-Apps - AJFans (Android) First open,DOWNLOAD,2025-12-25,140.0,0.0
GERAL,GERAL,Almeida-Junior-Apps - AJFans (Android) First open,DOWNLOAD,2025-12-26,125.0,0.0
GERAL,GERAL,Almeida-Junior-Apps - AJFans (Android) First open,DOWNLOAD,2025-12-27,202.0,0.0
GERAL,GERAL,Almeida-Junior-Apps - AJFans (Android) First open,DOWNLOAD,2025-12-28,114.0,0.0
GERAL,GERAL,Almeida-Junior-Apps - AJFans (Android) First open,DOWNLOAD,2025-12-29,171.0,0.0
GERAL,GERAL,Almeida-Junior-Apps - AJFans (Android) First open,DOWNLOAD,2025-12-30,228.0,0.0
GERAL,GERAL,Almeida-Junior-Apps - AJFans (Android) First open,DOWNLOAD,2025-12-31,175.0,0.0
GERAL,GERAL,Almeida-Junior-Apps - AJFans (Android) First open,DOWNLOAD,2026-01-01,157.0,0.0
GERAL,GERAL,Almeida-Junior-Apps - AJFans (Android) First open,DOWNLOAD,2026-01-02,1.0,0.0
GERAL,GERAL,Almeida-Junior-Apps - AJFans (Android) First open,DOWNLOAD,2026-01-03,2.0,0.0
GERAL,GERAL,Almeida-Junior-Apps - AJFans (Android) First open,DOWNLOAD,2026-01-06,135.0,0.0
GERAL,GERAL,Almeida-Junior-Apps - AJFans (Android) First open,DOWNLOAD,2026-01-07,188.0,0.0
GERAL,GERAL,Almeida-Junior-Apps - AJFans (Android) First open,DOWNLOAD,2026-01-08,246.0,0.0
GERAL,GERAL,Almeida-Junior-Apps - AJFans (Android) First open,DOWNLOAD,2026-01-09,252.0,0.0
GERAL,GERAL,Almeida-Junior-Apps - AJFans (Android) First open,DOWNLOAD,2026-01-10,250.0,0.0
GERAL,GERAL,Almeida-Junior-Apps - AJFans (Android) First open,DOWNLOAD,2026-01-11,234.0,0.0
GERAL,GERAL,Almeida-Junior-Apps - AJFans (Android) First open,DOWNLOAD,2026-01-12,180.0,0.0
GERAL,GERAL,Almeida-Junior-Apps - AJFans (Android) First open,DOWNLOAD,2026-01-13,168.0,0.0
GERAL,GERAL,Almeida-Junior-Apps - AJFans (Android) First open,DOWNLOAD,2026-01-14,123.0,0.0
GERAL,GERAL,Almeida-Junior-Apps - AJFans (Android) First open,DOWNLOAD,2026-01-15,167.0,0.0
GERAL,GERAL,Almeida-Junior-Apps - AJFans (Android) First open,DOWNLOAD,2026-01-16,163.0,0.0
GERAL,GERAL,Almeida-Junior-Apps - AJFans (Android) First open,DOWNLOAD,2026-01-17,183.0,0.0
GERAL,GERAL,Almeida-Junior-Apps - AJFans (Android) First open,DOWNLOAD,2026-01-18,169.0,0.0
GERAL,GERAL,Almeida-Junior-Apps - AJFans (Android) First open,DOWNLOAD,2026-01-19,148.0,0.0
GERAL,GERAL,Almeida-Junior-Apps - AJFans (Android) First open,DOWNLOAD,2026-01-20,168.0,0.0
GERAL,GERAL,Almeida-Junior-Apps - AJFans (Android) First open,DOWNLOAD,2026-01-21,172.0,0.0
GERAL,GERAL,Almeida-Junior-Apps - AJFans (Android) First open,DOWNLOAD,2026-01-22,162.0,0.0
GERAL,GERAL,Almeida-Junior-Apps - AJFans (Android) First open,DOWNLOAD,2026-01-23,160.0,0.0
GERAL,GERAL,Almeida-Junior-Apps - AJFans (Android) First open,DOWNLOAD,2026-01-24,158.0,0.0
GERAL,GERAL,Almeida-Junior-Apps - AJFans (Android) First open,DOWNLOAD,2026-01-25,199.0,0.0
GERAL,GERAL,Almeida-Junior-Apps - AJFans (Android) First open,DOWNLOAD,2026-01-26,145.0,0.0
GERAL,GERAL,Almeida-Junior-Apps - AJFans (Android) First open,DOWNLOAD,2026-01-27,139.0,0.0
GERAL,GERAL,Almeida-Junior-Apps - AJFans (Android) First open,DOWNLOAD,2026-01-28,152.0,0.0
GERAL,GERAL,Almeida-Junior-Apps - AJFans (Android) First open,DOWNLOAD,2026-01-29,173.0,0.0
GERAL,GERAL,Almeida-Junior-Apps - AJFans (Android) First open,DOWNLOAD,2026-01-30,151.0,0.0
GERAL,GERAL,Almeida-Junior-Apps - AJFans (Android) First open,DOWNLOAD,2026-01-31,244.0,0.0
GERAL,GERAL,Almeida-Junior-Apps - AJFans (Android) First open,DOWNLOAD,2026-02-01,215.0,0.0
GERAL,GERAL,Almeida-Junior-Apps - AJFans (Android) First open,DOWNLOAD,2026-02-02,198.0,0.0
GERAL,GERAL,Almeida-Junior-Apps - AJFans (Android) First open,DOWNLOAD,2026-02-03,183.0,0.0
GERAL,GERAL,Almeida-Junior-Apps - AJFans (Android) First open,DOWNLOAD,2026-02-04,182.0,0.0
GERAL,GERAL,Almeida-Junior-Apps - AJFans (Android) First open,DOWNLOAD,2026-02-05,56.0,0.0
GERAL,GERAL,Almeida-Junior-Apps - AJFans (Android) First open,DOWNLOAD,2026-02-06,1.0,0.0
GERAL,GERAL,Almeida-Junior-Apps - AJFans (Android) First open,DOWNLOAD,2026-02-07,134.0,0.0
GERAL,GERAL,Almeida-Junior-Apps - AJFans (Android) First open,DOWNLOAD,2026-02-08,83.0,0.0
GERAL,GERAL,Almeida-Junior-Apps - AJFans (Android) First open,DOWNLOAD,2026-02-09,76.0,0.0
GERAL,GERAL,Almeida-Junior-Apps - AJFans (Android) First open,DOWNLOAD,2026-02-10,73.0,0.0
GERAL,GERAL,Almeida-Junior-Apps - AJFans (Android) First open,DOWNLOAD,2026-02-11,46.0,0.0
GERAL,GERAL,Almeida-Junior-Apps - AJFans (Android) First open,DOWNLOAD,2026-02-12,64.0,0.0
GERAL,GERAL,Almeida-Junior-Apps - AJFans (Android) First open,DOWNLOAD,2026-02-13,46.0,0.0
GERAL,GERAL,Almeida-Junior-Apps - AJFans (Android) First open,DOWNLOAD,2026-02-14,91.0,0.0
GERAL,GERAL,Almeida-Junior-Apps - AJFans (Android) First open,DOWNLOAD,2026-02-15,74.0,0.0
GERAL,GERAL,Almeida-Junior-Apps - AJFans (Android) First open,DOWNLOAD,2026-02-16,65.0,0.0
GERAL,GERAL,Almeida-Junior-Apps - AJFans (Android) First open,DOWNLOAD,2026-02-17,107.0,0.0
GERAL,GERAL,Almeida-Junior-Apps - AJFans (Android) First open,DOWNLOAD,2026-02-18,62.0,0.0
GERAL,GERAL,Almeida-Junior-Apps - AJFans (Android) First open,DOWNLOAD,2026-02-19,40.0,0.0
GERAL,GERAL,Almeida-Junior-Apps - AJFans (Android) First open,DOWNLOAD,2026-02-21,3.0,0.0
GERAL,GERAL,Almeida-Junior-Apps - AJFans (Android) First open,DOWNLOAD,2026-02-22,2.0,0.0
GERAL,GERAL,Almeida-Junior-Apps - AJFans (Android) First open,DOWNLOAD,2026-02-23,1.0,0.0
GERAL,GERAL,Almeida-Junior-Apps - AJFans (Android) First open,DOWNLOAD,2026-03-07,1.0,0.0
GERAL,GERAL,Almeida-Junior-Apps - AJFans (Android) First open,DOWNLOAD,2026-03-08,2.0,0.0
GERAL,GERAL,Almeida-Junior-Apps - AJFans (Android) First open,DOWNLOAD,2026-03-09,1.0,0.0
GERAL,GERAL,Almeida-Junior-Apps - AJFans (Android) First open,DOWNLOAD,2026-03-23,2.0,0.0
GERAL,GERAL,Almeida-Junior-Apps - AJFans (Android) First open,DOWNLOAD,2026-03-26,1.0,0.0
GERAL,GERAL,Almeida-Junior-Apps - AJFans (Android) First open,DOWNLOAD,2026-03-28,2.0,0.0
GERAL,GERAL,Almeida-Junior-Apps - AJFans (Android) First open,DOWNLOAD,2026-03-29,2.0,0.0
GERAL,GERAL,Almeida-Junior-Apps - AJFans (Android) First open,DOWNLOAD,2026-03-31,1.0,0.0
GERAL,GERAL,Almeida-Junior-Apps - AJFans (Android) First open,DOWNLOAD,2026-04-02,2.0,0.0
GERAL,GERAL,Almeida-Junior-Apps - AJFans (Android) First open,DOWNLOAD,2026-04-03,2.0,0.0
GERAL,GERAL,Almeida-Junior-Apps - AJFans (Android) First open,DOWNLOAD,2026-04-04,2.0,0.0
GERAL,GERAL,Almeida-Junior-Apps - AJFans (Android) First open,DOWNLOAD,2026-04-05,1.0,0.0
GERAL,GERAL,Almeida-Junior-Apps - AJFans (Android) First open,DOWNLOAD,2026-04-06,2.0,0.0
GERAL,GERAL,Almeida-Junior-Apps - AJFans (Android) First open,DOWNLOAD,2026-04-10,1.0,0.0
GERAL,GERAL,Almeida-Junior-Apps - AJFans (Android) First open,DOWNLOAD,2026-04-11,1.0,0.0
GERAL,GERAL,Almeida-Junior-Apps - AJFans (Android) First open,DOWNLOAD,2026-04-12,1.0,0.0
GERAL,GERAL,Almeida-Junior-Apps - AJFans (Android) First open,DOWNLOAD,2026-04-13,1.0,0.0
GERAL,GERAL,Almeida-Junior-Apps - AJFans (Android) First open,DOWNLOAD,2026-04-14,1.0,0.0
GERAL,GERAL,Almeida-Junior-Apps - AJFans (Android) First open,DOWNLOAD,2026-04-15,2.0,0.0
GERAL,GERAL,Almeida-Junior-Apps - AJFans (Android) First open,DOWNLOAD,2026-04-17,1.0,0.0
GERAL,GERAL,Almeida-Junior-Apps - AJFans (Android) First open,DOWNLOAD,2026-04-19,3.0,0.0
GERAL,GERAL,Almeida-Junior-Apps - AJFans (Android) First open,DOWNLOAD,2026-04-20,1.0,0.0
GERAL,GERAL,Almeida-Junior-Apps - AJFans (Android) First open,DOWNLOAD,2026-04-21,3.0,0.0
GERAL,GERAL,Almeida-Junior-Apps - AJFans (Android) First open,DOWNLOAD,2026-04-22,1.0,0.0
GERAL,GERAL,Almeida-Junior-Apps - AJFans (Android) First open,DOWNLOAD,2026-04-23,2.0,0.0
GERAL,GERAL,Almeida-Junior-Apps - AJFans (Android) First open,DOWNLOAD,2026-04-25,13.0,0.0
GERAL,GERAL,Almeida-Junior-Apps - AJFans (Android) First open,DOWNLOAD,2026-04-26,7.0,0.0
GERAL,GERAL,Almeida-Junior-Apps - AJFans (Android) First open,DOWNLOAD,2026-04-27,4.0,0.0
GERAL,GERAL,Almeida-Junior-Apps - AJFans (Android) First open,DOWNLOAD,2026-04-28,7.0,0.0
GERAL,GERAL,Almeida-Junior-Apps - AJFans (Android) First open,DOWNLOAD,2026-04-29,2.0,0.0
GERAL,GERAL,Almeida-Junior-Apps - AJFans (Android) First open,DOWNLOAD,2026-04-30,4.0,0.0
GERAL,GERAL,Almeida-Junior-Apps - AJFans (Android) First open,DOWNLOAD,2026-05-01,15.0,0.0
GERAL,GERAL,Almeida-Junior-Apps - AJFans (Android) First open,DOWNLOAD,2026-05-02,4.0,0.0
GERAL,GERAL,Almeida-Junior-Apps - AJFans (Android) First open,DOWNLOAD,2026-05-03,1.0,0.0
GERAL,GERAL,Almeida-Junior-Apps - AJFans (Android) First open,DOWNLOAD,2026-05-07,3.0,0.0
GERAL,GERAL,Almeida-Junior-Apps - AJFans (Android) First open,DOWNLOAD,2026-05-08,3.0,0.0
GERAL,GERAL,Almeida-Junior-Apps - AJFans (Android) First open,DOWNLOAD,2026-05-09,11.0,0.0
GERAL,GERAL,Almeida-Junior-Apps - AJFans (Android) First open,DOWNLOAD,2026-05-10,10.0,0.0
GERAL,GERAL,Almeida-Junior-Apps - AJFans (Android) First open,DOWNLOAD,2026-05-11,2.0,0.0
GERAL,GERAL,Almeida-Junior-Apps - AJFans (Android) First open,DOWNLOAD,2026-05-12,1.0,0.0
GERAL,GERAL,Almeida-Junior-Apps - AJFans (Android) First open,DOWNLOAD,2026-05-13,3.0,0.0
GERAL,GERAL,Almeida-Junior-Apps - AJFans (Android) First open,DOWNLOAD,2026-05-14,3.0,0.0
GERAL,GERAL,Almeida-Junior-Apps - AJFans (Android) First open,DOWNLOAD,2026-05-15,1.0,0.0
GERAL,GERAL,Almeida-Junior-Apps - AJFans (Android) First open,DOWNLOAD,2026-05-16,7.0,0.0
GERAL,GERAL,Almeida-Junior-Apps - AJFans (Android) First open,DOWNLOAD,2026-05-17,8.0,0.0
GERAL,GERAL,Almeida-Junior-Apps - AJFans (Android) First open,DOWNLOAD,2026-05-18,2.0,0.0
GERAL,GERAL,Almeida-Junior-Apps - AJFans (Android) First open,DOWNLOAD,2026-05-19,3.0,0.0
GERAL,GERAL,Almeida-Junior-Apps - AJFans (Android) First open,DOWNLOAD,2026-05-20,3.0,0.0
GERAL,GERAL,Almeida-Junior-Apps - AJFans (Android) First open,DOWNLOAD,2026-05-21,5.0,0.0
GERAL,GERAL,Almeida-Junior-Apps - AJFans (Android) First open,DOWNLOAD,2026-05-22,3.0,0.0
GERAL,GERAL,Almeida-Junior-Apps - AJFans (Android) First open,DOWNLOAD,2026-05-23,7.0,0.0
GERAL,GERAL,Almeida-Junior-Apps - AJFans (Android) First open,DOWNLOAD,2026-05-24,6.0,0.0
GERAL,GERAL,Almeida-Junior-Apps - AJFans (Android) First open,DOWNLOAD,2026-05-30,1.0,0.0
GERAL,GERAL,Almeida-Junior-Apps - AJFans (Android) First open,DOWNLOAD,2026-07-21,1.0,0.0
GERAL,GERAL,Almeida-Junior-Apps - AJFans (Android) First open,DOWNLOAD,2026-07-24,1.0,0.0
GERAL,GERAL,Almeida-Junior-Apps - AJFans (Android) First open,DOWNLOAD,2026-07-25,1.0,0.0
GERAL,GERAL,Almeida-Junior-Apps - AJFans (Android) First open,DOWNLOAD,2026-07-26,1.0,0.0
GERAL,GERAL,Almeida-Junior-Apps - AJFans (Android) First open,DOWNLOAD,2026-07-29,1.0,0.0
GERAL,GERAL,Almeida-Junior-Apps - AJFans (Android) First open,DOWNLOAD,2026-07-30,1.0,0.0
GERAL,GERAL,Almeida-Junior-Apps - AJFans (Android) First open,DOWNLOAD,2026-07-31,1.0,0.0
GERAL,GERAL,Almeida-Junior-Apps - AJFans (Android) First open,DOWNLOAD,2026-08-07,1.0,0.0
GERAL,GERAL,Almeida-Junior-Apps - AJFans (Android) session_start,PAGE_VIEW,2025-09-24,198.0,0.0
GERAL,GERAL,Almeida-Junior-Apps - AJFans (Android) session_start,PAGE_VIEW,2025-09-25,201.0,0.0
GERAL,GERAL,Almeida-Junior-Apps - AJFans (Android) session_start,PAGE_VIEW,2025-09-26,308.0,0.0
GERAL,GERAL,Almeida-Junior-Apps - AJFans (Android) session_start,PAGE_VIEW,2025-09-27,337.0,0.0
GERAL,GERAL,Almeida-Junior-Apps - AJFans (Android) session_start,PAGE_VIEW,2025-09-28,376.0,0.0
GERAL,GERAL,Almeida-Junior-Apps - AJFans (Android) session_start,PAGE_VIEW,2025-09-29,250.0,0.0
GERAL,GERAL,Almeida-Junior-Apps - AJFans (Android) session_start,PAGE_VIEW,2025-09-30,255.0,0.0
GERAL,GERAL,Almeida-Junior-Apps - AJFans (Android) session_start,PAGE_VIEW,2025-10-01,429.0,0.0
GERAL,GERAL,Almeida-Junior-Apps - AJFans (Android) session_start,PAGE_VIEW,2025-10-02,457.0,0.0
GERAL,GERAL,Almeida-Junior-Apps - AJFans (Android) session_start,PAGE_VIEW,2025-10-03,302.0,0.0
GERAL,GERAL,Almeida-Junior-Apps - AJFans (Android) session_start,PAGE_VIEW,2025-10-04,586.0,0.0
GERAL,GERAL,Almeida-Junior-Apps - AJFans (Android) session_start,PAGE_VIEW,2025-10-05,605.0,0.0
GERAL,GERAL,Almeida-Junior-Apps - AJFans (Android) session_start,PAGE_VIEW,2025-10-06,439.0,0.0
GERAL,GERAL,Almeida-Junior-Apps - AJFans (Android) session_start,PAGE_VIEW,2025-10-07,353.0,0.0
GERAL,GERAL,Almeida-Junior-Apps - AJFans (Android) session_start,PAGE_VIEW,2025-10-08,404.0,0.0
GERAL,GERAL,Almeida-Junior-Apps - AJFans (Android) session_start,PAGE_VIEW,2025-10-09,615.0,0.0
GERAL,GERAL,Almeida-Junior-Apps - AJFans (Android) session_start,PAGE_VIEW,2025-10-10,878.0,0.0
GERAL,GERAL,Almeida-Junior-Apps - AJFans (Android) session_start,PAGE_VIEW,2025-10-11,563.0,0.0
GERAL,GERAL,Almeida-Junior-Apps - AJFans (Android) session_start,PAGE_VIEW,2025-10-12,953.0,0.0
GERAL,GERAL,Almeida-Junior-Apps - AJFans (Android) session_start,PAGE_VIEW,2025-10-13,703.0,0.0
GERAL,GERAL,Almeida-Junior-Apps - AJFans (Android) session_start,PAGE_VIEW,2025-10-14,733.0,0.0
GERAL,GERAL,Almeida-Junior-Apps - AJFans (Android) session_start,PAGE_VIEW,2025-10-15,720.0,0.0
GERAL,GERAL,Almeida-Junior-Apps - AJFans (Android) session_start,PAGE_VIEW,2025-10-16,641.0,0.0
GERAL,GERAL,Almeida-Junior-Apps - AJFans (Android) session_start,PAGE_VIEW,2025-10-17,788.0,0.0
GERAL,GERAL,Almeida-Junior-Apps - AJFans (Android) session_start,PAGE_VIEW,2025-10-18,1165.0,0.0
GERAL,GERAL,Almeida-Junior-Apps - AJFans (Android) session_start,PAGE_VIEW,2025-10-19,691.0,0.0
GERAL,GERAL,Almeida-Junior-Apps - AJFans (Android) session_start,PAGE_VIEW,2025-10-20,790.0,0.0
GERAL,GERAL,Almeida-Junior-Apps - AJFans (Android) session_start,PAGE_VIEW,2025-10-21,979.0,0.0
GERAL,GERAL,Almeida-Junior-Apps - AJFans (Android) session_start,PAGE_VIEW,2025-10-22,450.0,0.0
GERAL,GERAL,Almeida-Junior-Apps - AJFans (Android) session_start,PAGE_VIEW,2025-10-23,926.0,0.0
GERAL,GERAL,Almeida-Junior-Apps - AJFans (Android) session_start,PAGE_VIEW,2025-10-24,875.0,0.0
GERAL,GERAL,Almeida-Junior-Apps - AJFans (Android) session_start,PAGE_VIEW,2025-10-25,1027.0,0.0
GERAL,GERAL,Almeida-Junior-Apps - AJFans (Android) session_start,PAGE_VIEW,2025-10-26,620.0,0.0
GERAL,GERAL,Almeida-Junior-Apps - AJFans (Android) session_start,PAGE_VIEW,2025-10-27,689.0,0.0
GERAL,GERAL,Almeida-Junior-Apps - AJFans (Android) session_start,PAGE_VIEW,2025-10-28,651.0,0.0
GERAL,GERAL,Almeida-Junior-Apps - AJFans (Android) session_start,PAGE_VIEW,2025-10-29,748.0,0.0
GERAL,GERAL,Almeida-Junior-Apps - AJFans (Android) session_start,PAGE_VIEW,2025-10-30,611.0,0.0
GERAL,GERAL,Almeida-Junior-Apps - AJFans (Android) session_start,PAGE_VIEW,2025-10-31,798.0,0.0
GERAL,GERAL,Almeida-Junior-Apps - AJFans (Android) session_start,PAGE_VIEW,2025-11-01,844.0,0.0
GERAL,GERAL,Almeida-Junior-Apps - AJFans (Android) session_start,PAGE_VIEW,2025-11-02,898.0,0.0
GERAL,GERAL,Almeida-Junior-Apps - AJFans (Android) session_start,PAGE_VIEW,2025-11-03,799.0,0.0
GERAL,GERAL,Almeida-Junior-Apps - AJFans (Android) session_start,PAGE_VIEW,2025-11-04,1036.0,0.0
GERAL,GERAL,Almeida-Junior-Apps - AJFans (Android) session_start,PAGE_VIEW,2025-11-05,557.0,0.0
GERAL,GERAL,Almeida-Junior-Apps - AJFans (Android) session_start,PAGE_VIEW,2025-11-06,457.0,0.0
GERAL,GERAL,Almeida-Junior-Apps - AJFans (Android) session_start,PAGE_VIEW,2025-11-07,733.0,0.0
GERAL,GERAL,Almeida-Junior-Apps - AJFans (Android) session_start,PAGE_VIEW,2025-11-08,1195.0,0.0
GERAL,GERAL,Almeida-Junior-Apps - AJFans (Android) session_start,PAGE_VIEW,2025-11-09,1132.0,0.0
GERAL,GERAL,Almeida-Junior-Apps - AJFans (Android) session_start,PAGE_VIEW,2025-11-10,772.0,0.0
GERAL,GERAL,Almeida-Junior-Apps - AJFans (Android) session_start,PAGE_VIEW,2025-11-11,751.0,0.0
GERAL,GERAL,Almeida-Junior-Apps - AJFans (Android) session_start,PAGE_VIEW,2025-11-12,654.0,0.0
GERAL,GERAL,Almeida-Junior-Apps - AJFans (Android) session_start,PAGE_VIEW,2025-11-13,777.0,0.0
GERAL,GERAL,Almeida-Junior-Apps - AJFans (Android) session_start,PAGE_VIEW,2025-11-14,718.0,0.0
GERAL,GERAL,Almeida-Junior-Apps - AJFans (Android) session_start,PAGE_VIEW,2025-11-15,1397.0,0.0
GERAL,GERAL,Almeida-Junior-Apps - AJFans (Android) session_start,PAGE_VIEW,2025-11-16,1354.0,0.0
GERAL,GERAL,Almeida-Junior-Apps - AJFans (Android) session_start,PAGE_VIEW,2025-11-17,891.0,0.0
GERAL,GERAL,Almeida-Junior-Apps - AJFans (Android) session_start,PAGE_VIEW,2025-11-18,546.0,0.0
GERAL,GERAL,Almeida-Junior-Apps - AJFans (Android) session_start,PAGE_VIEW,2025-11-19,843.0,0.0
GERAL,GERAL,Almeida-Junior-Apps - AJFans (Android) session_start,PAGE_VIEW,2025-11-20,1040.0,0.0
GERAL,GERAL,Almeida-Junior-Apps - AJFans (Android) session_start,PAGE_VIEW,2025-11-21,1002.0,0.0
GERAL,GERAL,Almeida-Junior-Apps - AJFans (Android) session_start,PAGE_VIEW,2025-11-22,1186.0,0.0
GERAL,GERAL,Almeida-Junior-Apps - AJFans (Android) session_start,PAGE_VIEW,2025-11-23,1578.0,0.0
GERAL,GERAL,Almeida-Junior-Apps - AJFans (Android) session_start,PAGE_VIEW,2025-11-24,1247.0,0.0
GERAL,GERAL,Almeida-Junior-Apps - AJFans (Android) session_start,PAGE_VIEW,2025-11-25,736.0,0.0
GERAL,GERAL,Almeida-Junior-Apps - AJFans (Android) session_start,PAGE_VIEW,2025-11-26,1022.0,0.0
GERAL,GERAL,Almeida-Junior-Apps - AJFans (Android) session_start,PAGE_VIEW,2025-11-27,949.0,0.0
GERAL,GERAL,Almeida-Junior-Apps - AJFans (Android) session_start,PAGE_VIEW,2025-11-28,760.0,0.0
GERAL,GERAL,Almeida-Junior-Apps - AJFans (Android) session_start,PAGE_VIEW,2025-11-29,1157.0,0.0
GERAL,GERAL,Almeida-Junior-Apps - AJFans (Android) session_start,PAGE_VIEW,2025-11-30,1291.0,0.0
GERAL,GERAL,Almeida-Junior-Apps - AJFans (Android) session_start,PAGE_VIEW,2025-12-01,1501.0,0.0
GERAL,GERAL,Almeida-Junior-Apps - AJFans (Android) session_start,PAGE_VIEW,2025-12-02,1214.0,0.0
GERAL,GERAL,Almeida-Junior-Apps - AJFans (Android) session_start,PAGE_VIEW,2025-12-03,1294.0,0.0
GERAL,GERAL,Almeida-Junior-Apps - AJFans (Android) session_start,PAGE_VIEW,2025-12-04,842.0,0.0
GERAL,GERAL,Almeida-Junior-Apps - AJFans (Android) session_start,PAGE_VIEW,2025-12-05,787.0,0.0
GERAL,GERAL,Almeida-Junior-Apps - AJFans (Android) session_start,PAGE_VIEW,2025-12-06,970.0,0.0
GERAL,GERAL,Almeida-Junior-Apps - AJFans (Android) session_start,PAGE_VIEW,2025-12-07,1006.0,0.0
GERAL,GERAL,Almeida-Junior-Apps - AJFans (Android) session_start,PAGE_VIEW,2025-12-08,1098.0,0.0
GERAL,GERAL,Almeida-Junior-Apps - AJFans (Android) session_start,PAGE_VIEW,2025-12-09,771.0,0.0
GERAL,GERAL,Almeida-Junior-Apps - AJFans (Android) session_start,PAGE_VIEW,2025-12-10,677.0,0.0
GERAL,GERAL,Almeida-Junior-Apps - AJFans (Android) session_start,PAGE_VIEW,2025-12-11,643.0,0.0
GERAL,GERAL,Almeida-Junior-Apps - AJFans (Android) session_start,PAGE_VIEW,2025-12-12,639.0,0.0
GERAL,GERAL,Almeida-Junior-Apps - AJFans (Android) session_start,PAGE_VIEW,2025-12-13,801.0,0.0
GERAL,GERAL,Almeida-Junior-Apps - AJFans (Android) session_start,PAGE_VIEW,2025-12-14,1105.0,0.0
GERAL,GERAL,Almeida-Junior-Apps - AJFans (Android) session_start,PAGE_VIEW,2025-12-15,781.0,0.0
GERAL,GERAL,Almeida-Junior-Apps - AJFans (Android) session_start,PAGE_VIEW,2025-12-16,654.0,0.0
GERAL,GERAL,Almeida-Junior-Apps - AJFans (Android) session_start,PAGE_VIEW,2025-12-17,758.0,0.0
GERAL,GERAL,Almeida-Junior-Apps - AJFans (Android) session_start,PAGE_VIEW,2025-12-18,578.0,0.0
GERAL,GERAL,Almeida-Junior-Apps - AJFans (Android) session_start,PAGE_VIEW,2025-12-19,593.0,0.0
GERAL,GERAL,Almeida-Junior-Apps - AJFans (Android) session_start,PAGE_VIEW,2025-12-20,1146.0,0.0
GERAL,GERAL,Almeida-Junior-Apps - AJFans (Android) session_start,PAGE_VIEW,2025-12-21,773.0,0.0
GERAL,GERAL,Almeida-Junior-Apps - AJFans (Android) session_start,PAGE_VIEW,2025-12-22,942.0,0.0
GERAL,GERAL,Almeida-Junior-Apps - AJFans (Android) session_start,PAGE_VIEW,2025-12-23,822.0,0.0
GERAL,GERAL,Almeida-Junior-Apps - AJFans (Android) session_start,PAGE_VIEW,2025-12-24,719.0,0.0
GERAL,GERAL,Almeida-Junior-Apps - AJFans (Android) session_start,PAGE_VIEW,2025-12-25,616.0,0.0
GERAL,GERAL,Almeida-Junior-Apps - AJFans (Android) session_start,PAGE_VIEW,2025-12-26,501.0,0.0
GERAL,GERAL,Almeida-Junior-Apps - AJFans (Android) session_start,PAGE_VIEW,2025-12-27,708.0,0.0
GERAL,GERAL,Almeida-Junior-Apps - AJFans (Android) session_start,PAGE_VIEW,2025-12-28,412.0,0.0
GERAL,GERAL,Almeida-Junior-Apps - AJFans (Android) session_start,PAGE_VIEW,2025-12-29,690.0,0.0
GERAL,GERAL,Almeida-Junior-Apps - AJFans (Android) session_start,PAGE_VIEW,2025-12-30,884.0,0.0
GERAL,GERAL,Almeida-Junior-Apps - AJFans (Android) session_start,PAGE_VIEW,2025-12-31,563.0,0.0
GERAL,GERAL,Almeida-Junior-Apps - AJFans (Android) session_start,PAGE_VIEW,2026-01-01,610.0,0.0
GERAL,GERAL,Almeida-Junior-Apps - AJFans (Android) session_start,PAGE_VIEW,2026-01-02,7.0,0.0
GERAL,GERAL,Almeida-Junior-Apps - AJFans (Android) session_start,PAGE_VIEW,2026-01-03,3.0,0.0
GERAL,GERAL,Almeida-Junior-Apps - AJFans (Android) session_start,PAGE_VIEW,2026-01-06,411.0,0.0
GERAL,GERAL,Almeida-Junior-Apps - AJFans (Android) session_start,PAGE_VIEW,2026-01-07,584.0,0.0
GERAL,GERAL,Almeida-Junior-Apps - AJFans (Android) session_start,PAGE_VIEW,2026-01-08,659.0,0.0
GERAL,GERAL,Almeida-Junior-Apps - AJFans (Android) session_start,PAGE_VIEW,2026-01-09,769.0,0.0
GERAL,GERAL,Almeida-Junior-Apps - AJFans (Android) session_start,PAGE_VIEW,2026-01-10,944.0,0.0
GERAL,GERAL,Almeida-Junior-Apps - AJFans (Android) session_start,PAGE_VIEW,2026-01-11,791.0,0.0
GERAL,GERAL,Almeida-Junior-Apps - AJFans (Android) session_start,PAGE_VIEW,2026-01-12,607.0,0.0
GERAL,GERAL,Almeida-Junior-Apps - AJFans (Android) session_start,PAGE_VIEW,2026-01-13,565.0,0.0
GERAL,GERAL,Almeida-Junior-Apps - AJFans (Android) session_start,PAGE_VIEW,2026-01-14,405.0,0.0
GERAL,GERAL,Almeida-Junior-Apps - AJFans (Android) session_start,PAGE_VIEW,2026-01-15,477.0,0.0
GERAL,GERAL,Almeida-Junior-Apps - AJFans (Android) session_start,PAGE_VIEW,2026-01-16,416.0,0.0
GERAL,GERAL,Almeida-Junior-Apps - AJFans (Android) session_start,PAGE_VIEW,2026-01-17,615.0,0.0
GERAL,GERAL,Almeida-Junior-Apps - AJFans (Android) session_start,PAGE_VIEW,2026-01-18,738.0,0.0
GERAL,GERAL,Almeida-Junior-Apps - AJFans (Android) session_start,PAGE_VIEW,2026-01-19,294.0,0.0
GERAL,GERAL,Almeida-Junior-Apps - AJFans (Android) session_start,PAGE_VIEW,2026-01-20,641.0,0.0
GERAL,GERAL,Almeida-Junior-Apps - AJFans (Android) session_start,PAGE_VIEW,2026-01-21,482.0,0.0
GERAL,GERAL,Almeida-Junior-Apps - AJFans (Android) session_start,PAGE_VIEW,2026-01-22,361.0,0.0
GERAL,GERAL,Almeida-Junior-Apps - AJFans (Android) session_start,PAGE_VIEW,2026-01-23,355.0,0.0
GERAL,GERAL,Almeida-Junior-Apps - AJFans (Android) session_start,PAGE_VIEW,2026-01-24,388.0,0.0
GERAL,GERAL,Almeida-Junior-Apps - AJFans (Android) session_start,PAGE_VIEW,2026-01-25,429.0,0.0
GERAL,GERAL,Almeida-Junior-Apps - AJFans (Android) session_start,PAGE_VIEW,2026-01-26,308.0,0.0
GERAL,GERAL,Almeida-Junior-Apps - AJFans (Android) session_start,PAGE_VIEW,2026-01-27,322.0,0.0
GERAL,GERAL,Almeida-Junior-Apps - AJFans (Android) session_start,PAGE_VIEW,2026-01-28,365.0,0.0
GERAL,GERAL,Almeida-Junior-Apps - AJFans (Android) session_start,PAGE_VIEW,2026-01-29,353.0,0.0
GERAL,GERAL,Almeida-Junior-Apps - AJFans (Android) session_start,PAGE_VIEW,2026-01-30,307.0,0.0
GERAL,GERAL,Almeida-Junior-Apps - AJFans (Android) session_start,PAGE_VIEW,2026-01-31,611.0,0.0
GERAL,GERAL,Almeida-Junior-Apps - AJFans (Android) session_start,PAGE_VIEW,2026-02-01,382.0,0.0
GERAL,GERAL,Almeida-Junior-Apps - AJFans (Android) session_start,PAGE_VIEW,2026-02-02,391.0,0.0
GERAL,GERAL,Almeida-Junior-Apps - AJFans (Android) session_start,PAGE_VIEW,2026-02-03,411.0,0.0
GERAL,GERAL,Almeida-Junior-Apps - AJFans (Android) session_start,PAGE_VIEW,2026-02-04,536.0,0.0
GERAL,GERAL,Almeida-Junior-Apps - AJFans (Android) session_start,PAGE_VIEW,2026-02-05,173.0,0.0
GERAL,GERAL,Almeida-Junior-Apps - AJFans (Android) session_start,PAGE_VIEW,2026-02-06,1.0,0.0
GERAL,GERAL,Almeida-Junior-Apps - AJFans (Android) session_start,PAGE_VIEW,2026-02-07,483.0,0.0
GERAL,GERAL,Almeida-Junior-Apps - AJFans (Android) session_start,PAGE_VIEW,2026-02-08,334.0,0.0
GERAL,GERAL,Almeida-Junior-Apps - AJFans (Android) session_start,PAGE_VIEW,2026-02-09,194.0,0.0
GERAL,GERAL,Almeida-Junior-Apps - AJFans (Android) session_start,PAGE_VIEW,2026-02-10,182.0,0.0
GERAL,GERAL,Almeida-Junior-Apps - AJFans (Android) session_start,PAGE_VIEW,2026-02-11,82.0,0.0
GERAL,GERAL,Almeida-Junior-Apps - AJFans (Android) session_start,PAGE_VIEW,2026-02-12,154.0,0.0
GERAL,GERAL,Almeida-Junior-Apps - AJFans (Android) session_start,PAGE_VIEW,2026-02-13,116.0,0.0
GERAL,GERAL,Almeida-Junior-Apps - AJFans (Android) session_start,PAGE_VIEW,2026-02-14,188.0,0.0
GERAL,GERAL,Almeida-Junior-Apps - AJFans (Android) session_start,PAGE_VIEW,2026-02-15,148.0,0.0
GERAL,GERAL,Almeida-Junior-Apps - AJFans (Android) session_start,PAGE_VIEW,2026-02-16,154.0,0.0
GERAL,GERAL,Almeida-Junior-Apps - AJFans (Android) session_start,PAGE_VIEW,2026-02-17,185.0,0.0
GERAL,GERAL,Almeida-Junior-Apps - AJFans (Android) session_start,PAGE_VIEW,2026-02-18,82.0,0.0
GERAL,GERAL,Almeida-Junior-Apps - AJFans (Android) session_start,PAGE_VIEW,2026-02-19,56.0,0.0
GERAL,GERAL,Almeida-Junior-Apps - AJFans (Android) session_start,PAGE_VIEW,2026-02-20,9.0,0.0
GERAL,GERAL,Almeida-Junior-Apps - AJFans (Android) session_start,PAGE_VIEW,2026-02-21,27.0,0.0
GERAL,GERAL,Almeida-Junior-Apps - AJFans (Android) session_start,PAGE_VIEW,2026-02-22,9.0,0.0
GERAL,GERAL,Almeida-Junior-Apps - AJFans (Android) session_start,PAGE_VIEW,2026-02-23,21.0,0.0
GERAL,GERAL,Almeida-Junior-Apps - AJFans (Android) session_start,PAGE_VIEW,2026-02-24,2.0,0.0
GERAL,GERAL,Almeida-Junior-Apps - AJFans (Android) session_start,PAGE_VIEW,2026-02-25,9.0,0.0
GERAL,GERAL,Almeida-Junior-Apps - AJFans (Android) session_start,PAGE_VIEW,2026-02-26,8.0,0.0
GERAL,GERAL,Almeida-Junior-Apps - AJFans (Android) session_start,PAGE_VIEW,2026-02-27,6.0,0.0
GERAL,GERAL,Almeida-Junior-Apps - AJFans (Android) session_start,PAGE_VIEW,2026-02-28,23.0,0.0
GERAL,GERAL,Almeida-Junior-Apps - AJFans (Android) session_start,PAGE_VIEW,2026-03-01,19.0,0.0
GERAL,GERAL,Almeida-Junior-Apps - AJFans (Android) session_start,PAGE_VIEW,2026-03-02,4.0,0.0
GERAL,GERAL,Almeida-Junior-Apps - AJFans (Android) session_start,PAGE_VIEW,2026-03-03,17.0,0.0
GERAL,GERAL,Almeida-Junior-Apps - AJFans (Android) session_start,PAGE_VIEW,2026-03-04,11.0,0.0
GERAL,GERAL,Almeida-Junior-Apps - AJFans (Android) session_start,PAGE_VIEW,2026-03-05,2.0,0.0
GERAL,GERAL,Almeida-Junior-Apps - AJFans (Android) session_start,PAGE_VIEW,2026-03-06,4.0,0.0
GERAL,GERAL,Almeida-Junior-Apps - AJFans (Android) session_start,PAGE_VIEW,2026-03-07,17.0,0.0
GERAL,GERAL,Almeida-Junior-Apps - AJFans (Android) session_start,PAGE_VIEW,2026-03-08,30.0,0.0
GERAL,GERAL,Almeida-Junior-Apps - AJFans (Android) session_start,PAGE_VIEW,2026-03-09,5.0,0.0
GERAL,GERAL,Almeida-Junior-Apps - AJFans (Android) session_start,PAGE_VIEW,2026-03-10,18.0,0.0
GERAL,GERAL,Almeida-Junior-Apps - AJFans (Android) session_start,PAGE_VIEW,2026-03-11,5.0,0.0
GERAL,GERAL,Almeida-Junior-Apps - AJFans (Android) session_start,PAGE_VIEW,2026-03-12,6.0,0.0
GERAL,GERAL,Almeida-Junior-Apps - AJFans (Android) session_start,PAGE_VIEW,2026-03-13,6.0,0.0
GERAL,GERAL,Almeida-Junior-Apps - AJFans (Android) session_start,PAGE_VIEW,2026-03-14,22.0,0.0
GERAL,GERAL,Almeida-Junior-Apps - AJFans (Android) session_start,PAGE_VIEW,2026-03-15,14.0,0.0
GERAL,GERAL,Almeida-Junior-Apps - AJFans (Android) session_start,PAGE_VIEW,2026-03-16,8.0,0.0
GERAL,GERAL,Almeida-Junior-Apps - AJFans (Android) session_start,PAGE_VIEW,2026-03-17,11.0,0.0
GERAL,GERAL,Almeida-Junior-Apps - AJFans (Android) session_start,PAGE_VIEW,2026-03-18,9.0,0.0
GERAL,GERAL,Almeida-Junior-Apps - AJFans (Android) session_start,PAGE_VIEW,2026-03-19,9.0,0.0
GERAL,GERAL,Almeida-Junior-Apps - AJFans (Android) session_start,PAGE_VIEW,2026-03-20,14.0,0.0
GERAL,GERAL,Almeida-Junior-Apps - AJFans (Android) session_start,PAGE_VIEW,2026-03-21,14.0,0.0
GERAL,GERAL,Almeida-Junior-Apps - AJFans (Android) session_start,PAGE_VIEW,2026-03-22,21.0,0.0
GERAL,GERAL,Almeida-Junior-Apps - AJFans (Android) session_start,PAGE_VIEW,2026-03-23,7.0,0.0
GERAL,GERAL,Almeida-Junior-Apps - AJFans (Android) session_start,PAGE_VIEW,2026-03-24,14.0,0.0
GERAL,GERAL,Almeida-Junior-Apps - AJFans (Android) session_start,PAGE_VIEW,2026-03-25,12.0,0.0
GERAL,GERAL,Almeida-Junior-Apps - AJFans (Android) session_start,PAGE_VIEW,2026-03-26,14.0,0.0
GERAL,GERAL,Almeida-Junior-Apps - AJFans (Android) session_start,PAGE_VIEW,2026-03-27,7.0,0.0
GERAL,GERAL,Almeida-Junior-Apps - AJFans (Android) session_start,PAGE_VIEW,2026-03-28,8.0,0.0
GERAL,GERAL,Almeida-Junior-Apps - AJFans (Android) session_start,PAGE_VIEW,2026-03-29,34.0,0.0
GERAL,GERAL,Almeida-Junior-Apps - AJFans (Android) session_start,PAGE_VIEW,2026-03-30,12.0,0.0
GERAL,GERAL,Almeida-Junior-Apps - AJFans (Android) session_start,PAGE_VIEW,2026-03-31,15.0,0.0
GERAL,GERAL,Almeida-Junior-Apps - AJFans (Android) session_start,PAGE_VIEW,2026-04-01,10.0,0.0
GERAL,GERAL,Almeida-Junior-Apps - AJFans (Android) session_start,PAGE_VIEW,2026-04-02,14.0,0.0
GERAL,GERAL,Almeida-Junior-Apps - AJFans (Android) session_start,PAGE_VIEW,2026-04-03,41.0,0.0
GERAL,GERAL,Almeida-Junior-Apps - AJFans (Android) session_start,PAGE_VIEW,2026-04-04,64.0,0.0
GERAL,GERAL,Almeida-Junior-Apps - AJFans (Android) session_start,PAGE_VIEW,2026-04-05,16.0,0.0
GERAL,GERAL,Almeida-Junior-Apps - AJFans (Android) session_start,PAGE_VIEW,2026-04-06,13.0,0.0
GERAL,GERAL,Almeida-Junior-Apps - AJFans (Android) session_start,PAGE_VIEW,2026-04-07,8.0,0.0
GERAL,GERAL,Almeida-Junior-Apps - AJFans (Android) session_start,PAGE_VIEW,2026-04-08,8.0,0.0
GERAL,GERAL,Almeida-Junior-Apps - AJFans (Android) session_start,PAGE_VIEW,2026-04-09,29.0,0.0
GERAL,GERAL,Almeida-Junior-Apps - AJFans (Android) session_start,PAGE_VIEW,2026-04-10,44.0,0.0
GERAL,GERAL,Almeida-Junior-Apps - AJFans (Android) session_start,PAGE_VIEW,2026-04-11,52.0,0.0
GERAL,GERAL,Almeida-Junior-Apps - AJFans (Android) session_start,PAGE_VIEW,2026-04-12,61.0,0.0
GERAL,GERAL,Almeida-Junior-Apps - AJFans (Android) session_start,PAGE_VIEW,2026-04-13,42.0,0.0
GERAL,GERAL,Almeida-Junior-Apps - AJFans (Android) session_start,PAGE_VIEW,2026-04-14,79.0,0.0
GERAL,GERAL,Almeida-Junior-Apps - AJFans (Android) session_start,PAGE_VIEW,2026-04-15,73.0,0.0
GERAL,GERAL,Almeida-Junior-Apps - AJFans (Android) session_start,PAGE_VIEW,2026-04-16,45.0,0.0
GERAL,GERAL,Almeida-Junior-Apps - AJFans (Android) session_start,PAGE_VIEW,2026-04-17,42.0,0.0
GERAL,GERAL,Almeida-Junior-Apps - AJFans (Android) session_start,PAGE_VIEW,2026-04-18,73.0,0.0
GERAL,GERAL,Almeida-Junior-Apps - AJFans (Android) session_start,PAGE_VIEW,2026-04-19,62.0,0.0
GERAL,GERAL,Almeida-Junior-Apps - AJFans (Android) session_start,PAGE_VIEW,2026-04-20,18.0,0.0
GERAL,GERAL,Almeida-Junior-Apps - AJFans (Android) session_start,PAGE_VIEW,2026-04-21,33.0,0.0
GERAL,GERAL,Almeida-Junior-Apps - AJFans (Android) session_start,PAGE_VIEW,2026-04-22,8.0,0.0
GERAL,GERAL,Almeida-Junior-Apps - AJFans (Android) session_start,PAGE_VIEW,2026-04-23,5.0,0.0
GERAL,GERAL,Almeida-Junior-Apps - AJFans (Android) session_start,PAGE_VIEW,2026-04-24,26.0,0.0
GERAL,GERAL,Almeida-Junior-Apps - AJFans (Android) session_start,PAGE_VIEW,2026-04-25,25.0,0.0
GERAL,GERAL,Almeida-Junior-Apps - AJFans (Android) session_start,PAGE_VIEW,2026-04-26,39.0,0.0
GERAL,GERAL,Almeida-Junior-Apps - AJFans (Android) session_start,PAGE_VIEW,2026-04-27,18.0,0.0
GERAL,GERAL,Almeida-Junior-Apps - AJFans (Android) session_start,PAGE_VIEW,2026-04-28,9.0,0.0
GERAL,GERAL,Almeida-Junior-Apps - AJFans (Android) session_start,PAGE_VIEW,2026-04-29,11.0,0.0
GERAL,GERAL,Almeida-Junior-Apps - AJFans (Android) session_start,PAGE_VIEW,2026-04-30,24.0,0.0
GERAL,GERAL,Almeida-Junior-Apps - AJFans (Android) session_start,PAGE_VIEW,2026-05-01,42.0,0.0
GERAL,GERAL,Almeida-Junior-Apps - AJFans (Android) session_start,PAGE_VIEW,2026-05-02,26.0,0.0
GERAL,GERAL,Almeida-Junior-Apps - AJFans (Android) session_start,PAGE_VIEW,2026-05-03,2.0,0.0
GERAL,GERAL,Almeida-Junior-Apps - AJFans (Android) session_start,PAGE_VIEW,2026-05-07,14.0,0.0
GERAL,GERAL,Almeida-Junior-Apps - AJFans (Android) session_start,PAGE_VIEW,2026-05-08,5.0,0.0
GERAL,GERAL,Almeida-Junior-Apps - AJFans (Android) session_start,PAGE_VIEW,2026-05-09,24.0,0.0
GERAL,GERAL,Almeida-Junior-Apps - AJFans (Android) session_start,PAGE_VIEW,2026-05-10,13.0,0.0
GERAL,GERAL,Almeida-Junior-Apps - AJFans (Android) session_start,PAGE_VIEW,2026-05-11,5.0,0.0
GERAL,GERAL,Almeida-Junior-Apps - AJFans (Android) session_start,PAGE_VIEW,2026-05-12,7.0,0.0
GERAL,GERAL,Almeida-Junior-Apps - AJFans (Android) session_start,PAGE_VIEW,2026-05-13,8.0,0.0
GERAL,GERAL,Almeida-Junior-Apps - AJFans (Android) session_start,PAGE_VIEW,2026-05-14,10.0,0.0
GERAL,GERAL,Almeida-Junior-Apps - AJFans (Android) session_start,PAGE_VIEW,2026-05-15,8.0,0.0
GERAL,GERAL,Almeida-Junior-Apps - AJFans (Android) session_start,PAGE_VIEW,2026-05-16,21.0,0.0
GERAL,GERAL,Almeida-Junior-Apps - AJFans (Android) session_start,PAGE_VIEW,2026-05-17,14.0,0.0
GERAL,GERAL,Almeida-Junior-Apps - AJFans (Android) session_start,PAGE_VIEW,2026-05-18,3.0,0.0
GERAL,GERAL,Almeida-Junior-Apps - AJFans (Android) session_start,PAGE_VIEW,2026-05-19,10.0,0.0
GERAL,GERAL,Almeida-Junior-Apps - AJFans (Android) session_start,PAGE_VIEW,2026-05-20,5.0,0.0
GERAL,GERAL,Almeida-Junior-Apps - AJFans (Android) session_start,PAGE_VIEW,2026-05-21,6.0,0.0
GERAL,GERAL,Almeida-Junior-Apps - AJFans (Android) session_start,PAGE_VIEW,2026-05-22,16.0,0.0
GERAL,GERAL,Almeida-Junior-Apps - AJFans (Android) session_start,PAGE_VIEW,2026-05-23,7.0,0.0
GERAL,GERAL,Almeida-Junior-Apps - AJFans (Android) session_start,PAGE_VIEW,2026-05-24,7.0,0.0
GERAL,GERAL,Almeida-Junior-Apps - AJFans (Android) session_start,PAGE_VIEW,2026-05-25,7.0,0.0
GERAL,GERAL,Almeida-Junior-Apps - AJFans (Android) session_start,PAGE_VIEW,2026-05-26,11.0,0.0
GERAL,GERAL,Almeida-Junior-Apps - AJFans (Android) session_start,PAGE_VIEW,2026-05-27,4.0,0.0
GERAL,GERAL,Almeida-Junior-Apps - AJFans (Android) session_start,PAGE_VIEW,2026-05-28,11.0,0.0
GERAL,GERAL,Almeida-Junior-Apps - AJFans (Android) session_start,PAGE_VIEW,2026-05-29,14.0,0.0
GERAL,GERAL,Almeida-Junior-Apps - AJFans (Android) session_start,PAGE_VIEW,2026-05-30,19.0,0.0
GERAL,GERAL,Almeida-Junior-Apps - AJFans (Android) session_start,PAGE_VIEW,2026-05-31,14.0,0.0
GERAL,GERAL,Almeida-Junior-Apps - AJFans (Android) session_start,PAGE_VIEW,2026-06-01,10.0,0.0
GERAL,GERAL,Almeida-Junior-Apps - AJFans (Android) session_start,PAGE_VIEW,2026-06-02,6.0,0.0
GERAL,GERAL,Almeida-Junior-Apps - AJFans (Android) session_start,PAGE_VIEW,2026-06-06,13.0,0.0
GERAL,GERAL,Almeida-Junior-Apps - AJFans (Android) session_start,PAGE_VIEW,2026-06-07,16.0,0.0
GERAL,GERAL,Almeida-Junior-Apps - AJFans (Android) session_start,PAGE_VIEW,2026-06-08,45.0,0.0
GERAL,GERAL,Almeida-Junior-Apps - AJFans (Android) session_start,PAGE_VIEW,2026-06-09,13.0,0.0
GERAL,GERAL,Almeida-Junior-Apps - AJFans (Android) session_start,PAGE_VIEW,2026-06-10,7.0,0.0
GERAL,GERAL,Almeida-Junior-Apps - AJFans (Android) session_start,PAGE_VIEW,2026-06-11,36.0,0.0
GERAL,GERAL,Almeida-Junior-Apps - AJFans (Android) session_start,PAGE_VIEW,2026-06-12,19.0,0.0
GERAL,GERAL,Almeida-Junior-Apps - AJFans (Android) session_start,PAGE_VIEW,2026-06-13,32.0,0.0
GERAL,GERAL,Almeida-Junior-Apps - AJFans (Android) session_start,PAGE_VIEW,2026-06-14,19.0,0.0
GERAL,GERAL,Almeida-Junior-Apps - AJFans (Android) session_start,PAGE_VIEW,2026-06-26,3.0,0.0
GERAL,GERAL,Almeida-Junior-Apps - AJFans (Android) session_start,PAGE_VIEW,2026-06-27,5.0,0.0
GERAL,GERAL,Almeida-Junior-Apps - AJFans (Android) session_start,PAGE_VIEW,2026-06-28,3.0,0.0
GERAL,GERAL,Almeida-Junior-Apps - AJFans (Android) session_start,PAGE_VIEW,2026-06-29,1.0,0.0
GERAL,GERAL,Almeida-Junior-Apps - AJFans (Android) session_start,PAGE_VIEW,2026-06-30,5.0,0.0
GERAL,GERAL,Almeida-Junior-Apps - AJFans (Android) session_start,PAGE_VIEW,2026-07-01,9.0,0.0
GERAL,GERAL,Almeida-Junior-Apps - AJFans (Android) session_start,PAGE_VIEW,2026-07-02,5.0,0.0
GERAL,GERAL,Almeida-Junior-Apps - AJFans (Android) session_start,PAGE_VIEW,2026-07-03,10.0,0.0
GERAL,GERAL,Almeida-Junior-Apps - AJFans (Android) session_start,PAGE_VIEW,2026-07-04,92.0,0.0
GERAL,GERAL,Almeida-Junior-Apps - AJFans (Android) session_start,PAGE_VIEW,2026-07-05,2.0,0.0
GERAL,GERAL,Almeida-Junior-Apps - AJFans (Android) session_start,PAGE_VIEW,2026-07-06,4.0,0.0
GERAL,GERAL,Almeida-Junior-Apps - AJFans (Android) session_start,PAGE_VIEW,2026-07-07,2.0,0.0
GERAL,GERAL,Almeida-Junior-Apps - AJFans (Android) session_start,PAGE_VIEW,2026-07-09,2.0,0.0
GERAL,GERAL,Almeida-Junior-Apps - AJFans (Android) session_start,PAGE_VIEW,2026-07-10,2.0,0.0
GERAL,GERAL,Almeida-Junior-Apps - AJFans (Android) session_start,PAGE_VIEW,2026-07-11,9.0,0.0
GERAL,GERAL,Almeida-Junior-Apps - AJFans (Android) session_start,PAGE_VIEW,2026-07-13,13.0,0.0
GERAL,GERAL,Almeida-Junior-Apps - AJFans (Android) session_start,PAGE_VIEW,2026-07-15,1.0,0.0
GERAL,GERAL,Almeida-Junior-Apps - AJFans (Android) session_start,PAGE_VIEW,2026-07-17,3.0,0.0
GERAL,GERAL,Almeida-Junior-Apps - AJFans (Android) session_start,PAGE_VIEW,2026-07-18,3.0,0.0
GERAL,GERAL,Almeida-Junior-Apps - AJFans (Android) session_start,PAGE_VIEW,2026-07-19,4.0,0.0
GERAL,GERAL,Almeida-Junior-Apps - AJFans (Android) session_start,PAGE_VIEW,2026-07-20,5.0,0.0
GERAL,GERAL,Almeida-Junior-Apps - AJFans (Android) session_start,PAGE_VIEW,2026-07-21,7.0,0.0
GERAL,GERAL,Almeida-Junior-Apps - AJFans (Android) session_start,PAGE_VIEW,2026-07-22,6.0,0.0
GERAL,GERAL,Almeida-Junior-Apps - AJFans (Android) session_start,PAGE_VIEW,2026-07-23,11.0,0.0
GERAL,GERAL,Almeida-Junior-Apps - AJFans (Android) session_start,PAGE_VIEW,2026-07-24,3.0,0.0
GERAL,GERAL,Almeida-Junior-Apps - AJFans (Android) session_start,PAGE_VIEW,2026-07-25,10.0,0.0
GERAL,GERAL,Almeida-Junior-Apps - AJFans (Android) session_start,PAGE_VIEW,2026-07-26,6.0,0.0
GERAL,GERAL,Almeida-Junior-Apps - AJFans (Android) session_start,PAGE_VIEW,2026-07-27,5.0,0.0
GERAL,GERAL,Almeida-Junior-Apps - AJFans (Android) session_start,PAGE_VIEW,2026-07-28,6.0,0.0
GERAL,GERAL,Almeida-Junior-Apps - AJFans (Android) session_start,PAGE_VIEW,2026-07-29,12.0,0.0
GERAL,GERAL,Almeida-Junior-Apps - AJFans (Android) session_start,PAGE_VIEW,2026-07-30,13.0,0.0
GERAL,GERAL,Almeida-Junior-Apps - AJFans (Android) session_start,PAGE_VIEW,2026-07-31,6.0,0.0
GERAL,GERAL,Almeida-Junior-Apps - AJFans (Android) session_start,PAGE_VIEW,2026-08-01,15.0,0.0
GERAL,GERAL,Almeida-Junior-Apps - AJFans (Android) session_start,PAGE_VIEW,2026-08-02,5.0,0.0
GERAL,GERAL,Almeida-Junior-Apps - AJFans (Android) session_start,PAGE_VIEW,2026-08-03,11.0,0.0
GERAL,GERAL,Almeida-Junior-Apps - AJFans (Android) session_start,PAGE_VIEW,2026-08-04,5.0,0.0
GERAL,GERAL,Almeida-Junior-Apps - AJFans (Android) session_start,PAGE_VIEW,2026-08-05,4.0,0.0
GERAL,GERAL,Almeida-Junior-Apps - AJFans (Android) session_start,PAGE_VIEW,2026-08-06,6.0,0.0
GERAL,GERAL,Almeida-Junior-Apps - AJFans (Android) session_start,PAGE_VIEW,2026-08-07,21.0,0.0
GERAL,GERAL,Almeida-Junior-Apps - AJFans (Android) session_start,PAGE_VIEW,2026-08-08,16.0,0.0
GERAL,GERAL,Almeida-Junior-Apps - AJFans (Android) session_start,PAGE_VIEW,2026-08-09,13.0,0.0
GERAL,GERAL,Almeida-Junior-Apps - AJFans (Android) session_start,PAGE_VIEW,2026-08-10,4.0,0.0
GERAL,GERAL,Almeida-Junior-Apps - AJFans (Android) session_start,PAGE_VIEW,2026-08-11,6.0,0.0
GERAL,GERAL,Almeida-Junior-Apps - AJFans (Android) session_start,PAGE_VIEW,2026-08-12,4.0,0.0
GERAL,GERAL,Almeida-Junior-Apps - AJFans (Android) session_start,PAGE_VIEW,2026-08-13,4.0,0.0
GERAL,GERAL,Almeida-Junior-Apps - AJFans (Android) session_start,PAGE_VIEW,2026-08-14,1.0,0.0
GERAL,GERAL,Almeida-Junior-Apps - AJFans (Android) session_start,PAGE_VIEW,2026-08-15,7.0,0.0
GERAL,GERAL,Almeida-Junior-Apps - AJFans (Android) session_start,PAGE_VIEW,2026-08-16,2.0,0.0
GERAL,GERAL,Almeida-Junior-Apps - AJFans (Android) session_start,PAGE_VIEW,2026-08-17,1.0,0.0
GERAL,GERAL,Almeida-Junior-Apps - AJFans (Android) session_start,PAGE_VIEW,2026-08-18,4.0,0.0
GERAL,GERAL,Almeida-Junior-Apps - AJFans (Android) session_start,PAGE_VIEW,2026-08-20,2.0,0.0
GERAL,GERAL,Almeida-Junior-Apps - AJFans (Android) session_start,PAGE_VIEW,2026-08-23,2.0,0.0
GERAL,GERAL,Almeida-Junior-Apps - AJFans (Android) session_start,PAGE_VIEW,2026-08-25,1.0,0.0
GERAL,GERAL,Almeida-Junior-Apps - AJFans (Android) session_start,PAGE_VIEW,2026-08-26,2.0,0.0
GERAL,GERAL,Almeida-Junior-Apps - AJFans (Android) session_start,PAGE_VIEW,2026-08-30,1.0,0.0
GERAL,GERAL,Almeida-Junior-Apps - AJFans (Android) session_start,PAGE_VIEW,2026-09-03,1.0,0.0
GERAL,GERAL,Almeida-Junior-Apps - AJFans (Android) session_start,PAGE_VIEW,2026-09-07,1.0,0.0
GERAL,GERAL,Almeida-Junior-Apps - AJFans (Android) session_start,PAGE_VIEW,2026-09-13,1.0,0.0
GERAL,GERAL,Almeida-Junior-Apps - AJFans (Android) session_start,PAGE_VIEW,2026-09-15,1.0,0.0
GERAL,GERAL,Almeida-Junior-Apps - AJFans (Android) session_start,PAGE_VIEW,2026-09-17,2.0,0.0
GERAL,GERAL,Almeida-Junior-Apps - AJFans (Android) session_start,PAGE_VIEW,2026-09-18,1.0,0.0
GERAL,GERAL,Almeida-Junior-Apps - AJFans (iOS) First open,DOWNLOAD,2025-10-10,2.0,0.0
GERAL,GERAL,Almeida-Junior-Apps - AJFans (iOS) First open,DOWNLOAD,2025-10-11,2.0,0.0
GERAL,GERAL,Almeida-Junior-Apps - AJFans (iOS) First open,DOWNLOAD,2025-10-12,5.0,0.0
GERAL,GERAL,Almeida-Junior-Apps - AJFans (iOS) First open,DOWNLOAD,2025-10-14,4.0,0.0
GERAL,GERAL,Almeida-Junior-Apps - AJFans (iOS) First open,DOWNLOAD,2025-10-15,3.0,0.0
GERAL,GERAL,Almeida-Junior-Apps - AJFans (iOS) First open,DOWNLOAD,2025-10-17,5.0,0.0
GERAL,GERAL,Almeida-Junior-Apps - AJFans (iOS) First open,DOWNLOAD,2025-10-18,3.0,0.0
GERAL,GERAL,Almeida-Junior-Apps - AJFans (iOS) First open,DOWNLOAD,2025-10-23,1.0,0.0
GERAL,GERAL,Almeida-Junior-Apps - AJFans (iOS) First open,DOWNLOAD,2025-10-24,5.0,0.0
GERAL,GERAL,Almeida-Junior-Apps - AJFans (iOS) First open,DOWNLOAD,2025-10-25,6.0,0.0
GERAL,GERAL,Almeida-Junior-Apps - AJFans (iOS) First open,DOWNLOAD,2025-10-26,2.0,0.0
GERAL,GERAL,Almeida-Junior-Apps - AJFans (iOS) First open,DOWNLOAD,2025-10-27,2.0,0.0
GERAL,GERAL,Almeida-Junior-Apps - AJFans (iOS) First open,DOWNLOAD,2025-10-28,1.0,0.0
GERAL,GERAL,Almeida-Junior-Apps - AJFans (iOS) First open,DOWNLOAD,2025-10-29,2.0,0.0
GERAL,GERAL,Almeida-Junior-Apps - AJFans (iOS) First open,DOWNLOAD,2025-10-30,3.0,0.0
GERAL,GERAL,Almeida-Junior-Apps - AJFans (iOS) First open,DOWNLOAD,2025-10-31,2.0,0.0
GERAL,GERAL,Almeida-Junior-Apps - AJFans (iOS) First open,DOWNLOAD,2025-11-01,3.0,0.0
GERAL,GERAL,Almeida-Junior-Apps - AJFans (iOS) First open,DOWNLOAD,2025-11-02,10.0,0.0
GERAL,GERAL,Almeida-Junior-Apps - AJFans (iOS) First open,DOWNLOAD,2025-11-03,5.0,0.0
GERAL,GERAL,Almeida-Junior-Apps - AJFans (iOS) First open,DOWNLOAD,2025-11-04,5.0,0.0
GERAL,GERAL,Almeida-Junior-Apps - AJFans (iOS) First open,DOWNLOAD,2025-11-05,1.0,0.0
GERAL,GERAL,Almeida-Junior-Apps - AJFans (iOS) First open,DOWNLOAD,2025-11-06,3.0,0.0
GERAL,GERAL,Almeida-Junior-Apps - AJFans (iOS) First open,DOWNLOAD,2025-11-07,9.0,0.0
GERAL,GERAL,Almeida-Junior-Apps - AJFans (iOS) First open,DOWNLOAD,2025-11-08,6.0,0.0
GERAL,GERAL,Almeida-Junior-Apps - AJFans (iOS) First open,DOWNLOAD,2025-11-09,11.0,0.0
GERAL,GERAL,Almeida-Junior-Apps - AJFans (iOS) First open,DOWNLOAD,2025-11-10,7.0,0.0
GERAL,GERAL,Almeida-Junior-Apps - AJFans (iOS) First open,DOWNLOAD,2025-11-11,3.0,0.0
GERAL,GERAL,Almeida-Junior-Apps - AJFans (iOS) First open,DOWNLOAD,2025-11-12,6.0,0.0
GERAL,GERAL,Almeida-Junior-Apps - AJFans (iOS) First open,DOWNLOAD,2025-11-13,7.0,0.0
GERAL,GERAL,Almeida-Junior-Apps - AJFans (iOS) First open,DOWNLOAD,2025-11-14,13.0,0.0
GERAL,GERAL,Almeida-Junior-Apps - AJFans (iOS) First open,DOWNLOAD,2025-11-15,22.0,0.0
GERAL,GERAL,Almeida-Junior-Apps - AJFans (iOS) First open,DOWNLOAD,2025-11-16,26.0,0.0
GERAL,GERAL,Almeida-Junior-Apps - AJFans (iOS) First open,DOWNLOAD,2025-11-17,10.0,0.0
GERAL,GERAL,Almeida-Junior-Apps - AJFans (iOS) First open,DOWNLOAD,2025-11-18,12.0,0.0
GERAL,GERAL,Almeida-Junior-Apps - AJFans (iOS) First open,DOWNLOAD,2025-11-19,14.0,0.0
GERAL,GERAL,Almeida-Junior-Apps - AJFans (iOS) First open,DOWNLOAD,2025-11-20,28.0,0.0
GERAL,GERAL,Almeida-Junior-Apps - AJFans (iOS) First open,DOWNLOAD,2025-11-21,26.0,0.0
GERAL,GERAL,Almeida-Junior-Apps - AJFans (iOS) First open,DOWNLOAD,2025-11-22,34.0,0.0
GERAL,GERAL,Almeida-Junior-Apps - AJFans (iOS) First open,DOWNLOAD,2025-11-23,41.0,0.0
GERAL,GERAL,Almeida-Junior-Apps - AJFans (iOS) First open,DOWNLOAD,2025-11-24,16.0,0.0
GERAL,GERAL,Almeida-Junior-Apps - AJFans (iOS) First open,DOWNLOAD,2025-11-25,15.0,0.0
GERAL,GERAL,Almeida-Junior-Apps - AJFans (iOS) First open,DOWNLOAD,2025-11-26,15.0,0.0
GERAL,GERAL,Almeida-Junior-Apps - AJFans (iOS) First open,DOWNLOAD,2025-11-27,6.0,0.0
GERAL,GERAL,Almeida-Junior-Apps - AJFans (iOS) First open,DOWNLOAD,2025-11-28,15.0,0.0
GERAL,GERAL,Almeida-Junior-Apps - AJFans (iOS) First open,DOWNLOAD,2025-11-29,38.0,0.0
GERAL,GERAL,Almeida-Junior-Apps - AJFans (iOS) First open,DOWNLOAD,2025-11-30,45.0,0.0
GERAL,GERAL,Almeida-Junior-Apps - AJFans (iOS) First open,DOWNLOAD,2025-12-01,11.0,0.0
GERAL,GERAL,Almeida-Junior-Apps - AJFans (iOS) First open,DOWNLOAD,2025-12-02,5.0,0.0
GERAL,GERAL,Almeida-Junior-Apps - AJFans (iOS) First open,DOWNLOAD,2025-12-03,2.0,0.0
GERAL,GERAL,Almeida-Junior-Apps - AJFans (iOS) First open,DOWNLOAD,2025-12-04,4.0,0.0
GERAL,GERAL,Almeida-Junior-Apps - AJFans (iOS) First open,DOWNLOAD,2025-12-05,1.0,0.0
GERAL,GERAL,Almeida-Junior-Apps - AJFans (iOS) First open,DOWNLOAD,2025-12-06,4.0,0.0
GERAL,GERAL,Almeida-Junior-Apps - AJFans (iOS) First open,DOWNLOAD,2025-12-07,6.0,0.0
GERAL,GERAL,Almeida-Junior-Apps - AJFans (iOS) First open,DOWNLOAD,2025-12-08,2.0,0.0
GERAL,GERAL,Almeida-Junior-Apps - AJFans (iOS) First open,DOWNLOAD,2025-12-09,10.0,0.0
GERAL,GERAL,Almeida-Junior-Apps - AJFans (iOS) First open,DOWNLOAD,2025-12-10,7.0,0.0
GERAL,GERAL,Almeida-Junior-Apps - AJFans (iOS) First open,DOWNLOAD,2025-12-11,6.0,0.0
GERAL,GERAL,Almeida-Junior-Apps - AJFans (iOS) First open,DOWNLOAD,2025-12-12,7.0,0.0
GERAL,GERAL,Almeida-Junior-Apps - AJFans (iOS) First open,DOWNLOAD,2025-12-13,5.0,0.0
GERAL,GERAL,Almeida-Junior-Apps - AJFans (iOS) First open,DOWNLOAD,2025-12-14,15.0,0.0
GERAL,GERAL,Almeida-Junior-Apps - AJFans (iOS) First open,DOWNLOAD,2025-12-15,7.0,0.0
GERAL,GERAL,Almeida-Junior-Apps - AJFans (iOS) First open,DOWNLOAD,2025-12-16,11.0,0.0
GERAL,GERAL,Almeida-Junior-Apps - AJFans (iOS) First open,DOWNLOAD,2025-12-17,13.0,0.0
GERAL,GERAL,Almeida-Junior-Apps - AJFans (iOS) First open,DOWNLOAD,2025-12-19,10.0,0.0
GERAL,GERAL,Almeida-Junior-Apps - AJFans (iOS) First open,DOWNLOAD,2025-12-20,6.0,0.0
GERAL,GERAL,Almeida-Junior-Apps - AJFans (iOS) First open,DOWNLOAD,2025-12-21,7.0,0.0
GERAL,GERAL,Almeida-Junior-Apps - AJFans (iOS) First open,DOWNLOAD,2025-12-22,6.0,0.0
GERAL,GERAL,Almeida-Junior-Apps - AJFans (iOS) First open,DOWNLOAD,2025-12-23,12.0,0.0
GERAL,GERAL,Almeida-Junior-Apps - AJFans (iOS) First open,DOWNLOAD,2025-12-24,9.0,0.0
GERAL,GERAL,Almeida-Junior-Apps - AJFans (iOS) First open,DOWNLOAD,2025-12-25,1.0,0.0
GERAL,GERAL,Almeida-Junior-Apps - AJFans (iOS) First open,DOWNLOAD,2025-12-26,4.0,0.0
GERAL,GERAL,Almeida-Junior-Apps - AJFans (iOS) First open,DOWNLOAD,2025-12-27,2.0,0.0
GERAL,GERAL,Almeida-Junior-Apps - AJFans (iOS) First open,DOWNLOAD,2025-12-28,5.0,0.0
GERAL,GERAL,Almeida-Junior-Apps - AJFans (iOS) First open,DOWNLOAD,2025-12-30,6.0,0.0
GERAL,GERAL,Almeida-Junior-Apps - AJFans (iOS) First open,DOWNLOAD,2025-12-31,4.0,0.0
GERAL,GERAL,Almeida-Junior-Apps - AJFans (iOS) First open,DOWNLOAD,2026-01-01,2.0,0.0
GERAL,GERAL,Almeida-Junior-Apps - AJFans (iOS) First open,DOWNLOAD,2026-01-06,3.0,0.0
GERAL,GERAL,Almeida-Junior-Apps - AJFans (iOS) First open,DOWNLOAD,2026-01-07,10.0,0.0
GERAL,GERAL,Almeida-Junior-Apps - AJFans (iOS) First open,DOWNLOAD,2026-01-08,1.0,0.0
GERAL,GERAL,Almeida-Junior-Apps - AJFans (iOS) First open,DOWNLOAD,2026-01-09,4.0,0.0
GERAL,GERAL,Almeida-Junior-Apps - AJFans (iOS) First open,DOWNLOAD,2026-01-10,5.0,0.0
GERAL,GERAL,Almeida-Junior-Apps - AJFans (iOS) First open,DOWNLOAD,2026-01-11,8.0,0.0
GERAL,GERAL,Almeida-Junior-Apps - AJFans (iOS) First open,DOWNLOAD,2026-01-12,8.0,0.0
GERAL,GERAL,Almeida-Junior-Apps - AJFans (iOS) First open,DOWNLOAD,2026-01-13,10.0,0.0
GERAL,GERAL,Almeida-Junior-Apps - AJFans (iOS) First open,DOWNLOAD,2026-01-14,5.0,0.0
GERAL,GERAL,Almeida-Junior-Apps - AJFans (iOS) First open,DOWNLOAD,2026-01-15,3.0,0.0
GERAL,GERAL,Almeida-Junior-Apps - AJFans (iOS) First open,DOWNLOAD,2026-01-16,4.0,0.0
GERAL,GERAL,Almeida-Junior-Apps - AJFans (iOS) First open,DOWNLOAD,2026-01-17,4.0,0.0
GERAL,GERAL,Almeida-Junior-Apps - AJFans (iOS) First open,DOWNLOAD,2026-01-18,5.0,0.0
GERAL,GERAL,Almeida-Junior-Apps - AJFans (iOS) First open,DOWNLOAD,2026-01-19,6.0,0.0
GERAL,GERAL,Almeida-Junior-Apps - AJFans (iOS) First open,DOWNLOAD,2026-01-20,3.0,0.0
GERAL,GERAL,Almeida-Junior-Apps - AJFans (iOS) First open,DOWNLOAD,2026-01-21,10.0,0.0
GERAL,GERAL,Almeida-Junior-Apps - AJFans (iOS) First open,DOWNLOAD,2026-01-22,5.0,0.0
GERAL,GERAL,Almeida-Junior-Apps - AJFans (iOS) First open,DOWNLOAD,2026-01-23,8.0,0.0
GERAL,GERAL,Almeida-Junior-Apps - AJFans (iOS) First open,DOWNLOAD,2026-01-24,11.0,0.0
GERAL,GERAL,Almeida-Junior-Apps - AJFans (iOS) First open,DOWNLOAD,2026-01-25,7.0,0.0
GERAL,GERAL,Almeida-Junior-Apps - AJFans (iOS) First open,DOWNLOAD,2026-01-26,4.0,0.0
GERAL,GERAL,Almeida-Junior-Apps - AJFans (iOS) First open,DOWNLOAD,2026-01-27,3.0,0.0
GERAL,GERAL,Almeida-Junior-Apps - AJFans (iOS) First open,DOWNLOAD,2026-01-28,2.0,0.0
GERAL,GERAL,Almeida-Junior-Apps - AJFans (iOS) First open,DOWNLOAD,2026-01-29,5.0,0.0
GERAL,GERAL,Almeida-Junior-Apps - AJFans (iOS) First open,DOWNLOAD,2026-01-30,5.0,0.0
GERAL,GERAL,Almeida-Junior-Apps - AJFans (iOS) First open,DOWNLOAD,2026-01-31,6.0,0.0
GERAL,GERAL,Almeida-Junior-Apps - AJFans (iOS) First open,DOWNLOAD,2026-02-01,5.0,0.0
GERAL,GERAL,Almeida-Junior-Apps - AJFans (iOS) First open,DOWNLOAD,2026-02-02,2.0,0.0
GERAL,GERAL,Almeida-Junior-Apps - AJFans (iOS) First open,DOWNLOAD,2026-02-03,4.0,0.0
GERAL,GERAL,Almeida-Junior-Apps - AJFans (iOS) First open,DOWNLOAD,2026-02-04,5.0,0.0
GERAL,GERAL,Almeida-Junior-Apps - AJFans (iOS) First open,DOWNLOAD,2026-02-05,7.0,0.0
GERAL,GERAL,Almeida-Junior-Apps - AJFans (iOS) First open,DOWNLOAD,2026-02-07,14.0,0.0
GERAL,GERAL,Almeida-Junior-Apps - AJFans (iOS) First open,DOWNLOAD,2026-02-08,11.0,0.0
GERAL,GERAL,Almeida-Junior-Apps - AJFans (iOS) First open,DOWNLOAD,2026-02-09,3.0,0.0
GERAL,GERAL,Almeida-Junior-Apps - AJFans (iOS) First open,DOWNLOAD,2026-02-10,4.0,0.0
GERAL,GERAL,Almeida-Junior-Apps - AJFans (iOS) First open,DOWNLOAD,2026-02-11,4.0,0.0
GERAL,GERAL,Almeida-Junior-Apps - AJFans (iOS) First open,DOWNLOAD,2026-02-12,2.0,0.0
GERAL,GERAL,Almeida-Junior-Apps - AJFans (iOS) First open,DOWNLOAD,2026-02-14,5.0,0.0
GERAL,GERAL,Almeida-Junior-Apps - AJFans (iOS) First open,DOWNLOAD,2026-02-15,5.0,0.0
GERAL,GERAL,Almeida-Junior-Apps - AJFans (iOS) First open,DOWNLOAD,2026-02-16,2.0,0.0
GERAL,GERAL,Almeida-Junior-Apps - AJFans (iOS) First open,DOWNLOAD,2026-02-17,4.0,0.0
GERAL,GERAL,Almeida-Junior-Apps - AJFans (iOS) First open,DOWNLOAD,2026-02-19,2.0,0.0
GERAL,GERAL,Almeida-Junior-Apps - AJFans (iOS) First open,DOWNLOAD,2026-02-20,1.0,0.0
GERAL,GERAL,Almeida-Junior-Apps - AJFans (iOS) First open,DOWNLOAD,2026-02-21,2.0,0.0
GERAL,GERAL,Almeida-Junior-Apps - AJFans (iOS) First open,DOWNLOAD,2026-02-23,4.0,0.0
GERAL,GERAL,Almeida-Junior-Apps - AJFans (iOS) First open,DOWNLOAD,2026-02-24,2.0,0.0
GERAL,GERAL,Almeida-Junior-Apps - AJFans (iOS) First open,DOWNLOAD,2026-02-25,1.0,0.0
GERAL,GERAL,Almeida-Junior-Apps - AJFans (iOS) First open,DOWNLOAD,2026-02-26,2.0,0.0
GERAL,GERAL,Almeida-Junior-Apps - AJFans (iOS) First open,DOWNLOAD,2026-02-27,5.0,0.0
GERAL,GERAL,Almeida-Junior-Apps - AJFans (iOS) First open,DOWNLOAD,2026-02-28,3.0,0.0
GERAL,GERAL,Almeida-Junior-Apps - AJFans (iOS) First open,DOWNLOAD,2026-03-01,3.0,0.0
GERAL,GERAL,Almeida-Junior-Apps - AJFans (iOS) First open,DOWNLOAD,2026-03-02,3.0,0.0
GERAL,GERAL,Almeida-Junior-Apps - AJFans (iOS) First open,DOWNLOAD,2026-03-03,1.0,0.0
GERAL,GERAL,Almeida-Junior-Apps - AJFans (iOS) First open,DOWNLOAD,2026-03-04,4.0,0.0
GERAL,GERAL,Almeida-Junior-Apps - AJFans (iOS) First open,DOWNLOAD,2026-03-05,5.0,0.0
GERAL,GERAL,Almeida-Junior-Apps - AJFans (iOS) First open,DOWNLOAD,2026-03-06,4.0,0.0
GERAL,GERAL,Almeida-Junior-Apps - AJFans (iOS) First open,DOWNLOAD,2026-03-07,7.0,0.0
GERAL,GERAL,Almeida-Junior-Apps - AJFans (iOS) First open,DOWNLOAD,2026-03-08,8.0,0.0
GERAL,GERAL,Almeida-Junior-Apps - AJFans (iOS) First open,DOWNLOAD,2026-03-09,5.0,0.0
GERAL,GERAL,Almeida-Junior-Apps - AJFans (iOS) First open,DOWNLOAD,2026-03-10,6.0,0.0
GERAL,GERAL,Almeida-Junior-Apps - AJFans (iOS) First open,DOWNLOAD,2026-03-11,7.0,0.0
GERAL,GERAL,Almeida-Junior-Apps - AJFans (iOS) First open,DOWNLOAD,2026-03-12,2.0,0.0
GERAL,GERAL,Almeida-Junior-Apps - AJFans (iOS) First open,DOWNLOAD,2026-03-13,2.0,0.0
GERAL,GERAL,Almeida-Junior-Apps - AJFans (iOS) First open,DOWNLOAD,2026-03-14,9.0,0.0
GERAL,GERAL,Almeida-Junior-Apps - AJFans (iOS) First open,DOWNLOAD,2026-03-15,14.0,0.0
GERAL,GERAL,Almeida-Junior-Apps - AJFans (iOS) First open,DOWNLOAD,2026-03-16,2.0,0.0
GERAL,GERAL,Almeida-Junior-Apps - AJFans (iOS) First open,DOWNLOAD,2026-03-17,2.0,0.0
GERAL,GERAL,Almeida-Junior-Apps - AJFans (iOS) First open,DOWNLOAD,2026-03-18,10.0,0.0
GERAL,GERAL,Almeida-Junior-Apps - AJFans (iOS) First open,DOWNLOAD,2026-03-19,8.0,0.0
GERAL,GERAL,Almeida-Junior-Apps - AJFans (iOS) First open,DOWNLOAD,2026-03-20,4.0,0.0
GERAL,GERAL,Almeida-Junior-Apps - AJFans (iOS) First open,DOWNLOAD,2026-03-21,10.0,0.0
GERAL,GERAL,Almeida-Junior-Apps - AJFans (iOS) First open,DOWNLOAD,2026-03-22,10.0,0.0
GERAL,GERAL,Almeida-Junior-Apps - AJFans (iOS) First open,DOWNLOAD,2026-03-23,7.0,0.0
GERAL,GERAL,Almeida-Junior-Apps - AJFans (iOS) First open,DOWNLOAD,2026-03-24,7.0,0.0
GERAL,GERAL,Almeida-Junior-Apps - AJFans (iOS) First open,DOWNLOAD,2026-03-25,6.0,0.0
GERAL,GERAL,Almeida-Junior-Apps - AJFans (iOS) First open,DOWNLOAD,2026-03-26,5.0,0.0
GERAL,GERAL,Almeida-Junior-Apps - AJFans (iOS) First open,DOWNLOAD,2026-03-27,4.0,0.0
GERAL,GERAL,Almeida-Junior-Apps - AJFans (iOS) First open,DOWNLOAD,2026-03-28,17.0,0.0
GERAL,GERAL,Almeida-Junior-Apps - AJFans (iOS) First open,DOWNLOAD,2026-03-29,17.0,0.0
GERAL,GERAL,Almeida-Junior-Apps - AJFans (iOS) First open,DOWNLOAD,2026-03-30,5.0,0.0
GERAL,GERAL,Almeida-Junior-Apps - AJFans (iOS) First open,DOWNLOAD,2026-03-31,6.0,0.0
GERAL,GERAL,Almeida-Junior-Apps - AJFans (iOS) First open,DOWNLOAD,2026-04-01,11.0,0.0
GERAL,GERAL,Almeida-Junior-Apps - AJFans (iOS) First open,DOWNLOAD,2026-04-02,9.0,0.0
GERAL,GERAL,Almeida-Junior-Apps - AJFans (iOS) First open,DOWNLOAD,2026-04-03,18.0,0.0
GERAL,GERAL,Almeida-Junior-Apps - AJFans (iOS) First open,DOWNLOAD,2026-04-04,7.0,0.0
GERAL,GERAL,Almeida-Junior-Apps - AJFans (iOS) First open,DOWNLOAD,2026-04-05,9.0,0.0
GERAL,GERAL,Almeida-Junior-Apps - AJFans (iOS) First open,DOWNLOAD,2026-04-06,6.0,0.0
GERAL,GERAL,Almeida-Junior-Apps - AJFans (iOS) First open,DOWNLOAD,2026-04-07,6.0,0.0
GERAL,GERAL,Almeida-Junior-Apps - AJFans (iOS) First open,DOWNLOAD,2026-04-08,6.0,0.0
GERAL,GERAL,Almeida-Junior-Apps - AJFans (iOS) First open,DOWNLOAD,2026-04-09,3.0,0.0
GERAL,GERAL,Almeida-Junior-Apps - AJFans (iOS) First open,DOWNLOAD,2026-04-10,6.0,0.0
GERAL,GERAL,Almeida-Junior-Apps - AJFans (iOS) First open,DOWNLOAD,2026-04-11,15.0,0.0
GERAL,GERAL,Almeida-Junior-Apps - AJFans (iOS) First open,DOWNLOAD,2026-04-12,21.0,0.0
GERAL,GERAL,Almeida-Junior-Apps - AJFans (iOS) First open,DOWNLOAD,2026-04-13,3.0,0.0
GERAL,GERAL,Almeida-Junior-Apps - AJFans (iOS) First open,DOWNLOAD,2026-04-14,5.0,0.0
GERAL,GERAL,Almeida-Junior-Apps - AJFans (iOS) First open,DOWNLOAD,2026-04-15,10.0,0.0
GERAL,GERAL,Almeida-Junior-Apps - AJFans (iOS) First open,DOWNLOAD,2026-04-16,7.0,0.0
GERAL,GERAL,Almeida-Junior-Apps - AJFans (iOS) First open,DOWNLOAD,2026-04-17,7.0,0.0
GERAL,GERAL,Almeida-Junior-Apps - AJFans (iOS) First open,DOWNLOAD,2026-04-18,15.0,0.0
GERAL,GERAL,Almeida-Junior-Apps - AJFans (iOS) First open,DOWNLOAD,2026-04-19,13.0,0.0
GERAL,GERAL,Almeida-Junior-Apps - AJFans (iOS) First open,DOWNLOAD,2026-04-20,7.0,0.0
GERAL,GERAL,Almeida-Junior-Apps - AJFans (iOS) First open,DOWNLOAD,2026-04-21,21.0,0.0
GERAL,GERAL,Almeida-Junior-Apps - AJFans (iOS) First open,DOWNLOAD,2026-04-22,4.0,0.0
GERAL,GERAL,Almeida-Junior-Apps - AJFans (iOS) First open,DOWNLOAD,2026-04-23,5.0,0.0
GERAL,GERAL,Almeida-Junior-Apps - AJFans (iOS) First open,DOWNLOAD,2026-04-24,8.0,0.0
GERAL,GERAL,Almeida-Junior-Apps - AJFans (iOS) First open,DOWNLOAD,2026-04-25,16.0,0.0
GERAL,GERAL,Almeida-Junior-Apps - AJFans (iOS) First open,DOWNLOAD,2026-04-26,23.0,0.0
GERAL,GERAL,Almeida-Junior-Apps - AJFans (iOS) First open,DOWNLOAD,2026-04-27,7.0,0.0
GERAL,GERAL,Almeida-Junior-Apps - AJFans (iOS) First open,DOWNLOAD,2026-04-30,2.0,0.0
GERAL,GERAL,Almeida-Junior-Apps - AJFans (iOS) First open,DOWNLOAD,2026-05-08,2.0,0.0
GERAL,GERAL,Almeida-Junior-Apps - AJFans (iOS) First open,DOWNLOAD,2026-05-12,1.0,0.0
GERAL,GERAL,Almeida-Junior-Apps - AJFans (iOS) First open,DOWNLOAD,2026-05-13,1.0,0.0
GERAL,GERAL,Almeida-Junior-Apps - AJFans (iOS) First open,DOWNLOAD,2026-05-20,2.0,0.0
GERAL,GERAL,Almeida-Junior-Apps - AJFans (iOS) First open,DOWNLOAD,2026-06-01,1.0,0.0
GERAL,GERAL,Almeida-Junior-Apps - AJFans (iOS) First open,DOWNLOAD,2026-06-12,2.0,0.0
GERAL,GERAL,Almeida-Junior-Apps - AJFans (iOS) First open,DOWNLOAD,2026-08-03,2.0,0.0
GERAL,GERAL,Almeida-Junior-Apps - AJFans (iOS) session_start,PAGE_VIEW,2025-09-24,32.0,0.0
GERAL,GERAL,Almeida-Junior-Apps - AJFans (iOS) session_start,PAGE_VIEW,2025-09-25,63.0,0.0
GERAL,GERAL,Almeida-Junior-Apps - AJFans (iOS) session_start,PAGE_VIEW,2025-09-26,72.0,0.0
GERAL,GERAL,Almeida-Junior-Apps - AJFans (iOS) session_start,PAGE_VIEW,2025-09-27,36.0,0.0
GERAL,GERAL,Almeida-Junior-Apps - AJFans (iOS) session_start,PAGE_VIEW,2025-09-28,81.0,0.0
GERAL,GERAL,Almeida-Junior-Apps - AJFans (iOS) session_start,PAGE_VIEW,2025-09-29,60.0,0.0
GERAL,GERAL,Almeida-Junior-Apps - AJFans (iOS) session_start,PAGE_VIEW,2025-09-30,31.0,0.0
GERAL,GERAL,Almeida-Junior-Apps - AJFans (iOS) session_start,PAGE_VIEW,2025-10-01,62.0,0.0
GERAL,GERAL,Almeida-Junior-Apps - AJFans (iOS) session_start,PAGE_VIEW,2025-10-02,23.0,0.0
GERAL,GERAL,Almeida-Junior-Apps - AJFans (iOS) session_start,PAGE_VIEW,2025-10-03,62.0,0.0
GERAL,GERAL,Almeida-Junior-Apps - AJFans (iOS) session_start,PAGE_VIEW,2025-10-04,98.0,0.0
GERAL,GERAL,Almeida-Junior-Apps - AJFans (iOS) session_start,PAGE_VIEW,2025-10-05,97.0,0.0
GERAL,GERAL,Almeida-Junior-Apps - AJFans (iOS) session_start,PAGE_VIEW,2025-10-06,147.0,0.0
GERAL,GERAL,Almeida-Junior-Apps - AJFans (iOS) session_start,PAGE_VIEW,2025-10-07,87.0,0.0
GERAL,GERAL,Almeida-Junior-Apps - AJFans (iOS) session_start,PAGE_VIEW,2025-10-08,35.0,0.0
GERAL,GERAL,Almeida-Junior-Apps - AJFans (iOS) session_start,PAGE_VIEW,2025-10-09,64.0,0.0
GERAL,GERAL,Almeida-Junior-Apps - AJFans (iOS) session_start,PAGE_VIEW,2025-10-10,86.0,0.0
GERAL,GERAL,Almeida-Junior-Apps - AJFans (iOS) session_start,PAGE_VIEW,2025-10-11,200.0,0.0
GERAL,GERAL,Almeida-Junior-Apps - AJFans (iOS) session_start,PAGE_VIEW,2025-10-12,147.0,0.0
GERAL,GERAL,Almeida-Junior-Apps - AJFans (iOS) session_start,PAGE_VIEW,2025-10-13,411.0,0.0
GERAL,GERAL,Almeida-Junior-Apps - AJFans (iOS) session_start,PAGE_VIEW,2025-10-14,136.0,0.0
GERAL,GERAL,Almeida-Junior-Apps - AJFans (iOS) session_start,PAGE_VIEW,2025-10-15,58.0,0.0
GERAL,GERAL,Almeida-Junior-Apps - AJFans (iOS) session_start,PAGE_VIEW,2025-10-16,77.0,0.0
GERAL,GERAL,Almeida-Junior-Apps - AJFans (iOS) session_start,PAGE_VIEW,2025-10-17,152.0,0.0
GERAL,GERAL,Almeida-Junior-Apps - AJFans (iOS) session_start,PAGE_VIEW,2025-10-18,104.0,0.0
GERAL,GERAL,Almeida-Junior-Apps - AJFans (iOS) session_start,PAGE_VIEW,2025-10-19,54.0,0.0
GERAL,GERAL,Almeida-Junior-Apps - AJFans (iOS) session_start,PAGE_VIEW,2025-10-20,57.0,0.0
GERAL,GERAL,Almeida-Junior-Apps - AJFans (iOS) session_start,PAGE_VIEW,2025-10-21,33.0,0.0
GERAL,GERAL,Almeida-Junior-Apps - AJFans (iOS) session_start,PAGE_VIEW,2025-10-22,78.0,0.0
GERAL,GERAL,Almeida-Junior-Apps - AJFans (iOS) session_start,PAGE_VIEW,2025-10-23,34.0,0.0
GERAL,GERAL,Almeida-Junior-Apps - AJFans (iOS) session_start,PAGE_VIEW,2025-10-24,83.0,0.0
GERAL,GERAL,Almeida-Junior-Apps - AJFans (iOS) session_start,PAGE_VIEW,2025-10-25,76.0,0.0
GERAL,GERAL,Almeida-Junior-Apps - AJFans (iOS) session_start,PAGE_VIEW,2025-10-26,61.0,0.0
GERAL,GERAL,Almeida-Junior-Apps - AJFans (iOS) session_start,PAGE_VIEW,2025-10-27,60.0,0.0
GERAL,GERAL,Almeida-Junior-Apps - AJFans (iOS) session_start,PAGE_VIEW,2025-10-28,25.0,0.0
GERAL,GERAL,Almeida-Junior-Apps - AJFans (iOS) session_start,PAGE_VIEW,2025-10-29,67.0,0.0
GERAL,GERAL,Almeida-Junior-Apps - AJFans (iOS) session_start,PAGE_VIEW,2025-10-30,144.0,0.0
GERAL,GERAL,Almeida-Junior-Apps - AJFans (iOS) session_start,PAGE_VIEW,2025-10-31,215.0,0.0
GERAL,GERAL,Almeida-Junior-Apps - AJFans (iOS) session_start,PAGE_VIEW,2025-11-01,142.0,0.0
GERAL,GERAL,Almeida-Junior-Apps - AJFans (iOS) session_start,PAGE_VIEW,2025-11-02,123.0,0.0
GERAL,GERAL,Almeida-Junior-Apps - AJFans (iOS) session_start,PAGE_VIEW,2025-11-03,88.0,0.0
GERAL,GERAL,Almeida-Junior-Apps - AJFans (iOS) session_start,PAGE_VIEW,2025-11-04,84.0,0.0
GERAL,GERAL,Almeida-Junior-Apps - AJFans (iOS) session_start,PAGE_VIEW,2025-11-05,22.0,0.0
GERAL,GERAL,Almeida-Junior-Apps - AJFans (iOS) session_start,PAGE_VIEW,2025-11-06,163.0,0.0
GERAL,GERAL,Almeida-Junior-Apps - AJFans (iOS) session_start,PAGE_VIEW,2025-11-07,30.0,0.0
GERAL,GERAL,Almeida-Junior-Apps - AJFans (iOS) session_start,PAGE_VIEW,2025-11-08,171.0,0.0
GERAL,GERAL,Almeida-Junior-Apps - AJFans (iOS) session_start,PAGE_VIEW,2025-11-09,93.0,0.0
GERAL,GERAL,Almeida-Junior-Apps - AJFans (iOS) session_start,PAGE_VIEW,2025-11-10,42.0,0.0
GERAL,GERAL,Almeida-Junior-Apps - AJFans (iOS) session_start,PAGE_VIEW,2025-11-11,92.0,0.0
GERAL,GERAL,Almeida-Junior-Apps - AJFans (iOS) session_start,PAGE_VIEW,2025-11-12,85.0,0.0
GERAL,GERAL,Almeida-Junior-Apps - AJFans (iOS) session_start,PAGE_VIEW,2025-11-13,129.0,0.0
GERAL,GERAL,Almeida-Junior-Apps - AJFans (iOS) session_start,PAGE_VIEW,2025-11-14,75.0,0.0
GERAL,GERAL,Almeida-Junior-Apps - AJFans (iOS) session_start,PAGE_VIEW,2025-11-15,146.0,0.0
GERAL,GERAL,Almeida-Junior-Apps - AJFans (iOS) session_start,PAGE_VIEW,2025-11-16,132.0,0.0
GERAL,GERAL,Almeida-Junior-Apps - AJFans (iOS) session_start,PAGE_VIEW,2025-11-17,160.0,0.0
GERAL,GERAL,Almeida-Junior-Apps - AJFans (iOS) session_start,PAGE_VIEW,2025-11-18,131.0,0.0
GERAL,GERAL,Almeida-Junior-Apps - AJFans (iOS) session_start,PAGE_VIEW,2025-11-19,204.0,0.0
GERAL,GERAL,Almeida-Junior-Apps - AJFans (iOS) session_start,PAGE_VIEW,2025-11-20,192.0,0.0
GERAL,GERAL,Almeida-Junior-Apps - AJFans (iOS) session_start,PAGE_VIEW,2025-11-21,180.0,0.0
GERAL,GERAL,Almeida-Junior-Apps - AJFans (iOS) session_start,PAGE_VIEW,2025-11-22,233.0,0.0
GERAL,GERAL,Almeida-Junior-Apps - AJFans (iOS) session_start,PAGE_VIEW,2025-11-23,273.0,0.0
GERAL,GERAL,Almeida-Junior-Apps - AJFans (iOS) session_start,PAGE_VIEW,2025-11-24,116.0,0.0
GERAL,GERAL,Almeida-Junior-Apps - AJFans (iOS) session_start,PAGE_VIEW,2025-11-25,96.0,0.0
GERAL,GERAL,Almeida-Junior-Apps - AJFans (iOS) session_start,PAGE_VIEW,2025-11-26,195.0,0.0
GERAL,GERAL,Almeida-Junior-Apps - AJFans (iOS) session_start,PAGE_VIEW,2025-11-27,102.0,0.0
GERAL,GERAL,Almeida-Junior-Apps - AJFans (iOS) session_start,PAGE_VIEW,2025-11-28,107.0,0.0
GERAL,GERAL,Almeida-Junior-Apps - AJFans (iOS) session_start,PAGE_VIEW,2025-11-29,355.0,0.0
GERAL,GERAL,Almeida-Junior-Apps - AJFans (iOS) session_start,PAGE_VIEW,2025-11-30,283.0,0.0
GERAL,GERAL,Almeida-Junior-Apps - AJFans (iOS) session_start,PAGE_VIEW,2025-12-01,99.0,0.0
GERAL,GERAL,Almeida-Junior-Apps - AJFans (iOS) session_start,PAGE_VIEW,2025-12-02,88.0,0.0
GERAL,GERAL,Almeida-Junior-Apps - AJFans (iOS) session_start,PAGE_VIEW,2025-12-03,4.0,0.0
GERAL,GERAL,Almeida-Junior-Apps - AJFans (iOS) session_start,PAGE_VIEW,2025-12-04,113.0,0.0
GERAL,GERAL,Almeida-Junior-Apps - AJFans (iOS) session_start,PAGE_VIEW,2025-12-05,4.0,0.0
GERAL,GERAL,Almeida-Junior-Apps - AJFans (iOS) session_start,PAGE_VIEW,2025-12-06,20.0,0.0
GERAL,GERAL,Almeida-Junior-Apps - AJFans (iOS) session_start,PAGE_VIEW,2025-12-07,92.0,0.0
GERAL,GERAL,Almeida-Junior-Apps - AJFans (iOS) session_start,PAGE_VIEW,2025-12-08,18.0,0.0
GERAL,GERAL,Almeida-Junior-Apps - AJFans (iOS) session_start,PAGE_VIEW,2025-12-09,21.0,0.0
GERAL,GERAL,Almeida-Junior-Apps - AJFans (iOS) session_start,PAGE_VIEW,2025-12-10,16.0,0.0
GERAL,GERAL,Almeida-Junior-Apps - AJFans (iOS) session_start,PAGE_VIEW,2025-12-11,13.0,0.0
GERAL,GERAL,Almeida-Junior-Apps - AJFans (iOS) session_start,PAGE_VIEW,2025-12-12,36.0,0.0
GERAL,GERAL,Almeida-Junior-Apps - AJFans (iOS) session_start,PAGE_VIEW,2025-12-13,12.0,0.0
GERAL,GERAL,Almeida-Junior-Apps - AJFans (iOS) session_start,PAGE_VIEW,2025-12-14,42.0,0.0
GERAL,GERAL,Almeida-Junior-Apps - AJFans (iOS) session_start,PAGE_VIEW,2025-12-15,64.0,0.0
GERAL,GERAL,Almeida-Junior-Apps - AJFans (iOS) session_start,PAGE_VIEW,2025-12-16,23.0,0.0
GERAL,GERAL,Almeida-Junior-Apps - AJFans (iOS) session_start,PAGE_VIEW,2025-12-17,17.0,0.0
GERAL,GERAL,Almeida-Junior-Apps - AJFans (iOS) session_start,PAGE_VIEW,2025-12-18,11.0,0.0
GERAL,GERAL,Almeida-Junior-Apps - AJFans (iOS) session_start,PAGE_VIEW,2025-12-19,15.0,0.0
GERAL,GERAL,Almeida-Junior-Apps - AJFans (iOS) session_start,PAGE_VIEW,2025-12-20,20.0,0.0
GERAL,GERAL,Almeida-Junior-Apps - AJFans (iOS) session_start,PAGE_VIEW,2025-12-21,30.0,0.0
GERAL,GERAL,Almeida-Junior-Apps - AJFans (iOS) session_start,PAGE_VIEW,2025-12-22,40.0,0.0
GERAL,GERAL,Almeida-Junior-Apps - AJFans (iOS) session_start,PAGE_VIEW,2025-12-23,35.0,0.0
GERAL,GERAL,Almeida-Junior-Apps - AJFans (iOS) session_start,PAGE_VIEW,2025-12-24,19.0,0.0
GERAL,GERAL,Almeida-Junior-Apps - AJFans (iOS) session_start,PAGE_VIEW,2025-12-25,14.0,0.0
GERAL,GERAL,Almeida-Junior-Apps - AJFans (iOS) session_start,PAGE_VIEW,2025-12-26,11.0,0.0
GERAL,GERAL,Almeida-Junior-Apps - AJFans (iOS) session_start,PAGE_VIEW,2025-12-27,12.0,0.0
GERAL,GERAL,Almeida-Junior-Apps - AJFans (iOS) session_start,PAGE_VIEW,2025-12-28,14.0,0.0
GERAL,GERAL,Almeida-Junior-Apps - AJFans (iOS) session_start,PAGE_VIEW,2025-12-29,18.0,0.0
GERAL,GERAL,Almeida-Junior-Apps - AJFans (iOS) session_start,PAGE_VIEW,2025-12-30,29.0,0.0
GERAL,GERAL,Almeida-Junior-Apps - AJFans (iOS) session_start,PAGE_VIEW,2025-12-31,26.0,0.0
GERAL,GERAL,Almeida-Junior-Apps - AJFans (iOS) session_start,PAGE_VIEW,2026-01-01,14.0,0.0
GERAL,GERAL,Almeida-Junior-Apps - AJFans (iOS) session_start,PAGE_VIEW,2026-01-06,44.0,0.0
GERAL,GERAL,Almeida-Junior-Apps - AJFans (iOS) session_start,PAGE_VIEW,2026-01-07,11.0,0.0
GERAL,GERAL,Almeida-Junior-Apps - AJFans (iOS) session_start,PAGE_VIEW,2026-01-08,5.0,0.0
GERAL,GERAL,Almeida-Junior-Apps - AJFans (iOS) session_start,PAGE_VIEW,2026-01-09,39.0,0.0
GERAL,GERAL,Almeida-Junior-Apps - AJFans (iOS) session_start,PAGE_VIEW,2026-01-10,10.0,0.0
GERAL,GERAL,Almeida-Junior-Apps - AJFans (iOS) session_start,PAGE_VIEW,2026-01-11,27.0,0.0
GERAL,GERAL,Almeida-Junior-Apps - AJFans (iOS) session_start,PAGE_VIEW,2026-01-12,71.0,0.0
GERAL,GERAL,Almeida-Junior-Apps - AJFans (iOS) session_start,PAGE_VIEW,2026-01-13,92.0,0.0
GERAL,GERAL,Almeida-Junior-Apps - AJFans (iOS) session_start,PAGE_VIEW,2026-01-14,78.0,0.0
GERAL,GERAL,Almeida-Junior-Apps - AJFans (iOS) session_start,PAGE_VIEW,2026-01-15,120.0,0.0
GERAL,GERAL,Almeida-Junior-Apps - AJFans (iOS) session_start,PAGE_VIEW,2026-01-16,67.0,0.0
GERAL,GERAL,Almeida-Junior-Apps - AJFans (iOS) session_start,PAGE_VIEW,2026-01-17,132.0,0.0
GERAL,GERAL,Almeida-Junior-Apps - AJFans (iOS) session_start,PAGE_VIEW,2026-01-18,98.0,0.0
GERAL,GERAL,Almeida-Junior-Apps - AJFans (iOS) session_start,PAGE_VIEW,2026-01-19,65.0,0.0
GERAL,GERAL,Almeida-Junior-Apps - AJFans (iOS) session_start,PAGE_VIEW,2026-01-20,104.0,0.0
GERAL,GERAL,Almeida-Junior-Apps - AJFans (iOS) session_start,PAGE_VIEW,2026-01-21,113.0,0.0
GERAL,GERAL,Almeida-Junior-Apps - AJFans (iOS) session_start,PAGE_VIEW,2026-01-22,256.0,0.0
GERAL,GERAL,Almeida-Junior-Apps - AJFans (iOS) session_start,PAGE_VIEW,2026-01-23,71.0,0.0
GERAL,GERAL,Almeida-Junior-Apps - AJFans (iOS) session_start,PAGE_VIEW,2026-01-24,39.0,0.0
GERAL,GERAL,Almeida-Junior-Apps - AJFans (iOS) session_start,PAGE_VIEW,2026-01-25,211.0,0.0
GERAL,GERAL,Almeida-Junior-Apps - AJFans (iOS) session_start,PAGE_VIEW,2026-01-26,69.0,0.0
GERAL,GERAL,Almeida-Junior-Apps - AJFans (iOS) session_start,PAGE_VIEW,2026-01-27,56.0,0.0
GERAL,GERAL,Almeida-Junior-Apps - AJFans (iOS) session_start,PAGE_VIEW,2026-01-28,26.0,0.0
GERAL,GERAL,Almeida-Junior-Apps - AJFans (iOS) session_start,PAGE_VIEW,2026-01-29,122.0,0.0
GERAL,GERAL,Almeida-Junior-Apps - AJFans (iOS) session_start,PAGE_VIEW,2026-01-30,119.0,0.0
GERAL,GERAL,Almeida-Junior-Apps - AJFans (iOS) session_start,PAGE_VIEW,2026-01-31,89.0,0.0
GERAL,GERAL,Almeida-Junior-Apps - AJFans (iOS) session_start,PAGE_VIEW,2026-02-01,133.0,0.0
GERAL,GERAL,Almeida-Junior-Apps - AJFans (iOS) session_start,PAGE_VIEW,2026-02-02,151.0,0.0
GERAL,GERAL,Almeida-Junior-Apps - AJFans (iOS) session_start,PAGE_VIEW,2026-02-03,77.0,0.0
GERAL,GERAL,Almeida-Junior-Apps - AJFans (iOS) session_start,PAGE_VIEW,2026-02-04,291.0,0.0
GERAL,GERAL,Almeida-Junior-Apps - AJFans (iOS) session_start,PAGE_VIEW,2026-02-05,101.0,0.0
GERAL,GERAL,Almeida-Junior-Apps - AJFans (iOS) session_start,PAGE_VIEW,2026-02-07,182.0,0.0
GERAL,GERAL,Almeida-Junior-Apps - AJFans (iOS) session_start,PAGE_VIEW,2026-02-08,198.0,0.0
GERAL,GERAL,Almeida-Junior-Apps - AJFans (iOS) session_start,PAGE_VIEW,2026-02-09,35.0,0.0
GERAL,GERAL,Almeida-Junior-Apps - AJFans (iOS) session_start,PAGE_VIEW,2026-02-10,51.0,0.0
GERAL,GERAL,Almeida-Junior-Apps - AJFans (iOS) session_start,PAGE_VIEW,2026-02-11,21.0,0.0
GERAL,GERAL,Almeida-Junior-Apps - AJFans (iOS) session_start,PAGE_VIEW,2026-02-12,15.0,0.0
GERAL,GERAL,Almeida-Junior-Apps - AJFans (iOS) session_start,PAGE_VIEW,2026-02-13,21.0,0.0
GERAL,GERAL,Almeida-Junior-Apps - AJFans (iOS) session_start,PAGE_VIEW,2026-02-14,75.0,0.0
GERAL,GERAL,Almeida-Junior-Apps - AJFans (iOS) session_start,PAGE_VIEW,2026-02-15,46.0,0.0
GERAL,GERAL,Almeida-Junior-Apps - AJFans (iOS) session_start,PAGE_VIEW,2026-02-16,90.0,0.0
GERAL,GERAL,Almeida-Junior-Apps - AJFans (iOS) session_start,PAGE_VIEW,2026-02-17,122.0,0.0
GERAL,GERAL,Almeida-Junior-Apps - AJFans (iOS) session_start,PAGE_VIEW,2026-02-18,59.0,0.0
GERAL,GERAL,Almeida-Junior-Apps - AJFans (iOS) session_start,PAGE_VIEW,2026-02-19,16.0,0.0
GERAL,GERAL,Almeida-Junior-Apps - AJFans (iOS) session_start,PAGE_VIEW,2026-02-20,8.0,0.0
GERAL,GERAL,Almeida-Junior-Apps - AJFans (iOS) session_start,PAGE_VIEW,2026-02-21,63.0,0.0
GERAL,GERAL,Almeida-Junior-Apps - AJFans (iOS) session_start,PAGE_VIEW,2026-02-22,34.0,0.0
GERAL,GERAL,Almeida-Junior-Apps - AJFans (iOS) session_start,PAGE_VIEW,2026-02-23,16.0,0.0
GERAL,GERAL,Almeida-Junior-Apps - AJFans (iOS) session_start,PAGE_VIEW,2026-02-24,3.0,0.0
GERAL,GERAL,Almeida-Junior-Apps - AJFans (iOS) session_start,PAGE_VIEW,2026-02-25,17.0,0.0
GERAL,GERAL,Almeida-Junior-Apps - AJFans (iOS) session_start,PAGE_VIEW,2026-02-26,48.0,0.0
GERAL,GERAL,Almeida-Junior-Apps - AJFans (iOS) session_start,PAGE_VIEW,2026-02-27,15.0,0.0
GERAL,GERAL,Almeida-Junior-Apps - AJFans (iOS) session_start,PAGE_VIEW,2026-02-28,369.0,0.0
GERAL,GERAL,Almeida-Junior-Apps - AJFans (iOS) session_start,PAGE_VIEW,2026-03-01,124.0,0.0
GERAL,GERAL,Almeida-Junior-Apps - AJFans (iOS) session_start,PAGE_VIEW,2026-03-02,30.0,0.0
GERAL,GERAL,Almeida-Junior-Apps - AJFans (iOS) session_start,PAGE_VIEW,2026-03-03,33.0,0.0
GERAL,GERAL,Almeida-Junior-Apps - AJFans (iOS) session_start,PAGE_VIEW,2026-03-04,26.0,0.0
GERAL,GERAL,Almeida-Junior-Apps - AJFans (iOS) session_start,PAGE_VIEW,2026-03-05,53.0,0.0
GERAL,GERAL,Almeida-Junior-Apps - AJFans (iOS) session_start,PAGE_VIEW,2026-03-06,91.0,0.0
GERAL,GERAL,Almeida-Junior-Apps - AJFans (iOS) session_start,PAGE_VIEW,2026-03-07,43.0,0.0
GERAL,GERAL,Almeida-Junior-Apps - AJFans (iOS) session_start,PAGE_VIEW,2026-03-08,116.0,0.0
GERAL,GERAL,Almeida-Junior-Apps - AJFans (iOS) session_start,PAGE_VIEW,2026-03-09,43.0,0.0
GERAL,GERAL,Almeida-Junior-Apps - AJFans (iOS) session_start,PAGE_VIEW,2026-03-10,62.0,0.0
GERAL,GERAL,Almeida-Junior-Apps - AJFans (iOS) session_start,PAGE_VIEW,2026-03-11,61.0,0.0
GERAL,GERAL,Almeida-Junior-Apps - AJFans (iOS) session_start,PAGE_VIEW,2026-03-12,32.0,0.0
GERAL,GERAL,Almeida-Junior-Apps - AJFans (iOS) session_start,PAGE_VIEW,2026-03-13,39.0,0.0
GERAL,GERAL,Almeida-Junior-Apps - AJFans (iOS) session_start,PAGE_VIEW,2026-03-14,67.0,0.0
GERAL,GERAL,Almeida-Junior-Apps - AJFans (iOS) session_start,PAGE_VIEW,2026-03-15,59.0,0.0
GERAL,GERAL,Almeida-Junior-Apps - AJFans (iOS) session_start,PAGE_VIEW,2026-03-16,11.0,0.0
GERAL,GERAL,Almeida-Junior-Apps - AJFans (iOS) session_start,PAGE_VIEW,2026-03-17,44.0,0.0
GERAL,GERAL,Almeida-Junior-Apps - AJFans (iOS) session_start,PAGE_VIEW,2026-03-18,10.0,0.0
GERAL,GERAL,Almeida-Junior-Apps - AJFans (iOS) session_start,PAGE_VIEW,2026-03-19,97.0,0.0
GERAL,GERAL,Almeida-Junior-Apps - AJFans (iOS) session_start,PAGE_VIEW,2026-03-20,43.0,0.0
GERAL,GERAL,Almeida-Junior-Apps - AJFans (iOS) session_start,PAGE_VIEW,2026-03-21,61.0,0.0
GERAL,GERAL,Almeida-Junior-Apps - AJFans (iOS) session_start,PAGE_VIEW,2026-03-22,151.0,0.0
GERAL,GERAL,Almeida-Junior-Apps - AJFans (iOS) session_start,PAGE_VIEW,2026-03-23,58.0,0.0
GERAL,GERAL,Almeida-Junior-Apps - AJFans (iOS) session_start,PAGE_VIEW,2026-03-24,19.0,0.0
GERAL,GERAL,Almeida-Junior-Apps - AJFans (iOS) session_start,PAGE_VIEW,2026-03-25,51.0,0.0
GERAL,GERAL,Almeida-Junior-Apps - AJFans (iOS) session_start,PAGE_VIEW,2026-03-26,94.0,0.0
GERAL,GERAL,Almeida-Junior-Apps - AJFans (iOS) session_start,PAGE_VIEW,2026-03-27,34.0,0.0
GERAL,GERAL,Almeida-Junior-Apps - AJFans (iOS) session_start,PAGE_VIEW,2026-03-28,161.0,0.0
GERAL,GERAL,Almeida-Junior-Apps - AJFans (iOS) session_start,PAGE_VIEW,2026-03-29,91.0,0.0
GERAL,GERAL,Almeida-Junior-Apps - AJFans (iOS) session_start,PAGE_VIEW,2026-03-30,44.0,0.0
GERAL,GERAL,Almeida-Junior-Apps - AJFans (iOS) session_start,PAGE_VIEW,2026-03-31,44.0,0.0
GERAL,GERAL,Almeida-Junior-Apps - AJFans (iOS) session_start,PAGE_VIEW,2026-04-01,73.0,0.0
GERAL,GERAL,Almeida-Junior-Apps - AJFans (iOS) session_start,PAGE_VIEW,2026-04-02,64.0,0.0
GERAL,GERAL,Almeida-Junior-Apps - AJFans (iOS) session_start,PAGE_VIEW,2026-04-03,77.0,0.0
GERAL,GERAL,Almeida-Junior-Apps - AJFans (iOS) session_start,PAGE_VIEW,2026-04-04,189.0,0.0
GERAL,GERAL,Almeida-Junior-Apps - AJFans (iOS) session_start,PAGE_VIEW,2026-04-05,106.0,0.0
GERAL,GERAL,Almeida-Junior-Apps - AJFans (iOS) session_start,PAGE_VIEW,2026-04-06,69.0,0.0
GERAL,GERAL,Almeida-Junior-Apps - AJFans (iOS) session_start,PAGE_VIEW,2026-04-07,51.0,0.0
GERAL,GERAL,Almeida-Junior-Apps - AJFans (iOS) session_start,PAGE_VIEW,2026-04-08,62.0,0.0
GERAL,GERAL,Almeida-Junior-Apps - AJFans (iOS) session_start,PAGE_VIEW,2026-04-09,56.0,0.0
GERAL,GERAL,Almeida-Junior-Apps - AJFans (iOS) session_start,PAGE_VIEW,2026-04-10,83.0,0.0
GERAL,GERAL,Almeida-Junior-Apps - AJFans (iOS) session_start,PAGE_VIEW,2026-04-11,77.0,0.0
GERAL,GERAL,Almeida-Junior-Apps - AJFans (iOS) session_start,PAGE_VIEW,2026-04-12,118.0,0.0
GERAL,GERAL,Almeida-Junior-Apps - AJFans (iOS) session_start,PAGE_VIEW,2026-04-13,49.0,0.0
GERAL,GERAL,Almeida-Junior-Apps - AJFans (iOS) session_start,PAGE_VIEW,2026-04-14,86.0,0.0
GERAL,GERAL,Almeida-Junior-Apps - AJFans (iOS) session_start,PAGE_VIEW,2026-04-15,32.0,0.0
GERAL,GERAL,Almeida-Junior-Apps - AJFans (iOS) session_start,PAGE_VIEW,2026-04-16,45.0,0.0
GERAL,GERAL,Almeida-Junior-Apps - AJFans (iOS) session_start,PAGE_VIEW,2026-04-17,43.0,0.0
GERAL,GERAL,Almeida-Junior-Apps - AJFans (iOS) session_start,PAGE_VIEW,2026-04-18,119.0,0.0
GERAL,GERAL,Almeida-Junior-Apps - AJFans (iOS) session_start,PAGE_VIEW,2026-04-19,64.0,0.0
GERAL,GERAL,Almeida-Junior-Apps - AJFans (iOS) session_start,PAGE_VIEW,2026-04-20,42.0,0.0
GERAL,GERAL,Almeida-Junior-Apps - AJFans (iOS) session_start,PAGE_VIEW,2026-04-21,77.0,0.0
GERAL,GERAL,Almeida-Junior-Apps - AJFans (iOS) session_start,PAGE_VIEW,2026-04-22,33.0,0.0
GERAL,GERAL,Almeida-Junior-Apps - AJFans (iOS) session_start,PAGE_VIEW,2026-04-23,33.0,0.0
GERAL,GERAL,Almeida-Junior-Apps - AJFans (iOS) session_start,PAGE_VIEW,2026-04-24,30.0,0.0
GERAL,GERAL,Almeida-Junior-Apps - AJFans (iOS) session_start,PAGE_VIEW,2026-04-25,53.0,0.0
GERAL,GERAL,Almeida-Junior-Apps - AJFans (iOS) session_start,PAGE_VIEW,2026-04-26,54.0,0.0
GERAL,GERAL,Almeida-Junior-Apps - AJFans (iOS) session_start,PAGE_VIEW,2026-04-27,15.0,0.0
GERAL,GERAL,Almeida-Junior-Apps - AJFans (iOS) session_start,PAGE_VIEW,2026-04-28,20.0,0.0
GERAL,GERAL,Almeida-Junior-Apps - AJFans (iOS) session_start,PAGE_VIEW,2026-04-29,11.0,0.0
GERAL,GERAL,Almeida-Junior-Apps - AJFans (iOS) session_start,PAGE_VIEW,2026-04-30,8.0,0.0
GERAL,GERAL,Almeida-Junior-Apps - AJFans (iOS) session_start,PAGE_VIEW,2026-05-01,8.0,0.0
GERAL,GERAL,Almeida-Junior-Apps - AJFans (iOS) session_start,PAGE_VIEW,2026-05-02,4.0,0.0
GERAL,GERAL,Almeida-Junior-Apps - AJFans (iOS) session_start,PAGE_VIEW,2026-05-08,2.0,0.0
GERAL,GERAL,Almeida-Junior-Apps - AJFans (iOS) session_start,PAGE_VIEW,2026-05-11,1.0,0.0
GERAL,GERAL,Almeida-Junior-Apps - AJFans (iOS) session_start,PAGE_VIEW,2026-05-12,1.0,0.0
GERAL,GERAL,Almeida-Junior-Apps - AJFans (iOS) session_start,PAGE_VIEW,2026-05-16,2.0,0.0
GERAL,GERAL,Almeida-Junior-Apps - AJFans (iOS) session_start,PAGE_VIEW,2026-05-17,2.0,0.0
GERAL,GERAL,Almeida-Junior-Apps - AJFans (iOS) session_start,PAGE_VIEW,2026-05-19,1.0,0.0
GERAL,GERAL,Almeida-Junior-Apps - AJFans (iOS) session_start,PAGE_VIEW,2026-06-02,1.0,0.0
GERAL,GERAL,Almeida-Junior-Apps - AJFans (iOS) session_start,PAGE_VIEW,2026-06-12,3.0,0.0
GERAL,GERAL,Almeida-Junior-Apps - AJFans (iOS) session_start,PAGE_VIEW,2026-06-13,1.0,0.0
GERAL,GERAL,Almeida-Junior-Apps - AJFans (iOS) session_start,PAGE_VIEW,2026-07-27,2.0,0.0
GERAL,GERAL,Almeida-Junior-Apps - AJFans (iOS) session_start,PAGE_VIEW,2026-08-03,2.0,0.0
GERAL,GERAL,Almeida-Junior-Apps - AJFans (iOS) session_start,PAGE_VIEW,2026-09-07,2.0,0.0
GERAL,GERAL,Rotas,GET_DIRECTIONS,2025-09-24,614.0,0.0
GERAL,GERAL,Rotas,GET_DIRECTIONS,2025-09-25,719.0,0.0
GERAL,GERAL,Rotas,GET_DIRECTIONS,2025-09-26,745.0,0.0
GERAL,GERAL,Rotas,GET_DIRECTIONS,2025-09-27,1138.0,0.0
GERAL,GERAL,Rotas,GET_DIRECTIONS,2025-09-28,914.0,0.0
GERAL,GERAL,Rotas,GET_DIRECTIONS,2025-09-29,486.0,0.0
GERAL,GERAL,Rotas,GET_DIRECTIONS,2025-09-30,455.0,0.0
GERAL,GERAL,Rotas,GET_DIRECTIONS,2025-10-01,573.0,0.0
GERAL,GERAL,Rotas,GET_DIRECTIONS,2025-10-02,873.0,0.0
GERAL,GERAL,Rotas,GET_DIRECTIONS,2025-10-03,912.0,0.0
GERAL,GERAL,Rotas,GET_DIRECTIONS,2025-10-04,1195.0,0.0
GERAL,GERAL,Rotas,GET_DIRECTIONS,2025-10-05,1083.0,0.0
GERAL,GERAL,Rotas,GET_DIRECTIONS,2025-10-06,984.0,0.0
GERAL,GERAL,Rotas,GET_DIRECTIONS,2025-10-07,897.0,0.0
GERAL,GERAL,Rotas,GET_DIRECTIONS,2025-10-08,751.0,0.0
GERAL,GERAL,Rotas,GET_DIRECTIONS,2025-10-09,1007.0,0.0
GERAL,GERAL,Rotas,GET_DIRECTIONS,2025-10-10,1055.0,0.0
GERAL,GERAL,Rotas,GET_DIRECTIONS,2025-10-11,1616.0,0.0
GERAL,GERAL,Rotas,GET_DIRECTIONS,2025-10-12,1242.0,0.0
GERAL,GERAL,Rotas,GET_DIRECTIONS,2025-10-13,788.0,0.0
GERAL,GERAL,Rotas,GET_DIRECTIONS,2025-10-14,846.0,0.0
GERAL,GERAL,Rotas,GET_DIRECTIONS,2025-10-15,780.0,0.0
GERAL,GERAL,Rotas,GET_DIRECTIONS,2025-10-16,771.0,0.0
GERAL,GERAL,Rotas,GET_DIRECTIONS,2025-10-17,917.0,0.0
GERAL,GERAL,Rotas,GET_DIRECTIONS,2025-10-18,1770.0,0.0
GERAL,GERAL,Rotas,GET_DIRECTIONS,2025-10-19,1039.0,0.0
GERAL,GERAL,Rotas,GET_DIRECTIONS,2025-10-20,805.0,0.0
GERAL,GERAL,Rotas,GET_DIRECTIONS,2025-10-21,673.0,0.0
GERAL,GERAL,Rotas,GET_DIRECTIONS,2025-10-22,686.0,0.0
GERAL,GERAL,Rotas,GET_DIRECTIONS,2025-10-23,696.0,0.0
GERAL,GERAL,Rotas,GET_DIRECTIONS,2025-10-24,883.0,0.0
GERAL,GERAL,Rotas,GET_DIRECTIONS,2025-10-25,1333.0,0.0
GERAL,GERAL,Rotas,GET_DIRECTIONS,2025-10-26,934.0,0.0
GERAL,GERAL,Rotas,GET_DIRECTIONS,2025-10-27,695.0,0.0
GERAL,GERAL,Rotas,GET_DIRECTIONS,2025-10-28,654.0,0.0
GERAL,GERAL,Rotas,GET_DIRECTIONS,2025-10-29,560.0,0.0
GERAL,GERAL,Rotas,GET_DIRECTIONS,2025-10-30,485.0,0.0
GERAL,GERAL,Rotas,GET_DIRECTIONS,2025-10-31,606.0,0.0
GERAL,GERAL,Rotas,GET_DIRECTIONS,2025-11-01,763.0,0.0
GERAL,GERAL,Rotas,GET_DIRECTIONS,2025-11-02,717.0,0.0
GERAL,GERAL,Rotas,GET_DIRECTIONS,2025-11-03,500.0,0.0
GERAL,GERAL,Rotas,GET_DIRECTIONS,2025-11-04,524.0,0.0
GERAL,GERAL,Rotas,GET_DIRECTIONS,2025-11-05,385.0,0.0
GERAL,GERAL,Rotas,GET_DIRECTIONS,2025-11-06,610.0,0.0
GERAL,GERAL,Rotas,GET_DIRECTIONS,2025-11-07,1025.0,0.0
GERAL,GERAL,Rotas,GET_DIRECTIONS,2025-11-08,1216.0,0.0
GERAL,GERAL,Rotas,GET_DIRECTIONS,2025-11-09,1184.0,0.0
GERAL,GERAL,Rotas,GET_DIRECTIONS,2025-11-10,737.0,0.0
GERAL,GERAL,Rotas,GET_DIRECTIONS,2025-11-11,742.0,0.0
GERAL,GERAL,Rotas,GET_DIRECTIONS,2025-11-12,962.0,0.0
GERAL,GERAL,Rotas,GET_DIRECTIONS,2025-11-13,906.0,0.0
GERAL,GERAL,Rotas,GET_DIRECTIONS,2025-11-14,975.0,0.0
GERAL,GERAL,Rotas,GET_DIRECTIONS,2025-11-15,1379.0,0.0
GERAL,GERAL,Rotas,GET_DIRECTIONS,2025-11-16,1103.0,0.0
GERAL,GERAL,Rotas,GET_DIRECTIONS,2025-11-17,812.0,0.0
GERAL,GERAL,Rotas,GET_DIRECTIONS,2025-11-18,862.0,0.0
GERAL,GERAL,Rotas,GET_DIRECTIONS,2025-11-19,696.0,0.0
GERAL,GERAL,Rotas,GET_DIRECTIONS,2025-11-20,1226.0,0.0
GERAL,GERAL,Rotas,GET_DIRECTIONS,2025-11-21,1278.0,0.0
GERAL,GERAL,Rotas,GET_DIRECTIONS,2025-11-22,1776.0,0.0
GERAL,GERAL,Rotas,GET_DIRECTIONS,2025-11-23,1561.0,0.0
GERAL,GERAL,Rotas,GET_DIRECTIONS,2025-11-24,972.0,0.0
GERAL,GERAL,Rotas,GET_DIRECTIONS,2025-11-25,822.0,0.0
GERAL,GERAL,Rotas,GET_DIRECTIONS,2025-11-26,825.0,0.0
GERAL,GERAL,Rotas,GET_DIRECTIONS,2025-11-27,800.0,0.0
GERAL,GERAL,Rotas,GET_DIRECTIONS,2025-11-28,994.0,0.0
GERAL,GERAL,Rotas,GET_DIRECTIONS,2025-11-29,1250.0,0.0
GERAL,GERAL,Rotas,GET_DIRECTIONS,2025-11-30,1084.0,0.0
GERAL,GERAL,Rotas,GET_DIRECTIONS,2025-12-01,1053.0,0.0
GERAL,GERAL,Rotas,GET_DIRECTIONS,2025-12-02,992.0,0.0
GERAL,GERAL,Rotas,GET_DIRECTIONS,2025-12-03,940.0,0.0
GERAL,GERAL,Rotas,GET_DIRECTIONS,2025-12-04,956.0,0.0
GERAL,GERAL,Rotas,GET_DIRECTIONS,2025-12-05,981.0,0.0
GERAL,GERAL,Rotas,GET_DIRECTIONS,2025-12-06,1554.0,0.0
GERAL,GERAL,Rotas,GET_DIRECTIONS,2025-12-07,1399.0,0.0
GERAL,GERAL,Rotas,GET_DIRECTIONS,2025-12-08,1157.0,0.0
GERAL,GERAL,Rotas,GET_DIRECTIONS,2025-12-09,1169.0,0.0
GERAL,GERAL,Rotas,GET_DIRECTIONS,2025-12-10,854.0,0.0
GERAL,GERAL,Rotas,GET_DIRECTIONS,2025-12-11,1019.0,0.0
GERAL,GERAL,Rotas,GET_DIRECTIONS,2025-12-12,1201.0,0.0
GERAL,GERAL,Rotas,GET_DIRECTIONS,2025-12-13,1340.0,0.0
GERAL,GERAL,Rotas,GET_DIRECTIONS,2025-12-14,1370.0,0.0
GERAL,GERAL,Rotas,GET_DIRECTIONS,2025-12-15,1012.0,0.0
GERAL,GERAL,Rotas,GET_DIRECTIONS,2025-12-16,1217.0,0.0
GERAL,GERAL,Rotas,GET_DIRECTIONS,2025-12-17,936.0,0.0
GERAL,GERAL,Rotas,GET_DIRECTIONS,2025-12-18,830.0,0.0
GERAL,GERAL,Rotas,GET_DIRECTIONS,2025-12-19,1012.0,0.0
GERAL,GERAL,Rotas,GET_DIRECTIONS,2025-12-20,1116.0,0.0
GERAL,GERAL,Rotas,GET_DIRECTIONS,2025-12-21,1224.0,0.0
GERAL,GERAL,Rotas,GET_DIRECTIONS,2025-12-22,1316.0,0.0
GERAL,GERAL,Rotas,GET_DIRECTIONS,2025-12-23,1334.0,0.0
GERAL,GERAL,Rotas,GET_DIRECTIONS,2025-12-24,881.0,0.0
GERAL,GERAL,Rotas,GET_DIRECTIONS,2025-12-25,576.0,0.0
GERAL,GERAL,Rotas,GET_DIRECTIONS,2025-12-26,1410.0,0.0
GERAL,GERAL,Rotas,GET_DIRECTIONS,2025-12-27,1326.0,0.0
GERAL,GERAL,Rotas,GET_DIRECTIONS,2025-12-28,1376.0,0.0
GERAL,GERAL,Rotas,GET_DIRECTIONS,2025-12-29,1933.0,0.0
GERAL,GERAL,Rotas,GET_DIRECTIONS,2025-12-30,1935.0,0.0
GERAL,GERAL,Rotas,GET_DIRECTIONS,2025-12-31,1103.0,0.0
GERAL,GERAL,Rotas,GET_DIRECTIONS,2026-01-01,954.0,0.0
GERAL,GERAL,Rotas,GET_DIRECTIONS,2026-01-02,4.0,0.0
GERAL,GERAL,Rotas,GET_DIRECTIONS,2026-01-03,9.0,0.0
GERAL,GERAL,Rotas,GET_DIRECTIONS,2026-01-06,917.0,0.0
GERAL,GERAL,Rotas,GET_DIRECTIONS,2026-01-07,845.0,0.0
GERAL,GERAL,Rotas,GET_DIRECTIONS,2026-01-08,1333.0,0.0
GERAL,GERAL,Rotas,GET_DIRECTIONS,2026-01-09,1478.0,0.0
GERAL,GERAL,Rotas,GET_DIRECTIONS,2026-01-10,2590.0,0.0
GERAL,GERAL,Rotas,GET_DIRECTIONS,2026-01-11,1898.0,0.0
GERAL,GERAL,Rotas,GET_DIRECTIONS,2026-01-12,1562.0,0.0
GERAL,GERAL,Rotas,GET_DIRECTIONS,2026-01-13,1583.0,0.0
GERAL,GERAL,Rotas,GET_DIRECTIONS,2026-01-14,1366.0,0.0
GERAL,GERAL,Rotas,GET_DIRECTIONS,2026-01-15,1634.0,0.0
GERAL,GERAL,Rotas,GET_DIRECTIONS,2026-01-16,1765.0,0.0
GERAL,GERAL,Rotas,GET_DIRECTIONS,2026-01-17,2476.0,0.0
GERAL,GERAL,Rotas,GET_DIRECTIONS,2026-01-18,2119.0,0.0
GERAL,GERAL,Rotas,GET_DIRECTIONS,2026-01-19,2035.0,0.0
GERAL,GERAL,Rotas,GET_DIRECTIONS,2026-01-20,1212.0,0.0
GERAL,GERAL,Rotas,GET_DIRECTIONS,2026-01-21,1351.0,0.0
GERAL,GERAL,Rotas,GET_DIRECTIONS,2026-01-22,1128.0,0.0
GERAL,GERAL,Rotas,GET_DIRECTIONS,2026-01-23,1213.0,0.0
GERAL,GERAL,Rotas,GET_DIRECTIONS,2026-01-24,1417.0,0.0
GERAL,GERAL,Rotas,GET_DIRECTIONS,2026-01-25,1357.0,0.0
GERAL,GERAL,Rotas,GET_DIRECTIONS,2026-01-26,1231.0,0.0
GERAL,GERAL,Rotas,GET_DIRECTIONS,2026-01-27,1293.0,0.0
GERAL,GERAL,Rotas,GET_DIRECTIONS,2026-01-28,1049.0,0.0
GERAL,GERAL,Rotas,GET_DIRECTIONS,2026-01-29,1856.0,0.0
GERAL,GERAL,Rotas,GET_DIRECTIONS,2026-01-30,1235.0,0.0
GERAL,GERAL,Rotas,GET_DIRECTIONS,2026-01-31,1313.0,0.0
GERAL,GERAL,Rotas,GET_DIRECTIONS,2026-02-01,1078.0,0.0
GERAL,GERAL,Rotas,GET_DIRECTIONS,2026-02-02,1173.0,0.0
GERAL,GERAL,Rotas,GET_DIRECTIONS,2026-02-03,2227.0,0.0
GERAL,GERAL,Rotas,GET_DIRECTIONS,2026-02-04,1701.0,0.0
GERAL,GERAL,Rotas,GET_DIRECTIONS,2026-02-05,914.0,0.0
GERAL,GERAL,Rotas,GET_DIRECTIONS,2026-02-06,4.0,0.0
GERAL,GERAL,Rotas,GET_DIRECTIONS,2026-02-07,3478.0,0.0
GERAL,GERAL,Rotas,GET_DIRECTIONS,2026-02-08,3104.0,0.0
GERAL,GERAL,Rotas,GET_DIRECTIONS,2026-02-09,950.0,0.0
GERAL,GERAL,Rotas,GET_DIRECTIONS,2026-02-10,863.0,0.0
GERAL,GERAL,Rotas,GET_DIRECTIONS,2026-02-11,782.0,0.0
GERAL,GERAL,Rotas,GET_DIRECTIONS,2026-02-12,878.0,0.0
GERAL,GERAL,Rotas,GET_DIRECTIONS,2026-02-13,1099.0,0.0
GERAL,GERAL,Rotas,GET_DIRECTIONS,2026-02-14,1361.0,0.0
GERAL,GERAL,Rotas,GET_DIRECTIONS,2026-02-15,1200.0,0.0
GERAL,GERAL,Rotas,GET_DIRECTIONS,2026-02-16,1170.0,0.0
GERAL,GERAL,Rotas,GET_DIRECTIONS,2026-02-17,971.0,0.0
GERAL,GERAL,Rotas,GET_DIRECTIONS,2026-02-18,649.0,0.0
GERAL,GERAL,Rotas,GET_DIRECTIONS,2026-02-19,649.0,0.0
GERAL,GERAL,Rotas,GET_DIRECTIONS,2026-02-20,1028.0,0.0
GERAL,GERAL,Rotas,GET_DIRECTIONS,2026-02-21,1063.0,0.0
GERAL,GERAL,Rotas,GET_DIRECTIONS,2026-02-22,1008.0,0.0
GERAL,GERAL,Rotas,GET_DIRECTIONS,2026-02-23,694.0,0.0
GERAL,GERAL,Rotas,GET_DIRECTIONS,2026-02-24,812.0,0.0
GERAL,GERAL,Rotas,GET_DIRECTIONS,2026-02-25,756.0,0.0
GERAL,GERAL,Rotas,GET_DIRECTIONS,2026-02-26,586.0,0.0
GERAL,GERAL,Rotas,GET_DIRECTIONS,2026-02-27,703.0,0.0
GERAL,GERAL,Rotas,GET_DIRECTIONS,2026-02-28,883.0,0.0
GERAL,GERAL,Rotas,GET_DIRECTIONS,2026-03-01,860.0,0.0
GERAL,GERAL,Rotas,GET_DIRECTIONS,2026-03-02,499.0,0.0
GERAL,GERAL,Rotas,GET_DIRECTIONS,2026-03-03,559.0,0.0
GERAL,GERAL,Rotas,GET_DIRECTIONS,2026-03-04,578.0,0.0
GERAL,GERAL,Rotas,GET_DIRECTIONS,2026-03-05,640.0,0.0
GERAL,GERAL,Rotas,GET_DIRECTIONS,2026-03-06,710.0,0.0
GERAL,GERAL,Rotas,GET_DIRECTIONS,2026-03-07,1241.0,0.0
GERAL,GERAL,Rotas,GET_DIRECTIONS,2026-03-08,1030.0,0.0
GERAL,GERAL,Rotas,GET_DIRECTIONS,2026-03-09,989.0,0.0
GERAL,GERAL,Rotas,GET_DIRECTIONS,2026-03-10,1106.0,0.0
GERAL,GERAL,Rotas,GET_DIRECTIONS,2026-03-11,937.0,0.0
GERAL,GERAL,Rotas,GET_DIRECTIONS,2026-03-12,1129.0,0.0
GERAL,GERAL,Rotas,GET_DIRECTIONS,2026-03-13,989.0,0.0
GERAL,GERAL,Rotas,GET_DIRECTIONS,2026-03-14,1264.0,0.0
GERAL,GERAL,Rotas,GET_DIRECTIONS,2026-03-15,1337.0,0.0
GERAL,GERAL,Rotas,GET_DIRECTIONS,2026-03-16,522.0,0.0
GERAL,GERAL,Rotas,GET_DIRECTIONS,2026-03-17,636.0,0.0
GERAL,GERAL,Rotas,GET_DIRECTIONS,2026-03-18,636.0,0.0
GERAL,GERAL,Rotas,GET_DIRECTIONS,2026-03-19,808.0,0.0
GERAL,GERAL,Rotas,GET_DIRECTIONS,2026-03-20,897.0,0.0
GERAL,GERAL,Rotas,GET_DIRECTIONS,2026-03-21,1246.0,0.0
GERAL,GERAL,Rotas,GET_DIRECTIONS,2026-03-22,1296.0,0.0
GERAL,GERAL,Rotas,GET_DIRECTIONS,2026-03-23,858.0,0.0
GERAL,GERAL,Rotas,GET_DIRECTIONS,2026-03-24,843.0,0.0
GERAL,GERAL,Rotas,GET_DIRECTIONS,2026-03-25,761.0,0.0
GERAL,GERAL,Rotas,GET_DIRECTIONS,2026-03-26,982.0,0.0
GERAL,GERAL,Rotas,GET_DIRECTIONS,2026-03-27,1188.0,0.0
GERAL,GERAL,Rotas,GET_DIRECTIONS,2026-03-28,1555.0,0.0
GERAL,GERAL,Rotas,GET_DIRECTIONS,2026-03-29,1257.0,0.0
GERAL,GERAL,Rotas,GET_DIRECTIONS,2026-03-30,1017.0,0.0
GERAL,GERAL,Rotas,GET_DIRECTIONS,2026-03-31,841.0,0.0
GERAL,GERAL,Rotas,GET_DIRECTIONS,2026-04-01,908.0,0.0
GERAL,GERAL,Rotas,GET_DIRECTIONS,2026-04-02,1099.0,0.0
GERAL,GERAL,Rotas,GET_DIRECTIONS,2026-04-03,1428.0,0.0
GERAL,GERAL,Rotas,GET_DIRECTIONS,2026-04-04,1639.0,0.0
GERAL,GERAL,Rotas,GET_DIRECTIONS,2026-04-05,1377.0,0.0
GERAL,GERAL,Rotas,GET_DIRECTIONS,2026-04-06,1317.0,0.0
GERAL,GERAL,Rotas,GET_DIRECTIONS,2026-04-07,920.0,0.0
GERAL,GERAL,Rotas,GET_DIRECTIONS,2026-04-08,912.0,0.0
GERAL,GERAL,Rotas,GET_DIRECTIONS,2026-04-09,1043.0,0.0
GERAL,GERAL,Rotas,GET_DIRECTIONS,2026-04-10,1079.0,0.0
GERAL,GERAL,Rotas,GET_DIRECTIONS,2026-04-11,1880.0,0.0
GERAL,GERAL,Rotas,GET_DIRECTIONS,2026-04-12,1496.0,0.0
GERAL,GERAL,Rotas,GET_DIRECTIONS,2026-04-13,973.0,0.0
GERAL,GERAL,Rotas,GET_DIRECTIONS,2026-04-14,923.0,0.0
GERAL,GERAL,Rotas,GET_DIRECTIONS,2026-04-15,1038.0,0.0
GERAL,GERAL,Rotas,GET_DIRECTIONS,2026-04-16,1017.0,0.0
GERAL,GERAL,Rotas,GET_DIRECTIONS,2026-04-17,1170.0,0.0
GERAL,GERAL,Rotas,GET_DIRECTIONS,2026-04-18,2128.0,0.0
GERAL,GERAL,Rotas,GET_DIRECTIONS,2026-04-19,1827.0,0.0
GERAL,GERAL,Rotas,GET_DIRECTIONS,2026-04-20,1020.0,0.0
GERAL,GERAL,Rotas,GET_DIRECTIONS,2026-04-21,1187.0,0.0
GERAL,GERAL,Rotas,GET_DIRECTIONS,2026-04-22,709.0,0.0
GERAL,GERAL,Rotas,GET_DIRECTIONS,2026-04-23,840.0,0.0
GERAL,GERAL,Rotas,GET_DIRECTIONS,2026-04-24,721.0,0.0
GERAL,GERAL,Rotas,GET_DIRECTIONS,2026-04-25,1145.0,0.0
GERAL,GERAL,Rotas,GET_DIRECTIONS,2026-04-26,1157.0,0.0
GERAL,GERAL,Rotas,GET_DIRECTIONS,2026-04-27,723.0,0.0
GERAL,GERAL,Rotas,GET_DIRECTIONS,2026-04-28,736.0,0.0
GERAL,GERAL,Rotas,GET_DIRECTIONS,2026-04-29,865.0,0.0
GERAL,GERAL,Rotas,GET_DIRECTIONS,2026-04-30,1068.0,0.0
GERAL,GERAL,Rotas,GET_DIRECTIONS,2026-05-01,1556.0,0.0
GERAL,GERAL,Rotas,GET_DIRECTIONS,2026-05-02,1412.0,0.0
GERAL,GERAL,Rotas,GET_DIRECTIONS,2026-05-03,9.0,0.0
GERAL,GERAL,Rotas,GET_DIRECTIONS,2026-05-04,3.0,0.0
GERAL,GERAL,Rotas,GET_DIRECTIONS,2026-05-07,764.0,0.0
GERAL,GERAL,Rotas,GET_DIRECTIONS,2026-05-08,892.0,0.0
GERAL,GERAL,Rotas,GET_DIRECTIONS,2026-05-09,1656.0,0.0
GERAL,GERAL,Rotas,GET_DIRECTIONS,2026-05-10,1293.0,0.0
GERAL,GERAL,Rotas,GET_DIRECTIONS,2026-05-11,608.0,0.0
GERAL,GERAL,Rotas,GET_DIRECTIONS,2026-05-12,713.0,0.0
GERAL,GERAL,Rotas,GET_DIRECTIONS,2026-05-13,665.0,0.0
GERAL,GERAL,Rotas,GET_DIRECTIONS,2026-05-14,688.0,0.0
GERAL,GERAL,Rotas,GET_DIRECTIONS,2026-05-15,996.0,0.0
GERAL,GERAL,Rotas,GET_DIRECTIONS,2026-05-16,1423.0,0.0
GERAL,GERAL,Rotas,GET_DIRECTIONS,2026-05-17,1237.0,0.0
GERAL,GERAL,Rotas,GET_DIRECTIONS,2026-05-18,678.0,0.0
GERAL,GERAL,Rotas,GET_DIRECTIONS,2026-05-19,793.0,0.0
GERAL,GERAL,Rotas,GET_DIRECTIONS,2026-05-20,745.0,0.0
GERAL,GERAL,Rotas,GET_DIRECTIONS,2026-05-21,697.0,0.0
GERAL,GERAL,Rotas,GET_DIRECTIONS,2026-05-22,803.0,0.0
GERAL,GERAL,Rotas,GET_DIRECTIONS,2026-05-23,1448.0,0.0
GERAL,GERAL,Rotas,GET_DIRECTIONS,2026-05-24,1261.0,0.0
GERAL,GERAL,Rotas,GET_DIRECTIONS,2026-05-25,762.0,0.0
GERAL,GERAL,Rotas,GET_DIRECTIONS,2026-05-26,1033.0,0.0
GERAL,GERAL,Rotas,GET_DIRECTIONS,2026-05-27,1044.0,0.0
GERAL,GERAL,Rotas,GET_DIRECTIONS,2026-05-28,1046.0,0.0
GERAL,GERAL,Rotas,GET_DIRECTIONS,2026-05-29,1187.0,0.0
GERAL,GERAL,Rotas,GET_DIRECTIONS,2026-05-30,1941.0,0.0
GERAL,GERAL,Rotas,GET_DIRECTIONS,2026-05-31,1688.0,0.0
GERAL,GERAL,Rotas,GET_DIRECTIONS,2026-06-01,1213.0,0.0
GERAL,GERAL,Rotas,GET_DIRECTIONS,2026-06-02,925.0,0.0
GERAL,GERAL,Rotas,GET_DIRECTIONS,2026-06-03,2.0,0.0
GERAL,GERAL,Rotas,GET_DIRECTIONS,2026-06-04,8.0,0.0
GERAL,GERAL,Rotas,GET_DIRECTIONS,2026-06-05,4.0,0.0
GERAL,GERAL,Rotas,GET_DIRECTIONS,2026-06-06,2110.0,0.0
GERAL,GERAL,Rotas,GET_DIRECTIONS,2026-06-07,2109.0,0.0
GERAL,GERAL,Rotas,GET_DIRECTIONS,2026-06-08,1237.0,0.0
GERAL,GERAL,Rotas,GET_DIRECTIONS,2026-06-09,1414.0,0.0
GERAL,GERAL,Rotas,GET_DIRECTIONS,2026-06-10,1506.0,0.0
GERAL,GERAL,Rotas,GET_DIRECTIONS,2026-06-11,1368.0,0.0
GERAL,GERAL,Rotas,GET_DIRECTIONS,2026-06-12,2007.0,0.0
GERAL,GERAL,Rotas,GET_DIRECTIONS,2026-06-13,1873.0,0.0
GERAL,GERAL,Rotas,GET_DIRECTIONS,2026-06-14,1712.0,0.0
GERAL,GERAL,Rotas,GET_DIRECTIONS,2026-06-16,10.0,0.0
GERAL,GERAL,Rotas,GET_DIRECTIONS,2026-06-17,8.0,0.0
GERAL,GERAL,Rotas,GET_DIRECTIONS,2026-06-18,1.0,0.0
GERAL,GERAL,Rotas,GET_DIRECTIONS,2026-06-19,35.0,0.0
GERAL,GERAL,Rotas,GET_DIRECTIONS,2026-06-20,1.0,0.0
GERAL,GERAL,Rotas,GET_DIRECTIONS,2026-06-21,1.0,0.0
GERAL,GERAL,Rotas,GET_DIRECTIONS,2026-06-22,9.0,0.0
GERAL,GERAL,Rotas,GET_DIRECTIONS,2026-06-24,16.0,0.0
GERAL,GERAL,Rotas,GET_DIRECTIONS,2026-06-25,5.0,0.0
GERAL,GERAL,Rotas,GET_DIRECTIONS,2026-06-26,664.0,0.0
GERAL,GERAL,Rotas,GET_DIRECTIONS,2026-06-27,1108.0,0.0
GERAL,GERAL,Rotas,GET_DIRECTIONS,2026-06-28,1316.0,0.0
GERAL,GERAL,Rotas,GET_DIRECTIONS,2026-06-29,741.0,0.0
GERAL,GERAL,Rotas,GET_DIRECTIONS,2026-06-30,841.0,0.0
GERAL,GERAL,Rotas,GET_DIRECTIONS,2026-07-01,915.0,0.0
GERAL,GERAL,Rotas,GET_DIRECTIONS,2026-07-02,910.0,0.0
GERAL,GERAL,Rotas,GET_DIRECTIONS,2026-07-03,1323.0,0.0
GERAL,GERAL,Rotas,GET_DIRECTIONS,2026-07-04,1832.0,0.0
GERAL,GERAL,Rotas,GET_DIRECTIONS,2026-07-05,1113.0,0.0
GERAL,GERAL,Rotas,GET_DIRECTIONS,2026-07-06,921.0,0.0
GERAL,GERAL,Rotas,GET_DIRECTIONS,2026-07-07,820.0,0.0
GERAL,GERAL,Rotas,GET_DIRECTIONS,2026-07-08,860.0,0.0
GERAL,GERAL,Rotas,GET_DIRECTIONS,2026-07-09,834.0,0.0
GERAL,GERAL,Rotas,GET_DIRECTIONS,2026-07-10,1267.0,0.0
GERAL,GERAL,Rotas,GET_DIRECTIONS,2026-07-11,1841.0,0.0
GERAL,GERAL,Rotas,GET_DIRECTIONS,2026-07-12,1621.0,0.0
GERAL,GERAL,Rotas,GET_DIRECTIONS,2026-07-13,970.0,0.0
GERAL,GERAL,Rotas,GET_DIRECTIONS,2026-07-14,980.0,0.0
GERAL,GERAL,Rotas,GET_DIRECTIONS,2026-07-15,1231.0,0.0
GERAL,GERAL,Rotas,GET_DIRECTIONS,2026-07-16,1109.0,0.0
GERAL,GERAL,Rotas,GET_DIRECTIONS,2026-07-17,1468.0,0.0
GERAL,GERAL,Rotas,GET_DIRECTIONS,2026-07-18,1754.0,0.0
GERAL,GERAL,Rotas,GET_DIRECTIONS,2026-07-19,1370.0,0.0
GERAL,GERAL,Rotas,GET_DIRECTIONS,2026-07-20,1173.0,0.0
GERAL,GERAL,Rotas,GET_DIRECTIONS,2026-07-21,1381.0,0.0
GERAL,GERAL,Rotas,GET_DIRECTIONS,2026-07-22,1436.0,0.0
GERAL,GERAL,Rotas,GET_DIRECTIONS,2026-07-23,1414.0,0.0
GERAL,GERAL,Rotas,GET_DIRECTIONS,2026-07-24,1454.0,0.0
GERAL,GERAL,Rotas,GET_DIRECTIONS,2026-07-25,2222.0,0.0
GERAL,GERAL,Rotas,GET_DIRECTIONS,2026-07-26,1911.0,0.0
GERAL,GERAL,Rotas,GET_DIRECTIONS,2026-07-27,1310.0,0.0
GERAL,GERAL,Rotas,GET_DIRECTIONS,2026-07-28,1518.0,0.0
GERAL,GERAL,Rotas,GET_DIRECTIONS,2026-07-29,1977.0,0.0
GERAL,GERAL,Rotas,GET_DIRECTIONS,2026-07-30,1833.0,0.0
GERAL,GERAL,Rotas,GET_DIRECTIONS,2026-07-31,1981.0,0.0
GERAL,GERAL,Rotas,GET_DIRECTIONS,2026-08-01,2375.0,0.0
GERAL,GERAL,Rotas,GET_DIRECTIONS,2026-08-02,2188.0,0.0
GERAL,GERAL,Rotas,GET_DIRECTIONS,2026-08-03,1258.0,0.0
GERAL,GERAL,Rotas,GET_DIRECTIONS,2026-08-04,1341.0,0.0
GERAL,GERAL,Rotas,GET_DIRECTIONS,2026-08-05,1371.0,0.0
GERAL,GERAL,Rotas,GET_DIRECTIONS,2026-08-06,1167.0,0.0
GERAL,GERAL,Rotas,GET_DIRECTIONS,2026-08-07,1515.0,0.0
GERAL,GERAL,Rotas,GET_DIRECTIONS,2026-08-08,2465.0,0.0
GERAL,GERAL,Rotas,GET_DIRECTIONS,2026-08-09,1918.0,0.0
GERAL,GERAL,Rotas,GET_DIRECTIONS,2026-08-10,1210.0,0.0
GERAL,GERAL,Rotas,GET_DIRECTIONS,2026-08-11,1266.0,0.0
GERAL,GERAL,Rotas,GET_DIRECTIONS,2026-08-12,1355.0,0.0
GERAL,GERAL,Rotas,GET_DIRECTIONS,2026-08-13,1192.0,0.0
GERAL,GERAL,Rotas,GET_DIRECTIONS,2026-08-14,1487.0,0.0
GERAL,GERAL,Rotas,GET_DIRECTIONS,2026-08-15,2201.0,0.0
GERAL,GERAL,Rotas,GET_DIRECTIONS,2026-08-16,1921.0,0.0
GERAL,GERAL,Rotas,GET_DIRECTIONS,2026-08-17,812.0,0.0
GERAL,GERAL,Rotas,GET_DIRECTIONS,2026-08-18,860.0,0.0
GERAL,GERAL,Rotas,GET_DIRECTIONS,2026-08-19,762.0,0.0
GERAL,GERAL,Rotas,GET_DIRECTIONS,2026-08-20,700.0,0.0
GERAL,GERAL,Rotas,GET_DIRECTIONS,2026-08-21,759.0,0.0
GERAL,GERAL,Rotas,GET_DIRECTIONS,2026-08-22,1144.0,0.0
GERAL,GERAL,Rotas,GET_DIRECTIONS,2026-08-23,1057.0,0.0
GERAL,GERAL,Rotas,GET_DIRECTIONS,2026-08-24,595.0,0.0
GERAL,GERAL,Rotas,GET_DIRECTIONS,2026-08-25,629.0,0.0
GERAL,GERAL,Rotas,GET_DIRECTIONS,2026-08-26,600.0,0.0
GERAL,GERAL,Rotas,GET_DIRECTIONS,2026-08-27,597.0,0.0
GERAL,GERAL,Rotas,GET_DIRECTIONS,2026-08-28,722.0,0.0
GERAL,GERAL,Rotas,GET_DIRECTIONS,2026-08-29,945.0,0.0
GERAL,GERAL,Rotas,GET_DIRECTIONS,2026-08-30,813.0,0.0
GERAL,GERAL,Rotas,GET_DIRECTIONS,2026-08-31,487.0,0.0
GERAL,GERAL,Rotas,GET_DIRECTIONS,2026-09-01,540.0,0.0
GERAL,GERAL,Rotas,GET_DIRECTIONS,2026-09-02,562.0,0.0
GERAL,GERAL,Rotas,GET_DIRECTIONS,2026-09-03,679.0,0.0
GERAL,GERAL,Rotas,GET_DIRECTIONS,2026-09-04,873.0,0.0
GERAL,GERAL,Rotas,GET_DIRECTIONS,2026-09-05,1500.0,0.0
GERAL,GERAL,Rotas,GET_DIRECTIONS,2026-09-06,1188.0,0.0
GERAL,GERAL,Rotas,GET_DIRECTIONS,2026-09-07,877.0,0.0
GERAL,GERAL,Rotas,GET_DIRECTIONS,2026-09-08,704.0,0.0
GERAL,GERAL,Rotas,GET_DIRECTIONS,2026-09-09,611.0,0.0
GERAL,GERAL,Rotas,GET_DIRECTIONS,2026-09-10,687.0,0.0
GERAL,GERAL,Rotas,GET_DIRECTIONS,2026-09-11,889.0,0.0
GERAL,GERAL,Rotas,GET_DIRECTIONS,2026-09-12,1028.0,0.0
GERAL,GERAL,Rotas,GET_DIRECTIONS,2026-09-13,813.0,0.0
GERAL,GERAL,Rotas,GET_DIRECTIONS,2026-09-14,568.0,0.0
GERAL,GERAL,Rotas,GET_DIRECTIONS,2026-09-15,611.0,0.0
GERAL,GERAL,Rotas,GET_DIRECTIONS,2026-09-16,526.0,0.0
GERAL,GERAL,Rotas,GET_DIRECTIONS,2026-09-17,564.0,0.0
GERAL,GERAL,Rotas,GET_DIRECTIONS,2026-09-18,675.0,0.0
GERAL,GERAL,Rotas,GET_DIRECTIONS,2026-09-19,1030.0,0.0
GERAL,GERAL,Rotas,GET_DIRECTIONS,2026-09-20,702.0,0.0
GERAL,GERAL,Rotas,GET_DIRECTIONS,2026-09-21,507.0,0.0
GERAL,GERAL,Rotas,GET_DIRECTIONS,2026-09-22,275.0,0.0
GERAL,GERAL,Local actions - Website visits,PAGE_VIEW,2025-09-24,48.0,0.0
GERAL,GERAL,Local actions - Website visits,PAGE_VIEW,2025-09-25,49.0,0.0
GERAL,GERAL,Local actions - Website visits,PAGE_VIEW,2025-09-26,48.0,0.0
GERAL,GERAL,Local actions - Website visits,PAGE_VIEW,2025-09-27,72.0,0.0
GERAL,GERAL,Local actions - Website visits,PAGE_VIEW,2025-09-28,90.0,0.0
GERAL,GERAL,Local actions - Website visits,PAGE_VIEW,2025-09-29,43.0,0.0
GERAL,GERAL,Local actions - Website visits,PAGE_VIEW,2025-09-30,43.0,0.0
GERAL,GERAL,Local actions - Website visits,PAGE_VIEW,2025-10-01,37.0,0.0
GERAL,GERAL,Local actions - Website visits,PAGE_VIEW,2025-10-02,38.0,0.0
GERAL,GERAL,Local actions - Website visits,PAGE_VIEW,2025-10-03,73.0,0.0
GERAL,GERAL,Local actions - Website visits,PAGE_VIEW,2025-10-04,98.0,0.0
GERAL,GERAL,Local actions - Website visits,PAGE_VIEW,2025-10-05,74.0,0.0
GERAL,GERAL,Local actions - Website visits,PAGE_VIEW,2025-10-06,61.0,0.0
GERAL,GERAL,Local actions - Website visits,PAGE_VIEW,2025-10-07,48.0,0.0
GERAL,GERAL,Local actions - Website visits,PAGE_VIEW,2025-10-08,56.0,0.0
GERAL,GERAL,Local actions - Website visits,PAGE_VIEW,2025-10-09,76.0,0.0
GERAL,GERAL,Local actions - Website visits,PAGE_VIEW,2025-10-10,66.0,0.0
GERAL,GERAL,Local actions - Website visits,PAGE_VIEW,2025-10-11,114.0,0.0
GERAL,GERAL,Local actions - Website visits,PAGE_VIEW,2025-10-12,138.0,0.0
GERAL,GERAL,Local actions - Website visits,PAGE_VIEW,2025-10-13,52.0,0.0
GERAL,GERAL,Local actions - Website visits,PAGE_VIEW,2025-10-14,60.0,0.0
GERAL,GERAL,Local actions - Website visits,PAGE_VIEW,2025-10-15,54.0,0.0
GERAL,GERAL,Local actions - Website visits,PAGE_VIEW,2025-10-16,66.0,0.0
GERAL,GERAL,Local actions - Website visits,PAGE_VIEW,2025-10-17,73.0,0.0
GERAL,GERAL,Local actions - Website visits,PAGE_VIEW,2025-10-18,102.0,0.0
GERAL,GERAL,Local actions - Website visits,PAGE_VIEW,2025-10-19,95.0,0.0
GERAL,GERAL,Local actions - Website visits,PAGE_VIEW,2025-10-20,50.0,0.0
GERAL,GERAL,Local actions - Website visits,PAGE_VIEW,2025-10-21,52.0,0.0
GERAL,GERAL,Local actions - Website visits,PAGE_VIEW,2025-10-22,58.0,0.0
GERAL,GERAL,Local actions - Website visits,PAGE_VIEW,2025-10-23,42.0,0.0
GERAL,GERAL,Local actions - Website visits,PAGE_VIEW,2025-10-24,81.0,0.0
GERAL,GERAL,Local actions - Website visits,PAGE_VIEW,2025-10-25,85.0,0.0
GERAL,GERAL,Local actions - Website visits,PAGE_VIEW,2025-10-26,61.0,0.0
GERAL,GERAL,Local actions - Website visits,PAGE_VIEW,2025-10-27,49.0,0.0
GERAL,GERAL,Local actions - Website visits,PAGE_VIEW,2025-10-28,58.0,0.0
GERAL,GERAL,Local actions - Website visits,PAGE_VIEW,2025-10-29,32.0,0.0
GERAL,GERAL,Local actions - Website visits,PAGE_VIEW,2025-10-30,34.0,0.0
GERAL,GERAL,Local actions - Website visits,PAGE_VIEW,2025-10-31,82.0,0.0
GERAL,GERAL,Local actions - Website visits,PAGE_VIEW,2025-11-01,78.0,0.0
GERAL,GERAL,Local actions - Website visits,PAGE_VIEW,2025-11-02,60.0,0.0
GERAL,GERAL,Local actions - Website visits,PAGE_VIEW,2025-11-03,41.0,0.0
GERAL,GERAL,Local actions - Website visits,PAGE_VIEW,2025-11-04,41.0,0.0
GERAL,GERAL,Local actions - Website visits,PAGE_VIEW,2025-11-05,47.0,0.0
GERAL,GERAL,Local actions - Website visits,PAGE_VIEW,2025-11-06,52.0,0.0
GERAL,GERAL,Local actions - Website visits,PAGE_VIEW,2025-11-07,79.0,0.0
GERAL,GERAL,Local actions - Website visits,PAGE_VIEW,2025-11-08,106.0,0.0
GERAL,GERAL,Local actions - Website visits,PAGE_VIEW,2025-11-09,105.0,0.0
GERAL,GERAL,Local actions - Website visits,PAGE_VIEW,2025-11-10,78.0,0.0
GERAL,GERAL,Local actions - Website visits,PAGE_VIEW,2025-11-11,60.0,0.0
GERAL,GERAL,Local actions - Website visits,PAGE_VIEW,2025-11-12,74.0,0.0
GERAL,GERAL,Local actions - Website visits,PAGE_VIEW,2025-11-13,86.0,0.0
GERAL,GERAL,Local actions - Website visits,PAGE_VIEW,2025-11-14,71.0,0.0
GERAL,GERAL,Local actions - Website visits,PAGE_VIEW,2025-11-15,142.0,0.0
GERAL,GERAL,Local actions - Website visits,PAGE_VIEW,2025-11-16,142.0,0.0
GERAL,GERAL,Local actions - Website visits,PAGE_VIEW,2025-11-17,75.0,0.0
GERAL,GERAL,Local actions - Website visits,PAGE_VIEW,2025-11-18,84.0,0.0
GERAL,GERAL,Local actions - Website visits,PAGE_VIEW,2025-11-19,61.0,0.0
GERAL,GERAL,Local actions - Website visits,PAGE_VIEW,2025-11-20,156.0,0.0
GERAL,GERAL,Local actions - Website visits,PAGE_VIEW,2025-11-21,112.0,0.0
GERAL,GERAL,Local actions - Website visits,PAGE_VIEW,2025-11-22,156.0,0.0
GERAL,GERAL,Local actions - Website visits,PAGE_VIEW,2025-11-23,157.0,0.0
GERAL,GERAL,Local actions - Website visits,PAGE_VIEW,2025-11-24,98.0,0.0
GERAL,GERAL,Local actions - Website visits,PAGE_VIEW,2025-11-25,74.0,0.0
GERAL,GERAL,Local actions - Website visits,PAGE_VIEW,2025-11-26,71.0,0.0
GERAL,GERAL,Local actions - Website visits,PAGE_VIEW,2025-11-27,95.0,0.0
GERAL,GERAL,Local actions - Website visits,PAGE_VIEW,2025-11-28,108.0,0.0
GERAL,GERAL,Local actions - Website visits,PAGE_VIEW,2025-11-29,114.0,0.0
GERAL,GERAL,Local actions - Website visits,PAGE_VIEW,2025-11-30,135.0,0.0
GERAL,GERAL,Local actions - Website visits,PAGE_VIEW,2025-12-01,120.0,0.0
GERAL,GERAL,Local actions - Website visits,PAGE_VIEW,2025-12-02,112.0,0.0
GERAL,GERAL,Local actions - Website visits,PAGE_VIEW,2025-12-03,110.0,0.0
GERAL,GERAL,Local actions - Website visits,PAGE_VIEW,2025-12-04,106.0,0.0
GERAL,GERAL,Local actions - Website visits,PAGE_VIEW,2025-12-05,125.0,0.0
GERAL,GERAL,Local actions - Website visits,PAGE_VIEW,2025-12-06,143.0,0.0
GERAL,GERAL,Local actions - Website visits,PAGE_VIEW,2025-12-07,125.0,0.0
GERAL,GERAL,Local actions - Website visits,PAGE_VIEW,2025-12-08,123.0,0.0
GERAL,GERAL,Local actions - Website visits,PAGE_VIEW,2025-12-09,130.0,0.0
GERAL,GERAL,Local actions - Website visits,PAGE_VIEW,2025-12-10,88.0,0.0
GERAL,GERAL,Local actions - Website visits,PAGE_VIEW,2025-12-11,93.0,0.0
GERAL,GERAL,Local actions - Website visits,PAGE_VIEW,2025-12-12,137.0,0.0
GERAL,GERAL,Local actions - Website visits,PAGE_VIEW,2025-12-13,151.0,0.0
GERAL,GERAL,Local actions - Website visits,PAGE_VIEW,2025-12-14,183.0,0.0
GERAL,GERAL,Local actions - Website visits,PAGE_VIEW,2025-12-15,133.0,0.0
GERAL,GERAL,Local actions - Website visits,PAGE_VIEW,2025-12-16,128.0,0.0
GERAL,GERAL,Local actions - Website visits,PAGE_VIEW,2025-12-17,95.0,0.0
GERAL,GERAL,Local actions - Website visits,PAGE_VIEW,2025-12-18,101.0,0.0
GERAL,GERAL,Local actions - Website visits,PAGE_VIEW,2025-12-19,119.0,0.0
GERAL,GERAL,Local actions - Website visits,PAGE_VIEW,2025-12-20,139.0,0.0
GERAL,GERAL,Local actions - Website visits,PAGE_VIEW,2025-12-21,178.0,0.0
GERAL,GERAL,Local actions - Website visits,PAGE_VIEW,2025-12-22,123.0,0.0
GERAL,GERAL,Local actions - Website visits,PAGE_VIEW,2025-12-23,133.0,0.0
GERAL,GERAL,Local actions - Website visits,PAGE_VIEW,2025-12-24,109.0,0.0
GERAL,GERAL,Local actions - Website visits,PAGE_VIEW,2025-12-25,117.0,0.0
GERAL,GERAL,Local actions - Website visits,PAGE_VIEW,2025-12-26,151.0,0.0
GERAL,GERAL,Local actions - Website visits,PAGE_VIEW,2025-12-27,120.0,0.0
GERAL,GERAL,Local actions - Website visits,PAGE_VIEW,2025-12-28,165.0,0.0
GERAL,GERAL,Local actions - Website visits,PAGE_VIEW,2025-12-29,179.0,0.0
GERAL,GERAL,Local actions - Website visits,PAGE_VIEW,2025-12-30,172.0,0.0
GERAL,GERAL,Local actions - Website visits,PAGE_VIEW,2025-12-31,115.0,0.0
GERAL,GERAL,Local actions - Website visits,PAGE_VIEW,2026-01-01,164.0,0.0
GERAL,GERAL,Local actions - Website visits,PAGE_VIEW,2026-01-06,83.0,0.0
GERAL,GERAL,Local actions - Website visits,PAGE_VIEW,2026-01-07,92.0,0.0
GERAL,GERAL,Local actions - Website visits,PAGE_VIEW,2026-01-08,94.0,0.0
GERAL,GERAL,Local actions - Website visits,PAGE_VIEW,2026-01-09,145.0,0.0
GERAL,GERAL,Local actions - Website visits,PAGE_VIEW,2026-01-10,233.0,0.0
GERAL,GERAL,Local actions - Website visits,PAGE_VIEW,2026-01-11,205.0,0.0
GERAL,GERAL,Local actions - Website visits,PAGE_VIEW,2026-01-12,111.0,0.0
GERAL,GERAL,Local actions - Website visits,PAGE_VIEW,2026-01-13,127.0,0.0
GERAL,GERAL,Local actions - Website visits,PAGE_VIEW,2026-01-14,110.0,0.0
GERAL,GERAL,Local actions - Website visits,PAGE_VIEW,2026-01-15,140.0,0.0
GERAL,GERAL,Local actions - Website visits,PAGE_VIEW,2026-01-16,140.0,0.0
GERAL,GERAL,Local actions - Website visits,PAGE_VIEW,2026-01-17,209.0,0.0
GERAL,GERAL,Local actions - Website visits,PAGE_VIEW,2026-01-18,191.0,0.0
GERAL,GERAL,Local actions - Website visits,PAGE_VIEW,2026-01-19,128.0,0.0
GERAL,GERAL,Local actions - Website visits,PAGE_VIEW,2026-01-20,94.0,0.0
GERAL,GERAL,Local actions - Website visits,PAGE_VIEW,2026-01-21,100.0,0.0
GERAL,GERAL,Local actions - Website visits,PAGE_VIEW,2026-01-22,121.0,0.0
GERAL,GERAL,Local actions - Website visits,PAGE_VIEW,2026-01-23,99.0,0.0
GERAL,GERAL,Local actions - Website visits,PAGE_VIEW,2026-01-24,119.0,0.0
GERAL,GERAL,Local actions - Website visits,PAGE_VIEW,2026-01-25,119.0,0.0
GERAL,GERAL,Local actions - Website visits,PAGE_VIEW,2026-01-26,101.0,0.0
GERAL,GERAL,Local actions - Website visits,PAGE_VIEW,2026-01-27,118.0,0.0
GERAL,GERAL,Local actions - Website visits,PAGE_VIEW,2026-01-28,99.0,0.0
GERAL,GERAL,Local actions - Website visits,PAGE_VIEW,2026-01-29,118.0,0.0
GERAL,GERAL,Local actions - Website visits,PAGE_VIEW,2026-01-30,83.0,0.0
GERAL,GERAL,Local actions - Website visits,PAGE_VIEW,2026-01-31,124.0,0.0
GERAL,GERAL,Local actions - Website visits,PAGE_VIEW,2026-02-01,111.0,0.0
GERAL,GERAL,Local actions - Website visits,PAGE_VIEW,2026-02-02,100.0,0.0
GERAL,GERAL,Local actions - Website visits,PAGE_VIEW,2026-02-03,201.0,0.0
GERAL,GERAL,Local actions - Website visits,PAGE_VIEW,2026-02-04,167.0,0.0
GERAL,GERAL,Local actions - Website visits,PAGE_VIEW,2026-02-05,70.0,0.0
GERAL,GERAL,Local actions - Website visits,PAGE_VIEW,2026-02-06,1.0,0.0
GERAL,GERAL,Local actions - Website visits,PAGE_VIEW,2026-02-07,262.0,0.0
GERAL,GERAL,Local actions - Website visits,PAGE_VIEW,2026-02-08,268.0,0.0
GERAL,GERAL,Local actions - Website visits,PAGE_VIEW,2026-02-09,83.0,0.0
GERAL,GERAL,Local actions - Website visits,PAGE_VIEW,2026-02-10,73.0,0.0
GERAL,GERAL,Local actions - Website visits,PAGE_VIEW,2026-02-11,63.0,0.0
GERAL,GERAL,Local actions - Website visits,PAGE_VIEW,2026-02-12,88.0,0.0
GERAL,GERAL,Local actions - Website visits,PAGE_VIEW,2026-02-13,74.0,0.0
GERAL,GERAL,Local actions - Website visits,PAGE_VIEW,2026-02-14,182.0,0.0
GERAL,GERAL,Local actions - Website visits,PAGE_VIEW,2026-02-15,92.0,0.0
GERAL,GERAL,Local actions - Website visits,PAGE_VIEW,2026-02-16,79.0,0.0
GERAL,GERAL,Local actions - Website visits,PAGE_VIEW,2026-02-17,105.0,0.0
GERAL,GERAL,Local actions - Website visits,PAGE_VIEW,2026-02-18,72.0,0.0
GERAL,GERAL,Local actions - Website visits,PAGE_VIEW,2026-02-19,35.0,0.0
GERAL,GERAL,Local actions - Website visits,PAGE_VIEW,2026-02-20,57.0,0.0
GERAL,GERAL,Local actions - Website visits,PAGE_VIEW,2026-02-21,83.0,0.0
GERAL,GERAL,Local actions - Website visits,PAGE_VIEW,2026-02-22,78.0,0.0
GERAL,GERAL,Local actions - Website visits,PAGE_VIEW,2026-02-23,67.0,0.0
GERAL,GERAL,Local actions - Website visits,PAGE_VIEW,2026-02-24,60.0,0.0
GERAL,GERAL,Local actions - Website visits,PAGE_VIEW,2026-02-25,62.0,0.0
GERAL,GERAL,Local actions - Website visits,PAGE_VIEW,2026-02-26,61.0,0.0
GERAL,GERAL,Local actions - Website visits,PAGE_VIEW,2026-02-27,56.0,0.0
GERAL,GERAL,Local actions - Website visits,PAGE_VIEW,2026-02-28,73.0,0.0
GERAL,GERAL,Local actions - Website visits,PAGE_VIEW,2026-03-01,79.0,0.0
GERAL,GERAL,Local actions - Website visits,PAGE_VIEW,2026-03-02,56.0,0.0
GERAL,GERAL,Local actions - Website visits,PAGE_VIEW,2026-03-03,62.0,0.0
GERAL,GERAL,Local actions - Website visits,PAGE_VIEW,2026-03-04,48.0,0.0
GERAL,GERAL,Local actions - Website visits,PAGE_VIEW,2026-03-05,43.0,0.0
GERAL,GERAL,Local actions - Website visits,PAGE_VIEW,2026-03-06,45.0,0.0
GERAL,GERAL,Local actions - Website visits,PAGE_VIEW,2026-03-07,114.0,0.0
GERAL,GERAL,Local actions - Website visits,PAGE_VIEW,2026-03-08,90.0,0.0
GERAL,GERAL,Local actions - Website visits,PAGE_VIEW,2026-03-09,76.0,0.0
GERAL,GERAL,Local actions - Website visits,PAGE_VIEW,2026-03-10,81.0,0.0
GERAL,GERAL,Local actions - Website visits,PAGE_VIEW,2026-03-11,62.0,0.0
GERAL,GERAL,Local actions - Website visits,PAGE_VIEW,2026-03-12,63.0,0.0
GERAL,GERAL,Local actions - Website visits,PAGE_VIEW,2026-03-13,60.0,0.0
GERAL,GERAL,Local actions - Website visits,PAGE_VIEW,2026-03-14,92.0,0.0
GERAL,GERAL,Local actions - Website visits,PAGE_VIEW,2026-03-15,99.0,0.0
GERAL,GERAL,Local actions - Website visits,PAGE_VIEW,2026-03-16,74.0,0.0
GERAL,GERAL,Local actions - Website visits,PAGE_VIEW,2026-03-17,44.0,0.0
GERAL,GERAL,Local actions - Website visits,PAGE_VIEW,2026-03-18,49.0,0.0
GERAL,GERAL,Local actions - Website visits,PAGE_VIEW,2026-03-19,57.0,0.0
GERAL,GERAL,Local actions - Website visits,PAGE_VIEW,2026-03-20,69.0,0.0
GERAL,GERAL,Local actions - Website visits,PAGE_VIEW,2026-03-21,126.0,0.0
GERAL,GERAL,Local actions - Website visits,PAGE_VIEW,2026-03-22,84.0,0.0
GERAL,GERAL,Local actions - Website visits,PAGE_VIEW,2026-03-23,62.0,0.0
GERAL,GERAL,Local actions - Website visits,PAGE_VIEW,2026-03-24,87.0,0.0
GERAL,GERAL,Local actions - Website visits,PAGE_VIEW,2026-03-25,62.0,0.0
GERAL,GERAL,Local actions - Website visits,PAGE_VIEW,2026-03-26,48.0,0.0
GERAL,GERAL,Local actions - Website visits,PAGE_VIEW,2026-03-27,76.0,0.0
GERAL,GERAL,Local actions - Website visits,PAGE_VIEW,2026-03-28,98.0,0.0
GERAL,GERAL,Local actions - Website visits,PAGE_VIEW,2026-03-29,86.0,0.0
GERAL,GERAL,Local actions - Website visits,PAGE_VIEW,2026-03-30,67.0,0.0
GERAL,GERAL,Local actions - Website visits,PAGE_VIEW,2026-03-31,61.0,0.0
GERAL,GERAL,Local actions - Website visits,PAGE_VIEW,2026-04-01,99.0,0.0
GERAL,GERAL,Local actions - Website visits,PAGE_VIEW,2026-04-02,73.0,0.0
GERAL,GERAL,Local actions - Website visits,PAGE_VIEW,2026-04-03,159.0,0.0
GERAL,GERAL,Local actions - Website visits,PAGE_VIEW,2026-04-04,89.0,0.0
GERAL,GERAL,Local actions - Website visits,PAGE_VIEW,2026-04-05,122.0,0.0
GERAL,GERAL,Local actions - Website visits,PAGE_VIEW,2026-04-06,89.0,0.0
GERAL,GERAL,Local actions - Website visits,PAGE_VIEW,2026-04-07,67.0,0.0
GERAL,GERAL,Local actions - Website visits,PAGE_VIEW,2026-04-08,68.0,0.0
GERAL,GERAL,Local actions - Website visits,PAGE_VIEW,2026-04-09,101.0,0.0
GERAL,GERAL,Local actions - Website visits,PAGE_VIEW,2026-04-10,94.0,0.0
GERAL,GERAL,Local actions - Website visits,PAGE_VIEW,2026-04-11,125.0,0.0
GERAL,GERAL,Local actions - Website visits,PAGE_VIEW,2026-04-12,108.0,0.0
GERAL,GERAL,Local actions - Website visits,PAGE_VIEW,2026-04-13,70.0,0.0
GERAL,GERAL,Local actions - Website visits,PAGE_VIEW,2026-04-14,71.0,0.0
GERAL,GERAL,Local actions - Website visits,PAGE_VIEW,2026-04-15,80.0,0.0
GERAL,GERAL,Local actions - Website visits,PAGE_VIEW,2026-04-16,101.0,0.0
GERAL,GERAL,Local actions - Website visits,PAGE_VIEW,2026-04-17,95.0,0.0
GERAL,GERAL,Local actions - Website visits,PAGE_VIEW,2026-04-18,174.0,0.0
GERAL,GERAL,Local actions - Website visits,PAGE_VIEW,2026-04-19,157.0,0.0
GERAL,GERAL,Local actions - Website visits,PAGE_VIEW,2026-04-20,90.0,0.0
GERAL,GERAL,Local actions - Website visits,PAGE_VIEW,2026-04-21,113.0,0.0
GERAL,GERAL,Local actions - Website visits,PAGE_VIEW,2026-04-22,58.0,0.0
GERAL,GERAL,Local actions - Website visits,PAGE_VIEW,2026-04-23,74.0,0.0
GERAL,GERAL,Local actions - Website visits,PAGE_VIEW,2026-04-24,51.0,0.0
GERAL,GERAL,Local actions - Website visits,PAGE_VIEW,2026-04-25,87.0,0.0
GERAL,GERAL,Local actions - Website visits,PAGE_VIEW,2026-04-26,135.0,0.0
GERAL,GERAL,Local actions - Website visits,PAGE_VIEW,2026-04-27,81.0,0.0
GERAL,GERAL,Local actions - Website visits,PAGE_VIEW,2026-04-28,81.0,0.0
GERAL,GERAL,Local actions - Website visits,PAGE_VIEW,2026-04-29,94.0,0.0
GERAL,GERAL,Local actions - Website visits,PAGE_VIEW,2026-04-30,137.0,0.0
GERAL,GERAL,Local actions - Website visits,PAGE_VIEW,2026-05-01,294.0,0.0
GERAL,GERAL,Local actions - Website visits,PAGE_VIEW,2026-05-02,215.0,0.0
GERAL,GERAL,Local actions - Website visits,PAGE_VIEW,2026-05-07,54.0,0.0
GERAL,GERAL,Local actions - Website visits,PAGE_VIEW,2026-05-08,81.0,0.0
GERAL,GERAL,Local actions - Website visits,PAGE_VIEW,2026-05-09,146.0,0.0
GERAL,GERAL,Local actions - Website visits,PAGE_VIEW,2026-05-10,100.0,0.0
GERAL,GERAL,Local actions - Website visits,PAGE_VIEW,2026-05-11,56.0,0.0
GERAL,GERAL,Local actions - Website visits,PAGE_VIEW,2026-05-12,61.0,0.0
GERAL,GERAL,Local actions - Website visits,PAGE_VIEW,2026-05-13,52.0,0.0
GERAL,GERAL,Local actions - Website visits,PAGE_VIEW,2026-05-14,71.0,0.0
GERAL,GERAL,Local actions - Website visits,PAGE_VIEW,2026-05-15,91.0,0.0
GERAL,GERAL,Local actions - Website visits,PAGE_VIEW,2026-05-16,146.0,0.0
GERAL,GERAL,Local actions - Website visits,PAGE_VIEW,2026-05-17,109.0,0.0
GERAL,GERAL,Local actions - Website visits,PAGE_VIEW,2026-05-18,82.0,0.0
GERAL,GERAL,Local actions - Website visits,PAGE_VIEW,2026-05-19,61.0,0.0
GERAL,GERAL,Local actions - Website visits,PAGE_VIEW,2026-05-20,65.0,0.0
GERAL,GERAL,Local actions - Website visits,PAGE_VIEW,2026-05-21,72.0,0.0
GERAL,GERAL,Local actions - Website visits,PAGE_VIEW,2026-05-22,69.0,0.0
GERAL,GERAL,Local actions - Website visits,PAGE_VIEW,2026-05-23,113.0,0.0
GERAL,GERAL,Local actions - Website visits,PAGE_VIEW,2026-05-24,118.0,0.0
GERAL,GERAL,Local actions - Website visits,PAGE_VIEW,2026-05-25,53.0,0.0
GERAL,GERAL,Local actions - Website visits,PAGE_VIEW,2026-05-26,91.0,0.0
GERAL,GERAL,Local actions - Website visits,PAGE_VIEW,2026-05-27,73.0,0.0
GERAL,GERAL,Local actions - Website visits,PAGE_VIEW,2026-05-28,107.0,0.0
GERAL,GERAL,Local actions - Website visits,PAGE_VIEW,2026-05-29,118.0,0.0
GERAL,GERAL,Local actions - Website visits,PAGE_VIEW,2026-05-30,185.0,0.0
GERAL,GERAL,Local actions - Website visits,PAGE_VIEW,2026-05-31,182.0,0.0
GERAL,GERAL,Local actions - Website visits,PAGE_VIEW,2026-06-01,122.0,0.0
GERAL,GERAL,Local actions - Website visits,PAGE_VIEW,2026-06-02,137.0,0.0
GERAL,GERAL,Local actions - Website visits,PAGE_VIEW,2026-06-03,1.0,0.0
GERAL,GERAL,Local actions - Website visits,PAGE_VIEW,2026-06-04,1.0,0.0
GERAL,GERAL,Local actions - Website visits,PAGE_VIEW,2026-06-05,1.0,0.0
GERAL,GERAL,Local actions - Website visits,PAGE_VIEW,2026-06-06,158.0,0.0
GERAL,GERAL,Local actions - Website visits,PAGE_VIEW,2026-06-07,192.0,0.0
GERAL,GERAL,Local actions - Website visits,PAGE_VIEW,2026-06-08,90.0,0.0
GERAL,GERAL,Local actions - Website visits,PAGE_VIEW,2026-06-09,105.0,0.0
GERAL,GERAL,Local actions - Website visits,PAGE_VIEW,2026-06-10,126.0,0.0
GERAL,GERAL,Local actions - Website visits,PAGE_VIEW,2026-06-11,134.0,0.0
GERAL,GERAL,Local actions - Website visits,PAGE_VIEW,2026-06-12,138.0,0.0
GERAL,GERAL,Local actions - Website visits,PAGE_VIEW,2026-06-13,139.0,0.0
GERAL,GERAL,Local actions - Website visits,PAGE_VIEW,2026-06-14,203.0,0.0
GERAL,GERAL,Local actions - Website visits,PAGE_VIEW,2026-06-16,2.0,0.0
GERAL,GERAL,Local actions - Website visits,PAGE_VIEW,2026-06-17,4.0,0.0
GERAL,GERAL,Local actions - Website visits,PAGE_VIEW,2026-06-19,3.0,0.0
GERAL,GERAL,Local actions - Website visits,PAGE_VIEW,2026-06-24,1.0,0.0
GERAL,GERAL,Local actions - Website visits,PAGE_VIEW,2026-06-26,38.0,0.0
GERAL,GERAL,Local actions - Website visits,PAGE_VIEW,2026-06-27,75.0,0.0
GERAL,GERAL,Local actions - Website visits,PAGE_VIEW,2026-06-28,82.0,0.0
GERAL,GERAL,Local actions - Website visits,PAGE_VIEW,2026-06-29,52.0,0.0
GERAL,GERAL,Local actions - Website visits,PAGE_VIEW,2026-06-30,79.0,0.0
GERAL,GERAL,Local actions - Website visits,PAGE_VIEW,2026-07-01,82.0,0.0
GERAL,GERAL,Local actions - Website visits,PAGE_VIEW,2026-07-02,69.0,0.0
GERAL,GERAL,Local actions - Website visits,PAGE_VIEW,2026-07-03,87.0,0.0
GERAL,GERAL,Local actions - Website visits,PAGE_VIEW,2026-07-04,106.0,0.0
GERAL,GERAL,Local actions - Website visits,PAGE_VIEW,2026-07-05,70.0,0.0
GERAL,GERAL,Local actions - Website visits,PAGE_VIEW,2026-07-06,74.0,0.0
GERAL,GERAL,Local actions - Website visits,PAGE_VIEW,2026-07-07,71.0,0.0
GERAL,GERAL,Local actions - Website visits,PAGE_VIEW,2026-07-08,63.0,0.0
GERAL,GERAL,Local actions - Website visits,PAGE_VIEW,2026-07-09,54.0,0.0
GERAL,GERAL,Local actions - Website visits,PAGE_VIEW,2026-07-10,111.0,0.0
GERAL,GERAL,Local actions - Website visits,PAGE_VIEW,2026-07-11,146.0,0.0
GERAL,GERAL,Local actions - Website visits,PAGE_VIEW,2026-07-12,133.0,0.0
GERAL,GERAL,Local actions - Website visits,PAGE_VIEW,2026-07-13,68.0,0.0
GERAL,GERAL,Local actions - Website visits,PAGE_VIEW,2026-07-14,92.0,0.0
GERAL,GERAL,Local actions - Website visits,PAGE_VIEW,2026-07-15,91.0,0.0
GERAL,GERAL,Local actions - Website visits,PAGE_VIEW,2026-07-16,75.0,0.0
GERAL,GERAL,Local actions - Website visits,PAGE_VIEW,2026-07-17,99.0,0.0
GERAL,GERAL,Local actions - Website visits,PAGE_VIEW,2026-07-18,121.0,0.0
GERAL,GERAL,Local actions - Website visits,PAGE_VIEW,2026-07-19,96.0,0.0
GERAL,GERAL,Local actions - Website visits,PAGE_VIEW,2026-07-20,88.0,0.0
GERAL,GERAL,Local actions - Website visits,PAGE_VIEW,2026-07-21,115.0,0.0
GERAL,GERAL,Local actions - Website visits,PAGE_VIEW,2026-07-22,125.0,0.0
GERAL,GERAL,Local actions - Website visits,PAGE_VIEW,2026-07-23,82.0,0.0
GERAL,GERAL,Local actions - Website visits,PAGE_VIEW,2026-07-24,111.0,0.0
GERAL,GERAL,Local actions - Website visits,PAGE_VIEW,2026-07-25,155.0,0.0
GERAL,GERAL,Local actions - Website visits,PAGE_VIEW,2026-07-26,145.0,0.0
GERAL,GERAL,Local actions - Website visits,PAGE_VIEW,2026-07-27,141.0,0.0
GERAL,GERAL,Local actions - Website visits,PAGE_VIEW,2026-07-28,272.0,0.0
GERAL,GERAL,Local actions - Website visits,PAGE_VIEW,2026-07-29,305.0,0.0
GERAL,GERAL,Local actions - Website visits,PAGE_VIEW,2026-07-30,155.0,0.0
GERAL,GERAL,Local actions - Website visits,PAGE_VIEW,2026-07-31,161.0,0.0
GERAL,GERAL,Local actions - Website visits,PAGE_VIEW,2026-08-01,202.0,0.0
GERAL,GERAL,Local actions - Website visits,PAGE_VIEW,2026-08-02,199.0,0.0
GERAL,GERAL,Local actions - Website visits,PAGE_VIEW,2026-08-03,99.0,0.0
GERAL,GERAL,Local actions - Website visits,PAGE_VIEW,2026-08-04,99.0,0.0
GERAL,GERAL,Local actions - Website visits,PAGE_VIEW,2026-08-05,113.0,0.0
GERAL,GERAL,Local actions - Website visits,PAGE_VIEW,2026-08-06,87.0,0.0
GERAL,GERAL,Local actions - Website visits,PAGE_VIEW,2026-08-07,97.0,0.0
GERAL,GERAL,Local actions - Website visits,PAGE_VIEW,2026-08-08,194.0,0.0
GERAL,GERAL,Local actions - Website visits,PAGE_VIEW,2026-08-09,151.0,0.0
GERAL,GERAL,Local actions - Website visits,PAGE_VIEW,2026-08-10,72.0,0.0
GERAL,GERAL,Local actions - Website visits,PAGE_VIEW,2026-08-11,74.0,0.0
GERAL,GERAL,Local actions - Website visits,PAGE_VIEW,2026-08-12,96.0,0.0
GERAL,GERAL,Local actions - Website visits,PAGE_VIEW,2026-08-13,87.0,0.0
GERAL,GERAL,Local actions - Website visits,PAGE_VIEW,2026-08-14,104.0,0.0
GERAL,GERAL,Local actions - Website visits,PAGE_VIEW,2026-08-15,143.0,0.0
GERAL,GERAL,Local actions - Website visits,PAGE_VIEW,2026-08-16,170.0,0.0
GERAL,GERAL,Local actions - Website visits,PAGE_VIEW,2026-08-17,66.0,0.0
GERAL,GERAL,Local actions - Website visits,PAGE_VIEW,2026-08-18,33.0,0.0
GERAL,GERAL,Local actions - Website visits,PAGE_VIEW,2026-08-19,53.0,0.0
GERAL,GERAL,Local actions - Website visits,PAGE_VIEW,2026-08-20,56.0,0.0
GERAL,GERAL,Local actions - Website visits,PAGE_VIEW,2026-08-21,31.0,0.0
GERAL,GERAL,Local actions - Website visits,PAGE_VIEW,2026-08-22,87.0,0.0
GERAL,GERAL,Local actions - Website visits,PAGE_VIEW,2026-08-23,61.0,0.0
GERAL,GERAL,Local actions - Website visits,PAGE_VIEW,2026-08-24,43.0,0.0
GERAL,GERAL,Local actions - Website visits,PAGE_VIEW,2026-08-25,37.0,0.0
GERAL,GERAL,Local actions - Website visits,PAGE_VIEW,2026-08-26,69.0,0.0
GERAL,GERAL,Local actions - Website visits,PAGE_VIEW,2026-08-27,31.0,0.0
GERAL,GERAL,Local actions - Website visits,PAGE_VIEW,2026-08-28,92.0,0.0
GERAL,GERAL,Local actions - Website visits,PAGE_VIEW,2026-08-29,165.0,0.0
GERAL,GERAL,Local actions - Website visits,PAGE_VIEW,2026-08-30,268.0,0.0
GERAL,GERAL,Local actions - Website visits,PAGE_VIEW,2026-08-31,60.0,0.0
GERAL,GERAL,Local actions - Website visits,PAGE_VIEW,2026-09-01,38.0,0.0
GERAL,GERAL,Local actions - Website visits,PAGE_VIEW,2026-09-02,41.0,0.0
GERAL,GERAL,Local actions - Website visits,PAGE_VIEW,2026-09-03,47.0,0.0
GERAL,GERAL,Local actions - Website visits,PAGE_VIEW,2026-09-04,54.0,0.0
GERAL,GERAL,Local actions - Website visits,PAGE_VIEW,2026-09-05,102.0,0.0
GERAL,GERAL,Local actions - Website visits,PAGE_VIEW,2026-09-06,85.0,0.0
GERAL,GERAL,Local actions - Website visits,PAGE_VIEW,2026-09-07,83.0,0.0
GERAL,GERAL,Local actions - Website visits,PAGE_VIEW,2026-09-08,45.0,0.0
GERAL,GERAL,Local actions - Website visits,PAGE_VIEW,2026-09-09,32.0,0.0
GERAL,GERAL,Local actions - Website visits,PAGE_VIEW,2026-09-10,64.0,0.0
GERAL,GERAL,Local actions - Website visits,PAGE_VIEW,2026-09-11,56.0,0.0
GERAL,GERAL,Local actions - Website visits,PAGE_VIEW,2026-09-12,92.0,0.0
GERAL,GERAL,Local actions - Website visits,PAGE_VIEW,2026-09-13,75.0,0.0
GERAL,GERAL,Local actions - Website visits,PAGE_VIEW,2026-09-14,32.0,0.0
GERAL,GERAL,Local actions - Website visits,PAGE_VIEW,2026-09-15,27.0,0.0
GERAL,GERAL,Local actions - Website visits,PAGE_VIEW,2026-09-16,37.0,0.0
GERAL,GERAL,Local actions - Website visits,PAGE_VIEW,2026-09-17,65.0,0.0
GERAL,GERAL,Local actions - Website visits,PAGE_VIEW,2026-09-18,40.0,0.0
GERAL,GERAL,Local actions - Website visits,PAGE_VIEW,2026-09-19,70.0,0.0
GERAL,GERAL,Local actions - Website visits,PAGE_VIEW,2026-09-20,56.0,0.0
GERAL,GERAL,Local actions - Website visits,PAGE_VIEW,2026-09-21,24.0,0.0
GERAL,GERAL,Clicks to call,CONTACT,2025-09-24,12.0,0.0
GERAL,GERAL,Clicks to call,CONTACT,2025-09-25,8.0,0.0
GERAL,GERAL,Clicks to call,CONTACT,2025-09-26,7.0,0.0
GERAL,GERAL,Clicks to call,CONTACT,2025-09-27,10.0,0.0
GERAL,GERAL,Clicks to call,CONTACT,2025-09-28,17.0,0.0
GERAL,GERAL,Clicks to call,CONTACT,2025-09-29,9.0,0.0
GERAL,GERAL,Clicks to call,CONTACT,2025-09-30,17.0,0.0
GERAL,GERAL,Clicks to call,CONTACT,2025-10-01,8.0,0.0
GERAL,GERAL,Clicks to call,CONTACT,2025-10-02,12.0,0.0
GERAL,GERAL,Clicks to call,CONTACT,2025-10-03,18.0,0.0
GERAL,GERAL,Clicks to call,CONTACT,2025-10-04,22.0,0.0
GERAL,GERAL,Clicks to call,CONTACT,2025-10-05,11.0,0.0
GERAL,GERAL,Clicks to call,CONTACT,2025-10-06,30.0,0.0
GERAL,GERAL,Clicks to call,CONTACT,2025-10-07,13.0,0.0
GERAL,GERAL,Clicks to call,CONTACT,2025-10-08,8.0,0.0
GERAL,GERAL,Clicks to call,CONTACT,2025-10-09,11.0,0.0
GERAL,GERAL,Clicks to call,CONTACT,2025-10-10,19.0,0.0
GERAL,GERAL,Clicks to call,CONTACT,2025-10-11,7.0,0.0
GERAL,GERAL,Clicks to call,CONTACT,2025-10-12,26.0,0.0
GERAL,GERAL,Clicks to call,CONTACT,2025-10-13,9.0,0.0
GERAL,GERAL,Clicks to call,CONTACT,2025-10-14,26.0,0.0
GERAL,GERAL,Clicks to call,CONTACT,2025-10-15,9.0,0.0
GERAL,GERAL,Clicks to call,CONTACT,2025-10-16,15.0,0.0
GERAL,GERAL,Clicks to call,CONTACT,2025-10-17,10.0,0.0
GERAL,GERAL,Clicks to call,CONTACT,2025-10-18,19.0,0.0
GERAL,GERAL,Clicks to call,CONTACT,2025-10-19,21.0,0.0
GERAL,GERAL,Clicks to call,CONTACT,2025-10-20,17.0,0.0
GERAL,GERAL,Clicks to call,CONTACT,2025-10-21,25.0,0.0
GERAL,GERAL,Clicks to call,CONTACT,2025-10-22,10.0,0.0
GERAL,GERAL,Clicks to call,CONTACT,2025-10-23,12.0,0.0
GERAL,GERAL,Clicks to call,CONTACT,2025-10-24,13.0,0.0
GERAL,GERAL,Clicks to call,CONTACT,2025-10-25,13.0,0.0
GERAL,GERAL,Clicks to call,CONTACT,2025-10-26,13.0,0.0
GERAL,GERAL,Clicks to call,CONTACT,2025-10-27,6.0,0.0
GERAL,GERAL,Clicks to call,CONTACT,2025-10-28,10.0,0.0
GERAL,GERAL,Clicks to call,CONTACT,2025-10-29,5.0,0.0
GERAL,GERAL,Clicks to call,CONTACT,2025-10-30,19.0,0.0
GERAL,GERAL,Clicks to call,CONTACT,2025-10-31,13.0,0.0
GERAL,GERAL,Clicks to call,CONTACT,2025-11-01,5.0,0.0
GERAL,GERAL,Clicks to call,CONTACT,2025-11-02,12.0,0.0
GERAL,GERAL,Clicks to call,CONTACT,2025-11-03,17.0,0.0
GERAL,GERAL,Clicks to call,CONTACT,2025-11-04,8.0,0.0
GERAL,GERAL,Clicks to call,CONTACT,2025-11-05,5.0,0.0
GERAL,GERAL,Clicks to call,CONTACT,2025-11-06,6.0,0.0
GERAL,GERAL,Clicks to call,CONTACT,2025-11-07,24.0,0.0
GERAL,GERAL,Clicks to call,CONTACT,2025-11-08,9.0,0.0
GERAL,GERAL,Clicks to call,CONTACT,2025-11-09,32.0,0.0
GERAL,GERAL,Clicks to call,CONTACT,2025-11-10,28.0,0.0
GERAL,GERAL,Clicks to call,CONTACT,2025-11-11,29.0,0.0
GERAL,GERAL,Clicks to call,CONTACT,2025-11-12,33.0,0.0
GERAL,GERAL,Clicks to call,CONTACT,2025-11-13,32.0,0.0
GERAL,GERAL,Clicks to call,CONTACT,2025-11-14,36.0,0.0
GERAL,GERAL,Clicks to call,CONTACT,2025-11-15,43.0,0.0
GERAL,GERAL,Clicks to call,CONTACT,2025-11-16,33.0,0.0
GERAL,GERAL,Clicks to call,CONTACT,2025-11-17,11.0,0.0
GERAL,GERAL,Clicks to call,CONTACT,2025-11-18,27.0,0.0
GERAL,GERAL,Clicks to call,CONTACT,2025-11-19,20.0,0.0
GERAL,GERAL,Clicks to call,CONTACT,2025-11-20,28.0,0.0
GERAL,GERAL,Clicks to call,CONTACT,2025-11-21,30.0,0.0
GERAL,GERAL,Clicks to call,CONTACT,2025-11-22,21.0,0.0
GERAL,GERAL,Clicks to call,CONTACT,2025-11-23,23.0,0.0
GERAL,GERAL,Clicks to call,CONTACT,2025-11-24,8.0,0.0
GERAL,GERAL,Clicks to call,CONTACT,2025-11-25,24.0,0.0
GERAL,GERAL,Clicks to call,CONTACT,2025-11-26,21.0,0.0
GERAL,GERAL,Clicks to call,CONTACT,2025-11-27,16.0,0.0
GERAL,GERAL,Clicks to call,CONTACT,2025-11-28,20.0,0.0
GERAL,GERAL,Clicks to call,CONTACT,2025-11-29,19.0,0.0
GERAL,GERAL,Clicks to call,CONTACT,2025-11-30,20.0,0.0
GERAL,GERAL,Clicks to call,CONTACT,2025-12-01,21.0,0.0
GERAL,GERAL,Clicks to call,CONTACT,2025-12-02,29.0,0.0
GERAL,GERAL,Clicks to call,CONTACT,2025-12-03,27.0,0.0
GERAL,GERAL,Clicks to call,CONTACT,2025-12-04,24.0,0.0
GERAL,GERAL,Clicks to call,CONTACT,2025-12-05,16.0,0.0
GERAL,GERAL,Clicks to call,CONTACT,2025-12-06,34.0,0.0
GERAL,GERAL,Clicks to call,CONTACT,2025-12-07,23.0,0.0
GERAL,GERAL,Clicks to call,CONTACT,2025-12-08,32.0,0.0
GERAL,GERAL,Clicks to call,CONTACT,2025-12-09,20.0,0.0
GERAL,GERAL,Clicks to call,CONTACT,2025-12-10,16.0,0.0
GERAL,GERAL,Clicks to call,CONTACT,2025-12-11,21.0,0.0
GERAL,GERAL,Clicks to call,CONTACT,2025-12-12,27.0,0.0
GERAL,GERAL,Clicks to call,CONTACT,2025-12-13,43.0,0.0
GERAL,GERAL,Clicks to call,CONTACT,2025-12-14,29.0,0.0
GERAL,GERAL,Clicks to call,CONTACT,2025-12-15,14.0,0.0
GERAL,GERAL,Clicks to call,CONTACT,2025-12-16,20.0,0.0
GERAL,GERAL,Clicks to call,CONTACT,2025-12-17,22.0,0.0
GERAL,GERAL,Clicks to call,CONTACT,2025-12-18,14.0,0.0
GERAL,GERAL,Clicks to call,CONTACT,2025-12-19,18.0,0.0
GERAL,GERAL,Clicks to call,CONTACT,2025-12-20,14.0,0.0
GERAL,GERAL,Clicks to call,CONTACT,2025-12-21,26.0,0.0
GERAL,GERAL,Clicks to call,CONTACT,2025-12-22,34.0,0.0
GERAL,GERAL,Clicks to call,CONTACT,2025-12-23,22.0,0.0
GERAL,GERAL,Clicks to call,CONTACT,2025-12-24,29.0,0.0
GERAL,GERAL,Clicks to call,CONTACT,2025-12-25,78.0,0.0
GERAL,GERAL,Clicks to call,CONTACT,2025-12-26,26.0,0.0
GERAL,GERAL,Clicks to call,CONTACT,2025-12-27,12.0,0.0
GERAL,GERAL,Clicks to call,CONTACT,2025-12-28,23.0,0.0
GERAL,GERAL,Clicks to call,CONTACT,2025-12-29,16.0,0.0
GERAL,GERAL,Clicks to call,CONTACT,2025-12-30,24.0,0.0
GERAL,GERAL,Clicks to call,CONTACT,2025-12-31,42.0,0.0
GERAL,GERAL,Clicks to call,CONTACT,2026-01-01,69.0,0.0
GERAL,GERAL,Clicks to call,CONTACT,2026-01-06,6.0,0.0
GERAL,GERAL,Clicks to call,CONTACT,2026-01-07,10.0,0.0
GERAL,GERAL,Clicks to call,CONTACT,2026-01-08,11.0,0.0
GERAL,GERAL,Clicks to call,CONTACT,2026-01-09,17.0,0.0
GERAL,GERAL,Clicks to call,CONTACT,2026-01-10,33.0,0.0
GERAL,GERAL,Clicks to call,CONTACT,2026-01-11,14.0,0.0
GERAL,GERAL,Clicks to call,CONTACT,2026-01-12,22.0,0.0
GERAL,GERAL,Clicks to call,CONTACT,2026-01-13,17.0,0.0
GERAL,GERAL,Clicks to call,CONTACT,2026-01-14,18.0,0.0
GERAL,GERAL,Clicks to call,CONTACT,2026-01-15,35.0,0.0
GERAL,GERAL,Clicks to call,CONTACT,2026-01-16,26.0,0.0
GERAL,GERAL,Clicks to call,CONTACT,2026-01-17,26.0,0.0
GERAL,GERAL,Clicks to call,CONTACT,2026-01-18,32.0,0.0
GERAL,GERAL,Clicks to call,CONTACT,2026-01-19,29.0,0.0
GERAL,GERAL,Clicks to call,CONTACT,2026-01-20,10.0,0.0
GERAL,GERAL,Clicks to call,CONTACT,2026-01-21,13.0,0.0
GERAL,GERAL,Clicks to call,CONTACT,2026-01-22,21.0,0.0
GERAL,GERAL,Clicks to call,CONTACT,2026-01-23,20.0,0.0
GERAL,GERAL,Clicks to call,CONTACT,2026-01-24,8.0,0.0
GERAL,GERAL,Clicks to call,CONTACT,2026-01-25,30.0,0.0
GERAL,GERAL,Clicks to call,CONTACT,2026-01-26,12.0,0.0
GERAL,GERAL,Clicks to call,CONTACT,2026-01-27,12.0,0.0
GERAL,GERAL,Clicks to call,CONTACT,2026-01-28,16.0,0.0
GERAL,GERAL,Clicks to call,CONTACT,2026-01-29,18.0,0.0
GERAL,GERAL,Clicks to call,CONTACT,2026-01-30,9.0,0.0
GERAL,GERAL,Clicks to call,CONTACT,2026-01-31,12.0,0.0
GERAL,GERAL,Clicks to call,CONTACT,2026-02-01,11.0,0.0
GERAL,GERAL,Clicks to call,CONTACT,2026-02-02,22.0,0.0
GERAL,GERAL,Clicks to call,CONTACT,2026-02-03,35.0,0.0
GERAL,GERAL,Clicks to call,CONTACT,2026-02-04,28.0,0.0
GERAL,GERAL,Clicks to call,CONTACT,2026-02-05,18.0,0.0
GERAL,GERAL,Clicks to call,CONTACT,2026-02-07,51.0,0.0
GERAL,GERAL,Clicks to call,CONTACT,2026-02-08,37.0,0.0
GERAL,GERAL,Clicks to call,CONTACT,2026-02-09,17.0,0.0
GERAL,GERAL,Clicks to call,CONTACT,2026-02-10,10.0,0.0
GERAL,GERAL,Clicks to call,CONTACT,2026-02-11,8.0,0.0
GERAL,GERAL,Clicks to call,CONTACT,2026-02-12,11.0,0.0
GERAL,GERAL,Clicks to call,CONTACT,2026-02-13,9.0,0.0
GERAL,GERAL,Clicks to call,CONTACT,2026-02-14,21.0,0.0
GERAL,GERAL,Clicks to call,CONTACT,2026-02-15,12.0,0.0
GERAL,GERAL,Clicks to call,CONTACT,2026-02-16,27.0,0.0
GERAL,GERAL,Clicks to call,CONTACT,2026-02-17,12.0,0.0
GERAL,GERAL,Clicks to call,CONTACT,2026-02-18,9.0,0.0
GERAL,GERAL,Clicks to call,CONTACT,2026-02-19,5.0,0.0
GERAL,GERAL,Clicks to call,CONTACT,2026-02-20,6.0,0.0
GERAL,GERAL,Clicks to call,CONTACT,2026-02-21,12.0,0.0
GERAL,GERAL,Clicks to call,CONTACT,2026-02-22,16.0,0.0
GERAL,GERAL,Clicks to call,CONTACT,2026-02-23,9.0,0.0
GERAL,GERAL,Clicks to call,CONTACT,2026-02-24,7.0,0.0
GERAL,GERAL,Clicks to call,CONTACT,2026-02-25,6.0,0.0
GERAL,GERAL,Clicks to call,CONTACT,2026-02-26,5.0,0.0
GERAL,GERAL,Clicks to call,CONTACT,2026-02-27,2.0,0.0
GERAL,GERAL,Clicks to call,CONTACT,2026-02-28,15.0,0.0
GERAL,GERAL,Clicks to call,CONTACT,2026-03-01,8.0,0.0
GERAL,GERAL,Clicks to call,CONTACT,2026-03-02,13.0,0.0
GERAL,GERAL,Clicks to call,CONTACT,2026-03-03,9.0,0.0
GERAL,GERAL,Clicks to call,CONTACT,2026-03-04,6.0,0.0
GERAL,GERAL,Clicks to call,CONTACT,2026-03-05,4.0,0.0
GERAL,GERAL,Clicks to call,CONTACT,2026-03-06,6.0,0.0
GERAL,GERAL,Clicks to call,CONTACT,2026-03-07,10.0,0.0
GERAL,GERAL,Clicks to call,CONTACT,2026-03-08,10.0,0.0
GERAL,GERAL,Clicks to call,CONTACT,2026-03-09,13.0,0.0
GERAL,GERAL,Clicks to call,CONTACT,2026-03-10,13.0,0.0
GERAL,GERAL,Clicks to call,CONTACT,2026-03-11,19.0,0.0
GERAL,GERAL,Clicks to call,CONTACT,2026-03-12,8.0,0.0
GERAL,GERAL,Clicks to call,CONTACT,2026-03-13,30.0,0.0
GERAL,GERAL,Clicks to call,CONTACT,2026-03-14,28.0,0.0
GERAL,GERAL,Clicks to call,CONTACT,2026-03-15,16.0,0.0
GERAL,GERAL,Clicks to call,CONTACT,2026-03-16,20.0,0.0
GERAL,GERAL,Clicks to call,CONTACT,2026-03-17,6.0,0.0
GERAL,GERAL,Clicks to call,CONTACT,2026-03-18,6.0,0.0
GERAL,GERAL,Clicks to call,CONTACT,2026-03-19,11.0,0.0
GERAL,GERAL,Clicks to call,CONTACT,2026-03-20,12.0,0.0
GERAL,GERAL,Clicks to call,CONTACT,2026-03-21,13.0,0.0
GERAL,GERAL,Clicks to call,CONTACT,2026-03-22,29.0,0.0
GERAL,GERAL,Clicks to call,CONTACT,2026-03-23,18.0,0.0
GERAL,GERAL,Clicks to call,CONTACT,2026-03-24,13.0,0.0
GERAL,GERAL,Clicks to call,CONTACT,2026-03-25,16.0,0.0
GERAL,GERAL,Clicks to call,CONTACT,2026-03-26,19.0,0.0
GERAL,GERAL,Clicks to call,CONTACT,2026-03-27,17.0,0.0
GERAL,GERAL,Clicks to call,CONTACT,2026-03-28,27.0,0.0
GERAL,GERAL,Clicks to call,CONTACT,2026-03-29,24.0,0.0
GERAL,GERAL,Clicks to call,CONTACT,2026-03-30,18.0,0.0
GERAL,GERAL,Clicks to call,CONTACT,2026-03-31,18.0,0.0
GERAL,GERAL,Clicks to call,CONTACT,2026-04-01,21.0,0.0
GERAL,GERAL,Clicks to call,CONTACT,2026-04-02,52.0,0.0
GERAL,GERAL,Clicks to call,CONTACT,2026-04-03,66.0,0.0
GERAL,GERAL,Clicks to call,CONTACT,2026-04-04,17.0,0.0
GERAL,GERAL,Clicks to call,CONTACT,2026-04-05,33.0,0.0
GERAL,GERAL,Clicks to call,CONTACT,2026-04-06,28.0,0.0
GERAL,GERAL,Clicks to call,CONTACT,2026-04-07,20.0,0.0
GERAL,GERAL,Clicks to call,CONTACT,2026-04-08,10.0,0.0
GERAL,GERAL,Clicks to call,CONTACT,2026-04-09,17.0,0.0
GERAL,GERAL,Clicks to call,CONTACT,2026-04-10,19.0,0.0
GERAL,GERAL,Clicks to call,CONTACT,2026-04-11,37.0,0.0
GERAL,GERAL,Clicks to call,CONTACT,2026-04-12,23.0,0.0
GERAL,GERAL,Clicks to call,CONTACT,2026-04-13,23.0,0.0
GERAL,GERAL,Clicks to call,CONTACT,2026-04-14,20.0,0.0
GERAL,GERAL,Clicks to call,CONTACT,2026-04-15,9.0,0.0
GERAL,GERAL,Clicks to call,CONTACT,2026-04-16,28.0,0.0
GERAL,GERAL,Clicks to call,CONTACT,2026-04-17,20.0,0.0
GERAL,GERAL,Clicks to call,CONTACT,2026-04-18,38.0,0.0
GERAL,GERAL,Clicks to call,CONTACT,2026-04-19,39.0,0.0
GERAL,GERAL,Clicks to call,CONTACT,2026-04-20,32.0,0.0
GERAL,GERAL,Clicks to call,CONTACT,2026-04-21,29.0,0.0
GERAL,GERAL,Clicks to call,CONTACT,2026-04-22,15.0,0.0
GERAL,GERAL,Clicks to call,CONTACT,2026-04-23,15.0,0.0
GERAL,GERAL,Clicks to call,CONTACT,2026-04-24,10.0,0.0
GERAL,GERAL,Clicks to call,CONTACT,2026-04-25,25.0,0.0
GERAL,GERAL,Clicks to call,CONTACT,2026-04-26,23.0,0.0
GERAL,GERAL,Clicks to call,CONTACT,2026-04-27,35.0,0.0
GERAL,GERAL,Clicks to call,CONTACT,2026-04-28,27.0,0.0
GERAL,GERAL,Clicks to call,CONTACT,2026-04-29,27.0,0.0
GERAL,GERAL,Clicks to call,CONTACT,2026-04-30,32.0,0.0
GERAL,GERAL,Clicks to call,CONTACT,2026-05-01,82.0,0.0
GERAL,GERAL,Clicks to call,CONTACT,2026-05-02,31.0,0.0
GERAL,GERAL,Clicks to call,CONTACT,2026-05-07,14.0,0.0
GERAL,GERAL,Clicks to call,CONTACT,2026-05-08,28.0,0.0
GERAL,GERAL,Clicks to call,CONTACT,2026-05-09,66.0,0.0
GERAL,GERAL,Clicks to call,CONTACT,2026-05-10,40.0,0.0
GERAL,GERAL,Clicks to call,CONTACT,2026-05-11,12.0,0.0
GERAL,GERAL,Clicks to call,CONTACT,2026-05-12,35.0,0.0
GERAL,GERAL,Clicks to call,CONTACT,2026-05-13,2.0,0.0
GERAL,GERAL,Clicks to call,CONTACT,2026-05-14,14.0,0.0
GERAL,GERAL,Clicks to call,CONTACT,2026-05-15,20.0,0.0
GERAL,GERAL,Clicks to call,CONTACT,2026-05-16,21.0,0.0
GERAL,GERAL,Clicks to call,CONTACT,2026-05-17,9.0,0.0
GERAL,GERAL,Clicks to call,CONTACT,2026-05-18,14.0,0.0
GERAL,GERAL,Clicks to call,CONTACT,2026-05-19,16.0,0.0
GERAL,GERAL,Clicks to call,CONTACT,2026-05-20,14.0,0.0
GERAL,GERAL,Clicks to call,CONTACT,2026-05-21,20.0,0.0
GERAL,GERAL,Clicks to call,CONTACT,2026-05-22,14.0,0.0
GERAL,GERAL,Clicks to call,CONTACT,2026-05-23,5.0,0.0
GERAL,GERAL,Clicks to call,CONTACT,2026-05-24,5.0,0.0
GERAL,GERAL,Clicks to call,CONTACT,2026-05-25,11.0,0.0
GERAL,GERAL,Clicks to call,CONTACT,2026-05-26,11.0,0.0
GERAL,GERAL,Clicks to call,CONTACT,2026-05-27,20.0,0.0
GERAL,GERAL,Clicks to call,CONTACT,2026-05-28,11.0,0.0
GERAL,GERAL,Clicks to call,CONTACT,2026-05-29,25.0,0.0
GERAL,GERAL,Clicks to call,CONTACT,2026-05-30,33.0,0.0
GERAL,GERAL,Clicks to call,CONTACT,2026-05-31,18.0,0.0
GERAL,GERAL,Clicks to call,CONTACT,2026-06-01,22.0,0.0
GERAL,GERAL,Clicks to call,CONTACT,2026-06-02,27.0,0.0
GERAL,GERAL,Clicks to call,CONTACT,2026-06-06,15.0,0.0
GERAL,GERAL,Clicks to call,CONTACT,2026-06-07,36.0,0.0
GERAL,GERAL,Clicks to call,CONTACT,2026-06-08,28.0,0.0
GERAL,GERAL,Clicks to call,CONTACT,2026-06-09,28.0,0.0
GERAL,GERAL,Clicks to call,CONTACT,2026-06-10,24.0,0.0
GERAL,GERAL,Clicks to call,CONTACT,2026-06-11,37.0,0.0
GERAL,GERAL,Clicks to call,CONTACT,2026-06-12,27.0,0.0
GERAL,GERAL,Clicks to call,CONTACT,2026-06-13,29.0,0.0
GERAL,GERAL,Clicks to call,CONTACT,2026-06-14,47.0,0.0
GERAL,GERAL,Clicks to call,CONTACT,2026-06-19,1.0,0.0
GERAL,GERAL,Clicks to call,CONTACT,2026-06-26,8.0,0.0
GERAL,GERAL,Clicks to call,CONTACT,2026-06-27,13.0,0.0
GERAL,GERAL,Clicks to call,CONTACT,2026-06-28,16.0,0.0
GERAL,GERAL,Clicks to call,CONTACT,2026-06-29,18.0,0.0
GERAL,GERAL,Clicks to call,CONTACT,2026-06-30,18.0,0.0
GERAL,GERAL,Clicks to call,CONTACT,2026-07-01,19.0,0.0
GERAL,GERAL,Clicks to call,CONTACT,2026-07-02,14.0,0.0
GERAL,GERAL,Clicks to call,CONTACT,2026-07-03,18.0,0.0
GERAL,GERAL,Clicks to call,CONTACT,2026-07-04,14.0,0.0
GERAL,GERAL,Clicks to call,CONTACT,2026-07-05,39.0,0.0
GERAL,GERAL,Clicks to call,CONTACT,2026-07-06,10.0,0.0
GERAL,GERAL,Clicks to call,CONTACT,2026-07-07,15.0,0.0
GERAL,GERAL,Clicks to call,CONTACT,2026-07-08,15.0,0.0
GERAL,GERAL,Clicks to call,CONTACT,2026-07-09,9.0,0.0
GERAL,GERAL,Clicks to call,CONTACT,2026-07-10,6.0,0.0
GERAL,GERAL,Clicks to call,CONTACT,2026-07-11,28.0,0.0
GERAL,GERAL,Clicks to call,CONTACT,2026-07-12,14.0,0.0
GERAL,GERAL,Clicks to call,CONTACT,2026-07-13,9.0,0.0
GERAL,GERAL,Clicks to call,CONTACT,2026-07-14,6.0,0.0
GERAL,GERAL,Clicks to call,CONTACT,2026-07-15,17.0,0.0
GERAL,GERAL,Clicks to call,CONTACT,2026-07-16,12.0,0.0
GERAL,GERAL,Clicks to call,CONTACT,2026-07-17,21.0,0.0
GERAL,GERAL,Clicks to call,CONTACT,2026-07-18,14.0,0.0
GERAL,GERAL,Clicks to call,CONTACT,2026-07-19,16.0,0.0
GERAL,GERAL,Clicks to call,CONTACT,2026-07-20,11.0,0.0
GERAL,GERAL,Clicks to call,CONTACT,2026-07-21,12.0,0.0
GERAL,GERAL,Clicks to call,CONTACT,2026-07-22,14.0,0.0
GERAL,GERAL,Clicks to call,CONTACT,2026-07-23,13.0,0.0
GERAL,GERAL,Clicks to call,CONTACT,2026-07-24,15.0,0.0
GERAL,GERAL,Clicks to call,CONTACT,2026-07-25,29.0,0.0
GERAL,GERAL,Clicks to call,CONTACT,2026-07-26,28.0,0.0
GERAL,GERAL,Clicks to call,CONTACT,2026-07-27,21.0,0.0
GERAL,GERAL,Clicks to call,CONTACT,2026-07-28,23.0,0.0
GERAL,GERAL,Clicks to call,CONTACT,2026-07-29,26.0,0.0
GERAL,GERAL,Clicks to call,CONTACT,2026-07-30,29.0,0.0
GERAL,GERAL,Clicks to call,CONTACT,2026-07-31,19.0,0.0
GERAL,GERAL,Clicks to call,CONTACT,2026-08-01,32.0,0.0
GERAL,GERAL,Clicks to call,CONTACT,2026-08-02,18.0,0.0
GERAL,GERAL,Clicks to call,CONTACT,2026-08-03,24.0,0.0
GERAL,GERAL,Clicks to call,CONTACT,2026-08-04,8.0,0.0
GERAL,GERAL,Clicks to call,CONTACT,2026-08-05,30.0,0.0
GERAL,GERAL,Clicks to call,CONTACT,2026-08-06,23.0,0.0
GERAL,GERAL,Clicks to call,CONTACT,2026-08-07,12.0,0.0
GERAL,GERAL,Clicks to call,CONTACT,2026-08-08,33.0,0.0
GERAL,GERAL,Clicks to call,CONTACT,2026-08-09,38.0,0.0
GERAL,GERAL,Clicks to call,CONTACT,2026-08-10,17.0,0.0
GERAL,GERAL,Clicks to call,CONTACT,2026-08-11,20.0,0.0
GERAL,GERAL,Clicks to call,CONTACT,2026-08-12,11.0,0.0
GERAL,GERAL,Clicks to call,CONTACT,2026-08-13,19.0,0.0
GERAL,GERAL,Clicks to call,CONTACT,2026-08-14,27.0,0.0
GERAL,GERAL,Clicks to call,CONTACT,2026-08-15,37.0,0.0
GERAL,GERAL,Clicks to call,CONTACT,2026-08-16,22.0,0.0
GERAL,GERAL,Clicks to call,CONTACT,2026-08-17,9.0,0.0
GERAL,GERAL,Clicks to call,CONTACT,2026-08-18,12.0,0.0
GERAL,GERAL,Clicks to call,CONTACT,2026-08-19,21.0,0.0
GERAL,GERAL,Clicks to call,CONTACT,2026-08-20,4.0,0.0
GERAL,GERAL,Clicks to call,CONTACT,2026-08-21,21.0,0.0
GERAL,GERAL,Clicks to call,CONTACT,2026-08-22,8.0,0.0
GERAL,GERAL,Clicks to call,CONTACT,2026-08-23,10.0,0.0
GERAL,GERAL,Clicks to call,CONTACT,2026-08-24,13.0,0.0
GERAL,GERAL,Clicks to call,CONTACT,2026-08-25,8.0,0.0
GERAL,GERAL,Clicks to call,CONTACT,2026-08-26,7.0,0.0
GERAL,GERAL,Clicks to call,CONTACT,2026-08-27,11.0,0.0
GERAL,GERAL,Clicks to call,CONTACT,2026-08-28,14.0,0.0
GERAL,GERAL,Clicks to call,CONTACT,2026-08-29,13.0,0.0
GERAL,GERAL,Clicks to call,CONTACT,2026-08-30,17.0,0.0
GERAL,GERAL,Clicks to call,CONTACT,2026-08-31,18.0,0.0
GERAL,GERAL,Clicks to call,CONTACT,2026-09-01,6.0,0.0
GERAL,GERAL,Clicks to call,CONTACT,2026-09-02,16.0,0.0
GERAL,GERAL,Clicks to call,CONTACT,2026-09-03,4.0,0.0
GERAL,GERAL,Clicks to call,CONTACT,2026-09-04,7.0,0.0
GERAL,GERAL,Clicks to call,CONTACT,2026-09-05,17.0,0.0
GERAL,GERAL,Clicks to call,CONTACT,2026-09-06,21.0,0.0
GERAL,GERAL,Clicks to call,CONTACT,2026-09-07,19.0,0.0
GERAL,GERAL,Clicks to call,CONTACT,2026-09-08,7.0,0.0
GERAL,GERAL,Clicks to call,CONTACT,2026-09-09,7.0,0.0
GERAL,GERAL,Clicks to call,CONTACT,2026-09-10,10.0,0.0
GERAL,GERAL,Clicks to call,CONTACT,2026-09-11,16.0,0.0
GERAL,GERAL,Clicks to call,CONTACT,2026-09-12,25.0,0.0
GERAL,GERAL,Clicks to call,CONTACT,2026-09-13,5.0,0.0
GERAL,GERAL,Clicks to call,CONTACT,2026-09-14,11.0,0.0
GERAL,GERAL,Clicks to call,CONTACT,2026-09-15,10.0,0.0
GERAL,GERAL,Clicks to call,CONTACT,2026-09-16,8.0,0.0
GERAL,GERAL,Clicks to call,CONTACT,2026-09-17,8.0,0.0
GERAL,GERAL,Clicks to call,CONTACT,2026-09-18,10.0,0.0
GERAL,GERAL,Clicks to call,CONTACT,2026-09-19,9.0,0.0
GERAL,GERAL,Clicks to call,CONTACT,2026-09-20,6.0,0.0
GERAL,GERAL,Clicks to call,CONTACT,2026-09-21,18.0,0.0
GERAL,GERAL,Local actions - Other engagements,ENGAGEMENT,2025-09-24,822.0,0.0
GERAL,GERAL,Local actions - Other engagements,ENGAGEMENT,2025-09-25,1144.0,0.0
GERAL,GERAL,Local actions - Other engagements,ENGAGEMENT,2025-09-26,961.0,0.0
GERAL,GERAL,Local actions - Other engagements,ENGAGEMENT,2025-09-27,1272.0,0.0
GERAL,GERAL,Local actions - Other engagements,ENGAGEMENT,2025-09-28,1534.0,0.0
GERAL,GERAL,Local actions - Other engagements,ENGAGEMENT,2025-09-29,911.0,0.0
GERAL,GERAL,Local actions - Other engagements,ENGAGEMENT,2025-09-30,805.0,0.0
GERAL,GERAL,Local actions - Other engagements,ENGAGEMENT,2025-10-01,804.0,0.0
GERAL,GERAL,Local actions - Other engagements,ENGAGEMENT,2025-10-02,926.0,0.0
GERAL,GERAL,Local actions - Other engagements,ENGAGEMENT,2025-10-03,1062.0,0.0
GERAL,GERAL,Local actions - Other engagements,ENGAGEMENT,2025-10-04,1150.0,0.0
GERAL,GERAL,Local actions - Other engagements,ENGAGEMENT,2025-10-05,1716.0,0.0
GERAL,GERAL,Local actions - Other engagements,ENGAGEMENT,2025-10-06,1157.0,0.0
GERAL,GERAL,Local actions - Other engagements,ENGAGEMENT,2025-10-07,1066.0,0.0
GERAL,GERAL,Local actions - Other engagements,ENGAGEMENT,2025-10-08,825.0,0.0
GERAL,GERAL,Local actions - Other engagements,ENGAGEMENT,2025-10-09,1508.0,0.0
GERAL,GERAL,Local actions - Other engagements,ENGAGEMENT,2025-10-10,1098.0,0.0
GERAL,GERAL,Local actions - Other engagements,ENGAGEMENT,2025-10-11,1477.0,0.0
GERAL,GERAL,Local actions - Other engagements,ENGAGEMENT,2025-10-12,1959.0,0.0
GERAL,GERAL,Local actions - Other engagements,ENGAGEMENT,2025-10-13,856.0,0.0
GERAL,GERAL,Local actions - Other engagements,ENGAGEMENT,2025-10-14,948.0,0.0
GERAL,GERAL,Local actions - Other engagements,ENGAGEMENT,2025-10-15,794.0,0.0
GERAL,GERAL,Local actions - Other engagements,ENGAGEMENT,2025-10-16,1009.0,0.0
GERAL,GERAL,Local actions - Other engagements,ENGAGEMENT,2025-10-17,1135.0,0.0
GERAL,GERAL,Local actions - Other engagements,ENGAGEMENT,2025-10-18,1427.0,0.0
GERAL,GERAL,Local actions - Other engagements,ENGAGEMENT,2025-10-19,1662.0,0.0
GERAL,GERAL,Local actions - Other engagements,ENGAGEMENT,2025-10-20,1230.0,0.0
GERAL,GERAL,Local actions - Other engagements,ENGAGEMENT,2025-10-21,838.0,0.0
GERAL,GERAL,Local actions - Other engagements,ENGAGEMENT,2025-10-22,780.0,0.0
GERAL,GERAL,Local actions - Other engagements,ENGAGEMENT,2025-10-23,786.0,0.0
GERAL,GERAL,Local actions - Other engagements,ENGAGEMENT,2025-10-24,877.0,0.0
GERAL,GERAL,Local actions - Other engagements,ENGAGEMENT,2025-10-25,1258.0,0.0
GERAL,GERAL,Local actions - Other engagements,ENGAGEMENT,2025-10-26,1309.0,0.0
GERAL,GERAL,Local actions - Other engagements,ENGAGEMENT,2025-10-27,1000.0,0.0
GERAL,GERAL,Local actions - Other engagements,ENGAGEMENT,2025-10-28,598.0,0.0
GERAL,GERAL,Local actions - Other engagements,ENGAGEMENT,2025-10-29,557.0,0.0
GERAL,GERAL,Local actions - Other engagements,ENGAGEMENT,2025-10-30,505.0,0.0
GERAL,GERAL,Local actions - Other engagements,ENGAGEMENT,2025-10-31,666.0,0.0
GERAL,GERAL,Local actions - Other engagements,ENGAGEMENT,2025-11-01,1052.0,0.0
GERAL,GERAL,Local actions - Other engagements,ENGAGEMENT,2025-11-02,1032.0,0.0
GERAL,GERAL,Local actions - Other engagements,ENGAGEMENT,2025-11-03,692.0,0.0
GERAL,GERAL,Local actions - Other engagements,ENGAGEMENT,2025-11-04,544.0,0.0
GERAL,GERAL,Local actions - Other engagements,ENGAGEMENT,2025-11-05,493.0,0.0
GERAL,GERAL,Local actions - Other engagements,ENGAGEMENT,2025-11-06,805.0,0.0
GERAL,GERAL,Local actions - Other engagements,ENGAGEMENT,2025-11-07,1218.0,0.0
GERAL,GERAL,Local actions - Other engagements,ENGAGEMENT,2025-11-08,1051.0,0.0
GERAL,GERAL,Local actions - Other engagements,ENGAGEMENT,2025-11-09,1502.0,0.0
GERAL,GERAL,Local actions - Other engagements,ENGAGEMENT,2025-11-10,1185.0,0.0
GERAL,GERAL,Local actions - Other engagements,ENGAGEMENT,2025-11-11,1240.0,0.0
GERAL,GERAL,Local actions - Other engagements,ENGAGEMENT,2025-11-12,1141.0,0.0
GERAL,GERAL,Local actions - Other engagements,ENGAGEMENT,2025-11-13,1243.0,0.0
GERAL,GERAL,Local actions - Other engagements,ENGAGEMENT,2025-11-14,1066.0,0.0
GERAL,GERAL,Local actions - Other engagements,ENGAGEMENT,2025-11-15,1862.0,0.0
GERAL,GERAL,Local actions - Other engagements,ENGAGEMENT,2025-11-16,1740.0,0.0
GERAL,GERAL,Local actions - Other engagements,ENGAGEMENT,2025-11-17,1031.0,0.0
GERAL,GERAL,Local actions - Other engagements,ENGAGEMENT,2025-11-18,1029.0,0.0
GERAL,GERAL,Local actions - Other engagements,ENGAGEMENT,2025-11-19,692.0,0.0
GERAL,GERAL,Local actions - Other engagements,ENGAGEMENT,2025-11-20,1561.0,0.0
GERAL,GERAL,Local actions - Other engagements,ENGAGEMENT,2025-11-21,1111.0,0.0
GERAL,GERAL,Local actions - Other engagements,ENGAGEMENT,2025-11-22,2064.0,0.0
GERAL,GERAL,Local actions - Other engagements,ENGAGEMENT,2025-11-23,2110.0,0.0
GERAL,GERAL,Local actions - Other engagements,ENGAGEMENT,2025-11-24,1169.0,0.0
GERAL,GERAL,Local actions - Other engagements,ENGAGEMENT,2025-11-25,804.0,0.0
GERAL,GERAL,Local actions - Other engagements,ENGAGEMENT,2025-11-26,913.0,0.0
GERAL,GERAL,Local actions - Other engagements,ENGAGEMENT,2025-11-27,876.0,0.0
GERAL,GERAL,Local actions - Other engagements,ENGAGEMENT,2025-11-28,973.0,0.0
GERAL,GERAL,Local actions - Other engagements,ENGAGEMENT,2025-11-29,1418.0,0.0
GERAL,GERAL,Local actions - Other engagements,ENGAGEMENT,2025-11-30,1770.0,0.0
GERAL,GERAL,Local actions - Other engagements,ENGAGEMENT,2025-12-01,1755.0,0.0
GERAL,GERAL,Local actions - Other engagements,ENGAGEMENT,2025-12-02,965.0,0.0
GERAL,GERAL,Local actions - Other engagements,ENGAGEMENT,2025-12-03,750.0,0.0
GERAL,GERAL,Local actions - Other engagements,ENGAGEMENT,2025-12-04,1251.0,0.0
GERAL,GERAL,Local actions - Other engagements,ENGAGEMENT,2025-12-05,1111.0,0.0
GERAL,GERAL,Local actions - Other engagements,ENGAGEMENT,2025-12-06,1616.0,0.0
GERAL,GERAL,Local actions - Other engagements,ENGAGEMENT,2025-12-07,1819.0,0.0
GERAL,GERAL,Local actions - Other engagements,ENGAGEMENT,2025-12-08,1329.0,0.0
GERAL,GERAL,Local actions - Other engagements,ENGAGEMENT,2025-12-09,1304.0,0.0
GERAL,GERAL,Local actions - Other engagements,ENGAGEMENT,2025-12-10,1061.0,0.0
GERAL,GERAL,Local actions - Other engagements,ENGAGEMENT,2025-12-11,962.0,0.0
GERAL,GERAL,Local actions - Other engagements,ENGAGEMENT,2025-12-12,970.0,0.0
GERAL,GERAL,Local actions - Other engagements,ENGAGEMENT,2025-12-13,1650.0,0.0
GERAL,GERAL,Local actions - Other engagements,ENGAGEMENT,2025-12-14,1957.0,0.0
GERAL,GERAL,Local actions - Other engagements,ENGAGEMENT,2025-12-15,1391.0,0.0
GERAL,GERAL,Local actions - Other engagements,ENGAGEMENT,2025-12-16,1271.0,0.0
GERAL,GERAL,Local actions - Other engagements,ENGAGEMENT,2025-12-17,968.0,0.0
GERAL,GERAL,Local actions - Other engagements,ENGAGEMENT,2025-12-18,852.0,0.0
GERAL,GERAL,Local actions - Other engagements,ENGAGEMENT,2025-12-19,1011.0,0.0
GERAL,GERAL,Local actions - Other engagements,ENGAGEMENT,2025-12-20,1480.0,0.0
GERAL,GERAL,Local actions - Other engagements,ENGAGEMENT,2025-12-21,1547.0,0.0
GERAL,GERAL,Local actions - Other engagements,ENGAGEMENT,2025-12-22,1378.0,0.0
GERAL,GERAL,Local actions - Other engagements,ENGAGEMENT,2025-12-23,1531.0,0.0
GERAL,GERAL,Local actions - Other engagements,ENGAGEMENT,2025-12-24,1654.0,0.0
GERAL,GERAL,Local actions - Other engagements,ENGAGEMENT,2025-12-25,1747.0,0.0
GERAL,GERAL,Local actions - Other engagements,ENGAGEMENT,2025-12-26,2071.0,0.0
GERAL,GERAL,Local actions - Other engagements,ENGAGEMENT,2025-12-27,1850.0,0.0
GERAL,GERAL,Local actions - Other engagements,ENGAGEMENT,2025-12-28,2637.0,0.0
GERAL,GERAL,Local actions - Other engagements,ENGAGEMENT,2025-12-29,3077.0,0.0
GERAL,GERAL,Local actions - Other engagements,ENGAGEMENT,2025-12-30,2768.0,0.0
GERAL,GERAL,Local actions - Other engagements,ENGAGEMENT,2025-12-31,1638.0,0.0
GERAL,GERAL,Local actions - Other engagements,ENGAGEMENT,2026-01-01,2197.0,0.0
GERAL,GERAL,Local actions - Other engagements,ENGAGEMENT,2026-01-02,31.0,0.0
GERAL,GERAL,Local actions - Other engagements,ENGAGEMENT,2026-01-03,15.0,0.0
GERAL,GERAL,Local actions - Other engagements,ENGAGEMENT,2026-01-06,1231.0,0.0
GERAL,GERAL,Local actions - Other engagements,ENGAGEMENT,2026-01-07,1354.0,0.0
GERAL,GERAL,Local actions - Other engagements,ENGAGEMENT,2026-01-08,2273.0,0.0
GERAL,GERAL,Local actions - Other engagements,ENGAGEMENT,2026-01-09,2048.0,0.0
GERAL,GERAL,Local actions - Other engagements,ENGAGEMENT,2026-01-10,3883.0,0.0
GERAL,GERAL,Local actions - Other engagements,ENGAGEMENT,2026-01-11,3203.0,0.0
GERAL,GERAL,Local actions - Other engagements,ENGAGEMENT,2026-01-12,2181.0,0.0
GERAL,GERAL,Local actions - Other engagements,ENGAGEMENT,2026-01-13,2285.0,0.0
GERAL,GERAL,Local actions - Other engagements,ENGAGEMENT,2026-01-14,2264.0,0.0
GERAL,GERAL,Local actions - Other engagements,ENGAGEMENT,2026-01-15,2400.0,0.0
GERAL,GERAL,Local actions - Other engagements,ENGAGEMENT,2026-01-16,2680.0,0.0
GERAL,GERAL,Local actions - Other engagements,ENGAGEMENT,2026-01-17,3512.0,0.0
GERAL,GERAL,Local actions - Other engagements,ENGAGEMENT,2026-01-18,3623.0,0.0
GERAL,GERAL,Local actions - Other engagements,ENGAGEMENT,2026-01-19,2762.0,0.0
GERAL,GERAL,Local actions - Other engagements,ENGAGEMENT,2026-01-20,1892.0,0.0
GERAL,GERAL,Local actions - Other engagements,ENGAGEMENT,2026-01-21,2067.0,0.0
GERAL,GERAL,Local actions - Other engagements,ENGAGEMENT,2026-01-22,1777.0,0.0
GERAL,GERAL,Local actions - Other engagements,ENGAGEMENT,2026-01-23,2034.0,0.0
GERAL,GERAL,Local actions - Other engagements,ENGAGEMENT,2026-01-24,1887.0,0.0
GERAL,GERAL,Local actions - Other engagements,ENGAGEMENT,2026-01-25,2519.0,0.0
GERAL,GERAL,Local actions - Other engagements,ENGAGEMENT,2026-01-26,2089.0,0.0
GERAL,GERAL,Local actions - Other engagements,ENGAGEMENT,2026-01-27,1931.0,0.0
GERAL,GERAL,Local actions - Other engagements,ENGAGEMENT,2026-01-28,1930.0,0.0
GERAL,GERAL,Local actions - Other engagements,ENGAGEMENT,2026-01-29,2871.0,0.0
GERAL,GERAL,Local actions - Other engagements,ENGAGEMENT,2026-01-30,1959.0,0.0
GERAL,GERAL,Local actions - Other engagements,ENGAGEMENT,2026-01-31,2104.0,0.0
GERAL,GERAL,Local actions - Other engagements,ENGAGEMENT,2026-02-01,1652.0,0.0
GERAL,GERAL,Local actions - Other engagements,ENGAGEMENT,2026-02-02,2440.0,0.0
GERAL,GERAL,Local actions - Other engagements,ENGAGEMENT,2026-02-03,3553.0,0.0
GERAL,GERAL,Local actions - Other engagements,ENGAGEMENT,2026-02-04,1992.0,0.0
GERAL,GERAL,Local actions - Other engagements,ENGAGEMENT,2026-02-05,992.0,0.0
GERAL,GERAL,Local actions - Other engagements,ENGAGEMENT,2026-02-06,1.0,0.0
GERAL,GERAL,Local actions - Other engagements,ENGAGEMENT,2026-02-07,5039.0,0.0
GERAL,GERAL,Local actions - Other engagements,ENGAGEMENT,2026-02-08,4310.0,0.0
GERAL,GERAL,Local actions - Other engagements,ENGAGEMENT,2026-02-09,1435.0,0.0
GERAL,GERAL,Local actions - Other engagements,ENGAGEMENT,2026-02-10,1300.0,0.0
GERAL,GERAL,Local actions - Other engagements,ENGAGEMENT,2026-02-11,1276.0,0.0
GERAL,GERAL,Local actions - Other engagements,ENGAGEMENT,2026-02-12,1435.0,0.0
GERAL,GERAL,Local actions - Other engagements,ENGAGEMENT,2026-02-13,2051.0,0.0
GERAL,GERAL,Local actions - Other engagements,ENGAGEMENT,2026-02-14,1966.0,0.0
GERAL,GERAL,Local actions - Other engagements,ENGAGEMENT,2026-02-15,1885.0,0.0
GERAL,GERAL,Local actions - Other engagements,ENGAGEMENT,2026-02-16,1726.0,0.0
GERAL,GERAL,Local actions - Other engagements,ENGAGEMENT,2026-02-17,1449.0,0.0
GERAL,GERAL,Local actions - Other engagements,ENGAGEMENT,2026-02-18,1143.0,0.0
GERAL,GERAL,Local actions - Other engagements,ENGAGEMENT,2026-02-19,1080.0,0.0
GERAL,GERAL,Local actions - Other engagements,ENGAGEMENT,2026-02-20,2101.0,0.0
GERAL,GERAL,Local actions - Other engagements,ENGAGEMENT,2026-02-21,1952.0,0.0
GERAL,GERAL,Local actions - Other engagements,ENGAGEMENT,2026-02-22,1798.0,0.0
GERAL,GERAL,Local actions - Other engagements,ENGAGEMENT,2026-02-23,1227.0,0.0
GERAL,GERAL,Local actions - Other engagements,ENGAGEMENT,2026-02-24,1450.0,0.0
GERAL,GERAL,Local actions - Other engagements,ENGAGEMENT,2026-02-25,972.0,0.0
GERAL,GERAL,Local actions - Other engagements,ENGAGEMENT,2026-02-26,894.0,0.0
GERAL,GERAL,Local actions - Other engagements,ENGAGEMENT,2026-02-27,953.0,0.0
GERAL,GERAL,Local actions - Other engagements,ENGAGEMENT,2026-02-28,928.0,0.0
GERAL,GERAL,Local actions - Other engagements,ENGAGEMENT,2026-03-01,885.0,0.0
GERAL,GERAL,Local actions - Other engagements,ENGAGEMENT,2026-03-02,705.0,0.0
GERAL,GERAL,Local actions - Other engagements,ENGAGEMENT,2026-03-03,726.0,0.0
GERAL,GERAL,Local actions - Other engagements,ENGAGEMENT,2026-03-04,908.0,0.0
GERAL,GERAL,Local actions - Other engagements,ENGAGEMENT,2026-03-05,692.0,0.0
GERAL,GERAL,Local actions - Other engagements,ENGAGEMENT,2026-03-06,913.0,0.0
GERAL,GERAL,Local actions - Other engagements,ENGAGEMENT,2026-03-07,1296.0,0.0
GERAL,GERAL,Local actions - Other engagements,ENGAGEMENT,2026-03-08,1434.0,0.0
GERAL,GERAL,Local actions - Other engagements,ENGAGEMENT,2026-03-09,1666.0,0.0
GERAL,GERAL,Local actions - Other engagements,ENGAGEMENT,2026-03-10,1740.0,0.0
GERAL,GERAL,Local actions - Other engagements,ENGAGEMENT,2026-03-11,930.0,0.0
GERAL,GERAL,Local actions - Other engagements,ENGAGEMENT,2026-03-12,1281.0,0.0
GERAL,GERAL,Local actions - Other engagements,ENGAGEMENT,2026-03-13,1042.0,0.0
GERAL,GERAL,Local actions - Other engagements,ENGAGEMENT,2026-03-14,1181.0,0.0
GERAL,GERAL,Local actions - Other engagements,ENGAGEMENT,2026-03-15,1819.0,0.0
GERAL,GERAL,Local actions - Other engagements,ENGAGEMENT,2026-03-16,748.0,0.0
GERAL,GERAL,Local actions - Other engagements,ENGAGEMENT,2026-03-17,659.0,0.0
GERAL,GERAL,Local actions - Other engagements,ENGAGEMENT,2026-03-18,770.0,0.0
GERAL,GERAL,Local actions - Other engagements,ENGAGEMENT,2026-03-19,952.0,0.0
GERAL,GERAL,Local actions - Other engagements,ENGAGEMENT,2026-03-20,1244.0,0.0
GERAL,GERAL,Local actions - Other engagements,ENGAGEMENT,2026-03-21,1842.0,0.0
GERAL,GERAL,Local actions - Other engagements,ENGAGEMENT,2026-03-22,1631.0,0.0
GERAL,GERAL,Local actions - Other engagements,ENGAGEMENT,2026-03-23,1076.0,0.0
GERAL,GERAL,Local actions - Other engagements,ENGAGEMENT,2026-03-24,744.0,0.0
GERAL,GERAL,Local actions - Other engagements,ENGAGEMENT,2026-03-25,1057.0,0.0
GERAL,GERAL,Local actions - Other engagements,ENGAGEMENT,2026-03-26,887.0,0.0
GERAL,GERAL,Local actions - Other engagements,ENGAGEMENT,2026-03-27,920.0,0.0
GERAL,GERAL,Local actions - Other engagements,ENGAGEMENT,2026-03-28,1236.0,0.0
GERAL,GERAL,Local actions - Other engagements,ENGAGEMENT,2026-03-29,1565.0,0.0
GERAL,GERAL,Local actions - Other engagements,ENGAGEMENT,2026-03-30,1372.0,0.0
GERAL,GERAL,Local actions - Other engagements,ENGAGEMENT,2026-03-31,937.0,0.0
GERAL,GERAL,Local actions - Other engagements,ENGAGEMENT,2026-04-01,1210.0,0.0
GERAL,GERAL,Local actions - Other engagements,ENGAGEMENT,2026-04-02,1365.0,0.0
GERAL,GERAL,Local actions - Other engagements,ENGAGEMENT,2026-04-03,1768.0,0.0
GERAL,GERAL,Local actions - Other engagements,ENGAGEMENT,2026-04-04,1844.0,0.0
GERAL,GERAL,Local actions - Other engagements,ENGAGEMENT,2026-04-05,1852.0,0.0
GERAL,GERAL,Local actions - Other engagements,ENGAGEMENT,2026-04-06,1531.0,0.0
GERAL,GERAL,Local actions - Other engagements,ENGAGEMENT,2026-04-07,885.0,0.0
GERAL,GERAL,Local actions - Other engagements,ENGAGEMENT,2026-04-08,796.0,0.0
GERAL,GERAL,Local actions - Other engagements,ENGAGEMENT,2026-04-09,1089.0,0.0
GERAL,GERAL,Local actions - Other engagements,ENGAGEMENT,2026-04-10,1434.0,0.0
GERAL,GERAL,Local actions - Other engagements,ENGAGEMENT,2026-04-11,1661.0,0.0
GERAL,GERAL,Local actions - Other engagements,ENGAGEMENT,2026-04-12,2086.0,0.0
GERAL,GERAL,Local actions - Other engagements,ENGAGEMENT,2026-04-13,938.0,0.0
GERAL,GERAL,Local actions - Other engagements,ENGAGEMENT,2026-04-14,988.0,0.0
GERAL,GERAL,Local actions - Other engagements,ENGAGEMENT,2026-04-15,1036.0,0.0
GERAL,GERAL,Local actions - Other engagements,ENGAGEMENT,2026-04-16,1104.0,0.0
GERAL,GERAL,Local actions - Other engagements,ENGAGEMENT,2026-04-17,1111.0,0.0
GERAL,GERAL,Local actions - Other engagements,ENGAGEMENT,2026-04-18,2284.0,0.0
GERAL,GERAL,Local actions - Other engagements,ENGAGEMENT,2026-04-19,2245.0,0.0
GERAL,GERAL,Local actions - Other engagements,ENGAGEMENT,2026-04-20,969.0,0.0
GERAL,GERAL,Local actions - Other engagements,ENGAGEMENT,2026-04-21,1454.0,0.0
GERAL,GERAL,Local actions - Other engagements,ENGAGEMENT,2026-04-22,699.0,0.0
GERAL,GERAL,Local actions - Other engagements,ENGAGEMENT,2026-04-23,902.0,0.0
GERAL,GERAL,Local actions - Other engagements,ENGAGEMENT,2026-04-24,1052.0,0.0
GERAL,GERAL,Local actions - Other engagements,ENGAGEMENT,2026-04-25,913.0,0.0
GERAL,GERAL,Local actions - Other engagements,ENGAGEMENT,2026-04-26,1644.0,0.0
GERAL,GERAL,Local actions - Other engagements,ENGAGEMENT,2026-04-27,752.0,0.0
GERAL,GERAL,Local actions - Other engagements,ENGAGEMENT,2026-04-28,1097.0,0.0
GERAL,GERAL,Local actions - Other engagements,ENGAGEMENT,2026-04-29,1107.0,0.0
GERAL,GERAL,Local actions - Other engagements,ENGAGEMENT,2026-04-30,1226.0,0.0
GERAL,GERAL,Local actions - Other engagements,ENGAGEMENT,2026-05-01,1607.0,0.0
GERAL,GERAL,Local actions - Other engagements,ENGAGEMENT,2026-05-02,1234.0,0.0
GERAL,GERAL,Local actions - Other engagements,ENGAGEMENT,2026-05-03,1.0,0.0
GERAL,GERAL,Local actions - Other engagements,ENGAGEMENT,2026-05-05,31.0,0.0
GERAL,GERAL,Local actions - Other engagements,ENGAGEMENT,2026-05-07,493.0,0.0
GERAL,GERAL,Local actions - Other engagements,ENGAGEMENT,2026-05-08,945.0,0.0
GERAL,GERAL,Local actions - Other engagements,ENGAGEMENT,2026-05-09,1302.0,0.0
GERAL,GERAL,Local actions - Other engagements,ENGAGEMENT,2026-05-10,1970.0,0.0
GERAL,GERAL,Local actions - Other engagements,ENGAGEMENT,2026-05-11,667.0,0.0
GERAL,GERAL,Local actions - Other engagements,ENGAGEMENT,2026-05-12,816.0,0.0
GERAL,GERAL,Local actions - Other engagements,ENGAGEMENT,2026-05-13,643.0,0.0
GERAL,GERAL,Local actions - Other engagements,ENGAGEMENT,2026-05-14,520.0,0.0
GERAL,GERAL,Local actions - Other engagements,ENGAGEMENT,2026-05-15,1282.0,0.0
GERAL,GERAL,Local actions - Other engagements,ENGAGEMENT,2026-05-16,1695.0,0.0
GERAL,GERAL,Local actions - Other engagements,ENGAGEMENT,2026-05-17,1786.0,0.0
GERAL,GERAL,Local actions - Other engagements,ENGAGEMENT,2026-05-18,1102.0,0.0
GERAL,GERAL,Local actions - Other engagements,ENGAGEMENT,2026-05-19,651.0,0.0
GERAL,GERAL,Local actions - Other engagements,ENGAGEMENT,2026-05-20,823.0,0.0
GERAL,GERAL,Local actions - Other engagements,ENGAGEMENT,2026-05-21,592.0,0.0
GERAL,GERAL,Local actions - Other engagements,ENGAGEMENT,2026-05-22,730.0,0.0
GERAL,GERAL,Local actions - Other engagements,ENGAGEMENT,2026-05-23,1520.0,0.0
GERAL,GERAL,Local actions - Other engagements,ENGAGEMENT,2026-05-24,1584.0,0.0
GERAL,GERAL,Local actions - Other engagements,ENGAGEMENT,2026-05-25,790.0,0.0
GERAL,GERAL,Local actions - Other engagements,ENGAGEMENT,2026-05-26,1023.0,0.0
GERAL,GERAL,Local actions - Other engagements,ENGAGEMENT,2026-05-27,973.0,0.0
GERAL,GERAL,Local actions - Other engagements,ENGAGEMENT,2026-05-28,1153.0,0.0
GERAL,GERAL,Local actions - Other engagements,ENGAGEMENT,2026-05-29,1575.0,0.0
GERAL,GERAL,Local actions - Other engagements,ENGAGEMENT,2026-05-30,1984.0,0.0
GERAL,GERAL,Local actions - Other engagements,ENGAGEMENT,2026-05-31,1974.0,0.0
GERAL,GERAL,Local actions - Other engagements,ENGAGEMENT,2026-06-01,1180.0,0.0
GERAL,GERAL,Local actions - Other engagements,ENGAGEMENT,2026-06-02,812.0,0.0
GERAL,GERAL,Local actions - Other engagements,ENGAGEMENT,2026-06-04,3.0,0.0
GERAL,GERAL,Local actions - Other engagements,ENGAGEMENT,2026-06-05,4.0,0.0
GERAL,GERAL,Local actions - Other engagements,ENGAGEMENT,2026-06-06,1838.0,0.0
GERAL,GERAL,Local actions - Other engagements,ENGAGEMENT,2026-06-07,1908.0,0.0
GERAL,GERAL,Local actions - Other engagements,ENGAGEMENT,2026-06-08,1359.0,0.0
GERAL,GERAL,Local actions - Other engagements,ENGAGEMENT,2026-06-09,1074.0,0.0
GERAL,GERAL,Local actions - Other engagements,ENGAGEMENT,2026-06-10,1547.0,0.0
GERAL,GERAL,Local actions - Other engagements,ENGAGEMENT,2026-06-11,1665.0,0.0
GERAL,GERAL,Local actions - Other engagements,ENGAGEMENT,2026-06-12,1514.0,0.0
GERAL,GERAL,Local actions - Other engagements,ENGAGEMENT,2026-06-13,1387.0,0.0
GERAL,GERAL,Local actions - Other engagements,ENGAGEMENT,2026-06-14,1509.0,0.0
GERAL,GERAL,Local actions - Other engagements,ENGAGEMENT,2026-06-16,5.0,0.0
GERAL,GERAL,Local actions - Other engagements,ENGAGEMENT,2026-06-19,6.0,0.0
GERAL,GERAL,Local actions - Other engagements,ENGAGEMENT,2026-06-21,2.0,0.0
GERAL,GERAL,Local actions - Other engagements,ENGAGEMENT,2026-06-22,7.0,0.0
GERAL,GERAL,Local actions - Other engagements,ENGAGEMENT,2026-06-23,1.0,0.0
GERAL,GERAL,Local actions - Other engagements,ENGAGEMENT,2026-06-24,1.0,0.0
GERAL,GERAL,Local actions - Other engagements,ENGAGEMENT,2026-06-26,616.0,0.0
GERAL,GERAL,Local actions - Other engagements,ENGAGEMENT,2026-06-27,953.0,0.0
GERAL,GERAL,Local actions - Other engagements,ENGAGEMENT,2026-06-28,1593.0,0.0
GERAL,GERAL,Local actions - Other engagements,ENGAGEMENT,2026-06-29,768.0,0.0
GERAL,GERAL,Local actions - Other engagements,ENGAGEMENT,2026-06-30,922.0,0.0
GERAL,GERAL,Local actions - Other engagements,ENGAGEMENT,2026-07-01,805.0,0.0
GERAL,GERAL,Local actions - Other engagements,ENGAGEMENT,2026-07-02,996.0,0.0
GERAL,GERAL,Local actions - Other engagements,ENGAGEMENT,2026-07-03,1279.0,0.0
GERAL,GERAL,Local actions - Other engagements,ENGAGEMENT,2026-07-04,1194.0,0.0
GERAL,GERAL,Local actions - Other engagements,ENGAGEMENT,2026-07-05,1436.0,0.0
GERAL,GERAL,Local actions - Other engagements,ENGAGEMENT,2026-07-06,649.0,0.0
GERAL,GERAL,Local actions - Other engagements,ENGAGEMENT,2026-07-07,501.0,0.0
GERAL,GERAL,Local actions - Other engagements,ENGAGEMENT,2026-07-08,941.0,0.0
GERAL,GERAL,Local actions - Other engagements,ENGAGEMENT,2026-07-09,902.0,0.0
GERAL,GERAL,Local actions - Other engagements,ENGAGEMENT,2026-07-10,1017.0,0.0
GERAL,GERAL,Local actions - Other engagements,ENGAGEMENT,2026-07-11,1685.0,0.0
GERAL,GERAL,Local actions - Other engagements,ENGAGEMENT,2026-07-12,1783.0,0.0
GERAL,GERAL,Local actions - Other engagements,ENGAGEMENT,2026-07-13,939.0,0.0
GERAL,GERAL,Local actions - Other engagements,ENGAGEMENT,2026-07-14,841.0,0.0
GERAL,GERAL,Local actions - Other engagements,ENGAGEMENT,2026-07-15,771.0,0.0
GERAL,GERAL,Local actions - Other engagements,ENGAGEMENT,2026-07-16,1096.0,0.0
GERAL,GERAL,Local actions - Other engagements,ENGAGEMENT,2026-07-17,936.0,0.0
GERAL,GERAL,Local actions - Other engagements,ENGAGEMENT,2026-07-18,1033.0,0.0
GERAL,GERAL,Local actions - Other engagements,ENGAGEMENT,2026-07-19,1705.0,0.0
GERAL,GERAL,Local actions - Other engagements,ENGAGEMENT,2026-07-20,1182.0,0.0
GERAL,GERAL,Local actions - Other engagements,ENGAGEMENT,2026-07-21,945.0,0.0
GERAL,GERAL,Local actions - Other engagements,ENGAGEMENT,2026-07-22,1347.0,0.0
GERAL,GERAL,Local actions - Other engagements,ENGAGEMENT,2026-07-23,1207.0,0.0
GERAL,GERAL,Local actions - Other engagements,ENGAGEMENT,2026-07-24,1452.0,0.0
GERAL,GERAL,Local actions - Other engagements,ENGAGEMENT,2026-07-25,1469.0,0.0
GERAL,GERAL,Local actions - Other engagements,ENGAGEMENT,2026-07-26,2334.0,0.0
GERAL,GERAL,Local actions - Other engagements,ENGAGEMENT,2026-07-27,1305.0,0.0
GERAL,GERAL,Local actions - Other engagements,ENGAGEMENT,2026-07-28,1248.0,0.0
GERAL,GERAL,Local actions - Other engagements,ENGAGEMENT,2026-07-29,1621.0,0.0
GERAL,GERAL,Local actions - Other engagements,ENGAGEMENT,2026-07-30,1155.0,0.0
GERAL,GERAL,Local actions - Other engagements,ENGAGEMENT,2026-07-31,1518.0,0.0
GERAL,GERAL,Local actions - Other engagements,ENGAGEMENT,2026-08-01,2030.0,0.0
GERAL,GERAL,Local actions - Other engagements,ENGAGEMENT,2026-08-02,2190.0,0.0
GERAL,GERAL,Local actions - Other engagements,ENGAGEMENT,2026-08-03,1380.0,0.0
GERAL,GERAL,Local actions - Other engagements,ENGAGEMENT,2026-08-04,1172.0,0.0
GERAL,GERAL,Local actions - Other engagements,ENGAGEMENT,2026-08-05,1438.0,0.0
GERAL,GERAL,Local actions - Other engagements,ENGAGEMENT,2026-08-06,1187.0,0.0
GERAL,GERAL,Local actions - Other engagements,ENGAGEMENT,2026-08-07,1281.0,0.0
GERAL,GERAL,Local actions - Other engagements,ENGAGEMENT,2026-08-08,2476.0,0.0
GERAL,GERAL,Local actions - Other engagements,ENGAGEMENT,2026-08-09,2280.0,0.0
GERAL,GERAL,Local actions - Other engagements,ENGAGEMENT,2026-08-10,1315.0,0.0
GERAL,GERAL,Local actions - Other engagements,ENGAGEMENT,2026-08-11,1736.0,0.0
GERAL,GERAL,Local actions - Other engagements,ENGAGEMENT,2026-08-12,1604.0,0.0
GERAL,GERAL,Local actions - Other engagements,ENGAGEMENT,2026-08-13,1249.0,0.0
GERAL,GERAL,Local actions - Other engagements,ENGAGEMENT,2026-08-14,1566.0,0.0
GERAL,GERAL,Local actions - Other engagements,ENGAGEMENT,2026-08-15,2043.0,0.0
GERAL,GERAL,Local actions - Other engagements,ENGAGEMENT,2026-08-16,2628.0,0.0
GERAL,GERAL,Local actions - Other engagements,ENGAGEMENT,2026-08-17,648.0,0.0
GERAL,GERAL,Local actions - Other engagements,ENGAGEMENT,2026-08-18,814.0,0.0
GERAL,GERAL,Local actions - Other engagements,ENGAGEMENT,2026-08-19,530.0,0.0
GERAL,GERAL,Local actions - Other engagements,ENGAGEMENT,2026-08-20,698.0,0.0
GERAL,GERAL,Local actions - Other engagements,ENGAGEMENT,2026-08-21,825.0,0.0
GERAL,GERAL,Local actions - Other engagements,ENGAGEMENT,2026-08-22,982.0,0.0
GERAL,GERAL,Local actions - Other engagements,ENGAGEMENT,2026-08-23,866.0,0.0
GERAL,GERAL,Local actions - Other engagements,ENGAGEMENT,2026-08-24,671.0,0.0
GERAL,GERAL,Local actions - Other engagements,ENGAGEMENT,2026-08-25,704.0,0.0
GERAL,GERAL,Local actions - Other engagements,ENGAGEMENT,2026-08-26,533.0,0.0
GERAL,GERAL,Local actions - Other engagements,ENGAGEMENT,2026-08-27,493.0,0.0
GERAL,GERAL,Local actions - Other engagements,ENGAGEMENT,2026-08-28,640.0,0.0
GERAL,GERAL,Local actions - Other engagements,ENGAGEMENT,2026-08-29,1262.0,0.0
GERAL,GERAL,Local actions - Other engagements,ENGAGEMENT,2026-08-30,1173.0,0.0
GERAL,GERAL,Local actions - Other engagements,ENGAGEMENT,2026-08-31,650.0,0.0
GERAL,GERAL,Local actions - Other engagements,ENGAGEMENT,2026-09-01,710.0,0.0
GERAL,GERAL,Local actions - Other engagements,ENGAGEMENT,2026-09-02,738.0,0.0
GERAL,GERAL,Local actions - Other engagements,ENGAGEMENT,2026-09-03,571.0,0.0
GERAL,GERAL,Local actions - Other engagements,ENGAGEMENT,2026-09-04,633.0,0.0
GERAL,GERAL,Local actions - Other engagements,ENGAGEMENT,2026-09-05,1877.0,0.0
GERAL,GERAL,Local actions - Other engagements,ENGAGEMENT,2026-09-06,1499.0,0.0
GERAL,GERAL,Local actions - Other engagements,ENGAGEMENT,2026-09-07,1167.0,0.0
GERAL,GERAL,Local actions - Other engagements,ENGAGEMENT,2026-09-08,764.0,0.0
GERAL,GERAL,Local actions - Other engagements,ENGAGEMENT,2026-09-09,641.0,0.0
GERAL,GERAL,Local actions - Other engagements,ENGAGEMENT,2026-09-10,477.0,0.0
GERAL,GERAL,Local actions - Other engagements,ENGAGEMENT,2026-09-11,794.0,0.0
GERAL,GERAL,Local actions - Other engagements,ENGAGEMENT,2026-09-12,990.0,0.0
GERAL,GERAL,Local actions - Other engagements,ENGAGEMENT,2026-09-13,1189.0,0.0
GERAL,GERAL,Local actions - Other engagements,ENGAGEMENT,2026-09-14,716.0,0.0
GERAL,GERAL,Local actions - Other engagements,ENGAGEMENT,2026-09-15,585.0,0.0
GERAL,GERAL,Local actions - Other engagements,ENGAGEMENT,2026-09-16,538.0,0.0
GERAL,GERAL,Local actions - Other engagements,ENGAGEMENT,2026-09-17,807.0,0.0
GERAL,GERAL,Local actions - Other engagements,ENGAGEMENT,2026-09-18,944.0,0.0
GERAL,GERAL,Local actions - Other engagements,ENGAGEMENT,2026-09-19,1301.0,0.0
GERAL,GERAL,Local actions - Other engagements,ENGAGEMENT,2026-09-20,831.0,0.0
GERAL,GERAL,Local actions - Other engagements,ENGAGEMENT,2026-09-21,987.0,0.0
GERAL,GERAL,Local actions - Other engagements,ENGAGEMENT,2026-09-22,17.0,0.0
GERAL,GERAL,Calls from ads,PHONE_CALL_LEAD,2025-09-24,1.0,0.0
GERAL,GERAL,Calls from ads,PHONE_CALL_LEAD,2025-09-26,6.987105,0.0
GERAL,GERAL,Calls from ads,PHONE_CALL_LEAD,2025-09-27,4.0,0.0
GERAL,GERAL,Calls from ads,PHONE_CALL_LEAD,2025-09-29,3.001765,0.0
GERAL,GERAL,Calls from ads,PHONE_CALL_LEAD,2025-09-30,9.0,0.0
GERAL,GERAL,Calls from ads,PHONE_CALL_LEAD,2025-10-02,3.0,0.0
GERAL,GERAL,Calls from ads,PHONE_CALL_LEAD,2025-10-03,4.0,0.0
GERAL,GERAL,Calls from ads,PHONE_CALL_LEAD,2025-10-04,16.0,0.0
GERAL,GERAL,Calls from ads,PHONE_CALL_LEAD,2025-10-05,9.0,0.0
GERAL,GERAL,Calls from ads,PHONE_CALL_LEAD,2025-10-06,5.0,0.0
GERAL,GERAL,Calls from ads,PHONE_CALL_LEAD,2025-10-07,3.0,0.0
GERAL,GERAL,Calls from ads,PHONE_CALL_LEAD,2025-10-08,9.0,0.0
GERAL,GERAL,Calls from ads,PHONE_CALL_LEAD,2025-10-09,4.000331,0.0
GERAL,GERAL,Calls from ads,PHONE_CALL_LEAD,2025-10-10,8.0,0.0
GERAL,GERAL,Calls from ads,PHONE_CALL_LEAD,2025-10-11,7.0,0.0
GERAL,GERAL,Calls from ads,PHONE_CALL_LEAD,2025-10-12,5.0,0.0
GERAL,GERAL,Calls from ads,PHONE_CALL_LEAD,2025-10-13,11.998235,0.0
GERAL,GERAL,Calls from ads,PHONE_CALL_LEAD,2025-10-14,5.999669,0.0
GERAL,GERAL,Calls from ads,PHONE_CALL_LEAD,2025-10-16,3.0,0.0
GERAL,GERAL,Calls from ads,PHONE_CALL_LEAD,2025-10-17,2.0,0.0
GERAL,GERAL,Calls from ads,PHONE_CALL_LEAD,2025-10-18,2.0,0.0
GERAL,GERAL,Calls from ads,PHONE_CALL_LEAD,2025-10-19,2.0,0.0
GERAL,GERAL,Calls from ads,PHONE_CALL_LEAD,2025-10-20,4.0,0.0
GERAL,GERAL,Calls from ads,PHONE_CALL_LEAD,2025-10-21,2.0,0.0
GERAL,GERAL,Calls from ads,PHONE_CALL_LEAD,2025-10-22,2.0,0.0
GERAL,GERAL,Calls from ads,PHONE_CALL_LEAD,2025-10-23,4.0,0.0
GERAL,GERAL,Calls from ads,PHONE_CALL_LEAD,2025-10-24,5.0,0.0
GERAL,GERAL,Calls from ads,PHONE_CALL_LEAD,2025-10-25,3.0,0.0
GERAL,GERAL,Calls from ads,PHONE_CALL_LEAD,2025-10-27,3.0,0.0
GERAL,GERAL,Calls from ads,PHONE_CALL_LEAD,2025-10-28,1.000616,0.0
GERAL,GERAL,Calls from ads,PHONE_CALL_LEAD,2025-10-29,3.0,0.0
GERAL,GERAL,Calls from ads,PHONE_CALL_LEAD,2025-10-30,4.0,0.0
GERAL,GERAL,Calls from ads,PHONE_CALL_LEAD,2025-10-31,7.0,0.0
GERAL,GERAL,Calls from ads,PHONE_CALL_LEAD,2025-11-01,3.999384,0.0
GERAL,GERAL,Calls from ads,PHONE_CALL_LEAD,2025-11-02,1.0,0.0
GERAL,GERAL,Calls from ads,PHONE_CALL_LEAD,2025-11-03,2.0,0.0
GERAL,GERAL,Calls from ads,PHONE_CALL_LEAD,2025-11-04,2.0,0.0
GERAL,GERAL,Calls from ads,PHONE_CALL_LEAD,2025-11-05,1.0,0.0
GERAL,GERAL,Calls from ads,PHONE_CALL_LEAD,2025-11-07,5.0,0.0
GERAL,GERAL,Calls from ads,PHONE_CALL_LEAD,2025-11-08,6.0,0.0
GERAL,GERAL,Calls from ads,PHONE_CALL_LEAD,2025-11-09,4.0,0.0
GERAL,GERAL,Calls from ads,PHONE_CALL_LEAD,2025-11-10,12.0,0.0
GERAL,GERAL,Calls from ads,PHONE_CALL_LEAD,2025-11-11,8.0,0.0
GERAL,GERAL,Calls from ads,PHONE_CALL_LEAD,2025-11-12,14.166666,0.0
GERAL,GERAL,Calls from ads,PHONE_CALL_LEAD,2025-11-13,11.833334,0.0
GERAL,GERAL,Calls from ads,PHONE_CALL_LEAD,2025-11-14,7.0,0.0
GERAL,GERAL,Calls from ads,PHONE_CALL_LEAD,2025-11-15,7.0,0.0
GERAL,GERAL,Calls from ads,PHONE_CALL_LEAD,2025-11-16,3.0,0.0
GERAL,GERAL,Calls from ads,PHONE_CALL_LEAD,2025-11-17,3.0,0.0
GERAL,GERAL,Calls from ads,PHONE_CALL_LEAD,2025-11-18,5.0,0.0
GERAL,GERAL,Calls from ads,PHONE_CALL_LEAD,2025-11-19,4.0,0.0
GERAL,GERAL,Calls from ads,PHONE_CALL_LEAD,2025-11-20,11.008996,0.0
GERAL,GERAL,Calls from ads,PHONE_CALL_LEAD,2025-11-21,3.0,0.0
GERAL,GERAL,Calls from ads,PHONE_CALL_LEAD,2025-11-22,9.0,0.0
GERAL,GERAL,Calls from ads,PHONE_CALL_LEAD,2025-11-23,2.0,0.0
GERAL,GERAL,Calls from ads,PHONE_CALL_LEAD,2025-11-24,5.0,0.0
GERAL,GERAL,Calls from ads,PHONE_CALL_LEAD,2025-11-25,7.999759,0.0
GERAL,GERAL,Calls from ads,PHONE_CALL_LEAD,2025-11-26,4.00617,0.0
GERAL,GERAL,Calls from ads,PHONE_CALL_LEAD,2025-11-27,4.0,0.0
GERAL,GERAL,Calls from ads,PHONE_CALL_LEAD,2025-11-28,3.999766,0.0
GERAL,GERAL,Calls from ads,PHONE_CALL_LEAD,2025-11-29,7.0,0.0
GERAL,GERAL,Calls from ads,PHONE_CALL_LEAD,2025-11-30,5.0,0.0
GERAL,GERAL,Calls from ads,PHONE_CALL_LEAD,2025-12-01,6.0,0.0
GERAL,GERAL,Calls from ads,PHONE_CALL_LEAD,2025-12-02,7.0,0.0
GERAL,GERAL,Calls from ads,PHONE_CALL_LEAD,2025-12-03,7.0,0.0
GERAL,GERAL,Calls from ads,PHONE_CALL_LEAD,2025-12-04,16.99383,0.0
GERAL,GERAL,Calls from ads,PHONE_CALL_LEAD,2025-12-05,6.991004,0.0
GERAL,GERAL,Calls from ads,PHONE_CALL_LEAD,2025-12-06,2.0,0.0
GERAL,GERAL,Calls from ads,PHONE_CALL_LEAD,2025-12-07,10.0,0.0
GERAL,GERAL,Calls from ads,PHONE_CALL_LEAD,2025-12-08,11.0,0.0
GERAL,GERAL,Calls from ads,PHONE_CALL_LEAD,2025-12-09,5.0,0.0
GERAL,GERAL,Calls from ads,PHONE_CALL_LEAD,2025-12-10,4.0,0.0
GERAL,GERAL,Calls from ads,PHONE_CALL_LEAD,2025-12-11,8.0,0.0
GERAL,GERAL,Calls from ads,PHONE_CALL_LEAD,2025-12-12,8.0,0.0
GERAL,GERAL,Calls from ads,PHONE_CALL_LEAD,2025-12-13,10.0,0.0
GERAL,GERAL,Calls from ads,PHONE_CALL_LEAD,2025-12-14,3.0,0.0
GERAL,GERAL,Calls from ads,PHONE_CALL_LEAD,2025-12-15,7.0,0.0
GERAL,GERAL,Calls from ads,PHONE_CALL_LEAD,2025-12-16,10.0,0.0
GERAL,GERAL,Calls from ads,PHONE_CALL_LEAD,2025-12-17,3.0,0.0
GERAL,GERAL,Calls from ads,PHONE_CALL_LEAD,2025-12-18,4.0,0.0
GERAL,GERAL,Calls from ads,PHONE_CALL_LEAD,2025-12-19,3.0,0.0
GERAL,GERAL,Calls from ads,PHONE_CALL_LEAD,2025-12-20,7.0,0.0
GERAL,GERAL,Calls from ads,PHONE_CALL_LEAD,2025-12-21,14.0,0.0
GERAL,GERAL,Calls from ads,PHONE_CALL_LEAD,2025-12-22,6.0,0.0
GERAL,GERAL,Calls from ads,PHONE_CALL_LEAD,2025-12-23,13.0,0.0
GERAL,GERAL,Calls from ads,PHONE_CALL_LEAD,2025-12-24,7.0,0.0
GERAL,GERAL,Calls from ads,PHONE_CALL_LEAD,2025-12-25,14.0,0.0
GERAL,GERAL,Calls from ads,PHONE_CALL_LEAD,2025-12-26,4.0,0.0
GERAL,GERAL,Calls from ads,PHONE_CALL_LEAD,2025-12-27,4.0,0.0
GERAL,GERAL,Calls from ads,PHONE_CALL_LEAD,2025-12-28,3.0,0.0
GERAL,GERAL,Calls from ads,PHONE_CALL_LEAD,2025-12-29,3.0,0.0
GERAL,GERAL,Calls from ads,PHONE_CALL_LEAD,2025-12-30,2.0,0.0
GERAL,GERAL,Calls from ads,PHONE_CALL_LEAD,2025-12-31,6.0,0.0
GERAL,GERAL,Calls from ads,PHONE_CALL_LEAD,2026-01-01,12.0,0.0
GERAL,GERAL,Calls from ads,PHONE_CALL_LEAD,2026-01-06,3.0,0.0
GERAL,GERAL,Calls from ads,PHONE_CALL_LEAD,2026-01-07,2.0,0.0
GERAL,GERAL,Calls from ads,PHONE_CALL_LEAD,2026-01-08,6.0,0.0
GERAL,GERAL,Calls from ads,PHONE_CALL_LEAD,2026-01-09,9.0,0.0
GERAL,GERAL,Calls from ads,PHONE_CALL_LEAD,2026-01-10,12.0,0.0
GERAL,GERAL,Calls from ads,PHONE_CALL_LEAD,2026-01-11,5.0,0.0
GERAL,GERAL,Calls from ads,PHONE_CALL_LEAD,2026-01-12,3.0,0.0
GERAL,GERAL,Calls from ads,PHONE_CALL_LEAD,2026-01-13,7.0,0.0
GERAL,GERAL,Calls from ads,PHONE_CALL_LEAD,2026-01-14,9.0,0.0
GERAL,GERAL,Calls from ads,PHONE_CALL_LEAD,2026-01-15,3.0,0.0
GERAL,GERAL,Calls from ads,PHONE_CALL_LEAD,2026-01-16,3.0,0.0
GERAL,GERAL,Calls from ads,PHONE_CALL_LEAD,2026-01-17,9.0,0.0
GERAL,GERAL,Calls from ads,PHONE_CALL_LEAD,2026-01-18,8.0,0.0
GERAL,GERAL,Calls from ads,PHONE_CALL_LEAD,2026-01-19,7.0,0.0
GERAL,GERAL,Calls from ads,PHONE_CALL_LEAD,2026-01-21,1.0,0.0
GERAL,GERAL,Calls from ads,PHONE_CALL_LEAD,2026-01-22,3.0,0.0
GERAL,GERAL,Calls from ads,PHONE_CALL_LEAD,2026-01-23,3.0,0.0
GERAL,GERAL,Calls from ads,PHONE_CALL_LEAD,2026-01-24,2.0,0.0
GERAL,GERAL,Calls from ads,PHONE_CALL_LEAD,2026-01-25,3.001323,0.0
GERAL,GERAL,Calls from ads,PHONE_CALL_LEAD,2026-01-26,4.0,0.0
GERAL,GERAL,Calls from ads,PHONE_CALL_LEAD,2026-01-27,1.0,0.0
GERAL,GERAL,Calls from ads,PHONE_CALL_LEAD,2026-01-28,1.998677,0.0
GERAL,GERAL,Calls from ads,PHONE_CALL_LEAD,2026-01-29,2.0,0.0
GERAL,GERAL,Calls from ads,PHONE_CALL_LEAD,2026-01-30,9.0,0.0
GERAL,GERAL,Calls from ads,PHONE_CALL_LEAD,2026-01-31,4.0,0.0
GERAL,GERAL,Calls from ads,PHONE_CALL_LEAD,2026-02-01,3.0,0.0
GERAL,GERAL,Calls from ads,PHONE_CALL_LEAD,2026-02-02,13.0,0.0
GERAL,GERAL,Calls from ads,PHONE_CALL_LEAD,2026-02-03,5.0,0.0
GERAL,GERAL,Calls from ads,PHONE_CALL_LEAD,2026-02-04,9.0,0.0
GERAL,GERAL,Calls from ads,PHONE_CALL_LEAD,2026-02-05,1.0,0.0
GERAL,GERAL,Calls from ads,PHONE_CALL_LEAD,2026-02-07,27.0,0.0
GERAL,GERAL,Calls from ads,PHONE_CALL_LEAD,2026-02-08,11.0,0.0
GERAL,GERAL,Calls from ads,PHONE_CALL_LEAD,2026-02-09,8.0,0.0
GERAL,GERAL,Calls from ads,PHONE_CALL_LEAD,2026-02-10,3.008385,0.0
GERAL,GERAL,Calls from ads,PHONE_CALL_LEAD,2026-02-11,4.0,0.0
GERAL,GERAL,Calls from ads,PHONE_CALL_LEAD,2026-02-12,4.001369,0.0
GERAL,GERAL,Calls from ads,PHONE_CALL_LEAD,2026-02-13,5.001686,0.0
GERAL,GERAL,Calls from ads,PHONE_CALL_LEAD,2026-02-14,4.0,0.0
GERAL,GERAL,Calls from ads,PHONE_CALL_LEAD,2026-02-15,7.0,0.0
GERAL,GERAL,Calls from ads,PHONE_CALL_LEAD,2026-02-17,5.001654,0.0
GERAL,GERAL,Calls from ads,PHONE_CALL_LEAD,2026-02-20,2.0,0.0
GERAL,GERAL,Calls from ads,PHONE_CALL_LEAD,2026-02-21,4.0,0.0
GERAL,GERAL,Calls from ads,PHONE_CALL_LEAD,2026-02-22,6.0,0.0
GERAL,GERAL,Calls from ads,PHONE_CALL_LEAD,2026-02-23,3.0,0.0
GERAL,GERAL,Calls from ads,PHONE_CALL_LEAD,2026-02-24,3.0,0.0
GERAL,GERAL,Calls from ads,PHONE_CALL_LEAD,2026-02-25,3.0,0.0
GERAL,GERAL,Calls from ads,PHONE_CALL_LEAD,2026-02-26,1.0,0.0
GERAL,GERAL,Calls from ads,PHONE_CALL_LEAD,2026-02-27,1.0,0.0
GERAL,GERAL,Calls from ads,PHONE_CALL_LEAD,2026-02-28,2.0,0.0
GERAL,GERAL,Calls from ads,PHONE_CALL_LEAD,2026-03-01,1.0,0.0
GERAL,GERAL,Calls from ads,PHONE_CALL_LEAD,2026-03-03,1.998631,0.0
GERAL,GERAL,Calls from ads,PHONE_CALL_LEAD,2026-03-04,2.0,0.0
GERAL,GERAL,Calls from ads,PHONE_CALL_LEAD,2026-03-05,4.0,0.0
GERAL,GERAL,Calls from ads,PHONE_CALL_LEAD,2026-03-06,3.0,0.0
GERAL,GERAL,Calls from ads,PHONE_CALL_LEAD,2026-03-07,5.0,0.0
GERAL,GERAL,Calls from ads,PHONE_CALL_LEAD,2026-03-08,5.998346,0.0
GERAL,GERAL,Calls from ads,PHONE_CALL_LEAD,2026-03-09,7.0,0.0
GERAL,GERAL,Calls from ads,PHONE_CALL_LEAD,2026-03-10,4.001887,0.0
GERAL,GERAL,Calls from ads,PHONE_CALL_LEAD,2026-03-11,13.991615,0.0
GERAL,GERAL,Calls from ads,PHONE_CALL_LEAD,2026-03-12,13.998314,0.0
GERAL,GERAL,Calls from ads,PHONE_CALL_LEAD,2026-03-13,11.0,0.0
GERAL,GERAL,Calls from ads,PHONE_CALL_LEAD,2026-03-14,10.0,0.0
GERAL,GERAL,Calls from ads,PHONE_CALL_LEAD,2026-03-15,2.0,0.0
GERAL,GERAL,Calls from ads,PHONE_CALL_LEAD,2026-03-17,1.0,0.0
GERAL,GERAL,Calls from ads,PHONE_CALL_LEAD,2026-03-18,2.0,0.0
GERAL,GERAL,Calls from ads,PHONE_CALL_LEAD,2026-03-19,4.0,0.0
GERAL,GERAL,Calls from ads,PHONE_CALL_LEAD,2026-03-20,2.0,0.0
GERAL,GERAL,Calls from ads,PHONE_CALL_LEAD,2026-03-21,2.0,0.0
GERAL,GERAL,Calls from ads,PHONE_CALL_LEAD,2026-03-22,8.0,0.0
GERAL,GERAL,Calls from ads,PHONE_CALL_LEAD,2026-03-23,3.0,0.0
GERAL,GERAL,Calls from ads,PHONE_CALL_LEAD,2026-03-24,6.0,0.0
GERAL,GERAL,Calls from ads,PHONE_CALL_LEAD,2026-03-25,1.0,0.0
GERAL,GERAL,Calls from ads,PHONE_CALL_LEAD,2026-03-26,5.0,0.0
GERAL,GERAL,Calls from ads,PHONE_CALL_LEAD,2026-03-27,2.0,0.0
GERAL,GERAL,Calls from ads,PHONE_CALL_LEAD,2026-03-28,3.0,0.0
GERAL,GERAL,Calls from ads,PHONE_CALL_LEAD,2026-03-29,6.0,0.0
GERAL,GERAL,Calls from ads,PHONE_CALL_LEAD,2026-03-30,9.000328,0.0
GERAL,GERAL,Calls from ads,PHONE_CALL_LEAD,2026-03-31,13.0,0.0
GERAL,GERAL,Calls from ads,PHONE_CALL_LEAD,2026-04-01,7.00112,0.0
GERAL,GERAL,Calls from ads,PHONE_CALL_LEAD,2026-04-02,7.0,0.0
GERAL,GERAL,Calls from ads,PHONE_CALL_LEAD,2026-04-03,14.002448,0.0
GERAL,GERAL,Calls from ads,PHONE_CALL_LEAD,2026-04-04,1.501451,0.0
GERAL,GERAL,Calls from ads,PHONE_CALL_LEAD,2026-04-05,4.500661,0.0
GERAL,GERAL,Calls from ads,PHONE_CALL_LEAD,2026-04-06,12.000096,0.0
GERAL,GERAL,Calls from ads,PHONE_CALL_LEAD,2026-04-07,7.441581,0.0
GERAL,GERAL,Calls from ads,PHONE_CALL_LEAD,2026-04-08,6.554463,0.0
GERAL,GERAL,Calls from ads,PHONE_CALL_LEAD,2026-04-09,6.998017,0.0
GERAL,GERAL,Calls from ads,PHONE_CALL_LEAD,2026-04-10,9.0,0.0
GERAL,GERAL,Calls from ads,PHONE_CALL_LEAD,2026-04-11,7.0,0.0
GERAL,GERAL,Calls from ads,PHONE_CALL_LEAD,2026-04-12,8.0,0.0
GERAL,GERAL,Calls from ads,PHONE_CALL_LEAD,2026-04-13,6.002009,0.0
GERAL,GERAL,Calls from ads,PHONE_CALL_LEAD,2026-04-14,6.0,0.0
GERAL,GERAL,Calls from ads,PHONE_CALL_LEAD,2026-04-15,6.997991,0.0
GERAL,GERAL,Calls from ads,PHONE_CALL_LEAD,2026-04-16,4.007202,0.0
GERAL,GERAL,Calls from ads,PHONE_CALL_LEAD,2026-04-17,6.0,0.0
GERAL,GERAL,Calls from ads,PHONE_CALL_LEAD,2026-04-18,8.001963,0.0
GERAL,GERAL,Calls from ads,PHONE_CALL_LEAD,2026-04-19,8.333333,0.0
GERAL,GERAL,Calls from ads,PHONE_CALL_LEAD,2026-04-20,2.666667,0.0
GERAL,GERAL,Calls from ads,PHONE_CALL_LEAD,2026-04-21,5.998079,0.0
GERAL,GERAL,Calls from ads,PHONE_CALL_LEAD,2026-04-22,4.0,0.0
GERAL,GERAL,Calls from ads,PHONE_CALL_LEAD,2026-04-23,1.0,0.0
GERAL,GERAL,Calls from ads,PHONE_CALL_LEAD,2026-04-24,3.0,0.0
GERAL,GERAL,Calls from ads,PHONE_CALL_LEAD,2026-04-25,7.0,0.0
GERAL,GERAL,Calls from ads,PHONE_CALL_LEAD,2026-04-26,5.0,0.0
GERAL,GERAL,Calls from ads,PHONE_CALL_LEAD,2026-04-27,6.0,0.0
GERAL,GERAL,Calls from ads,PHONE_CALL_LEAD,2026-04-28,5.0,0.0
GERAL,GERAL,Calls from ads,PHONE_CALL_LEAD,2026-04-29,5.0,0.0
GERAL,GERAL,Calls from ads,PHONE_CALL_LEAD,2026-04-30,4.006693,0.0
GERAL,GERAL,Calls from ads,PHONE_CALL_LEAD,2026-05-01,11.997906,0.0
GERAL,GERAL,Calls from ads,PHONE_CALL_LEAD,2026-05-02,3.0,0.0
GERAL,GERAL,Calls from ads,PHONE_CALL_LEAD,2026-05-07,14.0,0.0
GERAL,GERAL,Calls from ads,PHONE_CALL_LEAD,2026-05-08,7.0,0.0
GERAL,GERAL,Calls from ads,PHONE_CALL_LEAD,2026-05-09,4.001973,0.0
GERAL,GERAL,Calls from ads,PHONE_CALL_LEAD,2026-05-10,3.0,0.0
GERAL,GERAL,Calls from ads,PHONE_CALL_LEAD,2026-05-11,4.0,0.0
GERAL,GERAL,Calls from ads,PHONE_CALL_LEAD,2026-05-12,3.001973,0.0
GERAL,GERAL,Calls from ads,PHONE_CALL_LEAD,2026-05-13,3.004372,0.0
GERAL,GERAL,Calls from ads,PHONE_CALL_LEAD,2026-05-14,4.995558,0.0
GERAL,GERAL,Calls from ads,PHONE_CALL_LEAD,2026-05-15,6.0,0.0
GERAL,GERAL,Calls from ads,PHONE_CALL_LEAD,2026-05-16,2.998943,0.0
GERAL,GERAL,Calls from ads,PHONE_CALL_LEAD,2026-05-18,7.0,0.0
GERAL,GERAL,Calls from ads,PHONE_CALL_LEAD,2026-05-19,3.002231,0.0
GERAL,GERAL,Calls from ads,PHONE_CALL_LEAD,2026-05-20,9.001739,0.0
GERAL,GERAL,Calls from ads,PHONE_CALL_LEAD,2026-05-21,1.0,0.0
GERAL,GERAL,Calls from ads,PHONE_CALL_LEAD,2026-05-22,4.0,0.0
GERAL,GERAL,Calls from ads,PHONE_CALL_LEAD,2026-05-23,12.668852,0.0
GERAL,GERAL,Calls from ads,PHONE_CALL_LEAD,2026-05-24,2.333334,0.0
GERAL,GERAL,Calls from ads,PHONE_CALL_LEAD,2026-05-25,4.0,0.0
GERAL,GERAL,Calls from ads,PHONE_CALL_LEAD,2026-05-26,4.002188,0.0
GERAL,GERAL,Calls from ads,PHONE_CALL_LEAD,2026-05-27,8.991076,0.0
GERAL,GERAL,Calls from ads,PHONE_CALL_LEAD,2026-05-28,5.0,0.0
GERAL,GERAL,Calls from ads,PHONE_CALL_LEAD,2026-05-29,14.49913,0.0
GERAL,GERAL,Calls from ads,PHONE_CALL_LEAD,2026-05-30,10.497428,0.0
GERAL,GERAL,Calls from ads,PHONE_CALL_LEAD,2026-05-31,6.006824,0.0
GERAL,GERAL,Calls from ads,PHONE_CALL_LEAD,2026-06-01,15.0,0.0
GERAL,GERAL,Calls from ads,PHONE_CALL_LEAD,2026-06-02,9.0,0.0
GERAL,GERAL,Calls from ads,PHONE_CALL_LEAD,2026-06-04,1.0,0.0
GERAL,GERAL,Calls from ads,PHONE_CALL_LEAD,2026-06-06,12.996054,0.0
GERAL,GERAL,Calls from ads,PHONE_CALL_LEAD,2026-06-07,9.006824,0.0
GERAL,GERAL,Calls from ads,PHONE_CALL_LEAD,2026-06-08,5.515624,0.0
GERAL,GERAL,Calls from ads,PHONE_CALL_LEAD,2026-06-09,9.470728,0.0
GERAL,GERAL,Calls from ads,PHONE_CALL_LEAD,2026-06-10,17.993442,0.0
GERAL,GERAL,Calls from ads,PHONE_CALL_LEAD,2026-06-11,5.0,0.0
GERAL,GERAL,Calls from ads,PHONE_CALL_LEAD,2026-06-12,16.997812,0.0
GERAL,GERAL,Calls from ads,PHONE_CALL_LEAD,2026-06-13,8.0,0.0
GERAL,GERAL,Calls from ads,PHONE_CALL_LEAD,2026-06-14,8.0,0.0
GERAL,GERAL,Calls from ads,PHONE_CALL_LEAD,2026-06-19,1.0,0.0
GERAL,GERAL,Calls from ads,PHONE_CALL_LEAD,2026-06-27,2.0,0.0
GERAL,GERAL,Calls from ads,PHONE_CALL_LEAD,2026-06-28,7.0,0.0
GERAL,GERAL,Calls from ads,PHONE_CALL_LEAD,2026-06-29,9.0,0.0
GERAL,GERAL,Calls from ads,PHONE_CALL_LEAD,2026-06-30,7.666666,0.0
GERAL,GERAL,Calls from ads,PHONE_CALL_LEAD,2026-07-01,13.333334,0.0
GERAL,GERAL,Calls from ads,PHONE_CALL_LEAD,2026-07-02,7.0,0.0
GERAL,GERAL,Calls from ads,PHONE_CALL_LEAD,2026-07-03,3.0,0.0
GERAL,GERAL,Calls from ads,PHONE_CALL_LEAD,2026-07-04,6.0,0.0
GERAL,GERAL,Calls from ads,PHONE_CALL_LEAD,2026-07-05,11.000205,0.0
GERAL,GERAL,Calls from ads,PHONE_CALL_LEAD,2026-07-06,4.0,0.0
GERAL,GERAL,Calls from ads,PHONE_CALL_LEAD,2026-07-07,4.0,0.0
GERAL,GERAL,Calls from ads,PHONE_CALL_LEAD,2026-07-08,6.0,0.0
GERAL,GERAL,Calls from ads,PHONE_CALL_LEAD,2026-07-09,6.0,0.0
GERAL,GERAL,Calls from ads,PHONE_CALL_LEAD,2026-07-10,3.5,0.0
GERAL,GERAL,Calls from ads,PHONE_CALL_LEAD,2026-07-11,12.003156,0.0
GERAL,GERAL,Calls from ads,PHONE_CALL_LEAD,2026-07-12,5.5,0.0
GERAL,GERAL,Calls from ads,PHONE_CALL_LEAD,2026-07-13,3.506312,0.0
GERAL,GERAL,Calls from ads,PHONE_CALL_LEAD,2026-07-14,6.0,0.0
GERAL,GERAL,Calls from ads,PHONE_CALL_LEAD,2026-07-15,4.499897,0.0
GERAL,GERAL,Calls from ads,PHONE_CALL_LEAD,2026-07-16,7.499898,0.0
GERAL,GERAL,Calls from ads,PHONE_CALL_LEAD,2026-07-17,10.506229,0.0
GERAL,GERAL,Calls from ads,PHONE_CALL_LEAD,2026-07-18,4.001725,0.0
GERAL,GERAL,Calls from ads,PHONE_CALL_LEAD,2026-07-19,4.0,0.0
GERAL,GERAL,Calls from ads,PHONE_CALL_LEAD,2026-07-20,5.0,0.0
GERAL,GERAL,Calls from ads,PHONE_CALL_LEAD,2026-07-21,6.001209,0.0
GERAL,GERAL,Calls from ads,PHONE_CALL_LEAD,2026-07-22,7.0,0.0
GERAL,GERAL,Calls from ads,PHONE_CALL_LEAD,2026-07-23,5.0,0.0
GERAL,GERAL,Calls from ads,PHONE_CALL_LEAD,2026-07-24,4.0,0.0
GERAL,GERAL,Calls from ads,PHONE_CALL_LEAD,2026-07-25,2.0,0.0
GERAL,GERAL,Calls from ads,PHONE_CALL_LEAD,2026-07-26,3.0,0.0
GERAL,GERAL,Calls from ads,PHONE_CALL_LEAD,2026-07-27,3.003555,0.0
GERAL,GERAL,Calls from ads,PHONE_CALL_LEAD,2026-07-28,3.0,0.0
GERAL,GERAL,Calls from ads,PHONE_CALL_LEAD,2026-07-29,5.002104,0.0
GERAL,GERAL,Calls from ads,PHONE_CALL_LEAD,2026-07-30,8.0,0.0
GERAL,GERAL,Calls from ads,PHONE_CALL_LEAD,2026-07-31,9.990532,0.0
GERAL,GERAL,Calls from ads,PHONE_CALL_LEAD,2026-08-01,7.000471,0.0
GERAL,GERAL,Calls from ads,PHONE_CALL_LEAD,2026-08-02,10.0,0.0
GERAL,GERAL,Calls from ads,PHONE_CALL_LEAD,2026-08-03,5.0,0.0
GERAL,GERAL,Calls from ads,PHONE_CALL_LEAD,2026-08-04,12.003452,0.0
GERAL,GERAL,Calls from ads,PHONE_CALL_LEAD,2026-08-05,10.004764,0.0
GERAL,GERAL,Calls from ads,PHONE_CALL_LEAD,2026-08-06,6.999587,0.0
GERAL,GERAL,Calls from ads,PHONE_CALL_LEAD,2026-08-07,7.003627,0.0
GERAL,GERAL,Calls from ads,PHONE_CALL_LEAD,2026-08-08,8.996445,0.0
GERAL,GERAL,Calls from ads,PHONE_CALL_LEAD,2026-08-09,12.0,0.0
GERAL,GERAL,Calls from ads,PHONE_CALL_LEAD,2026-08-10,12.99289,0.0
GERAL,GERAL,Calls from ads,PHONE_CALL_LEAD,2026-08-11,5.994823,0.0
GERAL,GERAL,Calls from ads,PHONE_CALL_LEAD,2026-08-12,7.0,0.0
GERAL,GERAL,Calls from ads,PHONE_CALL_LEAD,2026-08-13,11.0,0.0
GERAL,GERAL,Calls from ads,PHONE_CALL_LEAD,2026-08-14,10.0,0.0
GERAL,GERAL,Calls from ads,PHONE_CALL_LEAD,2026-08-15,10.0,0.0
GERAL,GERAL,Calls from ads,PHONE_CALL_LEAD,2026-08-16,4.0,0.0
GERAL,GERAL,Calls from ads,PHONE_CALL_LEAD,2026-08-17,2.996373,0.0
GERAL,GERAL,Calls from ads,PHONE_CALL_LEAD,2026-08-18,8.0,0.0
GERAL,GERAL,Calls from ads,PHONE_CALL_LEAD,2026-08-19,3.996373,0.0
GERAL,GERAL,Calls from ads,PHONE_CALL_LEAD,2026-08-20,3.996373,0.0
GERAL,GERAL,Calls from ads,PHONE_CALL_LEAD,2026-08-21,2.0,0.0
GERAL,GERAL,Calls from ads,PHONE_CALL_LEAD,2026-08-23,7.0,0.0
GERAL,GERAL,Calls from ads,PHONE_CALL_LEAD,2026-08-24,3.0,0.0
GERAL,GERAL,Calls from ads,PHONE_CALL_LEAD,2026-08-25,4.0,0.0
GERAL,GERAL,Calls from ads,PHONE_CALL_LEAD,2026-08-26,6.0,0.0
GERAL,GERAL,Calls from ads,PHONE_CALL_LEAD,2026-08-27,4.0,0.0
GERAL,GERAL,Calls from ads,PHONE_CALL_LEAD,2026-08-28,4.0,0.0
GERAL,GERAL,Calls from ads,PHONE_CALL_LEAD,2026-08-29,6.0,0.0
GERAL,GERAL,Calls from ads,PHONE_CALL_LEAD,2026-08-30,2.0,0.0
GERAL,GERAL,Calls from ads,PHONE_CALL_LEAD,2026-08-31,10.0,0.0
GERAL,GERAL,Calls from ads,PHONE_CALL_LEAD,2026-09-01,3.25,0.0
GERAL,GERAL,Calls from ads,PHONE_CALL_LEAD,2026-09-02,1.75,0.0
GERAL,GERAL,Calls from ads,PHONE_CALL_LEAD,2026-09-03,4.0,0.0
GERAL,GERAL,Calls from ads,PHONE_CALL_LEAD,2026-09-04,4.0,0.0
GERAL,GERAL,Calls from ads,PHONE_CALL_LEAD,2026-09-07,3.0,0.0
GERAL,GERAL,Calls from ads,PHONE_CALL_LEAD,2026-09-08,2.0,0.0
GERAL,GERAL,Calls from ads,PHONE_CALL_LEAD,2026-09-09,2.0,0.0
GERAL,GERAL,Calls from ads,PHONE_CALL_LEAD,2026-09-10,3.0,0.0
GERAL,GERAL,Calls from ads,PHONE_CALL_LEAD,2026-09-11,6.0,0.0
GERAL,GERAL,Calls from ads,PHONE_CALL_LEAD,2026-09-12,3.0,0.0
GERAL,GERAL,Calls from ads,PHONE_CALL_LEAD,2026-09-13,6.0,0.0
GERAL,GERAL,Calls from ads,PHONE_CALL_LEAD,2026-09-14,3.0,0.0
GERAL,GERAL,Calls from ads,PHONE_CALL_LEAD,2026-09-15,4.0,0.0
GERAL,GERAL,Calls from ads,PHONE_CALL_LEAD,2026-09-16,4.0,0.0
GERAL,GERAL,Calls from ads,PHONE_CALL_LEAD,2026-09-17,3.0,0.0
GERAL,GERAL,Calls from ads,PHONE_CALL_LEAD,2026-09-18,5.0,0.0
GERAL,GERAL,Calls from ads,PHONE_CALL_LEAD,2026-09-19,1.0,0.0
GERAL,GERAL,Calls from ads,PHONE_CALL_LEAD,2026-09-20,4.0,0.0
GERAL,GERAL,Calls from ads,PHONE_CALL_LEAD,2026-09-21,3.0,0.0
GERAL,GERAL,Calls from ads,PHONE_CALL_LEAD,2026-09-22,1.0,0.0
GERAL,GERAL,Calls from ads,PHONE_CALL_LEAD,2026-09-23,3.0,0.0
GERAL,GERAL,Store visits,STORE_VISIT,2025-09-24,3456.350215,0.0
GERAL,GERAL,Store visits,STORE_VISIT,2025-09-25,2714.879622,0.0
GERAL,GERAL,Store visits,STORE_VISIT,2025-09-26,3187.038534,0.0
GERAL,GERAL,Store visits,STORE_VISIT,2025-09-27,3432.01141,0.0
GERAL,GERAL,Store visits,STORE_VISIT,2025-09-28,2834.117998,0.0
GERAL,GERAL,Store visits,STORE_VISIT,2025-09-29,2117.304481,0.0
GERAL,GERAL,Store visits,STORE_VISIT,2025-09-30,1842.482321,0.0
GERAL,GERAL,Store visits,STORE_VISIT,2025-10-01,2118.360617,0.0
GERAL,GERAL,Store visits,STORE_VISIT,2025-10-02,3480.262971,0.0
GERAL,GERAL,Store visits,STORE_VISIT,2025-10-03,3596.06855,0.0
GERAL,GERAL,Store visits,STORE_VISIT,2025-10-04,4135.815868,0.0
GERAL,GERAL,Store visits,STORE_VISIT,2025-10-05,3214.701014,0.0
GERAL,GERAL,Store visits,STORE_VISIT,2025-10-06,4129.09382,0.0
GERAL,GERAL,Store visits,STORE_VISIT,2025-10-07,3066.546723,0.0
GERAL,GERAL,Store visits,STORE_VISIT,2025-10-08,3245.068594,0.0
GERAL,GERAL,Store visits,STORE_VISIT,2025-10-09,4371.890764,0.0
GERAL,GERAL,Store visits,STORE_VISIT,2025-10-10,5410.424224,0.0
GERAL,GERAL,Store visits,STORE_VISIT,2025-10-11,5773.549349,0.0
GERAL,GERAL,Store visits,STORE_VISIT,2025-10-12,3860.297062,0.0
GERAL,GERAL,Store visits,STORE_VISIT,2025-10-13,4046.727017,0.0
GERAL,GERAL,Store visits,STORE_VISIT,2025-10-14,3763.72698,0.0
GERAL,GERAL,Store visits,STORE_VISIT,2025-10-15,4404.503786,0.0
GERAL,GERAL,Store visits,STORE_VISIT,2025-10-16,4590.398697,0.0
GERAL,GERAL,Store visits,STORE_VISIT,2025-10-17,4559.155928,0.0
GERAL,GERAL,Store visits,STORE_VISIT,2025-10-18,5209.509473,0.0
GERAL,GERAL,Store visits,STORE_VISIT,2025-10-19,3769.500297,0.0
GERAL,GERAL,Store visits,STORE_VISIT,2025-10-20,3768.596321,0.0
GERAL,GERAL,Store visits,STORE_VISIT,2025-10-21,3604.620968,0.0
GERAL,GERAL,Store visits,STORE_VISIT,2025-10-22,3136.31855,0.0
GERAL,GERAL,Store visits,STORE_VISIT,2025-10-23,2382.750564,0.0
GERAL,GERAL,Store visits,STORE_VISIT,2025-10-24,2575.332489,0.0
GERAL,GERAL,Store visits,STORE_VISIT,2025-10-25,3447.108986,0.0
GERAL,GERAL,Store visits,STORE_VISIT,2025-10-26,2126.448419,0.0
GERAL,GERAL,Store visits,STORE_VISIT,2025-10-27,1827.49011,0.0
GERAL,GERAL,Store visits,STORE_VISIT,2025-10-28,1796.558438,0.0
GERAL,GERAL,Store visits,STORE_VISIT,2025-10-29,1806.806981,0.0
GERAL,GERAL,Store visits,STORE_VISIT,2025-10-30,1912.367712,0.0
GERAL,GERAL,Store visits,STORE_VISIT,2025-10-31,1908.682249,0.0
GERAL,GERAL,Store visits,STORE_VISIT,2025-11-01,1933.506123,0.0
GERAL,GERAL,Store visits,STORE_VISIT,2025-11-02,1419.8815,0.0
GERAL,GERAL,Store visits,STORE_VISIT,2025-11-03,1260.757056,0.0
GERAL,GERAL,Store visits,STORE_VISIT,2025-11-04,1337.99699,0.0
GERAL,GERAL,Store visits,STORE_VISIT,2025-11-05,1405.548573,0.0
GERAL,GERAL,Store visits,STORE_VISIT,2025-11-06,1812.90054,0.0
GERAL,GERAL,Store visits,STORE_VISIT,2025-11-07,3509.126773,0.0
GERAL,GERAL,Store visits,STORE_VISIT,2025-11-08,4831.312417,0.0
GERAL,GERAL,Store visits,STORE_VISIT,2025-11-09,4051.443298,0.0
GERAL,GERAL,Store visits,STORE_VISIT,2025-11-10,2452.709871,0.0
GERAL,GERAL,Store visits,STORE_VISIT,2025-11-11,3010.470585,0.0
GERAL,GERAL,Store visits,STORE_VISIT,2025-11-12,3352.330231,0.0
GERAL,GERAL,Store visits,STORE_VISIT,2025-11-13,3674.974629,0.0
GERAL,GERAL,Store visits,STORE_VISIT,2025-11-14,3905.91266,0.0
GERAL,GERAL,Store visits,STORE_VISIT,2025-11-15,4879.432109,0.0
GERAL,GERAL,Store visits,STORE_VISIT,2025-11-16,3871.247924,0.0
GERAL,GERAL,Store visits,STORE_VISIT,2025-11-17,2640.983931,0.0
GERAL,GERAL,Store visits,STORE_VISIT,2025-11-18,3559.241092,0.0
GERAL,GERAL,Store visits,STORE_VISIT,2025-11-19,3485.145236,0.0
GERAL,GERAL,Store visits,STORE_VISIT,2025-11-20,4137.721807,0.0
GERAL,GERAL,Store visits,STORE_VISIT,2025-11-21,5147.065313,0.0
GERAL,GERAL,Store visits,STORE_VISIT,2025-11-22,6101.720002,0.0
GERAL,GERAL,Store visits,STORE_VISIT,2025-11-23,4854.282151,0.0
GERAL,GERAL,Store visits,STORE_VISIT,2025-11-24,4012.643917,0.0
GERAL,GERAL,Store visits,STORE_VISIT,2025-11-25,3932.690704,0.0
GERAL,GERAL,Store visits,STORE_VISIT,2025-11-26,4579.069871,0.0
GERAL,GERAL,Store visits,STORE_VISIT,2025-11-27,5255.676855,0.0
GERAL,GERAL,Store visits,STORE_VISIT,2025-11-28,5604.396957,0.0
GERAL,GERAL,Store visits,STORE_VISIT,2025-11-29,6389.578003,0.0
GERAL,GERAL,Store visits,STORE_VISIT,2025-11-30,5683.433402,0.0
GERAL,GERAL,Store visits,STORE_VISIT,2025-12-01,5288.210248,0.0
GERAL,GERAL,Store visits,STORE_VISIT,2025-12-02,5398.926926,0.0
GERAL,GERAL,Store visits,STORE_VISIT,2025-12-03,5515.933798,0.0
GERAL,GERAL,Store visits,STORE_VISIT,2025-12-04,5578.814711,0.0
GERAL,GERAL,Store visits,STORE_VISIT,2025-12-05,5787.626626,0.0
GERAL,GERAL,Store visits,STORE_VISIT,2025-12-06,6564.72976,0.0
GERAL,GERAL,Store visits,STORE_VISIT,2025-12-07,5048.02844,0.0
GERAL,GERAL,Store visits,STORE_VISIT,2025-12-08,5001.638235,0.0
GERAL,GERAL,Store visits,STORE_VISIT,2025-12-09,4570.056436,0.0
GERAL,GERAL,Store visits,STORE_VISIT,2025-12-10,5118.237237,0.0
GERAL,GERAL,Store visits,STORE_VISIT,2025-12-11,5961.481813,0.0
GERAL,GERAL,Store visits,STORE_VISIT,2025-12-12,6073.020682,0.0
GERAL,GERAL,Store visits,STORE_VISIT,2025-12-13,6126.753443,0.0
GERAL,GERAL,Store visits,STORE_VISIT,2025-12-14,5934.69335,0.0
GERAL,GERAL,Store visits,STORE_VISIT,2025-12-15,4887.410014,0.0
GERAL,GERAL,Store visits,STORE_VISIT,2025-12-16,4951.469745,0.0
GERAL,GERAL,Store visits,STORE_VISIT,2025-12-17,4535.358334,0.0
GERAL,GERAL,Store visits,STORE_VISIT,2025-12-18,3693.041667,0.0
GERAL,GERAL,Store visits,STORE_VISIT,2025-12-19,4080.837662,0.0
GERAL,GERAL,Store visits,STORE_VISIT,2025-12-20,4751.678242,0.0
GERAL,GERAL,Store visits,STORE_VISIT,2025-12-21,3841.592812,0.0
GERAL,GERAL,Store visits,STORE_VISIT,2025-12-22,4634.949578,0.0
GERAL,GERAL,Store visits,STORE_VISIT,2025-12-23,3865.548153,0.0
GERAL,GERAL,Store visits,STORE_VISIT,2025-12-24,2919.246491,0.0
GERAL,GERAL,Store visits,STORE_VISIT,2025-12-25,2504.977577,0.0
GERAL,GERAL,Store visits,STORE_VISIT,2025-12-26,4825.958639,0.0
GERAL,GERAL,Store visits,STORE_VISIT,2025-12-27,4255.100001,0.0
GERAL,GERAL,Store visits,STORE_VISIT,2025-12-28,4192.143884,0.0
GERAL,GERAL,Store visits,STORE_VISIT,2025-12-29,4477.125169,0.0
GERAL,GERAL,Store visits,STORE_VISIT,2025-12-30,4321.115073,0.0
GERAL,GERAL,Store visits,STORE_VISIT,2025-12-31,2888.719378,0.0
GERAL,GERAL,Store visits,STORE_VISIT,2026-01-01,2853.975094,0.0
GERAL,GERAL,Store visits,STORE_VISIT,2026-01-02,12.0,0.0
GERAL,GERAL,Store visits,STORE_VISIT,2026-01-03,10.0,0.0
GERAL,GERAL,Store visits,STORE_VISIT,2026-01-06,2764.636366,0.0
GERAL,GERAL,Store visits,STORE_VISIT,2026-01-07,4065.635283,0.0
GERAL,GERAL,Store visits,STORE_VISIT,2026-01-08,5083.798325,0.0
GERAL,GERAL,Store visits,STORE_VISIT,2026-01-09,7351.423066,0.0
GERAL,GERAL,Store visits,STORE_VISIT,2026-01-10,7533.052213,0.0
GERAL,GERAL,Store visits,STORE_VISIT,2026-01-11,6027.841972,0.0
GERAL,GERAL,Store visits,STORE_VISIT,2026-01-12,5137.578246,0.0
GERAL,GERAL,Store visits,STORE_VISIT,2026-01-13,5633.066761,0.0
GERAL,GERAL,Store visits,STORE_VISIT,2026-01-14,5232.138458,0.0
GERAL,GERAL,Store visits,STORE_VISIT,2026-01-15,5274.690237,0.0
GERAL,GERAL,Store visits,STORE_VISIT,2026-01-16,5727.698887,0.0
GERAL,GERAL,Store visits,STORE_VISIT,2026-01-17,6228.909025,0.0
GERAL,GERAL,Store visits,STORE_VISIT,2026-01-18,5000.177321,0.0
GERAL,GERAL,Store visits,STORE_VISIT,2026-01-19,4292.349732,0.0
GERAL,GERAL,Store visits,STORE_VISIT,2026-01-20,4394.651933,0.0
GERAL,GERAL,Store visits,STORE_VISIT,2026-01-21,4573.858703,0.0
GERAL,GERAL,Store visits,STORE_VISIT,2026-01-22,4176.570174,0.0
GERAL,GERAL,Store visits,STORE_VISIT,2026-01-23,4373.481432,0.0
GERAL,GERAL,Store visits,STORE_VISIT,2026-01-24,4605.687047,0.0
GERAL,GERAL,Store visits,STORE_VISIT,2026-01-25,3393.936495,0.0
GERAL,GERAL,Store visits,STORE_VISIT,2026-01-26,3780.304063,0.0
GERAL,GERAL,Store visits,STORE_VISIT,2026-01-27,3857.856266,0.0
GERAL,GERAL,Store visits,STORE_VISIT,2026-01-28,3256.932697,0.0
GERAL,GERAL,Store visits,STORE_VISIT,2026-01-29,3304.163813,0.0
GERAL,GERAL,Store visits,STORE_VISIT,2026-01-30,3295.561738,0.0
GERAL,GERAL,Store visits,STORE_VISIT,2026-01-31,3372.204321,0.0
GERAL,GERAL,Store visits,STORE_VISIT,2026-02-01,2807.816458,0.0
GERAL,GERAL,Store visits,STORE_VISIT,2026-02-02,3261.559353,0.0
GERAL,GERAL,Store visits,STORE_VISIT,2026-02-03,6193.417472,0.0
GERAL,GERAL,Store visits,STORE_VISIT,2026-02-04,6731.602809,0.0
GERAL,GERAL,Store visits,STORE_VISIT,2026-02-05,6201.542295,0.0
GERAL,GERAL,Store visits,STORE_VISIT,2026-02-06,22.333334,0.0
GERAL,GERAL,Store visits,STORE_VISIT,2026-02-07,14266.396208,0.0
GERAL,GERAL,Store visits,STORE_VISIT,2026-02-08,12126.354175,0.0
GERAL,GERAL,Store visits,STORE_VISIT,2026-02-09,3425.756376,0.0
GERAL,GERAL,Store visits,STORE_VISIT,2026-02-10,1865.234862,0.0
GERAL,GERAL,Store visits,STORE_VISIT,2026-02-11,1847.945921,0.0
GERAL,GERAL,Store visits,STORE_VISIT,2026-02-12,1906.830592,0.0
GERAL,GERAL,Store visits,STORE_VISIT,2026-02-13,2446.343911,0.0
GERAL,GERAL,Store visits,STORE_VISIT,2026-02-14,3783.250192,0.0
GERAL,GERAL,Store visits,STORE_VISIT,2026-02-15,3129.366582,0.0
GERAL,GERAL,Store visits,STORE_VISIT,2026-02-16,3066.469656,0.0
GERAL,GERAL,Store visits,STORE_VISIT,2026-02-17,2550.373579,0.0
GERAL,GERAL,Store visits,STORE_VISIT,2026-02-18,1863.442003,0.0
GERAL,GERAL,Store visits,STORE_VISIT,2026-02-19,1375.465793,0.0
GERAL,GERAL,Store visits,STORE_VISIT,2026-02-20,2100.446329,0.0
GERAL,GERAL,Store visits,STORE_VISIT,2026-02-21,2643.487728,0.0
GERAL,GERAL,Store visits,STORE_VISIT,2026-02-22,2104.57218,0.0
GERAL,GERAL,Store visits,STORE_VISIT,2026-02-23,1129.927454,0.0
GERAL,GERAL,Store visits,STORE_VISIT,2026-02-24,1304.199585,0.0
GERAL,GERAL,Store visits,STORE_VISIT,2026-02-25,864.280524,0.0
GERAL,GERAL,Store visits,STORE_VISIT,2026-02-26,916.701797,0.0
GERAL,GERAL,Store visits,STORE_VISIT,2026-02-27,935.357732,0.0
GERAL,GERAL,Store visits,STORE_VISIT,2026-02-28,1475.408203,0.0
GERAL,GERAL,Store visits,STORE_VISIT,2026-03-01,1405.103209,0.0
GERAL,GERAL,Store visits,STORE_VISIT,2026-03-02,879.57368,0.0
GERAL,GERAL,Store visits,STORE_VISIT,2026-03-03,1162.80602,0.0
GERAL,GERAL,Store visits,STORE_VISIT,2026-03-04,1158.594793,0.0
GERAL,GERAL,Store visits,STORE_VISIT,2026-03-05,1120.365526,0.0
GERAL,GERAL,Store visits,STORE_VISIT,2026-03-06,1420.296567,0.0
GERAL,GERAL,Store visits,STORE_VISIT,2026-03-07,2253.292664,0.0
GERAL,GERAL,Store visits,STORE_VISIT,2026-03-08,2230.056845,0.0
GERAL,GERAL,Store visits,STORE_VISIT,2026-03-09,2602.399384,0.0
GERAL,GERAL,Store visits,STORE_VISIT,2026-03-10,2539.521165,0.0
GERAL,GERAL,Store visits,STORE_VISIT,2026-03-11,2604.994508,0.0
GERAL,GERAL,Store visits,STORE_VISIT,2026-03-12,2643.518146,0.0
GERAL,GERAL,Store visits,STORE_VISIT,2026-03-13,2561.807721,0.0
GERAL,GERAL,Store visits,STORE_VISIT,2026-03-14,3957.748418,0.0
GERAL,GERAL,Store visits,STORE_VISIT,2026-03-15,3045.735789,0.0
GERAL,GERAL,Store visits,STORE_VISIT,2026-03-16,1170.312354,0.0
GERAL,GERAL,Store visits,STORE_VISIT,2026-03-17,1714.342161,0.0
GERAL,GERAL,Store visits,STORE_VISIT,2026-03-18,1751.77243,0.0
GERAL,GERAL,Store visits,STORE_VISIT,2026-03-19,2240.620513,0.0
GERAL,GERAL,Store visits,STORE_VISIT,2026-03-20,2473.176479,0.0
GERAL,GERAL,Store visits,STORE_VISIT,2026-03-21,3207.057885,0.0
GERAL,GERAL,Store visits,STORE_VISIT,2026-03-22,3270.797974,0.0
GERAL,GERAL,Store visits,STORE_VISIT,2026-03-23,2536.832821,0.0
GERAL,GERAL,Store visits,STORE_VISIT,2026-03-24,2794.696958,0.0
GERAL,GERAL,Store visits,STORE_VISIT,2026-03-25,3637.813818,0.0
GERAL,GERAL,Store visits,STORE_VISIT,2026-03-26,4307.599732,0.0
GERAL,GERAL,Store visits,STORE_VISIT,2026-03-27,5949.388373,0.0
GERAL,GERAL,Store visits,STORE_VISIT,2026-03-28,7014.41323,0.0
GERAL,GERAL,Store visits,STORE_VISIT,2026-03-29,5092.645783,0.0
GERAL,GERAL,Store visits,STORE_VISIT,2026-03-30,4023.477888,0.0
GERAL,GERAL,Store visits,STORE_VISIT,2026-03-31,4959.084687,0.0
GERAL,GERAL,Store visits,STORE_VISIT,2026-04-01,4947.880544,0.0
GERAL,GERAL,Store visits,STORE_VISIT,2026-04-02,6444.221483,0.0
GERAL,GERAL,Store visits,STORE_VISIT,2026-04-03,7202.6372,0.0
GERAL,GERAL,Store visits,STORE_VISIT,2026-04-04,6386.750516,0.0
GERAL,GERAL,Store visits,STORE_VISIT,2026-04-05,5627.741605,0.0
GERAL,GERAL,Store visits,STORE_VISIT,2026-04-06,5831.606576,0.0
GERAL,GERAL,Store visits,STORE_VISIT,2026-04-07,5250.659532,0.0
GERAL,GERAL,Store visits,STORE_VISIT,2026-04-08,6496.786047,0.0
GERAL,GERAL,Store visits,STORE_VISIT,2026-04-09,7174.588994,0.0
GERAL,GERAL,Store visits,STORE_VISIT,2026-04-10,8034.153909,0.0
GERAL,GERAL,Store visits,STORE_VISIT,2026-04-11,9160.334437,0.0
GERAL,GERAL,Store visits,STORE_VISIT,2026-04-12,7444.131518,0.0
GERAL,GERAL,Store visits,STORE_VISIT,2026-04-13,5601.76459,0.0
GERAL,GERAL,Store visits,STORE_VISIT,2026-04-14,6175.195334,0.0
GERAL,GERAL,Store visits,STORE_VISIT,2026-04-15,6607.101383,0.0
GERAL,GERAL,Store visits,STORE_VISIT,2026-04-16,6656.7246,0.0
GERAL,GERAL,Store visits,STORE_VISIT,2026-04-17,7960.027526,0.0
GERAL,GERAL,Store visits,STORE_VISIT,2026-04-18,10588.898604,0.0
GERAL,GERAL,Store visits,STORE_VISIT,2026-04-19,10605.673167,0.0
GERAL,GERAL,Store visits,STORE_VISIT,2026-04-20,3820.046914,0.0
GERAL,GERAL,Store visits,STORE_VISIT,2026-04-21,4130.702283,0.0
GERAL,GERAL,Store visits,STORE_VISIT,2026-04-22,2569.575757,0.0
GERAL,GERAL,Store visits,STORE_VISIT,2026-04-23,2902.590889,0.0
GERAL,GERAL,Store visits,STORE_VISIT,2026-04-24,3821.36055,0.0
GERAL,GERAL,Store visits,STORE_VISIT,2026-04-25,5129.400543,0.0
GERAL,GERAL,Store visits,STORE_VISIT,2026-04-26,4352.609819,0.0
GERAL,GERAL,Store visits,STORE_VISIT,2026-04-27,3602.744765,0.0
GERAL,GERAL,Store visits,STORE_VISIT,2026-04-28,3943.668109,0.0
GERAL,GERAL,Store visits,STORE_VISIT,2026-04-29,4264.47092,0.0
GERAL,GERAL,Store visits,STORE_VISIT,2026-04-30,5176.969506,0.0
GERAL,GERAL,Store visits,STORE_VISIT,2026-05-01,8115.572455,0.0
GERAL,GERAL,Store visits,STORE_VISIT,2026-05-02,5388.22473,0.0
GERAL,GERAL,Store visits,STORE_VISIT,2026-05-03,40.666667,0.0
GERAL,GERAL,Store visits,STORE_VISIT,2026-05-04,14.0,0.0
GERAL,GERAL,Store visits,STORE_VISIT,2026-05-05,9.0,0.0
GERAL,GERAL,Store visits,STORE_VISIT,2026-05-06,2.0,0.0
GERAL,GERAL,Store visits,STORE_VISIT,2026-05-07,4006.740494,0.0
GERAL,GERAL,Store visits,STORE_VISIT,2026-05-08,5145.451148,0.0
GERAL,GERAL,Store visits,STORE_VISIT,2026-05-09,7110.658046,0.0
GERAL,GERAL,Store visits,STORE_VISIT,2026-05-10,6359.545867,0.0
GERAL,GERAL,Store visits,STORE_VISIT,2026-05-11,2505.438136,0.0
GERAL,GERAL,Store visits,STORE_VISIT,2026-05-12,2917.086521,0.0
GERAL,GERAL,Store visits,STORE_VISIT,2026-05-13,2311.621506,0.0
GERAL,GERAL,Store visits,STORE_VISIT,2026-05-14,2400.877056,0.0
GERAL,GERAL,Store visits,STORE_VISIT,2026-05-15,3457.036873,0.0
GERAL,GERAL,Store visits,STORE_VISIT,2026-05-16,4999.7379,0.0
GERAL,GERAL,Store visits,STORE_VISIT,2026-05-17,3519.916291,0.0
GERAL,GERAL,Store visits,STORE_VISIT,2026-05-18,2507.876593,0.0
GERAL,GERAL,Store visits,STORE_VISIT,2026-05-19,3010.710414,0.0
GERAL,GERAL,Store visits,STORE_VISIT,2026-05-20,3004.948403,0.0
GERAL,GERAL,Store visits,STORE_VISIT,2026-05-21,2114.65801,0.0
GERAL,GERAL,Store visits,STORE_VISIT,2026-05-22,2313.635171,0.0
GERAL,GERAL,Store visits,STORE_VISIT,2026-05-23,3910.372633,0.0
GERAL,GERAL,Store visits,STORE_VISIT,2026-05-24,2131.373387,0.0
GERAL,GERAL,Store visits,STORE_VISIT,2026-05-25,2344.731362,0.0
GERAL,GERAL,Store visits,STORE_VISIT,2026-05-26,4264.436004,0.0
GERAL,GERAL,Store visits,STORE_VISIT,2026-05-27,4866.872269,0.0
GERAL,GERAL,Store visits,STORE_VISIT,2026-05-28,5296.646255,0.0
GERAL,GERAL,Store visits,STORE_VISIT,2026-05-29,6106.279962,0.0
GERAL,GERAL,Store visits,STORE_VISIT,2026-05-30,7845.69115,0.0
GERAL,GERAL,Store visits,STORE_VISIT,2026-05-31,5261.587832,0.0
GERAL,GERAL,Store visits,STORE_VISIT,2026-06-01,5945.557948,0.0
GERAL,GERAL,Store visits,STORE_VISIT,2026-06-02,4672.480491,0.0
GERAL,GERAL,Store visits,STORE_VISIT,2026-06-03,2.5,0.0
GERAL,GERAL,Store visits,STORE_VISIT,2026-06-04,23.833333,0.0
GERAL,GERAL,Store visits,STORE_VISIT,2026-06-05,16.75,0.0
GERAL,GERAL,Store visits,STORE_VISIT,2026-06-06,7595.264978,0.0
GERAL,GERAL,Store visits,STORE_VISIT,2026-06-07,8276.927172,0.0
GERAL,GERAL,Store visits,STORE_VISIT,2026-06-08,6521.043474,0.0
GERAL,GERAL,Store visits,STORE_VISIT,2026-06-09,6508.938364,0.0
GERAL,GERAL,Store visits,STORE_VISIT,2026-06-10,7468.307621,0.0
GERAL,GERAL,Store visits,STORE_VISIT,2026-06-11,7511.402351,0.0
GERAL,GERAL,Store visits,STORE_VISIT,2026-06-12,7677.717343,0.0
GERAL,GERAL,Store visits,STORE_VISIT,2026-06-13,7891.047069,0.0
GERAL,GERAL,Store visits,STORE_VISIT,2026-06-14,6779.183903,0.0
GERAL,GERAL,Store visits,STORE_VISIT,2026-06-16,33.533333,0.0
GERAL,GERAL,Store visits,STORE_VISIT,2026-06-17,13.0,0.0
GERAL,GERAL,Store visits,STORE_VISIT,2026-06-18,6.0,0.0
GERAL,GERAL,Store visits,STORE_VISIT,2026-06-19,74.0,0.0
GERAL,GERAL,Store visits,STORE_VISIT,2026-06-20,3.0,0.0
GERAL,GERAL,Store visits,STORE_VISIT,2026-06-21,3.0,0.0
GERAL,GERAL,Store visits,STORE_VISIT,2026-06-22,17.0,0.0
GERAL,GERAL,Store visits,STORE_VISIT,2026-06-23,2.0,0.0
GERAL,GERAL,Store visits,STORE_VISIT,2026-06-24,7.5,0.0
GERAL,GERAL,Store visits,STORE_VISIT,2026-06-25,16.833336,0.0
GERAL,GERAL,Store visits,STORE_VISIT,2026-06-26,1207.118583,0.0
GERAL,GERAL,Store visits,STORE_VISIT,2026-06-27,1944.971062,0.0
GERAL,GERAL,Store visits,STORE_VISIT,2026-06-28,2215.984213,0.0
GERAL,GERAL,Store visits,STORE_VISIT,2026-06-29,900.196994,0.0
GERAL,GERAL,Store visits,STORE_VISIT,2026-06-30,1366.329783,0.0
GERAL,GERAL,Store visits,STORE_VISIT,2026-07-01,1441.329465,0.0
GERAL,GERAL,Store visits,STORE_VISIT,2026-07-02,1436.436642,0.0
GERAL,GERAL,Store visits,STORE_VISIT,2026-07-03,2066.992495,0.0
GERAL,GERAL,Store visits,STORE_VISIT,2026-07-04,2784.104014,0.0
GERAL,GERAL,Store visits,STORE_VISIT,2026-07-05,1466.07868,0.0
GERAL,GERAL,Store visits,STORE_VISIT,2026-07-06,1291.719447,0.0
GERAL,GERAL,Store visits,STORE_VISIT,2026-07-07,1388.027243,0.0
GERAL,GERAL,Store visits,STORE_VISIT,2026-07-08,1581.624713,0.0
GERAL,GERAL,Store visits,STORE_VISIT,2026-07-09,1515.634685,0.0
GERAL,GERAL,Store visits,STORE_VISIT,2026-07-10,2357.687953,0.0
GERAL,GERAL,Store visits,STORE_VISIT,2026-07-11,4372.95262,0.0
GERAL,GERAL,Store visits,STORE_VISIT,2026-07-12,3397.996527,0.0
GERAL,GERAL,Store visits,STORE_VISIT,2026-07-13,2186.544256,0.0
GERAL,GERAL,Store visits,STORE_VISIT,2026-07-14,2599.339019,0.0
GERAL,GERAL,Store visits,STORE_VISIT,2026-07-15,2664.485632,0.0
GERAL,GERAL,Store visits,STORE_VISIT,2026-07-16,2612.946356,0.0
GERAL,GERAL,Store visits,STORE_VISIT,2026-07-17,2998.651043,0.0
GERAL,GERAL,Store visits,STORE_VISIT,2026-07-18,4081.888845,0.0
GERAL,GERAL,Store visits,STORE_VISIT,2026-07-19,2895.432602,0.0
GERAL,GERAL,Store visits,STORE_VISIT,2026-07-20,3421.44716,0.0
GERAL,GERAL,Store visits,STORE_VISIT,2026-07-21,3975.182962,0.0
GERAL,GERAL,Store visits,STORE_VISIT,2026-07-22,4165.983044,0.0
GERAL,GERAL,Store visits,STORE_VISIT,2026-07-23,3824.321429,0.0
GERAL,GERAL,Store visits,STORE_VISIT,2026-07-24,4127.670824,0.0
GERAL,GERAL,Store visits,STORE_VISIT,2026-07-25,4859.482849,0.0
GERAL,GERAL,Store visits,STORE_VISIT,2026-07-26,4122.783493,0.0
GERAL,GERAL,Store visits,STORE_VISIT,2026-07-27,4425.646786,0.0
GERAL,GERAL,Store visits,STORE_VISIT,2026-07-28,5945.043591,0.0
GERAL,GERAL,Store visits,STORE_VISIT,2026-07-29,8142.81088,0.0
GERAL,GERAL,Store visits,STORE_VISIT,2026-07-30,7761.281745,0.0
GERAL,GERAL,Store visits,STORE_VISIT,2026-07-31,7587.312088,0.0
GERAL,GERAL,Store visits,STORE_VISIT,2026-08-01,8444.553056,0.0
GERAL,GERAL,Store visits,STORE_VISIT,2026-08-02,8768.977062,0.0
GERAL,GERAL,Store visits,STORE_VISIT,2026-08-03,6923.663808,0.0
GERAL,GERAL,Store visits,STORE_VISIT,2026-08-04,6974.206479,0.0
GERAL,GERAL,Store visits,STORE_VISIT,2026-08-05,7240.3948,0.0
GERAL,GERAL,Store visits,STORE_VISIT,2026-08-06,7367.134959,0.0
GERAL,GERAL,Store visits,STORE_VISIT,2026-08-07,8072.546626,0.0
GERAL,GERAL,Store visits,STORE_VISIT,2026-08-08,10315.184234,0.0
GERAL,GERAL,Store visits,STORE_VISIT,2026-08-09,7445.032452,0.0
GERAL,GERAL,Store visits,STORE_VISIT,2026-08-10,4872.448312,0.0
GERAL,GERAL,Store visits,STORE_VISIT,2026-08-11,5081.868683,0.0
GERAL,GERAL,Store visits,STORE_VISIT,2026-08-12,4984.631246,0.0
GERAL,GERAL,Store visits,STORE_VISIT,2026-08-13,4161.426069,0.0
GERAL,GERAL,Store visits,STORE_VISIT,2026-08-14,5113.032849,0.0
GERAL,GERAL,Store visits,STORE_VISIT,2026-08-15,7220.050287,0.0
GERAL,GERAL,Store visits,STORE_VISIT,2026-08-16,6263.90428,0.0
GERAL,GERAL,Store visits,STORE_VISIT,2026-08-17,2021.048921,0.0
GERAL,GERAL,Store visits,STORE_VISIT,2026-08-18,2252.860047,0.0
GERAL,GERAL,Store visits,STORE_VISIT,2026-08-19,1862.25871,0.0
GERAL,GERAL,Store visits,STORE_VISIT,2026-08-20,1414.854776,0.0
GERAL,GERAL,Store visits,STORE_VISIT,2026-08-21,1840.01175,0.0
GERAL,GERAL,Store visits,STORE_VISIT,2026-08-22,2987.649488,0.0
GERAL,GERAL,Store visits,STORE_VISIT,2026-08-23,2300.959355,0.0
GERAL,GERAL,Store visits,STORE_VISIT,2026-08-24,1806.385994,0.0
GERAL,GERAL,Store visits,STORE_VISIT,2026-08-25,1570.473683,0.0
GERAL,GERAL,Store visits,STORE_VISIT,2026-08-26,1428.400805,0.0
GERAL,GERAL,Store visits,STORE_VISIT,2026-08-27,1485.360372,0.0
GERAL,GERAL,Store visits,STORE_VISIT,2026-08-28,2015.46075,0.0
GERAL,GERAL,Store visits,STORE_VISIT,2026-08-29,2937.347056,0.0
GERAL,GERAL,Store visits,STORE_VISIT,2026-08-30,2519.426986,0.0
GERAL,GERAL,Store visits,STORE_VISIT,2026-08-31,1480.357733,0.0
GERAL,GERAL,Store visits,STORE_VISIT,2026-09-01,1749.97857,0.0
GERAL,GERAL,Store visits,STORE_VISIT,2026-09-02,1871.832388,0.0
GERAL,GERAL,Store visits,STORE_VISIT,2026-09-03,1471.851195,0.0
GERAL,GERAL,Store visits,STORE_VISIT,2026-09-04,2060.832978,0.0
GERAL,GERAL,Store visits,STORE_VISIT,2026-09-05,2902.310074,0.0
GERAL,GERAL,Store visits,STORE_VISIT,2026-09-06,2900.534371,0.0
GERAL,GERAL,Store visits,STORE_VISIT,2026-09-07,2253.21645,0.0
GERAL,GERAL,Store visits,STORE_VISIT,2026-09-08,1455.033204,0.0
GERAL,GERAL,Store visits,STORE_VISIT,2026-09-09,1962.304902,0.0
GERAL,GERAL,Store visits,STORE_VISIT,2026-09-10,2960.781304,0.0
GERAL,GERAL,Store visits,STORE_VISIT,2026-09-11,3467.438705,0.0
GERAL,GERAL,Store visits,STORE_VISIT,2026-09-12,3832.657706,0.0
GERAL,GERAL,Store visits,STORE_VISIT,2026-09-13,3635.987376,0.0
GERAL,GERAL,Store visits,STORE_VISIT,2026-09-14,2310.985049,0.0
GERAL,GERAL,Store visits,STORE_VISIT,2026-09-15,2210.547738,0.0
GERAL,GERAL,Store visits,STORE_VISIT,2026-09-16,1954.587235,0.0
GERAL,GERAL,Store visits,STORE_VISIT,2026-09-17,1595.82911,0.0
GERAL,GERAL,Store visits,STORE_VISIT,2026-09-18,1950.360548,0.0
GERAL,GERAL,Store visits,STORE_VISIT,2026-09-19,2628.41712,0.0
GERAL,GERAL,Store visits,STORE_VISIT,2026-09-20,792.82929,0.0
GERAL,GERAL,intencaodonwloadandroidBS,OUTBOUND_CLICK,2025-10-07,1.0,0.0
GERAL,GERAL,intencaodonwloadandroidBS,OUTBOUND_CLICK,2025-10-12,1.0,0.0
GERAL,GERAL,intencaodonwloadandroidBS,OUTBOUND_CLICK,2025-10-15,1.0,0.0
GERAL,GERAL,intencaodonwloadandroidBS,OUTBOUND_CLICK,2025-10-16,1.0,0.0
GERAL,GERAL,intencaodonwloadandroidBS,OUTBOUND_CLICK,2025-10-22,1.0,0.0
GERAL,GERAL,intencaodonwloadandroidBS,OUTBOUND_CLICK,2025-10-24,1.0,0.0
GERAL,GERAL,intencaodonwloadandroidBS,OUTBOUND_CLICK,2025-10-30,1.0,0.0
GERAL,GERAL,intencaodonwloadandroidBS,OUTBOUND_CLICK,2025-10-31,1.0,0.0
GERAL,GERAL,intencaodonwloadandroidBS,OUTBOUND_CLICK,2025-11-03,1.0,0.0
GERAL,GERAL,intencaodonwloadandroidBS,OUTBOUND_CLICK,2025-11-05,1.0,0.0
GERAL,GERAL,intencaodonwloadandroidBS,OUTBOUND_CLICK,2025-11-10,1.0,0.0
GERAL,GERAL,intencaodonwloadandroidBS,OUTBOUND_CLICK,2025-11-11,2.0,0.0
GERAL,GERAL,intencaodonwloadandroidBS,OUTBOUND_CLICK,2025-11-12,1.0,0.0
GERAL,GERAL,intencaodonwloadandroidBS,OUTBOUND_CLICK,2025-11-14,2.0,0.0
GERAL,GERAL,intencaodonwloadandroidBS,OUTBOUND_CLICK,2025-11-15,1.0,0.0
GERAL,GERAL,intencaodonwloadandroidBS,OUTBOUND_CLICK,2025-11-16,6.0,0.0
GERAL,GERAL,intencaodonwloadandroidBS,OUTBOUND_CLICK,2025-11-17,2.0,0.0
GERAL,GERAL,intencaodonwloadandroidBS,OUTBOUND_CLICK,2025-11-18,2.0,0.0
GERAL,GERAL,intencaodonwloadandroidBS,OUTBOUND_CLICK,2025-11-19,1.0,0.0
GERAL,GERAL,intencaodonwloadandroidBS,OUTBOUND_CLICK,2025-11-20,3.0,0.0
GERAL,GERAL,intencaodonwloadandroidBS,OUTBOUND_CLICK,2025-11-22,3.0,0.0
GERAL,GERAL,intencaodonwloadandroidBS,OUTBOUND_CLICK,2025-11-23,7.0,0.0
GERAL,GERAL,intencaodonwloadandroidBS,OUTBOUND_CLICK,2025-11-24,2.0,0.0
GERAL,GERAL,intencaodonwloadandroidBS,OUTBOUND_CLICK,2025-11-25,2.0,0.0
GERAL,GERAL,intencaodonwloadandroidBS,OUTBOUND_CLICK,2025-11-26,3.0,0.0
GERAL,GERAL,intencaodonwloadandroidBS,OUTBOUND_CLICK,2025-11-27,4.0,0.0
GERAL,GERAL,intencaodonwloadandroidBS,OUTBOUND_CLICK,2025-11-28,3.0,0.0
GERAL,GERAL,intencaodonwloadandroidBS,OUTBOUND_CLICK,2025-11-29,1.0,0.0
GERAL,GERAL,intencaodonwloadandroidBS,OUTBOUND_CLICK,2025-11-30,2.0,0.0
GERAL,GERAL,intencaodonwloadandroidBS,OUTBOUND_CLICK,2025-12-01,2.0,0.0
GERAL,GERAL,intencaodonwloadandroidBS,OUTBOUND_CLICK,2025-12-02,2.0,0.0
GERAL,GERAL,intencaodonwloadandroidBS,OUTBOUND_CLICK,2025-12-03,2.0,0.0
GERAL,GERAL,intencaodonwloadandroidBS,OUTBOUND_CLICK,2025-12-05,3.0,0.0
GERAL,GERAL,intencaodonwloadandroidBS,OUTBOUND_CLICK,2025-12-06,1.0,0.0
GERAL,GERAL,intencaodonwloadandroidBS,OUTBOUND_CLICK,2025-12-07,1.0,0.0
GERAL,GERAL,intencaodonwloadandroidBS,OUTBOUND_CLICK,2025-12-09,1.0,0.0
GERAL,GERAL,intencaodonwloadandroidBS,OUTBOUND_CLICK,2025-12-16,1.0,0.0
GERAL,GERAL,intencaodonwloadandroidBS,OUTBOUND_CLICK,2025-12-18,1.0,0.0
GERAL,GERAL,intencaodonwloadandroidBS,OUTBOUND_CLICK,2025-12-20,1.0,0.0
GERAL,GERAL,intencaodonwloadandroidBS,OUTBOUND_CLICK,2025-12-21,1.0,0.0
GERAL,GERAL,intencaodonwloadandroidBS,OUTBOUND_CLICK,2025-12-22,2.0,0.0
GERAL,GERAL,intencaodonwloadandroidBS,OUTBOUND_CLICK,2025-12-29,1.0,0.0
GERAL,GERAL,intencaodonwloadandroidBS,OUTBOUND_CLICK,2026-01-01,1.0,0.0
GERAL,GERAL,intencaodonwloadandroidBS,OUTBOUND_CLICK,2026-01-06,1.0,0.0
GERAL,GERAL,intencaodonwloadandroidBS,OUTBOUND_CLICK,2026-01-08,1.0,0.0
GERAL,GERAL,intencaodonwloadandroidBS,OUTBOUND_CLICK,2026-01-09,1.0,0.0
GERAL,GERAL,intencaodonwloadandroidBS,OUTBOUND_CLICK,2026-01-10,1.0,0.0
GERAL,GERAL,intencaodonwloadandroidBS,OUTBOUND_CLICK,2026-01-11,1.0,0.0
GERAL,GERAL,intencaodonwloadandroidBS,OUTBOUND_CLICK,2026-01-14,1.0,0.0
GERAL,GERAL,intencaodonwloadandroidBS,OUTBOUND_CLICK,2026-01-15,2.0,0.0
GERAL,GERAL,intencaodonwloadandroidBS,OUTBOUND_CLICK,2026-01-18,3.5,0.0
GERAL,GERAL,intencaodonwloadandroidBS,OUTBOUND_CLICK,2026-01-19,1.5,0.0
GERAL,GERAL,intencaodonwloadandroidBS,OUTBOUND_CLICK,2026-01-20,1.0,0.0
GERAL,GERAL,intencaodonwloadandroidBS,OUTBOUND_CLICK,2026-01-22,1.0,0.0
GERAL,GERAL,intencaodonwloadandroidBS,OUTBOUND_CLICK,2026-01-25,2.0,0.0
GERAL,GERAL,intencaodonwloadandroidBS,OUTBOUND_CLICK,2026-02-03,2.0,0.0
GERAL,GERAL,intencaodonwloadandroidBS,OUTBOUND_CLICK,2026-02-04,1.0,0.0
GERAL,GERAL,intencaodonwloadandroidBS,OUTBOUND_CLICK,2026-02-07,6.0,0.0
GERAL,GERAL,intencaodonwloadandroidBS,OUTBOUND_CLICK,2026-02-12,1.0,0.0
GERAL,GERAL,intencaodonwloadandroidBS,OUTBOUND_CLICK,2026-02-17,2.0,0.0
GERAL,GERAL,intencaodonwloadandroidBS,OUTBOUND_CLICK,2026-02-18,1.0,0.0
GERAL,GERAL,intencaodonwloadandroidBS,OUTBOUND_CLICK,2026-03-02,2.0,0.0
GERAL,GERAL,intencaodonwloadandroidBS,OUTBOUND_CLICK,2026-03-03,1.0,0.0
GERAL,GERAL,intencaodonwloadandroidBS,OUTBOUND_CLICK,2026-03-04,1.0,0.0
GERAL,GERAL,intencaodonwloadandroidBS,OUTBOUND_CLICK,2026-03-06,0.006938,0.0
GERAL,GERAL,intencaodonwloadandroidBS,OUTBOUND_CLICK,2026-03-14,1.0,0.0
GERAL,GERAL,intencaodonwloadandroidBS,OUTBOUND_CLICK,2026-03-18,1.0,0.0
GERAL,GERAL,intencaodonwloadandroidBS,OUTBOUND_CLICK,2026-03-20,1.0,0.0
GERAL,GERAL,intencaodonwloadandroidBS,OUTBOUND_CLICK,2026-03-21,1.007766,0.0
GERAL,GERAL,intencaodonwloadandroidBS,OUTBOUND_CLICK,2026-03-22,1.0,0.0
GERAL,GERAL,intencaodonwloadandroidBS,OUTBOUND_CLICK,2026-03-23,1.0,0.0
GERAL,GERAL,intencaodonwloadandroidBS,OUTBOUND_CLICK,2026-03-24,2.0,0.0
GERAL,GERAL,intencaodonwloadandroidBS,OUTBOUND_CLICK,2026-03-26,1.007763,0.0
GERAL,GERAL,intencaodonwloadandroidBS,OUTBOUND_CLICK,2026-03-29,1.0,0.0
GERAL,GERAL,intencaodonwloadandroidBS,OUTBOUND_CLICK,2026-03-30,1.0,0.0
GERAL,GERAL,intencaodonwloadandroidBS,OUTBOUND_CLICK,2026-03-31,1.008299,0.0
GERAL,GERAL,intencaodonwloadandroidBS,OUTBOUND_CLICK,2026-04-01,2.0,0.0
GERAL,GERAL,intencaodonwloadandroidBS,OUTBOUND_CLICK,2026-04-02,1.007507,0.0
GERAL,GERAL,intencaodonwloadandroidBS,OUTBOUND_CLICK,2026-04-03,4.993062,0.0
GERAL,GERAL,intencaodonwloadandroidBS,OUTBOUND_CLICK,2026-04-04,1.007766,0.0
GERAL,GERAL,intencaodonwloadandroidBS,OUTBOUND_CLICK,2026-04-05,6.992493,0.0
GERAL,GERAL,intencaodonwloadandroidBS,OUTBOUND_CLICK,2026-04-06,1.0,0.0
GERAL,GERAL,intencaodonwloadandroidBS,OUTBOUND_CLICK,2026-04-07,1.0,0.0
GERAL,GERAL,intencaodonwloadandroidBS,OUTBOUND_CLICK,2026-04-09,2.0,0.0
GERAL,GERAL,intencaodonwloadandroidBS,OUTBOUND_CLICK,2026-04-10,0.992237,0.0
GERAL,GERAL,intencaodonwloadandroidBS,OUTBOUND_CLICK,2026-04-11,2.000533,0.0
GERAL,GERAL,intencaodonwloadandroidBS,OUTBOUND_CLICK,2026-04-12,3.992234,0.0
GERAL,GERAL,intencaodonwloadandroidBS,OUTBOUND_CLICK,2026-04-14,2.991701,0.0
GERAL,GERAL,intencaodonwloadandroidBS,OUTBOUND_CLICK,2026-04-15,1.991701,0.0
GERAL,GERAL,intencaodonwloadandroidBS,OUTBOUND_CLICK,2026-04-16,1.0,0.0
GERAL,GERAL,intencaodonwloadandroidBS,OUTBOUND_CLICK,2026-04-18,2.0,0.0
GERAL,GERAL,intencaodonwloadandroidBS,OUTBOUND_CLICK,2026-04-19,4.0,0.0
GERAL,GERAL,intencaodonwloadandroidBS,OUTBOUND_CLICK,2026-04-21,1.0,0.0
GERAL,GERAL,intencaodonwloadandroidBS,OUTBOUND_CLICK,2026-04-22,1.0,0.0
GERAL,GERAL,intencaodonwloadandroidBS,OUTBOUND_CLICK,2026-04-23,1.0,0.0
GERAL,GERAL,intencaodonwloadandroidBS,OUTBOUND_CLICK,2026-04-25,1.0,0.0
GERAL,GERAL,intencaodonwloadandroidBS,OUTBOUND_CLICK,2026-04-26,3.0,0.0
GERAL,GERAL,intencaodonwloadandroidBS,OUTBOUND_CLICK,2026-04-27,3.0,0.0
GERAL,GERAL,intencaodonwloadandroidBS,OUTBOUND_CLICK,2026-04-28,1.0,0.0
GERAL,GERAL,intencaodonwloadandroidBS,OUTBOUND_CLICK,2026-04-30,2.007882,0.0
GERAL,GERAL,intencaodonwloadandroidBS,OUTBOUND_CLICK,2026-05-01,3.2,0.0
GERAL,GERAL,intencaodonwloadandroidBS,OUTBOUND_CLICK,2026-05-02,3.0,0.0
GERAL,GERAL,intencaodonwloadandroidBS,OUTBOUND_CLICK,2026-05-07,5.0,0.0
GERAL,GERAL,intencaodonwloadandroidBS,OUTBOUND_CLICK,2026-05-09,1.0,0.0
GERAL,GERAL,intencaodonwloadandroidBS,OUTBOUND_CLICK,2026-05-10,3.0,0.0
GERAL,GERAL,intencaodonwloadandroidBS,OUTBOUND_CLICK,2026-05-11,1.0,0.0
GERAL,GERAL,intencaodonwloadandroidBS,OUTBOUND_CLICK,2026-05-13,0.007934,0.0
GERAL,GERAL,intencaodonwloadandroidBS,OUTBOUND_CLICK,2026-05-15,1.00862,0.0
GERAL,GERAL,intencaodonwloadandroidBS,OUTBOUND_CLICK,2026-05-16,4.0,0.0
GERAL,GERAL,intencaodonwloadandroidBS,OUTBOUND_CLICK,2026-05-17,1.0,0.0
GERAL,GERAL,intencaodonwloadandroidBS,OUTBOUND_CLICK,2026-05-18,2.0,0.0
GERAL,GERAL,intencaodonwloadandroidBS,OUTBOUND_CLICK,2026-05-19,1.008794,0.0
GERAL,GERAL,intencaodonwloadandroidBS,OUTBOUND_CLICK,2026-05-20,0.992066,0.0
GERAL,GERAL,intencaodonwloadandroidBS,OUTBOUND_CLICK,2026-05-21,2.0,0.0
GERAL,GERAL,intencaodonwloadandroidBS,OUTBOUND_CLICK,2026-05-22,0.401867,0.0
GERAL,GERAL,intencaodonwloadandroidBS,OUTBOUND_CLICK,2026-05-23,0.992118,0.0
GERAL,GERAL,intencaodonwloadandroidBS,OUTBOUND_CLICK,2026-05-24,1.015147,0.0
GERAL,GERAL,intencaodonwloadandroidBS,OUTBOUND_CLICK,2026-05-25,2.2,0.0
GERAL,GERAL,intencaodonwloadandroidBS,OUTBOUND_CLICK,2026-05-26,0.2,0.0
GERAL,GERAL,intencaodonwloadandroidBS,OUTBOUND_CLICK,2026-05-27,3.5,0.0
GERAL,GERAL,intencaodonwloadandroidBS,OUTBOUND_CLICK,2026-05-28,2.0,0.0
GERAL,GERAL,intencaodonwloadandroidBS,OUTBOUND_CLICK,2026-05-29,1.000692,0.0
GERAL,GERAL,intencaodonwloadandroidBS,OUTBOUND_CLICK,2026-05-30,4.897035,0.0
GERAL,GERAL,intencaodonwloadandroidBS,OUTBOUND_CLICK,2026-05-31,8.511804,0.0
GERAL,GERAL,intencaodonwloadandroidBS,OUTBOUND_CLICK,2026-06-01,5.384104,0.0
GERAL,GERAL,intencaodonwloadandroidBS,OUTBOUND_CLICK,2026-06-02,2.5,0.0
GERAL,GERAL,intencaodonwloadandroidBS,OUTBOUND_CLICK,2026-06-06,5.0,0.0
GERAL,GERAL,intencaodonwloadandroidBS,OUTBOUND_CLICK,2026-06-07,7.648978,0.0
GERAL,GERAL,intencaodonwloadandroidBS,OUTBOUND_CLICK,2026-06-08,4.331467,0.0
GERAL,GERAL,intencaodonwloadandroidBS,OUTBOUND_CLICK,2026-06-09,2.216725,0.0
GERAL,GERAL,intencaodonwloadandroidBS,OUTBOUND_CLICK,2026-06-10,7.5,0.0
GERAL,GERAL,intencaodonwloadandroidBS,OUTBOUND_CLICK,2026-06-11,5.5,0.0
GERAL,GERAL,intencaodonwloadandroidBS,OUTBOUND_CLICK,2026-06-12,7.09506,0.0
GERAL,GERAL,intencaodonwloadandroidBS,OUTBOUND_CLICK,2026-06-13,2.879707,0.0
GERAL,GERAL,intencaodonwloadandroidBS,OUTBOUND_CLICK,2026-06-14,4.754467,0.0
GERAL,GERAL,intencaodonwloadandroidBS,OUTBOUND_CLICK,2026-06-27,2.0,0.0
GERAL,GERAL,intencaodonwloadandroidBS,OUTBOUND_CLICK,2026-06-28,3.000453,0.0
GERAL,GERAL,intencaodonwloadandroidBS,OUTBOUND_CLICK,2026-06-29,1.0,0.0
GERAL,GERAL,intencaodonwloadandroidBS,OUTBOUND_CLICK,2026-06-30,4.280369,0.0
GERAL,GERAL,intencaodonwloadandroidBS,OUTBOUND_CLICK,2026-07-01,2.964711,0.0
GERAL,GERAL,intencaodonwloadandroidBS,OUTBOUND_CLICK,2026-07-03,4.0,0.0
GERAL,GERAL,intencaodonwloadandroidBS,OUTBOUND_CLICK,2026-07-04,1.0,0.0
GERAL,GERAL,intencaodonwloadandroidBS,OUTBOUND_CLICK,2026-07-05,3.0,0.0
GERAL,GERAL,intencaodonwloadandroidBS,OUTBOUND_CLICK,2026-07-06,3.006512,0.0
GERAL,GERAL,intencaodonwloadandroidBS,OUTBOUND_CLICK,2026-07-07,1.0,0.0
GERAL,GERAL,intencaodonwloadandroidBS,OUTBOUND_CLICK,2026-07-08,0.006513,0.0
GERAL,GERAL,intencaodonwloadandroidBS,OUTBOUND_CLICK,2026-07-09,1.0,0.0
GERAL,GERAL,intencaodonwloadandroidBS,OUTBOUND_CLICK,2026-07-11,4.0,0.0
GERAL,GERAL,intencaodonwloadandroidBS,OUTBOUND_CLICK,2026-07-12,2.0,0.0
GERAL,GERAL,intencaodonwloadandroidBS,OUTBOUND_CLICK,2026-07-13,0.25,0.0
GERAL,GERAL,intencaodonwloadandroidBS,OUTBOUND_CLICK,2026-07-14,1.75,0.0
GERAL,GERAL,intencaodonwloadandroidBS,OUTBOUND_CLICK,2026-07-15,0.986975,0.0
GERAL,GERAL,intencaodonwloadandroidBS,OUTBOUND_CLICK,2026-07-16,2.008948,0.0
GERAL,GERAL,intencaodonwloadandroidBS,OUTBOUND_CLICK,2026-07-17,0.2,0.0
GERAL,GERAL,intencaodonwloadandroidBS,OUTBOUND_CLICK,2026-07-18,1.0,0.0
GERAL,GERAL,intencaodonwloadandroidBS,OUTBOUND_CLICK,2026-07-19,1.0,0.0
GERAL,GERAL,intencaodonwloadandroidBS,OUTBOUND_CLICK,2026-07-20,0.333333,0.0
GERAL,GERAL,intencaodonwloadandroidBS,OUTBOUND_CLICK,2026-07-21,3.6,0.0
GERAL,GERAL,intencaodonwloadandroidBS,OUTBOUND_CLICK,2026-07-22,2.0,0.0
GERAL,GERAL,intencaodonwloadandroidBS,OUTBOUND_CLICK,2026-07-24,2.2,0.0
GERAL,GERAL,intencaodonwloadandroidBS,OUTBOUND_CLICK,2026-07-25,2.0,0.0
GERAL,GERAL,intencaodonwloadandroidBS,OUTBOUND_CLICK,2026-07-26,3.0,0.0
GERAL,GERAL,intencaodonwloadandroidBS,OUTBOUND_CLICK,2026-07-27,3.0,0.0
GERAL,GERAL,intencaodonwloadandroidBS,OUTBOUND_CLICK,2026-07-28,5.0,0.0
GERAL,GERAL,intencaodonwloadandroidBS,OUTBOUND_CLICK,2026-07-29,3.333333,0.0
GERAL,GERAL,intencaodonwloadandroidBS,OUTBOUND_CLICK,2026-07-30,10.333334,0.0
GERAL,GERAL,intencaodonwloadandroidBS,OUTBOUND_CLICK,2026-07-31,5.0,0.0
GERAL,GERAL,intencaodonwloadandroidBS,OUTBOUND_CLICK,2026-08-01,8.19821,0.0
GERAL,GERAL,intencaodonwloadandroidBS,OUTBOUND_CLICK,2026-08-02,6.792842,0.0
GERAL,GERAL,intencaodonwloadandroidBS,OUTBOUND_CLICK,2026-08-03,5.5,0.0
GERAL,GERAL,intencaodonwloadandroidBS,OUTBOUND_CLICK,2026-08-04,6.0,0.0
GERAL,GERAL,intencaodonwloadandroidBS,OUTBOUND_CLICK,2026-08-05,4.0,0.0
GERAL,GERAL,intencaodonwloadandroidBS,OUTBOUND_CLICK,2026-08-06,2.5,0.0
GERAL,GERAL,intencaodonwloadandroidBS,OUTBOUND_CLICK,2026-08-07,1.018761,0.0
GERAL,GERAL,intencaodonwloadandroidBS,OUTBOUND_CLICK,2026-08-08,9.004668,0.0
GERAL,GERAL,intencaodonwloadandroidBS,OUTBOUND_CLICK,2026-08-09,3.002357,0.0
GERAL,GERAL,intencaodonwloadandroidBS,OUTBOUND_CLICK,2026-08-10,2.0,0.0
GERAL,GERAL,intencaodonwloadandroidBS,OUTBOUND_CLICK,2026-08-11,3.299636,0.0
GERAL,GERAL,intencaodonwloadandroidBS,OUTBOUND_CLICK,2026-08-12,5.0,0.0
GERAL,GERAL,intencaodonwloadandroidBS,OUTBOUND_CLICK,2026-08-13,1.674578,0.0
GERAL,GERAL,intencaodonwloadandroidBS,OUTBOUND_CLICK,2026-08-14,3.0,0.0
GERAL,GERAL,intencaodonwloadandroidBS,OUTBOUND_CLICK,2026-08-15,3.0,0.0
GERAL,GERAL,intencaodonwloadandroidBS,OUTBOUND_CLICK,2026-08-16,3.0,0.0
GERAL,GERAL,intencaodonwloadandroidBS,OUTBOUND_CLICK,2026-08-17,1.0,0.0
GERAL,GERAL,intencaodonwloadandroidBS,OUTBOUND_CLICK,2026-08-18,2.0,0.0
GERAL,GERAL,intencaodonwloadandroidBS,OUTBOUND_CLICK,2026-08-19,1.0,0.0
GERAL,GERAL,intencaodonwloadandroidBS,OUTBOUND_CLICK,2026-08-21,1.0,0.0
GERAL,GERAL,intencaodonwloadandroidBS,OUTBOUND_CLICK,2026-08-23,1.0,0.0
GERAL,GERAL,intencaodonwloadandroidBS,OUTBOUND_CLICK,2026-08-24,1.0,0.0
GERAL,GERAL,intencaodonwloadandroidBS,OUTBOUND_CLICK,2026-08-26,1.007488,0.0
GERAL,GERAL,intencaodonwloadandroidBS,OUTBOUND_CLICK,2026-08-29,1.0,0.0
GERAL,GERAL,intencaodonwloadandroidBS,OUTBOUND_CLICK,2026-08-31,2.0,0.0
GERAL,GERAL,intencaodonwloadandroidBS,OUTBOUND_CLICK,2026-09-01,1.0,0.0
GERAL,GERAL,intencaodonwloadandroidBS,OUTBOUND_CLICK,2026-09-02,2.992512,0.0
GERAL,GERAL,intencaodonwloadandroidBS,OUTBOUND_CLICK,2026-09-04,1.0,0.0
GERAL,GERAL,intencaodonwloadandroidBS,OUTBOUND_CLICK,2026-09-05,1.0,0.0
GERAL,GERAL,intencaodonwloadandroidBS,OUTBOUND_CLICK,2026-09-08,1.0,0.0
GERAL,GERAL,intencaodonwloadandroidBS,OUTBOUND_CLICK,2026-09-09,1.0,0.0
GERAL,GERAL,intencaodonwloadandroidBS,OUTBOUND_CLICK,2026-09-10,2.0,0.0
GERAL,GERAL,intencaodonwloadandroidBS,OUTBOUND_CLICK,2026-09-19,1.0,0.0
GERAL,GERAL,intencaodonwloadandroidBS,OUTBOUND_CLICK,2026-09-20,1.0,0.0
GERAL,GERAL,intencaodonwloadandroidBS,OUTBOUND_CLICK,2026-09-23,2.0,0.0
GERAL,GERAL,intencaodownloadandroidNK,OUTBOUND_CLICK,2025-09-28,1.0,0.0
GERAL,GERAL,intencaodownloadandroidNK,OUTBOUND_CLICK,2025-10-08,1.0,0.0
GERAL,GERAL,intencaodownloadandroidNK,OUTBOUND_CLICK,2025-10-17,1.0,0.0
GERAL,GERAL,intencaodownloadandroidNK,OUTBOUND_CLICK,2025-10-18,1.0,0.0
GERAL,GERAL,intencaodownloadandroidNK,OUTBOUND_CLICK,2025-10-21,1.0,0.0
GERAL,GERAL,intencaodownloadandroidNK,OUTBOUND_CLICK,2025-10-22,1.0,0.0
GERAL,GERAL,intencaodownloadandroidNK,OUTBOUND_CLICK,2025-10-25,1.0,0.0
GERAL,GERAL,intencaodownloadandroidNK,OUTBOUND_CLICK,2025-10-30,1.0,0.0
GERAL,GERAL,intencaodownloadandroidNK,OUTBOUND_CLICK,2025-11-03,1.0,0.0
GERAL,GERAL,intencaodownloadandroidNK,OUTBOUND_CLICK,2025-11-08,3.0,0.0
GERAL,GERAL,intencaodownloadandroidNK,OUTBOUND_CLICK,2025-11-14,1.0,0.0
GERAL,GERAL,intencaodownloadandroidNK,OUTBOUND_CLICK,2025-11-15,3.0,0.0
GERAL,GERAL,intencaodownloadandroidNK,OUTBOUND_CLICK,2025-11-17,1.5,0.0
GERAL,GERAL,intencaodownloadandroidNK,OUTBOUND_CLICK,2025-11-22,1.0,0.0
GERAL,GERAL,intencaodownloadandroidNK,OUTBOUND_CLICK,2025-11-23,1.5,0.0
GERAL,GERAL,intencaodownloadandroidNK,OUTBOUND_CLICK,2025-11-24,0.5,0.0
GERAL,GERAL,intencaodownloadandroidNK,OUTBOUND_CLICK,2025-11-27,3.0,0.0
GERAL,GERAL,intencaodownloadandroidNK,OUTBOUND_CLICK,2025-11-28,2.5,0.0
GERAL,GERAL,intencaodownloadandroidNK,OUTBOUND_CLICK,2025-11-29,1.0,0.0
GERAL,GERAL,intencaodownloadandroidNK,OUTBOUND_CLICK,2025-11-30,3.0,0.0
GERAL,GERAL,intencaodownloadandroidNK,OUTBOUND_CLICK,2025-12-04,2.0,0.0
GERAL,GERAL,intencaodownloadandroidNK,OUTBOUND_CLICK,2025-12-08,2.0,0.0
GERAL,GERAL,intencaodownloadandroidNK,OUTBOUND_CLICK,2025-12-12,1.0,0.0
GERAL,GERAL,intencaodownloadandroidNK,OUTBOUND_CLICK,2025-12-14,2.0,0.0
GERAL,GERAL,intencaodownloadandroidNK,OUTBOUND_CLICK,2025-12-15,2.0,0.0
GERAL,GERAL,intencaodownloadandroidNK,OUTBOUND_CLICK,2025-12-16,2.0,0.0
GERAL,GERAL,intencaodownloadandroidNK,OUTBOUND_CLICK,2025-12-19,2.0,0.0
GERAL,GERAL,intencaodownloadandroidNK,OUTBOUND_CLICK,2025-12-21,3.0,0.0
GERAL,GERAL,intencaodownloadandroidNK,OUTBOUND_CLICK,2025-12-30,1.0,0.0
GERAL,GERAL,intencaodownloadandroidNK,OUTBOUND_CLICK,2026-01-08,1.0,0.0
GERAL,GERAL,intencaodownloadandroidNK,OUTBOUND_CLICK,2026-01-09,1.0,0.0
GERAL,GERAL,intencaodownloadandroidNK,OUTBOUND_CLICK,2026-01-10,2.0,0.0
GERAL,GERAL,intencaodownloadandroidNK,OUTBOUND_CLICK,2026-01-11,2.0,0.0
GERAL,GERAL,intencaodownloadandroidNK,OUTBOUND_CLICK,2026-01-12,1.0,0.0
GERAL,GERAL,intencaodownloadandroidNK,OUTBOUND_CLICK,2026-01-13,1.0,0.0
GERAL,GERAL,intencaodownloadandroidNK,OUTBOUND_CLICK,2026-01-15,2.0,0.0
GERAL,GERAL,intencaodownloadandroidNK,OUTBOUND_CLICK,2026-01-16,1.0,0.0
GERAL,GERAL,intencaodownloadandroidNK,OUTBOUND_CLICK,2026-01-18,2.0,0.0
GERAL,GERAL,intencaodownloadandroidNK,OUTBOUND_CLICK,2026-01-24,1.0,0.0
GERAL,GERAL,intencaodownloadandroidNK,OUTBOUND_CLICK,2026-01-27,1.0,0.0
GERAL,GERAL,intencaodownloadandroidNK,OUTBOUND_CLICK,2026-01-28,3.0,0.0
GERAL,GERAL,intencaodownloadandroidNK,OUTBOUND_CLICK,2026-02-03,1.0,0.0
GERAL,GERAL,intencaodownloadandroidNK,OUTBOUND_CLICK,2026-02-05,1.0,0.0
GERAL,GERAL,intencaodownloadandroidNK,OUTBOUND_CLICK,2026-02-07,0.996746,0.0
GERAL,GERAL,intencaodownloadandroidNK,OUTBOUND_CLICK,2026-02-08,1.0,0.0
GERAL,GERAL,intencaodownloadandroidNK,OUTBOUND_CLICK,2026-02-12,1.0,0.0
GERAL,GERAL,intencaodownloadandroidNK,OUTBOUND_CLICK,2026-02-13,1.0,0.0
GERAL,GERAL,intencaodownloadandroidNK,OUTBOUND_CLICK,2026-03-02,1.0,0.0
GERAL,GERAL,intencaodownloadandroidNK,OUTBOUND_CLICK,2026-03-17,1.0,0.0
GERAL,GERAL,intencaodownloadandroidNK,OUTBOUND_CLICK,2026-03-18,0.014395,0.0
GERAL,GERAL,intencaodownloadandroidNK,OUTBOUND_CLICK,2026-03-19,1.0,0.0
GERAL,GERAL,intencaodownloadandroidNK,OUTBOUND_CLICK,2026-03-21,1.0,0.0
GERAL,GERAL,intencaodownloadandroidNK,OUTBOUND_CLICK,2026-03-22,1.0,0.0
GERAL,GERAL,intencaodownloadandroidNK,OUTBOUND_CLICK,2026-03-26,0.985605,0.0
GERAL,GERAL,intencaodownloadandroidNK,OUTBOUND_CLICK,2026-03-28,1.0,0.0
GERAL,GERAL,intencaodownloadandroidNK,OUTBOUND_CLICK,2026-03-29,2.0,0.0
GERAL,GERAL,intencaodownloadandroidNK,OUTBOUND_CLICK,2026-03-30,3.0,0.0
GERAL,GERAL,intencaodownloadandroidNK,OUTBOUND_CLICK,2026-04-02,2.0,0.0
GERAL,GERAL,intencaodownloadandroidNK,OUTBOUND_CLICK,2026-04-04,0.007665,0.0
GERAL,GERAL,intencaodownloadandroidNK,OUTBOUND_CLICK,2026-04-05,1.992335,0.0
GERAL,GERAL,intencaodownloadandroidNK,OUTBOUND_CLICK,2026-04-06,2.0,0.0
GERAL,GERAL,intencaodownloadandroidNK,OUTBOUND_CLICK,2026-04-11,1.5,0.0
GERAL,GERAL,intencaodownloadandroidNK,OUTBOUND_CLICK,2026-04-12,1.0,0.0
GERAL,GERAL,intencaodownloadandroidNK,OUTBOUND_CLICK,2026-04-13,1.0,0.0
GERAL,GERAL,intencaodownloadandroidNK,OUTBOUND_CLICK,2026-04-14,1.0,0.0
GERAL,GERAL,intencaodownloadandroidNK,OUTBOUND_CLICK,2026-04-18,1.0,0.0
GERAL,GERAL,intencaodownloadandroidNK,OUTBOUND_CLICK,2026-04-19,2.0,0.0
GERAL,GERAL,intencaodownloadandroidNK,OUTBOUND_CLICK,2026-04-20,2.0,0.0
GERAL,GERAL,intencaodownloadandroidNK,OUTBOUND_CLICK,2026-04-21,1.0,0.0
GERAL,GERAL,intencaodownloadandroidNK,OUTBOUND_CLICK,2026-04-25,0.5,0.0
GERAL,GERAL,intencaodownloadandroidNK,OUTBOUND_CLICK,2026-04-26,2.0,0.0
GERAL,GERAL,intencaodownloadandroidNK,OUTBOUND_CLICK,2026-04-28,1.0,0.0
GERAL,GERAL,intencaodownloadandroidNK,OUTBOUND_CLICK,2026-05-02,1.0,0.0
GERAL,GERAL,intencaodownloadandroidNK,OUTBOUND_CLICK,2026-05-12,1.0,0.0
GERAL,GERAL,intencaodownloadandroidNK,OUTBOUND_CLICK,2026-05-14,2.0,0.0
GERAL,GERAL,intencaodownloadandroidNK,OUTBOUND_CLICK,2026-05-17,1.0,0.0
GERAL,GERAL,intencaodownloadandroidNK,OUTBOUND_CLICK,2026-05-19,1.0,0.0
GERAL,GERAL,intencaodownloadandroidNK,OUTBOUND_CLICK,2026-05-20,1.0,0.0
GERAL,GERAL,intencaodownloadandroidNK,OUTBOUND_CLICK,2026-05-21,0.00862,0.0
GERAL,GERAL,intencaodownloadandroidNK,OUTBOUND_CLICK,2026-05-23,0.75,0.0
GERAL,GERAL,intencaodownloadandroidNK,OUTBOUND_CLICK,2026-05-24,3.256875,0.0
GERAL,GERAL,intencaodownloadandroidNK,OUTBOUND_CLICK,2026-05-25,1.0,0.0
GERAL,GERAL,intencaodownloadandroidNK,OUTBOUND_CLICK,2026-05-26,1.003388,0.0
GERAL,GERAL,intencaodownloadandroidNK,OUTBOUND_CLICK,2026-05-27,0.006775,0.0
GERAL,GERAL,intencaodownloadandroidNK,OUTBOUND_CLICK,2026-05-28,2.493125,0.0
GERAL,GERAL,intencaodownloadandroidNK,OUTBOUND_CLICK,2026-05-29,3.993225,0.0
GERAL,GERAL,intencaodownloadandroidNK,OUTBOUND_CLICK,2026-05-30,2.993225,0.0
GERAL,GERAL,intencaodownloadandroidNK,OUTBOUND_CLICK,2026-05-31,3.5,0.0
GERAL,GERAL,intencaodownloadandroidNK,OUTBOUND_CLICK,2026-06-01,1.0,0.0
GERAL,GERAL,intencaodownloadandroidNK,OUTBOUND_CLICK,2026-06-02,0.99138,0.0
GERAL,GERAL,intencaodownloadandroidNK,OUTBOUND_CLICK,2026-06-06,2.0,0.0
GERAL,GERAL,intencaodownloadandroidNK,OUTBOUND_CLICK,2026-06-07,2.0,0.0
GERAL,GERAL,intencaodownloadandroidNK,OUTBOUND_CLICK,2026-06-09,4.0,0.0
GERAL,GERAL,intencaodownloadandroidNK,OUTBOUND_CLICK,2026-06-10,3.756821,0.0
GERAL,GERAL,intencaodownloadandroidNK,OUTBOUND_CLICK,2026-06-11,5.0,0.0
GERAL,GERAL,intencaodownloadandroidNK,OUTBOUND_CLICK,2026-06-12,2.0,0.0
GERAL,GERAL,intencaodownloadandroidNK,OUTBOUND_CLICK,2026-06-13,5.0,0.0
GERAL,GERAL,intencaodownloadandroidNK,OUTBOUND_CLICK,2026-06-14,1.0,0.0
GERAL,GERAL,intencaodownloadandroidNK,OUTBOUND_CLICK,2026-06-26,2.0,0.0
GERAL,GERAL,intencaodownloadandroidNK,OUTBOUND_CLICK,2026-06-27,2.0,0.0
GERAL,GERAL,intencaodownloadandroidNK,OUTBOUND_CLICK,2026-06-28,5.0,0.0
GERAL,GERAL,intencaodownloadandroidNK,OUTBOUND_CLICK,2026-06-30,2.243179,0.0
GERAL,GERAL,intencaodownloadandroidNK,OUTBOUND_CLICK,2026-07-01,3.0,0.0
GERAL,GERAL,intencaodownloadandroidNK,OUTBOUND_CLICK,2026-07-02,1.0,0.0
GERAL,GERAL,intencaodownloadandroidNK,OUTBOUND_CLICK,2026-07-03,2.003396,0.0
GERAL,GERAL,intencaodownloadandroidNK,OUTBOUND_CLICK,2026-07-04,1.0,0.0
GERAL,GERAL,intencaodownloadandroidNK,OUTBOUND_CLICK,2026-07-06,1.0,0.0
GERAL,GERAL,intencaodownloadandroidNK,OUTBOUND_CLICK,2026-07-08,2.0,0.0
GERAL,GERAL,intencaodownloadandroidNK,OUTBOUND_CLICK,2026-07-11,1.006086,0.0
GERAL,GERAL,intencaodownloadandroidNK,OUTBOUND_CLICK,2026-07-12,1.007428,0.0
GERAL,GERAL,intencaodownloadandroidNK,OUTBOUND_CLICK,2026-07-15,2.985144,0.0
GERAL,GERAL,intencaodownloadandroidNK,OUTBOUND_CLICK,2026-07-18,0.008948,0.0
GERAL,GERAL,intencaodownloadandroidNK,OUTBOUND_CLICK,2026-07-20,1.669149,0.0
GERAL,GERAL,intencaodownloadandroidNK,OUTBOUND_CLICK,2026-07-21,5.00158,0.0
GERAL,GERAL,intencaodownloadandroidNK,OUTBOUND_CLICK,2026-07-22,1.999251,0.0
GERAL,GERAL,intencaodownloadandroidNK,OUTBOUND_CLICK,2026-07-23,1.5,0.0
GERAL,GERAL,intencaodownloadandroidNK,OUTBOUND_CLICK,2026-07-24,1.500593,0.0
GERAL,GERAL,intencaodownloadandroidNK,OUTBOUND_CLICK,2026-07-25,0.009582,0.0
GERAL,GERAL,intencaodownloadandroidNK,OUTBOUND_CLICK,2026-07-26,1.000378,0.0
GERAL,GERAL,intencaodownloadandroidNK,OUTBOUND_CLICK,2026-07-27,2.009788,0.0
GERAL,GERAL,intencaodownloadandroidNK,OUTBOUND_CLICK,2026-07-28,1.000756,0.0
GERAL,GERAL,intencaodownloadandroidNK,OUTBOUND_CLICK,2026-07-29,4.994897,0.0
GERAL,GERAL,intencaodownloadandroidNK,OUTBOUND_CLICK,2026-07-30,3.338501,0.0
GERAL,GERAL,intencaodownloadandroidNK,OUTBOUND_CLICK,2026-07-31,5.011301,0.0
GERAL,GERAL,intencaodownloadandroidNK,OUTBOUND_CLICK,2026-08-01,5.98106,0.0
GERAL,GERAL,intencaodownloadandroidNK,OUTBOUND_CLICK,2026-08-02,2.0,0.0
GERAL,GERAL,intencaodownloadandroidNK,OUTBOUND_CLICK,2026-08-03,2.992173,0.0
GERAL,GERAL,intencaodownloadandroidNK,OUTBOUND_CLICK,2026-08-04,2.00701,0.0
GERAL,GERAL,intencaodownloadandroidNK,OUTBOUND_CLICK,2026-08-05,2.998408,0.0
GERAL,GERAL,intencaodownloadandroidNK,OUTBOUND_CLICK,2026-08-06,6.005657,0.0
GERAL,GERAL,intencaodownloadandroidNK,OUTBOUND_CLICK,2026-08-07,1.002664,0.0
GERAL,GERAL,intencaodownloadandroidNK,OUTBOUND_CLICK,2026-08-08,6.002601,0.0
GERAL,GERAL,intencaodownloadandroidNK,OUTBOUND_CLICK,2026-08-09,4.005487,0.0
GERAL,GERAL,intencaodownloadandroidNK,OUTBOUND_CLICK,2026-08-10,1.0,0.0
GERAL,GERAL,intencaodownloadandroidNK,OUTBOUND_CLICK,2026-08-11,1.495925,0.0
GERAL,GERAL,intencaodownloadandroidNK,OUTBOUND_CLICK,2026-08-12,2.495333,0.0
GERAL,GERAL,intencaodownloadandroidNK,OUTBOUND_CLICK,2026-08-13,1.000593,0.0
GERAL,GERAL,intencaodownloadandroidNK,OUTBOUND_CLICK,2026-08-14,2.004484,0.0
GERAL,GERAL,intencaodownloadandroidNK,OUTBOUND_CLICK,2026-08-15,1.003966,0.0
GERAL,GERAL,intencaodownloadandroidNK,OUTBOUND_CLICK,2026-08-16,3.000023,0.0
GERAL,GERAL,intencaodownloadandroidNK,OUTBOUND_CLICK,2026-08-17,1.979422,0.0
GERAL,GERAL,intencaodownloadandroidNK,OUTBOUND_CLICK,2026-08-18,1.992884,0.0
GERAL,GERAL,intencaodownloadandroidNK,OUTBOUND_CLICK,2026-08-22,4.00029,0.0
GERAL,GERAL,intencaodownloadandroidNK,OUTBOUND_CLICK,2026-08-24,1.0,0.0
GERAL,GERAL,intencaodownloadandroidNK,OUTBOUND_CLICK,2026-08-27,0.992608,0.0
GERAL,GERAL,intencaodownloadandroidNK,OUTBOUND_CLICK,2026-08-28,1.0,0.0
GERAL,GERAL,intencaodownloadandroidNK,OUTBOUND_CLICK,2026-08-29,3.00708,0.0
GERAL,GERAL,intencaodownloadandroidNK,OUTBOUND_CLICK,2026-08-30,3.0,0.0
GERAL,GERAL,intencaodownloadandroidNK,OUTBOUND_CLICK,2026-08-31,1.0,0.0
GERAL,GERAL,intencaodownloadandroidNK,OUTBOUND_CLICK,2026-09-02,2.0,0.0
GERAL,GERAL,intencaodownloadandroidNK,OUTBOUND_CLICK,2026-09-03,1.992512,0.0
GERAL,GERAL,intencaodownloadandroidNK,OUTBOUND_CLICK,2026-09-05,1.0,0.0
GERAL,GERAL,intencaodownloadandroidNK,OUTBOUND_CLICK,2026-09-06,2.0,0.0
GERAL,GERAL,intencaodownloadandroidNK,OUTBOUND_CLICK,2026-09-07,1.0,0.0
GERAL,GERAL,intencaodownloadandroidNK,OUTBOUND_CLICK,2026-09-08,0.99292,0.0
GERAL,GERAL,intencaodownloadandroidNK,OUTBOUND_CLICK,2026-09-09,2.99292,0.0
GERAL,GERAL,intencaodownloadandroidNK,OUTBOUND_CLICK,2026-09-11,3.0,0.0
GERAL,GERAL,intencaodownloadandroidNK,OUTBOUND_CLICK,2026-09-12,3.0,0.0
GERAL,GERAL,intencaodownloadandroidNK,OUTBOUND_CLICK,2026-09-13,2.0,0.0
GERAL,GERAL,intencaodownloadandroidNK,OUTBOUND_CLICK,2026-09-14,1.0,0.0
GERAL,GERAL,intencaodownloadandroidNK,OUTBOUND_CLICK,2026-09-16,1.0,0.0
GERAL,GERAL,intencaodownloadandroidNK,OUTBOUND_CLICK,2026-09-17,1.0,0.0
GERAL,GERAL,intencaodownloadandroidNK,OUTBOUND_CLICK,2026-09-19,1.0,0.0
GERAL,GERAL,intencaodownloadandroidNK,OUTBOUND_CLICK,2026-09-22,1.0,0.0
GERAL,GERAL,intencaodownloadAndroidCS,OUTBOUND_CLICK,2025-09-25,0.5,0.0
GERAL,GERAL,intencaodownloadAndroidCS,OUTBOUND_CLICK,2025-09-26,2.0,0.0
GERAL,GERAL,intencaodownloadAndroidCS,OUTBOUND_CLICK,2025-10-01,1.0,0.0
GERAL,GERAL,intencaodownloadAndroidCS,OUTBOUND_CLICK,2025-10-04,1.5,0.0
GERAL,GERAL,intencaodownloadAndroidCS,OUTBOUND_CLICK,2025-10-05,4.0,0.0
GERAL,GERAL,intencaodownloadAndroidCS,OUTBOUND_CLICK,2025-10-08,0.99997,0.0
GERAL,GERAL,intencaodownloadAndroidCS,OUTBOUND_CLICK,2025-10-09,1.00805,0.0
GERAL,GERAL,intencaodownloadAndroidCS,OUTBOUND_CLICK,2025-10-10,1.991677,0.0
GERAL,GERAL,intencaodownloadAndroidCS,OUTBOUND_CLICK,2025-10-12,1.0,0.0
GERAL,GERAL,intencaodownloadAndroidCS,OUTBOUND_CLICK,2025-10-14,1.0,0.0
GERAL,GERAL,intencaodownloadAndroidCS,OUTBOUND_CLICK,2025-10-15,1.0,0.0
GERAL,GERAL,intencaodownloadAndroidCS,OUTBOUND_CLICK,2025-10-18,2.0,0.0
GERAL,GERAL,intencaodownloadAndroidCS,OUTBOUND_CLICK,2025-10-19,1.0,0.0
GERAL,GERAL,intencaodownloadAndroidCS,OUTBOUND_CLICK,2025-10-21,1.0,0.0
GERAL,GERAL,intencaodownloadAndroidCS,OUTBOUND_CLICK,2025-10-24,0.99195,0.0
GERAL,GERAL,intencaodownloadAndroidCS,OUTBOUND_CLICK,2025-10-26,1.0,0.0
GERAL,GERAL,intencaodownloadAndroidCS,OUTBOUND_CLICK,2025-10-27,2.001074,0.0
GERAL,GERAL,intencaodownloadAndroidCS,OUTBOUND_CLICK,2025-10-30,1.0,0.0
GERAL,GERAL,intencaodownloadAndroidCS,OUTBOUND_CLICK,2025-10-31,0.5,0.0
GERAL,GERAL,intencaodownloadAndroidCS,OUTBOUND_CLICK,2025-11-01,0.5,0.0
GERAL,GERAL,intencaodownloadAndroidCS,OUTBOUND_CLICK,2025-11-02,3.0,0.0
GERAL,GERAL,intencaodownloadAndroidCS,OUTBOUND_CLICK,2025-11-03,2.000882,0.0
GERAL,GERAL,intencaodownloadAndroidCS,OUTBOUND_CLICK,2025-11-05,1.0,0.0
GERAL,GERAL,intencaodownloadAndroidCS,OUTBOUND_CLICK,2025-11-09,2.001074,0.0
GERAL,GERAL,intencaodownloadAndroidCS,OUTBOUND_CLICK,2025-11-11,1.000884,0.0
GERAL,GERAL,intencaodownloadAndroidCS,OUTBOUND_CLICK,2025-11-12,1.0,0.0
GERAL,GERAL,intencaodownloadAndroidCS,OUTBOUND_CLICK,2025-11-15,3.997352,0.0
GERAL,GERAL,intencaodownloadAndroidCS,OUTBOUND_CLICK,2025-11-16,1.0,0.0
GERAL,GERAL,intencaodownloadAndroidCS,OUTBOUND_CLICK,2025-11-19,2.0,0.0
GERAL,GERAL,intencaodownloadAndroidCS,OUTBOUND_CLICK,2025-11-20,1.0,0.0
GERAL,GERAL,intencaodownloadAndroidCS,OUTBOUND_CLICK,2025-11-22,1.0,0.0
GERAL,GERAL,intencaodownloadAndroidCS,OUTBOUND_CLICK,2025-11-23,2.0,0.0
GERAL,GERAL,intencaodownloadAndroidCS,OUTBOUND_CLICK,2025-11-24,3.0,0.0
GERAL,GERAL,intencaodownloadAndroidCS,OUTBOUND_CLICK,2025-11-25,2.0,0.0
GERAL,GERAL,intencaodownloadAndroidCS,OUTBOUND_CLICK,2025-11-26,0.997852,0.0
GERAL,GERAL,intencaodownloadAndroidCS,OUTBOUND_CLICK,2025-11-27,3.0,0.0
GERAL,GERAL,intencaodownloadAndroidCS,OUTBOUND_CLICK,2025-11-28,2.0,0.0
GERAL,GERAL,intencaodownloadAndroidCS,OUTBOUND_CLICK,2025-11-29,3.595955,0.0
GERAL,GERAL,intencaodownloadAndroidCS,OUTBOUND_CLICK,2025-11-30,3.5,0.0
GERAL,GERAL,intencaodownloadAndroidCS,OUTBOUND_CLICK,2025-12-01,3.904045,0.0
GERAL,GERAL,intencaodownloadAndroidCS,OUTBOUND_CLICK,2025-12-02,1.0,0.0
GERAL,GERAL,intencaodownloadAndroidCS,OUTBOUND_CLICK,2025-12-05,1.0,0.0
GERAL,GERAL,intencaodownloadAndroidCS,OUTBOUND_CLICK,2025-12-06,1.0,0.0
GERAL,GERAL,intencaodownloadAndroidCS,OUTBOUND_CLICK,2025-12-09,1.0,0.0
GERAL,GERAL,intencaodownloadAndroidCS,OUTBOUND_CLICK,2025-12-10,1.0,0.0
GERAL,GERAL,intencaodownloadAndroidCS,OUTBOUND_CLICK,2025-12-12,1.0,0.0
GERAL,GERAL,intencaodownloadAndroidCS,OUTBOUND_CLICK,2025-12-13,2.0,0.0
GERAL,GERAL,intencaodownloadAndroidCS,OUTBOUND_CLICK,2025-12-14,1.0,0.0
GERAL,GERAL,intencaodownloadAndroidCS,OUTBOUND_CLICK,2025-12-18,1.0,0.0
GERAL,GERAL,intencaodownloadAndroidCS,OUTBOUND_CLICK,2025-12-19,2.0,0.0
GERAL,GERAL,intencaodownloadAndroidCS,OUTBOUND_CLICK,2025-12-21,2.0,0.0
GERAL,GERAL,intencaodownloadAndroidCS,OUTBOUND_CLICK,2025-12-24,1.0,0.0
GERAL,GERAL,intencaodownloadAndroidCS,OUTBOUND_CLICK,2025-12-26,1.0,0.0
GERAL,GERAL,intencaodownloadAndroidCS,OUTBOUND_CLICK,2025-12-27,1.0,0.0
GERAL,GERAL,intencaodownloadAndroidCS,OUTBOUND_CLICK,2025-12-28,2.00322,0.0
GERAL,GERAL,intencaodownloadAndroidCS,OUTBOUND_CLICK,2025-12-29,3.0,0.0
GERAL,GERAL,intencaodownloadAndroidCS,OUTBOUND_CLICK,2025-12-30,1.0,0.0
GERAL,GERAL,intencaodownloadAndroidCS,OUTBOUND_CLICK,2025-12-31,1.0,0.0
GERAL,GERAL,intencaodownloadAndroidCS,OUTBOUND_CLICK,2026-01-01,1.0,0.0
GERAL,GERAL,intencaodownloadAndroidCS,OUTBOUND_CLICK,2026-01-06,1.0,0.0
GERAL,GERAL,intencaodownloadAndroidCS,OUTBOUND_CLICK,2026-01-10,1.0,0.0
GERAL,GERAL,intencaodownloadAndroidCS,OUTBOUND_CLICK,2026-01-11,1.0,0.0
GERAL,GERAL,intencaodownloadAndroidCS,OUTBOUND_CLICK,2026-01-13,3.5,0.0
GERAL,GERAL,intencaodownloadAndroidCS,OUTBOUND_CLICK,2026-01-14,4.5,0.0
GERAL,GERAL,intencaodownloadAndroidCS,OUTBOUND_CLICK,2026-01-15,5.0,0.0
GERAL,GERAL,intencaodownloadAndroidCS,OUTBOUND_CLICK,2026-01-17,3.0,0.0
GERAL,GERAL,intencaodownloadAndroidCS,OUTBOUND_CLICK,2026-01-18,2.0,0.0
GERAL,GERAL,intencaodownloadAndroidCS,OUTBOUND_CLICK,2026-01-20,1.003868,0.0
GERAL,GERAL,intencaodownloadAndroidCS,OUTBOUND_CLICK,2026-01-21,2.0,0.0
GERAL,GERAL,intencaodownloadAndroidCS,OUTBOUND_CLICK,2026-01-22,1.0,0.0
GERAL,GERAL,intencaodownloadAndroidCS,OUTBOUND_CLICK,2026-01-23,1.0,0.0
GERAL,GERAL,intencaodownloadAndroidCS,OUTBOUND_CLICK,2026-01-24,2.49678,0.0
GERAL,GERAL,intencaodownloadAndroidCS,OUTBOUND_CLICK,2026-01-25,3.0,0.0
GERAL,GERAL,intencaodownloadAndroidCS,OUTBOUND_CLICK,2026-01-26,2.0,0.0
GERAL,GERAL,intencaodownloadAndroidCS,OUTBOUND_CLICK,2026-01-27,1.5,0.0
GERAL,GERAL,intencaodownloadAndroidCS,OUTBOUND_CLICK,2026-01-28,1.0,0.0
GERAL,GERAL,intencaodownloadAndroidCS,OUTBOUND_CLICK,2026-01-30,2.0,0.0
GERAL,GERAL,intencaodownloadAndroidCS,OUTBOUND_CLICK,2026-01-31,1.0,0.0
GERAL,GERAL,intencaodownloadAndroidCS,OUTBOUND_CLICK,2026-02-01,4.0,0.0
GERAL,GERAL,intencaodownloadAndroidCS,OUTBOUND_CLICK,2026-02-02,3.0,0.0
GERAL,GERAL,intencaodownloadAndroidCS,OUTBOUND_CLICK,2026-02-03,2.003868,0.0
GERAL,GERAL,intencaodownloadAndroidCS,OUTBOUND_CLICK,2026-02-04,1.0,0.0
GERAL,GERAL,intencaodownloadAndroidCS,OUTBOUND_CLICK,2026-02-05,1.5,0.0
GERAL,GERAL,intencaodownloadAndroidCS,OUTBOUND_CLICK,2026-02-07,3.0,0.0
GERAL,GERAL,intencaodownloadAndroidCS,OUTBOUND_CLICK,2026-02-08,10.0,0.0
GERAL,GERAL,intencaodownloadAndroidCS,OUTBOUND_CLICK,2026-02-09,3.5,0.0
GERAL,GERAL,intencaodownloadAndroidCS,OUTBOUND_CLICK,2026-02-10,1.0,0.0
GERAL,GERAL,intencaodownloadAndroidCS,OUTBOUND_CLICK,2026-02-12,1.0,0.0
GERAL,GERAL,intencaodownloadAndroidCS,OUTBOUND_CLICK,2026-02-14,1.0,0.0
GERAL,GERAL,intencaodownloadAndroidCS,OUTBOUND_CLICK,2026-02-16,1.0,0.0
GERAL,GERAL,intencaodownloadAndroidCS,OUTBOUND_CLICK,2026-02-17,0.996132,0.0
GERAL,GERAL,intencaodownloadAndroidCS,OUTBOUND_CLICK,2026-02-18,0.996132,0.0
GERAL,GERAL,intencaodownloadAndroidCS,OUTBOUND_CLICK,2026-02-22,1.0,0.0
GERAL,GERAL,intencaodownloadAndroidCS,OUTBOUND_CLICK,2026-02-23,1.0,0.0
GERAL,GERAL,intencaodownloadAndroidCS,OUTBOUND_CLICK,2026-02-24,1.0,0.0
GERAL,GERAL,intencaodownloadAndroidCS,OUTBOUND_CLICK,2026-02-28,1.0,0.0
GERAL,GERAL,intencaodownloadAndroidCS,OUTBOUND_CLICK,2026-03-01,2.0,0.0
GERAL,GERAL,intencaodownloadAndroidCS,OUTBOUND_CLICK,2026-03-02,1.0,0.0
GERAL,GERAL,intencaodownloadAndroidCS,OUTBOUND_CLICK,2026-03-04,1.0,0.0
GERAL,GERAL,intencaodownloadAndroidCS,OUTBOUND_CLICK,2026-03-05,2.0,0.0
GERAL,GERAL,intencaodownloadAndroidCS,OUTBOUND_CLICK,2026-03-08,3.0,0.0
GERAL,GERAL,intencaodownloadAndroidCS,OUTBOUND_CLICK,2026-03-09,1.0,0.0
GERAL,GERAL,intencaodownloadAndroidCS,OUTBOUND_CLICK,2026-03-10,1.0,0.0
GERAL,GERAL,intencaodownloadAndroidCS,OUTBOUND_CLICK,2026-03-11,1.0,0.0
GERAL,GERAL,intencaodownloadAndroidCS,OUTBOUND_CLICK,2026-03-14,5.0,0.0
GERAL,GERAL,intencaodownloadAndroidCS,OUTBOUND_CLICK,2026-03-15,2.0,0.0
GERAL,GERAL,intencaodownloadAndroidCS,OUTBOUND_CLICK,2026-03-18,1.006938,0.0
GERAL,GERAL,intencaodownloadAndroidCS,OUTBOUND_CLICK,2026-03-19,1.0,0.0
GERAL,GERAL,intencaodownloadAndroidCS,OUTBOUND_CLICK,2026-03-20,1.0,0.0
GERAL,GERAL,intencaodownloadAndroidCS,OUTBOUND_CLICK,2026-03-21,2.0,0.0
GERAL,GERAL,intencaodownloadAndroidCS,OUTBOUND_CLICK,2026-03-22,1.0,0.0
GERAL,GERAL,intencaodownloadAndroidCS,OUTBOUND_CLICK,2026-03-23,3.0,0.0
GERAL,GERAL,intencaodownloadAndroidCS,OUTBOUND_CLICK,2026-03-24,1.0,0.0
GERAL,GERAL,intencaodownloadAndroidCS,OUTBOUND_CLICK,2026-03-25,1.0,0.0
GERAL,GERAL,intencaodownloadAndroidCS,OUTBOUND_CLICK,2026-03-26,3.005532,0.0
GERAL,GERAL,intencaodownloadAndroidCS,OUTBOUND_CLICK,2026-03-27,1.6,0.0
GERAL,GERAL,intencaodownloadAndroidCS,OUTBOUND_CLICK,2026-03-28,0.4,0.0
GERAL,GERAL,intencaodownloadAndroidCS,OUTBOUND_CLICK,2026-03-29,2.015167,0.0
GERAL,GERAL,intencaodownloadAndroidCS,OUTBOUND_CLICK,2026-04-01,1.001815,0.0
GERAL,GERAL,intencaodownloadAndroidCS,OUTBOUND_CLICK,2026-04-03,1.000251,0.0
GERAL,GERAL,intencaodownloadAndroidCS,OUTBOUND_CLICK,2026-04-04,1.0,0.0
GERAL,GERAL,intencaodownloadAndroidCS,OUTBOUND_CLICK,2026-04-05,3.0,0.0
GERAL,GERAL,intencaodownloadAndroidCS,OUTBOUND_CLICK,2026-04-08,4.0,0.0
GERAL,GERAL,intencaodownloadAndroidCS,OUTBOUND_CLICK,2026-04-09,2.007918,0.0
GERAL,GERAL,intencaodownloadAndroidCS,OUTBOUND_CLICK,2026-04-10,1.507459,0.0
GERAL,GERAL,intencaodownloadAndroidCS,OUTBOUND_CLICK,2026-04-12,4.008413,0.0
GERAL,GERAL,intencaodownloadAndroidCS,OUTBOUND_CLICK,2026-04-13,1.0,0.0
GERAL,GERAL,intencaodownloadAndroidCS,OUTBOUND_CLICK,2026-04-14,3.991701,0.0
GERAL,GERAL,intencaodownloadAndroidCS,OUTBOUND_CLICK,2026-04-15,1.0,0.0
GERAL,GERAL,intencaodownloadAndroidCS,OUTBOUND_CLICK,2026-04-16,1.4,0.0
GERAL,GERAL,intencaodownloadAndroidCS,OUTBOUND_CLICK,2026-04-17,1.90537,0.0
GERAL,GERAL,intencaodownloadAndroidCS,OUTBOUND_CLICK,2026-04-18,4.679155,0.0
GERAL,GERAL,intencaodownloadAndroidCS,OUTBOUND_CLICK,2026-04-19,2.0,0.0
GERAL,GERAL,intencaodownloadAndroidCS,OUTBOUND_CLICK,2026-04-20,0.575636,0.0
GERAL,GERAL,intencaodownloadAndroidCS,OUTBOUND_CLICK,2026-04-21,1.007261,0.0
GERAL,GERAL,intencaodownloadAndroidCS,OUTBOUND_CLICK,2026-04-22,1.5,0.0
GERAL,GERAL,intencaodownloadAndroidCS,OUTBOUND_CLICK,2026-04-23,1.007261,0.0
GERAL,GERAL,intencaodownloadAndroidCS,OUTBOUND_CLICK,2026-04-24,4.992082,0.0
GERAL,GERAL,intencaodownloadAndroidCS,OUTBOUND_CLICK,2026-04-25,0.010785,0.0
GERAL,GERAL,intencaodownloadAndroidCS,OUTBOUND_CLICK,2026-04-26,4.418919,0.0
GERAL,GERAL,intencaodownloadAndroidCS,OUTBOUND_CLICK,2026-04-27,4.985478,0.0
GERAL,GERAL,intencaodownloadAndroidCS,OUTBOUND_CLICK,2026-04-28,2.993119,0.0
GERAL,GERAL,intencaodownloadAndroidCS,OUTBOUND_CLICK,2026-04-29,6.0,0.0
GERAL,GERAL,intencaodownloadAndroidCS,OUTBOUND_CLICK,2026-05-01,4.003938,0.0
GERAL,GERAL,intencaodownloadAndroidCS,OUTBOUND_CLICK,2026-05-02,2.0,0.0
GERAL,GERAL,intencaodownloadAndroidCS,OUTBOUND_CLICK,2026-05-09,1.996592,0.0
GERAL,GERAL,intencaodownloadAndroidCS,OUTBOUND_CLICK,2026-05-10,1.0,0.0
GERAL,GERAL,intencaodownloadAndroidCS,OUTBOUND_CLICK,2026-05-11,1.0,0.0
GERAL,GERAL,intencaodownloadAndroidCS,OUTBOUND_CLICK,2026-05-12,3.003938,0.0
GERAL,GERAL,intencaodownloadAndroidCS,OUTBOUND_CLICK,2026-05-13,0.007928,0.0
GERAL,GERAL,intencaodownloadAndroidCS,OUTBOUND_CLICK,2026-05-14,2.0,0.0
GERAL,GERAL,intencaodownloadAndroidCS,OUTBOUND_CLICK,2026-05-15,2.997097,0.0
GERAL,GERAL,intencaodownloadAndroidCS,OUTBOUND_CLICK,2026-05-16,2.00862,0.0
GERAL,GERAL,intencaodownloadAndroidCS,OUTBOUND_CLICK,2026-05-17,2.0,0.0
GERAL,GERAL,intencaodownloadAndroidCS,OUTBOUND_CLICK,2026-05-18,2.0,0.0
GERAL,GERAL,intencaodownloadAndroidCS,OUTBOUND_CLICK,2026-05-20,1.0,0.0
GERAL,GERAL,intencaodownloadAndroidCS,OUTBOUND_CLICK,2026-05-21,1.00862,0.0
GERAL,GERAL,intencaodownloadAndroidCS,OUTBOUND_CLICK,2026-05-22,1.984236,0.0
GERAL,GERAL,intencaodownloadAndroidCS,OUTBOUND_CLICK,2026-05-23,1.008894,0.0
GERAL,GERAL,intencaodownloadAndroidCS,OUTBOUND_CLICK,2026-05-24,1.992124,0.0
GERAL,GERAL,intencaodownloadAndroidCS,OUTBOUND_CLICK,2026-05-25,1.005928,0.0
GERAL,GERAL,intencaodownloadAndroidCS,OUTBOUND_CLICK,2026-05-26,2.0,0.0
GERAL,GERAL,intencaodownloadAndroidCS,OUTBOUND_CLICK,2026-05-27,3.5,0.0
GERAL,GERAL,intencaodownloadAndroidCS,OUTBOUND_CLICK,2026-05-28,2.492072,0.0
GERAL,GERAL,intencaodownloadAndroidCS,OUTBOUND_CLICK,2026-05-29,1.0,0.0
GERAL,GERAL,intencaodownloadAndroidCS,OUTBOUND_CLICK,2026-05-30,3.009187,0.0
GERAL,GERAL,intencaodownloadAndroidCS,OUTBOUND_CLICK,2026-05-31,4.67278,0.0
GERAL,GERAL,intencaodownloadAndroidCS,OUTBOUND_CLICK,2026-06-01,6.32184,0.0
GERAL,GERAL,intencaodownloadAndroidCS,OUTBOUND_CLICK,2026-06-02,3.0,0.0
GERAL,GERAL,intencaodownloadAndroidCS,OUTBOUND_CLICK,2026-06-06,8.0,0.0
GERAL,GERAL,intencaodownloadAndroidCS,OUTBOUND_CLICK,2026-06-07,2.666666,0.0
GERAL,GERAL,intencaodownloadAndroidCS,OUTBOUND_CLICK,2026-06-08,5.837718,0.0
GERAL,GERAL,intencaodownloadAndroidCS,OUTBOUND_CLICK,2026-06-09,4.144431,0.0
GERAL,GERAL,intencaodownloadAndroidCS,OUTBOUND_CLICK,2026-06-10,5.333334,0.0
GERAL,GERAL,intencaodownloadAndroidCS,OUTBOUND_CLICK,2026-06-11,3.0,0.0
GERAL,GERAL,intencaodownloadAndroidCS,OUTBOUND_CLICK,2026-06-12,5.0,0.0
GERAL,GERAL,intencaodownloadAndroidCS,OUTBOUND_CLICK,2026-06-13,6.991169,0.0
GERAL,GERAL,intencaodownloadAndroidCS,OUTBOUND_CLICK,2026-06-14,1.0,0.0
GERAL,GERAL,intencaodownloadAndroidCS,OUTBOUND_CLICK,2026-06-26,0.990813,0.0
GERAL,GERAL,intencaodownloadAndroidCS,OUTBOUND_CLICK,2026-06-27,2.002265,0.0
GERAL,GERAL,intencaodownloadAndroidCS,OUTBOUND_CLICK,2026-06-28,3.0,0.0
GERAL,GERAL,intencaodownloadAndroidCS,OUTBOUND_CLICK,2026-06-29,2.0,0.0
GERAL,GERAL,intencaodownloadAndroidCS,OUTBOUND_CLICK,2026-06-30,2.002476,0.0
GERAL,GERAL,intencaodownloadAndroidCS,OUTBOUND_CLICK,2026-07-01,3.0,0.0
GERAL,GERAL,intencaodownloadAndroidCS,OUTBOUND_CLICK,2026-07-02,1.0,0.0
GERAL,GERAL,intencaodownloadAndroidCS,OUTBOUND_CLICK,2026-07-03,3.002476,0.0
GERAL,GERAL,intencaodownloadAndroidCS,OUTBOUND_CLICK,2026-07-04,2.004474,0.0
GERAL,GERAL,intencaodownloadAndroidCS,OUTBOUND_CLICK,2026-07-05,4.009904,0.0
GERAL,GERAL,intencaodownloadAndroidCS,OUTBOUND_CLICK,2026-07-06,3.008948,0.0
GERAL,GERAL,intencaodownloadAndroidCS,OUTBOUND_CLICK,2026-07-07,2.0,0.0
GERAL,GERAL,intencaodownloadAndroidCS,OUTBOUND_CLICK,2026-07-08,2.011958,0.0
GERAL,GERAL,intencaodownloadAndroidCS,OUTBOUND_CLICK,2026-07-09,3.00189,0.0
GERAL,GERAL,intencaodownloadAndroidCS,OUTBOUND_CLICK,2026-07-10,1.004156,0.0
GERAL,GERAL,intencaodownloadAndroidCS,OUTBOUND_CLICK,2026-07-11,11.008948,0.0
GERAL,GERAL,intencaodownloadAndroidCS,OUTBOUND_CLICK,2026-07-12,6.0,0.0
GERAL,GERAL,intencaodownloadAndroidCS,OUTBOUND_CLICK,2026-07-13,10.000883,0.0
GERAL,GERAL,intencaodownloadAndroidCS,OUTBOUND_CLICK,2026-07-14,3.00041,0.0
GERAL,GERAL,intencaodownloadAndroidCS,OUTBOUND_CLICK,2026-07-15,5.501239,0.0
GERAL,GERAL,intencaodownloadAndroidCS,OUTBOUND_CLICK,2026-07-16,7.000067,0.0
GERAL,GERAL,intencaodownloadAndroidCS,OUTBOUND_CLICK,2026-07-17,6.517384,0.0
GERAL,GERAL,intencaodownloadAndroidCS,OUTBOUND_CLICK,2026-07-18,3.005547,0.0
GERAL,GERAL,intencaodownloadAndroidCS,OUTBOUND_CLICK,2026-07-19,6.253677,0.0
GERAL,GERAL,intencaodownloadAndroidCS,OUTBOUND_CLICK,2026-07-20,8.499968,0.0
GERAL,GERAL,intencaodownloadAndroidCS,OUTBOUND_CLICK,2026-07-21,8.00889,0.0
GERAL,GERAL,intencaodownloadAndroidCS,OUTBOUND_CLICK,2026-07-22,11.674991,0.0
GERAL,GERAL,intencaodownloadAndroidCS,OUTBOUND_CLICK,2026-07-23,11.604382,0.0
GERAL,GERAL,intencaodownloadAndroidCS,OUTBOUND_CLICK,2026-07-24,6.006564,0.0
GERAL,GERAL,intencaodownloadAndroidCS,OUTBOUND_CLICK,2026-07-25,5.516414,0.0
GERAL,GERAL,intencaodownloadAndroidCS,OUTBOUND_CLICK,2026-07-26,7.557219,0.0
GERAL,GERAL,intencaodownloadAndroidCS,OUTBOUND_CLICK,2026-07-27,16.008759,0.0
GERAL,GERAL,intencaodownloadAndroidCS,OUTBOUND_CLICK,2026-07-28,13.065731,0.0
GERAL,GERAL,intencaodownloadAndroidCS,OUTBOUND_CLICK,2026-07-29,16.974121,0.0
GERAL,GERAL,intencaodownloadAndroidCS,OUTBOUND_CLICK,2026-07-30,16.34841,0.0
GERAL,GERAL,intencaodownloadAndroidCS,OUTBOUND_CLICK,2026-07-31,9.683413,0.0
GERAL,GERAL,intencaodownloadAndroidCS,OUTBOUND_CLICK,2026-08-01,11.271444,0.0
GERAL,GERAL,intencaodownloadAndroidCS,OUTBOUND_CLICK,2026-08-02,14.233673,0.0
GERAL,GERAL,intencaodownloadAndroidCS,OUTBOUND_CLICK,2026-08-03,15.517665,0.0
GERAL,GERAL,intencaodownloadAndroidCS,OUTBOUND_CLICK,2026-08-04,5.660293,0.0
GERAL,GERAL,intencaodownloadAndroidCS,OUTBOUND_CLICK,2026-08-05,10.225946,0.0
GERAL,GERAL,intencaodownloadAndroidCS,OUTBOUND_CLICK,2026-08-06,9.54318,0.0
GERAL,GERAL,intencaodownloadAndroidCS,OUTBOUND_CLICK,2026-08-07,7.487689,0.0
GERAL,GERAL,intencaodownloadAndroidCS,OUTBOUND_CLICK,2026-08-08,13.799516,0.0
GERAL,GERAL,intencaodownloadAndroidCS,OUTBOUND_CLICK,2026-08-09,9.184155,0.0
GERAL,GERAL,intencaodownloadAndroidCS,OUTBOUND_CLICK,2026-08-10,9.650252,0.0
GERAL,GERAL,intencaodownloadAndroidCS,OUTBOUND_CLICK,2026-08-11,9.325127,0.0
GERAL,GERAL,intencaodownloadAndroidCS,OUTBOUND_CLICK,2026-08-12,3.006526,0.0
GERAL,GERAL,intencaodownloadAndroidCS,OUTBOUND_CLICK,2026-08-13,5.0,0.0
GERAL,GERAL,intencaodownloadAndroidCS,OUTBOUND_CLICK,2026-08-14,10.981725,0.0
GERAL,GERAL,intencaodownloadAndroidCS,OUTBOUND_CLICK,2026-08-15,9.985267,0.0
GERAL,GERAL,intencaodownloadAndroidCS,OUTBOUND_CLICK,2026-08-16,7.01188,0.0
GERAL,GERAL,intencaodownloadAndroidCS,OUTBOUND_CLICK,2026-08-17,2.013799,0.0
GERAL,GERAL,intencaodownloadAndroidCS,OUTBOUND_CLICK,2026-08-18,3.51248,0.0
GERAL,GERAL,intencaodownloadAndroidCS,OUTBOUND_CLICK,2026-08-19,2.482149,0.0
GERAL,GERAL,intencaodownloadAndroidCS,OUTBOUND_CLICK,2026-08-20,1.037633,0.0
GERAL,GERAL,intencaodownloadAndroidCS,OUTBOUND_CLICK,2026-08-22,1.962367,0.0
GERAL,GERAL,intencaodownloadAndroidCS,OUTBOUND_CLICK,2026-08-23,5.97624,0.0
GERAL,GERAL,intencaodownloadAndroidCS,OUTBOUND_CLICK,2026-08-24,3.666666,0.0
GERAL,GERAL,intencaodownloadAndroidCS,OUTBOUND_CLICK,2026-08-26,5.976782,0.0
GERAL,GERAL,intencaodownloadAndroidCS,OUTBOUND_CLICK,2026-08-27,3.96746,0.0
GERAL,GERAL,intencaodownloadAndroidCS,OUTBOUND_CLICK,2026-08-28,2.0,0.0
GERAL,GERAL,intencaodownloadAndroidCS,OUTBOUND_CLICK,2026-08-29,6.996159,0.0
GERAL,GERAL,intencaodownloadAndroidCS,OUTBOUND_CLICK,2026-08-30,6.96597,0.0
GERAL,GERAL,intencaodownloadAndroidCS,OUTBOUND_CLICK,2026-08-31,1.007082,0.0
GERAL,GERAL,intencaodownloadAndroidCS,OUTBOUND_CLICK,2026-09-01,6.0,0.0
GERAL,GERAL,intencaodownloadAndroidCS,OUTBOUND_CLICK,2026-09-02,3.5,0.0
GERAL,GERAL,intencaodownloadAndroidCS,OUTBOUND_CLICK,2026-09-03,1.502833,0.0
GERAL,GERAL,intencaodownloadAndroidCS,OUTBOUND_CLICK,2026-09-04,2.001699,0.0
GERAL,GERAL,intencaodownloadAndroidCS,OUTBOUND_CLICK,2026-09-05,1.658359,0.0
GERAL,GERAL,intencaodownloadAndroidCS,OUTBOUND_CLICK,2026-09-06,5.936218,0.0
GERAL,GERAL,intencaodownloadAndroidCS,OUTBOUND_CLICK,2026-09-07,2.333334,0.0
GERAL,GERAL,intencaodownloadAndroidCS,OUTBOUND_CLICK,2026-09-08,3.001699,0.0
GERAL,GERAL,intencaodownloadAndroidCS,OUTBOUND_CLICK,2026-09-09,3.0,0.0
GERAL,GERAL,intencaodownloadAndroidCS,OUTBOUND_CLICK,2026-09-10,10.514161,0.0
GERAL,GERAL,intencaodownloadAndroidCS,OUTBOUND_CLICK,2026-09-11,9.810951,0.0
GERAL,GERAL,intencaodownloadAndroidCS,OUTBOUND_CLICK,2026-09-12,6.666667,0.0
GERAL,GERAL,intencaodownloadAndroidCS,OUTBOUND_CLICK,2026-09-13,10.985839,0.0
GERAL,GERAL,intencaodownloadAndroidCS,OUTBOUND_CLICK,2026-09-14,7.328802,0.0
GERAL,GERAL,intencaodownloadAndroidCS,OUTBOUND_CLICK,2026-09-15,6.055905,0.0
GERAL,GERAL,intencaodownloadAndroidCS,OUTBOUND_CLICK,2026-09-16,3.504248,0.0
GERAL,GERAL,intencaodownloadAndroidCS,OUTBOUND_CLICK,2026-09-17,1.495752,0.0
GERAL,GERAL,intencaodownloadAndroidCS,OUTBOUND_CLICK,2026-09-18,4.495751,0.0
GERAL,GERAL,intencaodownloadAndroidCS,OUTBOUND_CLICK,2026-09-19,3.478758,0.0
GERAL,GERAL,intencaodownloadAndroidCS,OUTBOUND_CLICK,2026-09-20,2.0,0.0
GERAL,GERAL,intencaodownloadAndroidCS,OUTBOUND_CLICK,2026-09-21,1.0,0.0
GERAL,GERAL,intencaodownloadAndroidCS,OUTBOUND_CLICK,2026-09-22,3.0,0.0
GERAL,GERAL,intencaodownloadAndroidCS,OUTBOUND_CLICK,2026-09-23,3.991503,0.0
GERAL,GERAL,intencaodownloadandroidGS,OUTBOUND_CLICK,2025-09-28,2.0,0.0
GERAL,GERAL,intencaodownloadandroidGS,OUTBOUND_CLICK,2025-09-30,1.0,0.0
GERAL,GERAL,intencaodownloadandroidGS,OUTBOUND_CLICK,2025-10-09,2.0,0.0
GERAL,GERAL,intencaodownloadandroidGS,OUTBOUND_CLICK,2025-10-12,1.0,0.0
GERAL,GERAL,intencaodownloadandroidGS,OUTBOUND_CLICK,2025-10-17,1.0,0.0
GERAL,GERAL,intencaodownloadandroidGS,OUTBOUND_CLICK,2025-10-20,1.0,0.0
GERAL,GERAL,intencaodownloadandroidGS,OUTBOUND_CLICK,2025-10-26,1.0,0.0
GERAL,GERAL,intencaodownloadandroidGS,OUTBOUND_CLICK,2025-10-29,1.0,0.0
GERAL,GERAL,intencaodownloadandroidGS,OUTBOUND_CLICK,2025-10-31,1.0,0.0
GERAL,GERAL,intencaodownloadandroidGS,OUTBOUND_CLICK,2025-11-04,1.0,0.0
GERAL,GERAL,intencaodownloadandroidGS,OUTBOUND_CLICK,2025-11-09,2.0,0.0
GERAL,GERAL,intencaodownloadandroidGS,OUTBOUND_CLICK,2025-11-10,1.0,0.0
GERAL,GERAL,intencaodownloadandroidGS,OUTBOUND_CLICK,2025-11-17,3.0,0.0
GERAL,GERAL,intencaodownloadandroidGS,OUTBOUND_CLICK,2025-11-19,1.0,0.0
GERAL,GERAL,intencaodownloadandroidGS,OUTBOUND_CLICK,2025-11-22,2.0,0.0
GERAL,GERAL,intencaodownloadandroidGS,OUTBOUND_CLICK,2025-11-23,2.0,0.0
GERAL,GERAL,intencaodownloadandroidGS,OUTBOUND_CLICK,2025-11-25,1.0,0.0
GERAL,GERAL,intencaodownloadandroidGS,OUTBOUND_CLICK,2025-11-26,3.0,0.0
GERAL,GERAL,intencaodownloadandroidGS,OUTBOUND_CLICK,2025-11-29,3.0,0.0
GERAL,GERAL,intencaodownloadandroidGS,OUTBOUND_CLICK,2025-11-30,1.0,0.0
GERAL,GERAL,intencaodownloadandroidGS,OUTBOUND_CLICK,2025-12-02,2.0,0.0
GERAL,GERAL,intencaodownloadandroidGS,OUTBOUND_CLICK,2025-12-08,2.0,0.0
GERAL,GERAL,intencaodownloadandroidGS,OUTBOUND_CLICK,2025-12-09,2.0,0.0
GERAL,GERAL,intencaodownloadandroidGS,OUTBOUND_CLICK,2025-12-10,1.0,0.0
GERAL,GERAL,intencaodownloadandroidGS,OUTBOUND_CLICK,2025-12-13,1.0,0.0
GERAL,GERAL,intencaodownloadandroidGS,OUTBOUND_CLICK,2025-12-16,2.0,0.0
GERAL,GERAL,intencaodownloadandroidGS,OUTBOUND_CLICK,2025-12-19,1.0,0.0
GERAL,GERAL,intencaodownloadandroidGS,OUTBOUND_CLICK,2025-12-23,2.0,0.0
GERAL,GERAL,intencaodownloadandroidGS,OUTBOUND_CLICK,2025-12-25,1.0,0.0
GERAL,GERAL,intencaodownloadandroidGS,OUTBOUND_CLICK,2025-12-26,1.0,0.0
GERAL,GERAL,intencaodownloadandroidGS,OUTBOUND_CLICK,2025-12-28,2.0,0.0
GERAL,GERAL,intencaodownloadandroidGS,OUTBOUND_CLICK,2025-12-29,2.0,0.0
GERAL,GERAL,intencaodownloadandroidGS,OUTBOUND_CLICK,2025-12-30,1.0,0.0
GERAL,GERAL,intencaodownloadandroidGS,OUTBOUND_CLICK,2025-12-31,2.0,0.0
GERAL,GERAL,intencaodownloadandroidGS,OUTBOUND_CLICK,2026-01-01,1.0,0.0
GERAL,GERAL,intencaodownloadandroidGS,OUTBOUND_CLICK,2026-01-07,1.0,0.0
GERAL,GERAL,intencaodownloadandroidGS,OUTBOUND_CLICK,2026-01-09,1.0,0.0
GERAL,GERAL,intencaodownloadandroidGS,OUTBOUND_CLICK,2026-01-14,1.0,0.0
GERAL,GERAL,intencaodownloadandroidGS,OUTBOUND_CLICK,2026-01-16,1.003093,0.0
GERAL,GERAL,intencaodownloadandroidGS,OUTBOUND_CLICK,2026-01-18,2.003146,0.0
GERAL,GERAL,intencaodownloadandroidGS,OUTBOUND_CLICK,2026-01-19,2.0,0.0
GERAL,GERAL,intencaodownloadandroidGS,OUTBOUND_CLICK,2026-01-20,1.0,0.0
GERAL,GERAL,intencaodownloadandroidGS,OUTBOUND_CLICK,2026-01-21,2.3291,0.0
GERAL,GERAL,intencaodownloadandroidGS,OUTBOUND_CLICK,2026-01-22,1.666667,0.0
GERAL,GERAL,intencaodownloadandroidGS,OUTBOUND_CLICK,2026-01-23,2.0,0.0
GERAL,GERAL,intencaodownloadandroidGS,OUTBOUND_CLICK,2026-01-24,1.0,0.0
GERAL,GERAL,intencaodownloadandroidGS,OUTBOUND_CLICK,2026-01-25,2.003146,0.0
GERAL,GERAL,intencaodownloadandroidGS,OUTBOUND_CLICK,2026-01-26,1.0,0.0
GERAL,GERAL,intencaodownloadandroidGS,OUTBOUND_CLICK,2026-01-27,2.0,0.0
GERAL,GERAL,intencaodownloadandroidGS,OUTBOUND_CLICK,2026-01-28,0.996907,0.0
GERAL,GERAL,intencaodownloadandroidGS,OUTBOUND_CLICK,2026-01-29,1.0,0.0
GERAL,GERAL,intencaodownloadandroidGS,OUTBOUND_CLICK,2026-01-30,1.0,0.0
GERAL,GERAL,intencaodownloadandroidGS,OUTBOUND_CLICK,2026-01-31,4.0,0.0
GERAL,GERAL,intencaodownloadandroidGS,OUTBOUND_CLICK,2026-02-01,1.0,0.0
GERAL,GERAL,intencaodownloadandroidGS,OUTBOUND_CLICK,2026-02-02,4.0,0.0
GERAL,GERAL,intencaodownloadandroidGS,OUTBOUND_CLICK,2026-02-03,3.996854,0.0
GERAL,GERAL,intencaodownloadandroidGS,OUTBOUND_CLICK,2026-02-04,3.996854,0.0
GERAL,GERAL,intencaodownloadandroidGS,OUTBOUND_CLICK,2026-02-07,3.0,0.0
GERAL,GERAL,intencaodownloadandroidGS,OUTBOUND_CLICK,2026-02-08,4.0,0.0
GERAL,GERAL,intencaodownloadandroidGS,OUTBOUND_CLICK,2026-02-10,1.0,0.0
GERAL,GERAL,intencaodownloadandroidGS,OUTBOUND_CLICK,2026-02-14,2.0,0.0
GERAL,GERAL,intencaodownloadandroidGS,OUTBOUND_CLICK,2026-02-15,1.0,0.0
GERAL,GERAL,intencaodownloadandroidGS,OUTBOUND_CLICK,2026-02-16,4.0,0.0
GERAL,GERAL,intencaodownloadandroidGS,OUTBOUND_CLICK,2026-02-26,1.0,0.0
GERAL,GERAL,intencaodownloadandroidGS,OUTBOUND_CLICK,2026-02-28,1.0,0.0
GERAL,GERAL,intencaodownloadandroidGS,OUTBOUND_CLICK,2026-03-01,1.0,0.0
GERAL,GERAL,intencaodownloadandroidGS,OUTBOUND_CLICK,2026-03-05,2.0,0.0
GERAL,GERAL,intencaodownloadandroidGS,OUTBOUND_CLICK,2026-03-07,0.5,0.0
GERAL,GERAL,intencaodownloadandroidGS,OUTBOUND_CLICK,2026-03-08,3.5,0.0
GERAL,GERAL,intencaodownloadandroidGS,OUTBOUND_CLICK,2026-03-09,1.0,0.0
GERAL,GERAL,intencaodownloadandroidGS,OUTBOUND_CLICK,2026-03-13,2.0,0.0
GERAL,GERAL,intencaodownloadandroidGS,OUTBOUND_CLICK,2026-03-15,1.0,0.0
GERAL,GERAL,intencaodownloadandroidGS,OUTBOUND_CLICK,2026-03-16,1.0,0.0
GERAL,GERAL,intencaodownloadandroidGS,OUTBOUND_CLICK,2026-03-17,1.0,0.0
GERAL,GERAL,intencaodownloadandroidGS,OUTBOUND_CLICK,2026-03-20,2.0,0.0
GERAL,GERAL,intencaodownloadandroidGS,OUTBOUND_CLICK,2026-03-23,1.009159,0.0
GERAL,GERAL,intencaodownloadandroidGS,OUTBOUND_CLICK,2026-03-24,1.003053,0.0
GERAL,GERAL,intencaodownloadandroidGS,OUTBOUND_CLICK,2026-03-27,0.987788,0.0
GERAL,GERAL,intencaodownloadandroidGS,OUTBOUND_CLICK,2026-03-28,1.0,0.0
GERAL,GERAL,intencaodownloadandroidGS,OUTBOUND_CLICK,2026-03-29,2.0,0.0
GERAL,GERAL,intencaodownloadandroidGS,OUTBOUND_CLICK,2026-03-30,1.0,0.0
GERAL,GERAL,intencaodownloadandroidGS,OUTBOUND_CLICK,2026-03-31,1.0,0.0
GERAL,GERAL,intencaodownloadandroidGS,OUTBOUND_CLICK,2026-04-01,0.007236,0.0
GERAL,GERAL,intencaodownloadandroidGS,OUTBOUND_CLICK,2026-04-03,3.0,0.0
GERAL,GERAL,intencaodownloadandroidGS,OUTBOUND_CLICK,2026-04-04,1.992764,0.0
GERAL,GERAL,intencaodownloadandroidGS,OUTBOUND_CLICK,2026-04-05,2.0,0.0
GERAL,GERAL,intencaodownloadandroidGS,OUTBOUND_CLICK,2026-04-06,1.0,0.0
GERAL,GERAL,intencaodownloadandroidGS,OUTBOUND_CLICK,2026-04-07,2.0,0.0
GERAL,GERAL,intencaodownloadandroidGS,OUTBOUND_CLICK,2026-04-08,1.0,0.0
GERAL,GERAL,intencaodownloadandroidGS,OUTBOUND_CLICK,2026-04-09,3.0,0.0
GERAL,GERAL,intencaodownloadandroidGS,OUTBOUND_CLICK,2026-04-10,2.007261,0.0
GERAL,GERAL,intencaodownloadandroidGS,OUTBOUND_CLICK,2026-04-11,2.0,0.0
GERAL,GERAL,intencaodownloadandroidGS,OUTBOUND_CLICK,2026-04-12,4.271546,0.0
GERAL,GERAL,intencaodownloadandroidGS,OUTBOUND_CLICK,2026-04-13,0.008246,0.0
GERAL,GERAL,intencaodownloadandroidGS,OUTBOUND_CLICK,2026-04-14,1.0,0.0
GERAL,GERAL,intencaodownloadandroidGS,OUTBOUND_CLICK,2026-04-15,3.0,0.0
GERAL,GERAL,intencaodownloadandroidGS,OUTBOUND_CLICK,2026-04-16,1.0,0.0
GERAL,GERAL,intencaodownloadandroidGS,OUTBOUND_CLICK,2026-04-17,3.998635,0.0
GERAL,GERAL,intencaodownloadandroidGS,OUTBOUND_CLICK,2026-04-18,1.0,0.0
GERAL,GERAL,intencaodownloadandroidGS,OUTBOUND_CLICK,2026-04-19,1.0,0.0
GERAL,GERAL,intencaodownloadandroidGS,OUTBOUND_CLICK,2026-04-20,1.0,0.0
GERAL,GERAL,intencaodownloadandroidGS,OUTBOUND_CLICK,2026-04-21,2.0,0.0
GERAL,GERAL,intencaodownloadandroidGS,OUTBOUND_CLICK,2026-04-22,2.0,0.0
GERAL,GERAL,intencaodownloadandroidGS,OUTBOUND_CLICK,2026-04-23,1.728454,0.0
GERAL,GERAL,intencaodownloadandroidGS,OUTBOUND_CLICK,2026-04-25,4.0,0.0
GERAL,GERAL,intencaodownloadandroidGS,OUTBOUND_CLICK,2026-04-27,2.04488,0.0
GERAL,GERAL,intencaodownloadandroidGS,OUTBOUND_CLICK,2026-04-28,1.993119,0.0
GERAL,GERAL,intencaodownloadandroidGS,OUTBOUND_CLICK,2026-04-29,2.0,0.0
GERAL,GERAL,intencaodownloadandroidGS,OUTBOUND_CLICK,2026-05-02,5.0,0.0
GERAL,GERAL,intencaodownloadandroidGS,OUTBOUND_CLICK,2026-05-07,1.0,0.0
GERAL,GERAL,intencaodownloadandroidGS,OUTBOUND_CLICK,2026-05-09,1.0,0.0
GERAL,GERAL,intencaodownloadandroidGS,OUTBOUND_CLICK,2026-05-10,3.0,0.0
GERAL,GERAL,intencaodownloadandroidGS,OUTBOUND_CLICK,2026-05-12,2.0,0.0
GERAL,GERAL,intencaodownloadandroidGS,OUTBOUND_CLICK,2026-05-13,2.0,0.0
GERAL,GERAL,intencaodownloadandroidGS,OUTBOUND_CLICK,2026-05-15,2.947859,0.0
GERAL,GERAL,intencaodownloadandroidGS,OUTBOUND_CLICK,2026-05-16,1.003941,0.0
GERAL,GERAL,intencaodownloadandroidGS,OUTBOUND_CLICK,2026-05-17,4.0,0.0
GERAL,GERAL,intencaodownloadandroidGS,OUTBOUND_CLICK,2026-05-18,1.0,0.0
GERAL,GERAL,intencaodownloadandroidGS,OUTBOUND_CLICK,2026-05-20,1.0,0.0
GERAL,GERAL,intencaodownloadandroidGS,OUTBOUND_CLICK,2026-05-21,1.0,0.0
GERAL,GERAL,intencaodownloadandroidGS,OUTBOUND_CLICK,2026-05-23,5.992118,0.0
GERAL,GERAL,intencaodownloadandroidGS,OUTBOUND_CLICK,2026-05-24,1.008794,0.0
GERAL,GERAL,intencaodownloadandroidGS,OUTBOUND_CLICK,2026-05-25,2.0,0.0
GERAL,GERAL,intencaodownloadandroidGS,OUTBOUND_CLICK,2026-05-26,1.021246,0.0
GERAL,GERAL,intencaodownloadandroidGS,OUTBOUND_CLICK,2026-05-27,0.005784,0.0
GERAL,GERAL,intencaodownloadandroidGS,OUTBOUND_CLICK,2026-05-28,1.0,0.0
GERAL,GERAL,intencaodownloadandroidGS,OUTBOUND_CLICK,2026-05-29,1.0,0.0
GERAL,GERAL,intencaodownloadandroidGS,OUTBOUND_CLICK,2026-05-30,1.008794,0.0
GERAL,GERAL,intencaodownloadandroidGS,OUTBOUND_CLICK,2026-05-31,4.981646,0.0
GERAL,GERAL,intencaodownloadandroidGS,OUTBOUND_CLICK,2026-06-01,2.0,0.0
GERAL,GERAL,intencaodownloadandroidGS,OUTBOUND_CLICK,2026-06-02,5.0,0.0
GERAL,GERAL,intencaodownloadandroidGS,OUTBOUND_CLICK,2026-06-06,6.482412,0.0
GERAL,GERAL,intencaodownloadandroidGS,OUTBOUND_CLICK,2026-06-07,3.333333,0.0
GERAL,GERAL,intencaodownloadandroidGS,OUTBOUND_CLICK,2026-06-08,2.0,0.0
GERAL,GERAL,intencaodownloadandroidGS,OUTBOUND_CLICK,2026-06-09,5.666667,0.0
GERAL,GERAL,intencaodownloadandroidGS,OUTBOUND_CLICK,2026-06-10,5.5,0.0
GERAL,GERAL,intencaodownloadandroidGS,OUTBOUND_CLICK,2026-06-12,3.00735,0.0
GERAL,GERAL,intencaodownloadandroidGS,OUTBOUND_CLICK,2026-06-13,1.991324,0.0
GERAL,GERAL,intencaodownloadandroidGS,OUTBOUND_CLICK,2026-06-14,2.0,0.0
GERAL,GERAL,intencaodownloadandroidGS,OUTBOUND_CLICK,2026-06-23,1.0,0.0
GERAL,GERAL,intencaodownloadandroidGS,OUTBOUND_CLICK,2026-06-28,2.0,0.0
GERAL,GERAL,intencaodownloadandroidGS,OUTBOUND_CLICK,2026-06-29,2.0,0.0
GERAL,GERAL,intencaodownloadandroidGS,OUTBOUND_CLICK,2026-07-01,4.003675,0.0
GERAL,GERAL,intencaodownloadandroidGS,OUTBOUND_CLICK,2026-07-02,1.003675,0.0
GERAL,GERAL,intencaodownloadandroidGS,OUTBOUND_CLICK,2026-07-03,1.0,0.0
GERAL,GERAL,intencaodownloadandroidGS,OUTBOUND_CLICK,2026-07-04,2.0,0.0
GERAL,GERAL,intencaodownloadandroidGS,OUTBOUND_CLICK,2026-07-05,1.0,0.0
GERAL,GERAL,intencaodownloadandroidGS,OUTBOUND_CLICK,2026-07-06,1.0,0.0
GERAL,GERAL,intencaodownloadandroidGS,OUTBOUND_CLICK,2026-07-07,0.99265,0.0
GERAL,GERAL,intencaodownloadandroidGS,OUTBOUND_CLICK,2026-07-08,3.0,0.0
GERAL,GERAL,intencaodownloadandroidGS,OUTBOUND_CLICK,2026-07-11,3.500078,0.0
GERAL,GERAL,intencaodownloadandroidGS,OUTBOUND_CLICK,2026-07-13,1.5,0.0
GERAL,GERAL,intencaodownloadandroidGS,OUTBOUND_CLICK,2026-07-14,0.992572,0.0
GERAL,GERAL,intencaodownloadandroidGS,OUTBOUND_CLICK,2026-07-15,2.0,0.0
GERAL,GERAL,intencaodownloadandroidGS,OUTBOUND_CLICK,2026-07-16,2.0,0.0
GERAL,GERAL,intencaodownloadandroidGS,OUTBOUND_CLICK,2026-07-17,1.0,0.0
GERAL,GERAL,intencaodownloadandroidGS,OUTBOUND_CLICK,2026-07-18,1.0,0.0
GERAL,GERAL,intencaodownloadandroidGS,OUTBOUND_CLICK,2026-07-19,1.0,0.0
GERAL,GERAL,intencaodownloadandroidGS,OUTBOUND_CLICK,2026-07-20,3.0,0.0
GERAL,GERAL,intencaodownloadandroidGS,OUTBOUND_CLICK,2026-07-21,3.5,0.0
GERAL,GERAL,intencaodownloadandroidGS,OUTBOUND_CLICK,2026-07-22,3.503781,0.0
GERAL,GERAL,intencaodownloadandroidGS,OUTBOUND_CLICK,2026-07-23,3.0,0.0
GERAL,GERAL,intencaodownloadandroidGS,OUTBOUND_CLICK,2026-07-24,2.0,0.0
GERAL,GERAL,intencaodownloadandroidGS,OUTBOUND_CLICK,2026-07-25,2.857142,0.0
GERAL,GERAL,intencaodownloadandroidGS,OUTBOUND_CLICK,2026-07-26,3.146639,0.0
GERAL,GERAL,intencaodownloadandroidGS,OUTBOUND_CLICK,2026-07-27,0.11111,0.0
GERAL,GERAL,intencaodownloadandroidGS,OUTBOUND_CLICK,2026-07-28,9.88889,0.0
GERAL,GERAL,intencaodownloadandroidGS,OUTBOUND_CLICK,2026-07-29,3.996219,0.0
GERAL,GERAL,intencaodownloadandroidGS,OUTBOUND_CLICK,2026-07-30,4.013462,0.0
GERAL,GERAL,intencaodownloadandroidGS,OUTBOUND_CLICK,2026-07-31,11.004927,0.0
GERAL,GERAL,intencaodownloadandroidGS,OUTBOUND_CLICK,2026-08-01,1.680809,0.0
GERAL,GERAL,intencaodownloadandroidGS,OUTBOUND_CLICK,2026-08-02,3.842669,0.0
GERAL,GERAL,intencaodownloadandroidGS,OUTBOUND_CLICK,2026-08-03,3.515023,0.0
GERAL,GERAL,intencaodownloadandroidGS,OUTBOUND_CLICK,2026-08-04,2.991292,0.0
GERAL,GERAL,intencaodownloadandroidGS,OUTBOUND_CLICK,2026-08-05,5.470834,0.0
GERAL,GERAL,intencaodownloadandroidGS,OUTBOUND_CLICK,2026-08-07,5.999639,0.0
GERAL,GERAL,intencaodownloadandroidGS,OUTBOUND_CLICK,2026-08-08,7.257488,0.0
GERAL,GERAL,intencaodownloadandroidGS,OUTBOUND_CLICK,2026-08-09,1.004488,0.0
GERAL,GERAL,intencaodownloadandroidGS,OUTBOUND_CLICK,2026-08-10,3.0,0.0
GERAL,GERAL,intencaodownloadandroidGS,OUTBOUND_CLICK,2026-08-11,2.0,0.0
GERAL,GERAL,intencaodownloadandroidGS,OUTBOUND_CLICK,2026-08-12,1.0,0.0
GERAL,GERAL,intencaodownloadandroidGS,OUTBOUND_CLICK,2026-08-13,1.285714,0.0
GERAL,GERAL,intencaodownloadandroidGS,OUTBOUND_CLICK,2026-08-14,1.657692,0.0
GERAL,GERAL,intencaodownloadandroidGS,OUTBOUND_CLICK,2026-08-15,7.315384,0.0
GERAL,GERAL,intencaodownloadandroidGS,OUTBOUND_CLICK,2026-08-16,6.25,0.0
GERAL,GERAL,intencaodownloadandroidGS,OUTBOUND_CLICK,2026-08-17,3.714286,0.0
GERAL,GERAL,intencaodownloadandroidGS,OUTBOUND_CLICK,2026-08-18,0.5,0.0
GERAL,GERAL,intencaodownloadandroidGS,OUTBOUND_CLICK,2026-08-22,1.5,0.0
GERAL,GERAL,intencaodownloadandroidGS,OUTBOUND_CLICK,2026-08-23,1.0,0.0
GERAL,GERAL,intencaodownloadandroidGS,OUTBOUND_CLICK,2026-08-25,1.0,0.0
GERAL,GERAL,intencaodownloadandroidGS,OUTBOUND_CLICK,2026-08-26,2.0,0.0
GERAL,GERAL,intencaodownloadandroidGS,OUTBOUND_CLICK,2026-08-27,2.0,0.0
GERAL,GERAL,intencaodownloadandroidGS,OUTBOUND_CLICK,2026-08-29,2.0,0.0
GERAL,GERAL,intencaodownloadandroidGS,OUTBOUND_CLICK,2026-08-30,0.992512,0.0
GERAL,GERAL,intencaodownloadandroidGS,OUTBOUND_CLICK,2026-09-03,1.0,0.0
GERAL,GERAL,intencaodownloadandroidGS,OUTBOUND_CLICK,2026-09-04,3.0,0.0
GERAL,GERAL,intencaodownloadandroidGS,OUTBOUND_CLICK,2026-09-07,1.0,0.0
GERAL,GERAL,intencaodownloadandroidGS,OUTBOUND_CLICK,2026-09-08,1.0,0.0
GERAL,GERAL,intencaodownloadandroidGS,OUTBOUND_CLICK,2026-09-10,2.0,0.0
GERAL,GERAL,intencaodownloadandroidGS,OUTBOUND_CLICK,2026-09-11,1.0,0.0
GERAL,GERAL,intencaodownloadandroidGS,OUTBOUND_CLICK,2026-09-12,1.0,0.0
GERAL,GERAL,intencaodownloadandroidGS,OUTBOUND_CLICK,2026-09-13,1.0,0.0
GERAL,GERAL,intencaodownloadandroidGS,OUTBOUND_CLICK,2026-09-15,2.0,0.0
GERAL,GERAL,intencaodownloadandroidGS,OUTBOUND_CLICK,2026-09-18,1.0,0.0
GERAL,GERAL,intencaodownloadandroidGS,OUTBOUND_CLICK,2026-09-20,1.0,0.0
GERAL,GERAL,intencaodownloadandroidGS,OUTBOUND_CLICK,2026-09-23,2.0,0.0
GERAL,GERAL,intencaodownloadandroidNR,OUTBOUND_CLICK,2025-09-27,2.0,0.0
GERAL,GERAL,intencaodownloadandroidNR,OUTBOUND_CLICK,2025-10-01,1.0,0.0
GERAL,GERAL,intencaodownloadandroidNR,OUTBOUND_CLICK,2025-10-02,1.0,0.0
GERAL,GERAL,intencaodownloadandroidNR,OUTBOUND_CLICK,2025-10-04,0.015071,0.0
GERAL,GERAL,intencaodownloadandroidNR,OUTBOUND_CLICK,2025-10-07,1.0,0.0
GERAL,GERAL,intencaodownloadandroidNR,OUTBOUND_CLICK,2025-10-11,2.0,0.0
GERAL,GERAL,intencaodownloadandroidNR,OUTBOUND_CLICK,2025-10-26,0.984929,0.0
GERAL,GERAL,intencaodownloadandroidNR,OUTBOUND_CLICK,2025-10-30,1.0,0.0
GERAL,GERAL,intencaodownloadandroidNR,OUTBOUND_CLICK,2025-11-01,1.0,0.0
GERAL,GERAL,intencaodownloadandroidNR,OUTBOUND_CLICK,2025-11-03,1.0,0.0
GERAL,GERAL,intencaodownloadandroidNR,OUTBOUND_CLICK,2025-11-04,2.0,0.0
GERAL,GERAL,intencaodownloadandroidNR,OUTBOUND_CLICK,2025-11-06,1.0,0.0
GERAL,GERAL,intencaodownloadandroidNR,OUTBOUND_CLICK,2025-11-07,1.0,0.0
GERAL,GERAL,intencaodownloadandroidNR,OUTBOUND_CLICK,2025-11-08,1.0,0.0
GERAL,GERAL,intencaodownloadandroidNR,OUTBOUND_CLICK,2025-11-09,1.0,0.0
GERAL,GERAL,intencaodownloadandroidNR,OUTBOUND_CLICK,2025-11-11,1.0,0.0
GERAL,GERAL,intencaodownloadandroidNR,OUTBOUND_CLICK,2025-11-16,2.0,0.0
GERAL,GERAL,intencaodownloadandroidNR,OUTBOUND_CLICK,2025-11-17,2.0,0.0
GERAL,GERAL,intencaodownloadandroidNR,OUTBOUND_CLICK,2025-11-18,3.5,0.0
GERAL,GERAL,intencaodownloadandroidNR,OUTBOUND_CLICK,2025-11-19,1.5,0.0
GERAL,GERAL,intencaodownloadandroidNR,OUTBOUND_CLICK,2025-11-20,2.0,0.0
GERAL,GERAL,intencaodownloadandroidNR,OUTBOUND_CLICK,2025-11-22,1.0,0.0
GERAL,GERAL,intencaodownloadandroidNR,OUTBOUND_CLICK,2025-11-23,2.0,0.0
GERAL,GERAL,intencaodownloadandroidNR,OUTBOUND_CLICK,2025-11-25,2.0,0.0
GERAL,GERAL,intencaodownloadandroidNR,OUTBOUND_CLICK,2025-11-26,1.0,0.0
GERAL,GERAL,intencaodownloadandroidNR,OUTBOUND_CLICK,2025-11-28,1.0,0.0
GERAL,GERAL,intencaodownloadandroidNR,OUTBOUND_CLICK,2025-11-29,1.5,0.0
GERAL,GERAL,intencaodownloadandroidNR,OUTBOUND_CLICK,2025-11-30,2.5,0.0
GERAL,GERAL,intencaodownloadandroidNR,OUTBOUND_CLICK,2025-12-04,1.0,0.0
GERAL,GERAL,intencaodownloadandroidNR,OUTBOUND_CLICK,2025-12-07,1.0,0.0
GERAL,GERAL,intencaodownloadandroidNR,OUTBOUND_CLICK,2025-12-14,1.0,0.0
GERAL,GERAL,intencaodownloadandroidNR,OUTBOUND_CLICK,2025-12-21,2.0,0.0
GERAL,GERAL,intencaodownloadandroidNR,OUTBOUND_CLICK,2025-12-22,1.0,0.0
GERAL,GERAL,intencaodownloadandroidNR,OUTBOUND_CLICK,2025-12-25,1.0,0.0
GERAL,GERAL,intencaodownloadandroidNR,OUTBOUND_CLICK,2025-12-26,1.0,0.0
GERAL,GERAL,intencaodownloadandroidNR,OUTBOUND_CLICK,2025-12-29,1.0,0.0
GERAL,GERAL,intencaodownloadandroidNR,OUTBOUND_CLICK,2025-12-30,2.0,0.0
GERAL,GERAL,intencaodownloadandroidNR,OUTBOUND_CLICK,2026-01-06,2.0,0.0
GERAL,GERAL,intencaodownloadandroidNR,OUTBOUND_CLICK,2026-01-11,3.0,0.0
GERAL,GERAL,intencaodownloadandroidNR,OUTBOUND_CLICK,2026-01-12,1.0,0.0
GERAL,GERAL,intencaodownloadandroidNR,OUTBOUND_CLICK,2026-01-13,2.0,0.0
GERAL,GERAL,intencaodownloadandroidNR,OUTBOUND_CLICK,2026-01-16,2.0,0.0
GERAL,GERAL,intencaodownloadandroidNR,OUTBOUND_CLICK,2026-01-17,1.0,0.0
GERAL,GERAL,intencaodownloadandroidNR,OUTBOUND_CLICK,2026-01-19,1.0,0.0
GERAL,GERAL,intencaodownloadandroidNR,OUTBOUND_CLICK,2026-02-01,1.0,0.0
GERAL,GERAL,intencaodownloadandroidNR,OUTBOUND_CLICK,2026-02-03,1.666666,0.0
GERAL,GERAL,intencaodownloadandroidNR,OUTBOUND_CLICK,2026-02-04,0.333334,0.0
GERAL,GERAL,intencaodownloadandroidNR,OUTBOUND_CLICK,2026-02-05,1.0,0.0
GERAL,GERAL,intencaodownloadandroidNR,OUTBOUND_CLICK,2026-02-08,3.0,0.0
GERAL,GERAL,intencaodownloadandroidNR,OUTBOUND_CLICK,2026-02-14,1.0,0.0
GERAL,GERAL,intencaodownloadandroidNR,OUTBOUND_CLICK,2026-02-16,1.0,0.0
GERAL,GERAL,intencaodownloadandroidNR,OUTBOUND_CLICK,2026-03-05,1.0,0.0
GERAL,GERAL,intencaodownloadandroidNR,OUTBOUND_CLICK,2026-03-21,1.0,0.0
GERAL,GERAL,intencaodownloadandroidNR,OUTBOUND_CLICK,2026-03-22,1.0,0.0
GERAL,GERAL,intencaodownloadandroidNR,OUTBOUND_CLICK,2026-03-26,0.333333,0.0
GERAL,GERAL,intencaodownloadandroidNR,OUTBOUND_CLICK,2026-03-29,1.0,0.0
GERAL,GERAL,intencaodownloadandroidNR,OUTBOUND_CLICK,2026-04-01,1.0,0.0
GERAL,GERAL,intencaodownloadandroidNR,OUTBOUND_CLICK,2026-04-06,0.007763,0.0
GERAL,GERAL,intencaodownloadandroidNR,OUTBOUND_CLICK,2026-04-09,1.0,0.0
GERAL,GERAL,intencaodownloadandroidNR,OUTBOUND_CLICK,2026-04-10,0.992237,0.0
GERAL,GERAL,intencaodownloadandroidNR,OUTBOUND_CLICK,2026-04-11,2.666667,0.0
GERAL,GERAL,intencaodownloadandroidNR,OUTBOUND_CLICK,2026-04-12,1.0,0.0
GERAL,GERAL,intencaodownloadandroidNR,OUTBOUND_CLICK,2026-04-14,1.0,0.0
GERAL,GERAL,intencaodownloadandroidNR,OUTBOUND_CLICK,2026-04-15,1.0,0.0
GERAL,GERAL,intencaodownloadandroidNR,OUTBOUND_CLICK,2026-04-18,2.0,0.0
GERAL,GERAL,intencaodownloadandroidNR,OUTBOUND_CLICK,2026-04-19,2.0,0.0
GERAL,GERAL,intencaodownloadandroidNR,OUTBOUND_CLICK,2026-04-20,1.0,0.0
GERAL,GERAL,intencaodownloadandroidNR,OUTBOUND_CLICK,2026-04-23,1.0,0.0
GERAL,GERAL,intencaodownloadandroidNR,OUTBOUND_CLICK,2026-04-24,0.5,0.0
GERAL,GERAL,intencaodownloadandroidNR,OUTBOUND_CLICK,2026-04-26,1.0,0.0
GERAL,GERAL,intencaodownloadandroidNR,OUTBOUND_CLICK,2026-04-28,1.5,0.0
GERAL,GERAL,intencaodownloadandroidNR,OUTBOUND_CLICK,2026-04-29,1.0,0.0
GERAL,GERAL,intencaodownloadandroidNR,OUTBOUND_CLICK,2026-04-30,1.0,0.0
GERAL,GERAL,intencaodownloadandroidNR,OUTBOUND_CLICK,2026-05-01,1.0,0.0
GERAL,GERAL,intencaodownloadandroidNR,OUTBOUND_CLICK,2026-05-07,1.0,0.0
GERAL,GERAL,intencaodownloadandroidNR,OUTBOUND_CLICK,2026-05-09,1.0,0.0
GERAL,GERAL,intencaodownloadandroidNR,OUTBOUND_CLICK,2026-05-12,1.0,0.0
GERAL,GERAL,intencaodownloadandroidNR,OUTBOUND_CLICK,2026-05-17,1.0,0.0
GERAL,GERAL,intencaodownloadandroidNR,OUTBOUND_CLICK,2026-05-20,1.0,0.0
GERAL,GERAL,intencaodownloadandroidNR,OUTBOUND_CLICK,2026-05-21,1.0,0.0
GERAL,GERAL,intencaodownloadandroidNR,OUTBOUND_CLICK,2026-05-24,1.0,0.0
GERAL,GERAL,intencaodownloadandroidNR,OUTBOUND_CLICK,2026-05-25,4.0,0.0
GERAL,GERAL,intencaodownloadandroidNR,OUTBOUND_CLICK,2026-05-26,1.0,0.0
GERAL,GERAL,intencaodownloadandroidNR,OUTBOUND_CLICK,2026-05-29,2.0,0.0
GERAL,GERAL,intencaodownloadandroidNR,OUTBOUND_CLICK,2026-05-30,1.0,0.0
GERAL,GERAL,intencaodownloadandroidNR,OUTBOUND_CLICK,2026-05-31,0.008676,0.0
GERAL,GERAL,intencaodownloadandroidNR,OUTBOUND_CLICK,2026-06-01,1.0,0.0
GERAL,GERAL,intencaodownloadandroidNR,OUTBOUND_CLICK,2026-06-06,3.0,0.0
GERAL,GERAL,intencaodownloadandroidNR,OUTBOUND_CLICK,2026-06-07,2.0,0.0
GERAL,GERAL,intencaodownloadandroidNR,OUTBOUND_CLICK,2026-06-08,3.0,0.0
GERAL,GERAL,intencaodownloadandroidNR,OUTBOUND_CLICK,2026-06-09,1.0,0.0
GERAL,GERAL,intencaodownloadandroidNR,OUTBOUND_CLICK,2026-06-10,1.0,0.0
GERAL,GERAL,intencaodownloadandroidNR,OUTBOUND_CLICK,2026-06-11,5.0,0.0
GERAL,GERAL,intencaodownloadandroidNR,OUTBOUND_CLICK,2026-06-12,3.0,0.0
GERAL,GERAL,intencaodownloadandroidNR,OUTBOUND_CLICK,2026-06-13,1.991324,0.0
GERAL,GERAL,intencaodownloadandroidNR,OUTBOUND_CLICK,2026-06-14,1.0,0.0
GERAL,GERAL,intencaodownloadandroidNR,OUTBOUND_CLICK,2026-06-26,2.0,0.0
GERAL,GERAL,intencaodownloadandroidNR,OUTBOUND_CLICK,2026-06-28,1.0,0.0
GERAL,GERAL,intencaodownloadandroidNR,OUTBOUND_CLICK,2026-07-02,1.0,0.0
GERAL,GERAL,intencaodownloadandroidNR,OUTBOUND_CLICK,2026-07-03,1.0,0.0
GERAL,GERAL,intencaodownloadandroidNR,OUTBOUND_CLICK,2026-07-04,1.0,0.0
GERAL,GERAL,intencaodownloadandroidNR,OUTBOUND_CLICK,2026-07-06,1.0,0.0
GERAL,GERAL,intencaodownloadandroidNR,OUTBOUND_CLICK,2026-07-11,2.004667,0.0
GERAL,GERAL,intencaodownloadandroidNR,OUTBOUND_CLICK,2026-07-13,1.0,0.0
GERAL,GERAL,intencaodownloadandroidNR,OUTBOUND_CLICK,2026-07-15,1.0,0.0
GERAL,GERAL,intencaodownloadandroidNR,OUTBOUND_CLICK,2026-07-16,1.0,0.0
GERAL,GERAL,intencaodownloadandroidNR,OUTBOUND_CLICK,2026-07-17,1.0,0.0
GERAL,GERAL,intencaodownloadandroidNR,OUTBOUND_CLICK,2026-07-18,2.0,0.0
GERAL,GERAL,intencaodownloadandroidNR,OUTBOUND_CLICK,2026-07-19,0.333333,0.0
GERAL,GERAL,intencaodownloadandroidNR,OUTBOUND_CLICK,2026-07-20,1.0,0.0
GERAL,GERAL,intencaodownloadandroidNR,OUTBOUND_CLICK,2026-07-21,0.342668,0.0
GERAL,GERAL,intencaodownloadandroidNR,OUTBOUND_CLICK,2026-07-22,1.0,0.0
GERAL,GERAL,intencaodownloadandroidNR,OUTBOUND_CLICK,2026-07-23,5.333334,0.0
GERAL,GERAL,intencaodownloadandroidNR,OUTBOUND_CLICK,2026-07-25,2.0,0.0
GERAL,GERAL,intencaodownloadandroidNR,OUTBOUND_CLICK,2026-07-26,0.010632,0.0
GERAL,GERAL,intencaodownloadandroidNR,OUTBOUND_CLICK,2026-07-27,2.036827,0.0
GERAL,GERAL,intencaodownloadandroidNR,OUTBOUND_CLICK,2026-07-29,1.002984,0.0
GERAL,GERAL,intencaodownloadandroidNR,OUTBOUND_CLICK,2026-07-30,1.0,0.0
GERAL,GERAL,intencaodownloadandroidNR,OUTBOUND_CLICK,2026-08-02,1.99976,0.0
GERAL,GERAL,intencaodownloadandroidNR,OUTBOUND_CLICK,2026-08-03,1.03844,0.0
GERAL,GERAL,intencaodownloadandroidNR,OUTBOUND_CLICK,2026-08-04,1.991292,0.0
GERAL,GERAL,intencaodownloadandroidNR,OUTBOUND_CLICK,2026-08-05,1.0,0.0
GERAL,GERAL,intencaodownloadandroidNR,OUTBOUND_CLICK,2026-08-06,1.001613,0.0
GERAL,GERAL,intencaodownloadandroidNR,OUTBOUND_CLICK,2026-08-07,1.08077,0.0
GERAL,GERAL,intencaodownloadandroidNR,OUTBOUND_CLICK,2026-08-08,5.99967,0.0
GERAL,GERAL,intencaodownloadandroidNR,OUTBOUND_CLICK,2026-08-09,3.854305,0.0
GERAL,GERAL,intencaodownloadandroidNR,OUTBOUND_CLICK,2026-08-10,1.0,0.0
GERAL,GERAL,intencaodownloadandroidNR,OUTBOUND_CLICK,2026-08-11,0.990665,0.0
GERAL,GERAL,intencaodownloadandroidNR,OUTBOUND_CLICK,2026-08-12,1.0,0.0
GERAL,GERAL,intencaodownloadandroidNR,OUTBOUND_CLICK,2026-08-13,1.0,0.0
GERAL,GERAL,intencaodownloadandroidNR,OUTBOUND_CLICK,2026-08-14,0.013962,0.0
GERAL,GERAL,intencaodownloadandroidNR,OUTBOUND_CLICK,2026-08-15,2.997733,0.0
GERAL,GERAL,intencaodownloadandroidNR,OUTBOUND_CLICK,2026-08-16,1.000492,0.0
GERAL,GERAL,intencaodownloadandroidNR,OUTBOUND_CLICK,2026-08-17,0.987534,0.0
GERAL,GERAL,intencaodownloadandroidNR,OUTBOUND_CLICK,2026-08-18,1.0,0.0
GERAL,GERAL,intencaodownloadandroidNR,OUTBOUND_CLICK,2026-08-19,2.0,0.0
GERAL,GERAL,intencaodownloadandroidNR,OUTBOUND_CLICK,2026-08-22,1.0,0.0
GERAL,GERAL,intencaodownloadandroidNR,OUTBOUND_CLICK,2026-08-25,1.0,0.0
GERAL,GERAL,intencaodownloadandroidNR,OUTBOUND_CLICK,2026-08-27,1.985216,0.0
GERAL,GERAL,intencaodownloadandroidNR,OUTBOUND_CLICK,2026-08-28,1.0,0.0
GERAL,GERAL,intencaodownloadandroidNR,OUTBOUND_CLICK,2026-08-30,1.0,0.0
GERAL,GERAL,intencaodownloadandroidNR,OUTBOUND_CLICK,2026-08-31,1.0,0.0
GERAL,GERAL,intencaodownloadandroidNR,OUTBOUND_CLICK,2026-09-01,1.0,0.0
GERAL,GERAL,intencaodownloadandroidNR,OUTBOUND_CLICK,2026-09-02,2.0,0.0
GERAL,GERAL,intencaodownloadandroidNR,OUTBOUND_CLICK,2026-09-04,2.0,0.0
GERAL,GERAL,intencaodownloadandroidNR,OUTBOUND_CLICK,2026-09-05,2.0,0.0
GERAL,GERAL,intencaodownloadandroidNR,OUTBOUND_CLICK,2026-09-08,2.0,0.0
GERAL,GERAL,intencaodownloadandroidNR,OUTBOUND_CLICK,2026-09-10,1.0,0.0
GERAL,GERAL,intencaodownloadandroidNR,OUTBOUND_CLICK,2026-09-11,1.99249,0.0
GERAL,GERAL,intencaodownloadandroidNR,OUTBOUND_CLICK,2026-09-14,1.0,0.0
GERAL,GERAL,intencaodownloadandroidNR,OUTBOUND_CLICK,2026-09-15,1.5,0.0
GERAL,GERAL,intencaodownloadandroidNR,OUTBOUND_CLICK,2026-09-16,1.5,0.0
GERAL,GERAL,intencaodownloadandroidNS,OUTBOUND_CLICK,2025-09-24,2.0,0.0
GERAL,GERAL,intencaodownloadandroidNS,OUTBOUND_CLICK,2025-09-29,1.0,0.0
GERAL,GERAL,intencaodownloadandroidNS,OUTBOUND_CLICK,2025-09-30,2.0,0.0
GERAL,GERAL,intencaodownloadandroidNS,OUTBOUND_CLICK,2025-10-03,1.0,0.0
GERAL,GERAL,intencaodownloadandroidNS,OUTBOUND_CLICK,2025-10-04,1.0,0.0
GERAL,GERAL,intencaodownloadandroidNS,OUTBOUND_CLICK,2025-10-05,1.0,0.0
GERAL,GERAL,intencaodownloadandroidNS,OUTBOUND_CLICK,2025-10-06,2.0,0.0
GERAL,GERAL,intencaodownloadandroidNS,OUTBOUND_CLICK,2025-10-08,2.0,0.0
GERAL,GERAL,intencaodownloadandroidNS,OUTBOUND_CLICK,2025-10-09,1.0,0.0
GERAL,GERAL,intencaodownloadandroidNS,OUTBOUND_CLICK,2025-10-11,2.0,0.0
GERAL,GERAL,intencaodownloadandroidNS,OUTBOUND_CLICK,2025-10-14,2.0,0.0
GERAL,GERAL,intencaodownloadandroidNS,OUTBOUND_CLICK,2025-10-17,1.0,0.0
GERAL,GERAL,intencaodownloadandroidNS,OUTBOUND_CLICK,2025-10-19,1.0,0.0
GERAL,GERAL,intencaodownloadandroidNS,OUTBOUND_CLICK,2025-10-22,1.0,0.0
GERAL,GERAL,intencaodownloadandroidNS,OUTBOUND_CLICK,2025-10-25,1.0,0.0
GERAL,GERAL,intencaodownloadandroidNS,OUTBOUND_CLICK,2025-10-28,1.0,0.0
GERAL,GERAL,intencaodownloadandroidNS,OUTBOUND_CLICK,2025-10-29,2.0,0.0
GERAL,GERAL,intencaodownloadandroidNS,OUTBOUND_CLICK,2025-11-01,2.0,0.0
GERAL,GERAL,intencaodownloadandroidNS,OUTBOUND_CLICK,2025-11-04,1.0,0.0
GERAL,GERAL,intencaodownloadandroidNS,OUTBOUND_CLICK,2025-11-05,1.0,0.0
GERAL,GERAL,intencaodownloadandroidNS,OUTBOUND_CLICK,2025-11-06,1.0,0.0
GERAL,GERAL,intencaodownloadandroidNS,OUTBOUND_CLICK,2025-11-07,1.0,0.0
GERAL,GERAL,intencaodownloadandroidNS,OUTBOUND_CLICK,2025-11-08,2.002423,0.0
GERAL,GERAL,intencaodownloadandroidNS,OUTBOUND_CLICK,2025-11-09,1.001781,0.0
GERAL,GERAL,intencaodownloadandroidNS,OUTBOUND_CLICK,2025-11-14,1.0,0.0
GERAL,GERAL,intencaodownloadandroidNS,OUTBOUND_CLICK,2025-11-15,1.0,0.0
GERAL,GERAL,intencaodownloadandroidNS,OUTBOUND_CLICK,2025-11-16,1.0,0.0
GERAL,GERAL,intencaodownloadandroidNS,OUTBOUND_CLICK,2025-11-17,1.0,0.0
GERAL,GERAL,intencaodownloadandroidNS,OUTBOUND_CLICK,2025-11-18,1.0,0.0
GERAL,GERAL,intencaodownloadandroidNS,OUTBOUND_CLICK,2025-11-19,3.471312,0.0
GERAL,GERAL,intencaodownloadandroidNS,OUTBOUND_CLICK,2025-11-20,0.998219,0.0
GERAL,GERAL,intencaodownloadandroidNS,OUTBOUND_CLICK,2025-11-21,0.236564,0.0
GERAL,GERAL,intencaodownloadandroidNS,OUTBOUND_CLICK,2025-11-22,5.763436,0.0
GERAL,GERAL,intencaodownloadandroidNS,OUTBOUND_CLICK,2025-11-23,1.0,0.0
GERAL,GERAL,intencaodownloadandroidNS,OUTBOUND_CLICK,2025-11-24,4.997577,0.0
GERAL,GERAL,intencaodownloadandroidNS,OUTBOUND_CLICK,2025-11-27,3.0,0.0
GERAL,GERAL,intencaodownloadandroidNS,OUTBOUND_CLICK,2025-11-28,2.528688,0.0
GERAL,GERAL,intencaodownloadandroidNS,OUTBOUND_CLICK,2025-11-29,4.0,0.0
GERAL,GERAL,intencaodownloadandroidNS,OUTBOUND_CLICK,2025-11-30,5.0,0.0
GERAL,GERAL,intencaodownloadandroidNS,OUTBOUND_CLICK,2025-12-01,3.0,0.0
GERAL,GERAL,intencaodownloadandroidNS,OUTBOUND_CLICK,2025-12-07,1.0,0.0
GERAL,GERAL,intencaodownloadandroidNS,OUTBOUND_CLICK,2025-12-12,1.0,0.0
GERAL,GERAL,intencaodownloadandroidNS,OUTBOUND_CLICK,2025-12-13,1.0,0.0
GERAL,GERAL,intencaodownloadandroidNS,OUTBOUND_CLICK,2025-12-15,1.0,0.0
GERAL,GERAL,intencaodownloadandroidNS,OUTBOUND_CLICK,2025-12-16,2.0,0.0
GERAL,GERAL,intencaodownloadandroidNS,OUTBOUND_CLICK,2025-12-18,3.0,0.0
GERAL,GERAL,intencaodownloadandroidNS,OUTBOUND_CLICK,2025-12-20,1.0,0.0
GERAL,GERAL,intencaodownloadandroidNS,OUTBOUND_CLICK,2025-12-21,1.0,0.0
GERAL,GERAL,intencaodownloadandroidNS,OUTBOUND_CLICK,2025-12-23,2.0,0.0
GERAL,GERAL,intencaodownloadandroidNS,OUTBOUND_CLICK,2025-12-25,2.0,0.0
GERAL,GERAL,intencaodownloadandroidNS,OUTBOUND_CLICK,2025-12-26,2.0,0.0
GERAL,GERAL,intencaodownloadandroidNS,OUTBOUND_CLICK,2025-12-28,0.5,0.0
GERAL,GERAL,intencaodownloadandroidNS,OUTBOUND_CLICK,2025-12-29,1.0,0.0
GERAL,GERAL,intencaodownloadandroidNS,OUTBOUND_CLICK,2025-12-30,1.0,0.0
GERAL,GERAL,intencaodownloadandroidNS,OUTBOUND_CLICK,2026-01-01,0.5,0.0
GERAL,GERAL,intencaodownloadandroidNS,OUTBOUND_CLICK,2026-01-08,1.0,0.0
GERAL,GERAL,intencaodownloadandroidNS,OUTBOUND_CLICK,2026-01-10,2.0,0.0
GERAL,GERAL,intencaodownloadandroidNS,OUTBOUND_CLICK,2026-01-11,2.0,0.0
GERAL,GERAL,intencaodownloadandroidNS,OUTBOUND_CLICK,2026-01-12,2.002378,0.0
GERAL,GERAL,intencaodownloadandroidNS,OUTBOUND_CLICK,2026-01-13,4.0,0.0
GERAL,GERAL,intencaodownloadandroidNS,OUTBOUND_CLICK,2026-01-14,1.0,0.0
GERAL,GERAL,intencaodownloadandroidNS,OUTBOUND_CLICK,2026-01-15,2.0,0.0
GERAL,GERAL,intencaodownloadandroidNS,OUTBOUND_CLICK,2026-01-16,2.0,0.0
GERAL,GERAL,intencaodownloadandroidNS,OUTBOUND_CLICK,2026-01-18,3.0,0.0
GERAL,GERAL,intencaodownloadandroidNS,OUTBOUND_CLICK,2026-01-19,4.0,0.0
GERAL,GERAL,intencaodownloadandroidNS,OUTBOUND_CLICK,2026-01-20,1.0,0.0
GERAL,GERAL,intencaodownloadandroidNS,OUTBOUND_CLICK,2026-01-21,3.501189,0.0
GERAL,GERAL,intencaodownloadandroidNS,OUTBOUND_CLICK,2026-01-22,1.0,0.0
GERAL,GERAL,intencaodownloadandroidNS,OUTBOUND_CLICK,2026-01-23,3.163099,0.0
GERAL,GERAL,intencaodownloadandroidNS,OUTBOUND_CLICK,2026-01-24,0.333334,0.0
GERAL,GERAL,intencaodownloadandroidNS,OUTBOUND_CLICK,2026-01-25,0.015744,0.0
GERAL,GERAL,intencaodownloadandroidNS,OUTBOUND_CLICK,2026-01-26,3.0,0.0
GERAL,GERAL,intencaodownloadandroidNS,OUTBOUND_CLICK,2026-01-27,1.0,0.0
GERAL,GERAL,intencaodownloadandroidNS,OUTBOUND_CLICK,2026-01-28,3.0,0.0
GERAL,GERAL,intencaodownloadandroidNS,OUTBOUND_CLICK,2026-01-29,4.0,0.0
GERAL,GERAL,intencaodownloadandroidNS,OUTBOUND_CLICK,2026-01-31,1.0,0.0
GERAL,GERAL,intencaodownloadandroidNS,OUTBOUND_CLICK,2026-02-01,5.004881,0.0
GERAL,GERAL,intencaodownloadandroidNS,OUTBOUND_CLICK,2026-02-02,0.5,0.0
GERAL,GERAL,intencaodownloadandroidNS,OUTBOUND_CLICK,2026-02-03,1.5,0.0
GERAL,GERAL,intencaodownloadandroidNS,OUTBOUND_CLICK,2026-02-04,2.0,0.0
GERAL,GERAL,intencaodownloadandroidNS,OUTBOUND_CLICK,2026-02-07,6.663412,0.0
GERAL,GERAL,intencaodownloadandroidNS,OUTBOUND_CLICK,2026-02-08,4.334961,0.0
GERAL,GERAL,intencaodownloadandroidNS,OUTBOUND_CLICK,2026-02-09,1.0,0.0
GERAL,GERAL,intencaodownloadandroidNS,OUTBOUND_CLICK,2026-02-10,1.996746,0.0
GERAL,GERAL,intencaodownloadandroidNS,OUTBOUND_CLICK,2026-02-11,2.0,0.0
GERAL,GERAL,intencaodownloadandroidNS,OUTBOUND_CLICK,2026-02-12,2.984256,0.0
GERAL,GERAL,intencaodownloadandroidNS,OUTBOUND_CLICK,2026-02-13,3.0,0.0
GERAL,GERAL,intencaodownloadandroidNS,OUTBOUND_CLICK,2026-02-15,4.0,0.0
GERAL,GERAL,intencaodownloadandroidNS,OUTBOUND_CLICK,2026-02-17,3.0,0.0
GERAL,GERAL,intencaodownloadandroidNS,OUTBOUND_CLICK,2026-02-21,1.0,0.0
GERAL,GERAL,intencaodownloadandroidNS,OUTBOUND_CLICK,2026-02-23,2.0,0.0
GERAL,GERAL,intencaodownloadandroidNS,OUTBOUND_CLICK,2026-02-24,1.0,0.0
GERAL,GERAL,intencaodownloadandroidNS,OUTBOUND_CLICK,2026-02-27,1.0,0.0
GERAL,GERAL,intencaodownloadandroidNS,OUTBOUND_CLICK,2026-02-28,2.771984,0.0
GERAL,GERAL,intencaodownloadandroidNS,OUTBOUND_CLICK,2026-03-01,0.25,0.0
GERAL,GERAL,intencaodownloadandroidNS,OUTBOUND_CLICK,2026-03-02,3.983614,0.0
GERAL,GERAL,intencaodownloadandroidNS,OUTBOUND_CLICK,2026-03-04,1.0,0.0
GERAL,GERAL,intencaodownloadandroidNS,OUTBOUND_CLICK,2026-03-05,0.006121,0.0
GERAL,GERAL,intencaodownloadandroidNS,OUTBOUND_CLICK,2026-03-06,1.0,0.0
GERAL,GERAL,intencaodownloadandroidNS,OUTBOUND_CLICK,2026-03-07,5.994402,0.0
GERAL,GERAL,intencaodownloadandroidNS,OUTBOUND_CLICK,2026-03-08,2.0,0.0
GERAL,GERAL,intencaodownloadandroidNS,OUTBOUND_CLICK,2026-03-09,0.5,0.0
GERAL,GERAL,intencaodownloadandroidNS,OUTBOUND_CLICK,2026-03-10,1.0,0.0
GERAL,GERAL,intencaodownloadandroidNS,OUTBOUND_CLICK,2026-03-11,2.0,0.0
GERAL,GERAL,intencaodownloadandroidNS,OUTBOUND_CLICK,2026-03-12,2.0,0.0
GERAL,GERAL,intencaodownloadandroidNS,OUTBOUND_CLICK,2026-03-13,1.0,0.0
GERAL,GERAL,intencaodownloadandroidNS,OUTBOUND_CLICK,2026-03-14,2.5,0.0
GERAL,GERAL,intencaodownloadandroidNS,OUTBOUND_CLICK,2026-03-15,1.0,0.0
GERAL,GERAL,intencaodownloadandroidNS,OUTBOUND_CLICK,2026-03-16,1.0,0.0
GERAL,GERAL,intencaodownloadandroidNS,OUTBOUND_CLICK,2026-03-17,3.0,0.0
GERAL,GERAL,intencaodownloadandroidNS,OUTBOUND_CLICK,2026-03-20,1.0,0.0
GERAL,GERAL,intencaodownloadandroidNS,OUTBOUND_CLICK,2026-03-21,1.0,0.0
GERAL,GERAL,intencaodownloadandroidNS,OUTBOUND_CLICK,2026-03-22,1.007845,0.0
GERAL,GERAL,intencaodownloadandroidNS,OUTBOUND_CLICK,2026-03-23,3.0,0.0
GERAL,GERAL,intencaodownloadandroidNS,OUTBOUND_CLICK,2026-03-24,2.0,0.0
GERAL,GERAL,intencaodownloadandroidNS,OUTBOUND_CLICK,2026-03-25,1.0,0.0
GERAL,GERAL,intencaodownloadandroidNS,OUTBOUND_CLICK,2026-03-26,1.00172,0.0
GERAL,GERAL,intencaodownloadandroidNS,OUTBOUND_CLICK,2026-03-27,3.163985,0.0
GERAL,GERAL,intencaodownloadandroidNS,OUTBOUND_CLICK,2026-03-29,2.00172,0.0
GERAL,GERAL,intencaodownloadandroidNS,OUTBOUND_CLICK,2026-03-30,2.001722,0.0
GERAL,GERAL,intencaodownloadandroidNS,OUTBOUND_CLICK,2026-03-31,3.166666,0.0
GERAL,GERAL,intencaodownloadandroidNS,OUTBOUND_CLICK,2026-04-01,0.333333,0.0
GERAL,GERAL,intencaodownloadandroidNS,OUTBOUND_CLICK,2026-04-03,2.008286,0.0
GERAL,GERAL,intencaodownloadandroidNS,OUTBOUND_CLICK,2026-04-04,2.0,0.0
GERAL,GERAL,intencaodownloadandroidNS,OUTBOUND_CLICK,2026-04-05,2.0,0.0
GERAL,GERAL,intencaodownloadandroidNS,OUTBOUND_CLICK,2026-04-06,1.0,0.0
GERAL,GERAL,intencaodownloadandroidNS,OUTBOUND_CLICK,2026-04-07,2.496077,0.0
GERAL,GERAL,intencaodownloadandroidNS,OUTBOUND_CLICK,2026-04-08,3.496078,0.0
GERAL,GERAL,intencaodownloadandroidNS,OUTBOUND_CLICK,2026-04-10,0.083333,0.0
GERAL,GERAL,intencaodownloadandroidNS,OUTBOUND_CLICK,2026-04-11,5.583332,0.0
GERAL,GERAL,intencaodownloadandroidNS,OUTBOUND_CLICK,2026-04-12,1.666667,0.0
GERAL,GERAL,intencaodownloadandroidNS,OUTBOUND_CLICK,2026-04-13,2.249999,0.0
GERAL,GERAL,intencaodownloadandroidNS,OUTBOUND_CLICK,2026-04-14,1.0,0.0
GERAL,GERAL,intencaodownloadandroidNS,OUTBOUND_CLICK,2026-04-15,3.666667,0.0
GERAL,GERAL,intencaodownloadandroidNS,OUTBOUND_CLICK,2026-04-16,1.0,0.0
GERAL,GERAL,intencaodownloadandroidNS,OUTBOUND_CLICK,2026-04-17,1.007165,0.0
GERAL,GERAL,intencaodownloadandroidNS,OUTBOUND_CLICK,2026-04-18,1.991714,0.0
GERAL,GERAL,intencaodownloadandroidNS,OUTBOUND_CLICK,2026-04-19,4.0,0.0
GERAL,GERAL,intencaodownloadandroidNS,OUTBOUND_CLICK,2026-04-20,0.083337,0.0
GERAL,GERAL,intencaodownloadandroidNS,OUTBOUND_CLICK,2026-04-21,4.998659,0.0
GERAL,GERAL,intencaodownloadandroidNS,OUTBOUND_CLICK,2026-04-22,2.0,0.0
GERAL,GERAL,intencaodownloadandroidNS,OUTBOUND_CLICK,2026-04-23,2.0,0.0
GERAL,GERAL,intencaodownloadandroidNS,OUTBOUND_CLICK,2026-04-24,1.0,0.0
GERAL,GERAL,intencaodownloadandroidNS,OUTBOUND_CLICK,2026-04-25,3.666666,0.0
GERAL,GERAL,intencaodownloadandroidNS,OUTBOUND_CLICK,2026-04-26,4.992739,0.0
GERAL,GERAL,intencaodownloadandroidNS,OUTBOUND_CLICK,2026-04-27,1.0,0.0
GERAL,GERAL,intencaodownloadandroidNS,OUTBOUND_CLICK,2026-04-28,2.0,0.0
GERAL,GERAL,intencaodownloadandroidNS,OUTBOUND_CLICK,2026-04-29,2.0,0.0
GERAL,GERAL,intencaodownloadandroidNS,OUTBOUND_CLICK,2026-04-30,0.333334,0.0
GERAL,GERAL,intencaodownloadandroidNS,OUTBOUND_CLICK,2026-05-01,4.0,0.0
GERAL,GERAL,intencaodownloadandroidNS,OUTBOUND_CLICK,2026-05-02,3.0,0.0
GERAL,GERAL,intencaodownloadandroidNS,OUTBOUND_CLICK,2026-05-08,1.0,0.0
GERAL,GERAL,intencaodownloadandroidNS,OUTBOUND_CLICK,2026-05-09,2.020418,0.0
GERAL,GERAL,intencaodownloadandroidNS,OUTBOUND_CLICK,2026-05-10,2.0,0.0
GERAL,GERAL,intencaodownloadandroidNS,OUTBOUND_CLICK,2026-05-12,1.0,0.0
GERAL,GERAL,intencaodownloadandroidNS,OUTBOUND_CLICK,2026-05-13,2.0,0.0
GERAL,GERAL,intencaodownloadandroidNS,OUTBOUND_CLICK,2026-05-14,3.0,0.0
GERAL,GERAL,intencaodownloadandroidNS,OUTBOUND_CLICK,2026-05-15,1.0,0.0
GERAL,GERAL,intencaodownloadandroidNS,OUTBOUND_CLICK,2026-05-16,3.0,0.0
GERAL,GERAL,intencaodownloadandroidNS,OUTBOUND_CLICK,2026-05-17,4.0,0.0
GERAL,GERAL,intencaodownloadandroidNS,OUTBOUND_CLICK,2026-05-18,1.0,0.0
GERAL,GERAL,intencaodownloadandroidNS,OUTBOUND_CLICK,2026-05-20,1.0,0.0
GERAL,GERAL,intencaodownloadandroidNS,OUTBOUND_CLICK,2026-05-21,3.0,0.0
GERAL,GERAL,intencaodownloadandroidNS,OUTBOUND_CLICK,2026-05-22,1.0,0.0
GERAL,GERAL,intencaodownloadandroidNS,OUTBOUND_CLICK,2026-05-23,4.0,0.0
GERAL,GERAL,intencaodownloadandroidNS,OUTBOUND_CLICK,2026-05-24,1.0,0.0
GERAL,GERAL,intencaodownloadandroidNS,OUTBOUND_CLICK,2026-05-26,3.333333,0.0
GERAL,GERAL,intencaodownloadandroidNS,OUTBOUND_CLICK,2026-05-27,3.666667,0.0
GERAL,GERAL,intencaodownloadandroidNS,OUTBOUND_CLICK,2026-05-28,7.0,0.0
GERAL,GERAL,intencaodownloadandroidNS,OUTBOUND_CLICK,2026-05-29,2.0,0.0
GERAL,GERAL,intencaodownloadandroidNS,OUTBOUND_CLICK,2026-05-30,4.008794,0.0
GERAL,GERAL,intencaodownloadandroidNS,OUTBOUND_CLICK,2026-05-31,6.666664,0.0
GERAL,GERAL,intencaodownloadandroidNS,OUTBOUND_CLICK,2026-06-01,1.695535,0.0
GERAL,GERAL,intencaodownloadandroidNS,OUTBOUND_CLICK,2026-06-02,2.666667,0.0
GERAL,GERAL,intencaodownloadandroidNS,OUTBOUND_CLICK,2026-06-06,5.995746,0.0
GERAL,GERAL,intencaodownloadandroidNS,OUTBOUND_CLICK,2026-06-07,7.972417,0.0
GERAL,GERAL,intencaodownloadandroidNS,OUTBOUND_CLICK,2026-06-08,4.0,0.0
GERAL,GERAL,intencaodownloadandroidNS,OUTBOUND_CLICK,2026-06-09,5.0,0.0
GERAL,GERAL,intencaodownloadandroidNS,OUTBOUND_CLICK,2026-06-10,2.0,0.0
GERAL,GERAL,intencaodownloadandroidNS,OUTBOUND_CLICK,2026-06-11,6.97295,0.0
GERAL,GERAL,intencaodownloadandroidNS,OUTBOUND_CLICK,2026-06-12,3.000909,0.0
GERAL,GERAL,intencaodownloadandroidNS,OUTBOUND_CLICK,2026-06-13,5.0,0.0
GERAL,GERAL,intencaodownloadandroidNS,OUTBOUND_CLICK,2026-06-14,3.0,0.0
GERAL,GERAL,intencaodownloadandroidNS,OUTBOUND_CLICK,2026-06-16,1.0,0.0
GERAL,GERAL,intencaodownloadandroidNS,OUTBOUND_CLICK,2026-06-28,1.012968,0.0
GERAL,GERAL,intencaodownloadandroidNS,OUTBOUND_CLICK,2026-06-29,3.0,0.0
GERAL,GERAL,intencaodownloadandroidNS,OUTBOUND_CLICK,2026-06-30,2.0,0.0
GERAL,GERAL,intencaodownloadandroidNS,OUTBOUND_CLICK,2026-07-01,1.0,0.0
GERAL,GERAL,intencaodownloadandroidNS,OUTBOUND_CLICK,2026-07-02,2.0,0.0
GERAL,GERAL,intencaodownloadandroidNS,OUTBOUND_CLICK,2026-07-03,1.792735,0.0
GERAL,GERAL,intencaodownloadandroidNS,OUTBOUND_CLICK,2026-07-04,2.4,0.0
GERAL,GERAL,intencaodownloadandroidNS,OUTBOUND_CLICK,2026-07-05,5.8,0.0
GERAL,GERAL,intencaodownloadandroidNS,OUTBOUND_CLICK,2026-07-06,0.1,0.0
GERAL,GERAL,intencaodownloadandroidNS,OUTBOUND_CLICK,2026-07-07,2.1,0.0
GERAL,GERAL,intencaodownloadandroidNS,OUTBOUND_CLICK,2026-07-08,4.007428,0.0
GERAL,GERAL,intencaodownloadandroidNS,OUTBOUND_CLICK,2026-07-09,2.0,0.0
GERAL,GERAL,intencaodownloadandroidNS,OUTBOUND_CLICK,2026-07-10,3.003781,0.0
GERAL,GERAL,intencaodownloadandroidNS,OUTBOUND_CLICK,2026-07-11,5.987032,0.0
GERAL,GERAL,intencaodownloadandroidNS,OUTBOUND_CLICK,2026-07-12,4.103781,0.0
GERAL,GERAL,intencaodownloadandroidNS,OUTBOUND_CLICK,2026-07-13,7.992572,0.0
GERAL,GERAL,intencaodownloadandroidNS,OUTBOUND_CLICK,2026-07-14,2.0,0.0
GERAL,GERAL,intencaodownloadandroidNS,OUTBOUND_CLICK,2026-07-15,2.1,0.0
GERAL,GERAL,intencaodownloadandroidNS,OUTBOUND_CLICK,2026-07-17,2.103558,0.0
GERAL,GERAL,intencaodownloadandroidNS,OUTBOUND_CLICK,2026-07-18,3.023389,0.0
GERAL,GERAL,intencaodownloadandroidNS,OUTBOUND_CLICK,2026-07-19,1.333333,0.0
GERAL,GERAL,intencaodownloadandroidNS,OUTBOUND_CLICK,2026-07-20,5.0,0.0
GERAL,GERAL,intencaodownloadandroidNS,OUTBOUND_CLICK,2026-07-21,3.502692,0.0
GERAL,GERAL,intencaodownloadandroidNS,OUTBOUND_CLICK,2026-07-22,7.01992,0.0
GERAL,GERAL,intencaodownloadandroidNS,OUTBOUND_CLICK,2026-07-23,2.929552,0.0
GERAL,GERAL,intencaodownloadandroidNS,OUTBOUND_CLICK,2026-07-24,2.008279,0.0
GERAL,GERAL,intencaodownloadandroidNS,OUTBOUND_CLICK,2026-07-25,4.007521,0.0
GERAL,GERAL,intencaodownloadandroidNS,OUTBOUND_CLICK,2026-07-26,1.503558,0.0
GERAL,GERAL,intencaodownloadandroidNS,OUTBOUND_CLICK,2026-07-27,2.5,0.0
GERAL,GERAL,intencaodownloadandroidNS,OUTBOUND_CLICK,2026-07-28,5.11164,0.0
GERAL,GERAL,intencaodownloadandroidNS,OUTBOUND_CLICK,2026-07-29,7.747127,0.0
GERAL,GERAL,intencaodownloadandroidNS,OUTBOUND_CLICK,2026-07-30,4.003313,0.0
GERAL,GERAL,intencaodownloadandroidNS,OUTBOUND_CLICK,2026-07-31,4.076675,0.0
GERAL,GERAL,intencaodownloadandroidNS,OUTBOUND_CLICK,2026-08-01,3.341972,0.0
GERAL,GERAL,intencaodownloadandroidNS,OUTBOUND_CLICK,2026-08-02,14.645357,0.0
GERAL,GERAL,intencaodownloadandroidNS,OUTBOUND_CLICK,2026-08-03,8.843199,0.0
GERAL,GERAL,intencaodownloadandroidNS,OUTBOUND_CLICK,2026-08-04,4.503239,0.0
GERAL,GERAL,intencaodownloadandroidNS,OUTBOUND_CLICK,2026-08-05,4.00101,0.0
GERAL,GERAL,intencaodownloadandroidNS,OUTBOUND_CLICK,2026-08-06,4.989125,0.0
GERAL,GERAL,intencaodownloadandroidNS,OUTBOUND_CLICK,2026-08-07,7.75,0.0
GERAL,GERAL,intencaodownloadandroidNS,OUTBOUND_CLICK,2026-08-08,7.093332,0.0
GERAL,GERAL,intencaodownloadandroidNS,OUTBOUND_CLICK,2026-08-09,9.137055,0.0
GERAL,GERAL,intencaodownloadandroidNS,OUTBOUND_CLICK,2026-08-10,3.510697,0.0
GERAL,GERAL,intencaodownloadandroidNS,OUTBOUND_CLICK,2026-08-11,3.003558,0.0
GERAL,GERAL,intencaodownloadandroidNS,OUTBOUND_CLICK,2026-08-12,3.0,0.0
GERAL,GERAL,intencaodownloadandroidNS,OUTBOUND_CLICK,2026-08-13,2.982735,0.0
GERAL,GERAL,intencaodownloadandroidNS,OUTBOUND_CLICK,2026-08-14,7.464781,0.0
GERAL,GERAL,intencaodownloadandroidNS,OUTBOUND_CLICK,2026-08-15,5.991026,0.0
GERAL,GERAL,intencaodownloadandroidNS,OUTBOUND_CLICK,2026-08-16,6.492884,0.0
GERAL,GERAL,intencaodownloadandroidNS,OUTBOUND_CLICK,2026-08-17,1.5,0.0
GERAL,GERAL,intencaodownloadandroidNS,OUTBOUND_CLICK,2026-08-18,1.486538,0.0
GERAL,GERAL,intencaodownloadandroidNS,OUTBOUND_CLICK,2026-08-19,1.0,0.0
GERAL,GERAL,intencaodownloadandroidNS,OUTBOUND_CLICK,2026-08-20,4.0,0.0
GERAL,GERAL,intencaodownloadandroidNS,OUTBOUND_CLICK,2026-08-21,1.992861,0.0
GERAL,GERAL,intencaodownloadandroidNS,OUTBOUND_CLICK,2026-08-22,3.0,0.0
GERAL,GERAL,intencaodownloadandroidNS,OUTBOUND_CLICK,2026-08-23,1.0,0.0
GERAL,GERAL,intencaodownloadandroidNS,OUTBOUND_CLICK,2026-08-24,1.0,0.0
GERAL,GERAL,intencaodownloadandroidNS,OUTBOUND_CLICK,2026-08-25,2.0,0.0
GERAL,GERAL,intencaodownloadandroidNS,OUTBOUND_CLICK,2026-08-28,1.0,0.0
GERAL,GERAL,intencaodownloadandroidNS,OUTBOUND_CLICK,2026-08-29,0.992512,0.0
GERAL,GERAL,intencaodownloadandroidNS,OUTBOUND_CLICK,2026-08-30,5.0,0.0
GERAL,GERAL,intencaodownloadandroidNS,OUTBOUND_CLICK,2026-08-31,2.0,0.0
GERAL,GERAL,intencaodownloadandroidNS,OUTBOUND_CLICK,2026-09-02,5.0,0.0
GERAL,GERAL,intencaodownloadandroidNS,OUTBOUND_CLICK,2026-09-03,2.0,0.0
GERAL,GERAL,intencaodownloadandroidNS,OUTBOUND_CLICK,2026-09-04,4.0,0.0
GERAL,GERAL,intencaodownloadandroidNS,OUTBOUND_CLICK,2026-09-06,1.0,0.0
GERAL,GERAL,intencaodownloadandroidNS,OUTBOUND_CLICK,2026-09-07,1.0,0.0
GERAL,GERAL,intencaodownloadandroidNS,OUTBOUND_CLICK,2026-09-08,1.0,0.0
GERAL,GERAL,intencaodownloadandroidNS,OUTBOUND_CLICK,2026-09-09,1.0,0.0
GERAL,GERAL,intencaodownloadandroidNS,OUTBOUND_CLICK,2026-09-10,2.0,0.0
GERAL,GERAL,intencaodownloadandroidNS,OUTBOUND_CLICK,2026-09-11,1.0,0.0
GERAL,GERAL,intencaodownloadandroidNS,OUTBOUND_CLICK,2026-09-14,1.0,0.0
GERAL,GERAL,intencaodownloadandroidNS,OUTBOUND_CLICK,2026-09-15,6.333333,0.0
GERAL,GERAL,intencaodownloadandroidNS,OUTBOUND_CLICK,2026-09-16,0.666667,0.0
GERAL,GERAL,intencaodownloadandroidNS,OUTBOUND_CLICK,2026-09-18,1.0,0.0
GERAL,GERAL,intencaodownloadandroidNS,OUTBOUND_CLICK,2026-09-19,1.0,0.0
GERAL,GERAL,YouTube channel subscriptions,ENGAGEMENT,2025-10-11,1.0,0.0
GERAL,GERAL,YouTube channel subscriptions,ENGAGEMENT,2025-10-15,1.0,0.0
GERAL,GERAL,YouTube channel subscriptions,ENGAGEMENT,2025-10-17,1.0,0.0
GERAL,GERAL,YouTube channel subscriptions,ENGAGEMENT,2025-10-18,3.0,0.0
GERAL,GERAL,YouTube channel subscriptions,ENGAGEMENT,2025-10-19,1.0,0.0
GERAL,GERAL,YouTube channel subscriptions,ENGAGEMENT,2025-10-24,1.0,0.0
GERAL,GERAL,YouTube channel subscriptions,ENGAGEMENT,2025-11-06,1.0,0.0
GERAL,GERAL,YouTube channel subscriptions,ENGAGEMENT,2025-11-07,2.0,0.0
GERAL,GERAL,YouTube channel subscriptions,ENGAGEMENT,2025-11-08,1.0,0.0
GERAL,GERAL,YouTube channel subscriptions,ENGAGEMENT,2025-11-09,1.0,0.0
GERAL,GERAL,YouTube channel subscriptions,ENGAGEMENT,2025-11-11,1.0,0.0
GERAL,GERAL,YouTube channel subscriptions,ENGAGEMENT,2025-12-10,1.0,0.0
GERAL,GERAL,YouTube channel subscriptions,ENGAGEMENT,2025-12-11,2.0,0.0
GERAL,GERAL,YouTube channel subscriptions,ENGAGEMENT,2025-12-12,1.0,0.0
GERAL,GERAL,YouTube channel subscriptions,ENGAGEMENT,2025-12-15,1.0,0.0
GERAL,GERAL,YouTube channel subscriptions,ENGAGEMENT,2026-01-01,1.0,0.0
GERAL,GERAL,YouTube channel subscriptions,ENGAGEMENT,2026-01-16,1.0,0.0
GERAL,GERAL,YouTube channel subscriptions,ENGAGEMENT,2026-01-17,1.0,0.0
GERAL,GERAL,YouTube channel subscriptions,ENGAGEMENT,2026-02-08,1.0,0.0
GERAL,GERAL,YouTube channel subscriptions,ENGAGEMENT,2026-02-13,1.0,0.0
GERAL,GERAL,YouTube channel subscriptions,ENGAGEMENT,2026-03-14,1.0,0.0
GERAL,GERAL,YouTube channel subscriptions,ENGAGEMENT,2026-03-17,1.0,0.0
GERAL,GERAL,YouTube channel subscriptions,ENGAGEMENT,2026-03-20,1.0,0.0
GERAL,GERAL,YouTube channel subscriptions,ENGAGEMENT,2026-03-31,1.0,0.0
GERAL,GERAL,YouTube channel subscriptions,ENGAGEMENT,2026-04-15,3.0,0.0
GERAL,GERAL,YouTube channel subscriptions,ENGAGEMENT,2026-04-19,1.0,0.0
GERAL,GERAL,YouTube channel subscriptions,ENGAGEMENT,2026-05-07,1.0,0.0
GERAL,GERAL,YouTube channel subscriptions,ENGAGEMENT,2026-06-01,2.0,0.0
GERAL,GERAL,YouTube channel subscriptions,ENGAGEMENT,2026-06-02,1.0,0.0
GERAL,GERAL,YouTube channel subscriptions,ENGAGEMENT,2026-06-07,3.0,0.0
GERAL,GERAL,YouTube channel subscriptions,ENGAGEMENT,2026-06-10,1.0,0.0
GERAL,GERAL,YouTube channel subscriptions,ENGAGEMENT,2026-08-15,1.0,0.0
GERAL,GERAL,YouTube channel subscriptions,ENGAGEMENT,2026-08-19,1.0,0.0
GERAL,GERAL,Almeida-Junior-Apps - AJFans (Android) session_start_ativos,DEFAULT,2025-09-24,30.0,30.0
GERAL,GERAL,Almeida-Junior-Apps - AJFans (Android) session_start_ativos,DEFAULT,2025-09-25,25.0,25.0
GERAL,GERAL,Almeida-Junior-Apps - AJFans (Android) session_start_ativos,DEFAULT,2025-09-26,45.0,45.0
GERAL,GERAL,Almeida-Junior-Apps - AJFans (Android) session_start_ativos,DEFAULT,2025-09-27,65.0,65.0
GERAL,GERAL,Almeida-Junior-Apps - AJFans (Android) session_start_ativos,DEFAULT,2025-09-28,57.0,57.0
GERAL,GERAL,Almeida-Junior-Apps - AJFans (Android) session_start_ativos,DEFAULT,2025-09-29,34.0,34.0
GERAL,GERAL,Almeida-Junior-Apps - AJFans (Android) session_start_ativos,DEFAULT,2025-09-30,26.0,26.0
GERAL,GERAL,Almeida-Junior-Apps - AJFans (Android) session_start_ativos,DEFAULT,2025-10-01,32.0,32.0
GERAL,GERAL,Almeida-Junior-Apps - AJFans (Android) session_start_ativos,DEFAULT,2025-10-02,70.0,70.0
GERAL,GERAL,Almeida-Junior-Apps - AJFans (Android) session_start_ativos,DEFAULT,2025-10-03,46.0,46.0
GERAL,GERAL,Almeida-Junior-Apps - AJFans (Android) session_start_ativos,DEFAULT,2025-10-04,91.0,91.0
GERAL,GERAL,Almeida-Junior-Apps - AJFans (Android) session_start_ativos,DEFAULT,2025-10-05,77.0,77.0
GERAL,GERAL,Almeida-Junior-Apps - AJFans (Android) session_start_ativos,DEFAULT,2025-10-06,54.0,54.0
GERAL,GERAL,Almeida-Junior-Apps - AJFans (Android) session_start_ativos,DEFAULT,2025-10-07,50.0,50.0
GERAL,GERAL,Almeida-Junior-Apps - AJFans (Android) session_start_ativos,DEFAULT,2025-10-08,49.0,49.0
GERAL,GERAL,Almeida-Junior-Apps - AJFans (Android) session_start_ativos,DEFAULT,2025-10-09,64.0,64.0
GERAL,GERAL,Almeida-Junior-Apps - AJFans (Android) session_start_ativos,DEFAULT,2025-10-10,107.0,107.0
GERAL,GERAL,Almeida-Junior-Apps - AJFans (Android) session_start_ativos,DEFAULT,2025-10-11,76.0,76.0
GERAL,GERAL,Almeida-Junior-Apps - AJFans (Android) session_start_ativos,DEFAULT,2025-10-12,134.0,134.0
GERAL,GERAL,Almeida-Junior-Apps - AJFans (Android) session_start_ativos,DEFAULT,2025-10-13,72.0,72.0
GERAL,GERAL,Almeida-Junior-Apps - AJFans (Android) session_start_ativos,DEFAULT,2025-10-14,72.0,72.0
GERAL,GERAL,Almeida-Junior-Apps - AJFans (Android) session_start_ativos,DEFAULT,2025-10-15,92.0,92.0
GERAL,GERAL,Almeida-Junior-Apps - AJFans (Android) session_start_ativos,DEFAULT,2025-10-16,61.0,61.0
GERAL,GERAL,Almeida-Junior-Apps - AJFans (Android) session_start_ativos,DEFAULT,2025-10-17,85.0,85.0
GERAL,GERAL,Almeida-Junior-Apps - AJFans (Android) session_start_ativos,DEFAULT,2025-10-18,126.0,126.0
GERAL,GERAL,Almeida-Junior-Apps - AJFans (Android) session_start_ativos,DEFAULT,2025-10-19,87.0,87.0
GERAL,GERAL,Almeida-Junior-Apps - AJFans (Android) session_start_ativos,DEFAULT,2025-10-20,90.0,90.0
GERAL,GERAL,Almeida-Junior-Apps - AJFans (Android) session_start_ativos,DEFAULT,2025-10-21,90.0,90.0
GERAL,GERAL,Almeida-Junior-Apps - AJFans (Android) session_start_ativos,DEFAULT,2025-10-22,80.0,80.0
GERAL,GERAL,Almeida-Junior-Apps - AJFans (Android) session_start_ativos,DEFAULT,2025-10-23,86.0,86.0
GERAL,GERAL,Almeida-Junior-Apps - AJFans (Android) session_start_ativos,DEFAULT,2025-10-24,77.0,77.0
GERAL,GERAL,Almeida-Junior-Apps - AJFans (Android) session_start_ativos,DEFAULT,2025-10-25,112.0,112.0
GERAL,GERAL,Almeida-Junior-Apps - AJFans (Android) session_start_ativos,DEFAULT,2025-10-26,72.0,72.0
GERAL,GERAL,Almeida-Junior-Apps - AJFans (Android) session_start_ativos,DEFAULT,2025-10-27,77.0,77.0
GERAL,GERAL,Almeida-Junior-Apps - AJFans (Android) session_start_ativos,DEFAULT,2025-10-28,78.0,78.0
GERAL,GERAL,Almeida-Junior-Apps - AJFans (Android) session_start_ativos,DEFAULT,2025-10-29,69.0,69.0
GERAL,GERAL,Almeida-Junior-Apps - AJFans (Android) session_start_ativos,DEFAULT,2025-10-30,85.0,85.0
GERAL,GERAL,Almeida-Junior-Apps - AJFans (Android) session_start_ativos,DEFAULT,2025-10-31,84.0,84.0
GERAL,GERAL,Almeida-Junior-Apps - AJFans (Android) session_start_ativos,DEFAULT,2025-11-01,82.0,82.0
GERAL,GERAL,Almeida-Junior-Apps - AJFans (Android) session_start_ativos,DEFAULT,2025-11-02,104.0,104.0
GERAL,GERAL,Almeida-Junior-Apps - AJFans (Android) session_start_ativos,DEFAULT,2025-11-03,70.0,70.0
GERAL,GERAL,Almeida-Junior-Apps - AJFans (Android) session_start_ativos,DEFAULT,2025-11-04,105.0,105.0
GERAL,GERAL,Almeida-Junior-Apps - AJFans (Android) session_start_ativos,DEFAULT,2025-11-05,53.0,53.0
GERAL,GERAL,Almeida-Junior-Apps - AJFans (Android) session_start_ativos,DEFAULT,2025-11-06,57.0,57.0
GERAL,GERAL,Almeida-Junior-Apps - AJFans (Android) session_start_ativos,DEFAULT,2025-11-07,86.0,86.0
GERAL,GERAL,Almeida-Junior-Apps - AJFans (Android) session_start_ativos,DEFAULT,2025-11-08,149.0,149.0
GERAL,GERAL,Almeida-Junior-Apps - AJFans (Android) session_start_ativos,DEFAULT,2025-11-09,153.0,153.0
GERAL,GERAL,Almeida-Junior-Apps - AJFans (Android) session_start_ativos,DEFAULT,2025-11-10,95.0,95.0
GERAL,GERAL,Almeida-Junior-Apps - AJFans (Android) session_start_ativos,DEFAULT,2025-11-11,111.0,111.0
GERAL,GERAL,Almeida-Junior-Apps - AJFans (Android) session_start_ativos,DEFAULT,2025-11-12,96.0,96.0
GERAL,GERAL,Almeida-Junior-Apps - AJFans (Android) session_start_ativos,DEFAULT,2025-11-13,115.0,115.0
GERAL,GERAL,Almeida-Junior-Apps - AJFans (Android) session_start_ativos,DEFAULT,2025-11-14,102.0,102.0
GERAL,GERAL,Almeida-Junior-Apps - AJFans (Android) session_start_ativos,DEFAULT,2025-11-15,162.0,162.0
GERAL,GERAL,Almeida-Junior-Apps - AJFans (Android) session_start_ativos,DEFAULT,2025-11-16,169.0,169.0
GERAL,GERAL,Almeida-Junior-Apps - AJFans (Android) session_start_ativos,DEFAULT,2025-11-17,112.0,112.0
GERAL,GERAL,Almeida-Junior-Apps - AJFans (Android) session_start_ativos,DEFAULT,2025-11-18,84.0,84.0
GERAL,GERAL,Almeida-Junior-Apps - AJFans (Android) session_start_ativos,DEFAULT,2025-11-19,66.0,66.0
GERAL,GERAL,Almeida-Junior-Apps - AJFans (Android) session_start_ativos,DEFAULT,2025-11-20,137.0,137.0
GERAL,GERAL,Almeida-Junior-Apps - AJFans (Android) session_start_ativos,DEFAULT,2025-11-21,120.0,120.0
GERAL,GERAL,Almeida-Junior-Apps - AJFans (Android) session_start_ativos,DEFAULT,2025-11-22,146.0,146.0
GERAL,GERAL,Almeida-Junior-Apps - AJFans (Android) session_start_ativos,DEFAULT,2025-11-23,223.0,223.0
GERAL,GERAL,Almeida-Junior-Apps - AJFans (Android) session_start_ativos,DEFAULT,2025-11-24,131.0,129.0
GERAL,GERAL,Almeida-Junior-Apps - AJFans (Android) session_start_ativos,DEFAULT,2025-11-25,96.0,96.0
GERAL,GERAL,Almeida-Junior-Apps - AJFans (Android) session_start_ativos,DEFAULT,2025-11-26,113.0,113.0
GERAL,GERAL,Almeida-Junior-Apps - AJFans (Android) session_start_ativos,DEFAULT,2025-11-27,88.0,88.0
GERAL,GERAL,Almeida-Junior-Apps - AJFans (Android) session_start_ativos,DEFAULT,2025-11-28,103.0,103.0
GERAL,GERAL,Almeida-Junior-Apps - AJFans (Android) session_start_ativos,DEFAULT,2025-11-29,140.0,140.0
GERAL,GERAL,Almeida-Junior-Apps - AJFans (Android) session_start_ativos,DEFAULT,2025-11-30,167.0,167.0
GERAL,GERAL,Almeida-Junior-Apps - AJFans (Android) session_start_ativos,DEFAULT,2025-12-01,139.0,139.0
GERAL,GERAL,Almeida-Junior-Apps - AJFans (Android) session_start_ativos,DEFAULT,2025-12-02,98.0,98.0
GERAL,GERAL,Almeida-Junior-Apps - AJFans (Android) session_start_ativos,DEFAULT,2025-12-03,116.0,119.338945664
GERAL,GERAL,Almeida-Junior-Apps - AJFans (Android) session_start_ativos,DEFAULT,2025-12-04,85.0,85.0
GERAL,GERAL,Almeida-Junior-Apps - AJFans (Android) session_start_ativos,DEFAULT,2025-12-05,78.0,78.0
GERAL,GERAL,Almeida-Junior-Apps - AJFans (Android) session_start_ativos,DEFAULT,2025-12-06,117.0,116.0
GERAL,GERAL,Almeida-Junior-Apps - AJFans (Android) session_start_ativos,DEFAULT,2025-12-07,109.0,109.0
GERAL,GERAL,Almeida-Junior-Apps - AJFans (Android) session_start_ativos,DEFAULT,2025-12-08,111.0,111.0
GERAL,GERAL,Almeida-Junior-Apps - AJFans (Android) session_start_ativos,DEFAULT,2025-12-09,96.0,94.0
GERAL,GERAL,Almeida-Junior-Apps - AJFans (Android) session_start_ativos,DEFAULT,2025-12-10,76.0,76.0
GERAL,GERAL,Almeida-Junior-Apps - AJFans (Android) session_start_ativos,DEFAULT,2025-12-11,75.0,75.0
GERAL,GERAL,Almeida-Junior-Apps - AJFans (Android) session_start_ativos,DEFAULT,2025-12-12,71.0,71.0
GERAL,GERAL,Almeida-Junior-Apps - AJFans (Android) session_start_ativos,DEFAULT,2025-12-13,105.0,105.0
GERAL,GERAL,Almeida-Junior-Apps - AJFans (Android) session_start_ativos,DEFAULT,2025-12-14,156.0,156.0
GERAL,GERAL,Almeida-Junior-Apps - AJFans (Android) session_start_ativos,DEFAULT,2025-12-15,80.0,80.0
GERAL,GERAL,Almeida-Junior-Apps - AJFans (Android) session_start_ativos,DEFAULT,2025-12-16,90.0,90.0
GERAL,GERAL,Almeida-Junior-Apps - AJFans (Android) session_start_ativos,DEFAULT,2025-12-17,77.0,77.0
GERAL,GERAL,Almeida-Junior-Apps - AJFans (Android) session_start_ativos,DEFAULT,2025-12-18,71.0,71.0
GERAL,GERAL,Almeida-Junior-Apps - AJFans (Android) session_start_ativos,DEFAULT,2025-12-19,68.0,68.0
GERAL,GERAL,Almeida-Junior-Apps - AJFans (Android) session_start_ativos,DEFAULT,2025-12-20,160.0,160.0
GERAL,GERAL,Almeida-Junior-Apps - AJFans (Android) session_start_ativos,DEFAULT,2025-12-21,137.0,137.0
GERAL,GERAL,Almeida-Junior-Apps - AJFans (Android) session_start_ativos,DEFAULT,2025-12-22,151.0,151.0
GERAL,GERAL,Almeida-Junior-Apps - AJFans (Android) session_start_ativos,DEFAULT,2025-12-23,126.0,130.568269368
GERAL,GERAL,Almeida-Junior-Apps - AJFans (Android) session_start_ativos,DEFAULT,2025-12-24,115.0,115.0
GERAL,GERAL,Almeida-Junior-Apps - AJFans (Android) session_start_ativos,DEFAULT,2025-12-25,90.0,90.0
GERAL,GERAL,Almeida-Junior-Apps - AJFans (Android) session_start_ativos,DEFAULT,2025-12-26,65.0,65.0
GERAL,GERAL,Almeida-Junior-Apps - AJFans (Android) session_start_ativos,DEFAULT,2025-12-27,122.0,126.54355
GERAL,GERAL,Almeida-Junior-Apps - AJFans (Android) session_start_ativos,DEFAULT,2025-12-28,71.0,71.0
GERAL,GERAL,Almeida-Junior-Apps - AJFans (Android) session_start_ativos,DEFAULT,2025-12-29,100.0,103.365683678
GERAL,GERAL,Almeida-Junior-Apps - AJFans (Android) session_start_ativos,DEFAULT,2025-12-30,124.0,124.0
GERAL,GERAL,Almeida-Junior-Apps - AJFans (Android) session_start_ativos,DEFAULT,2025-12-31,76.0,75.0
GERAL,GERAL,Almeida-Junior-Apps - AJFans (Android) session_start_ativos,DEFAULT,2026-01-01,69.0,69.0
GERAL,GERAL,Almeida-Junior-Apps - AJFans (Android) session_start_ativos,DEFAULT,2026-01-06,44.0,44.0
GERAL,GERAL,Almeida-Junior-Apps - AJFans (Android) session_start_ativos,DEFAULT,2026-01-07,69.0,69.0
GERAL,GERAL,Almeida-Junior-Apps - AJFans (Android) session_start_ativos,DEFAULT,2026-01-08,92.0,92.0
GERAL,GERAL,Almeida-Junior-Apps - AJFans (Android) session_start_ativos,DEFAULT,2026-01-09,91.0,91.0
GERAL,GERAL,Almeida-Junior-Apps - AJFans (Android) session_start_ativos,DEFAULT,2026-01-10,129.0,129.0
GERAL,GERAL,Almeida-Junior-Apps - AJFans (Android) session_start_ativos,DEFAULT,2026-01-11,124.0,124.0
GERAL,GERAL,Almeida-Junior-Apps - AJFans (Android) session_start_ativos,DEFAULT,2026-01-12,80.0,80.0
GERAL,GERAL,Almeida-Junior-Apps - AJFans (Android) session_start_ativos,DEFAULT,2026-01-13,70.0,70.0
GERAL,GERAL,Almeida-Junior-Apps - AJFans (Android) session_start_ativos,DEFAULT,2026-01-14,43.0,43.0
GERAL,GERAL,Almeida-Junior-Apps - AJFans (Android) session_start_ativos,DEFAULT,2026-01-15,54.0,54.0
GERAL,GERAL,Almeida-Junior-Apps - AJFans (Android) session_start_ativos,DEFAULT,2026-01-16,47.0,47.0
GERAL,GERAL,Almeida-Junior-Apps - AJFans (Android) session_start_ativos,DEFAULT,2026-01-17,92.0,90.0
GERAL,GERAL,Almeida-Junior-Apps - AJFans (Android) session_start_ativos,DEFAULT,2026-01-18,69.0,69.0
GERAL,GERAL,Almeida-Junior-Apps - AJFans (Android) session_start_ativos,DEFAULT,2026-01-19,45.0,45.0
GERAL,GERAL,Almeida-Junior-Apps - AJFans (Android) session_start_ativos,DEFAULT,2026-01-20,58.0,67.477670972
GERAL,GERAL,Almeida-Junior-Apps - AJFans (Android) session_start_ativos,DEFAULT,2026-01-21,52.0,50.0
GERAL,GERAL,Almeida-Junior-Apps - AJFans (Android) session_start_ativos,DEFAULT,2026-01-22,34.0,34.0
GERAL,GERAL,Almeida-Junior-Apps - AJFans (Android) session_start_ativos,DEFAULT,2026-01-23,39.0,39.0
GERAL,GERAL,Almeida-Junior-Apps - AJFans (Android) session_start_ativos,DEFAULT,2026-01-24,60.0,60.0
GERAL,GERAL,Almeida-Junior-Apps - AJFans (Android) session_start_ativos,DEFAULT,2026-01-25,73.0,73.0
GERAL,GERAL,Almeida-Junior-Apps - AJFans (Android) session_start_ativos,DEFAULT,2026-01-26,47.0,47.0
GERAL,GERAL,Almeida-Junior-Apps - AJFans (Android) session_start_ativos,DEFAULT,2026-01-27,48.0,46.0
GERAL,GERAL,Almeida-Junior-Apps - AJFans (Android) session_start_ativos,DEFAULT,2026-01-28,47.0,51.259606788
GERAL,GERAL,Almeida-Junior-Apps - AJFans (Android) session_start_ativos,DEFAULT,2026-01-29,52.0,51.0
GERAL,GERAL,Almeida-Junior-Apps - AJFans (Android) session_start_ativos,DEFAULT,2026-01-30,48.0,48.0
GERAL,GERAL,Almeida-Junior-Apps - AJFans (Android) session_start_ativos,DEFAULT,2026-01-31,108.0,106.0
GERAL,GERAL,Almeida-Junior-Apps - AJFans (Android) session_start_ativos,DEFAULT,2026-02-01,57.0,57.0
GERAL,GERAL,Almeida-Junior-Apps - AJFans (Android) session_start_ativos,DEFAULT,2026-02-02,55.0,55.0
GERAL,GERAL,Almeida-Junior-Apps - AJFans (Android) session_start_ativos,DEFAULT,2026-02-03,41.0,41.0
GERAL,GERAL,Almeida-Junior-Apps - AJFans (Android) session_start_ativos,DEFAULT,2026-02-04,58.0,58.0
GERAL,GERAL,Almeida-Junior-Apps - AJFans (Android) session_start_ativos,DEFAULT,2026-02-05,22.0,31.388456312
GERAL,GERAL,Almeida-Junior-Apps - AJFans (Android) session_start_ativos,DEFAULT,2026-02-07,65.0,65.0
GERAL,GERAL,Almeida-Junior-Apps - AJFans (Android) session_start_ativos,DEFAULT,2026-02-08,46.0,46.0
GERAL,GERAL,Almeida-Junior-Apps - AJFans (Android) session_start_ativos,DEFAULT,2026-02-09,24.0,24.0
GERAL,GERAL,Almeida-Junior-Apps - AJFans (Android) session_start_ativos,DEFAULT,2026-02-10,24.0,24.0
GERAL,GERAL,Almeida-Junior-Apps - AJFans (Android) session_start_ativos,DEFAULT,2026-02-11,5.0,5.0
GERAL,GERAL,Almeida-Junior-Apps - AJFans (Android) session_start_ativos,DEFAULT,2026-02-12,23.0,23.0
GERAL,GERAL,Almeida-Junior-Apps - AJFans (Android) session_start_ativos,DEFAULT,2026-02-13,11.0,11.0
GERAL,GERAL,Almeida-Junior-Apps - AJFans (Android) session_start_ativos,DEFAULT,2026-02-14,30.0,29.0
GERAL,GERAL,Almeida-Junior-Apps - AJFans (Android) session_start_ativos,DEFAULT,2026-02-15,22.0,22.0
GERAL,GERAL,Almeida-Junior-Apps - AJFans (Android) session_start_ativos,DEFAULT,2026-02-16,17.0,16.0
GERAL,GERAL,Almeida-Junior-Apps - AJFans (Android) session_start_ativos,DEFAULT,2026-02-17,35.0,34.0
GERAL,GERAL,Almeida-Junior-Apps - AJFans (Android) session_start_ativos,DEFAULT,2026-02-18,13.0,13.0
GERAL,GERAL,Almeida-Junior-Apps - AJFans (Android) session_start_ativos,DEFAULT,2026-02-19,10.0,10.0
GERAL,GERAL,Almeida-Junior-Apps - AJFans (Android) session_start_ativos,DEFAULT,2026-02-21,1.0,1.0
GERAL,GERAL,Almeida-Junior-Apps - AJFans (Android) session_start_ativos,DEFAULT,2026-02-22,1.0,1.0
GERAL,GERAL,Almeida-Junior-Apps - AJFans (Android) session_start_ativos,DEFAULT,2026-02-23,1.0,1.0
GERAL,GERAL,Almeida-Junior-Apps - AJFans (Android) session_start_ativos,DEFAULT,2026-02-26,2.0,2.0
GERAL,GERAL,Almeida-Junior-Apps - AJFans (Android) session_start_ativos,DEFAULT,2026-02-27,1.0,1.0
GERAL,GERAL,Almeida-Junior-Apps - AJFans (Android) session_start_ativos,DEFAULT,2026-02-28,1.0,1.0
GERAL,GERAL,Almeida-Junior-Apps - AJFans (Android) session_start_ativos,DEFAULT,2026-03-01,1.0,1.0
GERAL,GERAL,Almeida-Junior-Apps - AJFans (Android) session_start_ativos,DEFAULT,2026-03-02,1.0,1.0
GERAL,GERAL,Almeida-Junior-Apps - AJFans (Android) session_start_ativos,DEFAULT,2026-03-10,1.0,1.0
GERAL,GERAL,Almeida-Junior-Apps - AJFans (Android) session_start_ativos,DEFAULT,2026-03-11,1.0,1.0
GERAL,GERAL,Almeida-Junior-Apps - AJFans (Android) session_start_ativos,DEFAULT,2026-03-12,1.0,1.0
GERAL,GERAL,Almeida-Junior-Apps - AJFans (Android) session_start_ativos,DEFAULT,2026-03-14,2.0,2.0
GERAL,GERAL,Almeida-Junior-Apps - AJFans (Android) session_start_ativos,DEFAULT,2026-03-15,1.0,1.0
GERAL,GERAL,Almeida-Junior-Apps - AJFans (Android) session_start_ativos,DEFAULT,2026-03-16,1.0,1.0
GERAL,GERAL,Almeida-Junior-Apps - AJFans (Android) session_start_ativos,DEFAULT,2026-03-17,2.0,2.0
GERAL,GERAL,Almeida-Junior-Apps - AJFans (Android) session_start_ativos,DEFAULT,2026-03-18,1.0,1.0
GERAL,GERAL,Almeida-Junior-Apps - AJFans (Android) session_start_ativos,DEFAULT,2026-03-19,1.0,1.0
GERAL,GERAL,Almeida-Junior-Apps - AJFans (Android) session_start_ativos,DEFAULT,2026-03-21,1.0,1.0
GERAL,GERAL,Almeida-Junior-Apps - AJFans (Android) session_start_ativos,DEFAULT,2026-03-22,2.0,2.0
GERAL,GERAL,Almeida-Junior-Apps - AJFans (Android) session_start_ativos,DEFAULT,2026-03-24,2.0,2.0
GERAL,GERAL,Almeida-Junior-Apps - AJFans (Android) session_start_ativos,DEFAULT,2026-03-25,1.0,1.0
GERAL,GERAL,Almeida-Junior-Apps - AJFans (Android) session_start_ativos,DEFAULT,2026-03-26,1.0,1.0
GERAL,GERAL,Almeida-Junior-Apps - AJFans (Android) session_start_ativos,DEFAULT,2026-03-29,1.0,1.0
GERAL,GERAL,Almeida-Junior-Apps - AJFans (Android) session_start_ativos,DEFAULT,2026-03-30,1.0,1.0
GERAL,GERAL,Almeida-Junior-Apps - AJFans (Android) session_start_ativos,DEFAULT,2026-03-31,1.0,1.0
GERAL,GERAL,Almeida-Junior-Apps - AJFans (Android) session_start_ativos,DEFAULT,2026-04-01,1.0,1.0
GERAL,GERAL,Almeida-Junior-Apps - AJFans (Android) session_start_ativos,DEFAULT,2026-04-03,6.0,6.0
GERAL,GERAL,Almeida-Junior-Apps - AJFans (Android) session_start_ativos,DEFAULT,2026-04-04,6.0,6.0
GERAL,GERAL,Almeida-Junior-Apps - AJFans (Android) session_start_ativos,DEFAULT,2026-04-05,1.0,1.0
GERAL,GERAL,Almeida-Junior-Apps - AJFans (Android) session_start_ativos,DEFAULT,2026-04-06,1.0,1.0
GERAL,GERAL,Almeida-Junior-Apps - AJFans (Android) session_start_ativos,DEFAULT,2026-04-07,2.0,2.0
GERAL,GERAL,Almeida-Junior-Apps - AJFans (Android) session_start_ativos,DEFAULT,2026-04-08,1.0,1.0
GERAL,GERAL,Almeida-Junior-Apps - AJFans (Android) session_start_ativos,DEFAULT,2026-04-09,2.0,2.0
GERAL,GERAL,Almeida-Junior-Apps - AJFans (Android) session_start_ativos,DEFAULT,2026-04-10,5.0,5.0
GERAL,GERAL,Almeida-Junior-Apps - AJFans (Android) session_start_ativos,DEFAULT,2026-04-11,6.0,6.0
GERAL,GERAL,Almeida-Junior-Apps - AJFans (Android) session_start_ativos,DEFAULT,2026-04-12,4.0,4.0
GERAL,GERAL,Almeida-Junior-Apps - AJFans (Android) session_start_ativos,DEFAULT,2026-04-13,4.0,4.0
GERAL,GERAL,Almeida-Junior-Apps - AJFans (Android) session_start_ativos,DEFAULT,2026-04-14,8.0,8.0
GERAL,GERAL,Almeida-Junior-Apps - AJFans (Android) session_start_ativos,DEFAULT,2026-04-15,12.0,12.0
GERAL,GERAL,Almeida-Junior-Apps - AJFans (Android) session_start_ativos,DEFAULT,2026-04-16,5.0,5.0
GERAL,GERAL,Almeida-Junior-Apps - AJFans (Android) session_start_ativos,DEFAULT,2026-04-17,6.0,4.0
GERAL,GERAL,Almeida-Junior-Apps - AJFans (Android) session_start_ativos,DEFAULT,2026-04-18,10.0,10.0
GERAL,GERAL,Almeida-Junior-Apps - AJFans (Android) session_start_ativos,DEFAULT,2026-04-19,6.0,6.0
GERAL,GERAL,Almeida-Junior-Apps - AJFans (Android) session_start_ativos,DEFAULT,2026-04-21,2.0,2.0
GERAL,GERAL,Almeida-Junior-Apps - AJFans (Android) session_start_ativos,DEFAULT,2026-04-22,1.0,1.0
GERAL,GERAL,Almeida-Junior-Apps - AJFans (Android) session_start_ativos,DEFAULT,2026-04-24,2.0,2.0
GERAL,GERAL,Almeida-Junior-Apps - AJFans (Android) session_start_ativos,DEFAULT,2026-04-25,3.0,3.0
GERAL,GERAL,Almeida-Junior-Apps - AJFans (Android) session_start_ativos,DEFAULT,2026-04-26,6.0,6.0
GERAL,GERAL,Almeida-Junior-Apps - AJFans (Android) session_start_ativos,DEFAULT,2026-04-27,2.0,2.0
GERAL,GERAL,Almeida-Junior-Apps - AJFans (Android) session_start_ativos,DEFAULT,2026-04-29,1.0,1.0
GERAL,GERAL,Almeida-Junior-Apps - AJFans (Android) session_start_ativos,DEFAULT,2026-05-01,9.0,9.0
GERAL,GERAL,Almeida-Junior-Apps - AJFans (Android) session_start_ativos,DEFAULT,2026-05-02,2.0,2.0
GERAL,GERAL,Almeida-Junior-Apps - AJFans (Android) session_start_ativos,DEFAULT,2026-05-07,2.0,2.0
GERAL,GERAL,Almeida-Junior-Apps - AJFans (Android) session_start_ativos,DEFAULT,2026-05-09,1.0,1.0
GERAL,GERAL,Almeida-Junior-Apps - AJFans (Android) session_start_ativos,DEFAULT,2026-05-10,1.0,1.0
GERAL,GERAL,Almeida-Junior-Apps - AJFans (Android) session_start_ativos,DEFAULT,2026-05-11,1.0,1.0
GERAL,GERAL,Almeida-Junior-Apps - AJFans (Android) session_start_ativos,DEFAULT,2026-05-12,1.0,1.0
GERAL,GERAL,Almeida-Junior-Apps - AJFans (Android) session_start_ativos,DEFAULT,2026-05-14,1.0,1.0
GERAL,GERAL,Almeida-Junior-Apps - AJFans (Android) session_start_ativos,DEFAULT,2026-05-16,1.0,1.0
GERAL,GERAL,Almeida-Junior-Apps - AJFans (Android) session_start_ativos,DEFAULT,2026-05-17,3.0,3.0
GERAL,GERAL,Almeida-Junior-Apps - AJFans (Android) session_start_ativos,DEFAULT,2026-05-19,1.0,1.0
GERAL,GERAL,Almeida-Junior-Apps - AJFans (Android) session_start_ativos,DEFAULT,2026-05-24,1.0,1.0
GERAL,GERAL,Almeida-Junior-Apps - AJFans (Android) session_start_ativos,DEFAULT,2026-05-25,2.0,2.0
GERAL,GERAL,Almeida-Junior-Apps - AJFans (Android) session_start_ativos,DEFAULT,2026-05-26,2.0,2.0
GERAL,GERAL,Almeida-Junior-Apps - AJFans (Android) session_start_ativos,DEFAULT,2026-05-28,1.0,1.0
GERAL,GERAL,Almeida-Junior-Apps - AJFans (Android) session_start_ativos,DEFAULT,2026-05-30,3.0,3.0
GERAL,GERAL,Almeida-Junior-Apps - AJFans (Android) session_start_ativos,DEFAULT,2026-05-31,3.0,3.0
GERAL,GERAL,Almeida-Junior-Apps - AJFans (Android) session_start_ativos,DEFAULT,2026-06-01,1.0,1.0
GERAL,GERAL,Almeida-Junior-Apps - AJFans (Android) session_start_ativos,DEFAULT,2026-06-02,1.0,1.0
GERAL,GERAL,Almeida-Junior-Apps - AJFans (Android) session_start_ativos,DEFAULT,2026-06-06,1.0,1.0
GERAL,GERAL,Almeida-Junior-Apps - AJFans (Android) session_start_ativos,DEFAULT,2026-06-08,3.0,3.0
GERAL,GERAL,Almeida-Junior-Apps - AJFans (Android) session_start_ativos,DEFAULT,2026-06-09,5.0,5.0
GERAL,GERAL,Almeida-Junior-Apps - AJFans (Android) session_start_ativos,DEFAULT,2026-06-10,1.0,1.0
GERAL,GERAL,Almeida-Junior-Apps - AJFans (Android) session_start_ativos,DEFAULT,2026-06-11,2.0,2.0
GERAL,GERAL,Almeida-Junior-Apps - AJFans (Android) session_start_ativos,DEFAULT,2026-06-12,2.0,2.0
GERAL,GERAL,Almeida-Junior-Apps - AJFans (Android) session_start_ativos,DEFAULT,2026-06-26,1.0,1.0
GERAL,GERAL,Almeida-Junior-Apps - AJFans (Android) session_start_ativos,DEFAULT,2026-06-27,1.0,1.0
GERAL,GERAL,Almeida-Junior-Apps - AJFans (Android) session_start_ativos,DEFAULT,2026-07-02,1.0,1.0
GERAL,GERAL,Almeida-Junior-Apps - AJFans (Android) session_start_ativos,DEFAULT,2026-07-04,2.0,2.0
GERAL,GERAL,Almeida-Junior-Apps - AJFans (Android) session_start_ativos,DEFAULT,2026-07-11,2.0,2.0
GERAL,GERAL,Almeida-Junior-Apps - AJFans (Android) session_start_ativos,DEFAULT,2026-07-13,1.0,1.0
GERAL,GERAL,Almeida-Junior-Apps - AJFans (Android) session_start_ativos,DEFAULT,2026-07-21,2.0,1.0
GERAL,GERAL,Almeida-Junior-Apps - AJFans (Android) session_start_ativos,DEFAULT,2026-07-23,1.0,1.0
GERAL,GERAL,Almeida-Junior-Apps - AJFans (Android) session_start_ativos,DEFAULT,2026-07-25,1.0,1.0
GERAL,GERAL,Almeida-Junior-Apps - AJFans (Android) session_start_ativos,DEFAULT,2026-07-27,1.0,1.0
GERAL,GERAL,Almeida-Junior-Apps - AJFans (Android) session_start_ativos,DEFAULT,2026-07-28,1.0,1.0
GERAL,GERAL,Almeida-Junior-Apps - AJFans (Android) session_start_ativos,DEFAULT,2026-07-29,3.0,2.0
GERAL,GERAL,Almeida-Junior-Apps - AJFans (Android) session_start_ativos,DEFAULT,2026-07-30,3.0,3.0
GERAL,GERAL,Almeida-Junior-Apps - AJFans (Android) session_start_ativos,DEFAULT,2026-08-01,1.0,1.0
GERAL,GERAL,Almeida-Junior-Apps - AJFans (Android) session_start_ativos,DEFAULT,2026-08-03,1.0,1.0
GERAL,GERAL,Almeida-Junior-Apps - AJFans (Android) session_start_ativos,DEFAULT,2026-08-06,1.0,1.0
GERAL,GERAL,Almeida-Junior-Apps - AJFans (Android) session_start_ativos,DEFAULT,2026-08-07,2.0,2.0
GERAL,GERAL,Almeida-Junior-Apps - AJFans (Android) session_start_ativos,DEFAULT,2026-08-08,2.0,2.0
GERAL,GERAL,Almeida-Junior-Apps - AJFans (Android) session_start_ativos,DEFAULT,2026-08-11,1.0,1.0
GERAL,GERAL,Almeida-Junior-Apps - AJFans (Android) session_start_ativos,DEFAULT,2026-08-12,2.0,2.0
GERAL,GERAL,Almeida-Junior-Apps - AJFans (Android) session_start_ativos,DEFAULT,2026-08-13,1.0,1.0
GERAL,GERAL,Almeida-Junior-Apps - AJFans (Android) session_start_ativos,DEFAULT,2026-08-15,2.0,2.0
GERAL,GERAL,Almeida-Junior-Apps - AJFans (iOS) session_start_ativos,DEFAULT,2025-09-25,4.0,0.0
GERAL,GERAL,Almeida-Junior-Apps - AJFans (iOS) session_start_ativos,DEFAULT,2025-09-26,2.0,0.0
GERAL,GERAL,Almeida-Junior-Apps - AJFans (iOS) session_start_ativos,DEFAULT,2025-09-27,7.0,0.0
GERAL,GERAL,Almeida-Junior-Apps - AJFans (iOS) session_start_ativos,DEFAULT,2025-09-28,9.0,0.0
GERAL,GERAL,Almeida-Junior-Apps - AJFans (iOS) session_start_ativos,DEFAULT,2025-09-29,7.0,0.0
GERAL,GERAL,Almeida-Junior-Apps - AJFans (iOS) session_start_ativos,DEFAULT,2025-09-30,3.0,0.0
GERAL,GERAL,Almeida-Junior-Apps - AJFans (iOS) session_start_ativos,DEFAULT,2025-10-01,1.0,0.0
GERAL,GERAL,Almeida-Junior-Apps - AJFans (iOS) session_start_ativos,DEFAULT,2025-10-02,3.0,0.0
GERAL,GERAL,Almeida-Junior-Apps - AJFans (iOS) session_start_ativos,DEFAULT,2025-10-03,6.0,0.0
GERAL,GERAL,Almeida-Junior-Apps - AJFans (iOS) session_start_ativos,DEFAULT,2025-10-04,7.0,0.0
GERAL,GERAL,Almeida-Junior-Apps - AJFans (iOS) session_start_ativos,DEFAULT,2025-10-05,10.0,0.0
GERAL,GERAL,Almeida-Junior-Apps - AJFans (iOS) session_start_ativos,DEFAULT,2025-10-06,3.0,0.0
GERAL,GERAL,Almeida-Junior-Apps - AJFans (iOS) session_start_ativos,DEFAULT,2025-10-07,7.0,0.0
GERAL,GERAL,Almeida-Junior-Apps - AJFans (iOS) session_start_ativos,DEFAULT,2025-10-08,4.0,0.0
GERAL,GERAL,Almeida-Junior-Apps - AJFans (iOS) session_start_ativos,DEFAULT,2025-10-10,14.0,0.0
GERAL,GERAL,Almeida-Junior-Apps - AJFans (iOS) session_start_ativos,DEFAULT,2025-10-11,26.0,0.0
GERAL,GERAL,Almeida-Junior-Apps - AJFans (iOS) session_start_ativos,DEFAULT,2025-10-12,12.0,0.0
GERAL,GERAL,Almeida-Junior-Apps - AJFans (iOS) session_start_ativos,DEFAULT,2025-10-13,10.0,0.0
GERAL,GERAL,Almeida-Junior-Apps - AJFans (iOS) session_start_ativos,DEFAULT,2025-10-14,8.0,0.0
GERAL,GERAL,Almeida-Junior-Apps - AJFans (iOS) session_start_ativos,DEFAULT,2025-10-15,10.0,0.0
GERAL,GERAL,Almeida-Junior-Apps - AJFans (iOS) session_start_ativos,DEFAULT,2025-10-16,8.0,0.0
GERAL,GERAL,Almeida-Junior-Apps - AJFans (iOS) session_start_ativos,DEFAULT,2025-10-17,5.0,0.0
GERAL,GERAL,Almeida-Junior-Apps - AJFans (iOS) session_start_ativos,DEFAULT,2025-10-18,5.0,0.0
GERAL,GERAL,Almeida-Junior-Apps - AJFans (iOS) session_start_ativos,DEFAULT,2025-10-19,8.0,0.0
GERAL,GERAL,Almeida-Junior-Apps - AJFans (iOS) session_start_ativos,DEFAULT,2025-10-20,9.0,0.0
GERAL,GERAL,Almeida-Junior-Apps - AJFans (iOS) session_start_ativos,DEFAULT,2025-10-21,6.0,0.0
GERAL,GERAL,Almeida-Junior-Apps - AJFans (iOS) session_start_ativos,DEFAULT,2025-10-22,6.0,0.0
GERAL,GERAL,Almeida-Junior-Apps - AJFans (iOS) session_start_ativos,DEFAULT,2025-10-23,1.0,0.0
GERAL,GERAL,Almeida-Junior-Apps - AJFans (iOS) session_start_ativos,DEFAULT,2025-10-24,7.0,0.0
GERAL,GERAL,Almeida-Junior-Apps - AJFans (iOS) session_start_ativos,DEFAULT,2025-10-25,10.0,0.0
GERAL,GERAL,Almeida-Junior-Apps - AJFans (iOS) session_start_ativos,DEFAULT,2025-10-26,10.0,0.0
GERAL,GERAL,Almeida-Junior-Apps - AJFans (iOS) session_start_ativos,DEFAULT,2025-10-27,12.0,0.0
GERAL,GERAL,Almeida-Junior-Apps - AJFans (iOS) session_start_ativos,DEFAULT,2025-10-28,6.0,0.0
GERAL,GERAL,Almeida-Junior-Apps - AJFans (iOS) session_start_ativos,DEFAULT,2025-10-29,5.0,0.0
GERAL,GERAL,Almeida-Junior-Apps - AJFans (iOS) session_start_ativos,DEFAULT,2025-10-30,9.0,0.0
GERAL,GERAL,Almeida-Junior-Apps - AJFans (iOS) session_start_ativos,DEFAULT,2025-10-31,12.0,0.0
GERAL,GERAL,Almeida-Junior-Apps - AJFans (iOS) session_start_ativos,DEFAULT,2025-11-01,20.0,0.0
GERAL,GERAL,Almeida-Junior-Apps - AJFans (iOS) session_start_ativos,DEFAULT,2025-11-02,24.0,0.0
GERAL,GERAL,Almeida-Junior-Apps - AJFans (iOS) session_start_ativos,DEFAULT,2025-11-03,11.0,0.0
GERAL,GERAL,Almeida-Junior-Apps - AJFans (iOS) session_start_ativos,DEFAULT,2025-11-04,16.0,0.0
GERAL,GERAL,Almeida-Junior-Apps - AJFans (iOS) session_start_ativos,DEFAULT,2025-11-05,6.0,0.0
GERAL,GERAL,Almeida-Junior-Apps - AJFans (iOS) session_start_ativos,DEFAULT,2025-11-06,11.0,0.0
GERAL,GERAL,Almeida-Junior-Apps - AJFans (iOS) session_start_ativos,DEFAULT,2025-11-07,3.0,0.0
GERAL,GERAL,Almeida-Junior-Apps - AJFans (iOS) session_start_ativos,DEFAULT,2025-11-08,19.0,0.0
GERAL,GERAL,Almeida-Junior-Apps - AJFans (iOS) session_start_ativos,DEFAULT,2025-11-09,15.0,0.0
GERAL,GERAL,Almeida-Junior-Apps - AJFans (iOS) session_start_ativos,DEFAULT,2025-11-10,5.0,0.0
GERAL,GERAL,Almeida-Junior-Apps - AJFans (iOS) session_start_ativos,DEFAULT,2025-11-11,8.0,0.0
GERAL,GERAL,Almeida-Junior-Apps - AJFans (iOS) session_start_ativos,DEFAULT,2025-11-12,7.0,0.0
GERAL,GERAL,Almeida-Junior-Apps - AJFans (iOS) session_start_ativos,DEFAULT,2025-11-13,15.0,0.0
GERAL,GERAL,Almeida-Junior-Apps - AJFans (iOS) session_start_ativos,DEFAULT,2025-11-14,15.0,0.0
GERAL,GERAL,Almeida-Junior-Apps - AJFans (iOS) session_start_ativos,DEFAULT,2025-11-15,17.0,0.0
GERAL,GERAL,Almeida-Junior-Apps - AJFans (iOS) session_start_ativos,DEFAULT,2025-11-16,16.0,0.0
GERAL,GERAL,Almeida-Junior-Apps - AJFans (iOS) session_start_ativos,DEFAULT,2025-11-17,11.0,0.0
GERAL,GERAL,Almeida-Junior-Apps - AJFans (iOS) session_start_ativos,DEFAULT,2025-11-18,8.0,0.0
GERAL,GERAL,Almeida-Junior-Apps - AJFans (iOS) session_start_ativos,DEFAULT,2025-11-19,16.0,0.0
GERAL,GERAL,Almeida-Junior-Apps - AJFans (iOS) session_start_ativos,DEFAULT,2025-11-20,27.0,0.0
GERAL,GERAL,Almeida-Junior-Apps - AJFans (iOS) session_start_ativos,DEFAULT,2025-11-21,24.0,0.0
GERAL,GERAL,Almeida-Junior-Apps - AJFans (iOS) session_start_ativos,DEFAULT,2025-11-22,21.0,0.0
GERAL,GERAL,Almeida-Junior-Apps - AJFans (iOS) session_start_ativos,DEFAULT,2025-11-23,25.0,0.0
GERAL,GERAL,Almeida-Junior-Apps - AJFans (iOS) session_start_ativos,DEFAULT,2025-11-24,10.0,0.0
GERAL,GERAL,Almeida-Junior-Apps - AJFans (iOS) session_start_ativos,DEFAULT,2025-11-25,20.0,0.0
GERAL,GERAL,Almeida-Junior-Apps - AJFans (iOS) session_start_ativos,DEFAULT,2025-11-26,16.0,0.0
GERAL,GERAL,Almeida-Junior-Apps - AJFans (iOS) session_start_ativos,DEFAULT,2025-11-27,10.0,0.0
GERAL,GERAL,Almeida-Junior-Apps - AJFans (iOS) session_start_ativos,DEFAULT,2025-11-28,10.0,0.0
GERAL,GERAL,Almeida-Junior-Apps - AJFans (iOS) session_start_ativos,DEFAULT,2025-11-29,21.0,0.0
GERAL,GERAL,Almeida-Junior-Apps - AJFans (iOS) session_start_ativos,DEFAULT,2025-11-30,38.0,0.0
GERAL,GERAL,Almeida-Junior-Apps - AJFans (iOS) session_start_ativos,DEFAULT,2025-12-01,18.0,0.0
GERAL,GERAL,Almeida-Junior-Apps - AJFans (iOS) session_start_ativos,DEFAULT,2025-12-02,4.0,0.0
GERAL,GERAL,Almeida-Junior-Apps - AJFans (iOS) session_start_ativos,DEFAULT,2025-12-03,1.0,0.0
GERAL,GERAL,Almeida-Junior-Apps - AJFans (iOS) session_start_ativos,DEFAULT,2025-12-04,2.0,0.0
GERAL,GERAL,Almeida-Junior-Apps - AJFans (iOS) session_start_ativos,DEFAULT,2025-12-05,2.0,0.0
GERAL,GERAL,Almeida-Junior-Apps - AJFans (iOS) session_start_ativos,DEFAULT,2025-12-06,3.0,0.0
GERAL,GERAL,Almeida-Junior-Apps - AJFans (iOS) session_start_ativos,DEFAULT,2025-12-07,5.0,0.0
GERAL,GERAL,Almeida-Junior-Apps - AJFans (iOS) session_start_ativos,DEFAULT,2025-12-08,2.0,0.0
GERAL,GERAL,Almeida-Junior-Apps - AJFans (iOS) session_start_ativos,DEFAULT,2025-12-09,2.0,0.0
GERAL,GERAL,Almeida-Junior-Apps - AJFans (iOS) session_start_ativos,DEFAULT,2025-12-10,6.0,0.0
GERAL,GERAL,Almeida-Junior-Apps - AJFans (iOS) session_start_ativos,DEFAULT,2025-12-11,3.0,0.0
GERAL,GERAL,Almeida-Junior-Apps - AJFans (iOS) session_start_ativos,DEFAULT,2025-12-12,4.0,0.0
GERAL,GERAL,Almeida-Junior-Apps - AJFans (iOS) session_start_ativos,DEFAULT,2025-12-13,1.0,0.0
GERAL,GERAL,Almeida-Junior-Apps - AJFans (iOS) session_start_ativos,DEFAULT,2025-12-14,7.0,0.0
GERAL,GERAL,Almeida-Junior-Apps - AJFans (iOS) session_start_ativos,DEFAULT,2025-12-15,2.0,0.0
GERAL,GERAL,Almeida-Junior-Apps - AJFans (iOS) session_start_ativos,DEFAULT,2025-12-16,4.0,0.0
GERAL,GERAL,Almeida-Junior-Apps - AJFans (iOS) session_start_ativos,DEFAULT,2025-12-17,1.0,0.0
GERAL,GERAL,Almeida-Junior-Apps - AJFans (iOS) session_start_ativos,DEFAULT,2025-12-19,2.0,0.0
GERAL,GERAL,Almeida-Junior-Apps - AJFans (iOS) session_start_ativos,DEFAULT,2025-12-20,3.0,0.0
GERAL,GERAL,Almeida-Junior-Apps - AJFans (iOS) session_start_ativos,DEFAULT,2025-12-21,2.0,0.0
GERAL,GERAL,Almeida-Junior-Apps - AJFans (iOS) session_start_ativos,DEFAULT,2025-12-22,4.0,0.0
GERAL,GERAL,Almeida-Junior-Apps - AJFans (iOS) session_start_ativos,DEFAULT,2025-12-23,5.0,0.0
GERAL,GERAL,Almeida-Junior-Apps - AJFans (iOS) session_start_ativos,DEFAULT,2025-12-24,6.0,0.0
GERAL,GERAL,Almeida-Junior-Apps - AJFans (iOS) session_start_ativos,DEFAULT,2025-12-25,5.0,0.0
GERAL,GERAL,Almeida-Junior-Apps - AJFans (iOS) session_start_ativos,DEFAULT,2025-12-26,2.0,0.0
GERAL,GERAL,Almeida-Junior-Apps - AJFans (iOS) session_start_ativos,DEFAULT,2025-12-28,4.0,0.0
GERAL,GERAL,Almeida-Junior-Apps - AJFans (iOS) session_start_ativos,DEFAULT,2025-12-29,4.0,0.0
GERAL,GERAL,Almeida-Junior-Apps - AJFans (iOS) session_start_ativos,DEFAULT,2025-12-30,4.0,0.0
GERAL,GERAL,Almeida-Junior-Apps - AJFans (iOS) session_start_ativos,DEFAULT,2025-12-31,3.0,0.0
GERAL,GERAL,Almeida-Junior-Apps - AJFans (iOS) session_start_ativos,DEFAULT,2026-01-01,1.0,0.0
GERAL,GERAL,Almeida-Junior-Apps - AJFans (iOS) session_start_ativos,DEFAULT,2026-01-07,3.0,0.0
GERAL,GERAL,Almeida-Junior-Apps - AJFans (iOS) session_start_ativos,DEFAULT,2026-01-08,2.0,0.0
GERAL,GERAL,Almeida-Junior-Apps - AJFans (iOS) session_start_ativos,DEFAULT,2026-01-09,1.0,0.0
GERAL,GERAL,Almeida-Junior-Apps - AJFans (iOS) session_start_ativos,DEFAULT,2026-01-10,4.0,0.0
GERAL,GERAL,Almeida-Junior-Apps - AJFans (iOS) session_start_ativos,DEFAULT,2026-01-11,5.0,0.0
GERAL,GERAL,Almeida-Junior-Apps - AJFans (iOS) session_start_ativos,DEFAULT,2026-01-12,13.0,0.0
GERAL,GERAL,Almeida-Junior-Apps - AJFans (iOS) session_start_ativos,DEFAULT,2026-01-13,8.0,0.0
GERAL,GERAL,Almeida-Junior-Apps - AJFans (iOS) session_start_ativos,DEFAULT,2026-01-14,7.0,0.0
GERAL,GERAL,Almeida-Junior-Apps - AJFans (iOS) session_start_ativos,DEFAULT,2026-01-15,8.0,0.0
GERAL,GERAL,Almeida-Junior-Apps - AJFans (iOS) session_start_ativos,DEFAULT,2026-01-16,7.0,0.0
GERAL,GERAL,Almeida-Junior-Apps - AJFans (iOS) session_start_ativos,DEFAULT,2026-01-17,14.0,0.0
GERAL,GERAL,Almeida-Junior-Apps - AJFans (iOS) session_start_ativos,DEFAULT,2026-01-18,12.0,0.0
GERAL,GERAL,Almeida-Junior-Apps - AJFans (iOS) session_start_ativos,DEFAULT,2026-01-19,9.0,0.0
GERAL,GERAL,Almeida-Junior-Apps - AJFans (iOS) session_start_ativos,DEFAULT,2026-01-20,8.0,0.0
GERAL,GERAL,Almeida-Junior-Apps - AJFans (iOS) session_start_ativos,DEFAULT,2026-01-21,7.0,0.0
GERAL,GERAL,Almeida-Junior-Apps - AJFans (iOS) session_start_ativos,DEFAULT,2026-01-22,10.0,0.0
GERAL,GERAL,Almeida-Junior-Apps - AJFans (iOS) session_start_ativos,DEFAULT,2026-01-23,9.0,0.0
GERAL,GERAL,Almeida-Junior-Apps - AJFans (iOS) session_start_ativos,DEFAULT,2026-01-24,6.0,0.0
GERAL,GERAL,Almeida-Junior-Apps - AJFans (iOS) session_start_ativos,DEFAULT,2026-01-25,3.0,0.0
GERAL,GERAL,Almeida-Junior-Apps - AJFans (iOS) session_start_ativos,DEFAULT,2026-01-26,5.0,0.0
GERAL,GERAL,Almeida-Junior-Apps - AJFans (iOS) session_start_ativos,DEFAULT,2026-01-27,3.0,0.0
GERAL,GERAL,Almeida-Junior-Apps - AJFans (iOS) session_start_ativos,DEFAULT,2026-01-28,4.0,0.0
GERAL,GERAL,Almeida-Junior-Apps - AJFans (iOS) session_start_ativos,DEFAULT,2026-01-29,9.0,0.0
GERAL,GERAL,Almeida-Junior-Apps - AJFans (iOS) session_start_ativos,DEFAULT,2026-01-30,11.0,0.0
GERAL,GERAL,Almeida-Junior-Apps - AJFans (iOS) session_start_ativos,DEFAULT,2026-01-31,13.0,0.0
GERAL,GERAL,Almeida-Junior-Apps - AJFans (iOS) session_start_ativos,DEFAULT,2026-02-01,4.0,0.0
GERAL,GERAL,Almeida-Junior-Apps - AJFans (iOS) session_start_ativos,DEFAULT,2026-02-02,12.0,0.0
GERAL,GERAL,Almeida-Junior-Apps - AJFans (iOS) session_start_ativos,DEFAULT,2026-02-03,7.0,0.0
GERAL,GERAL,Almeida-Junior-Apps - AJFans (iOS) session_start_ativos,DEFAULT,2026-02-04,5.0,0.0
GERAL,GERAL,Almeida-Junior-Apps - AJFans (iOS) session_start_ativos,DEFAULT,2026-02-05,13.0,0.0
GERAL,GERAL,Almeida-Junior-Apps - AJFans (iOS) session_start_ativos,DEFAULT,2026-02-07,14.0,0.0
GERAL,GERAL,Almeida-Junior-Apps - AJFans (iOS) session_start_ativos,DEFAULT,2026-02-08,20.0,0.0
GERAL,GERAL,Almeida-Junior-Apps - AJFans (iOS) session_start_ativos,DEFAULT,2026-02-09,4.0,0.0
GERAL,GERAL,Almeida-Junior-Apps - AJFans (iOS) session_start_ativos,DEFAULT,2026-02-10,7.0,0.0
GERAL,GERAL,Almeida-Junior-Apps - AJFans (iOS) session_start_ativos,DEFAULT,2026-02-11,3.0,0.0
GERAL,GERAL,Almeida-Junior-Apps - AJFans (iOS) session_start_ativos,DEFAULT,2026-02-12,2.0,0.0
GERAL,GERAL,Almeida-Junior-Apps - AJFans (iOS) session_start_ativos,DEFAULT,2026-02-13,3.0,0.0
GERAL,GERAL,Almeida-Junior-Apps - AJFans (iOS) session_start_ativos,DEFAULT,2026-02-14,4.0,0.0
GERAL,GERAL,Almeida-Junior-Apps - AJFans (iOS) session_start_ativos,DEFAULT,2026-02-15,4.0,0.0
GERAL,GERAL,Almeida-Junior-Apps - AJFans (iOS) session_start_ativos,DEFAULT,2026-02-16,7.0,0.0
GERAL,GERAL,Almeida-Junior-Apps - AJFans (iOS) session_start_ativos,DEFAULT,2026-02-17,5.0,0.0
GERAL,GERAL,Almeida-Junior-Apps - AJFans (iOS) session_start_ativos,DEFAULT,2026-02-18,1.0,0.0
GERAL,GERAL,Almeida-Junior-Apps - AJFans (iOS) session_start_ativos,DEFAULT,2026-02-20,2.0,0.0
GERAL,GERAL,Almeida-Junior-Apps - AJFans (iOS) session_start_ativos,DEFAULT,2026-02-21,6.0,0.0
GERAL,GERAL,Almeida-Junior-Apps - AJFans (iOS) session_start_ativos,DEFAULT,2026-02-22,3.0,0.0
GERAL,GERAL,Almeida-Junior-Apps - AJFans (iOS) session_start_ativos,DEFAULT,2026-02-23,1.0,0.0
GERAL,GERAL,Almeida-Junior-Apps - AJFans (iOS) session_start_ativos,DEFAULT,2026-02-25,2.0,0.0
GERAL,GERAL,Almeida-Junior-Apps - AJFans (iOS) session_start_ativos,DEFAULT,2026-02-26,4.0,0.0
GERAL,GERAL,Almeida-Junior-Apps - AJFans (iOS) session_start_ativos,DEFAULT,2026-02-27,4.0,0.0
GERAL,GERAL,Almeida-Junior-Apps - AJFans (iOS) session_start_ativos,DEFAULT,2026-02-28,9.0,0.0
GERAL,GERAL,Almeida-Junior-Apps - AJFans (iOS) session_start_ativos,DEFAULT,2026-03-01,2.0,0.0
GERAL,GERAL,Almeida-Junior-Apps - AJFans (iOS) session_start_ativos,DEFAULT,2026-03-02,2.0,0.0
GERAL,GERAL,Almeida-Junior-Apps - AJFans (iOS) session_start_ativos,DEFAULT,2026-03-03,8.0,0.0
GERAL,GERAL,Almeida-Junior-Apps - AJFans (iOS) session_start_ativos,DEFAULT,2026-03-04,4.0,0.0
GERAL,GERAL,Almeida-Junior-Apps - AJFans (iOS) session_start_ativos,DEFAULT,2026-03-05,3.0,0.0
GERAL,GERAL,Almeida-Junior-Apps - AJFans (iOS) session_start_ativos,DEFAULT,2026-03-06,6.0,0.0
GERAL,GERAL,Almeida-Junior-Apps - AJFans (iOS) session_start_ativos,DEFAULT,2026-03-07,7.0,0.0
GERAL,GERAL,Almeida-Junior-Apps - AJFans (iOS) session_start_ativos,DEFAULT,2026-03-08,11.0,0.0
GERAL,GERAL,Almeida-Junior-Apps - AJFans (iOS) session_start_ativos,DEFAULT,2026-03-09,4.0,0.0
GERAL,GERAL,Almeida-Junior-Apps - AJFans (iOS) session_start_ativos,DEFAULT,2026-03-10,3.0,0.0
GERAL,GERAL,Almeida-Junior-Apps - AJFans (iOS) session_start_ativos,DEFAULT,2026-03-11,8.0,0.0
GERAL,GERAL,Almeida-Junior-Apps - AJFans (iOS) session_start_ativos,DEFAULT,2026-03-12,4.0,0.0
GERAL,GERAL,Almeida-Junior-Apps - AJFans (iOS) session_start_ativos,DEFAULT,2026-03-13,8.0,0.0
GERAL,GERAL,Almeida-Junior-Apps - AJFans (iOS) session_start_ativos,DEFAULT,2026-03-14,12.0,0.0
GERAL,GERAL,Almeida-Junior-Apps - AJFans (iOS) session_start_ativos,DEFAULT,2026-03-15,10.0,0.0
GERAL,GERAL,Almeida-Junior-Apps - AJFans (iOS) session_start_ativos,DEFAULT,2026-03-16,1.0,0.0
GERAL,GERAL,Almeida-Junior-Apps - AJFans (iOS) session_start_ativos,DEFAULT,2026-03-17,4.0,0.0
GERAL,GERAL,Almeida-Junior-Apps - AJFans (iOS) session_start_ativos,DEFAULT,2026-03-18,5.0,0.0
GERAL,GERAL,Almeida-Junior-Apps - AJFans (iOS) session_start_ativos,DEFAULT,2026-03-19,10.0,0.0
GERAL,GERAL,Almeida-Junior-Apps - AJFans (iOS) session_start_ativos,DEFAULT,2026-03-20,6.0,0.0
GERAL,GERAL,Almeida-Junior-Apps - AJFans (iOS) session_start_ativos,DEFAULT,2026-03-21,8.0,0.0
GERAL,GERAL,Almeida-Junior-Apps - AJFans (iOS) session_start_ativos,DEFAULT,2026-03-22,9.0,0.0
GERAL,GERAL,Almeida-Junior-Apps - AJFans (iOS) session_start_ativos,DEFAULT,2026-03-23,4.0,0.0
GERAL,GERAL,Almeida-Junior-Apps - AJFans (iOS) session_start_ativos,DEFAULT,2026-03-24,3.0,0.0
GERAL,GERAL,Almeida-Junior-Apps - AJFans (iOS) session_start_ativos,DEFAULT,2026-03-25,6.0,0.0
GERAL,GERAL,Almeida-Junior-Apps - AJFans (iOS) session_start_ativos,DEFAULT,2026-03-26,7.0,0.0
GERAL,GERAL,Almeida-Junior-Apps - AJFans (iOS) session_start_ativos,DEFAULT,2026-03-27,9.0,0.0
GERAL,GERAL,Almeida-Junior-Apps - AJFans (iOS) session_start_ativos,DEFAULT,2026-03-28,16.0,0.0
GERAL,GERAL,Almeida-Junior-Apps - AJFans (iOS) session_start_ativos,DEFAULT,2026-03-29,23.0,0.0
GERAL,GERAL,Almeida-Junior-Apps - AJFans (iOS) session_start_ativos,DEFAULT,2026-03-30,6.0,0.0
GERAL,GERAL,Almeida-Junior-Apps - AJFans (iOS) session_start_ativos,DEFAULT,2026-03-31,10.0,0.0
GERAL,GERAL,Almeida-Junior-Apps - AJFans (iOS) session_start_ativos,DEFAULT,2026-04-01,11.0,0.0
GERAL,GERAL,Almeida-Junior-Apps - AJFans (iOS) session_start_ativos,DEFAULT,2026-04-02,13.0,0.0
GERAL,GERAL,Almeida-Junior-Apps - AJFans (iOS) session_start_ativos,DEFAULT,2026-04-03,15.0,0.0
GERAL,GERAL,Almeida-Junior-Apps - AJFans (iOS) session_start_ativos,DEFAULT,2026-04-04,12.0,0.0
GERAL,GERAL,Almeida-Junior-Apps - AJFans (iOS) session_start_ativos,DEFAULT,2026-04-05,5.0,0.0
GERAL,GERAL,Almeida-Junior-Apps - AJFans (iOS) session_start_ativos,DEFAULT,2026-04-06,6.0,0.0
GERAL,GERAL,Almeida-Junior-Apps - AJFans (iOS) session_start_ativos,DEFAULT,2026-04-07,7.0,0.0
GERAL,GERAL,Almeida-Junior-Apps - AJFans (iOS) session_start_ativos,DEFAULT,2026-04-08,7.0,0.0
GERAL,GERAL,Almeida-Junior-Apps - AJFans (iOS) session_start_ativos,DEFAULT,2026-04-09,5.0,0.0
GERAL,GERAL,Almeida-Junior-Apps - AJFans (iOS) session_start_ativos,DEFAULT,2026-04-10,6.0,0.0
GERAL,GERAL,Almeida-Junior-Apps - AJFans (iOS) session_start_ativos,DEFAULT,2026-04-11,11.0,0.0
GERAL,GERAL,Almeida-Junior-Apps - AJFans (iOS) session_start_ativos,DEFAULT,2026-04-12,13.0,0.0
GERAL,GERAL,Almeida-Junior-Apps - AJFans (iOS) session_start_ativos,DEFAULT,2026-04-13,2.0,0.0
GERAL,GERAL,Almeida-Junior-Apps - AJFans (iOS) session_start_ativos,DEFAULT,2026-04-14,3.0,0.0
GERAL,GERAL,Almeida-Junior-Apps - AJFans (iOS) session_start_ativos,DEFAULT,2026-04-15,4.0,0.0
GERAL,GERAL,Almeida-Junior-Apps - AJFans (iOS) session_start_ativos,DEFAULT,2026-04-16,1.0,0.0
GERAL,GERAL,Almeida-Junior-Apps - AJFans (iOS) session_start_ativos,DEFAULT,2026-04-17,4.0,0.0
GERAL,GERAL,Almeida-Junior-Apps - AJFans (iOS) session_start_ativos,DEFAULT,2026-04-18,7.0,0.0
GERAL,GERAL,Almeida-Junior-Apps - AJFans (iOS) session_start_ativos,DEFAULT,2026-04-19,4.0,0.0
GERAL,GERAL,Almeida-Junior-Apps - AJFans (iOS) session_start_ativos,DEFAULT,2026-04-20,2.0,0.0
GERAL,GERAL,Almeida-Junior-Apps - AJFans (iOS) session_start_ativos,DEFAULT,2026-04-21,7.0,0.0
GERAL,GERAL,Almeida-Junior-Apps - AJFans (iOS) session_start_ativos,DEFAULT,2026-04-22,6.0,0.0
GERAL,GERAL,Almeida-Junior-Apps - AJFans (iOS) session_start_ativos,DEFAULT,2026-04-23,3.0,0.0
GERAL,GERAL,Almeida-Junior-Apps - AJFans (iOS) session_start_ativos,DEFAULT,2026-04-24,3.0,0.0
GERAL,GERAL,Almeida-Junior-Apps - AJFans (iOS) session_start_ativos,DEFAULT,2026-04-25,6.0,0.0
GERAL,GERAL,Almeida-Junior-Apps - AJFans (iOS) session_start_ativos,DEFAULT,2026-04-26,13.0,0.0
GERAL,GERAL,Almeida-Junior-Apps - AJFans (iOS) session_start_ativos,DEFAULT,2026-04-27,4.0,0.0
GERAL,GERAL,Almeida-Junior-Apps - AJFans (iOS) session_start_ativos,DEFAULT,2026-04-28,1.0,0.0
GERAL,GERAL,Almeida-Junior-Apps - AJFans (iOS) session_start_ativos,DEFAULT,2026-04-29,2.0,0.0
GERAL,GERAL,Almeida-Junior-Apps - AJFans (iOS) session_start_ativos,DEFAULT,2026-04-30,1.0,0.0
GERAL,GERAL,Almeida-Junior-Apps - AJFans (iOS) session_start_ativos,DEFAULT,2026-05-02,2.0,0.0
GERAL,GERAL,CS - Forms site Institucional AJ - Franquias,SUBMIT_LEAD_FORM,2025-10-18,0.746784,0.0
GERAL,GERAL,CS - Forms site Institucional AJ - Franquias,SUBMIT_LEAD_FORM,2025-10-19,0.248933,0.0
GERAL,GERAL,CS - Forms site Institucional AJ - Franquias,SUBMIT_LEAD_FORM,2025-11-17,1.0,0.0
GERAL,GERAL,CS - Forms site Institucional AJ - Franquias,SUBMIT_LEAD_FORM,2025-12-21,1.0,0.0
GERAL,GERAL,CS - Forms site Institucional AJ - Franquias,SUBMIT_LEAD_FORM,2026-01-08,1.0,0.0
GERAL,GERAL,CS - Forms site Institucional AJ - Franquias,SUBMIT_LEAD_FORM,2026-01-18,1.0,0.0
GERAL,GERAL,CS - Forms site Institucional AJ - Franquias,SUBMIT_LEAD_FORM,2026-02-12,1.0,0.0
GERAL,GERAL,CS - Forms site Institucional AJ - Franquias,SUBMIT_LEAD_FORM,2026-03-19,1.0,0.0
GERAL,GERAL,CS - Forms site Institucional AJ - Franquias,SUBMIT_LEAD_FORM,2026-03-20,0.371691,0.0
GERAL,GERAL,CS - Forms site Institucional AJ - Franquias,SUBMIT_LEAD_FORM,2026-03-21,0.628309,0.0
GERAL,GERAL,CS - Forms site Institucional AJ - Franquias,SUBMIT_LEAD_FORM,2026-04-06,1.0,0.0
GERAL,GERAL,CS - Forms site Institucional AJ - Franquias,SUBMIT_LEAD_FORM,2026-04-15,1.0,0.0
GERAL,GERAL,CS - Forms site Institucional AJ - Franquias,SUBMIT_LEAD_FORM,2026-04-16,1.0,0.0
GERAL,GERAL,CS - Forms site Institucional AJ - Franquias,SUBMIT_LEAD_FORM,2026-04-21,1.0,0.0
GERAL,GERAL,CS - Forms site Institucional AJ - Franquias,SUBMIT_LEAD_FORM,2026-05-17,1.0,0.0
GERAL,GERAL,CS - Forms site Institucional AJ - Franquias,SUBMIT_LEAD_FORM,2026-05-28,1.0,0.0
GERAL,GERAL,CS - Forms site Institucional AJ - Franquias,SUBMIT_LEAD_FORM,2026-05-31,1.0,0.0
GERAL,GERAL,CS - Forms site Institucional AJ - Franquias,SUBMIT_LEAD_FORM,2026-07-23,1.0,0.0
GERAL,GERAL,CS - Forms site Institucional AJ - Franquias,SUBMIT_LEAD_FORM,2026-07-28,1.0,0.0
GERAL,GERAL,CS - Forms site Institucional AJ - Franquias,SUBMIT_LEAD_FORM,2026-08-04,1.0,0.0
GERAL,GERAL,CS - Forms site Institucional AJ - Franquias,SUBMIT_LEAD_FORM,2026-08-17,1.0,0.0
GERAL,GERAL,CS - Forms site Institucional AJ - Franquias,SUBMIT_LEAD_FORM,2026-08-27,2.0,0.0
GERAL,GERAL,CS - Forms site Institucional AJ - Franquias,SUBMIT_LEAD_FORM,2026-09-14,1.0,0.0
GERAL,GERAL,CS - Forms site Institucional AJ - Franquias,SUBMIT_LEAD_FORM,2026-09-15,1.0,0.0
GERAL,GERAL,GTM AJ - Conversion download ap. comercial,DEFAULT,2025-09-24,1.0,1.0
GERAL,GERAL,GTM AJ - Conversion download ap. comercial,DEFAULT,2025-09-26,0.0,0.003747
GERAL,GERAL,GTM AJ - Conversion download ap. comercial,DEFAULT,2025-09-30,0.0,0.000655
GERAL,GERAL,GTM AJ - Conversion download ap. comercial,DEFAULT,2025-10-02,0.0,0.000686
GERAL,GERAL,GTM AJ - Conversion download ap. comercial,DEFAULT,2025-10-03,1.0,1.0
GERAL,GERAL,GTM AJ - Conversion download ap. comercial,DEFAULT,2025-10-04,2.000339,2.000339
GERAL,GERAL,GTM AJ - Conversion download ap. comercial,DEFAULT,2025-10-05,1.0,1.0
GERAL,GERAL,GTM AJ - Conversion download ap. comercial,DEFAULT,2025-10-06,2.996223,2.996223
GERAL,GERAL,GTM AJ - Conversion download ap. comercial,DEFAULT,2025-10-07,1.0,1.0
GERAL,GERAL,GTM AJ - Conversion download ap. comercial,DEFAULT,2025-10-08,1.0,1.0
GERAL,GERAL,GTM AJ - Conversion download ap. comercial,DEFAULT,2025-10-09,1.0,1.0
GERAL,GERAL,GTM AJ - Conversion download ap. comercial,DEFAULT,2025-10-10,1.007351,1.007351
GERAL,GERAL,GTM AJ - Conversion download ap. comercial,DEFAULT,2025-10-11,2.0,2.0
GERAL,GERAL,GTM AJ - Conversion download ap. comercial,DEFAULT,2025-10-12,3.001512,3.001512
GERAL,GERAL,GTM AJ - Conversion download ap. comercial,DEFAULT,2025-10-13,0.998689,0.998689
GERAL,GERAL,GTM AJ - Conversion download ap. comercial,DEFAULT,2025-10-14,1.0,1.0
GERAL,GERAL,GTM AJ - Conversion download ap. comercial,DEFAULT,2025-10-15,1.0,1.0
GERAL,GERAL,GTM AJ - Conversion download ap. comercial,DEFAULT,2025-10-16,2.02518,2.02518
GERAL,GERAL,GTM AJ - Conversion download ap. comercial,DEFAULT,2025-10-17,1.995745,1.995745
GERAL,GERAL,GTM AJ - Conversion download ap. comercial,DEFAULT,2025-10-18,2.999661,2.999661
GERAL,GERAL,GTM AJ - Conversion download ap. comercial,DEFAULT,2025-10-20,1.0,1.0
GERAL,GERAL,GTM AJ - Conversion download ap. comercial,DEFAULT,2025-10-23,2.0,2.0
GERAL,GERAL,GTM AJ - Conversion download ap. comercial,DEFAULT,2025-10-25,1.0,1.0
GERAL,GERAL,GTM AJ - Conversion download ap. comercial,DEFAULT,2025-10-28,2.973026,2.973026
GERAL,GERAL,GTM AJ - Conversion download ap. comercial,DEFAULT,2025-10-30,0.997186,0.997186
GERAL,GERAL,GTM AJ - Conversion download ap. comercial,DEFAULT,2025-11-01,1.0,1.0
GERAL,GERAL,GTM AJ - Conversion download ap. comercial,DEFAULT,2025-11-04,1.0,1.0
GERAL,GERAL,GTM AJ - Conversion download ap. comercial,DEFAULT,2025-11-11,1.0,1.0
GERAL,GERAL,GTM AJ - Conversion download ap. comercial,DEFAULT,2025-11-21,1.0,1.0
GERAL,GERAL,GTM AJ - Conversion download ap. comercial,DEFAULT,2025-11-28,1.0,1.0
GERAL,GERAL,GTM AJ - Conversion download ap. comercial,DEFAULT,2025-12-03,1.0,1.0
GERAL,GERAL,GTM AJ - Conversion download ap. comercial,DEFAULT,2025-12-10,1.0,1.0
GERAL,GERAL,GTM AJ - Conversion download ap. comercial,DEFAULT,2025-12-13,1.0,1.0
GERAL,GERAL,GTM AJ - Conversion download ap. comercial,DEFAULT,2025-12-15,1.0,1.0
GERAL,GERAL,GTM AJ - Conversion download ap. comercial,DEFAULT,2026-01-17,2.0,2.0
GERAL,GERAL,GTM AJ - Conversion download ap. comercial,DEFAULT,2026-01-18,1.0,1.0
GERAL,GERAL,GTM AJ - Conversion download ap. comercial,DEFAULT,2026-01-28,2.0,2.0
GERAL,GERAL,GTM AJ - Conversion download ap. comercial,DEFAULT,2026-02-01,2.0,2.0
GERAL,GERAL,GTM AJ - Conversion download ap. comercial,DEFAULT,2026-02-03,1.0,1.0
GERAL,GERAL,GTM AJ - Conversion download ap. comercial,DEFAULT,2026-03-03,1.0,1.0
GERAL,GERAL,GTM AJ - Conversion download ap. comercial,DEFAULT,2026-03-16,1.0,1.0
GERAL,GERAL,GTM AJ - Conversion download ap. comercial,DEFAULT,2026-03-24,1.0,1.0
GERAL,GERAL,GTM AJ - Conversion download ap. comercial,DEFAULT,2026-04-16,1.0,1.0
GERAL,GERAL,GTM AJ - Conversion download ap. comercial,DEFAULT,2026-05-26,1.0,1.0
GERAL,GERAL,GTM AJ - Conversion download ap. comercial,DEFAULT,2026-05-31,1.0,1.0
GERAL,GERAL,GTM AJ - Conversion download ap. comercial,DEFAULT,2026-06-09,1.651125,1.651125
GERAL,GERAL,GTM AJ - Conversion download ap. comercial,DEFAULT,2026-06-11,1.0,1.0
GERAL,GERAL,GTM AJ - Conversion download ap. comercial,DEFAULT,2026-06-13,0.348875,0.348875
GERAL,GERAL,GTM AJ - Conversion download ap. comercial,DEFAULT,2026-06-14,1.0,1.0
GERAL,GERAL,GTM AJ - Conversion download ap. comercial,DEFAULT,2026-06-27,1.0,1.0
GERAL,GERAL,GTM AJ - Conversion download ap. comercial,DEFAULT,2026-06-28,1.0,1.0
GERAL,GERAL,GTM AJ - Conversion download ap. comercial,DEFAULT,2026-06-30,1.0,1.0
GERAL,GERAL,GTM AJ - Conversion download ap. comercial,DEFAULT,2026-07-02,1.0,1.0
GERAL,GERAL,GTM AJ - Conversion download ap. comercial,DEFAULT,2026-07-21,0.5,0.5
GERAL,GERAL,GTM AJ - Conversion download ap. comercial,DEFAULT,2026-07-22,0.5,0.5
GERAL,GERAL,GTM AJ - Conversion download ap. comercial,DEFAULT,2026-07-29,1.0,1.0
GERAL,GERAL,GTM AJ - Conversion download ap. comercial,DEFAULT,2026-09-11,1.0,1.0
GERAL,GERAL,YouTube follow-on views,YOUTUBE_FOLLOW_ON_VIEWS,2025-09-24,2.0,2.0
GERAL,GERAL,YouTube follow-on views,YOUTUBE_FOLLOW_ON_VIEWS,2025-09-25,2.0,2.0
GERAL,GERAL,YouTube follow-on views,YOUTUBE_FOLLOW_ON_VIEWS,2025-10-01,1.0,1.0
GERAL,GERAL,YouTube follow-on views,YOUTUBE_FOLLOW_ON_VIEWS,2025-10-05,1.0,1.0
GERAL,GERAL,YouTube follow-on views,YOUTUBE_FOLLOW_ON_VIEWS,2025-10-06,2.0,2.0
GERAL,GERAL,YouTube follow-on views,YOUTUBE_FOLLOW_ON_VIEWS,2025-10-07,3.0,3.0
GERAL,GERAL,YouTube follow-on views,YOUTUBE_FOLLOW_ON_VIEWS,2025-10-08,5.0,5.0
GERAL,GERAL,YouTube follow-on views,YOUTUBE_FOLLOW_ON_VIEWS,2025-10-10,2.0,2.0
GERAL,GERAL,YouTube follow-on views,YOUTUBE_FOLLOW_ON_VIEWS,2025-10-11,7.0,7.0
GERAL,GERAL,YouTube follow-on views,YOUTUBE_FOLLOW_ON_VIEWS,2025-10-12,5.0,5.0
GERAL,GERAL,YouTube follow-on views,YOUTUBE_FOLLOW_ON_VIEWS,2025-10-13,2.0,2.0
GERAL,GERAL,YouTube follow-on views,YOUTUBE_FOLLOW_ON_VIEWS,2025-10-14,4.0,4.0
GERAL,GERAL,YouTube follow-on views,YOUTUBE_FOLLOW_ON_VIEWS,2025-10-15,3.0,3.0
GERAL,GERAL,YouTube follow-on views,YOUTUBE_FOLLOW_ON_VIEWS,2025-10-16,13.0,13.0
GERAL,GERAL,YouTube follow-on views,YOUTUBE_FOLLOW_ON_VIEWS,2025-10-17,3.0,3.0
GERAL,GERAL,YouTube follow-on views,YOUTUBE_FOLLOW_ON_VIEWS,2025-10-18,13.0,13.0
GERAL,GERAL,YouTube follow-on views,YOUTUBE_FOLLOW_ON_VIEWS,2025-10-19,7.0,7.0
GERAL,GERAL,YouTube follow-on views,YOUTUBE_FOLLOW_ON_VIEWS,2025-10-20,8.0,8.0
GERAL,GERAL,YouTube follow-on views,YOUTUBE_FOLLOW_ON_VIEWS,2025-10-21,5.0,5.0
GERAL,GERAL,YouTube follow-on views,YOUTUBE_FOLLOW_ON_VIEWS,2025-10-22,1.0,1.0
GERAL,GERAL,YouTube follow-on views,YOUTUBE_FOLLOW_ON_VIEWS,2025-10-23,6.0,6.0
GERAL,GERAL,YouTube follow-on views,YOUTUBE_FOLLOW_ON_VIEWS,2025-10-24,1.0,1.0
GERAL,GERAL,YouTube follow-on views,YOUTUBE_FOLLOW_ON_VIEWS,2025-10-27,1.0,1.0
GERAL,GERAL,YouTube follow-on views,YOUTUBE_FOLLOW_ON_VIEWS,2025-10-28,1.0,1.0
GERAL,GERAL,YouTube follow-on views,YOUTUBE_FOLLOW_ON_VIEWS,2025-10-29,2.0,2.0
GERAL,GERAL,YouTube follow-on views,YOUTUBE_FOLLOW_ON_VIEWS,2025-10-30,1.0,1.0
GERAL,GERAL,YouTube follow-on views,YOUTUBE_FOLLOW_ON_VIEWS,2025-10-31,1.0,1.0
GERAL,GERAL,YouTube follow-on views,YOUTUBE_FOLLOW_ON_VIEWS,2025-11-01,1.0,1.0
GERAL,GERAL,YouTube follow-on views,YOUTUBE_FOLLOW_ON_VIEWS,2025-11-04,2.0,2.0
GERAL,GERAL,YouTube follow-on views,YOUTUBE_FOLLOW_ON_VIEWS,2025-11-05,1.0,1.0
GERAL,GERAL,YouTube follow-on views,YOUTUBE_FOLLOW_ON_VIEWS,2025-11-06,3.0,3.0
GERAL,GERAL,YouTube follow-on views,YOUTUBE_FOLLOW_ON_VIEWS,2025-11-07,8.0,8.0
GERAL,GERAL,YouTube follow-on views,YOUTUBE_FOLLOW_ON_VIEWS,2025-11-08,3.0,3.0
GERAL,GERAL,YouTube follow-on views,YOUTUBE_FOLLOW_ON_VIEWS,2025-11-09,11.0,11.0
GERAL,GERAL,YouTube follow-on views,YOUTUBE_FOLLOW_ON_VIEWS,2025-11-10,10.0,10.0
GERAL,GERAL,YouTube follow-on views,YOUTUBE_FOLLOW_ON_VIEWS,2025-11-11,5.0,5.0
GERAL,GERAL,YouTube follow-on views,YOUTUBE_FOLLOW_ON_VIEWS,2025-11-13,12.0,12.0
GERAL,GERAL,YouTube follow-on views,YOUTUBE_FOLLOW_ON_VIEWS,2025-11-14,7.0,7.0
GERAL,GERAL,YouTube follow-on views,YOUTUBE_FOLLOW_ON_VIEWS,2025-11-15,1.0,1.0
GERAL,GERAL,YouTube follow-on views,YOUTUBE_FOLLOW_ON_VIEWS,2025-11-16,2.0,2.0
GERAL,GERAL,YouTube follow-on views,YOUTUBE_FOLLOW_ON_VIEWS,2025-11-18,2.0,2.0
GERAL,GERAL,YouTube follow-on views,YOUTUBE_FOLLOW_ON_VIEWS,2025-11-19,1.0,1.0
GERAL,GERAL,YouTube follow-on views,YOUTUBE_FOLLOW_ON_VIEWS,2025-11-21,7.0,7.0
GERAL,GERAL,YouTube follow-on views,YOUTUBE_FOLLOW_ON_VIEWS,2025-11-23,6.0,6.0
GERAL,GERAL,YouTube follow-on views,YOUTUBE_FOLLOW_ON_VIEWS,2025-11-24,4.0,4.0
GERAL,GERAL,YouTube follow-on views,YOUTUBE_FOLLOW_ON_VIEWS,2025-11-27,8.0,8.0
GERAL,GERAL,YouTube follow-on views,YOUTUBE_FOLLOW_ON_VIEWS,2025-11-28,8.0,8.0
GERAL,GERAL,YouTube follow-on views,YOUTUBE_FOLLOW_ON_VIEWS,2025-11-29,4.0,4.0
GERAL,GERAL,YouTube follow-on views,YOUTUBE_FOLLOW_ON_VIEWS,2025-11-30,10.0,10.0
GERAL,GERAL,YouTube follow-on views,YOUTUBE_FOLLOW_ON_VIEWS,2025-12-01,2.0,2.0
GERAL,GERAL,YouTube follow-on views,YOUTUBE_FOLLOW_ON_VIEWS,2025-12-03,2.0,2.0
GERAL,GERAL,YouTube follow-on views,YOUTUBE_FOLLOW_ON_VIEWS,2025-12-05,3.0,3.0
GERAL,GERAL,YouTube follow-on views,YOUTUBE_FOLLOW_ON_VIEWS,2025-12-07,2.0,2.0
GERAL,GERAL,YouTube follow-on views,YOUTUBE_FOLLOW_ON_VIEWS,2025-12-09,3.0,3.0
GERAL,GERAL,YouTube follow-on views,YOUTUBE_FOLLOW_ON_VIEWS,2025-12-10,1.0,1.0
GERAL,GERAL,YouTube follow-on views,YOUTUBE_FOLLOW_ON_VIEWS,2025-12-11,3.0,3.0
GERAL,GERAL,YouTube follow-on views,YOUTUBE_FOLLOW_ON_VIEWS,2025-12-12,2.0,2.0
GERAL,GERAL,YouTube follow-on views,YOUTUBE_FOLLOW_ON_VIEWS,2025-12-13,2.0,2.0
GERAL,GERAL,YouTube follow-on views,YOUTUBE_FOLLOW_ON_VIEWS,2025-12-14,3.0,3.0
GERAL,GERAL,YouTube follow-on views,YOUTUBE_FOLLOW_ON_VIEWS,2025-12-15,3.0,3.0
GERAL,GERAL,YouTube follow-on views,YOUTUBE_FOLLOW_ON_VIEWS,2025-12-17,3.0,3.0
GERAL,GERAL,YouTube follow-on views,YOUTUBE_FOLLOW_ON_VIEWS,2025-12-18,2.0,2.0
GERAL,GERAL,YouTube follow-on views,YOUTUBE_FOLLOW_ON_VIEWS,2025-12-21,2.0,2.0
GERAL,GERAL,YouTube follow-on views,YOUTUBE_FOLLOW_ON_VIEWS,2025-12-22,2.0,2.0
GERAL,GERAL,YouTube follow-on views,YOUTUBE_FOLLOW_ON_VIEWS,2025-12-24,2.0,2.0
GERAL,GERAL,YouTube follow-on views,YOUTUBE_FOLLOW_ON_VIEWS,2025-12-25,2.0,2.0
GERAL,GERAL,YouTube follow-on views,YOUTUBE_FOLLOW_ON_VIEWS,2025-12-26,9.0,9.0
GERAL,GERAL,YouTube follow-on views,YOUTUBE_FOLLOW_ON_VIEWS,2025-12-27,3.0,3.0
GERAL,GERAL,YouTube follow-on views,YOUTUBE_FOLLOW_ON_VIEWS,2025-12-30,1.0,1.0
GERAL,GERAL,YouTube follow-on views,YOUTUBE_FOLLOW_ON_VIEWS,2026-01-01,3.0,3.0
GERAL,GERAL,YouTube follow-on views,YOUTUBE_FOLLOW_ON_VIEWS,2026-01-06,2.0,2.0
GERAL,GERAL,YouTube follow-on views,YOUTUBE_FOLLOW_ON_VIEWS,2026-01-09,1.0,1.0
GERAL,GERAL,YouTube follow-on views,YOUTUBE_FOLLOW_ON_VIEWS,2026-01-10,3.0,3.0
GERAL,GERAL,YouTube follow-on views,YOUTUBE_FOLLOW_ON_VIEWS,2026-01-11,7.0,7.0
GERAL,GERAL,YouTube follow-on views,YOUTUBE_FOLLOW_ON_VIEWS,2026-01-12,5.0,5.0
GERAL,GERAL,YouTube follow-on views,YOUTUBE_FOLLOW_ON_VIEWS,2026-01-13,6.0,6.0
GERAL,GERAL,YouTube follow-on views,YOUTUBE_FOLLOW_ON_VIEWS,2026-01-14,7.0,7.0
GERAL,GERAL,YouTube follow-on views,YOUTUBE_FOLLOW_ON_VIEWS,2026-01-15,6.0,6.0
GERAL,GERAL,YouTube follow-on views,YOUTUBE_FOLLOW_ON_VIEWS,2026-01-16,22.0,22.0
GERAL,GERAL,YouTube follow-on views,YOUTUBE_FOLLOW_ON_VIEWS,2026-01-17,14.0,14.0
GERAL,GERAL,YouTube follow-on views,YOUTUBE_FOLLOW_ON_VIEWS,2026-01-18,9.0,9.0
GERAL,GERAL,YouTube follow-on views,YOUTUBE_FOLLOW_ON_VIEWS,2026-01-19,6.0,6.0
GERAL,GERAL,YouTube follow-on views,YOUTUBE_FOLLOW_ON_VIEWS,2026-01-20,10.0,10.0
GERAL,GERAL,YouTube follow-on views,YOUTUBE_FOLLOW_ON_VIEWS,2026-01-21,4.0,4.0
GERAL,GERAL,YouTube follow-on views,YOUTUBE_FOLLOW_ON_VIEWS,2026-01-22,11.0,11.0
GERAL,GERAL,YouTube follow-on views,YOUTUBE_FOLLOW_ON_VIEWS,2026-01-23,1.0,1.0
GERAL,GERAL,YouTube follow-on views,YOUTUBE_FOLLOW_ON_VIEWS,2026-01-24,7.0,7.0
GERAL,GERAL,YouTube follow-on views,YOUTUBE_FOLLOW_ON_VIEWS,2026-01-25,6.0,6.0
GERAL,GERAL,YouTube follow-on views,YOUTUBE_FOLLOW_ON_VIEWS,2026-01-26,4.0,4.0
GERAL,GERAL,YouTube follow-on views,YOUTUBE_FOLLOW_ON_VIEWS,2026-01-27,1.0,1.0
GERAL,GERAL,YouTube follow-on views,YOUTUBE_FOLLOW_ON_VIEWS,2026-01-29,1.0,1.0
GERAL,GERAL,YouTube follow-on views,YOUTUBE_FOLLOW_ON_VIEWS,2026-01-31,2.0,2.0
GERAL,GERAL,YouTube follow-on views,YOUTUBE_FOLLOW_ON_VIEWS,2026-02-02,1.0,1.0
GERAL,GERAL,YouTube follow-on views,YOUTUBE_FOLLOW_ON_VIEWS,2026-02-04,7.0,7.0
GERAL,GERAL,YouTube follow-on views,YOUTUBE_FOLLOW_ON_VIEWS,2026-02-05,3.0,3.0
GERAL,GERAL,YouTube follow-on views,YOUTUBE_FOLLOW_ON_VIEWS,2026-02-07,24.0,24.0
GERAL,GERAL,YouTube follow-on views,YOUTUBE_FOLLOW_ON_VIEWS,2026-02-08,3.0,3.0
GERAL,GERAL,YouTube follow-on views,YOUTUBE_FOLLOW_ON_VIEWS,2026-02-09,1.0,1.0
GERAL,GERAL,YouTube follow-on views,YOUTUBE_FOLLOW_ON_VIEWS,2026-02-13,4.0,4.0
GERAL,GERAL,YouTube follow-on views,YOUTUBE_FOLLOW_ON_VIEWS,2026-02-14,3.0,3.0
GERAL,GERAL,YouTube follow-on views,YOUTUBE_FOLLOW_ON_VIEWS,2026-02-15,2.0,2.0
GERAL,GERAL,YouTube follow-on views,YOUTUBE_FOLLOW_ON_VIEWS,2026-02-16,1.0,1.0
GERAL,GERAL,YouTube follow-on views,YOUTUBE_FOLLOW_ON_VIEWS,2026-02-17,4.0,4.0
GERAL,GERAL,YouTube follow-on views,YOUTUBE_FOLLOW_ON_VIEWS,2026-02-18,7.0,7.0
GERAL,GERAL,YouTube follow-on views,YOUTUBE_FOLLOW_ON_VIEWS,2026-02-19,1.0,1.0
GERAL,GERAL,YouTube follow-on views,YOUTUBE_FOLLOW_ON_VIEWS,2026-02-20,3.0,3.0
GERAL,GERAL,YouTube follow-on views,YOUTUBE_FOLLOW_ON_VIEWS,2026-02-21,3.0,3.0
GERAL,GERAL,YouTube follow-on views,YOUTUBE_FOLLOW_ON_VIEWS,2026-02-22,1.0,1.0
GERAL,GERAL,YouTube follow-on views,YOUTUBE_FOLLOW_ON_VIEWS,2026-03-13,1.0,1.0
GERAL,GERAL,YouTube follow-on views,YOUTUBE_FOLLOW_ON_VIEWS,2026-03-14,8.0,8.0
GERAL,GERAL,YouTube follow-on views,YOUTUBE_FOLLOW_ON_VIEWS,2026-03-15,3.0,3.0
GERAL,GERAL,YouTube follow-on views,YOUTUBE_FOLLOW_ON_VIEWS,2026-03-16,7.0,7.0
GERAL,GERAL,YouTube follow-on views,YOUTUBE_FOLLOW_ON_VIEWS,2026-03-17,12.0,12.0
GERAL,GERAL,YouTube follow-on views,YOUTUBE_FOLLOW_ON_VIEWS,2026-03-18,2.0,2.0
GERAL,GERAL,YouTube follow-on views,YOUTUBE_FOLLOW_ON_VIEWS,2026-03-19,39.0,39.0
GERAL,GERAL,YouTube follow-on views,YOUTUBE_FOLLOW_ON_VIEWS,2026-03-20,49.0,49.0
GERAL,GERAL,YouTube follow-on views,YOUTUBE_FOLLOW_ON_VIEWS,2026-03-21,6.0,6.0
GERAL,GERAL,YouTube follow-on views,YOUTUBE_FOLLOW_ON_VIEWS,2026-03-22,1.0,1.0
GERAL,GERAL,YouTube follow-on views,YOUTUBE_FOLLOW_ON_VIEWS,2026-03-23,10.0,10.0
GERAL,GERAL,YouTube follow-on views,YOUTUBE_FOLLOW_ON_VIEWS,2026-03-24,36.0,36.0
GERAL,GERAL,YouTube follow-on views,YOUTUBE_FOLLOW_ON_VIEWS,2026-03-26,2.0,2.0
GERAL,GERAL,YouTube follow-on views,YOUTUBE_FOLLOW_ON_VIEWS,2026-03-27,4.0,4.0
GERAL,GERAL,YouTube follow-on views,YOUTUBE_FOLLOW_ON_VIEWS,2026-03-28,3.0,3.0
GERAL,GERAL,YouTube follow-on views,YOUTUBE_FOLLOW_ON_VIEWS,2026-03-29,79.0,79.0
GERAL,GERAL,YouTube follow-on views,YOUTUBE_FOLLOW_ON_VIEWS,2026-03-30,2.0,2.0
GERAL,GERAL,YouTube follow-on views,YOUTUBE_FOLLOW_ON_VIEWS,2026-03-31,2.0,2.0
GERAL,GERAL,YouTube follow-on views,YOUTUBE_FOLLOW_ON_VIEWS,2026-04-03,2.0,2.0
GERAL,GERAL,YouTube follow-on views,YOUTUBE_FOLLOW_ON_VIEWS,2026-04-05,14.0,14.0
GERAL,GERAL,YouTube follow-on views,YOUTUBE_FOLLOW_ON_VIEWS,2026-04-06,2.0,2.0
GERAL,GERAL,YouTube follow-on views,YOUTUBE_FOLLOW_ON_VIEWS,2026-04-07,7.0,7.0
GERAL,GERAL,YouTube follow-on views,YOUTUBE_FOLLOW_ON_VIEWS,2026-04-08,32.0,32.0
GERAL,GERAL,YouTube follow-on views,YOUTUBE_FOLLOW_ON_VIEWS,2026-04-09,88.0,88.0
GERAL,GERAL,YouTube follow-on views,YOUTUBE_FOLLOW_ON_VIEWS,2026-04-11,4.0,4.0
GERAL,GERAL,YouTube follow-on views,YOUTUBE_FOLLOW_ON_VIEWS,2026-04-12,5.0,5.0
GERAL,GERAL,YouTube follow-on views,YOUTUBE_FOLLOW_ON_VIEWS,2026-04-13,1.0,1.0
GERAL,GERAL,YouTube follow-on views,YOUTUBE_FOLLOW_ON_VIEWS,2026-04-14,5.0,5.0
GERAL,GERAL,YouTube follow-on views,YOUTUBE_FOLLOW_ON_VIEWS,2026-04-15,5.0,5.0
GERAL,GERAL,YouTube follow-on views,YOUTUBE_FOLLOW_ON_VIEWS,2026-04-16,6.0,6.0
GERAL,GERAL,YouTube follow-on views,YOUTUBE_FOLLOW_ON_VIEWS,2026-04-17,4.0,4.0
GERAL,GERAL,YouTube follow-on views,YOUTUBE_FOLLOW_ON_VIEWS,2026-04-18,4.0,4.0
GERAL,GERAL,YouTube follow-on views,YOUTUBE_FOLLOW_ON_VIEWS,2026-04-19,3.0,3.0
GERAL,GERAL,YouTube follow-on views,YOUTUBE_FOLLOW_ON_VIEWS,2026-04-21,5.0,5.0
GERAL,GERAL,YouTube follow-on views,YOUTUBE_FOLLOW_ON_VIEWS,2026-04-24,2.0,2.0
GERAL,GERAL,YouTube follow-on views,YOUTUBE_FOLLOW_ON_VIEWS,2026-04-26,1.0,1.0
GERAL,GERAL,YouTube follow-on views,YOUTUBE_FOLLOW_ON_VIEWS,2026-04-28,1.0,1.0
GERAL,GERAL,YouTube follow-on views,YOUTUBE_FOLLOW_ON_VIEWS,2026-04-30,1.0,1.0
GERAL,GERAL,YouTube follow-on views,YOUTUBE_FOLLOW_ON_VIEWS,2026-05-01,1.0,1.0
GERAL,GERAL,YouTube follow-on views,YOUTUBE_FOLLOW_ON_VIEWS,2026-05-07,6.0,6.0
GERAL,GERAL,YouTube follow-on views,YOUTUBE_FOLLOW_ON_VIEWS,2026-05-11,1.0,1.0
GERAL,GERAL,YouTube follow-on views,YOUTUBE_FOLLOW_ON_VIEWS,2026-05-13,1.0,1.0
GERAL,GERAL,YouTube follow-on views,YOUTUBE_FOLLOW_ON_VIEWS,2026-05-26,1.0,1.0
GERAL,GERAL,YouTube follow-on views,YOUTUBE_FOLLOW_ON_VIEWS,2026-05-27,1.0,1.0
GERAL,GERAL,YouTube follow-on views,YOUTUBE_FOLLOW_ON_VIEWS,2026-05-28,1.0,1.0
GERAL,GERAL,YouTube follow-on views,YOUTUBE_FOLLOW_ON_VIEWS,2026-05-29,96.0,96.0
GERAL,GERAL,YouTube follow-on views,YOUTUBE_FOLLOW_ON_VIEWS,2026-05-30,34.0,34.0
GERAL,GERAL,YouTube follow-on views,YOUTUBE_FOLLOW_ON_VIEWS,2026-05-31,35.0,35.0
GERAL,GERAL,YouTube follow-on views,YOUTUBE_FOLLOW_ON_VIEWS,2026-06-01,331.0,331.0
GERAL,GERAL,YouTube follow-on views,YOUTUBE_FOLLOW_ON_VIEWS,2026-06-06,7.0,7.0
GERAL,GERAL,YouTube follow-on views,YOUTUBE_FOLLOW_ON_VIEWS,2026-06-08,8.0,8.0
GERAL,GERAL,YouTube follow-on views,YOUTUBE_FOLLOW_ON_VIEWS,2026-06-09,5.0,5.0
GERAL,GERAL,YouTube follow-on views,YOUTUBE_FOLLOW_ON_VIEWS,2026-06-10,27.0,27.0
GERAL,GERAL,YouTube follow-on views,YOUTUBE_FOLLOW_ON_VIEWS,2026-06-11,2.0,2.0
GERAL,GERAL,YouTube follow-on views,YOUTUBE_FOLLOW_ON_VIEWS,2026-06-12,37.0,37.0
GERAL,GERAL,YouTube follow-on views,YOUTUBE_FOLLOW_ON_VIEWS,2026-06-13,40.0,40.0
GERAL,GERAL,YouTube follow-on views,YOUTUBE_FOLLOW_ON_VIEWS,2026-06-14,307.0,307.0
GERAL,GERAL,YouTube follow-on views,YOUTUBE_FOLLOW_ON_VIEWS,2026-06-30,89.0,89.0
GERAL,GERAL,YouTube follow-on views,YOUTUBE_FOLLOW_ON_VIEWS,2026-07-03,1.0,1.0
GERAL,GERAL,YouTube follow-on views,YOUTUBE_FOLLOW_ON_VIEWS,2026-07-04,16.0,16.0
GERAL,GERAL,YouTube follow-on views,YOUTUBE_FOLLOW_ON_VIEWS,2026-07-05,216.0,216.0
GERAL,GERAL,YouTube follow-on views,YOUTUBE_FOLLOW_ON_VIEWS,2026-07-19,1.0,1.0
GERAL,GERAL,YouTube follow-on views,YOUTUBE_FOLLOW_ON_VIEWS,2026-07-21,1.0,1.0
GERAL,GERAL,YouTube follow-on views,YOUTUBE_FOLLOW_ON_VIEWS,2026-07-22,1.0,1.0
GERAL,GERAL,YouTube follow-on views,YOUTUBE_FOLLOW_ON_VIEWS,2026-07-23,4.0,4.0
GERAL,GERAL,YouTube follow-on views,YOUTUBE_FOLLOW_ON_VIEWS,2026-07-24,1.0,1.0
GERAL,GERAL,YouTube follow-on views,YOUTUBE_FOLLOW_ON_VIEWS,2026-07-25,5.0,5.0
GERAL,GERAL,YouTube follow-on views,YOUTUBE_FOLLOW_ON_VIEWS,2026-07-26,29.0,29.0
GERAL,GERAL,YouTube follow-on views,YOUTUBE_FOLLOW_ON_VIEWS,2026-07-27,4.0,4.0
GERAL,GERAL,YouTube follow-on views,YOUTUBE_FOLLOW_ON_VIEWS,2026-07-28,2.0,2.0
GERAL,GERAL,YouTube follow-on views,YOUTUBE_FOLLOW_ON_VIEWS,2026-07-29,2.0,2.0
GERAL,GERAL,YouTube follow-on views,YOUTUBE_FOLLOW_ON_VIEWS,2026-07-30,16.0,16.0
GERAL,GERAL,YouTube follow-on views,YOUTUBE_FOLLOW_ON_VIEWS,2026-07-31,5.0,5.0
GERAL,GERAL,YouTube follow-on views,YOUTUBE_FOLLOW_ON_VIEWS,2026-08-01,4.0,4.0
GERAL,GERAL,YouTube follow-on views,YOUTUBE_FOLLOW_ON_VIEWS,2026-08-03,21.0,21.0
GERAL,GERAL,YouTube follow-on views,YOUTUBE_FOLLOW_ON_VIEWS,2026-08-08,4.0,4.0
GERAL,GERAL,YouTube follow-on views,YOUTUBE_FOLLOW_ON_VIEWS,2026-08-09,11.0,11.0
GERAL,GERAL,YouTube follow-on views,YOUTUBE_FOLLOW_ON_VIEWS,2026-08-10,14.0,14.0
GERAL,GERAL,YouTube follow-on views,YOUTUBE_FOLLOW_ON_VIEWS,2026-08-11,3.0,3.0
GERAL,GERAL,YouTube follow-on views,YOUTUBE_FOLLOW_ON_VIEWS,2026-08-12,12.0,12.0
GERAL,GERAL,YouTube follow-on views,YOUTUBE_FOLLOW_ON_VIEWS,2026-08-13,3.0,3.0
GERAL,GERAL,YouTube follow-on views,YOUTUBE_FOLLOW_ON_VIEWS,2026-08-14,124.0,124.0
GERAL,GERAL,YouTube follow-on views,YOUTUBE_FOLLOW_ON_VIEWS,2026-08-15,3.0,3.0
GERAL,GERAL,YouTube follow-on views,YOUTUBE_FOLLOW_ON_VIEWS,2026-08-16,3.0,3.0
GERAL,GERAL,YouTube follow-on views,YOUTUBE_FOLLOW_ON_VIEWS,2026-09-02,2.0,2.0
GERAL,GERAL,GS - Forms site Institucional AJ - Franquias,SUBMIT_LEAD_FORM,2025-10-10,0.333334,0.0
GERAL,GERAL,GS - Forms site Institucional AJ - Franquias,SUBMIT_LEAD_FORM,2025-10-25,1.0,0.0
GERAL,GERAL,GS - Forms site Institucional AJ - Franquias,SUBMIT_LEAD_FORM,2026-01-08,1.0,0.0
GERAL,GERAL,GS - Forms site Institucional AJ - Franquias,SUBMIT_LEAD_FORM,2026-02-05,1.0,0.0
GERAL,GERAL,GS - Forms site Institucional AJ - Franquias,SUBMIT_LEAD_FORM,2026-03-28,1.0,0.0
GERAL,GERAL,GS - Forms site Institucional AJ - Franquias,SUBMIT_LEAD_FORM,2026-06-11,1.0,0.0
GERAL,GERAL,GS - Forms site Institucional AJ - Franquias,SUBMIT_LEAD_FORM,2026-06-13,1.0,0.0
GERAL,GERAL,GS - Forms site Institucional AJ - Franquias,SUBMIT_LEAD_FORM,2026-07-03,0.5,0.0
GERAL,GERAL,GS - Forms site Institucional AJ - Franquias,SUBMIT_LEAD_FORM,2026-07-04,0.5,0.0
GERAL,GERAL,GS - Forms site Institucional AJ - Franquias,SUBMIT_LEAD_FORM,2026-08-02,0.005178,0.0
GERAL,GERAL,GS - Forms site Institucional AJ - Franquias,SUBMIT_LEAD_FORM,2026-08-04,1.001735,0.0
GERAL,GERAL,GS - Forms site Institucional AJ - Franquias,SUBMIT_LEAD_FORM,2026-08-06,1.0,0.0
GERAL,GERAL,GS - Forms site Institucional AJ - Franquias,SUBMIT_LEAD_FORM,2026-08-09,0.981005,0.0
GERAL,GERAL,GS - Forms site Institucional AJ - Franquias,SUBMIT_LEAD_FORM,2026-08-18,1.0,0.0
GERAL,GERAL,GS - Forms site Institucional AJ - Franquias,SUBMIT_LEAD_FORM,2026-08-26,1.0,0.0
GERAL,GERAL,GS - Forms site Institucional AJ - Franquias,SUBMIT_LEAD_FORM,2026-08-27,2.0,0.0
GERAL,GERAL,NR - Forms site Institucional AJ - Franquias,SUBMIT_LEAD_FORM,2025-10-05,1.0,0.0
GERAL,GERAL,NR - Forms site Institucional AJ - Franquias,SUBMIT_LEAD_FORM,2025-10-07,1.0,0.0
GERAL,GERAL,NR - Forms site Institucional AJ - Franquias,SUBMIT_LEAD_FORM,2025-10-16,1.0,0.0
GERAL,GERAL,NR - Forms site Institucional AJ - Franquias,SUBMIT_LEAD_FORM,2025-11-05,1.0,0.0
GERAL,GERAL,NR - Forms site Institucional AJ - Franquias,SUBMIT_LEAD_FORM,2025-11-28,1.0,0.0
GERAL,GERAL,NR - Forms site Institucional AJ - Franquias,SUBMIT_LEAD_FORM,2026-01-08,1.0,0.0
GERAL,GERAL,NR - Forms site Institucional AJ - Franquias,SUBMIT_LEAD_FORM,2026-02-07,1.0,0.0
GERAL,GERAL,NR - Forms site Institucional AJ - Franquias,SUBMIT_LEAD_FORM,2026-03-20,1.0,0.0
GERAL,GERAL,NR - Forms site Institucional AJ - Franquias,SUBMIT_LEAD_FORM,2026-03-25,1.0,0.0
GERAL,GERAL,NR - Forms site Institucional AJ - Franquias,SUBMIT_LEAD_FORM,2026-05-08,1.0,0.0
GERAL,GERAL,NR - Forms site Institucional AJ - Franquias,SUBMIT_LEAD_FORM,2026-06-13,1.0,0.0
GERAL,GERAL,NR - Forms site Institucional AJ - Franquias,SUBMIT_LEAD_FORM,2026-07-27,1.0,0.0
GERAL,GERAL,NR - Forms site Institucional AJ - Franquias,SUBMIT_LEAD_FORM,2026-08-27,2.0,0.0
GERAL,GERAL,NS Forms site Institucional AJ - Franquias,SUBMIT_LEAD_FORM,2025-10-05,1.0,0.0
GERAL,GERAL,NS Forms site Institucional AJ - Franquias,SUBMIT_LEAD_FORM,2025-10-06,3.0,0.0
GERAL,GERAL,NS Forms site Institucional AJ - Franquias,SUBMIT_LEAD_FORM,2025-10-10,3.0,0.0
GERAL,GERAL,NS Forms site Institucional AJ - Franquias,SUBMIT_LEAD_FORM,2025-10-11,2.004641,0.0
GERAL,GERAL,NS Forms site Institucional AJ - Franquias,SUBMIT_LEAD_FORM,2025-10-12,5.0,0.0
GERAL,GERAL,NS Forms site Institucional AJ - Franquias,SUBMIT_LEAD_FORM,2025-10-13,2.0,0.0
GERAL,GERAL,NS Forms site Institucional AJ - Franquias,SUBMIT_LEAD_FORM,2025-10-15,4.002367,0.0
GERAL,GERAL,NS Forms site Institucional AJ - Franquias,SUBMIT_LEAD_FORM,2025-10-16,3.0,0.0
GERAL,GERAL,NS Forms site Institucional AJ - Franquias,SUBMIT_LEAD_FORM,2025-10-18,2.498426,0.0
GERAL,GERAL,NS Forms site Institucional AJ - Franquias,SUBMIT_LEAD_FORM,2025-10-19,1.496601,0.0
GERAL,GERAL,NS Forms site Institucional AJ - Franquias,SUBMIT_LEAD_FORM,2025-10-20,5.0,0.0
GERAL,GERAL,NS Forms site Institucional AJ - Franquias,SUBMIT_LEAD_FORM,2025-10-21,2.0,0.0
GERAL,GERAL,NS Forms site Institucional AJ - Franquias,SUBMIT_LEAD_FORM,2025-10-22,2.0,0.0
GERAL,GERAL,NS Forms site Institucional AJ - Franquias,SUBMIT_LEAD_FORM,2025-10-23,1.0,0.0
GERAL,GERAL,NS Forms site Institucional AJ - Franquias,SUBMIT_LEAD_FORM,2025-10-24,1.0,0.0
GERAL,GERAL,NS Forms site Institucional AJ - Franquias,SUBMIT_LEAD_FORM,2025-10-25,1.0,0.0
GERAL,GERAL,NS Forms site Institucional AJ - Franquias,SUBMIT_LEAD_FORM,2025-10-26,1.0,0.0
GERAL,GERAL,NS Forms site Institucional AJ - Franquias,SUBMIT_LEAD_FORM,2025-10-27,2.0,0.0
GERAL,GERAL,NS Forms site Institucional AJ - Franquias,SUBMIT_LEAD_FORM,2025-10-28,2.997965,0.0
GERAL,GERAL,NS Forms site Institucional AJ - Franquias,SUBMIT_LEAD_FORM,2025-10-29,1.0,0.0
GERAL,GERAL,NS Forms site Institucional AJ - Franquias,SUBMIT_LEAD_FORM,2025-10-30,1.0,0.0
GERAL,GERAL,NS Forms site Institucional AJ - Franquias,SUBMIT_LEAD_FORM,2025-11-02,2.0,0.0
GERAL,GERAL,NS Forms site Institucional AJ - Franquias,SUBMIT_LEAD_FORM,2025-11-03,1.0,0.0
GERAL,GERAL,NS Forms site Institucional AJ - Franquias,SUBMIT_LEAD_FORM,2025-11-04,2.0,0.0
GERAL,GERAL,NS Forms site Institucional AJ - Franquias,SUBMIT_LEAD_FORM,2025-11-07,1.0,0.0
GERAL,GERAL,NS Forms site Institucional AJ - Franquias,SUBMIT_LEAD_FORM,2025-11-10,1.0,0.0
GERAL,GERAL,NS Forms site Institucional AJ - Franquias,SUBMIT_LEAD_FORM,2025-11-12,1.0,0.0
GERAL,GERAL,NS Forms site Institucional AJ - Franquias,SUBMIT_LEAD_FORM,2025-11-13,1.0,0.0
GERAL,GERAL,NS Forms site Institucional AJ - Franquias,SUBMIT_LEAD_FORM,2025-11-16,1.0,0.0
GERAL,GERAL,NS Forms site Institucional AJ - Franquias,SUBMIT_LEAD_FORM,2025-11-22,1.0,0.0
GERAL,GERAL,NS Forms site Institucional AJ - Franquias,SUBMIT_LEAD_FORM,2025-12-01,1.0,0.0
GERAL,GERAL,NS Forms site Institucional AJ - Franquias,SUBMIT_LEAD_FORM,2025-12-05,1.0,0.0
GERAL,GERAL,NS Forms site Institucional AJ - Franquias,SUBMIT_LEAD_FORM,2025-12-07,2.0,0.0
GERAL,GERAL,NS Forms site Institucional AJ - Franquias,SUBMIT_LEAD_FORM,2025-12-24,2.0,0.0
GERAL,GERAL,NS Forms site Institucional AJ - Franquias,SUBMIT_LEAD_FORM,2025-12-26,1.0,0.0
GERAL,GERAL,NS Forms site Institucional AJ - Franquias,SUBMIT_LEAD_FORM,2026-01-09,1.0,0.0
GERAL,GERAL,NS Forms site Institucional AJ - Franquias,SUBMIT_LEAD_FORM,2026-01-12,1.0,0.0
GERAL,GERAL,NS Forms site Institucional AJ - Franquias,SUBMIT_LEAD_FORM,2026-01-25,1.0,0.0
GERAL,GERAL,NS Forms site Institucional AJ - Franquias,SUBMIT_LEAD_FORM,2026-01-30,0.5,0.0
GERAL,GERAL,NS Forms site Institucional AJ - Franquias,SUBMIT_LEAD_FORM,2026-02-01,0.111111,0.0
GERAL,GERAL,NS Forms site Institucional AJ - Franquias,SUBMIT_LEAD_FORM,2026-02-04,1.0,0.0
GERAL,GERAL,NS Forms site Institucional AJ - Franquias,SUBMIT_LEAD_FORM,2026-02-05,1.0,0.0
GERAL,GERAL,NS Forms site Institucional AJ - Franquias,SUBMIT_LEAD_FORM,2026-02-07,0.944444,0.0
GERAL,GERAL,NS Forms site Institucional AJ - Franquias,SUBMIT_LEAD_FORM,2026-02-08,2.333333,0.0
GERAL,GERAL,NS Forms site Institucional AJ - Franquias,SUBMIT_LEAD_FORM,2026-02-09,0.111112,0.0
GERAL,GERAL,NS Forms site Institucional AJ - Franquias,SUBMIT_LEAD_FORM,2026-02-26,0.5,0.0
GERAL,GERAL,NS Forms site Institucional AJ - Franquias,SUBMIT_LEAD_FORM,2026-02-27,0.5,0.0
GERAL,GERAL,NS Forms site Institucional AJ - Franquias,SUBMIT_LEAD_FORM,2026-03-07,1.0,0.0
GERAL,GERAL,NS Forms site Institucional AJ - Franquias,SUBMIT_LEAD_FORM,2026-03-08,2.5,0.0
GERAL,GERAL,NS Forms site Institucional AJ - Franquias,SUBMIT_LEAD_FORM,2026-03-09,1.0,0.0
GERAL,GERAL,NS Forms site Institucional AJ - Franquias,SUBMIT_LEAD_FORM,2026-03-10,1.0,0.0
GERAL,GERAL,NS Forms site Institucional AJ - Franquias,SUBMIT_LEAD_FORM,2026-03-11,1.0,0.0
GERAL,GERAL,NS Forms site Institucional AJ - Franquias,SUBMIT_LEAD_FORM,2026-03-14,2.0,0.0
GERAL,GERAL,NS Forms site Institucional AJ - Franquias,SUBMIT_LEAD_FORM,2026-03-15,1.0,0.0
GERAL,GERAL,NS Forms site Institucional AJ - Franquias,SUBMIT_LEAD_FORM,2026-03-17,1.0,0.0
GERAL,GERAL,NS Forms site Institucional AJ - Franquias,SUBMIT_LEAD_FORM,2026-03-28,2.0,0.0
GERAL,GERAL,NS Forms site Institucional AJ - Franquias,SUBMIT_LEAD_FORM,2026-03-29,1.0,0.0
GERAL,GERAL,NS Forms site Institucional AJ - Franquias,SUBMIT_LEAD_FORM,2026-03-30,0.333333,0.0
GERAL,GERAL,NS Forms site Institucional AJ - Franquias,SUBMIT_LEAD_FORM,2026-03-31,1.0,0.0
GERAL,GERAL,NS Forms site Institucional AJ - Franquias,SUBMIT_LEAD_FORM,2026-04-02,2.0,0.0
GERAL,GERAL,NS Forms site Institucional AJ - Franquias,SUBMIT_LEAD_FORM,2026-04-03,1.333333,0.0
GERAL,GERAL,NS Forms site Institucional AJ - Franquias,SUBMIT_LEAD_FORM,2026-04-05,1.0,0.0
GERAL,GERAL,NS Forms site Institucional AJ - Franquias,SUBMIT_LEAD_FORM,2026-04-06,2.0,0.0
GERAL,GERAL,NS Forms site Institucional AJ - Franquias,SUBMIT_LEAD_FORM,2026-04-11,1.0,0.0
GERAL,GERAL,NS Forms site Institucional AJ - Franquias,SUBMIT_LEAD_FORM,2026-04-12,0.5,0.0
GERAL,GERAL,NS Forms site Institucional AJ - Franquias,SUBMIT_LEAD_FORM,2026-04-15,1.0,0.0
GERAL,GERAL,NS Forms site Institucional AJ - Franquias,SUBMIT_LEAD_FORM,2026-04-16,1.0,0.0
GERAL,GERAL,NS Forms site Institucional AJ - Franquias,SUBMIT_LEAD_FORM,2026-04-19,1.0,0.0
GERAL,GERAL,NS Forms site Institucional AJ - Franquias,SUBMIT_LEAD_FORM,2026-04-20,1.0,0.0
GERAL,GERAL,NS Forms site Institucional AJ - Franquias,SUBMIT_LEAD_FORM,2026-04-24,0.5,0.0
GERAL,GERAL,NS Forms site Institucional AJ - Franquias,SUBMIT_LEAD_FORM,2026-04-28,2.0,0.0
GERAL,GERAL,NS Forms site Institucional AJ - Franquias,SUBMIT_LEAD_FORM,2026-04-29,1.0,0.0
GERAL,GERAL,NS Forms site Institucional AJ - Franquias,SUBMIT_LEAD_FORM,2026-04-30,1.0,0.0
GERAL,GERAL,NS Forms site Institucional AJ - Franquias,SUBMIT_LEAD_FORM,2026-05-01,1.0,0.0
GERAL,GERAL,NS Forms site Institucional AJ - Franquias,SUBMIT_LEAD_FORM,2026-05-08,1.0,0.0
GERAL,GERAL,NS Forms site Institucional AJ - Franquias,SUBMIT_LEAD_FORM,2026-05-11,1.0,0.0
GERAL,GERAL,NS Forms site Institucional AJ - Franquias,SUBMIT_LEAD_FORM,2026-05-16,3.0,0.0
GERAL,GERAL,NS Forms site Institucional AJ - Franquias,SUBMIT_LEAD_FORM,2026-05-20,2.0,0.0
GERAL,GERAL,NS Forms site Institucional AJ - Franquias,SUBMIT_LEAD_FORM,2026-05-22,0.333334,0.0
GERAL,GERAL,NS Forms site Institucional AJ - Franquias,SUBMIT_LEAD_FORM,2026-05-26,0.5,0.0
GERAL,GERAL,NS Forms site Institucional AJ - Franquias,SUBMIT_LEAD_FORM,2026-05-28,1.0,0.0
GERAL,GERAL,NS Forms site Institucional AJ - Franquias,SUBMIT_LEAD_FORM,2026-05-31,1.0,0.0
GERAL,GERAL,NS Forms site Institucional AJ - Franquias,SUBMIT_LEAD_FORM,2026-06-01,2.0,0.0
GERAL,GERAL,NS Forms site Institucional AJ - Franquias,SUBMIT_LEAD_FORM,2026-06-07,2.0,0.0
GERAL,GERAL,NS Forms site Institucional AJ - Franquias,SUBMIT_LEAD_FORM,2026-06-11,3.75,0.0
GERAL,GERAL,NS Forms site Institucional AJ - Franquias,SUBMIT_LEAD_FORM,2026-06-12,0.25,0.0
GERAL,GERAL,NS Forms site Institucional AJ - Franquias,SUBMIT_LEAD_FORM,2026-06-13,1.0,0.0
GERAL,GERAL,NS Forms site Institucional AJ - Franquias,SUBMIT_LEAD_FORM,2026-07-01,1.0,0.0
GERAL,GERAL,NS Forms site Institucional AJ - Franquias,SUBMIT_LEAD_FORM,2026-07-04,1.0,0.0
GERAL,GERAL,NS Forms site Institucional AJ - Franquias,SUBMIT_LEAD_FORM,2026-07-10,1.0,0.0
GERAL,GERAL,NS Forms site Institucional AJ - Franquias,SUBMIT_LEAD_FORM,2026-07-13,1.0,0.0
GERAL,GERAL,NS Forms site Institucional AJ - Franquias,SUBMIT_LEAD_FORM,2026-07-22,1.0,0.0
GERAL,GERAL,NS Forms site Institucional AJ - Franquias,SUBMIT_LEAD_FORM,2026-07-23,1.0,0.0
GERAL,GERAL,NS Forms site Institucional AJ - Franquias,SUBMIT_LEAD_FORM,2026-07-29,1.0,0.0
GERAL,GERAL,NS Forms site Institucional AJ - Franquias,SUBMIT_LEAD_FORM,2026-08-02,1.0,0.0
GERAL,GERAL,NS Forms site Institucional AJ - Franquias,SUBMIT_LEAD_FORM,2026-08-04,1.0,0.0
GERAL,GERAL,NS Forms site Institucional AJ - Franquias,SUBMIT_LEAD_FORM,2026-08-07,1.0,0.0
GERAL,GERAL,NS Forms site Institucional AJ - Franquias,SUBMIT_LEAD_FORM,2026-08-10,1.0,0.0
GERAL,GERAL,NS Forms site Institucional AJ - Franquias,SUBMIT_LEAD_FORM,2026-08-16,2.0,0.0
GERAL,GERAL,NS Forms site Institucional AJ - Franquias,SUBMIT_LEAD_FORM,2026-08-27,2.0,0.0
GERAL,GERAL,NS Forms site Institucional AJ - Franquias,SUBMIT_LEAD_FORM,2026-09-06,1.0,0.0
GERAL,GERAL,NS Forms site Institucional AJ - Franquias,SUBMIT_LEAD_FORM,2026-09-14,1.0,0.0
GERAL,GERAL,NK - Forms site Institucional AJ - Franquias,SUBMIT_LEAD_FORM,2025-10-22,1.0,0.0
GERAL,GERAL,NK - Forms site Institucional AJ - Franquias,SUBMIT_LEAD_FORM,2025-11-05,1.0,0.0
GERAL,GERAL,NK - Forms site Institucional AJ - Franquias,SUBMIT_LEAD_FORM,2025-12-30,1.0,0.0
GERAL,GERAL,NK - Forms site Institucional AJ - Franquias,SUBMIT_LEAD_FORM,2026-01-27,1.0,0.0
GERAL,GERAL,NK - Forms site Institucional AJ - Franquias,SUBMIT_LEAD_FORM,2026-03-19,1.0,0.0
GERAL,GERAL,NK - Forms site Institucional AJ - Franquias,SUBMIT_LEAD_FORM,2026-04-06,0.5,0.0
GERAL,GERAL,NK - Forms site Institucional AJ - Franquias,SUBMIT_LEAD_FORM,2026-04-07,0.5,0.0
GERAL,GERAL,NK - Forms site Institucional AJ - Franquias,SUBMIT_LEAD_FORM,2026-06-10,0.007968,0.0
GERAL,GERAL,NK - Forms site Institucional AJ - Franquias,SUBMIT_LEAD_FORM,2026-06-13,1.0,0.0
GERAL,GERAL,NK - Forms site Institucional AJ - Franquias,SUBMIT_LEAD_FORM,2026-07-04,1.0,0.0
GERAL,GERAL,NK - Forms site Institucional AJ - Franquias,SUBMIT_LEAD_FORM,2026-08-01,0.980076,0.0
GERAL,GERAL,NK - Forms site Institucional AJ - Franquias,SUBMIT_LEAD_FORM,2026-08-03,1.0,0.0
GERAL,GERAL,NK - Forms site Institucional AJ - Franquias,SUBMIT_LEAD_FORM,2026-08-08,1.0,0.0
GERAL,GERAL,NK - Forms site Institucional AJ - Franquias,SUBMIT_LEAD_FORM,2026-08-10,1.0,0.0
GERAL,GERAL,NK - Forms site Institucional AJ - Franquias,SUBMIT_LEAD_FORM,2026-08-27,2.0,0.0
GERAL,GERAL,NK - Forms site Institucional AJ - Franquias,SUBMIT_LEAD_FORM,2026-09-11,1.0,0.0
GERAL,GERAL,Local actions - Menu views,PAGE_VIEW,2025-10-17,2.0,2.0
GERAL,GERAL,Local actions - Menu views,PAGE_VIEW,2026-01-07,1.0,1.0
GERAL,GERAL,Local actions - Menu views,PAGE_VIEW,2026-01-09,2.0,2.0
GERAL,GERAL,Local actions - Menu views,PAGE_VIEW,2026-01-26,2.0,2.0
GERAL,GERAL,Local actions - Menu views,PAGE_VIEW,2026-02-05,2.0,2.0
GERAL,GERAL,Local actions - Menu views,PAGE_VIEW,2026-02-12,2.0,2.0
GERAL,GERAL,Local actions - Menu views,PAGE_VIEW,2026-03-04,2.0,2.0
GERAL,GERAL,Local actions - Menu views,PAGE_VIEW,2026-03-08,2.0,2.0
GERAL,GERAL,Local actions - Menu views,PAGE_VIEW,2026-03-15,3.0,3.0
GERAL,GERAL,Local actions - Menu views,PAGE_VIEW,2026-03-20,2.0,2.0
GERAL,GERAL,Local actions - Menu views,PAGE_VIEW,2026-03-21,7.0,7.0
GERAL,GERAL,Local actions - Menu views,PAGE_VIEW,2026-05-01,4.0,4.0
GERAL,GERAL,Local actions - Menu views,PAGE_VIEW,2026-05-11,2.0,2.0
GERAL,GERAL,Local actions - Menu views,PAGE_VIEW,2026-05-24,2.0,2.0
GERAL,GERAL,Local actions - Menu views,PAGE_VIEW,2026-06-07,2.0,2.0
GERAL,GERAL,Local actions - Menu views,PAGE_VIEW,2026-06-10,2.0,2.0
GERAL,GERAL,Local actions - Menu views,PAGE_VIEW,2026-07-09,2.0,2.0
GERAL,GERAL,Local actions - Menu views,PAGE_VIEW,2026-07-26,1.0,1.0
GERAL,GERAL,Local actions - Menu views,PAGE_VIEW,2026-08-10,1.0,1.0
GERAL,GERAL,Local actions - Menu views,PAGE_VIEW,2026-08-30,1.0,1.0
GERAL,GERAL,Local actions - Menu views,PAGE_VIEW,2026-09-13,1.0,1.0
GERAL,GERAL,GTM - Inscrição em promoção,SIGNUP,2026-02-02,1.666666,1.666666
GERAL,GERAL,GTM - Inscrição em promoção,SIGNUP,2026-02-03,2.0,2.0
GERAL,GERAL,GTM - Inscrição em promoção,SIGNUP,2026-02-04,3.0,3.0
GERAL,GERAL,GTM - Inscrição em promoção,SIGNUP,2026-02-05,3.333333,3.333333
GERAL,GERAL,GTM - Inscrição em promoção,SIGNUP,2026-02-07,12.833333,12.833333
GERAL,GERAL,GTM - Inscrição em promoção,SIGNUP,2026-02-08,10.666666,10.666666
GERAL,GERAL,GTM - Inscrição em promoção,SIGNUP,2026-02-09,6.333333,6.335825344
GERAL,GERAL,GTM - Inscrição em promoção,SIGNUP,2026-02-10,8.166666,8.166666
GERAL,GERAL,GTM - Inscrição em promoção,SIGNUP,2026-02-11,1.333334,1.333334
GERAL,GERAL,GTM - Inscrição em promoção,SIGNUP,2026-02-12,4.666666,4.666666
GERAL,GERAL,GTM - Inscrição em promoção,SIGNUP,2026-02-13,4.25,4.25
GERAL,GERAL,GTM - Inscrição em promoção,SIGNUP,2026-02-14,12.583332,12.585520551
GERAL,GERAL,GTM - Inscrição em promoção,SIGNUP,2026-02-15,6.0,6.0
GERAL,GERAL,GTM - Inscrição em promoção,SIGNUP,2026-02-16,11.74889,11.748890949
GERAL,GERAL,GTM - Inscrição em promoção,SIGNUP,2026-02-17,10.891029,10.891029
GERAL,GERAL,GTM - Inscrição em promoção,SIGNUP,2026-02-18,2.553779,2.553779
GERAL,GERAL,GTM - Inscrição em promoção,SIGNUP,2026-02-19,8.166666,8.165181642
GERAL,GERAL,GTM - Inscrição em promoção,SIGNUP,2026-02-20,6.163929,6.163929
GERAL,GERAL,GTM - Inscrição em promoção,SIGNUP,2026-02-21,16.777048,16.777048949
GERAL,GERAL,GTM - Inscrição em promoção,SIGNUP,2026-02-22,13.870542,13.870542
GERAL,GERAL,GTM - Inscrição em promoção,SIGNUP,2026-02-23,3.5,3.5
GERAL,GERAL,GTM - Inscrição em promoção,SIGNUP,2026-02-24,6.999999,7.001245172
GERAL,GERAL,GTM - Inscrição em promoção,SIGNUP,2026-02-25,5.628192,5.628192
GERAL,GERAL,GTM - Inscrição em promoção,SIGNUP,2026-02-26,11.754403,11.754403
GERAL,GERAL,GTM - Inscrição em promoção,SIGNUP,2026-02-27,5.442076,5.442076
GERAL,GERAL,GTM - Inscrição em promoção,SIGNUP,2026-02-28,14.501888,14.503134172
GERAL,GERAL,GTM - Inscrição em promoção,SIGNUP,2026-03-01,20.789714,20.789715618
GERAL,GERAL,GTM - Inscrição em promoção,SIGNUP,2026-03-02,7.2,7.2
GERAL,GERAL,GTM - Inscrição em promoção,SIGNUP,2026-03-03,8.184977,8.185600083
GERAL,GERAL,GTM - Inscrição em promoção,SIGNUP,2026-03-04,16.803402,16.808757428
GERAL,GERAL,GTM - Inscrição em promoção,SIGNUP,2026-03-05,13.368615,13.368614507
GERAL,GERAL,GTM - Inscrição em promoção,SIGNUP,2026-03-06,24.327181,24.331287387
GERAL,GERAL,GTM - Inscrição em promoção,SIGNUP,2026-03-07,26.648978,26.648978
GERAL,GERAL,GTM - Inscrição em promoção,SIGNUP,2026-03-08,32.694227,32.694227
GERAL,GERAL,GTM - Inscrição em promoção,SIGNUP,2026-03-09,14.236603,14.236603327
GERAL,GERAL,GTM - Inscrição em promoção,SIGNUP,2026-03-10,13.627663,13.628286086
GERAL,GERAL,GTM - Inscrição em promoção,SIGNUP,2026-03-11,19.752883,19.755375344
GERAL,GERAL,GTM - Inscrição em promoção,SIGNUP,2026-03-12,15.965835,15.965789134
GERAL,GERAL,GTM - Inscrição em promoção,SIGNUP,2026-03-13,23.886835,23.891843431
GERAL,GERAL,GTM - Inscrição em promoção,SIGNUP,2026-03-14,29.254789,29.254789
GERAL,GERAL,GTM - Inscrição em promoção,SIGNUP,2026-03-15,25.618726,25.618726237
GERAL,GERAL,GTM - Inscrição em promoção,SIGNUP,2026-03-16,13.744246,13.744246078
GERAL,GERAL,GTM - Inscrição em promoção,SIGNUP,2026-03-17,19.512547,19.512999603
GERAL,GERAL,GTM - Inscrição em promoção,SIGNUP,2026-03-18,27.139614,27.142106344
GERAL,GERAL,GTM - Inscrição em promoção,SIGNUP,2026-03-19,27.070609,27.075475192
GERAL,GERAL,GTM - Inscrição em promoção,SIGNUP,2026-03-20,16.685608,16.685562134
GERAL,GERAL,GTM - Inscrição em promoção,SIGNUP,2026-03-21,39.647535,39.654137633
GERAL,GERAL,GTM - Inscrição em promoção,SIGNUP,2026-03-22,32.549564,32.55006099
GERAL,GERAL,GTM - Inscrição em promoção,SIGNUP,2026-03-23,20.511158,20.513650344
GERAL,GERAL,GTM - Inscrição em promoção,SIGNUP,2026-03-24,23.936428,23.937923406
GERAL,GERAL,GTM - Inscrição em promoção,SIGNUP,2026-03-25,24.537577,24.541688614
GERAL,GERAL,GTM - Inscrição em promoção,SIGNUP,2026-03-26,21.594293,21.594293
GERAL,GERAL,GTM - Inscrição em promoção,SIGNUP,2026-03-27,33.245714,33.248207293
GERAL,GERAL,GTM - Inscrição em promoção,SIGNUP,2026-03-28,52.241106,52.243596607
GERAL,GERAL,GTM - Inscrição em promoção,SIGNUP,2026-03-29,36.878437,36.8790566
GERAL,GERAL,GTM - Inscrição em promoção,SIGNUP,2026-03-30,24.361017,24.360712259
GERAL,GERAL,GTM - Inscrição em promoção,SIGNUP,2026-03-31,25.662355,25.662233103
GERAL,GERAL,GTM - Inscrição em promoção,SIGNUP,2026-04-01,25.599212,25.599151052
GERAL,GERAL,GTM - Inscrição em promoção,SIGNUP,2026-04-02,27.577487,27.576743071
GERAL,GERAL,GTM - Inscrição em promoção,SIGNUP,2026-04-03,60.80861,60.813935834
GERAL,GERAL,GTM - Inscrição em promoção,SIGNUP,2026-04-04,50.065402,50.068238285
GERAL,GERAL,GTM - Inscrição em promoção,SIGNUP,2026-04-05,37.100904,37.100902592
GERAL,GERAL,GTM - Inscrição em promoção,SIGNUP,2026-04-06,27.425059,27.425148145
GERAL,GERAL,GTM - Inscrição em promoção,SIGNUP,2026-04-07,18.413689,18.412946821
GERAL,GERAL,GTM - Inscrição em promoção,SIGNUP,2026-04-08,23.436199,23.436194606
GERAL,GERAL,GTM - Inscrição em promoção,SIGNUP,2026-04-09,40.271073,40.272993502
GERAL,GERAL,GTM - Inscrição em promoção,SIGNUP,2026-04-10,46.362265,46.362259367
GERAL,GERAL,GTM - Inscrição em promoção,SIGNUP,2026-04-11,73.470066,73.470330462
GERAL,GERAL,GTM - Inscrição em promoção,SIGNUP,2026-04-12,66.027572,66.027131562
GERAL,GERAL,GTM - Inscrição em promoção,SIGNUP,2026-04-13,33.456087,33.456087
GERAL,GERAL,GTM - Inscrição em promoção,SIGNUP,2026-04-14,26.554568,26.55384772
GERAL,GERAL,GTM - Inscrição em promoção,SIGNUP,2026-04-15,30.78671,30.78598928
GERAL,GERAL,GTM - Inscrição em promoção,SIGNUP,2026-04-16,24.664143,24.664143949
GERAL,GERAL,GTM - Inscrição em promoção,SIGNUP,2026-04-17,44.102565,44.108050218
GERAL,GERAL,GTM - Inscrição em promoção,SIGNUP,2026-04-18,81.461229,81.460690891
GERAL,GERAL,GTM - Inscrição em promoção,SIGNUP,2026-04-19,78.644447,78.644712404
GERAL,GERAL,GTM - Inscrição em promoção,SIGNUP,2026-04-20,50.485703,50.494107559
GERAL,GERAL,GTM - Inscrição em promoção,SIGNUP,2026-04-21,96.214155,96.22698501
GERAL,GERAL,GTM - Inscrição em promoção,SIGNUP,2026-04-22,34.176721,34.177548307
GERAL,GERAL,GTM - Inscrição em promoção,SIGNUP,2026-04-23,29.453137,29.458862486
GERAL,GERAL,GTM - Inscrição em promoção,SIGNUP,2026-04-24,42.718201,42.718195856
GERAL,GERAL,GTM - Inscrição em promoção,SIGNUP,2026-04-25,104.476313,104.480989472
GERAL,GERAL,GTM - Inscrição em promoção,SIGNUP,2026-04-26,97.841744,97.844571703
GERAL,GERAL,GTM - Inscrição em promoção,SIGNUP,2026-04-27,41.335084,41.340573278
GERAL,GERAL,GTM - Inscrição em promoção,SIGNUP,2026-04-28,59.781739,59.781728928
GERAL,GERAL,GTM - Inscrição em promoção,SIGNUP,2026-04-29,75.443252,75.439345168
GERAL,GERAL,GTM - Inscrição em promoção,SIGNUP,2026-04-30,136.8879,136.893034911
GERAL,GERAL,GTM - Inscrição em promoção,SIGNUP,2026-05-01,186.945821,186.960432414
GERAL,GERAL,GTM - Inscrição em promoção,SIGNUP,2026-05-02,130.604648,130.604484988
GERAL,GERAL,GTM - Inscrição em promoção,SIGNUP,2026-05-03,5.142857,5.142852122
GERAL,GERAL,GTM - Inscrição em promoção,SIGNUP,2026-05-04,2.5,2.499999336
GERAL,GERAL,GTM - Inscrição em promoção,SIGNUP,2026-05-07,101.269586,101.276551439
GERAL,GERAL,GTM - Inscrição em promoção,SIGNUP,2026-05-08,84.65901,84.671979128
GERAL,GERAL,GTM - Inscrição em promoção,SIGNUP,2026-05-09,167.679148,167.687632184
GERAL,GERAL,GTM - Inscrição em promoção,SIGNUP,2026-05-10,181.996264,181.995484451
GERAL,GERAL,GTM - Inscrição em promoção,SIGNUP,2026-05-11,95.995113,95.994352344
GERAL,GERAL,GTM - Inscrição em promoção,SIGNUP,2026-05-12,110.4812,110.496363367
GERAL,GERAL,GTM - Inscrição em promoção,SIGNUP,2026-05-13,102.899992,102.922578911
GERAL,GERAL,GTM - Inscrição em promoção,SIGNUP,2026-05-14,104.644263,104.663944583
GERAL,GERAL,GTM - Inscrição em promoção,SIGNUP,2026-05-15,152.569484,152.579196852
GERAL,GERAL,GTM - Inscrição em promoção,SIGNUP,2026-05-16,204.644072,204.644130859
GERAL,GERAL,GTM - Inscrição em promoção,SIGNUP,2026-05-17,178.725541,178.725506932
GERAL,GERAL,GTM - Inscrição em promoção,SIGNUP,2026-05-18,100.862191,100.863345868
GERAL,GERAL,GTM - Inscrição em promoção,SIGNUP,2026-05-19,100.995167,100.995151204
GERAL,GERAL,GTM - Inscrição em promoção,SIGNUP,2026-05-20,99.812564,99.810650857
GERAL,GERAL,GTM - Inscrição em promoção,SIGNUP,2026-05-21,64.809571,64.806483614
GERAL,GERAL,GTM - Inscrição em promoção,SIGNUP,2026-05-22,81.207896,81.206831443
GERAL,GERAL,GTM - Inscrição em promoção,SIGNUP,2026-05-23,165.176076,165.179098619
GERAL,GERAL,GTM - Inscrição em promoção,SIGNUP,2026-05-24,137.195192,137.195161603
GERAL,GERAL,GTM - Inscrição em promoção,SIGNUP,2026-05-25,70.990256,70.98676396
GERAL,GERAL,GTM - Inscrição em promoção,SIGNUP,2026-05-26,78.573249,78.574749943
GERAL,GERAL,GTM - Inscrição em promoção,SIGNUP,2026-05-27,95.755982,95.75595835
GERAL,GERAL,GTM - Inscrição em promoção,SIGNUP,2026-05-28,107.5408,107.552925573
GERAL,GERAL,GTM - Inscrição em promoção,SIGNUP,2026-05-29,120.502924,120.502904703
GERAL,GERAL,GTM - Inscrição em promoção,SIGNUP,2026-05-30,189.194496,189.199160221
GERAL,GERAL,GTM - Inscrição em promoção,SIGNUP,2026-05-31,183.068024,183.068016487
GERAL,GERAL,GTM - Inscrição em promoção,SIGNUP,2026-06-01,112.822697,112.822685392
GERAL,GERAL,GTM - Inscrição em promoção,SIGNUP,2026-06-02,89.19699,89.209120155
GERAL,GERAL,GTM - Inscrição em promoção,SIGNUP,2026-06-03,2.0,2.0
GERAL,GERAL,GTM - Inscrição em promoção,SIGNUP,2026-06-04,4.333333,4.337219489
GERAL,GERAL,GTM - Inscrição em promoção,SIGNUP,2026-06-05,1.0,1.012140627
GERAL,GERAL,GTM - Inscrição em promoção,SIGNUP,2026-06-06,153.723862,153.740567852
GERAL,GERAL,GTM - Inscrição em promoção,SIGNUP,2026-06-07,158.392176,158.400465854
GERAL,GERAL,GTM - Inscrição em promoção,SIGNUP,2026-06-08,116.505425,116.507208326
GERAL,GERAL,GTM - Inscrição em promoção,SIGNUP,2026-06-09,118.583025,118.582855876
GERAL,GERAL,GTM - Inscrição em promoção,SIGNUP,2026-06-10,111.884095,111.884678794
GERAL,GERAL,GTM - Inscrição em promoção,SIGNUP,2026-06-11,131.048032,131.048029872
GERAL,GERAL,GTM - Inscrição em promoção,SIGNUP,2026-06-12,133.992521,133.99251928
GERAL,GERAL,GTM - Inscrição em promoção,SIGNUP,2026-06-13,112.567563,112.561349422
GERAL,GERAL,GTM - Inscrição em promoção,SIGNUP,2026-06-14,103.983841,103.9838036
GERAL,GERAL,GTM - Inscrição em promoção,SIGNUP,2026-06-16,0.2,0.2
GERAL,GERAL,GTM - Inscrição em promoção,SIGNUP,2026-06-19,1.0,1.0
GERAL,GERAL,GTM - Inscrição em promoção,SIGNUP,2026-06-24,0.333334,0.333334
GERAL,GERAL,GTM - Inscrição em promoção,SIGNUP,2026-06-26,7.709825,7.707288137
GERAL,GERAL,GTM - Inscrição em promoção,SIGNUP,2026-06-27,10.517891,10.523009226
GERAL,GERAL,GTM - Inscrição em promoção,SIGNUP,2026-06-28,11.052738,11.052738
GERAL,GERAL,GTM - Inscrição em promoção,SIGNUP,2026-06-29,7.0,7.0
GERAL,GERAL,GTM - Inscrição em promoção,SIGNUP,2026-06-30,13.15,13.15
GERAL,GERAL,GTM - Inscrição em promoção,SIGNUP,2026-07-01,18.253477,18.25347189
GERAL,GERAL,GTM - Inscrição em promoção,SIGNUP,2026-07-02,12.666666,12.666666
GERAL,GERAL,GTM - Inscrição em promoção,SIGNUP,2026-07-03,16.451519,16.451517992
GERAL,GERAL,GTM - Inscrição em promoção,SIGNUP,2026-07-04,20.906754,20.906750759
GERAL,GERAL,GTM - Inscrição em promoção,SIGNUP,2026-07-05,20.09898,20.096969344
GERAL,GERAL,GTM - Inscrição em promoção,SIGNUP,2026-07-06,7.366666,7.366666
GERAL,GERAL,GTM - Inscrição em promoção,SIGNUP,2026-07-07,5.533335,5.533335
GERAL,GERAL,GTM - Inscrição em promoção,SIGNUP,2026-07-08,9.296212,9.296212
GERAL,GERAL,GTM - Inscrição em promoção,SIGNUP,2026-07-09,13.133331,13.134044706
GERAL,GERAL,GTM - Inscrição em promoção,SIGNUP,2026-07-10,8.933332,8.933331783
GERAL,GERAL,GTM - Inscrição em promoção,SIGNUP,2026-07-11,20.742517,20.742517
GERAL,GERAL,GTM - Inscrição em promoção,SIGNUP,2026-07-12,13.275882,13.275881994
GERAL,GERAL,GTM - Inscrição em promoção,SIGNUP,2026-07-13,9.292422,9.292422
GERAL,GERAL,GTM - Inscrição em promoção,SIGNUP,2026-07-14,8.896594,8.896594
GERAL,GERAL,GTM - Inscrição em promoção,SIGNUP,2026-07-15,10.430636,10.430633084
GERAL,GERAL,GTM - Inscrição em promoção,SIGNUP,2026-07-16,13.324744,13.324743895
GERAL,GERAL,GTM - Inscrição em promoção,SIGNUP,2026-07-17,17.001204,17.001202858
GERAL,GERAL,GTM - Inscrição em promoção,SIGNUP,2026-07-18,21.073683,21.065640025
GERAL,GERAL,GTM - Inscrição em promoção,SIGNUP,2026-07-19,16.561214,16.561213899
GERAL,GERAL,GTM - Inscrição em promoção,SIGNUP,2026-07-20,11.700004,11.700003417
GERAL,GERAL,GTM - Inscrição em promoção,SIGNUP,2026-07-21,26.448424,26.448423965
GERAL,GERAL,GTM - Inscrição em promoção,SIGNUP,2026-07-22,22.300448,22.300448
GERAL,GERAL,GTM - Inscrição em promoção,SIGNUP,2026-07-23,22.187898,22.18788778
GERAL,GERAL,GTM - Inscrição em promoção,SIGNUP,2026-07-24,25.050001,25.049999917
GERAL,GERAL,GTM - Inscrição em promoção,SIGNUP,2026-07-25,27.388032,27.388031444
GERAL,GERAL,GTM - Inscrição em promoção,SIGNUP,2026-07-26,24.191394,24.187981142
GERAL,GERAL,GTM - Inscrição em promoção,SIGNUP,2026-07-27,21.858257,21.858257
GERAL,GERAL,GTM - Inscrição em promoção,SIGNUP,2026-07-28,36.330917,36.330917
GERAL,GERAL,GTM - Inscrição em promoção,SIGNUP,2026-07-29,49.894144,49.894143967
GERAL,GERAL,GTM - Inscrição em promoção,SIGNUP,2026-07-30,66.947495,66.93990077
GERAL,GERAL,GTM - Inscrição em promoção,SIGNUP,2026-07-31,60.096091,60.096086902
GERAL,GERAL,GTM - Inscrição em promoção,SIGNUP,2026-08-01,76.620321,76.613099394
GERAL,GERAL,GTM - Inscrição em promoção,SIGNUP,2026-08-02,103.239953,103.239917913
GERAL,GERAL,GTM - Inscrição em promoção,SIGNUP,2026-08-03,54.690034,54.69141154
GERAL,GERAL,GTM - Inscrição em promoção,SIGNUP,2026-08-04,46.58553,46.585528949
GERAL,GERAL,GTM - Inscrição em promoção,SIGNUP,2026-08-05,46.819461,46.818193069
GERAL,GERAL,GTM - Inscrição em promoção,SIGNUP,2026-08-06,43.590495,43.590494791
GERAL,GERAL,GTM - Inscrição em promoção,SIGNUP,2026-08-07,46.353182,46.356998011
GERAL,GERAL,GTM - Inscrição em promoção,SIGNUP,2026-08-08,115.266906,115.267041457
GERAL,GERAL,GTM - Inscrição em promoção,SIGNUP,2026-08-09,70.437724,70.439487442
GERAL,GERAL,GTM - Inscrição em promoção,SIGNUP,2026-08-10,35.448017,35.459200662
GERAL,GERAL,GTM - Inscrição em promoção,SIGNUP,2026-08-11,39.427817,39.44773744
GERAL,GERAL,GTM - Inscrição em promoção,SIGNUP,2026-08-12,37.338819,37.341651274
GERAL,GERAL,GTM - Inscrição em promoção,SIGNUP,2026-08-13,19.642847,19.642847
GERAL,GERAL,GTM - Inscrição em promoção,SIGNUP,2026-08-14,33.8353,33.835248927
GERAL,GERAL,GTM - Inscrição em promoção,SIGNUP,2026-08-15,56.759944,56.767038791
GERAL,GERAL,GTM - Inscrição em promoção,SIGNUP,2026-08-16,52.3214,52.32315601
GERAL,GERAL,LP - Night Run - Visualização da notícia,PAGE_VIEW,2026-06-02,1.0,1.0
GERAL,GERAL,LP - Night Run - Visualização da notícia,PAGE_VIEW,2026-06-06,1.0,1.0
GERAL,GERAL,LP - Night Run - Visualização da notícia,PAGE_VIEW,2026-06-07,1.06684,1.06684
GERAL,GERAL,LP - Night Run - Visualização da notícia,PAGE_VIEW,2026-06-08,0.013486,0.013486
GERAL,GERAL,LP - Night Run - Visualização da notícia,PAGE_VIEW,2026-06-09,0.454336,0.454336
GERAL,GERAL,LP - Night Run - Visualização da notícia,PAGE_VIEW,2026-06-10,0.112534,0.112534
GERAL,GERAL,LP - Night Run - Visualização da notícia,PAGE_VIEW,2026-06-11,1.070088,1.070088
GERAL,GERAL,LP - Night Run - Visualização da notícia,PAGE_VIEW,2026-06-12,0.0,0.002978
GERAL,GERAL,LP - Night Run - Visualização da notícia,PAGE_VIEW,2026-06-13,3.034394,3.034394
GERAL,GERAL,LP - Night Run - Visualização da notícia,PAGE_VIEW,2026-06-27,0.037362,0.037362
GERAL,GERAL,LP - Night Run - Visualização da notícia,PAGE_VIEW,2026-06-28,0.039695,0.039695
GERAL,GERAL,LP - Night Run - Visualização da notícia,PAGE_VIEW,2026-06-29,0.0,0.001489
GERAL,GERAL,LP - Night Run - Visualização da notícia,PAGE_VIEW,2026-06-30,0.313946,0.313946
GERAL,GERAL,LP - Night Run - Visualização da notícia,PAGE_VIEW,2026-07-01,0.071573,0.071573
GERAL,GERAL,LP - Night Run - Visualização da notícia,PAGE_VIEW,2026-07-02,2.030193,2.030193
GERAL,GERAL,LP - Night Run - Visualização da notícia,PAGE_VIEW,2026-07-03,0.045584,0.045584
GERAL,GERAL,LP - Night Run - Visualização da notícia,PAGE_VIEW,2026-07-04,1.374597,1.374597
GERAL,GERAL,LP - Night Run - Visualização da notícia,PAGE_VIEW,2026-07-05,0.85161,0.85161
GERAL,GERAL,LP - Night Run - Visualização da notícia,PAGE_VIEW,2026-07-06,0.005236,0.005236
GERAL,GERAL,LP - Night Run - Visualização da notícia,PAGE_VIEW,2026-07-07,2.0,2.0
GERAL,GERAL,LP - Night Run - Visualização da notícia,PAGE_VIEW,2026-07-08,1.0,1.0
GERAL,GERAL,LP - Night Run - Visualização da notícia,PAGE_VIEW,2026-07-12,1.027734,1.027734
GERAL,GERAL,LP - Night Run - Visualização da notícia,PAGE_VIEW,2026-07-13,0.261607,0.261607
GERAL,GERAL,LP - Night Run - Visualização da notícia,PAGE_VIEW,2026-07-14,0.252332,0.252332
GERAL,GERAL,LP - Night Run - Visualização da notícia,PAGE_VIEW,2026-07-15,1.0,1.0
GERAL,GERAL,LP - Night Run - Visualização da notícia,PAGE_VIEW,2026-07-18,0.010781,0.010781
GERAL,GERAL,LP - Night Run - Visualização da notícia,PAGE_VIEW,2026-07-20,2.008449,2.008449
GERAL,GERAL,LP - Night Run - Visualização da notícia,PAGE_VIEW,2026-07-21,0.224705,0.224705
GERAL,GERAL,LP - Night Run - Visualização da notícia,PAGE_VIEW,2026-07-22,0.25,0.25
GERAL,GERAL,LP - Night Run - Visualização da notícia,PAGE_VIEW,2026-07-23,0.0,0.001051
GERAL,GERAL,LP - Night Run - Visualização da notícia,PAGE_VIEW,2026-07-24,0.333333,0.333333
GERAL,GERAL,LP - Night Run - Visualização da notícia,PAGE_VIEW,2026-07-25,1.071167,1.071167
GERAL,GERAL,LP - Night Run - Visualização da notícia,PAGE_VIEW,2026-07-26,2.0,2.0
GERAL,GERAL,LP - Night Run - Visualização da notícia,PAGE_VIEW,2026-07-27,0.01394,0.01394
GERAL,GERAL,LP - Night Run - Visualização da notícia,PAGE_VIEW,2026-07-28,0.2,0.2
GERAL,GERAL,LP - Night Run - Visualização da notícia,PAGE_VIEW,2026-07-29,6.226228,6.226228
GERAL,GERAL,LP - Night Run - Visualização da notícia,PAGE_VIEW,2026-07-30,4.288163,4.288163
GERAL,GERAL,LP - Night Run - Visualização da notícia,PAGE_VIEW,2026-07-31,14.397902,14.397902
GERAL,GERAL,LP - Night Run - Visualização da notícia,PAGE_VIEW,2026-08-01,12.827455,12.827455
GERAL,GERAL,LP - Night Run - Visualização da notícia,PAGE_VIEW,2026-08-02,9.184428,9.184428
GERAL,GERAL,LP - Night Run - Visualização da notícia,PAGE_VIEW,2026-08-03,1.057221,1.057221
GERAL,GERAL,LP - Night Run - Visualização da notícia,PAGE_VIEW,2026-08-04,6.563072,6.563072
GERAL,GERAL,LP - Night Run - Visualização da notícia,PAGE_VIEW,2026-08-05,1.309747,1.309747
GERAL,GERAL,LP - Night Run - Visualização da notícia,PAGE_VIEW,2026-08-06,0.413136,0.413136
GERAL,GERAL,LP - Night Run - Visualização da notícia,PAGE_VIEW,2026-08-07,1.628169,1.628169
GERAL,GERAL,LP - Night Run - Visualização da notícia,PAGE_VIEW,2026-08-08,1.116221,1.116221
GERAL,GERAL,LP - Night Run - Visualização da notícia,PAGE_VIEW,2026-08-09,2.945488,2.945488
GERAL,GERAL,LP - Night Run - Visualização da notícia,PAGE_VIEW,2026-08-10,3.221416,3.221416
GERAL,GERAL,LP - Night Run - Visualização da notícia,PAGE_VIEW,2026-08-11,2.764774,2.764774
GERAL,GERAL,LP - Night Run - Visualização da notícia,PAGE_VIEW,2026-08-12,1.883287,1.883287
GERAL,GERAL,LP - Night Run - Visualização da notícia,PAGE_VIEW,2026-08-13,4.998356,4.998356
GERAL,GERAL,LP - Night Run - Visualização da notícia,PAGE_VIEW,2026-08-14,1.36938,1.36938
GERAL,GERAL,LP - Night Run - Visualização da notícia,PAGE_VIEW,2026-08-15,1.024179,1.024179
GERAL,GERAL,LP - Night Run - Visualização da notícia,PAGE_VIEW,2026-08-16,5.094915,5.094915
GERAL,GERAL,LP - Night Run - Visualização da notícia,PAGE_VIEW,2026-08-17,1.028776,1.028776
GERAL,GERAL,LP - Night Run - Visualização da notícia,PAGE_VIEW,2026-08-19,0.027734,0.027734
GERAL,GERAL,LP - Night Run - Visualização da notícia,PAGE_VIEW,2026-08-20,1.0,1.0
GERAL,GERAL,LP - Night Run - Visualização da notícia,PAGE_VIEW,2026-08-21,1.0,1.0
GERAL,GERAL,LP - Night Run - Visualização da notícia,PAGE_VIEW,2026-08-23,2.212381,2.212381
GERAL,GERAL,LP - Night Run - Visualização da notícia,PAGE_VIEW,2026-08-25,0.666664,0.666664
GERAL,GERAL,LP - Night Run - Visualização da notícia,PAGE_VIEW,2026-08-26,2.00627,2.00627
GERAL,GERAL,LP - Night Run - Visualização da notícia,PAGE_VIEW,2026-08-27,0.032398,0.032398
GERAL,GERAL,LP - Night Run - Visualização da notícia,PAGE_VIEW,2026-08-28,0.028488,0.028488
GERAL,GERAL,LP - Night Run - Visualização da notícia,PAGE_VIEW,2026-08-29,1.018103,1.018103
GERAL,GERAL,LP - Night Run - Visualização da notícia,PAGE_VIEW,2026-08-31,109.413857,109.413857
GERAL,GERAL,LP - Night Run - Visualização da notícia,PAGE_VIEW,2026-09-01,163.27787,163.27787
GERAL,GERAL,LP - Night Run - Visualização da notícia,PAGE_VIEW,2026-09-02,164.475977,164.475977
GERAL,GERAL,LP - Night Run - Visualização da notícia,PAGE_VIEW,2026-09-03,455.469668,455.469668
GERAL,GERAL,LP - Night Run - Visualização da notícia,PAGE_VIEW,2026-09-04,1023.667703,1023.667703
GERAL,GERAL,LP - Night Run - Visualização da notícia,PAGE_VIEW,2026-09-05,1038.341435,1038.341435
GERAL,GERAL,LP - Night Run - Visualização da notícia,PAGE_VIEW,2026-09-06,825.674773,825.674773
GERAL,GERAL,LP - Night Run - Visualização da notícia,PAGE_VIEW,2026-09-07,846.66684,846.66684
GERAL,GERAL,LP - Night Run - Visualização da notícia,PAGE_VIEW,2026-09-08,911.863675,911.863675
GERAL,GERAL,LP - Night Run - Visualização da notícia,PAGE_VIEW,2026-09-09,845.17159,845.17159
GERAL,GERAL,LP - Night Run - Visualização da notícia,PAGE_VIEW,2026-09-10,164.461221,164.461221
GERAL,GERAL,LP - Night Run - Visualização da notícia,PAGE_VIEW,2026-09-12,2.0,2.0
GERAL,GERAL,LP - Night Run - Visualização da notícia,PAGE_VIEW,2026-09-13,1.0,1.0
GERAL,GERAL,LP - Night Run - Visualização da notícia,PAGE_VIEW,2026-09-14,1.0,1.0
GERAL,GERAL,LP - Night Run - Visualização da notícia,PAGE_VIEW,2026-09-18,1.0,1.0
