mes,plataforma,impressoes,cliques,custo,conversoes,receita,roas,cpa,ctr
2025-12,Google Ads,4601631,51236,26080.215912,137933.51538,239.0,0.009164034561923684,0.18907816450664872,1.1134313029445428
2025-12,Meta Ads,19956945,80637,34034.52,0.0,0.0,0.0,0.0,0.4040548290332012
2026-01,Google Ads,8708913,199401,45226.232493,172445.179668,307.0,0.006788095825747074,0.26226440530301737,2.289619841190284
2026-01,Meta Ads,30846577,62417,43990.3,0.0,0.0,0.0,0.0,0.2023466007265571
2026-02,Google Ads,5698247,130448,54234.594905,125962.678027,94.0,0.001733211065089636,0.4305608276554334,2.289265453041962
2026-02,Meta Ads,31239226,54099,41799.67,0.0,0.0,0.0,0.0,0.17317650571752322
2026-03,Google Ads,392929,28620,4384.000194,7944.950732,0.0,0.0,0.5517970270529804,7.2837586434190404
2026-03,Meta Ads,8228900,9764,11346.55,0.0,0.0,0.0,0.0,0.11865498426278118
