mes,plataforma,impressoes,cliques,custo,conversoes,receita,roas,cpa,ctr
2025-12,Google Ads,4284085,49124,24425.59821,131959.458944,223.0,0.009129766161006544,0.18509926007172822,1.1466625895611315
2025-12,Meta Ads,18623689,76706,31737.72,0.0,0.0,0.0,0.0,0.4118732867586008
2026-01,Google Ads,8708913,199401,45226.232493,172458.179668,307.0,0.006788095825747074,0.2622446356563964,2.289619841190284
2026-01,Meta Ads,30846577,62417,43990.3,0.0,0.0,0.0,0.0,0.2023466007265571
2026-02,Google Ads,5698247,130448,54234.594905,126224.370753,94.0,0.001733211065089636,0.42966817407335733,2.289265453041962
2026-02,Meta Ads,31573115,54802,42267.53,0.0,0.0,0.0,0.0,0.17357172391764322
2026-03,Google Ads,479411,32406,5313.962203,10144.258006,0.0,0.0,0.5238394173193311,6.759544524426849
2026-03,Meta Ads,9136249,9762,11374.779999999999,0.0,0.0,0.0,0.0,0.106849101857885
