mes,plataforma,impressoes,cliques,custo,conversoes,receita,roas,cpa,ctr
2025-12,Google Ads,5264458,55945,29583.032713,151319.182055,262.0,0.008856428025544063,0.19550087643381162,1.0626924937002062
2025-12,Meta Ads,20542377,82696,35096.29,0.0,0.0,0.0,0.0,0.40256295559175065
2026-01,Google Ads,8708913,199401,45226.232493,172388.179668,307.0,0.006788095825747074,0.26235112279798173,2.289619841190284
2026-01,Meta Ads,30846577,62417,43990.3,0.0,0.0,0.0,0.0,0.2023466007265571
2026-02,Google Ads,5698247,130448,54234.594905,125260.74488,93.0,0.0017147726495035762,0.43297359405739466,2.289265453041962
2026-02,Meta Ads,30136764,52226,40010.32,0.0,0.0,0.0,0.0,0.1732966419354115
2026-03,Google Ads,274285,17331,2931.862489,3680.883879,0.0,0.0,0.796510453841459,6.318610204714075
2026-03,Meta Ads,6335863,7193,8431.119999999999,0.0,0.0,0.0,0.0,0.11352833860201839
