mes,plataforma,impressoes,cliques,custo,conversoes,receita,roas,cpa,ctr
2025-12,Google Ads,3963500,47495,22623.48714,125663.221707,218.0,0.009636003444162234,0.18003268444564932,1.1983095748706951
2026-01,Google Ads,8708913,199401,45226.232493,172483.179668,308.0,0.006810206887068726,0.26220662548112,2.289619841190284
2026-02,Google Ads,5698247,130448,54234.594905,126401.654218,94.0,0.001733211065089636,0.42906554697032456,2.289265453041962
2026-02,Meta Ads,18986678,36318,26143.68,0.0,0.0,0.0,0.0,0.19128148694574162
2026-03,Google Ads,583067,35780,6713.731826,13661.974541,0.0,0.0,0.4914173866926693,6.136516043610769
2026-03,Meta Ads,10381327,11088,13141.39,0.0,0.0,0.0,0.0,0.10680715480785836
