mes,plataforma,impressoes,cliques,custo,conversoes,receita,roas,cpa,ctr
2025-12,Google Ads,4964291,53252,27856.874885,144525.153615,252.0,0.00904624086658384,0.19274758883292956,1.0727010161169037
2025-12,Meta Ads,19956945,80637,34034.52,0.0,0.0,0.0,0.0,0.4040548290332012
2026-01,Google Ads,8708913,199401,45226.232493,172424.179668,307.0,0.006788095825747074,0.26229634718333816,2.289619841190284
2026-01,Meta Ads,30846577,62417,43990.3,0.0,0.0,0.0,0.0,0.2023466007265571
2026-02,Google Ads,5698247,130448,54234.594905,125749.871238,93.0,0.0017147726495035762,0.4312894667092987,2.289265453041962
2026-02,Meta Ads,31239226,54099,41799.67,0.0,0.0,0.0,0.0,0.17317650571752322
2026-03,Google Ads,328032,22902,3668.051703,5965.7575209999995,0.0,0.0,0.6148509539799649,6.9816359379572726
2026-03,Meta Ads,8228900,9764,11346.55,0.0,0.0,0.0,0.0,0.11865498426278118
