mes,plataforma,impressoes,cliques,custo,conversoes,receita,roas,cpa,ctr
2025-12,Google Ads,4284085,49124,24425.59821,131959.458944,223.0,0.009129766161006544,0.18509926007172822,1.1466625895611315
2025-12,Meta Ads,15171945,63420,26100.53,0.0,0.0,0.0,0.0,0.4180083700540702
2026-01,Google Ads,8708913,199401,45226.232493,172465.179668,307.0,0.006788095825747074,0.2622339916965366,2.289619841190284
2026-01,Meta Ads,26024940,53016,36941.21,0.0,0.0,0.0,0.0,0.20371228521564316
2026-02,Google Ads,5698247,130448,54234.594905,126238.370753,94.0,0.001733211065089636,0.42962052331233164,2.289265453041962
2026-02,Meta Ads,27400225,49811,36671.07,0.0,0.0,0.0,0.0,0.18179047799789966
2026-03,Google Ads,479397,32405,5313.858023,10437.258006,0.0,0.0,0.5091239499823857,6.759533330412998
2026-03,Meta Ads,7607019,8032,9602.970000000001,0.0,0.0,0.0,0.0,0.10558669565568325
