data,shopping,shopping_sigla,plataforma,impressoes,cliques,custo,conversoes,receita,roas,cpa,ctr
2025-09-13,GERAL,GERAL,Google Ads,115389,3369,439.6640339999999,4996.702288,7.0,0.015921247722528065,0.08799084049011484,2.919689051816031
2025-09-13,Nacoes Shopping,Nacoes Shopping,TikTok Ads,10275,0,30.17,0.0,0.0,0.0,0.0,0.0
2025-09-14,Nacoes Shopping,Nacoes Shopping,TikTok Ads,0,0,0.0,0.0,0.0,0.0,0.0,0.0
2025-09-14,GERAL,GERAL,Google Ads,106366,2866,389.2567459999999,4136.925311,22.0,0.05651796719278952,0.09409324963275846,2.694470037417972
2025-09-15,Nacoes Shopping,Nacoes Shopping,TikTok Ads,0,0,0.0,0.0,0.0,0.0,0.0,0.0
2025-09-15,GERAL,GERAL,Google Ads,125989,1878,416.74480700000004,3823.863956,10.0,0.023995499960722963,0.10898525988250404,1.4906063227742106
2025-09-16,GERAL,GERAL,Google Ads,119795,1955,405.14089899999993,3260.252729,11.0,0.027151048011077258,0.1242667157046646,1.6319545890896947
2025-09-16,Nacoes Shopping,Nacoes Shopping,TikTok Ads,0,0,0.0,0.0,0.0,0.0,0.0,0.0
2025-09-17,GERAL,GERAL,Google Ads,108678,2092,423.96371300000004,3378.318244,14.0,0.033021694005213126,0.12549549283966158,1.9249526123042382
2025-09-17,Nacoes Shopping,Nacoes Shopping,TikTok Ads,0,0,0.0,0.0,0.0,0.0,0.0,0.0
2025-09-18,GERAL,GERAL,Google Ads,92775,1866,384.639171,2934.457559,17.0,0.0441972666377237,0.1310767538008206,2.0113177041228782
2025-09-18,Nacoes Shopping,Nacoes Shopping,TikTok Ads,0,0,0.0,0.0,0.0,0.0,0.0,0.0
2025-09-19,GERAL,GERAL,Google Ads,79336,2262,372.24654799999996,3530.861992,12.0,0.03223669921043835,0.10542653574209704,2.851164666733891
2025-09-20,GERAL,GERAL,Google Ads,81799,2945,380.202683,4230.573015,19.0,0.04997334540114227,0.08987025673636789,3.6002885120845
2025-09-21,GERAL,GERAL,Google Ads,74090,2691,358.134433,3334.209437,26.0,0.07259843679984829,0.10741209865995589,3.6320691051423943
2025-09-22,GERAL,GERAL,Google Ads,65029,1751,273.33925,2587.853088,7.0,0.025609201752035245,0.10562394413635277,2.692644820003383
2025-09-23,GERAL,GERAL,Google Ads,47142,1513,215.05928400000002,1577.8801429999999,10.0,0.04649880634774176,0.1362963371800288,3.2094522930719953
2025-09-24,GERAL,GERAL,Google Ads,60418,1732,414.63050300000003,1696.350215,13.0,0.03135321667349688,0.2444250599514323,2.866695355688702
2025-09-25,GERAL,GERAL,Google Ads,76008,2200,633.129456,2074.879622,13.0,0.02053292557596625,0.3051403316543826,2.8944321650352594
2025-09-26,GERAL,GERAL,Google Ads,76264,2718,889.9182989999999,2392.042281,17.003747,0.019107087717048957,0.372032846605022,3.5639358019511174
2025-09-26,Nacoes Shopping,Nacoes Shopping,TikTok Ads,8799,0,20.15,0.0,0.0,0.0,0.0,0.0
2025-09-27,Nacoes Shopping,Nacoes Shopping,TikTok Ads,17467,0,42.290000000000006,0.0,0.0,0.0,0.0,0.0
2025-09-27,GERAL,GERAL,Google Ads,74507,3139,974.0518390000001,2762.01141,16.0,0.016426230472934816,0.3526603240933027,4.213026963909431
2025-09-28,Nacoes Shopping,Nacoes Shopping,TikTok Ads,18281,0,42.78,0.0,0.0,0.0,0.0,0.0
2025-09-28,GERAL,GERAL,Google Ads,57800,3362,855.798006,2368.117998,18.0,0.021033000630758657,0.3613831771570362,5.8166089965397925
2025-09-29,Nacoes Shopping,Nacoes Shopping,TikTok Ads,17102,0,42.540000000000006,0.0,0.0,0.0,0.0,0.0
2025-09-29,GERAL,GERAL,Google Ads,38506,1917,613.8903260000001,1421.304481,12.0,0.019547465551688785,0.43192034796659456,4.9784449176751675
2025-09-30,GERAL,GERAL,Google Ads,31877,1751,544.9398709999999,1054.482976,10.000655,0.018351850419107984,0.5167839437931333,5.492988675220378
2025-09-30,Nacoes Shopping,Nacoes Shopping,TikTok Ads,16584,0,41.56,0.0,0.0,0.0,0.0,0.0
2025-10-01,Nacoes Shopping,Nacoes Shopping,TikTok Ads,19121,0,40.19,0.0,0.0,0.0,0.0,0.0
2025-10-01,GERAL,GERAL,Google Ads,43221,2035,709.194668,1515.360617,15.0,0.021150751234920454,0.46800389296378286,4.708359362347007
2025-10-02,Nacoes Shopping,Nacoes Shopping,TikTok Ads,18686,0,40.75,0.0,0.0,0.0,0.0,0.0
2025-10-02,GERAL,GERAL,Google Ads,69720,2359,1167.957063,2841.263657,24.000685999999998,0.0205492879492951,0.4110695817061937,3.3835341365461846
2025-10-03,Nacoes Shopping,Nacoes Shopping,TikTok Ads,19340,0,40.83,0.0,0.0,0.0,0.0,0.0
2025-10-03,GERAL,GERAL,Google Ads,63830,2739,989.4283180000001,2772.06855,14.0,0.01414958491212296,0.3569277960315953,4.291085696381012
2025-10-04,Nacoes Shopping,Nacoes Shopping,TikTok Ads,19342,0,38.47,0.0,0.0,0.0,0.0,0.0
2025-10-04,GERAL,GERAL,Google Ads,68007,3517,1016.6473090000001,3438.816207,27.000339,0.026558216168946745,0.29563874537130796,5.1715264605114175
2025-10-05,GERAL,GERAL,Google Ads,60168,3001,864.124716,3213.701014,28.0,0.032402730163315914,0.2688877130248184,4.987701103576652
2025-10-05,Nacoes Shopping,Nacoes Shopping,TikTok Ads,19237,0,37.510000000000005,0.0,0.0,0.0,0.0,0.0
2025-10-06,GERAL,GERAL,Google Ads,81052,2277,890.9645260000001,3424.090043,26.996223,0.030299997600577867,0.26020475945760635,2.8093076049943244
2025-10-06,Nacoes Shopping,Nacoes Shopping,TikTok Ads,17926,0,37.39,0.0,0.0,0.0,0.0,0.0
2025-10-07,Nacoes Shopping,Nacoes Shopping,TikTok Ads,17068,0,38.010000000000005,0.0,0.0,0.0,0.0,0.0
2025-10-07,GERAL,GERAL,Google Ads,64372,2422,773.184135,2309.5467230000004,20.0,0.02586705946831152,0.33477743805748494,3.7625054371465856
2025-10-08,GERAL,GERAL,Google Ads,68983,2230,744.5770379999999,2403.568594,20.0,0.026860887429085614,0.3097798165022953,3.232680515489324
2025-10-08,Nacoes Shopping,Nacoes Shopping,TikTok Ads,15995,0,37.29,0.0,0.0,0.0,0.0,0.0
2025-10-09,GERAL,GERAL,Google Ads,77638,2579,871.473901,2928.8907639999998,20.0,0.022949625889025906,0.297544009394814,3.3218269404157756
2025-10-09,Nacoes Shopping,Nacoes Shopping,TikTok Ads,15966,0,36.76,0.0,0.0,0.0,0.0,0.0
2025-10-10,GERAL,GERAL,Google Ads,179923,4399,1613.469798,3955.431575,45.007351,0.027894758895263806,0.40791245339644133,2.4449347776548858
2025-10-10,Nacoes Shopping,Nacoes Shopping,TikTok Ads,17566,0,37.58,0.0,0.0,0.0,0.0,0.0
2025-10-11,Nacoes Shopping,Nacoes Shopping,TikTok Ads,17101,0,34.72,0.0,0.0,0.0,0.0,0.0
2025-10-11,GERAL,GERAL,Google Ads,269171,5824,1948.691025,4985.549349,48.0,0.02463191926488192,0.39086786401800794,2.1636803370348217
2025-10-12,GERAL,GERAL,Google Ads,254948,6163,1771.355611,3320.298574,49.001512,0.0276632832479847,0.5334928686446497,2.417355696063511
2025-10-12,Nacoes Shopping,Nacoes Shopping,TikTok Ads,17636,0,34.86,0.0,0.0,0.0,0.0,0.0
2025-10-13,Nacoes Shopping,Nacoes Shopping,TikTok Ads,16174,0,33.980000000000004,0.0,0.0,0.0,0.0,0.0
2025-10-13,GERAL,GERAL,Google Ads,253360,4602,1908.176063,3413.725706,36.998689,0.019389557241291103,0.5589717005224438,1.8163877486580362
2025-10-14,Nacoes Shopping,Nacoes Shopping,TikTok Ads,15236,0,33.94,0.0,0.0,0.0,0.0,0.0
2025-10-14,GERAL,GERAL,Google Ads,232807,3975,1807.6071,2940.72698,38.0,0.02102226750492405,0.6146803536314683,1.7074228867688686
2025-10-15,GERAL,GERAL,Google Ads,235919,4200,1733.564903,3033.5037859999998,38.0,0.0219201484376152,0.5714728001991028,1.7802720425230691
2025-10-15,Nacoes Shopping,Nacoes Shopping,TikTok Ads,13922,0,32.7,0.0,0.0,0.0,0.0,0.0
2025-10-16,Nacoes Shopping,Nacoes Shopping,TikTok Ads,13915,0,33.14,0.0,0.0,0.0,0.0,0.0
2025-10-16,GERAL,GERAL,Google Ads,388817,4496,1879.6061129999998,3301.423877,33.02518,0.017570266329517945,0.5693319558553613,1.1563280412121897
2025-10-17,Nacoes Shopping,Nacoes Shopping,TikTok Ads,14644,0,33.59,0.0,0.0,0.0,0.0,0.0
2025-10-17,GERAL,GERAL,Google Ads,268367,4831,1723.211474,3486.151673,31.995745,0.01856750925974858,0.49430192247404264,1.8001468138780106
2025-10-18,GERAL,GERAL,Google Ads,317652,6479,2059.185864,5052.509134,76.999661,0.03739325446340574,0.40755707894579735,2.039653457242517
2025-10-18,Nacoes Shopping,Nacoes Shopping,TikTok Ads,14516,0,30.939999999999998,0.0,0.0,0.0,0.0,0.0
2025-10-19,Nacoes Shopping,Nacoes Shopping,TikTok Ads,13797,0,29.35,0.0,0.0,0.0,0.0,0.0
2025-10-19,GERAL,GERAL,Google Ads,320084,5051,1857.4120770000002,3500.500297,57.0,0.03068785904098544,0.5306133179282516,1.578023268891916
2025-10-20,Nacoes Shopping,Nacoes Shopping,TikTok Ads,12737,0,28.54,0.0,0.0,0.0,0.0,0.0
2025-10-20,GERAL,GERAL,Google Ads,287649,4095,1641.4877529999999,3019.596321,54.0,0.03289698622564137,0.5436116548374877,1.4236100247176247
2025-10-21,Nacoes Shopping,Nacoes Shopping,TikTok Ads,11039,0,27.18,0.0,0.0,0.0,0.0,0.0
2025-10-21,GERAL,GERAL,Google Ads,230835,3117,1423.4586760000004,2969.620968,56.0,0.03934079783570758,0.4793401889799696,1.3503151601793488
2025-10-22,GERAL,GERAL,Google Ads,190778,2508,1236.0636539999998,2590.31855,55.0,0.04449609032837075,0.47718596386533224,1.3146169893803268
2025-10-22,Nacoes Shopping,Nacoes Shopping,TikTok Ads,9722,0,25.240000000000002,0.0,0.0,0.0,0.0,0.0
2025-10-23,GERAL,GERAL,Google Ads,212507,2937,1316.255619,3312.750564,57.0,0.04330465843960055,0.39733013203707057,1.3820721199772243
2025-10-23,Nacoes Shopping,Nacoes Shopping,TikTok Ads,8995,0,22.95,0.0,0.0,0.0,0.0,0.0
2025-10-24,GERAL,GERAL,Google Ads,219544,3372,1334.58023,3399.332489,46.0,0.0344677666924528,0.39260067507918317,1.5359107969245345
2025-10-24,Nacoes Shopping,Nacoes Shopping,TikTok Ads,5910,0,13.93,0.0,0.0,0.0,0.0,0.0
2025-10-25,Nacoes Shopping,Nacoes Shopping,TikTok Ads,4005,0,8.84,0.0,0.0,0.0,0.0,0.0
2025-10-25,GERAL,GERAL,Google Ads,213738,4389,1360.0651859999998,4740.108986,60.0,0.04411553256242235,0.28692698628174534,2.0534486146590685
2025-10-26,GERAL,GERAL,Google Ads,206545,3667,1277.4541880000002,3214.448419,41.0,0.03209508441487844,0.3974100752244798,1.7754000338909197
2025-10-26,Nacoes Shopping,Nacoes Shopping,TikTok Ads,825,0,1.63,0.0,0.0,0.0,0.0,0.0
2025-10-27,Nacoes Shopping,Nacoes Shopping,TikTok Ads,0,0,0.0,0.0,0.0,0.0,0.0,0.0
2025-10-27,GERAL,GERAL,Google Ads,209483,3408,1191.517165,3162.4901099999997,46.0,0.03860624198393315,0.37676549919708685,1.6268623229569943
2025-10-28,GERAL,GERAL,Google Ads,214416,3371,1129.45462,3035.531464,48.973026000000004,0.04335988815557725,0.372078047417663,1.5721774494440715
2025-10-29,GERAL,GERAL,Google Ads,231442,3136,1244.17484,2999.8069809999997,42.0,0.03375731340138658,0.4147516316483964,1.3549831059185455
2025-10-30,Nacoes Shopping,Nacoes Shopping,TikTok Ads,13255,5,38.980000000000004,0.0,0.0,0.0,0.0,0.03772161448509996
2025-10-30,GERAL,GERAL,Google Ads,226714,3615,1367.655481,2333.364898,44.997186,0.03290096564896521,0.5861301342847235,1.5945199678890587
2025-10-31,GERAL,GERAL,Google Ads,229565,4235,1335.074035,2347.6822490000004,38.0,0.028462841013906767,0.5686774841734554,1.8447934136301265
2025-10-31,Nacoes Shopping,Nacoes Shopping,TikTok Ads,25618,9,77.64,0.0,0.0,0.0,0.0,0.03513154813022094
2025-11-01,Nacoes Shopping,Nacoes Shopping,TikTok Ads,28983,15,74.28,0.0,0.0,0.0,0.0,0.05175447676223993
2025-11-01,GERAL,GERAL,Google Ads,132875,5117,1197.927572,2585.506123,60.0,0.05008650055514374,0.4633242061751636,3.85098777046096
2025-11-02,Nacoes Shopping,Nacoes Shopping,TikTok Ads,27761,21,68.81,0.0,0.0,0.0,0.0,0.07564568999675805
2025-11-02,GERAL,GERAL,Google Ads,111755,5310,1092.15288,2572.214834,73.0,0.06684045918553087,0.4245962917108347,4.7514652588251085
2025-11-03,GERAL,GERAL,Google Ads,116446,4252,998.145564,1922.757056,38.0,0.03807059949023627,0.5191220393056252,3.6514779382718165
2025-11-03,Nacoes Shopping,Nacoes Shopping,TikTok Ads,25771,7,67.53,0.0,0.0,0.0,0.0,0.027162314229172323
2025-11-04,GERAL,GERAL,Google Ads,103260,3992,935.767789,2240.99699,80.0,0.08549129489217758,0.4175676242206822,3.865969397637033
2025-11-04,Nacoes Shopping,Nacoes Shopping,TikTok Ads,26857,10,69.31,0.0,0.0,0.0,0.0,0.037234240607662804
2025-11-05,Nacoes Shopping,Nacoes Shopping,TikTok Ads,25235,16,67.83,0.0,0.0,0.0,0.0,0.06340400237765009
2025-11-05,GERAL,GERAL,Google Ads,69160,2339,625.169235,1676.548573,28.0,0.04478787251903079,0.37289061889887753,3.3820127241179874
2025-11-06,GERAL,GERAL,Google Ads,66543,2141,620.8411110000001,1959.9005399999999,19.0,0.030603643449765038,0.31677174342734765,3.2174684038892143
2025-11-06,Nacoes Shopping,Nacoes Shopping,TikTok Ads,22915,11,65.24,0.0,0.0,0.0,0.0,0.048003491162993676
2025-11-07,GERAL,GERAL,Google Ads,153392,3771,981.009913,2946.126773,24.0,0.024464584589778758,0.3329829259183749,2.4584072181078542
2025-11-07,Nacoes Shopping,Nacoes Shopping,TikTok Ads,20477,8,59.89999999999999,0.0,0.0,0.0,0.0,0.03906822288421156
2025-11-08,GERAL,GERAL,Google Ads,153585,5985,1063.828312,3646.312417,53.0,0.0498200690864862,0.2917545701899191,3.896864928215646
2025-11-08,Nacoes Shopping,Nacoes Shopping,TikTok Ads,17885,15,46.160000000000004,0.0,0.0,0.0,0.0,0.08386916410399776
2025-11-09,GERAL,GERAL,Google Ads,174510,5591,1035.557306,3156.443298,38.0,0.03669521694244123,0.32807727186360497,3.203827860867572
2025-11-09,Nacoes Shopping,Nacoes Shopping,TikTok Ads,15071,5,40.19,0.0,0.0,0.0,0.0,0.033176298852100064
2025-11-10,GERAL,GERAL,Google Ads,116851,4263,918.2767040000001,1631.709871,15.0,0.016334945593915445,0.5627695954534065,3.64823578745582
2025-11-10,CS,CS,Meta Ads,40408,155,75.34,112.0,0.0,0.0,0.6726785714285715,0.3835874084339735
2025-11-10,NS,NS,Meta Ads,81919,220,153.64,153.0,0.0,0.0,1.0041830065359476,0.2685579657954809
2025-11-10,NR,NR,Meta Ads,87925,196,160.13000000000002,140.0,0.0,0.0,1.1437857142857144,0.22291725902758033
2025-11-10,NK,NK,Meta Ads,53688,199,98.17,161.0,0.0,0.0,0.609751552795031,0.37066011026672624
2025-11-10,GS,GS,Meta Ads,71466,72,108.35,50.0,0.0,0.0,2.167,0.10074720846276551
2025-11-10,BS,BS,Meta Ads,20265,26,30.09,18.0,0.0,0.0,1.6716666666666666,0.12830002467308166
2025-11-10,Nacoes Shopping,Nacoes Shopping,TikTok Ads,14680,9,41.48,0.0,0.0,0.0,0.0,0.06130790190735695
2025-11-11,NK,NK,Meta Ads,53008,184,98.42999999999999,146.0,0.0,0.0,0.6741780821917808,0.34711741623905823
2025-11-11,CS,CS,Meta Ads,46643,166,83.04,131.0,0.0,0.0,0.6338931297709924,0.35589477520742663
2025-11-11,GS,GS,Meta Ads,93640,195,168.72000000000003,140.0,0.0,0.0,1.2051428571428573,0.20824434002563005
2025-11-11,NR,NR,Meta Ads,92806,197,193.33999999999997,150.0,0.0,0.0,1.2889333333333333,0.21227075835614076
2025-11-11,BS,BS,Meta Ads,20294,41,28.36,33.0,0.0,0.0,0.8593939393939394,0.20203015669656055
2025-11-11,Nacoes Shopping,Nacoes Shopping,TikTok Ads,19862,875,86.18,0.0,0.0,0.0,0.0,4.405397240962642
2025-11-11,NS,NS,Meta Ads,76847,230,150.9,161.0,0.0,0.0,0.9372670807453416,0.2992960037477065
2025-11-11,GERAL,GERAL,Google Ads,104250,4128,934.154604,1693.470585,20.0,0.02140973230165657,0.5516213935301392,3.9597122302158274
2025-11-12,Nacoes Shopping,Nacoes Shopping,TikTok Ads,18801,937,80.31,0.0,0.0,0.0,0.0,4.983777458645817
2025-11-12,GERAL,GERAL,Google Ads,142925,4603,1207.8472590000001,2337.330231,27.0,0.022353819821848846,0.5167636318481349,3.220570229141158
2025-11-12,BS,BS,Meta Ads,19022,18,31.39,12.0,0.0,0.0,2.6158333333333332,0.09462727368310378
2025-11-12,CS,CS,Meta Ads,39317,175,75.62,132.0,0.0,0.0,0.5728787878787879,0.4451000839331587
2025-11-12,GS,GS,Meta Ads,526413,1215,1121.07,732.0,0.0,0.0,1.5315163934426228,0.2308073698787834
2025-11-12,NK,NK,Meta Ads,59984,199,104.36,175.0,0.0,0.0,0.5963428571428572,0.33175513470258733
2025-11-12,NR,NR,Meta Ads,84057,192,168.46,152.0,0.0,0.0,1.1082894736842106,0.22841643170705594
2025-11-12,NS,NS,Meta Ads,67693,221,136.43,159.0,0.0,0.0,0.8580503144654088,0.32647393378931355
2025-11-13,GERAL,GERAL,Google Ads,153617,4652,1189.427088,2474.9746290000003,13.0,0.01092963169508714,0.48058152760967143,3.02831066874109
2025-11-13,NS,NS,Meta Ads,58579,196,119.25999999999999,127.0,0.0,0.0,0.9390551181102361,0.3345908943478038
2025-11-13,NR,NR,Meta Ads,82553,177,165.65000000000003,127.0,0.0,0.0,1.3043307086614175,0.2144077138323259
2025-11-13,NK,NK,Meta Ads,56577,168,101.76,133.0,0.0,0.0,0.7651127819548873,0.29694045283419057
2025-11-13,GS,GS,Meta Ads,813314,2824,2323.65,1282.0,0.0,0.0,1.8125195007800312,0.3472213683767893
2025-11-13,CS,CS,Meta Ads,50658,169,93.63000000000001,126.0,0.0,0.0,0.7430952380952381,0.33360969639543603
2025-11-13,BS,BS,Meta Ads,29458,257,68.86,186.0,0.0,0.0,0.3702150537634409,0.8724285423314551
2025-11-13,Nacoes Shopping,Nacoes Shopping,TikTok Ads,18344,1227,87.77,0.0,0.0,0.0,0.0,6.688835586567815
2025-11-14,GERAL,GERAL,Google Ads,155444,4601,1168.835548,2545.91266,35.0,0.02994433225434379,0.4591027674924245,2.9599083914464375
2025-11-14,Nacoes Shopping,Nacoes Shopping,TikTok Ads,16957,1334,90.39,0.0,0.0,0.0,0.0,7.866957598631834
2025-11-14,BS,BS,Meta Ads,45642,552,144.41,410.0,0.0,0.0,0.35221951219512193,1.2094123833311423
2025-11-14,CS,CS,Meta Ads,171886,327,314.47,190.0,0.0,0.0,1.6551052631578949,0.1902423699428691
2025-11-14,GS,GS,Meta Ads,437061,1512,1184.64,853.0,0.0,0.0,1.3887924970691679,0.3459471332376945
2025-11-14,NK,NK,Meta Ads,52270,184,105.9,142.0,0.0,0.0,0.745774647887324,0.3520183661756266
2025-11-14,NR,NR,Meta Ads,109251,185,220.82,123.0,0.0,0.0,1.7952845528455283,0.16933483446375777
2025-11-14,NS,NS,Meta Ads,65525,251,122.49000000000001,181.0,0.0,0.0,0.6767403314917128,0.3830599008012209
2025-11-15,GERAL,GERAL,Google Ads,173165,6030,1245.321823,3880.432109,60.0,0.04818031684007516,0.32092349202855236,3.482227932896371
2025-11-15,Nacoes Shopping,Nacoes Shopping,TikTok Ads,16921,756,77.07,0.0,0.0,0.0,0.0,4.4678210507653215
2025-11-15,BS,BS,Meta Ads,51417,502,153.01,386.0,0.0,0.0,0.39639896373056993,0.976330785537857
2025-11-15,CS,CS,Meta Ads,144630,350,261.04,228.0,0.0,0.0,1.1449122807017544,0.2419968194703727
2025-11-15,GS,GS,Meta Ads,388389,859,796.88,567.0,0.0,0.0,1.405432098765432,0.2211700125389751
2025-11-15,NK,NK,Meta Ads,59779,223,113.16,167.0,0.0,0.0,0.6776047904191617,0.3730406999113401
2025-11-15,NS,NS,Meta Ads,70925,206,131.5,153.0,0.0,0.0,0.8594771241830066,0.2904476559746211
2025-11-15,NR,NR,Meta Ads,126193,242,246.96,180.0,0.0,0.0,1.372,0.19176974951067016
2025-11-16,GERAL,GERAL,Google Ads,180020,5872,1283.456999,3254.2479240000002,40.0,0.03116582794060559,0.39439435131371997,3.2618597933562934
2025-11-16,Nacoes Shopping,Nacoes Shopping,TikTok Ads,16845,1058,80.78999999999999,0.0,0.0,0.0,0.0,6.280795488275452
2025-11-16,NS,NS,Meta Ads,76365,246,134.48000000000002,188.0,0.0,0.0,0.7153191489361703,0.32213710469455903
2025-11-16,NR,NR,Meta Ads,100390,213,187.95999999999998,152.0,0.0,0.0,1.236578947368421,0.21217252714413787
2025-11-16,NK,NK,Meta Ads,65310,239,117.11000000000001,187.0,0.0,0.0,0.6262566844919787,0.36594702189557493
2025-11-16,GS,GS,Meta Ads,221299,507,424.63,396.0,0.0,0.0,1.0722979797979797,0.22910180344240144
2025-11-16,CS,CS,Meta Ads,105664,294,180.49,190.0,0.0,0.0,0.9499473684210527,0.2782404603270745
2025-11-16,BS,BS,Meta Ads,57465,555,152.66,431.0,0.0,0.0,0.354199535962877,0.9658052727747325
2025-11-17,NK,NK,Meta Ads,56841,172,101.4,139.0,0.0,0.0,0.7294964028776979,0.30259847645185695
2025-11-17,Nacoes Shopping,Nacoes Shopping,TikTok Ads,16071,1037,77.22999999999999,0.0,0.0,0.0,0.0,6.452616514218157
2025-11-17,GERAL,GERAL,Google Ads,142411,4162,758.547473,2386.9839309999998,28.0,0.036912653454980265,0.3177849097133281,2.922527051983344
2025-11-17,GS,GS,Meta Ads,73967,130,123.30999999999999,102.0,0.0,0.0,1.2089215686274508,0.175754052482864
2025-11-17,CS,CS,Meta Ads,52918,188,96.45,108.0,0.0,0.0,0.8930555555555556,0.35526663895082955
2025-11-17,BS,BS,Meta Ads,97000,2120,301.79,1265.0,0.0,0.0,0.23856916996047434,2.1855670103092786
2025-11-17,NR,NR,Meta Ads,78032,165,147.19,128.0,0.0,0.0,1.149921875,0.2114517121181054
2025-11-17,NS,NS,Meta Ads,67994,210,119.36000000000001,164.0,0.0,0.0,0.7278048780487806,0.3088507809512604
2025-11-18,BS,BS,Meta Ads,119518,2789,415.52000000000004,1694.0,0.0,0.0,0.24528925619834713,2.3335397178667647
2025-11-18,GERAL,GERAL,Google Ads,150316,5294,735.487579,2201.2410919999998,33.0,0.044868194844117144,0.3341240455999992,3.521913834854573
2025-11-18,Nacoes Shopping,Nacoes Shopping,TikTok Ads,15100,624,73.93,0.0,0.0,0.0,0.0,4.1324503311258285
2025-11-18,NR,NR,Meta Ads,77545,153,150.44,116.0,0.0,0.0,1.296896551724138,0.1973047907666516
2025-11-18,NS,NS,Meta Ads,67114,230,119.21000000000001,161.0,0.0,0.0,0.7404347826086957,0.3427004797806717
2025-11-18,NK,NK,Meta Ads,56411,178,102.11000000000001,133.0,0.0,0.0,0.7677443609022557,0.3155412951374732
2025-11-18,GS,GS,Meta Ads,77218,111,119.13999999999999,68.0,0.0,0.0,1.7520588235294117,0.14374886684451813
2025-11-18,CS,CS,Meta Ads,75751,285,131.19000000000003,167.0,0.0,0.0,0.7855688622754493,0.37623265699462716
2025-11-19,GS,GS,Meta Ads,160972,136,274.57,76.0,0.0,0.0,3.6127631578947366,0.08448674303605595
2025-11-19,NK,NK,Meta Ads,61270,268,110.90000000000002,178.0,0.0,0.0,0.6230337078651687,0.4374081932430227
2025-11-19,BS,BS,Meta Ads,132561,2684,498.04999999999995,1755.0,0.0,0.0,0.2837891737891738,2.0247282383204714
2025-11-19,NS,NS,Meta Ads,78490,304,150.95000000000002,180.0,0.0,0.0,0.8386111111111112,0.3873104854121544
2025-11-19,Nacoes Shopping,Nacoes Shopping,TikTok Ads,14499,886,77.25,0.0,0.0,0.0,0.0,6.110766259742051
2025-11-19,GERAL,GERAL,Google Ads,134580,4448,767.6627880000001,2434.1452360000003,25.0,0.032566382519508025,0.3153726312820555,3.305097339872195
2025-11-19,CS,CS,Meta Ads,106762,315,182.68,186.0,0.0,0.0,0.9821505376344086,0.29504880013487944
2025-11-19,NR,NR,Meta Ads,74673,181,154.35,127.0,0.0,0.0,1.2153543307086614,0.2423901544065459
2025-11-20,GERAL,GERAL,Google Ads,144146,5024,924.489684,3723.7218070000004,54.0,0.058410603097654466,0.24827034131876005,3.485355126052752
2025-11-20,GS,GS,Meta Ads,180837,183,310.22,100.0,0.0,0.0,3.1022000000000003,0.10119610477944226
2025-11-20,Nacoes Shopping,Nacoes Shopping,TikTok Ads,15321,870,74.49000000000001,0.0,0.0,0.0,0.0,5.678480516937537
2025-11-20,BS,BS,Meta Ads,113868,2620,508.62,1712.0,0.0,0.0,0.2970911214953271,2.3009098254118805
2025-11-20,CS,CS,Meta Ads,116075,398,197.57,232.0,0.0,0.0,0.8515948275862069,0.3428817574843851
2025-11-20,NK,NK,Meta Ads,63178,253,122.93,145.0,0.0,0.0,0.847793103448276,0.40045585488619456
2025-11-20,NS,NS,Meta Ads,110005,283,200.29,155.0,0.0,0.0,1.2921935483870968,0.2572610335893823
2025-11-20,NR,NR,Meta Ads,82708,226,169.95,151.0,0.0,0.0,1.1254966887417217,0.27325047153842436
2025-11-21,NR,NR,Meta Ads,138619,267,266.62,166.0,0.0,0.0,1.606144578313253,0.192614288084606
2025-11-21,NK,NK,Meta Ads,98136,280,180.95,174.0,0.0,0.0,1.039942528735632,0.28531833374093096
2025-11-21,Nacoes Shopping,Nacoes Shopping,TikTok Ads,15006,829,65.77,0.0,0.0,0.0,0.0,5.524456883913102
2025-11-21,BS,BS,Meta Ads,105739,2381,461.2,1606.0,0.0,0.0,0.287173100871731,2.251770869783145
2025-11-21,CS,CS,Meta Ads,170061,581,308.72,241.0,0.0,0.0,1.2809958506224068,0.3416421166522601
2025-11-21,GS,GS,Meta Ads,164197,176,285.46,104.0,0.0,0.0,2.7448076923076923,0.10718831647350438
2025-11-21,NS,NS,Meta Ads,99347,259,176.46,154.0,0.0,0.0,1.1458441558441559,0.2607023865843961
2025-11-21,GERAL,GERAL,Google Ads,168012,4339,866.265481,4243.301877,39.0,0.04502084044140736,0.2041489166008728,2.5825536271218725
2025-11-22,GS,GS,Meta Ads,130991,176,229.56,113.0,0.0,0.0,2.031504424778761,0.13436037590368802
2025-11-22,NK,NK,Meta Ads,134083,341,244.01000000000002,225.0,0.0,0.0,1.084488888888889,0.25432008532028666
2025-11-22,NR,NR,Meta Ads,174205,273,327.07,184.0,0.0,0.0,1.777554347826087,0.15671191986452743
2025-11-22,NS,NS,Meta Ads,125020,326,217.0,195.0,0.0,0.0,1.1128205128205129,0.26075827867541196
2025-11-22,CS,CS,Meta Ads,212908,632,384.71000000000004,312.0,0.0,0.0,1.2330448717948719,0.29684182839536327
2025-11-22,GERAL,GERAL,Google Ads,189777,5784,985.566199,5360.956566,61.0,0.0618933563893459,0.18384148180767038,3.0477876665770878
2025-11-22,BS,BS,Meta Ads,75723,1478,277.95,946.0,0.0,0.0,0.29381606765327695,1.9518508247164006
2025-11-22,Nacoes Shopping,Nacoes Shopping,TikTok Ads,14718,843,64.4,0.0,0.0,0.0,0.0,5.727680391357522
2025-11-23,Nacoes Shopping,Nacoes Shopping,TikTok Ads,16389,900,65.58,0.0,0.0,0.0,0.0,5.491488193300385
2025-11-23,NS,NS,Meta Ads,106241,300,178.94,190.0,0.0,0.0,0.9417894736842105,0.2823768601575663
2025-11-23,NR,NR,Meta Ads,178433,352,328.99,235.0,0.0,0.0,1.3999574468085108,0.19727292597221366
2025-11-23,NK,NK,Meta Ads,148355,412,257.05,257.0,0.0,0.0,1.0001945525291829,0.27771224427892555
2025-11-23,GS,GS,Meta Ads,52295,106,81.87,69.0,0.0,0.0,1.1865217391304348,0.2026962424705995
2025-11-23,CS,CS,Meta Ads,263270,828,445.96,381.0,0.0,0.0,1.170498687664042,0.3145060204352945
2025-11-23,BS,BS,Meta Ads,41706,422,100.07000000000001,324.0,0.0,0.0,0.30885802469135804,1.0118448184913442
2025-11-23,GERAL,GERAL,Google Ads,166629,5381,963.3306829999999,4741.282150999999,69.0,0.07162649463745982,0.2031793621049995,3.2293298285412506
2025-11-24,GS,GS,Meta Ads,258619,375,436.14,265.0,0.0,0.0,1.645811320754717,0.14500094733952262
2025-11-24,NK,NK,Meta Ads,122923,253,218.98000000000002,166.0,0.0,0.0,1.3191566265060242,0.20581990351683574
2025-11-24,NR,NR,Meta Ads,160534,296,298.65999999999997,195.0,0.0,0.0,1.5315897435897434,0.1843846163429554
2025-11-24,NS,NS,Meta Ads,109115,313,190.31,199.0,0.0,0.0,0.9563316582914573,0.2868533198918572
2025-11-24,BS,BS,Meta Ads,76828,1005,218.66,714.0,0.0,0.0,0.30624649859943975,1.3081168324048524
2025-11-24,GERAL,GERAL,Google Ads,97062,2764,672.1126339999998,3126.643917,47.0,0.06992875542345484,0.2149629608749591,2.8476643794687932
2025-11-24,CS,CS,Meta Ads,223528,681,381.96999999999997,305.0,0.0,0.0,1.2523606557377047,0.3046598189041194
2025-11-24,Nacoes Shopping,Nacoes Shopping,TikTok Ads,12954,850,62.32,0.0,0.0,0.0,0.0,6.561679790026247
2025-11-25,GS,GS,Meta Ads,407207,651,829.86,504.0,0.0,0.0,1.6465476190476191,0.15986955037609865
2025-11-25,Nacoes Shopping,Nacoes Shopping,TikTok Ads,29275,790,105.0,0.0,0.0,0.0,0.0,2.6985482493595216
2025-11-25,GERAL,GERAL,Google Ads,99133,2353,706.800631,2883.690938,42.0,0.05942269737447363,0.24510276801376135,2.37357892931718
2025-11-25,BS,BS,Meta Ads,80917,979,278.06,795.0,0.0,0.0,0.3497610062893082,1.2098817306622835
2025-11-25,CS,CS,Meta Ads,223430,757,449.90000000000003,379.0,0.0,0.0,1.187071240105541,0.33880857539274045
2025-11-25,NS,NS,Meta Ads,127585,258,235.95000000000002,161.0,0.0,0.0,1.4655279503105592,0.2022181290904103
2025-11-25,NK,NK,Meta Ads,110264,258,219.11,184.0,0.0,0.0,1.1908152173913045,0.2339838932017703
2025-11-25,NR,NR,Meta Ads,157995,365,325.14,229.0,0.0,0.0,1.419825327510917,0.23101996898636032
2025-11-26,NR,NR,Meta Ads,331451,763,761.17,439.0,0.0,0.0,1.7338724373576309,0.2301999390558484
2025-11-26,NK,NK,Meta Ads,222505,358,491.74999999999994,258.0,0.0,0.0,1.9060077519379843,0.16089526078065663
2025-11-26,GS,GS,Meta Ads,348025,640,835.35,464.0,0.0,0.0,1.800323275862069,0.18389483514115365
2025-11-26,CS,CS,Meta Ads,233512,1032,556.9100000000001,527.0,0.0,0.0,1.056755218216319,0.4419473089177429
2025-11-26,BS,BS,Meta Ads,75791,937,274.64,755.0,0.0,0.0,0.3637615894039735,1.2362945468459314
2025-11-26,GERAL,GERAL,Google Ads,114322,2726,775.428828,3409.0698709999997,31.0,0.03997787918196923,0.22746052657833601,2.3844929234967895
2025-11-26,Nacoes Shopping,Nacoes Shopping,TikTok Ads,35751,811,120.58000000000001,0.0,0.0,0.0,0.0,2.268468014880703
2025-11-26,NS,NS,Meta Ads,112110,249,223.99,138.0,0.0,0.0,1.6231159420289856,0.2221032914102221
2025-11-27,NK,NK,Meta Ads,267860,480,683.1500000000001,332.0,0.0,0.0,2.0576807228915666,0.1791980885537221
2025-11-27,NR,NR,Meta Ads,349545,873,873.28,453.0,0.0,0.0,1.9277704194260485,0.24975325065442217
2025-11-27,NS,NS,Meta Ads,101976,231,263.73,136.0,0.0,0.0,1.9391911764705885,0.22652388797364084
2025-11-27,CS,CS,Meta Ads,245166,721,578.6400000000001,351.0,0.0,0.0,1.6485470085470089,0.2940864557075614
2025-11-27,GS,GS,Meta Ads,315765,635,886.39,484.0,0.0,0.0,1.8313842975206611,0.20109891849951705
2025-11-27,GERAL,GERAL,Google Ads,138095,2645,824.313836,4118.676855,42.0,0.050951467955221846,0.200140449231723,1.9153481299105688
2025-11-27,Nacoes Shopping,Nacoes Shopping,TikTok Ads,34901,696,131.9,0.0,0.0,0.0,0.0,1.9942122002234892
2025-11-27,BS,BS,Meta Ads,72231,817,275.73,643.0,0.0,0.0,0.4288180404354588,1.131093297891487
2025-11-28,BS,BS,Meta Ads,63424,763,279.54,633.0,0.0,0.0,0.44161137440758297,1.2030146316851664
2025-11-28,CS,CS,Meta Ads,201298,513,522.77,236.0,0.0,0.0,2.2151271186440677,0.25484604914107445
2025-11-28,NS,NS,Meta Ads,91165,224,275.71,121.0,0.0,0.0,2.2785950413223137,0.2457083310480996
2025-11-28,GS,GS,Meta Ads,278020,552,914.3299999999999,418.0,0.0,0.0,2.1873923444976073,0.19854686713186104
2025-11-28,GERAL,GERAL,Google Ads,141225,2330,855.6165080000001,4173.396957,37.0,0.043243672432743664,0.2050168044918139,1.649849530890423
2025-11-28,NR,NR,Meta Ads,312303,732,902.63,364.0,0.0,0.0,2.479752747252747,0.2343877580426701
2025-11-28,NK,NK,Meta Ads,258938,578,998.4499999999999,433.0,0.0,0.0,2.305889145496536,0.22321945793973846
2025-11-28,Nacoes Shopping,Nacoes Shopping,TikTok Ads,30427,716,125.88,0.0,0.0,0.0,0.0,2.3531731685673907
2025-11-29,NK,NK,Meta Ads,202448,491,799.26,367.0,0.0,0.0,2.1778201634877385,0.242531415474591
2025-11-29,GS,GS,Meta Ads,290786,608,900.0600000000002,456.0,0.0,0.0,1.9738157894736845,0.20908847055910534
2025-11-29,CS,CS,Meta Ads,215910,706,553.4,302.0,0.0,0.0,1.8324503311258278,0.3269880968922236
2025-11-29,BS,BS,Meta Ads,35634,474,217.82,400.0,0.0,0.0,0.54455,1.3301902677218387
2025-11-29,GERAL,GERAL,Google Ads,139677,3394,811.895117,4949.578003,49.0,0.06035262310858312,0.16403319970064126,2.4298918218461165
2025-11-29,Nacoes Shopping,Nacoes Shopping,TikTok Ads,33029,884,128.63,0.0,0.0,0.0,0.0,2.676435859396288
2025-11-29,NR,NR,Meta Ads,381235,931,1059.39,548.0,0.0,0.0,1.9331934306569345,0.2442063294293546
2025-11-29,NS,NS,Meta Ads,113939,304,325.94,182.0,0.0,0.0,1.7908791208791208,0.2668094331177209
2025-11-30,BS,BS,Meta Ads,33491,293,103.3,220.0,0.0,0.0,0.46954545454545454,0.874861903197874
2025-11-30,CS,CS,Meta Ads,124925,616,299.52,255.0,0.0,0.0,1.1745882352941175,0.4930958575145087
2025-11-30,NK,NK,Meta Ads,87729,318,192.73,197.0,0.0,0.0,0.9783248730964467,0.36247990972198474
2025-11-30,NR,NR,Meta Ads,200458,569,475.76,384.0,0.0,0.0,1.2389583333333334,0.2838499835376987
2025-11-30,NS,NS,Meta Ads,76112,241,177.25,173.0,0.0,0.0,1.0245664739884393,0.31663863779693086
2025-11-30,GS,GS,Meta Ads,161457,387,408.35,275.0,0.0,0.0,1.484909090909091,0.23969230197513888
2025-11-30,GERAL,GERAL,Google Ads,154704,3596,825.927913,4800.433402,61.0,0.07385632455310903,0.1720527802043654,2.3244389285344913
2025-11-30,Nacoes Shopping,Nacoes Shopping,TikTok Ads,19422,1015,79.69000000000001,0.0,0.0,0.0,0.0,5.226032334466069
2025-12-01,BS,BS,Meta Ads,32770,221,71.75,173.0,0.0,0.0,0.4147398843930636,0.6743973146170278
2025-12-01,Nacoes Shopping,Nacoes Shopping,TikTok Ads,19609,968,69.13,0.0,0.0,0.0,0.0,4.936508745983987
2025-12-01,NS,NS,Meta Ads,75420,326,128.68,238.0,0.0,0.0,0.540672268907563,0.43224608857067087
2025-12-01,NR,NR,Meta Ads,101807,257,188.15,179.0,0.0,0.0,1.0511173184357543,0.2524384374355398
2025-12-01,NK,NK,Meta Ads,72291,301,137.85999999999999,183.0,0.0,0.0,0.7533333333333333,0.4163727158290797
2025-12-01,GS,GS,Meta Ads,59093,183,96.92000000000002,149.0,0.0,0.0,0.6504697986577183,0.30968134973685546
2025-12-01,GERAL,GERAL,Google Ads,148677,2523,780.558599,3725.6142930000005,34.0,0.04355854902317206,0.20951138191266325,1.696967251155189
2025-12-01,CS,CS,Meta Ads,34467,219,66.64,128.0,0.0,0.0,0.520625,0.6353903734006441
2025-12-02,NK,NK,Meta Ads,67691,275,125.12000000000002,179.0,0.0,0.0,0.6989944134078213,0.40625784816297583
2025-12-02,GS,GS,Meta Ads,87190,210,142.03,151.0,0.0,0.0,0.9405960264900662,0.2408533088656956
2025-12-02,CS,CS,Meta Ads,31021,192,58.75,129.0,0.0,0.0,0.45542635658914726,0.618935559782083
2025-12-02,BS,BS,Meta Ads,29888,154,55.9,128.0,0.0,0.0,0.43671875,0.5152569593147751
2025-12-02,GERAL,GERAL,Google Ads,139029,1297,994.3635459999999,2915.926926,6.0,0.006034010422180139,0.3410111334182316,0.9328988915981558
2025-12-02,Nacoes Shopping,Nacoes Shopping,TikTok Ads,19715,1040,72.75,0.0,0.0,0.0,0.0,5.275171189449657
2025-12-02,NR,NR,Meta Ads,0,0,0.0,0.0,0.0,0.0,0.0,0.0
2025-12-02,NS,NS,Meta Ads,92574,251,162.31,199.0,0.0,0.0,0.8156281407035176,0.2711344437963143
2025-12-03,BS,BS,Meta Ads,37180,181,67.05,146.0,0.0,0.0,0.4592465753424657,0.486820871436256
2025-12-03,GS,GS,Meta Ads,96272,260,160.51999999999998,180.0,0.0,0.0,0.8917777777777777,0.27006814026923714
2025-12-03,NK,NK,Meta Ads,69145,214,125.57000000000001,140.0,0.0,0.0,0.8969285714285715,0.30949454045845687
2025-12-03,Nacoes Shopping,Nacoes Shopping,TikTok Ads,23820,1024,76.28999999999999,0.0,0.0,0.0,0.0,4.298908480268682
2025-12-03,NR,NR,Meta Ads,0,0,0.0,0.0,0.0,0.0,0.0,0.0
2025-12-03,NS,NS,Meta Ads,86844,272,159.07,199.0,0.0,0.0,0.7993467336683416,0.313205287642209
2025-12-03,CS,CS,Meta Ads,30508,219,63.540000000000006,138.0,0.0,0.0,0.4604347826086957,0.7178444998033303
2025-12-03,GERAL,GERAL,Google Ads,110813,1187,897.0128779999999,2580.933798,5.0,0.005574055983619893,0.3475536174911217,1.0711739597339662
2025-12-04,Nacoes Shopping,Nacoes Shopping,TikTok Ads,29208,1037,91.14,0.0,0.0,0.0,0.0,3.5503971514653516
2025-12-04,NS,NS,Meta Ads,89007,311,169.81,206.0,0.0,0.0,0.8243203883495146,0.34941072050512884
2025-12-04,GERAL,GERAL,Google Ads,106376,1541,911.620897,2300.814711,5.0,0.005484736052512846,0.3962165630468276,1.4486350304579982
2025-12-04,NK,NK,Meta Ads,69864,257,128.65,172.0,0.0,0.0,0.7479651162790698,0.3678575518149548
2025-12-04,BS,BS,Meta Ads,45915,187,82.21000000000001,159.0,0.0,0.0,0.5170440251572328,0.40727431122726776
2025-12-04,CS,CS,Meta Ads,49154,223,95.65,147.0,0.0,0.0,0.6506802721088436,0.45367620132644343
2025-12-04,GS,GS,Meta Ads,109167,247,181.56,164.0,0.0,0.0,1.1070731707317074,0.22625885111801186
2025-12-05,NS,NS,Meta Ads,92474,325,183.5,215.0,0.0,0.0,0.8534883720930233,0.35145013733589986
2025-12-05,NK,NK,Meta Ads,87379,267,163.93,164.0,0.0,0.0,0.9995731707317074,0.3055654104533126
2025-12-05,GS,GS,Meta Ads,114319,244,184.16,196.0,0.0,0.0,0.9395918367346938,0.21343783623019794
2025-12-05,CS,CS,Meta Ads,99063,326,191.38,200.0,0.0,0.0,0.9569,0.3290835125122397
2025-12-05,BS,BS,Meta Ads,50500,202,82.49,168.0,0.0,0.0,0.4910119047619047,0.4
2025-12-05,Nacoes Shopping,Nacoes Shopping,TikTok Ads,27808,905,91.44,0.0,0.0,0.0,0.0,3.2544591484464904
2025-12-05,GERAL,GERAL,Google Ads,81735,1418,872.430279,2076.6266259999998,10.0,0.011462233992454083,0.42011898917066093,1.734874900593381
2025-12-06,BS,BS,Meta Ads,48257,198,90.7,164.0,0.0,0.0,0.5530487804878049,0.41030316845224524
2025-12-06,CS,CS,Meta Ads,110252,318,215.8,200.0,0.0,0.0,1.079,0.2884301418568371
2025-12-06,Nacoes Shopping,Nacoes Shopping,TikTok Ads,26033,1018,97.27,0.0,0.0,0.0,0.0,3.9104213882380057
2025-12-06,NK,NK,Meta Ads,121706,386,224.71,239.0,0.0,0.0,0.9402092050209205,0.31715774078517084
2025-12-06,GERAL,GERAL,Google Ads,84429,1819,967.574607,2377.72976,11.0,0.011368632372552537,0.40693211788710587,2.154472989138803
2025-12-06,NR,NR,Meta Ads,216632,420,427.1,286.0,0.0,0.0,1.4933566433566434,0.1938771741940249
2025-12-06,NS,NS,Meta Ads,101033,393,203.30999999999997,263.0,0.0,0.0,0.7730418250950569,0.3889818178218998
2025-12-06,GS,GS,Meta Ads,116125,270,205.04,199.0,0.0,0.0,1.03035175879397,0.232508073196986
2025-12-07,GS,GS,Meta Ads,102071,322,172.92000000000002,242.0,0.0,0.0,0.7145454545454546,0.31546668495459046
2025-12-07,CS,CS,Meta Ads,54855,250,111.35999999999999,169.0,0.0,0.0,0.6589349112426035,0.45574696928265424
2025-12-07,BS,BS,Meta Ads,52465,177,91.43,149.0,0.0,0.0,0.6136241610738256,0.33736776898884974
2025-12-07,NS,NS,Meta Ads,93421,374,170.63,229.0,0.0,0.0,0.7451091703056768,0.4003382537116922
2025-12-07,GERAL,GERAL,Google Ads,87264,1886,992.087021,2201.02844,10.0,0.010079760936616467,0.45073793821582786,2.1612577924459115
2025-12-07,NK,NK,Meta Ads,136059,488,235.01,291.0,0.0,0.0,0.807594501718213,0.3586679308241278
2025-12-07,Nacoes Shopping,Nacoes Shopping,TikTok Ads,26315,848,94.33,0.0,0.0,0.0,0.0,3.2224966749002473
2025-12-07,NR,NR,Meta Ads,146561,448,280.41999999999996,293.0,0.0,0.0,0.9570648464163821,0.30567477023219003
2025-12-08,NS,NS,Meta Ads,68842,329,127.58000000000001,196.0,0.0,0.0,0.6509183673469389,0.4779059295197699
2025-12-08,NK,NK,Meta Ads,144018,358,225.21000000000004,255.0,0.0,0.0,0.8831764705882355,0.24858003860628533
2025-12-08,NR,NR,Meta Ads,237972,543,403.46,368.0,0.0,0.0,1.0963586956521738,0.22817810498714136
2025-12-08,CS,CS,Meta Ads,30023,210,61.69,125.0,0.0,0.0,0.49351999999999996,0.6994637444625788
2025-12-08,GS,GS,Meta Ads,81242,243,135.85,166.0,0.0,0.0,0.8183734939759035,0.2991063735506265
2025-12-08,GERAL,GERAL,Google Ads,90369,1480,860.054944,2020.638235,13.0,0.01511531337700211,0.4256352914157343,1.637729752459361
2025-12-08,Nacoes Shopping,Nacoes Shopping,TikTok Ads,29389,1057,99.44,0.0,0.0,0.0,0.0,3.5965837558270106
2025-12-08,BS,BS,Meta Ads,50320,177,82.66,146.0,0.0,0.0,0.5661643835616438,0.35174880763116056
2025-12-09,Nacoes Shopping,Nacoes Shopping,TikTok Ads,30672,1027,94.18,0.0,0.0,0.0,0.0,3.3483307250912886
2025-12-09,NK,NK,Meta Ads,141080,382,235.10999999999999,246.0,0.0,0.0,0.9557317073170731,0.2707683583782251
2025-12-09,BS,BS,Meta Ads,45622,178,81.2,149.0,0.0,0.0,0.5449664429530201,0.39016264083117796
2025-12-09,CS,CS,Meta Ads,30261,214,59.519999999999996,130.0,0.0,0.0,0.4578461538461538,0.7071808598526156
2025-12-09,GS,GS,Meta Ads,128907,302,208.81,215.0,0.0,0.0,0.9712093023255814,0.23427742481013444
2025-12-09,GERAL,GERAL,Google Ads,87098,1645,900.962751,1927.0564359999998,16.0,0.017758780795589183,0.46753314234539634,1.888677122321982
2025-12-09,NR,NR,Meta Ads,308892,659,549.27,428.0,0.0,0.0,1.283341121495327,0.21334317496082772
2025-12-09,NS,NS,Meta Ads,66077,336,126.44000000000001,204.0,0.0,0.0,0.6198039215686275,0.5084976618187872
2025-12-10,GERAL,GERAL,Google Ads,86227,1231,1001.6534869999999,1712.237237,5.0,0.0049917462125302825,0.5849969065939663,1.4276270773655584
2025-12-10,NS,NS,Meta Ads,76543,407,152.6,235.0,0.0,0.0,0.6493617021276595,0.531727264413467
2025-12-10,NR,NR,Meta Ads,280162,591,516.7,391.0,0.0,0.0,1.3214833759590794,0.21094937928769786
2025-12-10,Nacoes Shopping,Nacoes Shopping,TikTok Ads,30615,744,93.45,0.0,0.0,0.0,0.0,2.430181283684468
2025-12-10,GS,GS,Meta Ads,141274,335,250.7,255.0,0.0,0.0,0.9831372549019607,0.23712785084304258
2025-12-10,CS,CS,Meta Ads,34999,255,83.66999999999999,169.0,0.0,0.0,0.49508875739644964,0.7285922454927284
2025-12-10,BS,BS,Meta Ads,48851,235,101.83,206.0,0.0,0.0,0.49432038834951453,0.48105463552434957
2025-12-10,NK,NK,Meta Ads,111703,429,199.6,273.0,0.0,0.0,0.7311355311355311,0.38405414357716444
2025-12-11,GERAL,GERAL,Google Ads,90171,1333,1092.9019690000002,1882.4818129999999,10.0,0.009149951490296928,0.5805644237583932,1.4783023366714354
2025-12-11,NS,NS,Meta Ads,84037,438,181.01999999999998,283.0,0.0,0.0,0.6396466431095406,0.5211989956804741
2025-12-11,NK,NK,Meta Ads,110304,479,213.91,289.0,0.0,0.0,0.7401730103806228,0.43425442413693066
2025-12-11,Nacoes Shopping,Nacoes Shopping,TikTok Ads,28815,767,94.49,0.0,0.0,0.0,0.0,2.661808086066285
2025-12-11,GS,GS,Meta Ads,141208,391,278.77,317.0,0.0,0.0,0.8794006309148265,0.2768964931165373
2025-12-11,CS,CS,Meta Ads,60677,325,128.45,214.0,0.0,0.0,0.600233644859813,0.5356230532162104
2025-12-11,BS,BS,Meta Ads,220050,515,427.31,441.0,0.0,0.0,0.9689569160997733,0.23403771870029538
2025-12-11,NR,NR,Meta Ads,201913,460,396.05,299.0,0.0,0.0,1.324581939799331,0.22782089315695375
2025-12-12,BS,BS,Meta Ads,277802,597,555.8799999999999,494.0,0.0,0.0,1.1252631578947365,0.2149012606100748
2025-12-12,CS,CS,Meta Ads,79182,419,175.99,253.0,0.0,0.0,0.6956126482213439,0.5291606678285469
2025-12-12,NK,NK,Meta Ads,113720,546,228.67,329.0,0.0,0.0,0.6950455927051671,0.4801266268026732
2025-12-12,NR,NR,Meta Ads,194775,544,387.30999999999995,362.0,0.0,0.0,1.069917127071823,0.27929662431010144
2025-12-12,NS,NS,Meta Ads,90764,463,190.33,318.0,0.0,0.0,0.5985220125786164,0.5101141421709048
2025-12-12,GERAL,GERAL,Google Ads,89986,1537,1189.2551549999998,2307.0206820000003,12.0,0.01009034936661679,0.5154939287189275,1.7080434734292
2025-12-12,Nacoes Shopping,Nacoes Shopping,TikTok Ads,29014,1258,101.73,0.0,0.0,0.0,0.0,4.335837871372441
2025-12-12,GS,GS,Meta Ads,123964,407,257.45,316.0,0.0,0.0,0.8147151898734177,0.32832112548804493
2025-12-13,GERAL,GERAL,Google Ads,94979,1655,1123.715538,2354.753443,5.0,0.004449524662530741,0.47721154897999224,1.7424904452563197
2025-12-13,Nacoes Shopping,Nacoes Shopping,TikTok Ads,29979,937,92.53999999999999,0.0,0.0,0.0,0.0,3.1255211981720534
2025-12-13,BS,BS,Meta Ads,207605,614,417.41999999999996,518.0,0.0,0.0,0.8058301158301158,0.29575395582958025
2025-12-13,GS,GS,Meta Ads,135797,485,280.19,385.0,0.0,0.0,0.7277662337662337,0.3571507470709957
2025-12-13,NS,NS,Meta Ads,98019,538,207.52,355.0,0.0,0.0,0.5845633802816902,0.5488731776492313
2025-12-13,NR,NR,Meta Ads,178329,551,356.96,369.0,0.0,0.0,0.9673712737127371,0.3089794705291904
2025-12-13,CS,CS,Meta Ads,99375,463,200.89,302.0,0.0,0.0,0.6651986754966887,0.46591194968553457
2025-12-13,NK,NK,Meta Ads,102533,574,203.42,349.0,0.0,0.0,0.5828653295128939,0.5598197653438405
2025-12-14,NR,NR,Meta Ads,115937,471,218.54000000000005,297.0,0.0,0.0,0.7358249158249159,0.4062551213158871
2025-12-14,NS,NS,Meta Ads,110813,547,207.04000000000002,374.0,0.0,0.0,0.5535828877005348,0.4936243942497721
2025-12-14,GS,GS,Meta Ads,89026,428,186.69,330.0,0.0,0.0,0.5657272727272727,0.48075843012153746
2025-12-14,CS,CS,Meta Ads,107890,523,207.20999999999998,317.0,0.0,0.0,0.6536593059936908,0.4847529891556215
2025-12-14,Nacoes Shopping,Nacoes Shopping,TikTok Ads,30583,1142,92.57000000000001,0.0,0.0,0.0,0.0,3.73410064414871
2025-12-14,NK,NK,Meta Ads,96036,567,175.7,340.0,0.0,0.0,0.5167647058823529,0.5904035986505061
2025-12-14,BS,BS,Meta Ads,96812,493,204.94,422.0,0.0,0.0,0.48563981042654025,0.5092343924306905
2025-12-14,GERAL,GERAL,Google Ads,99010,2047,1139.4922729999998,2264.69335,6.0,0.005265503015833089,0.503155216577114,2.0674679325320673
2025-12-15,GERAL,GERAL,Google Ads,103713,1581,923.8769209999999,2043.410014,9.0,0.009741557338891465,0.45212508242117283,1.524399062798299
2025-12-15,NR,NR,Meta Ads,98798,431,166.85999999999999,275.0,0.0,0.0,0.6067636363636363,0.4362436486568554
2025-12-15,NK,NK,Meta Ads,137373,552,251.89000000000001,366.0,0.0,0.0,0.688224043715847,0.4018256862702278
2025-12-15,GS,GS,Meta Ads,68266,360,144.0,275.0,0.0,0.0,0.5236363636363637,0.5273488998916005
2025-12-15,NS,NS,Meta Ads,138563,517,252.48000000000002,353.0,0.0,0.0,0.7152407932011332,0.3731154781579498
2025-12-15,BS,BS,Meta Ads,63632,336,144.75,287.0,0.0,0.0,0.5043554006968641,0.5280362081971335
2025-12-15,Nacoes Shopping,Nacoes Shopping,TikTok Ads,30421,964,88.06,0.0,0.0,0.0,0.0,3.168863613950889
2025-12-15,CS,CS,Meta Ads,114788,633,206.22,459.0,0.0,0.0,0.44928104575163397,0.5514513712234728
2025-12-16,GERAL,GERAL,Google Ads,93206,1592,940.7552689999999,1862.469745,12.0,0.012755708519980664,0.5051117053179298,1.7080445464884235
2025-12-16,BS,BS,Meta Ads,59221,343,141.96,284.0,0.0,0.0,0.4998591549295775,0.5791864372435453
2025-12-16,CS,CS,Meta Ads,141347,1009,273.25,718.0,0.0,0.0,0.38057103064066855,0.7138460667718451
2025-12-16,GS,GS,Meta Ads,85833,384,170.28999999999996,275.0,0.0,0.0,0.6192363636363635,0.44738037817622595
2025-12-16,NK,NK,Meta Ads,173348,561,307.82,376.0,0.0,0.0,0.8186702127659574,0.32362646237626047
2025-12-16,NR,NR,Meta Ads,104234,348,181.16,210.0,0.0,0.0,0.8626666666666667,0.33386419018746283
2025-12-16,NS,NS,Meta Ads,170961,522,310.81,364.0,0.0,0.0,0.8538736263736264,0.30533279519890505
2025-12-16,Nacoes Shopping,Nacoes Shopping,TikTok Ads,28378,1030,84.94,0.0,0.0,0.0,0.0,3.6295722038198606
2025-12-17,Nacoes Shopping,Nacoes Shopping,TikTok Ads,28140,839,83.48,0.0,0.0,0.0,0.0,2.9815209665955935
2025-12-17,NS,NS,Meta Ads,181684,485,322.24,303.0,0.0,0.0,1.0634983498349835,0.26694700689108564
2025-12-17,NR,NR,Meta Ads,82188,348,139.43,233.0,0.0,0.0,0.598412017167382,0.4234194772959556
2025-12-17,CS,CS,Meta Ads,148877,953,312.46999999999997,732.0,0.0,0.0,0.4268715846994535,0.6401257413838268
2025-12-17,GS,GS,Meta Ads,94019,390,192.01,301.0,0.0,0.0,0.6379069767441861,0.41480977249279405
2025-12-17,GERAL,GERAL,Google Ads,86164,1195,775.716987,1493.358334,9.0,0.011602169542279212,0.5194446432171583,1.3868901165219814
2025-12-17,NK,NK,Meta Ads,183591,655,326.33,429.0,0.0,0.0,0.7606759906759907,0.35677130142545116
2025-12-17,BS,BS,Meta Ads,55817,306,136.54999999999998,260.0,0.0,0.0,0.5251923076923076,0.5482200763208341
2025-12-18,GERAL,GERAL,Google Ads,49870,1116,645.147084,1383.041667,10.0,0.015500341314415677,0.4664697379648794,2.237818327651895
2025-12-18,Nacoes Shopping,Nacoes Shopping,TikTok Ads,25010,838,80.14,0.0,0.0,0.0,0.0,3.350659736105558
2025-12-18,NR,NR,Meta Ads,62446,360,119.11000000000001,215.0,0.0,0.0,0.554,0.5764980943535215
2025-12-18,NK,NK,Meta Ads,171006,581,311.46999999999997,359.0,0.0,0.0,0.8676044568245125,0.3397541606727249
2025-12-18,BS,BS,Meta Ads,57293,366,144.45999999999998,299.0,0.0,0.0,0.48314381270903,0.6388214965178992
2025-12-18,CS,CS,Meta Ads,152687,575,294.28,435.0,0.0,0.0,0.6765057471264367,0.37658739774833483
2025-12-18,GS,GS,Meta Ads,90151,301,182.72000000000003,233.0,0.0,0.0,0.784206008583691,0.3338842608512385
2025-12-18,NS,NS,Meta Ads,186863,637,346.33000000000004,349.0,0.0,0.0,0.9923495702005731,0.3408914552372594
2025-12-19,NS,NS,Meta Ads,198376,712,373.04999999999995,470.0,0.0,0.0,0.7937234042553191,0.35891438480461346
2025-12-19,Nacoes Shopping,Nacoes Shopping,TikTok Ads,25731,996,83.03,0.0,0.0,0.0,0.0,3.870817302086977
2025-12-19,BS,BS,Meta Ads,59681,356,148.05,315.0,0.0,0.0,0.47000000000000003,0.5965047502555252
2025-12-19,NK,NK,Meta Ads,169484,465,316.71,319.0,0.0,0.0,0.99282131661442,0.2743621816808666
2025-12-19,GS,GS,Meta Ads,98695,257,203.26000000000002,217.0,0.0,0.0,0.9366820276497697,0.26039819646385326
2025-12-19,CS,CS,Meta Ads,197071,701,414.53999999999996,543.0,0.0,0.0,0.7634254143646408,0.3557093636303667
2025-12-19,GERAL,GERAL,Google Ads,47255,1219,636.7628659999999,1708.837662,10.0,0.015704433367507334,0.37262923223189115,2.579621204105386
2025-12-19,NR,NR,Meta Ads,96934,370,173.89000000000001,223.0,0.0,0.0,0.7797757847533633,0.3817030144221842
2025-12-20,BS,BS,Meta Ads,71837,473,170.25,408.0,0.0,0.0,0.4172794117647059,0.6584350682795774
2025-12-20,CS,CS,Meta Ads,232603,887,471.71000000000004,729.0,0.0,0.0,0.6470644718792867,0.3813364402006853
2025-12-20,GS,GS,Meta Ads,113260,322,226.46,266.0,0.0,0.0,0.8513533834586466,0.2843016069221261
2025-12-20,NK,NK,Meta Ads,207541,658,366.68,450.0,0.0,0.0,0.8148444444444445,0.3170457885429867
2025-12-20,NR,NR,Meta Ads,133894,466,226.23,292.0,0.0,0.0,0.7747602739726027,0.3480365064902087
2025-12-20,NS,NS,Meta Ads,223641,827,410.18,573.0,0.0,0.0,0.715846422338569,0.36978908160847074
2025-12-20,Nacoes Shopping,Nacoes Shopping,TikTok Ads,25104,858,82.64,0.0,0.0,0.0,0.0,3.4177820267686427
2025-12-20,GERAL,GERAL,Google Ads,55912,1594,677.9542749999999,2074.678242,12.0,0.017700308770823816,0.32677562297392615,2.8509085706109603
2025-12-21,NK,NK,Meta Ads,227842,653,354.21,468.0,0.0,0.0,0.7568589743589743,0.28660211901229804
2025-12-21,GS,GS,Meta Ads,130094,342,227.61,287.0,0.0,0.0,0.7930662020905924,0.26288683567266746
2025-12-21,NS,NS,Meta Ads,204200,819,361.5,603.0,0.0,0.0,0.599502487562189,0.40107737512242897
2025-12-21,CS,CS,Meta Ads,253858,929,409.56000000000006,753.0,0.0,0.0,0.5439043824701196,0.3659526191808019
2025-12-21,BS,BS,Meta Ads,67373,468,157.20999999999998,404.0,0.0,0.0,0.3891336633663366,0.6946402861680495
2025-12-21,Nacoes Shopping,Nacoes Shopping,TikTok Ads,27991,799,82.57,0.0,0.0,0.0,0.0,2.8544889428744953
2025-12-21,GERAL,GERAL,Google Ads,53012,1728,623.640886,2040.5928119999999,22.0,0.035276712117300144,0.30561750601716814,3.259639326944843
2025-12-21,NR,NR,Meta Ads,102526,531,159.73999999999998,277.0,0.0,0.0,0.5766787003610108,0.5179174063164466
2025-12-22,Nacoes Shopping,Nacoes Shopping,TikTok Ads,26926,976,81.74,0.0,0.0,0.0,0.0,3.6247493129317387
2025-12-22,GERAL,GERAL,Google Ads,49797,1629,585.001758,2139.9495779999997,5.0,0.00854698286222928,0.2733717485749097,3.2712814024941266
2025-12-22,NR,NR,Meta Ads,77506,399,114.06,218.0,0.0,0.0,0.523211009174312,0.5147988542822491
2025-12-22,NK,NK,Meta Ads,198024,604,312.81000000000006,394.0,0.0,0.0,0.7939340101522844,0.3050135337130853
2025-12-22,BS,BS,Meta Ads,65657,513,149.76999999999998,398.0,0.0,0.0,0.37630653266331654,0.7813332927182174
2025-12-22,CS,CS,Meta Ads,228556,789,384.15,622.0,0.0,0.0,0.617604501607717,0.3452108017291167
2025-12-22,NS,NS,Meta Ads,164546,767,286.90999999999997,534.0,0.0,0.0,0.5372846441947565,0.4661310514992768
2025-12-22,GS,GS,Meta Ads,115833,343,202.98999999999998,282.0,0.0,0.0,0.7198226950354609,0.29611596004592816
2025-12-23,CS,CS,Meta Ads,218316,738,428.61,619.0,0.0,0.0,0.6924232633279483,0.33804210410597485
2025-12-23,NR,NR,Meta Ads,66633,389,113.45,198.0,0.0,0.0,0.572979797979798,0.583794816382273
2025-12-23,NS,NS,Meta Ads,160781,689,280.39,493.0,0.0,0.0,0.5687423935091278,0.4285332222090919
2025-12-23,NK,NK,Meta Ads,187347,604,315.46,413.0,0.0,0.0,0.7638256658595641,0.32239640880291653
2025-12-23,BS,BS,Meta Ads,62213,462,145.23000000000002,379.0,0.0,0.0,0.38319261213720324,0.7426100654204105
2025-12-23,GS,GS,Meta Ads,108845,329,204.66000000000003,278.0,0.0,0.0,0.7361870503597123,0.3022646883182507
2025-12-23,GERAL,GERAL,Google Ads,56882,1884,648.912727,2368.5481529999997,9.0,0.01386935349782406,0.2739706710957462,3.312119827010302
2025-12-23,Nacoes Shopping,Nacoes Shopping,TikTok Ads,25875,779,81.88,0.0,0.0,0.0,0.0,3.010628019323671
2025-12-24,Nacoes Shopping,Nacoes Shopping,TikTok Ads,30440,866,79.94999999999999,0.0,0.0,0.0,0.0,2.844940867279895
2025-12-24,GERAL,GERAL,Google Ads,58920,1811,580.236183,1760.2464909999999,13.0,0.022404669651564974,0.3296334837005507,3.0736591989137816
2025-12-24,BS,BS,Meta Ads,67962,505,145.3,424.0,0.0,0.0,0.34268867924528307,0.7430622995203201
2025-12-24,GS,GS,Meta Ads,121717,332,209.78000000000003,279.0,0.0,0.0,0.751899641577061,0.27276387028927757
2025-12-24,NK,NK,Meta Ads,209985,679,331.02,456.0,0.0,0.0,0.7259210526315789,0.32335643022120625
2025-12-24,NR,NR,Meta Ads,74048,435,120.21000000000002,212.0,0.0,0.0,0.5670283018867925,0.5874567847882455
2025-12-24,NS,NS,Meta Ads,176128,803,288.41999999999996,544.0,0.0,0.0,0.5301838235294117,0.45591842296511625
2025-12-24,CS,CS,Meta Ads,245896,871,472.15,722.0,0.0,0.0,0.6539473684210526,0.35421478999251715
2025-12-25,CS,CS,Meta Ads,293244,1332,429.86,1077.0,0.0,0.0,0.39912720519962863,0.4542292425420469
2025-12-25,NK,NK,Meta Ads,183925,740,245.66000000000005,521.0,0.0,0.0,0.47151631477927075,0.40233790947397036
2025-12-25,BS,BS,Meta Ads,83952,735,143.51000000000002,609.0,0.0,0.0,0.23564860426929396,0.8755002858776444
2025-12-25,GS,GS,Meta Ads,147175,475,211.13,405.0,0.0,0.0,0.5213086419753087,0.32274503142517413
2025-12-25,NR,NR,Meta Ads,93979,519,113.72000000000001,281.0,0.0,0.0,0.4046975088967972,0.5522510348056481
2025-12-25,Nacoes Shopping,Nacoes Shopping,TikTok Ads,30600,1062,78.99000000000001,0.0,0.0,0.0,0.0,3.4705882352941178
2025-12-25,GERAL,GERAL,Google Ads,65310,1964,612.295396,1310.977577,12.0,0.019598383522713928,0.46705253144081804,3.007196447710917
2025-12-25,NS,NS,Meta Ads,196574,1043,260.85,710.0,0.0,0.0,0.36739436619718313,0.5305889893882202
2025-12-26,Nacoes Shopping,Nacoes Shopping,TikTok Ads,30730,1008,74.82,0.0,0.0,0.0,0.0,3.2801822323462417
2025-12-26,BS,BS,Meta Ads,79043,611,127.22999999999999,463.0,0.0,0.0,0.2747948164146868,0.7729969763293397
2025-12-26,CS,CS,Meta Ads,297720,1217,409.56,997.0,0.0,0.0,0.41079237713139416,0.4087733440816875
2025-12-26,GS,GS,Meta Ads,146246,441,198.26000000000002,364.0,0.0,0.0,0.5446703296703297,0.301546708969818
2025-12-26,NK,NK,Meta Ads,142962,651,192.67,435.0,0.0,0.0,0.44291954022988506,0.45536576153103625
2025-12-26,NR,NR,Meta Ads,91359,623,114.19000000000001,289.0,0.0,0.0,0.395121107266436,0.6819251524206701
2025-12-26,GERAL,GERAL,Google Ads,68207,2090,589.700545,2338.958639,10.0,0.016957759467561624,0.2521209803231583,3.0642016215344468
2025-12-26,NS,NS,Meta Ads,186007,842,231.51,565.0,0.0,0.0,0.40975221238938053,0.4526711360325149
2025-12-27,NS,NS,Meta Ads,174213,900,228.61,611.0,0.0,0.0,0.37415711947626845,0.5166089786640492
2025-12-27,NR,NR,Meta Ads,92332,622,118.44999999999999,271.0,0.0,0.0,0.43708487084870845,0.6736559372698523
2025-12-27,NK,NK,Meta Ads,149039,708,208.90999999999997,489.0,0.0,0.0,0.4272188139059304,0.4750434450043277
2025-12-27,GS,GS,Meta Ads,155325,437,218.44,353.0,0.0,0.0,0.6188101983002833,0.28134556574923547
2025-12-27,CS,CS,Meta Ads,370909,1253,512.48,1014.0,0.0,0.0,0.5054043392504931,0.33781871024968385
2025-12-27,BS,BS,Meta Ads,84420,650,134.99,513.0,0.0,0.0,0.2631384015594542,0.7699597251836058
2025-12-27,GERAL,GERAL,Google Ads,70983,2254,609.097408,2489.100001,10.0,0.01641773527297624,0.24470588074215344,3.175408196328698
2025-12-27,Nacoes Shopping,Nacoes Shopping,TikTok Ads,33573,1431,85.52,0.0,0.0,0.0,0.0,4.262353677061925
2025-12-28,BS,BS,Meta Ads,84833,647,134.96,536.0,0.0,0.0,0.2517910447761194,0.7626749024554124
2025-12-28,CS,CS,Meta Ads,379757,1350,527.71,1093.0,0.0,0.0,0.4828087831655993,0.35549048470469274
2025-12-28,GS,GS,Meta Ads,159548,408,218.19000000000003,327.0,0.0,0.0,0.6672477064220185,0.2557224158247048
2025-12-28,NR,NR,Meta Ads,100943,614,122.83999999999999,256.0,0.0,0.0,0.47984374999999996,0.6082640698215824
2025-12-28,NS,NS,Meta Ads,159028,794,210.26,559.0,0.0,0.0,0.37613595706618963,0.4992831451065221
2025-12-28,Nacoes Shopping,Nacoes Shopping,TikTok Ads,32098,1527,83.09,0.0,0.0,0.0,0.0,4.757305751137142
2025-12-28,NK,NK,Meta Ads,154976,664,211.4,484.0,0.0,0.0,0.43677685950413225,0.42845343795168284
2025-12-28,GERAL,GERAL,Google Ads,68465,2171,636.1927069999999,2186.143884,11.0,0.01729035853282738,0.291011360988717,3.170963265902286
2025-12-29,Nacoes Shopping,Nacoes Shopping,TikTok Ads,33576,1579,79.37,0.0,0.0,0.0,0.0,4.7027638789611625
2025-12-29,NS,NS,Meta Ads,149050,715,194.43,526.0,0.0,0.0,0.36963878326996197,0.4797047970479705
2025-12-29,NR,NR,Meta Ads,93853,596,113.02999999999999,234.0,0.0,0.0,0.48303418803418796,0.6350356408425943
2025-12-29,NK,NK,Meta Ads,145155,631,195.96,450.0,0.0,0.0,0.43546666666666667,0.4347077262236919
2025-12-29,GS,GS,Meta Ads,145583,422,200.34,345.0,0.0,0.0,0.5806956521739131,0.2898690094310462
2025-12-29,BS,BS,Meta Ads,79359,638,127.13999999999999,528.0,0.0,0.0,0.2407954545454545,0.8039415819251754
2025-12-29,GERAL,GERAL,Google Ads,70308,2493,635.075621,3000.125169,15.0,0.023619234472236184,0.21168304161512136,3.545826932923707
2025-12-29,CS,CS,Meta Ads,330490,1093,430.08000000000004,863.0,0.0,0.0,0.4983545770567787,0.3307210505612878
2025-12-30,NS,NS,Meta Ads,145808,734,194.62999999999997,488.0,0.0,0.0,0.3988319672131147,0.5034017337868979
2025-12-30,NR,NR,Meta Ads,90732,473,110.85999999999999,196.0,0.0,0.0,0.5656122448979591,0.521315522638099
2025-12-30,NK,NK,Meta Ads,139411,629,194.86,435.0,0.0,0.0,0.4479540229885058,0.4511839094476046
2025-12-30,GS,GS,Meta Ads,145086,387,201.55000000000004,303.0,0.0,0.0,0.6651815181518154,0.2667383482899798
2025-12-30,CS,CS,Meta Ads,307358,1148,444.12,905.0,0.0,0.0,0.4907403314917127,0.37350581406698374
2025-12-30,BS,BS,Meta Ads,77315,573,125.81,455.0,0.0,0.0,0.2765054945054945,0.7411239733557524
2025-12-30,Nacoes Shopping,Nacoes Shopping,TikTok Ads,29421,1634,73.63,0.0,0.0,0.0,0.0,5.553856089187995
2025-12-30,GERAL,GERAL,Google Ads,71516,2420,564.846728,3122.115073,10.0,0.017703917725447105,0.18091797220569647,3.3838581576150792
2025-12-31,Nacoes Shopping,Nacoes Shopping,TikTok Ads,21654,1094,50.26,0.0,0.0,0.0,0.0,5.05218435392999
2025-12-31,BS,BS,Meta Ads,88835,598,125.13999999999999,476.0,0.0,0.0,0.2628991596638655,0.6731581020993977
2025-12-31,NK,NK,Meta Ads,136439,656,172.03000000000003,458.0,0.0,0.0,0.37561135371179044,0.48080094401160955
2025-12-31,NR,NR,Meta Ads,109507,676,121.58999999999999,292.0,0.0,0.0,0.41640410958904106,0.6173121352972869
2025-12-31,NS,NS,Meta Ads,105682,642,137.22999999999996,445.0,0.0,0.0,0.30838202247191004,0.6074828258359986
2025-12-31,CS,CS,Meta Ads,194991,879,294.22999999999996,546.0,0.0,0.0,0.5388827838827838,0.45079003646322136
2025-12-31,GERAL,GERAL,Google Ads,64081,1890,485.82630099999994,1866.719378,8.0,0.016466790668873237,0.26025674063581716,2.9493921755278474
2025-12-31,GS,GS,Meta Ads,139537,410,181.44,340.0,0.0,0.0,0.5336470588235294,0.2938288769286999
2026-01-01,Nacoes Shopping,Nacoes Shopping,TikTok Ads,54,4,0.0,0.0,0.0,0.0,0.0,7.4074074074074066
2026-01-01,BS,BS,Meta Ads,142548,916,141.78,757.0,0.0,0.0,0.18729194187582562,0.642590565984791
2026-01-01,NS,NS,Meta Ads,136119,923,130.33999999999997,650.0,0.0,0.0,0.2005230769230769,0.6780831478338806
2026-01-01,NR,NR,Meta Ads,156776,806,114.14999999999999,377.0,0.0,0.0,0.3027851458885941,0.5141093024442517
2026-01-01,CS,CS,Meta Ads,253779,799,252.23,518.0,0.0,0.0,0.4869305019305019,0.31484086547744294
2026-01-01,GS,GS,Meta Ads,192902,546,179.60000000000002,468.0,0.0,0.0,0.3837606837606838,0.28304527687634135
2026-01-01,GERAL,GERAL,Google Ads,65012,2208,517.924883,1820.975094,6.0,0.011584691519831844,0.2844217280656558,3.396296068418138
2026-01-01,NK,NK,Meta Ads,179077,818,160.15,657.0,0.0,0.0,0.24375951293759512,0.4567867453665183
2026-01-02,Nacoes Shopping,Nacoes Shopping,TikTok Ads,5,2,0.0,0.0,0.0,0.0,0.0,40.0
2026-01-02,NS,NS,Meta Ads,109787,741,112.52,516.0,0.0,0.0,0.21806201550387597,0.674943299297731
2026-01-02,NR,NR,Meta Ads,131269,647,105.88,286.0,0.0,0.0,0.37020979020979017,0.4928810305555767
2026-01-02,GERAL,GERAL,Google Ads,255,12,5.3985330000000005,14.0,0.0,0.0,0.38560950000000005,4.705882352941177
2026-01-02,GS,GS,Meta Ads,155327,513,157.83,435.0,0.0,0.0,0.3628275862068966,0.3302709767136428
2026-01-02,CS,CS,Meta Ads,218529,724,257.34,448.0,0.0,0.0,0.5744196428571428,0.33130614243418494
2026-01-02,NK,NK,Meta Ads,140345,667,137.89000000000001,504.0,0.0,0.0,0.27359126984126986,0.4752574014036838
2026-01-02,BS,BS,Meta Ads,107515,761,118.51,641.0,0.0,0.0,0.1848829953198128,0.7078082128075153
2026-01-03,BS,BS,Meta Ads,119204,757,137.04000000000002,645.0,0.0,0.0,0.2124651162790698,0.6350458038320862
2026-01-03,NS,NS,Meta Ads,116212,793,131.32999999999998,592.0,0.0,0.0,0.2218412162162162,0.6823735930884934
2026-01-03,GERAL,GERAL,Google Ads,191,9,3.777585,10.0,0.0,0.0,0.3777585,4.712041884816754
2026-01-03,CS,CS,Meta Ads,239900,790,276.84000000000003,480.0,0.0,0.0,0.5767500000000001,0.32930387661525634
2026-01-03,GS,GS,Meta Ads,163303,534,179.32000000000002,443.0,0.0,0.0,0.4047855530474041,0.32699950398951644
2026-01-03,NR,NR,Meta Ads,138932,671,117.21999999999998,299.0,0.0,0.0,0.39204013377926417,0.48297008608527914
2026-01-03,NK,NK,Meta Ads,150847,687,159.19,549.0,0.0,0.0,0.28996357012750457,0.455428347928696
2026-01-03,Nacoes Shopping,Nacoes Shopping,TikTok Ads,3,0,0.0,0.0,0.0,0.0,0.0,0.0
2026-01-04,Nacoes Shopping,Nacoes Shopping,TikTok Ads,6,0,0.0,0.0,0.0,0.0,0.0,0.0
2026-01-04,CS,CS,Meta Ads,226879,699,279.45,470.0,0.0,0.0,0.5945744680851064,0.3080937415979443
2026-01-04,GS,GS,Meta Ads,159732,489,174.16,403.0,0.0,0.0,0.43215880893300246,0.30613778078281123
2026-01-04,NK,NK,Meta Ads,149532,724,155.29000000000002,576.0,0.0,0.0,0.26960069444444446,0.4841772998421742
2026-01-04,NR,NR,Meta Ads,136477,676,118.16000000000001,301.0,0.0,0.0,0.3925581395348838,0.4953215560131011
2026-01-04,NS,NS,Meta Ads,107199,725,123.71000000000001,555.0,0.0,0.0,0.22290090090090092,0.6763122790324536
2026-01-04,BS,BS,Meta Ads,108572,685,127.45,562.0,0.0,0.0,0.22677935943060498,0.6309177320119368
2026-01-05,BS,BS,Meta Ads,88353,656,121.91,556.0,0.0,0.0,0.21926258992805756,0.742476203411316
2026-01-05,GS,GS,Meta Ads,129545,492,162.5,379.0,0.0,0.0,0.4287598944591029,0.3797908062835308
2026-01-05,NR,NR,Meta Ads,109500,623,108.23,257.0,0.0,0.0,0.4211284046692607,0.5689497716894978
2026-01-05,NK,NK,Meta Ads,133515,604,154.11,438.0,0.0,0.0,0.3518493150684932,0.45238362730779313
2026-01-05,GERAL,GERAL,Google Ads,14,2,0.821751,0.0,0.0,0.0,0.0,14.285714285714285
2026-01-05,Nacoes Shopping,Nacoes Shopping,TikTok Ads,8,1,0.0,0.0,0.0,0.0,0.0,12.5
2026-01-05,NS,NS,Meta Ads,86602,618,115.38,454.0,0.0,0.0,0.2541409691629956,0.713609385464539
2026-01-05,CS,CS,Meta Ads,165860,499,206.55,323.0,0.0,0.0,0.6394736842105263,0.3008561437356807
2026-01-06,GS,GS,Meta Ads,117868,452,163.16,362.0,0.0,0.0,0.45071823204419886,0.38347982488885873
2026-01-06,NK,NK,Meta Ads,120265,576,156.78,431.0,0.0,0.0,0.3637587006960557,0.47894233567538347
2026-01-06,GERAL,GERAL,Google Ads,64566,1536,663.52315,1497.6363660000002,8.0,0.012056851369842936,0.4430469004783768,2.378961063098225
2026-01-06,Nacoes Shopping,Nacoes Shopping,TikTok Ads,0,0,0.0,0.0,0.0,0.0,0.0,0.0
2026-01-06,BS,BS,Meta Ads,77555,593,121.22,499.0,0.0,0.0,0.2429258517034068,0.7646186577267746
2026-01-06,CS,CS,Meta Ads,6,0,0.01,0.0,0.0,0.0,0.0,0.0
2026-01-06,NR,NR,Meta Ads,93957,475,108.27999999999999,242.0,0.0,0.0,0.44743801652892556,0.5055504113583874
2026-01-06,NS,NS,Meta Ads,82676,627,118.15,431.0,0.0,0.0,0.27412993039443156,0.7583821181479511
2026-01-07,BS,BS,Meta Ads,71573,503,116.13,398.0,0.0,0.0,0.29178391959798994,0.702778980900619
2026-01-07,GS,GS,Meta Ads,106686,371,156.95,299.0,0.0,0.0,0.5249163879598662,0.34774947040848847
2026-01-07,NK,NK,Meta Ads,111972,510,152.47,403.0,0.0,0.0,0.37833746898263027,0.45547101060979533
2026-01-07,NR,NR,Meta Ads,115746,558,135.63,265.0,0.0,0.0,0.5118113207547169,0.48209009382613655
2026-01-07,GERAL,GERAL,Google Ads,68934,1501,660.728891,1447.635283,5.0,0.007567400287934435,0.45641944401268086,2.1774450924072304
2026-01-07,Nacoes Shopping,Nacoes Shopping,TikTok Ads,2,0,0.0,0.0,0.0,0.0,0.0,0.0
2026-01-07,NS,NS,Meta Ads,76723,551,114.58000000000001,404.0,0.0,0.0,0.28361386138613864,0.7181679548505664
2026-01-08,Nacoes Shopping,Nacoes Shopping,TikTok Ads,0,0,0.0,0.0,0.0,0.0,0.0,0.0
2026-01-08,NR,NR,Meta Ads,114895,515,137.62,200.0,0.0,0.0,0.6881,0.44823534531528786
2026-01-08,NS,NS,Meta Ads,73058,538,117.38,382.0,0.0,0.0,0.30727748691099477,0.7364012154726381
2026-01-08,BS,BS,Meta Ads,58875,182,66.96,138.0,0.0,0.0,0.48521739130434777,0.30912951167728236
2026-01-08,GS,GS,Meta Ads,103710,402,164.87,322.0,0.0,0.0,0.5120186335403727,0.3876193231125253
2026-01-08,GERAL,GERAL,Google Ads,143631,4081,1040.356212,1961.798325,12.0,0.011534510835409902,0.5303074218905758,2.841308631145087
2026-01-08,NK,NK,Meta Ads,109182,525,160.37,424.0,0.0,0.0,0.3782311320754717,0.48084849150958947
2026-01-09,GERAL,GERAL,Google Ads,324509,11016,1489.434099,2628.423066,11.0,0.007385355288552447,0.5666645215021104,3.3946670200210165
2026-01-09,NS,NS,Meta Ads,212140,519,326.89000000000004,351.0,0.0,0.0,0.9313105413105415,0.24464975959272178
2026-01-09,Nacoes Shopping,Nacoes Shopping,TikTok Ads,0,0,0.0,0.0,0.0,0.0,0.0,0.0
2026-01-09,BS,BS,Meta Ads,201873,203,303.6,138.0,0.0,0.0,2.2,0.10055827178473596
2026-01-09,GS,GS,Meta Ads,257180,312,342.14,240.0,0.0,0.0,1.4255833333333332,0.12131580993856442
2026-01-09,NK,NK,Meta Ads,263080,421,372.23,332.0,0.0,0.0,1.1211746987951807,0.16002736810095788
2026-01-09,NR,NR,Meta Ads,256904,393,356.03999999999996,196.0,0.0,0.0,1.8165306122448979,0.152975430511008
2026-01-10,Nacoes Shopping,Nacoes Shopping,TikTok Ads,0,0,0.0,0.0,0.0,0.0,0.0,0.0
2026-01-10,GERAL,GERAL,Google Ads,419810,13302,1770.493813,4017.052213,7.0,0.003953699215779185,0.4407445358241352,3.1685762606893597
2026-01-10,BS,BS,Meta Ads,282194,333,426.67,214.0,0.0,0.0,1.993785046728972,0.11800392637688967
2026-01-10,GS,GS,Meta Ads,318387,360,421.08000000000004,255.0,0.0,0.0,1.651294117647059,0.11306994318235354
2026-01-10,NK,NK,Meta Ads,319454,348,436.61,253.0,0.0,0.0,1.7257312252964427,0.10893587183131218
2026-01-10,NR,NR,Meta Ads,305940,340,442.1,222.0,0.0,0.0,1.9914414414414416,0.11113290187618487
2026-01-10,NS,NS,Meta Ads,346572,563,488.42,359.0,0.0,0.0,1.3605013927576601,0.1624482070103759
2026-01-11,GERAL,GERAL,Google Ads,449405,13280,1495.615588,3669.8419719999997,4.0,0.002674484026573278,0.4075422319029491,2.9550183019770584
2026-01-11,NR,NR,Meta Ads,254753,276,413.95000000000005,191.0,0.0,0.0,2.167277486910995,0.10834023544374356
2026-01-11,NK,NK,Meta Ads,244799,311,384.16,211.0,0.0,0.0,1.820663507109005,0.12704300262664472
2026-01-11,NS,NS,Meta Ads,288383,479,414.92,346.0,0.0,0.0,1.1991907514450868,0.16609855643363167
2026-01-11,BS,BS,Meta Ads,230064,235,367.0,164.0,0.0,0.0,2.2378048780487805,0.10214548995062242
2026-01-11,Nacoes Shopping,Nacoes Shopping,TikTok Ads,0,0,0.0,0.0,0.0,0.0,0.0,0.0
2026-01-11,GS,GS,Meta Ads,246559,263,380.42,194.0,0.0,0.0,1.9609278350515464,0.10666818084109685
2026-01-12,GERAL,GERAL,Google Ads,332842,12265,1098.3007079999998,3702.578246,20.0,0.018209949109857085,0.2966313295840608,3.6849315891624252
2026-01-12,BS,BS,Meta Ads,183776,167,333.17,112.0,0.0,0.0,2.974732142857143,0.09087149573393696
2026-01-12,CS,CS,Meta Ads,0,0,0.0,0.0,0.0,0.0,0.0,0.0
2026-01-12,GS,GS,Meta Ads,204844,220,354.63,144.0,0.0,0.0,2.4627083333333335,0.10739880103883932
2026-01-12,NK,NK,Meta Ads,230086,295,399.73,192.0,0.0,0.0,2.0819270833333334,0.1282129290786923
2026-01-12,NR,NR,Meta Ads,224530,232,408.43999999999994,152.0,0.0,0.0,2.6871052631578944,0.10332694962811206
2026-01-12,NS,NS,Meta Ads,267483,471,435.54999999999995,315.0,0.0,0.0,1.3826984126984125,0.1760859568645484
2026-01-12,Nacoes Shopping,Nacoes Shopping,TikTok Ads,0,0,0.0,0.0,0.0,0.0,0.0,0.0
2026-01-13,NS,NS,Meta Ads,262361,480,466.31,326.0,0.0,0.0,1.430398773006135,0.18295402136750508
2026-01-13,NR,NR,Meta Ads,110156,108,215.03,56.0,0.0,0.0,3.8398214285714287,0.09804277569991648
2026-01-13,GS,GS,Meta Ads,191925,196,360.90999999999997,139.0,0.0,0.0,2.5964748201438845,0.10212322521818418
2026-01-13,NK,NK,Meta Ads,222752,329,422.62,215.0,0.0,0.0,1.965674418604651,0.14769788823444907
2026-01-13,BS,BS,Meta Ads,168174,181,331.69,124.0,0.0,0.0,2.6749193548387096,0.10762662480526121
2026-01-13,Nacoes Shopping,Nacoes Shopping,TikTok Ads,0,0,0.0,0.0,0.0,0.0,0.0,0.0
2026-01-13,GERAL,GERAL,Google Ads,370180,13291,1233.263912,3817.066761,14.0,0.011351990327273926,0.323092046647072,3.5904154735534064
2026-01-14,BS,BS,Meta Ads,155391,151,326.41,113.0,0.0,0.0,2.8885840707964605,0.09717422501946703
2026-01-14,NK,NK,Meta Ads,201392,305,406.94000000000005,204.0,0.0,0.0,1.9948039215686277,0.15144593628346706
2026-01-14,GS,GS,Meta Ads,179449,207,370.81,139.0,0.0,0.0,2.6676978417266186,0.11535310868268979
2026-01-14,GERAL,GERAL,Google Ads,371007,12784,1187.550599,3223.138458,14.0,0.011788971359863716,0.36844541879745707,3.4457570881411943
2026-01-14,Nacoes Shopping,Nacoes Shopping,TikTok Ads,9413,0,11.98,0.0,0.0,0.0,0.0,0.0
2026-01-14,NS,NS,Meta Ads,236294,468,462.62,331.0,0.0,0.0,1.3976435045317221,0.19805835103726713
2026-01-15,CS,CS,Meta Ads,302427,425,404.75,294.0,0.0,0.0,1.376700680272109,0.14052978074047623
2026-01-15,GERAL,GERAL,Google Ads,389506,12253,1344.5358190000002,3402.6902370000007,13.0,0.009668764354428849,0.3951390592008214,3.1457795258609624
2026-01-15,Nacoes Shopping,Nacoes Shopping,TikTok Ads,21494,0,34.65,0.0,0.0,0.0,0.0,0.0
2026-01-15,BS,BS,Meta Ads,204892,176,404.95000000000005,123.0,0.0,0.0,3.292276422764228,0.08589891259785642
2026-01-15,NR,NR,Meta Ads,397921,433,872.5600000000001,217.0,0.0,0.0,4.021013824884793,0.1088155689194589
2026-01-15,NS,NS,Meta Ads,225335,453,488.37,310.0,0.0,0.0,1.5753870967741936,0.20103401602059157
2026-01-15,GS,GS,Meta Ads,168422,197,384.58,140.0,0.0,0.0,2.747,0.11696809205448219
2026-01-15,NK,NK,Meta Ads,196229,304,427.99,191.0,0.0,0.0,2.2407853403141362,0.1549210361363509
2026-01-16,Nacoes Shopping,Nacoes Shopping,TikTok Ads,20387,0,33.66,0.0,0.0,0.0,0.0,0.0
2026-01-16,BS,BS,Meta Ads,222339,203,421.72,143.0,0.0,0.0,2.949090909090909,0.09130202078807587
2026-01-16,GERAL,GERAL,Google Ads,378688,8900,1651.846748,3508.698887,8.0,0.004843064291337032,0.4707861236312468,2.3502197059320604
2026-01-16,CS,CS,Meta Ads,516421,726,709.9100000000001,518.0,0.0,0.0,1.3704826254826257,0.14058297396891295
2026-01-16,NR,NR,Meta Ads,302250,432,666.86,286.0,0.0,0.0,2.331678321678322,0.14292803970223325
2026-01-16,NK,NK,Meta Ads,259941,349,501.12,253.0,0.0,0.0,1.9807114624505928,0.13426123620360006
2026-01-16,GS,GS,Meta Ads,220629,234,440.85999999999996,168.0,0.0,0.0,2.6241666666666665,0.10606040003807296
2026-01-16,NS,NS,Meta Ads,273345,489,568.7,345.0,0.0,0.0,1.6484057971014494,0.17889480327059212
2026-01-17,NK,NK,Meta Ads,263776,145,430.45000000000005,19.0,0.0,0.0,22.65526315789474,0.05497088438675239
2026-01-17,GERAL,GERAL,Google Ads,425156,11317,1890.0972359999998,4431.909025,22.0,0.01163961280984594,0.4264747370350184,2.6618464751761706
2026-01-17,GS,GS,Meta Ads,221969,226,380.99999999999994,167.0,0.0,0.0,2.2814371257485027,0.10181601935405395
2026-01-17,CS,CS,Meta Ads,556956,808,764.23,598.0,0.0,0.0,1.2779765886287626,0.14507429671284625
2026-01-17,Nacoes Shopping,Nacoes Shopping,TikTok Ads,20552,0,33.8,0.0,0.0,0.0,0.0,0.0
2026-01-17,BS,BS,Meta Ads,248513,199,438.17999999999995,145.0,0.0,0.0,3.0219310344827583,0.0800762937954956
2026-01-17,NR,NR,Meta Ads,312093,481,625.8900000000001,329.0,0.0,0.0,1.9024012158054715,0.1541207268346294
2026-01-17,NS,NS,Meta Ads,308048,475,501.33000000000004,354.0,0.0,0.0,1.4161864406779663,0.1541967485586662
2026-01-18,NR,NR,Meta Ads,127317,191,229.20000000000002,127.0,0.0,0.0,1.804724409448819,0.15001924330607855
2026-01-18,GERAL,GERAL,Google Ads,246184,6557,1876.659848,3948.177321,27.0,0.014387263642249567,0.4753230909914342,2.663454976765346
2026-01-18,BS,BS,Meta Ads,120399,85,168.68,65.0,0.0,0.0,2.595076923076923,0.07059859301156987
2026-01-18,CS,CS,Meta Ads,277439,449,386.9,343.0,0.0,0.0,1.1279883381924198,0.16183737686482433
2026-01-18,GS,GS,Meta Ads,95697,116,146.48000000000002,81.0,0.0,0.0,1.8083950617283953,0.12121592108425552
2026-01-18,Nacoes Shopping,Nacoes Shopping,TikTok Ads,20265,0,33.46,0.0,0.0,0.0,0.0,0.0
2026-01-18,NK,NK,Meta Ads,131025,82,188.62,12.0,0.0,0.0,15.718333333333334,0.06258347643579469
2026-01-18,NS,NS,Meta Ads,229529,377,320.08,265.0,0.0,0.0,1.2078490566037736,0.16424939767959604
2026-01-19,GERAL,GERAL,Google Ads,151510,5236,802.472005,4467.349732000001,19.0,0.02367683842129795,0.17963044156848204,3.4558774998349944
2026-01-19,Nacoes Shopping,Nacoes Shopping,TikTok Ads,17300,0,31.47,0.0,0.0,0.0,0.0,0.0
2026-01-19,BS,BS,Meta Ads,70807,43,78.69,24.0,0.0,0.0,3.27875,0.06072845905065883
2026-01-19,CS,CS,Meta Ads,93302,138,106.14,83.0,0.0,0.0,1.2787951807228917,0.14790679728194464
2026-01-19,GS,GS,Meta Ads,72842,75,83.53999999999999,56.0,0.0,0.0,1.491785714285714,0.10296257653551523
2026-01-19,NK,NK,Meta Ads,79096,73,100.5,11.0,0.0,0.0,9.136363636363637,0.09229290988166279
2026-01-19,NR,NR,Meta Ads,59169,78,74.14,46.0,0.0,0.0,1.6117391304347826,0.13182578715205598
2026-01-19,NS,NS,Meta Ads,129499,209,161.62,137.0,0.0,0.0,1.1797080291970803,0.16139120765411316
2026-01-20,CS,CS,Meta Ads,141376,193,160.93999999999997,123.0,0.0,0.0,1.3084552845528452,0.13651539157990042
2026-01-20,NS,NS,Meta Ads,120886,208,158.29,150.0,0.0,0.0,1.0552666666666666,0.17206293532749864
2026-01-20,NR,NR,Meta Ads,54270,65,71.80000000000001,36.0,0.0,0.0,1.9944444444444447,0.11977151280633867
2026-01-20,NK,NK,Meta Ads,55238,63,124.67,8.0,0.0,0.0,15.58375,0.11405192077917375
2026-01-20,GS,GS,Meta Ads,77163,81,94.41,47.0,0.0,0.0,2.0087234042553193,0.10497259049026088
2026-01-20,Nacoes Shopping,Nacoes Shopping,TikTok Ads,15140,0,30.59,0.0,0.0,0.0,0.0,0.0
2026-01-20,GERAL,GERAL,Google Ads,155581,4207,758.646514,3473.651933,9.0,0.011863232525181022,0.21840026825738962,2.7040576934201477
2026-01-20,BS,BS,Meta Ads,65210,29,76.81,14.0,0.0,0.0,5.486428571428571,0.04447170679343659
2026-01-21,GERAL,GERAL,Google Ads,150303,4456,814.763302,3593.858703,14.0,0.01718290448972627,0.2267098874309862,2.964678017072181
2026-01-21,NK,NK,Meta Ads,90733,91,133.4,12.0,0.0,0.0,11.116666666666667,0.1002942700009919
2026-01-21,GS,GS,Meta Ads,75671,95,92.8,54.0,0.0,0.0,1.7185185185185186,0.1255434710787488
2026-01-21,Nacoes Shopping,Nacoes Shopping,TikTok Ads,19038,0,33.739999999999995,0.0,0.0,0.0,0.0,0.0
2026-01-21,BS,BS,Meta Ads,62059,31,73.97,20.0,0.0,0.0,3.6985,0.049952464590148085
2026-01-21,NS,NS,Meta Ads,117944,184,154.25,127.0,0.0,0.0,1.2145669291338583,0.15600624024961
2026-01-21,NR,NR,Meta Ads,83743,156,113.8,74.0,0.0,0.0,1.537837837837838,0.18628422674133957
2026-01-21,CS,CS,Meta Ads,278418,453,313.37,186.0,0.0,0.0,1.6847849462365592,0.16270499752171194
2026-01-22,Nacoes Shopping,Nacoes Shopping,TikTok Ads,19593,0,31.490000000000002,0.0,0.0,0.0,0.0,0.0
2026-01-22,GERAL,GERAL,Google Ads,154329,4699,861.1203249999999,3436.570174,8.0,0.009290223175257187,0.2505755102907437,3.0447939142999694
2026-01-22,NK,NK,Meta Ads,108405,105,135.39,12.0,0.0,0.0,11.282499999999999,0.09685900096859
2026-01-22,BS,BS,Meta Ads,69154,28,83.0,13.0,0.0,0.0,6.384615384615385,0.0404893426266015
2026-01-22,CS,CS,Meta Ads,393692,754,460.52,259.0,0.0,0.0,1.778069498069498,0.19152027473253203
2026-01-22,GS,GS,Meta Ads,75471,75,95.49,57.0,0.0,0.0,1.6752631578947368,0.09937591922725285
2026-01-22,NR,NR,Meta Ads,114703,165,161.2,88.0,0.0,0.0,1.8318181818181818,0.14384976853264517
2026-01-22,NS,NS,Meta Ads,115940,211,154.53,147.0,0.0,0.0,1.0512244897959184,0.18199068483698463
2026-01-23,CS,CS,Meta Ads,388184,748,467.58,299.0,0.0,0.0,1.5638127090301004,0.1926921253838386
2026-01-23,NS,NS,Meta Ads,120072,199,162.64,141.0,0.0,0.0,1.1534751773049645,0.16573389299753483
2026-01-23,NR,NR,Meta Ads,120428,193,165.49999999999997,105.0,0.0,0.0,1.576190476190476,0.16026173315175873
2026-01-23,NK,NK,Meta Ads,111645,121,142.57,16.0,0.0,0.0,8.910625,0.10837923776255096
2026-01-23,GERAL,GERAL,Google Ads,146671,4190,860.2844709999999,3263.4814319999996,12.0,0.013948874360188237,0.2636094272100029,2.856733778320186
2026-01-23,BS,BS,Meta Ads,64777,27,78.47,13.0,0.0,0.0,6.036153846153846,0.04168146101239638
2026-01-23,GS,GS,Meta Ads,75216,101,96.38,63.0,0.0,0.0,1.5298412698412698,0.13427994043820463
2026-01-23,Nacoes Shopping,Nacoes Shopping,TikTok Ads,18274,0,30.4,0.0,0.0,0.0,0.0,0.0
2026-01-24,NR,NR,Meta Ads,127395,197,167.86,113.0,0.0,0.0,1.485486725663717,0.15463715216452764
2026-01-24,NS,NS,Meta Ads,130154,216,169.53000000000003,162.0,0.0,0.0,1.0464814814814816,0.1659572506415477
2026-01-24,GERAL,GERAL,Google Ads,147034,5042,868.711004,3482.6870470000003,18.0,0.020720354544973625,0.24943699858082594,3.4291388386359616
2026-01-24,BS,BS,Meta Ads,72279,36,85.22,24.0,0.0,0.0,3.5508333333333333,0.04980699788320259
2026-01-24,CS,CS,Meta Ads,425602,819,505.96999999999997,313.0,0.0,0.0,1.616517571884984,0.1924333062344632
2026-01-24,GS,GS,Meta Ads,81396,108,102.41,77.0,0.0,0.0,1.3299999999999998,0.13268465280849182
2026-01-24,NK,NK,Meta Ads,123400,115,155.06,23.0,0.0,0.0,6.741739130434783,0.09319286871961102
2026-01-24,Nacoes Shopping,Nacoes Shopping,TikTok Ads,17731,0,30.78,0.0,0.0,0.0,0.0,0.0
2026-01-25,GERAL,GERAL,Google Ads,147552,4718,833.9278099999999,3266.936495,7.0,0.00839401194690941,0.2552629386204215,3.197516807633919
2026-01-25,Nacoes Shopping,Nacoes Shopping,TikTok Ads,18244,0,28.72,0.0,0.0,0.0,0.0,0.0
2026-01-25,NR,NR,Meta Ads,141366,217,174.59,139.0,0.0,0.0,1.2560431654676258,0.15350225655390973
2026-01-25,BS,BS,Meta Ads,78676,28,87.28999999999999,15.0,0.0,0.0,5.819333333333333,0.03558899791550155
2026-01-25,CS,CS,Meta Ads,472140,982,521.3000000000001,418.0,0.0,0.0,1.247129186602871,0.2079891557588851
2026-01-25,GS,GS,Meta Ads,89815,101,107.1,69.0,0.0,0.0,1.5521739130434782,0.11245337638479097
2026-01-25,NK,NK,Meta Ads,136559,140,163.53,27.0,0.0,0.0,6.056666666666667,0.10251978998088737
2026-01-25,NS,NS,Meta Ads,145323,209,178.5,154.0,0.0,0.0,1.1590909090909092,0.14381756501035625
2026-01-26,Nacoes Shopping,Nacoes Shopping,TikTok Ads,14688,0,28.46,0.0,0.0,0.0,0.0,0.0
2026-01-26,BS,BS,Meta Ads,68400,31,75.57,16.0,0.0,0.0,4.723125,0.04532163742690059
2026-01-26,GS,GS,Meta Ads,79701,84,95.09,48.0,0.0,0.0,1.9810416666666668,0.10539390973764444
2026-01-26,NK,NK,Meta Ads,119858,121,145.52,26.0,0.0,0.0,5.596923076923077,0.10095279413973202
2026-01-26,NR,NR,Meta Ads,172166,268,217.42999999999998,127.0,0.0,0.0,1.712047244094488,0.15566371989823774
2026-01-26,NS,NS,Meta Ads,133294,206,165.22,150.0,0.0,0.0,1.1014666666666666,0.15454559094933007
2026-01-26,GERAL,GERAL,Google Ads,152625,3497,777.541915,2849.3040629999996,9.0,0.011574938696391692,0.27288836073933614,2.291236691236691
2026-01-26,CS,CS,Meta Ads,378751,608,427.05,239.0,0.0,0.0,1.7868200836820085,0.1605276289699565
2026-01-27,BS,BS,Meta Ads,62405,26,74.07000000000001,13.0,0.0,0.0,5.697692307692308,0.04166332825895361
2026-01-27,NS,NS,Meta Ads,151327,217,202.08,156.0,0.0,0.0,1.2953846153846154,0.1433980717254687
2026-01-27,NR,NR,Meta Ads,234961,356,316.28,123.0,0.0,0.0,2.571382113821138,0.15151450666280789
2026-01-27,NK,NK,Meta Ads,113299,134,144.0,37.0,0.0,0.0,3.891891891891892,0.11827112331088535
2026-01-27,GS,GS,Meta Ads,156484,181,217.25,118.0,0.0,0.0,1.8411016949152543,0.11566677743411466
2026-01-27,CS,CS,Meta Ads,339097,547,410.02,224.0,0.0,0.0,1.8304464285714286,0.16131077538285504
2026-01-27,Nacoes Shopping,Nacoes Shopping,TikTok Ads,14869,0,26.41,0.0,0.0,0.0,0.0,0.0
2026-01-27,GERAL,GERAL,Google Ads,81844,3946,602.3043050000001,2735.856266,9.0,0.014942612771130697,0.22015202789896865,4.821367479595327
2026-01-28,GS,GS,Meta Ads,197851,221,294.32,149.0,0.0,0.0,1.9753020134228187,0.11170021885156001
2026-01-28,NS,NS,Meta Ads,156175,227,210.6,157.0,0.0,0.0,1.3414012738853502,0.14534976788858653
2026-01-28,NR,NR,Meta Ads,225897,379,309.73,140.0,0.0,0.0,2.212357142857143,0.16777557913562377
2026-01-28,NK,NK,Meta Ads,109947,90,141.74,5.0,0.0,0.0,28.348000000000003,0.08185762230893066
2026-01-28,GERAL,GERAL,Google Ads,57437,3600,607.031893,2058.932697,11.0,0.018120958926288244,0.2948284292558398,6.267736824694883
2026-01-28,Nacoes Shopping,Nacoes Shopping,TikTok Ads,19483,0,30.18,0.0,0.0,0.0,0.0,0.0
2026-01-28,BS,BS,Meta Ads,61215,30,73.46,13.0,0.0,0.0,5.65076923076923,0.0490075961774075
2026-01-28,CS,CS,Meta Ads,320309,539,393.01,243.0,0.0,0.0,1.6173251028806583,0.1682750094440056
2026-01-29,GERAL,GERAL,Google Ads,58667,3878,594.2077940000001,2815.163813,11.0,0.018512042607101847,0.21107396708356316,6.610189714831166
2026-01-29,NK,NK,Meta Ads,109409,126,145.89,20.0,0.0,0.0,7.294499999999999,0.11516420038570868
2026-01-29,NR,NR,Meta Ads,222323,349,317.69,116.0,0.0,0.0,2.738706896551724,0.15697881010961529
2026-01-29,NS,NS,Meta Ads,159426,231,222.84999999999997,162.0,0.0,0.0,1.375617283950617,0.1448948101313462
2026-01-29,GS,GS,Meta Ads,195002,232,299.70000000000005,160.0,0.0,0.0,1.8731250000000004,0.11897313873703859
2026-01-29,BS,BS,Meta Ads,63499,38,77.72,17.0,0.0,0.0,4.5717647058823525,0.05984346210176539
2026-01-29,CS,CS,Meta Ads,329057,547,416.46999999999997,255.0,0.0,0.0,1.6332156862745097,0.16623259799973866
2026-01-29,Nacoes Shopping,Nacoes Shopping,TikTok Ads,31480,0,52.06999999999999,0.0,0.0,0.0,0.0,0.0
2026-01-30,Nacoes Shopping,Nacoes Shopping,TikTok Ads,52380,0,97.27999999999999,0.0,0.0,0.0,0.0,0.0
2026-01-30,GS,GS,Meta Ads,188921,238,302.2,165.0,0.0,0.0,1.8315151515151515,0.12597858364078107
2026-01-30,CS,CS,Meta Ads,325391,549,418.98,244.0,0.0,0.0,1.7171311475409836,0.16872009367192084
2026-01-30,BS,BS,Meta Ads,62320,33,78.2,15.0,0.0,0.0,5.213333333333334,0.052952503209242614
2026-01-30,NS,NS,Meta Ads,158071,221,222.92000000000002,150.0,0.0,0.0,1.4861333333333335,0.1398105914430857
2026-01-30,NR,NR,Meta Ads,224123,323,326.79,121.0,0.0,0.0,2.7007438016528926,0.14411729273657767
2026-01-30,NK,NK,Meta Ads,109818,99,148.72,10.0,0.0,0.0,14.872,0.09014915587608589
2026-01-30,GERAL,GERAL,Google Ads,57972,3047,557.3862630000001,2108.561738,6.0,0.010764527937424247,0.2643442935318976,5.25598564824398
2026-01-31,NK,NK,Meta Ads,126961,123,161.38,14.0,0.0,0.0,11.527142857142858,0.09688014429627996
2026-01-31,BS,BS,Meta Ads,78924,54,90.71000000000001,31.0,0.0,0.0,2.9261290322580646,0.06842025239470884
2026-01-31,CS,CS,Meta Ads,377038,862,455.22,289.0,0.0,0.0,1.5751557093425606,0.22862417050801245
2026-01-31,GS,GS,Meta Ads,202164,241,320.59,180.0,0.0,0.0,1.7810555555555554,0.11921014621792207
2026-01-31,NR,NR,Meta Ads,211425,303,292.36,127.0,0.0,0.0,2.302047244094488,0.1433132316424264
2026-01-31,GERAL,GERAL,Google Ads,56766,4590,590.3721909999999,2655.204321,15.0,0.025407700817669444,0.22234529611553758,8.085826022619173
2026-01-31,Nacoes Shopping,Nacoes Shopping,TikTok Ads,47769,0,92.02999999999999,0.0,0.0,0.0,0.0,0.0
2026-01-31,NS,NS,Meta Ads,173659,241,233.57999999999998,174.0,0.0,0.0,1.342413793103448,0.13877771955383827
2026-02-01,GERAL,GERAL,Google Ads,62875,4296,624.07483,2367.8164580000002,6.0,0.009614231677954388,0.26356554279850347,6.832604373757454
2026-02-01,Nacoes Shopping,Nacoes Shopping,TikTok Ads,50195,0,84.8,0.0,0.0,0.0,0.0,0.0
2026-02-01,BS,BS,Meta Ads,109752,54,91.37,21.0,0.0,0.0,4.350952380952381,0.04920183686857643
2026-02-01,CS,CS,Meta Ads,274942,454,273.78999999999996,209.0,0.0,0.0,1.3099999999999998,0.16512573560969224
2026-02-01,GS,GS,Meta Ads,232272,311,328.33,221.0,0.0,0.0,1.485656108597285,0.13389474409313218
2026-02-01,NK,NK,Meta Ads,163841,170,173.74,23.0,0.0,0.0,7.5539130434782615,0.10375913232951459
2026-02-01,NR,NR,Meta Ads,222591,319,253.17,179.0,0.0,0.0,1.4143575418994412,0.14331217344816277
2026-02-01,NS,NS,Meta Ads,213295,303,244.09000000000003,226.0,0.0,0.0,1.0800442477876107,0.1420567758269064
2026-02-02,GERAL,GERAL,Google Ads,69381,4169,768.172742,2390.559353,8.0,0.010414324230213313,0.3213359839972147,6.008849685072282
2026-02-02,NS,NS,Meta Ads,180219,276,201.08,204.0,0.0,0.0,0.985686274509804,0.15314700447788523
2026-02-02,NR,NR,Meta Ads,182509,223,202.18,108.0,0.0,0.0,1.8720370370370372,0.1221857552230301
2026-02-02,NK,NK,Meta Ads,137210,145,142.32,14.0,0.0,0.0,10.165714285714285,0.10567742875883682
2026-02-02,GS,GS,Meta Ads,201133,218,284.51,159.0,0.0,0.0,1.7893710691823899,0.10838599334768537
2026-02-02,CS,CS,Meta Ads,244040,381,237.5,174.0,0.0,0.0,1.3649425287356323,0.15612194722176692
2026-02-02,BS,BS,Meta Ads,82199,41,74.6,25.0,0.0,0.0,2.984,0.049878952298689765
2026-02-02,Nacoes Shopping,Nacoes Shopping,TikTok Ads,45254,0,82.53999999999999,0.0,0.0,0.0,0.0,0.0
2026-02-03,GS,GS,Meta Ads,195813,246,296.22999999999996,163.0,0.0,0.0,1.8173619631901838,0.12563006541955846
2026-02-03,GERAL,GERAL,Google Ads,115093,7658,1824.9943539999997,3858.417472,8.0,0.004383575205296225,0.4729903820008411,6.6537495764294965
2026-02-03,NK,NK,Meta Ads,128362,152,143.98,31.0,0.0,0.0,4.644516129032258,0.11841510727473863
2026-02-03,Nacoes Shopping,Nacoes Shopping,TikTok Ads,40649,0,82.03,0.0,0.0,0.0,0.0,0.0
2026-02-03,NR,NR,Meta Ads,254816,417,319.28000000000003,232.0,0.0,0.0,1.3762068965517242,0.16364749466281553
2026-02-03,NS,NS,Meta Ads,199169,297,243.41,217.0,0.0,0.0,1.121705069124424,0.1491195919043626
2026-02-03,BS,BS,Meta Ads,108831,120,114.99,68.0,0.0,0.0,1.6910294117647058,0.11026270088485818
2026-02-03,CS,CS,Meta Ads,242062,394,259.34000000000003,154.0,0.0,0.0,1.6840259740259742,0.16276821640736672
2026-02-04,BS,BS,Meta Ads,380229,600,522.26,395.0,0.0,0.0,1.3221772151898734,0.15779964179481312
2026-02-04,CS,CS,Meta Ads,252900,448,281.7,207.0,0.0,0.0,1.3608695652173912,0.177145116646896
2026-02-04,GS,GS,Meta Ads,185580,206,273.73,137.0,0.0,0.0,1.9980291970802921,0.11100334087724971
2026-02-04,NK,NK,Meta Ads,121837,146,142.77,22.0,0.0,0.0,6.489545454545455,0.11983223487118035
2026-02-04,Nacoes Shopping,Nacoes Shopping,TikTok Ads,39335,0,81.69,0.0,0.0,0.0,0.0,0.0
2026-02-04,NR,NR,Meta Ads,281224,457,358.23,266.0,0.0,0.0,1.3467293233082707,0.16250391147270504
2026-02-04,NS,NS,Meta Ads,218416,320,276.5,229.0,0.0,0.0,1.2074235807860263,0.14650941322980002
2026-02-04,GERAL,GERAL,Google Ads,136194,8058,2395.894214,3731.602809,6.0,0.0025042841895689806,0.6420549926218045,5.916560200889907
2026-02-05,NS,NS,Meta Ads,213038,293,297.03,214.0,0.0,0.0,1.3879906542056073,0.13753414883729664
2026-02-05,NR,NR,Meta Ads,270148,461,377.01,277.0,0.0,0.0,1.3610469314079423,0.17064720079363904
2026-02-05,NK,NK,Meta Ads,142011,154,192.2,25.0,0.0,0.0,7.688,0.1084423037652013
2026-02-05,GERAL,GERAL,Google Ads,54806,2801,992.3125,1627.542295,4.0,0.004030988221956289,0.6096999771056641,5.1107542969747835
2026-02-05,GS,GS,Meta Ads,281585,355,434.46,269.0,0.0,0.0,1.6150929368029738,0.12607205639504945
2026-02-05,BS,BS,Meta Ads,482033,898,703.74,411.0,0.0,0.0,1.7122627737226277,0.18629429935294886
2026-02-05,Nacoes Shopping,Nacoes Shopping,TikTok Ads,42084,0,83.03999999999999,0.0,0.0,0.0,0.0,0.0
2026-02-05,CS,CS,Meta Ads,335136,605,420.87,315.0,0.0,0.0,1.336095238095238,0.18052372768070274
2026-02-06,NK,NK,Meta Ads,141350,135,227.32999999999998,33.0,0.0,0.0,6.888787878787879,0.09550760523523169
2026-02-06,NS,NS,Meta Ads,211948,307,299.11999999999995,236.0,0.0,0.0,1.2674576271186437,0.14484684922716892
2026-02-06,BS,BS,Meta Ads,795530,1246,1088.95,868.0,0.0,0.0,1.2545506912442397,0.15662514298643673
2026-02-06,NR,NR,Meta Ads,254427,427,358.26000000000005,255.0,0.0,0.0,1.4049411764705884,0.16782810000510953
2026-02-06,CS,CS,Meta Ads,306801,525,383.67,255.0,0.0,0.0,1.5045882352941178,0.17112069386996784
2026-02-06,GS,GS,Meta Ads,386643,522,626.29,392.0,0.0,0.0,1.5976785714285713,0.1350082634368138
2026-02-06,GERAL,GERAL,Google Ads,332,30,5.062842,15.333334,0.0,0.0,0.33018533347020285,9.036144578313253
2026-02-06,Nacoes Shopping,Nacoes Shopping,TikTok Ads,43683,0,79.32,0.0,0.0,0.0,0.0,0.0
2026-02-07,CS,CS,Meta Ads,351018,700,425.77,343.0,0.0,0.0,1.2413119533527697,0.19941997276492945
2026-02-07,GS,GS,Meta Ads,357881,505,551.3100000000001,368.0,0.0,0.0,1.4981250000000002,0.14110835724724138
2026-02-07,NS,NS,Meta Ads,210266,318,278.47,249.0,0.0,0.0,1.1183534136546185,0.15123700455613368
2026-02-07,GERAL,GERAL,Google Ads,356470,13429,3569.807371,6380.396208,7.0,0.001960890118852298,0.5594961903030458,3.767217437652538
2026-02-07,BS,BS,Meta Ads,1085577,1527,1341.6699999999998,1167.0,0.0,0.0,1.1496743787489287,0.14066252324800543
2026-02-07,NK,NK,Meta Ads,154912,174,225.91,32.0,0.0,0.0,7.0596875,0.11232183433174964
2026-02-07,Nacoes Shopping,Nacoes Shopping,TikTok Ads,32928,0,63.56999999999999,0.0,0.0,0.0,0.0,0.0
2026-02-07,NR,NR,Meta Ads,247099,379,331.87,222.0,0.0,0.0,1.49490990990991,0.1533798194246031
2026-02-08,Nacoes Shopping,Nacoes Shopping,TikTok Ads,16942,0,31.43,0.0,0.0,0.0,0.0,0.0
2026-02-08,NR,NR,Meta Ads,248696,421,313.11000000000007,235.0,0.0,0.0,1.3323829787234045,0.16928298002380418
2026-02-08,GS,GS,Meta Ads,167895,280,217.73,203.0,0.0,0.0,1.0725615763546799,0.16677089847821555
2026-02-08,CS,CS,Meta Ads,320465,637,367.54,275.0,0.0,0.0,1.336509090909091,0.19877365702962885
2026-02-08,NK,NK,Meta Ads,169663,183,231.34000000000003,38.0,0.0,0.0,6.087894736842106,0.10786087715058675
2026-02-08,GERAL,GERAL,Google Ads,373595,13441,3660.8921609999998,6507.354175,14.0,0.003824204424578242,0.5625776717462899,3.5977462225136847
2026-02-08,BS,BS,Meta Ads,454190,451,461.71,342.0,0.0,0.0,1.3500292397660818,0.09929765076289658
2026-02-08,NS,NS,Meta Ads,184883,283,229.39000000000001,205.0,0.0,0.0,1.1189756097560977,0.15306977926580592
2026-02-09,BS,BS,Meta Ads,220511,174,250.88,87.0,0.0,0.0,2.88367816091954,0.0789076281908839
2026-02-09,GERAL,GERAL,Google Ads,53366,3875,517.4537379999999,2359.756376,6.0,0.011595239456942527,0.2192826951386951,7.261177528763632
2026-02-09,Nacoes Shopping,Nacoes Shopping,TikTok Ads,9109,0,18.45,0.0,0.0,0.0,0.0,0.0
2026-02-09,NS,NS,Meta Ads,148913,217,186.48000000000002,152.0,0.0,0.0,1.226842105263158,0.14572267028399133
2026-02-09,NR,NR,Meta Ads,229605,332,291.47,192.0,0.0,0.0,1.5180729166666669,0.14459615426493325
2026-02-09,NK,NK,Meta Ads,216499,254,290.75,98.0,0.0,0.0,2.9668367346938775,0.11732155806724281
2026-02-09,GS,GS,Meta Ads,129429,206,160.11,147.0,0.0,0.0,1.0891836734693878,0.15916062088094632
2026-02-09,CS,CS,Meta Ads,179217,379,206.07999999999998,137.0,0.0,0.0,1.5042335766423356,0.21147547386687646
2026-02-10,CS,CS,Meta Ads,232601,464,280.87,222.0,0.0,0.0,1.2651801801801803,0.1994832352397453
2026-02-10,GS,GS,Meta Ads,120184,203,158.38,135.0,0.0,0.0,1.173185185185185,0.16890767489848899
2026-02-10,NK,NK,Meta Ads,216142,214,308.27,28.0,0.0,0.0,11.009642857142856,0.09900898483404429
2026-02-10,NR,NR,Meta Ads,207603,360,276.46,183.0,0.0,0.0,1.5107103825136612,0.17340789872978715
2026-02-10,NS,NS,Meta Ads,149880,243,200.27999999999997,161.0,0.0,0.0,1.2439751552795029,0.16212970376301042
2026-02-10,GERAL,GERAL,Google Ads,33240,3254,302.68951500000003,2139.2348620000002,6.0,0.019822292159673915,0.14149428862477093,9.789410348977135
2026-02-10,Nacoes Shopping,Nacoes Shopping,TikTok Ads,11900,0,19.58,0.0,0.0,0.0,0.0,0.0
2026-02-10,BS,BS,Meta Ads,204217,162,248.65,79.0,0.0,0.0,3.1474683544303796,0.07932738214742162
2026-02-11,Nacoes Shopping,Nacoes Shopping,TikTok Ads,12188,0,18.44,0.0,0.0,0.0,0.0,0.0
2026-02-11,GERAL,GERAL,Google Ads,35341,2935,291.450792,1955.945921,2.0,0.006862221873804344,0.14900759211736916,8.30480178829122
2026-02-11,CS,CS,Meta Ads,271630,474,346.19,244.0,0.0,0.0,1.418811475409836,0.17450208003534218
2026-02-11,BS,BS,Meta Ads,175998,140,220.12,79.0,0.0,0.0,2.7863291139240505,0.07954635848134638
2026-02-11,GS,GS,Meta Ads,94056,118,128.67000000000002,78.0,0.0,0.0,1.649615384615385,0.12545717444926427
2026-02-11,NK,NK,Meta Ads,149245,154,226.67000000000004,19.0,0.0,0.0,11.930000000000001,0.10318603638312843
2026-02-11,NR,NR,Meta Ads,180649,272,248.77999999999997,115.0,0.0,0.0,2.1633043478260867,0.1505682289965624
2026-02-11,NS,NS,Meta Ads,155349,269,213.64000000000001,186.0,0.0,0.0,1.1486021505376345,0.17315850118121134
2026-02-12,GERAL,GERAL,Google Ads,27721,2748,267.35683500000005,1827.830592,4.0,0.014961278248225818,0.1462700297118126,9.91306229933985
2026-02-12,Nacoes Shopping,Nacoes Shopping,TikTok Ads,11286,0,18.0,0.0,0.0,0.0,0.0,0.0
2026-02-12,NS,NS,Meta Ads,156957,255,216.19,183.0,0.0,0.0,1.1813661202185792,0.16246487891588143
2026-02-12,NR,NR,Meta Ads,218188,355,301.42,158.0,0.0,0.0,1.9077215189873418,0.16270372339450384
2026-02-12,NK,NK,Meta Ads,164311,179,249.92000000000002,42.0,0.0,0.0,5.9504761904761905,0.10893975448996111
2026-02-12,CS,CS,Meta Ads,236910,503,309.09999999999997,271.0,0.0,0.0,1.140590405904059,0.2123169135958803
2026-02-12,BS,BS,Meta Ads,254466,910,445.25,707.0,0.0,0.0,0.6297736916548797,0.3576116259146605
2026-02-12,GS,GS,Meta Ads,65550,62,86.78999999999999,39.0,0.0,0.0,2.2253846153846153,0.09458428680396644
2026-02-13,GS,GS,Meta Ads,67241,88,87.27,68.0,0.0,0.0,1.2833823529411763,0.13087253312710995
2026-02-13,NR,NR,Meta Ads,244211,352,332.53,178.0,0.0,0.0,1.8681460674157302,0.14413765145714158
2026-02-13,NS,NS,Meta Ads,163923,242,220.95000000000002,186.0,0.0,0.0,1.1879032258064517,0.14763028983120124
2026-02-13,CS,CS,Meta Ads,255834,614,385.43000000000006,289.0,0.0,0.0,1.3336678200692045,0.2399993745944636
2026-02-13,NK,NK,Meta Ads,172273,209,263.04999999999995,50.0,0.0,0.0,5.260999999999999,0.12131906915186941
2026-02-13,Nacoes Shopping,Nacoes Shopping,TikTok Ads,10651,0,18.12,0.0,0.0,0.0,0.0,0.0
2026-02-13,GERAL,GERAL,Google Ads,31256,3176,332.164785,2206.343911,2.0,0.006021107866687313,0.15054986819776892,10.161249040184286
2026-02-13,BS,BS,Meta Ads,300613,1259,537.99,1062.0,0.0,0.0,0.5065819209039548,0.4188108964016859
2026-02-14,Nacoes Shopping,Nacoes Shopping,TikTok Ads,10271,0,18.04,0.0,0.0,0.0,0.0,0.0
2026-02-14,GERAL,GERAL,Google Ads,32056,4404,309.382587,3088.250192,4.0,0.012928975863790292,0.10018054489284721,13.738457699026704
2026-02-14,BS,BS,Meta Ads,343768,896,550.38,744.0,0.0,0.0,0.739758064516129,0.2606408973493751
2026-02-14,CS,CS,Meta Ads,282153,753,395.85,336.0,0.0,0.0,1.178125,0.26687648190875163
2026-02-14,GS,GS,Meta Ads,75847,81,93.83000000000001,62.0,0.0,0.0,1.5133870967741938,0.10679394043271323
2026-02-14,NK,NK,Meta Ads,162986,188,237.82999999999998,37.0,0.0,0.0,6.427837837837838,0.11534733044555974
2026-02-14,NR,NR,Meta Ads,245187,385,317.90999999999997,193.0,0.0,0.0,1.6472020725388599,0.1570230069294049
2026-02-14,NS,NS,Meta Ads,178333,322,227.32999999999998,234.0,0.0,0.0,0.9714957264957265,0.18056108516090685
2026-02-15,Nacoes Shopping,Nacoes Shopping,TikTok Ads,8968,0,16.9,0.0,0.0,0.0,0.0,0.0
2026-02-15,NS,NS,Meta Ads,187798,308,225.63,232.0,0.0,0.0,0.9725431034482759,0.16400600645374286
2026-02-15,NR,NR,Meta Ads,250208,360,302.84000000000003,197.0,0.0,0.0,1.537258883248731,0.14388029159739096
2026-02-15,BS,BS,Meta Ads,373437,1071,584.52,870.0,0.0,0.0,0.6718620689655173,0.28679536307328946
2026-02-15,GS,GS,Meta Ads,85304,106,98.9,74.0,0.0,0.0,1.3364864864864865,0.12426146487855201
2026-02-15,CS,CS,Meta Ads,456993,1125,688.1199999999999,704.0,0.0,0.0,0.9774431818181817,0.246174449061583
2026-02-15,NK,NK,Meta Ads,177400,190,236.88000000000002,35.0,0.0,0.0,6.768000000000001,0.10710259301014656
2026-02-15,GERAL,GERAL,Google Ads,29906,3835,282.852677,2541.366582,8.0,0.028283274830027502,0.11129943983815241,12.82351367618538
2026-02-16,BS,BS,Meta Ads,376045,1100,556.8,928.0,0.0,0.0,0.6,0.2925181826643088
2026-02-16,CS,CS,Meta Ads,402656,974,641.5699999999999,667.0,0.0,0.0,0.9618740629685156,0.24189382500198678
2026-02-16,GS,GS,Meta Ads,81019,90,88.89999999999999,66.0,0.0,0.0,1.346969696969697,0.11108505412310693
2026-02-16,NK,NK,Meta Ads,168245,230,217.55,20.0,0.0,0.0,10.877500000000001,0.1367053998632946
2026-02-16,NS,NS,Meta Ads,180188,280,206.0,195.0,0.0,0.0,1.0564102564102564,0.15539325593269251
2026-02-16,GERAL,GERAL,Google Ads,31251,3983,279.479189,2573.469656,6.0,0.021468503688838167,0.10860014935416049,12.745192153851075
2026-02-16,NR,NR,Meta Ads,210160,289,238.99,148.0,0.0,0.0,1.6147972972972973,0.1375142748382185
2026-02-16,Nacoes Shopping,Nacoes Shopping,TikTok Ads,8598,0,16.27,0.0,0.0,0.0,0.0,0.0
2026-02-17,BS,BS,Meta Ads,244045,433,303.67999999999995,326.0,0.0,0.0,0.9315337423312882,0.17742629433096355
2026-02-17,CS,CS,Meta Ads,137298,210,149.79000000000002,164.0,0.0,0.0,0.9133536585365855,0.15295197308045275
2026-02-17,GS,GS,Meta Ads,81966,92,85.82,73.0,0.0,0.0,1.1756164383561643,0.1122416611765854
2026-02-17,NK,NK,Meta Ads,167519,214,203.61,27.0,0.0,0.0,7.541111111111111,0.12774670335902197
2026-02-17,NR,NR,Meta Ads,211280,265,229.66000000000003,125.0,0.0,0.0,1.8372800000000002,0.12542597500946612
2026-02-17,NS,NS,Meta Ads,182311,258,199.99999999999997,177.0,0.0,0.0,1.1299435028248586,0.1415164197442831
2026-02-17,GERAL,GERAL,Google Ads,29966,3873,220.770593,2307.373579,3.0,0.013588766326319557,0.09568047194840484,12.92464793432557
2026-02-17,Nacoes Shopping,Nacoes Shopping,TikTok Ads,11534,0,17.24,0.0,0.0,0.0,0.0,0.0
2026-02-18,Nacoes Shopping,Nacoes Shopping,TikTok Ads,11417,0,15.84,0.0,0.0,0.0,0.0,0.0
2026-02-18,GERAL,GERAL,Google Ads,22026,2253,190.414624,1458.442003,1.0,0.005251697474664551,0.13056029900970975,10.228820484881505
2026-02-18,BS,BS,Meta Ads,72410,42,71.28999999999999,12.0,0.0,0.0,5.940833333333333,0.058003038254384756
2026-02-18,CS,CS,Meta Ads,38944,42,40.88,27.0,0.0,0.0,1.5140740740740741,0.10784716516023006
2026-02-18,GS,GS,Meta Ads,75984,78,80.74999999999999,50.0,0.0,0.0,1.6149999999999998,0.10265319014529375
2026-02-18,NK,NK,Meta Ads,161684,171,204.0,19.0,0.0,0.0,10.736842105263158,0.10576185646075059
2026-02-18,NR,NR,Meta Ads,199598,316,218.76000000000002,122.0,0.0,0.0,1.7931147540983607,0.1583182196214391
2026-02-18,NS,NS,Meta Ads,172711,257,192.18,191.0,0.0,0.0,1.0061780104712041,0.14880349253956032
2026-02-19,CS,CS,Meta Ads,81955,113,96.32,53.0,0.0,0.0,1.8173584905660376,0.13788054420108597
2026-02-19,Nacoes Shopping,Nacoes Shopping,TikTok Ads,10159,0,15.54,0.0,0.0,0.0,0.0,0.0
2026-02-19,BS,BS,Meta Ads,44269,19,46.71,3.0,0.0,0.0,15.57,0.04291942442792925
2026-02-19,NS,NS,Meta Ads,165198,219,201.20000000000002,154.0,0.0,0.0,1.3064935064935066,0.13256819089819488
2026-02-19,GERAL,GERAL,Google Ads,37030,1883,282.74569599999995,1368.4657929999998,2.0,0.007073494055944888,0.2066150995123924,5.085066162570889
2026-02-19,NR,NR,Meta Ads,152399,183,180.85,80.0,0.0,0.0,2.260625,0.12007952808089292
2026-02-19,NK,NK,Meta Ads,171488,256,237.51999999999998,77.0,0.0,0.0,3.0846753246753242,0.1492815823847733
2026-02-19,GS,GS,Meta Ads,41571,38,47.96,29.0,0.0,0.0,1.6537931034482758,0.09140987707777055
2026-02-20,NS,NS,Meta Ads,168260,244,210.2,188.0,0.0,0.0,1.1180851063829786,0.14501366932128848
2026-02-20,NK,NK,Meta Ads,190532,235,262.42,40.0,0.0,0.0,6.5605,0.12333886171351793
2026-02-20,Nacoes Shopping,Nacoes Shopping,TikTok Ads,8981,0,15.15,0.0,0.0,0.0,0.0,0.0
2026-02-20,GS,GS,Meta Ads,33145,36,39.74,25.0,0.0,0.0,1.5896000000000001,0.10861366721979183
2026-02-20,CS,CS,Meta Ads,230399,938,365.93,619.0,0.0,0.0,0.5911631663974152,0.40711982256867435
2026-02-20,BS,BS,Meta Ads,40508,20,44.61,4.0,0.0,0.0,11.1525,0.04937296336526119
2026-02-20,GERAL,GERAL,Google Ads,70762,2813,486.795792,1970.4463289999999,0.0,0.0,0.24704849091071085,3.975297476046465
2026-02-20,NR,NR,Meta Ads,187121,242,230.92,144.0,0.0,0.0,1.603611111111111,0.1293280818294045
2026-02-21,Nacoes Shopping,Nacoes Shopping,TikTok Ads,8479,0,14.61,0.0,0.0,0.0,0.0,0.0
2026-02-21,GS,GS,Meta Ads,35473,42,41.42,28.0,0.0,0.0,1.4792857142857143,0.11839990979054492
2026-02-21,NS,NS,Meta Ads,169445,270,208.69,188.0,0.0,0.0,1.1100531914893617,0.15934373985659062
2026-02-21,NR,NR,Meta Ads,213581,285,256.23,160.0,0.0,0.0,1.6014375,0.13343883585150365
2026-02-21,NK,NK,Meta Ads,223476,307,318.79999999999995,83.0,0.0,0.0,3.8409638554216863,0.13737493064132167
2026-02-21,CS,CS,Meta Ads,404433,3979,953.99,2755.0,0.0,0.0,0.34627586206896555,0.9838465209317736
2026-02-21,BS,BS,Meta Ads,46310,20,49.68,2.0,0.0,0.0,24.84,0.04318721658389117
2026-02-21,GERAL,GERAL,Google Ads,67849,3934,531.493245,2533.487728,1.0,0.0018814914571491873,0.20978717959671128,5.798169464546272
2026-02-22,GERAL,GERAL,Google Ads,69697,2966,489.651071,2160.57218,0.0,0.0,0.226630276707534,4.255563367146363
2026-02-22,NS,NS,Meta Ads,172623,265,201.89999999999998,194.0,0.0,0.0,1.040721649484536,0.15351372644433245
2026-02-22,Nacoes Shopping,Nacoes Shopping,TikTok Ads,7699,0,13.25,0.0,0.0,0.0,0.0,0.0
2026-02-22,BS,BS,Meta Ads,50161,26,50.85,4.0,0.0,0.0,12.7125,0.05183309742628735
2026-02-22,CS,CS,Meta Ads,168021,1856,409.4,1438.0,0.0,0.0,0.2847009735744089,1.1046238267835569
2026-02-22,GS,GS,Meta Ads,40232,41,45.0,30.0,0.0,0.0,1.5,0.1019089282163452
2026-02-22,NK,NK,Meta Ads,167394,209,194.27999999999997,39.0,0.0,0.0,4.981538461538461,0.12485513220306584
2026-02-22,NR,NR,Meta Ads,220221,255,250.28000000000003,148.0,0.0,0.0,1.6910810810810812,0.11579277180650348
2026-02-23,NS,NS,Meta Ads,131221,165,156.60999999999999,118.0,0.0,0.0,1.3272033898305085,0.12574206872375612
2026-02-23,NR,NR,Meta Ads,199334,211,236.23999999999998,137.0,0.0,0.0,1.7243795620437954,0.10585248878766292
2026-02-23,GERAL,GERAL,Google Ads,32317,1950,293.07757000000004,1600.927454,0.0,0.0,0.1830673646502411,6.033975925983229
2026-02-23,BS,BS,Meta Ads,50570,41,53.31999999999999,20.0,0.0,0.0,2.6659999999999995,0.08107573660272889
2026-02-23,Nacoes Shopping,Nacoes Shopping,TikTok Ads,5650,0,12.04,0.0,0.0,0.0,0.0,0.0
2026-02-23,NK,NK,Meta Ads,67753,81,84.52,27.0,0.0,0.0,3.13037037037037,0.11955190176080764
2026-02-23,GS,GS,Meta Ads,90804,135,113.16,102.0,0.0,0.0,1.1094117647058823,0.14867186467556495
2026-02-24,GS,GS,Meta Ads,126302,186,157.87,148.0,0.0,0.0,1.0666891891891892,0.1472660765466897
2026-02-24,NK,NK,Meta Ads,61690,58,69.91,11.0,0.0,0.0,6.3554545454545455,0.09401847949424542
2026-02-24,NR,NR,Meta Ads,207290,233,270.16,156.0,0.0,0.0,1.731794871794872,0.1124029137922717
2026-02-24,NS,NS,Meta Ads,97983,134,122.03999999999999,92.0,0.0,0.0,1.3265217391304347,0.13675841727646632
2026-02-24,BS,BS,Meta Ads,93952,97,105.57000000000001,84.0,0.0,0.0,1.2567857142857144,0.10324420980926431
2026-02-24,Nacoes Shopping,Nacoes Shopping,TikTok Ads,6869,0,11.38,0.0,0.0,0.0,0.0,0.0
2026-02-24,GERAL,GERAL,Google Ads,34180,2305,362.77951900000005,1812.199585,0.0,0.0,0.20018739768114452,6.743709771796372
2026-02-25,BS,BS,Meta Ads,89942,65,106.19999999999999,41.0,0.0,0.0,2.590243902439024,0.07226879544595405
2026-02-25,NK,NK,Meta Ads,58664,44,70.33,12.0,0.0,0.0,5.860833333333333,0.07500340924587481
2026-02-25,NR,NR,Meta Ads,219174,217,297.75000000000006,145.0,0.0,0.0,2.0534482758620696,0.09900809402575123
2026-02-25,NS,NS,Meta Ads,71796,90,91.66000000000001,64.0,0.0,0.0,1.4321875000000002,0.12535517299013874
2026-02-25,Nacoes Shopping,Nacoes Shopping,TikTok Ads,2044,0,3.25,0.0,0.0,0.0,0.0,0.0
2026-02-25,GERAL,GERAL,Google Ads,24053,2294,370.115064,1606.280524,0.0,0.0,0.23041745104294126,9.537271857980294
2026-02-25,GS,GS,Meta Ads,120489,194,157.69,143.0,0.0,0.0,1.1027272727272728,0.16101054868079245
2026-02-26,GERAL,GERAL,Google Ads,32013,2212,431.03722700000003,1446.701797,2.0,0.004639970458978477,0.29794476504683576,6.909692937244244
2026-02-26,BS,BS,Meta Ads,87450,77,106.57000000000001,41.0,0.0,0.0,2.599268292682927,0.0880503144654088
2026-02-26,GS,GS,Meta Ads,111982,147,154.07999999999998,112.0,0.0,0.0,1.3757142857142857,0.1312710971406119
2026-02-26,NK,NK,Meta Ads,65783,91,87.71000000000001,21.0,0.0,0.0,4.176666666666667,0.1383336120274235
2026-02-26,NR,NR,Meta Ads,204644,222,285.63,131.0,0.0,0.0,2.180381679389313,0.10848106956470749
2026-02-26,NS,NS,Meta Ads,67201,100,94.37,6.0,0.0,0.0,15.728333333333333,0.14880730941503847
2026-02-27,NK,NK,Meta Ads,111080,211,163.31,45.0,0.0,0.0,3.629111111111111,0.18995318689232984
2026-02-27,Nacoes Shopping,Nacoes Shopping,TikTok Ads,0,0,0.0,0.0,0.0,0.0,0.0,0.0
2026-02-27,NR,NR,Meta Ads,241843,217,357.48,133.0,0.0,0.0,2.6878195488721808,0.08972763321659093
2026-02-27,GERAL,GERAL,Google Ads,39424,2330,543.201737,1567.357732,1.0,0.0018409366757971173,0.3465716383118592,5.91010551948052
2026-02-27,NS,NS,Meta Ads,81058,127,110.34,68.0,0.0,0.0,1.6226470588235296,0.15667793431863603
2026-02-27,GS,GS,Meta Ads,224472,545,440.72999999999996,113.0,0.0,0.0,3.9002654867256634,0.24279197405467054
2026-02-27,BS,BS,Meta Ads,87693,77,111.82,41.0,0.0,0.0,2.7273170731707315,0.08780632433603594
2026-02-28,BS,BS,Meta Ads,98142,100,120.59,61.0,0.0,0.0,1.9768852459016395,0.10189317519512543
2026-02-28,GERAL,GERAL,Google Ads,46164,3809,630.746095,2614.408203,1.0,0.0015854240048842475,0.24125769429434427,8.251018109349276
2026-02-28,GS,GS,Meta Ads,487034,969,893.8199999999999,164.0,0.0,0.0,5.450121951219511,0.19895941556441646
2026-02-28,NS,NS,Meta Ads,101473,134,129.87,39.0,0.0,0.0,3.33,0.13205483231992746
2026-02-28,NR,NR,Meta Ads,206422,226,291.0,147.0,0.0,0.0,1.9795918367346939,0.10948445417639592
2026-02-28,NK,NK,Meta Ads,139540,237,189.54000000000002,59.0,0.0,0.0,3.2125423728813565,0.16984377239501217
2026-03-01,BS,BS,Meta Ads,139010,133,134.81,81.0,0.0,0.0,1.664320987654321,0.09567657003093302
2026-03-01,NK,NK,Meta Ads,188556,263,207.20999999999998,66.0,0.0,0.0,3.139545454545454,0.13948110906043829
2026-03-01,NR,NR,Meta Ads,232071,241,277.46999999999997,164.0,0.0,0.0,1.6918902439024388,0.10384752941987581
2026-03-01,NS,NS,Meta Ads,124194,154,133.7,32.0,0.0,0.0,4.178125,0.12399954909254876
2026-03-01,GERAL,GERAL,Google Ads,40428,3748,529.978316,2402.103209,1.0,0.0018868696507198233,0.22063095124902268,9.270802414168399
2026-03-01,GS,GS,Meta Ads,105681,144,124.57,113.0,0.0,0.0,1.1023893805309735,0.1362591194254407
2026-03-02,BS,BS,Meta Ads,111695,89,103.77999999999999,53.0,0.0,0.0,1.9581132075471697,0.0796812749003984
2026-03-02,GS,GS,Meta Ads,69006,56,74.89,45.0,0.0,0.0,1.6642222222222223,0.08115236356258876
2026-03-02,NK,NK,Meta Ads,155429,167,166.62,41.0,0.0,0.0,4.063902439024391,0.1074445566786121
2026-03-02,NS,NS,Meta Ads,104848,99,114.0,24.0,0.0,0.0,4.75,0.09442240195330383
2026-03-02,NR,NR,Meta Ads,314868,402,470.89,303.0,0.0,0.0,1.554092409240924,0.12767254849651283
2026-03-02,Nacoes Shopping,Nacoes Shopping,TikTok Ads,0,0,0.0,0.0,0.0,0.0,0.0,0.0
2026-03-02,GERAL,GERAL,Google Ads,43884,2331,384.77102,1405.57368,1.0,0.002598948330360223,0.27374660288175007,5.311730926989335
2026-03-03,BS,BS,Meta Ads,179238,167,208.04999999999998,124.0,0.0,0.0,1.6778225806451612,0.09317220678650733
2026-03-03,NS,NS,Meta Ads,276702,284,398.49,153.0,0.0,0.0,2.6045098039215686,0.10263749448865567
2026-03-03,NR,NR,Meta Ads,449408,634,678.6200000000001,466.0,0.0,0.0,1.4562660944206012,0.14107448020506977
2026-03-03,NK,NK,Meta Ads,156628,181,171.44,65.0,0.0,0.0,2.6375384615384614,0.11556043619276248
2026-03-03,GS,GS,Meta Ads,50079,47,56.38,35.0,0.0,0.0,1.610857142857143,0.09385171429141956
2026-03-03,GERAL,GERAL,Google Ads,41592,2517,467.777026,1770.80602,0.0,0.0,0.2641605126235114,6.051644547028275
2026-03-03,Nacoes Shopping,Nacoes Shopping,TikTok Ads,0,0,0.0,0.0,0.0,0.0,0.0,0.0
2026-03-04,NK,NK,Meta Ads,152214,179,175.28,66.0,0.0,0.0,2.6557575757575758,0.11759759286268016
2026-03-04,NS,NS,Meta Ads,355984,364,474.98,196.0,0.0,0.0,2.4233673469387758,0.10225178659715042
2026-03-04,GERAL,GERAL,Google Ads,45842,2765,473.52285800000004,1765.594793,0.0,0.0,0.2681945256507109,6.031586754504603
2026-03-04,Nacoes Shopping,Nacoes Shopping,TikTok Ads,0,0,0.0,0.0,0.0,0.0,0.0,0.0
2026-03-04,NR,NR,Meta Ads,498319,664,766.04,477.0,0.0,0.0,1.6059538784067084,0.13324797970777755
2026-03-04,BS,BS,Meta Ads,267793,234,336.16,152.0,0.0,0.0,2.2115789473684213,0.08738092481879661
2026-03-04,GS,GS,Meta Ads,35772,32,41.57,26.0,0.0,0.0,1.5988461538461538,0.08945544000894555
2026-03-05,NR,NR,Meta Ads,10574,13,16.89,12.0,0.0,0.0,1.4075,0.12294306790240211
2026-03-05,NS,NS,Meta Ads,352636,361,464.54,204.0,0.0,0.0,2.277156862745098,0.10237185086037727
2026-03-05,NK,NK,Meta Ads,148677,168,175.08000000000004,63.0,0.0,0.0,2.7790476190476197,0.11299663027906132
2026-03-05,BS,BS,Meta Ads,288059,285,353.46000000000004,153.0,0.0,0.0,2.310196078431373,0.09893806477145306
2026-03-05,GERAL,GERAL,Google Ads,50523,2683,531.4754300000001,1794.365526,0.0,0.0,0.2961912844952863,5.310452665122815
2026-03-05,Nacoes Shopping,Nacoes Shopping,TikTok Ads,0,0,0.0,0.0,0.0,0.0,0.0,0.0
2026-03-05,GS,GS,Meta Ads,33542,29,39.5,21.0,0.0,0.0,1.880952380952381,0.08645876811162125
2026-03-06,GERAL,GERAL,Google Ads,51924,3284,543.0547469999999,2229.2965670000003,0.0,0.0,0.24359914918399453,6.3246283029042445
2026-03-06,BS,BS,Meta Ads,420079,484,608.0600000000001,329.0,0.0,0.0,1.8482066869300913,0.11521642357746995
2026-03-06,CS,CS,Meta Ads,11813,14,15.3,8.0,0.0,0.0,1.9125,0.11851350207398628
2026-03-06,GS,GS,Meta Ads,213959,296,289.56,87.0,0.0,0.0,3.3282758620689656,0.1383442622184624
2026-03-06,NK,NK,Meta Ads,146837,164,180.74,70.0,0.0,0.0,2.5820000000000003,0.1116884708894897
2026-03-06,NR,NR,Meta Ads,594200,877,1024.6200000000001,668.0,0.0,0.0,1.533862275449102,0.14759340289464828
2026-03-06,NS,NS,Meta Ads,346185,344,473.58000000000004,216.0,0.0,0.0,2.1925000000000003,0.09936883458266532
2026-03-06,Nacoes Shopping,Nacoes Shopping,TikTok Ads,0,0,0.0,0.0,0.0,0.0,0.0,0.0
2026-03-07,CS,CS,Meta Ads,17626,39,20.7,22.0,0.0,0.0,0.9409090909090909,0.2212640417564961
2026-03-07,GS,GS,Meta Ads,278138,413,367.01,118.0,0.0,0.0,3.1102542372881357,0.1484874414858811
2026-03-07,NK,NK,Meta Ads,160491,157,196.47,64.0,0.0,0.0,3.06984375,0.09782480014455638
2026-03-07,NR,NR,Meta Ads,461233,756,941.1500000000001,580.0,0.0,0.0,1.6226724137931037,0.16390848009574338
2026-03-07,NS,NS,Meta Ads,377159,402,521.24,256.0,0.0,0.0,2.03609375,0.10658634687227403
2026-03-07,BS,BS,Meta Ads,684349,900,989.0999999999999,683.0,0.0,0.0,1.448169838945827,0.1315118455641785
2026-03-07,GERAL,GERAL,Google Ads,53758,5571,735.525474,3547.292664,0.0,0.0,0.2073484044506794,10.363108746605157
2026-03-08,NK,NK,Meta Ads,185629,187,212.0,90.0,0.0,0.0,2.3555555555555556,0.10073856994327396
2026-03-08,GERAL,GERAL,Google Ads,64881,5717,715.4025290000001,3408.056845,0.0,0.0,0.20991508109660068,8.811516468611766
2026-03-08,NS,NS,Meta Ads,352626,343,461.18,190.0,0.0,0.0,2.427263157894737,0.09727019561802022
2026-03-08,BS,BS,Meta Ads,593814,747,750.3400000000001,529.0,0.0,0.0,1.418412098298677,0.12579696672695492
2026-03-08,GS,GS,Meta Ads,305409,458,378.70000000000005,132.0,0.0,0.0,2.868939393939394,0.14996283672059435
2026-03-08,CS,CS,Meta Ads,20930,36,22.22,23.0,0.0,0.0,0.966086956521739,0.17200191113234592
2026-03-08,NR,NR,Meta Ads,331889,519,577.49,388.0,0.0,0.0,1.4883762886597938,0.15637758407178304
2026-03-09,NR,NR,Meta Ads,283512,364,375.22999999999996,252.0,0.0,0.0,1.4890079365079363,0.1283896272468185
2026-03-09,Nacoes Shopping,Nacoes Shopping,TikTok Ads,0,0,0.0,0.0,0.0,0.0,0.0,0.0
2026-03-09,NK,NK,Meta Ads,226983,254,277.12,137.0,0.0,0.0,2.022773722627737,0.11190265350268522
2026-03-09,GERAL,GERAL,Google Ads,52226,3452,480.088279,2149.3993840000003,0.0,0.0,0.2233592707682659,6.609734614942749
2026-03-09,GS,GS,Meta Ads,262299,402,323.42,131.0,0.0,0.0,2.468854961832061,0.15326021067560303
2026-03-09,CS,CS,Meta Ads,17298,25,18.82,16.0,0.0,0.0,1.17625,0.14452537865649207
2026-03-09,BS,BS,Meta Ads,280039,234,326.83000000000004,150.0,0.0,0.0,2.178866666666667,0.08355978988640868
2026-03-09,NS,NS,Meta Ads,238218,174,309.98,67.0,0.0,0.0,4.626567164179105,0.07304233936982092
2026-03-10,NS,NS,Meta Ads,227151,177,320.24,78.0,0.0,0.0,4.105641025641026,0.07792173488120238
2026-03-10,NR,NR,Meta Ads,147731,198,207.36,143.0,0.0,0.0,1.4500699300699302,0.13402738761668168
2026-03-10,BS,BS,Meta Ads,246389,229,311.78,138.0,0.0,0.0,2.2592753623188404,0.0929424609053164
2026-03-10,CS,CS,Meta Ads,34805,70,40.84,44.0,0.0,0.0,0.9281818181818182,0.2011205286596753
2026-03-10,GS,GS,Meta Ads,351226,478,575.96,238.0,0.0,0.0,2.4200000000000004,0.13609470825052813
2026-03-10,NK,NK,Meta Ads,218226,162,288.73,29.0,0.0,0.0,9.956206896551725,0.07423496741909764
2026-03-10,GERAL,GERAL,Google Ads,55429,3108,891.142248,2005.5211649999999,0.0,0.0,0.4443444744199446,5.607173140413862
2026-03-11,BS,BS,Meta Ads,236253,216,306.49999999999994,136.0,0.0,0.0,2.253676470588235,0.09142741044558164
2026-03-11,CS,CS,Meta Ads,49933,77,59.45,42.0,0.0,0.0,1.4154761904761906,0.15420663689343722
2026-03-11,GS,GS,Meta Ads,444760,616,753.31,326.0,0.0,0.0,2.310766871165644,0.13850166381868873
2026-03-11,NK,NK,Meta Ads,191386,149,265.8,25.0,0.0,0.0,10.632,0.0778531345030462
2026-03-11,GERAL,GERAL,Google Ads,57778,2899,1000.046896,1947.9945080000002,1.0,0.0009999531061991318,0.5133725438614019,5.017480701997299
2026-03-11,NS,NS,Meta Ads,208896,165,298.79999999999995,68.0,0.0,0.0,4.394117647058823,0.07898667279411765
2026-03-11,NR,NR,Meta Ads,75175,74,104.88,39.0,0.0,0.0,2.689230769230769,0.0984369803791154
2026-03-12,GERAL,GERAL,Google Ads,73356,3153,1252.931523,2129.5181460000003,1.0,0.0007981282150245653,0.5883638631365763,4.298216914771798
2026-03-12,NS,NS,Meta Ads,207791,139,300.06,56.0,0.0,0.0,5.358214285714285,0.0668941388221819
2026-03-12,NR,NR,Meta Ads,64418,56,91.25,28.0,0.0,0.0,3.2589285714285716,0.08693222391257102
2026-03-12,NK,NK,Meta Ads,195621,173,275.35999999999996,45.0,0.0,0.0,6.11911111111111,0.08843631307477214
2026-03-12,GS,GS,Meta Ads,458487,593,803.21,360.0,0.0,0.0,2.231138888888889,0.12933845452542822
2026-03-12,CS,CS,Meta Ads,48340,108,59.81,63.0,0.0,0.0,0.9493650793650794,0.22341745966073645
2026-03-12,BS,BS,Meta Ads,231971,193,306.13,123.0,0.0,0.0,2.488861788617886,0.0832000551793112
2026-03-12,Nacoes Shopping,Nacoes Shopping,TikTok Ads,0,0,0.0,0.0,0.0,0.0,0.0,0.0
2026-03-13,NR,NR,Meta Ads,163890,221,273.90000000000003,157.0,0.0,0.0,1.7445859872611467,0.13484654341326502
2026-03-13,CS,CS,Meta Ads,73100,124,96.47,72.0,0.0,0.0,1.3398611111111112,0.16963064295485636
2026-03-13,NS,NS,Meta Ads,207658,140,301.57,53.0,0.0,0.0,5.6899999999999995,0.06741854395207504
2026-03-13,NK,NK,Meta Ads,206660,181,298.17,52.0,0.0,0.0,5.734038461538462,0.08758347043453016
2026-03-13,BS,BS,Meta Ads,227413,202,306.17999999999995,125.0,0.0,0.0,2.4494399999999996,0.08882517710069346
2026-03-13,GS,GS,Meta Ads,434222,596,829.5699999999999,361.0,0.0,0.0,2.29797783933518,0.1372569791489146
2026-03-13,GERAL,GERAL,Google Ads,88663,3908,1417.095794,2139.807721,0.0,0.0,0.6622537997655912,4.407701070345015
2026-03-14,NS,NS,Meta Ads,228744,173,327.66999999999996,66.0,0.0,0.0,4.964696969696969,0.07563039904871821
2026-03-14,NR,NR,Meta Ads,265449,402,424.12999999999994,276.0,0.0,0.0,1.5367028985507245,0.15144151983996926
2026-03-14,NK,NK,Meta Ads,234949,195,339.56,52.0,0.0,0.0,6.53,0.08299673546173851
2026-03-14,GS,GS,Meta Ads,465064,695,930.62,398.0,0.0,0.0,2.3382412060301507,0.1494417972580118
2026-03-14,GERAL,GERAL,Google Ads,130160,6803,1597.0352429999998,3078.748418,1.0,0.0006261602581302586,0.5187287254986094,5.2266441303011675
2026-03-14,CS,CS,Meta Ads,161785,293,214.31,180.0,0.0,0.0,1.190611111111111,0.18110455233797942
2026-03-14,BS,BS,Meta Ads,244938,222,326.49,122.0,0.0,0.0,2.6761475409836066,0.09063518114788231
2026-03-15,GS,GS,Meta Ads,352189,595,638.4000000000001,293.0,0.0,0.0,2.1788395904436864,0.1689433798329874
2026-03-15,BS,BS,Meta Ads,271156,280,342.32,172.0,0.0,0.0,1.9902325581395348,0.10326159111360252
2026-03-15,GERAL,GERAL,Google Ads,119191,6259,1527.8482729999998,2614.8496430000005,1.113854,0.0007290344333818545,0.5842967977489938,5.251235412069703
2026-03-15,NK,NK,Meta Ads,153646,162,203.33,60.0,0.0,0.0,3.3888333333333334,0.10543717376306574
2026-03-15,NR,NR,Meta Ads,171949,225,257.16,161.0,0.0,0.0,1.5972670807453417,0.1308527528511361
2026-03-15,CS,CS,Meta Ads,175324,323,220.63,217.0,0.0,0.0,1.0167281105990784,0.18423033925760307
2026-03-15,NS,NS,Meta Ads,238096,196,324.90999999999997,78.0,0.0,0.0,4.16551282051282,0.08231973657684295
2026-03-16,CS,CS,Meta Ads,182166,282,232.99,175.0,0.0,0.0,1.3313714285714287,0.15480386021540793
2026-03-16,NK,NK,Meta Ads,108424,125,140.24,59.0,0.0,0.0,2.376949152542373,0.11528812808972183
2026-03-16,NR,NR,Meta Ads,94140,124,134.88,79.0,0.0,0.0,1.7073417721518986,0.13171871680475886
2026-03-16,NS,NS,Meta Ads,182449,173,255.20999999999998,101.0,0.0,0.0,2.5268316831683166,0.09482101847639614
2026-03-16,GERAL,GERAL,Google Ads,146836,4799,756.841241,1696.100909,3.7885549999999997,0.00500574598048364,0.44622418217217047,3.2682720858645022
2026-03-16,BS,BS,Meta Ads,376791,531,559.27,359.0,0.0,0.0,1.5578551532033427,0.14092693296814415
2026-03-16,GS,GS,Meta Ads,201055,270,271.04,67.0,0.0,0.0,4.045373134328359,0.13429161174802914
2026-03-17,CS,CS,Meta Ads,292458,513,400.24,360.0,0.0,0.0,1.1117777777777778,0.1754098024331699
2026-03-17,GS,GS,Meta Ads,194734,261,272.96,75.0,0.0,0.0,3.6394666666666664,0.13402898312569966
2026-03-17,NK,NK,Meta Ads,102677,86,141.0,37.0,0.0,0.0,3.810810810810811,0.08375780359768983
2026-03-17,NR,NR,Meta Ads,108703,141,153.39999999999998,90.0,0.0,0.0,1.7044444444444442,0.1297112315207492
2026-03-17,NS,NS,Meta Ads,145442,140,210.76999999999998,95.0,0.0,0.0,2.218631578947368,0.09625830227857153
2026-03-17,BS,BS,Meta Ads,437931,629,687.29,439.0,0.0,0.0,1.5655808656036445,0.14362993256928602
2026-03-17,GERAL,GERAL,Google Ads,222670,8377,1138.4748710000001,2392.612988,6.270827,0.005508094345984031,0.4758290942621934,3.762069430098352
2026-03-18,NK,NK,Meta Ads,97708,129,130.62,65.0,0.0,0.0,2.0095384615384617,0.13202603676259875
2026-03-18,NS,NS,Meta Ads,141231,178,204.08,144.0,0.0,0.0,1.4172222222222224,0.12603465244882497
2026-03-18,NR,NR,Meta Ads,132664,159,192.51999999999998,96.0,0.0,0.0,2.0054166666666666,0.11985165530965447
2026-03-18,GERAL,GERAL,Google Ads,251898,10545,1273.554073,2383.5731180000002,7.800688,0.0061251329373275855,0.5343045964826995,4.186218231188814
2026-03-18,GS,GS,Meta Ads,38143,60,53.14,11.0,0.0,0.0,4.830909090909091,0.15730278163752195
2026-03-18,CS,CS,Meta Ads,317575,529,432.02,373.0,0.0,0.0,1.158230563002681,0.1665748248445249
2026-03-18,BS,BS,Meta Ads,491792,397,659.6800000000001,251.0,0.0,0.0,2.6282071713147412,0.08072518463090086
2026-03-19,CS,CS,Meta Ads,263045,430,363.4,301.0,0.0,0.0,1.2073089700996678,0.16347012868520597
2026-03-19,BS,BS,Meta Ads,450562,474,657.36,318.0,0.0,0.0,2.067169811320755,0.10520194778964938
2026-03-19,NS,NS,Meta Ads,137975,194,202.13,153.0,0.0,0.0,1.3211111111111111,0.14060518209820622
2026-03-19,NR,NR,Meta Ads,133738,200,194.25,122.0,0.0,0.0,1.5922131147540983,0.14954612750302831
2026-03-19,GERAL,GERAL,Google Ads,313844,13671,1428.8129520000002,3121.4372009999997,7.816688,0.005470756678863028,0.45774201433309575,4.355985776372975
2026-03-19,NK,NK,Meta Ads,97049,107,130.71,53.0,0.0,0.0,2.4662264150943396,0.11025358324145534
2026-03-20,CS,CS,Meta Ads,238648,484,356.4,342.0,0.0,0.0,1.0421052631578946,0.2028091582581878
2026-03-20,BS,BS,Meta Ads,430026,554,661.3,378.0,0.0,0.0,1.7494708994708994,0.1288294196164883
2026-03-20,NK,NK,Meta Ads,91786,95,126.68,30.0,0.0,0.0,4.222666666666667,0.1035016233412503
2026-03-20,NR,NR,Meta Ads,132693,198,200.17000000000002,125.0,0.0,0.0,1.6013600000000001,0.14921661278288983
2026-03-20,NS,NS,Meta Ads,137397,193,205.67000000000002,167.0,0.0,0.0,1.231556886227545,0.14046886030990485
2026-03-20,GERAL,GERAL,Google Ads,250855,10655,1327.696087,3407.955093,1.406923,0.0010596724760852593,0.3895873187199888,4.247473640150685
2026-03-20,GS,GS,Meta Ads,0,0,0.0,0.0,0.0,0.0,0.0,0.0
2026-03-21,BS,BS,Meta Ads,482035,655,735.45,458.0,0.0,0.0,1.6057860262008734,0.13588224921426867
2026-03-21,CS,CS,Meta Ads,112895,267,176.07,185.0,0.0,0.0,0.9517297297297297,0.23650294521457993
2026-03-21,NK,NK,Meta Ads,104686,103,142.26,39.0,0.0,0.0,3.6476923076923073,0.09838946946105495
2026-03-21,NS,NS,Meta Ads,154994,240,226.99,197.0,0.0,0.0,1.1522335025380712,0.15484470366594835
2026-03-21,NR,NR,Meta Ads,112894,180,164.37,115.0,0.0,0.0,1.429304347826087,0.15944160008503552
2026-03-21,GERAL,GERAL,Google Ads,257625,12836,1385.3099889999999,4501.952466,4.266272,0.0030796515104028464,0.307713153229015,4.98243571081999
2026-03-22,Nacoes Shopping,Nacoes Shopping,TikTok Ads,0,0,0.0,0.0,0.0,0.0,0.0,0.0
2026-03-22,NS,NS,Meta Ads,163691,183,225.06,137.0,0.0,0.0,1.6427737226277372,0.1117960058891448
2026-03-22,NR,NR,Meta Ads,99466,131,133.16,83.0,0.0,0.0,1.6043373493975903,0.13170329559849597
2026-03-22,BS,BS,Meta Ads,289634,305,394.02000000000004,206.0,0.0,0.0,1.912718446601942,0.10530531636479142
2026-03-22,NK,NK,Meta Ads,114514,125,147.34,58.0,0.0,0.0,2.540344827586207,0.10915695897444853
2026-03-22,CS,CS,Meta Ads,18353,25,23.04,15.0,0.0,0.0,1.536,0.1362175121233586
2026-03-22,GERAL,GERAL,Google Ads,170600,8352,1077.407142,4719.943173,3.1451990000000003,0.0029192297669027333,0.22826697324730696,4.895662368112544
2026-03-23,NK,NK,Meta Ads,117199,124,152.93,51.0,0.0,0.0,2.998627450980392,0.10580295053712063
2026-03-23,BS,BS,Meta Ads,198888,168,258.19,99.0,0.0,0.0,2.607979797979798,0.08446965126101123
2026-03-23,NS,NS,Meta Ads,146041,157,203.2,105.0,0.0,0.0,1.9352380952380952,0.10750405707986113
2026-03-23,GERAL,GERAL,Google Ads,163912,6122,897.2931609999998,3434.832821,0.0,0.0,0.2612334304930644,3.7349309385523934
2026-03-23,NR,NR,Meta Ads,67605,102,96.81,61.0,0.0,0.0,1.5870491803278688,0.15087641446638564
2026-03-24,BS,BS,Meta Ads,196242,222,262.65,132.0,0.0,0.0,1.989772727272727,0.11312563059895436
2026-03-24,NS,NS,Meta Ads,249647,374,383.71000000000004,226.0,0.0,0.0,1.6978318584070797,0.1498115338858468
2026-03-24,NR,NR,Meta Ads,0,0,0.0,0.0,0.0,0.0,0.0,0.0
2026-03-24,NK,NK,Meta Ads,137889,154,188.98,21.0,0.0,0.0,8.99904761904762,0.11168403570988258
2026-03-24,GS,GS,Meta Ads,125221,276,180.66,143.0,0.0,0.0,1.2633566433566434,0.2204103145638511
2026-03-24,CS,CS,Meta Ads,27099,40,38.54,32.0,0.0,0.0,1.204375,0.14760692276467766
2026-03-24,GERAL,GERAL,Google Ads,174254,6024,909.8568910000001,3650.6969579999995,3.0,0.0032972218265037018,0.249228271058263,3.4570225073742926
2026-03-25,GERAL,GERAL,Google Ads,227667,6031,1240.0110539999998,4454.8138180000005,4.0,0.0032257776953656097,0.27835305910869823,2.649044437709462
2026-03-25,BS,BS,Meta Ads,157403,171,220.12,121.0,0.0,0.0,1.8191735537190084,0.1086383359910548
2026-03-25,CS,CS,Meta Ads,109175,200,176.64000000000001,138.0,0.0,0.0,1.28,0.18319212273872224
2026-03-25,GS,GS,Meta Ads,152197,318,212.36999999999998,156.0,0.0,0.0,1.3613461538461538,0.20893972942962083
2026-03-25,NK,NK,Meta Ads,142428,187,199.55,42.0,0.0,0.0,4.751190476190477,0.13129440840284212
2026-03-25,NS,NS,Meta Ads,279969,389,413.02,242.0,0.0,0.0,1.706694214876033,0.13894395450924923
2026-03-26,NK,NK,Meta Ads,147191,196,230.57999999999998,94.0,0.0,0.0,2.452978723404255,0.13316031550842103
2026-03-26,GERAL,GERAL,Google Ads,257254,5840,1635.364935,5352.599732000001,2.0,0.0012229686213737975,0.305527223570096,2.2701299105164545
2026-03-26,BS,BS,Meta Ads,135631,223,202.2,164.0,0.0,0.0,1.2329268292682927,0.16441668939991594
2026-03-26,CS,CS,Meta Ads,108191,198,173.77999999999997,134.0,0.0,0.0,1.2968656716417908,0.1830096773299073
2026-03-26,GS,GS,Meta Ads,111587,250,166.99,113.0,0.0,0.0,1.4777876106194692,0.22404043481767588
2026-03-26,NR,NR,Meta Ads,0,0,0.0,0.0,0.0,0.0,0.0,0.0
2026-03-26,NS,NS,Meta Ads,280060,415,414.03999999999996,306.0,0.0,0.0,1.3530718954248364,0.14818253231450404
2026-03-27,NK,NK,Meta Ads,157537,318,282.68,206.0,0.0,0.0,1.3722330097087378,0.20185734144994508
2026-03-27,GS,GS,Meta Ads,111706,276,173.12,125.0,0.0,0.0,1.38496,0.2470771489445509
2026-03-27,CS,CS,Meta Ads,111444,277,194.74,221.0,0.0,0.0,0.8811764705882353,0.24855532823660315
2026-03-27,NS,NS,Meta Ads,239429,346,367.09999999999997,233.0,0.0,0.0,1.5755364806866952,0.14451048118648951
2026-03-27,GERAL,GERAL,Google Ads,293984,6793,1959.193244,7143.388373,0.0,0.0,0.27426665633989605,2.3106699684336562
2026-03-27,BS,BS,Meta Ads,160812,210,243.31,148.0,0.0,0.0,1.6439864864864866,0.13058726960674577
2026-03-28,GERAL,GERAL,Google Ads,283614,9261,2025.5793709999998,8727.91323,0.5,0.00024684295622203,0.2320806036473394,3.2653536144195985
2026-03-28,Nacoes Shopping,Nacoes Shopping,TikTok Ads,0,0,0.0,0.0,0.0,0.0,0.0,0.0
2026-03-28,BS,BS,Meta Ads,181736,188,272.92,116.0,0.0,0.0,2.3527586206896554,0.10344675793458644
2026-03-28,CS,CS,Meta Ads,24774,234,63.31,212.0,0.0,0.0,0.2986320754716981,0.9445386292080407
2026-03-28,GS,GS,Meta Ads,85818,190,136.59,86.0,0.0,0.0,1.5882558139534884,0.22139877414994522
2026-03-28,NK,NK,Meta Ads,169660,407,288.72,279.0,0.0,0.0,1.0348387096774194,0.2398915478014853
2026-03-28,NS,NS,Meta Ads,248463,396,372.58000000000004,286.0,0.0,0.0,1.302727272727273,0.15937986742492846
2026-03-29,NS,NS,Meta Ads,206831,296,298.14000000000004,198.0,0.0,0.0,1.505757575757576,0.14311200932162008
2026-03-29,NK,NK,Meta Ads,180469,425,287.05,260.0,0.0,0.0,1.1040384615384615,0.2354975092675196
2026-03-29,GERAL,GERAL,Google Ads,256024,8298,1728.4823259999998,6453.645783,2.0,0.0011570844375529937,0.26783036815455785,3.241102396650314
2026-03-29,CS,CS,Meta Ads,28841,232,64.44,199.0,0.0,0.0,0.3238190954773869,0.8044103879893207
2026-03-29,BS,BS,Meta Ads,131657,99,187.89000000000001,56.0,0.0,0.0,3.3551785714285716,0.07519539409222449
2026-03-29,GS,GS,Meta Ads,79682,179,120.46999999999998,105.0,0.0,0.0,1.147333333333333,0.22464295574910267
2026-03-30,BS,BS,Meta Ads,98800,62,137.47,23.0,0.0,0.0,5.9769565217391305,0.06275303643724696
2026-03-30,CS,CS,Meta Ads,105633,439,216.04,380.0,0.0,0.0,0.5685263157894737,0.4155898251493378
2026-03-30,GS,GS,Meta Ads,72480,160,110.98,84.0,0.0,0.0,1.3211904761904762,0.22075055187637968
2026-03-30,NK,NK,Meta Ads,211646,455,356.54,283.0,0.0,0.0,1.2598586572438164,0.21498162025268608
2026-03-30,NR,NR,Meta Ads,15882,35,44.64,30.0,0.0,0.0,1.488,0.22037526759853926
2026-03-30,NS,NS,Meta Ads,185716,436,271.85999999999996,158.0,0.0,0.0,1.7206329113924048,0.23476706368864286
2026-03-30,GERAL,GERAL,Google Ads,237506,5884,1581.07768,5090.477887999999,2.0,0.001264959986026746,0.3105951375856365,2.477411096982813
2026-03-31,GERAL,GERAL,Google Ads,263050,5924,1647.5920660000002,5846.084687,2.0,0.001213892711231349,0.28182829264580583,2.252043337768485
2026-03-31,NS,NS,Meta Ads,207810,956,341.33,296.0,0.0,0.0,1.1531418918918919,0.4600356094509408
2026-03-31,BS,BS,Meta Ads,88930,60,131.18,25.0,0.0,0.0,5.2472,0.06746879568199708
2026-03-31,NK,NK,Meta Ads,250215,427,388.86,267.0,0.0,0.0,1.4564044943820225,0.17065323821513498
2026-03-31,CS,CS,Meta Ads,105799,376,226.04,311.0,0.0,0.0,0.7268167202572346,0.3553908827115568
2026-03-31,GS,GS,Meta Ads,77667,323,164.43,192.0,0.0,0.0,0.85640625,0.4158780434418736
2026-03-31,NR,NR,Meta Ads,31615,81,79.98,61.0,0.0,0.0,1.3111475409836066,0.25620749644156254
2026-04-01,BS,BS,Meta Ads,97809,84,130.97,30.0,0.0,0.0,4.365666666666667,0.0858816673312272
2026-04-01,CS,CS,Meta Ads,25845,195,56.97,171.0,0.0,0.0,0.3331578947368421,0.7544979686593152
2026-04-01,GS,GS,Meta Ads,92070,625,206.18,368.0,0.0,0.0,0.5602717391304348,0.6788313239926143
2026-04-01,NK,NK,Meta Ads,172918,364,249.98,213.0,0.0,0.0,1.1736150234741785,0.21050440092992054
2026-04-01,NR,NR,Meta Ads,40792,109,78.12,80.0,0.0,0.0,0.9765,0.2672092567170033
2026-04-01,NS,NS,Meta Ads,227692,1179,379.15999999999997,463.0,0.0,0.0,0.8189200863930884,0.5178047537902079
2026-04-01,Nacoes Shopping,Nacoes Shopping,TikTok Ads,0,0,0.0,0.0,0.0,0.0,0.0,0.0
2026-04-01,GERAL,GERAL,Google Ads,230485,6193,1510.5891400000003,5917.547210000001,1.666666,0.0011033218469980524,0.25527284977925846,2.686942751155173
2026-04-02,GERAL,GERAL,Google Ads,260341,7080,1574.024025,7604.554817,0.333334,0.00021177186288500268,0.2069843748750769,2.7195101808781557
2026-04-02,Nacoes Shopping,Nacoes Shopping,TikTok Ads,0,0,0.0,0.0,0.0,0.0,0.0,0.0
2026-04-02,BS,BS,Meta Ads,98532,59,127.21000000000001,29.0,0.0,0.0,4.386551724137932,0.05987902407339747
2026-04-02,NS,NS,Meta Ads,233107,1157,361.14000000000004,503.0,0.0,0.0,0.717972166998012,0.49633859129069485
2026-04-02,CS,CS,Meta Ads,87408,528,131.19,469.0,0.0,0.0,0.2797228144989339,0.6040637012630422
2026-04-02,GS,GS,Meta Ads,108475,558,206.58,342.0,0.0,0.0,0.6040350877192983,0.5144042406084351
2026-04-02,NK,NK,Meta Ads,133079,359,193.03,255.0,0.0,0.0,0.7569803921568627,0.26976457592858377
2026-04-02,NR,NR,Meta Ads,35850,114,89.86,103.0,0.0,0.0,0.8724271844660194,0.3179916317991632
2026-04-03,CS,CS,Meta Ads,163569,822,244.89,730.0,0.0,0.0,0.3354657534246575,0.5025402123874328
2026-04-03,GERAL,GERAL,Google Ads,254266,10081,1749.037185,8732.137200000001,6.5,0.0037163303649258893,0.20029886669668906,3.9647455813990073
2026-04-03,BS,BS,Meta Ads,109737,84,131.1,34.0,0.0,0.0,3.855882352941176,0.07654665245085979
2026-04-03,NK,NK,Meta Ads,123208,313,168.41,233.0,0.0,0.0,0.7227896995708154,0.25404194532822544
2026-04-03,NS,NS,Meta Ads,172003,1392,288.32,711.0,0.0,0.0,0.40551336146272854,0.8092882100893589
2026-04-03,NR,NR,Meta Ads,37845,131,74.15,117.0,0.0,0.0,0.6337606837606838,0.34614876469811073
2026-04-03,GS,GS,Meta Ads,166428,745,248.95,470.0,0.0,0.0,0.5296808510638298,0.447641021943423
2026-04-04,NS,NS,Meta Ads,147859,1376,247.85999999999999,792.0,0.0,0.0,0.31295454545454543,0.9306163304229028
2026-04-04,GS,GS,Meta Ads,175161,730,244.82,467.0,0.0,0.0,0.5242398286937902,0.41675943845947444
2026-04-04,CS,CS,Meta Ads,160534,798,237.58999999999997,701.0,0.0,0.0,0.3389300998573466,0.49709095892458915
2026-04-04,BS,BS,Meta Ads,112910,90,134.11,43.0,0.0,0.0,3.1188372093023258,0.07970950314409707
2026-04-04,GERAL,GERAL,Google Ads,261718,8529,1688.0876010000002,8243.750516,7.0,0.0041467042325607365,0.20477179625022027,3.2588511298420433
2026-04-04,NK,NK,Meta Ads,137789,371,175.43,270.0,0.0,0.0,0.6497407407407407,0.2692522625173272
2026-04-04,NR,NR,Meta Ads,40813,105,78.46000000000001,90.0,0.0,0.0,0.8717777777777779,0.2572709675838581
2026-04-05,GS,GS,Meta Ads,190920,767,267.69,470.0,0.0,0.0,0.5695531914893617,0.40173894825057616
2026-04-05,NR,NR,Meta Ads,45238,136,85.43,116.0,0.0,0.0,0.7364655172413793,0.3006322118572881
2026-04-05,NK,NK,Meta Ads,108201,368,137.14999999999998,254.0,0.0,0.0,0.5399606299212597,0.3401077624051534
2026-04-05,CS,CS,Meta Ads,128646,727,197.1,663.0,0.0,0.0,0.29728506787330317,0.5651166767719168
2026-04-05,BS,BS,Meta Ads,126933,107,141.3,41.0,0.0,0.0,3.4463414634146345,0.08429643985409625
2026-04-05,GERAL,GERAL,Google Ads,299575,8478,1635.204714,7084.741605,1.0,0.0006115442252816304,0.23080654244975812,2.830009179671201
2026-04-05,NS,NS,Meta Ads,163091,1087,262.24,760.0,0.0,0.0,0.3450526315789474,0.6664990710707519
2026-04-06,GERAL,GERAL,Google Ads,310128,6053,1649.475702,7199.606576,1.0,0.0006062532468877799,0.2291063663809843,1.9517747510705257
2026-04-06,NK,NK,Meta Ads,71984,259,101.22,199.0,0.0,0.0,0.508643216080402,0.35980217826183597
2026-04-06,NS,NS,Meta Ads,146783,1133,252.26000000000002,688.0,0.0,0.0,0.36665697674418607,0.7718877526689057
2026-04-06,NR,NR,Meta Ads,143257,240,234.68,204.0,0.0,0.0,1.150392156862745,0.16753108050566465
2026-04-06,GS,GS,Meta Ads,198665,785,297.94000000000005,478.0,0.0,0.0,0.623305439330544,0.39513754310019383
2026-04-06,CS,CS,Meta Ads,113555,649,179.63,605.0,0.0,0.0,0.2969090909090909,0.5715292149178812
2026-04-06,BS,BS,Meta Ads,132694,125,150.87,53.0,0.0,0.0,2.846603773584906,0.09420169713777564
2026-04-07,NS,NS,Meta Ads,152244,1174,275.81,746.0,0.0,0.0,0.36971849865951745,0.7711305535850346
2026-04-07,GERAL,GERAL,Google Ads,274649,4559,1574.101933,6183.659532,3.0,0.0019058486220663324,0.25455831208916563,1.659936864871163
2026-04-07,NR,NR,Meta Ads,228318,443,353.61000000000007,359.0,0.0,0.0,0.9849860724233985,0.19402762813269214
2026-04-07,NK,NK,Meta Ads,71086,407,116.18,374.0,0.0,0.0,0.31064171122994655,0.5725459302816307
2026-04-07,GS,GS,Meta Ads,189131,792,318.76000000000005,524.0,0.0,0.0,0.608320610687023,0.41875736923085055
2026-04-07,CS,CS,Meta Ads,112885,774,190.06,698.0,0.0,0.0,0.27229226361031517,0.6856535412145103
2026-04-07,BS,BS,Meta Ads,141322,376,223.07,288.0,0.0,0.0,0.7745486111111111,0.26605907077454327
2026-04-08,GERAL,GERAL,Google Ads,411230,5881,1896.54905,7406.786047,4.0,0.002109093882913284,0.25605560062966404,1.4300999440702284
2026-04-08,BS,BS,Meta Ads,133053,533,241.22000000000003,439.0,0.0,0.0,0.5494760820045559,0.40059224519552356
2026-04-08,NS,NS,Meta Ads,139956,1090,260.06,702.0,0.0,0.0,0.37045584045584046,0.778816199376947
2026-04-08,NR,NR,Meta Ads,344971,588,514.55,501.0,0.0,0.0,1.0270459081836327,0.17044911021506154
2026-04-08,NK,NK,Meta Ads,94758,636,173.84,609.0,0.0,0.0,0.2854515599343186,0.6711834356993605
2026-04-08,GS,GS,Meta Ads,195961,998,346.97999999999996,711.0,0.0,0.0,0.48801687763713075,0.5092850107929638
2026-04-08,CS,CS,Meta Ads,127551,782,221.48,719.0,0.0,0.0,0.30803894297635603,0.6130880980940957
2026-04-09,Nacoes Shopping,Nacoes Shopping,TikTok Ads,0,0,0.0,0.0,0.0,0.0,0.0,0.0
2026-04-09,NS,NS,Meta Ads,127710,985,236.1,664.0,0.0,0.0,0.3555722891566265,0.7712786782554225
2026-04-09,NR,NR,Meta Ads,216492,503,373.14000000000004,450.0,0.0,0.0,0.8292,0.23234114886462315
2026-04-09,NK,NK,Meta Ads,83361,574,165.25,541.0,0.0,0.0,0.305452865064695,0.6885713942970934
2026-04-09,GS,GS,Meta Ads,145449,896,296.75,618.0,0.0,0.0,0.4801779935275081,0.6160234858953998
2026-04-09,CS,CS,Meta Ads,144277,877,263.90999999999997,724.0,0.0,0.0,0.3645165745856353,0.6078584944239207
2026-04-09,BS,BS,Meta Ads,148693,581,257.08,473.0,0.0,0.0,0.5435095137420718,0.39073796345490375
2026-04-09,GERAL,GERAL,Google Ads,456746,10002,2142.58635,8185.820458,8.231463999999999,0.0038418353594010337,0.2617436286311473,2.1898385535943388
2026-04-10,GERAL,GERAL,Google Ads,436152,10993,2269.472564,9123.153909,8.0,0.003525048122150376,0.2487596489807284,2.5204515856857244
2026-04-10,CS,CS,Meta Ads,169147,843,284.87,744.0,0.0,0.0,0.38288978494623654,0.49838306325267373
2026-04-10,BS,BS,Meta Ads,176967,621,296.16999999999996,541.0,0.0,0.0,0.5474491682070239,0.3509128820627575
2026-04-10,GS,GS,Meta Ads,143337,852,292.01,588.0,0.0,0.0,0.4966156462585034,0.5944033989828167
2026-04-10,NK,NK,Meta Ads,85969,550,173.29,565.0,0.0,0.0,0.3067079646017699,0.639765496865149
2026-04-10,NR,NR,Meta Ads,216612,409,388.91999999999996,342.0,0.0,0.0,1.1371929824561402,0.18881687071815043
2026-04-10,NS,NS,Meta Ads,115652,708,241.41999999999996,536.0,0.0,0.0,0.45041044776119393,0.6121813717013108
2026-04-11,GS,GS,Meta Ads,192906,1148,352.21999999999997,780.0,0.0,0.0,0.4515641025641025,0.5951084984396546
2026-04-11,BS,BS,Meta Ads,193721,675,322.38,586.0,0.0,0.0,0.5501365187713311,0.3484392502619747
2026-04-11,CS,CS,Meta Ads,175434,1000,291.57,905.0,0.0,0.0,0.3221767955801105,0.570014934391281
2026-04-11,NK,NK,Meta Ads,92551,651,185.96,655.0,0.0,0.0,0.2839083969465649,0.703395965467688
2026-04-11,GERAL,GERAL,Google Ads,470811,15310,2556.679408,11064.855962,14.635238999999999,0.005724315279501011,0.23106305376051853,3.251835662293362
2026-04-11,NS,NS,Meta Ads,126093,885,264.87,684.0,0.0,0.0,0.38723684210526316,0.7018629107087625
2026-04-11,NR,NR,Meta Ads,243659,521,419.4,441.0,0.0,0.0,0.9510204081632653,0.21382341715266007
2026-04-12,NR,NR,Meta Ads,265437,579,432.98,507.0,0.0,0.0,0.8540039447731755,0.2181308559093118
2026-04-12,BS,BS,Meta Ads,218614,628,332.77000000000004,513.0,0.0,0.0,0.648674463937622,0.28726431061139723
2026-04-12,CS,CS,Meta Ads,180844,1106,297.4,967.0,0.0,0.0,0.3075491209927611,0.6115768286478954
2026-04-12,NS,NS,Meta Ads,115085,1014,240.54999999999998,779.0,0.0,0.0,0.308793324775353,0.8810878915584134
2026-04-12,GS,GS,Meta Ads,184507,1145,337.65000000000003,764.0,0.0,0.0,0.44195026178010477,0.6205726611998461
2026-04-12,NK,NK,Meta Ads,79436,660,157.95999999999998,638.0,0.0,0.0,0.2475862068965517,0.830857545697165
2026-04-12,GERAL,GERAL,Google Ads,526369,14428,2411.1909789999995,9023.631518,7.5,0.003110496043374589,0.26720849296541493,2.741042880564775
2026-04-13,BS,BS,Meta Ads,200540,557,303.21000000000004,422.0,0.0,0.0,0.7185071090047395,0.27775007479804525
2026-04-13,GERAL,GERAL,Google Ads,511362,10683,2203.291011,6572.882310999999,9.117721,0.004138228202484143,0.3352092593096788,2.0891266852053927
2026-04-13,CS,CS,Meta Ads,175190,1060,279.48,926.0,0.0,0.0,0.3018142548596113,0.6050573662880301
2026-04-13,GS,GS,Meta Ads,174918,1290,318.59999999999997,952.0,0.0,0.0,0.33466386554621846,0.7374884231468459
2026-04-13,NK,NK,Meta Ads,71357,650,136.18,692.0,0.0,0.0,0.1967919075144509,0.9109127345600291
2026-04-13,NR,NR,Meta Ads,246778,566,373.97999999999996,443.0,0.0,0.0,0.844198645598194,0.22935593934629503
2026-04-13,NS,NS,Meta Ads,94838,823,219.19,645.0,0.0,0.0,0.33982945736434106,0.8677956093548999
2026-04-14,NK,NK,Meta Ads,75144,566,142.21,574.0,0.0,0.0,0.24775261324041814,0.7532204833386564
2026-04-14,BS,BS,Meta Ads,182654,474,287.42,387.0,0.0,0.0,0.742687338501292,0.25950704610903674
2026-04-14,CS,CS,Meta Ads,156628,941,271.56,829.0,0.0,0.0,0.3275753920386007,0.6007865771126492
2026-04-14,GS,GS,Meta Ads,160329,1080,294.70000000000005,798.0,0.0,0.0,0.3692982456140351,0.673614879404225
2026-04-14,NR,NR,Meta Ads,224099,433,339.49,345.0,0.0,0.0,0.9840289855072464,0.19321817589547477
2026-04-14,NS,NS,Meta Ads,106334,799,250.12,619.0,0.0,0.0,0.4040710823909532,0.751405947298136
2026-04-14,GERAL,GERAL,Google Ads,476337,6004,2251.1566999999995,7118.395334000001,8.2,0.0036425718387351714,0.3162449673520759,1.2604521588707154
2026-04-15,CS,CS,Meta Ads,151138,899,273.27,786.0,0.0,0.0,0.3476717557251908,0.5948206275059879
2026-04-15,NS,NS,Meta Ads,110566,819,234.57,594.0,0.0,0.0,0.39489898989898986,0.7407340412061574
2026-04-15,NR,NR,Meta Ads,212297,433,328.74,330.0,0.0,0.0,0.9961818181818182,0.20395954723806745
2026-04-15,GERAL,GERAL,Google Ads,479384,4527,2299.571187,7571.101382999999,11.0,0.004783500533571436,0.30373007448604655,0.9443368990204095
2026-04-15,NK,NK,Meta Ads,70297,598,144.9,615.0,0.0,0.0,0.235609756097561,0.8506764157787672
2026-04-15,BS,BS,Meta Ads,177121,492,293.21,375.0,0.0,0.0,0.7818933333333333,0.27777620948391213
2026-04-15,GS,GS,Meta Ads,161891,996,292.90000000000003,743.0,0.0,0.0,0.39421265141318984,0.6152287650332631
2026-04-16,NK,NK,Meta Ads,74050,561,145.84,584.0,0.0,0.0,0.24972602739726027,0.7575962187711006
2026-04-16,BS,BS,Meta Ads,174782,468,297.78,380.0,0.0,0.0,0.7836315789473683,0.26776212653476905
2026-04-16,GERAL,GERAL,Google Ads,475865,4495,2269.62743,7580.7246000000005,5.0,0.0022030047460256507,0.2993945235789201,0.9445956311138664
2026-04-16,CS,CS,Meta Ads,148210,877,275.38,763.0,0.0,0.0,0.36091743119266056,0.5917279535793806
2026-04-16,NS,NS,Meta Ads,110784,760,246.36,570.0,0.0,0.0,0.4322105263157895,0.6860196418255343
2026-04-16,NR,NR,Meta Ads,203103,395,324.23,304.0,0.0,0.0,1.066546052631579,0.19448260242340093
2026-04-16,GS,GS,Meta Ads,163639,1000,298.31,755.0,0.0,0.0,0.39511258278145694,0.6111012655907211
2026-04-17,GERAL,GERAL,Google Ads,470804,4956,2305.2429680000005,8998.027526,4.0,0.0017351750143154538,0.25619425605655793,1.0526673520190992
2026-04-17,NS,NS,Meta Ads,112299,773,241.14999999999998,651.0,0.0,0.0,0.37043010752688166,0.688340946936304
2026-04-17,NR,NR,Meta Ads,221311,453,356.48,365.0,0.0,0.0,0.9766575342465754,0.20468932859189107
2026-04-17,NK,NK,Meta Ads,83838,597,160.02999999999997,621.0,0.0,0.0,0.2576972624798711,0.7120875975094826
2026-04-17,CS,CS,Meta Ads,150201,971,290.61,833.0,0.0,0.0,0.3488715486194478,0.646467067462933
2026-04-17,BS,BS,Meta Ads,184582,571,320.74999999999994,475.0,0.0,0.0,0.6752631578947367,0.30934760702560377
2026-04-17,GS,GS,Meta Ads,160208,1068,295.55,769.0,0.0,0.0,0.38433029908972693,0.6666333766104064
2026-04-18,BS,BS,Meta Ads,216972,631,364.49000000000007,520.0,0.0,0.0,0.7009423076923078,0.29082093542023857
2026-04-18,NR,NR,Meta Ads,285867,595,450.52,474.0,0.0,0.0,0.9504641350210971,0.20813874983821148
2026-04-18,NK,NK,Meta Ads,116443,699,192.09,716.0,0.0,0.0,0.26828212290502795,0.6002937059333752
2026-04-18,GS,GS,Meta Ads,182258,1251,324.31,898.0,0.0,0.0,0.36114699331848554,0.6863896235007516
2026-04-18,CS,CS,Meta Ads,171308,1005,317.83,899.0,0.0,0.0,0.3535372636262514,0.5866626193756276
2026-04-18,GERAL,GERAL,Google Ads,489943,8475,2475.8638569999994,12694.898604,10.0,0.004038994297577002,0.19502824986880055,1.7297930575597569
2026-04-18,NS,NS,Meta Ads,126493,893,258.51,745.0,0.0,0.0,0.346993288590604,0.705967919173393
2026-04-19,GERAL,GERAL,Google Ads,480288,8489,2262.051883,12249.673167,5.0,0.0022103825458542766,0.1846622234047724,1.767481177959891
2026-04-19,NK,NK,Meta Ads,93055,477,152.33999999999997,480.0,0.0,0.0,0.31737499999999996,0.5126000752243297
2026-04-19,BS,BS,Meta Ads,176650,377,256.76,300.0,0.0,0.0,0.8558666666666667,0.2134163600339655
2026-04-19,CS,CS,Meta Ads,156456,981,265.5,901.0,0.0,0.0,0.2946725860155383,0.6270133456051542
2026-04-19,GS,GS,Meta Ads,78010,998,155.33999999999997,673.0,0.0,0.0,0.23081723625557202,1.279323163696962
2026-04-19,NR,NR,Meta Ads,210591,375,276.37,293.0,0.0,0.0,0.9432423208191126,0.17807028790404147
2026-04-19,NS,NS,Meta Ads,63154,707,157.39000000000001,564.0,0.0,0.0,0.2790602836879433,1.1194857016182664
2026-04-20,GERAL,GERAL,Google Ads,143509,5665,873.104791,4874.0469140000005,0.0,0.0,0.1791334401177247,3.9474876140172395
2026-04-20,BS,BS,Meta Ads,104099,154,128.51999999999998,118.0,0.0,0.0,1.0891525423728812,0.14793609929009885
2026-04-20,CS,CS,Meta Ads,188554,864,259.07,758.0,0.0,0.0,0.3417810026385224,0.4582241692035173
2026-04-20,GS,GS,Meta Ads,52710,757,118.41,508.0,0.0,0.0,0.23309055118110236,1.4361601214190856
2026-04-20,NK,NK,Meta Ads,68209,253,106.19,234.0,0.0,0.0,0.4538034188034188,0.37091879370757525
2026-04-20,NR,NR,Meta Ads,170506,283,198.3,223.0,0.0,0.0,0.889237668161435,0.16597656387458506
2026-04-20,NS,NS,Meta Ads,36258,556,113.58,434.0,0.0,0.0,0.261705069124424,1.5334546858624303
2026-04-21,GS,GS,Meta Ads,124850,887,193.74999999999997,545.0,0.0,0.0,0.3555045871559632,0.710452543051662
2026-04-21,NS,NS,Meta Ads,112990,670,197.62,524.0,0.0,0.0,0.37713740458015266,0.5929728294539339
2026-04-21,NK,NK,Meta Ads,67889,241,107.35,205.0,0.0,0.0,0.5236585365853659,0.3549912356935586
2026-04-21,CS,CS,Meta Ads,290903,992,371.59000000000003,860.0,0.0,0.0,0.43208139534883727,0.3410071398369903
2026-04-21,NR,NR,Meta Ads,171466,268,197.32999999999998,199.0,0.0,0.0,0.9916080402010049,0.15629920800625197
2026-04-21,BS,BS,Meta Ads,102536,153,126.08,104.0,0.0,0.0,1.2123076923076923,0.14921588515253179
2026-04-21,GERAL,GERAL,Google Ads,129831,7664,721.1263510000001,5430.7022830000005,2.0,0.0027734390751725556,0.13278694235502064,5.903058591553635
2026-04-22,BS,BS,Meta Ads,150860,209,192.13,175.0,0.0,0.0,1.0978857142857144,0.1385390428211587
2026-04-22,CS,CS,Meta Ads,256956,853,348.96,743.0,0.0,0.0,0.4696635262449529,0.3319634489951587
2026-04-22,GS,GS,Meta Ads,185697,783,266.38,451.0,0.0,0.0,0.5906430155210642,0.4216546309310328
2026-04-22,NK,NK,Meta Ads,63902,212,99.71000000000001,169.0,0.0,0.0,0.5900000000000001,0.33175800444430537
2026-04-22,NR,NR,Meta Ads,159703,280,185.03,220.0,0.0,0.0,0.8410454545454545,0.17532544786259496
2026-04-22,NS,NS,Meta Ads,166674,663,253.60999999999999,505.0,0.0,0.0,0.5021980198019802,0.3977824975701069
2026-04-22,GERAL,GERAL,Google Ads,107414,3571,540.2736160000001,3321.5757569999996,1.0,0.0018509140005829932,0.16265581625269554,3.3245200811812237
2026-04-23,BS,BS,Meta Ads,180905,241,247.20000000000002,181.0,0.0,0.0,1.3657458563535914,0.13321909289406042
2026-04-23,GERAL,GERAL,Google Ads,132873,4067,602.6940010000001,3778.090889,2.5,0.004148041951391515,0.1595234256419711,3.060817472323196
2026-04-23,NS,NS,Meta Ads,156514,561,260.40999999999997,390.0,0.0,0.0,0.6677179487179487,0.3584343892559132
2026-04-23,NR,NR,Meta Ads,151211,261,188.67,203.0,0.0,0.0,0.9294088669950739,0.17260649026856512
2026-04-23,NK,NK,Meta Ads,59036,186,98.46000000000001,151.0,0.0,0.0,0.6520529801324504,0.31506199607019447
2026-04-23,CS,CS,Meta Ads,303292,1032,461.11,826.0,0.0,0.0,0.5582445520581114,0.3402661461561795
2026-04-23,GS,GS,Meta Ads,137975,582,226.92,345.0,0.0,0.0,0.6577391304347826,0.4218155462946186
2026-04-24,GERAL,GERAL,Google Ads,161757,5640,723.921936,4600.86055,4.5,0.006216139857378213,0.15734489844513977,3.4867115488046885
2026-04-24,NK,NK,Meta Ads,48214,212,103.35000000000001,204.0,0.0,0.0,0.5066176470588236,0.4397063093707222
2026-04-24,BS,BS,Meta Ads,216072,250,318.2,188.0,0.0,0.0,1.6925531914893617,0.11570217334962421
2026-04-24,CS,CS,Meta Ads,386479,1235,671.88,973.0,0.0,0.0,0.6905241521068859,0.3195516444619242
2026-04-24,GS,GS,Meta Ads,47923,535,107.60000000000001,369.0,0.0,0.0,0.29159891598915993,1.1163741835861696
2026-04-24,NR,NR,Meta Ads,148764,214,191.04999999999998,163.0,0.0,0.0,1.1720858895705522,0.14385200720604446
2026-04-24,NS,NS,Meta Ads,129562,552,255.45,444.0,0.0,0.0,0.5753378378378378,0.42605084824254025
2026-04-25,NR,NR,Meta Ads,162407,277,204.39999999999998,204.0,0.0,0.0,1.0019607843137255,0.17055915077552078
2026-04-25,GERAL,GERAL,Google Ads,182388,8505,755.583902,6350.400543,8.0,0.010587838066460024,0.11898208575723221,4.663135732613988
2026-04-25,BS,BS,Meta Ads,194715,286,288.97,224.0,0.0,0.0,1.290044642857143,0.1468813393934725
2026-04-25,CS,CS,Meta Ads,180073,826,341.2,719.0,0.0,0.0,0.47454798331015297,0.4587028593959116
2026-04-25,GS,GS,Meta Ads,53949,635,121.34,437.0,0.0,0.0,0.2776659038901602,1.1770375725221969
2026-04-25,NK,NK,Meta Ads,57859,223,112.24,197.0,0.0,0.0,0.569746192893401,0.3854197272680136
2026-04-25,NS,NS,Meta Ads,119460,686,252.70999999999998,539.0,0.0,0.0,0.4688497217068645,0.5742507952452703
2026-04-26,NS,NS,Meta Ads,63920,603,159.11,463.0,0.0,0.0,0.3436501079913607,0.9433667083854819
2026-04-26,NR,NR,Meta Ads,176493,311,211.83999999999997,218.0,0.0,0.0,0.9717431192660549,0.17621095454210647
2026-04-26,NK,NK,Meta Ads,56916,162,93.05000000000001,138.0,0.0,0.0,0.6742753623188407,0.2846299810246679
2026-04-26,GS,GS,Meta Ads,56873,677,126.0,445.0,0.0,0.0,0.28314606741573034,1.1903715295482917
2026-04-26,BS,BS,Meta Ads,118117,175,151.45999999999998,134.0,0.0,0.0,1.1302985074626863,0.14815818214143603
2026-04-26,GERAL,GERAL,Google Ads,172130,9199,704.869461,5614.489267999999,11.879449,0.01685340287426639,0.12554471606481304,5.344216580491489
2026-04-26,CS,CS,Meta Ads,98227,629,200.41,579.0,0.0,0.0,0.3461312607944732,0.6403534669693668
2026-04-27,GERAL,GERAL,Google Ads,169998,6144,715.6146499999999,4344.753328999999,7.008564000000001,0.009793768196333043,0.16470777413840149,3.6141601665901955
2026-04-27,BS,BS,Meta Ads,129375,579,202.13,539.0,0.0,0.0,0.37500927643784787,0.447536231884058
2026-04-27,CS,CS,Meta Ads,106637,545,203.34,504.0,0.0,0.0,0.40345238095238095,0.5110796440259947
2026-04-27,GS,GS,Meta Ads,82710,652,179.19,470.0,0.0,0.0,0.3812553191489362,0.7882964575021159
2026-04-27,NK,NK,Meta Ads,70228,333,129.9,300.0,0.0,0.0,0.433,0.47416984678475815
2026-04-27,NR,NR,Meta Ads,67414,152,95.35,126.0,0.0,0.0,0.7567460317460317,0.22547245379298067
2026-04-27,NS,NS,Meta Ads,59973,697,178.24,571.0,0.0,0.0,0.31215411558669004,1.1621896520100712
2026-04-28,NR,NR,Meta Ads,30227,690,74.2,683.0,0.0,0.0,0.10863836017569546,2.2827273629536506
2026-04-28,GERAL,GERAL,Google Ads,162681,6503,783.314592,4712.188029000001,7.519919999999999,0.009600127556413502,0.1662316077328161,3.9973936722788768
2026-04-28,BS,BS,Meta Ads,20546,86,31.28,80.0,0.0,0.0,0.391,0.4185729582400467
2026-04-28,CS,CS,Meta Ads,112389,573,224.58999999999997,538.0,0.0,0.0,0.41745353159851295,0.5098363718869284
2026-04-28,GS,GS,Meta Ads,94396,750,229.04,581.0,0.0,0.0,0.3942168674698795,0.7945251917454129
2026-04-28,NS,NS,Meta Ads,61821,738,188.44,609.0,0.0,0.0,0.30942528735632185,1.1937691075848011
2026-04-28,NK,NK,Meta Ads,84813,509,163.70999999999998,451.0,0.0,0.0,0.36299334811529926,0.6001438458726847
2026-04-29,CS,CS,Meta Ads,107458,482,220.57,429.0,0.0,0.0,0.5141491841491841,0.44854733942563607
2026-04-29,GERAL,GERAL,Google Ads,156630,5697,1042.07344,5104.47092,1.0,0.0009596252640312953,0.20414915793074984,3.6372342463129668
2026-04-29,BS,BS,Meta Ads,102233,387,183.20999999999998,346.0,0.0,0.0,0.5295086705202312,0.3785470444963955
2026-04-29,GS,GS,Meta Ads,101258,666,224.85999999999999,484.0,0.0,0.0,0.4645867768595041,0.6577258093187699
2026-04-29,NK,NK,Meta Ads,79546,376,159.14,335.0,0.0,0.0,0.47504477611940293,0.4726824730344706
2026-04-29,NR,NR,Meta Ads,28777,535,60.47,526.0,0.0,0.0,0.11496197718631178,1.859123605657296
2026-04-29,NS,NS,Meta Ads,58825,639,184.5,544.0,0.0,0.0,0.3391544117647059,1.0862728431789206
2026-04-30,GERAL,GERAL,Google Ads,260027,7780,1510.852052,6252.859655,35.890149,0.023754906347375437,0.2416257737036959,2.9919969849284884
2026-04-30,BS,BS,Meta Ads,167453,492,295.59000000000003,411.0,0.0,0.0,0.7191970802919708,0.2938137865550334
2026-04-30,CS,CS,Meta Ads,101926,614,224.28,577.0,0.0,0.0,0.3887001733102253,0.6023978180248415
2026-04-30,GS,GS,Meta Ads,99558,344,192.79,222.0,0.0,0.0,0.8684234234234234,0.34552723035818317
2026-04-30,NK,NK,Meta Ads,100070,274,198.61999999999998,234.0,0.0,0.0,0.8488034188034187,0.27380833416608374
2026-04-30,NR,NR,Meta Ads,27444,342,55.25,324.0,0.0,0.0,0.1705246913580247,1.2461740271097508
2026-04-30,NS,NS,Meta Ads,48302,373,133.42,290.0,0.0,0.0,0.46006896551724136,0.7722247525982361
2026-04-30,Nacoes Shopping,Nacoes Shopping,TikTok Ads,15978,631,39.5,0.0,0.0,0.0,0.0,3.9491801226686696
2026-05-01,NK,NK,Meta Ads,162771,501,292.73,440.0,0.0,0.0,0.6652954545454546,0.30779438597784614
2026-05-01,NS,NS,Meta Ads,42622,308,91.64,261.0,0.0,0.0,0.3511111111111111,0.7226315048566468
2026-05-01,NR,NR,Meta Ads,26410,383,59.83,362.0,0.0,0.0,0.16527624309392264,1.4502082544490722
2026-05-01,Nacoes Shopping,Nacoes Shopping,TikTok Ads,42803,2266,103.41,0.0,0.0,0.0,0.0,5.29402144709483
2026-05-01,GS,GS,Meta Ads,117369,340,201.66000000000003,238.0,0.0,0.0,0.847310924369748,0.28968466971687584
2026-05-01,CS,CS,Meta Ads,102821,766,203.10999999999999,703.0,0.0,0.0,0.2889189189189189,0.744984001322687
2026-05-01,BS,BS,Meta Ads,227645,544,329.65999999999997,433.0,0.0,0.0,0.761339491916859,0.23896856948318657
2026-05-01,GERAL,GERAL,Google Ads,294288,10733,1462.5705809999997,9646.909908,59.341120554,0.040573167083278024,0.15161026639080744,3.6471075952808136
2026-05-02,GERAL,GERAL,Google Ads,172529,8936,892.540736,6821.172104,43.947369122,0.04923850234439047,0.13084858766085167,5.179419112149262
2026-05-02,Nacoes Shopping,Nacoes Shopping,TikTok Ads,39451,2212,102.57,0.0,0.0,0.0,0.0,5.60695546373983
2026-05-02,GS,GS,Meta Ads,131608,414,204.69,264.0,0.0,0.0,0.7753409090909091,0.31457054282414443
2026-05-02,CS,CS,Meta Ads,106281,550,173.76000000000002,509.0,0.0,0.0,0.34137524557956783,0.5174960717343645
2026-05-02,NS,NS,Meta Ads,47357,248,88.89,207.0,0.0,0.0,0.42942028985507247,0.5236818210613003
2026-05-02,NR,NR,Meta Ads,36871,435,69.31,417.0,0.0,0.0,0.16621103117505995,1.1797889940603725
2026-05-02,NK,NK,Meta Ads,182693,502,293.86,428.0,0.0,0.0,0.686588785046729,0.27477790610477687
2026-05-02,BS,BS,Meta Ads,47793,152,70.04,137.0,0.0,0.0,0.5112408759124089,0.3180382064319043
2026-05-03,CS,CS,Meta Ads,101000,466,164.76000000000002,438.0,0.0,0.0,0.3761643835616439,0.46138613861386135
2026-05-03,GS,GS,Meta Ads,134883,400,203.16,255.0,0.0,0.0,0.7967058823529412,0.2965533091642386
2026-05-03,NK,NK,Meta Ads,189220,652,291.46,598.0,0.0,0.0,0.48739130434782607,0.34457245534298697
2026-05-03,NR,NR,Meta Ads,37163,469,61.92,444.0,0.0,0.0,0.13945945945945945,1.262007911094368
2026-05-03,NS,NS,Meta Ads,47570,288,90.10000000000001,236.0,0.0,0.0,0.3817796610169492,0.6054235862938827
2026-05-03,Nacoes Shopping,Nacoes Shopping,TikTok Ads,41301,2718,100.91,0.0,0.0,0.0,0.0,6.5809544563085645
2026-05-03,GERAL,GERAL,Google Ads,1250,105,5.569232,51.666667000000004,0.0,0.0,0.1077915864013446,8.4
2026-05-03,BS,BS,Meta Ads,0,0,0.0,0.0,0.0,0.0,0.0,0.0
2026-05-04,Nacoes Shopping,Nacoes Shopping,TikTok Ads,16914,1013,49.84,0.0,0.0,0.0,0.0,5.989121437862126
2026-05-04,GERAL,GERAL,Google Ads,1066,41,17.991277000000004,17.0,0.0,0.0,1.0583104117647062,3.8461538461538463
2026-05-04,NK,NK,Meta Ads,194335,579,327.75,505.0,0.0,0.0,0.649009900990099,0.29793912573648595
2026-05-04,CS,CS,Meta Ads,119761,277,180.29,220.0,0.0,0.0,0.8195,0.23129399387112667
2026-05-04,GS,GS,Meta Ads,119063,485,196.35000000000005,371.0,0.0,0.0,0.5292452830188681,0.407347370719703
2026-05-04,NR,NR,Meta Ads,33715,456,58.79,447.0,0.0,0.0,0.13152125279642057,1.3525137179297049
2026-05-04,NS,NS,Meta Ads,65855,315,128.23,272.0,0.0,0.0,0.4714338235294117,0.47832358970465416
2026-05-04,BS,BS,Meta Ads,0,0,0.0,0.0,0.0,0.0,0.0,0.0
2026-05-05,GERAL,GERAL,Google Ads,448,21,10.107413,9.0,0.0,0.0,1.1230458888888888,4.6875
2026-05-05,Nacoes Shopping,Nacoes Shopping,TikTok Ads,11939,42,21.51,0.0,0.0,0.0,0.0,0.3517882569729458
2026-05-05,BS,BS,Meta Ads,0,0,0.0,0.0,0.0,0.0,0.0,0.0
2026-05-05,CS,CS,Meta Ads,140399,290,229.85999999999999,227.0,0.0,0.0,1.0125991189427312,0.2065541777363087
2026-05-05,GS,GS,Meta Ads,115012,400,191.54000000000002,269.0,0.0,0.0,0.7120446096654276,0.34778979584738984
2026-05-05,NR,NR,Meta Ads,30126,370,56.050000000000004,352.0,0.0,0.0,0.15923295454545455,1.228174998340304
2026-05-05,NK,NK,Meta Ads,378497,732,573.88,649.0,0.0,0.0,0.8842526964560863,0.1933965130503016
2026-05-05,NS,NS,Meta Ads,90362,399,175.70999999999998,358.0,0.0,0.0,0.49081005586592175,0.4415572917819437
2026-05-06,BS,BS,Meta Ads,0,0,0.0,0.0,0.0,0.0,0.0,0.0
2026-05-06,Nacoes Shopping,Nacoes Shopping,TikTok Ads,33497,1146,89.96000000000001,0.0,0.0,0.0,0.0,3.4212018986774937
2026-05-06,GERAL,GERAL,Google Ads,179,7,1.591852,2.0,0.0,0.0,0.795926,3.910614525139665
2026-05-06,NS,NS,Meta Ads,77885,323,160.28,276.0,0.0,0.0,0.5807246376811595,0.4147140014123387
2026-05-06,NR,NR,Meta Ads,29390,295,58.269999999999996,281.0,0.0,0.0,0.2073665480427046,1.0037427696495407
2026-05-06,NK,NK,Meta Ads,460200,821,665.6700000000001,717.0,0.0,0.0,0.9284100418410043,0.17840069534984787
2026-05-06,GS,GS,Meta Ads,147104,392,242.12,263.0,0.0,0.0,0.9206083650190114,0.2664781379160322
2026-05-06,CS,CS,Meta Ads,129948,308,224.38000000000002,231.0,0.0,0.0,0.9713419913419914,0.2370178840767076
2026-05-07,Nacoes Shopping,Nacoes Shopping,TikTok Ads,42875,2378,128.81,0.0,0.0,0.0,0.0,5.5463556851311955
2026-05-07,NS,NS,Meta Ads,81621,406,180.50000000000003,339.0,0.0,0.0,0.5324483775811211,0.49742100684872764
2026-05-07,NR,NR,Meta Ads,28145,382,57.03999999999999,361.0,0.0,0.0,0.15800554016620497,1.3572570616450523
2026-05-07,BS,BS,Meta Ads,125770,393,244.28000000000003,321.0,0.0,0.0,0.7609968847352026,0.31247515305716783
2026-05-07,NK,NK,Meta Ads,427020,777,652.37,671.0,0.0,0.0,0.9722354694485842,0.18195869045946325
2026-05-07,CS,CS,Meta Ads,127690,298,225.74999999999997,248.0,0.0,0.0,0.910282258064516,0.23337771164539117
2026-05-07,GERAL,GERAL,Google Ads,169601,3594,2594.877105,4720.3849390000005,23.640962497,0.009110628958668932,0.5497172663951676,2.1190912789429306
2026-05-07,GS,GS,Meta Ads,206042,486,355.28999999999996,353.0,0.0,0.0,1.0064872521246457,0.23587423923277778
2026-05-08,BS,BS,Meta Ads,187539,547,355.81,454.0,0.0,0.0,0.7837224669603524,0.29167266541892617
2026-05-08,CS,CS,Meta Ads,321138,669,649.12,502.0,0.0,0.0,1.2930677290836654,0.2083216561104572
2026-05-08,GS,GS,Meta Ads,189199,487,343.40999999999997,330.0,0.0,0.0,1.0406363636363636,0.2574009376370911
2026-05-08,NK,NK,Meta Ads,129930,323,232.10999999999999,276.0,0.0,0.0,0.8409782608695652,0.24859539752174245
2026-05-08,NS,NS,Meta Ads,247429,716,511.35,436.0,0.0,0.0,1.1728211009174312,0.2893759421894766
2026-05-08,NR,NR,Meta Ads,50285,219,88.77000000000001,197.0,0.0,0.0,0.4506091370558376,0.4355175499651984
2026-05-08,Nacoes Shopping,Nacoes Shopping,TikTok Ads,39762,2452,117.16,0.0,0.0,0.0,0.0,6.166691816307027
2026-05-08,GERAL,GERAL,Google Ads,210613,4244,2767.991545,5995.046883999999,21.595736000000002,0.007801951577131715,0.4617130772383798,2.0150702948061134
2026-05-09,Nacoes Shopping,Nacoes Shopping,TikTok Ads,36837,2449,108.78999999999999,0.0,0.0,0.0,0.0,6.648206965822406
2026-05-09,GERAL,GERAL,Google Ads,292019,7557,2602.969732,8695.685976,37.02793,0.014225263376977292,0.2993403555721962,2.5878453114352147
2026-05-10,Nacoes Shopping,Nacoes Shopping,TikTok Ads,35783,2152,97.36,0.0,0.0,0.0,0.0,6.0140290081882455
2026-05-10,GERAL,GERAL,Google Ads,384687,6794,2498.504183,7578.856006,53.310139,0.021336821992424898,0.3296677204345872,1.7661111501038507
2026-05-11,Nacoes Shopping,Nacoes Shopping,TikTok Ads,14266,723,40.18,0.0,0.0,0.0,0.0,5.067993831487453
2026-05-11,GERAL,GERAL,Google Ads,96323,3983,652.893645,3090.531242,12.09310206,0.01852231546839455,0.21125612196610177,4.135045627731694
2026-05-12,Nacoes Shopping,Nacoes Shopping,TikTok Ads,0,0,0.0,0.0,0.0,0.0,0.0,0.0
2026-05-12,GERAL,GERAL,Google Ads,65844,4733,446.777613,3642.6285660000003,20.542045,0.04597823257540884,0.12265253096903318,7.188202417836097
2026-05-13,Nacoes Shopping,Nacoes Shopping,TikTok Ads,0,0,0.0,0.0,0.0,0.0,0.0,0.0
2026-05-13,GERAL,GERAL,Google Ads,59674,3823,462.34067,2994.3093089999998,16.687803,0.03609417056042247,0.15440644979806928,6.4064751818212295
2026-05-14,GERAL,GERAL,Google Ads,59247,4576,465.67974599999997,3094.8288039999998,14.951748000000002,0.03210736161155697,0.15047027654586867,7.723597819298868
2026-05-14,Nacoes Shopping,Nacoes Shopping,TikTok Ads,0,0,0.0,0.0,0.0,0.0,0.0,0.0
2026-05-15,GERAL,GERAL,Google Ads,69460,6108,586.8897159999999,4473.667625,19.63074837,0.0334487857510865,0.13118759934696755,8.793550244745177
2026-05-15,Nacoes Shopping,Nacoes Shopping,TikTok Ads,0,0,0.0,0.0,0.0,0.0,0.0,0.0
2026-05-16,GERAL,GERAL,Google Ads,78611,9465,738.8192919999999,6448.550381999999,21.812477655,0.029523427299730017,0.11457137623709737,12.040299703603822
2026-05-16,Nacoes Shopping,Nacoes Shopping,TikTok Ads,0,0,0.0,0.0,0.0,0.0,0.0,0.0
2026-05-17,GERAL,GERAL,Google Ads,66253,7290,617.933553,4797.695764,25.779473000000003,0.041718843190895645,0.1287979862409633,11.003275323381583
2026-05-17,Nacoes Shopping,Nacoes Shopping,TikTok Ads,0,0,0.0,0.0,0.0,0.0,0.0,0.0
2026-05-18,GERAL,GERAL,Google Ads,60550,4483,484.23464400000006,3189.4391379999997,18.562545,0.038333781421884386,0.1518243876268631,7.403798513625103
2026-05-18,Nacoes Shopping,Nacoes Shopping,TikTok Ads,0,0,0.0,0.0,0.0,0.0,0.0,0.0
2026-05-19,Nacoes Shopping,Nacoes Shopping,TikTok Ads,0,0,0.0,0.0,0.0,0.0,0.0,0.0
2026-05-19,GERAL,GERAL,Google Ads,101133,4777,758.428477,3797.822193,11.111779,0.014651057201798608,0.19970089131552982,4.723482938308959
2026-05-20,GERAL,GERAL,Google Ads,105225,4725,897.322146,3761.0901820000004,21.141779,0.023560968704766594,0.23858033245106589,4.490377761938703
2026-05-20,Nacoes Shopping,Nacoes Shopping,TikTok Ads,0,0,0.0,0.0,0.0,0.0,0.0,0.0
2026-05-21,GERAL,GERAL,Google Ads,41134,3639,467.34788699999996,2816.752025,2.0940149999999997,0.004480634358789772,0.16591729866600521,8.846696163757475
2026-05-21,Nacoes Shopping,Nacoes Shopping,TikTok Ads,0,0,0.0,0.0,0.0,0.0,0.0,0.0
2026-05-22,GERAL,GERAL,Google Ads,35520,4225,452.521137,3133.635171,0.0,0.0,0.1444077285026107,11.894707207207206
2026-05-22,Nacoes Shopping,Nacoes Shopping,TikTok Ads,0,0,0.0,0.0,0.0,0.0,0.0,0.0
2026-05-23,GERAL,GERAL,Google Ads,52433,7653,675.3986110000001,5367.372633,0.0,0.0,0.12583411981636491,14.59576983960483
2026-05-23,Nacoes Shopping,Nacoes Shopping,TikTok Ads,0,0,0.0,0.0,0.0,0.0,0.0,0.0
2026-05-24,Nacoes Shopping,Nacoes Shopping,TikTok Ads,0,0,0.0,0.0,0.0,0.0,0.0,0.0
2026-05-24,GERAL,GERAL,Google Ads,37662,6671,660.146563,3400.373387,1.0,0.0015148151275007093,0.19413943348804358,17.712813976952894
2026-05-25,GERAL,GERAL,Google Ads,93207,4378,822.065896,3109.731362,1.0,0.0012164474951044558,0.2643527045600796,4.697072108318045
2026-05-25,Nacoes Shopping,Nacoes Shopping,TikTok Ads,0,0,0.0,0.0,0.0,0.0,0.0,0.0
2026-05-26,Nacoes Shopping,Nacoes Shopping,TikTok Ads,0,0,0.0,0.0,0.0,0.0,0.0,0.0
2026-05-26,GERAL,GERAL,Google Ads,293923,5934,1870.9145879999999,5269.436004,5.0,0.0026724897181677225,0.35505025330600826,2.018896105442582
2026-05-27,GERAL,GERAL,Google Ads,370537,6855,2237.094447,5869.2725869999995,18.400318,0.008225096631335922,0.38115361211114934,1.8500176770470964
2026-05-27,Nacoes Shopping,Nacoes Shopping,TikTok Ads,0,0,0.0,0.0,0.0,0.0,0.0,0.0
2026-05-28,Nacoes Shopping,Nacoes Shopping,TikTok Ads,19598,929,51.839999999999996,0.0,0.0,0.0,0.0,4.740279620369425
2026-05-28,GERAL,GERAL,Google Ads,394796,7366,2349.6355730000005,6331.629261,21.983006,0.009355921510812092,0.371094938781824,1.8657737160457555
2026-05-29,Nacoes Shopping,Nacoes Shopping,TikTok Ads,28538,1382,83.82,0.0,0.0,0.0,0.0,4.842665919125377
2026-05-29,GERAL,GERAL,Google Ads,385625,9038,2893.842658,7250.40822,28.128258,0.009720037100925201,0.3991282380511259,2.3437277147487845
2026-05-30,Nacoes Shopping,Nacoes Shopping,TikTok Ads,28926,1483,82.22,0.0,0.0,0.0,0.0,5.126875475350896
2026-05-30,GERAL,GERAL,Google Ads,413622,13260,3245.7098499999997,9742.226664999998,60.535515,0.01865093239927161,0.33315893394890544,3.2058256088892754
2026-05-31,Nacoes Shopping,Nacoes Shopping,TikTok Ads,31989,1803,84.35,0.0,0.0,0.0,0.0,5.63631248241583
2026-05-31,GERAL,GERAL,Google Ads,371007,11816,2994.8385060000005,6844.476944999999,43.88911300000001,0.014654918090598372,0.437555496214766,3.184845568951529
2026-06-01,Nacoes Shopping,Nacoes Shopping,TikTok Ads,32470,1859,80.6,0.0,0.0,0.0,0.0,5.725284878349245
2026-06-01,GERAL,GERAL,Google Ads,403669,8873,2749.431684,7112.281295000001,30.723346377,0.011174435268128668,0.3865752168622571,2.198088037476249
2026-06-02,GERAL,GERAL,Google Ads,235070,6369,2268.26031,5540.501154999999,28.020661052,0.012353370963846737,0.4093962344819691,2.709405708937763
2026-06-02,Nacoes Shopping,Nacoes Shopping,TikTok Ads,28351,1742,78.56,0.0,0.0,0.0,0.0,6.144404077457585
2026-06-03,GERAL,GERAL,Google Ads,381,21,1.692061,4.5,0.0,0.0,0.37601355555555555,5.511811023622047
2026-06-03,Nacoes Shopping,Nacoes Shopping,TikTok Ads,28207,1903,79.56,0.0,0.0,0.0,0.0,6.746552274258163
2026-06-04,GERAL,GERAL,Google Ads,1174,78,16.06639,31.833333,0.0,0.0,0.5047033560701921,6.643952299829642
2026-06-04,Nacoes Shopping,Nacoes Shopping,TikTok Ads,29945,2159,79.87,0.0,0.0,0.0,0.0,7.209884788779429
2026-06-05,Nacoes Shopping,Nacoes Shopping,TikTok Ads,29534,1727,71.38,0.0,0.0,0.0,0.0,5.847497799146746
2026-06-05,GERAL,GERAL,Google Ads,815,50,8.792426,20.75,0.0,0.0,0.42373137349397594,6.134969325153374
2026-06-06,Nacoes Shopping,Nacoes Shopping,TikTok Ads,27944,1676,70.62,0.0,0.0,0.0,0.0,5.997709705124535
2026-06-06,GERAL,GERAL,Google Ads,380891,12072,4476.705993999999,9703.764978,23.508322614999997,0.005251254526544189,0.4613370175544661,3.169410671294412
2026-06-07,Nacoes Shopping,Nacoes Shopping,TikTok Ads,30560,1904,70.6,0.0,0.0,0.0,0.0,6.230366492146596
2026-06-07,GERAL,GERAL,Google Ads,517000,14074,4236.075264,10380.769296000002,33.842119778000004,0.007989027028297863,0.40806949304154916,2.7222437137330755
2026-06-08,Nacoes Shopping,Nacoes Shopping,TikTok Ads,28239,1550,67.69,0.0,0.0,0.0,0.0,5.488862920075074
2026-06-08,GERAL,GERAL,Google Ads,498602,10496,4152.779193,7717.846303000001,32.802826452999994,0.007899005684745539,0.5380748760681817,2.1050858199525875
2026-06-09,Nacoes Shopping,Nacoes Shopping,TikTok Ads,26862,1418,66.23,0.0,0.0,0.0,0.0,5.278832551559824
2026-06-09,GERAL,GERAL,Google Ads,530631,11010,4222.912647,7859.909911999999,33.971548,0.008044577484721056,0.5372723980656231,2.0748881991440378
2026-06-10,Nacoes Shopping,Nacoes Shopping,TikTok Ads,24790,1283,65.36,0.0,0.0,0.0,0.0,5.175473981444131
2026-06-10,GERAL,GERAL,Google Ads,567688,12555,4877.694997,8888.640955,35.333625896,0.0072439186783371575,0.5487559933733424,2.211602147658573
2026-06-11,GERAL,GERAL,Google Ads,538946,11395,4600.759066999999,8785.782696,36.38034499999999,0.007907465805142106,0.5236595561479841,2.114312008995335
2026-06-11,Nacoes Shopping,Nacoes Shopping,TikTok Ads,24796,1263,61.92,0.0,0.0,0.0,0.0,5.09356347798032
2026-06-12,Nacoes Shopping,Nacoes Shopping,TikTok Ads,23788,1201,57.839999999999996,0.0,0.0,0.0,0.0,5.048764082730789
2026-06-12,GERAL,GERAL,Google Ads,499162,13474,4768.985215,9591.005920999998,43.99255428,0.00922472020706401,0.49723514449699824,2.6993240671365206
2026-06-13,Nacoes Shopping,Nacoes Shopping,TikTok Ads,20638,861,48.650000000000006,0.0,0.0,0.0,0.0,4.171915883322027
2026-06-13,GERAL,GERAL,Google Ads,506350,10658,4640.004143000001,9680.718799000002,40.668624433000005,0.008764781922523382,0.4793036797514771,2.104868174187815
2026-06-14,GERAL,GERAL,Google Ads,381593,10172,4208.665836,8470.850569999999,41.666663883,0.009900207216879169,0.49684099621651107,2.665667347147353
2026-06-14,Nacoes Shopping,Nacoes Shopping,TikTok Ads,9742,186,17.439999999999998,0.0,0.0,0.0,0.0,1.909258879080271
2026-06-15,Nacoes Shopping,Nacoes Shopping,TikTok Ads,7367,0,10.92,0.0,0.0,0.0,0.0,0.0
2026-06-16,Nacoes Shopping,Nacoes Shopping,TikTok Ads,6457,0,11.11,0.0,0.0,0.0,0.0,0.0
2026-06-16,GERAL,GERAL,Google Ads,446,121,5.539979,43.533333,0.0,0.0,0.12725832409845578,27.130044843049326
2026-06-17,GERAL,GERAL,Google Ads,137,44,4.4226,21.0,0.0,0.0,0.2106,32.11678832116788
2026-06-17,Nacoes Shopping,Nacoes Shopping,TikTok Ads,5421,0,10.42,0.0,0.0,0.0,0.0,0.0
2026-06-18,GERAL,GERAL,Google Ads,73,18,1.070566,7.0,0.0,0.0,0.152938,24.65753424657534
2026-06-18,Nacoes Shopping,Nacoes Shopping,TikTok Ads,5976,0,11.38,0.0,0.0,0.0,0.0,0.0
2026-06-19,GERAL,GERAL,Google Ads,489,147,14.13923,109.0,0.0,0.0,0.12971770642201835,30.061349693251532
2026-06-19,Nacoes Shopping,Nacoes Shopping,TikTok Ads,5043,0,10.64,0.0,0.0,0.0,0.0,0.0
2026-06-20,GERAL,GERAL,Google Ads,33,10,0.689147,4.0,0.0,0.0,0.17228675,30.303030303030305
2026-06-20,Nacoes Shopping,Nacoes Shopping,TikTok Ads,5640,0,10.09,0.0,0.0,0.0,0.0,0.0
2026-06-21,GERAL,GERAL,Google Ads,34,8,0.8884870000000001,4.0,0.0,0.0,0.22212175000000003,23.52941176470588
2026-06-21,Nacoes Shopping,Nacoes Shopping,TikTok Ads,5663,0,9.31,0.0,0.0,0.0,0.0,0.0
2026-06-22,Nacoes Shopping,Nacoes Shopping,TikTok Ads,5118,0,8.85,0.0,0.0,0.0,0.0,0.0
2026-06-22,GERAL,GERAL,Google Ads,188,54,5.695304,26.0,0.0,0.0,0.21905015384615384,28.723404255319153
2026-06-23,Nacoes Shopping,Nacoes Shopping,TikTok Ads,4799,0,9.06,0.0,0.0,0.0,0.0,0.0
2026-06-23,GERAL,GERAL,Google Ads,76,17,1.20953,2.0,0.0,0.0,0.604765,22.36842105263158
2026-06-24,Nacoes Shopping,Nacoes Shopping,TikTok Ads,3989,0,8.7,0.0,0.0,0.0,0.0,0.0
2026-06-24,GERAL,GERAL,Google Ads,109,30,2.632018,23.5,0.0,0.0,0.1120007659574468,27.522935779816514
2026-06-25,Nacoes Shopping,Nacoes Shopping,TikTok Ads,4231,0,8.64,0.0,0.0,0.0,0.0,0.0
2026-06-25,GERAL,GERAL,Google Ads,210,55,2.821322,21.833336,0.0,0.0,0.12922083917913416,26.190476190476193
2026-06-26,GERAL,GERAL,Google Ads,11611,2858,275.70759599999997,1874.118583,1.0,0.0036270310086052187,0.1471132075104129,24.614589613297735
2026-06-26,Nacoes Shopping,Nacoes Shopping,TikTok Ads,3524,0,7.44,0.0,0.0,0.0,0.0,0.0
2026-06-27,Nacoes Shopping,Nacoes Shopping,TikTok Ads,3183,0,6.25,0.0,0.0,0.0,0.0,0.0
2026-06-27,GERAL,GERAL,Google Ads,19326,5682,354.16292300000003,2974.9710619999996,1.0,0.0028235592577826106,0.11904751865448568,29.40080720273207
2026-06-28,GERAL,GERAL,Google Ads,29968,6831,613.013185,3488.9842129999997,0.0,0.0,0.17569961558321331,22.794313934863855
2026-06-28,Nacoes Shopping,Nacoes Shopping,TikTok Ads,2967,0,4.78,0.0,0.0,0.0,0.0,0.0
2026-06-29,GERAL,GERAL,Google Ads,44070,3453,788.9725330000001,1558.196994,0.0,0.0,0.5063368341987702,7.8352620830496935
2026-06-29,Nacoes Shopping,Nacoes Shopping,TikTok Ads,1776,0,3.62,0.0,0.0,0.0,0.0,0.0
2026-06-30,GERAL,GERAL,Google Ads,123694,6774,1317.4938459999998,2089.329783,0.0,0.0,0.6305820444048108,5.476417611201836
2026-06-30,Nacoes Shopping,Nacoes Shopping,TikTok Ads,87,0,0.22,0.0,0.0,0.0,0.0,0.0
2026-07-01,GERAL,GERAL,Google Ads,124345,7610,1449.932034,2235.3294650000003,0.0,0.0,0.6486435474960286,6.120069162411034
2026-07-01,Nacoes Shopping,Nacoes Shopping,TikTok Ads,43533,0,79.46000000000001,0.0,0.0,0.0,0.0,0.0
2026-07-02,Nacoes Shopping,Nacoes Shopping,TikTok Ads,62512,0,174.07999999999998,0.0,0.0,0.0,0.0,0.0
2026-07-02,GERAL,GERAL,Google Ads,178766,8406,1825.7896110000004,2222.436642,0.0,0.0,0.8215260568044577,4.70223644317152
2026-07-03,Nacoes Shopping,Nacoes Shopping,TikTok Ads,54345,0,164.89,0.0,0.0,0.0,0.0,0.0
2026-07-03,GERAL,GERAL,Google Ads,168416,9667,1904.5424879999998,3299.992495,0.0,0.0,0.577135399818538,5.739953448603458
2026-07-04,GERAL,GERAL,Google Ads,173191,12237,2203.064555,4591.104013999999,1.0,0.00045391316279426956,0.4798550736994914,7.065609644842977
2026-07-04,Nacoes Shopping,Nacoes Shopping,TikTok Ads,48600,0,163.53,0.0,0.0,0.0,0.0,0.0
2026-07-05,GERAL,GERAL,Google Ads,171333,9118,1681.254974,2464.07868,0.0,0.0,0.6823057184196731,5.321800236965442
2026-07-05,Nacoes Shopping,Nacoes Shopping,TikTok Ads,19568,0,82.18,0.0,0.0,0.0,0.0,0.0
2026-07-06,Nacoes Shopping,Nacoes Shopping,TikTok Ads,3467,0,32.38,0.0,0.0,0.0,0.0,0.0
2026-07-06,GERAL,GERAL,Google Ads,16350,3854,391.2933529999999,2216.719447,0.0,0.0,0.1765191141033013,23.57186544342508
2026-07-07,Nacoes Shopping,Nacoes Shopping,TikTok Ads,1361,0,16.31,0.0,0.0,0.0,0.0,0.0
2026-07-07,GERAL,GERAL,Google Ads,18475,4222,444.022262,2210.027243,0.0,0.0,0.20091257399943283,22.852503382949934
2026-07-08,GERAL,GERAL,Google Ads,20124,4541,404.786018,2441.624713,0.0,0.0,0.1657855180793298,22.565096402305702
2026-07-08,Nacoes Shopping,Nacoes Shopping,TikTok Ads,0,0,0.0,0.0,0.0,0.0,0.0,0.0
2026-07-09,GERAL,GERAL,Google Ads,30772,4133,441.039851,2351.634685,0.0,0.0,0.18754607329666936,13.431041206291432
2026-07-09,Nacoes Shopping,Nacoes Shopping,TikTok Ads,0,0,0.0,0.0,0.0,0.0,0.0,0.0
2026-07-10,Nacoes Shopping,Nacoes Shopping,TikTok Ads,0,0,0.0,0.0,0.0,0.0,0.0,0.0
2026-07-10,GERAL,GERAL,Google Ads,39386,5726,660.086795,3626.687953,0.0,0.0,0.18200815828502023,14.538160767785508
2026-07-11,Nacoes Shopping,Nacoes Shopping,TikTok Ads,0,0,0.0,0.0,0.0,0.0,0.0,0.0
2026-07-11,GERAL,GERAL,Google Ads,57239,10764,954.801658,6221.95262,1.0,0.001047337938326035,0.15345691558802002,18.80535998183057
2026-07-12,Nacoes Shopping,Nacoes Shopping,TikTok Ads,0,0,0.0,0.0,0.0,0.0,0.0,0.0
2026-07-12,GERAL,GERAL,Google Ads,46939,8916,831.672728,5018.996526999999,0.0,0.0,0.1657049817679621,18.994865676729372
2026-07-13,Nacoes Shopping,Nacoes Shopping,TikTok Ads,0,0,0.0,0.0,0.0,0.0,0.0,0.0
2026-07-13,GERAL,GERAL,Google Ads,45267,5191,601.862347,3170.544256,1.0,0.00166150948798264,0.18982934739391316,11.467514966752821
2026-07-14,GERAL,GERAL,Google Ads,63915,5543,739.057526,3577.339019,0.0,0.0,0.20659420929207717,8.672455605100524
2026-07-15,GERAL,GERAL,Google Ads,57177,5440,730.139768,3896.485632,0.0,0.0,0.18738418076117264,9.51431519666999
2026-07-16,GERAL,GERAL,Google Ads,58247,6009,768.4906599999999,3721.9463560000004,0.0,0.0,0.20647547989539047,10.316411145638401
2026-07-17,GERAL,GERAL,Google Ads,67929,7517,1273.077462,4467.651043,0.0,0.0,0.2849545431697674,11.065965935020388
2026-07-18,GERAL,GERAL,Google Ads,76988,8721,1413.3271279999997,5836.888845,0.0,0.0,0.24213706403038407,11.327739387956564
2026-07-19,GERAL,GERAL,Google Ads,70970,7583,1148.7843440000001,4253.432602000001,0.0,0.0,0.27008405950991954,10.684796392842046
2026-07-19,Nacoes Shopping,Nacoes Shopping,TikTok Ads,0,0,0.0,0.0,0.0,0.0,0.0,0.0
2026-07-20,GERAL,GERAL,Google Ads,77516,8411,982.4110469999999,4595.44716,0.0,0.0,0.21377920641785814,10.850663088910677
2026-07-21,GERAL,GERAL,Google Ads,80470,9897,1014.8484559999999,5359.182962,1.0,0.0009853687948065421,0.18936626407344515,12.298993413694545
2026-07-22,GERAL,GERAL,Google Ads,108963,10747,1384.5082890000003,5593.983044,0.0,0.0,0.24749955051883787,9.862981011903123
2026-07-23,GERAL,GERAL,Google Ads,111319,9121,1238.735263,5231.3214290000005,0.0,0.0,0.23679203807531896,8.193569830846487
2026-07-24,GERAL,GERAL,Google Ads,147579,11081,1340.974869,5556.670824,0.0,0.0,0.24132703042407178,7.5085208600139595
2026-07-25,GERAL,GERAL,Google Ads,178163,13607,1443.2266390000004,7059.482849,2.0,0.001385783733444515,0.2044380119436707,7.63738823436965
2026-07-25,Nacoes Shopping,Nacoes Shopping,TikTok Ads,0,0,0.0,0.0,0.0,0.0,0.0,0.0
2026-07-26,GERAL,GERAL,Google Ads,163396,13394,1285.006435,6009.783493,0.0,0.0,0.21381908957231716,8.197263090895738
2026-07-27,GERAL,GERAL,Google Ads,158167,11429,1099.216815,5712.946738000001,1.299952,0.001182616552313203,0.19240802783762972,7.225906794716977
2026-07-28,GERAL,GERAL,Google Ads,121074,16255,961.2061470000001,7447.243560999999,0.19997,0.00020804070034728979,0.1290687136961224,13.42567355501594
2026-07-29,GERAL,GERAL,Google Ads,235164,22642,2052.5348870000003,10091.355459999999,3.54458,0.0017269280159134266,0.20339536102318612,9.628174380432378
2026-07-30,GERAL,GERAL,Google Ads,334548,18672,2535.514825,9562.281745,5.0,0.0019719861034533685,0.2651579291026213,5.581261881703075
2026-07-31,GERAL,GERAL,Google Ads,358212,18262,2675.2296389999997,9512.312088,5.0,0.0018689984318015402,0.2812386320224778,5.098098332830838
2026-08-01,GERAL,GERAL,Google Ads,428821,23296,3048.442903,10770.219567,2.666511,0.000874712463000656,0.2830437099295954,5.432569766872425
2026-08-02,GERAL,GERAL,Google Ads,433380,24968,2998.189187,10898.977062,2.0,0.0006670693125943823,0.2750890445905592,5.76122571415386
2026-08-03,GERAL,GERAL,Google Ads,263458,17300,1612.9017549999999,8163.663808000001,2.0,0.0012400011307570312,0.1975708202755034,6.56651155022812
2026-08-04,Nacoes Shopping,Nacoes Shopping,TikTok Ads,264,0,0.24,0.0,0.0,0.0,0.0,0.0
2026-08-04,GERAL,GERAL,Google Ads,361883,17129,2092.870321,8264.873565,3.667086,0.001752180229804119,0.2532247232266039,4.73329777856379
2026-08-05,Nacoes Shopping,Nacoes Shopping,TikTok Ads,27228,48,70.11,0.0,0.0,0.0,0.0,0.17628911414720141
2026-08-05,GERAL,GERAL,Google Ads,368465,16499,2222.2047369999996,8580.977841999998,5.583042,0.002512388668353379,0.25896870705379454,4.47776586650021
2026-08-06,GERAL,GERAL,Google Ads,388157,15385,2170.339947,8496.633700000002,6.498741,0.002994342434226964,0.2554352727951541,3.963602356778314
2026-08-06,Nacoes Shopping,Nacoes Shopping,TikTok Ads,24782,38,46.26,0.0,0.0,0.0,0.0,0.1533370995077072
2026-08-07,Nacoes Shopping,Nacoes Shopping,TikTok Ads,23446,41,51.69,0.0,0.0,0.0,0.0,0.17486991384457903
2026-08-07,GERAL,GERAL,Google Ads,372593,17031,2252.558366,9591.54357,5.996944,0.0026622812933585044,0.23484836924949717,4.570939335951024
2026-08-08,GERAL,GERAL,Google Ads,394301,26479,2377.71886,12770.430047,3.245813,0.0013650953670780069,0.18618941188739124,6.71542806130342
2026-08-08,Nacoes Shopping,Nacoes Shopping,TikTok Ads,22769,57,64.87,0.0,0.0,0.0,0.0,0.25034037507136897
2026-08-09,Nacoes Shopping,Nacoes Shopping,TikTok Ads,23277,63,63.03999999999999,0.0,0.0,0.0,0.0,0.2706534347209692
2026-08-09,GERAL,GERAL,Google Ads,372738,20645,2195.675218,9318.532452,1.0,0.0004554407645548241,0.23562457171340867,5.538743031298124
2026-08-10,Nacoes Shopping,Nacoes Shopping,TikTok Ads,21708,56,64.98,0.0,0.0,0.0,0.0,0.2579694121982679
2026-08-10,GERAL,GERAL,Google Ads,337014,13685,2007.205306,6069.448312,2.0,0.0009964102795172662,0.3307063843070421,4.06066216833722
2026-08-11,Nacoes Shopping,Nacoes Shopping,TikTok Ads,21040,52,47.55,0.0,0.0,0.0,0.0,0.247148288973384
2026-08-11,GERAL,GERAL,Google Ads,343479,14557,2038.7432579999997,6293.868683,0.0,0.0,0.32392529312006935,4.23810480407827
2026-08-12,Nacoes Shopping,Nacoes Shopping,TikTok Ads,20507,64,51.31,0.0,0.0,0.0,0.0,0.31208855512751743
2026-08-12,GERAL,GERAL,Google Ads,351236,14351,2076.597922,6289.631246,1.0,0.00048155687213482633,0.3301621097931057,4.085856802833423
2026-08-13,Nacoes Shopping,Nacoes Shopping,TikTok Ads,20252,44,66.18,0.0,0.0,0.0,0.0,0.21726249259332414
2026-08-13,GERAL,GERAL,Google Ads,345320,13402,2064.3075059999996,5297.426069,1.0,0.0004844239519032201,0.38968122992411686,3.881037877910344
2026-08-14,Nacoes Shopping,Nacoes Shopping,TikTok Ads,19252,52,50.11,0.0,0.0,0.0,0.0,0.2701018076044047
2026-08-14,GERAL,GERAL,Google Ads,354734,15582,2224.9743229999995,6527.622942,1.590093,0.0007146567866257575,0.34085521525517054,4.392587121617889
2026-08-15,GERAL,GERAL,Google Ads,366178,22915,2337.522994,9298.050287,2.0,0.0008556065566557589,0.2513992634851836,6.257885509233215
2026-08-15,Nacoes Shopping,Nacoes Shopping,TikTok Ads,21661,48,85.95,0.0,0.0,0.0,0.0,0.22159641752458334
2026-08-16,Nacoes Shopping,Nacoes Shopping,TikTok Ads,10920,25,45.26,0.0,0.0,0.0,0.0,0.22893772893772896
2026-08-16,GERAL,GERAL,Google Ads,353316,19903,2169.528754,8050.40428,0.0,0.0,0.2694931432685763,5.63320087400514
2026-08-17,Nacoes Shopping,Nacoes Shopping,TikTok Ads,554,5,66.11,0.0,0.0,0.0,0.0,0.9025270758122743
2026-08-17,GERAL,GERAL,Google Ads,91392,5976,793.467208,2776.048921,0.0,0.0,0.2858260897341009,6.538865546218488
2026-08-18,Nacoes Shopping,Nacoes Shopping,TikTok Ads,251,6,23.95,0.0,0.0,0.0,0.0,2.3904382470119523
2026-08-18,GERAL,GERAL,Google Ads,84058,6019,683.251481,3052.860047,0.0,0.0,0.22380701063300332,7.160532013609651
2026-08-19,Nacoes Shopping,Nacoes Shopping,TikTok Ads,0,0,0.0,0.0,0.0,0.0,0.0,0.0
2026-08-19,GERAL,GERAL,Google Ads,82475,5407,651.919847,2573.25871,0.0,0.0,0.2533440747588104,6.555926038193392
2026-08-20,Nacoes Shopping,Nacoes Shopping,TikTok Ads,0,0,0.0,0.0,0.0,0.0,0.0,0.0
2026-08-20,GERAL,GERAL,Google Ads,38833,3255,391.2814340000001,2074.854776,0.0,0.0,0.1885825641996643,8.382046197821442
2026-08-21,GERAL,GERAL,Google Ads,39312,3232,367.77622899999994,2558.01175,0.0,0.0,0.14377425318706996,8.221408221408222
2026-08-21,Nacoes Shopping,Nacoes Shopping,TikTok Ads,0,0,0.0,0.0,0.0,0.0,0.0,0.0
2026-08-22,GERAL,GERAL,Google Ads,46063,6102,435.22169199999996,4066.363773,0.0,0.0,0.10702969933231302,13.247074658619717
2026-08-22,Nacoes Shopping,Nacoes Shopping,TikTok Ads,0,0,0.0,0.0,0.0,0.0,0.0,0.0
2026-08-23,GERAL,GERAL,Google Ads,40802,5348,387.188892,3299.0069750000002,0.0,0.0,0.11736528444290421,13.107200627420223
2026-08-23,Nacoes Shopping,Nacoes Shopping,TikTok Ads,0,0,0.0,0.0,0.0,0.0,0.0,0.0
2026-08-24,GERAL,GERAL,Google Ads,40899,2770,257.558351,2354.009795,0.0,0.0,0.10941260803037568,6.77278173060466
2026-08-24,Nacoes Shopping,Nacoes Shopping,TikTok Ads,0,0,0.0,0.0,0.0,0.0,0.0,0.0
2026-08-25,GERAL,GERAL,Google Ads,38335,2589,265.902562,2152.340348,0.0,0.0,0.12354113151625032,6.753619407851833
2026-08-26,GERAL,GERAL,Google Ads,46878,2711,319.312621,1967.157953,0.0,0.0,0.16232180060225188,5.783096548487563
2026-08-26,Nacoes Shopping,Nacoes Shopping,TikTok Ads,0,0,0.0,0.0,0.0,0.0,0.0,0.0
2026-08-27,Nacoes Shopping,Nacoes Shopping,TikTok Ads,0,0,0.0,0.0,0.0,0.0,0.0,0.0
2026-08-27,GERAL,GERAL,Google Ads,46683,2808,368.778711,2006.5603740000001,0.0,0.0,0.18378650140730823,6.015037593984962
2026-08-28,Nacoes Shopping,Nacoes Shopping,TikTok Ads,0,0,0.0,0.0,0.0,0.0,0.0,0.0
2026-08-28,GERAL,GERAL,Google Ads,55556,3403,417.118599,2712.9488460000002,0.0,0.0,0.1537510003607344,6.125350997192022
2026-08-29,GERAL,GERAL,Google Ads,56368,6186,481.278373,3905.137521,0.0,0.0,0.12324236225021791,10.974311666193586
2026-08-29,Nacoes Shopping,Nacoes Shopping,TikTok Ads,0,0,0.0,0.0,0.0,0.0,0.0,0.0
2026-08-30,GERAL,GERAL,Google Ads,53077,5634,465.197969,3237.878777,0.0,0.0,0.14367368300027003,10.614767224975036
2026-08-31,Nacoes Shopping,Nacoes Shopping,TikTok Ads,0,0,0.0,0.0,0.0,0.0,0.0,0.0
2026-08-31,GERAL,GERAL,Google Ads,56504,2884,363.3728779999999,2006.5013549999999,108.413857,0.2983542899423551,0.1810977486232497,5.10406342913776
2026-09-01,GERAL,GERAL,Google Ads,57209,3529,471.821758,2099.047254,161.248449,0.3417571281229468,0.2247790072857502,6.168609834117009
2026-09-02,GERAL,GERAL,Google Ads,62248,3160,495.79865800000005,1509.6043730000001,164.199959,0.3311827419266633,0.32842953217915727,5.076468320267318
2026-09-03,GERAL,GERAL,Google Ads,58155,2821,463.52236899999997,1501.243738,455.469668,0.9826271577413345,0.30875890254670957,4.8508296793053045
2026-09-04,GERAL,GERAL,Google Ads,89000,5711,552.713082,2488.265093,1023.630802,1.8520111705986362,0.22212789286595516,6.41685393258427
2026-09-05,GERAL,GERAL,Google Ads,107684,6926,669.577918,3278.37553,1038.341435,1.5507402605233467,0.20424076249739456,6.431781880316481
2026-09-06,GERAL,GERAL,Google Ads,97647,7113,614.215968,1901.956119,820.956119,1.3365919509927167,0.32293908458989007,7.284401978555409
2026-09-07,GERAL,GERAL,Google Ads,97762,5946,545.4949559999999,1630.663264,843.663264,1.5466014024884955,0.3345233611640373,6.082117796280763
2026-09-08,GERAL,GERAL,Google Ads,64738,6297,432.13247499999994,1440.863675,911.863675,2.1101484562112582,0.2999121169461087,9.726899193672958
2026-09-09,GERAL,GERAL,Google Ads,86801,6261,504.671567,1304.697582,841.697582,1.6678125676931588,0.38681114609439043,7.213050540892387
2026-09-10,GERAL,GERAL,Google Ads,56832,6962,435.552479,416.987211,160.987211,0.36961610543376106,1.044522391839015,12.250140765765765
2026-09-11,GERAL,GERAL,Google Ads,55919,8087,517.4752299999999,4.0,0.0,0.0,129.36880749999997,14.461989663620594
2026-09-12,GERAL,GERAL,Google Ads,57174,9470,609.7297100000001,0.0,0.0,0.0,0.0,16.56347290726554
