plataforma,impressoes,cliques,landing_page_views,sessoes_ga4,leads,add_to_cart,conversoes,receita
Google Ads,113439355,1822651,1549253.3499999999,96724.0,0.0,0,1766846.242933,4411.0
Meta Ads,165364981,428353,77029.0,24324.0,178.0,0,286870.0,0.0
TikTok Ads,6155619,52067,44256.95,12484.0,0.0,0,52067.0,0.0
