plataforma,impressoes,cliques,landing_page_views,sessoes_ga4,conversoes,receita
Google Ads,18953727,413124,351155.39999999997,10529.0,438210.030134,620.0
Meta Ads,29368005,47406,5900.0,2313.0,0.0,0.0
TikTok Ads,0,0,0.0,1.0,0.0,0.0
