plataforma,impressoes,cliques,landing_page_views,sessoes_ga4,leads,add_to_cart,conversoes,receita
Google Ads,113951061,1783036,1515580.5999999999,98542.0,0.0,0,1738042.856437,4518.0
Meta Ads,305241781,719328,104786.0,17208.0,20.0,0,459697.0,0.0
TikTok Ads,6602643,52091,44277.35,12484.0,0.0,0,52091.0,0.0
