plataforma,impressoes,cliques,landing_page_views,sessoes_ga4,conversoes,receita
Google Ads,19170656,411379,349672.14999999997,10582.0,440786.26737099997,624.0
Meta Ads,90179630,203687,30355.0,2232.0,0.0,0.0
TikTok Ads,0,0,0.0,1.0,0.0,0.0
