plataforma,impressoes,cliques,landing_page_views,sessoes_ga4,leads,add_to_cart,conversoes,receita
Google Ads,113695443,1811149,1539476.65,98071.0,0.0,0,1727538.676482,4487.0
Meta Ads,160915186,443555,90770.0,17290.0,56.0,0,300614.0,0.0
TikTok Ads,6497863,52083,44270.549999999996,12485.0,0.0,0,52083.0,0.0
