plataforma,impressoes,cliques,landing_page_views,sessoes_ga4,leads,add_to_cart,conversoes,receita
Google Ads,18585332,416099,353684.14999999997,3453.0,0.0,0,428511.527639,598.0
Meta Ads,29525725,46752,5828.0,2494.0,15.0,0,0.0,0.0
TikTok Ads,6655517,52091,44277.35,4.0,0.0,0,0.0,0.0
