plataforma,impressoes,cliques,landing_page_views,sessoes_ga4,leads,add_to_cart,conversoes,receita
Google Ads,113269520,1807561,1536426.8499999999,97885.0,0.0,0,1725958.501749,4483.0
Meta Ads,161329166,429566,85875.0,17300.0,50.0,0,289176.0,0.0
TikTok Ads,6452829,52074,44262.9,12484.0,0.0,0,52074.0,0.0
