plataforma,custo_total,receita_total,roas_7d,roas_30d,roas_total,tendencia_7d_vs_30d,cpa_total,conversoes_total,acao,motivo
Google Ads,553427.932414,4538.0,0.0,0.0015644967948587679,0.008199802962972388,-1.0,0.31727752104345175,1744302.371608,DIMINUIR,ROAS em queda (-100% nos ultimos 7d vs 30d)
TikTok Ads,16439.559999999998,0.0,0.0,0.0,0.0,0.0,0.31559309669616625,52091.0,DIMINUIR,ROAS 0.0x abaixo da media (0.0x)
Meta Ads,40051.119999999995,0.0,0.0,0.0,0.0,0.0,1.483979399014413,26989.0,DIMINUIR,ROAS 0.0x abaixo da media (0.0x)
