plataforma,custo_total,receita_total,roas_7d,roas_30d,roas_total,tendencia_7d_vs_30d,cpa_total,conversoes_total,acao,motivo
Google Ads,561218.839811,4418.0,0.0019912016171716672,0.0009668800568239948,0.007872151978162096,1.0594091305516855,0.31343981726523207,1790515.463886,AUMENTAR,"ROAS 0.0x acima da media (0.0x), tendencia positiva"
TikTok Ads,14890.23,0.0,0.0,0.0,0.0,0.0,0.28598209998655577,52067.0,DIMINUIR,ROAS 0.0x abaixo da media (0.0x)
Meta Ads,253970.11000000002,0.0,0.0,0.0,0.0,0.0,0.9426969874688206,269408.0,DIMINUIR,ROAS 0.0x abaixo da media (0.0x)
