plataforma,custo_total,receita_total,roas_7d,roas_30d,roas_total,tendencia_7d_vs_30d,cpa_total,conversoes_total,acao,motivo
Google Ads,556774.001291,4451.0,8.778430430944278e-05,6.935043470002994e-05,0.007994266955136916,0.2658075567824074,0.3178651671438834,1751604.3242290001,AUMENTAR,"ROAS 0.0x acima da media (0.0x), tendencia positiva"
TikTok Ads,15131.759999999998,0.0,0.0,0.0,0.0,0.0,0.29062093072387496,52067.0,DIMINUIR,ROAS 0.0x abaixo da media (0.0x)
Meta Ads,260133.50999999998,0.0,0.0,0.0,0.0,0.0,0.9645720610483224,269688.0,DIMINUIR,ROAS 0.0x abaixo da media (0.0x)
