plataforma,custo_total,receita_total,roas_7d,roas_30d,roas_total,tendencia_7d_vs_30d,cpa_total,conversoes_total,acao,motivo
Google Ads,558572.613944,4418.0,0.0004062090020870612,0.0011850648840228178,0.007909446130566882,-0.6572263615573982,0.30801068231533185,1813484.551072,DIMINUIR,ROAS em queda (-66% nos ultimos 7d vs 30d)
TikTok Ads,14789.82,0.0,0.0,0.0,0.0,0.0,0.2840536232162406,52067.0,DIMINUIR,ROAS 0.0x abaixo da media (0.0x)
Meta Ads,260388.07000000004,0.0,0.0,0.0,0.0,0.0,0.9159144614886755,284293.0,DIMINUIR,ROAS 0.0x abaixo da media (0.0x)
