plataforma,custo_total,receita_total,roas_7d,roas_30d,roas_total,tendencia_7d_vs_30d,cpa_total,conversoes_total,acao,motivo
Google Ads,558864.705429,4420.0,0.00036421462539589785,0.0001864699041635891,0.007908890930242385,0.9532086265050803,0.3157733380035579,1769828.665594,AUMENTAR,"ROAS 0.0x acima da media (0.0x), tendencia positiva"
TikTok Ads,15023.150000000001,0.0,0.0,0.0,0.0,0.0,0.2885349645648876,52067.0,DIMINUIR,ROAS 0.0x abaixo da media (0.0x)
Meta Ads,267553.24,0.0,0.0,0.0,0.0,0.0,0.9531847492286974,280694.0,DIMINUIR,ROAS 0.0x abaixo da media (0.0x)
