plataforma,custo_total,receita_total,roas_7d,roas_30d,roas_total,tendencia_7d_vs_30d,cpa_total,conversoes_total,acao,motivo
Google Ads,554697.487804,4462.0,0.00016628242452415413,7.55105832198087e-05,0.008044024171922388,1.2021075382256252,0.3189673479702376,1739041.602013,AUMENTAR,"ROAS 0.0x acima da media (0.0x), tendencia positiva"
TikTok Ads,15183.07,0.0,0.0,0.0,0.0,0.0,0.29160639176445735,52067.0,DIMINUIR,ROAS 0.0x abaixo da media (0.0x)
Meta Ads,250363.61,0.0,0.0,0.0,0.0,0.0,1.0105412267105816,247752.0,DIMINUIR,ROAS 0.0x abaixo da media (0.0x)
