plataforma,custo_total,receita_total,roas_7d,roas_30d,roas_total,tendencia_7d_vs_30d,cpa_total,conversoes_total,acao,motivo
Google Ads,133151.388007,673.0,0.0002798284765161248,0.0015205874616361745,0.00505439717958193,-0.8159734421228061,0.28971100814831174,459600.72024199995,DIMINUIR,ROAS em queda (-82% nos ultimos 7d vs 30d)
Meta Ads,126409.98,0.0,0.0,0.0,0.0,0.0,0.0,0.0,DIMINUIR,ROAS 0.0x abaixo da media (0.0x)
