plataforma,custo_total,receita_total,roas_7d,roas_30d,roas_total,tendencia_7d_vs_30d,cpa_total,conversoes_total,acao,motivo
Google Ads,550194.120663,4495.0,0.0,0.00027582503567988634,0.008169843753661695,-1.0,0.3175485570945134,1732629.8872119999,DIMINUIR,ROAS em queda (-100% nos ultimos 7d vs 30d)
TikTok Ads,16210.479999999998,0.0,0.0,0.0,0.0,0.0,0.3111954080359371,52091.0,DIMINUIR,ROAS 0.0x abaixo da media (0.0x)
Meta Ads,266551.57999999996,0.0,0.0,0.0,0.0,0.0,0.8778308436083885,303648.0,DIMINUIR,ROAS 0.0x abaixo da media (0.0x)
