plataforma,custo_total,receita_total,roas_7d,roas_30d,roas_total,tendencia_7d_vs_30d,cpa_total,conversoes_total,acao,motivo
Google Ads,558713.2471179999,4417.0,0.0006293839106915307,0.001277356011345105,0.007905665424587887,-0.5072760412120618,0.3078582627431012,1814839.212499,DIMINUIR,ROAS em queda (-51% nos ultimos 7d vs 30d)
TikTok Ads,14777.900000000001,0.0,0.0,0.0,0.0,0.0,0.2838246874219756,52067.0,DIMINUIR,ROAS 0.0x abaixo da media (0.0x)
Meta Ads,259519.48000000004,0.0,0.0,0.0,0.0,0.0,0.9127853515102915,284316.0,DIMINUIR,ROAS 0.0x abaixo da media (0.0x)
