plataforma,custo_total,receita_total,roas_7d,roas_30d,roas_total,tendencia_7d_vs_30d,cpa_total,conversoes_total,acao,motivo
Google Ads,560143.465207,4419.0,0.0022386765494330062,0.0010496574882593553,0.007889050349568867,1.132768616880349,0.3119862068461769,1795410.992266,AUMENTAR,"ROAS 0.0x acima da media (0.0x), tendencia positiva"
TikTok Ads,14874.71,0.0,0.0,0.0,0.0,0.0,0.28568402250945896,52067.0,DIMINUIR,ROAS 0.0x abaixo da media (0.0x)
Meta Ads,251171.7,0.0,0.0,0.0,0.0,0.0,0.9350377109842083,268622.0,DIMINUIR,ROAS 0.0x abaixo da media (0.0x)
