plataforma,custo_total,receita_total,roas_7d,roas_30d,roas_total,tendencia_7d_vs_30d,cpa_total,conversoes_total,acao,motivo
Google Ads,550721.703249,4476.0,0.0,5.838508549093345e-05,0.00812751699014892,-1.0,0.31916982653045406,1725481.7262509998,DIMINUIR,ROAS em queda (-100% nos ultimos 7d vs 30d)
TikTok Ads,15458.240000000002,0.0,0.0,0.0,0.0,0.0,0.2968685064623303,52071.0,DIMINUIR,ROAS 0.0x abaixo da media (0.0x)
Meta Ads,259962.27000000002,0.0,0.0,0.0,0.0,0.0,0.9708271527482131,267774.0,DIMINUIR,ROAS 0.0x abaixo da media (0.0x)
