plataforma,custo_total,receita_total,roas_7d,roas_30d,roas_total,tendencia_7d_vs_30d,cpa_total,conversoes_total,acao,motivo
Google Ads,558512.166389,4418.0,0.0006172016992518826,0.0011178643634758788,0.0079103021668518,-0.44787425074294307,0.30799577488598495,1813376.065291,DIMINUIR,ROAS em queda (-45% nos ultimos 7d vs 30d)
TikTok Ads,14803.169999999998,0.0,0.0,0.0,0.0,0.0,0.2843100236234083,52067.0,DIMINUIR,ROAS 0.0x abaixo da media (0.0x)
Meta Ads,248094.42,0.0,0.0,0.0,0.0,0.0,0.9288794788273617,267090.0,DIMINUIR,ROAS 0.0x abaixo da media (0.0x)
