plataforma,custo_total,receita_total,roas_7d,roas_30d,roas_total,tendencia_7d_vs_30d,cpa_total,conversoes_total,acao,motivo
Google Ads,557380.39712,4449.0,8.728324584968516e-05,9.056021288381912e-05,0.007981981467213607,-0.03618550497819639,0.317481286245609,1755632.2884769998,AUMENTAR,"ROAS 0.0x acima da media (0.0x), tendencia estavel"
TikTok Ads,15112.279999999999,0.0,0.0,0.0,0.0,0.0,0.2902467973956633,52067.0,DIMINUIR,ROAS 0.0x abaixo da media (0.0x)
Meta Ads,260241.56999999998,0.0,0.0,0.0,0.0,0.0,0.961184150751059,270751.0,DIMINUIR,ROAS 0.0x abaixo da media (0.0x)
