plataforma,custo_total,receita_total,roas_7d,roas_30d,roas_total,tendencia_7d_vs_30d,cpa_total,conversoes_total,acao,motivo
Google Ads,550102.368328,4486.0,0.0,3.485252189324655e-05,0.008154845821942019,-1.0,0.3189069344927562,1724962.077739,DIMINUIR,ROAS em queda (-100% nos ultimos 7d vs 30d)
TikTok Ads,15930.989999999998,0.0,0.0,0.0,0.0,0.0,0.30591220692436194,52077.0,DIMINUIR,ROAS 0.0x abaixo da media (0.0x)
Meta Ads,267143.22000000003,0.0,0.0,0.0,0.0,0.0,0.9102293774915671,293490.0,DIMINUIR,ROAS 0.0x abaixo da media (0.0x)
