plataforma,custo_total,receita_total,roas_7d,roas_30d,roas_total,tendencia_7d_vs_30d,cpa_total,conversoes_total,acao,motivo
Google Ads,557709.746123,4434.0,0.0001620425203927593,0.0001497610681228846,0.007950372090184172,0.0820069756700541,0.31686443872962644,1760089.419813,AUMENTAR,"ROAS 0.0x acima da media (0.0x), tendencia positiva"
TikTok Ads,15057.11,0.0,0.0,0.0,0.0,0.0,0.28918720110626694,52067.0,DIMINUIR,ROAS 0.0x abaixo da media (0.0x)
Meta Ads,262461.97,0.0,0.0,0.0,0.0,0.0,0.9514938624284915,275842.0,DIMINUIR,ROAS 0.0x abaixo da media (0.0x)
