plataforma,custo_total,receita_total,roas_7d,roas_30d,roas_total,tendencia_7d_vs_30d,cpa_total,conversoes_total,acao,motivo
Google Ads,559506.9324090001,4411.0,0.0007625222090590309,0.0003867227222226798,0.00788372716135634,0.9717543481191182,0.3166698486905162,1766846.242933,AUMENTAR,"ROAS 0.0x acima da media (0.0x), tendencia positiva"
TikTok Ads,14973.25,0.0,0.0,0.0,0.0,0.0,0.2875765840167476,52067.0,DIMINUIR,ROAS 0.0x abaixo da media (0.0x)
Meta Ads,267815.32,0.0,0.0,0.0,0.0,0.0,0.9335772998222192,286870.0,DIMINUIR,ROAS 0.0x abaixo da media (0.0x)
