plataforma,custo_total,receita_total,roas_7d,roas_30d,roas_total,tendencia_7d_vs_30d,cpa_total,conversoes_total,acao,motivo
Google Ads,560399.3104059999,4408.0,0.0012908384151421187,0.000617689247261976,0.007865819814814686,1.0897861195803604,0.31417052522539973,1783742.475536,AUMENTAR,"ROAS 0.0x acima da media (0.0x), tendencia positiva"
TikTok Ads,14940.279999999999,0.0,0.0,0.0,0.0,0.0,0.28694336143814697,52067.0,DIMINUIR,ROAS 0.0x abaixo da media (0.0x)
Meta Ads,267343.58,0.0,0.0,0.0,0.0,0.0,0.926503737640833,288551.0,DIMINUIR,ROAS 0.0x abaixo da media (0.0x)
