plataforma,custo_total,receita_total,roas_7d,roas_30d,roas_total,tendencia_7d_vs_30d,cpa_total,conversoes_total,acao,motivo
Google Ads,560009.272542,4409.0,0.0008673924425845017,0.00047361903867704507,0.007873083922319037,0.8314137983290952,0.3151694390715439,1776851.4428039999,AUMENTAR,"ROAS 0.0x acima da media (0.0x), tendencia positiva"
TikTok Ads,14956.95,0.0,0.0,0.0,0.0,0.0,0.28726352584170395,52067.0,DIMINUIR,ROAS 0.0x abaixo da media (0.0x)
Meta Ads,267345.58,0.0,0.0,0.0,0.0,0.0,0.9300011827403398,287468.0,DIMINUIR,ROAS 0.0x abaixo da media (0.0x)
