plataforma,custo_total,receita_total,roas_7d,roas_30d,roas_total,tendencia_7d_vs_30d,cpa_total,conversoes_total,acao,motivo
Google Ads,557282.380358,4441.0,8.782952606512063e-05,0.00011103600807260774,0.007969029986462315,-0.20899960661691053,0.3164662314875703,1760953.69714,DIMINUIR,ROAS em queda (-21% nos ultimos 7d vs 30d)
TikTok Ads,15093.84,0.0,0.0,0.0,0.0,0.0,0.28989263833138074,52067.0,DIMINUIR,ROAS 0.0x abaixo da media (0.0x)
Meta Ads,261711.31,0.0,0.0,0.0,0.0,0.0,0.961043294653349,272320.0,DIMINUIR,ROAS 0.0x abaixo da media (0.0x)
