plataforma,custo_total,receita_total,roas_7d,roas_30d,roas_total,tendencia_7d_vs_30d,cpa_total,conversoes_total,acao,motivo
Google Ads,553125.207565,4464.0,8.462188479208804e-05,5.333867153443163e-05,0.008070505446048428,0.5865015448962243,0.31941039694855444,1731706.9602279998,AUMENTAR,"ROAS 0.0x acima da media (0.0x), tendencia positiva"
TikTok Ads,15187.46,0.0,0.0,0.0,0.0,0.0,0.291690706205466,52067.0,DIMINUIR,ROAS 0.0x abaixo da media (0.0x)
Meta Ads,259973.39,0.0,0.0,0.0,0.0,0.0,0.9781820131541321,265772.0,DIMINUIR,ROAS 0.0x abaixo da media (0.0x)
