plataforma,custo_total,receita_total,roas_7d,roas_30d,roas_total,tendencia_7d_vs_30d,cpa_total,conversoes_total,acao,motivo
Google Ads,549606.136988,4478.0,0.0,6.434479134203067e-05,0.008147652834702193,-1.0,0.31866427638565303,1724718.387708,DIMINUIR,ROAS em queda (-100% nos ultimos 7d vs 30d)
TikTok Ads,15660.34,0.0,0.0,0.0,0.0,0.0,0.3007439698878476,52072.0,DIMINUIR,ROAS 0.0x abaixo da media (0.0x)
Meta Ads,263489.08999999997,0.0,0.0,0.0,0.0,0.0,0.9482117820642002,277880.0,DIMINUIR,ROAS 0.0x abaixo da media (0.0x)
