plataforma,custo_total,receita_total,roas_7d,roas_30d,roas_total,tendencia_7d_vs_30d,cpa_total,conversoes_total,acao,motivo
Google Ads,560765.8436149999,4410.0,0.001533366045330393,0.0007002607133678258,0.00786424503241987,1.1897073704961114,0.3131900618282887,1790496.9281,AUMENTAR,"ROAS 0.0x acima da media (0.0x), tendencia positiva"
TikTok Ads,14923.15,0.0,0.0,0.0,0.0,0.0,0.286614362264006,52067.0,DIMINUIR,ROAS 0.0x abaixo da media (0.0x)
Meta Ads,267067.74000000005,0.0,0.0,0.0,0.0,0.0,0.9220296769917006,289652.0,DIMINUIR,ROAS 0.0x abaixo da media (0.0x)
