plataforma,custo_total,receita_total,roas_7d,roas_30d,roas_total,tendencia_7d_vs_30d,cpa_total,conversoes_total,acao,motivo
Google Ads,558347.609362,4420.0,0.001635611882117846,0.0010885775558101118,0.007916215500681638,0.5025221431289157,0.30859396040818066,1809327.7283309998,AUMENTAR,"ROAS 0.0x acima da media (0.0x), tendencia positiva"
TikTok Ads,14830.0,0.0,0.0,0.0,0.0,0.0,0.28482532122073484,52067.0,DIMINUIR,ROAS 0.0x abaixo da media (0.0x)
Meta Ads,248590.89,0.0,0.0,0.0,0.0,0.0,0.9300905805235038,267276.0,DIMINUIR,ROAS 0.0x abaixo da media (0.0x)
