plataforma,custo_total,receita_total,roas_7d,roas_30d,roas_total,tendencia_7d_vs_30d,cpa_total,conversoes_total,acao,motivo
Google Ads,558957.590393,4420.0,0.0005514657369080812,0.00026677042983533296,0.007907576667654377,1.0671921443785193,0.31566190897618623,1770747.671792,AUMENTAR,"ROAS 0.0x acima da media (0.0x), tendencia positiva"
TikTok Ads,15006.130000000001,0.0,0.0,0.0,0.0,0.0,0.2882080780532775,52067.0,DIMINUIR,ROAS 0.0x abaixo da media (0.0x)
Meta Ads,267579.81000000006,0.0,0.0,0.0,0.0,0.0,0.9445637946371841,283284.0,DIMINUIR,ROAS 0.0x abaixo da media (0.0x)
