plataforma,custo_total,receita_total,roas_7d,roas_30d,roas_total,tendencia_7d_vs_30d,cpa_total,conversoes_total,acao,motivo
Google Ads,549539.3023639999,4483.0,0.0,3.4517825147136675e-05,0.008157742277422376,-1.0,0.31839659053628705,1725958.501749,DIMINUIR,ROAS em queda (-100% nos ultimos 7d vs 30d)
TikTok Ads,15873.829999999998,0.0,0.0,0.0,0.0,0.0,0.30483216192341667,52074.0,DIMINUIR,ROAS 0.0x abaixo da media (0.0x)
Meta Ads,266121.93,0.0,0.0,0.0,0.0,0.0,0.9202766827122583,289176.0,DIMINUIR,ROAS 0.0x abaixo da media (0.0x)
