plataforma,custo_total,receita_total,roas_7d,roas_30d,roas_total,tendencia_7d_vs_30d,cpa_total,conversoes_total,acao,motivo
Google Ads,553949.8508629999,4463.0,0.0001654529147831063,7.767544486909115e-05,0.008056685985287443,1.1300542927298225,0.3202063509085053,1729977.713719,AUMENTAR,"ROAS 0.0x acima da media (0.0x), tendencia positiva"
TikTok Ads,15187.46,0.0,0.0,0.0,0.0,0.0,0.291690706205466,52067.0,DIMINUIR,ROAS 0.0x abaixo da media (0.0x)
Meta Ads,260005.08,0.0,0.0,0.0,0.0,0.0,0.9781687533859026,265808.0,DIMINUIR,ROAS 0.0x abaixo da media (0.0x)
