plataforma,custo_total,receita_total,roas_7d,roas_30d,roas_total,tendencia_7d_vs_30d,cpa_total,conversoes_total,acao,motivo
Google Ads,558389.6790819999,4417.0,0.0015851268117026284,0.0010802708149873375,0.007910246491771852,0.4673420680361604,0.3078249825979713,1813984.278889,AUMENTAR,"ROAS 0.0x acima da media (0.0x), tendencia positiva"
TikTok Ads,14816.599999999999,0.0,0.0,0.0,0.0,0.0,0.2845679605124167,52067.0,DIMINUIR,ROAS 0.0x abaixo da media (0.0x)
Meta Ads,248771.85,0.0,0.0,0.0,0.0,0.0,0.9294045235142042,267668.0,DIMINUIR,ROAS 0.0x abaixo da media (0.0x)
