plataforma,custo_total,receita_total,roas_7d,roas_30d,roas_total,tendencia_7d_vs_30d,cpa_total,conversoes_total,acao,motivo
Google Ads,561076.955856,4411.0,0.0014796160910237764,0.0007794741191122211,0.007861666664371224,0.8982235006198527,0.313557657936231,1789390.058431,AUMENTAR,"ROAS 0.0x acima da media (0.0x), tendencia positiva"
TikTok Ads,14906.279999999999,0.0,0.0,0.0,0.0,0.0,0.28629035665584723,52067.0,DIMINUIR,ROAS 0.0x abaixo da media (0.0x)
Meta Ads,267510.77,0.0,0.0,0.0,0.0,0.0,0.9174303724102927,291587.0,DIMINUIR,ROAS 0.0x abaixo da media (0.0x)
