plataforma,custo_total,receita_total,roas_7d,roas_30d,roas_total,tendencia_7d_vs_30d,cpa_total,conversoes_total,acao,motivo
Google Ads,558778.871333,4418.0,0.0021952683603316597,0.0010380647020224064,0.007906526582618631,1.1147702605191516,0.31064091881644773,1798793.5184519999,AUMENTAR,"ROAS 0.0x acima da media (0.0x), tendencia positiva"
TikTok Ads,14859.64,0.0,0.0,0.0,0.0,0.0,0.2853945877427161,52067.0,DIMINUIR,ROAS 0.0x abaixo da media (0.0x)
Meta Ads,250400.26,0.0,0.0,0.0,0.0,0.0,0.9326311045558834,268488.0,DIMINUIR,ROAS 0.0x abaixo da media (0.0x)
