plataforma,custo_total,receita_total,roas_7d,roas_30d,roas_total,tendencia_7d_vs_30d,cpa_total,conversoes_total,acao,motivo
Google Ads,558347.7501690001,4420.0,0.0016356122023090478,0.0010885746789823837,0.0079162135043298,0.502526408053183,0.30859727885359234,1809308.7283309998,AUMENTAR,"ROAS 0.0x acima da media (0.0x), tendencia positiva"
TikTok Ads,14728.939999999999,0.0,0.0,0.0,0.0,0.0,0.2828843605354639,52067.0,DIMINUIR,ROAS 0.0x abaixo da media (0.0x)
Meta Ads,248590.60000000003,0.0,0.0,0.0,0.0,0.0,0.9300894955027763,267276.0,DIMINUIR,ROAS 0.0x abaixo da media (0.0x)
