plataforma,custo_total,receita_total,roas_7d,roas_30d,roas_total,tendencia_7d_vs_30d,cpa_total,conversoes_total,acao,motivo
Google Ads,551858.552326,4511.0,0.0,0.0010378986521550435,0.008174196052569667,-1.0,0.317829947335481,1736332.768364,DIMINUIR,ROAS em queda (-100% nos ultimos 7d vs 30d)
Meta Ads,506674.82999999996,0.0,0.0,0.0,0.0,0.0,1.100036973673355,460598.0,DIMINUIR,ROAS 0.0x abaixo da media (0.0x)
TikTok Ads,16279.5,0.0,0.0,0.0,0.0,0.0,0.31252039699756196,52091.0,DIMINUIR,ROAS 0.0x abaixo da media (0.0x)
