plataforma,custo_total,receita_total,roas_7d,roas_30d,roas_total,tendencia_7d_vs_30d,cpa_total,conversoes_total,acao,motivo
Google Ads,556261.882221,4456.0,0.000174159288841471,7.114852531215602e-05,0.008010615399725796,1.447827106427955,0.31866636571406454,1745593.329169,AUMENTAR,"ROAS 0.0x acima da media (0.0x), tendencia positiva"
TikTok Ads,15151.1,0.0,0.0,0.0,0.0,0.0,0.2909923752088655,52067.0,DIMINUIR,ROAS 0.0x abaixo da media (0.0x)
Meta Ads,259512.43999999997,0.0,0.0,0.0,0.0,0.0,0.9683155475291413,268004.0,DIMINUIR,ROAS 0.0x abaixo da media (0.0x)
