plataforma,custo_total,receita_total,roas_7d,roas_30d,roas_total,tendencia_7d_vs_30d,cpa_total,conversoes_total,acao,motivo
Google Ads,555538.599866,4458.0,0.0001691974535961906,7.3156492716711e-05,0.008024644914098322,1.3128152719319903,0.31880157635519424,1742584.231287,AUMENTAR,"ROAS 0.0x acima da media (0.0x), tendencia positiva"
TikTok Ads,15170.260000000002,0.0,0.0,0.0,0.0,0.0,0.29136036260971443,52067.0,DIMINUIR,ROAS 0.0x abaixo da media (0.0x)
Meta Ads,259047.21,0.0,0.0,0.0,0.0,0.0,0.9698909726720306,267089.0,DIMINUIR,ROAS 0.0x abaixo da media (0.0x)
