plataforma,custo_total,receita_total,roas_7d,roas_30d,roas_total,tendencia_7d_vs_30d,cpa_total,conversoes_total,acao,motivo
Google Ads,558962.9851360001,4419.0,0.0006639904809209152,0.0003481996723619894,0.00790571132169838,0.9069244850713953,0.3159346430190783,1769236.129962,AUMENTAR,"ROAS 0.0x acima da media (0.0x), tendencia positiva"
TikTok Ads,14989.39,0.0,0.0,0.0,0.0,0.0,0.2878865692281099,52067.0,DIMINUIR,ROAS 0.0x abaixo da media (0.0x)
Meta Ads,267881.69000000006,0.0,0.0,0.0,0.0,0.0,0.9374293642961627,285762.0,DIMINUIR,ROAS 0.0x abaixo da media (0.0x)
