plataforma,custo_total,receita_total,roas_7d,roas_30d,roas_total,tendencia_7d_vs_30d,cpa_total,conversoes_total,acao,motivo
Google Ads,551991.0906229999,4469.0,9.025882289344599e-05,5.4977764204508166e-05,0.008096145165959296,0.6417332388726855,0.3197050945963524,1726563.323365,AUMENTAR,"ROAS 0.0x acima da media (0.0x), tendencia positiva"
TikTok Ads,15227.32,0.0,0.0,0.0,0.0,0.0,0.2924562582825974,52067.0,DIMINUIR,ROAS 0.0x abaixo da media (0.0x)
Meta Ads,260224.52,0.0,0.0,0.0,0.0,0.0,0.9787733762619044,265868.0,DIMINUIR,ROAS 0.0x abaixo da media (0.0x)
