plataforma,custo_total,receita_total,roas_7d,roas_30d,roas_total,tendencia_7d_vs_30d,cpa_total,conversoes_total,acao,motivo
Google Ads,558282.101265,4431.0,0.0001554864921925823,0.0001474188791676131,0.0079368476796227,0.05472577915747445,0.3175403319754848,1758145.485935,AUMENTAR,"ROAS 0.0x acima da media (0.0x), tendencia positiva"
TikTok Ads,15039.989999999998,0.0,0.0,0.0,0.0,0.0,0.28885839399235597,52067.0,DIMINUIR,ROAS 0.0x abaixo da media (0.0x)
Meta Ads,266816.28,0.0,0.0,0.0,0.0,0.0,0.9593532311475942,278121.0,DIMINUIR,ROAS 0.0x abaixo da media (0.0x)
