plataforma,custo_total,receita_total,roas_7d,roas_30d,roas_total,tendencia_7d_vs_30d,cpa_total,conversoes_total,acao,motivo
Google Ads,557278.811444,4439.0,8.493149058598171e-05,0.00010869816131737182,0.007965492153735092,-0.21864832342469243,0.3163736743912506,1761457.594461,DIMINUIR,ROAS em queda (-22% nos ultimos 7d vs 30d)
TikTok Ads,15075.55,0.0,0.0,0.0,0.0,0.0,0.2895413601705495,52067.0,DIMINUIR,ROAS 0.0x abaixo da media (0.0x)
Meta Ads,263030.45,0.0,0.0,0.0,0.0,0.0,0.955987678999782,275140.0,DIMINUIR,ROAS 0.0x abaixo da media (0.0x)
