plataforma,custo_total,receita_total,roas_7d,roas_30d,roas_total,tendencia_7d_vs_30d,cpa_total,conversoes_total,acao,motivo
Google Ads,550627.5043389999,4487.0,0.0,3.507137531500154e-05,0.008148884617353821,-1.0,0.31908612297420824,1725639.144713,DIMINUIR,ROAS em queda (-100% nos ultimos 7d vs 30d)
TikTok Ads,15991.689999999999,0.0,0.0,0.0,0.0,0.0,0.30706009984639016,52080.0,DIMINUIR,ROAS 0.0x abaixo da media (0.0x)
Meta Ads,268945.33999999997,0.0,0.0,0.0,0.0,0.0,0.9012581305648919,298411.0,DIMINUIR,ROAS 0.0x abaixo da media (0.0x)
