stat_time_day,adgroup_id,ctr,total_complete_payment_rate,cpm,comments,clicks,impressions,clicks_on_music_disc,shares,conversion_rate,spend,profile_visits,cpc,likes,conversion,cost_per_conversion,follows,shopping,shopping_sigla,adgroup_name,campaign_id,optimization_goal,campaign_name
2025-10-17 00:00:00,1844352112172338,0.0,0.0,2.28,0,0,7279,0,0,0.0,16.62,7,0.0,3,0,0.0,0,Nacoes Shopping,NS,Grupo de anúncios 20250926032851,1844352110838818,REACH,Alcance - Conteúdos Set 
2025-10-07 00:00:00,1844352112172338,0.0,0.0,2.23,0,0,8826,0,0,0.0,19.67,8,0.0,3,0,0.0,0,Nacoes Shopping,NS,Grupo de anúncios 20250926032851,1844352110838818,REACH,Alcance - Conteúdos Set 
2025-10-14 00:00:00,1844351345526801,0.0,0.0,2.24,0,0,7536,0,0,0.0,16.85,16,0.0,4,0,0.0,1,Nacoes Shopping,NS,Gift Card,1844350458030129,REACH,Alcance - Giftcard 
2025-10-24 00:00:00,1844351345526801,0.0,0.0,2.35,0,0,4644,0,0,0.0,10.9,3,0.0,5,0,0.0,0,Nacoes Shopping,NS,Gift Card,1844350458030129,REACH,Alcance - Giftcard 
2025-10-04 00:00:00,1844351345526801,0.0,0.0,1.99,0,0,9524,0,0,0.0,18.92,20,0.0,3,0,0.0,0,Nacoes Shopping,NS,Gift Card,1844350458030129,REACH,Alcance - Giftcard 
2025-10-20 00:00:00,1844352112172338,0.0,0.0,2.23,0,0,6262,0,0,0.0,13.99,10,0.0,3,0,0.0,0,Nacoes Shopping,NS,Grupo de anúncios 20250926032851,1844352110838818,REACH,Alcance - Conteúdos Set 
2025-10-10 00:00:00,1844352112172338,0.0,0.0,2.13,0,0,9093,0,0,0.0,19.38,15,0.0,10,0,0.0,3,Nacoes Shopping,NS,Grupo de anúncios 20250926032851,1844352110838818,REACH,Alcance - Conteúdos Set 
2025-10-25 00:00:00,1810109298356242,0.0,0.0,0.0,0,0,0,0,0,0.0,0.0,0,0.0,0,0,0.0,0,Nacoes Shopping,NS,Grupo de anúncios 20240913040323,1810109298355250,CLICK,Promo Natura 2024 - Tráfego
2025-10-17 00:00:00,1844351345526801,0.0,0.0,2.3,0,0,7365,0,0,0.0,16.97,5,0.0,3,0,0.0,0,Nacoes Shopping,NS,Gift Card,1844350458030129,REACH,Alcance - Giftcard 
2025-10-07 00:00:00,1844351345526801,0.0,0.0,2.23,0,0,8242,0,0,0.0,18.34,15,0.0,3,0,0.0,2,Nacoes Shopping,NS,Gift Card,1844350458030129,REACH,Alcance - Giftcard 
2025-10-27 00:00:00,1844351345526801,0.0,0.0,0.0,0,0,0,0,0,0.0,0.0,0,0.0,0,0,0.0,0,Nacoes Shopping,NS,Gift Card,1844350458030129,REACH,Alcance - Giftcard 
2025-10-30 00:00:00,1847432182991921,0.0,0.0,2.18,0,0,2895,0,0,0.0,6.31,2,0.0,2,0,0.0,0,Nacoes Shopping,NS,Grupo de anúncios 20251030032456,1847432144410706,REACH,Alcance | Chillibeans Vini 
2025-10-23 00:00:00,1844352112172338,0.0,0.0,2.56,0,0,4207,0,0,0.0,10.78,6,0.0,5,0,0.0,0,Nacoes Shopping,NS,Grupo de anúncios 20250926032851,1844352110838818,REACH,Alcance - Conteúdos Set 
2025-10-03 00:00:00,1844352112172338,0.0,0.0,2.11,0,0,9953,0,0,0.0,20.98,12,0.0,6,0,0.0,1,Nacoes Shopping,NS,Grupo de anúncios 20250926032851,1844352110838818,REACH,Alcance - Conteúdos Set 
2025-10-13 00:00:00,1844352112172338,0.0,0.0,2.1,1,0,8328,0,0,0.0,17.47,6,0.0,5,0,0.0,0,Nacoes Shopping,NS,Grupo de anúncios 20250926032851,1844352110838818,REACH,Alcance - Conteúdos Set 
2025-10-20 00:00:00,1844351345526801,0.0,0.0,2.25,0,0,6475,0,0,0.0,14.55,8,0.0,4,0,0.0,1,Nacoes Shopping,NS,Gift Card,1844350458030129,REACH,Alcance - Giftcard 
2025-10-10 00:00:00,1844351345526801,0.0,0.0,2.15,0,0,8473,0,0,0.0,18.2,14,0.0,6,0,0.0,0,Nacoes Shopping,NS,Gift Card,1844350458030129,REACH,Alcance - Giftcard 
2025-10-16 00:00:00,1844352112172338,0.0,0.0,2.38,0,0,7088,0,0,0.0,16.88,15,0.0,5,0,0.0,0,Nacoes Shopping,NS,Grupo de anúncios 20250926032851,1844352110838818,REACH,Alcance - Conteúdos Set 
2025-10-06 00:00:00,1844352112172338,0.0,0.0,2.08,0,0,9138,0,0,0.0,19.02,8,0.0,8,0,0.0,0,Nacoes Shopping,NS,Grupo de anúncios 20250926032851,1844352110838818,REACH,Alcance - Conteúdos Set 
2025-10-26 00:00:00,1844352112172338,0.0,0.0,0.0,0,0,0,0,0,0.0,0.0,0,0.0,0,0,0.0,0,Nacoes Shopping,NS,Grupo de anúncios 20250926032851,1844352110838818,REACH,Alcance - Conteúdos Set 
2025-10-13 00:00:00,1844351345526801,0.0,0.0,2.1,0,0,7846,0,0,0.0,16.51,14,0.0,8,0,0.0,0,Nacoes Shopping,NS,Gift Card,1844350458030129,REACH,Alcance - Giftcard 
2025-10-23 00:00:00,1844351345526801,0.0,0.0,2.54,0,0,4788,0,0,0.0,12.17,7,0.0,5,0,0.0,0,Nacoes Shopping,NS,Gift Card,1844350458030129,REACH,Alcance - Giftcard 
2025-10-03 00:00:00,1844351345526801,0.0,0.0,2.11,0,0,9387,0,0,0.0,19.85,8,0.0,9,0,0.0,0,Nacoes Shopping,NS,Gift Card,1844350458030129,REACH,Alcance - Giftcard 
2025-10-30 00:00:00,1847431929893905,0.0,0.0,2.22,0,0,2422,0,0,0.0,5.38,7,0.0,0,0,0.0,0,Nacoes Shopping,NS,Grupo de anúncios 20251030032048,1847431562326049,REACH,Alcance | Ritmi Mana Spolini
2025-10-19 00:00:00,1844352112172338,0.0,0.0,2.12,0,0,6989,0,0,0.0,14.85,11,0.0,7,0,0.0,1,Nacoes Shopping,NS,Grupo de anúncios 20250926032851,1844352110838818,REACH,Alcance - Conteúdos Set 
2025-10-09 00:00:00,1844352112172338,0.0,0.0,2.3,0,0,8229,0,0,0.0,18.93,14,0.0,2,0,0.0,1,Nacoes Shopping,NS,Grupo de anúncios 20250926032851,1844352110838818,REACH,Alcance - Conteúdos Set 
2025-10-06 00:00:00,1844351345526801,0.0,0.0,2.09,0,0,8788,0,0,0.0,18.37,9,0.0,4,0,0.0,1,Nacoes Shopping,NS,Gift Card,1844350458030129,REACH,Alcance - Giftcard 
2025-10-26 00:00:00,1844351345526801,0.0,0.0,1.98,0,0,825,0,0,0.0,1.63,2,0.0,0,0,0.0,0,Nacoes Shopping,NS,Gift Card,1844350458030129,REACH,Alcance - Giftcard 
2025-10-16 00:00:00,1844351345526801,0.0,0.0,2.38,0,0,6827,0,1,0.0,16.26,8,0.0,3,0,0.0,0,Nacoes Shopping,NS,Gift Card,1844350458030129,REACH,Alcance - Giftcard 
2025-10-22 00:00:00,1844352112172338,0.0,0.0,2.61,0,0,4832,0,0,0.0,12.6,6,0.0,0,0,0.0,0,Nacoes Shopping,NS,Grupo de anúncios 20250926032851,1844352110838818,REACH,Alcance - Conteúdos Set 
2025-10-12 00:00:00,1844352112172338,0.0,0.0,1.97,0,0,8985,0,0,0.0,17.73,15,0.0,5,0,0.0,0,Nacoes Shopping,NS,Grupo de anúncios 20250926032851,1844352110838818,REACH,Alcance - Conteúdos Set 
2025-10-02 00:00:00,1844352112172338,0.0,0.0,2.18,1,0,9651,0,0,0.0,21.02,16,0.0,10,0,0.0,0,Nacoes Shopping,NS,Grupo de anúncios 20250926032851,1844352110838818,REACH,Alcance - Conteúdos Set 
2025-10-19 00:00:00,1844351345526801,0.0,0.0,2.13,0,0,6808,0,0,0.0,14.5,5,0.0,3,0,0.0,1,Nacoes Shopping,NS,Gift Card,1844350458030129,REACH,Alcance - Giftcard 
2025-10-30 00:00:00,1847431779247170,0.16,0.0,2.2,0,5,3156,0,0,0.0,6.95,2,1.39,2,0,0.0,0,Nacoes Shopping,NS,Grupo de anúncios 20251030031724,1847431714944034,REACH,Alcance | Giftcard 
2025-10-09 00:00:00,1844351345526801,0.0,0.0,2.3,0,0,7737,0,0,0.0,17.83,17,0.0,1,0,0.0,1,Nacoes Shopping,NS,Gift Card,1844350458030129,REACH,Alcance - Giftcard 
2025-10-05 00:00:00,1844352112172338,0.0,0.0,1.95,0,0,9891,0,0,0.0,19.28,12,0.0,4,0,0.0,0,Nacoes Shopping,NS,Grupo de anúncios 20250926032851,1844352110838818,REACH,Alcance - Conteúdos Set 
2025-10-15 00:00:00,1844352112172338,0.0,0.0,2.35,0,0,7137,0,0,0.0,16.75,7,0.0,5,0,0.0,0,Nacoes Shopping,NS,Grupo de anúncios 20250926032851,1844352110838818,REACH,Alcance - Conteúdos Set 
2025-10-25 00:00:00,1844352112172338,0.0,0.0,0.0,0,0,0,0,0,0.0,0.0,0,0.0,0,0,0.0,0,Nacoes Shopping,NS,Grupo de anúncios 20250926032851,1844352110838818,REACH,Alcance - Conteúdos Set 
2025-10-12 00:00:00,1844351345526801,0.0,0.0,1.98,0,0,8651,0,0,0.0,17.13,11,0.0,1,0,0.0,1,Nacoes Shopping,NS,Gift Card,1844350458030129,REACH,Alcance - Giftcard 
2025-10-02 00:00:00,1844351345526801,0.0,0.0,2.18,0,0,9035,0,0,0.0,19.73,5,0.0,3,0,0.0,0,Nacoes Shopping,NS,Gift Card,1844350458030129,REACH,Alcance - Giftcard 
2025-10-22 00:00:00,1844351345526801,0.0,0.0,2.58,0,0,4890,0,1,0.0,12.64,11,0.0,3,0,0.0,0,Nacoes Shopping,NS,Gift Card,1844350458030129,REACH,Alcance - Giftcard 
2025-10-08 00:00:00,1844352112172338,0.0,0.0,2.34,1,0,8150,0,0,0.0,19.04,9,0.0,5,0,0.0,2,Nacoes Shopping,NS,Grupo de anúncios 20250926032851,1844352110838818,REACH,Alcance - Conteúdos Set 
2025-10-18 00:00:00,1844352112172338,0.0,0.0,2.12,0,0,7316,0,0,0.0,15.53,7,0.0,2,0,0.0,2,Nacoes Shopping,NS,Grupo de anúncios 20250926032851,1844352110838818,REACH,Alcance - Conteúdos Set 
2025-10-25 00:00:00,1844351345526801,0.0,0.0,2.21,0,0,4005,0,0,0.0,8.84,8,0.0,0,0,0.0,0,Nacoes Shopping,NS,Gift Card,1844350458030129,REACH,Alcance - Giftcard 
2025-10-15 00:00:00,1844351345526801,0.0,0.0,2.35,0,0,6785,0,0,0.0,15.95,12,0.0,2,0,0.0,0,Nacoes Shopping,NS,Gift Card,1844350458030129,REACH,Alcance - Giftcard 
2025-10-05 00:00:00,1844351345526801,0.0,0.0,1.95,0,0,9346,0,0,0.0,18.23,22,0.0,2,0,0.0,0,Nacoes Shopping,NS,Gift Card,1844350458030129,REACH,Alcance - Giftcard 
2025-10-11 00:00:00,1844352112172338,0.0,0.0,2.03,0,0,8739,0,0,0.0,17.74,15,0.0,4,0,0.0,2,Nacoes Shopping,NS,Grupo de anúncios 20250926032851,1844352110838818,REACH,Alcance - Conteúdos Set 
2025-10-01 00:00:00,1844352112172338,0.0,0.0,2.1,0,0,9848,0,0,0.0,20.69,18,0.0,12,0,0.0,1,Nacoes Shopping,NS,Grupo de anúncios 20250926032851,1844352110838818,REACH,Alcance - Conteúdos Set 
2025-10-21 00:00:00,1844352112172338,0.0,0.0,2.45,0,0,5492,0,0,0.0,13.47,6,0.0,4,0,0.0,0,Nacoes Shopping,NS,Grupo de anúncios 20250926032851,1844352110838818,REACH,Alcance - Conteúdos Set 
2025-10-30 00:00:00,1847431191132210,0.0,0.0,3.76,0,0,1601,0,0,0.0,6.02,8,0.0,13,0,0.0,3,Nacoes Shopping,NS,Grupo de anúncios 20251030030847,1847431181554881,ENGAGED_VIEW,Visualizações de vídeo | Natal 02 
2025-10-18 00:00:00,1844351345526801,0.0,0.0,2.14,0,0,7200,0,0,0.0,15.41,10,0.0,7,0,0.0,1,Nacoes Shopping,NS,Gift Card,1844350458030129,REACH,Alcance - Giftcard 
2025-10-08 00:00:00,1844351345526801,0.0,0.0,2.33,0,0,7845,0,0,0.0,18.25,16,0.0,3,0,0.0,1,Nacoes Shopping,NS,Gift Card,1844350458030129,REACH,Alcance - Giftcard 
2025-10-24 00:00:00,1844352112172338,0.0,0.0,2.39,0,0,1266,0,0,0.0,3.03,0,0.0,0,0,0.0,0,Nacoes Shopping,NS,Grupo de anúncios 20250926032851,1844352110838818,REACH,Alcance - Conteúdos Set 
2025-10-14 00:00:00,1844352112172338,0.0,0.0,2.22,0,0,7700,0,0,0.0,17.09,10,0.0,6,0,0.0,0,Nacoes Shopping,NS,Grupo de anúncios 20250926032851,1844352110838818,REACH,Alcance - Conteúdos Set 
2025-10-04 00:00:00,1844352112172338,0.0,0.0,1.99,0,0,9818,0,0,0.0,19.55,16,0.0,3,0,0.0,0,Nacoes Shopping,NS,Grupo de anúncios 20250926032851,1844352110838818,REACH,Alcance - Conteúdos Set 
2025-10-01 00:00:00,1844351345526801,0.0,0.0,2.1,1,0,9273,0,0,0.0,19.5,13,0.0,5,0,0.0,1,Nacoes Shopping,NS,Gift Card,1844350458030129,REACH,Alcance - Giftcard 
2025-10-30 00:00:00,1847430345389154,0.0,0.0,4.5,0,0,3181,0,0,0.0,14.32,6,0.0,23,0,0.0,5,Nacoes Shopping,NS,Grupo de anúncios 20251030025540,1847429807403074,ENGAGED_VIEW,Visualizações de vídeo | Natal 
2025-10-21 00:00:00,1844351345526801,0.0,0.0,2.47,0,0,5547,0,0,0.0,13.71,6,0.0,3,0,0.0,1,Nacoes Shopping,NS,Gift Card,1844350458030129,REACH,Alcance - Giftcard 
2025-10-11 00:00:00,1844351345526801,0.0,0.0,2.03,0,0,8362,0,0,0.0,16.98,16,0.0,2,0,0.0,0,Nacoes Shopping,NS,Gift Card,1844350458030129,REACH,Alcance - Giftcard 
2025-11-24 00:00:00,1847431779247170,0.0,0.0,0.0,0,0,0,0,0,0.0,0.0,0,0.0,0,0,0.0,0,Nacoes Shopping,NS,Grupo de anúncios 20251030031724,1847431714944034,REACH,Alcance | Giftcard 
2025-11-04 00:00:00,1847431779247170,0.18,0.0,2.28,0,10,5704,0,0,0.0,12.98,8,1.3,4,0,0.0,1,Nacoes Shopping,NS,Grupo de anúncios 20251030031724,1847431714944034,REACH,Alcance | Giftcard 
2025-11-16 00:00:00,1847432182991921,0.0,0.0,0.0,0,0,0,0,0,0.0,0.0,0,0.0,0,0,0.0,0,Nacoes Shopping,NS,Grupo de anúncios 20251030032456,1847432144410706,REACH,Alcance | Chillibeans Vini 
2025-11-29 00:00:00,1849887896210466,0.21,0.0,3.85,0,20,9565,0,1,0.0,36.8,6,1.84,5,0,0.0,1,Nacoes Shopping,NS,Ad group 20251126055740,1849887841738834,REACH,ALC - NATAL 25 02
2025-11-19 00:00:00,1848504752053361,19.21,0.0,9.17,0,870,4530,0,0,0.0,41.52,19,0.05,1,0,0.0,0,Nacoes Shopping,NS,TRAF - NATAL 25,1848504928619618,CLICK,TRAF - NATAL 25
2025-11-26 00:00:00,1848504289898594,0.03,0.0,3.71,0,1,3427,0,0,0.0,12.73,1,12.73,2,0,0.0,0,Nacoes Shopping,NS,ALC - NATAL 25,1848504162177105,REACH,ALC - NATAL 25
2025-11-01 00:00:00,1847430345389154,0.0,0.0,3.28,1,0,7986,0,1,0.0,26.17,20,0.0,87,0,0.0,2,Nacoes Shopping,NS,Grupo de anúncios 20251030025540,1847429807403074,ENGAGED_VIEW,Visualizações de vídeo | Natal 
2025-11-23 00:00:00,1847431929893905,0.0,0.0,0.0,0,0,0,0,0,0.0,0.0,0,0.0,0,0,0.0,0,Nacoes Shopping,NS,Grupo de anúncios 20251030032048,1847431562326049,REACH,Alcance | Ritmi Mana Spolini
2025-11-03 00:00:00,1847431929893905,0.0,0.0,2.16,0,0,4371,0,0,0.0,9.45,3,0.0,5,0,0.0,2,Nacoes Shopping,NS,Grupo de anúncios 20251030032048,1847431562326049,REACH,Alcance | Ritmi Mana Spolini
2025-11-26 00:00:00,1848504752053361,16.39,0.0,6.72,0,805,4912,0,0,0.0,33.02,0,0.04,0,0,0.0,0,Nacoes Shopping,NS,TRAF - NATAL 25,1848504928619618,CLICK,TRAF - NATAL 25
2025-11-08 00:00:00,1847430345389154,0.07,0.0,3.27,0,1,1469,0,0,0.0,4.81,2,4.81,7,0,0.0,2,Nacoes Shopping,NS,Grupo de anúncios 20251030025540,1847429807403074,ENGAGED_VIEW,Visualizações de vídeo | Natal 
2025-11-12 00:00:00,1848504752053361,12.92,0.0,5.91,0,916,7092,0,0,0.0,41.89,7,0.05,0,0,0.0,0,Nacoes Shopping,NS,TRAF - NATAL 25,1848504928619618,CLICK,TRAF - NATAL 25
2025-11-01 00:00:00,1847431191132210,0.0,0.0,3.9,1,0,2988,0,0,0.0,11.64,14,0.0,32,0,0.0,4,Nacoes Shopping,NS,Grupo de anúncios 20251030030847,1847431181554881,ENGAGED_VIEW,Visualizações de vídeo | Natal 02 
2025-11-11 00:00:00,1847431779247170,0.08,0.0,2.77,0,1,1216,0,0,0.0,3.37,0,3.37,0,0,0.0,1,Nacoes Shopping,NS,Grupo de anúncios 20251030031724,1847431714944034,REACH,Alcance | Giftcard 
2025-11-13 00:00:00,1848504289898594,0.13,0.0,3.5,0,14,11006,0,1,0.0,38.47,12,2.75,7,0,0.0,0,Nacoes Shopping,NS,ALC - NATAL 25,1848504162177105,REACH,ALC - NATAL 25
2025-11-29 00:00:00,1847432182991921,0.0,0.0,0.0,0,0,0,0,0,0.0,0.0,0,0.0,0,0,0.0,0,Nacoes Shopping,NS,Grupo de anúncios 20251030032456,1847432144410706,REACH,Alcance | Chillibeans Vini 
2025-11-20 00:00:00,1848504289898594,0.18,0.0,3.5,0,18,10174,0,0,0.0,35.65,14,1.98,4,0,0.0,0,Nacoes Shopping,NS,ALC - NATAL 25,1848504162177105,REACH,ALC - NATAL 25
2025-11-09 00:00:00,1847432182991921,0.0,0.0,2.28,0,0,3891,0,0,0.0,8.86,8,0.0,0,0,0.0,0,Nacoes Shopping,NS,Grupo de anúncios 20251030032456,1847432144410706,REACH,Alcance | Chillibeans Vini 
2025-11-16 00:00:00,1847431929893905,0.0,0.0,0.0,0,0,0,0,0,0.0,0.0,0,0.0,0,0,0.0,0,Nacoes Shopping,NS,Grupo de anúncios 20251030032048,1847431562326049,REACH,Alcance | Ritmi Mana Spolini
2025-11-08 00:00:00,1847431191132210,0.0,0.0,3.52,1,0,2927,0,0,0.0,10.3,9,0.0,21,0,0.0,1,Nacoes Shopping,NS,Grupo de anúncios 20251030030847,1847431181554881,ENGAGED_VIEW,Visualizações de vídeo | Natal 02 
2025-11-18 00:00:00,1847431779247170,0.0,0.0,0.0,0,0,0,0,0,0.0,0.0,0,0.0,0,0,0.0,0,Nacoes Shopping,NS,Grupo de anúncios 20251030031724,1847431714944034,REACH,Alcance | Giftcard 
2025-11-20 00:00:00,1848504752053361,16.55,0.0,7.55,0,852,5147,0,0,0.0,38.84,10,0.05,0,0,0.0,0,Nacoes Shopping,NS,TRAF - NATAL 25,1848504928619618,CLICK,TRAF - NATAL 25
2025-11-22 00:00:00,1847431929893905,0.0,0.0,0.0,0,0,0,0,0,0.0,0.0,0,0.0,0,0,0.0,0,Nacoes Shopping,NS,Grupo de anúncios 20251030032048,1847431562326049,REACH,Alcance | Ritmi Mana Spolini
2025-11-02 00:00:00,1847431929893905,0.0,0.0,1.94,0,0,4602,0,0,0.0,8.95,7,0.0,8,0,0.0,2,Nacoes Shopping,NS,Grupo de anúncios 20251030032048,1847431562326049,REACH,Alcance | Ritmi Mana Spolini
2025-11-14 00:00:00,1847431191132210,0.0,0.0,0.0,0,0,0,0,0,0.0,0.0,0,0.0,0,0,0.0,0,Nacoes Shopping,NS,Grupo de anúncios 20251030030847,1847431181554881,ENGAGED_VIEW,Visualizações de vídeo | Natal 02 
2025-11-05 00:00:00,1847431779247170,0.26,0.0,2.28,0,15,5821,0,0,0.0,13.28,8,0.89,4,0,0.0,0,Nacoes Shopping,NS,Grupo de anúncios 20251030031724,1847431714944034,REACH,Alcance | Giftcard 
2025-11-17 00:00:00,1847432182991921,0.0,0.0,0.0,0,0,0,0,0,0.0,0.0,0,0.0,0,0,0.0,0,Nacoes Shopping,NS,Grupo de anúncios 20251030032456,1847432144410706,REACH,Alcance | Chillibeans Vini 
2025-11-25 00:00:00,1847431779247170,0.0,0.0,0.0,0,0,0,0,0,0.0,0.0,0,0.0,0,0,0.0,0,Nacoes Shopping,NS,Grupo de anúncios 20251030031724,1847431714944034,REACH,Alcance | Giftcard 
2025-11-12 00:00:00,1848504289898594,0.18,0.0,3.28,0,21,11709,0,1,0.0,38.42,17,1.83,3,0,0.0,2,Nacoes Shopping,NS,ALC - NATAL 25,1848504162177105,REACH,ALC - NATAL 25
2025-11-09 00:00:00,1847431929893905,0.0,0.0,2.45,0,0,3588,0,0,0.0,8.79,3,0.0,5,0,0.0,2,Nacoes Shopping,NS,Grupo de anúncios 20251030032048,1847431562326049,REACH,Alcance | Ritmi Mana Spolini
2025-11-07 00:00:00,1847430345389154,0.0,0.0,3.83,3,0,4552,0,0,0.0,17.44,17,0.0,45,0,0.0,5,Nacoes Shopping,NS,Grupo de anúncios 20251030025540,1847429807403074,ENGAGED_VIEW,Visualizações de vídeo | Natal 
2025-11-03 00:00:00,1847432182991921,0.0,0.0,2.07,0,0,5559,0,0,0.0,11.51,18,0.0,5,0,0.0,0,Nacoes Shopping,NS,Grupo de anúncios 20251030032456,1847432144410706,REACH,Alcance | Chillibeans Vini 
2025-11-19 00:00:00,1848504289898594,0.16,0.0,3.58,0,16,9969,0,0,0.0,35.73,9,2.23,6,0,0.0,1,Nacoes Shopping,NS,ALC - NATAL 25,1848504162177105,REACH,ALC - NATAL 25
2025-11-07 00:00:00,1847431191132210,0.0,0.0,4.34,0,0,2650,0,0,0.0,11.51,13,0.0,19,0,0.0,7,Nacoes Shopping,NS,Grupo de anúncios 20251030030847,1847431181554881,ENGAGED_VIEW,Visualizações de vídeo | Natal 02 
2025-11-15 00:00:00,1847431929893905,0.0,0.0,0.0,0,0,0,0,0,0.0,0.0,0,0.0,0,0,0.0,0,Nacoes Shopping,NS,Grupo de anúncios 20251030032048,1847431562326049,REACH,Alcance | Ritmi Mana Spolini
2025-11-12 00:00:00,1847431779247170,0.0,0.0,0.0,0,0,0,0,0,0.0,0.0,0,0.0,0,0,0.0,0,Nacoes Shopping,NS,Grupo de anúncios 20251030031724,1847431714944034,REACH,Alcance | Giftcard 
2025-11-14 00:00:00,1847430345389154,0.0,0.0,0.0,0,0,0,0,0,0.0,0.0,0,0.0,0,0,0.0,0,Nacoes Shopping,NS,Grupo de anúncios 20251030025540,1847429807403074,ENGAGED_VIEW,Visualizações de vídeo | Natal 
2025-11-13 00:00:00,1848504752053361,16.53,0.0,6.72,0,1213,7338,0,0,0.0,49.3,1,0.04,0,0,0.0,0,Nacoes Shopping,NS,TRAF - NATAL 25,1848504928619618,CLICK,TRAF - NATAL 25
2025-11-10 00:00:00,1847432182991921,0.0,0.0,2.41,0,0,3520,0,0,0.0,8.48,2,0.0,1,0,0.0,0,Nacoes Shopping,NS,Grupo de anúncios 20251030032456,1847432144410706,REACH,Alcance | Chillibeans Vini 
2025-11-09 00:00:00,1847431779247170,0.1,0.0,2.38,0,5,5128,0,0,0.0,12.18,4,2.44,4,0,0.0,0,Nacoes Shopping,NS,Grupo de anúncios 20251030031724,1847431714944034,REACH,Alcance | Giftcard 
2025-11-29 00:00:00,1847431779247170,0.0,0.0,0.0,0,0,0,0,0,0.0,0.0,0,0.0,0,0,0.0,0,Nacoes Shopping,NS,Grupo de anúncios 20251030031724,1847431714944034,REACH,Alcance | Giftcard 
2025-11-11 00:00:00,1847432182991921,0.0,0.0,2.73,0,0,902,0,0,0.0,2.46,0,0.0,0,0,0.0,0,Nacoes Shopping,NS,Grupo de anúncios 20251030032456,1847432144410706,REACH,Alcance | Chillibeans Vini 
2025-11-21 00:00:00,1848504289898594,0.21,0.0,3.59,0,19,9186,0,0,0.0,33.01,10,1.74,6,0,0.0,1,Nacoes Shopping,NS,ALC - NATAL 25,1848504162177105,REACH,ALC - NATAL 25
2025-11-06 00:00:00,1847430345389154,0.0,0.0,3.67,2,0,5560,0,0,0.0,20.41,14,0.0,40,0,0.0,6,Nacoes Shopping,NS,Grupo de anúncios 20251030025540,1847429807403074,ENGAGED_VIEW,Visualizações de vídeo | Natal 
2025-11-14 00:00:00,1848504752053361,20.32,0.0,8.08,0,1319,6490,0,0,0.0,52.44,6,0.04,0,0,0.0,0,Nacoes Shopping,NS,TRAF - NATAL 25,1848504928619618,CLICK,TRAF - NATAL 25
2025-11-08 00:00:00,1847431929893905,0.0,0.0,2.39,0,0,3832,0,0,0.0,9.17,4,0.0,4,0,0.0,1,Nacoes Shopping,NS,Grupo de anúncios 20251030032048,1847431562326049,REACH,Alcance | Ritmi Mana Spolini
2025-11-10 00:00:00,1847431191132210,0.0,0.0,4.34,1,0,2644,0,0,0.0,11.47,5,0.0,24,0,0.0,4,Nacoes Shopping,NS,Grupo de anúncios 20251030030847,1847431181554881,ENGAGED_VIEW,Visualizações de vídeo | Natal 02 
2025-11-21 00:00:00,1848504752053361,13.92,0.0,5.63,0,810,5820,0,0,0.0,32.76,1,0.04,0,0,0.0,0,Nacoes Shopping,NS,TRAF - NATAL 25,1848504928619618,CLICK,TRAF - NATAL 25
2025-11-28 00:00:00,1849768891459762,0.0,0.0,3.42,0,0,17930,0,2,0.0,61.37,13,0.0,9,0,0.0,2,Nacoes Shopping,NS,Grupo de anúncios 20251125102516,1849768886744178,REACH,ALC - BLACK FRIDAY - NS
2025-11-16 00:00:00,1847431779247170,0.0,0.0,0.0,0,0,0,0,0,0.0,0.0,0,0.0,0,0,0.0,0,Nacoes Shopping,NS,Grupo de anúncios 20251030031724,1847431714944034,REACH,Alcance | Giftcard 
2025-11-27 00:00:00,1848504752053361,15.78,0.0,7.24,0,680,4308,0,0,0.0,31.17,0,0.05,0,0,0.0,0,Nacoes Shopping,NS,TRAF - NATAL 25,1848504928619618,CLICK,TRAF - NATAL 25
2025-11-28 00:00:00,1848504289898594,0.0,0.0,0.0,0,0,0,0,0,0.0,0.0,0,0.0,0,0,0.0,0,Nacoes Shopping,NS,ALC - NATAL 25,1848504162177105,REACH,ALC - NATAL 25
2025-11-15 00:00:00,1848504289898594,0.15,0.0,3.71,0,15,9752,0,0,0.0,36.17,10,2.41,1,0,0.0,0,Nacoes Shopping,NS,ALC - NATAL 25,1848504162177105,REACH,ALC - NATAL 25
2025-11-04 00:00:00,1847432182991921,0.0,0.0,2.26,0,0,5320,0,0,0.0,12.02,15,0.0,4,0,0.0,0,Nacoes Shopping,NS,Grupo de anúncios 20251030032456,1847432144410706,REACH,Alcance | Chillibeans Vini 
2025-11-21 00:00:00,1847431929893905,0.0,0.0,0.0,0,0,0,0,0,0.0,0.0,0,0.0,0,0,0.0,0,Nacoes Shopping,NS,Grupo de anúncios 20251030032048,1847431562326049,REACH,Alcance | Ritmi Mana Spolini
2025-11-28 00:00:00,1849887896210466,0.17,0.0,4.0,0,14,8077,0,0,0.0,32.27,9,2.31,6,0,0.0,0,Nacoes Shopping,NS,Ad group 20251126055740,1849887841738834,REACH,ALC - NATAL 25 02
2025-11-01 00:00:00,1847431929893905,0.0,0.0,2.08,0,0,4792,0,0,0.0,9.95,10,0.0,1,0,0.0,0,Nacoes Shopping,NS,Grupo de anúncios 20251030032048,1847431562326049,REACH,Alcance | Ritmi Mana Spolini
2025-10-31 00:00:00,1847430345389154,0.0,0.0,4.03,2,0,6344,0,2,0.0,25.59,35,0.0,93,0,0.0,9,Nacoes Shopping,NS,Grupo de anúncios 20251030025540,1847429807403074,ENGAGED_VIEW,Visualizações de vídeo | Natal 
2025-11-03 00:00:00,1847431191132210,0.0,0.0,3.64,0,0,3173,0,0,0.0,11.56,4,0.0,30,0,0.0,4,Nacoes Shopping,NS,Grupo de anúncios 20251030030847,1847431181554881,ENGAGED_VIEW,Visualizações de vídeo | Natal 02 
2025-11-03 00:00:00,1847431779247170,0.12,0.0,2.09,0,7,5747,0,0,0.0,12.0,6,1.71,1,0,0.0,0,Nacoes Shopping,NS,Grupo de anúncios 20251030031724,1847431714944034,REACH,Alcance | Giftcard 
2025-11-15 00:00:00,1848504752053361,10.34,0.0,5.71,0,741,7169,0,0,0.0,40.9,19,0.06,3,0,0.0,1,Nacoes Shopping,NS,TRAF - NATAL 25,1848504928619618,CLICK,TRAF - NATAL 25
2025-11-27 00:00:00,1847431929893905,0.0,0.0,0.0,0,0,0,0,0,0.0,0.0,0,0.0,0,0,0.0,0,Nacoes Shopping,NS,Grupo de anúncios 20251030032048,1847431562326049,REACH,Alcance | Ritmi Mana Spolini
2025-11-07 00:00:00,1847431929893905,0.0,0.0,2.4,0,0,3489,0,0,0.0,8.37,3,0.0,3,0,0.0,0,Nacoes Shopping,NS,Grupo de anúncios 20251030032048,1847431562326049,REACH,Alcance | Ritmi Mana Spolini
2025-11-09 00:00:00,1847431191132210,0.0,0.0,4.2,0,0,2464,0,0,0.0,10.36,6,0.0,12,0,0.0,5,Nacoes Shopping,NS,Grupo de anúncios 20251030030847,1847431181554881,ENGAGED_VIEW,Visualizações de vídeo | Natal 02 
2025-11-10 00:00:00,1847431779247170,0.18,0.0,2.49,0,9,4977,0,0,0.0,12.38,6,1.38,4,0,0.0,1,Nacoes Shopping,NS,Grupo de anúncios 20251030031724,1847431714944034,REACH,Alcance | Giftcard 
2025-11-12 00:00:00,1847432182991921,0.0,0.0,0.0,0,0,0,0,0,0.0,0.0,0,0.0,0,0,0.0,0,Nacoes Shopping,NS,Grupo de anúncios 20251030032456,1847432144410706,REACH,Alcance | Chillibeans Vini 
2025-11-14 00:00:00,1847431929893905,0.0,0.0,0.0,0,0,0,0,0,0.0,0.0,0,0.0,0,0,0.0,0,Nacoes Shopping,NS,Grupo de anúncios 20251030032048,1847431562326049,REACH,Alcance | Ritmi Mana Spolini
2025-11-27 00:00:00,1848504289898594,0.0,0.0,0.0,0,0,0,0,0,0.0,0.0,0,0.0,0,0,0.0,0,Nacoes Shopping,NS,ALC - NATAL 25,1848504162177105,REACH,ALC - NATAL 25
2025-11-18 00:00:00,1847432182991921,0.0,0.0,0.0,0,0,0,0,0,0.0,0.0,0,0.0,0,0,0.0,0,Nacoes Shopping,NS,Grupo de anúncios 20251030032456,1847432144410706,REACH,Alcance | Chillibeans Vini 
2025-11-14 00:00:00,1848504289898594,0.14,0.0,3.63,0,15,10467,0,0,0.0,37.95,9,2.53,2,0,0.0,0,Nacoes Shopping,NS,ALC - NATAL 25,1848504162177105,REACH,ALC - NATAL 25
2025-11-27 00:00:00,1849887896210466,0.15,0.0,3.65,0,16,10621,0,0,0.0,38.74,9,2.42,8,0,0.0,0,Nacoes Shopping,NS,Ad group 20251126055740,1849887841738834,REACH,ALC - NATAL 25 02
2025-11-02 00:00:00,1847431191132210,0.0,0.0,3.93,0,0,3063,0,0,0.0,12.04,8,0.0,21,0,0.0,7,Nacoes Shopping,NS,Grupo de anúncios 20251030030847,1847431181554881,ENGAGED_VIEW,Visualizações de vídeo | Natal 02 
2025-11-20 00:00:00,1847431929893905,0.0,0.0,0.0,0,0,0,0,0,0.0,0.0,0,0.0,0,0,0.0,0,Nacoes Shopping,NS,Grupo de anúncios 20251030032048,1847431562326049,REACH,Alcance | Ritmi Mana Spolini
2025-10-31 00:00:00,1847431929893905,0.0,0.0,2.43,0,0,4494,0,0,0.0,10.9,11,0.0,3,0,0.0,1,Nacoes Shopping,NS,Grupo de anúncios 20251030032048,1847431562326049,REACH,Alcance | Ritmi Mana Spolini
2025-11-17 00:00:00,1847431779247170,0.0,0.0,0.0,0,0,0,0,0,0.0,0.0,0,0.0,0,0,0.0,0,Nacoes Shopping,NS,Grupo de anúncios 20251030031724,1847431714944034,REACH,Alcance | Giftcard 
2025-11-29 00:00:00,1849768891459762,0.0,0.0,3.26,6,0,17967,0,0,0.0,58.66,10,0.0,9,0,0.0,1,Nacoes Shopping,NS,Grupo de anúncios 20251125102516,1849768886744178,REACH,ALC - BLACK FRIDAY - NS
2025-11-28 00:00:00,1848504752053361,15.88,0.0,7.29,0,702,4420,0,0,0.0,32.24,0,0.05,0,0,0.0,0,Nacoes Shopping,NS,TRAF - NATAL 25,1848504928619618,CLICK,TRAF - NATAL 25
2025-11-25 00:00:00,1847432182991921,0.0,0.0,0.0,0,0,0,0,0,0.0,0.0,0,0.0,0,0,0.0,0,Nacoes Shopping,NS,Grupo de anúncios 20251030032456,1847432144410706,REACH,Alcance | Chillibeans Vini 
2025-11-05 00:00:00,1847432182991921,0.0,0.0,2.25,0,0,5280,0,0,0.0,11.89,8,0.0,8,0,0.0,0,Nacoes Shopping,NS,Grupo de anúncios 20251030032456,1847432144410706,REACH,Alcance | Chillibeans Vini 
2025-11-14 00:00:00,1847431779247170,0.0,0.0,0.0,0,0,0,0,0,0.0,0.0,0,0.0,0,0,0.0,0,Nacoes Shopping,NS,Grupo de anúncios 20251030031724,1847431714944034,REACH,Alcance | Giftcard 
2025-11-16 00:00:00,1848504289898594,0.2,0.0,3.63,0,20,9942,0,0,0.0,36.08,9,1.8,6,0,0.0,1,Nacoes Shopping,NS,ALC - NATAL 25,1848504162177105,REACH,ALC - NATAL 25
2025-11-26 00:00:00,1847432182991921,0.0,0.0,0.0,0,0,0,0,0,0.0,0.0,0,0.0,0,0,0.0,0,Nacoes Shopping,NS,Grupo de anúncios 20251030032456,1847432144410706,REACH,Alcance | Chillibeans Vini 
2025-11-06 00:00:00,1847432182991921,0.0,0.0,2.22,0,0,4834,0,0,0.0,10.73,6,0.0,3,0,0.0,0,Nacoes Shopping,NS,Grupo de anúncios 20251030032456,1847432144410706,REACH,Alcance | Chillibeans Vini 
2025-11-29 00:00:00,1848504752053361,15.72,0.0,6.03,0,864,5497,0,0,0.0,33.17,0,0.04,0,0,0.0,0,Nacoes Shopping,NS,TRAF - NATAL 25,1848504928619618,CLICK,TRAF - NATAL 25
2025-11-27 00:00:00,1849768891459762,0.0,0.0,3.1,0,0,19972,0,0,0.0,61.99,19,0.0,10,0,0.0,4,Nacoes Shopping,NS,Grupo de anúncios 20251125102516,1849768886744178,REACH,ALC - BLACK FRIDAY - NS
2025-11-13 00:00:00,1847431929893905,0.0,0.0,0.0,0,0,0,0,0,0.0,0.0,0,0.0,0,0,0.0,0,Nacoes Shopping,NS,Grupo de anúncios 20251030032048,1847431562326049,REACH,Alcance | Ritmi Mana Spolini
2025-11-26 00:00:00,1849887896210466,0.1,0.0,2.67,0,5,4780,0,0,0.0,12.75,3,2.55,0,0,0.0,0,Nacoes Shopping,NS,Ad group 20251126055740,1849887841738834,REACH,ALC - NATAL 25 02
2025-11-05 00:00:00,1847431191132210,0.03,0.0,3.28,2,1,3443,0,1,0.0,11.3,16,11.3,28,0,0.0,5,Nacoes Shopping,NS,Grupo de anúncios 20251030030847,1847431181554881,ENGAGED_VIEW,Visualizações de vídeo | Natal 02 
2025-11-16 00:00:00,1848504752053361,15.04,0.0,6.48,0,1038,6903,0,0,0.0,44.71,10,0.04,1,0,0.0,0,Nacoes Shopping,NS,TRAF - NATAL 25,1848504928619618,CLICK,TRAF - NATAL 25
2025-11-21 00:00:00,1847431779247170,0.0,0.0,0.0,0,0,0,0,0,0.0,0.0,0,0.0,0,0,0.0,0,Nacoes Shopping,NS,Grupo de anúncios 20251030031724,1847431714944034,REACH,Alcance | Giftcard 
2025-11-01 00:00:00,1847431779247170,0.22,0.0,2.02,0,15,6824,0,0,0.0,13.77,6,0.92,4,0,0.0,0,Nacoes Shopping,NS,Grupo de anúncios 20251030031724,1847431714944034,REACH,Alcance | Giftcard 
2025-11-11 00:00:00,1847431191132210,0.0,0.0,6.23,2,0,853,0,0,0.0,5.31,7,0.0,4,0,0.0,2,Nacoes Shopping,NS,Grupo de anúncios 20251030030847,1847431181554881,ENGAGED_VIEW,Visualizações de vídeo | Natal 02 
2025-11-22 00:00:00,1848504752053361,14.53,0.0,5.58,0,830,5712,0,0,0.0,31.86,0,0.04,0,0,0.0,0,Nacoes Shopping,NS,TRAF - NATAL 25,1848504928619618,CLICK,TRAF - NATAL 25
2025-11-23 00:00:00,1848504289898594,0.19,0.0,3.49,0,18,9241,0,1,0.0,32.26,6,1.79,6,0,0.0,1,Nacoes Shopping,NS,ALC - NATAL 25,1848504162177105,REACH,ALC - NATAL 25
2025-11-19 00:00:00,1847432182991921,0.0,0.0,0.0,0,0,0,0,0,0.0,0.0,0,0.0,0,0,0.0,0,Nacoes Shopping,NS,Grupo de anúncios 20251030032456,1847432144410706,REACH,Alcance | Chillibeans Vini 
2025-11-06 00:00:00,1847431929893905,0.0,0.0,2.34,1,0,3883,0,0,0.0,9.09,5,0.0,3,0,0.0,0,Nacoes Shopping,NS,Grupo de anúncios 20251030032048,1847431562326049,REACH,Alcance | Ritmi Mana Spolini
2025-11-05 00:00:00,1847430345389154,0.0,0.0,3.31,2,0,6468,0,1,0.0,21.43,17,0.0,80,0,0.0,6,Nacoes Shopping,NS,Grupo de anúncios 20251030025540,1847429807403074,ENGAGED_VIEW,Visualizações de vídeo | Natal 
2025-11-08 00:00:00,1847431779247170,0.26,0.0,2.29,0,14,5359,0,0,0.0,12.25,6,0.88,3,0,0.0,0,Nacoes Shopping,NS,Grupo de anúncios 20251030031724,1847431714944034,REACH,Alcance | Giftcard 
2025-11-18 00:00:00,1847431191132210,0.0,0.0,0.0,0,0,0,0,0,0.0,0.0,0,0.0,0,0,0.0,0,Nacoes Shopping,NS,Grupo de anúncios 20251030030847,1847431181554881,ENGAGED_VIEW,Visualizações de vídeo | Natal 02 
2025-11-12 00:00:00,1847431929893905,0.0,0.0,0.0,0,0,0,0,0,0.0,0.0,0,0.0,0,0,0.0,0,Nacoes Shopping,NS,Grupo de anúncios 20251030032048,1847431562326049,REACH,Alcance | Ritmi Mana Spolini
2025-11-04 00:00:00,1847431191132210,0.0,0.0,3.07,2,0,3810,0,0,0.0,11.71,18,0.0,42,0,0.0,8,Nacoes Shopping,NS,Grupo de anúncios 20251030030847,1847431181554881,ENGAGED_VIEW,Visualizações de vídeo | Natal 02 
2025-11-27 00:00:00,1847432182991921,0.0,0.0,0.0,0,0,0,0,0,0.0,0.0,0,0.0,0,0,0.0,0,Nacoes Shopping,NS,Grupo de anúncios 20251030032456,1847432144410706,REACH,Alcance | Chillibeans Vini 
2025-11-15 00:00:00,1847431779247170,0.0,0.0,0.0,0,0,0,0,0,0.0,0.0,0,0.0,0,0,0.0,0,Nacoes Shopping,NS,Grupo de anúncios 20251030031724,1847431714944034,REACH,Alcance | Giftcard 
2025-11-07 00:00:00,1847432182991921,0.0,0.0,2.28,0,0,4500,0,0,0.0,10.25,8,0.0,0,0,0.0,1,Nacoes Shopping,NS,Grupo de anúncios 20251030032456,1847432144410706,REACH,Alcance | Chillibeans Vini 
2025-11-19 00:00:00,1847431929893905,0.0,0.0,0.0,0,0,0,0,0,0.0,0.0,0,0.0,0,0,0.0,0,Nacoes Shopping,NS,Grupo de anúncios 20251030032048,1847431562326049,REACH,Alcance | Ritmi Mana Spolini
2025-11-22 00:00:00,1848504289898594,0.14,0.0,3.61,0,13,9006,0,0,0.0,32.54,9,2.5,4,0,0.0,1,Nacoes Shopping,NS,ALC - NATAL 25,1848504162177105,REACH,ALC - NATAL 25
2025-11-13 00:00:00,1847432182991921,0.0,0.0,0.0,0,0,0,0,0,0.0,0.0,0,0.0,0,0,0.0,0,Nacoes Shopping,NS,Grupo de anúncios 20251030032456,1847432144410706,REACH,Alcance | Chillibeans Vini 
2025-11-29 00:00:00,1848504289898594,0.0,0.0,0.0,0,0,0,0,0,0.0,0.0,0,0.0,0,0,0.0,0,Nacoes Shopping,NS,ALC - NATAL 25,1848504162177105,REACH,ALC - NATAL 25
2025-11-02 00:00:00,1847431779247170,0.32,0.0,1.87,0,21,6599,0,0,0.0,12.37,9,0.59,2,0,0.0,2,Nacoes Shopping,NS,Grupo de anúncios 20251030031724,1847431714944034,REACH,Alcance | Giftcard 
2025-11-05 00:00:00,1847431929893905,0.0,0.0,2.35,0,0,4223,0,0,0.0,9.93,7,0.0,5,0,0.0,1,Nacoes Shopping,NS,Grupo de anúncios 20251030032048,1847431562326049,REACH,Alcance | Ritmi Mana Spolini
2025-11-22 00:00:00,1847431779247170,0.0,0.0,0.0,0,0,0,0,0,0.0,0.0,0,0.0,0,0,0.0,0,Nacoes Shopping,NS,Grupo de anúncios 20251030031724,1847431714944034,REACH,Alcance | Giftcard 
2025-11-04 00:00:00,1847430345389154,0.0,0.0,2.89,0,0,7963,0,1,0.0,23.05,33,0.0,86,0,0.0,1,Nacoes Shopping,NS,Grupo de anúncios 20251030025540,1847429807403074,ENGAGED_VIEW,Visualizações de vídeo | Natal 
2025-11-23 00:00:00,1848504752053361,12.34,0.0,4.66,0,882,7148,0,0,0.0,33.32,0,0.04,0,0,0.0,0,Nacoes Shopping,NS,TRAF - NATAL 25,1848504928619618,CLICK,TRAF - NATAL 25
2025-11-20 00:00:00,1847432182991921,0.0,0.0,0.0,0,0,0,0,0,0.0,0.0,0,0.0,0,0,0.0,0,Nacoes Shopping,NS,Grupo de anúncios 20251030032456,1847432144410706,REACH,Alcance | Chillibeans Vini 
2025-10-31 00:00:00,1847432182991921,0.0,0.0,2.34,1,0,5863,0,0,0.0,13.7,14,0.0,3,0,0.0,0,Nacoes Shopping,NS,Grupo de anúncios 20251030032456,1847432144410706,REACH,Alcance | Chillibeans Vini 
2025-11-19 00:00:00,1847431779247170,0.0,0.0,0.0,0,0,0,0,0,0.0,0.0,0,0.0,0,0,0.0,0,Nacoes Shopping,NS,Grupo de anúncios 20251030031724,1847431714944034,REACH,Alcance | Giftcard 
2025-11-11 00:00:00,1848504289898594,0.12,0.0,3.39,0,10,8013,0,0,0.0,27.19,11,2.72,3,0,0.0,0,Nacoes Shopping,NS,ALC - NATAL 25,1848504162177105,REACH,ALC - NATAL 25
2025-11-21 00:00:00,1847432182991921,0.0,0.0,0.0,0,0,0,0,0,0.0,0.0,0,0.0,0,0,0.0,0,Nacoes Shopping,NS,Grupo de anúncios 20251030032456,1847432144410706,REACH,Alcance | Chillibeans Vini 
2025-11-01 00:00:00,1847432182991921,0.0,0.0,1.99,0,0,6393,0,0,0.0,12.75,22,0.0,6,0,0.0,0,Nacoes Shopping,NS,Grupo de anúncios 20251030032456,1847432144410706,REACH,Alcance | Chillibeans Vini 
2025-11-24 00:00:00,1848504752053361,16.55,0.0,6.59,0,834,5039,0,0,0.0,33.22,0,0.04,0,0,0.0,0,Nacoes Shopping,NS,TRAF - NATAL 25,1848504928619618,CLICK,TRAF - NATAL 25
2025-11-18 00:00:00,1847431929893905,0.0,0.0,0.0,0,0,0,0,0,0.0,0.0,0,0.0,0,0,0.0,0,Nacoes Shopping,NS,Grupo de anúncios 20251030032048,1847431562326049,REACH,Alcance | Ritmi Mana Spolini
2025-10-31 00:00:00,1847431191132210,0.0,0.0,4.55,1,0,2901,0,0,0.0,13.21,22,0.0,30,0,0.0,9,Nacoes Shopping,NS,Grupo de anúncios 20251030030847,1847431181554881,ENGAGED_VIEW,Visualizações de vídeo | Natal 02 
2025-11-11 00:00:00,1848504752053361,10.83,0.0,5.67,0,864,7978,0,0,0.0,45.26,5,0.05,1,0,0.0,0,Nacoes Shopping,NS,TRAF - NATAL 25,1848504928619618,CLICK,TRAF - NATAL 25
2025-11-26 00:00:00,1847431779247170,0.0,0.0,0.0,0,0,0,0,0,0.0,0.0,0,0.0,0,0,0.0,0,Nacoes Shopping,NS,Grupo de anúncios 20251030031724,1847431714944034,REACH,Alcance | Giftcard 
2025-11-03 00:00:00,1847430345389154,0.0,0.0,3.32,1,0,6921,0,0,0.0,23.01,24,0.0,60,0,0.0,9,Nacoes Shopping,NS,Grupo de anúncios 20251030025540,1847429807403074,ENGAGED_VIEW,Visualizações de vídeo | Natal 
2025-11-17 00:00:00,1848504752053361,15.57,0.0,6.39,0,1017,6531,0,0,0.0,41.72,7,0.04,1,0,0.0,0,Nacoes Shopping,NS,TRAF - NATAL 25,1848504928619618,CLICK,TRAF - NATAL 25
2025-11-06 00:00:00,1847431191132210,0.0,0.0,4.15,1,0,2893,0,0,0.0,12.02,12,0.0,26,0,0.0,5,Nacoes Shopping,NS,Grupo de anúncios 20251030030847,1847431181554881,ENGAGED_VIEW,Visualizações de vídeo | Natal 02 
2025-11-06 00:00:00,1847431779247170,0.19,0.0,2.26,0,11,5745,0,0,0.0,12.99,7,1.18,1,0,0.0,0,Nacoes Shopping,NS,Grupo de anúncios 20251030031724,1847431714944034,REACH,Alcance | Giftcard 
2025-11-18 00:00:00,1848504289898594,0.14,0.0,3.6,0,13,9113,0,0,0.0,32.79,12,2.52,6,0,0.0,0,Nacoes Shopping,NS,ALC - NATAL 25,1848504162177105,REACH,ALC - NATAL 25
2025-11-14 00:00:00,1847432182991921,0.0,0.0,0.0,0,0,0,0,0,0.0,0.0,0,0.0,0,0,0.0,0,Nacoes Shopping,NS,Grupo de anúncios 20251030032456,1847432144410706,REACH,Alcance | Chillibeans Vini 
2025-11-25 00:00:00,1848504289898594,0.2,0.0,3.73,0,14,7031,0,0,0.0,26.2,8,1.87,9,0,0.0,2,Nacoes Shopping,NS,ALC - NATAL 25,1848504162177105,REACH,ALC - NATAL 25
2025-11-11 00:00:00,1847431929893905,0.0,0.0,2.88,0,0,900,0,0,0.0,2.59,5,0.0,1,0,0.0,0,Nacoes Shopping,NS,Grupo de anúncios 20251030032048,1847431562326049,REACH,Alcance | Ritmi Mana Spolini
2025-11-25 00:00:00,1849768891459762,0.0,0.0,2.69,0,0,17149,0,0,0.0,46.17,11,0.0,9,0,0.0,1,Nacoes Shopping,NS,Grupo de anúncios 20251125102516,1849768886744178,REACH,ALC - BLACK FRIDAY - NS
2025-11-10 00:00:00,1847430345389154,0.0,0.0,0.0,0,0,0,0,0,0.0,0.0,0,0.0,0,0,0.0,0,Nacoes Shopping,NS,Grupo de anúncios 20251030025540,1847429807403074,ENGAGED_VIEW,Visualizações de vídeo | Natal 
2025-11-13 00:00:00,1847431779247170,0.0,0.0,0.0,0,0,0,0,0,0.0,0.0,0,0.0,0,0,0.0,0,Nacoes Shopping,NS,Grupo de anúncios 20251030031724,1847431714944034,REACH,Alcance | Giftcard 
2025-11-13 00:00:00,1847431191132210,0.0,0.0,0.0,0,0,0,0,0,0.0,0.0,0,0.0,0,0,0.0,0,Nacoes Shopping,NS,Grupo de anúncios 20251030030847,1847431181554881,ENGAGED_VIEW,Visualizações de vídeo | Natal 02 
2025-11-25 00:00:00,1848504752053361,15.23,0.0,6.4,0,776,5095,0,0,0.0,32.63,0,0.04,0,0,0.0,0,Nacoes Shopping,NS,TRAF - NATAL 25,1848504928619618,CLICK,TRAF - NATAL 25
2025-11-17 00:00:00,1847431929893905,0.0,0.0,0.0,0,0,0,0,0,0.0,0.0,0,0.0,0,0,0.0,0,Nacoes Shopping,NS,Grupo de anúncios 20251030032048,1847431562326049,REACH,Alcance | Ritmi Mana Spolini
2025-11-26 00:00:00,1849768891459762,0.0,0.0,2.74,0,0,22632,0,0,0.0,62.08,22,0.0,4,0,0.0,1,Nacoes Shopping,NS,Grupo de anúncios 20251125102516,1849768886744178,REACH,ALC - BLACK FRIDAY - NS
2025-10-31 00:00:00,1847431779247170,0.15,0.0,2.37,0,9,6016,0,0,0.0,14.24,5,1.58,3,0,0.0,1,Nacoes Shopping,NS,Grupo de anúncios 20251030031724,1847431714944034,REACH,Alcance | Giftcard 
2025-11-22 00:00:00,1847432182991921,0.0,0.0,0.0,0,0,0,0,0,0.0,0.0,0,0.0,0,0,0.0,0,Nacoes Shopping,NS,Grupo de anúncios 20251030032456,1847432144410706,REACH,Alcance | Chillibeans Vini 
2025-11-20 00:00:00,1847431779247170,0.0,0.0,0.0,0,0,0,0,0,0.0,0.0,0,0.0,0,0,0.0,0,Nacoes Shopping,NS,Grupo de anúncios 20251030031724,1847431714944034,REACH,Alcance | Giftcard 
2025-11-02 00:00:00,1847432182991921,0.0,0.0,1.86,0,0,6275,0,0,0.0,11.68,14,0.0,4,0,0.0,1,Nacoes Shopping,NS,Grupo de anúncios 20251030032456,1847432144410706,REACH,Alcance | Chillibeans Vini 
2025-11-17 00:00:00,1848504289898594,0.21,0.0,3.72,0,20,9540,0,0,0.0,35.51,7,1.78,4,0,0.0,0,Nacoes Shopping,NS,ALC - NATAL 25,1848504162177105,REACH,ALC - NATAL 25
2025-11-04 00:00:00,1847431929893905,0.0,0.0,2.35,0,0,4060,0,0,0.0,9.55,11,0.0,6,0,0.0,0,Nacoes Shopping,NS,Grupo de anúncios 20251030032048,1847431562326049,REACH,Alcance | Ritmi Mana Spolini
2025-11-02 00:00:00,1847430345389154,0.0,0.0,3.29,1,0,7222,0,2,0.0,23.77,20,0.0,62,0,0.0,1,Nacoes Shopping,NS,Grupo de anúncios 20251030025540,1847429807403074,ENGAGED_VIEW,Visualizações de vídeo | Natal 
2025-11-08 00:00:00,1847432182991921,0.0,0.0,2.24,0,0,4298,0,0,0.0,9.63,6,0.0,3,0,0.0,0,Nacoes Shopping,NS,Grupo de anúncios 20251030032456,1847432144410706,REACH,Alcance | Chillibeans Vini 
2025-11-24 00:00:00,1848504289898594,0.2,0.0,3.68,0,16,7915,0,0,0.0,29.1,8,1.82,1,0,0.0,0,Nacoes Shopping,NS,ALC - NATAL 25,1848504162177105,REACH,ALC - NATAL 25
2025-11-07 00:00:00,1847431779247170,0.15,0.0,2.33,0,8,5286,0,0,0.0,12.33,4,1.54,1,0,0.0,0,Nacoes Shopping,NS,Grupo de anúncios 20251030031724,1847431714944034,REACH,Alcance | Giftcard 
2025-11-12 00:00:00,1847431191132210,0.0,0.0,0.0,0,0,0,0,0,0.0,0.0,0,0.0,0,0,0.0,0,Nacoes Shopping,NS,Grupo de anúncios 20251030030847,1847431181554881,ENGAGED_VIEW,Visualizações de vídeo | Natal 02 
2025-11-10 00:00:00,1847431929893905,0.0,0.0,2.59,0,0,3539,0,0,0.0,9.15,14,0.0,4,0,0.0,1,Nacoes Shopping,NS,Grupo de anúncios 20251030032048,1847431562326049,REACH,Alcance | Ritmi Mana Spolini
2025-11-27 00:00:00,1847431779247170,0.0,0.0,0.0,0,0,0,0,0,0.0,0.0,0,0.0,0,0,0.0,0,Nacoes Shopping,NS,Grupo de anúncios 20251030031724,1847431714944034,REACH,Alcance | Giftcard 
2025-11-09 00:00:00,1847430345389154,0.0,0.0,0.0,0,0,0,0,0,0.0,0.0,0,0.0,0,0,0.0,0,Nacoes Shopping,NS,Grupo de anúncios 20251030025540,1847429807403074,ENGAGED_VIEW,Visualizações de vídeo | Natal 
2025-11-18 00:00:00,1848504752053361,10.21,0.0,6.87,0,611,5987,0,0,0.0,41.14,15,0.07,3,0,0.0,0,Nacoes Shopping,NS,TRAF - NATAL 25,1848504928619618,CLICK,TRAF - NATAL 25
2025-11-15 00:00:00,1847432182991921,0.0,0.0,0.0,0,0,0,0,0,0.0,0.0,0,0.0,0,0,0.0,0,Nacoes Shopping,NS,Grupo de anúncios 20251030032456,1847432144410706,REACH,Alcance | Chillibeans Vini 
2025-12-25 00:00:00,1850600374703265,0.0,0.0,1.78,0,0,6509,0,0,0.0,11.58,12,0.0,14,0,0.0,3,Nacoes Shopping,NS,Ad group 20251204024133,1850600369247313,REACH,ALC - LEGUEIROS
2025-12-05 00:00:00,1850600374703265,0.0,0.0,2.25,0,0,6668,0,0,0.0,15.03,16,0.0,21,0,0.0,5,Nacoes Shopping,NS,Ad group 20251204024133,1850600369247313,REACH,ALC - LEGUEIROS
2025-12-26 00:00:00,1849887896210466,0.11,0.0,2.23,0,17,15865,0,0,0.0,35.3,93,2.08,7,0,0.0,4,Nacoes Shopping,NS,Ad group 20251126055740,1849887841738834,REACH,ALC - NATAL 25 02
2025-12-09 00:00:00,1848504752053361,13.28,0.0,5.01,0,1003,7554,0,0,0.0,37.82,36,0.04,0,0,0.0,0,Nacoes Shopping,NS,TRAF - NATAL 25,1848504928619618,CLICK,TRAF - NATAL 25
2025-12-19 00:00:00,1849887896210466,0.19,0.0,3.0,2,24,12367,0,1,0.0,37.05,107,1.54,6,0,0.0,3,Nacoes Shopping,NS,Ad group 20251126055740,1849887841738834,REACH,ALC - NATAL 25 02
2025-12-07 00:00:00,1849768891459762,0.0,0.0,0.0,0,0,0,0,0,0.0,0.0,0,0.0,0,0,0.0,0,Nacoes Shopping,NS,Grupo de anúncios 20251125102516,1849768886744178,REACH,ALC - BLACK FRIDAY - NS
2025-12-06 00:00:00,1849887896210466,0.02,0.0,3.11,1,2,12795,0,0,0.0,39.8,100,19.9,6,0,0.0,1,Nacoes Shopping,NS,Ad group 20251126055740,1849887841738834,REACH,ALC - NATAL 25 02
2025-12-16 00:00:00,1848504752053361,12.12,0.0,4.26,0,1005,8290,0,0,0.0,35.35,147,0.04,4,0,0.0,2,Nacoes Shopping,NS,TRAF - NATAL 25,1848504928619618,CLICK,TRAF - NATAL 25
2025-12-01 00:00:00,1847431779247170,0.0,0.0,0.0,0,0,0,0,0,0.0,0.0,0,0.0,0,0,0.0,0,Nacoes Shopping,NS,Grupo de anúncios 20251030031724,1847431714944034,REACH,Alcance | Giftcard 
2025-12-18 00:00:00,1850600374703265,0.0,0.0,2.4,0,0,5807,0,0,0.0,13.91,11,0.0,9,0,0.0,2,Nacoes Shopping,NS,Ad group 20251204024133,1850600369247313,REACH,ALC - LEGUEIROS
2025-12-13 00:00:00,1849887896210466,0.22,0.0,2.56,0,35,15932,0,1,0.0,40.82,40,1.17,13,0,0.0,2,Nacoes Shopping,NS,Ad group 20251126055740,1849887841738834,REACH,ALC - NATAL 25 02
2025-12-13 00:00:00,1849768891459762,0.0,0.0,0.0,0,0,0,0,0,0.0,0.0,0,0.0,0,0,0.0,0,Nacoes Shopping,NS,Grupo de anúncios 20251125102516,1849768886744178,REACH,ALC - BLACK FRIDAY - NS
2025-12-22 00:00:00,1848504752053361,13.43,0.0,4.47,0,970,7224,0,0,0.0,32.3,33,0.03,0,0,0.0,1,Nacoes Shopping,NS,TRAF - NATAL 25,1848504928619618,CLICK,TRAF - NATAL 25
2025-12-02 00:00:00,1848504752053361,16.76,0.0,5.24,0,1007,6007,0,0,0.0,31.45,0,0.03,0,0,0.0,0,Nacoes Shopping,NS,TRAF - NATAL 25,1848504928619618,CLICK,TRAF - NATAL 25
2025-12-03 00:00:00,1848504289898594,0.0,0.0,0.0,0,0,0,0,0,0.0,0.0,0,0.0,0,0,0.0,0,Nacoes Shopping,NS,ALC - NATAL 25,1848504162177105,REACH,ALC - NATAL 25
2025-12-29 00:00:00,1848504752053361,12.5,0.0,2.84,0,1571,12568,0,0,0.0,35.72,19,0.02,0,0,0.0,0,Nacoes Shopping,NS,TRAF - NATAL 25,1848504928619618,CLICK,TRAF - NATAL 25
2025-12-20 00:00:00,1849768891459762,0.0,0.0,0.0,0,0,0,0,0,0.0,0.0,0,0.0,0,0,0.0,0,Nacoes Shopping,NS,Grupo de anúncios 20251125102516,1849768886744178,REACH,ALC - BLACK FRIDAY - NS
2025-12-10 00:00:00,1848504289898594,0.0,0.0,0.0,0,0,0,0,0,0.0,0.0,0,0.0,0,0,0.0,0,Nacoes Shopping,NS,ALC - NATAL 25,1848504162177105,REACH,ALC - NATAL 25
2025-12-11 00:00:00,1850600374703265,0.0,0.0,2.43,0,0,6752,0,0,0.0,16.4,20,0.0,17,0,0.0,1,Nacoes Shopping,NS,Ad group 20251204024133,1850600369247313,REACH,ALC - LEGUEIROS
2025-11-30 00:00:00,1849768891459762,0.0,0.0,3.12,0,0,3121,0,0,0.0,9.73,3,0.0,3,0,0.0,0,Nacoes Shopping,NS,Grupo de anúncios 20251125102516,1849768886744178,REACH,ALC - BLACK FRIDAY - NS
2025-12-08 00:00:00,1847431779247170,0.0,0.0,0.0,0,0,0,0,0,0.0,0.0,0,0.0,0,0,0.0,0,Nacoes Shopping,NS,Grupo de anúncios 20251030031724,1847431714944034,REACH,Alcance | Giftcard 
2025-12-05 00:00:00,1849887896210466,0.02,0.0,2.8,0,3,13792,0,2,0.0,38.64,102,12.88,7,0,0.0,1,Nacoes Shopping,NS,Ad group 20251126055740,1849887841738834,REACH,ALC - NATAL 25 02
2025-12-10 00:00:00,1848504752053361,10.78,0.0,5.24,0,708,6566,0,0,0.0,34.39,118,0.05,7,0,0.0,1,Nacoes Shopping,NS,TRAF - NATAL 25,1848504928619618,CLICK,TRAF - NATAL 25
2025-12-01 00:00:00,1849768891459762,0.0,0.0,0.0,0,0,0,0,0,0.0,0.0,0,0.0,0,0,0.0,0,Nacoes Shopping,NS,Grupo de anúncios 20251125102516,1849768886744178,REACH,ALC - BLACK FRIDAY - NS
2025-12-19 00:00:00,1850600374703265,0.0,0.0,2.45,0,0,5406,0,0,0.0,13.27,18,0.0,6,0,0.0,1,Nacoes Shopping,NS,Ad group 20251204024133,1850600369247313,REACH,ALC - LEGUEIROS
2025-12-07 00:00:00,1847432182991921,0.0,0.0,0.0,0,0,0,0,0,0.0,0.0,0,0.0,0,0,0.0,0,Nacoes Shopping,NS,Grupo de anúncios 20251030032456,1847432144410706,REACH,Alcance | Chillibeans Vini 
2025-12-02 00:00:00,1848504289898594,0.0,0.0,0.0,0,0,0,0,0,0.0,0.0,0,0.0,0,0,0.0,0,Nacoes Shopping,NS,ALC - NATAL 25,1848504162177105,REACH,ALC - NATAL 25
2025-12-15 00:00:00,1847431779247170,0.0,0.0,0.0,0,0,0,0,0,0.0,0.0,0,0.0,0,0,0.0,0,Nacoes Shopping,NS,Grupo de anúncios 20251030031724,1847431714944034,REACH,Alcance | Giftcard 
2025-12-25 00:00:00,1849887896210466,0.11,0.0,2.24,0,17,15980,0,0,0.0,35.84,110,2.11,9,0,0.0,4,Nacoes Shopping,NS,Ad group 20251126055740,1849887841738834,REACH,ALC - NATAL 25 02
2025-12-09 00:00:00,1848504289898594,0.0,0.0,0.0,0,0,0,0,0,0.0,0.0,0,0.0,0,0,0.0,0,Nacoes Shopping,NS,ALC - NATAL 25,1848504162177105,REACH,ALC - NATAL 25
2025-12-14 00:00:00,1849768891459762,0.0,0.0,0.0,0,0,0,0,0,0.0,0.0,0,0.0,0,0,0.0,0,Nacoes Shopping,NS,Grupo de anúncios 20251125102516,1849768886744178,REACH,ALC - BLACK FRIDAY - NS
2025-12-05 00:00:00,1847431929893905,0.0,0.0,0.0,0,0,0,0,0,0.0,0.0,0,0.0,0,0,0.0,0,Nacoes Shopping,NS,Grupo de anúncios 20251030032048,1847431562326049,REACH,Alcance | Ritmi Mana Spolini
2025-12-12 00:00:00,1850600374703265,0.0,0.0,2.41,0,0,6311,0,0,0.0,15.2,13,0.0,8,0,0.0,2,Nacoes Shopping,NS,Ad group 20251204024133,1850600369247313,REACH,ALC - LEGUEIROS
2025-12-02 00:00:00,1847431779247170,0.0,0.0,0.0,0,0,0,0,0,0.0,0.0,0,0.0,0,0,0.0,0,Nacoes Shopping,NS,Grupo de anúncios 20251030031724,1847431714944034,REACH,Alcance | Giftcard 
2025-12-12 00:00:00,1849887896210466,0.22,0.0,2.71,0,34,15393,0,0,0.0,41.64,40,1.22,13,0,0.0,2,Nacoes Shopping,NS,Ad group 20251126055740,1849887841738834,REACH,ALC - NATAL 25 02
2025-12-23 00:00:00,1848504752053361,13.27,0.0,5.49,0,774,5834,0,0,0.0,32.01,57,0.04,3,0,0.0,0,Nacoes Shopping,NS,TRAF - NATAL 25,1848504928619618,CLICK,TRAF - NATAL 25
2025-12-03 00:00:00,1848504752053361,14.43,0.0,4.97,0,993,6881,0,0,0.0,34.21,4,0.03,0,0,0.0,0,Nacoes Shopping,NS,TRAF - NATAL 25,1848504928619618,CLICK,TRAF - NATAL 25
2025-12-20 00:00:00,1850600374703265,0.0,0.0,2.41,0,0,5559,0,1,0.0,13.39,11,0.0,6,0,0.0,2,Nacoes Shopping,NS,Ad group 20251204024133,1850600369247313,REACH,ALC - LEGUEIROS
2025-12-01 00:00:00,1847432182991921,0.0,0.0,0.0,0,0,0,0,0,0.0,0.0,0,0.0,0,0,0.0,0,Nacoes Shopping,NS,Grupo de anúncios 20251030032456,1847432144410706,REACH,Alcance | Chillibeans Vini 
2025-12-11 00:00:00,1849887896210466,0.26,0.0,2.59,0,42,15888,0,0,0.0,41.16,35,0.98,4,0,0.0,1,Nacoes Shopping,NS,Ad group 20251126055740,1849887841738834,REACH,ALC - NATAL 25 02
2025-12-11 00:00:00,1848504289898594,0.0,0.0,0.0,0,0,0,0,0,0.0,0.0,0,0.0,0,0,0.0,0,Nacoes Shopping,NS,ALC - NATAL 25,1848504162177105,REACH,ALC - NATAL 25
2025-12-04 00:00:00,1849887896210466,0.1,0.0,2.59,0,15,15454,0,2,0.0,40.06,84,2.67,5,0,0.0,1,Nacoes Shopping,NS,Ad group 20251126055740,1849887841738834,REACH,ALC - NATAL 25 02
2025-12-04 00:00:00,1848504752053361,10.99,0.0,4.59,0,1022,9297,0,0,0.0,42.63,60,0.04,1,0,0.0,0,Nacoes Shopping,NS,TRAF - NATAL 25,1848504928619618,CLICK,TRAF - NATAL 25
2025-12-24 00:00:00,1849887896210466,0.05,0.0,2.5,2,7,15104,0,1,0.0,37.83,96,5.4,13,0,0.0,6,Nacoes Shopping,NS,Ad group 20251126055740,1849887841738834,REACH,ALC - NATAL 25 02
2025-12-18 00:00:00,1848504289898594,0.0,0.0,0.0,0,0,0,0,0,0.0,0.0,0,0.0,0,0,0.0,0,Nacoes Shopping,NS,ALC - NATAL 25,1848504162177105,REACH,ALC - NATAL 25
2025-12-11 00:00:00,1848504752053361,11.74,0.0,5.98,0,725,6175,0,0,0.0,36.93,100,0.05,4,0,0.0,2,Nacoes Shopping,NS,TRAF - NATAL 25,1848504928619618,CLICK,TRAF - NATAL 25
2025-12-13 00:00:00,1850600374703265,0.0,0.0,2.26,0,0,6806,0,1,0.0,15.41,13,0.0,7,0,0.0,1,Nacoes Shopping,NS,Ad group 20251204024133,1850600369247313,REACH,ALC - LEGUEIROS
2025-12-12 00:00:00,1849768891459762,0.0,0.0,0.0,0,0,0,0,0,0.0,0.0,0,0.0,0,0,0.0,0,Nacoes Shopping,NS,Grupo de anúncios 20251125102516,1849768886744178,REACH,ALC - BLACK FRIDAY - NS
2025-12-18 00:00:00,1849887896210466,0.1,0.0,2.82,1,12,12592,0,0,0.0,35.57,96,2.96,8,0,0.0,2,Nacoes Shopping,NS,Ad group 20251126055740,1849887841738834,REACH,ALC - NATAL 25 02
2025-12-18 00:00:00,1849768891459762,0.0,0.0,0.0,0,0,0,0,0,0.0,0.0,0,0.0,0,0,0.0,0,Nacoes Shopping,NS,Grupo de anúncios 20251125102516,1849768886744178,REACH,ALC - BLACK FRIDAY - NS
2025-12-17 00:00:00,1848504752053361,9.64,0.0,3.67,0,832,8635,0,0,0.0,31.67,118,0.04,5,0,0.0,0,Nacoes Shopping,NS,TRAF - NATAL 25,1848504928619618,CLICK,TRAF - NATAL 25
2025-12-24 00:00:00,1848504752053361,8.76,0.0,3.1,0,859,9801,0,0,0.0,30.34,71,0.04,2,0,0.0,0,Nacoes Shopping,NS,TRAF - NATAL 25,1848504928619618,CLICK,TRAF - NATAL 25
2025-12-05 00:00:00,1848504289898594,0.0,0.0,0.0,0,0,0,0,0,0.0,0.0,0,0.0,0,0,0.0,0,Nacoes Shopping,NS,ALC - NATAL 25,1848504162177105,REACH,ALC - NATAL 25
2025-12-25 00:00:00,1849768891459762,0.0,0.0,0.0,0,0,0,0,0,0.0,0.0,0,0.0,0,0,0.0,0,Nacoes Shopping,NS,Grupo de anúncios 20251125102516,1849768886744178,REACH,ALC - BLACK FRIDAY - NS
2025-12-06 00:00:00,1850600374703265,0.0,0.0,2.57,2,0,6124,0,0,0.0,15.76,27,0.0,17,0,0.0,11,Nacoes Shopping,NS,Ad group 20251204024133,1850600369247313,REACH,ALC - LEGUEIROS
2025-12-11 00:00:00,1847431929893905,0.0,0.0,0.0,0,0,0,0,0,0.0,0.0,0,0.0,0,0,0.0,0,Nacoes Shopping,NS,Grupo de anúncios 20251030032048,1847431562326049,REACH,Alcance | Ritmi Mana Spolini
2025-12-26 00:00:00,1850600374703265,0.0,0.0,1.68,1,0,6103,0,2,0.0,10.24,10,0.0,9,0,0.0,3,Nacoes Shopping,NS,Ad group 20251204024133,1850600369247313,REACH,ALC - LEGUEIROS
2025-12-26 00:00:00,1849768891459762,0.0,0.0,0.0,0,0,0,0,0,0.0,0.0,0,0.0,0,0,0.0,0,Nacoes Shopping,NS,Grupo de anúncios 20251125102516,1849768886744178,REACH,ALC - BLACK FRIDAY - NS
2025-12-05 00:00:00,1848504752053361,12.28,0.0,5.14,0,902,7348,0,0,0.0,37.77,52,0.04,2,0,0.0,0,Nacoes Shopping,NS,TRAF - NATAL 25,1848504928619618,CLICK,TRAF - NATAL 25
2025-12-25 00:00:00,1848504752053361,12.88,0.0,3.89,0,1045,8111,0,0,0.0,31.57,26,0.03,0,0,0.0,0,Nacoes Shopping,NS,TRAF - NATAL 25,1848504928619618,CLICK,TRAF - NATAL 25
2025-12-06 00:00:00,1849768891459762,0.0,0.0,0.0,0,0,0,0,0,0.0,0.0,0,0.0,0,0,0.0,0,Nacoes Shopping,NS,Grupo de anúncios 20251125102516,1849768886744178,REACH,ALC - BLACK FRIDAY - NS
2025-12-14 00:00:00,1850600374703265,0.0,0.0,2.13,0,0,6996,0,0,0.0,14.89,16,0.0,21,0,0.0,4,Nacoes Shopping,NS,Ad group 20251204024133,1850600369247313,REACH,ALC - LEGUEIROS
2025-12-02 00:00:00,1847432182991921,0.0,0.0,0.0,0,0,0,0,0,0.0,0.0,0,0.0,0,0,0.0,0,Nacoes Shopping,NS,Grupo de anúncios 20251030032456,1847432144410706,REACH,Alcance | Chillibeans Vini 
2025-12-04 00:00:00,1847431929893905,0.0,0.0,0.0,0,0,0,0,0,0.0,0.0,0,0.0,0,0,0.0,0,Nacoes Shopping,NS,Grupo de anúncios 20251030032048,1847431562326049,REACH,Alcance | Ritmi Mana Spolini
2025-12-10 00:00:00,1849887896210466,0.2,0.0,2.46,0,36,17632,0,0,0.0,43.46,47,1.21,12,0,0.0,2,Nacoes Shopping,NS,Ad group 20251126055740,1849887841738834,REACH,ALC - NATAL 25 02
2025-12-17 00:00:00,1811358948673586,0.0,0.0,0.0,0,0,0,0,0,0.0,0.0,0,0.0,0,0,0.0,0,Nacoes Shopping,NS,Grupo de anúncios 20240927105321,1811358948673554,CLICK,Tráfego - App instal - NS
2025-12-08 00:00:00,1847432182991921,0.0,0.0,0.0,0,0,0,0,0,0.0,0.0,0,0.0,0,0,0.0,0,Nacoes Shopping,NS,Grupo de anúncios 20251030032456,1847432144410706,REACH,Alcance | Chillibeans Vini 
2025-12-19 00:00:00,1849768891459762,0.0,0.0,0.0,0,0,0,0,0,0.0,0.0,0,0.0,0,0,0.0,0,Nacoes Shopping,NS,Grupo de anúncios 20251125102516,1849768886744178,REACH,ALC - BLACK FRIDAY - NS
2025-12-07 00:00:00,1850600374703265,0.0,0.0,2.53,0,0,6569,0,0,0.0,16.61,17,0.0,25,0,0.0,4,Nacoes Shopping,NS,Ad group 20251204024133,1850600369247313,REACH,ALC - LEGUEIROS
2025-12-10 00:00:00,1847431929893905,0.0,0.0,0.0,0,0,0,0,0,0.0,0.0,0,0.0,0,0,0.0,0,Nacoes Shopping,NS,Grupo de anúncios 20251030032048,1847431562326049,REACH,Alcance | Ritmi Mana Spolini
2025-12-27 00:00:00,1850600374703265,0.0,0.0,1.69,1,0,5857,0,0,0.0,9.92,9,0.0,9,0,0.0,2,Nacoes Shopping,NS,Ad group 20251204024133,1850600369247313,REACH,ALC - LEGUEIROS
2025-12-07 00:00:00,1847431779247170,0.0,0.0,0.0,0,0,0,0,0,0.0,0.0,0,0.0,0,0,0.0,0,Nacoes Shopping,NS,Grupo de anúncios 20251030031724,1847431714944034,REACH,Alcance | Giftcard 
2025-12-17 00:00:00,1849887896210466,0.05,0.0,2.74,0,7,13991,0,2,0.0,38.36,107,5.48,9,0,0.0,0,Nacoes Shopping,NS,Ad group 20251126055740,1849887841738834,REACH,ALC - NATAL 25 02
2025-12-15 00:00:00,1847432182991921,0.0,0.0,0.0,0,0,0,0,0,0.0,0.0,0,0.0,0,0,0.0,0,Nacoes Shopping,NS,Grupo de anúncios 20251030032456,1847432144410706,REACH,Alcance | Chillibeans Vini 
2025-12-18 00:00:00,1848504752053361,12.49,0.0,4.64,0,826,6611,0,0,0.0,30.66,114,0.04,-1,0,0.0,0,Nacoes Shopping,NS,TRAF - NATAL 25,1848504928619618,CLICK,TRAF - NATAL 25
2025-12-04 00:00:00,1847431779247170,0.0,0.0,0.0,0,0,0,0,0,0.0,0.0,0,0.0,0,0,0.0,0,Nacoes Shopping,NS,Grupo de anúncios 20251030031724,1847431714944034,REACH,Alcance | Giftcard 
2025-12-15 00:00:00,1850600374703265,0.0,0.0,2.11,0,0,6906,0,0,0.0,14.58,13,0.0,15,0,0.0,2,Nacoes Shopping,NS,Ad group 20251204024133,1850600369247313,REACH,ALC - LEGUEIROS
2025-12-16 00:00:00,1849887896210466,0.18,0.0,2.6,0,25,14066,0,0,0.0,36.58,65,1.46,8,0,0.0,1,Nacoes Shopping,NS,Ad group 20251126055740,1849887841738834,REACH,ALC - NATAL 25 02
2025-12-23 00:00:00,1847431929893905,0.0,0.0,0.0,0,0,0,0,0,0.0,0.0,0,0.0,0,0,0.0,0,Nacoes Shopping,NS,Grupo de anúncios 20251030032048,1847431562326049,REACH,Alcance | Ritmi Mana Spolini
2025-12-03 00:00:00,1847431929893905,0.0,0.0,0.0,0,0,0,0,0,0.0,0.0,0,0.0,0,0,0.0,0,Nacoes Shopping,NS,Grupo de anúncios 20251030032048,1847431562326049,REACH,Alcance | Ritmi Mana Spolini
2025-12-29 00:00:00,1849887896210466,0.05,0.0,2.24,0,8,15837,0,0,0.0,35.41,79,4.43,8,0,0.0,0,Nacoes Shopping,NS,Ad group 20251126055740,1849887841738834,REACH,ALC - NATAL 25 02
2025-12-09 00:00:00,1849887896210466,0.15,0.0,2.48,0,24,16266,0,0,0.0,40.28,33,1.68,15,0,0.0,3,Nacoes Shopping,NS,Ad group 20251126055740,1849887841738834,REACH,ALC - NATAL 25 02
2025-12-13 00:00:00,1848504289898594,0.0,0.0,0.0,0,0,0,0,0,0.0,0.0,0,0.0,0,0,0.0,0,Nacoes Shopping,NS,ALC - NATAL 25,1848504162177105,REACH,ALC - NATAL 25
2025-12-06 00:00:00,1848504752053361,14.28,0.0,5.86,0,1016,7114,0,0,0.0,41.71,59,0.04,1,0,0.0,0,Nacoes Shopping,NS,TRAF - NATAL 25,1848504928619618,CLICK,TRAF - NATAL 25
2025-12-26 00:00:00,1848504752053361,11.31,0.0,3.34,0,991,8762,0,0,0.0,29.28,79,0.03,-1,0,0.0,0,Nacoes Shopping,NS,TRAF - NATAL 25,1848504928619618,CLICK,TRAF - NATAL 25
2025-12-17 00:00:00,1849768891459762,0.0,0.0,0.0,0,0,0,0,0,0.0,0.0,0,0.0,0,0,0.0,0,Nacoes Shopping,NS,Grupo de anúncios 20251125102516,1849768886744178,REACH,ALC - BLACK FRIDAY - NS
2025-12-28 00:00:00,1850600374703265,0.0,0.0,1.6,1,0,5769,0,0,0.0,9.24,12,0.0,16,0,0.0,4,Nacoes Shopping,NS,Ad group 20251204024133,1850600369247313,REACH,ALC - LEGUEIROS
2025-12-08 00:00:00,1850600374703265,0.0,0.0,2.5,0,0,6726,0,0,0.0,16.83,15,0.0,23,0,0.0,5,Nacoes Shopping,NS,Ad group 20251204024133,1850600369247313,REACH,ALC - LEGUEIROS
2025-12-23 00:00:00,1849887896210466,0.04,0.0,2.62,0,5,14250,0,0,0.0,37.33,132,7.47,9,0,0.0,3,Nacoes Shopping,NS,Ad group 20251126055740,1849887841738834,REACH,ALC - NATAL 25 02
2025-12-03 00:00:00,1849768891459762,0.0,0.0,0.0,0,0,0,0,0,0.0,0.0,0,0.0,0,0,0.0,0,Nacoes Shopping,NS,Grupo de anúncios 20251125102516,1849768886744178,REACH,ALC - BLACK FRIDAY - NS
2025-12-12 00:00:00,1848504752053361,16.74,0.0,6.14,0,1224,7310,0,0,0.0,44.89,41,0.04,0,0,0.0,0,Nacoes Shopping,NS,TRAF - NATAL 25,1848504928619618,CLICK,TRAF - NATAL 25
2025-12-29 00:00:00,1847432182991921,0.0,0.0,0.0,0,0,0,0,0,0.0,0.0,0,0.0,0,0,0.0,0,Nacoes Shopping,NS,Grupo de anúncios 20251030032456,1847432144410706,REACH,Alcance | Chillibeans Vini 
2025-12-19 00:00:00,1848504752053361,12.21,0.0,4.11,0,972,7958,0,0,0.0,32.71,75,0.03,5,0,0.0,0,Nacoes Shopping,NS,TRAF - NATAL 25,1848504928619618,CLICK,TRAF - NATAL 25
2025-11-30 00:00:00,1848504289898594,0.0,0.0,0.0,0,0,0,0,0,0.0,0.0,0,0.0,0,0,0.0,0,Nacoes Shopping,NS,ALC - NATAL 25,1848504162177105,REACH,ALC - NATAL 25
2025-12-10 00:00:00,1849768891459762,0.0,0.0,0.0,0,0,0,0,0,0.0,0.0,0,0.0,0,0,0.0,0,Nacoes Shopping,NS,Grupo de anúncios 20251125102516,1849768886744178,REACH,ALC - BLACK FRIDAY - NS
2025-12-20 00:00:00,1848504289898594,0.0,0.0,0.0,0,0,0,0,0,0.0,0.0,0,0.0,0,0,0.0,0,Nacoes Shopping,NS,ALC - NATAL 25,1848504162177105,REACH,ALC - NATAL 25
2025-12-21 00:00:00,1850600374703265,0.0,0.0,2.18,0,0,6195,0,0,0.0,13.48,11,0.0,10,0,0.0,3,Nacoes Shopping,NS,Ad group 20251204024133,1850600369247313,REACH,ALC - LEGUEIROS
2025-12-03 00:00:00,1849887896210466,0.18,0.0,2.48,1,31,16939,0,0,0.0,42.08,17,1.36,9,0,0.0,1,Nacoes Shopping,NS,Ad group 20251126055740,1849887841738834,REACH,ALC - NATAL 25 02
2025-12-18 00:00:00,1847431779247170,0.0,0.0,0.0,0,0,0,0,0,0.0,0.0,0,0.0,0,0,0.0,0,Nacoes Shopping,NS,Grupo de anúncios 20251030031724,1847431714944034,REACH,Alcance | Giftcard 
2025-12-11 00:00:00,1849768891459762,0.0,0.0,0.0,0,0,0,0,0,0.0,0.0,0,0.0,0,0,0.0,0,Nacoes Shopping,NS,Grupo de anúncios 20251125102516,1849768886744178,REACH,ALC - BLACK FRIDAY - NS
2025-11-30 00:00:00,1848504752053361,17.66,0.0,5.59,0,997,5644,0,0,0.0,31.57,0,0.03,0,0,0.0,0,Nacoes Shopping,NS,TRAF - NATAL 25,1848504928619618,CLICK,TRAF - NATAL 25
2025-12-20 00:00:00,1848504752053361,12.39,0.0,4.73,0,854,6894,0,0,0.0,32.62,46,0.04,1,0,0.0,1,Nacoes Shopping,NS,TRAF - NATAL 25,1848504928619618,CLICK,TRAF - NATAL 25
2025-12-09 00:00:00,1850600374703265,0.0,0.0,2.35,1,0,6852,0,0,0.0,16.08,14,0.0,23,0,0.0,7,Nacoes Shopping,NS,Ad group 20251204024133,1850600369247313,REACH,ALC - LEGUEIROS
2025-12-29 00:00:00,1850600374703265,0.0,0.0,1.59,1,0,5171,0,0,0.0,8.24,14,0.0,12,0,0.0,3,Nacoes Shopping,NS,Ad group 20251204024133,1850600369247313,REACH,ALC - LEGUEIROS
2025-12-05 00:00:00,1847431779247170,0.0,0.0,0.0,0,0,0,0,0,0.0,0.0,0,0.0,0,0,0.0,0,Nacoes Shopping,NS,Grupo de anúncios 20251030031724,1847431714944034,REACH,Alcance | Giftcard 
2025-12-15 00:00:00,1849887896210466,0.27,0.0,2.4,0,44,16599,0,0,0.0,39.76,42,0.9,8,0,0.0,0,Nacoes Shopping,NS,Ad group 20251126055740,1849887841738834,REACH,ALC - NATAL 25 02
2025-12-12 00:00:00,1848504289898594,0.0,0.0,0.0,0,0,0,0,0,0.0,0.0,0,0.0,0,0,0.0,0,Nacoes Shopping,NS,ALC - NATAL 25,1848504162177105,REACH,ALC - NATAL 25
2025-12-19 00:00:00,1848504289898594,0.0,0.0,0.0,0,0,0,0,0,0.0,0.0,0,0.0,0,0,0.0,0,Nacoes Shopping,NS,ALC - NATAL 25,1848504162177105,REACH,ALC - NATAL 25
2025-12-03 00:00:00,1847432182991921,0.0,0.0,0.0,0,0,0,0,0,0.0,0.0,0,0.0,0,0,0.0,0,Nacoes Shopping,NS,Grupo de anúncios 20251030032456,1847432144410706,REACH,Alcance | Chillibeans Vini 
2025-12-02 00:00:00,1849887896210466,0.24,0.0,3.01,0,33,13708,0,1,0.0,41.3,21,1.25,6,0,0.0,0,Nacoes Shopping,NS,Ad group 20251126055740,1849887841738834,REACH,ALC - NATAL 25 02
2025-12-24 00:00:00,1849768891459762,0.0,0.0,0.0,0,0,0,0,0,0.0,0.0,0,0.0,0,0,0.0,0,Nacoes Shopping,NS,Grupo de anúncios 20251125102516,1849768886744178,REACH,ALC - BLACK FRIDAY - NS
2025-12-22 00:00:00,1850600374703265,0.0,0.0,2.13,0,0,5864,0,2,0.0,12.48,7,0.0,12,0,0.0,5,Nacoes Shopping,NS,Ad group 20251204024133,1850600369247313,REACH,ALC - LEGUEIROS
2025-12-15 00:00:00,1847431929893905,0.0,0.0,0.0,0,0,0,0,0,0.0,0.0,0,0.0,0,0,0.0,0,Nacoes Shopping,NS,Grupo de anúncios 20251030032048,1847431562326049,REACH,Alcance | Ritmi Mana Spolini
2025-12-22 00:00:00,1849887896210466,0.04,0.0,2.67,0,6,13838,0,0,0.0,36.96,104,6.16,7,0,0.0,1,Nacoes Shopping,NS,Ad group 20251126055740,1849887841738834,REACH,ALC - NATAL 25 02
2025-12-04 00:00:00,1849768891459762,0.0,0.0,0.0,0,0,0,0,0,0.0,0.0,0,0.0,0,0,0.0,0,Nacoes Shopping,NS,Grupo de anúncios 20251125102516,1849768886744178,REACH,ALC - BLACK FRIDAY - NS
2025-12-13 00:00:00,1848504752053361,12.46,0.0,5.01,0,902,7241,0,0,0.0,36.31,78,0.04,2,0,0.0,0,Nacoes Shopping,NS,TRAF - NATAL 25,1848504928619618,CLICK,TRAF - NATAL 25
2025-12-10 00:00:00,1850600374703265,0.0,0.0,2.43,2,0,6417,0,2,0.0,15.6,26,0.0,36,0,0.0,7,Nacoes Shopping,NS,Ad group 20251204024133,1850600369247313,REACH,ALC - LEGUEIROS
2025-12-21 00:00:00,1848504289898594,0.0,0.0,0.0,0,0,0,0,0,0.0,0.0,0,0.0,0,0,0.0,0,Nacoes Shopping,NS,ALC - NATAL 25,1848504162177105,REACH,ALC - NATAL 25
2025-12-21 00:00:00,1849887896210466,0.06,0.0,2.69,0,8,13809,0,0,0.0,37.12,102,4.64,14,0,0.0,2,Nacoes Shopping,NS,Ad group 20251126055740,1849887841738834,REACH,ALC - NATAL 25 02
2025-12-29 00:00:00,1847431779247170,0.0,0.0,0.0,0,0,0,0,0,0.0,0.0,0,0.0,0,0,0.0,0,Nacoes Shopping,NS,Grupo de anúncios 20251030031724,1847431714944034,REACH,Alcance | Giftcard 
2025-12-01 00:00:00,1848504289898594,0.0,0.0,0.0,0,0,0,0,0,0.0,0.0,0,0.0,0,0,0.0,0,Nacoes Shopping,NS,ALC - NATAL 25,1848504162177105,REACH,ALC - NATAL 25
2025-12-08 00:00:00,1847431929893905,0.0,0.0,0.0,0,0,0,0,0,0.0,0.0,0,0.0,0,0,0.0,0,Nacoes Shopping,NS,Grupo de anúncios 20251030032048,1847431562326049,REACH,Alcance | Ritmi Mana Spolini
2025-12-14 00:00:00,1849887896210466,0.22,0.0,2.43,0,36,16563,0,0,0.0,40.22,41,1.12,18,0,0.0,4,Nacoes Shopping,NS,Ad group 20251126055740,1849887841738834,REACH,ALC - NATAL 25 02
2025-12-02 00:00:00,1849768891459762,0.0,0.0,0.0,0,0,0,0,0,0.0,0.0,0,0.0,0,0,0.0,0,Nacoes Shopping,NS,Grupo de anúncios 20251125102516,1849768886744178,REACH,ALC - BLACK FRIDAY - NS
2025-12-01 00:00:00,1849887896210466,0.18,0.0,3.16,0,22,12487,0,0,0.0,39.48,10,1.79,2,0,0.0,0,Nacoes Shopping,NS,Ad group 20251126055740,1849887841738834,REACH,ALC - NATAL 25 02
2025-12-21 00:00:00,1848504752053361,9.9,0.0,4.0,0,791,7987,0,0,0.0,31.97,105,0.04,1,0,0.0,1,Nacoes Shopping,NS,TRAF - NATAL 25,1848504928619618,CLICK,TRAF - NATAL 25
2025-12-01 00:00:00,1848504752053361,13.28,0.0,4.16,0,946,7122,0,0,0.0,29.65,0,0.03,0,0,0.0,0,Nacoes Shopping,NS,TRAF - NATAL 25,1848504928619618,CLICK,TRAF - NATAL 25
2025-12-23 00:00:00,1850600374703265,0.0,0.0,2.17,1,0,5791,0,0,0.0,12.54,16,0.0,18,0,0.0,5,Nacoes Shopping,NS,Ad group 20251204024133,1850600369247313,REACH,ALC - LEGUEIROS
2025-12-28 00:00:00,1849887896210466,0.13,0.0,2.32,0,20,15360,0,0,0.0,35.68,87,1.78,10,0,0.0,4,Nacoes Shopping,NS,Ad group 20251126055740,1849887841738834,REACH,ALC - NATAL 25 02
2025-12-08 00:00:00,1849768891459762,0.0,0.0,0.0,0,0,0,0,0,0.0,0.0,0,0.0,0,0,0.0,0,Nacoes Shopping,NS,Grupo de anúncios 20251125102516,1849768886744178,REACH,ALC - BLACK FRIDAY - NS
2025-12-27 00:00:00,1848504752053361,11.82,0.0,3.28,0,1413,11955,0,0,0.0,39.19,58,0.03,0,0,0.0,1,Nacoes Shopping,NS,TRAF - NATAL 25,1848504928619618,CLICK,TRAF - NATAL 25
2025-12-07 00:00:00,1848504752053361,12.75,0.0,5.68,0,845,6626,0,0,0.0,37.65,64,0.04,0,0,0.0,0,Nacoes Shopping,NS,TRAF - NATAL 25,1848504928619618,CLICK,TRAF - NATAL 25
2025-12-08 00:00:00,1848504289898594,0.0,0.0,0.0,0,0,0,0,0,0.0,0.0,0,0.0,0,0,0.0,0,Nacoes Shopping,NS,ALC - NATAL 25,1848504162177105,REACH,ALC - NATAL 25
2025-12-14 00:00:00,1848504752053361,15.75,0.0,5.33,0,1106,7024,0,0,0.0,37.46,63,0.03,0,0,0.0,0,Nacoes Shopping,NS,TRAF - NATAL 25,1848504928619618,CLICK,TRAF - NATAL 25
2025-12-23 00:00:00,1847431191132210,0.0,0.0,0.0,0,0,0,0,0,0.0,0.0,0,0.0,0,0,0.0,0,Nacoes Shopping,NS,Grupo de anúncios 20251030030847,1847431181554881,ENGAGED_VIEW,Visualizações de vídeo | Natal 02 
2025-12-15 00:00:00,1849768891459762,0.0,0.0,0.0,0,0,0,0,0,0.0,0.0,0,0.0,0,0,0.0,0,Nacoes Shopping,NS,Grupo de anúncios 20251125102516,1849768886744178,REACH,ALC - BLACK FRIDAY - NS
2025-12-15 00:00:00,1848504289898594,0.0,0.0,0.0,0,0,0,0,0,0.0,0.0,0,0.0,0,0,0.0,0,Nacoes Shopping,NS,ALC - NATAL 25,1848504162177105,REACH,ALC - NATAL 25
2025-12-01 00:00:00,1847431929893905,0.0,0.0,0.0,0,0,0,0,0,0.0,0.0,0,0.0,0,0,0.0,0,Nacoes Shopping,NS,Grupo de anúncios 20251030032048,1847431562326049,REACH,Alcance | Ritmi Mana Spolini
2025-12-16 00:00:00,1850600374703265,0.0,0.0,2.16,0,0,6022,0,0,0.0,13.01,19,0.0,11,0,0.0,7,Nacoes Shopping,NS,Ad group 20251204024133,1850600369247313,REACH,ALC - LEGUEIROS
2025-12-08 00:00:00,1849887896210466,0.2,0.0,2.79,0,30,15027,0,0,0.0,41.95,74,1.4,7,0,0.0,2,Nacoes Shopping,NS,Ad group 20251126055740,1849887841738834,REACH,ALC - NATAL 25 02
2025-12-03 00:00:00,1847431779247170,0.0,0.0,0.0,0,0,0,0,0,0.0,0.0,0,0.0,0,0,0.0,0,Nacoes Shopping,NS,Grupo de anúncios 20251030031724,1847431714944034,REACH,Alcance | Giftcard 
2025-11-30 00:00:00,1849887896210466,0.17,0.0,3.6,0,18,10657,0,0,0.0,38.39,9,2.13,3,0,0.0,1,Nacoes Shopping,NS,Ad group 20251126055740,1849887841738834,REACH,ALC - NATAL 25 02
2025-12-15 00:00:00,1848504752053361,13.3,0.0,4.88,0,920,6916,0,0,0.0,33.72,167,0.04,4,0,0.0,1,Nacoes Shopping,NS,TRAF - NATAL 25,1848504928619618,CLICK,TRAF - NATAL 25
2025-12-07 00:00:00,1847431929893905,0.0,0.0,0.0,0,0,0,0,0,0.0,0.0,0,0.0,0,0,0.0,0,Nacoes Shopping,NS,Grupo de anúncios 20251030032048,1847431562326049,REACH,Alcance | Ritmi Mana Spolini
2025-12-24 00:00:00,1850600374703265,0.0,0.0,2.13,0,0,5535,0,1,0.0,11.78,13,0.0,18,0,0.0,2,Nacoes Shopping,NS,Ad group 20251204024133,1850600369247313,REACH,ALC - LEGUEIROS
2025-12-04 00:00:00,1850600374703265,0.0,0.0,1.9,0,0,4457,0,0,0.0,8.45,15,0.0,15,0,0.0,8,Nacoes Shopping,NS,Ad group 20251204024133,1850600369247313,REACH,ALC - LEGUEIROS
2025-12-07 00:00:00,1848504289898594,0.0,0.0,0.0,0,0,0,0,0,0.0,0.0,0,0.0,0,0,0.0,0,Nacoes Shopping,NS,ALC - NATAL 25,1848504162177105,REACH,ALC - NATAL 25
2025-12-10 00:00:00,1847431779247170,0.0,0.0,0.0,0,0,0,0,0,0.0,0.0,0,0.0,0,0,0.0,0,Nacoes Shopping,NS,Grupo de anúncios 20251030031724,1847431714944034,REACH,Alcance | Giftcard 
2025-12-20 00:00:00,1849887896210466,0.03,0.0,2.9,0,4,12651,0,0,0.0,36.63,80,9.16,10,0,0.0,1,Nacoes Shopping,NS,Ad group 20251126055740,1849887841738834,REACH,ALC - NATAL 25 02
2025-12-14 00:00:00,1848504289898594,0.0,0.0,0.0,0,0,0,0,0,0.0,0.0,0,0.0,0,0,0.0,0,Nacoes Shopping,NS,ALC - NATAL 25,1848504162177105,REACH,ALC - NATAL 25
2025-12-18 00:00:00,1847432182991921,0.0,0.0,0.0,0,0,0,0,0,0.0,0.0,0,0.0,0,0,0.0,0,Nacoes Shopping,NS,Grupo de anúncios 20251030032456,1847432144410706,REACH,Alcance | Chillibeans Vini 
2025-12-07 00:00:00,1849887896210466,0.02,0.0,3.05,0,3,13120,0,0,0.0,40.07,99,13.36,11,0,0.0,0,Nacoes Shopping,NS,Ad group 20251126055740,1849887841738834,REACH,ALC - NATAL 25 02
2025-12-29 00:00:00,1849768891459762,0.0,0.0,0.0,0,0,0,0,0,0.0,0.0,0,0.0,0,0,0.0,0,Nacoes Shopping,NS,Grupo de anúncios 20251125102516,1849768886744178,REACH,ALC - BLACK FRIDAY - NS
2025-12-17 00:00:00,1850600374703265,0.0,0.0,2.44,2,0,5514,0,0,0.0,13.45,15,0.0,12,0,0.0,5,Nacoes Shopping,NS,Ad group 20251204024133,1850600369247313,REACH,ALC - LEGUEIROS
2025-12-27 00:00:00,1849887896210466,0.11,0.0,2.31,1,18,15761,0,0,0.0,36.41,80,2.02,15,0,0.0,2,Nacoes Shopping,NS,Ad group 20251126055740,1849887841738834,REACH,ALC - NATAL 25 02
2025-12-09 00:00:00,1849768891459762,0.0,0.0,0.0,0,0,0,0,0,0.0,0.0,0,0.0,0,0,0.0,0,Nacoes Shopping,NS,Grupo de anúncios 20251125102516,1849768886744178,REACH,ALC - BLACK FRIDAY - NS
2025-12-28 00:00:00,1848504752053361,13.74,0.0,3.48,0,1507,10969,0,0,0.0,38.17,3,0.03,0,0,0.0,0,Nacoes Shopping,NS,TRAF - NATAL 25,1848504928619618,CLICK,TRAF - NATAL 25
2025-12-08 00:00:00,1848504752053361,13.45,0.0,5.32,0,1027,7636,0,0,0.0,40.66,45,0.04,2,0,0.0,0,Nacoes Shopping,NS,TRAF - NATAL 25,1848504928619618,CLICK,TRAF - NATAL 25
2026-01-14 00:00:00,1850600374703265,0.0,0.0,0.0,0,0,0,0,0,0.0,0.0,0,0.0,0,0,0.0,0,Nacoes Shopping,NS,Ad group 20251204024133,1850600369247313,REACH,ALC - LEGUEIROS
2026-01-26 00:00:00,1854324514674770,0.0,0.0,2.0,0,0,8470,0,0,0.0,16.96,13,0.0,1,0,0.0,0,Nacoes Shopping,NS,Grupo de anúncios 20260114051509,1854324488425522,REACH,ALC - LIQUIDA
2026-01-19 00:00:00,1854324205649953,0.0,0.0,1.72,0,0,7301,0,0,0.0,12.53,13,0.0,7,0,0.0,1,Nacoes Shopping,NS,Grupo de anúncios 20260114051128,1854324205639697,REACH,ALC - FERIAS NACOES SHOPPING
2026-01-15 00:00:00,1849887896210466,0.0,0.0,0.0,0,0,0,0,0,0.0,0.0,0,0.0,0,0,0.0,0,Nacoes Shopping,NS,Ad group 20251126055740,1849887841738834,REACH,ALC - NATAL 25 02
2026-01-05 00:00:00,1848504289898594,0.0,0.0,0.0,0,0,0,0,0,0.0,0.0,0,0.0,0,0,0.0,0,Nacoes Shopping,NS,ALC - NATAL 25,1848504162177105,REACH,ALC - NATAL 25
2026-01-12 00:00:00,1848504289898594,0.0,0.0,0.0,0,0,0,0,0,0.0,0.0,0,0.0,0,0,0.0,0,Nacoes Shopping,NS,ALC - NATAL 25,1848504162177105,REACH,ALC - NATAL 25
2026-01-05 00:00:00,1848504752053361,100.0,0.0,0.0,0,1,1,0,0,0.0,0.0,0,0.0,0,0,0.0,0,Nacoes Shopping,NS,TRAF - NATAL 25,1848504928619618,CLICK,TRAF - NATAL 25
2026-01-02 00:00:00,1849887896210466,0.0,0.0,0.0,0,0,3,0,0,0.0,0.0,0,0.0,0,0,0.0,0,Nacoes Shopping,NS,Ad group 20251126055740,1849887841738834,REACH,ALC - NATAL 25 02
2026-01-11 00:00:00,1848504752053361,0.0,0.0,0.0,0,0,0,0,0,0.0,0.0,0,0.0,0,0,0.0,0,Nacoes Shopping,NS,TRAF - NATAL 25,1848504928619618,CLICK,TRAF - NATAL 25
2025-12-30 00:00:00,1848504289898594,0.0,0.0,0.0,0,0,0,0,0,0.0,0.0,0,0.0,0,0,0.0,0,Nacoes Shopping,NS,ALC - NATAL 25,1848504162177105,REACH,ALC - NATAL 25
2025-12-31 00:00:00,1850600374703265,0.0,0.0,0.0,0,0,0,0,0,0.0,0.0,0,0.0,0,0,0.0,0,Nacoes Shopping,NS,Ad group 20251204024133,1850600369247313,REACH,ALC - LEGUEIROS
2026-01-20 00:00:00,1850600374703265,0.0,0.0,0.0,0,0,0,0,0,0.0,0.0,0,0.0,0,0,0.0,0,Nacoes Shopping,NS,Ad group 20251204024133,1850600369247313,REACH,ALC - LEGUEIROS
2026-01-19 00:00:00,1848504289898594,0.0,0.0,0.0,0,0,0,0,0,0.0,0.0,0,0.0,0,0,0.0,0,Nacoes Shopping,NS,ALC - NATAL 25,1848504162177105,REACH,ALC - NATAL 25
2026-01-25 00:00:00,1854324205649953,0.0,0.0,1.48,0,0,7506,0,0,0.0,11.09,17,0.0,5,0,0.0,0,Nacoes Shopping,NS,Grupo de anúncios 20260114051128,1854324205639697,REACH,ALC - FERIAS NACOES SHOPPING
2025-12-30 00:00:00,1848504752053361,13.75,0.0,3.04,0,1620,11785,0,0,0.0,35.86,24,0.02,0,0,0.0,0,Nacoes Shopping,NS,TRAF - NATAL 25,1848504928619618,CLICK,TRAF - NATAL 25
2026-01-19 00:00:00,1848504752053361,0.0,0.0,0.0,0,0,0,0,0,0.0,0.0,0,0.0,0,0,0.0,0,Nacoes Shopping,NS,TRAF - NATAL 25,1848504928619618,CLICK,TRAF - NATAL 25
2026-01-08 00:00:00,1850600374703265,0.0,0.0,0.0,0,0,0,0,0,0.0,0.0,0,0.0,0,0,0.0,0,Nacoes Shopping,NS,Ad group 20251204024133,1850600369247313,REACH,ALC - LEGUEIROS
2026-01-25 00:00:00,1854324514674770,0.0,0.0,1.64,0,0,10738,0,0,0.0,17.63,14,0.0,2,0,0.0,2,Nacoes Shopping,NS,Grupo de anúncios 20260114051509,1854324488425522,REACH,ALC - LIQUIDA
2026-01-28 00:00:00,1855492647217250,0.0,0.0,1.52,0,0,12463,0,1,0.0,19.0,23,0.0,23,0,0.0,2,Nacoes Shopping,NS,Ad group 20260127024258,1855492566896834,REACH,ALC - Smart Zoo
2026-01-14 00:00:00,1849887896210466,0.0,0.0,0.0,0,0,0,0,0,0.0,0.0,0,0.0,0,0,0.0,0,Nacoes Shopping,NS,Ad group 20251126055740,1849887841738834,REACH,ALC - NATAL 25 02
2026-01-19 00:00:00,1854324514674770,0.0,0.0,1.89,0,0,9999,0,0,0.0,18.94,16,0.0,2,0,0.0,0,Nacoes Shopping,NS,Grupo de anúncios 20260114051509,1854324488425522,REACH,ALC - LIQUIDA
2026-01-18 00:00:00,1811358948673586,0.0,0.0,0.0,0,0,0,0,0,0.0,0.0,0,0.0,0,0,0.0,0,Nacoes Shopping,NS,Grupo de anúncios 20240927105321,1811358948673554,CLICK,Tráfego - App instal - NS
2026-01-26 00:00:00,1854324205649953,0.0,0.0,1.85,1,0,6218,0,0,0.0,11.5,14,0.0,8,0,0.0,0,Nacoes Shopping,NS,Grupo de anúncios 20260114051128,1854324205639697,REACH,ALC - FERIAS NACOES SHOPPING
2026-01-21 00:00:00,1849887896210466,0.0,0.0,0.0,0,0,0,0,0,0.0,0.0,0,0.0,0,0,0.0,0,Nacoes Shopping,NS,Ad group 20251126055740,1849887841738834,REACH,ALC - NATAL 25 02
2026-01-01 00:00:00,1849887896210466,0.0,0.0,0.0,0,0,40,0,0,0.0,0.0,1,0.0,0,0,0.0,0,Nacoes Shopping,NS,Ad group 20251126055740,1849887841738834,REACH,ALC - NATAL 25 02
2026-01-09 00:00:00,1850600374703265,0.0,0.0,0.0,0,0,0,0,0,0.0,0.0,0,0.0,0,0,0.0,0,Nacoes Shopping,NS,Ad group 20251204024133,1850600369247313,REACH,ALC - LEGUEIROS
2026-01-21 00:00:00,1854324514674770,0.0,0.0,1.88,0,0,10382,0,0,0.0,19.54,19,0.0,3,0,0.0,2,Nacoes Shopping,NS,Grupo de anúncios 20260114051509,1854324488425522,REACH,ALC - LIQUIDA
2026-01-20 00:00:00,1849887896210466,0.0,0.0,0.0,0,0,0,0,0,0.0,0.0,0,0.0,0,0,0.0,0,Nacoes Shopping,NS,Ad group 20251126055740,1849887841738834,REACH,ALC - NATAL 25 02
2025-12-31 00:00:00,1848504289898594,0.0,0.0,0.0,0,0,0,0,0,0.0,0.0,0,0.0,0,0,0.0,0,Nacoes Shopping,NS,ALC - NATAL 25,1848504162177105,REACH,ALC - NATAL 25
2026-01-14 00:00:00,1854324205649953,0.0,0.0,1.2,0,0,4068,0,0,0.0,4.88,11,0.0,1,0,0.0,0,Nacoes Shopping,NS,Grupo de anúncios 20260114051128,1854324205639697,REACH,ALC - FERIAS NACOES SHOPPING
2025-12-31 00:00:00,1849887896210466,0.05,0.0,1.98,2,7,14428,0,0,0.0,28.63,100,4.09,8,0,0.0,1,Nacoes Shopping,NS,Ad group 20251126055740,1849887841738834,REACH,ALC - NATAL 25 02
2026-01-28 00:00:00,1854324514674770,0.0,0.0,0.0,0,0,0,0,0,0.0,0.0,0,0.0,0,0,0.0,0,Nacoes Shopping,NS,Grupo de anúncios 20260114051509,1854324488425522,REACH,ALC - LIQUIDA
2026-01-20 00:00:00,1848504289898594,0.0,0.0,0.0,0,0,0,0,0,0.0,0.0,0,0.0,0,0,0.0,0,Nacoes Shopping,NS,ALC - NATAL 25,1848504162177105,REACH,ALC - NATAL 25
2026-01-07 00:00:00,1848504289898594,0.0,0.0,0.0,0,0,0,0,0,0.0,0.0,0,0.0,0,0,0.0,0,Nacoes Shopping,NS,ALC - NATAL 25,1848504162177105,REACH,ALC - NATAL 25
2025-12-31 00:00:00,1848504752053361,15.04,0.0,2.99,0,1087,7226,0,0,0.0,21.63,23,0.02,0,0,0.0,0,Nacoes Shopping,NS,TRAF - NATAL 25,1848504928619618,CLICK,TRAF - NATAL 25
2026-01-01 00:00:00,1849768891459762,0.0,0.0,0.0,0,0,0,0,0,0.0,0.0,0,0.0,0,0,0.0,0,Nacoes Shopping,NS,Grupo de anúncios 20251125102516,1849768886744178,REACH,ALC - BLACK FRIDAY - NS
2026-01-07 00:00:00,1849887896210466,0.0,0.0,0.0,0,0,0,0,0,0.0,0.0,0,0.0,0,0,0.0,0,Nacoes Shopping,NS,Ad group 20251126055740,1849887841738834,REACH,ALC - NATAL 25 02
2026-01-27 00:00:00,1854324205649953,0.0,0.0,2.11,0,0,4705,0,0,0.0,9.92,11,0.0,-1,0,0.0,0,Nacoes Shopping,NS,Grupo de anúncios 20260114051128,1854324205639697,REACH,ALC - FERIAS NACOES SHOPPING
2026-01-06 00:00:00,1848504752053361,0.0,0.0,0.0,0,0,0,0,0,0.0,0.0,0,0.0,0,0,0.0,0,Nacoes Shopping,NS,TRAF - NATAL 25,1848504928619618,CLICK,TRAF - NATAL 25
2026-01-27 00:00:00,1855492647217250,0.0,0.0,1.37,0,0,7196,0,0,0.0,9.87,18,0.0,12,0,0.0,2,Nacoes Shopping,NS,Ad group 20260127024258,1855492566896834,REACH,ALC - Smart Zoo
2026-01-15 00:00:00,1850600374703265,0.0,0.0,0.0,0,0,0,0,0,0.0,0.0,0,0.0,0,0,0.0,0,Nacoes Shopping,NS,Ad group 20251204024133,1850600369247313,REACH,ALC - LEGUEIROS
2026-01-20 00:00:00,1854324205649953,0.0,0.0,1.8,0,0,6785,0,0,0.0,12.2,17,0.0,3,0,0.0,0,Nacoes Shopping,NS,Grupo de anúncios 20260114051128,1854324205639697,REACH,ALC - FERIAS NACOES SHOPPING
2026-01-14 00:00:00,1848504752053361,0.0,0.0,0.0,0,0,0,0,0,0.0,0.0,0,0.0,0,0,0.0,0,Nacoes Shopping,NS,TRAF - NATAL 25,1848504928619618,CLICK,TRAF - NATAL 25
2026-01-20 00:00:00,1854324514674770,0.0,0.0,2.2,0,0,8355,0,0,0.0,18.39,13,0.0,3,0,0.0,0,Nacoes Shopping,NS,Grupo de anúncios 20260114051509,1854324488425522,REACH,ALC - LIQUIDA
2026-01-28 00:00:00,1854324205649953,0.0,0.0,1.59,0,0,7020,0,0,0.0,11.18,14,0.0,6,0,0.0,0,Nacoes Shopping,NS,Grupo de anúncios 20260114051128,1854324205639697,REACH,ALC - FERIAS NACOES SHOPPING
2026-01-19 00:00:00,1849887896210466,0.0,0.0,0.0,0,0,0,0,0,0.0,0.0,0,0.0,0,0,0.0,0,Nacoes Shopping,NS,Ad group 20251126055740,1849887841738834,REACH,ALC - NATAL 25 02
2025-12-30 00:00:00,1849887896210466,0.09,0.0,2.18,1,14,16194,0,2,0.0,35.29,105,2.52,17,0,0.0,8,Nacoes Shopping,NS,Ad group 20251126055740,1849887841738834,REACH,ALC - NATAL 25 02
2026-01-06 00:00:00,1848504289898594,0.0,0.0,0.0,0,0,0,0,0,0.0,0.0,0,0.0,0,0,0.0,0,Nacoes Shopping,NS,ALC - NATAL 25,1848504162177105,REACH,ALC - NATAL 25
2026-01-14 00:00:00,1854324514674770,0.0,0.0,1.33,0,0,5345,0,0,0.0,7.1,6,0.0,0,0,0.0,0,Nacoes Shopping,NS,Grupo de anúncios 20260114051509,1854324488425522,REACH,ALC - LIQUIDA
2026-01-08 00:00:00,1849768891459762,0.0,0.0,0.0,0,0,0,0,0,0.0,0.0,0,0.0,0,0,0.0,0,Nacoes Shopping,NS,Grupo de anúncios 20251125102516,1849768886744178,REACH,ALC - BLACK FRIDAY - NS
2026-01-13 00:00:00,1848504289898594,0.0,0.0,0.0,0,0,0,0,0,0.0,0.0,0,0.0,0,0,0.0,0,Nacoes Shopping,NS,ALC - NATAL 25,1848504162177105,REACH,ALC - NATAL 25
2026-01-13 00:00:00,1849887896210466,0.0,0.0,0.0,0,0,0,0,0,0.0,0.0,0,0.0,0,0,0.0,0,Nacoes Shopping,NS,Ad group 20251126055740,1849887841738834,REACH,ALC - NATAL 25 02
2026-01-21 00:00:00,1854324205649953,0.0,0.0,1.64,0,0,8656,0,0,0.0,14.2,14,0.0,6,0,0.0,0,Nacoes Shopping,NS,Grupo de anúncios 20260114051128,1854324205639697,REACH,ALC - FERIAS NACOES SHOPPING
2026-01-06 00:00:00,1849887896210466,0.0,0.0,0.0,0,0,0,0,0,0.0,0.0,0,0.0,0,0,0.0,0,Nacoes Shopping,NS,Ad group 20251126055740,1849887841738834,REACH,ALC - NATAL 25 02
2026-01-27 00:00:00,1854324514674770,0.0,0.0,2.23,0,0,2968,0,1,0.0,6.62,5,0.0,3,0,0.0,0,Nacoes Shopping,NS,Grupo de anúncios 20260114051509,1854324488425522,REACH,ALC - LIQUIDA
2026-01-07 00:00:00,1848504752053361,0.0,0.0,0.0,0,0,2,0,0,0.0,0.0,0,0.0,0,0,0.0,0,Nacoes Shopping,NS,TRAF - NATAL 25,1848504928619618,CLICK,TRAF - NATAL 25
2026-01-04 00:00:00,1850600374703265,0.0,0.0,0.0,0,0,0,0,0,0.0,0.0,0,0.0,0,0,0.0,0,Nacoes Shopping,NS,Ad group 20251204024133,1850600369247313,REACH,ALC - LEGUEIROS
2026-01-16 00:00:00,1854324514674770,0.0,0.0,1.7,0,0,11746,0,0,0.0,20.02,14,0.0,3,0,0.0,0,Nacoes Shopping,NS,Grupo de anúncios 20260114051509,1854324488425522,REACH,ALC - LIQUIDA
2026-01-05 00:00:00,1849887896210466,0.0,0.0,0.0,0,0,7,0,0,0.0,0.0,0,0.0,0,0,0.0,0,Nacoes Shopping,NS,Ad group 20251126055740,1849887841738834,REACH,ALC - NATAL 25 02
2026-01-13 00:00:00,1847431779247170,0.0,0.0,0.0,0,0,0,0,0,0.0,0.0,0,0.0,0,0,0.0,0,Nacoes Shopping,NS,Grupo de anúncios 20251030031724,1847431714944034,REACH,Alcance | Giftcard 
2026-01-02 00:00:00,1848504289898594,0.0,0.0,0.0,0,0,0,0,0,0.0,0.0,0,0.0,0,0,0.0,0,Nacoes Shopping,NS,ALC - NATAL 25,1848504162177105,REACH,ALC - NATAL 25
2026-01-15 00:00:00,1848504752053361,0.0,0.0,0.0,0,0,0,0,0,0.0,0.0,0,0.0,0,0,0.0,0,Nacoes Shopping,NS,TRAF - NATAL 25,1848504928619618,CLICK,TRAF - NATAL 25
2026-01-06 00:00:00,1849768891459762,0.0,0.0,0.0,0,0,0,0,0,0.0,0.0,0,0.0,0,0,0.0,0,Nacoes Shopping,NS,Grupo de anúncios 20251125102516,1849768886744178,REACH,ALC - BLACK FRIDAY - NS
2026-01-12 00:00:00,1849887896210466,0.0,0.0,0.0,0,0,0,0,0,0.0,0.0,0,0.0,0,0,0.0,0,Nacoes Shopping,NS,Ad group 20251126055740,1849887841738834,REACH,ALC - NATAL 25 02
2026-01-22 00:00:00,1854324205649953,0.0,0.0,1.5,0,0,8401,0,0,0.0,12.58,15,0.0,4,0,0.0,0,Nacoes Shopping,NS,Grupo de anúncios 20260114051128,1854324205639697,REACH,ALC - FERIAS NACOES SHOPPING
2026-01-12 00:00:00,1849768891459762,0.0,0.0,0.0,0,0,0,0,0,0.0,0.0,0,0.0,0,0,0.0,0,Nacoes Shopping,NS,Grupo de anúncios 20251125102516,1849768886744178,REACH,ALC - BLACK FRIDAY - NS
2026-01-01 00:00:00,1848504752053361,28.57,0.0,0.0,0,4,14,0,0,0.0,0.0,0,0.0,0,0,0.0,0,Nacoes Shopping,NS,TRAF - NATAL 25,1848504928619618,CLICK,TRAF - NATAL 25
2026-01-23 00:00:00,1854324514674770,0.0,0.0,1.71,0,0,10658,0,0,0.0,18.24,14,0.0,8,0,0.0,0,Nacoes Shopping,NS,Grupo de anúncios 20260114051509,1854324488425522,REACH,ALC - LIQUIDA
2026-01-08 00:00:00,1848504752053361,0.0,0.0,0.0,0,0,0,0,0,0.0,0.0,0,0.0,0,0,0.0,0,Nacoes Shopping,NS,TRAF - NATAL 25,1848504928619618,CLICK,TRAF - NATAL 25
2026-01-10 00:00:00,1850600374703265,0.0,0.0,0.0,0,0,0,0,0,0.0,0.0,0,0.0,0,0,0.0,0,Nacoes Shopping,NS,Ad group 20251204024133,1850600369247313,REACH,ALC - LEGUEIROS
2026-01-15 00:00:00,1854324205649953,0.0,0.0,1.54,0,0,8936,0,0,0.0,13.77,17,0.0,1,0,0.0,0,Nacoes Shopping,NS,Grupo de anúncios 20260114051128,1854324205639697,REACH,ALC - FERIAS NACOES SHOPPING
2026-01-15 00:00:00,1854324514674770,0.0,0.0,1.66,0,0,12558,0,0,0.0,20.88,19,0.0,2,0,0.0,1,Nacoes Shopping,NS,Grupo de anúncios 20260114051509,1854324488425522,REACH,ALC - LIQUIDA
2026-01-23 00:00:00,1854324205649953,0.0,0.0,1.6,0,0,7616,0,1,0.0,12.16,19,0.0,6,0,0.0,3,Nacoes Shopping,NS,Grupo de anúncios 20260114051128,1854324205639697,REACH,ALC - FERIAS NACOES SHOPPING
2026-01-18 00:00:00,1850600374703265,0.0,0.0,0.0,0,0,0,0,0,0.0,0.0,0,0.0,0,0,0.0,0,Nacoes Shopping,NS,Ad group 20251204024133,1850600369247313,REACH,ALC - LEGUEIROS
2026-01-04 00:00:00,1849887896210466,0.0,0.0,0.0,0,0,4,0,0,0.0,0.0,0,0.0,0,0,0.0,0,Nacoes Shopping,NS,Ad group 20251126055740,1849887841738834,REACH,ALC - NATAL 25 02
2026-01-01 00:00:00,1848504289898594,0.0,0.0,0.0,0,0,0,0,0,0.0,0.0,0,0.0,0,0,0.0,0,Nacoes Shopping,NS,ALC - NATAL 25,1848504162177105,REACH,ALC - NATAL 25
2026-01-22 00:00:00,1848504752053361,0.0,0.0,0.0,0,0,0,0,0,0.0,0.0,0,0.0,0,0,0.0,0,Nacoes Shopping,NS,TRAF - NATAL 25,1848504928619618,CLICK,TRAF - NATAL 25
2026-01-11 00:00:00,1850600374703265,0.0,0.0,0.0,0,0,0,0,0,0.0,0.0,0,0.0,0,0,0.0,0,Nacoes Shopping,NS,Ad group 20251204024133,1850600369247313,REACH,ALC - LEGUEIROS
2026-01-18 00:00:00,1849887896210466,0.0,0.0,0.0,0,0,0,0,0,0.0,0.0,0,0.0,0,0,0.0,0,Nacoes Shopping,NS,Ad group 20251126055740,1849887841738834,REACH,ALC - NATAL 25 02
2026-01-16 00:00:00,1854324205649953,0.0,0.0,1.58,0,0,8641,0,0,0.0,13.64,19,0.0,2,0,0.0,0,Nacoes Shopping,NS,Grupo de anúncios 20260114051128,1854324205639697,REACH,ALC - FERIAS NACOES SHOPPING
2026-01-11 00:00:00,1849887896210466,0.0,0.0,0.0,0,0,0,0,0,0.0,0.0,0,0.0,0,0,0.0,0,Nacoes Shopping,NS,Ad group 20251126055740,1849887841738834,REACH,ALC - NATAL 25 02
2026-01-22 00:00:00,1854324514674770,0.0,0.0,1.69,0,0,11192,0,0,0.0,18.91,16,0.0,3,0,0.0,1,Nacoes Shopping,NS,Grupo de anúncios 20260114051509,1854324488425522,REACH,ALC - LIQUIDA
2026-01-02 00:00:00,1848504752053361,100.0,0.0,0.0,0,2,2,0,0,0.0,0.0,0,0.0,0,0,0.0,0,Nacoes Shopping,NS,TRAF - NATAL 25,1848504928619618,CLICK,TRAF - NATAL 25
2025-12-30 00:00:00,1850600374703265,0.0,0.0,1.72,0,0,1442,0,0,0.0,2.48,2,0.0,4,0,0.0,0,Nacoes Shopping,NS,Ad group 20251204024133,1850600369247313,REACH,ALC - LEGUEIROS
2026-01-24 00:00:00,1854324205649953,0.0,0.0,1.66,0,0,7360,0,0,0.0,12.24,15,0.0,5,0,0.0,1,Nacoes Shopping,NS,Grupo de anúncios 20260114051128,1854324205639697,REACH,ALC - FERIAS NACOES SHOPPING
2026-01-10 00:00:00,1849887896210466,0.0,0.0,0.0,0,0,0,0,0,0.0,0.0,0,0.0,0,0,0.0,0,Nacoes Shopping,NS,Ad group 20251126055740,1849887841738834,REACH,ALC - NATAL 25 02
2026-01-03 00:00:00,1849887896210466,0.0,0.0,0.0,0,0,2,0,0,0.0,0.0,0,0.0,0,0,0.0,0,Nacoes Shopping,NS,Ad group 20251126055740,1849887841738834,REACH,ALC - NATAL 25 02
2026-01-10 00:00:00,1848504752053361,0.0,0.0,0.0,0,0,0,0,0,0.0,0.0,0,0.0,0,0,0.0,0,Nacoes Shopping,NS,TRAF - NATAL 25,1848504928619618,CLICK,TRAF - NATAL 25
2026-01-11 00:00:00,1849768891459762,0.0,0.0,0.0,0,0,0,0,0,0.0,0.0,0,0.0,0,0,0.0,0,Nacoes Shopping,NS,Grupo de anúncios 20251125102516,1849768886744178,REACH,ALC - BLACK FRIDAY - NS
2026-01-17 00:00:00,1854324205649953,0.0,0.0,1.57,0,0,8707,0,0,0.0,13.71,19,0.0,9,0,0.0,2,Nacoes Shopping,NS,Grupo de anúncios 20260114051128,1854324205639697,REACH,ALC - FERIAS NACOES SHOPPING
2026-01-16 00:00:00,1848504752053361,0.0,0.0,0.0,0,0,0,0,0,0.0,0.0,0,0.0,0,0,0.0,0,Nacoes Shopping,NS,TRAF - NATAL 25,1848504928619618,CLICK,TRAF - NATAL 25
2026-01-18 00:00:00,1854324514674770,0.0,0.0,1.71,0,0,11710,0,0,0.0,20.05,22,0.0,1,0,0.0,0,Nacoes Shopping,NS,Grupo de anúncios 20260114051509,1854324488425522,REACH,ALC - LIQUIDA
2026-01-03 00:00:00,1848504752053361,0.0,0.0,0.0,0,0,1,0,0,0.0,0.0,0,0.0,0,0,0.0,0,Nacoes Shopping,NS,TRAF - NATAL 25,1848504928619618,CLICK,TRAF - NATAL 25
2026-01-04 00:00:00,1849768891459762,0.0,0.0,0.0,0,0,0,0,0,0.0,0.0,0,0.0,0,0,0.0,0,Nacoes Shopping,NS,Grupo de anúncios 20251125102516,1849768886744178,REACH,ALC - BLACK FRIDAY - NS
2026-01-05 00:00:00,1850600374703265,0.0,0.0,0.0,0,0,0,0,0,0.0,0.0,0,0.0,0,0,0.0,0,Nacoes Shopping,NS,Ad group 20251204024133,1850600369247313,REACH,ALC - LEGUEIROS
2026-01-11 00:00:00,1815093378943026,0.0,0.0,0.0,0,0,0,0,0,0.0,0.0,0,0.0,0,0,0.0,0,Nacoes Shopping,NS,Ad group 20241107042324,1815093378942994,CLICK,Traffic - Promo Natal
2026-01-04 00:00:00,1848504752053361,0.0,0.0,0.0,0,0,2,0,0,0.0,0.0,0,0.0,0,0,0.0,0,Nacoes Shopping,NS,TRAF - NATAL 25,1848504928619618,CLICK,TRAF - NATAL 25
2026-01-05 00:00:00,1849768891459762,0.0,0.0,0.0,0,0,0,0,0,0.0,0.0,0,0.0,0,0,0.0,0,Nacoes Shopping,NS,Grupo de anúncios 20251125102516,1849768886744178,REACH,ALC - BLACK FRIDAY - NS
2026-01-18 00:00:00,1854324205649953,0.0,0.0,1.57,0,0,8555,0,0,0.0,13.41,21,0.0,7,0,0.0,1,Nacoes Shopping,NS,Grupo de anúncios 20260114051128,1854324205639697,REACH,ALC - FERIAS NACOES SHOPPING
2026-01-09 00:00:00,1849887896210466,0.0,0.0,0.0,0,0,0,0,0,0.0,0.0,0,0.0,0,0,0.0,0,Nacoes Shopping,NS,Ad group 20251126055740,1849887841738834,REACH,ALC - NATAL 25 02
2026-01-24 00:00:00,1854324514674770,0.0,0.0,1.79,0,0,10371,0,0,0.0,18.54,13,0.0,3,0,0.0,0,Nacoes Shopping,NS,Grupo de anúncios 20260114051509,1854324488425522,REACH,ALC - LIQUIDA
2026-01-18 00:00:00,1849768891459762,0.0,0.0,0.0,0,0,0,0,0,0.0,0.0,0,0.0,0,0,0.0,0,Nacoes Shopping,NS,Grupo de anúncios 20251125102516,1849768886744178,REACH,ALC - BLACK FRIDAY - NS
2026-01-03 00:00:00,1848504289898594,0.0,0.0,0.0,0,0,0,0,0,0.0,0.0,0,0.0,0,0,0.0,0,Nacoes Shopping,NS,ALC - NATAL 25,1848504162177105,REACH,ALC - NATAL 25
2026-01-06 00:00:00,1850600374703265,0.0,0.0,0.0,0,0,0,0,0,0.0,0.0,0,0.0,0,0,0.0,0,Nacoes Shopping,NS,Ad group 20251204024133,1850600369247313,REACH,ALC - LEGUEIROS
2026-01-16 00:00:00,1849887896210466,0.0,0.0,0.0,0,0,0,0,0,0.0,0.0,0,0.0,0,0,0.0,0,Nacoes Shopping,NS,Ad group 20251126055740,1849887841738834,REACH,ALC - NATAL 25 02
2026-01-17 00:00:00,1854324514674770,0.0,0.0,1.7,0,0,11845,0,0,0.0,20.09,13,0.0,3,0,0.0,1,Nacoes Shopping,NS,Grupo de anúncios 20260114051509,1854324488425522,REACH,ALC - LIQUIDA
2026-01-17 00:00:00,1848504752053361,0.0,0.0,0.0,0,0,0,0,0,0.0,0.0,0,0.0,0,0,0.0,0,Nacoes Shopping,NS,TRAF - NATAL 25,1848504928619618,CLICK,TRAF - NATAL 25
2026-02-06 00:00:00,1855686766687234,0.0,0.0,1.84,0,0,15903,0,0,0.0,29.26,24,0.0,12,0,0.0,2,Nacoes Shopping,NS,Ad group 20260129060744,1855686756345922,REACH,ALC - Bloko Rosa
2026-02-06 00:00:00,1855686968268833,0.0,0.0,1.86,0,0,16818,0,0,0.0,31.27,29,0.0,11,0,0.0,0,Nacoes Shopping,NS,Ad group 20260129061030,1855686889040914,REACH,ALC - Carna PET
2026-01-29 00:00:00,1854324205649953,0.0,0.0,1.63,0,0,5774,0,0,0.0,9.41,11,0.0,7,0,0.0,0,Nacoes Shopping,NS,Grupo de anúncios 20260114051128,1854324205639697,REACH,ALC - FERIAS NACOES SHOPPING
2026-02-21 00:00:00,1855492647217250,0.0,0.0,1.72,0,0,8479,0,0,0.0,14.61,19,0.0,11,0,0.0,4,Nacoes Shopping,NS,Ad group 20260127024258,1855492566896834,REACH,ALC - Smart Zoo
2026-02-11 00:00:00,1855492647217250,0.0,0.0,1.51,0,0,12188,0,1,0.0,18.44,29,0.0,9,0,0.0,2,Nacoes Shopping,NS,Ad group 20260127024258,1855492566896834,REACH,ALC - Smart Zoo
2026-02-01 00:00:00,1855492647217250,0.0,0.0,1.72,1,0,10767,0,1,0.0,18.57,37,0.0,20,0,0.0,5,Nacoes Shopping,NS,Ad group 20260127024258,1855492566896834,REACH,ALC - Smart Zoo
2026-02-02 00:00:00,1854324514674770,0.0,0.0,0.0,0,0,0,0,0,0.0,0.0,0,0.0,0,0,0.0,0,Nacoes Shopping,NS,Grupo de anúncios 20260114051509,1854324488425522,REACH,ALC - LIQUIDA
2026-01-30 00:00:00,1855686766687234,0.0,0.0,1.91,0,0,17457,0,0,0.0,33.31,36,0.0,14,0,0.0,0,Nacoes Shopping,NS,Ad group 20260129060744,1855686756345922,REACH,ALC - Bloko Rosa
2026-02-09 00:00:00,1855686766687234,0.0,0.0,0.0,0,0,0,0,0,0.0,0.0,0,0.0,0,0,0.0,0,Nacoes Shopping,NS,Ad group 20260129060744,1855686756345922,REACH,ALC - Bloko Rosa
2026-02-03 00:00:00,1855686968268833,0.0,0.0,2.17,0,0,15216,0,0,0.0,33.04,34,0.0,14,0,0.0,4,Nacoes Shopping,NS,Ad group 20260129061030,1855686889040914,REACH,ALC - Carna PET
2026-02-01 00:00:00,1849887896210466,0.0,0.0,0.0,0,0,0,0,0,0.0,0.0,0,0.0,0,0,0.0,0,Nacoes Shopping,NS,Ad group 20251126055740,1849887841738834,REACH,ALC - NATAL 25 02
2026-02-01 00:00:00,1854324205649953,0.0,0.0,0.0,0,0,0,0,0,0.0,0.0,0,0.0,0,0,0.0,0,Nacoes Shopping,NS,Grupo de anúncios 20260114051128,1854324205639697,REACH,ALC - FERIAS NACOES SHOPPING
2026-02-02 00:00:00,1855686766687234,0.0,0.0,1.79,1,0,17022,0,0,0.0,30.54,28,0.0,13,0,0.0,2,Nacoes Shopping,NS,Ad group 20260129060744,1855686756345922,REACH,ALC - Bloko Rosa
2026-02-24 00:00:00,1855492647217250,0.0,0.0,1.66,0,0,6869,0,2,0.0,11.38,10,0.0,3,0,0.0,0,Nacoes Shopping,NS,Ad group 20260127024258,1855492566896834,REACH,ALC - Smart Zoo
2026-02-14 00:00:00,1855492647217250,0.0,0.0,1.76,2,0,10271,0,1,0.0,18.04,19,0.0,13,0,0.0,4,Nacoes Shopping,NS,Ad group 20260127024258,1855492566896834,REACH,ALC - Smart Zoo
2026-01-31 00:00:00,1848504752053361,0.0,0.0,0.0,0,0,0,0,0,0.0,0.0,0,0.0,0,0,0.0,0,Nacoes Shopping,NS,TRAF - NATAL 25,1848504928619618,CLICK,TRAF - NATAL 25
2026-02-04 00:00:00,1855492647217250,0.0,0.0,1.47,0,0,12793,0,3,0.0,18.76,27,0.0,12,0,0.0,4,Nacoes Shopping,NS,Ad group 20260127024258,1855492566896834,REACH,ALC - Smart Zoo
2026-01-31 00:00:00,1855686968268833,0.0,0.0,2.0,0,0,18256,0,0,0.0,36.44,30,0.0,11,0,0.0,0,Nacoes Shopping,NS,Ad group 20260129061030,1855686889040914,REACH,ALC - Carna PET
2026-02-20 00:00:00,1855492647217250,0.0,0.0,1.69,0,0,8981,0,2,0.0,15.15,16,0.0,4,0,0.0,2,Nacoes Shopping,NS,Ad group 20260127024258,1855492566896834,REACH,ALC - Smart Zoo
2026-02-10 00:00:00,1855492647217250,0.0,0.0,1.65,1,0,11900,0,1,0.0,19.58,19,0.0,12,0,0.0,1,Nacoes Shopping,NS,Ad group 20260127024258,1855492566896834,REACH,ALC - Smart Zoo
2026-01-31 00:00:00,1855492647217250,0.0,0.0,1.81,1,0,10900,0,3,0.0,19.71,29,0.0,16,0,0.0,2,Nacoes Shopping,NS,Ad group 20260127024258,1855492566896834,REACH,ALC - Smart Zoo
2026-02-21 00:00:00,1854324514674770,0.0,0.0,0.0,0,0,0,0,0,0.0,0.0,0,0.0,0,0,0.0,0,Nacoes Shopping,NS,Grupo de anúncios 20260114051509,1854324488425522,REACH,ALC - LIQUIDA
2026-02-27 00:00:00,1855686968268833,0.0,0.0,0.0,0,0,0,0,0,0.0,0.0,0,0.0,0,0,0.0,0,Nacoes Shopping,NS,Ad group 20260129061030,1855686889040914,REACH,ALC - Carna PET
2026-02-05 00:00:00,1855686766687234,0.0,0.0,2.12,0,0,14650,0,0,0.0,31.03,26,0.0,10,0,0.0,2,Nacoes Shopping,NS,Ad group 20260129060744,1855686756345922,REACH,ALC - Bloko Rosa
2026-02-07 00:00:00,1855686968268833,0.0,0.0,2.12,0,0,7194,0,0,0.0,15.27,15,0.0,5,0,0.0,0,Nacoes Shopping,NS,Ad group 20260129061030,1855686889040914,REACH,ALC - Carna PET
2026-02-27 00:00:00,1855492647217250,0.0,0.0,0.0,0,0,0,0,0,0.0,0.0,0,0.0,0,0,0.0,0,Nacoes Shopping,NS,Ad group 20260127024258,1855492566896834,REACH,ALC - Smart Zoo
2026-02-02 00:00:00,1854324205649953,0.0,0.0,0.0,0,0,0,0,0,0.0,0.0,0,0.0,0,0,0.0,0,Nacoes Shopping,NS,Grupo de anúncios 20260114051128,1854324205639697,REACH,ALC - FERIAS NACOES SHOPPING
2026-02-17 00:00:00,1855492647217250,0.0,0.0,1.49,0,0,11534,0,0,0.0,17.24,17,0.0,9,0,0.0,3,Nacoes Shopping,NS,Ad group 20260127024258,1855492566896834,REACH,ALC - Smart Zoo
2026-02-07 00:00:00,1855492647217250,0.0,0.0,1.82,1,0,11077,0,0,0.0,20.2,25,0.0,19,0,0.0,5,Nacoes Shopping,NS,Ad group 20260127024258,1855492566896834,REACH,ALC - Smart Zoo
2026-01-29 00:00:00,1854324514674770,0.0,0.0,0.0,0,0,0,0,0,0.0,0.0,0,0.0,0,0,0.0,0,Nacoes Shopping,NS,Grupo de anúncios 20260114051509,1854324488425522,REACH,ALC - LIQUIDA
2026-02-08 00:00:00,1855686766687234,0.0,0.0,1.79,0,0,6973,0,0,0.0,12.45,11,0.0,5,0,0.0,1,Nacoes Shopping,NS,Ad group 20260129060744,1855686756345922,REACH,ALC - Bloko Rosa
2026-01-29 00:00:00,1855686766687234,0.0,0.0,1.57,0,0,7197,0,0,0.0,11.33,13,0.0,2,0,0.0,0,Nacoes Shopping,NS,Ad group 20260129060744,1855686756345922,REACH,ALC - Bloko Rosa
2026-02-23 00:00:00,1855492647217250,0.0,0.0,2.13,0,0,5650,0,0,0.0,12.04,2,0.0,4,0,0.0,1,Nacoes Shopping,NS,Ad group 20260127024258,1855492566896834,REACH,ALC - Smart Zoo
2026-02-13 00:00:00,1855492647217250,0.0,0.0,1.7,0,0,10651,0,0,0.0,18.12,22,0.0,16,0,0.0,4,Nacoes Shopping,NS,Ad group 20260127024258,1855492566896834,REACH,ALC - Smart Zoo
2026-02-04 00:00:00,1855686968268833,0.0,0.0,2.4,0,0,13790,0,0,0.0,33.04,24,0.0,16,0,0.0,1,Nacoes Shopping,NS,Ad group 20260129061030,1855686889040914,REACH,ALC - Carna PET
2026-02-03 00:00:00,1855492647217250,0.0,0.0,1.66,1,0,11442,0,0,0.0,18.94,30,0.0,17,0,0.0,3,Nacoes Shopping,NS,Ad group 20260127024258,1855492566896834,REACH,ALC - Smart Zoo
2026-02-11 00:00:00,1855686766687234,0.0,0.0,0.0,0,0,0,0,0,0.0,0.0,0,0.0,0,0,0.0,0,Nacoes Shopping,NS,Ad group 20260129060744,1855686756345922,REACH,ALC - Bloko Rosa
2026-02-01 00:00:00,1855686766687234,0.0,0.0,1.67,0,0,18871,0,0,0.0,31.47,25,0.0,14,0,0.0,1,Nacoes Shopping,NS,Ad group 20260129060744,1855686756345922,REACH,ALC - Bloko Rosa
2026-02-01 00:00:00,1855686968268833,0.0,0.0,1.69,0,0,20557,0,0,0.0,34.76,31,0.0,16,0,0.0,1,Nacoes Shopping,NS,Ad group 20260129061030,1855686889040914,REACH,ALC - Carna PET
2026-02-03 00:00:00,1854324205649953,0.0,0.0,0.0,0,0,0,0,0,0.0,0.0,0,0.0,0,0,0.0,0,Nacoes Shopping,NS,Grupo de anúncios 20260114051128,1854324205639697,REACH,ALC - FERIAS NACOES SHOPPING
2026-02-16 00:00:00,1855492647217250,0.0,0.0,1.89,1,0,8598,0,1,0.0,16.27,23,0.0,7,0,0.0,4,Nacoes Shopping,NS,Ad group 20260127024258,1855492566896834,REACH,ALC - Smart Zoo
2026-02-06 00:00:00,1855492647217250,0.0,0.0,1.71,0,0,10962,0,0,0.0,18.79,26,0.0,25,0,0.0,8,Nacoes Shopping,NS,Ad group 20260127024258,1855492566896834,REACH,ALC - Smart Zoo
2026-02-08 00:00:00,1855686968268833,0.0,0.0,0.0,0,0,0,0,0,0.0,0.0,0,0.0,0,0,0.0,0,Nacoes Shopping,NS,Ad group 20260129061030,1855686889040914,REACH,ALC - Carna PET
2026-02-04 00:00:00,1855686766687234,0.0,0.0,2.34,1,0,12752,0,0,0.0,29.89,20,0.0,4,0,0.0,0,Nacoes Shopping,NS,Ad group 20260129060744,1855686756345922,REACH,ALC - Bloko Rosa
2026-01-29 00:00:00,1855686968268833,0.0,0.0,1.6,0,0,7672,0,0,0.0,12.25,18,0.0,4,0,0.0,0,Nacoes Shopping,NS,Ad group 20260129061030,1855686889040914,REACH,ALC - Carna PET
2026-02-06 00:00:00,1854324205649953,0.0,0.0,0.0,0,0,0,0,0,0.0,0.0,0,0.0,0,0,0.0,0,Nacoes Shopping,NS,Grupo de anúncios 20260114051128,1854324205639697,REACH,ALC - FERIAS NACOES SHOPPING
2026-02-12 00:00:00,1848504752053361,0.0,0.0,0.0,0,0,0,0,0,0.0,0.0,0,0.0,0,0,0.0,0,Nacoes Shopping,NS,TRAF - NATAL 25,1848504928619618,CLICK,TRAF - NATAL 25
2026-02-15 00:00:00,1848504752053361,0.0,0.0,0.0,0,0,0,0,0,0.0,0.0,0,0.0,0,0,0.0,0,Nacoes Shopping,NS,TRAF - NATAL 25,1848504928619618,CLICK,TRAF - NATAL 25
2026-02-07 00:00:00,1855686766687234,0.0,0.0,1.92,0,0,14657,0,0,0.0,28.1,17,0.0,6,0,0.0,0,Nacoes Shopping,NS,Ad group 20260129060744,1855686756345922,REACH,ALC - Bloko Rosa
2026-02-19 00:00:00,1855492647217250,0.0,0.0,1.53,0,0,10159,0,0,0.0,15.54,22,0.0,7,0,0.0,2,Nacoes Shopping,NS,Ad group 20260127024258,1855492566896834,REACH,ALC - Smart Zoo
2026-02-05 00:00:00,1855686968268833,0.0,0.0,2.13,0,0,15714,0,0,0.0,33.4,22,0.0,9,0,0.0,0,Nacoes Shopping,NS,Ad group 20260129061030,1855686889040914,REACH,ALC - Carna PET
2026-02-27 00:00:00,1855686766687234,0.0,0.0,0.0,0,0,0,0,0,0.0,0.0,0,0.0,0,0,0.0,0,Nacoes Shopping,NS,Ad group 20260129060744,1855686756345922,REACH,ALC - Bloko Rosa
2026-02-09 00:00:00,1855492647217250,0.0,0.0,2.03,1,0,9109,0,0,0.0,18.45,34,0.0,18,0,0.0,4,Nacoes Shopping,NS,Ad group 20260127024258,1855492566896834,REACH,ALC - Smart Zoo
2026-01-30 00:00:00,1855492647217250,0.0,0.0,1.78,1,0,10768,0,2,0.0,19.16,28,0.0,20,0,0.0,7,Nacoes Shopping,NS,Ad group 20260127024258,1855492566896834,REACH,ALC - Smart Zoo
2026-01-31 00:00:00,1854324514674770,0.0,0.0,0.0,0,0,0,0,0,0.0,0.0,0,0.0,0,0,0.0,0,Nacoes Shopping,NS,Grupo de anúncios 20260114051509,1854324488425522,REACH,ALC - LIQUIDA
2026-01-30 00:00:00,1854324205649953,0.0,0.0,1.55,0,0,5215,0,0,0.0,8.08,5,0.0,2,0,0.0,0,Nacoes Shopping,NS,Grupo de anúncios 20260114051128,1854324205639697,REACH,ALC - FERIAS NACOES SHOPPING
2026-02-15 00:00:00,1855492647217250,0.0,0.0,1.88,0,0,8968,0,0,0.0,16.9,19,0.0,7,0,0.0,6,Nacoes Shopping,NS,Ad group 20260127024258,1855492566896834,REACH,ALC - Smart Zoo
2026-02-05 00:00:00,1855492647217250,0.0,0.0,1.59,2,0,11720,0,0,0.0,18.61,22,0.0,14,0,0.0,2,Nacoes Shopping,NS,Ad group 20260127024258,1855492566896834,REACH,ALC - Smart Zoo
2026-01-31 00:00:00,1855686766687234,0.0,0.0,1.97,0,0,16449,0,2,0.0,32.39,19,0.0,7,0,0.0,0,Nacoes Shopping,NS,Ad group 20260129060744,1855686756345922,REACH,ALC - Bloko Rosa
2026-02-02 00:00:00,1855686968268833,0.0,0.0,1.81,1,0,18632,0,0,0.0,33.78,38,0.0,16,0,0.0,1,Nacoes Shopping,NS,Ad group 20260129061030,1855686889040914,REACH,ALC - Carna PET
2026-02-22 00:00:00,1855492647217250,0.0,0.0,1.72,0,0,7699,0,0,0.0,13.25,11,0.0,11,0,0.0,3,Nacoes Shopping,NS,Ad group 20260127024258,1855492566896834,REACH,ALC - Smart Zoo
2026-02-12 00:00:00,1855492647217250,0.0,0.0,1.59,0,0,11286,0,0,0.0,18.0,28,0.0,12,0,0.0,5,Nacoes Shopping,NS,Ad group 20260127024258,1855492566896834,REACH,ALC - Smart Zoo
2026-02-02 00:00:00,1855492647217250,0.0,0.0,1.9,0,0,9600,0,3,0.0,18.22,32,0.0,17,0,0.0,3,Nacoes Shopping,NS,Ad group 20260127024258,1855492566896834,REACH,ALC - Smart Zoo
2026-02-03 00:00:00,1855686766687234,0.0,0.0,2.15,1,0,13991,0,0,0.0,30.05,37,0.0,5,0,0.0,1,Nacoes Shopping,NS,Ad group 20260129060744,1855686756345922,REACH,ALC - Bloko Rosa
2026-02-18 00:00:00,1855492647217250,0.0,0.0,1.39,0,0,11417,0,0,0.0,15.84,15,0.0,5,0,0.0,1,Nacoes Shopping,NS,Ad group 20260127024258,1855492566896834,REACH,ALC - Smart Zoo
2026-02-08 00:00:00,1855492647217250,0.0,0.0,1.9,0,0,9969,0,1,0.0,18.98,26,0.0,15,0,0.0,2,Nacoes Shopping,NS,Ad group 20260127024258,1855492566896834,REACH,ALC - Smart Zoo
2026-02-09 00:00:00,1855686968268833,0.0,0.0,0.0,0,0,0,0,0,0.0,0.0,0,0.0,0,0,0.0,0,Nacoes Shopping,NS,Ad group 20260129061030,1855686889040914,REACH,ALC - Carna PET
2026-01-30 00:00:00,1855686968268833,0.0,0.0,1.94,0,0,18940,0,0,0.0,36.73,32,0.0,30,0,0.0,0,Nacoes Shopping,NS,Ad group 20260129061030,1855686889040914,REACH,ALC - Carna PET
2026-01-29 00:00:00,1855492647217250,0.0,0.0,1.76,0,0,10837,0,0,0.0,19.08,29,0.0,21,0,0.0,6,Nacoes Shopping,NS,Ad group 20260127024258,1855492566896834,REACH,ALC - Smart Zoo
2026-01-30 00:00:00,1854324514674770,0.0,0.0,0.0,0,0,0,0,0,0.0,0.0,0,0.0,0,0,0.0,0,Nacoes Shopping,NS,Grupo de anúncios 20260114051509,1854324488425522,REACH,ALC - LIQUIDA
2026-02-22 00:00:00,1849887896210466,0.0,0.0,0.0,0,0,0,0,0,0.0,0.0,0,0.0,0,0,0.0,0,Nacoes Shopping,NS,Ad group 20251126055740,1849887841738834,REACH,ALC - NATAL 25 02
2026-02-02 00:00:00,1849887896210466,0.0,0.0,0.0,0,0,0,0,0,0.0,0.0,0,0.0,0,0,0.0,0,Nacoes Shopping,NS,Ad group 20251126055740,1849887841738834,REACH,ALC - NATAL 25 02
2026-01-31 00:00:00,1854324205649953,0.0,0.0,1.61,0,0,2164,0,0,0.0,3.49,3,0.0,0,0,0.0,0,Nacoes Shopping,NS,Grupo de anúncios 20260114051128,1854324205639697,REACH,ALC - FERIAS NACOES SHOPPING
2026-02-25 00:00:00,1855492647217250,0.0,0.0,1.59,1,0,2044,0,0,0.0,3.25,5,0.0,3,0,0.0,1,Nacoes Shopping,NS,Ad group 20260127024258,1855492566896834,REACH,ALC - Smart Zoo
2026-03-06 00:00:00,1848504752053361,0.0,0.0,0.0,0,0,0,0,0,0.0,0.0,0,0.0,0,0,0.0,0,Nacoes Shopping,NS,TRAF - NATAL 25,1848504928619618,CLICK,TRAF - NATAL 25
2026-03-09 00:00:00,1855686968268833,0.0,0.0,0.0,0,0,0,0,0,0.0,0.0,0,0.0,0,0,0.0,0,Nacoes Shopping,NS,Ad group 20260129061030,1855686889040914,REACH,ALC - Carna PET
2026-03-03 00:00:00,1855492647217250,0.0,0.0,0.0,0,0,0,0,0,0.0,0.0,0,0.0,0,0,0.0,0,Nacoes Shopping,NS,Ad group 20260127024258,1855492566896834,REACH,ALC - Smart Zoo
2026-03-12 00:00:00,1848504752053361,0.0,0.0,0.0,0,0,0,0,0,0.0,0.0,0,0.0,0,0,0.0,0,Nacoes Shopping,NS,TRAF - NATAL 25,1848504928619618,CLICK,TRAF - NATAL 25
2026-03-02 00:00:00,1848504752053361,0.0,0.0,0.0,0,0,0,0,0,0.0,0.0,0,0.0,0,0,0.0,0,Nacoes Shopping,NS,TRAF - NATAL 25,1848504928619618,CLICK,TRAF - NATAL 25
2026-03-03 00:00:00,1850600374703265,0.0,0.0,0.0,0,0,0,0,0,0.0,0.0,0,0.0,0,0,0.0,0,Nacoes Shopping,NS,Ad group 20251204024133,1850600369247313,REACH,ALC - LEGUEIROS
2026-03-04 00:00:00,1849768891459762,0.0,0.0,0.0,0,0,0,0,0,0.0,0.0,0,0.0,0,0,0.0,0,Nacoes Shopping,NS,Grupo de anúncios 20251125102516,1849768886744178,REACH,ALC - BLACK FRIDAY - NS
2026-03-04 00:00:00,1848504289898594,0.0,0.0,0.0,0,0,0,0,0,0.0,0.0,0,0.0,0,0,0.0,0,Nacoes Shopping,NS,ALC - NATAL 25,1848504162177105,REACH,ALC - NATAL 25
2026-03-05 00:00:00,1811358948673586,0.0,0.0,0.0,0,0,0,0,0,0.0,0.0,0,0.0,0,0,0.0,0,Nacoes Shopping,NS,Grupo de anúncios 20240927105321,1811358948673554,CLICK,Tráfego - App instal - NS
2026-03-22 00:00:00,1849887896210466,0.0,0.0,0.0,0,0,0,0,0,0.0,0.0,0,0.0,0,0,0.0,0,Nacoes Shopping,NS,Ad group 20251126055740,1849887841738834,REACH,ALC - NATAL 25 02
2026-03-28 00:00:00,1848504752053361,0.0,0.0,0.0,0,0,0,0,0,0.0,0.0,0,0.0,0,0,0.0,0,Nacoes Shopping,NS,TRAF - NATAL 25,1848504928619618,CLICK,TRAF - NATAL 25
2026-03-03 00:00:00,1849887896210466,0.0,0.0,0.0,0,0,0,0,0,0.0,0.0,0,0.0,0,0,0.0,0,Nacoes Shopping,NS,Ad group 20251126055740,1849887841738834,REACH,ALC - NATAL 25 02
2026-04-09 00:00:00,1855492647217250,0.0,0.0,0.0,0,0,0,0,0,0.0,0.0,0,0.0,0,0,0.0,0,Nacoes Shopping,NS,Ad group 20260127024258,1855492566896834,REACH,ALC - Smart Zoo
2026-04-02 00:00:00,1848504752053361,0.0,0.0,0.0,0,0,0,0,0,0.0,0.0,0,0.0,0,0,0.0,0,Nacoes Shopping,NS,TRAF - NATAL 25,1848504928619618,CLICK,TRAF - NATAL 25
2026-04-01 00:00:00,1848504752053361,0.0,0.0,0.0,0,0,0,0,0,0.0,0.0,0,0.0,0,0,0.0,0,Nacoes Shopping,NS,TRAF - NATAL 25,1848504928619618,CLICK,TRAF - NATAL 25
2026-05-06 00:00:00,1854324205649953,0.0,0.0,0.0,0,0,0,0,0,0.0,0.0,0,0.0,0,0,0.0,0,Nacoes Shopping,NS,Grupo de anúncios 20260114051128,1854324205639697,REACH,ALC - FERIAS NACOES SHOPPING
2026-05-07 00:00:00,1863928757554386,0.27,0.0,2.18,0,74,27603,0,0,0.0,60.23,33,0.81,13,0,0.0,3,Nacoes Shopping,NS,Grupo de anúncios 20260430053015,1863928702907457,REACH,ALC - PROMO MAES
2026-05-18 00:00:00,1863928978860449,0.0,0.0,0.0,0,0,0,0,0,0.0,0.0,0,0.0,0,0,0.0,0,Nacoes Shopping,NS,Grupo de anúncios 20260430053411,1863928955315249,CLICK,TRAF - PROMO MAES
2026-05-08 00:00:00,1863928978860449,15.87,0.0,4.17,0,2395,15087,0,0,0.0,62.86,0,0.03,0,0,0.0,0,Nacoes Shopping,NS,Grupo de anúncios 20260430053411,1863928955315249,CLICK,TRAF - PROMO MAES
2026-05-27 00:00:00,1863928757554386,0.0,0.0,0.0,0,0,0,0,0,0.0,0.0,0,0.0,0,0,0.0,0,Nacoes Shopping,NS,Grupo de anúncios 20260430053015,1863928702907457,REACH,ALC - PROMO MAES
2026-05-17 00:00:00,1863928757554386,0.0,0.0,0.0,0,0,0,0,0,0.0,0.0,0,0.0,0,0,0.0,0,Nacoes Shopping,NS,Grupo de anúncios 20260430053015,1863928702907457,REACH,ALC - PROMO MAES
2026-05-28 00:00:00,1863928978860449,0.0,0.0,0.0,0,0,0,0,0,0.0,0.0,0,0.0,0,0,0.0,0,Nacoes Shopping,NS,Grupo de anúncios 20260430053411,1863928955315249,CLICK,TRAF - PROMO MAES
2026-05-04 00:00:00,1863928757554386,0.15,0.0,2.12,0,17,11122,0,0,0.0,23.55,11,1.39,5,0,0.0,0,Nacoes Shopping,NS,Grupo de anúncios 20260430053015,1863928702907457,REACH,ALC - PROMO MAES
2026-05-25 00:00:00,1863928978860449,0.0,0.0,0.0,0,0,0,0,0,0.0,0.0,0,0.0,0,0,0.0,0,Nacoes Shopping,NS,Grupo de anúncios 20260430053411,1863928955315249,CLICK,TRAF - PROMO MAES
2026-05-14 00:00:00,1863928757554386,0.0,0.0,0.0,0,0,0,0,0,0.0,0.0,0,0.0,0,0,0.0,0,Nacoes Shopping,NS,Grupo de anúncios 20260430053015,1863928702907457,REACH,ALC - PROMO MAES
2026-05-28 00:00:00,1866451828244642,0.0,0.0,1.66,0,0,4660,0,0,0.0,7.75,6,0.0,8,0,0.0,0,Nacoes Shopping,NS,Grupo de anúncios 20260528015546,1866451828239378,REACH,ALC - TROCA DE FIGURINHAS
2026-05-05 00:00:00,1848504752053361,0.0,0.0,0.0,0,0,0,0,0,0.0,0.0,0,0.0,0,0,0.0,0,Nacoes Shopping,NS,TRAF - NATAL 25,1848504928619618,CLICK,TRAF - NATAL 25
2026-04-30 00:00:00,1863928757554386,0.12,0.0,1.74,0,14,11495,0,0,0.0,20.04,13,1.43,2,0,0.0,1,Nacoes Shopping,NS,Grupo de anúncios 20260430053015,1863928702907457,REACH,ALC - PROMO MAES
2026-05-05 00:00:00,1863928978860449,18.18,0.0,5.54,0,22,121,0,0,0.0,0.67,0,0.03,0,0,0.0,0,Nacoes Shopping,NS,Grupo de anúncios 20260430053411,1863928955315249,CLICK,TRAF - PROMO MAES
2026-05-15 00:00:00,1863928978860449,0.0,0.0,0.0,0,0,0,0,0,0.0,0.0,0,0.0,0,0,0.0,0,Nacoes Shopping,NS,Grupo de anúncios 20260430053411,1863928955315249,CLICK,TRAF - PROMO MAES
2026-05-20 00:00:00,1863928757554386,0.0,0.0,0.0,0,0,0,0,0,0.0,0.0,0,0.0,0,0,0.0,0,Nacoes Shopping,NS,Grupo de anúncios 20260430053015,1863928702907457,REACH,ALC - PROMO MAES
2026-05-10 00:00:00,1863928757554386,0.27,0.0,2.13,0,61,22583,0,1,0.0,48.16,21,0.79,16,0,0.0,2,Nacoes Shopping,NS,Grupo de anúncios 20260430053015,1863928702907457,REACH,ALC - PROMO MAES
2026-05-12 00:00:00,1863928978860449,0.0,0.0,0.0,0,0,0,0,0,0.0,0.0,0,0.0,0,0,0.0,0,Nacoes Shopping,NS,Grupo de anúncios 20260430053411,1863928955315249,CLICK,TRAF - PROMO MAES
2026-05-22 00:00:00,1863928978860449,0.0,0.0,0.0,0,0,0,0,0,0.0,0.0,0,0.0,0,0,0.0,0,Nacoes Shopping,NS,Grupo de anúncios 20260430053411,1863928955315249,CLICK,TRAF - PROMO MAES
2026-05-02 00:00:00,1863928978860449,15.97,0.0,4.06,0,2149,13454,0,0,0.0,54.69,0,0.03,0,0,0.0,0,Nacoes Shopping,NS,Grupo de anúncios 20260430053411,1863928955315249,CLICK,TRAF - PROMO MAES
2026-05-13 00:00:00,1863928757554386,0.0,0.0,0.0,0,0,0,0,0,0.0,0.0,0,0.0,0,0,0.0,0,Nacoes Shopping,NS,Grupo de anúncios 20260430053015,1863928702907457,REACH,ALC - PROMO MAES
2026-05-03 00:00:00,1863928757554386,0.21,0.0,1.84,0,56,26086,0,0,0.0,48.01,38,0.86,11,0,0.0,1,Nacoes Shopping,NS,Grupo de anúncios 20260430053015,1863928702907457,REACH,ALC - PROMO MAES
2026-05-24 00:00:00,1863928978860449,0.0,0.0,0.0,0,0,0,0,0,0.0,0.0,0,0.0,0,0,0.0,0,Nacoes Shopping,NS,Grupo de anúncios 20260430053411,1863928955315249,CLICK,TRAF - PROMO MAES
2026-05-14 00:00:00,1863928978860449,0.0,0.0,0.0,0,0,0,0,0,0.0,0.0,0,0.0,0,0,0.0,0,Nacoes Shopping,NS,Grupo de anúncios 20260430053411,1863928955315249,CLICK,TRAF - PROMO MAES
2026-05-04 00:00:00,1863928978860449,17.2,0.0,4.54,0,996,5792,0,0,0.0,26.29,0,0.03,0,0,0.0,0,Nacoes Shopping,NS,Grupo de anúncios 20260430053411,1863928955315249,CLICK,TRAF - PROMO MAES
2026-05-21 00:00:00,1863928978860449,0.0,0.0,0.0,0,0,0,0,0,0.0,0.0,0,0.0,0,0,0.0,0,Nacoes Shopping,NS,Grupo de anúncios 20260430053411,1863928955315249,CLICK,TRAF - PROMO MAES
2026-05-11 00:00:00,1863928978860449,15.26,0.0,4.04,0,692,4535,0,0,0.0,18.34,0,0.03,0,0,0.0,0,Nacoes Shopping,NS,Grupo de anúncios 20260430053411,1863928955315249,CLICK,TRAF - PROMO MAES
2026-05-01 00:00:00,1863928978860449,15.09,0.0,3.84,0,2197,14561,0,0,0.0,55.92,0,0.03,0,0,0.0,0,Nacoes Shopping,NS,Grupo de anúncios 20260430053411,1863928955315249,CLICK,TRAF - PROMO MAES
2026-05-16 00:00:00,1863928757554386,0.0,0.0,0.0,0,0,0,0,0,0.0,0.0,0,0.0,0,0,0.0,0,Nacoes Shopping,NS,Grupo de anúncios 20260430053015,1863928702907457,REACH,ALC - PROMO MAES
2026-05-26 00:00:00,1863928757554386,0.0,0.0,0.0,0,0,0,0,0,0.0,0.0,0,0.0,0,0,0.0,0,Nacoes Shopping,NS,Grupo de anúncios 20260430053015,1863928702907457,REACH,ALC - PROMO MAES
2026-05-06 00:00:00,1863928757554386,0.21,0.0,2.1,0,58,27057,0,0,0.0,56.92,28,0.98,20,0,0.0,4,Nacoes Shopping,NS,Grupo de anúncios 20260430053015,1863928702907457,REACH,ALC - PROMO MAES
2026-05-02 00:00:00,1863928757554386,0.24,0.0,1.84,0,63,25997,0,1,0.0,47.88,41,0.76,10,0,0.0,3,Nacoes Shopping,NS,Grupo de anúncios 20260430053015,1863928702907457,REACH,ALC - PROMO MAES
2026-05-28 00:00:00,1866442075014353,0.22,0.0,1.83,0,23,10688,0,0,0.0,19.57,14,0.85,7,0,0.0,1,Nacoes Shopping,NS,Grupo de anúncios 20260528111721,1866441986593986,REACH,ALC - PROMO NAMORADOS 26
2026-05-23 00:00:00,1863928978860449,0.0,0.0,0.0,0,0,0,0,0,0.0,0.0,0,0.0,0,0,0.0,0,Nacoes Shopping,NS,Grupo de anúncios 20260430053411,1863928955315249,CLICK,TRAF - PROMO MAES
2026-05-13 00:00:00,1863928978860449,0.0,0.0,0.0,0,0,0,0,0,0.0,0.0,0,0.0,0,0,0.0,0,Nacoes Shopping,NS,Grupo de anúncios 20260430053411,1863928955315249,CLICK,TRAF - PROMO MAES
2026-05-12 00:00:00,1863928757554386,0.0,0.0,0.0,0,0,0,0,0,0.0,0.0,0,0.0,0,0,0.0,0,Nacoes Shopping,NS,Grupo de anúncios 20260430053015,1863928702907457,REACH,ALC - PROMO MAES
2026-05-03 00:00:00,1863928978860449,17.5,0.0,3.48,0,2662,15215,0,0,0.0,52.9,0,0.02,0,0,0.0,0,Nacoes Shopping,NS,Grupo de anúncios 20260430053411,1863928955315249,CLICK,TRAF - PROMO MAES
2026-05-19 00:00:00,1863928757554386,0.0,0.0,0.0,0,0,0,0,0,0.0,0.0,0,0.0,0,0,0.0,0,Nacoes Shopping,NS,Grupo de anúncios 20260430053015,1863928702907457,REACH,ALC - PROMO MAES
2026-05-09 00:00:00,1863928757554386,0.23,0.0,2.2,0,54,23102,0,0,0.0,50.74,24,0.94,13,0,0.0,2,Nacoes Shopping,NS,Grupo de anúncios 20260430053015,1863928702907457,REACH,ALC - PROMO MAES
2026-05-05 00:00:00,1863928757554386,0.17,0.0,1.76,0,20,11818,0,0,0.0,20.84,10,1.04,6,0,0.0,0,Nacoes Shopping,NS,Grupo de anúncios 20260430053015,1863928702907457,REACH,ALC - PROMO MAES
2026-04-30 00:00:00,1863928978860449,13.76,0.0,4.34,0,617,4483,0,0,0.0,19.46,0,0.03,0,0,0.0,0,Nacoes Shopping,NS,Grupo de anúncios 20260430053411,1863928955315249,CLICK,TRAF - PROMO MAES
2026-05-20 00:00:00,1863928978860449,0.0,0.0,0.0,0,0,0,0,0,0.0,0.0,0,0.0,0,0,0.0,0,Nacoes Shopping,NS,Grupo de anúncios 20260430053411,1863928955315249,CLICK,TRAF - PROMO MAES
2026-05-10 00:00:00,1863928978860449,15.84,0.0,3.73,0,2091,13200,0,0,0.0,49.2,0,0.02,0,0,0.0,0,Nacoes Shopping,NS,Grupo de anúncios 20260430053411,1863928955315249,CLICK,TRAF - PROMO MAES
2026-05-15 00:00:00,1863928757554386,0.0,0.0,0.0,0,0,0,0,0,0.0,0.0,0,0.0,0,0,0.0,0,Nacoes Shopping,NS,Grupo de anúncios 20260430053015,1863928702907457,REACH,ALC - PROMO MAES
2026-05-27 00:00:00,1863928978860449,0.0,0.0,0.0,0,0,0,0,0,0.0,0.0,0,0.0,0,0,0.0,0,Nacoes Shopping,NS,Grupo de anúncios 20260430053411,1863928955315249,CLICK,TRAF - PROMO MAES
2026-05-17 00:00:00,1863928978860449,0.0,0.0,0.0,0,0,0,0,0,0.0,0.0,0,0.0,0,0,0.0,0,Nacoes Shopping,NS,Grupo de anúncios 20260430053411,1863928955315249,CLICK,TRAF - PROMO MAES
2026-05-07 00:00:00,1863928978860449,15.09,0.0,4.49,0,2304,15272,0,0,0.0,68.58,0,0.03,0,0,0.0,0,Nacoes Shopping,NS,Grupo de anúncios 20260430053411,1863928955315249,CLICK,TRAF - PROMO MAES
2026-05-18 00:00:00,1863928757554386,0.0,0.0,0.0,0,0,0,0,0,0.0,0.0,0,0.0,0,0,0.0,0,Nacoes Shopping,NS,Grupo de anúncios 20260430053015,1863928702907457,REACH,ALC - PROMO MAES
2026-05-08 00:00:00,1863928757554386,0.23,0.0,2.2,0,57,24675,0,0,0.0,54.3,31,0.95,18,0,0.0,1,Nacoes Shopping,NS,Grupo de anúncios 20260430053015,1863928702907457,REACH,ALC - PROMO MAES
2026-05-19 00:00:00,1863928978860449,0.0,0.0,0.0,0,0,0,0,0,0.0,0.0,0,0.0,0,0,0.0,0,Nacoes Shopping,NS,Grupo de anúncios 20260430053411,1863928955315249,CLICK,TRAF - PROMO MAES
2026-05-09 00:00:00,1863928978860449,17.44,0.0,4.23,0,2395,13735,0,0,0.0,58.05,0,0.02,0,0,0.0,0,Nacoes Shopping,NS,Grupo de anúncios 20260430053411,1863928955315249,CLICK,TRAF - PROMO MAES
2026-05-06 00:00:00,1863928978860449,16.89,0.0,5.13,0,1088,6440,0,0,0.0,33.04,0,0.03,0,0,0.0,0,Nacoes Shopping,NS,Grupo de anúncios 20260430053411,1863928955315249,CLICK,TRAF - PROMO MAES
2026-05-16 00:00:00,1863928978860449,0.0,0.0,0.0,0,0,0,0,0,0.0,0.0,0,0.0,0,0,0.0,0,Nacoes Shopping,NS,Grupo de anúncios 20260430053411,1863928955315249,CLICK,TRAF - PROMO MAES
2026-05-28 00:00:00,1866451747247361,21.32,0.0,5.77,0,906,4250,0,0,0.0,24.52,0,0.03,0,0,0.0,0,Nacoes Shopping,NS,Grupo de anúncios 20260528015310,1866451636143266,CLICK,TRAF - NAMORADOS
2026-05-11 00:00:00,1863928757554386,0.32,0.0,2.24,0,31,9731,0,0,0.0,21.84,14,0.7,4,0,0.0,2,Nacoes Shopping,NS,Grupo de anúncios 20260430053015,1863928702907457,REACH,ALC - PROMO MAES
2026-05-21 00:00:00,1863928757554386,0.0,0.0,0.0,0,0,0,0,0,0.0,0.0,0,0.0,0,0,0.0,0,Nacoes Shopping,NS,Grupo de anúncios 20260430053015,1863928702907457,REACH,ALC - PROMO MAES
2026-05-01 00:00:00,1863928757554386,0.24,0.0,1.68,0,69,28242,0,0,0.0,47.49,41,0.69,12,0,0.0,2,Nacoes Shopping,NS,Grupo de anúncios 20260430053015,1863928702907457,REACH,ALC - PROMO MAES
2026-06-12 00:00:00,1866442075014353,0.16,0.0,1.94,0,20,12169,0,0,0.0,23.63,13,1.18,8,0,0.0,2,Nacoes Shopping,NS,Grupo de anúncios 20260528111721,1866441986593986,REACH,ALC - PROMO NAMORADOS 26
2026-06-02 00:00:00,1866442075014353,0.24,0.0,2.11,0,36,15296,0,2,0.0,32.33,20,0.9,11,0,0.0,1,Nacoes Shopping,NS,Grupo de anúncios 20260528111721,1866441986593986,REACH,ALC - PROMO NAMORADOS 26
2026-06-15 00:00:00,1866442075014353,0.0,0.0,0.0,0,0,0,0,0,0.0,0.0,0,0.0,0,0,0.0,0,Nacoes Shopping,NS,Grupo de anúncios 20260528111721,1866441986593986,REACH,ALC - PROMO NAMORADOS 26
2026-06-05 00:00:00,1866442075014353,0.23,0.0,1.85,0,39,16830,0,1,0.0,31.17,22,0.8,6,0,0.0,1,Nacoes Shopping,NS,Grupo de anúncios 20260528111721,1866441986593986,REACH,ALC - PROMO NAMORADOS 26
2026-06-14 00:00:00,1863928978860449,0.0,0.0,0.0,0,0,0,0,0,0.0,0.0,0,0.0,0,0,0.0,0,Nacoes Shopping,NS,Grupo de anúncios 20260430053411,1863928955315249,CLICK,TRAF - PROMO MAES
2026-06-17 00:00:00,1866451828244642,0.0,0.0,1.92,0,0,5421,0,0,0.0,10.42,6,0.0,4,0,0.0,0,Nacoes Shopping,NS,Grupo de anúncios 20260528015546,1866451828239378,REACH,ALC - TROCA DE FIGURINHAS
2026-06-27 00:00:00,1866451828244642,0.0,0.0,1.96,0,0,3183,0,0,0.0,6.25,2,0.0,2,0,0.0,0,Nacoes Shopping,NS,Grupo de anúncios 20260528015546,1866451828239378,REACH,ALC - TROCA DE FIGURINHAS
2026-06-07 00:00:00,1866451828244642,0.0,0.0,1.49,0,0,7833,0,0,0.0,11.68,11,0.0,10,0,0.0,2,Nacoes Shopping,NS,Grupo de anúncios 20260528015546,1866451828239378,REACH,ALC - TROCA DE FIGURINHAS
2026-06-10 00:00:00,1866451747247361,23.95,0.0,4.93,0,1269,5298,0,0,0.0,26.12,0,0.02,0,0,0.0,0,Nacoes Shopping,NS,Grupo de anúncios 20260528015310,1866451636143266,CLICK,TRAF - NAMORADOS
2026-05-31 00:00:00,1866451747247361,24.46,0.0,5.22,0,1755,7174,0,0,0.0,37.47,0,0.02,0,0,0.0,0,Nacoes Shopping,NS,Grupo de anúncios 20260528015310,1866451636143266,CLICK,TRAF - NAMORADOS
2026-06-13 00:00:00,1866451747247361,24.83,0.0,5.01,0,842,3391,0,0,0.0,16.98,0,0.02,0,0,0.0,0,Nacoes Shopping,NS,Grupo de anúncios 20260528015310,1866451636143266,CLICK,TRAF - NAMORADOS
2026-06-19 00:00:00,1866442075014353,0.0,0.0,0.0,0,0,0,0,0,0.0,0.0,0,0.0,0,0,0.0,0,Nacoes Shopping,NS,Grupo de anúncios 20260528111721,1866441986593986,REACH,ALC - PROMO NAMORADOS 26
2026-06-09 00:00:00,1866442075014353,0.21,0.0,1.94,0,30,14551,0,0,0.0,28.17,24,0.94,6,0,0.0,2,Nacoes Shopping,NS,Grupo de anúncios 20260528111721,1866441986593986,REACH,ALC - PROMO NAMORADOS 26
2026-06-10 00:00:00,1866451828244642,0.0,0.0,1.84,0,0,6469,0,0,0.0,11.92,13,0.0,3,0,0.0,2,Nacoes Shopping,NS,Grupo de anúncios 20260528015546,1866451828239378,REACH,ALC - TROCA DE FIGURINHAS
2026-05-31 00:00:00,1866451828244642,0.0,0.0,1.69,0,0,7670,0,0,0.0,12.93,8,0.0,2,0,0.0,1,Nacoes Shopping,NS,Grupo de anúncios 20260528015546,1866451828239378,REACH,ALC - TROCA DE FIGURINHAS
2026-06-03 00:00:00,1866451747247361,29.25,0.0,5.22,0,1864,6372,0,0,0.0,33.28,0,0.02,0,0,0.0,0,Nacoes Shopping,NS,Grupo de anúncios 20260528015310,1866451636143266,CLICK,TRAF - NAMORADOS
2026-05-30 00:00:00,1866442075014353,0.2,0.0,2.06,0,32,16368,0,2,0.0,33.67,24,1.05,12,0,0.0,0,Nacoes Shopping,NS,Grupo de anúncios 20260528111721,1866441986593986,REACH,ALC - PROMO NAMORADOS 26
2026-06-20 00:00:00,1866451828244642,0.0,0.0,1.79,0,0,5640,0,0,0.0,10.09,7,0.0,3,0,0.0,0,Nacoes Shopping,NS,Grupo de anúncios 20260528015546,1866451828239378,REACH,ALC - TROCA DE FIGURINHAS
2026-06-23 00:00:00,1866451828244642,0.0,0.0,1.89,0,0,4799,0,0,0.0,9.06,5,0.0,3,0,0.0,1,Nacoes Shopping,NS,Grupo de anúncios 20260528015546,1866451828239378,REACH,ALC - TROCA DE FIGURINHAS
2026-06-13 00:00:00,1866451828244642,0.0,0.0,1.8,0,0,6741,0,0,0.0,12.16,12,0.0,6,0,0.0,0,Nacoes Shopping,NS,Grupo de anúncios 20260528015546,1866451828239378,REACH,ALC - TROCA DE FIGURINHAS
2026-06-03 00:00:00,1866451828244642,0.0,0.0,1.89,1,0,7015,0,0,0.0,13.25,8,0.0,2,0,0.0,0,Nacoes Shopping,NS,Grupo de anúncios 20260528015546,1866451828239378,REACH,ALC - TROCA DE FIGURINHAS
2026-06-16 00:00:00,1866442075014353,0.0,0.0,0.0,0,0,0,0,0,0.0,0.0,0,0.0,0,0,0.0,0,Nacoes Shopping,NS,Grupo de anúncios 20260528111721,1866441986593986,REACH,ALC - PROMO NAMORADOS 26
2026-06-06 00:00:00,1866442075014353,0.15,0.0,1.91,0,24,15679,0,0,0.0,29.94,15,1.25,5,0,0.0,2,Nacoes Shopping,NS,Grupo de anúncios 20260528111721,1866441986593986,REACH,ALC - PROMO NAMORADOS 26
2026-06-12 00:00:00,1863928757554386,0.0,0.0,0.0,0,0,0,0,0,0.0,0.0,0,0.0,0,0,0.0,0,Nacoes Shopping,NS,Grupo de anúncios 20260430053015,1863928702907457,REACH,ALC - PROMO MAES
2026-06-06 00:00:00,1866451747247361,32.03,0.0,5.54,0,1652,5157,0,0,0.0,28.59,0,0.02,0,0,0.0,0,Nacoes Shopping,NS,Grupo de anúncios 20260528015310,1866451636143266,CLICK,TRAF - NAMORADOS
2026-06-16 00:00:00,1866451747247361,0.0,0.0,0.0,0,0,0,0,0,0.0,0.0,0,0.0,0,0,0.0,0,Nacoes Shopping,NS,Grupo de anúncios 20260528015310,1866451636143266,CLICK,TRAF - NAMORADOS
2026-06-09 00:00:00,1866451747247361,25.05,0.0,4.79,0,1388,5541,0,0,0.0,26.54,0,0.02,0,0,0.0,0,Nacoes Shopping,NS,Grupo de anúncios 20260528015310,1866451636143266,CLICK,TRAF - NAMORADOS
2026-05-30 00:00:00,1866451747247361,28.21,0.0,6.79,0,1451,5144,0,0,0.0,34.94,0,0.02,0,0,0.0,0,Nacoes Shopping,NS,Grupo de anúncios 20260528015310,1866451636143266,CLICK,TRAF - NAMORADOS
2026-05-31 00:00:00,1863928978860449,0.0,0.0,0.0,0,0,0,0,0,0.0,0.0,0,0.0,0,0,0.0,0,Nacoes Shopping,NS,Grupo de anúncios 20260430053411,1863928955315249,CLICK,TRAF - PROMO MAES
2026-06-16 00:00:00,1866451828244642,0.0,0.0,1.72,0,0,6457,0,0,0.0,11.11,6,0.0,2,0,0.0,1,Nacoes Shopping,NS,Grupo de anúncios 20260528015546,1866451828239378,REACH,ALC - TROCA DE FIGURINHAS
2026-06-06 00:00:00,1866451828244642,0.0,0.0,1.7,0,0,7108,0,0,0.0,12.09,9,0.0,3,0,0.0,0,Nacoes Shopping,NS,Grupo de anúncios 20260528015546,1866451828239378,REACH,ALC - TROCA DE FIGURINHAS
2026-06-26 00:00:00,1866451828244642,0.0,0.0,2.11,0,0,3524,0,0,0.0,7.44,4,0.0,4,0,0.0,0,Nacoes Shopping,NS,Grupo de anúncios 20260528015546,1866451828239378,REACH,ALC - TROCA DE FIGURINHAS
2026-06-19 00:00:00,1866451747247361,0.0,0.0,0.0,0,0,0,0,0,0.0,0.0,0,0.0,0,0,0.0,0,Nacoes Shopping,NS,Grupo de anúncios 20260528015310,1866451636143266,CLICK,TRAF - NAMORADOS
2026-05-30 00:00:00,1866451828244642,0.0,0.0,1.84,0,0,7414,0,0,0.0,13.61,11,0.0,6,0,0.0,0,Nacoes Shopping,NS,Grupo de anúncios 20260528015546,1866451828239378,REACH,ALC - TROCA DE FIGURINHAS
2026-06-12 00:00:00,1866451747247361,22.2,0.0,4.23,0,1181,5321,0,0,0.0,22.5,0,0.02,0,0,0.0,0,Nacoes Shopping,NS,Grupo de anúncios 20260528015310,1866451636143266,CLICK,TRAF - NAMORADOS
2026-06-02 00:00:00,1866451747247361,28.5,0.0,5.58,0,1706,5986,0,0,0.0,33.38,0,0.02,0,0,0.0,0,Nacoes Shopping,NS,Grupo de anúncios 20260528015310,1866451636143266,CLICK,TRAF - NAMORADOS
2026-06-19 00:00:00,1866451828244642,0.0,0.0,2.11,0,0,5043,0,0,0.0,10.64,2,0.0,3,0,0.0,0,Nacoes Shopping,NS,Grupo de anúncios 20260528015546,1866451828239378,REACH,ALC - TROCA DE FIGURINHAS
2026-06-09 00:00:00,1866451828244642,0.0,0.0,1.7,0,0,6770,0,0,0.0,11.52,7,0.0,5,0,0.0,0,Nacoes Shopping,NS,Grupo de anúncios 20260528015546,1866451828239378,REACH,ALC - TROCA DE FIGURINHAS
2026-06-13 00:00:00,1866442075014353,0.18,0.0,1.86,0,19,10506,0,0,0.0,19.51,13,1.03,8,0,0.0,0,Nacoes Shopping,NS,Grupo de anúncios 20260528111721,1866441986593986,REACH,ALC - PROMO NAMORADOS 26
2026-06-03 00:00:00,1866442075014353,0.26,0.0,2.23,0,39,14820,0,0,0.0,33.03,20,0.85,6,0,0.0,1,Nacoes Shopping,NS,Grupo de anúncios 20260528111721,1866441986593986,REACH,ALC - PROMO NAMORADOS 26
2026-06-17 00:00:00,1866442075014353,0.0,0.0,0.0,0,0,0,0,0,0.0,0.0,0,0.0,0,0,0.0,0,Nacoes Shopping,NS,Grupo de anúncios 20260528111721,1866441986593986,REACH,ALC - PROMO NAMORADOS 26
2026-06-27 00:00:00,1866442075014353,0.0,0.0,0.0,0,0,0,0,0,0.0,0.0,0,0.0,0,0,0.0,0,Nacoes Shopping,NS,Grupo de anúncios 20260528111721,1866441986593986,REACH,ALC - PROMO NAMORADOS 26
2026-06-07 00:00:00,1866442075014353,0.16,0.0,1.73,0,26,16696,0,1,0.0,28.93,24,1.11,12,0,0.0,0,Nacoes Shopping,NS,Grupo de anúncios 20260528111721,1866441986593986,REACH,ALC - PROMO NAMORADOS 26
2026-06-10 00:00:00,1866442075014353,0.11,0.0,2.1,0,14,13023,0,0,0.0,27.32,19,1.95,4,0,0.0,0,Nacoes Shopping,NS,Grupo de anúncios 20260528111721,1866441986593986,REACH,ALC - PROMO NAMORADOS 26
2026-05-31 00:00:00,1866442075014353,0.28,0.0,1.98,0,48,17145,0,1,0.0,33.95,21,0.71,5,0,0.0,1,Nacoes Shopping,NS,Grupo de anúncios 20260528111721,1866441986593986,REACH,ALC - PROMO NAMORADOS 26
2026-05-30 00:00:00,1863928978860449,0.0,0.0,0.0,0,0,0,0,0,0.0,0.0,0,0.0,0,0,0.0,0,Nacoes Shopping,NS,Grupo de anúncios 20260430053411,1863928955315249,CLICK,TRAF - PROMO MAES
2026-06-22 00:00:00,1866451828244642,0.0,0.0,1.73,0,0,5118,0,0,0.0,8.85,2,0.0,4,0,0.0,0,Nacoes Shopping,NS,Grupo de anúncios 20260528015546,1866451828239378,REACH,ALC - TROCA DE FIGURINHAS
2026-06-12 00:00:00,1866451828244642,0.0,0.0,1.86,0,0,6298,0,0,0.0,11.71,8,0.0,3,0,0.0,0,Nacoes Shopping,NS,Grupo de anúncios 20260528015546,1866451828239378,REACH,ALC - TROCA DE FIGURINHAS
2026-06-02 00:00:00,1866451828244642,0.0,0.0,1.82,0,0,7069,0,0,0.0,12.85,6,0.0,6,0,0.0,0,Nacoes Shopping,NS,Grupo de anúncios 20260528015546,1866451828239378,REACH,ALC - TROCA DE FIGURINHAS
2026-06-15 00:00:00,1866451747247361,0.0,0.0,0.0,0,0,0,0,0,0.0,0.0,0,0.0,0,0,0.0,0,Nacoes Shopping,NS,Grupo de anúncios 20260528015310,1866451636143266,CLICK,TRAF - NAMORADOS
2026-06-05 00:00:00,1866451747247361,31.12,0.0,5.15,0,1688,5425,0,0,0.0,27.94,0,0.02,0,0,0.0,0,Nacoes Shopping,NS,Grupo de anúncios 20260528015310,1866451636143266,CLICK,TRAF - NAMORADOS
2026-06-18 00:00:00,1866451747247361,0.0,0.0,0.0,0,0,0,0,0,0.0,0.0,0,0.0,0,0,0.0,0,Nacoes Shopping,NS,Grupo de anúncios 20260528015310,1866451636143266,CLICK,TRAF - NAMORADOS
2026-06-08 00:00:00,1866451747247361,28.77,0.0,5.18,0,1519,5279,0,0,0.0,27.33,0,0.02,0,0,0.0,0,Nacoes Shopping,NS,Grupo de anúncios 20260528015310,1866451636143266,CLICK,TRAF - NAMORADOS
2026-06-14 00:00:00,1866442075014353,0.08,0.0,1.84,0,1,1265,0,0,0.0,2.33,0,2.33,1,0,0.0,0,Nacoes Shopping,NS,Grupo de anúncios 20260528111721,1866441986593986,REACH,ALC - PROMO NAMORADOS 26
2026-06-15 00:00:00,1866451828244642,0.0,0.0,1.48,0,0,7367,0,0,0.0,10.92,7,0.0,2,0,0.0,1,Nacoes Shopping,NS,Grupo de anúncios 20260528015546,1866451828239378,REACH,ALC - TROCA DE FIGURINHAS
2026-06-05 00:00:00,1866451828244642,0.0,0.0,1.69,0,0,7279,0,0,0.0,12.27,9,0.0,5,0,0.0,1,Nacoes Shopping,NS,Grupo de anúncios 20260528015546,1866451828239378,REACH,ALC - TROCA DE FIGURINHAS
2026-05-29 00:00:00,1866451747247361,23.78,0.0,6.43,0,1354,5693,0,0,0.0,36.6,0,0.03,0,0,0.0,0,Nacoes Shopping,NS,Grupo de anúncios 20260528015310,1866451636143266,CLICK,TRAF - NAMORADOS
2026-06-04 00:00:00,1866442075014353,0.23,0.0,2.12,0,37,16101,0,0,0.0,34.14,15,0.92,8,0,0.0,1,Nacoes Shopping,NS,Grupo de anúncios 20260528111721,1866441986593986,REACH,ALC - PROMO NAMORADOS 26
2026-06-25 00:00:00,1866451828244642,0.0,0.0,2.04,0,0,4231,0,0,0.0,8.64,3,0.0,1,0,0.0,0,Nacoes Shopping,NS,Grupo de anúncios 20260528015546,1866451828239378,REACH,ALC - TROCA DE FIGURINHAS
2026-06-16 00:00:00,1863928978860449,0.0,0.0,0.0,0,0,0,0,0,0.0,0.0,0,0.0,0,0,0.0,0,Nacoes Shopping,NS,Grupo de anúncios 20260430053411,1863928955315249,CLICK,TRAF - PROMO MAES
2026-06-18 00:00:00,1866451828244642,0.0,0.0,1.9,0,0,5976,0,0,0.0,11.38,5,0.0,5,0,0.0,0,Nacoes Shopping,NS,Grupo de anúncios 20260528015546,1866451828239378,REACH,ALC - TROCA DE FIGURINHAS
2026-06-08 00:00:00,1866451828244642,0.0,0.0,1.62,0,0,7350,0,0,0.0,11.9,10,0.0,4,0,0.0,1,Nacoes Shopping,NS,Grupo de anúncios 20260528015546,1866451828239378,REACH,ALC - TROCA DE FIGURINHAS
2026-05-29 00:00:00,1866451828244642,0.0,0.0,1.92,0,0,6999,0,0,0.0,13.41,4,0.0,9,0,0.0,0,Nacoes Shopping,NS,Grupo de anúncios 20260528015546,1866451828239378,REACH,ALC - TROCA DE FIGURINHAS
2026-06-21 00:00:00,1866442075014353,0.0,0.0,0.0,0,0,0,0,0,0.0,0.0,0,0.0,0,0,0.0,0,Nacoes Shopping,NS,Grupo de anúncios 20260528111721,1866441986593986,REACH,ALC - PROMO NAMORADOS 26
2026-06-11 00:00:00,1866442075014353,0.13,0.0,1.96,0,18,13406,0,0,0.0,26.34,12,1.46,6,0,0.0,1,Nacoes Shopping,NS,Grupo de anúncios 20260528111721,1866441986593986,REACH,ALC - PROMO NAMORADOS 26
2026-06-01 00:00:00,1866442075014353,0.19,0.0,1.87,0,35,18000,0,1,0.0,33.69,21,0.96,11,0,0.0,3,Nacoes Shopping,NS,Grupo de anúncios 20260528111721,1866441986593986,REACH,ALC - PROMO NAMORADOS 26
2026-06-01 00:00:00,1866451747247361,29.04,0.0,5.39,0,1824,6281,0,0,0.0,33.87,0,0.02,0,0,0.0,0,Nacoes Shopping,NS,Grupo de anúncios 20260528015310,1866451636143266,CLICK,TRAF - NAMORADOS
2026-06-21 00:00:00,1866451747247361,0.0,0.0,0.0,0,0,0,0,0,0.0,0.0,0,0.0,0,0,0.0,0,Nacoes Shopping,NS,Grupo de anúncios 20260528015310,1866451636143266,CLICK,TRAF - NAMORADOS
2026-06-11 00:00:00,1866451747247361,24.93,0.0,4.78,0,1245,4993,0,0,0.0,23.87,0,0.02,0,0,0.0,0,Nacoes Shopping,NS,Grupo de anúncios 20260528015310,1866451636143266,CLICK,TRAF - NAMORADOS
2026-06-04 00:00:00,1866451747247361,31.89,0.0,4.88,0,2122,6654,0,0,0.0,32.48,0,0.02,0,0,0.0,0,Nacoes Shopping,NS,Grupo de anúncios 20260528015310,1866451636143266,CLICK,TRAF - NAMORADOS
2026-06-18 00:00:00,1863928978860449,0.0,0.0,0.0,0,0,0,0,0,0.0,0.0,0,0.0,0,0,0.0,0,Nacoes Shopping,NS,Grupo de anúncios 20260430053411,1863928955315249,CLICK,TRAF - PROMO MAES
2026-06-21 00:00:00,1866451828244642,0.0,0.0,1.64,0,0,5663,0,0,0.0,9.31,4,0.0,1,0,0.0,1,Nacoes Shopping,NS,Grupo de anúncios 20260528015546,1866451828239378,REACH,ALC - TROCA DE FIGURINHAS
2026-06-11 00:00:00,1866451828244642,0.0,0.0,1.83,0,0,6397,0,0,0.0,11.71,6,0.0,1,0,0.0,1,Nacoes Shopping,NS,Grupo de anúncios 20260528015546,1866451828239378,REACH,ALC - TROCA DE FIGURINHAS
2026-06-01 00:00:00,1866451828244642,0.0,0.0,1.59,0,0,8189,0,0,0.0,13.04,13,0.0,3,0,0.0,1,Nacoes Shopping,NS,Grupo de anúncios 20260528015546,1866451828239378,REACH,ALC - TROCA DE FIGURINHAS
2026-06-23 00:00:00,1848504752053361,0.0,0.0,0.0,0,0,0,0,0,0.0,0.0,0,0.0,0,0,0.0,0,Nacoes Shopping,NS,TRAF - NATAL 25,1848504928619618,CLICK,TRAF - NATAL 25
2026-06-14 00:00:00,1866451747247361,26.66,0.0,5.19,0,185,694,0,0,0.0,3.6,0,0.02,0,0,0.0,0,Nacoes Shopping,NS,Grupo de anúncios 20260528015310,1866451636143266,CLICK,TRAF - NAMORADOS
2026-06-04 00:00:00,1866451828244642,0.0,0.0,1.84,0,0,7190,0,0,0.0,13.25,9,0.0,3,0,0.0,0,Nacoes Shopping,NS,Grupo de anúncios 20260528015546,1866451828239378,REACH,ALC - TROCA DE FIGURINHAS
2026-06-17 00:00:00,1866451747247361,0.0,0.0,0.0,0,0,0,0,0,0.0,0.0,0,0.0,0,0,0.0,0,Nacoes Shopping,NS,Grupo de anúncios 20260528015310,1866451636143266,CLICK,TRAF - NAMORADOS
2026-06-07 00:00:00,1866451747247361,31.14,0.0,4.97,0,1878,6031,0,0,0.0,29.99,0,0.02,0,0,0.0,0,Nacoes Shopping,NS,Grupo de anúncios 20260528015310,1866451636143266,CLICK,TRAF - NAMORADOS
2026-06-24 00:00:00,1866451828244642,0.0,0.0,2.18,0,0,3989,0,0,0.0,8.7,2,0.0,3,0,0.0,0,Nacoes Shopping,NS,Grupo de anúncios 20260528015546,1866451828239378,REACH,ALC - TROCA DE FIGURINHAS
2026-06-14 00:00:00,1866451828244642,0.0,0.0,1.48,0,0,7783,0,1,0.0,11.51,7,0.0,5,0,0.0,1,Nacoes Shopping,NS,Grupo de anúncios 20260528015546,1866451828239378,REACH,ALC - TROCA DE FIGURINHAS
2026-06-18 00:00:00,1866442075014353,0.0,0.0,0.0,0,0,0,0,0,0.0,0.0,0,0.0,0,0,0.0,0,Nacoes Shopping,NS,Grupo de anúncios 20260528111721,1866441986593986,REACH,ALC - PROMO NAMORADOS 26
2026-06-08 00:00:00,1866442075014353,0.2,0.0,1.82,0,31,15610,0,0,0.0,28.46,18,0.92,10,0,0.0,0,Nacoes Shopping,NS,Grupo de anúncios 20260528111721,1866441986593986,REACH,ALC - PROMO NAMORADOS 26
2026-05-29 00:00:00,1866442075014353,0.18,0.0,2.13,0,28,15846,0,0,0.0,33.81,18,1.21,4,0,0.0,0,Nacoes Shopping,NS,Grupo de anúncios 20260528111721,1866441986593986,REACH,ALC - PROMO NAMORADOS 26
2026-07-10 00:00:00,1869534282602850,0.0,0.0,0.0,0,0,0,0,0,0.0,0.0,0,0.0,0,0,0.0,0,Nacoes Shopping,NS,Ad group 20260701022751,1869534270825826,REACH,ALC - SALE
2026-07-05 00:00:00,1869534282602850,0.0,0.0,3.06,1,0,15521,0,0,0.0,47.53,21,0.0,11,0,0.0,1,Nacoes Shopping,NS,Ad group 20260701022751,1869534270825826,REACH,ALC - SALE
2026-07-12 00:00:00,1869534269968849,0.0,0.0,0.0,0,0,0,0,0,0.0,0.0,0,0.0,0,0,0.0,0,Nacoes Shopping,NS,Ad group 20260701023153,1869534510406689,FOLLOWERS,Interações com a comunidade - NS
2026-07-07 00:00:00,1869534269968849,0.0,0.0,11.98,0,0,1361,0,0,0.0,16.31,4,0.0,14,0,0.0,3,Nacoes Shopping,NS,Ad group 20260701023153,1869534510406689,FOLLOWERS,Interações com a comunidade - NS
2026-07-02 00:00:00,1869534269968849,0.0,0.0,19.93,2,0,2135,0,0,0.0,42.54,4,0.0,64,0,0.0,32,Nacoes Shopping,NS,Ad group 20260701023153,1869534510406689,FOLLOWERS,Interações com a comunidade - NS
2026-07-05 00:00:00,1869534269968849,0.0,0.0,8.56,1,0,4047,0,0,0.0,34.65,19,0.0,93,0,0.0,35,Nacoes Shopping,NS,Ad group 20260701023153,1869534510406689,FOLLOWERS,Interações com a comunidade - NS
2026-06-30 00:00:00,1866451747247361,0.0,0.0,0.0,0,0,0,0,0,0.0,0.0,0,0.0,0,0,0.0,0,Nacoes Shopping,NS,Grupo de anúncios 20260528015310,1866451636143266,CLICK,TRAF - NAMORADOS
2026-06-30 00:00:00,1866451828244642,0.0,0.0,2.53,0,0,87,0,0,0.0,0.22,0,0.0,0,0,0.0,0,Nacoes Shopping,NS,Grupo de anúncios 20260528015546,1866451828239378,REACH,ALC - TROCA DE FIGURINHAS
2026-07-01 00:00:00,1863928978860449,0.0,0.0,0.0,0,0,0,0,0,0.0,0.0,0,0.0,0,0,0.0,0,Nacoes Shopping,NS,Grupo de anúncios 20260430053411,1863928955315249,CLICK,TRAF - PROMO MAES
2026-07-07 00:00:00,1869534282602850,0.0,0.0,0.0,0,0,0,0,0,0.0,0.0,0,0.0,0,0,0.0,0,Nacoes Shopping,NS,Ad group 20260701022751,1869534270825826,REACH,ALC - SALE
2026-07-02 00:00:00,1869534282602850,0.0,0.0,2.18,1,0,60377,0,0,0.0,131.54,125,0.0,67,0,0.0,5,Nacoes Shopping,NS,Ad group 20260701022751,1869534270825826,REACH,ALC - SALE
2026-07-08 00:00:00,1869534269968849,0.0,0.0,0.0,0,0,0,0,0,0.0,0.0,0,0.0,0,0,0.0,0,Nacoes Shopping,NS,Ad group 20260701023153,1869534510406689,FOLLOWERS,Interações com a comunidade - NS
2026-07-03 00:00:00,1869534269968849,0.0,0.0,9.81,0,0,3355,0,0,0.0,32.91,12,0.0,98,0,0.0,41,Nacoes Shopping,NS,Ad group 20260701023153,1869534510406689,FOLLOWERS,Interações com a comunidade - NS
2026-07-13 00:00:00,1866451828244642,0.0,0.0,0.0,0,0,0,0,0,0.0,0.0,0,0.0,0,0,0.0,0,Nacoes Shopping,NS,Grupo de anúncios 20260528015546,1866451828239378,REACH,ALC - TROCA DE FIGURINHAS
2026-07-03 00:00:00,1866451828244642,0.0,0.0,0.0,0,0,0,0,0,0.0,0.0,0,0.0,0,0,0.0,0,Nacoes Shopping,NS,Grupo de anúncios 20260528015546,1866451828239378,REACH,ALC - TROCA DE FIGURINHAS
2026-06-28 00:00:00,1866451828244642,0.0,0.0,1.61,0,0,2967,0,0,0.0,4.78,2,0.0,4,0,0.0,0,Nacoes Shopping,NS,Grupo de anúncios 20260528015546,1866451828239378,REACH,ALC - TROCA DE FIGURINHAS
2026-07-25 00:00:00,1848504752053361,0.0,0.0,0.0,0,0,0,0,0,0.0,0.0,0,0.0,0,0,0.0,0,Nacoes Shopping,NS,TRAF - NATAL 25,1848504928619618,CLICK,TRAF - NATAL 25
2026-07-06 00:00:00,1869534269968849,0.0,0.0,9.34,0,0,3467,0,0,0.0,32.38,19,0.0,65,0,0.0,36,Nacoes Shopping,NS,Ad group 20260701023153,1869534510406689,FOLLOWERS,Interações com a comunidade - NS
2026-07-01 00:00:00,1869534269968849,0.0,0.0,21.22,0,0,941,0,0,0.0,19.97,4,0.0,42,0,0.0,13,Nacoes Shopping,NS,Ad group 20260701023153,1869534510406689,FOLLOWERS,Interações com a comunidade - NS
2026-07-06 00:00:00,1869534282602850,0.0,0.0,0.0,0,0,0,0,0,0.0,0.0,0,0.0,0,0,0.0,0,Nacoes Shopping,NS,Ad group 20260701022751,1869534270825826,REACH,ALC - SALE
2026-07-01 00:00:00,1869534282602850,0.0,0.0,1.4,0,0,42592,0,1,0.0,59.49,52,0.0,39,0,0.0,3,Nacoes Shopping,NS,Ad group 20260701022751,1869534270825826,REACH,ALC - SALE
2026-07-09 00:00:00,1869534282602850,0.0,0.0,0.0,0,0,0,0,0,0.0,0.0,0,0.0,0,0,0.0,0,Nacoes Shopping,NS,Ad group 20260701022751,1869534270825826,REACH,ALC - SALE
2026-07-04 00:00:00,1869534282602850,0.0,0.0,2.85,0,0,45358,0,1,0.0,129.46,76,0.0,49,0,0.0,7,Nacoes Shopping,NS,Ad group 20260701022751,1869534270825826,REACH,ALC - SALE
2026-07-19 00:00:00,1869534282602850,0.0,0.0,0.0,0,0,0,0,0,0.0,0.0,0,0.0,0,0,0.0,0,Nacoes Shopping,NS,Ad group 20260701022751,1869534270825826,REACH,ALC - SALE
2026-07-11 00:00:00,1869534269968849,0.0,0.0,0.0,0,0,0,0,0,0.0,0.0,0,0.0,0,0,0.0,0,Nacoes Shopping,NS,Ad group 20260701023153,1869534510406689,FOLLOWERS,Interações com a comunidade - NS
2026-07-04 00:00:00,1869534269968849,0.0,0.0,10.51,0,0,3242,0,0,0.0,34.07,11,0.0,86,0,0.0,43,Nacoes Shopping,NS,Ad group 20260701023153,1869534510406689,FOLLOWERS,Interações com a comunidade - NS
2026-07-08 00:00:00,1869534282602850,0.0,0.0,0.0,0,0,0,0,0,0.0,0.0,0,0.0,0,0,0.0,0,Nacoes Shopping,NS,Ad group 20260701022751,1869534270825826,REACH,ALC - SALE
2026-07-04 00:00:00,1866451747247361,0.0,0.0,0.0,0,0,0,0,0,0.0,0.0,0,0.0,0,0,0.0,0,Nacoes Shopping,NS,Grupo de anúncios 20260528015310,1866451636143266,CLICK,TRAF - NAMORADOS
2026-07-03 00:00:00,1848504752053361,0.0,0.0,0.0,0,0,0,0,0,0.0,0.0,0,0.0,0,0,0.0,0,Nacoes Shopping,NS,TRAF - NATAL 25,1848504928619618,CLICK,TRAF - NATAL 25
2026-07-03 00:00:00,1869534282602850,0.0,0.0,2.59,1,0,50990,0,2,0.0,131.98,77,0.0,45,0,0.0,8,Nacoes Shopping,NS,Ad group 20260701022751,1869534270825826,REACH,ALC - SALE
2026-07-01 00:00:00,1866451828244642,0.0,0.0,0.0,0,0,0,0,0,0.0,0.0,0,0.0,0,0,0.0,0,Nacoes Shopping,NS,Grupo de anúncios 20260528015546,1866451828239378,REACH,ALC - TROCA DE FIGURINHAS
2026-06-29 00:00:00,1866451828244642,0.0,0.0,2.04,0,0,1776,0,0,0.0,3.62,1,0.0,0,0,0.0,0,Nacoes Shopping,NS,Grupo de anúncios 20260528015546,1866451828239378,REACH,ALC - TROCA DE FIGURINHAS
2026-07-04 00:00:00,1866451828244642,0.0,0.0,0.0,0,0,0,0,0,0.0,0.0,0,0.0,0,0,0.0,0,Nacoes Shopping,NS,Grupo de anúncios 20260528015546,1866451828239378,REACH,ALC - TROCA DE FIGURINHAS
2026-08-11 00:00:00,1872627476600850,0.24,0.0,2.05,0,50,20842,0,0,0.0,42.78,38,0.86,14,0,0.0,1,Nacoes Shopping,NS,Ad group 20260804055438,1872627476581490,REACH,ALC - PAIS 26 
2026-08-06 00:00:00,1872627476600850,0.15,0.0,1.88,0,38,24601,0,0,0.0,46.26,34,1.22,13,0,0.0,2,Nacoes Shopping,NS,Ad group 20260804055438,1872627476581490,REACH,ALC - PAIS 26 
2026-08-26 00:00:00,1872627476600850,0.0,0.0,0.0,0,0,0,0,0,0.0,0.0,0,0.0,0,0,0.0,0,Nacoes Shopping,NS,Ad group 20260804055438,1872627476581490,REACH,ALC - PAIS 26 
2026-08-21 00:00:00,1872627476600850,0.0,0.0,0.0,0,0,0,0,0,0.0,0.0,0,0.0,0,0,0.0,0,Nacoes Shopping,NS,Ad group 20260804055438,1872627476581490,REACH,ALC - PAIS 26 
2026-08-16 00:00:00,1872627476600850,0.2,0.0,2.1,0,20,10198,0,2,0.0,21.38,12,1.07,11,0,0.0,3,Nacoes Shopping,NS,Ad group 20260804055438,1872627476581490,REACH,ALC - PAIS 26 
2026-08-16 00:00:00,1872627664136306,0.69,0.0,33.07,0,5,722,0,0,0.0,23.88,1,4.78,1,0,0.0,1,Nacoes Shopping,NS,Ad group 20260804055727,1872627587449090,CLICK,TRAF - PAIS 26 
2026-08-11 00:00:00,1872627664136306,1.01,0.0,24.09,0,2,198,0,0,0.0,4.77,0,2.39,0,0,0.0,1,Nacoes Shopping,NS,Ad group 20260804055727,1872627587449090,CLICK,TRAF - PAIS 26 
2026-08-06 00:00:00,1872627664136306,0.0,0.0,0.0,0,0,181,0,0,0.0,0.0,0,0.0,0,0,0.0,0,Nacoes Shopping,NS,Ad group 20260804055727,1872627587449090,CLICK,TRAF - PAIS 26 
2026-08-19 00:00:00,1872627664136306,0.0,0.0,0.0,0,0,0,0,0,0.0,0.0,0,0.0,0,0,0.0,0,Nacoes Shopping,NS,Ad group 20260804055727,1872627587449090,CLICK,TRAF - PAIS 26 
2026-08-14 00:00:00,1872627664136306,0.26,0.0,30.31,0,1,390,0,0,0.0,11.82,0,11.82,0,0,0.0,0,Nacoes Shopping,NS,Ad group 20260804055727,1872627587449090,CLICK,TRAF - PAIS 26 
2026-08-09 00:00:00,1872627664136306,4.14,0.0,62.52,0,12,290,0,0,0.0,18.13,1,1.51,0,0,0.0,0,Nacoes Shopping,NS,Ad group 20260804055727,1872627587449090,CLICK,TRAF - PAIS 26 
2026-08-18 00:00:00,1872627664136306,2.39,0.0,95.42,0,6,251,0,0,0.0,23.95,0,3.99,1,0,0.0,0,Nacoes Shopping,NS,Ad group 20260804055727,1872627587449090,CLICK,TRAF - PAIS 26 
2026-08-13 00:00:00,1872627664136306,0.8,0.0,53.09,0,4,502,0,0,0.0,26.65,1,6.66,2,0,0.0,1,Nacoes Shopping,NS,Ad group 20260804055727,1872627587449090,CLICK,TRAF - PAIS 26 
2026-08-08 00:00:00,1872627664136306,1.45,0.0,45.77,0,6,414,0,0,0.0,18.95,2,3.16,1,0,0.0,0,Nacoes Shopping,NS,Ad group 20260804055727,1872627587449090,CLICK,TRAF - PAIS 26 
2026-08-18 00:00:00,1872627476600850,0.0,0.0,0.0,0,0,0,0,0,0.0,0.0,0,0.0,0,0,0.0,0,Nacoes Shopping,NS,Ad group 20260804055438,1872627476581490,REACH,ALC - PAIS 26 
2026-08-12 00:00:00,1866451747247361,0.0,0.0,0.0,0,0,0,0,0,0.0,0.0,0,0.0,0,0,0.0,0,Nacoes Shopping,NS,Grupo de anúncios 20260528015310,1866451636143266,CLICK,TRAF - NAMORADOS
2026-08-23 00:00:00,1872627476600850,0.0,0.0,0.0,0,0,0,0,0,0.0,0.0,0,0.0,0,0,0.0,0,Nacoes Shopping,NS,Ad group 20260804055438,1872627476581490,REACH,ALC - PAIS 26 
2026-08-13 00:00:00,1872627476600850,0.2,0.0,2.0,0,40,19750,0,1,0.0,39.53,27,0.99,12,0,0.0,2,Nacoes Shopping,NS,Ad group 20260804055438,1872627476581490,REACH,ALC - PAIS 26 
2026-08-08 00:00:00,1872627476600850,0.23,0.0,2.05,0,51,22355,0,0,0.0,45.92,42,0.9,17,0,0.0,3,Nacoes Shopping,NS,Ad group 20260804055438,1872627476581490,REACH,ALC - PAIS 26 
2026-08-05 00:00:00,1872627664136306,1.97,0.0,166.71,0,3,152,0,0,0.0,25.34,2,8.45,0,0,0.0,0,Nacoes Shopping,NS,Ad group 20260804055727,1872627587449090,CLICK,TRAF - PAIS 26 
2026-08-10 00:00:00,1872627664136306,1.87,0.0,98.22,0,4,214,0,0,0.0,21.02,0,5.26,0,0,0.0,0,Nacoes Shopping,NS,Ad group 20260804055727,1872627587449090,CLICK,TRAF - PAIS 26 
2026-08-15 00:00:00,1872627664136306,0.84,0.0,67.76,0,5,595,0,0,0.0,40.32,1,8.06,1,0,0.0,1,Nacoes Shopping,NS,Ad group 20260804055727,1872627587449090,CLICK,TRAF - PAIS 26 
2026-08-22 00:00:00,1872627476600850,0.0,0.0,0.0,0,0,0,0,0,0.0,0.0,0,0.0,0,0,0.0,0,Nacoes Shopping,NS,Ad group 20260804055438,1872627476581490,REACH,ALC - PAIS 26 
2026-08-17 00:00:00,1872627476600850,0.0,0.0,0.0,0,0,0,0,0,0.0,0.0,0,0.0,0,0,0.0,0,Nacoes Shopping,NS,Ad group 20260804055438,1872627476581490,REACH,ALC - PAIS 26 
2026-08-12 00:00:00,1872627476600850,0.3,0.0,2.0,0,60,20032,0,0,0.0,40.14,32,0.67,14,0,0.0,0,Nacoes Shopping,NS,Ad group 20260804055438,1872627476581490,REACH,ALC - PAIS 26 
2026-08-20 00:00:00,1872627476600850,0.0,0.0,0.0,0,0,0,0,0,0.0,0.0,0,0.0,0,0,0.0,0,Nacoes Shopping,NS,Ad group 20260804055438,1872627476581490,REACH,ALC - PAIS 26 
2026-08-15 00:00:00,1872627476600850,0.2,0.0,2.17,0,43,21066,0,0,0.0,45.63,23,1.06,9,0,0.0,1,Nacoes Shopping,NS,Ad group 20260804055438,1872627476581490,REACH,ALC - PAIS 26 
2026-08-10 00:00:00,1872627476600850,0.24,0.0,2.05,0,52,21494,0,1,0.0,43.96,37,0.85,15,0,0.0,2,Nacoes Shopping,NS,Ad group 20260804055438,1872627476581490,REACH,ALC - PAIS 26 
2026-08-05 00:00:00,1872627476600850,0.17,0.0,1.65,0,45,27076,0,0,0.0,44.77,37,0.99,20,0,0.0,4,Nacoes Shopping,NS,Ad group 20260804055438,1872627476581490,REACH,ALC - PAIS 26 
2026-08-04 00:00:00,1872627476600850,0.0,0.0,0.91,0,0,264,0,0,0.0,0.24,0,0.0,0,0,0.0,0,Nacoes Shopping,NS,Ad group 20260804055438,1872627476581490,REACH,ALC - PAIS 26 
2026-08-14 00:00:00,1872627476600850,0.27,0.0,2.03,0,51,18862,0,2,0.0,38.29,35,0.75,16,0,0.0,0,Nacoes Shopping,NS,Ad group 20260804055438,1872627476581490,REACH,ALC - PAIS 26 
2026-08-09 00:00:00,1872627476600850,0.22,0.0,1.95,0,51,22987,0,0,0.0,44.91,37,0.88,11,0,0.0,4,Nacoes Shopping,NS,Ad group 20260804055438,1872627476581490,REACH,ALC - PAIS 26 
2026-08-24 00:00:00,1872627476600850,0.0,0.0,0.0,0,0,0,0,0,0.0,0.0,0,0.0,0,0,0.0,0,Nacoes Shopping,NS,Ad group 20260804055438,1872627476581490,REACH,ALC - PAIS 26 
2026-08-19 00:00:00,1872627476600850,0.0,0.0,0.0,0,0,0,0,0,0.0,0.0,0,0.0,0,0,0.0,0,Nacoes Shopping,NS,Ad group 20260804055438,1872627476581490,REACH,ALC - PAIS 26 
2026-08-07 00:00:00,1872627476600850,0.17,0.0,1.98,0,39,23311,0,2,0.0,46.19,33,1.18,19,0,0.0,0,Nacoes Shopping,NS,Ad group 20260804055438,1872627476581490,REACH,ALC - PAIS 26 
2026-08-12 00:00:00,1872627664136306,0.84,0.0,23.52,0,4,475,0,0,0.0,11.17,4,2.79,0,0,0.0,0,Nacoes Shopping,NS,Ad group 20260804055727,1872627587449090,CLICK,TRAF - PAIS 26 
2026-08-07 00:00:00,1872627664136306,1.48,0.0,40.74,0,2,135,0,0,0.0,5.5,3,2.75,0,0,0.0,0,Nacoes Shopping,NS,Ad group 20260804055727,1872627587449090,CLICK,TRAF - PAIS 26 
2026-08-17 00:00:00,1872627664136306,0.9,0.0,119.33,0,5,554,0,0,0.0,66.11,1,13.22,1,0,0.0,0,Nacoes Shopping,NS,Ad group 20260804055727,1872627587449090,CLICK,TRAF - PAIS 26 
2026-08-29 00:00:00,1866451828244642,0.0,0.0,0.0,0,0,0,0,0,0.0,0.0,0,0.0,0,0,0.0,0,Nacoes Shopping,NS,Grupo de anúncios 20260528015546,1866451828239378,REACH,ALC - TROCA DE FIGURINHAS
2026-08-31 00:00:00,1863928978860449,0.0,0.0,0.0,0,0,0,0,0,0.0,0.0,0,0.0,0,0,0.0,0,Nacoes Shopping,NS,Grupo de anúncios 20260430053411,1863928955315249,CLICK,TRAF - PROMO MAES
2026-08-27 00:00:00,1872627476600850,0.0,0.0,0.0,0,0,0,0,0,0.0,0.0,0,0.0,0,0,0.0,0,Nacoes Shopping,NS,Ad group 20260804055438,1872627476581490,REACH,ALC - PAIS 26 
2026-08-28 00:00:00,1872627476600850,0.0,0.0,0.0,0,0,0,0,0,0.0,0.0,0,0.0,0,0,0.0,0,Nacoes Shopping,NS,Ad group 20260804055438,1872627476581490,REACH,ALC - PAIS 26 
2026-09-29 00:00:00,1863928978860449,0.0,0.0,0.0,0,0,0,0,0,0.0,0.0,0,0.0,0,0,0.0,0,Nacoes Shopping,NS,Grupo de anúncios 20260430053411,1863928955315249,CLICK,TRAF - PROMO MAES
