stat_time_day,campaign_id,total_complete_payment_rate,ctr,likes,cpc,conversion_rate,follows,clicks,spend,cpm,cost_per_conversion,clicks_on_music_disc,conversion,impressions,comments,profile_visits,shares,shopping,shopping_sigla,campaign_name,objective_type
2025-11-01 00:00:00,1847431562326049,0.0,0.0,1,0.0,0.0,0,0,9.95,2.08,0.0,0,0,4792,0,10,0,Nacoes Shopping,NS,Alcance | Ritmi Mana Spolini,REACH
2025-10-13 00:00:00,1844352110838818,0.0,0.0,5,0.0,0.0,0,0,17.47,2.1,0.0,0,0,8328,1,6,0,Nacoes Shopping,NS,Alcance - Conteúdos Set ,REACH
2025-11-02 00:00:00,1847431714944034,0.0,0.32,2,0.59,0.0,2,21,12.37,1.87,0.0,0,0,6599,0,9,0,Nacoes Shopping,NS,Alcance | Giftcard ,REACH
2025-10-23 00:00:00,1844350458030129,0.0,0.0,5,0.0,0.0,0,0,12.17,2.54,0.0,0,0,4788,0,7,0,Nacoes Shopping,NS,Alcance - Giftcard ,REACH
2025-10-13 00:00:00,1844350458030129,0.0,0.0,8,0.0,0.0,0,0,16.51,2.1,0.0,0,0,7846,0,14,0,Nacoes Shopping,NS,Alcance - Giftcard ,REACH
2025-11-06 00:00:00,1847431181554881,0.0,0.0,26,0.0,0.0,5,0,12.02,4.15,0.0,0,0,2893,1,12,0,Nacoes Shopping,NS,Visualizações de vídeo | Natal 02 ,VIDEO_VIEWS
2025-11-04 00:00:00,1847429807403074,0.0,0.0,86,0.0,0.0,1,0,23.05,2.89,0.0,0,0,7963,0,33,1,Nacoes Shopping,NS,Visualizações de vídeo | Natal ,VIDEO_VIEWS
2025-10-23 00:00:00,1844352110838818,0.0,0.0,5,0.0,0.0,0,0,10.78,2.56,0.0,0,0,4207,0,6,0,Nacoes Shopping,NS,Alcance - Conteúdos Set ,REACH
2025-11-08 00:00:00,1847431562326049,0.0,0.0,4,0.0,0.0,1,0,9.17,2.39,0.0,0,0,3832,0,4,0,Nacoes Shopping,NS,Alcance | Ritmi Mana Spolini,REACH
2025-11-03 00:00:00,1847432144410706,0.0,0.0,5,0.0,0.0,0,0,11.51,2.07,0.0,0,0,5559,0,18,0,Nacoes Shopping,NS,Alcance | Chillibeans Vini ,REACH
2025-10-30 00:00:00,1847431714944034,0.0,0.16,2,1.39,0.0,0,5,6.95,2.2,0.0,0,0,3156,0,2,0,Nacoes Shopping,NS,Alcance | Giftcard ,REACH
2025-10-30 00:00:00,1847432144410706,0.0,0.0,2,0.0,0.0,0,0,6.31,2.18,0.0,0,0,2895,0,2,0,Nacoes Shopping,NS,Alcance | Chillibeans Vini ,REACH
2025-10-16 00:00:00,1844350458030129,0.0,0.0,3,0.0,0.0,0,0,16.26,2.38,0.0,0,0,6827,0,8,1,Nacoes Shopping,NS,Alcance - Giftcard ,REACH
2025-11-01 00:00:00,1847429807403074,0.0,0.0,87,0.0,0.0,2,0,26.17,3.28,0.0,0,0,7986,1,20,1,Nacoes Shopping,NS,Visualizações de vídeo | Natal ,VIDEO_VIEWS
2025-10-26 00:00:00,1844350458030129,0.0,0.0,0,0.0,0.0,0,0,1.63,1.98,0.0,0,0,825,0,2,0,Nacoes Shopping,NS,Alcance - Giftcard ,REACH
2025-11-03 00:00:00,1847431181554881,0.0,0.0,30,0.0,0.0,4,0,11.56,3.64,0.0,0,0,3173,0,4,0,Nacoes Shopping,NS,Visualizações de vídeo | Natal 02 ,VIDEO_VIEWS
2025-11-05 00:00:00,1847431562326049,0.0,0.0,5,0.0,0.0,1,0,9.93,2.35,0.0,0,0,4223,0,7,0,Nacoes Shopping,NS,Alcance | Ritmi Mana Spolini,REACH
2025-11-06 00:00:00,1847432144410706,0.0,0.0,3,0.0,0.0,0,0,10.73,2.22,0.0,0,0,4834,0,6,0,Nacoes Shopping,NS,Alcance | Chillibeans Vini ,REACH
2025-11-06 00:00:00,1847431714944034,0.0,0.19,1,1.18,0.0,0,11,12.99,2.26,0.0,0,0,5745,0,7,0,Nacoes Shopping,NS,Alcance | Giftcard ,REACH
2025-10-10 00:00:00,1844352110838818,0.0,0.0,10,0.0,0.0,3,0,19.38,2.13,0.0,0,0,9093,0,15,0,Nacoes Shopping,NS,Alcance - Conteúdos Set ,REACH
2025-10-20 00:00:00,1844352110838818,0.0,0.0,3,0.0,0.0,0,0,13.99,2.23,0.0,0,0,6262,0,10,0,Nacoes Shopping,NS,Alcance - Conteúdos Set ,REACH
2025-10-14 00:00:00,1844350458030129,0.0,0.0,4,0.0,0.0,1,0,16.85,2.24,0.0,0,0,7536,0,16,0,Nacoes Shopping,NS,Alcance - Giftcard ,REACH
2025-11-08 00:00:00,1847429807403074,0.0,0.07,7,4.81,0.0,2,1,4.81,3.27,0.0,0,0,1469,0,2,0,Nacoes Shopping,NS,Visualizações de vídeo | Natal ,VIDEO_VIEWS
2025-10-24 00:00:00,1844352110838818,0.0,0.0,0,0.0,0.0,0,0,3.03,2.39,0.0,0,0,1266,0,0,0,Nacoes Shopping,NS,Alcance - Conteúdos Set ,REACH
2025-10-24 00:00:00,1844350458030129,0.0,0.0,5,0.0,0.0,0,0,10.9,2.35,0.0,0,0,4644,0,3,0,Nacoes Shopping,NS,Alcance - Giftcard ,REACH
2025-11-01 00:00:00,1847431714944034,0.0,0.22,4,0.92,0.0,0,15,13.77,2.02,0.0,0,0,6824,0,6,0,Nacoes Shopping,NS,Alcance | Giftcard ,REACH
2025-11-05 00:00:00,1847431181554881,0.0,0.03,28,11.3,0.0,5,1,11.3,3.28,0.0,0,0,3443,2,16,1,Nacoes Shopping,NS,Visualizações de vídeo | Natal 02 ,VIDEO_VIEWS
2025-10-14 00:00:00,1844352110838818,0.0,0.0,6,0.0,0.0,0,0,17.09,2.22,0.0,0,0,7700,0,10,0,Nacoes Shopping,NS,Alcance - Conteúdos Set ,REACH
2025-10-25 00:00:00,1810109298355250,0.0,0.0,0,0.0,0.0,0,0,0.0,0.0,0.0,0,0,0,0,0,0,Nacoes Shopping,NS,Promo Natura 2024 - Tráfego,TRAFFIC
2025-11-07 00:00:00,1847432144410706,0.0,0.0,0,0.0,0.0,1,0,10.25,2.28,0.0,0,0,4500,0,8,0,Nacoes Shopping,NS,Alcance | Chillibeans Vini ,REACH
2025-11-02 00:00:00,1847431562326049,0.0,0.0,8,0.0,0.0,2,0,8.95,1.94,0.0,0,0,4602,0,7,0,Nacoes Shopping,NS,Alcance | Ritmi Mana Spolini,REACH
2025-10-17 00:00:00,1844352110838818,0.0,0.0,3,0.0,0.0,0,0,16.62,2.28,0.0,0,0,7279,0,7,0,Nacoes Shopping,NS,Alcance - Conteúdos Set ,REACH
2025-11-05 00:00:00,1847429807403074,0.0,0.0,80,0.0,0.0,6,0,21.43,3.31,0.0,0,0,6468,2,17,1,Nacoes Shopping,NS,Visualizações de vídeo | Natal ,VIDEO_VIEWS
2025-11-08 00:00:00,1847431714944034,0.0,0.26,3,0.88,0.0,0,14,12.25,2.29,0.0,0,0,5359,0,6,0,Nacoes Shopping,NS,Alcance | Giftcard ,REACH
2025-10-27 00:00:00,1844350458030129,0.0,0.0,0,0.0,0.0,0,0,0.0,0.0,0.0,0,0,0,0,0,0,Nacoes Shopping,NS,Alcance - Giftcard ,REACH
2025-10-17 00:00:00,1844350458030129,0.0,0.0,3,0.0,0.0,0,0,16.97,2.3,0.0,0,0,7365,0,5,0,Nacoes Shopping,NS,Alcance - Giftcard ,REACH
2025-10-11 00:00:00,1844352110838818,0.0,0.0,4,0.0,0.0,2,0,17.74,2.03,0.0,0,0,8739,0,15,0,Nacoes Shopping,NS,Alcance - Conteúdos Set ,REACH
2025-11-02 00:00:00,1847431181554881,0.0,0.0,21,0.0,0.0,7,0,12.04,3.93,0.0,0,0,3063,0,8,0,Nacoes Shopping,NS,Visualizações de vídeo | Natal 02 ,VIDEO_VIEWS
2025-10-30 00:00:00,1847431562326049,0.0,0.0,0,0.0,0.0,0,0,5.38,2.22,0.0,0,0,2422,0,7,0,Nacoes Shopping,NS,Alcance | Ritmi Mana Spolini,REACH
2025-10-21 00:00:00,1844352110838818,0.0,0.0,4,0.0,0.0,0,0,13.47,2.45,0.0,0,0,5492,0,6,0,Nacoes Shopping,NS,Alcance - Conteúdos Set ,REACH
2025-10-31 00:00:00,1847432144410706,0.0,0.0,3,0.0,0.0,0,0,13.7,2.34,0.0,0,0,5863,1,14,0,Nacoes Shopping,NS,Alcance | Chillibeans Vini ,REACH
2025-11-05 00:00:00,1847431714944034,0.0,0.26,4,0.89,0.0,0,15,13.28,2.28,0.0,0,0,5821,0,8,0,Nacoes Shopping,NS,Alcance | Giftcard ,REACH
2025-10-20 00:00:00,1844350458030129,0.0,0.0,4,0.0,0.0,1,0,14.55,2.25,0.0,0,0,6475,0,8,0,Nacoes Shopping,NS,Alcance - Giftcard ,REACH
2025-10-10 00:00:00,1844350458030129,0.0,0.0,6,0.0,0.0,0,0,18.2,2.15,0.0,0,0,8473,0,14,0,Nacoes Shopping,NS,Alcance - Giftcard ,REACH
2025-10-30 00:00:00,1847431181554881,0.0,0.0,13,0.0,0.0,3,0,6.02,3.76,0.0,0,0,1601,0,8,0,Nacoes Shopping,NS,Visualizações de vídeo | Natal 02 ,VIDEO_VIEWS
2025-11-02 00:00:00,1847429807403074,0.0,0.0,62,0.0,0.0,1,0,23.77,3.29,0.0,0,0,7222,1,20,2,Nacoes Shopping,NS,Visualizações de vídeo | Natal ,VIDEO_VIEWS
2025-11-06 00:00:00,1847431562326049,0.0,0.0,3,0.0,0.0,0,0,9.09,2.34,0.0,0,0,3883,1,5,0,Nacoes Shopping,NS,Alcance | Ritmi Mana Spolini,REACH
2025-10-18 00:00:00,1844352110838818,0.0,0.0,2,0.0,0.0,2,0,15.53,2.12,0.0,0,0,7316,0,7,0,Nacoes Shopping,NS,Alcance - Conteúdos Set ,REACH
2025-11-07 00:00:00,1847431714944034,0.0,0.15,1,1.54,0.0,0,8,12.33,2.33,0.0,0,0,5286,0,4,0,Nacoes Shopping,NS,Alcance | Giftcard ,REACH
2025-10-18 00:00:00,1844350458030129,0.0,0.0,7,0.0,0.0,1,0,15.41,2.14,0.0,0,0,7200,0,10,0,Nacoes Shopping,NS,Alcance - Giftcard ,REACH
2025-10-30 00:00:00,1847429807403074,0.0,0.0,23,0.0,0.0,5,0,14.32,4.5,0.0,0,0,3181,0,6,0,Nacoes Shopping,NS,Visualizações de vídeo | Natal ,VIDEO_VIEWS
2025-11-01 00:00:00,1847431181554881,0.0,0.0,32,0.0,0.0,4,0,11.64,3.9,0.0,0,0,2988,1,14,0,Nacoes Shopping,NS,Visualizações de vídeo | Natal 02 ,VIDEO_VIEWS
2025-11-03 00:00:00,1847431562326049,0.0,0.0,5,0.0,0.0,2,0,9.45,2.16,0.0,0,0,4371,0,3,0,Nacoes Shopping,NS,Alcance | Ritmi Mana Spolini,REACH
2025-11-08 00:00:00,1847432144410706,0.0,0.0,3,0.0,0.0,0,0,9.63,2.24,0.0,0,0,4298,0,6,0,Nacoes Shopping,NS,Alcance | Chillibeans Vini ,REACH
2025-11-04 00:00:00,1847431714944034,0.0,0.18,4,1.3,0.0,1,10,12.98,2.28,0.0,0,0,5704,0,8,0,Nacoes Shopping,NS,Alcance | Giftcard ,REACH
2025-11-04 00:00:00,1847432144410706,0.0,0.0,4,0.0,0.0,0,0,12.02,2.26,0.0,0,0,5320,0,15,0,Nacoes Shopping,NS,Alcance | Chillibeans Vini ,REACH
2025-10-11 00:00:00,1844350458030129,0.0,0.0,2,0.0,0.0,0,0,16.98,2.03,0.0,0,0,8362,0,16,0,Nacoes Shopping,NS,Alcance - Giftcard ,REACH
2025-11-06 00:00:00,1847429807403074,0.0,0.0,40,0.0,0.0,6,0,20.41,3.67,0.0,0,0,5560,2,14,0,Nacoes Shopping,NS,Visualizações de vídeo | Natal ,VIDEO_VIEWS
2025-10-21 00:00:00,1844350458030129,0.0,0.0,3,0.0,0.0,1,0,13.71,2.47,0.0,0,0,5547,0,6,0,Nacoes Shopping,NS,Alcance - Giftcard ,REACH
2025-11-08 00:00:00,1847431181554881,0.0,0.0,21,0.0,0.0,1,0,10.3,3.52,0.0,0,0,2927,1,9,0,Nacoes Shopping,NS,Visualizações de vídeo | Natal 02 ,VIDEO_VIEWS
2025-10-25 00:00:00,1844352110838818,0.0,0.0,0,0.0,0.0,0,0,0.0,0.0,0.0,0,0,0,0,0,0,Nacoes Shopping,NS,Alcance - Conteúdos Set ,REACH
2025-10-31 00:00:00,1847431562326049,0.0,0.0,3,0.0,0.0,1,0,10.9,2.43,0.0,0,0,4494,0,11,0,Nacoes Shopping,NS,Alcance | Ritmi Mana Spolini,REACH
2025-11-01 00:00:00,1847432144410706,0.0,0.0,6,0.0,0.0,0,0,12.75,1.99,0.0,0,0,6393,0,22,0,Nacoes Shopping,NS,Alcance | Chillibeans Vini ,REACH
2025-10-15 00:00:00,1844352110838818,0.0,0.0,5,0.0,0.0,0,0,16.75,2.35,0.0,0,0,7137,0,7,0,Nacoes Shopping,NS,Alcance - Conteúdos Set ,REACH
2025-11-03 00:00:00,1847429807403074,0.0,0.0,60,0.0,0.0,9,0,23.01,3.32,0.0,0,0,6921,1,24,0,Nacoes Shopping,NS,Visualizações de vídeo | Natal ,VIDEO_VIEWS
2025-10-19 00:00:00,1844350458030129,0.0,0.0,3,0.0,0.0,1,0,14.5,2.13,0.0,0,0,6808,0,5,0,Nacoes Shopping,NS,Alcance - Giftcard ,REACH
2025-10-31 00:00:00,1847431181554881,0.0,0.0,30,0.0,0.0,9,0,13.21,4.55,0.0,0,0,2901,1,22,0,Nacoes Shopping,NS,Visualizações de vídeo | Natal 02 ,VIDEO_VIEWS
2025-10-19 00:00:00,1844352110838818,0.0,0.0,7,0.0,0.0,1,0,14.85,2.12,0.0,0,0,6989,0,11,0,Nacoes Shopping,NS,Alcance - Conteúdos Set ,REACH
2025-11-02 00:00:00,1847432144410706,0.0,0.0,4,0.0,0.0,1,0,11.68,1.86,0.0,0,0,6275,0,14,0,Nacoes Shopping,NS,Alcance | Chillibeans Vini ,REACH
2025-11-07 00:00:00,1847431562326049,0.0,0.0,3,0.0,0.0,0,0,8.37,2.4,0.0,0,0,3489,0,3,0,Nacoes Shopping,NS,Alcance | Ritmi Mana Spolini,REACH
2025-10-12 00:00:00,1844352110838818,0.0,0.0,5,0.0,0.0,0,0,17.73,1.97,0.0,0,0,8985,0,15,0,Nacoes Shopping,NS,Alcance - Conteúdos Set ,REACH
2025-10-22 00:00:00,1844352110838818,0.0,0.0,0,0.0,0.0,0,0,12.6,2.61,0.0,0,0,4832,0,6,0,Nacoes Shopping,NS,Alcance - Conteúdos Set ,REACH
2025-11-03 00:00:00,1847431714944034,0.0,0.12,1,1.71,0.0,0,7,12.0,2.09,0.0,0,0,5747,0,6,0,Nacoes Shopping,NS,Alcance | Giftcard ,REACH
2025-10-22 00:00:00,1844350458030129,0.0,0.0,3,0.0,0.0,0,0,12.64,2.58,0.0,0,0,4890,0,11,1,Nacoes Shopping,NS,Alcance - Giftcard ,REACH
2025-10-12 00:00:00,1844350458030129,0.0,0.0,1,0.0,0.0,1,0,17.13,1.98,0.0,0,0,8651,0,11,0,Nacoes Shopping,NS,Alcance - Giftcard ,REACH
2025-10-16 00:00:00,1844352110838818,0.0,0.0,5,0.0,0.0,0,0,16.88,2.38,0.0,0,0,7088,0,15,0,Nacoes Shopping,NS,Alcance - Conteúdos Set ,REACH
2025-11-07 00:00:00,1847431181554881,0.0,0.0,19,0.0,0.0,7,0,11.51,4.34,0.0,0,0,2650,0,13,0,Nacoes Shopping,NS,Visualizações de vídeo | Natal 02 ,VIDEO_VIEWS
2025-11-04 00:00:00,1847431562326049,0.0,0.0,6,0.0,0.0,0,0,9.55,2.35,0.0,0,0,4060,0,11,0,Nacoes Shopping,NS,Alcance | Ritmi Mana Spolini,REACH
2025-10-31 00:00:00,1847429807403074,0.0,0.0,93,0.0,0.0,9,0,25.59,4.03,0.0,0,0,6344,2,35,2,Nacoes Shopping,NS,Visualizações de vídeo | Natal ,VIDEO_VIEWS
2025-10-26 00:00:00,1844352110838818,0.0,0.0,0,0.0,0.0,0,0,0.0,0.0,0.0,0,0,0,0,0,0,Nacoes Shopping,NS,Alcance - Conteúdos Set ,REACH
2025-10-31 00:00:00,1847431714944034,0.0,0.15,3,1.58,0.0,1,9,14.24,2.37,0.0,0,0,6016,0,5,0,Nacoes Shopping,NS,Alcance | Giftcard ,REACH
2025-10-15 00:00:00,1844350458030129,0.0,0.0,2,0.0,0.0,0,0,15.95,2.35,0.0,0,0,6785,0,12,0,Nacoes Shopping,NS,Alcance - Giftcard ,REACH
2025-11-05 00:00:00,1847432144410706,0.0,0.0,8,0.0,0.0,0,0,11.89,2.25,0.0,0,0,5280,0,8,0,Nacoes Shopping,NS,Alcance | Chillibeans Vini ,REACH
2025-10-25 00:00:00,1844350458030129,0.0,0.0,0,0.0,0.0,0,0,8.84,2.21,0.0,0,0,4005,0,8,0,Nacoes Shopping,NS,Alcance - Giftcard ,REACH
2025-11-04 00:00:00,1847431181554881,0.0,0.0,42,0.0,0.0,8,0,11.71,3.07,0.0,0,0,3810,2,18,0,Nacoes Shopping,NS,Visualizações de vídeo | Natal 02 ,VIDEO_VIEWS
2025-11-07 00:00:00,1847429807403074,0.0,0.0,45,0.0,0.0,5,0,17.44,3.83,0.0,0,0,4552,3,17,0,Nacoes Shopping,NS,Visualizações de vídeo | Natal ,VIDEO_VIEWS
2025-11-11 00:00:00,1847431562326049,0.0,0.0,1,0.0,0.0,0,0,2.59,2.88,0.0,0,0,900,0,5,0,Nacoes Shopping,NS,Alcance | Ritmi Mana Spolini,REACH
2025-11-28 00:00:00,1848504162177105,0.0,0.0,0,0.0,0.0,0,0,0.0,0.0,0.0,0,0,0,0,0,0,Nacoes Shopping,NS,ALC - NATAL 25,REACH
2025-12-07 00:00:00,1849887841738834,0.0,0.02,11,13.36,0.0,0,3,40.07,3.05,0.0,0,0,13120,0,99,0,Nacoes Shopping,NS,ALC - NATAL 25 02,REACH
2025-11-22 00:00:00,1847431714944034,0.0,0.0,0,0.0,0.0,0,0,0.0,0.0,0.0,0,0,0,0,0,0,Nacoes Shopping,NS,Alcance | Giftcard ,REACH
2025-12-03 00:00:00,1847432144410706,0.0,0.0,0,0.0,0.0,0,0,0.0,0.0,0.0,0,0,0,0,0,0,Nacoes Shopping,NS,Alcance | Chillibeans Vini ,REACH
2025-11-13 00:00:00,1847432144410706,0.0,0.0,0,0.0,0.0,0,0,0.0,0.0,0.0,0,0,0,0,0,0,Nacoes Shopping,NS,Alcance | Chillibeans Vini ,REACH
2025-11-14 00:00:00,1847429807403074,0.0,0.0,0,0.0,0.0,0,0,0.0,0.0,0.0,0,0,0,0,0,0,Nacoes Shopping,NS,Visualizações de vídeo | Natal ,VIDEO_VIEWS
2025-12-08 00:00:00,1847431562326049,0.0,0.0,0,0.0,0.0,0,0,0.0,0.0,0.0,0,0,0,0,0,0,Nacoes Shopping,NS,Alcance | Ritmi Mana Spolini,REACH
2025-11-28 00:00:00,1848504928619618,0.0,15.88,0,0.05,0.0,0,702,32.24,7.29,0.0,0,0,4420,0,0,0,Nacoes Shopping,NS,TRAF - NATAL 25,TRAFFIC
2025-11-18 00:00:00,1847431562326049,0.0,0.0,0,0.0,0.0,0,0,0.0,0.0,0.0,0,0,0,0,0,0,Nacoes Shopping,NS,Alcance | Ritmi Mana Spolini,REACH
2025-11-09 00:00:00,1847431714944034,0.0,0.1,4,2.44,0.0,0,5,12.18,2.38,0.0,0,0,5128,0,4,0,Nacoes Shopping,NS,Alcance | Giftcard ,REACH
2025-11-19 00:00:00,1847432144410706,0.0,0.0,0,0.0,0.0,0,0,0.0,0.0,0.0,0,0,0,0,0,0,Nacoes Shopping,NS,Alcance | Chillibeans Vini ,REACH
2025-11-29 00:00:00,1847431714944034,0.0,0.0,0,0.0,0.0,0,0,0.0,0.0,0.0,0,0,0,0,0,0,Nacoes Shopping,NS,Alcance | Giftcard ,REACH
2025-11-15 00:00:00,1848504928619618,0.0,10.34,3,0.06,0.0,1,741,40.9,5.71,0.0,0,0,7169,0,19,0,Nacoes Shopping,NS,TRAF - NATAL 25,TRAFFIC
2025-11-30 00:00:00,1849887841738834,0.0,0.17,3,2.13,0.0,1,18,38.39,3.6,0.0,0,0,10657,0,9,0,Nacoes Shopping,NS,ALC - NATAL 25 02,REACH
2025-12-05 00:00:00,1848504928619618,0.0,12.28,2,0.04,0.0,0,902,37.77,5.14,0.0,0,0,7348,0,52,0,Nacoes Shopping,NS,TRAF - NATAL 25,TRAFFIC
2025-12-03 00:00:00,1849768886744178,0.0,0.0,0,0.0,0.0,0,0,0.0,0.0,0.0,0,0,0,0,0,0,Nacoes Shopping,NS,ALC - BLACK FRIDAY - NS,REACH
2025-11-13 00:00:00,1847431181554881,0.0,0.0,0,0.0,0.0,0,0,0.0,0.0,0.0,0,0,0,0,0,0,Nacoes Shopping,NS,Visualizações de vídeo | Natal 02 ,VIDEO_VIEWS
2025-11-16 00:00:00,1847431714944034,0.0,0.0,0,0.0,0.0,0,0,0.0,0.0,0.0,0,0,0,0,0,0,Nacoes Shopping,NS,Alcance | Giftcard ,REACH
2025-12-08 00:00:00,1850600369247313,0.0,0.0,23,0.0,0.0,5,0,16.83,2.5,0.0,0,0,6726,0,15,0,Nacoes Shopping,NS,ALC - LEGUEIROS,REACH
2025-11-26 00:00:00,1847432144410706,0.0,0.0,0,0.0,0.0,0,0,0.0,0.0,0.0,0,0,0,0,0,0,Nacoes Shopping,NS,Alcance | Chillibeans Vini ,REACH
2025-11-21 00:00:00,1848504162177105,0.0,0.21,6,1.74,0.0,1,19,33.01,3.59,0.0,0,0,9186,0,10,0,Nacoes Shopping,NS,ALC - NATAL 25,REACH
2025-12-08 00:00:00,1849887841738834,0.0,0.2,7,1.4,0.0,2,30,41.95,2.79,0.0,0,0,15027,0,74,0,Nacoes Shopping,NS,ALC - NATAL 25 02,REACH
2025-11-27 00:00:00,1848504928619618,0.0,15.78,0,0.05,0.0,0,680,31.17,7.24,0.0,0,0,4308,0,0,0,Nacoes Shopping,NS,TRAF - NATAL 25,TRAFFIC
2025-11-12 00:00:00,1847431562326049,0.0,0.0,0,0.0,0.0,0,0,0.0,0.0,0.0,0,0,0,0,0,0,Nacoes Shopping,NS,Alcance | Ritmi Mana Spolini,REACH
2025-11-27 00:00:00,1847432144410706,0.0,0.0,0,0.0,0.0,0,0,0.0,0.0,0.0,0,0,0,0,0,0,Nacoes Shopping,NS,Alcance | Chillibeans Vini ,REACH
2025-12-04 00:00:00,1848504928619618,0.0,10.99,1,0.04,0.0,0,1022,42.63,4.59,0.0,0,0,9297,0,60,0,Nacoes Shopping,NS,TRAF - NATAL 25,TRAFFIC
2025-11-14 00:00:00,1848504162177105,0.0,0.14,2,2.53,0.0,0,15,37.95,3.63,0.0,0,0,10467,0,9,0,Nacoes Shopping,NS,ALC - NATAL 25,REACH
2025-11-12 00:00:00,1847431181554881,0.0,0.0,0,0.0,0.0,0,0,0.0,0.0,0.0,0,0,0,0,0,0,Nacoes Shopping,NS,Visualizações de vídeo | Natal 02 ,VIDEO_VIEWS
2025-11-27 00:00:00,1849768886744178,0.0,0.0,10,0.0,0.0,4,0,61.99,3.1,0.0,0,0,19972,0,19,0,Nacoes Shopping,NS,ALC - BLACK FRIDAY - NS,REACH
2025-11-19 00:00:00,1847431562326049,0.0,0.0,0,0.0,0.0,0,0,0.0,0.0,0.0,0,0,0,0,0,0,Nacoes Shopping,NS,Alcance | Ritmi Mana Spolini,REACH
2025-11-20 00:00:00,1848504162177105,0.0,0.18,4,1.98,0.0,0,18,35.65,3.5,0.0,0,0,10174,0,14,0,Nacoes Shopping,NS,ALC - NATAL 25,REACH
2025-11-14 00:00:00,1848504928619618,0.0,20.32,0,0.04,0.0,0,1319,52.44,8.08,0.0,0,0,6490,0,6,0,Nacoes Shopping,NS,TRAF - NATAL 25,TRAFFIC
2025-11-21 00:00:00,1848504928619618,0.0,13.92,0,0.04,0.0,0,810,32.76,5.63,0.0,0,0,5820,0,1,0,Nacoes Shopping,NS,TRAF - NATAL 25,TRAFFIC
2025-11-27 00:00:00,1848504162177105,0.0,0.0,0,0.0,0.0,0,0,0.0,0.0,0.0,0,0,0,0,0,0,Nacoes Shopping,NS,ALC - NATAL 25,REACH
2025-11-15 00:00:00,1847431714944034,0.0,0.0,0,0.0,0.0,0,0,0.0,0.0,0.0,0,0,0,0,0,0,Nacoes Shopping,NS,Alcance | Giftcard ,REACH
2025-11-20 00:00:00,1847432144410706,0.0,0.0,0,0.0,0.0,0,0,0.0,0.0,0.0,0,0,0,0,0,0,Nacoes Shopping,NS,Alcance | Chillibeans Vini ,REACH
2025-12-05 00:00:00,1847431714944034,0.0,0.0,0,0.0,0.0,0,0,0.0,0.0,0.0,0,0,0,0,0,0,Nacoes Shopping,NS,Alcance | Giftcard ,REACH
2025-12-01 00:00:00,1849887841738834,0.0,0.18,2,1.79,0.0,0,22,39.48,3.16,0.0,0,0,12487,0,10,0,Nacoes Shopping,NS,ALC - NATAL 25 02,REACH
2025-12-04 00:00:00,1849768886744178,0.0,0.0,0,0.0,0.0,0,0,0.0,0.0,0.0,0,0,0,0,0,0,Nacoes Shopping,NS,ALC - BLACK FRIDAY - NS,REACH
2025-11-13 00:00:00,1848504162177105,0.0,0.13,7,2.75,0.0,0,14,38.47,3.5,0.0,0,0,11006,0,12,1,Nacoes Shopping,NS,ALC - NATAL 25,REACH
2025-12-03 00:00:00,1848504162177105,0.0,0.0,0,0.0,0.0,0,0,0.0,0.0,0.0,0,0,0,0,0,0,Nacoes Shopping,NS,ALC - NATAL 25,REACH
2025-12-02 00:00:00,1849887841738834,0.0,0.24,6,1.25,0.0,0,33,41.3,3.01,0.0,0,0,13708,0,21,1,Nacoes Shopping,NS,ALC - NATAL 25 02,REACH
2025-12-07 00:00:00,1847431714944034,0.0,0.0,0,0.0,0.0,0,0,0.0,0.0,0.0,0,0,0,0,0,0,Nacoes Shopping,NS,Alcance | Giftcard ,REACH
2025-11-17 00:00:00,1847431714944034,0.0,0.0,0,0.0,0.0,0,0,0.0,0.0,0.0,0,0,0,0,0,0,Nacoes Shopping,NS,Alcance | Giftcard ,REACH
2025-11-18 00:00:00,1847432144410706,0.0,0.0,0,0.0,0.0,0,0,0.0,0.0,0.0,0,0,0,0,0,0,Nacoes Shopping,NS,Alcance | Chillibeans Vini ,REACH
2025-12-08 00:00:00,1847432144410706,0.0,0.0,0,0.0,0.0,0,0,0.0,0.0,0.0,0,0,0,0,0,0,Nacoes Shopping,NS,Alcance | Chillibeans Vini ,REACH
2025-12-03 00:00:00,1847431562326049,0.0,0.0,0,0.0,0.0,0,0,0.0,0.0,0.0,0,0,0,0,0,0,Nacoes Shopping,NS,Alcance | Ritmi Mana Spolini,REACH
2025-11-23 00:00:00,1848504928619618,0.0,12.34,0,0.04,0.0,0,882,33.32,4.66,0.0,0,0,7148,0,0,0,Nacoes Shopping,NS,TRAF - NATAL 25,TRAFFIC
2025-11-13 00:00:00,1847431562326049,0.0,0.0,0,0.0,0.0,0,0,0.0,0.0,0.0,0,0,0,0,0,0,Nacoes Shopping,NS,Alcance | Ritmi Mana Spolini,REACH
2025-11-24 00:00:00,1847431714944034,0.0,0.0,0,0.0,0.0,0,0,0.0,0.0,0.0,0,0,0,0,0,0,Nacoes Shopping,NS,Alcance | Giftcard ,REACH
2025-11-30 00:00:00,1848504928619618,0.0,17.66,0,0.03,0.0,0,997,31.57,5.59,0.0,0,0,5644,0,0,0,Nacoes Shopping,NS,TRAF - NATAL 25,TRAFFIC
2025-11-28 00:00:00,1849768886744178,0.0,0.0,9,0.0,0.0,2,0,61.37,3.42,0.0,0,0,17930,0,13,2,Nacoes Shopping,NS,ALC - BLACK FRIDAY - NS,REACH
2025-11-20 00:00:00,1847431562326049,0.0,0.0,0,0.0,0.0,0,0,0.0,0.0,0.0,0,0,0,0,0,0,Nacoes Shopping,NS,Alcance | Ritmi Mana Spolini,REACH
2025-11-11 00:00:00,1847432144410706,0.0,0.0,0,0.0,0.0,0,0,2.46,2.73,0.0,0,0,902,0,0,0,Nacoes Shopping,NS,Alcance | Chillibeans Vini ,REACH
2025-11-11 00:00:00,1847431714944034,0.0,0.08,0,3.37,0.0,1,1,3.37,2.77,0.0,0,0,1216,0,0,0,Nacoes Shopping,NS,Alcance | Giftcard ,REACH
2025-12-01 00:00:00,1847432144410706,0.0,0.0,0,0.0,0.0,0,0,0.0,0.0,0.0,0,0,0,0,0,0,Nacoes Shopping,NS,Alcance | Chillibeans Vini ,REACH
2025-12-01 00:00:00,1847431714944034,0.0,0.0,0,0.0,0.0,0,0,0.0,0.0,0.0,0,0,0,0,0,0,Nacoes Shopping,NS,Alcance | Giftcard ,REACH
2025-11-26 00:00:00,1848504162177105,0.0,0.03,2,12.73,0.0,0,1,12.73,3.71,0.0,0,0,3427,0,1,0,Nacoes Shopping,NS,ALC - NATAL 25,REACH
2025-12-03 00:00:00,1849887841738834,0.0,0.18,9,1.36,0.0,1,31,42.08,2.48,0.0,0,0,16939,1,17,0,Nacoes Shopping,NS,ALC - NATAL 25 02,REACH
2025-11-27 00:00:00,1847431562326049,0.0,0.0,0,0.0,0.0,0,0,0.0,0.0,0.0,0,0,0,0,0,0,Nacoes Shopping,NS,Alcance | Ritmi Mana Spolini,REACH
2025-11-22 00:00:00,1848504928619618,0.0,14.53,0,0.04,0.0,0,830,31.86,5.58,0.0,0,0,5712,0,0,0,Nacoes Shopping,NS,TRAF - NATAL 25,TRAFFIC
2025-11-12 00:00:00,1847432144410706,0.0,0.0,0,0.0,0.0,0,0,0.0,0.0,0.0,0,0,0,0,0,0,Nacoes Shopping,NS,Alcance | Chillibeans Vini ,REACH
2025-12-02 00:00:00,1847432144410706,0.0,0.0,0,0.0,0.0,0,0,0.0,0.0,0.0,0,0,0,0,0,0,Nacoes Shopping,NS,Alcance | Chillibeans Vini ,REACH
2025-12-06 00:00:00,1849768886744178,0.0,0.0,0,0.0,0.0,0,0,0.0,0.0,0.0,0,0,0,0,0,0,Nacoes Shopping,NS,ALC - BLACK FRIDAY - NS,REACH
2025-11-19 00:00:00,1848504162177105,0.0,0.16,6,2.23,0.0,1,16,35.73,3.58,0.0,0,0,9969,0,9,0,Nacoes Shopping,NS,ALC - NATAL 25,REACH
2025-12-04 00:00:00,1847431562326049,0.0,0.0,0,0.0,0.0,0,0,0.0,0.0,0.0,0,0,0,0,0,0,Nacoes Shopping,NS,Alcance | Ritmi Mana Spolini,REACH
2025-11-14 00:00:00,1847431562326049,0.0,0.0,0,0.0,0.0,0,0,0.0,0.0,0.0,0,0,0,0,0,0,Nacoes Shopping,NS,Alcance | Ritmi Mana Spolini,REACH
2025-11-25 00:00:00,1848504162177105,0.0,0.2,9,1.87,0.0,2,14,26.2,3.73,0.0,0,0,7031,0,8,0,Nacoes Shopping,NS,ALC - NATAL 25,REACH
2025-11-29 00:00:00,1848504928619618,0.0,15.72,0,0.04,0.0,0,864,33.17,6.03,0.0,0,0,5497,0,0,0,Nacoes Shopping,NS,TRAF - NATAL 25,TRAFFIC
2025-12-04 00:00:00,1850600369247313,0.0,0.0,15,0.0,0.0,8,0,8.45,1.9,0.0,0,0,4457,0,15,0,Nacoes Shopping,NS,ALC - LEGUEIROS,REACH
2025-11-16 00:00:00,1848504928619618,0.0,15.04,1,0.04,0.0,0,1038,44.71,6.48,0.0,0,0,6903,0,10,0,Nacoes Shopping,NS,TRAF - NATAL 25,TRAFFIC
2025-12-02 00:00:00,1848504162177105,0.0,0.0,0,0.0,0.0,0,0,0.0,0.0,0.0,0,0,0,0,0,0,Nacoes Shopping,NS,ALC - NATAL 25,REACH
2025-12-06 00:00:00,1848504928619618,0.0,14.28,1,0.04,0.0,0,1016,41.71,5.86,0.0,0,0,7114,0,59,0,Nacoes Shopping,NS,TRAF - NATAL 25,TRAFFIC
2025-11-12 00:00:00,1848504162177105,0.0,0.18,3,1.83,0.0,2,21,38.42,3.28,0.0,0,0,11709,0,17,1,Nacoes Shopping,NS,ALC - NATAL 25,REACH
2025-11-10 00:00:00,1847431714944034,0.0,0.18,4,1.38,0.0,1,9,12.38,2.49,0.0,0,0,4977,0,6,0,Nacoes Shopping,NS,Alcance | Giftcard ,REACH
2025-11-25 00:00:00,1847432144410706,0.0,0.0,0,0.0,0.0,0,0,0.0,0.0,0.0,0,0,0,0,0,0,Nacoes Shopping,NS,Alcance | Chillibeans Vini ,REACH
2025-11-26 00:00:00,1849887841738834,0.0,0.1,0,2.55,0.0,0,5,12.75,2.67,0.0,0,0,4780,0,3,0,Nacoes Shopping,NS,ALC - NATAL 25 02,REACH
2025-11-14 00:00:00,1847431181554881,0.0,0.0,0,0.0,0.0,0,0,0.0,0.0,0.0,0,0,0,0,0,0,Nacoes Shopping,NS,Visualizações de vídeo | Natal 02 ,VIDEO_VIEWS
2025-11-29 00:00:00,1849768886744178,0.0,0.0,9,0.0,0.0,1,0,58.66,3.26,0.0,0,0,17967,6,10,0,Nacoes Shopping,NS,ALC - BLACK FRIDAY - NS,REACH
2025-11-21 00:00:00,1847431562326049,0.0,0.0,0,0.0,0.0,0,0,0.0,0.0,0.0,0,0,0,0,0,0,Nacoes Shopping,NS,Alcance | Ritmi Mana Spolini,REACH
2025-12-08 00:00:00,1848504162177105,0.0,0.0,0,0.0,0.0,0,0,0.0,0.0,0.0,0,0,0,0,0,0,Nacoes Shopping,NS,ALC - NATAL 25,REACH
2025-11-18 00:00:00,1848504162177105,0.0,0.14,6,2.52,0.0,0,13,32.79,3.6,0.0,0,0,9113,0,12,0,Nacoes Shopping,NS,ALC - NATAL 25,REACH
2025-11-12 00:00:00,1847431714944034,0.0,0.0,0,0.0,0.0,0,0,0.0,0.0,0.0,0,0,0,0,0,0,Nacoes Shopping,NS,Alcance | Giftcard ,REACH
2025-11-27 00:00:00,1849887841738834,0.0,0.15,8,2.42,0.0,0,16,38.74,3.65,0.0,0,0,10621,0,9,0,Nacoes Shopping,NS,ALC - NATAL 25 02,REACH
2025-12-02 00:00:00,1847431714944034,0.0,0.0,0,0.0,0.0,0,0,0.0,0.0,0.0,0,0,0,0,0,0,Nacoes Shopping,NS,Alcance | Giftcard ,REACH
2025-11-30 00:00:00,1849768886744178,0.0,0.0,3,0.0,0.0,0,0,9.73,3.12,0.0,0,0,3121,0,3,0,Nacoes Shopping,NS,ALC - BLACK FRIDAY - NS,REACH
2025-12-04 00:00:00,1849887841738834,0.0,0.1,5,2.67,0.0,1,15,40.06,2.59,0.0,0,0,15454,0,84,2,Nacoes Shopping,NS,ALC - NATAL 25 02,REACH
2025-12-08 00:00:00,1848504928619618,0.0,13.45,2,0.04,0.0,0,1027,40.66,5.32,0.0,0,0,7636,0,45,0,Nacoes Shopping,NS,TRAF - NATAL 25,TRAFFIC
2025-11-18 00:00:00,1848504928619618,0.0,10.21,3,0.07,0.0,0,611,41.14,6.87,0.0,0,0,5987,0,15,0,Nacoes Shopping,NS,TRAF - NATAL 25,TRAFFIC
2025-11-09 00:00:00,1847432144410706,0.0,0.0,0,0.0,0.0,0,0,8.86,2.28,0.0,0,0,3891,0,8,0,Nacoes Shopping,NS,Alcance | Chillibeans Vini ,REACH
2025-11-19 00:00:00,1847431714944034,0.0,0.0,0,0.0,0.0,0,0,0.0,0.0,0.0,0,0,0,0,0,0,Nacoes Shopping,NS,Alcance | Giftcard ,REACH
2025-11-29 00:00:00,1847432144410706,0.0,0.0,0,0.0,0.0,0,0,0.0,0.0,0.0,0,0,0,0,0,0,Nacoes Shopping,NS,Alcance | Chillibeans Vini ,REACH
2025-11-25 00:00:00,1848504928619618,0.0,15.23,0,0.04,0.0,0,776,32.63,6.4,0.0,0,0,5095,0,0,0,Nacoes Shopping,NS,TRAF - NATAL 25,TRAFFIC
2025-12-05 00:00:00,1847431562326049,0.0,0.0,0,0.0,0.0,0,0,0.0,0.0,0.0,0,0,0,0,0,0,Nacoes Shopping,NS,Alcance | Ritmi Mana Spolini,REACH
2025-11-15 00:00:00,1847431562326049,0.0,0.0,0,0.0,0.0,0,0,0.0,0.0,0.0,0,0,0,0,0,0,Nacoes Shopping,NS,Alcance | Ritmi Mana Spolini,REACH
2025-11-26 00:00:00,1847431714944034,0.0,0.0,0,0.0,0.0,0,0,0.0,0.0,0.0,0,0,0,0,0,0,Nacoes Shopping,NS,Alcance | Giftcard ,REACH
2025-11-16 00:00:00,1847432144410706,0.0,0.0,0,0.0,0.0,0,0,0.0,0.0,0.0,0,0,0,0,0,0,Nacoes Shopping,NS,Alcance | Chillibeans Vini ,REACH
2025-12-01 00:00:00,1848504162177105,0.0,0.0,0,0.0,0.0,0,0,0.0,0.0,0.0,0,0,0,0,0,0,Nacoes Shopping,NS,ALC - NATAL 25,REACH
2025-11-11 00:00:00,1848504162177105,0.0,0.12,3,2.72,0.0,0,10,27.19,3.39,0.0,0,0,8013,0,11,0,Nacoes Shopping,NS,ALC - NATAL 25,REACH
2025-11-28 00:00:00,1849887841738834,0.0,0.17,6,2.31,0.0,0,14,32.27,4.0,0.0,0,0,8077,0,9,0,Nacoes Shopping,NS,ALC - NATAL 25 02,REACH
2025-11-22 00:00:00,1847431562326049,0.0,0.0,0,0.0,0.0,0,0,0.0,0.0,0.0,0,0,0,0,0,0,Nacoes Shopping,NS,Alcance | Ritmi Mana Spolini,REACH
2025-12-07 00:00:00,1848504928619618,0.0,12.75,0,0.04,0.0,0,845,37.65,5.68,0.0,0,0,6626,0,64,0,Nacoes Shopping,NS,TRAF - NATAL 25,TRAFFIC
2025-11-17 00:00:00,1848504928619618,0.0,15.57,1,0.04,0.0,0,1017,41.72,6.39,0.0,0,0,6531,0,7,0,Nacoes Shopping,NS,TRAF - NATAL 25,TRAFFIC
2025-11-17 00:00:00,1847432144410706,0.0,0.0,0,0.0,0.0,0,0,0.0,0.0,0.0,0,0,0,0,0,0,Nacoes Shopping,NS,Alcance | Chillibeans Vini ,REACH
2025-12-07 00:00:00,1847432144410706,0.0,0.0,0,0.0,0.0,0,0,0.0,0.0,0.0,0,0,0,0,0,0,Nacoes Shopping,NS,Alcance | Chillibeans Vini ,REACH
2025-12-08 00:00:00,1847431714944034,0.0,0.0,0,0.0,0.0,0,0,0.0,0.0,0.0,0,0,0,0,0,0,Nacoes Shopping,NS,Alcance | Giftcard ,REACH
2025-12-01 00:00:00,1849768886744178,0.0,0.0,0,0.0,0.0,0,0,0.0,0.0,0.0,0,0,0,0,0,0,Nacoes Shopping,NS,ALC - BLACK FRIDAY - NS,REACH
2025-11-24 00:00:00,1848504162177105,0.0,0.2,1,1.82,0.0,0,16,29.1,3.68,0.0,0,0,7915,0,8,0,Nacoes Shopping,NS,ALC - NATAL 25,REACH
2025-12-05 00:00:00,1850600369247313,0.0,0.0,21,0.0,0.0,5,0,15.03,2.25,0.0,0,0,6668,0,16,0,Nacoes Shopping,NS,ALC - LEGUEIROS,REACH
2025-11-18 00:00:00,1847431714944034,0.0,0.0,0,0.0,0.0,0,0,0.0,0.0,0.0,0,0,0,0,0,0,Nacoes Shopping,NS,Alcance | Giftcard ,REACH
2025-12-07 00:00:00,1849768886744178,0.0,0.0,0,0.0,0.0,0,0,0.0,0.0,0.0,0,0,0,0,0,0,Nacoes Shopping,NS,ALC - BLACK FRIDAY - NS,REACH
2025-11-09 00:00:00,1847431562326049,0.0,0.0,5,0.0,0.0,2,0,8.79,2.45,0.0,0,0,3588,0,3,0,Nacoes Shopping,NS,Alcance | Ritmi Mana Spolini,REACH
2025-11-30 00:00:00,1848504162177105,0.0,0.0,0,0.0,0.0,0,0,0.0,0.0,0.0,0,0,0,0,0,0,Nacoes Shopping,NS,ALC - NATAL 25,REACH
2025-11-24 00:00:00,1848504928619618,0.0,16.55,0,0.04,0.0,0,834,33.22,6.59,0.0,0,0,5039,0,0,0,Nacoes Shopping,NS,TRAF - NATAL 25,TRAFFIC
2025-11-11 00:00:00,1848504928619618,0.0,10.83,1,0.05,0.0,0,864,45.26,5.67,0.0,0,0,7978,0,5,0,Nacoes Shopping,NS,TRAF - NATAL 25,TRAFFIC
2025-12-07 00:00:00,1848504162177105,0.0,0.0,0,0.0,0.0,0,0,0.0,0.0,0.0,0,0,0,0,0,0,Nacoes Shopping,NS,ALC - NATAL 25,REACH
2025-12-01 00:00:00,1848504928619618,0.0,13.28,0,0.03,0.0,0,946,29.65,4.16,0.0,0,0,7122,0,0,0,Nacoes Shopping,NS,TRAF - NATAL 25,TRAFFIC
2025-11-17 00:00:00,1848504162177105,0.0,0.21,4,1.78,0.0,0,20,35.51,3.72,0.0,0,0,9540,0,7,0,Nacoes Shopping,NS,ALC - NATAL 25,REACH
2025-11-10 00:00:00,1847432144410706,0.0,0.0,1,0.0,0.0,0,0,8.48,2.41,0.0,0,0,3520,0,2,0,Nacoes Shopping,NS,Alcance | Chillibeans Vini ,REACH
2025-11-25 00:00:00,1847431714944034,0.0,0.0,0,0.0,0.0,0,0,0.0,0.0,0.0,0,0,0,0,0,0,Nacoes Shopping,NS,Alcance | Giftcard ,REACH
2025-11-09 00:00:00,1847431181554881,0.0,0.0,12,0.0,0.0,5,0,10.36,4.2,0.0,0,0,2464,0,6,0,Nacoes Shopping,NS,Visualizações de vídeo | Natal 02 ,VIDEO_VIEWS
2025-11-16 00:00:00,1847431562326049,0.0,0.0,0,0.0,0.0,0,0,0.0,0.0,0.0,0,0,0,0,0,0,Nacoes Shopping,NS,Alcance | Ritmi Mana Spolini,REACH
2025-11-23 00:00:00,1848504162177105,0.0,0.19,6,1.79,0.0,1,18,32.26,3.49,0.0,0,0,9241,0,6,1,Nacoes Shopping,NS,ALC - NATAL 25,REACH
2025-11-27 00:00:00,1847431714944034,0.0,0.0,0,0.0,0.0,0,0,0.0,0.0,0.0,0,0,0,0,0,0,Nacoes Shopping,NS,Alcance | Giftcard ,REACH
2025-11-25 00:00:00,1849768886744178,0.0,0.0,9,0.0,0.0,1,0,46.17,2.69,0.0,0,0,17149,0,11,0,Nacoes Shopping,NS,ALC - BLACK FRIDAY - NS,REACH
2025-12-06 00:00:00,1850600369247313,0.0,0.0,17,0.0,0.0,11,0,15.76,2.57,0.0,0,0,6124,2,27,0,Nacoes Shopping,NS,ALC - LEGUEIROS,REACH
2025-11-29 00:00:00,1849887841738834,0.0,0.21,5,1.84,0.0,1,20,36.8,3.85,0.0,0,0,9565,0,6,1,Nacoes Shopping,NS,ALC - NATAL 25 02,REACH
2025-11-11 00:00:00,1847431181554881,0.0,0.0,4,0.0,0.0,2,0,5.31,6.23,0.0,0,0,853,2,7,0,Nacoes Shopping,NS,Visualizações de vídeo | Natal 02 ,VIDEO_VIEWS
2025-11-09 00:00:00,1847429807403074,0.0,0.0,0,0.0,0.0,0,0,0.0,0.0,0.0,0,0,0,0,0,0,Nacoes Shopping,NS,Visualizações de vídeo | Natal ,VIDEO_VIEWS
2025-12-03 00:00:00,1848504928619618,0.0,14.43,0,0.03,0.0,0,993,34.21,4.97,0.0,0,0,6881,0,4,0,Nacoes Shopping,NS,TRAF - NATAL 25,TRAFFIC
2025-11-23 00:00:00,1847431562326049,0.0,0.0,0,0.0,0.0,0,0,0.0,0.0,0.0,0,0,0,0,0,0,Nacoes Shopping,NS,Alcance | Ritmi Mana Spolini,REACH
2025-11-13 00:00:00,1848504928619618,0.0,16.53,0,0.04,0.0,0,1213,49.3,6.72,0.0,0,0,7338,0,1,0,Nacoes Shopping,NS,TRAF - NATAL 25,TRAFFIC
2025-11-14 00:00:00,1847432144410706,0.0,0.0,0,0.0,0.0,0,0,0.0,0.0,0.0,0,0,0,0,0,0,Nacoes Shopping,NS,Alcance | Chillibeans Vini ,REACH
2025-12-04 00:00:00,1847431714944034,0.0,0.0,0,0.0,0.0,0,0,0.0,0.0,0.0,0,0,0,0,0,0,Nacoes Shopping,NS,Alcance | Giftcard ,REACH
2025-11-14 00:00:00,1847431714944034,0.0,0.0,0,0.0,0.0,0,0,0.0,0.0,0.0,0,0,0,0,0,0,Nacoes Shopping,NS,Alcance | Giftcard ,REACH
2025-12-05 00:00:00,1849887841738834,0.0,0.02,7,12.88,0.0,1,3,38.64,2.8,0.0,0,0,13792,0,102,2,Nacoes Shopping,NS,ALC - NATAL 25 02,REACH
2025-11-20 00:00:00,1848504928619618,0.0,16.55,0,0.05,0.0,0,852,38.84,7.55,0.0,0,0,5147,0,10,0,Nacoes Shopping,NS,TRAF - NATAL 25,TRAFFIC
2025-12-08 00:00:00,1849768886744178,0.0,0.0,0,0.0,0.0,0,0,0.0,0.0,0.0,0,0,0,0,0,0,Nacoes Shopping,NS,ALC - BLACK FRIDAY - NS,REACH
2025-11-18 00:00:00,1847431181554881,0.0,0.0,0,0.0,0.0,0,0,0.0,0.0,0.0,0,0,0,0,0,0,Nacoes Shopping,NS,Visualizações de vídeo | Natal 02 ,VIDEO_VIEWS
2025-11-10 00:00:00,1847431562326049,0.0,0.0,4,0.0,0.0,1,0,9.15,2.59,0.0,0,0,3539,0,14,0,Nacoes Shopping,NS,Alcance | Ritmi Mana Spolini,REACH
2025-11-21 00:00:00,1847431714944034,0.0,0.0,0,0.0,0.0,0,0,0.0,0.0,0.0,0,0,0,0,0,0,Nacoes Shopping,NS,Alcance | Giftcard ,REACH
2025-11-21 00:00:00,1847432144410706,0.0,0.0,0,0.0,0.0,0,0,0.0,0.0,0.0,0,0,0,0,0,0,Nacoes Shopping,NS,Alcance | Chillibeans Vini ,REACH
2025-11-16 00:00:00,1848504162177105,0.0,0.2,6,1.8,0.0,1,20,36.08,3.63,0.0,0,0,9942,0,9,0,Nacoes Shopping,NS,ALC - NATAL 25,REACH
2025-11-12 00:00:00,1848504928619618,0.0,12.92,0,0.05,0.0,0,916,41.89,5.91,0.0,0,0,7092,0,7,0,Nacoes Shopping,NS,TRAF - NATAL 25,TRAFFIC
2025-12-07 00:00:00,1850600369247313,0.0,0.0,25,0.0,0.0,4,0,16.61,2.53,0.0,0,0,6569,0,17,0,Nacoes Shopping,NS,ALC - LEGUEIROS,REACH
2025-11-10 00:00:00,1847431181554881,0.0,0.0,24,0.0,0.0,4,0,11.47,4.34,0.0,0,0,2644,1,5,0,Nacoes Shopping,NS,Visualizações de vídeo | Natal 02 ,VIDEO_VIEWS
2025-12-07 00:00:00,1847431562326049,0.0,0.0,0,0.0,0.0,0,0,0.0,0.0,0.0,0,0,0,0,0,0,Nacoes Shopping,NS,Alcance | Ritmi Mana Spolini,REACH
2025-12-02 00:00:00,1848504928619618,0.0,16.76,0,0.03,0.0,0,1007,31.45,5.24,0.0,0,0,6007,0,0,0,Nacoes Shopping,NS,TRAF - NATAL 25,TRAFFIC
2025-11-22 00:00:00,1847432144410706,0.0,0.0,0,0.0,0.0,0,0,0.0,0.0,0.0,0,0,0,0,0,0,Nacoes Shopping,NS,Alcance | Chillibeans Vini ,REACH
2025-11-17 00:00:00,1847431562326049,0.0,0.0,0,0.0,0.0,0,0,0.0,0.0,0.0,0,0,0,0,0,0,Nacoes Shopping,NS,Alcance | Ritmi Mana Spolini,REACH
2025-12-03 00:00:00,1847431714944034,0.0,0.0,0,0.0,0.0,0,0,0.0,0.0,0.0,0,0,0,0,0,0,Nacoes Shopping,NS,Alcance | Giftcard ,REACH
2025-11-26 00:00:00,1849768886744178,0.0,0.0,4,0.0,0.0,1,0,62.08,2.74,0.0,0,0,22632,0,22,0,Nacoes Shopping,NS,ALC - BLACK FRIDAY - NS,REACH
2025-11-10 00:00:00,1847429807403074,0.0,0.0,0,0.0,0.0,0,0,0.0,0.0,0.0,0,0,0,0,0,0,Nacoes Shopping,NS,Visualizações de vídeo | Natal ,VIDEO_VIEWS
2025-11-29 00:00:00,1848504162177105,0.0,0.0,0,0.0,0.0,0,0,0.0,0.0,0.0,0,0,0,0,0,0,Nacoes Shopping,NS,ALC - NATAL 25,REACH
2025-11-13 00:00:00,1847431714944034,0.0,0.0,0,0.0,0.0,0,0,0.0,0.0,0.0,0,0,0,0,0,0,Nacoes Shopping,NS,Alcance | Giftcard ,REACH
2025-12-02 00:00:00,1849768886744178,0.0,0.0,0,0.0,0.0,0,0,0.0,0.0,0.0,0,0,0,0,0,0,Nacoes Shopping,NS,ALC - BLACK FRIDAY - NS,REACH
2025-11-15 00:00:00,1848504162177105,0.0,0.15,1,2.41,0.0,0,15,36.17,3.71,0.0,0,0,9752,0,10,0,Nacoes Shopping,NS,ALC - NATAL 25,REACH
2025-11-19 00:00:00,1848504928619618,0.0,19.21,1,0.05,0.0,0,870,41.52,9.17,0.0,0,0,4530,0,19,0,Nacoes Shopping,NS,TRAF - NATAL 25,TRAFFIC
2025-12-05 00:00:00,1848504162177105,0.0,0.0,0,0.0,0.0,0,0,0.0,0.0,0.0,0,0,0,0,0,0,Nacoes Shopping,NS,ALC - NATAL 25,REACH
2025-11-26 00:00:00,1848504928619618,0.0,16.39,0,0.04,0.0,0,805,33.02,6.72,0.0,0,0,4912,0,0,0,Nacoes Shopping,NS,TRAF - NATAL 25,TRAFFIC
2025-11-22 00:00:00,1848504162177105,0.0,0.14,4,2.5,0.0,1,13,32.54,3.61,0.0,0,0,9006,0,9,0,Nacoes Shopping,NS,ALC - NATAL 25,REACH
2025-11-15 00:00:00,1847432144410706,0.0,0.0,0,0.0,0.0,0,0,0.0,0.0,0.0,0,0,0,0,0,0,Nacoes Shopping,NS,Alcance | Chillibeans Vini ,REACH
2025-11-20 00:00:00,1847431714944034,0.0,0.0,0,0.0,0.0,0,0,0.0,0.0,0.0,0,0,0,0,0,0,Nacoes Shopping,NS,Alcance | Giftcard ,REACH
2025-12-06 00:00:00,1849887841738834,0.0,0.02,6,19.9,0.0,1,2,39.8,3.11,0.0,0,0,12795,1,100,0,Nacoes Shopping,NS,ALC - NATAL 25 02,REACH
2025-12-01 00:00:00,1847431562326049,0.0,0.0,0,0.0,0.0,0,0,0.0,0.0,0.0,0,0,0,0,0,0,Nacoes Shopping,NS,Alcance | Ritmi Mana Spolini,REACH
2025-12-18 00:00:00,1848504162177105,0.0,0.0,0,0.0,0.0,0,0,0.0,0.0,0.0,0,0,0,0,0,0,Nacoes Shopping,NS,ALC - NATAL 25,REACH
2026-01-03 00:00:00,1849887841738834,0.0,0.0,0,0.0,0.0,0,0,0.0,0.0,0.0,0,0,2,0,0,0,Nacoes Shopping,NS,ALC - NATAL 25 02,REACH
2026-01-07 00:00:00,1848504162177105,0.0,0.0,0,0.0,0.0,0,0,0.0,0.0,0.0,0,0,0,0,0,0,Nacoes Shopping,NS,ALC - NATAL 25,REACH
2025-12-14 00:00:00,1849887841738834,0.0,0.22,18,1.12,0.0,4,36,40.22,2.43,0.0,0,0,16563,0,41,0,Nacoes Shopping,NS,ALC - NATAL 25 02,REACH
2025-12-10 00:00:00,1849768886744178,0.0,0.0,0,0.0,0.0,0,0,0.0,0.0,0.0,0,0,0,0,0,0,Nacoes Shopping,NS,ALC - BLACK FRIDAY - NS,REACH
2025-12-27 00:00:00,1849887841738834,0.0,0.11,15,2.02,0.0,2,18,36.41,2.31,0.0,0,0,15761,1,80,0,Nacoes Shopping,NS,ALC - NATAL 25 02,REACH
2025-12-21 00:00:00,1850600369247313,0.0,0.0,10,0.0,0.0,3,0,13.48,2.18,0.0,0,0,6195,0,11,0,Nacoes Shopping,NS,ALC - LEGUEIROS,REACH
2026-01-06 00:00:00,1849768886744178,0.0,0.0,0,0.0,0.0,0,0,0.0,0.0,0.0,0,0,0,0,0,0,Nacoes Shopping,NS,ALC - BLACK FRIDAY - NS,REACH
2026-01-07 00:00:00,1848504928619618,0.0,0.0,0,0.0,0.0,0,0,0.0,0.0,0.0,0,0,2,0,0,0,Nacoes Shopping,NS,TRAF - NATAL 25,TRAFFIC
2025-12-18 00:00:00,1848504928619618,0.0,12.49,-1,0.04,0.0,0,826,30.66,4.64,0.0,0,0,6611,0,114,0,Nacoes Shopping,NS,TRAF - NATAL 25,TRAFFIC
2025-12-15 00:00:00,1850600369247313,0.0,0.0,15,0.0,0.0,2,0,14.58,2.11,0.0,0,0,6906,0,13,0,Nacoes Shopping,NS,ALC - LEGUEIROS,REACH
2025-12-31 00:00:00,1848504162177105,0.0,0.0,0,0.0,0.0,0,0,0.0,0.0,0.0,0,0,0,0,0,0,Nacoes Shopping,NS,ALC - NATAL 25,REACH
2026-01-04 00:00:00,1850600369247313,0.0,0.0,0,0.0,0.0,0,0,0.0,0.0,0.0,0,0,0,0,0,0,Nacoes Shopping,NS,ALC - LEGUEIROS,REACH
2025-12-25 00:00:00,1848504928619618,0.0,12.88,0,0.03,0.0,0,1045,31.57,3.89,0.0,0,0,8111,0,26,0,Nacoes Shopping,NS,TRAF - NATAL 25,TRAFFIC
2025-12-29 00:00:00,1847432144410706,0.0,0.0,0,0.0,0.0,0,0,0.0,0.0,0.0,0,0,0,0,0,0,Nacoes Shopping,NS,Alcance | Chillibeans Vini ,REACH
2025-12-23 00:00:00,1847431181554881,0.0,0.0,0,0.0,0.0,0,0,0.0,0.0,0.0,0,0,0,0,0,0,Nacoes Shopping,NS,Visualizações de vídeo | Natal 02 ,VIDEO_VIEWS
2025-12-15 00:00:00,1847431562326049,0.0,0.0,0,0.0,0.0,0,0,0.0,0.0,0.0,0,0,0,0,0,0,Nacoes Shopping,NS,Alcance | Ritmi Mana Spolini,REACH
2025-12-20 00:00:00,1849887841738834,0.0,0.03,10,9.16,0.0,1,4,36.63,2.9,0.0,0,0,12651,0,80,0,Nacoes Shopping,NS,ALC - NATAL 25 02,REACH
2025-12-28 00:00:00,1850600369247313,0.0,0.0,16,0.0,0.0,4,0,9.24,1.6,0.0,0,0,5769,1,12,0,Nacoes Shopping,NS,ALC - LEGUEIROS,REACH
2025-12-11 00:00:00,1848504162177105,0.0,0.0,0,0.0,0.0,0,0,0.0,0.0,0.0,0,0,0,0,0,0,Nacoes Shopping,NS,ALC - NATAL 25,REACH
2025-12-22 00:00:00,1850600369247313,0.0,0.0,12,0.0,0.0,5,0,12.48,2.13,0.0,0,0,5864,0,7,2,Nacoes Shopping,NS,ALC - LEGUEIROS,REACH
2025-12-17 00:00:00,1848504928619618,0.0,9.64,5,0.04,0.0,0,832,31.67,3.67,0.0,0,0,8635,0,118,0,Nacoes Shopping,NS,TRAF - NATAL 25,TRAFFIC
2026-01-06 00:00:00,1848504928619618,0.0,0.0,0,0.0,0.0,0,0,0.0,0.0,0.0,0,0,0,0,0,0,Nacoes Shopping,NS,TRAF - NATAL 25,TRAFFIC
2025-12-24 00:00:00,1848504928619618,0.0,8.76,2,0.04,0.0,0,859,30.34,3.1,0.0,0,0,9801,0,71,0,Nacoes Shopping,NS,TRAF - NATAL 25,TRAFFIC
2025-12-28 00:00:00,1849887841738834,0.0,0.13,10,1.78,0.0,4,20,35.68,2.32,0.0,0,0,15360,0,87,0,Nacoes Shopping,NS,ALC - NATAL 25 02,REACH
2025-12-11 00:00:00,1849768886744178,0.0,0.0,0,0.0,0.0,0,0,0.0,0.0,0.0,0,0,0,0,0,0,Nacoes Shopping,NS,ALC - BLACK FRIDAY - NS,REACH
2025-12-18 00:00:00,1847431714944034,0.0,0.0,0,0.0,0.0,0,0,0.0,0.0,0.0,0,0,0,0,0,0,Nacoes Shopping,NS,Alcance | Giftcard ,REACH
2025-12-21 00:00:00,1849887841738834,0.0,0.06,14,4.64,0.0,2,8,37.12,2.69,0.0,0,0,13809,0,102,0,Nacoes Shopping,NS,ALC - NATAL 25 02,REACH
2025-12-17 00:00:00,1849768886744178,0.0,0.0,0,0.0,0.0,0,0,0.0,0.0,0.0,0,0,0,0,0,0,Nacoes Shopping,NS,ALC - BLACK FRIDAY - NS,REACH
2025-12-09 00:00:00,1850600369247313,0.0,0.0,23,0.0,0.0,7,0,16.08,2.35,0.0,0,0,6852,1,14,0,Nacoes Shopping,NS,ALC - LEGUEIROS,REACH
2025-12-10 00:00:00,1848504162177105,0.0,0.0,0,0.0,0.0,0,0,0.0,0.0,0.0,0,0,0,0,0,0,Nacoes Shopping,NS,ALC - NATAL 25,REACH
2025-12-29 00:00:00,1850600369247313,0.0,0.0,12,0.0,0.0,3,0,8.24,1.59,0.0,0,0,5171,1,14,0,Nacoes Shopping,NS,ALC - LEGUEIROS,REACH
2025-12-30 00:00:00,1848504162177105,0.0,0.0,0,0.0,0.0,0,0,0.0,0.0,0.0,0,0,0,0,0,0,Nacoes Shopping,NS,ALC - NATAL 25,REACH
2025-12-24 00:00:00,1849768886744178,0.0,0.0,0,0.0,0.0,0,0,0.0,0.0,0.0,0,0,0,0,0,0,Nacoes Shopping,NS,ALC - BLACK FRIDAY - NS,REACH
2025-12-11 00:00:00,1848504928619618,0.0,11.74,4,0.05,0.0,2,725,36.93,5.98,0.0,0,0,6175,0,100,0,Nacoes Shopping,NS,TRAF - NATAL 25,TRAFFIC
2026-01-06 00:00:00,1848504162177105,0.0,0.0,0,0.0,0.0,0,0,0.0,0.0,0.0,0,0,0,0,0,0,Nacoes Shopping,NS,ALC - NATAL 25,REACH
2025-12-31 00:00:00,1848504928619618,0.0,15.04,0,0.02,0.0,0,1087,21.63,2.99,0.0,0,0,7226,0,23,0,Nacoes Shopping,NS,TRAF - NATAL 25,TRAFFIC
2025-12-29 00:00:00,1849887841738834,0.0,0.05,8,4.43,0.0,0,8,35.41,2.24,0.0,0,0,15837,0,79,0,Nacoes Shopping,NS,ALC - NATAL 25 02,REACH
2025-12-09 00:00:00,1849887841738834,0.0,0.15,15,1.68,0.0,3,24,40.28,2.48,0.0,0,0,16266,0,33,0,Nacoes Shopping,NS,ALC - NATAL 25 02,REACH
2025-12-25 00:00:00,1849768886744178,0.0,0.0,0,0.0,0.0,0,0,0.0,0.0,0.0,0,0,0,0,0,0,Nacoes Shopping,NS,ALC - BLACK FRIDAY - NS,REACH
2025-12-22 00:00:00,1849887841738834,0.0,0.04,7,6.16,0.0,1,6,36.96,2.67,0.0,0,0,13838,0,104,0,Nacoes Shopping,NS,ALC - NATAL 25 02,REACH
2025-12-16 00:00:00,1850600369247313,0.0,0.0,11,0.0,0.0,7,0,13.01,2.16,0.0,0,0,6022,0,19,0,Nacoes Shopping,NS,ALC - LEGUEIROS,REACH
2026-01-05 00:00:00,1850600369247313,0.0,0.0,0,0.0,0.0,0,0,0.0,0.0,0.0,0,0,0,0,0,0,Nacoes Shopping,NS,ALC - LEGUEIROS,REACH
2025-12-23 00:00:00,1847431562326049,0.0,0.0,0,0.0,0.0,0,0,0.0,0.0,0.0,0,0,0,0,0,0,Nacoes Shopping,NS,Alcance | Ritmi Mana Spolini,REACH
2026-01-01 00:00:00,1849768886744178,0.0,0.0,0,0.0,0.0,0,0,0.0,0.0,0.0,0,0,0,0,0,0,Nacoes Shopping,NS,ALC - BLACK FRIDAY - NS,REACH
2026-01-02 00:00:00,1848504928619618,0.0,100.0,0,0.0,0.0,0,2,0.0,0.0,0.0,0,0,2,0,0,0,Nacoes Shopping,NS,TRAF - NATAL 25,TRAFFIC
2025-12-13 00:00:00,1848504928619618,0.0,12.46,2,0.04,0.0,0,902,36.31,5.01,0.0,0,0,7241,0,78,0,Nacoes Shopping,NS,TRAF - NATAL 25,TRAFFIC
2025-12-30 00:00:00,1850600369247313,0.0,0.0,4,0.0,0.0,0,0,2.48,1.72,0.0,0,0,1442,0,2,0,Nacoes Shopping,NS,ALC - LEGUEIROS,REACH
2025-12-10 00:00:00,1850600369247313,0.0,0.0,36,0.0,0.0,7,0,15.6,2.43,0.0,0,0,6417,2,26,2,Nacoes Shopping,NS,ALC - LEGUEIROS,REACH
2026-01-05 00:00:00,1848504162177105,0.0,0.0,0,0.0,0.0,0,0,0.0,0.0,0.0,0,0,0,0,0,0,Nacoes Shopping,NS,ALC - NATAL 25,REACH
2025-12-18 00:00:00,1849768886744178,0.0,0.0,0,0.0,0.0,0,0,0.0,0.0,0.0,0,0,0,0,0,0,Nacoes Shopping,NS,ALC - BLACK FRIDAY - NS,REACH
2025-12-20 00:00:00,1848504928619618,0.0,12.39,1,0.04,0.0,1,854,32.62,4.73,0.0,0,0,6894,0,46,0,Nacoes Shopping,NS,TRAF - NATAL 25,TRAFFIC
2025-12-10 00:00:00,1847431562326049,0.0,0.0,0,0.0,0.0,0,0,0.0,0.0,0.0,0,0,0,0,0,0,Nacoes Shopping,NS,Alcance | Ritmi Mana Spolini,REACH
2026-01-04 00:00:00,1849887841738834,0.0,0.0,0,0.0,0.0,0,0,0.0,0.0,0.0,0,0,4,0,0,0,Nacoes Shopping,NS,ALC - NATAL 25 02,REACH
2025-12-15 00:00:00,1849887841738834,0.0,0.27,8,0.9,0.0,0,44,39.76,2.4,0.0,0,0,16599,0,42,0,Nacoes Shopping,NS,ALC - NATAL 25 02,REACH
2025-12-23 00:00:00,1850600369247313,0.0,0.0,18,0.0,0.0,5,0,12.54,2.17,0.0,0,0,5791,1,16,0,Nacoes Shopping,NS,ALC - LEGUEIROS,REACH
2025-12-17 00:00:00,1850600369247313,0.0,0.0,12,0.0,0.0,5,0,13.45,2.44,0.0,0,0,5514,2,15,0,Nacoes Shopping,NS,ALC - LEGUEIROS,REACH
2026-01-06 00:00:00,1850600369247313,0.0,0.0,0,0.0,0.0,0,0,0.0,0.0,0.0,0,0,0,0,0,0,Nacoes Shopping,NS,ALC - LEGUEIROS,REACH
2025-12-12 00:00:00,1848504928619618,0.0,16.74,0,0.04,0.0,0,1224,44.89,6.14,0.0,0,0,7310,0,41,0,Nacoes Shopping,NS,TRAF - NATAL 25,TRAFFIC
2026-01-01 00:00:00,1848504928619618,0.0,28.57,0,0.0,0.0,0,4,0.0,0.0,0.0,0,0,14,0,0,0,Nacoes Shopping,NS,TRAF - NATAL 25,TRAFFIC
2025-12-19 00:00:00,1848504928619618,0.0,12.21,5,0.03,0.0,0,972,32.71,4.11,0.0,0,0,7958,0,75,0,Nacoes Shopping,NS,TRAF - NATAL 25,TRAFFIC
2025-12-09 00:00:00,1848504162177105,0.0,0.0,0,0.0,0.0,0,0,0.0,0.0,0.0,0,0,0,0,0,0,Nacoes Shopping,NS,ALC - NATAL 25,REACH
2025-12-26 00:00:00,1849768886744178,0.0,0.0,0,0.0,0.0,0,0,0.0,0.0,0.0,0,0,0,0,0,0,Nacoes Shopping,NS,ALC - BLACK FRIDAY - NS,REACH
2025-12-23 00:00:00,1849887841738834,0.0,0.04,9,7.47,0.0,3,5,37.33,2.62,0.0,0,0,14250,0,132,0,Nacoes Shopping,NS,ALC - NATAL 25 02,REACH
2026-01-05 00:00:00,1849887841738834,0.0,0.0,0,0.0,0.0,0,0,0.0,0.0,0.0,0,0,7,0,0,0,Nacoes Shopping,NS,ALC - NATAL 25 02,REACH
2025-12-16 00:00:00,1849887841738834,0.0,0.18,8,1.46,0.0,1,25,36.58,2.6,0.0,0,0,14066,0,65,0,Nacoes Shopping,NS,ALC - NATAL 25 02,REACH
2025-12-15 00:00:00,1847432144410706,0.0,0.0,0,0.0,0.0,0,0,0.0,0.0,0.0,0,0,0,0,0,0,Nacoes Shopping,NS,Alcance | Chillibeans Vini ,REACH
2025-12-12 00:00:00,1849768886744178,0.0,0.0,0,0.0,0.0,0,0,0.0,0.0,0.0,0,0,0,0,0,0,Nacoes Shopping,NS,ALC - BLACK FRIDAY - NS,REACH
2025-12-15 00:00:00,1848504162177105,0.0,0.0,0,0.0,0.0,0,0,0.0,0.0,0.0,0,0,0,0,0,0,Nacoes Shopping,NS,ALC - NATAL 25,REACH
2025-12-24 00:00:00,1850600369247313,0.0,0.0,18,0.0,0.0,2,0,11.78,2.13,0.0,0,0,5535,0,13,1,Nacoes Shopping,NS,ALC - LEGUEIROS,REACH
2025-12-19 00:00:00,1849768886744178,0.0,0.0,0,0.0,0.0,0,0,0.0,0.0,0.0,0,0,0,0,0,0,Nacoes Shopping,NS,ALC - BLACK FRIDAY - NS,REACH
2025-12-26 00:00:00,1848504928619618,0.0,11.31,-1,0.03,0.0,0,991,29.28,3.34,0.0,0,0,8762,0,79,0,Nacoes Shopping,NS,TRAF - NATAL 25,TRAFFIC
2025-12-11 00:00:00,1847431562326049,0.0,0.0,0,0.0,0.0,0,0,0.0,0.0,0.0,0,0,0,0,0,0,Nacoes Shopping,NS,Alcance | Ritmi Mana Spolini,REACH
2025-12-24 00:00:00,1849887841738834,0.0,0.05,13,5.4,0.0,6,7,37.83,2.5,0.0,0,0,15104,2,96,1,Nacoes Shopping,NS,ALC - NATAL 25 02,REACH
2025-12-20 00:00:00,1849768886744178,0.0,0.0,0,0.0,0.0,0,0,0.0,0.0,0.0,0,0,0,0,0,0,Nacoes Shopping,NS,ALC - BLACK FRIDAY - NS,REACH
2025-12-17 00:00:00,1849887841738834,0.0,0.05,9,5.48,0.0,0,7,38.36,2.74,0.0,0,0,13991,0,107,2,Nacoes Shopping,NS,ALC - NATAL 25 02,REACH
2025-12-11 00:00:00,1850600369247313,0.0,0.0,17,0.0,0.0,1,0,16.4,2.43,0.0,0,0,6752,0,20,0,Nacoes Shopping,NS,ALC - LEGUEIROS,REACH
2025-12-31 00:00:00,1850600369247313,0.0,0.0,0,0.0,0.0,0,0,0.0,0.0,0.0,0,0,0,0,0,0,Nacoes Shopping,NS,ALC - LEGUEIROS,REACH
2025-12-28 00:00:00,1848504928619618,0.0,13.74,0,0.03,0.0,0,1507,38.17,3.48,0.0,0,0,10969,0,3,0,Nacoes Shopping,NS,TRAF - NATAL 25,TRAFFIC
2025-12-17 00:00:00,1811358948673554,0.0,0.0,0,0.0,0.0,0,0,0.0,0.0,0.0,0,0,0,0,0,0,Nacoes Shopping,NS,Tráfego - App instal - NS,TRAFFIC
2025-12-25 00:00:00,1850600369247313,0.0,0.0,14,0.0,0.0,3,0,11.58,1.78,0.0,0,0,6509,0,12,0,Nacoes Shopping,NS,ALC - LEGUEIROS,REACH
2025-12-21 00:00:00,1848504162177105,0.0,0.0,0,0.0,0.0,0,0,0.0,0.0,0.0,0,0,0,0,0,0,Nacoes Shopping,NS,ALC - NATAL 25,REACH
2025-12-13 00:00:00,1849768886744178,0.0,0.0,0,0.0,0.0,0,0,0.0,0.0,0.0,0,0,0,0,0,0,Nacoes Shopping,NS,ALC - BLACK FRIDAY - NS,REACH
2026-01-04 00:00:00,1848504928619618,0.0,0.0,0,0.0,0.0,0,0,0.0,0.0,0.0,0,0,2,0,0,0,Nacoes Shopping,NS,TRAF - NATAL 25,TRAFFIC
2025-12-15 00:00:00,1848504928619618,0.0,13.3,4,0.04,0.0,1,920,33.72,4.88,0.0,0,0,6916,0,167,0,Nacoes Shopping,NS,TRAF - NATAL 25,TRAFFIC
2025-12-29 00:00:00,1847431714944034,0.0,0.0,0,0.0,0.0,0,0,0.0,0.0,0.0,0,0,0,0,0,0,Nacoes Shopping,NS,Alcance | Giftcard ,REACH
2026-01-06 00:00:00,1849887841738834,0.0,0.0,0,0.0,0.0,0,0,0.0,0.0,0.0,0,0,0,0,0,0,Nacoes Shopping,NS,ALC - NATAL 25 02,REACH
2025-12-30 00:00:00,1849887841738834,0.0,0.09,17,2.52,0.0,8,14,35.29,2.18,0.0,0,0,16194,1,105,2,Nacoes Shopping,NS,ALC - NATAL 25 02,REACH
2025-12-10 00:00:00,1849887841738834,0.0,0.2,12,1.21,0.0,2,36,43.46,2.46,0.0,0,0,17632,0,47,0,Nacoes Shopping,NS,ALC - NATAL 25 02,REACH
2025-12-18 00:00:00,1850600369247313,0.0,0.0,9,0.0,0.0,2,0,13.91,2.4,0.0,0,0,5807,0,11,0,Nacoes Shopping,NS,ALC - LEGUEIROS,REACH
2025-12-12 00:00:00,1850600369247313,0.0,0.0,8,0.0,0.0,2,0,15.2,2.41,0.0,0,0,6311,0,13,0,Nacoes Shopping,NS,ALC - LEGUEIROS,REACH
2025-12-27 00:00:00,1848504928619618,0.0,11.82,0,0.03,0.0,1,1413,39.19,3.28,0.0,0,0,11955,0,58,0,Nacoes Shopping,NS,TRAF - NATAL 25,TRAFFIC
2026-01-03 00:00:00,1848504928619618,0.0,0.0,0,0.0,0.0,0,0,0.0,0.0,0.0,0,0,1,0,0,0,Nacoes Shopping,NS,TRAF - NATAL 25,TRAFFIC
2025-12-14 00:00:00,1848504928619618,0.0,15.75,0,0.03,0.0,0,1106,37.46,5.33,0.0,0,0,7024,0,63,0,Nacoes Shopping,NS,TRAF - NATAL 25,TRAFFIC
2025-12-14 00:00:00,1848504162177105,0.0,0.0,0,0.0,0.0,0,0,0.0,0.0,0.0,0,0,0,0,0,0,Nacoes Shopping,NS,ALC - NATAL 25,REACH
2026-01-03 00:00:00,1848504162177105,0.0,0.0,0,0.0,0.0,0,0,0.0,0.0,0.0,0,0,0,0,0,0,Nacoes Shopping,NS,ALC - NATAL 25,REACH
2026-01-07 00:00:00,1849887841738834,0.0,0.0,0,0.0,0.0,0,0,0.0,0.0,0.0,0,0,0,0,0,0,Nacoes Shopping,NS,ALC - NATAL 25 02,REACH
2025-12-18 00:00:00,1849887841738834,0.0,0.1,8,2.96,0.0,2,12,35.57,2.82,0.0,0,0,12592,1,96,0,Nacoes Shopping,NS,ALC - NATAL 25 02,REACH
2025-12-31 00:00:00,1849887841738834,0.0,0.05,8,4.09,0.0,1,7,28.63,1.98,0.0,0,0,14428,2,100,0,Nacoes Shopping,NS,ALC - NATAL 25 02,REACH
2025-12-11 00:00:00,1849887841738834,0.0,0.26,4,0.98,0.0,1,42,41.16,2.59,0.0,0,0,15888,0,35,0,Nacoes Shopping,NS,ALC - NATAL 25 02,REACH
2025-12-15 00:00:00,1847431714944034,0.0,0.0,0,0.0,0.0,0,0,0.0,0.0,0.0,0,0,0,0,0,0,Nacoes Shopping,NS,Alcance | Giftcard ,REACH
2025-12-19 00:00:00,1850600369247313,0.0,0.0,6,0.0,0.0,1,0,13.27,2.45,0.0,0,0,5406,0,18,0,Nacoes Shopping,NS,ALC - LEGUEIROS,REACH
2025-12-20 00:00:00,1848504162177105,0.0,0.0,0,0.0,0.0,0,0,0.0,0.0,0.0,0,0,0,0,0,0,Nacoes Shopping,NS,ALC - NATAL 25,REACH
2025-12-14 00:00:00,1849768886744178,0.0,0.0,0,0.0,0.0,0,0,0.0,0.0,0.0,0,0,0,0,0,0,Nacoes Shopping,NS,ALC - BLACK FRIDAY - NS,REACH
2025-12-21 00:00:00,1848504928619618,0.0,9.9,1,0.04,0.0,1,791,31.97,4.0,0.0,0,0,7987,0,105,0,Nacoes Shopping,NS,TRAF - NATAL 25,TRAFFIC
2025-12-13 00:00:00,1848504162177105,0.0,0.0,0,0.0,0.0,0,0,0.0,0.0,0.0,0,0,0,0,0,0,Nacoes Shopping,NS,ALC - NATAL 25,REACH
2026-01-02 00:00:00,1848504162177105,0.0,0.0,0,0.0,0.0,0,0,0.0,0.0,0.0,0,0,0,0,0,0,Nacoes Shopping,NS,ALC - NATAL 25,REACH
2025-12-19 00:00:00,1849887841738834,0.0,0.19,6,1.54,0.0,3,24,37.05,3.0,0.0,0,0,12367,2,107,1,Nacoes Shopping,NS,ALC - NATAL 25 02,REACH
2026-01-04 00:00:00,1849768886744178,0.0,0.0,0,0.0,0.0,0,0,0.0,0.0,0.0,0,0,0,0,0,0,Nacoes Shopping,NS,ALC - BLACK FRIDAY - NS,REACH
2025-12-15 00:00:00,1849768886744178,0.0,0.0,0,0.0,0.0,0,0,0.0,0.0,0.0,0,0,0,0,0,0,Nacoes Shopping,NS,ALC - BLACK FRIDAY - NS,REACH
2026-01-01 00:00:00,1849887841738834,0.0,0.0,0,0.0,0.0,0,0,0.0,0.0,0.0,0,0,40,0,1,0,Nacoes Shopping,NS,ALC - NATAL 25 02,REACH
2025-12-12 00:00:00,1849887841738834,0.0,0.22,13,1.22,0.0,2,34,41.64,2.71,0.0,0,0,15393,0,40,0,Nacoes Shopping,NS,ALC - NATAL 25 02,REACH
2025-12-26 00:00:00,1850600369247313,0.0,0.0,9,0.0,0.0,3,0,10.24,1.68,0.0,0,0,6103,1,10,2,Nacoes Shopping,NS,ALC - LEGUEIROS,REACH
2025-12-23 00:00:00,1848504928619618,0.0,13.27,3,0.04,0.0,0,774,32.01,5.49,0.0,0,0,5834,0,57,0,Nacoes Shopping,NS,TRAF - NATAL 25,TRAFFIC
2025-12-18 00:00:00,1847432144410706,0.0,0.0,0,0.0,0.0,0,0,0.0,0.0,0.0,0,0,0,0,0,0,Nacoes Shopping,NS,Alcance | Chillibeans Vini ,REACH
2025-12-20 00:00:00,1850600369247313,0.0,0.0,6,0.0,0.0,2,0,13.39,2.41,0.0,0,0,5559,0,11,1,Nacoes Shopping,NS,ALC - LEGUEIROS,REACH
2025-12-10 00:00:00,1848504928619618,0.0,10.78,7,0.05,0.0,1,708,34.39,5.24,0.0,0,0,6566,0,118,0,Nacoes Shopping,NS,TRAF - NATAL 25,TRAFFIC
2025-12-30 00:00:00,1848504928619618,0.0,13.75,0,0.02,0.0,0,1620,35.86,3.04,0.0,0,0,11785,0,24,0,Nacoes Shopping,NS,TRAF - NATAL 25,TRAFFIC
2025-12-25 00:00:00,1849887841738834,0.0,0.11,9,2.11,0.0,4,17,35.84,2.24,0.0,0,0,15980,0,110,0,Nacoes Shopping,NS,ALC - NATAL 25 02,REACH
2025-12-13 00:00:00,1850600369247313,0.0,0.0,7,0.0,0.0,1,0,15.41,2.26,0.0,0,0,6806,0,13,1,Nacoes Shopping,NS,ALC - LEGUEIROS,REACH
2025-12-27 00:00:00,1850600369247313,0.0,0.0,9,0.0,0.0,2,0,9.92,1.69,0.0,0,0,5857,1,9,0,Nacoes Shopping,NS,ALC - LEGUEIROS,REACH
2025-12-22 00:00:00,1848504928619618,0.0,13.43,0,0.03,0.0,1,970,32.3,4.47,0.0,0,0,7224,0,33,0,Nacoes Shopping,NS,TRAF - NATAL 25,TRAFFIC
2025-12-29 00:00:00,1848504928619618,0.0,12.5,0,0.02,0.0,0,1571,35.72,2.84,0.0,0,0,12568,0,19,0,Nacoes Shopping,NS,TRAF - NATAL 25,TRAFFIC
2025-12-09 00:00:00,1848504928619618,0.0,13.28,0,0.04,0.0,0,1003,37.82,5.01,0.0,0,0,7554,0,36,0,Nacoes Shopping,NS,TRAF - NATAL 25,TRAFFIC
2026-01-05 00:00:00,1849768886744178,0.0,0.0,0,0.0,0.0,0,0,0.0,0.0,0.0,0,0,0,0,0,0,Nacoes Shopping,NS,ALC - BLACK FRIDAY - NS,REACH
2025-12-19 00:00:00,1848504162177105,0.0,0.0,0,0.0,0.0,0,0,0.0,0.0,0.0,0,0,0,0,0,0,Nacoes Shopping,NS,ALC - NATAL 25,REACH
2026-01-02 00:00:00,1849887841738834,0.0,0.0,0,0.0,0.0,0,0,0.0,0.0,0.0,0,0,3,0,0,0,Nacoes Shopping,NS,ALC - NATAL 25 02,REACH
2025-12-13 00:00:00,1849887841738834,0.0,0.22,13,1.17,0.0,2,35,40.82,2.56,0.0,0,0,15932,0,40,1,Nacoes Shopping,NS,ALC - NATAL 25 02,REACH
2025-12-26 00:00:00,1849887841738834,0.0,0.11,7,2.08,0.0,4,17,35.3,2.23,0.0,0,0,15865,0,93,0,Nacoes Shopping,NS,ALC - NATAL 25 02,REACH
2025-12-14 00:00:00,1850600369247313,0.0,0.0,21,0.0,0.0,4,0,14.89,2.13,0.0,0,0,6996,0,16,0,Nacoes Shopping,NS,ALC - LEGUEIROS,REACH
2025-12-29 00:00:00,1849768886744178,0.0,0.0,0,0.0,0.0,0,0,0.0,0.0,0.0,0,0,0,0,0,0,Nacoes Shopping,NS,ALC - BLACK FRIDAY - NS,REACH
2025-12-09 00:00:00,1849768886744178,0.0,0.0,0,0.0,0.0,0,0,0.0,0.0,0.0,0,0,0,0,0,0,Nacoes Shopping,NS,ALC - BLACK FRIDAY - NS,REACH
2025-12-12 00:00:00,1848504162177105,0.0,0.0,0,0.0,0.0,0,0,0.0,0.0,0.0,0,0,0,0,0,0,Nacoes Shopping,NS,ALC - NATAL 25,REACH
2025-12-16 00:00:00,1848504928619618,0.0,12.12,4,0.04,0.0,2,1005,35.35,4.26,0.0,0,0,8290,0,147,0,Nacoes Shopping,NS,TRAF - NATAL 25,TRAFFIC
2026-01-01 00:00:00,1848504162177105,0.0,0.0,0,0.0,0.0,0,0,0.0,0.0,0.0,0,0,0,0,0,0,Nacoes Shopping,NS,ALC - NATAL 25,REACH
2025-12-10 00:00:00,1847431714944034,0.0,0.0,0,0.0,0.0,0,0,0.0,0.0,0.0,0,0,0,0,0,0,Nacoes Shopping,NS,Alcance | Giftcard ,REACH
2026-01-05 00:00:00,1848504928619618,0.0,100.0,0,0.0,0.0,0,1,0.0,0.0,0.0,0,0,1,0,0,0,Nacoes Shopping,NS,TRAF - NATAL 25,TRAFFIC
2026-01-18 00:00:00,1854324205639697,0.0,0.0,7,0.0,0.0,1,0,13.41,1.57,0.0,0,0,8555,0,21,0,Nacoes Shopping,NS,ALC - FERIAS NACOES SHOPPING,REACH
2026-01-28 00:00:00,1854324488425522,0.0,0.0,0,0.0,0.0,0,0,0.0,0.0,0.0,0,0,0,0,0,0,Nacoes Shopping,NS,ALC - LIQUIDA,REACH
2026-01-21 00:00:00,1854324488425522,0.0,0.0,3,0.0,0.0,2,0,19.54,1.88,0.0,0,0,10382,0,19,0,Nacoes Shopping,NS,ALC - LIQUIDA,REACH
2026-01-10 00:00:00,1850600369247313,0.0,0.0,0,0.0,0.0,0,0,0.0,0.0,0.0,0,0,0,0,0,0,Nacoes Shopping,NS,ALC - LEGUEIROS,REACH
2026-02-02 00:00:00,1855686889040914,0.0,0.0,16,0.0,0.0,1,0,33.78,1.81,0.0,0,0,18632,1,38,0,Nacoes Shopping,NS,ALC - Carna PET,REACH
2026-01-12 00:00:00,1849768886744178,0.0,0.0,0,0.0,0.0,0,0,0.0,0.0,0.0,0,0,0,0,0,0,Nacoes Shopping,NS,ALC - BLACK FRIDAY - NS,REACH
2026-01-20 00:00:00,1848504162177105,0.0,0.0,0,0.0,0.0,0,0,0.0,0.0,0.0,0,0,0,0,0,0,Nacoes Shopping,NS,ALC - NATAL 25,REACH
2026-01-14 00:00:00,1848504928619618,0.0,0.0,0,0.0,0.0,0,0,0.0,0.0,0.0,0,0,0,0,0,0,Nacoes Shopping,NS,TRAF - NATAL 25,TRAFFIC
2026-01-16 00:00:00,1849887841738834,0.0,0.0,0,0.0,0.0,0,0,0.0,0.0,0.0,0,0,0,0,0,0,Nacoes Shopping,NS,ALC - NATAL 25 02,REACH
2026-01-25 00:00:00,1854324205639697,0.0,0.0,5,0.0,0.0,0,0,11.09,1.48,0.0,0,0,7506,0,17,0,Nacoes Shopping,NS,ALC - FERIAS NACOES SHOPPING,REACH
2026-01-31 00:00:00,1855686756345922,0.0,0.0,7,0.0,0.0,0,0,32.39,1.97,0.0,0,0,16449,0,19,2,Nacoes Shopping,NS,ALC - Bloko Rosa,REACH
2026-01-09 00:00:00,1849887841738834,0.0,0.0,0,0.0,0.0,0,0,0.0,0.0,0.0,0,0,0,0,0,0,Nacoes Shopping,NS,ALC - NATAL 25 02,REACH
2026-01-11 00:00:00,1850600369247313,0.0,0.0,0,0.0,0.0,0,0,0.0,0.0,0.0,0,0,0,0,0,0,Nacoes Shopping,NS,ALC - LEGUEIROS,REACH
2026-02-03 00:00:00,1855686889040914,0.0,0.0,14,0.0,0.0,4,0,33.04,2.17,0.0,0,0,15216,0,34,0,Nacoes Shopping,NS,ALC - Carna PET,REACH
2026-01-29 00:00:00,1854324488425522,0.0,0.0,0,0.0,0.0,0,0,0.0,0.0,0.0,0,0,0,0,0,0,Nacoes Shopping,NS,ALC - LIQUIDA,REACH
2026-01-15 00:00:00,1854324488425522,0.0,0.0,2,0.0,0.0,1,0,20.88,1.66,0.0,0,0,12558,0,19,0,Nacoes Shopping,NS,ALC - LIQUIDA,REACH
2026-02-01 00:00:00,1854324205639697,0.0,0.0,0,0.0,0.0,0,0,0.0,0.0,0.0,0,0,0,0,0,0,Nacoes Shopping,NS,ALC - FERIAS NACOES SHOPPING,REACH
2026-01-13 00:00:00,1848504162177105,0.0,0.0,0,0.0,0.0,0,0,0.0,0.0,0.0,0,0,0,0,0,0,Nacoes Shopping,NS,ALC - NATAL 25,REACH
2026-01-10 00:00:00,1849887841738834,0.0,0.0,0,0.0,0.0,0,0,0.0,0.0,0.0,0,0,0,0,0,0,Nacoes Shopping,NS,ALC - NATAL 25 02,REACH
2026-01-26 00:00:00,1854324205639697,0.0,0.0,8,0.0,0.0,0,0,11.5,1.85,0.0,0,0,6218,1,14,0,Nacoes Shopping,NS,ALC - FERIAS NACOES SHOPPING,REACH
2026-02-06 00:00:00,1855686756345922,0.0,0.0,12,0.0,0.0,2,0,29.26,1.84,0.0,0,0,15903,0,24,0,Nacoes Shopping,NS,ALC - Bloko Rosa,REACH
2026-02-01 00:00:00,1855492566896834,0.0,0.0,20,0.0,0.0,5,0,18.57,1.72,0.0,0,0,10767,1,37,1,Nacoes Shopping,NS,ALC - Smart Zoo,REACH
2026-01-19 00:00:00,1848504162177105,0.0,0.0,0,0.0,0.0,0,0,0.0,0.0,0.0,0,0,0,0,0,0,Nacoes Shopping,NS,ALC - NATAL 25,REACH
2026-01-18 00:00:00,1850600369247313,0.0,0.0,0,0.0,0.0,0,0,0.0,0.0,0.0,0,0,0,0,0,0,Nacoes Shopping,NS,ALC - LEGUEIROS,REACH
2026-01-22 00:00:00,1854324488425522,0.0,0.0,3,0.0,0.0,1,0,18.91,1.69,0.0,0,0,11192,0,16,0,Nacoes Shopping,NS,ALC - LIQUIDA,REACH
2026-01-19 00:00:00,1854324205639697,0.0,0.0,7,0.0,0.0,1,0,12.53,1.72,0.0,0,0,7301,0,13,0,Nacoes Shopping,NS,ALC - FERIAS NACOES SHOPPING,REACH
2026-01-30 00:00:00,1855686756345922,0.0,0.0,14,0.0,0.0,0,0,33.31,1.91,0.0,0,0,17457,0,36,0,Nacoes Shopping,NS,ALC - Bloko Rosa,REACH
2026-01-22 00:00:00,1848504928619618,0.0,0.0,0,0.0,0.0,0,0,0.0,0.0,0.0,0,0,0,0,0,0,Nacoes Shopping,NS,TRAF - NATAL 25,TRAFFIC
2026-01-18 00:00:00,1849887841738834,0.0,0.0,0,0.0,0.0,0,0,0.0,0.0,0.0,0,0,0,0,0,0,Nacoes Shopping,NS,ALC - NATAL 25 02,REACH
2026-01-12 00:00:00,1848504162177105,0.0,0.0,0,0.0,0.0,0,0,0.0,0.0,0.0,0,0,0,0,0,0,Nacoes Shopping,NS,ALC - NATAL 25,REACH
2026-01-16 00:00:00,1854324488425522,0.0,0.0,3,0.0,0.0,0,0,20.02,1.7,0.0,0,0,11746,0,14,0,Nacoes Shopping,NS,ALC - LIQUIDA,REACH
2026-02-02 00:00:00,1854324205639697,0.0,0.0,0,0.0,0.0,0,0,0.0,0.0,0.0,0,0,0,0,0,0,Nacoes Shopping,NS,ALC - FERIAS NACOES SHOPPING,REACH
2026-02-01 00:00:00,1855686889040914,0.0,0.0,16,0.0,0.0,1,0,34.76,1.69,0.0,0,0,20557,0,31,0,Nacoes Shopping,NS,ALC - Carna PET,REACH
2026-01-11 00:00:00,1849887841738834,0.0,0.0,0,0.0,0.0,0,0,0.0,0.0,0.0,0,0,0,0,0,0,Nacoes Shopping,NS,ALC - NATAL 25 02,REACH
2026-01-23 00:00:00,1854324488425522,0.0,0.0,8,0.0,0.0,0,0,18.24,1.71,0.0,0,0,10658,0,14,0,Nacoes Shopping,NS,ALC - LIQUIDA,REACH
2026-01-20 00:00:00,1854324205639697,0.0,0.0,3,0.0,0.0,0,0,12.2,1.8,0.0,0,0,6785,0,17,0,Nacoes Shopping,NS,ALC - FERIAS NACOES SHOPPING,REACH
2026-02-05 00:00:00,1855686756345922,0.0,0.0,10,0.0,0.0,2,0,31.03,2.12,0.0,0,0,14650,0,26,0,Nacoes Shopping,NS,ALC - Bloko Rosa,REACH
2026-02-02 00:00:00,1855492566896834,0.0,0.0,17,0.0,0.0,3,0,18.22,1.9,0.0,0,0,9600,0,32,3,Nacoes Shopping,NS,ALC - Smart Zoo,REACH
2026-02-03 00:00:00,1855492566896834,0.0,0.0,17,0.0,0.0,3,0,18.94,1.66,0.0,0,0,11442,1,30,0,Nacoes Shopping,NS,ALC - Smart Zoo,REACH
2026-01-29 00:00:00,1855686756345922,0.0,0.0,2,0.0,0.0,0,0,11.33,1.57,0.0,0,0,7197,0,13,0,Nacoes Shopping,NS,ALC - Bloko Rosa,REACH
2026-01-08 00:00:00,1848504928619618,0.0,0.0,0,0.0,0.0,0,0,0.0,0.0,0.0,0,0,0,0,0,0,Nacoes Shopping,NS,TRAF - NATAL 25,TRAFFIC
2026-01-27 00:00:00,1855492566896834,0.0,0.0,12,0.0,0.0,2,0,9.87,1.37,0.0,0,0,7196,0,18,0,Nacoes Shopping,NS,ALC - Smart Zoo,REACH
2026-01-27 00:00:00,1854324205639697,0.0,0.0,-1,0.0,0.0,0,0,9.92,2.11,0.0,0,0,4705,0,11,0,Nacoes Shopping,NS,ALC - FERIAS NACOES SHOPPING,REACH
2026-02-01 00:00:00,1849887841738834,0.0,0.0,0,0.0,0.0,0,0,0.0,0.0,0.0,0,0,0,0,0,0,Nacoes Shopping,NS,ALC - NATAL 25 02,REACH
2026-01-12 00:00:00,1849887841738834,0.0,0.0,0,0.0,0.0,0,0,0.0,0.0,0.0,0,0,0,0,0,0,Nacoes Shopping,NS,ALC - NATAL 25 02,REACH
2026-01-30 00:00:00,1854324488425522,0.0,0.0,0,0.0,0.0,0,0,0.0,0.0,0.0,0,0,0,0,0,0,Nacoes Shopping,NS,ALC - LIQUIDA,REACH
2026-01-24 00:00:00,1854324488425522,0.0,0.0,3,0.0,0.0,0,0,18.54,1.79,0.0,0,0,10371,0,13,0,Nacoes Shopping,NS,ALC - LIQUIDA,REACH
2026-01-21 00:00:00,1854324205639697,0.0,0.0,6,0.0,0.0,0,0,14.2,1.64,0.0,0,0,8656,0,14,0,Nacoes Shopping,NS,ALC - FERIAS NACOES SHOPPING,REACH
2026-01-08 00:00:00,1849768886744178,0.0,0.0,0,0.0,0.0,0,0,0.0,0.0,0.0,0,0,0,0,0,0,Nacoes Shopping,NS,ALC - BLACK FRIDAY - NS,REACH
2026-01-15 00:00:00,1848504928619618,0.0,0.0,0,0.0,0.0,0,0,0.0,0.0,0.0,0,0,0,0,0,0,Nacoes Shopping,NS,TRAF - NATAL 25,TRAFFIC
2026-01-17 00:00:00,1854324488425522,0.0,0.0,3,0.0,0.0,1,0,20.09,1.7,0.0,0,0,11845,0,13,0,Nacoes Shopping,NS,ALC - LIQUIDA,REACH
2026-02-03 00:00:00,1854324205639697,0.0,0.0,0,0.0,0.0,0,0,0.0,0.0,0.0,0,0,0,0,0,0,Nacoes Shopping,NS,ALC - FERIAS NACOES SHOPPING,REACH
2026-01-14 00:00:00,1854324205639697,0.0,0.0,1,0.0,0.0,0,0,4.88,1.2,0.0,0,0,4068,0,11,0,Nacoes Shopping,NS,ALC - FERIAS NACOES SHOPPING,REACH
2026-01-30 00:00:00,1855686889040914,0.0,0.0,30,0.0,0.0,0,0,36.73,1.94,0.0,0,0,18940,0,32,0,Nacoes Shopping,NS,ALC - Carna PET,REACH
2026-02-04 00:00:00,1855686756345922,0.0,0.0,4,0.0,0.0,0,0,29.89,2.34,0.0,0,0,12752,1,20,0,Nacoes Shopping,NS,ALC - Bloko Rosa,REACH
2026-01-11 00:00:00,1815093378942994,0.0,0.0,0,0.0,0.0,0,0,0.0,0.0,0.0,0,0,0,0,0,0,Nacoes Shopping,NS,Traffic - Promo Natal,TRAFFIC
2026-01-17 00:00:00,1848504928619618,0.0,0.0,0,0.0,0.0,0,0,0.0,0.0,0.0,0,0,0,0,0,0,Nacoes Shopping,NS,TRAF - NATAL 25,TRAFFIC
2026-02-02 00:00:00,1849887841738834,0.0,0.0,0,0.0,0.0,0,0,0.0,0.0,0.0,0,0,0,0,0,0,Nacoes Shopping,NS,ALC - NATAL 25 02,REACH
2026-01-13 00:00:00,1849887841738834,0.0,0.0,0,0.0,0.0,0,0,0.0,0.0,0.0,0,0,0,0,0,0,Nacoes Shopping,NS,ALC - NATAL 25 02,REACH
2026-01-28 00:00:00,1854324205639697,0.0,0.0,6,0.0,0.0,0,0,11.18,1.59,0.0,0,0,7020,0,14,0,Nacoes Shopping,NS,ALC - FERIAS NACOES SHOPPING,REACH
2026-02-04 00:00:00,1855492566896834,0.0,0.0,12,0.0,0.0,4,0,18.76,1.47,0.0,0,0,12793,0,27,3,Nacoes Shopping,NS,ALC - Smart Zoo,REACH
2026-01-20 00:00:00,1850600369247313,0.0,0.0,0,0.0,0.0,0,0,0.0,0.0,0.0,0,0,0,0,0,0,Nacoes Shopping,NS,ALC - LEGUEIROS,REACH
2026-01-14 00:00:00,1850600369247313,0.0,0.0,0,0.0,0.0,0,0,0.0,0.0,0.0,0,0,0,0,0,0,Nacoes Shopping,NS,ALC - LEGUEIROS,REACH
2026-02-06 00:00:00,1855686889040914,0.0,0.0,11,0.0,0.0,0,0,31.27,1.86,0.0,0,0,16818,0,29,0,Nacoes Shopping,NS,ALC - Carna PET,REACH
2026-01-31 00:00:00,1854324488425522,0.0,0.0,0,0.0,0.0,0,0,0.0,0.0,0.0,0,0,0,0,0,0,Nacoes Shopping,NS,ALC - LIQUIDA,REACH
2026-01-18 00:00:00,1854324488425522,0.0,0.0,1,0.0,0.0,0,0,20.05,1.71,0.0,0,0,11710,0,22,0,Nacoes Shopping,NS,ALC - LIQUIDA,REACH
2026-01-15 00:00:00,1854324205639697,0.0,0.0,1,0.0,0.0,0,0,13.77,1.54,0.0,0,0,8936,0,17,0,Nacoes Shopping,NS,ALC - FERIAS NACOES SHOPPING,REACH
2026-01-19 00:00:00,1849887841738834,0.0,0.0,0,0.0,0.0,0,0,0.0,0.0,0.0,0,0,0,0,0,0,Nacoes Shopping,NS,ALC - NATAL 25 02,REACH
2026-01-28 00:00:00,1855492566896834,0.0,0.0,23,0.0,0.0,2,0,19.0,1.52,0.0,0,0,12463,0,23,1,Nacoes Shopping,NS,ALC - Smart Zoo,REACH
2026-01-29 00:00:00,1855492566896834,0.0,0.0,21,0.0,0.0,6,0,19.08,1.76,0.0,0,0,10837,0,29,0,Nacoes Shopping,NS,ALC - Smart Zoo,REACH
2026-02-03 00:00:00,1855686756345922,0.0,0.0,5,0.0,0.0,1,0,30.05,2.15,0.0,0,0,13991,1,37,0,Nacoes Shopping,NS,ALC - Bloko Rosa,REACH
2026-01-16 00:00:00,1848504928619618,0.0,0.0,0,0.0,0.0,0,0,0.0,0.0,0.0,0,0,0,0,0,0,Nacoes Shopping,NS,TRAF - NATAL 25,TRAFFIC
2026-01-22 00:00:00,1854324205639697,0.0,0.0,4,0.0,0.0,0,0,12.58,1.5,0.0,0,0,8401,0,15,0,Nacoes Shopping,NS,ALC - FERIAS NACOES SHOPPING,REACH
2026-01-25 00:00:00,1854324488425522,0.0,0.0,2,0.0,0.0,2,0,17.63,1.64,0.0,0,0,10738,0,14,0,Nacoes Shopping,NS,ALC - LIQUIDA,REACH
2026-02-05 00:00:00,1855492566896834,0.0,0.0,14,0.0,0.0,2,0,18.61,1.59,0.0,0,0,11720,2,22,0,Nacoes Shopping,NS,ALC - Smart Zoo,REACH
2026-01-16 00:00:00,1854324205639697,0.0,0.0,2,0.0,0.0,0,0,13.64,1.58,0.0,0,0,8641,0,19,0,Nacoes Shopping,NS,ALC - FERIAS NACOES SHOPPING,REACH
2026-01-20 00:00:00,1849887841738834,0.0,0.0,0,0.0,0.0,0,0,0.0,0.0,0.0,0,0,0,0,0,0,Nacoes Shopping,NS,ALC - NATAL 25 02,REACH
2026-01-19 00:00:00,1854324488425522,0.0,0.0,2,0.0,0.0,0,0,18.94,1.89,0.0,0,0,9999,0,16,0,Nacoes Shopping,NS,ALC - LIQUIDA,REACH
2026-01-08 00:00:00,1850600369247313,0.0,0.0,0,0.0,0.0,0,0,0.0,0.0,0.0,0,0,0,0,0,0,Nacoes Shopping,NS,ALC - LEGUEIROS,REACH
2026-01-31 00:00:00,1855686889040914,0.0,0.0,11,0.0,0.0,0,0,36.44,2.0,0.0,0,0,18256,0,30,0,Nacoes Shopping,NS,ALC - Carna PET,REACH
2026-01-10 00:00:00,1848504928619618,0.0,0.0,0,0.0,0.0,0,0,0.0,0.0,0.0,0,0,0,0,0,0,Nacoes Shopping,NS,TRAF - NATAL 25,TRAFFIC
2026-01-29 00:00:00,1854324205639697,0.0,0.0,7,0.0,0.0,0,0,9.41,1.63,0.0,0,0,5774,0,11,0,Nacoes Shopping,NS,ALC - FERIAS NACOES SHOPPING,REACH
2026-02-04 00:00:00,1855686889040914,0.0,0.0,16,0.0,0.0,1,0,33.04,2.4,0.0,0,0,13790,0,24,0,Nacoes Shopping,NS,ALC - Carna PET,REACH
2026-01-23 00:00:00,1854324205639697,0.0,0.0,6,0.0,0.0,3,0,12.16,1.6,0.0,0,0,7616,0,19,1,Nacoes Shopping,NS,ALC - FERIAS NACOES SHOPPING,REACH
2026-02-02 00:00:00,1854324488425522,0.0,0.0,0,0.0,0.0,0,0,0.0,0.0,0.0,0,0,0,0,0,0,Nacoes Shopping,NS,ALC - LIQUIDA,REACH
2026-01-26 00:00:00,1854324488425522,0.0,0.0,1,0.0,0.0,0,0,16.96,2.0,0.0,0,0,8470,0,13,0,Nacoes Shopping,NS,ALC - LIQUIDA,REACH
2026-01-30 00:00:00,1855492566896834,0.0,0.0,20,0.0,0.0,7,0,19.16,1.78,0.0,0,0,10768,1,28,2,Nacoes Shopping,NS,ALC - Smart Zoo,REACH
2026-01-15 00:00:00,1850600369247313,0.0,0.0,0,0.0,0.0,0,0,0.0,0.0,0.0,0,0,0,0,0,0,Nacoes Shopping,NS,ALC - LEGUEIROS,REACH
2026-01-11 00:00:00,1849768886744178,0.0,0.0,0,0.0,0.0,0,0,0.0,0.0,0.0,0,0,0,0,0,0,Nacoes Shopping,NS,ALC - BLACK FRIDAY - NS,REACH
2026-02-02 00:00:00,1855686756345922,0.0,0.0,13,0.0,0.0,2,0,30.54,1.79,0.0,0,0,17022,1,28,0,Nacoes Shopping,NS,ALC - Bloko Rosa,REACH
2026-01-09 00:00:00,1850600369247313,0.0,0.0,0,0.0,0.0,0,0,0.0,0.0,0.0,0,0,0,0,0,0,Nacoes Shopping,NS,ALC - LEGUEIROS,REACH
2026-01-19 00:00:00,1848504928619618,0.0,0.0,0,0.0,0.0,0,0,0.0,0.0,0.0,0,0,0,0,0,0,Nacoes Shopping,NS,TRAF - NATAL 25,TRAFFIC
2026-01-13 00:00:00,1847431714944034,0.0,0.0,0,0.0,0.0,0,0,0.0,0.0,0.0,0,0,0,0,0,0,Nacoes Shopping,NS,Alcance | Giftcard ,REACH
2026-01-18 00:00:00,1811358948673554,0.0,0.0,0,0.0,0.0,0,0,0.0,0.0,0.0,0,0,0,0,0,0,Nacoes Shopping,NS,Tráfego - App instal - NS,TRAFFIC
2026-01-21 00:00:00,1849887841738834,0.0,0.0,0,0.0,0.0,0,0,0.0,0.0,0.0,0,0,0,0,0,0,Nacoes Shopping,NS,ALC - NATAL 25 02,REACH
2026-01-30 00:00:00,1854324205639697,0.0,0.0,2,0.0,0.0,0,0,8.08,1.55,0.0,0,0,5215,0,5,0,Nacoes Shopping,NS,ALC - FERIAS NACOES SHOPPING,REACH
2026-01-14 00:00:00,1849887841738834,0.0,0.0,0,0.0,0.0,0,0,0.0,0.0,0.0,0,0,0,0,0,0,Nacoes Shopping,NS,ALC - NATAL 25 02,REACH
2026-01-29 00:00:00,1855686889040914,0.0,0.0,4,0.0,0.0,0,0,12.25,1.6,0.0,0,0,7672,0,18,0,Nacoes Shopping,NS,ALC - Carna PET,REACH
2026-01-31 00:00:00,1848504928619618,0.0,0.0,0,0.0,0.0,0,0,0.0,0.0,0.0,0,0,0,0,0,0,Nacoes Shopping,NS,TRAF - NATAL 25,TRAFFIC
2026-01-11 00:00:00,1848504928619618,0.0,0.0,0,0.0,0.0,0,0,0.0,0.0,0.0,0,0,0,0,0,0,Nacoes Shopping,NS,TRAF - NATAL 25,TRAFFIC
2026-01-17 00:00:00,1854324205639697,0.0,0.0,9,0.0,0.0,2,0,13.71,1.57,0.0,0,0,8707,0,19,0,Nacoes Shopping,NS,ALC - FERIAS NACOES SHOPPING,REACH
2026-01-20 00:00:00,1854324488425522,0.0,0.0,3,0.0,0.0,0,0,18.39,2.2,0.0,0,0,8355,0,13,0,Nacoes Shopping,NS,ALC - LIQUIDA,REACH
2026-02-06 00:00:00,1854324205639697,0.0,0.0,0,0.0,0.0,0,0,0.0,0.0,0.0,0,0,0,0,0,0,Nacoes Shopping,NS,ALC - FERIAS NACOES SHOPPING,REACH
2026-01-31 00:00:00,1855492566896834,0.0,0.0,16,0.0,0.0,2,0,19.71,1.81,0.0,0,0,10900,1,29,3,Nacoes Shopping,NS,ALC - Smart Zoo,REACH
2026-01-15 00:00:00,1849887841738834,0.0,0.0,0,0.0,0.0,0,0,0.0,0.0,0.0,0,0,0,0,0,0,Nacoes Shopping,NS,ALC - NATAL 25 02,REACH
2026-01-14 00:00:00,1854324488425522,0.0,0.0,0,0.0,0.0,0,0,7.1,1.33,0.0,0,0,5345,0,6,0,Nacoes Shopping,NS,ALC - LIQUIDA,REACH
2026-01-31 00:00:00,1854324205639697,0.0,0.0,0,0.0,0.0,0,0,3.49,1.61,0.0,0,0,2164,0,3,0,Nacoes Shopping,NS,ALC - FERIAS NACOES SHOPPING,REACH
2026-02-01 00:00:00,1855686756345922,0.0,0.0,14,0.0,0.0,1,0,31.47,1.67,0.0,0,0,18871,0,25,0,Nacoes Shopping,NS,ALC - Bloko Rosa,REACH
2026-02-06 00:00:00,1855492566896834,0.0,0.0,25,0.0,0.0,8,0,18.79,1.71,0.0,0,0,10962,0,26,0,Nacoes Shopping,NS,ALC - Smart Zoo,REACH
2026-02-05 00:00:00,1855686889040914,0.0,0.0,9,0.0,0.0,0,0,33.4,2.13,0.0,0,0,15714,0,22,0,Nacoes Shopping,NS,ALC - Carna PET,REACH
2026-01-24 00:00:00,1854324205639697,0.0,0.0,5,0.0,0.0,1,0,12.24,1.66,0.0,0,0,7360,0,15,0,Nacoes Shopping,NS,ALC - FERIAS NACOES SHOPPING,REACH
2026-01-27 00:00:00,1854324488425522,0.0,0.0,3,0.0,0.0,0,0,6.62,2.23,0.0,0,0,2968,0,5,1,Nacoes Shopping,NS,ALC - LIQUIDA,REACH
2026-01-18 00:00:00,1849768886744178,0.0,0.0,0,0.0,0.0,0,0,0.0,0.0,0.0,0,0,0,0,0,0,Nacoes Shopping,NS,ALC - BLACK FRIDAY - NS,REACH
2026-02-09 00:00:00,1855686889040914,0.0,0.0,0,0.0,0.0,0,0,0.0,0.0,0.0,0,0,0,0,0,0,Nacoes Shopping,NS,ALC - Carna PET,REACH
2026-02-09 00:00:00,1855686756345922,0.0,0.0,0,0.0,0.0,0,0,0.0,0.0,0.0,0,0,0,0,0,0,Nacoes Shopping,NS,ALC - Bloko Rosa,REACH
2026-02-22 00:00:00,1849887841738834,0.0,0.0,0,0.0,0.0,0,0,0.0,0.0,0.0,0,0,0,0,0,0,Nacoes Shopping,NS,ALC - NATAL 25 02,REACH
2026-02-24 00:00:00,1855492566896834,0.0,0.0,3,0.0,0.0,0,0,11.38,1.66,0.0,0,0,6869,0,10,2,Nacoes Shopping,NS,ALC - Smart Zoo,REACH
2026-02-19 00:00:00,1855492566896834,0.0,0.0,7,0.0,0.0,2,0,15.54,1.53,0.0,0,0,10159,0,22,0,Nacoes Shopping,NS,ALC - Smart Zoo,REACH
2026-02-14 00:00:00,1855492566896834,0.0,0.0,13,0.0,0.0,4,0,18.04,1.76,0.0,0,0,10271,2,19,1,Nacoes Shopping,NS,ALC - Smart Zoo,REACH
2026-02-09 00:00:00,1855492566896834,0.0,0.0,18,0.0,0.0,4,0,18.45,2.03,0.0,0,0,9109,1,34,0,Nacoes Shopping,NS,ALC - Smart Zoo,REACH
2026-02-07 00:00:00,1855686756345922,0.0,0.0,6,0.0,0.0,0,0,28.1,1.92,0.0,0,0,14657,0,17,0,Nacoes Shopping,NS,ALC - Bloko Rosa,REACH
2026-02-27 00:00:00,1855686889040914,0.0,0.0,0,0.0,0.0,0,0,0.0,0.0,0.0,0,0,0,0,0,0,Nacoes Shopping,NS,ALC - Carna PET,REACH
2026-02-07 00:00:00,1855686889040914,0.0,0.0,5,0.0,0.0,0,0,15.27,2.12,0.0,0,0,7194,0,15,0,Nacoes Shopping,NS,ALC - Carna PET,REACH
2026-02-27 00:00:00,1855686756345922,0.0,0.0,0,0.0,0.0,0,0,0.0,0.0,0.0,0,0,0,0,0,0,Nacoes Shopping,NS,ALC - Bloko Rosa,REACH
2026-03-02 00:00:00,1848504928619618,0.0,0.0,0,0.0,0.0,0,0,0.0,0.0,0.0,0,0,0,0,0,0,Nacoes Shopping,NS,TRAF - NATAL 25,TRAFFIC
2026-02-27 00:00:00,1855492566896834,0.0,0.0,0,0.0,0.0,0,0,0.0,0.0,0.0,0,0,0,0,0,0,Nacoes Shopping,NS,ALC - Smart Zoo,REACH
2026-02-22 00:00:00,1855492566896834,0.0,0.0,11,0.0,0.0,3,0,13.25,1.72,0.0,0,0,7699,0,11,0,Nacoes Shopping,NS,ALC - Smart Zoo,REACH
2026-02-17 00:00:00,1855492566896834,0.0,0.0,9,0.0,0.0,3,0,17.24,1.49,0.0,0,0,11534,0,17,0,Nacoes Shopping,NS,ALC - Smart Zoo,REACH
2026-02-12 00:00:00,1855492566896834,0.0,0.0,12,0.0,0.0,5,0,18.0,1.59,0.0,0,0,11286,0,28,0,Nacoes Shopping,NS,ALC - Smart Zoo,REACH
2026-02-07 00:00:00,1855492566896834,0.0,0.0,19,0.0,0.0,5,0,20.2,1.82,0.0,0,0,11077,1,25,0,Nacoes Shopping,NS,ALC - Smart Zoo,REACH
2026-03-03 00:00:00,1850600369247313,0.0,0.0,0,0.0,0.0,0,0,0.0,0.0,0.0,0,0,0,0,0,0,Nacoes Shopping,NS,ALC - LEGUEIROS,REACH
2026-02-23 00:00:00,1855492566896834,0.0,0.0,4,0.0,0.0,1,0,12.04,2.13,0.0,0,0,5650,0,2,0,Nacoes Shopping,NS,ALC - Smart Zoo,REACH
2026-02-18 00:00:00,1855492566896834,0.0,0.0,5,0.0,0.0,1,0,15.84,1.39,0.0,0,0,11417,0,15,0,Nacoes Shopping,NS,ALC - Smart Zoo,REACH
2026-02-13 00:00:00,1855492566896834,0.0,0.0,16,0.0,0.0,4,0,18.12,1.7,0.0,0,0,10651,0,22,0,Nacoes Shopping,NS,ALC - Smart Zoo,REACH
2026-02-08 00:00:00,1855492566896834,0.0,0.0,15,0.0,0.0,2,0,18.98,1.9,0.0,0,0,9969,0,26,1,Nacoes Shopping,NS,ALC - Smart Zoo,REACH
2026-02-08 00:00:00,1855686889040914,0.0,0.0,0,0.0,0.0,0,0,0.0,0.0,0.0,0,0,0,0,0,0,Nacoes Shopping,NS,ALC - Carna PET,REACH
2026-02-08 00:00:00,1855686756345922,0.0,0.0,5,0.0,0.0,1,0,12.45,1.79,0.0,0,0,6973,0,11,0,Nacoes Shopping,NS,ALC - Bloko Rosa,REACH
2026-02-15 00:00:00,1848504928619618,0.0,0.0,0,0.0,0.0,0,0,0.0,0.0,0.0,0,0,0,0,0,0,Nacoes Shopping,NS,TRAF - NATAL 25,TRAFFIC
2026-03-03 00:00:00,1849887841738834,0.0,0.0,0,0.0,0.0,0,0,0.0,0.0,0.0,0,0,0,0,0,0,Nacoes Shopping,NS,ALC - NATAL 25 02,REACH
2026-02-12 00:00:00,1848504928619618,0.0,0.0,0,0.0,0.0,0,0,0.0,0.0,0.0,0,0,0,0,0,0,Nacoes Shopping,NS,TRAF - NATAL 25,TRAFFIC
2026-02-25 00:00:00,1855492566896834,0.0,0.0,3,0.0,0.0,1,0,3.25,1.59,0.0,0,0,2044,1,5,0,Nacoes Shopping,NS,ALC - Smart Zoo,REACH
2026-02-20 00:00:00,1855492566896834,0.0,0.0,4,0.0,0.0,2,0,15.15,1.69,0.0,0,0,8981,0,16,2,Nacoes Shopping,NS,ALC - Smart Zoo,REACH
2026-02-15 00:00:00,1855492566896834,0.0,0.0,7,0.0,0.0,6,0,16.9,1.88,0.0,0,0,8968,0,19,0,Nacoes Shopping,NS,ALC - Smart Zoo,REACH
2026-02-10 00:00:00,1855492566896834,0.0,0.0,12,0.0,0.0,1,0,19.58,1.65,0.0,0,0,11900,1,19,1,Nacoes Shopping,NS,ALC - Smart Zoo,REACH
2026-03-04 00:00:00,1848504162177105,0.0,0.0,0,0.0,0.0,0,0,0.0,0.0,0.0,0,0,0,0,0,0,Nacoes Shopping,NS,ALC - NATAL 25,REACH
2026-03-03 00:00:00,1855492566896834,0.0,0.0,0,0.0,0.0,0,0,0.0,0.0,0.0,0,0,0,0,0,0,Nacoes Shopping,NS,ALC - Smart Zoo,REACH
2026-02-11 00:00:00,1855686756345922,0.0,0.0,0,0.0,0.0,0,0,0.0,0.0,0.0,0,0,0,0,0,0,Nacoes Shopping,NS,ALC - Bloko Rosa,REACH
2026-02-21 00:00:00,1855492566896834,0.0,0.0,11,0.0,0.0,4,0,14.61,1.72,0.0,0,0,8479,0,19,0,Nacoes Shopping,NS,ALC - Smart Zoo,REACH
2026-02-16 00:00:00,1855492566896834,0.0,0.0,7,0.0,0.0,4,0,16.27,1.89,0.0,0,0,8598,1,23,1,Nacoes Shopping,NS,ALC - Smart Zoo,REACH
2026-02-11 00:00:00,1855492566896834,0.0,0.0,9,0.0,0.0,2,0,18.44,1.51,0.0,0,0,12188,0,29,1,Nacoes Shopping,NS,ALC - Smart Zoo,REACH
2026-03-05 00:00:00,1811358948673554,0.0,0.0,0,0.0,0.0,0,0,0.0,0.0,0.0,0,0,0,0,0,0,Nacoes Shopping,NS,Tráfego - App instal - NS,TRAFFIC
2026-02-21 00:00:00,1854324488425522,0.0,0.0,0,0.0,0.0,0,0,0.0,0.0,0.0,0,0,0,0,0,0,Nacoes Shopping,NS,ALC - LIQUIDA,REACH
2026-03-04 00:00:00,1849768886744178,0.0,0.0,0,0.0,0.0,0,0,0.0,0.0,0.0,0,0,0,0,0,0,Nacoes Shopping,NS,ALC - BLACK FRIDAY - NS,REACH
2026-03-06 00:00:00,1848504928619618,0.0,0.0,0,0.0,0.0,0,0,0.0,0.0,0.0,0,0,0,0,0,0,Nacoes Shopping,NS,TRAF - NATAL 25,TRAFFIC
2026-03-22 00:00:00,1849887841738834,0.0,0.0,0,0.0,0.0,0,0,0.0,0.0,0.0,0,0,0,0,0,0,Nacoes Shopping,NS,ALC - NATAL 25 02,REACH
2026-04-01 00:00:00,1848504928619618,0.0,0.0,0,0.0,0.0,0,0,0.0,0.0,0.0,0,0,0,0,0,0,Nacoes Shopping,NS,TRAF - NATAL 25,TRAFFIC
2026-03-12 00:00:00,1848504928619618,0.0,0.0,0,0.0,0.0,0,0,0.0,0.0,0.0,0,0,0,0,0,0,Nacoes Shopping,NS,TRAF - NATAL 25,TRAFFIC
2026-04-02 00:00:00,1848504928619618,0.0,0.0,0,0.0,0.0,0,0,0.0,0.0,0.0,0,0,0,0,0,0,Nacoes Shopping,NS,TRAF - NATAL 25,TRAFFIC
2026-03-28 00:00:00,1848504928619618,0.0,0.0,0,0.0,0.0,0,0,0.0,0.0,0.0,0,0,0,0,0,0,Nacoes Shopping,NS,TRAF - NATAL 25,TRAFFIC
2026-03-09 00:00:00,1855686889040914,0.0,0.0,0,0.0,0.0,0,0,0.0,0.0,0.0,0,0,0,0,0,0,Nacoes Shopping,NS,ALC - Carna PET,REACH
2026-05-05 00:00:00,1863928955315249,0.0,18.18,0,0.03,0.0,0,22,0.67,5.54,0.0,0,0,121,0,0,0,Nacoes Shopping,NS,TRAF - PROMO MAES,TRAFFIC
2026-04-30 00:00:00,1863928955315249,0.0,13.76,0,0.03,0.0,0,617,19.46,4.34,0.0,0,0,4483,0,0,0,Nacoes Shopping,NS,TRAF - PROMO MAES,TRAFFIC
2026-05-05 00:00:00,1863928702907457,0.0,0.17,6,1.04,0.0,0,20,20.84,1.76,0.0,0,0,11818,0,10,0,Nacoes Shopping,NS,ALC - PROMO MAES,REACH
2026-04-30 00:00:00,1863928702907457,0.0,0.12,2,1.43,0.0,1,14,20.04,1.74,0.0,0,0,11495,0,13,0,Nacoes Shopping,NS,ALC - PROMO MAES,REACH
2026-05-06 00:00:00,1854324205639697,0.0,0.0,0,0.0,0.0,0,0,0.0,0.0,0.0,0,0,0,0,0,0,Nacoes Shopping,NS,ALC - FERIAS NACOES SHOPPING,REACH
2026-05-06 00:00:00,1863928955315249,0.0,16.89,0,0.03,0.0,0,1088,33.04,5.13,0.0,0,0,6440,0,0,0,Nacoes Shopping,NS,TRAF - PROMO MAES,TRAFFIC
2026-05-01 00:00:00,1863928955315249,0.0,15.09,0,0.03,0.0,0,2197,55.92,3.84,0.0,0,0,14561,0,0,0,Nacoes Shopping,NS,TRAF - PROMO MAES,TRAFFIC
2026-05-06 00:00:00,1863928702907457,0.0,0.21,20,0.98,0.0,4,58,56.92,2.1,0.0,0,0,27057,0,28,0,Nacoes Shopping,NS,ALC - PROMO MAES,REACH
2026-05-01 00:00:00,1863928702907457,0.0,0.24,12,0.69,0.0,2,69,47.49,1.68,0.0,0,0,28242,0,41,0,Nacoes Shopping,NS,ALC - PROMO MAES,REACH
2026-05-03 00:00:00,1863928955315249,0.0,17.5,0,0.02,0.0,0,2662,52.9,3.48,0.0,0,0,15215,0,0,0,Nacoes Shopping,NS,TRAF - PROMO MAES,TRAFFIC
2026-05-07 00:00:00,1863928955315249,0.0,15.09,0,0.03,0.0,0,2304,68.58,4.49,0.0,0,0,15272,0,0,0,Nacoes Shopping,NS,TRAF - PROMO MAES,TRAFFIC
2026-05-02 00:00:00,1863928955315249,0.0,15.97,0,0.03,0.0,0,2149,54.69,4.06,0.0,0,0,13454,0,0,0,Nacoes Shopping,NS,TRAF - PROMO MAES,TRAFFIC
2026-05-07 00:00:00,1863928702907457,0.0,0.27,13,0.81,0.0,3,74,60.23,2.18,0.0,0,0,27603,0,33,0,Nacoes Shopping,NS,ALC - PROMO MAES,REACH
2026-05-02 00:00:00,1863928702907457,0.0,0.24,10,0.76,0.0,3,63,47.88,1.84,0.0,0,0,25997,0,41,1,Nacoes Shopping,NS,ALC - PROMO MAES,REACH
2026-05-04 00:00:00,1863928955315249,0.0,17.2,0,0.03,0.0,0,996,26.29,4.54,0.0,0,0,5792,0,0,0,Nacoes Shopping,NS,TRAF - PROMO MAES,TRAFFIC
2026-05-04 00:00:00,1863928702907457,0.0,0.15,5,1.39,0.0,0,17,23.55,2.12,0.0,0,0,11122,0,11,0,Nacoes Shopping,NS,ALC - PROMO MAES,REACH
2026-05-03 00:00:00,1863928702907457,0.0,0.21,11,0.86,0.0,1,56,48.01,1.84,0.0,0,0,26086,0,38,0,Nacoes Shopping,NS,ALC - PROMO MAES,REACH
2026-04-09 00:00:00,1855492566896834,0.0,0.0,0,0.0,0.0,0,0,0.0,0.0,0.0,0,0,0,0,0,0,Nacoes Shopping,NS,ALC - Smart Zoo,REACH
2026-05-05 00:00:00,1848504928619618,0.0,0.0,0,0.0,0.0,0,0,0.0,0.0,0.0,0,0,0,0,0,0,Nacoes Shopping,NS,TRAF - NATAL 25,TRAFFIC
2026-05-28 00:00:00,1866451828239378,0.0,0.0,8,0.0,0.0,0,0,7.75,1.66,0.0,0,0,4660,0,6,0,Nacoes Shopping,NS,ALC - TROCA DE FIGURINHAS,REACH
2026-06-03 00:00:00,1866441986593986,0.0,0.26,6,0.85,0.0,1,39,33.03,2.23,0.0,0,0,14820,0,20,0,Nacoes Shopping,NS,ALC - PROMO NAMORADOS 26,REACH
2026-06-03 00:00:00,1866451636143266,0.0,29.25,0,0.02,0.0,0,1864,33.28,5.22,0.0,0,0,6372,0,0,0,Nacoes Shopping,NS,TRAF - NAMORADOS,TRAFFIC
2026-05-25 00:00:00,1863928955315249,0.0,0.0,0,0.0,0.0,0,0,0.0,0.0,0.0,0,0,0,0,0,0,Nacoes Shopping,NS,TRAF - PROMO MAES,TRAFFIC
2026-05-15 00:00:00,1863928955315249,0.0,0.0,0,0.0,0.0,0,0,0.0,0.0,0.0,0,0,0,0,0,0,Nacoes Shopping,NS,TRAF - PROMO MAES,TRAFFIC
2026-06-06 00:00:00,1866451636143266,0.0,32.03,0,0.02,0.0,0,1652,28.59,5.54,0.0,0,0,5157,0,0,0,Nacoes Shopping,NS,TRAF - NAMORADOS,TRAFFIC
2026-05-11 00:00:00,1863928702907457,0.0,0.32,4,0.7,0.0,2,31,21.84,2.24,0.0,0,0,9731,0,14,0,Nacoes Shopping,NS,ALC - PROMO MAES,REACH
2026-05-21 00:00:00,1863928702907457,0.0,0.0,0,0.0,0.0,0,0,0.0,0.0,0.0,0,0,0,0,0,0,Nacoes Shopping,NS,ALC - PROMO MAES,REACH
2026-05-18 00:00:00,1863928955315249,0.0,0.0,0,0.0,0.0,0,0,0.0,0.0,0.0,0,0,0,0,0,0,Nacoes Shopping,NS,TRAF - PROMO MAES,TRAFFIC
2026-05-08 00:00:00,1863928955315249,0.0,15.87,0,0.03,0.0,0,2395,62.86,4.17,0.0,0,0,15087,0,0,0,Nacoes Shopping,NS,TRAF - PROMO MAES,TRAFFIC
2026-05-18 00:00:00,1863928702907457,0.0,0.0,0,0.0,0.0,0,0,0.0,0.0,0.0,0,0,0,0,0,0,Nacoes Shopping,NS,ALC - PROMO MAES,REACH
2026-05-28 00:00:00,1863928955315249,0.0,0.0,0,0.0,0.0,0,0,0.0,0.0,0.0,0,0,0,0,0,0,Nacoes Shopping,NS,TRAF - PROMO MAES,TRAFFIC
2026-06-06 00:00:00,1866441986593986,0.0,0.15,5,1.25,0.0,2,24,29.94,1.91,0.0,0,0,15679,0,15,0,Nacoes Shopping,NS,ALC - PROMO NAMORADOS 26,REACH
2026-05-30 00:00:00,1866441986593986,0.0,0.2,12,1.05,0.0,0,32,33.67,2.06,0.0,0,0,16368,0,24,2,Nacoes Shopping,NS,ALC - PROMO NAMORADOS 26,REACH
2026-06-04 00:00:00,1866451828239378,0.0,0.0,3,0.0,0.0,0,0,13.25,1.84,0.0,0,0,7190,0,9,0,Nacoes Shopping,NS,ALC - TROCA DE FIGURINHAS,REACH
2026-05-08 00:00:00,1863928702907457,0.0,0.23,18,0.95,0.0,1,57,54.3,2.2,0.0,0,0,24675,0,31,0,Nacoes Shopping,NS,ALC - PROMO MAES,REACH
2026-05-30 00:00:00,1866451636143266,0.0,28.21,0,0.02,0.0,0,1451,34.94,6.79,0.0,0,0,5144,0,0,0,Nacoes Shopping,NS,TRAF - NAMORADOS,TRAFFIC
2026-05-15 00:00:00,1863928702907457,0.0,0.0,0,0.0,0.0,0,0,0.0,0.0,0.0,0,0,0,0,0,0,Nacoes Shopping,NS,ALC - PROMO MAES,REACH
2026-06-02 00:00:00,1866451636143266,0.0,28.5,0,0.02,0.0,0,1706,33.38,5.58,0.0,0,0,5986,0,0,0,Nacoes Shopping,NS,TRAF - NAMORADOS,TRAFFIC
2026-06-01 00:00:00,1866451828239378,0.0,0.0,3,0.0,0.0,1,0,13.04,1.59,0.0,0,0,8189,0,13,0,Nacoes Shopping,NS,ALC - TROCA DE FIGURINHAS,REACH
2026-06-02 00:00:00,1866441986593986,0.0,0.24,11,0.9,0.0,1,36,32.33,2.11,0.0,0,0,15296,0,20,2,Nacoes Shopping,NS,ALC - PROMO NAMORADOS 26,REACH
2026-05-31 00:00:00,1863928955315249,0.0,0.0,0,0.0,0.0,0,0,0.0,0.0,0.0,0,0,0,0,0,0,Nacoes Shopping,NS,TRAF - PROMO MAES,TRAFFIC
2026-05-21 00:00:00,1863928955315249,0.0,0.0,0,0.0,0.0,0,0,0.0,0.0,0.0,0,0,0,0,0,0,Nacoes Shopping,NS,TRAF - PROMO MAES,TRAFFIC
2026-05-11 00:00:00,1863928955315249,0.0,15.26,0,0.03,0.0,0,692,18.34,4.04,0.0,0,0,4535,0,0,0,Nacoes Shopping,NS,TRAF - PROMO MAES,TRAFFIC
2026-06-05 00:00:00,1866451636143266,0.0,31.12,0,0.02,0.0,0,1688,27.94,5.15,0.0,0,0,5425,0,0,0,Nacoes Shopping,NS,TRAF - NAMORADOS,TRAFFIC
2026-05-12 00:00:00,1863928702907457,0.0,0.0,0,0.0,0.0,0,0,0.0,0.0,0.0,0,0,0,0,0,0,Nacoes Shopping,NS,ALC - PROMO MAES,REACH
2026-05-27 00:00:00,1863928955315249,0.0,0.0,0,0.0,0.0,0,0,0.0,0.0,0.0,0,0,0,0,0,0,Nacoes Shopping,NS,TRAF - PROMO MAES,TRAFFIC
2026-05-17 00:00:00,1863928955315249,0.0,0.0,0,0.0,0.0,0,0,0.0,0.0,0.0,0,0,0,0,0,0,Nacoes Shopping,NS,TRAF - PROMO MAES,TRAFFIC
2026-06-05 00:00:00,1866451828239378,0.0,0.0,5,0.0,0.0,1,0,12.27,1.69,0.0,0,0,7279,0,9,0,Nacoes Shopping,NS,ALC - TROCA DE FIGURINHAS,REACH
2026-05-24 00:00:00,1863928955315249,0.0,0.0,0,0.0,0.0,0,0,0.0,0.0,0.0,0,0,0,0,0,0,Nacoes Shopping,NS,TRAF - PROMO MAES,TRAFFIC
2026-05-14 00:00:00,1863928955315249,0.0,0.0,0,0.0,0.0,0,0,0.0,0.0,0.0,0,0,0,0,0,0,Nacoes Shopping,NS,TRAF - PROMO MAES,TRAFFIC
2026-05-29 00:00:00,1866451828239378,0.0,0.0,9,0.0,0.0,0,0,13.41,1.92,0.0,0,0,6999,0,4,0,Nacoes Shopping,NS,ALC - TROCA DE FIGURINHAS,REACH
2026-05-19 00:00:00,1863928702907457,0.0,0.0,0,0.0,0.0,0,0,0.0,0.0,0.0,0,0,0,0,0,0,Nacoes Shopping,NS,ALC - PROMO MAES,REACH
2026-05-09 00:00:00,1863928702907457,0.0,0.23,13,0.94,0.0,2,54,50.74,2.2,0.0,0,0,23102,0,24,0,Nacoes Shopping,NS,ALC - PROMO MAES,REACH
2026-06-05 00:00:00,1866441986593986,0.0,0.23,6,0.8,0.0,1,39,31.17,1.85,0.0,0,0,16830,0,22,1,Nacoes Shopping,NS,ALC - PROMO NAMORADOS 26,REACH
2026-06-02 00:00:00,1866451828239378,0.0,0.0,6,0.0,0.0,0,0,12.85,1.82,0.0,0,0,7069,0,6,0,Nacoes Shopping,NS,ALC - TROCA DE FIGURINHAS,REACH
2026-05-10 00:00:00,1863928955315249,0.0,15.84,0,0.02,0.0,0,2091,49.2,3.73,0.0,0,0,13200,0,0,0,Nacoes Shopping,NS,TRAF - PROMO MAES,TRAFFIC
2026-05-29 00:00:00,1866441986593986,0.0,0.18,4,1.21,0.0,0,28,33.81,2.13,0.0,0,0,15846,0,18,0,Nacoes Shopping,NS,ALC - PROMO NAMORADOS 26,REACH
2026-05-29 00:00:00,1866451636143266,0.0,23.78,0,0.03,0.0,0,1354,36.6,6.43,0.0,0,0,5693,0,0,0,Nacoes Shopping,NS,TRAF - NAMORADOS,TRAFFIC
2026-05-30 00:00:00,1863928955315249,0.0,0.0,0,0.0,0.0,0,0,0.0,0.0,0.0,0,0,0,0,0,0,Nacoes Shopping,NS,TRAF - PROMO MAES,TRAFFIC
2026-05-20 00:00:00,1863928955315249,0.0,0.0,0,0.0,0.0,0,0,0.0,0.0,0.0,0,0,0,0,0,0,Nacoes Shopping,NS,TRAF - PROMO MAES,TRAFFIC
2026-06-01 00:00:00,1866451636143266,0.0,29.04,0,0.02,0.0,0,1824,33.87,5.39,0.0,0,0,6281,0,0,0,Nacoes Shopping,NS,TRAF - NAMORADOS,TRAFFIC
2026-05-26 00:00:00,1863928702907457,0.0,0.0,0,0.0,0.0,0,0,0.0,0.0,0.0,0,0,0,0,0,0,Nacoes Shopping,NS,ALC - PROMO MAES,REACH
2026-05-16 00:00:00,1863928702907457,0.0,0.0,0,0.0,0.0,0,0,0.0,0.0,0.0,0,0,0,0,0,0,Nacoes Shopping,NS,ALC - PROMO MAES,REACH
2026-05-13 00:00:00,1863928955315249,0.0,0.0,0,0.0,0.0,0,0,0.0,0.0,0.0,0,0,0,0,0,0,Nacoes Shopping,NS,TRAF - PROMO MAES,TRAFFIC
2026-05-13 00:00:00,1863928702907457,0.0,0.0,0,0.0,0.0,0,0,0.0,0.0,0.0,0,0,0,0,0,0,Nacoes Shopping,NS,ALC - PROMO MAES,REACH
2026-05-23 00:00:00,1863928955315249,0.0,0.0,0,0.0,0.0,0,0,0.0,0.0,0.0,0,0,0,0,0,0,Nacoes Shopping,NS,TRAF - PROMO MAES,TRAFFIC
2026-06-01 00:00:00,1866441986593986,0.0,0.19,11,0.96,0.0,3,35,33.69,1.87,0.0,0,0,18000,0,21,1,Nacoes Shopping,NS,ALC - PROMO NAMORADOS 26,REACH
2026-06-04 00:00:00,1866441986593986,0.0,0.23,8,0.92,0.0,1,37,34.14,2.12,0.0,0,0,16101,0,15,0,Nacoes Shopping,NS,ALC - PROMO NAMORADOS 26,REACH
2026-05-30 00:00:00,1866451828239378,0.0,0.0,6,0.0,0.0,0,0,13.61,1.84,0.0,0,0,7414,0,11,0,Nacoes Shopping,NS,ALC - TROCA DE FIGURINHAS,REACH
2026-06-04 00:00:00,1866451636143266,0.0,31.89,0,0.02,0.0,0,2122,32.48,4.88,0.0,0,0,6654,0,0,0,Nacoes Shopping,NS,TRAF - NAMORADOS,TRAFFIC
2026-05-20 00:00:00,1863928702907457,0.0,0.0,0,0.0,0.0,0,0,0.0,0.0,0.0,0,0,0,0,0,0,Nacoes Shopping,NS,ALC - PROMO MAES,REACH
2026-05-10 00:00:00,1863928702907457,0.0,0.27,16,0.79,0.0,2,61,48.16,2.13,0.0,0,0,22583,0,21,1,Nacoes Shopping,NS,ALC - PROMO MAES,REACH
2026-05-28 00:00:00,1866451636143266,0.0,21.32,0,0.03,0.0,0,906,24.52,5.77,0.0,0,0,4250,0,0,0,Nacoes Shopping,NS,TRAF - NAMORADOS,TRAFFIC
2026-06-06 00:00:00,1866451828239378,0.0,0.0,3,0.0,0.0,0,0,12.09,1.7,0.0,0,0,7108,0,9,0,Nacoes Shopping,NS,ALC - TROCA DE FIGURINHAS,REACH
2026-05-28 00:00:00,1866441986593986,0.0,0.22,7,0.85,0.0,1,23,19.57,1.83,0.0,0,0,10688,0,14,0,Nacoes Shopping,NS,ALC - PROMO NAMORADOS 26,REACH
2026-05-16 00:00:00,1863928955315249,0.0,0.0,0,0.0,0.0,0,0,0.0,0.0,0.0,0,0,0,0,0,0,Nacoes Shopping,NS,TRAF - PROMO MAES,TRAFFIC
2026-05-31 00:00:00,1866451636143266,0.0,24.46,0,0.02,0.0,0,1755,37.47,5.22,0.0,0,0,7174,0,0,0,Nacoes Shopping,NS,TRAF - NAMORADOS,TRAFFIC
2026-05-17 00:00:00,1863928702907457,0.0,0.0,0,0.0,0.0,0,0,0.0,0.0,0.0,0,0,0,0,0,0,Nacoes Shopping,NS,ALC - PROMO MAES,REACH
2026-05-22 00:00:00,1863928955315249,0.0,0.0,0,0.0,0.0,0,0,0.0,0.0,0.0,0,0,0,0,0,0,Nacoes Shopping,NS,TRAF - PROMO MAES,TRAFFIC
2026-05-12 00:00:00,1863928955315249,0.0,0.0,0,0.0,0.0,0,0,0.0,0.0,0.0,0,0,0,0,0,0,Nacoes Shopping,NS,TRAF - PROMO MAES,TRAFFIC
2026-05-27 00:00:00,1863928702907457,0.0,0.0,0,0.0,0.0,0,0,0.0,0.0,0.0,0,0,0,0,0,0,Nacoes Shopping,NS,ALC - PROMO MAES,REACH
2026-05-31 00:00:00,1866451828239378,0.0,0.0,2,0.0,0.0,1,0,12.93,1.69,0.0,0,0,7670,0,8,0,Nacoes Shopping,NS,ALC - TROCA DE FIGURINHAS,REACH
2026-05-19 00:00:00,1863928955315249,0.0,0.0,0,0.0,0.0,0,0,0.0,0.0,0.0,0,0,0,0,0,0,Nacoes Shopping,NS,TRAF - PROMO MAES,TRAFFIC
2026-05-09 00:00:00,1863928955315249,0.0,17.44,0,0.02,0.0,0,2395,58.05,4.23,0.0,0,0,13735,0,0,0,Nacoes Shopping,NS,TRAF - PROMO MAES,TRAFFIC
2026-06-03 00:00:00,1866451828239378,0.0,0.0,2,0.0,0.0,0,0,13.25,1.89,0.0,0,0,7015,1,8,0,Nacoes Shopping,NS,ALC - TROCA DE FIGURINHAS,REACH
2026-05-14 00:00:00,1863928702907457,0.0,0.0,0,0.0,0.0,0,0,0.0,0.0,0.0,0,0,0,0,0,0,Nacoes Shopping,NS,ALC - PROMO MAES,REACH
2026-05-31 00:00:00,1866441986593986,0.0,0.28,5,0.71,0.0,1,48,33.95,1.98,0.0,0,0,17145,0,21,1,Nacoes Shopping,NS,ALC - PROMO NAMORADOS 26,REACH
2026-06-07 00:00:00,1866451828239378,0.0,0.0,10,0.0,0.0,2,0,11.68,1.49,0.0,0,0,7833,0,11,0,Nacoes Shopping,NS,ALC - TROCA DE FIGURINHAS,REACH
2026-06-13 00:00:00,1866441986593986,0.0,0.18,8,1.03,0.0,0,19,19.51,1.86,0.0,0,0,10506,0,13,0,Nacoes Shopping,NS,ALC - PROMO NAMORADOS 26,REACH
2026-06-27 00:00:00,1866451828239378,0.0,0.0,2,0.0,0.0,0,0,6.25,1.96,0.0,0,0,3183,0,2,0,Nacoes Shopping,NS,ALC - TROCA DE FIGURINHAS,REACH
2026-07-03 00:00:00,1869534270825826,0.0,0.0,45,0.0,0.0,8,0,131.98,2.59,0.0,0,0,50990,1,77,2,Nacoes Shopping,NS,ALC - SALE,REACH
2026-06-17 00:00:00,1866451828239378,0.0,0.0,4,0.0,0.0,0,0,10.42,1.92,0.0,0,0,5421,0,6,0,Nacoes Shopping,NS,ALC - TROCA DE FIGURINHAS,REACH
2026-06-13 00:00:00,1866451636143266,0.0,24.83,0,0.02,0.0,0,842,16.98,5.01,0.0,0,0,3391,0,0,0,Nacoes Shopping,NS,TRAF - NAMORADOS,TRAFFIC
2026-07-05 00:00:00,1869534510406689,0.0,0.0,93,0.0,0.0,35,0,34.65,8.56,0.0,0,0,4047,1,19,0,Nacoes Shopping,NS,Interações com a comunidade - NS,ENGAGEMENT
2026-06-14 00:00:00,1863928955315249,0.0,0.0,0,0.0,0.0,0,0,0.0,0.0,0.0,0,0,0,0,0,0,Nacoes Shopping,NS,TRAF - PROMO MAES,TRAFFIC
2026-07-03 00:00:00,1848504928619618,0.0,0.0,0,0.0,0.0,0,0,0.0,0.0,0.0,0,0,0,0,0,0,Nacoes Shopping,NS,TRAF - NATAL 25,TRAFFIC
2026-06-23 00:00:00,1848504928619618,0.0,0.0,0,0.0,0.0,0,0,0.0,0.0,0.0,0,0,0,0,0,0,Nacoes Shopping,NS,TRAF - NATAL 25,TRAFFIC
2026-07-01 00:00:00,1863928955315249,0.0,0.0,0,0.0,0.0,0,0,0.0,0.0,0.0,0,0,0,0,0,0,Nacoes Shopping,NS,TRAF - PROMO MAES,TRAFFIC
2026-06-16 00:00:00,1866451636143266,0.0,0.0,0,0.0,0.0,0,0,0.0,0.0,0.0,0,0,0,0,0,0,Nacoes Shopping,NS,TRAF - NAMORADOS,TRAFFIC
2026-07-02 00:00:00,1869534510406689,0.0,0.0,64,0.0,0.0,32,0,42.54,19.93,0.0,0,0,2135,2,4,0,Nacoes Shopping,NS,Interações com a comunidade - NS,ENGAGEMENT
2026-06-16 00:00:00,1866441986593986,0.0,0.0,0,0.0,0.0,0,0,0.0,0.0,0.0,0,0,0,0,0,0,Nacoes Shopping,NS,ALC - PROMO NAMORADOS 26,REACH
2026-06-09 00:00:00,1866441986593986,0.0,0.21,6,0.94,0.0,2,30,28.17,1.94,0.0,0,0,14551,0,24,0,Nacoes Shopping,NS,ALC - PROMO NAMORADOS 26,REACH
2026-06-24 00:00:00,1866451828239378,0.0,0.0,3,0.0,0.0,0,0,8.7,2.18,0.0,0,0,3989,0,2,0,Nacoes Shopping,NS,ALC - TROCA DE FIGURINHAS,REACH
2026-06-14 00:00:00,1866451828239378,0.0,0.0,5,0.0,0.0,1,0,11.51,1.48,0.0,0,0,7783,0,7,1,Nacoes Shopping,NS,ALC - TROCA DE FIGURINHAS,REACH
2026-07-04 00:00:00,1866451828239378,0.0,0.0,0,0.0,0.0,0,0,0.0,0.0,0.0,0,0,0,0,0,0,Nacoes Shopping,NS,ALC - TROCA DE FIGURINHAS,REACH
2026-06-19 00:00:00,1866451636143266,0.0,0.0,0,0.0,0.0,0,0,0.0,0.0,0.0,0,0,0,0,0,0,Nacoes Shopping,NS,TRAF - NAMORADOS,TRAFFIC
2026-06-09 00:00:00,1866451636143266,0.0,25.05,0,0.02,0.0,0,1388,26.54,4.79,0.0,0,0,5541,0,0,0,Nacoes Shopping,NS,TRAF - NAMORADOS,TRAFFIC
2026-06-28 00:00:00,1866451828239378,0.0,0.0,4,0.0,0.0,0,0,4.78,1.61,0.0,0,0,2967,0,2,0,Nacoes Shopping,NS,ALC - TROCA DE FIGURINHAS,REACH
2026-07-04 00:00:00,1869534270825826,0.0,0.0,49,0.0,0.0,7,0,129.46,2.85,0.0,0,0,45358,0,76,1,Nacoes Shopping,NS,ALC - SALE,REACH
2026-06-18 00:00:00,1866451828239378,0.0,0.0,5,0.0,0.0,0,0,11.38,1.9,0.0,0,0,5976,0,5,0,Nacoes Shopping,NS,ALC - TROCA DE FIGURINHAS,REACH
2026-06-19 00:00:00,1866441986593986,0.0,0.0,0,0.0,0.0,0,0,0.0,0.0,0.0,0,0,0,0,0,0,Nacoes Shopping,NS,ALC - PROMO NAMORADOS 26,REACH
2026-07-01 00:00:00,1866451828239378,0.0,0.0,0,0.0,0.0,0,0,0.0,0.0,0.0,0,0,0,0,0,0,Nacoes Shopping,NS,ALC - TROCA DE FIGURINHAS,REACH
2026-06-21 00:00:00,1866451828239378,0.0,0.0,1,0.0,0.0,1,0,9.31,1.64,0.0,0,0,5663,0,4,0,Nacoes Shopping,NS,ALC - TROCA DE FIGURINHAS,REACH
2026-06-11 00:00:00,1866451828239378,0.0,0.0,1,0.0,0.0,1,0,11.71,1.83,0.0,0,0,6397,0,6,0,Nacoes Shopping,NS,ALC - TROCA DE FIGURINHAS,REACH
2026-06-12 00:00:00,1866441986593986,0.0,0.16,8,1.18,0.0,2,20,23.63,1.94,0.0,0,0,12169,0,13,0,Nacoes Shopping,NS,ALC - PROMO NAMORADOS 26,REACH
2026-06-12 00:00:00,1866451636143266,0.0,22.2,0,0.02,0.0,0,1181,22.5,4.23,0.0,0,0,5321,0,0,0,Nacoes Shopping,NS,TRAF - NAMORADOS,TRAFFIC
2026-07-04 00:00:00,1869534510406689,0.0,0.0,86,0.0,0.0,43,0,34.07,10.51,0.0,0,0,3242,0,11,0,Nacoes Shopping,NS,Interações com a comunidade - NS,ENGAGEMENT
2026-06-15 00:00:00,1866451636143266,0.0,0.0,0,0.0,0.0,0,0,0.0,0.0,0.0,0,0,0,0,0,0,Nacoes Shopping,NS,TRAF - NAMORADOS,TRAFFIC
2026-07-01 00:00:00,1869534270825826,0.0,0.0,39,0.0,0.0,3,0,59.49,1.4,0.0,0,0,42592,0,52,1,Nacoes Shopping,NS,ALC - SALE,REACH
2026-06-25 00:00:00,1866451828239378,0.0,0.0,1,0.0,0.0,0,0,8.64,2.04,0.0,0,0,4231,0,3,0,Nacoes Shopping,NS,ALC - TROCA DE FIGURINHAS,REACH
2026-06-15 00:00:00,1866451828239378,0.0,0.0,2,0.0,0.0,1,0,10.92,1.48,0.0,0,0,7367,0,7,0,Nacoes Shopping,NS,ALC - TROCA DE FIGURINHAS,REACH
2026-07-01 00:00:00,1869534510406689,0.0,0.0,42,0.0,0.0,13,0,19.97,21.22,0.0,0,0,941,0,4,0,Nacoes Shopping,NS,Interações com a comunidade - NS,ENGAGEMENT
2026-06-08 00:00:00,1866451828239378,0.0,0.0,4,0.0,0.0,1,0,11.9,1.62,0.0,0,0,7350,0,10,0,Nacoes Shopping,NS,ALC - TROCA DE FIGURINHAS,REACH
2026-06-15 00:00:00,1866441986593986,0.0,0.0,0,0.0,0.0,0,0,0.0,0.0,0.0,0,0,0,0,0,0,Nacoes Shopping,NS,ALC - PROMO NAMORADOS 26,REACH
2026-06-18 00:00:00,1866441986593986,0.0,0.0,0,0.0,0.0,0,0,0.0,0.0,0.0,0,0,0,0,0,0,Nacoes Shopping,NS,ALC - PROMO NAMORADOS 26,REACH
2026-06-08 00:00:00,1866441986593986,0.0,0.2,10,0.92,0.0,0,31,28.46,1.82,0.0,0,0,15610,0,18,0,Nacoes Shopping,NS,ALC - PROMO NAMORADOS 26,REACH
2026-06-22 00:00:00,1866451828239378,0.0,0.0,4,0.0,0.0,0,0,8.85,1.73,0.0,0,0,5118,0,2,0,Nacoes Shopping,NS,ALC - TROCA DE FIGURINHAS,REACH
2026-06-12 00:00:00,1866451828239378,0.0,0.0,3,0.0,0.0,0,0,11.71,1.86,0.0,0,0,6298,0,8,0,Nacoes Shopping,NS,ALC - TROCA DE FIGURINHAS,REACH
2026-06-08 00:00:00,1866451636143266,0.0,28.77,0,0.02,0.0,0,1519,27.33,5.18,0.0,0,0,5279,0,0,0,Nacoes Shopping,NS,TRAF - NAMORADOS,TRAFFIC
2026-06-18 00:00:00,1866451636143266,0.0,0.0,0,0.0,0.0,0,0,0.0,0.0,0.0,0,0,0,0,0,0,Nacoes Shopping,NS,TRAF - NAMORADOS,TRAFFIC
2026-06-21 00:00:00,1866451636143266,0.0,0.0,0,0.0,0.0,0,0,0.0,0.0,0.0,0,0,0,0,0,0,Nacoes Shopping,NS,TRAF - NAMORADOS,TRAFFIC
2026-06-16 00:00:00,1863928955315249,0.0,0.0,0,0.0,0.0,0,0,0.0,0.0,0.0,0,0,0,0,0,0,Nacoes Shopping,NS,TRAF - PROMO MAES,TRAFFIC
2026-06-11 00:00:00,1866451636143266,0.0,24.93,0,0.02,0.0,0,1245,23.87,4.78,0.0,0,0,4993,0,0,0,Nacoes Shopping,NS,TRAF - NAMORADOS,TRAFFIC
2026-06-12 00:00:00,1863928702907457,0.0,0.0,0,0.0,0.0,0,0,0.0,0.0,0.0,0,0,0,0,0,0,Nacoes Shopping,NS,ALC - PROMO MAES,REACH
2026-06-21 00:00:00,1866441986593986,0.0,0.0,0,0.0,0.0,0,0,0.0,0.0,0.0,0,0,0,0,0,0,Nacoes Shopping,NS,ALC - PROMO NAMORADOS 26,REACH
2026-06-11 00:00:00,1866441986593986,0.0,0.13,6,1.46,0.0,1,18,26.34,1.96,0.0,0,0,13406,0,12,0,Nacoes Shopping,NS,ALC - PROMO NAMORADOS 26,REACH
2026-07-04 00:00:00,1866451636143266,0.0,0.0,0,0.0,0.0,0,0,0.0,0.0,0.0,0,0,0,0,0,0,Nacoes Shopping,NS,TRAF - NAMORADOS,TRAFFIC
2026-07-05 00:00:00,1869534270825826,0.0,0.0,11,0.0,0.0,1,0,47.53,3.06,0.0,0,0,15521,1,21,0,Nacoes Shopping,NS,ALC - SALE,REACH
2026-06-19 00:00:00,1866451828239378,0.0,0.0,3,0.0,0.0,0,0,10.64,2.11,0.0,0,0,5043,0,2,0,Nacoes Shopping,NS,ALC - TROCA DE FIGURINHAS,REACH
2026-06-09 00:00:00,1866451828239378,0.0,0.0,5,0.0,0.0,0,0,11.52,1.7,0.0,0,0,6770,0,7,0,Nacoes Shopping,NS,ALC - TROCA DE FIGURINHAS,REACH
2026-06-29 00:00:00,1866451828239378,0.0,0.0,0,0.0,0.0,0,0,3.62,2.04,0.0,0,0,1776,0,1,0,Nacoes Shopping,NS,ALC - TROCA DE FIGURINHAS,REACH
2026-06-14 00:00:00,1866451636143266,0.0,26.66,0,0.02,0.0,0,185,3.6,5.19,0.0,0,0,694,0,0,0,Nacoes Shopping,NS,TRAF - NAMORADOS,TRAFFIC
2026-07-03 00:00:00,1866451828239378,0.0,0.0,0,0.0,0.0,0,0,0.0,0.0,0.0,0,0,0,0,0,0,Nacoes Shopping,NS,ALC - TROCA DE FIGURINHAS,REACH
2026-06-23 00:00:00,1866451828239378,0.0,0.0,3,0.0,0.0,1,0,9.06,1.89,0.0,0,0,4799,0,5,0,Nacoes Shopping,NS,ALC - TROCA DE FIGURINHAS,REACH
2026-06-14 00:00:00,1866441986593986,0.0,0.08,1,2.33,0.0,0,1,2.33,1.84,0.0,0,0,1265,0,0,0,Nacoes Shopping,NS,ALC - PROMO NAMORADOS 26,REACH
2026-06-27 00:00:00,1866441986593986,0.0,0.0,0,0.0,0.0,0,0,0.0,0.0,0.0,0,0,0,0,0,0,Nacoes Shopping,NS,ALC - PROMO NAMORADOS 26,REACH
2026-07-02 00:00:00,1869534270825826,0.0,0.0,67,0.0,0.0,5,0,131.54,2.18,0.0,0,0,60377,1,125,0,Nacoes Shopping,NS,ALC - SALE,REACH
2026-06-26 00:00:00,1866451828239378,0.0,0.0,4,0.0,0.0,0,0,7.44,2.11,0.0,0,0,3524,0,4,0,Nacoes Shopping,NS,ALC - TROCA DE FIGURINHAS,REACH
2026-06-16 00:00:00,1866451828239378,0.0,0.0,2,0.0,0.0,1,0,11.11,1.72,0.0,0,0,6457,0,6,0,Nacoes Shopping,NS,ALC - TROCA DE FIGURINHAS,REACH
2026-06-07 00:00:00,1866441986593986,0.0,0.16,12,1.11,0.0,0,26,28.93,1.73,0.0,0,0,16696,0,24,1,Nacoes Shopping,NS,ALC - PROMO NAMORADOS 26,REACH
2026-06-17 00:00:00,1866441986593986,0.0,0.0,0,0.0,0.0,0,0,0.0,0.0,0.0,0,0,0,0,0,0,Nacoes Shopping,NS,ALC - PROMO NAMORADOS 26,REACH
2026-06-17 00:00:00,1866451636143266,0.0,0.0,0,0.0,0.0,0,0,0.0,0.0,0.0,0,0,0,0,0,0,Nacoes Shopping,NS,TRAF - NAMORADOS,TRAFFIC
2026-06-07 00:00:00,1866451636143266,0.0,31.14,0,0.02,0.0,0,1878,29.99,4.97,0.0,0,0,6031,0,0,0,Nacoes Shopping,NS,TRAF - NAMORADOS,TRAFFIC
2026-06-10 00:00:00,1866451636143266,0.0,23.95,0,0.02,0.0,0,1269,26.12,4.93,0.0,0,0,5298,0,0,0,Nacoes Shopping,NS,TRAF - NAMORADOS,TRAFFIC
2026-06-30 00:00:00,1866451636143266,0.0,0.0,0,0.0,0.0,0,0,0.0,0.0,0.0,0,0,0,0,0,0,Nacoes Shopping,NS,TRAF - NAMORADOS,TRAFFIC
2026-07-03 00:00:00,1869534510406689,0.0,0.0,98,0.0,0.0,41,0,32.91,9.81,0.0,0,0,3355,0,12,0,Nacoes Shopping,NS,Interações com a comunidade - NS,ENGAGEMENT
2026-07-06 00:00:00,1869534270825826,0.0,0.0,0,0.0,0.0,0,0,0.0,0.0,0.0,0,0,0,0,0,0,Nacoes Shopping,NS,ALC - SALE,REACH
2026-06-20 00:00:00,1866451828239378,0.0,0.0,3,0.0,0.0,0,0,10.09,1.79,0.0,0,0,5640,0,7,0,Nacoes Shopping,NS,ALC - TROCA DE FIGURINHAS,REACH
2026-06-30 00:00:00,1866451828239378,0.0,0.0,0,0.0,0.0,0,0,0.22,2.53,0.0,0,0,87,0,0,0,Nacoes Shopping,NS,ALC - TROCA DE FIGURINHAS,REACH
2026-06-10 00:00:00,1866451828239378,0.0,0.0,3,0.0,0.0,2,0,11.92,1.84,0.0,0,0,6469,0,13,0,Nacoes Shopping,NS,ALC - TROCA DE FIGURINHAS,REACH
2026-07-06 00:00:00,1869534510406689,0.0,0.0,65,0.0,0.0,36,0,32.38,9.34,0.0,0,0,3467,0,19,0,Nacoes Shopping,NS,Interações com a comunidade - NS,ENGAGEMENT
2026-06-18 00:00:00,1863928955315249,0.0,0.0,0,0.0,0.0,0,0,0.0,0.0,0.0,0,0,0,0,0,0,Nacoes Shopping,NS,TRAF - PROMO MAES,TRAFFIC
2026-06-13 00:00:00,1866451828239378,0.0,0.0,6,0.0,0.0,0,0,12.16,1.8,0.0,0,0,6741,0,12,0,Nacoes Shopping,NS,ALC - TROCA DE FIGURINHAS,REACH
2026-06-10 00:00:00,1866441986593986,0.0,0.11,4,1.95,0.0,0,14,27.32,2.1,0.0,0,0,13023,0,19,0,Nacoes Shopping,NS,ALC - PROMO NAMORADOS 26,REACH
2026-08-05 00:00:00,1872627587449090,0.0,1.97,0,8.45,0.0,0,3,25.34,166.71,0.0,0,0,152,0,2,0,Nacoes Shopping,NS,TRAF - PAIS 26 ,TRAFFIC
2026-07-08 00:00:00,1869534270825826,0.0,0.0,0,0.0,0.0,0,0,0.0,0.0,0.0,0,0,0,0,0,0,Nacoes Shopping,NS,ALC - SALE,REACH
2026-07-19 00:00:00,1869534270825826,0.0,0.0,0,0.0,0.0,0,0,0.0,0.0,0.0,0,0,0,0,0,0,Nacoes Shopping,NS,ALC - SALE,REACH
2026-07-09 00:00:00,1869534270825826,0.0,0.0,0,0.0,0.0,0,0,0.0,0.0,0.0,0,0,0,0,0,0,Nacoes Shopping,NS,ALC - SALE,REACH
2026-07-13 00:00:00,1866451828239378,0.0,0.0,0,0.0,0.0,0,0,0.0,0.0,0.0,0,0,0,0,0,0,Nacoes Shopping,NS,ALC - TROCA DE FIGURINHAS,REACH
2026-08-04 00:00:00,1872627476581490,0.0,0.0,0,0.0,0.0,0,0,0.24,0.91,0.0,0,0,264,0,0,0,Nacoes Shopping,NS,ALC - PAIS 26 ,REACH
2026-07-07 00:00:00,1869534270825826,0.0,0.0,0,0.0,0.0,0,0,0.0,0.0,0.0,0,0,0,0,0,0,Nacoes Shopping,NS,ALC - SALE,REACH
2026-07-12 00:00:00,1869534510406689,0.0,0.0,0,0.0,0.0,0,0,0.0,0.0,0.0,0,0,0,0,0,0,Nacoes Shopping,NS,Interações com a comunidade - NS,ENGAGEMENT
2026-07-07 00:00:00,1869534510406689,0.0,0.0,14,0.0,0.0,3,0,16.31,11.98,0.0,0,0,1361,0,4,0,Nacoes Shopping,NS,Interações com a comunidade - NS,ENGAGEMENT
2026-07-25 00:00:00,1848504928619618,0.0,0.0,0,0.0,0.0,0,0,0.0,0.0,0.0,0,0,0,0,0,0,Nacoes Shopping,NS,TRAF - NATAL 25,TRAFFIC
2026-07-08 00:00:00,1869534510406689,0.0,0.0,0,0.0,0.0,0,0,0.0,0.0,0.0,0,0,0,0,0,0,Nacoes Shopping,NS,Interações com a comunidade - NS,ENGAGEMENT
2026-07-11 00:00:00,1869534510406689,0.0,0.0,0,0.0,0.0,0,0,0.0,0.0,0.0,0,0,0,0,0,0,Nacoes Shopping,NS,Interações com a comunidade - NS,ENGAGEMENT
2026-07-10 00:00:00,1869534270825826,0.0,0.0,0,0.0,0.0,0,0,0.0,0.0,0.0,0,0,0,0,0,0,Nacoes Shopping,NS,ALC - SALE,REACH
2026-08-05 00:00:00,1872627476581490,0.0,0.17,20,0.99,0.0,4,45,44.77,1.65,0.0,0,0,27076,0,37,0,Nacoes Shopping,NS,ALC - PAIS 26 ,REACH
2026-08-10 00:00:00,1872627587449090,0.0,1.87,0,5.26,0.0,0,4,21.02,98.22,0.0,0,0,214,0,0,0,Nacoes Shopping,NS,TRAF - PAIS 26 ,TRAFFIC
2026-08-13 00:00:00,1872627476581490,0.0,0.2,12,0.99,0.0,2,40,39.53,2.0,0.0,0,0,19750,0,27,1,Nacoes Shopping,NS,ALC - PAIS 26 ,REACH
2026-08-08 00:00:00,1872627476581490,0.0,0.23,17,0.9,0.0,3,51,45.92,2.05,0.0,0,0,22355,0,42,0,Nacoes Shopping,NS,ALC - PAIS 26 ,REACH
2026-08-12 00:00:00,1866451636143266,0.0,0.0,0,0.0,0.0,0,0,0.0,0.0,0.0,0,0,0,0,0,0,Nacoes Shopping,NS,TRAF - NAMORADOS,TRAFFIC
2026-08-28 00:00:00,1872627476581490,0.0,0.0,0,0.0,0.0,0,0,0.0,0.0,0.0,0,0,0,0,0,0,Nacoes Shopping,NS,ALC - PAIS 26 ,REACH
2026-08-23 00:00:00,1872627476581490,0.0,0.0,0,0.0,0.0,0,0,0.0,0.0,0.0,0,0,0,0,0,0,Nacoes Shopping,NS,ALC - PAIS 26 ,REACH
2026-08-18 00:00:00,1872627476581490,0.0,0.0,0,0.0,0.0,0,0,0.0,0.0,0.0,0,0,0,0,0,0,Nacoes Shopping,NS,ALC - PAIS 26 ,REACH
2026-08-15 00:00:00,1872627587449090,0.0,0.84,1,8.06,0.0,1,5,40.32,67.76,0.0,0,0,595,0,1,0,Nacoes Shopping,NS,TRAF - PAIS 26 ,TRAFFIC
2026-08-08 00:00:00,1872627587449090,0.0,1.45,1,3.16,0.0,0,6,18.95,45.77,0.0,0,0,414,0,2,0,Nacoes Shopping,NS,TRAF - PAIS 26 ,TRAFFIC
2026-08-13 00:00:00,1872627587449090,0.0,0.8,2,6.66,0.0,1,4,26.65,53.09,0.0,0,0,502,0,1,0,Nacoes Shopping,NS,TRAF - PAIS 26 ,TRAFFIC
2026-08-31 00:00:00,1863928955315249,0.0,0.0,0,0.0,0.0,0,0,0.0,0.0,0.0,0,0,0,0,0,0,Nacoes Shopping,NS,TRAF - PROMO MAES,TRAFFIC
2026-08-18 00:00:00,1872627587449090,0.0,2.39,1,3.99,0.0,0,6,23.95,95.42,0.0,0,0,251,0,0,0,Nacoes Shopping,NS,TRAF - PAIS 26 ,TRAFFIC
2026-08-11 00:00:00,1872627587449090,0.0,1.01,0,2.39,0.0,1,2,4.77,24.09,0.0,0,0,198,0,0,0,Nacoes Shopping,NS,TRAF - PAIS 26 ,TRAFFIC
2026-08-06 00:00:00,1872627587449090,0.0,0.0,0,0.0,0.0,0,0,0.0,0.0,0.0,0,0,181,0,0,0,Nacoes Shopping,NS,TRAF - PAIS 26 ,TRAFFIC
2026-08-20 00:00:00,1872627476581490,0.0,0.0,0,0.0,0.0,0,0,0.0,0.0,0.0,0,0,0,0,0,0,Nacoes Shopping,NS,ALC - PAIS 26 ,REACH
2026-08-15 00:00:00,1872627476581490,0.0,0.2,9,1.06,0.0,1,43,45.63,2.17,0.0,0,0,21066,0,23,0,Nacoes Shopping,NS,ALC - PAIS 26 ,REACH
2026-08-10 00:00:00,1872627476581490,0.0,0.24,15,0.85,0.0,2,52,43.96,2.05,0.0,0,0,21494,0,37,1,Nacoes Shopping,NS,ALC - PAIS 26 ,REACH
2026-08-16 00:00:00,1872627587449090,0.0,0.69,1,4.78,0.0,1,5,23.88,33.07,0.0,0,0,722,0,1,0,Nacoes Shopping,NS,TRAF - PAIS 26 ,TRAFFIC
2026-08-24 00:00:00,1872627476581490,0.0,0.0,0,0.0,0.0,0,0,0.0,0.0,0.0,0,0,0,0,0,0,Nacoes Shopping,NS,ALC - PAIS 26 ,REACH
2026-08-19 00:00:00,1872627476581490,0.0,0.0,0,0.0,0.0,0,0,0.0,0.0,0.0,0,0,0,0,0,0,Nacoes Shopping,NS,ALC - PAIS 26 ,REACH
2026-08-14 00:00:00,1872627476581490,0.0,0.27,16,0.75,0.0,0,51,38.29,2.03,0.0,0,0,18862,0,35,2,Nacoes Shopping,NS,ALC - PAIS 26 ,REACH
2026-08-09 00:00:00,1872627476581490,0.0,0.22,11,0.88,0.0,4,51,44.91,1.95,0.0,0,0,22987,0,37,0,Nacoes Shopping,NS,ALC - PAIS 26 ,REACH
2026-08-19 00:00:00,1872627587449090,0.0,0.0,0,0.0,0.0,0,0,0.0,0.0,0.0,0,0,0,0,0,0,Nacoes Shopping,NS,TRAF - PAIS 26 ,TRAFFIC
2026-08-27 00:00:00,1872627476581490,0.0,0.0,0,0.0,0.0,0,0,0.0,0.0,0.0,0,0,0,0,0,0,Nacoes Shopping,NS,ALC - PAIS 26 ,REACH
2026-08-22 00:00:00,1872627476581490,0.0,0.0,0,0.0,0.0,0,0,0.0,0.0,0.0,0,0,0,0,0,0,Nacoes Shopping,NS,ALC - PAIS 26 ,REACH
2026-08-17 00:00:00,1872627476581490,0.0,0.0,0,0.0,0.0,0,0,0.0,0.0,0.0,0,0,0,0,0,0,Nacoes Shopping,NS,ALC - PAIS 26 ,REACH
2026-08-14 00:00:00,1872627587449090,0.0,0.26,0,11.82,0.0,0,1,11.82,30.31,0.0,0,0,390,0,0,0,Nacoes Shopping,NS,TRAF - PAIS 26 ,TRAFFIC
2026-08-09 00:00:00,1872627587449090,0.0,4.14,0,1.51,0.0,0,12,18.13,62.52,0.0,0,0,290,0,1,0,Nacoes Shopping,NS,TRAF - PAIS 26 ,TRAFFIC
2026-08-07 00:00:00,1872627476581490,0.0,0.17,19,1.18,0.0,0,39,46.19,1.98,0.0,0,0,23311,0,33,2,Nacoes Shopping,NS,ALC - PAIS 26 ,REACH
2026-08-12 00:00:00,1872627476581490,0.0,0.3,14,0.67,0.0,0,60,40.14,2.0,0.0,0,0,20032,0,32,0,Nacoes Shopping,NS,ALC - PAIS 26 ,REACH
2026-08-26 00:00:00,1872627476581490,0.0,0.0,0,0.0,0.0,0,0,0.0,0.0,0.0,0,0,0,0,0,0,Nacoes Shopping,NS,ALC - PAIS 26 ,REACH
2026-08-11 00:00:00,1872627476581490,0.0,0.24,14,0.86,0.0,1,50,42.78,2.05,0.0,0,0,20842,0,38,0,Nacoes Shopping,NS,ALC - PAIS 26 ,REACH
2026-08-06 00:00:00,1872627476581490,0.0,0.15,13,1.22,0.0,2,38,46.26,1.88,0.0,0,0,24601,0,34,0,Nacoes Shopping,NS,ALC - PAIS 26 ,REACH
2026-08-29 00:00:00,1866451828239378,0.0,0.0,0,0.0,0.0,0,0,0.0,0.0,0.0,0,0,0,0,0,0,Nacoes Shopping,NS,ALC - TROCA DE FIGURINHAS,REACH
2026-08-21 00:00:00,1872627476581490,0.0,0.0,0,0.0,0.0,0,0,0.0,0.0,0.0,0,0,0,0,0,0,Nacoes Shopping,NS,ALC - PAIS 26 ,REACH
2026-08-16 00:00:00,1872627476581490,0.0,0.2,11,1.07,0.0,3,20,21.38,2.1,0.0,0,0,10198,0,12,2,Nacoes Shopping,NS,ALC - PAIS 26 ,REACH
2026-08-17 00:00:00,1872627587449090,0.0,0.9,1,13.22,0.0,0,5,66.11,119.33,0.0,0,0,554,0,1,0,Nacoes Shopping,NS,TRAF - PAIS 26 ,TRAFFIC
2026-08-12 00:00:00,1872627587449090,0.0,0.84,0,2.79,0.0,0,4,11.17,23.52,0.0,0,0,475,0,4,0,Nacoes Shopping,NS,TRAF - PAIS 26 ,TRAFFIC
2026-08-07 00:00:00,1872627587449090,0.0,1.48,0,2.75,0.0,0,2,5.5,40.74,0.0,0,0,135,0,3,0,Nacoes Shopping,NS,TRAF - PAIS 26 ,TRAFFIC
2026-10-03 00:00:00,1877874914824466,0.0,0.0,35,0.0,0.0,1,0,52.28,1.76,0.0,0,0,29738,2,41,0,Nacoes Shopping,NS,ALC - ANUNCIOS OUT,REACH
2026-10-04 00:00:00,1877874914824466,0.0,0.0,32,0.0,0.0,2,0,51.61,1.78,0.0,0,0,29023,1,49,1,Nacoes Shopping,NS,ALC - ANUNCIOS OUT,REACH
2026-10-01 00:00:00,1877874914824466,0.0,0.0,15,0.0,0.0,3,0,24.69,1.4,0.0,0,0,17595,0,28,0,Nacoes Shopping,NS,ALC - ANUNCIOS OUT,REACH
2026-10-02 00:00:00,1863928955315249,0.0,0.0,0,0.0,0.0,0,0,0.0,0.0,0.0,0,0,0,0,0,0,Nacoes Shopping,NS,TRAF - PROMO MAES,TRAFFIC
2026-10-02 00:00:00,1877874914824466,0.0,0.0,18,0.0,0.0,0,0,50.78,1.64,0.0,0,0,30874,0,42,0,Nacoes Shopping,NS,ALC - ANUNCIOS OUT,REACH
2026-09-29 00:00:00,1863928955315249,0.0,0.0,0,0.0,0.0,0,0,0.0,0.0,0.0,0,0,0,0,0,0,Nacoes Shopping,NS,TRAF - PROMO MAES,TRAFFIC
2026-10-05 00:00:00,1872627476581490,0.0,0.0,0,0.0,0.0,0,0,0.0,0.0,0.0,0,0,0,0,0,0,Nacoes Shopping,NS,ALC - PAIS 26 ,REACH
2026-10-08 00:00:00,1877874914824466,0.0,0.0,32,0.0,0.0,2,0,57.86,1.79,0.0,0,0,32284,0,47,1,Nacoes Shopping,NS,ALC - ANUNCIOS OUT,REACH
2026-10-09 00:00:00,1877874914824466,0.0,0.0,23,0.0,0.0,1,0,50.38,1.7,0.0,0,0,29558,0,52,0,Nacoes Shopping,NS,ALC - ANUNCIOS OUT,REACH
2026-10-06 00:00:00,1877874914824466,0.0,0.0,21,0.0,0.0,3,0,50.64,2.17,0.0,0,0,23335,1,42,1,Nacoes Shopping,NS,ALC - ANUNCIOS OUT,REACH
2026-10-07 00:00:00,1877874914824466,0.0,0.0,28,0.0,0.0,2,0,51.61,2.17,0.0,0,0,23831,0,40,0,Nacoes Shopping,NS,ALC - ANUNCIOS OUT,REACH
2026-10-05 00:00:00,1877874914824466,0.0,0.0,24,0.0,0.0,3,0,51.13,1.95,0.0,0,0,26186,0,47,0,Nacoes Shopping,NS,ALC - ANUNCIOS OUT,REACH
