stat_time_day,age,cost_per_conversion,conversion_rate,cpm,conversion,ctr,impressions,cpc,spend,clicks,shopping,shopping_sigla
2025-10-10 00:00:00,AGE_18_24,0.0,0.0,2.18,0,0.0,7290,0.0,15.88,0,Nacoes Shopping,NS
2025-10-10 00:00:00,AGE_25_34,0.0,0.0,2.24,0,0.0,4536,0.0,10.14,0,Nacoes Shopping,NS
2025-10-10 00:00:00,AGE_35_44,0.0,0.0,2.3,0,0.0,2285,0.0,5.26,0,Nacoes Shopping,NS
2025-10-10 00:00:00,AGE_45_54,0.0,0.0,1.86,0,0.0,1682,0.0,3.13,0,Nacoes Shopping,NS
2025-10-10 00:00:00,AGE_55_100,0.0,0.0,1.79,0,0.0,1773,0.0,3.17,0,Nacoes Shopping,NS
2025-10-11 00:00:00,NONE,0.0,0.0,10.0,0,0.0,3,0.0,0.03,0,Nacoes Shopping,NS
2025-10-11 00:00:00,AGE_18_24,0.0,0.0,2.08,0,0.0,7148,0.0,14.86,0,Nacoes Shopping,NS
2025-10-11 00:00:00,AGE_25_34,0.0,0.0,2.15,0,0.0,4209,0.0,9.03,0,Nacoes Shopping,NS
2025-10-11 00:00:00,AGE_35_44,0.0,0.0,1.99,0,0.0,2420,0.0,4.81,0,Nacoes Shopping,NS
2025-10-11 00:00:00,AGE_45_54,0.0,0.0,1.81,0,0.0,1686,0.0,3.06,0,Nacoes Shopping,NS
2025-10-11 00:00:00,AGE_55_100,0.0,0.0,1.79,0,0.0,1635,0.0,2.93,0,Nacoes Shopping,NS
2025-10-12 00:00:00,NONE,0.0,0.0,0.0,0,0.0,1,0.0,0.0,0,Nacoes Shopping,NS
2025-10-12 00:00:00,AGE_18_24,0.0,0.0,1.95,0,0.0,7272,0.0,14.16,0,Nacoes Shopping,NS
2025-10-12 00:00:00,AGE_25_34,0.0,0.0,2.12,0,0.0,4762,0.0,10.1,0,Nacoes Shopping,NS
2025-10-12 00:00:00,AGE_35_44,0.0,0.0,1.94,0,0.0,2518,0.0,4.89,0,Nacoes Shopping,NS
2025-10-12 00:00:00,AGE_45_54,0.0,0.0,1.96,0,0.0,1616,0.0,3.16,0,Nacoes Shopping,NS
2025-10-12 00:00:00,AGE_55_100,0.0,0.0,1.74,0,0.0,1467,0.0,2.55,0,Nacoes Shopping,NS
2025-10-13 00:00:00,NONE,0.0,0.0,10.0,0,0.0,1,0.0,0.01,0,Nacoes Shopping,NS
2025-10-13 00:00:00,AGE_18_24,0.0,0.0,2.05,0,0.0,6617,0.0,13.58,0,Nacoes Shopping,NS
2025-10-13 00:00:00,AGE_25_34,0.0,0.0,2.27,0,0.0,4500,0.0,10.23,0,Nacoes Shopping,NS
2025-10-13 00:00:00,AGE_35_44,0.0,0.0,2.09,0,0.0,2207,0.0,4.62,0,Nacoes Shopping,NS
2025-10-13 00:00:00,AGE_45_54,0.0,0.0,1.86,0,0.0,1470,0.0,2.73,0,Nacoes Shopping,NS
2025-10-13 00:00:00,AGE_55_100,0.0,0.0,2.04,0,0.0,1379,0.0,2.81,0,Nacoes Shopping,NS
2025-10-14 00:00:00,AGE_18_24,0.0,0.0,2.2,0,0.0,6136,0.0,13.47,0,Nacoes Shopping,NS
2025-10-14 00:00:00,AGE_25_34,0.0,0.0,2.34,0,0.0,4258,0.0,9.98,0,Nacoes Shopping,NS
2025-10-14 00:00:00,AGE_35_44,0.0,0.0,2.25,0,0.0,2060,0.0,4.64,0,Nacoes Shopping,NS
2025-10-14 00:00:00,AGE_45_54,0.0,0.0,2.19,0,0.0,1376,0.0,3.02,0,Nacoes Shopping,NS
2025-10-14 00:00:00,AGE_55_100,0.0,0.0,2.01,0,0.0,1406,0.0,2.83,0,Nacoes Shopping,NS
2025-10-15 00:00:00,AGE_18_24,0.0,0.0,2.26,0,0.0,5342,0.0,12.05,0,Nacoes Shopping,NS
2025-10-15 00:00:00,AGE_25_34,0.0,0.0,2.62,0,0.0,3876,0.0,10.16,0,Nacoes Shopping,NS
2025-10-15 00:00:00,AGE_35_44,0.0,0.0,2.42,0,0.0,1930,0.0,4.67,0,Nacoes Shopping,NS
2025-10-15 00:00:00,AGE_45_54,0.0,0.0,2.12,0,0.0,1337,0.0,2.84,0,Nacoes Shopping,NS
2025-10-15 00:00:00,AGE_55_100,0.0,0.0,2.07,0,0.0,1437,0.0,2.98,0,Nacoes Shopping,NS
2025-10-16 00:00:00,NONE,0.0,0.0,0.0,0,0.0,0,0.0,0.02,0,Nacoes Shopping,NS
2025-10-16 00:00:00,AGE_18_24,0.0,0.0,2.3,0,0.0,5312,0.0,12.2,0,Nacoes Shopping,NS
2025-10-16 00:00:00,AGE_25_34,0.0,0.0,2.55,0,0.0,3943,0.0,10.06,0,Nacoes Shopping,NS
2025-10-16 00:00:00,AGE_35_44,0.0,0.0,2.56,0,0.0,2006,0.0,5.13,0,Nacoes Shopping,NS
2025-10-16 00:00:00,AGE_45_54,0.0,0.0,2.22,0,0.0,1317,0.0,2.92,0,Nacoes Shopping,NS
2025-10-16 00:00:00,AGE_55_100,0.0,0.0,2.1,0,0.0,1337,0.0,2.81,0,Nacoes Shopping,NS
2025-10-17 00:00:00,AGE_18_24,0.0,0.0,2.32,0,0.0,6037,0.0,13.98,0,Nacoes Shopping,NS
2025-10-17 00:00:00,AGE_25_34,0.0,0.0,2.37,0,0.0,3549,0.0,8.4,0,Nacoes Shopping,NS
2025-10-17 00:00:00,AGE_35_44,0.0,0.0,2.36,0,0.0,1981,0.0,4.67,0,Nacoes Shopping,NS
2025-10-17 00:00:00,AGE_45_54,0.0,0.0,2.14,0,0.0,1448,0.0,3.1,0,Nacoes Shopping,NS
2025-10-17 00:00:00,AGE_55_100,0.0,0.0,2.11,0,0.0,1629,0.0,3.44,0,Nacoes Shopping,NS
2025-10-18 00:00:00,AGE_18_24,0.0,0.0,2.1,0,0.0,6130,0.0,12.85,0,Nacoes Shopping,NS
2025-10-18 00:00:00,AGE_25_34,0.0,0.0,2.35,0,0.0,3565,0.0,8.38,0,Nacoes Shopping,NS
2025-10-18 00:00:00,AGE_35_44,0.0,0.0,2.04,0,0.0,1904,0.0,3.89,0,Nacoes Shopping,NS
2025-10-18 00:00:00,AGE_45_54,0.0,0.0,2.15,0,0.0,1468,0.0,3.15,0,Nacoes Shopping,NS
2025-10-18 00:00:00,AGE_55_100,0.0,0.0,1.84,0,0.0,1449,0.0,2.67,0,Nacoes Shopping,NS
2025-10-19 00:00:00,AGE_18_24,0.0,0.0,2.06,0,0.0,5493,0.0,11.29,0,Nacoes Shopping,NS
2025-10-19 00:00:00,AGE_25_34,0.0,0.0,2.26,0,0.0,3719,0.0,8.42,0,Nacoes Shopping,NS
2025-10-19 00:00:00,AGE_35_44,0.0,0.0,2.22,0,0.0,2015,0.0,4.48,0,Nacoes Shopping,NS
2025-10-19 00:00:00,AGE_45_54,0.0,0.0,2.1,0,0.0,1389,0.0,2.92,0,Nacoes Shopping,NS
2025-10-19 00:00:00,AGE_55_100,0.0,0.0,1.9,0,0.0,1181,0.0,2.24,0,Nacoes Shopping,NS
2025-10-20 00:00:00,AGE_18_24,0.0,0.0,2.23,0,0.0,5008,0.0,11.19,0,Nacoes Shopping,NS
2025-10-20 00:00:00,AGE_25_34,0.0,0.0,2.34,0,0.0,3477,0.0,8.12,0,Nacoes Shopping,NS
2025-10-20 00:00:00,AGE_35_44,0.0,0.0,2.22,0,0.0,1791,0.0,3.97,0,Nacoes Shopping,NS
2025-10-20 00:00:00,AGE_45_54,0.0,0.0,2.14,0,0.0,1269,0.0,2.71,0,Nacoes Shopping,NS
2025-10-20 00:00:00,AGE_55_100,0.0,0.0,2.14,0,0.0,1192,0.0,2.55,0,Nacoes Shopping,NS
2025-10-21 00:00:00,NONE,0.0,0.0,0.0,0,0.0,0,0.0,0.01,0,Nacoes Shopping,NS
2025-10-21 00:00:00,AGE_18_24,0.0,0.0,2.47,0,0.0,4360,0.0,10.75,0,Nacoes Shopping,NS
2025-10-21 00:00:00,AGE_25_34,0.0,0.0,2.55,0,0.0,3082,0.0,7.87,0,Nacoes Shopping,NS
2025-10-21 00:00:00,AGE_35_44,0.0,0.0,2.57,0,0.0,1483,0.0,3.81,0,Nacoes Shopping,NS
2025-10-21 00:00:00,AGE_45_54,0.0,0.0,2.22,0,0.0,1029,0.0,2.28,0,Nacoes Shopping,NS
2025-10-21 00:00:00,AGE_55_100,0.0,0.0,2.27,0,0.0,1085,0.0,2.46,0,Nacoes Shopping,NS
2025-10-22 00:00:00,AGE_18_24,0.0,0.0,2.55,0,0.0,3594,0.0,9.15,0,Nacoes Shopping,NS
2025-10-22 00:00:00,AGE_25_34,0.0,0.0,2.56,0,0.0,2564,0.0,6.56,0,Nacoes Shopping,NS
2025-10-22 00:00:00,AGE_35_44,0.0,0.0,2.92,0,0.0,1453,0.0,4.24,0,Nacoes Shopping,NS
2025-10-22 00:00:00,AGE_45_54,0.0,0.0,2.46,0,0.0,1015,0.0,2.5,0,Nacoes Shopping,NS
2025-10-22 00:00:00,AGE_55_100,0.0,0.0,2.55,0,0.0,1096,0.0,2.79,0,Nacoes Shopping,NS
2025-10-23 00:00:00,NONE,0.0,0.0,0.0,0,0.0,0,0.0,0.01,0,Nacoes Shopping,NS
2025-10-23 00:00:00,AGE_18_24,0.0,0.0,2.44,0,0.0,3587,0.0,8.77,0,Nacoes Shopping,NS
2025-10-23 00:00:00,AGE_25_34,0.0,0.0,2.77,0,0.0,2165,0.0,5.99,0,Nacoes Shopping,NS
2025-10-23 00:00:00,AGE_35_44,0.0,0.0,2.7,0,0.0,1227,0.0,3.31,0,Nacoes Shopping,NS
2025-10-23 00:00:00,AGE_45_54,0.0,0.0,2.53,0,0.0,982,0.0,2.48,0,Nacoes Shopping,NS
2025-10-23 00:00:00,AGE_55_100,0.0,0.0,2.31,0,0.0,1034,0.0,2.39,0,Nacoes Shopping,NS
2025-10-24 00:00:00,AGE_18_24,0.0,0.0,2.21,0,0.0,2276,0.0,5.04,0,Nacoes Shopping,NS
2025-10-24 00:00:00,AGE_25_34,0.0,0.0,2.19,0,0.0,1405,0.0,3.08,0,Nacoes Shopping,NS
2025-10-24 00:00:00,AGE_35_44,0.0,0.0,2.35,0,0.0,821,0.0,1.93,0,Nacoes Shopping,NS
2025-10-24 00:00:00,AGE_45_54,0.0,0.0,2.66,0,0.0,662,0.0,1.76,0,Nacoes Shopping,NS
2025-10-24 00:00:00,AGE_55_100,0.0,0.0,2.84,0,0.0,746,0.0,2.12,0,Nacoes Shopping,NS
2025-10-25 00:00:00,NONE,0.0,0.0,0.0,0,0.0,0,0.0,0.0,0,Nacoes Shopping,NS
2025-10-25 00:00:00,AGE_18_24,0.0,0.0,1.97,0,0.0,1680,0.0,3.31,0,Nacoes Shopping,NS
2025-10-25 00:00:00,AGE_25_34,0.0,0.0,2.33,0,0.0,960,0.0,2.24,0,Nacoes Shopping,NS
2025-10-25 00:00:00,AGE_35_44,0.0,0.0,2.55,0,0.0,506,0.0,1.29,0,Nacoes Shopping,NS
2025-10-25 00:00:00,AGE_45_54,0.0,0.0,2.0,0,0.0,400,0.0,0.8,0,Nacoes Shopping,NS
2025-10-25 00:00:00,AGE_55_100,0.0,0.0,2.61,0,0.0,459,0.0,1.2,0,Nacoes Shopping,NS
2025-10-26 00:00:00,AGE_18_24,0.0,0.0,1.84,0,0.0,321,0.0,0.59,0,Nacoes Shopping,NS
2025-10-26 00:00:00,AGE_25_34,0.0,0.0,1.76,0,0.0,199,0.0,0.35,0,Nacoes Shopping,NS
2025-10-26 00:00:00,AGE_35_44,0.0,0.0,1.61,0,0.0,124,0.0,0.2,0,Nacoes Shopping,NS
2025-10-26 00:00:00,AGE_45_54,0.0,0.0,2.13,0,0.0,80,0.0,0.17,0,Nacoes Shopping,NS
2025-10-26 00:00:00,AGE_55_100,0.0,0.0,3.17,0,0.0,101,0.0,0.32,0,Nacoes Shopping,NS
2025-10-27 00:00:00,AGE_35_44,0.0,0.0,0.0,0,0.0,0,0.0,0.0,0,Nacoes Shopping,NS
2025-10-30 00:00:00,AGE_18_24,0.0,0.0,2.41,0,0.04,4543,5.48,10.95,2,Nacoes Shopping,NS
2025-10-30 00:00:00,AGE_25_34,0.0,0.0,2.98,0,0.0,2357,0.0,7.03,0,Nacoes Shopping,NS
2025-10-30 00:00:00,AGE_35_44,0.0,0.0,3.24,0,0.0,1845,0.0,5.97,0,Nacoes Shopping,NS
2025-10-30 00:00:00,AGE_45_54,0.0,0.0,3.0,0,0.06,1818,5.46,5.46,1,Nacoes Shopping,NS
2025-10-30 00:00:00,AGE_55_100,0.0,0.0,3.55,0,0.07,2692,4.79,9.57,2,Nacoes Shopping,NS
2025-10-31 00:00:00,AGE_18_24,0.0,0.0,2.85,0,0.03,10274,9.74,29.23,3,Nacoes Shopping,NS
2025-10-31 00:00:00,AGE_25_34,0.0,0.0,3.44,0,0.05,5905,6.77,20.32,3,Nacoes Shopping,NS
2025-10-31 00:00:00,AGE_35_44,0.0,0.0,3.02,0,0.0,3535,0.0,10.67,0,Nacoes Shopping,NS
2025-10-31 00:00:00,AGE_45_54,0.0,0.0,2.89,0,0.07,2803,4.05,8.1,2,Nacoes Shopping,NS
2025-10-31 00:00:00,AGE_55_100,0.0,0.0,3.01,0,0.03,3101,9.32,9.32,1,Nacoes Shopping,NS
2025-11-01 00:00:00,AGE_18_24,0.0,0.0,2.39,0,0.04,10958,6.54,26.14,4,Nacoes Shopping,NS
2025-11-01 00:00:00,AGE_25_34,0.0,0.0,2.74,0,0.05,7695,5.27,21.09,4,Nacoes Shopping,NS
2025-11-01 00:00:00,AGE_35_44,0.0,0.0,2.57,0,0.07,4329,3.71,11.13,3,Nacoes Shopping,NS
2025-11-01 00:00:00,AGE_45_54,0.0,0.0,2.64,0,0.03,2962,7.82,7.82,1,Nacoes Shopping,NS
2025-11-01 00:00:00,AGE_55_100,0.0,0.0,2.67,0,0.1,3039,2.7,8.1,3,Nacoes Shopping,NS
2025-11-02 00:00:00,AGE_18_24,0.0,0.0,2.15,0,0.1,9374,2.24,20.18,9,Nacoes Shopping,NS
2025-11-02 00:00:00,AGE_25_34,0.0,0.0,2.45,0,0.08,7313,2.99,17.95,6,Nacoes Shopping,NS
2025-11-02 00:00:00,AGE_35_44,0.0,0.0,2.8,0,0.0,4473,0.0,12.53,0,Nacoes Shopping,NS
2025-11-02 00:00:00,AGE_45_54,0.0,0.0,2.58,0,0.12,3210,2.07,8.28,4,Nacoes Shopping,NS
2025-11-02 00:00:00,AGE_55_100,0.0,0.0,2.91,0,0.06,3391,4.94,9.87,2,Nacoes Shopping,NS
2025-11-03 00:00:00,AGE_18_24,0.0,0.0,2.38,0,0.05,8135,4.84,19.34,4,Nacoes Shopping,NS
2025-11-03 00:00:00,AGE_25_34,0.0,0.0,2.48,0,0.01,7061,17.49,17.49,1,Nacoes Shopping,NS
2025-11-03 00:00:00,AGE_35_44,0.0,0.0,3.16,0,0.02,4376,13.83,13.83,1,Nacoes Shopping,NS
2025-11-03 00:00:00,AGE_45_54,0.0,0.0,2.54,0,0.0,3060,0.0,7.77,0,Nacoes Shopping,NS
2025-11-03 00:00:00,AGE_55_100,0.0,0.0,2.9,0,0.03,3139,9.1,9.1,1,Nacoes Shopping,NS
2025-11-04 00:00:00,NONE,0.0,0.0,0.0,0,0.0,0,0.0,0.01,0,Nacoes Shopping,NS
2025-11-04 00:00:00,AGE_18_24,0.0,0.0,2.4,0,0.02,9136,10.97,21.93,2,Nacoes Shopping,NS
2025-11-04 00:00:00,AGE_25_34,0.0,0.0,2.55,0,0.05,7625,4.87,19.47,4,Nacoes Shopping,NS
2025-11-04 00:00:00,AGE_35_44,0.0,0.0,2.71,0,0.05,4381,5.94,11.87,2,Nacoes Shopping,NS
2025-11-04 00:00:00,AGE_45_54,0.0,0.0,2.6,0,0.0,2774,0.0,7.21,0,Nacoes Shopping,NS
2025-11-04 00:00:00,AGE_55_100,0.0,0.0,3.0,0,0.07,2941,4.41,8.82,2,Nacoes Shopping,NS
2025-11-05 00:00:00,AGE_18_24,0.0,0.0,2.55,0,0.05,8626,5.5,21.99,4,Nacoes Shopping,NS
2025-11-05 00:00:00,AGE_25_34,0.0,0.0,2.68,0,0.07,7194,3.86,19.3,5,Nacoes Shopping,NS
2025-11-05 00:00:00,AGE_35_44,0.0,0.0,2.78,0,0.13,3807,2.12,10.58,5,Nacoes Shopping,NS
2025-11-05 00:00:00,AGE_45_54,0.0,0.0,2.75,0,0.04,2574,7.07,7.07,1,Nacoes Shopping,NS
2025-11-05 00:00:00,AGE_55_100,0.0,0.0,2.93,0,0.03,3034,8.89,8.89,1,Nacoes Shopping,NS
2025-11-06 00:00:00,NONE,0.0,0.0,0.0,0,0.0,0,0.0,0.01,0,Nacoes Shopping,NS
2025-11-06 00:00:00,AGE_18_24,0.0,0.0,2.53,0,0.07,8080,3.41,20.44,6,Nacoes Shopping,NS
2025-11-06 00:00:00,AGE_25_34,0.0,0.0,2.99,0,0.02,5915,17.69,17.69,1,Nacoes Shopping,NS
2025-11-06 00:00:00,AGE_35_44,0.0,0.0,3.25,0,0.06,3377,5.49,10.98,2,Nacoes Shopping,NS
2025-11-06 00:00:00,AGE_45_54,0.0,0.0,2.93,0,0.04,2566,7.52,7.52,1,Nacoes Shopping,NS
2025-11-06 00:00:00,AGE_55_100,0.0,0.0,2.89,0,0.03,2977,8.6,8.6,1,Nacoes Shopping,NS
2025-11-07 00:00:00,AGE_18_24,0.0,0.0,2.75,0,0.04,7508,6.89,20.68,3,Nacoes Shopping,NS
2025-11-07 00:00:00,AGE_25_34,0.0,0.0,2.96,0,0.02,5130,15.17,15.17,1,Nacoes Shopping,NS
2025-11-07 00:00:00,AGE_35_44,0.0,0.0,3.3,0,0.07,2984,4.92,9.84,2,Nacoes Shopping,NS
2025-11-07 00:00:00,AGE_45_54,0.0,0.0,2.84,0,0.0,2155,0.0,6.13,0,Nacoes Shopping,NS
2025-11-07 00:00:00,AGE_55_100,0.0,0.0,2.99,0,0.07,2700,4.04,8.08,2,Nacoes Shopping,NS
2025-11-08 00:00:00,AGE_18_24,0.0,0.0,2.45,0,0.04,6993,5.71,17.12,3,Nacoes Shopping,NS
2025-11-08 00:00:00,AGE_25_34,0.0,0.0,2.91,0,0.11,4750,2.77,13.84,5,Nacoes Shopping,NS
2025-11-08 00:00:00,AGE_35_44,0.0,0.0,2.57,0,0.16,2521,1.62,6.48,4,Nacoes Shopping,NS
2025-11-08 00:00:00,AGE_45_54,0.0,0.0,2.23,0,0.11,1757,1.96,3.91,2,Nacoes Shopping,NS
2025-11-08 00:00:00,AGE_55_100,0.0,0.0,2.58,0,0.05,1864,4.81,4.81,1,Nacoes Shopping,NS
2025-11-09 00:00:00,AGE_18_24,0.0,0.0,2.55,0,0.05,5858,4.97,14.91,3,Nacoes Shopping,NS
2025-11-09 00:00:00,AGE_25_34,0.0,0.0,2.79,0,0.02,4114,11.48,11.48,1,Nacoes Shopping,NS
2025-11-09 00:00:00,AGE_35_44,0.0,0.0,3.03,0,0.05,2178,6.61,6.61,1,Nacoes Shopping,NS
2025-11-09 00:00:00,AGE_45_54,0.0,0.0,2.35,0,0.0,1420,0.0,3.34,0,Nacoes Shopping,NS
2025-11-09 00:00:00,AGE_55_100,0.0,0.0,2.56,0,0.0,1501,0.0,3.85,0,Nacoes Shopping,NS
2025-11-10 00:00:00,AGE_18_24,0.0,0.0,2.75,0,0.09,5825,3.2,16.01,5,Nacoes Shopping,NS
2025-11-10 00:00:00,AGE_25_34,0.0,0.0,2.81,0,0.08,3937,3.68,11.05,3,Nacoes Shopping,NS
2025-11-10 00:00:00,AGE_35_44,0.0,0.0,2.73,0,0.0,2019,0.0,5.51,0,Nacoes Shopping,NS
2025-11-10 00:00:00,AGE_45_54,0.0,0.0,2.71,0,0.07,1412,3.83,3.83,1,Nacoes Shopping,NS
2025-11-10 00:00:00,AGE_55_100,0.0,0.0,3.42,0,0.0,1487,0.0,5.08,0,Nacoes Shopping,NS
2025-11-11 00:00:00,NONE,0.0,0.0,0.0,0,0.0,0,0.0,0.0,0,Nacoes Shopping,NS
2025-11-11 00:00:00,AGE_18_24,0.0,0.0,4.46,0,4.8,7308,0.09,32.58,351,Nacoes Shopping,NS
2025-11-11 00:00:00,AGE_25_34,0.0,0.0,3.94,0,3.04,4314,0.13,17.0,131,Nacoes Shopping,NS
2025-11-11 00:00:00,AGE_35_44,0.0,0.0,4.8,0,5.14,3480,0.09,16.7,179,Nacoes Shopping,NS
2025-11-11 00:00:00,AGE_45_54,0.0,0.0,4.66,0,5.76,2552,0.08,11.89,147,Nacoes Shopping,NS
2025-11-11 00:00:00,AGE_55_100,0.0,0.0,3.63,0,3.03,2208,0.12,8.01,67,Nacoes Shopping,NS
2025-11-12 00:00:00,NONE,0.0,0.0,0.0,0,0.0,1,0.0,0.0,0,Nacoes Shopping,NS
2025-11-12 00:00:00,AGE_18_24,0.0,0.0,4.09,0,4.91,7007,0.08,28.65,344,Nacoes Shopping,NS
2025-11-12 00:00:00,AGE_25_34,0.0,0.0,3.98,0,3.59,3793,0.11,15.11,136,Nacoes Shopping,NS
2025-11-12 00:00:00,AGE_35_44,0.0,0.0,4.37,0,5.54,3069,0.08,13.42,170,Nacoes Shopping,NS
2025-11-12 00:00:00,AGE_45_54,0.0,0.0,6.25,0,7.77,2317,0.08,14.48,180,Nacoes Shopping,NS
2025-11-12 00:00:00,AGE_55_100,0.0,0.0,3.31,0,4.09,2614,0.08,8.65,107,Nacoes Shopping,NS
2025-11-13 00:00:00,NONE,0.0,0.0,13.33,0,33.33,3,0.04,0.04,1,Nacoes Shopping,NS
2025-11-13 00:00:00,AGE_18_24,0.0,0.0,5.04,0,7.53,6508,0.07,32.79,490,Nacoes Shopping,NS
2025-11-13 00:00:00,AGE_25_34,0.0,0.0,4.5,0,4.77,3875,0.09,17.44,185,Nacoes Shopping,NS
2025-11-13 00:00:00,AGE_35_44,0.0,0.0,4.9,0,7.11,3236,0.07,15.86,230,Nacoes Shopping,NS
2025-11-13 00:00:00,AGE_45_54,0.0,0.0,5.02,0,8.32,2331,0.06,11.71,194,Nacoes Shopping,NS
2025-11-13 00:00:00,AGE_55_100,0.0,0.0,4.15,0,5.31,2391,0.08,9.93,127,Nacoes Shopping,NS
2025-11-14 00:00:00,NONE,0.0,0.0,5.0,0,0.0,2,0.0,0.01,0,Nacoes Shopping,NS
2025-11-14 00:00:00,AGE_18_24,0.0,0.0,5.24,0,8.07,6182,0.06,32.38,499,Nacoes Shopping,NS
2025-11-14 00:00:00,AGE_25_34,0.0,0.0,4.64,0,5.04,3791,0.09,17.59,191,Nacoes Shopping,NS
2025-11-14 00:00:00,AGE_35_44,0.0,0.0,6.57,0,8.56,2758,0.08,18.13,236,Nacoes Shopping,NS
2025-11-14 00:00:00,AGE_45_54,0.0,0.0,6.23,0,12.51,2175,0.05,13.54,272,Nacoes Shopping,NS
2025-11-14 00:00:00,AGE_55_100,0.0,0.0,4.27,0,6.64,2049,0.06,8.74,136,Nacoes Shopping,NS
2025-11-15 00:00:00,NONE,0.0,0.0,7.27,0,18.18,11,0.04,0.08,2,Nacoes Shopping,NS
2025-11-15 00:00:00,AGE_18_24,0.0,0.0,4.63,0,4.83,6128,0.1,28.38,296,Nacoes Shopping,NS
2025-11-15 00:00:00,AGE_25_34,0.0,0.0,3.78,0,2.22,3826,0.17,14.48,85,Nacoes Shopping,NS
2025-11-15 00:00:00,AGE_35_44,0.0,0.0,5.32,0,4.95,2911,0.11,15.49,144,Nacoes Shopping,NS
2025-11-15 00:00:00,AGE_45_54,0.0,0.0,4.12,0,5.98,1924,0.07,7.92,115,Nacoes Shopping,NS
2025-11-15 00:00:00,AGE_55_100,0.0,0.0,5.05,0,5.37,2121,0.09,10.72,114,Nacoes Shopping,NS
2025-11-16 00:00:00,NONE,0.0,0.0,0.0,0,0.0,0,0.0,0.0,0,Nacoes Shopping,NS
2025-11-16 00:00:00,AGE_18_24,0.0,0.0,4.65,0,6.2,6353,0.08,29.55,394,Nacoes Shopping,NS
2025-11-16 00:00:00,AGE_25_34,0.0,0.0,4.02,0,3.83,3781,0.1,15.21,145,Nacoes Shopping,NS
2025-11-16 00:00:00,AGE_35_44,0.0,0.0,4.96,0,5.25,2974,0.09,14.74,156,Nacoes Shopping,NS
2025-11-16 00:00:00,AGE_45_54,0.0,0.0,6.28,0,12.43,1923,0.05,12.07,239,Nacoes Shopping,NS
2025-11-16 00:00:00,AGE_55_100,0.0,0.0,5.08,0,6.84,1814,0.07,9.22,124,Nacoes Shopping,NS
2025-11-17 00:00:00,NONE,0.0,0.0,0.0,0,0.0,0,0.0,0.01,0,Nacoes Shopping,NS
2025-11-17 00:00:00,AGE_18_24,0.0,0.0,4.58,0,5.86,5734,0.08,26.29,336,Nacoes Shopping,NS
2025-11-17 00:00:00,AGE_25_34,0.0,0.0,4.39,0,3.88,3612,0.11,15.87,140,Nacoes Shopping,NS
2025-11-17 00:00:00,AGE_35_44,0.0,0.0,4.61,0,5.78,2648,0.08,12.21,153,Nacoes Shopping,NS
2025-11-17 00:00:00,AGE_45_54,0.0,0.0,5.76,0,11.86,2159,0.05,12.43,256,Nacoes Shopping,NS
2025-11-17 00:00:00,AGE_55_100,0.0,0.0,5.43,0,7.92,1918,0.07,10.42,152,Nacoes Shopping,NS
2025-11-18 00:00:00,NONE,0.0,0.0,0.0,0,0.0,0,0.0,0.0,0,Nacoes Shopping,NS
2025-11-18 00:00:00,AGE_18_24,0.0,0.0,4.91,0,3.78,5324,0.13,26.15,201,Nacoes Shopping,NS
2025-11-18 00:00:00,AGE_25_34,0.0,0.0,4.12,0,2.1,3519,0.2,14.51,74,Nacoes Shopping,NS
2025-11-18 00:00:00,AGE_35_44,0.0,0.0,4.48,0,4.02,2341,0.11,10.48,94,Nacoes Shopping,NS
2025-11-18 00:00:00,AGE_45_54,0.0,0.0,5.97,0,7.08,1595,0.08,9.53,113,Nacoes Shopping,NS
2025-11-18 00:00:00,AGE_55_100,0.0,0.0,5.71,0,6.12,2321,0.09,13.26,142,Nacoes Shopping,NS
2025-11-19 00:00:00,NONE,0.0,0.0,0.0,0,0.0,1,0.0,0.0,0,Nacoes Shopping,NS
2025-11-19 00:00:00,AGE_18_24,0.0,0.0,5.17,0,5.91,5637,0.09,29.14,333,Nacoes Shopping,NS
2025-11-19 00:00:00,AGE_25_34,0.0,0.0,5.41,0,4.6,3107,0.12,16.81,143,Nacoes Shopping,NS
2025-11-19 00:00:00,AGE_35_44,0.0,0.0,5.08,0,5.2,2095,0.1,10.65,109,Nacoes Shopping,NS
2025-11-19 00:00:00,AGE_45_54,0.0,0.0,6.33,0,10.3,1903,0.06,12.05,196,Nacoes Shopping,NS
2025-11-19 00:00:00,AGE_55_100,0.0,0.0,4.9,0,5.98,1756,0.08,8.6,105,Nacoes Shopping,NS
2025-11-20 00:00:00,NONE,0.0,0.0,0.0,0,0.0,0,0.0,0.0,0,Nacoes Shopping,NS
2025-11-20 00:00:00,AGE_18_24,0.0,0.0,4.57,0,5.05,5798,0.09,26.5,293,Nacoes Shopping,NS
2025-11-20 00:00:00,AGE_25_34,0.0,0.0,4.3,0,3.87,3412,0.11,14.66,132,Nacoes Shopping,NS
2025-11-20 00:00:00,AGE_35_44,0.0,0.0,5.22,0,6.16,2190,0.08,11.44,135,Nacoes Shopping,NS
2025-11-20 00:00:00,AGE_45_54,0.0,0.0,5.64,0,10.43,2195,0.05,12.38,229,Nacoes Shopping,NS
2025-11-20 00:00:00,AGE_55_100,0.0,0.0,5.51,0,4.69,1726,0.12,9.51,81,Nacoes Shopping,NS
2025-11-21 00:00:00,NONE,0.0,0.0,0.0,0,0.0,0,0.0,0.0,0,Nacoes Shopping,NS
2025-11-21 00:00:00,AGE_18_24,0.0,0.0,4.32,0,5.55,5801,0.08,25.08,322,Nacoes Shopping,NS
2025-11-21 00:00:00,AGE_25_34,0.0,0.0,4.04,0,3.3,3338,0.12,13.49,110,Nacoes Shopping,NS
2025-11-21 00:00:00,AGE_35_44,0.0,0.0,4.51,0,6.51,2381,0.07,10.73,155,Nacoes Shopping,NS
2025-11-21 00:00:00,AGE_45_54,0.0,0.0,5.47,0,9.37,1857,0.06,10.15,174,Nacoes Shopping,NS
2025-11-21 00:00:00,AGE_55_100,0.0,0.0,3.88,0,4.17,1629,0.09,6.32,68,Nacoes Shopping,NS
2025-11-22 00:00:00,NONE,0.0,0.0,10.0,0,0.0,1,0.0,0.01,0,Nacoes Shopping,NS
2025-11-22 00:00:00,AGE_18_24,0.0,0.0,4.4,0,5.46,5329,0.08,23.44,291,Nacoes Shopping,NS
2025-11-22 00:00:00,AGE_25_34,0.0,0.0,3.91,0,4.0,3522,0.1,13.77,141,Nacoes Shopping,NS
2025-11-22 00:00:00,AGE_35_44,0.0,0.0,4.93,0,6.78,2214,0.07,10.91,150,Nacoes Shopping,NS
2025-11-22 00:00:00,AGE_45_54,0.0,0.0,5.31,0,10.58,2033,0.05,10.8,215,Nacoes Shopping,NS
2025-11-22 00:00:00,AGE_55_100,0.0,0.0,3.38,0,2.84,1619,0.12,5.47,46,Nacoes Shopping,NS
2025-11-23 00:00:00,NONE,0.0,0.0,0.0,0,0.0,2,0.0,0.0,0,Nacoes Shopping,NS
2025-11-23 00:00:00,AGE_18_24,0.0,0.0,4.02,0,5.57,5956,0.07,23.97,332,Nacoes Shopping,NS
2025-11-23 00:00:00,AGE_25_34,0.0,0.0,3.77,0,4.24,3776,0.09,14.23,160,Nacoes Shopping,NS
2025-11-23 00:00:00,AGE_35_44,0.0,0.0,3.62,0,4.69,2750,0.08,9.96,129,Nacoes Shopping,NS
2025-11-23 00:00:00,AGE_45_54,0.0,0.0,5.31,0,9.88,2155,0.05,11.45,213,Nacoes Shopping,NS
2025-11-23 00:00:00,AGE_55_100,0.0,0.0,3.41,0,3.77,1750,0.09,5.97,66,Nacoes Shopping,NS
2025-11-24 00:00:00,NONE,0.0,0.0,0.0,0,0.0,1,0.0,0.0,0,Nacoes Shopping,NS
2025-11-24 00:00:00,AGE_18_24,0.0,0.0,4.82,0,6.36,4547,0.08,21.9,289,Nacoes Shopping,NS
2025-11-24 00:00:00,AGE_25_34,0.0,0.0,4.61,0,5.16,2905,0.09,13.4,150,Nacoes Shopping,NS
2025-11-24 00:00:00,AGE_35_44,0.0,0.0,4.56,0,6.31,2125,0.07,9.69,134,Nacoes Shopping,NS
2025-11-24 00:00:00,AGE_45_54,0.0,0.0,6.44,0,11.81,1685,0.05,10.85,199,Nacoes Shopping,NS
2025-11-24 00:00:00,AGE_55_100,0.0,0.0,3.83,0,4.61,1691,0.08,6.48,78,Nacoes Shopping,NS
2025-11-25 00:00:00,NONE,0.0,0.0,0.0,0,0.0,0,0.0,0.0,0,Nacoes Shopping,NS
2025-11-25 00:00:00,AGE_18_24,0.0,0.0,3.35,0,2.42,11251,0.14,37.74,272,Nacoes Shopping,NS
2025-11-25 00:00:00,AGE_25_34,0.0,0.0,3.65,0,1.85,6867,0.2,25.09,127,Nacoes Shopping,NS
2025-11-25 00:00:00,AGE_35_44,0.0,0.0,3.83,0,2.78,4211,0.14,16.13,117,Nacoes Shopping,NS
2025-11-25 00:00:00,AGE_45_54,0.0,0.0,4.23,0,5.16,3526,0.08,14.9,182,Nacoes Shopping,NS
2025-11-25 00:00:00,AGE_55_100,0.0,0.0,3.26,0,2.69,3420,0.12,11.14,92,Nacoes Shopping,NS
2025-11-26 00:00:00,NONE,0.0,0.0,0.0,0,0.0,1,0.0,0.0,0,Nacoes Shopping,NS
2025-11-26 00:00:00,AGE_18_24,0.0,0.0,3.14,0,2.02,13391,0.16,42.04,271,Nacoes Shopping,NS
2025-11-26 00:00:00,AGE_25_34,0.0,0.0,3.42,0,1.63,9399,0.21,32.13,153,Nacoes Shopping,NS
2025-11-26 00:00:00,AGE_35_44,0.0,0.0,3.99,0,3.66,4755,0.11,18.96,174,Nacoes Shopping,NS
2025-11-26 00:00:00,AGE_45_54,0.0,0.0,3.92,0,3.79,4088,0.1,16.01,155,Nacoes Shopping,NS
2025-11-26 00:00:00,AGE_55_100,0.0,0.0,2.78,0,1.41,4117,0.2,11.44,58,Nacoes Shopping,NS
2025-11-27 00:00:00,NONE,0.0,0.0,0.0,0,0.0,1,0.0,0.0,0,Nacoes Shopping,NS
2025-11-27 00:00:00,AGE_18_24,0.0,0.0,3.72,0,1.8,12371,0.21,46.06,223,Nacoes Shopping,NS
2025-11-27 00:00:00,AGE_25_34,0.0,0.0,3.78,0,1.13,9734,0.33,36.77,110,Nacoes Shopping,NS
2025-11-27 00:00:00,AGE_35_44,0.0,0.0,4.03,0,2.78,4573,0.14,18.41,127,Nacoes Shopping,NS
2025-11-27 00:00:00,AGE_45_54,0.0,0.0,4.32,0,4.22,4005,0.1,17.29,169,Nacoes Shopping,NS
2025-11-27 00:00:00,AGE_55_100,0.0,0.0,3.17,0,1.59,4217,0.2,13.37,67,Nacoes Shopping,NS
2025-11-28 00:00:00,NONE,0.0,0.0,25.0,0,50.0,2,0.05,0.05,1,Nacoes Shopping,NS
2025-11-28 00:00:00,AGE_18_24,0.0,0.0,3.96,0,2.24,11234,0.18,44.53,252,Nacoes Shopping,NS
2025-11-28 00:00:00,AGE_25_34,0.0,0.0,4.2,0,1.66,7871,0.25,33.03,131,Nacoes Shopping,NS
2025-11-28 00:00:00,AGE_35_44,0.0,0.0,4.14,0,2.18,4492,0.19,18.61,98,Nacoes Shopping,NS
2025-11-28 00:00:00,AGE_45_54,0.0,0.0,4.78,0,4.53,3419,0.11,16.33,155,Nacoes Shopping,NS
2025-11-28 00:00:00,AGE_55_100,0.0,0.0,3.91,0,2.32,3409,0.17,13.33,79,Nacoes Shopping,NS
2025-11-29 00:00:00,NONE,0.0,0.0,0.0,0,0.0,2,0.0,0.0,0,Nacoes Shopping,NS
2025-11-29 00:00:00,AGE_18_24,0.0,0.0,3.63,0,2.35,12406,0.15,45.02,291,Nacoes Shopping,NS
2025-11-29 00:00:00,AGE_25_34,0.0,0.0,4.14,0,1.85,8087,0.22,33.45,150,Nacoes Shopping,NS
2025-11-29 00:00:00,AGE_35_44,0.0,0.0,3.69,0,1.8,5273,0.2,19.47,95,Nacoes Shopping,NS
2025-11-29 00:00:00,AGE_45_54,0.0,0.0,3.79,0,3.17,3217,0.12,12.2,102,Nacoes Shopping,NS
2025-11-29 00:00:00,AGE_55_100,0.0,0.0,4.57,0,6.08,4044,0.08,18.49,246,Nacoes Shopping,NS
2025-11-30 00:00:00,NONE,0.0,0.0,0.0,0,0.0,0,0.0,0.0,0,Nacoes Shopping,NS
2025-11-30 00:00:00,AGE_18_24,0.0,0.0,3.72,0,3.76,7234,0.1,26.88,272,Nacoes Shopping,NS
2025-11-30 00:00:00,AGE_25_34,0.0,0.0,3.77,0,3.03,4321,0.12,16.28,131,Nacoes Shopping,NS
2025-11-30 00:00:00,AGE_35_44,0.0,0.0,4.42,0,3.55,2674,0.12,11.83,95,Nacoes Shopping,NS
2025-11-30 00:00:00,AGE_45_54,0.0,0.0,5.67,0,14.46,2759,0.04,15.63,399,Nacoes Shopping,NS
2025-11-30 00:00:00,AGE_55_100,0.0,0.0,3.73,0,4.85,2434,0.08,9.07,118,Nacoes Shopping,NS
2025-12-01 00:00:00,NONE,0.0,0.0,20.0,0,0.0,1,0.0,0.02,0,Nacoes Shopping,NS
2025-12-01 00:00:00,AGE_18_24,0.0,0.0,3.28,0,3.47,6191,0.09,20.3,215,Nacoes Shopping,NS
2025-12-01 00:00:00,AGE_25_34,0.0,0.0,3.75,0,3.25,3813,0.12,14.3,124,Nacoes Shopping,NS
2025-12-01 00:00:00,AGE_35_44,0.0,0.0,3.41,0,3.67,3430,0.09,11.69,126,Nacoes Shopping,NS
2025-12-01 00:00:00,AGE_45_54,0.0,0.0,4.38,0,8.88,2420,0.05,10.6,215,Nacoes Shopping,NS
2025-12-01 00:00:00,AGE_55_100,0.0,0.0,3.26,0,7.67,3754,0.04,12.22,288,Nacoes Shopping,NS
2025-12-02 00:00:00,NONE,0.0,0.0,0.0,0,0.0,1,0.0,0.0,0,Nacoes Shopping,NS
2025-12-02 00:00:00,AGE_18_24,0.0,0.0,3.18,0,3.03,6379,0.1,20.26,193,Nacoes Shopping,NS
2025-12-02 00:00:00,AGE_25_34,0.0,0.0,3.31,0,2.1,4340,0.16,14.38,91,Nacoes Shopping,NS
2025-12-02 00:00:00,AGE_35_44,0.0,0.0,4.08,0,5.92,3463,0.07,14.12,205,Nacoes Shopping,NS
2025-12-02 00:00:00,AGE_45_54,0.0,0.0,4.96,0,10.6,2453,0.05,12.17,260,Nacoes Shopping,NS
2025-12-02 00:00:00,AGE_55_100,0.0,0.0,3.84,0,9.45,3079,0.04,11.82,291,Nacoes Shopping,NS
2025-12-03 00:00:00,NONE,0.0,0.0,0.0,0,0.0,0,0.0,0.0,0,Nacoes Shopping,NS
2025-12-03 00:00:00,AGE_18_24,0.0,0.0,2.9,0,2.58,8061,0.11,23.37,208,Nacoes Shopping,NS
2025-12-03 00:00:00,AGE_25_34,0.0,0.0,3.0,0,2.4,5511,0.13,16.56,132,Nacoes Shopping,NS
2025-12-03 00:00:00,AGE_35_44,0.0,0.0,2.93,0,2.87,3554,0.1,10.4,102,Nacoes Shopping,NS
2025-12-03 00:00:00,AGE_45_54,0.0,0.0,4.4,0,9.49,3288,0.05,14.46,312,Nacoes Shopping,NS
2025-12-03 00:00:00,AGE_55_100,0.0,0.0,3.38,0,7.93,3406,0.04,11.5,270,Nacoes Shopping,NS
2025-12-04 00:00:00,NONE,0.0,0.0,0.0,0,0.0,0,0.0,0.0,0,Nacoes Shopping,NS
2025-12-04 00:00:00,AGE_18_24,0.0,0.0,2.9,0,2.75,11007,0.11,31.9,303,Nacoes Shopping,NS
2025-12-04 00:00:00,AGE_25_34,0.0,0.0,3.36,0,2.64,6066,0.13,20.41,160,Nacoes Shopping,NS
2025-12-04 00:00:00,AGE_35_44,0.0,0.0,2.95,0,3.24,5188,0.09,15.31,168,Nacoes Shopping,NS
2025-12-04 00:00:00,AGE_45_54,0.0,0.0,3.61,0,6.27,3397,0.06,12.26,213,Nacoes Shopping,NS
2025-12-04 00:00:00,AGE_55_100,0.0,0.0,3.17,0,5.44,3550,0.06,11.26,193,Nacoes Shopping,NS
2025-12-05 00:00:00,NONE,0.0,0.0,0.0,0,0.0,0,0.0,0.02,0,Nacoes Shopping,NS
2025-12-05 00:00:00,AGE_18_24,0.0,0.0,3.17,0,2.78,10999,0.11,34.86,306,Nacoes Shopping,NS
2025-12-05 00:00:00,AGE_25_34,0.0,0.0,3.33,0,1.8,5849,0.19,19.48,105,Nacoes Shopping,NS
2025-12-05 00:00:00,AGE_35_44,0.0,0.0,3.13,0,2.63,4411,0.12,13.81,116,Nacoes Shopping,NS
2025-12-05 00:00:00,AGE_45_54,0.0,0.0,3.65,0,5.74,3029,0.06,11.05,174,Nacoes Shopping,NS
2025-12-05 00:00:00,AGE_55_100,0.0,0.0,3.47,0,5.8,3520,0.06,12.22,204,Nacoes Shopping,NS
2025-12-06 00:00:00,NONE,0.0,0.0,10.0,0,0.0,2,0.0,0.02,0,Nacoes Shopping,NS
2025-12-06 00:00:00,AGE_18_24,0.0,0.0,3.57,0,3.33,10497,0.11,37.52,350,Nacoes Shopping,NS
2025-12-06 00:00:00,AGE_25_34,0.0,0.0,3.61,0,2.32,5549,0.16,20.02,129,Nacoes Shopping,NS
2025-12-06 00:00:00,AGE_35_44,0.0,0.0,3.61,0,2.69,4056,0.13,14.66,109,Nacoes Shopping,NS
2025-12-06 00:00:00,AGE_45_54,0.0,0.0,4.36,0,7.14,2703,0.06,11.79,193,Nacoes Shopping,NS
2025-12-06 00:00:00,AGE_55_100,0.0,0.0,4.11,0,7.35,3226,0.06,13.26,237,Nacoes Shopping,NS
2025-12-07 00:00:00,NONE,0.0,0.0,0.0,0,0.0,0,0.0,0.0,0,Nacoes Shopping,NS
2025-12-07 00:00:00,AGE_18_24,0.0,0.0,3.43,0,2.4,10398,0.14,35.62,250,Nacoes Shopping,NS
2025-12-07 00:00:00,AGE_25_34,0.0,0.0,3.78,0,1.94,5658,0.19,21.41,110,Nacoes Shopping,NS
2025-12-07 00:00:00,AGE_35_44,0.0,0.0,3.38,0,2.57,4007,0.13,13.56,103,Nacoes Shopping,NS
2025-12-07 00:00:00,AGE_45_54,0.0,0.0,3.8,0,6.75,3037,0.06,11.54,205,Nacoes Shopping,NS
2025-12-07 00:00:00,AGE_55_100,0.0,0.0,3.79,0,5.6,3215,0.07,12.2,180,Nacoes Shopping,NS
2025-12-08 00:00:00,NONE,0.0,0.0,0.0,0,0.0,3,0.0,0.0,0,Nacoes Shopping,NS
2025-12-08 00:00:00,AGE_18_24,0.0,0.0,3.33,0,3.09,11785,0.11,39.27,364,Nacoes Shopping,NS
2025-12-08 00:00:00,AGE_25_34,0.0,0.0,3.31,0,2.05,6255,0.16,20.73,128,Nacoes Shopping,NS
2025-12-08 00:00:00,AGE_35_44,0.0,0.0,3.36,0,3.1,4422,0.11,14.85,137,Nacoes Shopping,NS
2025-12-08 00:00:00,AGE_45_54,0.0,0.0,3.49,0,5.94,3486,0.06,12.17,207,Nacoes Shopping,NS
2025-12-08 00:00:00,AGE_55_100,0.0,0.0,3.61,0,6.43,3438,0.06,12.42,221,Nacoes Shopping,NS
2025-12-09 00:00:00,NONE,0.0,0.0,0.0,0,0.0,3,0.0,0.0,0,Nacoes Shopping,NS
2025-12-09 00:00:00,AGE_18_24,0.0,0.0,2.85,0,2.86,11618,0.1,33.11,332,Nacoes Shopping,NS
2025-12-09 00:00:00,AGE_25_34,0.0,0.0,2.85,0,1.8,7072,0.16,20.13,127,Nacoes Shopping,NS
2025-12-09 00:00:00,AGE_35_44,0.0,0.0,3.17,0,2.61,4871,0.12,15.45,127,Nacoes Shopping,NS
2025-12-09 00:00:00,AGE_45_54,0.0,0.0,3.13,0,4.51,3458,0.07,10.82,156,Nacoes Shopping,NS
2025-12-09 00:00:00,AGE_55_100,0.0,0.0,4.02,0,7.81,3650,0.05,14.67,285,Nacoes Shopping,NS
2025-12-10 00:00:00,NONE,0.0,0.0,0.0,0,0.0,1,0.0,0.0,0,Nacoes Shopping,NS
2025-12-10 00:00:00,AGE_18_24,0.0,0.0,2.86,0,1.76,12028,0.16,34.4,212,Nacoes Shopping,NS
2025-12-10 00:00:00,AGE_25_34,0.0,0.0,3.23,0,1.41,7238,0.23,23.4,102,Nacoes Shopping,NS
2025-12-10 00:00:00,AGE_35_44,0.0,0.0,2.79,0,1.61,4722,0.17,13.19,76,Nacoes Shopping,NS
2025-12-10 00:00:00,AGE_45_54,0.0,0.0,3.51,0,5.3,3304,0.07,11.59,175,Nacoes Shopping,NS
2025-12-10 00:00:00,AGE_55_100,0.0,0.0,3.27,0,5.39,3322,0.06,10.87,179,Nacoes Shopping,NS
2025-12-11 00:00:00,NONE,0.0,0.0,5.0,0,0.0,8,0.0,0.04,0,Nacoes Shopping,NS
2025-12-11 00:00:00,AGE_18_24,0.0,0.0,3.19,0,2.03,11359,0.16,36.23,231,Nacoes Shopping,NS
2025-12-11 00:00:00,AGE_25_34,0.0,0.0,3.32,0,1.78,6364,0.19,21.1,113,Nacoes Shopping,NS
2025-12-11 00:00:00,AGE_35_44,0.0,0.0,3.22,0,2.25,4586,0.14,14.76,103,Nacoes Shopping,NS
2025-12-11 00:00:00,AGE_45_54,0.0,0.0,3.0,0,3.51,3080,0.09,9.23,108,Nacoes Shopping,NS
2025-12-11 00:00:00,AGE_55_100,0.0,0.0,3.84,0,6.2,3418,0.06,13.13,212,Nacoes Shopping,NS
2025-12-12 00:00:00,NONE,0.0,0.0,5.56,0,0.0,9,0.0,0.05,0,Nacoes Shopping,NS
2025-12-12 00:00:00,AGE_18_24,0.0,0.0,3.05,0,2.85,11247,0.11,34.27,320,Nacoes Shopping,NS
2025-12-12 00:00:00,AGE_25_34,0.0,0.0,3.39,0,2.27,6032,0.15,20.46,137,Nacoes Shopping,NS
2025-12-12 00:00:00,AGE_35_44,0.0,0.0,3.89,0,4.56,4580,0.09,17.8,209,Nacoes Shopping,NS
2025-12-12 00:00:00,AGE_45_54,0.0,0.0,3.85,0,5.89,2647,0.07,10.18,156,Nacoes Shopping,NS
2025-12-12 00:00:00,AGE_55_100,0.0,0.0,4.22,0,9.69,4499,0.04,18.97,436,Nacoes Shopping,NS
2025-12-13 00:00:00,NONE,0.0,0.0,4.0,0,0.0,10,0.0,0.04,0,Nacoes Shopping,NS
2025-12-13 00:00:00,AGE_18_24,0.0,0.0,2.78,0,2.24,11519,0.12,32.04,258,Nacoes Shopping,NS
2025-12-13 00:00:00,AGE_25_34,0.0,0.0,3.26,0,1.85,6448,0.18,21.02,119,Nacoes Shopping,NS
2025-12-13 00:00:00,AGE_35_44,0.0,0.0,3.01,0,3.17,5141,0.09,15.45,163,Nacoes Shopping,NS
2025-12-13 00:00:00,AGE_45_54,0.0,0.0,3.63,0,5.7,3177,0.06,11.54,181,Nacoes Shopping,NS
2025-12-13 00:00:00,AGE_55_100,0.0,0.0,3.38,0,5.86,3684,0.06,12.45,216,Nacoes Shopping,NS
2025-12-14 00:00:00,NONE,0.0,0.0,2.0,0,0.0,5,0.0,0.01,0,Nacoes Shopping,NS
2025-12-14 00:00:00,AGE_18_24,0.0,0.0,2.88,0,2.76,11534,0.1,33.21,318,Nacoes Shopping,NS
2025-12-14 00:00:00,AGE_25_34,0.0,0.0,2.93,0,2.23,6989,0.13,20.5,156,Nacoes Shopping,NS
2025-12-14 00:00:00,AGE_35_44,0.0,0.0,2.95,0,2.9,4719,0.1,13.94,137,Nacoes Shopping,NS
2025-12-14 00:00:00,AGE_45_54,0.0,0.0,3.27,0,5.58,3136,0.06,10.24,175,Nacoes Shopping,NS
2025-12-14 00:00:00,AGE_55_100,0.0,0.0,3.49,0,8.48,4200,0.04,14.67,356,Nacoes Shopping,NS
2025-12-15 00:00:00,NONE,0.0,0.0,4.29,0,0.0,14,0.0,0.06,0,Nacoes Shopping,NS
2025-12-15 00:00:00,AGE_18_24,0.0,0.0,2.82,0,2.77,12354,0.1,34.9,342,Nacoes Shopping,NS
2025-12-15 00:00:00,AGE_25_34,0.0,0.0,2.84,0,1.62,7324,0.17,20.77,119,Nacoes Shopping,NS
2025-12-15 00:00:00,AGE_35_44,0.0,0.0,2.66,0,2.38,4572,0.11,12.16,109,Nacoes Shopping,NS
2025-12-15 00:00:00,AGE_45_54,0.0,0.0,3.14,0,5.99,3057,0.05,9.61,183,Nacoes Shopping,NS
2025-12-15 00:00:00,AGE_55_100,0.0,0.0,3.41,0,6.81,3100,0.05,10.56,211,Nacoes Shopping,NS
2025-12-16 00:00:00,NONE,0.0,0.0,10.0,0,0.0,4,0.0,0.04,0,Nacoes Shopping,NS
2025-12-16 00:00:00,AGE_18_24,0.0,0.0,3.0,0,3.3,11165,0.09,33.53,369,Nacoes Shopping,NS
2025-12-16 00:00:00,AGE_25_34,0.0,0.0,2.94,0,1.49,6596,0.2,19.36,98,Nacoes Shopping,NS
2025-12-16 00:00:00,AGE_35_44,0.0,0.0,3.02,0,3.32,4362,0.09,13.17,145,Nacoes Shopping,NS
2025-12-16 00:00:00,AGE_45_54,0.0,0.0,3.33,0,4.67,2357,0.07,7.86,110,Nacoes Shopping,NS
2025-12-16 00:00:00,AGE_55_100,0.0,0.0,2.82,0,7.91,3894,0.04,10.98,308,Nacoes Shopping,NS
2025-12-17 00:00:00,NONE,0.0,0.0,8.0,0,10.0,10,0.08,0.08,1,Nacoes Shopping,NS
2025-12-17 00:00:00,AGE_18_24,0.0,0.0,2.92,0,2.53,10975,0.12,32.02,278,Nacoes Shopping,NS
2025-12-17 00:00:00,AGE_25_34,0.0,0.0,3.1,0,1.79,6976,0.17,21.65,125,Nacoes Shopping,NS
2025-12-17 00:00:00,AGE_35_44,0.0,0.0,2.87,0,3.41,4813,0.08,13.81,164,Nacoes Shopping,NS
2025-12-17 00:00:00,AGE_45_54,0.0,0.0,2.75,0,4.68,2712,0.06,7.47,127,Nacoes Shopping,NS
2025-12-17 00:00:00,AGE_55_100,0.0,0.0,3.18,0,5.43,2654,0.06,8.45,144,Nacoes Shopping,NS
2025-12-18 00:00:00,NONE,0.0,0.0,4.62,0,0.0,13,0.0,0.06,0,Nacoes Shopping,NS
2025-12-18 00:00:00,AGE_18_24,0.0,0.0,3.1,0,2.95,9556,0.1,29.59,282,Nacoes Shopping,NS
2025-12-18 00:00:00,AGE_25_34,0.0,0.0,3.5,0,2.74,5800,0.13,20.32,159,Nacoes Shopping,NS
2025-12-18 00:00:00,AGE_35_44,0.0,0.0,3.15,0,2.95,4240,0.11,13.35,125,Nacoes Shopping,NS
2025-12-18 00:00:00,AGE_45_54,0.0,0.0,3.65,0,6.14,2395,0.06,8.74,147,Nacoes Shopping,NS
2025-12-18 00:00:00,AGE_55_100,0.0,0.0,2.69,0,4.16,3006,0.06,8.08,125,Nacoes Shopping,NS
2025-12-19 00:00:00,NONE,0.0,0.0,16.0,0,20.0,5,0.08,0.08,1,Nacoes Shopping,NS
2025-12-19 00:00:00,AGE_18_24,0.0,0.0,3.21,0,3.52,9759,0.09,31.32,344,Nacoes Shopping,NS
2025-12-19 00:00:00,AGE_25_34,0.0,0.0,3.14,0,2.4,5459,0.13,17.13,131,Nacoes Shopping,NS
2025-12-19 00:00:00,AGE_35_44,0.0,0.0,3.41,0,3.29,4077,0.1,13.92,134,Nacoes Shopping,NS
2025-12-19 00:00:00,AGE_45_54,0.0,0.0,3.25,0,6.67,3434,0.05,11.16,229,Nacoes Shopping,NS
2025-12-19 00:00:00,AGE_55_100,0.0,0.0,3.14,0,5.24,2997,0.06,9.42,157,Nacoes Shopping,NS
2025-12-20 00:00:00,NONE,0.0,0.0,4.0,0,10.0,10,0.04,0.04,1,Nacoes Shopping,NS
2025-12-20 00:00:00,AGE_18_24,0.0,0.0,3.2,0,3.16,9115,0.1,29.18,288,Nacoes Shopping,NS
2025-12-20 00:00:00,AGE_25_34,0.0,0.0,3.24,0,2.09,5493,0.15,17.78,115,Nacoes Shopping,NS
2025-12-20 00:00:00,AGE_35_44,0.0,0.0,3.22,0,2.61,3982,0.12,12.83,104,Nacoes Shopping,NS
2025-12-20 00:00:00,AGE_45_54,0.0,0.0,4.41,0,6.83,2548,0.06,11.24,174,Nacoes Shopping,NS
2025-12-20 00:00:00,AGE_55_100,0.0,0.0,2.92,0,4.45,3956,0.07,11.57,176,Nacoes Shopping,NS
2025-12-21 00:00:00,NONE,0.0,0.0,5.0,0,0.0,6,0.0,0.03,0,Nacoes Shopping,NS
2025-12-21 00:00:00,AGE_18_24,0.0,0.0,2.91,0,2.87,10660,0.1,31.03,306,Nacoes Shopping,NS
2025-12-21 00:00:00,AGE_25_34,0.0,0.0,3.01,0,1.92,6156,0.16,18.53,118,Nacoes Shopping,NS
2025-12-21 00:00:00,AGE_35_44,0.0,0.0,2.82,0,2.7,4933,0.1,13.91,133,Nacoes Shopping,NS
2025-12-21 00:00:00,AGE_45_54,0.0,0.0,2.98,0,3.43,2916,0.09,8.69,100,Nacoes Shopping,NS
2025-12-21 00:00:00,AGE_55_100,0.0,0.0,3.13,0,4.28,3320,0.07,10.38,142,Nacoes Shopping,NS
2025-12-22 00:00:00,NONE,0.0,0.0,5.0,0,0.0,6,0.0,0.03,0,Nacoes Shopping,NS
2025-12-22 00:00:00,AGE_18_24,0.0,0.0,2.9,0,2.88,10285,0.1,29.87,296,Nacoes Shopping,NS
2025-12-22 00:00:00,AGE_25_34,0.0,0.0,2.58,0,1.4,6228,0.18,16.05,87,Nacoes Shopping,NS
2025-12-22 00:00:00,AGE_35_44,0.0,0.0,3.01,0,2.68,3997,0.11,12.02,107,Nacoes Shopping,NS
2025-12-22 00:00:00,AGE_45_54,0.0,0.0,4.09,0,7.58,2599,0.05,10.63,197,Nacoes Shopping,NS
2025-12-22 00:00:00,AGE_55_100,0.0,0.0,3.45,0,7.58,3811,0.05,13.14,289,Nacoes Shopping,NS
2025-12-23 00:00:00,NONE,0.0,0.0,5.0,0,10.0,10,0.05,0.05,1,Nacoes Shopping,NS
2025-12-23 00:00:00,AGE_18_24,0.0,0.0,2.88,0,2.08,10258,0.14,29.54,213,Nacoes Shopping,NS
2025-12-23 00:00:00,AGE_25_34,0.0,0.0,3.07,0,1.43,5805,0.21,17.82,83,Nacoes Shopping,NS
2025-12-23 00:00:00,AGE_35_44,0.0,0.0,2.98,0,2.06,3885,0.14,11.58,80,Nacoes Shopping,NS
2025-12-23 00:00:00,AGE_45_54,0.0,0.0,3.58,0,5.45,2625,0.07,9.4,143,Nacoes Shopping,NS
2025-12-23 00:00:00,AGE_55_100,0.0,0.0,4.1,0,7.87,3292,0.05,13.49,259,Nacoes Shopping,NS
2025-12-24 00:00:00,NONE,0.0,0.0,2.0,0,0.0,5,0.0,0.01,0,Nacoes Shopping,NS
2025-12-24 00:00:00,AGE_18_24,0.0,0.0,2.66,0,2.87,11174,0.09,29.74,321,Nacoes Shopping,NS
2025-12-24 00:00:00,AGE_25_34,0.0,0.0,2.44,0,1.46,8241,0.17,20.11,120,Nacoes Shopping,NS
2025-12-24 00:00:00,AGE_35_44,0.0,0.0,2.73,0,3.23,4059,0.08,11.09,131,Nacoes Shopping,NS
2025-12-24 00:00:00,AGE_45_54,0.0,0.0,2.92,0,5.11,3345,0.06,9.77,171,Nacoes Shopping,NS
2025-12-24 00:00:00,AGE_55_100,0.0,0.0,2.55,0,3.4,3616,0.08,9.23,123,Nacoes Shopping,NS
2025-12-25 00:00:00,NONE,0.0,0.0,13.33,0,0.0,3,0.0,0.04,0,Nacoes Shopping,NS
2025-12-25 00:00:00,AGE_18_24,0.0,0.0,2.48,0,3.36,10431,0.07,25.85,350,Nacoes Shopping,NS
2025-12-25 00:00:00,AGE_25_34,0.0,0.0,2.23,0,1.54,8056,0.14,17.96,124,Nacoes Shopping,NS
2025-12-25 00:00:00,AGE_35_44,0.0,0.0,2.55,0,2.88,4379,0.09,11.15,126,Nacoes Shopping,NS
2025-12-25 00:00:00,AGE_45_54,0.0,0.0,3.23,0,6.51,3733,0.05,12.07,243,Nacoes Shopping,NS
2025-12-25 00:00:00,AGE_55_100,0.0,0.0,2.98,0,5.48,3998,0.05,11.92,219,Nacoes Shopping,NS
2025-12-26 00:00:00,NONE,0.0,0.0,5.56,0,11.11,9,0.05,0.05,1,Nacoes Shopping,NS
2025-12-26 00:00:00,AGE_18_24,0.0,0.0,2.4,0,3.34,11295,0.07,27.09,377,Nacoes Shopping,NS
2025-12-26 00:00:00,AGE_25_34,0.0,0.0,2.32,0,1.48,7979,0.16,18.54,118,Nacoes Shopping,NS
2025-12-26 00:00:00,AGE_35_44,0.0,0.0,2.43,0,3.72,4145,0.07,10.07,154,Nacoes Shopping,NS
2025-12-26 00:00:00,AGE_45_54,0.0,0.0,2.98,0,6.6,3771,0.05,11.23,249,Nacoes Shopping,NS
2025-12-26 00:00:00,AGE_55_100,0.0,0.0,2.22,0,3.09,3531,0.07,7.84,109,Nacoes Shopping,NS
2025-12-27 00:00:00,NONE,0.0,0.0,8.57,0,0.0,7,0.0,0.06,0,Nacoes Shopping,NS
2025-12-27 00:00:00,AGE_18_24,0.0,0.0,2.52,0,4.5,12413,0.06,31.34,558,Nacoes Shopping,NS
2025-12-27 00:00:00,AGE_25_34,0.0,0.0,2.4,0,2.24,8225,0.11,19.76,184,Nacoes Shopping,NS
2025-12-27 00:00:00,AGE_35_44,0.0,0.0,2.47,0,4.43,4855,0.06,12.0,215,Nacoes Shopping,NS
2025-12-27 00:00:00,AGE_45_54,0.0,0.0,3.11,0,7.78,4578,0.04,14.23,356,Nacoes Shopping,NS
2025-12-27 00:00:00,AGE_55_100,0.0,0.0,2.33,0,3.38,3495,0.07,8.13,118,Nacoes Shopping,NS
2025-12-28 00:00:00,NONE,0.0,0.0,5.88,0,0.0,17,0.0,0.1,0,Nacoes Shopping,NS
2025-12-28 00:00:00,AGE_18_24,0.0,0.0,2.58,0,5.29,11550,0.05,29.79,611,Nacoes Shopping,NS
2025-12-28 00:00:00,AGE_25_34,0.0,0.0,2.3,0,2.28,8124,0.1,18.69,185,Nacoes Shopping,NS
2025-12-28 00:00:00,AGE_35_44,0.0,0.0,2.4,0,4.21,4633,0.06,11.14,195,Nacoes Shopping,NS
2025-12-28 00:00:00,AGE_45_54,0.0,0.0,2.87,0,7.26,4145,0.04,11.88,301,Nacoes Shopping,NS
2025-12-28 00:00:00,AGE_55_100,0.0,0.0,3.17,0,6.48,3629,0.05,11.49,235,Nacoes Shopping,NS
2025-12-29 00:00:00,NONE,0.0,0.0,5.45,0,9.09,11,0.06,0.06,1,Nacoes Shopping,NS
2025-12-29 00:00:00,AGE_18_24,0.0,0.0,2.44,0,5.25,12186,0.05,29.69,640,Nacoes Shopping,NS
2025-12-29 00:00:00,AGE_25_34,0.0,0.0,2.11,0,2.1,8521,0.1,17.95,179,Nacoes Shopping,NS
2025-12-29 00:00:00,AGE_35_44,0.0,0.0,2.14,0,4.41,5357,0.05,11.47,236,Nacoes Shopping,NS
2025-12-29 00:00:00,AGE_45_54,0.0,0.0,2.96,0,9.17,4164,0.03,12.32,382,Nacoes Shopping,NS
2025-12-29 00:00:00,AGE_55_100,0.0,0.0,2.36,0,4.23,3337,0.06,7.88,141,Nacoes Shopping,NS
2025-12-30 00:00:00,NONE,0.0,0.0,1.25,0,0.0,8,0.0,0.01,0,Nacoes Shopping,NS
2025-12-30 00:00:00,AGE_18_24,0.0,0.0,2.33,0,5.34,10492,0.04,24.42,560,Nacoes Shopping,NS
2025-12-30 00:00:00,AGE_25_34,0.0,0.0,2.35,0,2.83,7623,0.08,17.92,216,Nacoes Shopping,NS
2025-12-30 00:00:00,AGE_35_44,0.0,0.0,2.23,0,5.18,4657,0.04,10.37,241,Nacoes Shopping,NS
2025-12-30 00:00:00,AGE_45_54,0.0,0.0,3.18,0,10.12,3684,0.03,11.7,373,Nacoes Shopping,NS
2025-12-30 00:00:00,AGE_55_100,0.0,0.0,3.11,0,8.25,2957,0.04,9.21,244,Nacoes Shopping,NS
2025-12-31 00:00:00,NONE,0.0,0.0,3.33,0,0.0,6,0.0,0.02,0,Nacoes Shopping,NS
2025-12-31 00:00:00,AGE_18_24,0.0,0.0,2.16,0,4.36,7520,0.05,16.27,328,Nacoes Shopping,NS
2025-12-31 00:00:00,AGE_25_34,0.0,0.0,2.09,0,2.8,6599,0.07,13.82,185,Nacoes Shopping,NS
2025-12-31 00:00:00,AGE_35_44,0.0,0.0,2.24,0,4.38,2969,0.05,6.65,130,Nacoes Shopping,NS
2025-12-31 00:00:00,AGE_45_54,0.0,0.0,3.54,0,13.43,2278,0.03,8.06,306,Nacoes Shopping,NS
2025-12-31 00:00:00,AGE_55_100,0.0,0.0,2.38,0,6.35,2282,0.04,5.44,145,Nacoes Shopping,NS
2026-01-01 00:00:00,NONE,0.0,0.0,0.0,0,0.0,7,0.0,0.0,0,Nacoes Shopping,NS
2026-01-01 00:00:00,AGE_18_24,0.0,0.0,0.0,0,16.67,12,0.0,0.0,2,Nacoes Shopping,NS
2026-01-01 00:00:00,AGE_25_34,0.0,0.0,0.0,0,7.69,13,0.0,0.0,1,Nacoes Shopping,NS
2026-01-01 00:00:00,AGE_35_44,0.0,0.0,0.0,0,0.0,7,0.0,0.0,0,Nacoes Shopping,NS
2026-01-01 00:00:00,AGE_45_54,0.0,0.0,0.0,0,11.11,9,0.0,0.0,1,Nacoes Shopping,NS
2026-01-01 00:00:00,AGE_55_100,0.0,0.0,0.0,0,0.0,6,0.0,0.0,0,Nacoes Shopping,NS
2026-01-02 00:00:00,NONE,0.0,0.0,0.0,0,0.0,3,0.0,0.0,0,Nacoes Shopping,NS
2026-01-02 00:00:00,AGE_25_34,0.0,0.0,0.0,0,100.0,1,0.0,0.0,1,Nacoes Shopping,NS
2026-01-02 00:00:00,AGE_45_54,0.0,0.0,0.0,0,100.0,1,0.0,0.0,1,Nacoes Shopping,NS
2026-01-02 00:00:00,AGE_55_100,0.0,0.0,0.0,0,0.0,0,0.0,0.0,0,Nacoes Shopping,NS
2026-01-03 00:00:00,NONE,0.0,0.0,0.0,0,0.0,2,0.0,0.0,0,Nacoes Shopping,NS
2026-01-03 00:00:00,AGE_25_34,0.0,0.0,0.0,0,0.0,0,0.0,0.0,0,Nacoes Shopping,NS
2026-01-03 00:00:00,AGE_35_44,0.0,0.0,0.0,0,0.0,0,0.0,0.0,0,Nacoes Shopping,NS
2026-01-03 00:00:00,AGE_45_54,0.0,0.0,0.0,0,0.0,1,0.0,0.0,0,Nacoes Shopping,NS
2026-01-04 00:00:00,NONE,0.0,0.0,0.0,0,0.0,4,0.0,0.0,0,Nacoes Shopping,NS
2026-01-04 00:00:00,AGE_18_24,0.0,0.0,0.0,0,0.0,0,0.0,0.0,0,Nacoes Shopping,NS
2026-01-04 00:00:00,AGE_25_34,0.0,0.0,0.0,0,0.0,2,0.0,0.0,0,Nacoes Shopping,NS
2026-01-04 00:00:00,AGE_35_44,0.0,0.0,0.0,0,0.0,0,0.0,0.0,0,Nacoes Shopping,NS
2026-01-05 00:00:00,NONE,0.0,0.0,0.0,0,0.0,7,0.0,0.0,0,Nacoes Shopping,NS
2026-01-05 00:00:00,AGE_18_24,0.0,0.0,0.0,0,0.0,0,0.0,0.0,0,Nacoes Shopping,NS
2026-01-05 00:00:00,AGE_25_34,0.0,0.0,0.0,0,100.0,1,0.0,0.0,1,Nacoes Shopping,NS
2026-01-05 00:00:00,AGE_35_44,0.0,0.0,0.0,0,0.0,0,0.0,0.0,0,Nacoes Shopping,NS
2026-01-06 00:00:00,NONE,0.0,0.0,0.0,0,0.0,0,0.0,0.0,0,Nacoes Shopping,NS
2026-01-06 00:00:00,AGE_18_24,0.0,0.0,0.0,0,0.0,0,0.0,0.0,0,Nacoes Shopping,NS
2026-01-06 00:00:00,AGE_25_34,0.0,0.0,0.0,0,0.0,0,0.0,0.0,0,Nacoes Shopping,NS
2026-01-06 00:00:00,AGE_45_54,0.0,0.0,0.0,0,0.0,0,0.0,0.0,0,Nacoes Shopping,NS
2026-01-07 00:00:00,NONE,0.0,0.0,0.0,0,0.0,0,0.0,0.0,0,Nacoes Shopping,NS
2026-01-07 00:00:00,AGE_18_24,0.0,0.0,0.0,0,0.0,2,0.0,0.0,0,Nacoes Shopping,NS
2026-01-07 00:00:00,AGE_35_44,0.0,0.0,0.0,0,0.0,0,0.0,0.0,0,Nacoes Shopping,NS
2026-01-07 00:00:00,AGE_45_54,0.0,0.0,0.0,0,0.0,0,0.0,0.0,0,Nacoes Shopping,NS
2026-01-07 00:00:00,AGE_55_100,0.0,0.0,0.0,0,0.0,0,0.0,0.0,0,Nacoes Shopping,NS
2026-01-08 00:00:00,NONE,0.0,0.0,0.0,0,0.0,0,0.0,0.0,0,Nacoes Shopping,NS
2026-01-08 00:00:00,AGE_25_34,0.0,0.0,0.0,0,0.0,0,0.0,0.0,0,Nacoes Shopping,NS
2026-01-08 00:00:00,AGE_55_100,0.0,0.0,0.0,0,0.0,0,0.0,0.0,0,Nacoes Shopping,NS
2026-01-09 00:00:00,NONE,0.0,0.0,0.0,0,0.0,0,0.0,0.0,0,Nacoes Shopping,NS
2026-01-10 00:00:00,NONE,0.0,0.0,0.0,0,0.0,0,0.0,0.0,0,Nacoes Shopping,NS
2026-01-10 00:00:00,AGE_55_100,0.0,0.0,0.0,0,0.0,0,0.0,0.0,0,Nacoes Shopping,NS
2026-01-11 00:00:00,NONE,0.0,0.0,0.0,0,0.0,0,0.0,0.0,0,Nacoes Shopping,NS
2026-01-11 00:00:00,AGE_18_24,0.0,0.0,0.0,0,0.0,0,0.0,0.0,0,Nacoes Shopping,NS
2026-01-11 00:00:00,AGE_35_44,0.0,0.0,0.0,0,0.0,0,0.0,0.0,0,Nacoes Shopping,NS
2026-01-11 00:00:00,AGE_45_54,0.0,0.0,0.0,0,0.0,0,0.0,0.0,0,Nacoes Shopping,NS
2026-01-12 00:00:00,AGE_18_24,0.0,0.0,0.0,0,0.0,0,0.0,0.0,0,Nacoes Shopping,NS
2026-01-12 00:00:00,AGE_55_100,0.0,0.0,0.0,0,0.0,0,0.0,0.0,0,Nacoes Shopping,NS
2026-01-13 00:00:00,NONE,0.0,0.0,0.0,0,0.0,0,0.0,0.0,0,Nacoes Shopping,NS
2026-01-13 00:00:00,AGE_18_24,0.0,0.0,0.0,0,0.0,0,0.0,0.0,0,Nacoes Shopping,NS
2026-01-13 00:00:00,AGE_55_100,0.0,0.0,0.0,0,0.0,0,0.0,0.0,0,Nacoes Shopping,NS
2026-01-14 00:00:00,NONE,0.0,0.0,0.0,0,0.0,0,0.0,0.0,0,Nacoes Shopping,NS
2026-01-14 00:00:00,AGE_18_24,0.0,0.0,1.17,0,0.0,3885,0.0,4.56,0,Nacoes Shopping,NS
2026-01-14 00:00:00,AGE_25_34,0.0,0.0,1.43,0,0.0,2534,0.0,3.62,0,Nacoes Shopping,NS
2026-01-14 00:00:00,AGE_35_44,0.0,0.0,1.47,0,0.0,1092,0.0,1.61,0,Nacoes Shopping,NS
2026-01-14 00:00:00,AGE_45_54,0.0,0.0,1.25,0,0.0,878,0.0,1.1,0,Nacoes Shopping,NS
2026-01-14 00:00:00,AGE_55_100,0.0,0.0,1.06,0,0.0,1024,0.0,1.09,0,Nacoes Shopping,NS
2026-01-15 00:00:00,NONE,0.0,0.0,0.0,0,0.0,2,0.0,0.0,0,Nacoes Shopping,NS
2026-01-15 00:00:00,AGE_18_24,0.0,0.0,1.68,0,0.0,8184,0.0,13.79,0,Nacoes Shopping,NS
2026-01-15 00:00:00,AGE_25_34,0.0,0.0,1.65,0,0.0,6206,0.0,10.21,0,Nacoes Shopping,NS
2026-01-15 00:00:00,AGE_35_44,0.0,0.0,1.74,0,0.0,2604,0.0,4.52,0,Nacoes Shopping,NS
2026-01-15 00:00:00,AGE_45_54,0.0,0.0,1.33,0,0.0,2113,0.0,2.8,0,Nacoes Shopping,NS
2026-01-15 00:00:00,AGE_55_100,0.0,0.0,1.4,0,0.0,2385,0.0,3.33,0,Nacoes Shopping,NS
2026-01-16 00:00:00,NONE,0.0,0.0,0.0,0,0.0,4,0.0,0.0,0,Nacoes Shopping,NS
2026-01-16 00:00:00,AGE_18_24,0.0,0.0,1.57,0,0.0,7824,0.0,12.31,0,Nacoes Shopping,NS
2026-01-16 00:00:00,AGE_25_34,0.0,0.0,1.74,0,0.0,5897,0.0,10.27,0,Nacoes Shopping,NS
2026-01-16 00:00:00,AGE_35_44,0.0,0.0,1.81,0,0.0,2485,0.0,4.51,0,Nacoes Shopping,NS
2026-01-16 00:00:00,AGE_45_54,0.0,0.0,1.61,0,0.0,1932,0.0,3.12,0,Nacoes Shopping,NS
2026-01-16 00:00:00,AGE_55_100,0.0,0.0,1.54,0,0.0,2245,0.0,3.45,0,Nacoes Shopping,NS
2026-01-17 00:00:00,NONE,0.0,0.0,1.82,0,0.0,11,0.0,0.02,0,Nacoes Shopping,NS
2026-01-17 00:00:00,AGE_18_24,0.0,0.0,1.52,0,0.0,7910,0.0,11.99,0,Nacoes Shopping,NS
2026-01-17 00:00:00,AGE_25_34,0.0,0.0,1.67,0,0.0,6134,0.0,10.26,0,Nacoes Shopping,NS
2026-01-17 00:00:00,AGE_35_44,0.0,0.0,1.76,0,0.0,2529,0.0,4.46,0,Nacoes Shopping,NS
2026-01-17 00:00:00,AGE_45_54,0.0,0.0,1.88,0,0.0,1859,0.0,3.49,0,Nacoes Shopping,NS
2026-01-17 00:00:00,AGE_55_100,0.0,0.0,1.7,0,0.0,2109,0.0,3.58,0,Nacoes Shopping,NS
2026-01-18 00:00:00,NONE,0.0,0.0,10.0,0,0.0,2,0.0,0.02,0,Nacoes Shopping,NS
2026-01-18 00:00:00,AGE_18_24,0.0,0.0,1.58,0,0.0,7791,0.0,12.28,0,Nacoes Shopping,NS
2026-01-18 00:00:00,AGE_25_34,0.0,0.0,1.8,0,0.0,6302,0.0,11.33,0,Nacoes Shopping,NS
2026-01-18 00:00:00,AGE_35_44,0.0,0.0,1.71,0,0.0,2660,0.0,4.55,0,Nacoes Shopping,NS
2026-01-18 00:00:00,AGE_45_54,0.0,0.0,1.41,0,0.0,1781,0.0,2.52,0,Nacoes Shopping,NS
2026-01-18 00:00:00,AGE_55_100,0.0,0.0,1.6,0,0.0,1729,0.0,2.76,0,Nacoes Shopping,NS
2026-01-19 00:00:00,NONE,0.0,0.0,0.0,0,0.0,2,0.0,0.0,0,Nacoes Shopping,NS
2026-01-19 00:00:00,AGE_18_24,0.0,0.0,1.76,0,0.0,6813,0.0,11.97,0,Nacoes Shopping,NS
2026-01-19 00:00:00,AGE_25_34,0.0,0.0,1.9,0,0.0,5611,0.0,10.65,0,Nacoes Shopping,NS
2026-01-19 00:00:00,AGE_35_44,0.0,0.0,1.94,0,0.0,2037,0.0,3.96,0,Nacoes Shopping,NS
2026-01-19 00:00:00,AGE_45_54,0.0,0.0,1.78,0,0.0,1388,0.0,2.47,0,Nacoes Shopping,NS
2026-01-19 00:00:00,AGE_55_100,0.0,0.0,1.67,0,0.0,1449,0.0,2.42,0,Nacoes Shopping,NS
2026-01-20 00:00:00,NONE,0.0,0.0,0.0,0,0.0,1,0.0,0.0,0,Nacoes Shopping,NS
2026-01-20 00:00:00,AGE_18_24,0.0,0.0,1.98,0,0.0,6036,0.0,11.93,0,Nacoes Shopping,NS
2026-01-20 00:00:00,AGE_25_34,0.0,0.0,2.18,0,0.0,4831,0.0,10.54,0,Nacoes Shopping,NS
2026-01-20 00:00:00,AGE_35_44,0.0,0.0,1.98,0,0.0,1728,0.0,3.42,0,Nacoes Shopping,NS
2026-01-20 00:00:00,AGE_45_54,0.0,0.0,1.8,0,0.0,1229,0.0,2.21,0,Nacoes Shopping,NS
2026-01-20 00:00:00,AGE_55_100,0.0,0.0,1.89,0,0.0,1315,0.0,2.49,0,Nacoes Shopping,NS
2026-01-21 00:00:00,NONE,0.0,0.0,0.0,0,0.0,1,0.0,0.0,0,Nacoes Shopping,NS
2026-01-21 00:00:00,AGE_18_24,0.0,0.0,1.66,0,0.0,7715,0.0,12.77,0,Nacoes Shopping,NS
2026-01-21 00:00:00,AGE_25_34,0.0,0.0,1.9,0,0.0,5677,0.0,10.8,0,Nacoes Shopping,NS
2026-01-21 00:00:00,AGE_35_44,0.0,0.0,1.95,0,0.0,2151,0.0,4.19,0,Nacoes Shopping,NS
2026-01-21 00:00:00,AGE_45_54,0.0,0.0,1.77,0,0.0,1668,0.0,2.96,0,Nacoes Shopping,NS
2026-01-21 00:00:00,AGE_55_100,0.0,0.0,1.65,0,0.0,1826,0.0,3.02,0,Nacoes Shopping,NS
2026-01-22 00:00:00,NONE,0.0,0.0,7.5,0,0.0,4,0.0,0.03,0,Nacoes Shopping,NS
2026-01-22 00:00:00,AGE_18_24,0.0,0.0,1.61,0,0.0,7744,0.0,12.46,0,Nacoes Shopping,NS
2026-01-22 00:00:00,AGE_25_34,0.0,0.0,1.67,0,0.0,5656,0.0,9.46,0,Nacoes Shopping,NS
2026-01-22 00:00:00,AGE_35_44,0.0,0.0,1.62,0,0.0,2296,0.0,3.72,0,Nacoes Shopping,NS
2026-01-22 00:00:00,AGE_45_54,0.0,0.0,1.61,0,0.0,1829,0.0,2.95,0,Nacoes Shopping,NS
2026-01-22 00:00:00,AGE_55_100,0.0,0.0,1.39,0,0.0,2064,0.0,2.87,0,Nacoes Shopping,NS
2026-01-23 00:00:00,NONE,0.0,0.0,3.33,0,0.0,12,0.0,0.04,0,Nacoes Shopping,NS
2026-01-23 00:00:00,AGE_18_24,0.0,0.0,1.62,0,0.0,7324,0.0,11.86,0,Nacoes Shopping,NS
2026-01-23 00:00:00,AGE_25_34,0.0,0.0,1.86,0,0.0,5205,0.0,9.7,0,Nacoes Shopping,NS
2026-01-23 00:00:00,AGE_35_44,0.0,0.0,1.59,0,0.0,2178,0.0,3.47,0,Nacoes Shopping,NS
2026-01-23 00:00:00,AGE_45_54,0.0,0.0,1.54,0,0.0,1575,0.0,2.43,0,Nacoes Shopping,NS
2026-01-23 00:00:00,AGE_55_100,0.0,0.0,1.46,0,0.0,1980,0.0,2.9,0,Nacoes Shopping,NS
2026-01-24 00:00:00,NONE,0.0,0.0,2.22,0,0.0,18,0.0,0.04,0,Nacoes Shopping,NS
2026-01-24 00:00:00,AGE_18_24,0.0,0.0,1.66,0,0.0,6887,0.0,11.44,0,Nacoes Shopping,NS
2026-01-24 00:00:00,AGE_25_34,0.0,0.0,1.81,0,0.0,5163,0.0,9.32,0,Nacoes Shopping,NS
2026-01-24 00:00:00,AGE_35_44,0.0,0.0,1.73,0,0.0,2243,0.0,3.89,0,Nacoes Shopping,NS
2026-01-24 00:00:00,AGE_45_54,0.0,0.0,1.83,0,0.0,1623,0.0,2.97,0,Nacoes Shopping,NS
2026-01-24 00:00:00,AGE_55_100,0.0,0.0,1.74,0,0.0,1797,0.0,3.12,0,Nacoes Shopping,NS
2026-01-25 00:00:00,NONE,0.0,0.0,1.67,0,0.0,18,0.0,0.03,0,Nacoes Shopping,NS
2026-01-25 00:00:00,AGE_18_24,0.0,0.0,1.44,0,0.0,6865,0.0,9.88,0,Nacoes Shopping,NS
2026-01-25 00:00:00,AGE_25_34,0.0,0.0,1.69,0,0.0,5572,0.0,9.39,0,Nacoes Shopping,NS
2026-01-25 00:00:00,AGE_35_44,0.0,0.0,1.62,0,0.0,2465,0.0,4.0,0,Nacoes Shopping,NS
2026-01-25 00:00:00,AGE_45_54,0.0,0.0,1.75,0,0.0,1690,0.0,2.95,0,Nacoes Shopping,NS
2026-01-25 00:00:00,AGE_55_100,0.0,0.0,1.51,0,0.0,1634,0.0,2.47,0,Nacoes Shopping,NS
2026-01-26 00:00:00,NONE,0.0,0.0,1.11,0,0.0,9,0.0,0.01,0,Nacoes Shopping,NS
2026-01-26 00:00:00,AGE_18_24,0.0,0.0,1.84,0,0.0,5594,0.0,10.32,0,Nacoes Shopping,NS
2026-01-26 00:00:00,AGE_25_34,0.0,0.0,1.96,0,0.0,4673,0.0,9.17,0,Nacoes Shopping,NS
2026-01-26 00:00:00,AGE_35_44,0.0,0.0,2.19,0,0.0,1867,0.0,4.09,0,Nacoes Shopping,NS
2026-01-26 00:00:00,AGE_45_54,0.0,0.0,1.91,0,0.0,1261,0.0,2.41,0,Nacoes Shopping,NS
2026-01-26 00:00:00,AGE_55_100,0.0,0.0,1.92,0,0.0,1284,0.0,2.46,0,Nacoes Shopping,NS
2026-01-27 00:00:00,NONE,0.0,0.0,0.91,0,0.0,22,0.0,0.02,0,Nacoes Shopping,NS
2026-01-27 00:00:00,AGE_18_24,0.0,0.0,1.71,0,0.0,6128,0.0,10.49,0,Nacoes Shopping,NS
2026-01-27 00:00:00,AGE_25_34,0.0,0.0,1.92,0,0.0,4309,0.0,8.26,0,Nacoes Shopping,NS
2026-01-27 00:00:00,AGE_35_44,0.0,0.0,1.96,0,0.0,1693,0.0,3.31,0,Nacoes Shopping,NS
2026-01-27 00:00:00,AGE_45_54,0.0,0.0,1.9,0,0.0,1206,0.0,2.29,0,Nacoes Shopping,NS
2026-01-27 00:00:00,AGE_55_100,0.0,0.0,1.35,0,0.0,1511,0.0,2.04,0,Nacoes Shopping,NS
2026-01-28 00:00:00,NONE,0.0,0.0,2.35,0,0.0,17,0.0,0.04,0,Nacoes Shopping,NS
2026-01-28 00:00:00,AGE_18_24,0.0,0.0,1.53,0,0.0,8047,0.0,12.29,0,Nacoes Shopping,NS
2026-01-28 00:00:00,AGE_25_34,0.0,0.0,1.57,0,0.0,5698,0.0,8.96,0,Nacoes Shopping,NS
2026-01-28 00:00:00,AGE_35_44,0.0,0.0,1.52,0,0.0,2310,0.0,3.51,0,Nacoes Shopping,NS
2026-01-28 00:00:00,AGE_45_54,0.0,0.0,1.6,0,0.0,1567,0.0,2.51,0,Nacoes Shopping,NS
2026-01-28 00:00:00,AGE_55_100,0.0,0.0,1.56,0,0.0,1844,0.0,2.87,0,Nacoes Shopping,NS
2026-01-29 00:00:00,NONE,0.0,0.0,3.04,0,0.0,23,0.0,0.07,0,Nacoes Shopping,NS
2026-01-29 00:00:00,AGE_18_24,0.0,0.0,1.63,0,0.0,12464,0.0,20.3,0,Nacoes Shopping,NS
2026-01-29 00:00:00,AGE_25_34,0.0,0.0,1.72,0,0.0,9522,0.0,16.34,0,Nacoes Shopping,NS
2026-01-29 00:00:00,AGE_35_44,0.0,0.0,1.66,0,0.0,3619,0.0,5.99,0,Nacoes Shopping,NS
2026-01-29 00:00:00,AGE_45_54,0.0,0.0,1.68,0,0.0,2732,0.0,4.58,0,Nacoes Shopping,NS
2026-01-29 00:00:00,AGE_55_100,0.0,0.0,1.54,0,0.0,3120,0.0,4.79,0,Nacoes Shopping,NS
2026-01-30 00:00:00,NONE,0.0,0.0,1.29,0,0.0,31,0.0,0.04,0,Nacoes Shopping,NS
2026-01-30 00:00:00,AGE_18_24,0.0,0.0,1.82,0,0.0,19532,0.0,35.6,0,Nacoes Shopping,NS
2026-01-30 00:00:00,AGE_25_34,0.0,0.0,1.98,0,0.0,16364,0.0,32.48,0,Nacoes Shopping,NS
2026-01-30 00:00:00,AGE_35_44,0.0,0.0,1.8,0,0.0,6598,0.0,11.88,0,Nacoes Shopping,NS
2026-01-30 00:00:00,AGE_45_54,0.0,0.0,1.81,0,0.0,4680,0.0,8.46,0,Nacoes Shopping,NS
2026-01-30 00:00:00,AGE_55_100,0.0,0.0,1.7,0,0.0,5175,0.0,8.82,0,Nacoes Shopping,NS
2026-01-31 00:00:00,NONE,0.0,0.0,1.89,0,0.0,53,0.0,0.1,0,Nacoes Shopping,NS
2026-01-31 00:00:00,AGE_18_24,0.0,0.0,1.94,0,0.0,17867,0.0,34.63,0,Nacoes Shopping,NS
2026-01-31 00:00:00,AGE_25_34,0.0,0.0,2.0,0,0.0,14801,0.0,29.6,0,Nacoes Shopping,NS
2026-01-31 00:00:00,AGE_35_44,0.0,0.0,1.92,0,0.0,6140,0.0,11.77,0,Nacoes Shopping,NS
2026-01-31 00:00:00,AGE_45_54,0.0,0.0,1.9,0,0.0,4228,0.0,8.04,0,Nacoes Shopping,NS
2026-01-31 00:00:00,AGE_55_100,0.0,0.0,1.69,0,0.0,4680,0.0,7.89,0,Nacoes Shopping,NS
2026-02-01 00:00:00,NONE,0.0,0.0,2.75,0,0.0,51,0.0,0.14,0,Nacoes Shopping,NS
2026-02-01 00:00:00,AGE_18_24,0.0,0.0,1.7,0,0.0,18103,0.0,30.86,0,Nacoes Shopping,NS
2026-02-01 00:00:00,AGE_25_34,0.0,0.0,1.71,0,0.0,16472,0.0,28.2,0,Nacoes Shopping,NS
2026-02-01 00:00:00,AGE_35_44,0.0,0.0,1.79,0,0.0,6701,0.0,11.99,0,Nacoes Shopping,NS
2026-02-01 00:00:00,AGE_45_54,0.0,0.0,1.58,0,0.0,4368,0.0,6.91,0,Nacoes Shopping,NS
2026-02-01 00:00:00,AGE_55_100,0.0,0.0,1.49,0,0.0,4500,0.0,6.7,0,Nacoes Shopping,NS
2026-02-02 00:00:00,NONE,0.0,0.0,1.86,0,0.0,43,0.0,0.08,0,Nacoes Shopping,NS
2026-02-02 00:00:00,AGE_18_24,0.0,0.0,1.84,0,0.0,17388,0.0,31.92,0,Nacoes Shopping,NS
2026-02-02 00:00:00,AGE_25_34,0.0,0.0,1.91,0,0.0,15113,0.0,28.83,0,Nacoes Shopping,NS
2026-02-02 00:00:00,AGE_35_44,0.0,0.0,1.88,0,0.0,5537,0.0,10.39,0,Nacoes Shopping,NS
2026-02-02 00:00:00,AGE_45_54,0.0,0.0,1.65,0,0.0,3466,0.0,5.73,0,Nacoes Shopping,NS
2026-02-02 00:00:00,AGE_55_100,0.0,0.0,1.51,0,0.0,3707,0.0,5.59,0,Nacoes Shopping,NS
2026-02-03 00:00:00,NONE,0.0,0.0,1.35,0,0.0,52,0.0,0.07,0,Nacoes Shopping,NS
2026-02-03 00:00:00,AGE_18_24,0.0,0.0,1.98,0,0.0,16347,0.0,32.34,0,Nacoes Shopping,NS
2026-02-03 00:00:00,AGE_25_34,0.0,0.0,2.14,0,0.0,12975,0.0,27.78,0,Nacoes Shopping,NS
2026-02-03 00:00:00,AGE_35_44,0.0,0.0,2.13,0,0.0,4705,0.0,10.01,0,Nacoes Shopping,NS
2026-02-03 00:00:00,AGE_45_54,0.0,0.0,1.96,0,0.0,3027,0.0,5.92,0,Nacoes Shopping,NS
2026-02-03 00:00:00,AGE_55_100,0.0,0.0,1.67,0,0.0,3543,0.0,5.91,0,Nacoes Shopping,NS
2026-02-04 00:00:00,NONE,0.0,0.0,3.02,0,0.0,43,0.0,0.13,0,Nacoes Shopping,NS
2026-02-04 00:00:00,AGE_18_24,0.0,0.0,1.98,0,0.0,14476,0.0,28.63,0,Nacoes Shopping,NS
2026-02-04 00:00:00,AGE_25_34,0.0,0.0,2.33,0,0.0,12368,0.0,28.78,0,Nacoes Shopping,NS
2026-02-04 00:00:00,AGE_35_44,0.0,0.0,2.14,0,0.0,5055,0.0,10.83,0,Nacoes Shopping,NS
2026-02-04 00:00:00,AGE_45_54,0.0,0.0,1.96,0,0.0,3522,0.0,6.89,0,Nacoes Shopping,NS
2026-02-04 00:00:00,AGE_55_100,0.0,0.0,1.66,0,0.0,3871,0.0,6.43,0,Nacoes Shopping,NS
2026-02-05 00:00:00,NONE,0.0,0.0,2.37,0,0.0,38,0.0,0.09,0,Nacoes Shopping,NS
2026-02-05 00:00:00,AGE_18_24,0.0,0.0,1.86,0,0.0,17067,0.0,31.67,0,Nacoes Shopping,NS
2026-02-05 00:00:00,AGE_25_34,0.0,0.0,2.21,0,0.0,12772,0.0,28.26,0,Nacoes Shopping,NS
2026-02-05 00:00:00,AGE_35_44,0.0,0.0,2.07,0,0.0,4824,0.0,9.97,0,Nacoes Shopping,NS
2026-02-05 00:00:00,AGE_45_54,0.0,0.0,1.85,0,0.0,3450,0.0,6.38,0,Nacoes Shopping,NS
2026-02-05 00:00:00,AGE_55_100,0.0,0.0,1.7,0,0.0,3933,0.0,6.67,0,Nacoes Shopping,NS
2026-02-06 00:00:00,NONE,0.0,0.0,1.96,0,0.0,51,0.0,0.1,0,Nacoes Shopping,NS
2026-02-06 00:00:00,AGE_18_24,0.0,0.0,1.65,0,0.0,17142,0.0,28.33,0,Nacoes Shopping,NS
2026-02-06 00:00:00,AGE_25_34,0.0,0.0,2.03,0,0.0,13365,0.0,27.12,0,Nacoes Shopping,NS
2026-02-06 00:00:00,AGE_35_44,0.0,0.0,1.95,0,0.0,5294,0.0,10.34,0,Nacoes Shopping,NS
2026-02-06 00:00:00,AGE_45_54,0.0,0.0,1.77,0,0.0,3638,0.0,6.45,0,Nacoes Shopping,NS
2026-02-06 00:00:00,AGE_55_100,0.0,0.0,1.66,0,0.0,4193,0.0,6.98,0,Nacoes Shopping,NS
2026-02-07 00:00:00,NONE,0.0,0.0,2.26,0,0.0,31,0.0,0.07,0,Nacoes Shopping,NS
2026-02-07 00:00:00,AGE_18_24,0.0,0.0,1.93,0,0.0,12846,0.0,24.83,0,Nacoes Shopping,NS
2026-02-07 00:00:00,AGE_25_34,0.0,0.0,2.0,0,0.0,9577,0.0,19.18,0,Nacoes Shopping,NS
2026-02-07 00:00:00,AGE_35_44,0.0,0.0,1.86,0,0.0,4111,0.0,7.64,0,Nacoes Shopping,NS
2026-02-07 00:00:00,AGE_45_54,0.0,0.0,1.79,0,0.0,2938,0.0,5.27,0,Nacoes Shopping,NS
2026-02-07 00:00:00,AGE_55_100,0.0,0.0,1.92,0,0.0,3425,0.0,6.58,0,Nacoes Shopping,NS
2026-02-08 00:00:00,NONE,0.0,0.0,0.0,0,0.0,13,0.0,0.0,0,Nacoes Shopping,NS
2026-02-08 00:00:00,AGE_18_24,0.0,0.0,1.84,0,0.0,6114,0.0,11.23,0,Nacoes Shopping,NS
2026-02-08 00:00:00,AGE_25_34,0.0,0.0,1.82,0,0.0,5223,0.0,9.53,0,Nacoes Shopping,NS
2026-02-08 00:00:00,AGE_35_44,0.0,0.0,1.92,0,0.0,2282,0.0,4.38,0,Nacoes Shopping,NS
2026-02-08 00:00:00,AGE_45_54,0.0,0.0,1.84,0,0.0,1617,0.0,2.98,0,Nacoes Shopping,NS
2026-02-08 00:00:00,AGE_55_100,0.0,0.0,1.96,0,0.0,1693,0.0,3.31,0,Nacoes Shopping,NS
2026-02-09 00:00:00,NONE,0.0,0.0,3.64,0,0.0,11,0.0,0.04,0,Nacoes Shopping,NS
2026-02-09 00:00:00,AGE_18_24,0.0,0.0,1.97,0,0.0,3445,0.0,6.77,0,Nacoes Shopping,NS
2026-02-09 00:00:00,AGE_25_34,0.0,0.0,2.13,0,0.0,2750,0.0,5.85,0,Nacoes Shopping,NS
2026-02-09 00:00:00,AGE_35_44,0.0,0.0,2.02,0,0.0,1181,0.0,2.38,0,Nacoes Shopping,NS
2026-02-09 00:00:00,AGE_45_54,0.0,0.0,2.11,0,0.0,786,0.0,1.66,0,Nacoes Shopping,NS
2026-02-09 00:00:00,AGE_55_100,0.0,0.0,1.87,0,0.0,936,0.0,1.75,0,Nacoes Shopping,NS
2026-02-10 00:00:00,NONE,0.0,0.0,1.82,0,0.0,11,0.0,0.02,0,Nacoes Shopping,NS
2026-02-10 00:00:00,AGE_18_24,0.0,0.0,1.67,0,0.0,4802,0.0,8.04,0,Nacoes Shopping,NS
2026-02-10 00:00:00,AGE_25_34,0.0,0.0,1.63,0,0.0,3120,0.0,5.1,0,Nacoes Shopping,NS
2026-02-10 00:00:00,AGE_35_44,0.0,0.0,1.68,0,0.0,1478,0.0,2.49,0,Nacoes Shopping,NS
2026-02-10 00:00:00,AGE_45_54,0.0,0.0,1.49,0,0.0,1086,0.0,1.62,0,Nacoes Shopping,NS
2026-02-10 00:00:00,AGE_55_100,0.0,0.0,1.65,0,0.0,1403,0.0,2.31,0,Nacoes Shopping,NS
2026-02-11 00:00:00,NONE,0.0,0.0,2.73,0,0.0,11,0.0,0.03,0,Nacoes Shopping,NS
2026-02-11 00:00:00,AGE_18_24,0.0,0.0,1.49,0,0.0,5066,0.0,7.57,0,Nacoes Shopping,NS
2026-02-11 00:00:00,AGE_25_34,0.0,0.0,1.63,0,0.0,3147,0.0,5.12,0,Nacoes Shopping,NS
2026-02-11 00:00:00,AGE_35_44,0.0,0.0,1.53,0,0.0,1446,0.0,2.21,0,Nacoes Shopping,NS
2026-02-11 00:00:00,AGE_45_54,0.0,0.0,1.56,0,0.0,1108,0.0,1.73,0,Nacoes Shopping,NS
2026-02-11 00:00:00,AGE_55_100,0.0,0.0,1.26,0,0.0,1410,0.0,1.78,0,Nacoes Shopping,NS
2026-02-12 00:00:00,NONE,0.0,0.0,2.86,0,0.0,7,0.0,0.02,0,Nacoes Shopping,NS
2026-02-12 00:00:00,AGE_18_24,0.0,0.0,1.58,0,0.0,4547,0.0,7.2,0,Nacoes Shopping,NS
2026-02-12 00:00:00,AGE_25_34,0.0,0.0,1.78,0,0.0,3289,0.0,5.86,0,Nacoes Shopping,NS
2026-02-12 00:00:00,AGE_35_44,0.0,0.0,1.56,0,0.0,1324,0.0,2.07,0,Nacoes Shopping,NS
2026-02-12 00:00:00,AGE_45_54,0.0,0.0,1.41,0,0.0,990,0.0,1.4,0,Nacoes Shopping,NS
2026-02-12 00:00:00,AGE_55_100,0.0,0.0,1.28,0,0.0,1129,0.0,1.45,0,Nacoes Shopping,NS
2026-02-13 00:00:00,NONE,0.0,0.0,1.67,0,0.0,12,0.0,0.02,0,Nacoes Shopping,NS
2026-02-13 00:00:00,AGE_18_24,0.0,0.0,1.71,0,0.0,3958,0.0,6.76,0,Nacoes Shopping,NS
2026-02-13 00:00:00,AGE_25_34,0.0,0.0,1.78,0,0.0,3260,0.0,5.81,0,Nacoes Shopping,NS
2026-02-13 00:00:00,AGE_35_44,0.0,0.0,1.61,0,0.0,1417,0.0,2.28,0,Nacoes Shopping,NS
2026-02-13 00:00:00,AGE_45_54,0.0,0.0,1.8,0,0.0,985,0.0,1.77,0,Nacoes Shopping,NS
2026-02-13 00:00:00,AGE_55_100,0.0,0.0,1.45,0,0.0,1019,0.0,1.48,0,Nacoes Shopping,NS
2026-02-14 00:00:00,NONE,0.0,0.0,1.67,0,0.0,6,0.0,0.01,0,Nacoes Shopping,NS
2026-02-14 00:00:00,AGE_18_24,0.0,0.0,1.8,0,0.0,3630,0.0,6.54,0,Nacoes Shopping,NS
2026-02-14 00:00:00,AGE_25_34,0.0,0.0,1.91,0,0.0,3065,0.0,5.86,0,Nacoes Shopping,NS
2026-02-14 00:00:00,AGE_35_44,0.0,0.0,1.59,0,0.0,1501,0.0,2.39,0,Nacoes Shopping,NS
2026-02-14 00:00:00,AGE_45_54,0.0,0.0,1.61,0,0.0,992,0.0,1.6,0,Nacoes Shopping,NS
2026-02-14 00:00:00,AGE_55_100,0.0,0.0,1.52,0,0.0,1077,0.0,1.64,0,Nacoes Shopping,NS
2026-02-15 00:00:00,NONE,0.0,0.0,1.43,0,0.0,7,0.0,0.01,0,Nacoes Shopping,NS
2026-02-15 00:00:00,AGE_18_24,0.0,0.0,1.81,0,0.0,3137,0.0,5.69,0,Nacoes Shopping,NS
2026-02-15 00:00:00,AGE_25_34,0.0,0.0,2.07,0,0.0,2806,0.0,5.8,0,Nacoes Shopping,NS
2026-02-15 00:00:00,AGE_35_44,0.0,0.0,1.63,0,0.0,1292,0.0,2.11,0,Nacoes Shopping,NS
2026-02-15 00:00:00,AGE_45_54,0.0,0.0,1.79,0,0.0,799,0.0,1.43,0,Nacoes Shopping,NS
2026-02-15 00:00:00,AGE_55_100,0.0,0.0,2.01,0,0.0,927,0.0,1.86,0,Nacoes Shopping,NS
2026-02-16 00:00:00,NONE,0.0,0.0,2.5,0,0.0,8,0.0,0.02,0,Nacoes Shopping,NS
2026-02-16 00:00:00,AGE_18_24,0.0,0.0,1.85,0,0.0,3324,0.0,6.14,0,Nacoes Shopping,NS
2026-02-16 00:00:00,AGE_25_34,0.0,0.0,2.0,0,0.0,2496,0.0,5.0,0,Nacoes Shopping,NS
2026-02-16 00:00:00,AGE_35_44,0.0,0.0,1.92,0,0.0,1129,0.0,2.17,0,Nacoes Shopping,NS
2026-02-16 00:00:00,AGE_45_54,0.0,0.0,1.92,0,0.0,756,0.0,1.45,0,Nacoes Shopping,NS
2026-02-16 00:00:00,AGE_55_100,0.0,0.0,1.68,0,0.0,885,0.0,1.49,0,Nacoes Shopping,NS
2026-02-17 00:00:00,NONE,0.0,0.0,2.5,0,0.0,12,0.0,0.03,0,Nacoes Shopping,NS
2026-02-17 00:00:00,AGE_18_24,0.0,0.0,1.42,0,0.0,4493,0.0,6.4,0,Nacoes Shopping,NS
2026-02-17 00:00:00,AGE_25_34,0.0,0.0,1.62,0,0.0,3010,0.0,4.89,0,Nacoes Shopping,NS
2026-02-17 00:00:00,AGE_35_44,0.0,0.0,1.44,0,0.0,1516,0.0,2.18,0,Nacoes Shopping,NS
2026-02-17 00:00:00,AGE_45_54,0.0,0.0,1.58,0,0.0,1135,0.0,1.79,0,Nacoes Shopping,NS
2026-02-17 00:00:00,AGE_55_100,0.0,0.0,1.43,0,0.0,1368,0.0,1.95,0,Nacoes Shopping,NS
2026-02-18 00:00:00,NONE,0.0,0.0,1.43,0,0.0,7,0.0,0.01,0,Nacoes Shopping,NS
2026-02-18 00:00:00,AGE_18_24,0.0,0.0,1.46,0,0.0,4478,0.0,6.54,0,Nacoes Shopping,NS
2026-02-18 00:00:00,AGE_25_34,0.0,0.0,1.53,0,0.0,3008,0.0,4.6,0,Nacoes Shopping,NS
2026-02-18 00:00:00,AGE_35_44,0.0,0.0,1.34,0,0.0,1480,0.0,1.99,0,Nacoes Shopping,NS
2026-02-18 00:00:00,AGE_45_54,0.0,0.0,1.12,0,0.0,1139,0.0,1.27,0,Nacoes Shopping,NS
2026-02-18 00:00:00,AGE_55_100,0.0,0.0,1.1,0,0.0,1305,0.0,1.43,0,Nacoes Shopping,NS
2026-02-19 00:00:00,NONE,0.0,0.0,0.0,0,0.0,10,0.0,0.0,0,Nacoes Shopping,NS
2026-02-19 00:00:00,AGE_18_24,0.0,0.0,1.59,0,0.0,3867,0.0,6.14,0,Nacoes Shopping,NS
2026-02-19 00:00:00,AGE_25_34,0.0,0.0,1.68,0,0.0,2746,0.0,4.6,0,Nacoes Shopping,NS
2026-02-19 00:00:00,AGE_35_44,0.0,0.0,1.35,0,0.0,1368,0.0,1.84,0,Nacoes Shopping,NS
2026-02-19 00:00:00,AGE_45_54,0.0,0.0,1.4,0,0.0,1037,0.0,1.45,0,Nacoes Shopping,NS
2026-02-19 00:00:00,AGE_55_100,0.0,0.0,1.34,0,0.0,1131,0.0,1.51,0,Nacoes Shopping,NS
2026-02-20 00:00:00,NONE,0.0,0.0,1.67,0,0.0,6,0.0,0.01,0,Nacoes Shopping,NS
2026-02-20 00:00:00,AGE_18_24,0.0,0.0,1.79,0,0.0,3210,0.0,5.74,0,Nacoes Shopping,NS
2026-02-20 00:00:00,AGE_25_34,0.0,0.0,1.82,0,0.0,2558,0.0,4.66,0,Nacoes Shopping,NS
2026-02-20 00:00:00,AGE_35_44,0.0,0.0,1.63,0,0.0,1275,0.0,2.08,0,Nacoes Shopping,NS
2026-02-20 00:00:00,AGE_45_54,0.0,0.0,1.34,0,0.0,908,0.0,1.22,0,Nacoes Shopping,NS
2026-02-20 00:00:00,AGE_55_100,0.0,0.0,1.41,0,0.0,1024,0.0,1.44,0,Nacoes Shopping,NS
2026-02-21 00:00:00,NONE,0.0,0.0,1.67,0,0.0,6,0.0,0.01,0,Nacoes Shopping,NS
2026-02-21 00:00:00,AGE_18_24,0.0,0.0,1.9,0,0.0,2971,0.0,5.64,0,Nacoes Shopping,NS
2026-02-21 00:00:00,AGE_25_34,0.0,0.0,1.78,0,0.0,2663,0.0,4.74,0,Nacoes Shopping,NS
2026-02-21 00:00:00,AGE_35_44,0.0,0.0,1.63,0,0.0,1223,0.0,1.99,0,Nacoes Shopping,NS
2026-02-21 00:00:00,AGE_45_54,0.0,0.0,1.46,0,0.0,817,0.0,1.19,0,Nacoes Shopping,NS
2026-02-21 00:00:00,AGE_55_100,0.0,0.0,1.3,0,0.0,799,0.0,1.04,0,Nacoes Shopping,NS
2026-02-22 00:00:00,NONE,0.0,0.0,1.25,0,0.0,8,0.0,0.01,0,Nacoes Shopping,NS
2026-02-22 00:00:00,AGE_18_24,0.0,0.0,1.76,0,0.0,2637,0.0,4.63,0,Nacoes Shopping,NS
2026-02-22 00:00:00,AGE_25_34,0.0,0.0,1.85,0,0.0,2445,0.0,4.52,0,Nacoes Shopping,NS
2026-02-22 00:00:00,AGE_35_44,0.0,0.0,1.56,0,0.0,995,0.0,1.55,0,Nacoes Shopping,NS
2026-02-22 00:00:00,AGE_45_54,0.0,0.0,1.55,0,0.0,815,0.0,1.26,0,Nacoes Shopping,NS
2026-02-22 00:00:00,AGE_55_100,0.0,0.0,1.6,0,0.0,799,0.0,1.28,0,Nacoes Shopping,NS
2026-02-23 00:00:00,NONE,0.0,0.0,2.5,0,0.0,4,0.0,0.01,0,Nacoes Shopping,NS
2026-02-23 00:00:00,AGE_18_24,0.0,0.0,2.42,0,0.0,2072,0.0,5.02,0,Nacoes Shopping,NS
2026-02-23 00:00:00,AGE_25_34,0.0,0.0,2.04,0,0.0,1723,0.0,3.51,0,Nacoes Shopping,NS
2026-02-23 00:00:00,AGE_35_44,0.0,0.0,2.14,0,0.0,763,0.0,1.63,0,Nacoes Shopping,NS
2026-02-23 00:00:00,AGE_45_54,0.0,0.0,1.63,0,0.0,541,0.0,0.88,0,Nacoes Shopping,NS
2026-02-23 00:00:00,AGE_55_100,0.0,0.0,1.81,0,0.0,547,0.0,0.99,0,Nacoes Shopping,NS
2026-02-24 00:00:00,NONE,0.0,0.0,2.86,0,0.0,7,0.0,0.02,0,Nacoes Shopping,NS
2026-02-24 00:00:00,AGE_18_24,0.0,0.0,1.7,0,0.0,2561,0.0,4.35,0,Nacoes Shopping,NS
2026-02-24 00:00:00,AGE_25_34,0.0,0.0,1.51,0,0.0,1718,0.0,2.6,0,Nacoes Shopping,NS
2026-02-24 00:00:00,AGE_35_44,0.0,0.0,1.75,0,0.0,816,0.0,1.43,0,Nacoes Shopping,NS
2026-02-24 00:00:00,AGE_45_54,0.0,0.0,1.7,0,0.0,746,0.0,1.27,0,Nacoes Shopping,NS
2026-02-24 00:00:00,AGE_55_100,0.0,0.0,1.67,0,0.0,1021,0.0,1.71,0,Nacoes Shopping,NS
2026-02-25 00:00:00,NONE,0.0,0.0,0.0,0,0.0,0,0.0,0.0,0,Nacoes Shopping,NS
2026-02-25 00:00:00,AGE_18_24,0.0,0.0,1.54,0,0.0,740,0.0,1.14,0,Nacoes Shopping,NS
2026-02-25 00:00:00,AGE_25_34,0.0,0.0,1.69,0,0.0,480,0.0,0.81,0,Nacoes Shopping,NS
2026-02-25 00:00:00,AGE_35_44,0.0,0.0,1.71,0,0.0,228,0.0,0.39,0,Nacoes Shopping,NS
2026-02-25 00:00:00,AGE_45_54,0.0,0.0,1.63,0,0.0,184,0.0,0.3,0,Nacoes Shopping,NS
2026-02-25 00:00:00,AGE_55_100,0.0,0.0,1.48,0,0.0,412,0.0,0.61,0,Nacoes Shopping,NS
2026-02-27 00:00:00,NONE,0.0,0.0,0.0,0,0.0,0,0.0,0.0,0,Nacoes Shopping,NS
2026-02-27 00:00:00,AGE_25_34,0.0,0.0,0.0,0,0.0,0,0.0,0.0,0,Nacoes Shopping,NS
2026-03-02 00:00:00,NONE,0.0,0.0,0.0,0,0.0,0,0.0,0.0,0,Nacoes Shopping,NS
2026-03-03 00:00:00,NONE,0.0,0.0,0.0,0,0.0,0,0.0,0.0,0,Nacoes Shopping,NS
2026-03-04 00:00:00,AGE_55_100,0.0,0.0,0.0,0,0.0,0,0.0,0.0,0,Nacoes Shopping,NS
2026-03-05 00:00:00,AGE_18_24,0.0,0.0,0.0,0,0.0,0,0.0,0.0,0,Nacoes Shopping,NS
2026-03-06 00:00:00,NONE,0.0,0.0,0.0,0,0.0,0,0.0,0.0,0,Nacoes Shopping,NS
2026-03-06 00:00:00,AGE_35_44,0.0,0.0,0.0,0,0.0,0,0.0,0.0,0,Nacoes Shopping,NS
2026-03-09 00:00:00,NONE,0.0,0.0,0.0,0,0.0,0,0.0,0.0,0,Nacoes Shopping,NS
2026-03-12 00:00:00,NONE,0.0,0.0,0.0,0,0.0,0,0.0,0.0,0,Nacoes Shopping,NS
2026-03-22 00:00:00,NONE,0.0,0.0,0.0,0,0.0,0,0.0,0.0,0,Nacoes Shopping,NS
2026-03-28 00:00:00,NONE,0.0,0.0,0.0,0,0.0,0,0.0,0.0,0,Nacoes Shopping,NS
2026-04-01 00:00:00,NONE,0.0,0.0,0.0,0,0.0,0,0.0,0.0,0,Nacoes Shopping,NS
2026-04-02 00:00:00,NONE,0.0,0.0,0.0,0,0.0,0,0.0,0.0,0,Nacoes Shopping,NS
2026-04-09 00:00:00,AGE_18_24,0.0,0.0,0.0,0,0.0,0,0.0,0.0,0,Nacoes Shopping,NS
2026-04-30 00:00:00,NONE,0.0,0.0,1.25,0,0.0,8,0.0,0.01,0,Nacoes Shopping,NS
2026-04-30 00:00:00,AGE_18_24,0.0,0.0,2.59,0,3.84,5990,0.07,15.51,230,Nacoes Shopping,NS
2026-04-30 00:00:00,AGE_25_34,0.0,0.0,2.25,0,2.54,3424,0.09,7.71,87,Nacoes Shopping,NS
2026-04-30 00:00:00,AGE_35_44,0.0,0.0,2.32,0,4.05,2295,0.06,5.33,93,Nacoes Shopping,NS
2026-04-30 00:00:00,AGE_45_54,0.0,0.0,2.97,0,6.38,1944,0.05,5.78,124,Nacoes Shopping,NS
2026-04-30 00:00:00,AGE_55_100,0.0,0.0,2.23,0,4.19,2317,0.05,5.16,97,Nacoes Shopping,NS
2026-05-01 00:00:00,NONE,0.0,0.0,2.0,0,5.0,20,0.04,0.04,1,Nacoes Shopping,NS
2026-05-01 00:00:00,AGE_18_24,0.0,0.0,2.31,0,4.65,14797,0.05,34.19,688,Nacoes Shopping,NS
2026-05-01 00:00:00,AGE_25_34,0.0,0.0,2.32,0,3.5,10301,0.07,23.9,361,Nacoes Shopping,NS
2026-05-01 00:00:00,AGE_35_44,0.0,0.0,2.78,0,7.27,6452,0.04,17.94,469,Nacoes Shopping,NS
2026-05-01 00:00:00,AGE_45_54,0.0,0.0,2.54,0,6.72,5297,0.04,13.45,356,Nacoes Shopping,NS
2026-05-01 00:00:00,AGE_55_100,0.0,0.0,2.34,0,6.59,5936,0.04,13.89,391,Nacoes Shopping,NS
2026-05-02 00:00:00,NONE,0.0,0.0,2.8,0,4.0,25,0.07,0.07,1,Nacoes Shopping,NS
2026-05-02 00:00:00,AGE_18_24,0.0,0.0,2.55,0,5.14,13710,0.05,34.95,705,Nacoes Shopping,NS
2026-05-02 00:00:00,AGE_25_34,0.0,0.0,2.54,0,4.44,9887,0.06,25.13,439,Nacoes Shopping,NS
2026-05-02 00:00:00,AGE_35_44,0.0,0.0,2.64,0,5.38,5951,0.05,15.69,320,Nacoes Shopping,NS
2026-05-02 00:00:00,AGE_45_54,0.0,0.0,2.56,0,6.47,4823,0.04,12.35,312,Nacoes Shopping,NS
2026-05-02 00:00:00,AGE_55_100,0.0,0.0,2.84,0,8.61,5055,0.03,14.38,435,Nacoes Shopping,NS
2026-05-03 00:00:00,NONE,0.0,0.0,1.67,0,5.56,18,0.03,0.03,1,Nacoes Shopping,NS
2026-05-03 00:00:00,AGE_18_24,0.0,0.0,2.42,0,6.21,14250,0.04,34.51,885,Nacoes Shopping,NS
2026-05-03 00:00:00,AGE_25_34,0.0,0.0,2.64,0,6.04,10799,0.04,28.47,652,Nacoes Shopping,NS
2026-05-03 00:00:00,AGE_35_44,0.0,0.0,2.32,0,5.85,6680,0.04,15.49,391,Nacoes Shopping,NS
2026-05-03 00:00:00,AGE_45_54,0.0,0.0,2.42,0,7.36,4593,0.03,11.1,338,Nacoes Shopping,NS
2026-05-03 00:00:00,AGE_55_100,0.0,0.0,2.28,0,9.09,4961,0.03,11.31,451,Nacoes Shopping,NS
2026-05-04 00:00:00,NONE,0.0,0.0,1.36,0,0.0,22,0.0,0.03,0,Nacoes Shopping,NS
2026-05-04 00:00:00,AGE_18_24,0.0,0.0,2.69,0,5.04,5794,0.05,15.61,292,Nacoes Shopping,NS
2026-05-04 00:00:00,AGE_25_34,0.0,0.0,3.2,0,4.97,4409,0.06,14.1,219,Nacoes Shopping,NS
2026-05-04 00:00:00,AGE_35_44,0.0,0.0,3.29,0,6.46,2401,0.05,7.89,155,Nacoes Shopping,NS
2026-05-04 00:00:00,AGE_45_54,0.0,0.0,2.85,0,7.29,1810,0.04,5.15,132,Nacoes Shopping,NS
2026-05-04 00:00:00,AGE_55_100,0.0,0.0,2.85,0,8.68,2478,0.03,7.06,215,Nacoes Shopping,NS
2026-05-05 00:00:00,NONE,0.0,0.0,0.63,0,0.0,16,0.0,0.01,0,Nacoes Shopping,NS
2026-05-05 00:00:00,AGE_18_24,0.0,0.0,1.95,0,0.42,3575,0.46,6.97,15,Nacoes Shopping,NS
2026-05-05 00:00:00,AGE_25_34,0.0,0.0,1.78,0,0.24,3314,0.74,5.91,8,Nacoes Shopping,NS
2026-05-05 00:00:00,AGE_35_44,0.0,0.0,1.77,0,0.46,1974,0.39,3.49,9,Nacoes Shopping,NS
2026-05-05 00:00:00,AGE_45_54,0.0,0.0,1.76,0,0.27,1491,0.66,2.62,4,Nacoes Shopping,NS
2026-05-05 00:00:00,AGE_55_100,0.0,0.0,1.6,0,0.38,1569,0.42,2.51,6,Nacoes Shopping,NS
2026-05-06 00:00:00,NONE,0.0,0.0,2.0,0,0.0,30,0.0,0.06,0,Nacoes Shopping,NS
2026-05-06 00:00:00,AGE_18_24,0.0,0.0,2.7,0,3.17,10742,0.09,29.04,340,Nacoes Shopping,NS
2026-05-06 00:00:00,AGE_25_34,0.0,0.0,2.8,0,2.92,8698,0.1,24.33,254,Nacoes Shopping,NS
2026-05-06 00:00:00,AGE_35_44,0.0,0.0,2.49,0,2.69,4953,0.09,12.34,133,Nacoes Shopping,NS
2026-05-06 00:00:00,AGE_45_54,0.0,0.0,2.85,0,5.04,4148,0.06,11.82,209,Nacoes Shopping,NS
2026-05-06 00:00:00,AGE_55_100,0.0,0.0,2.51,0,4.26,4926,0.06,12.37,210,Nacoes Shopping,NS
2026-05-07 00:00:00,NONE,0.0,0.0,1.86,0,0.0,43,0.0,0.08,0,Nacoes Shopping,NS
2026-05-07 00:00:00,AGE_18_24,0.0,0.0,3.04,0,5.72,15170,0.05,46.17,867,Nacoes Shopping,NS
2026-05-07 00:00:00,AGE_25_34,0.0,0.0,3.0,0,4.02,9774,0.07,29.35,393,Nacoes Shopping,NS
2026-05-07 00:00:00,AGE_35_44,0.0,0.0,3.07,0,5.73,5981,0.05,18.36,343,Nacoes Shopping,NS
2026-05-07 00:00:00,AGE_45_54,0.0,0.0,2.91,0,6.13,5597,0.05,16.26,343,Nacoes Shopping,NS
2026-05-07 00:00:00,AGE_55_100,0.0,0.0,2.95,0,6.85,6310,0.04,18.59,432,Nacoes Shopping,NS
2026-05-08 00:00:00,NONE,0.0,0.0,3.78,0,2.22,45,0.17,0.17,1,Nacoes Shopping,NS
2026-05-08 00:00:00,AGE_18_24,0.0,0.0,2.86,0,5.62,14143,0.05,40.44,795,Nacoes Shopping,NS
2026-05-08 00:00:00,AGE_25_34,0.0,0.0,2.74,0,3.97,9422,0.07,25.78,374,Nacoes Shopping,NS
2026-05-08 00:00:00,AGE_35_44,0.0,0.0,3.03,0,6.06,5540,0.05,16.81,336,Nacoes Shopping,NS
2026-05-08 00:00:00,AGE_45_54,0.0,0.0,3.28,0,8.35,5125,0.04,16.83,428,Nacoes Shopping,NS
2026-05-08 00:00:00,AGE_55_100,0.0,0.0,3.12,0,9.44,5487,0.03,17.13,518,Nacoes Shopping,NS
2026-05-09 00:00:00,NONE,0.0,0.0,2.05,0,0.0,39,0.0,0.08,0,Nacoes Shopping,NS
2026-05-09 00:00:00,AGE_18_24,0.0,0.0,2.95,0,6.73,12755,0.04,37.65,859,Nacoes Shopping,NS
2026-05-09 00:00:00,AGE_25_34,0.0,0.0,2.85,0,4.23,8538,0.07,24.37,361,Nacoes Shopping,NS
2026-05-09 00:00:00,AGE_35_44,0.0,0.0,2.86,0,6.35,5335,0.05,15.28,339,Nacoes Shopping,NS
2026-05-09 00:00:00,AGE_45_54,0.0,0.0,3.07,0,7.94,4684,0.04,14.38,372,Nacoes Shopping,NS
2026-05-09 00:00:00,AGE_55_100,0.0,0.0,3.1,0,9.44,5486,0.03,17.03,518,Nacoes Shopping,NS
2026-05-10 00:00:00,NONE,0.0,0.0,3.02,0,0.0,53,0.0,0.16,0,Nacoes Shopping,NS
2026-05-10 00:00:00,AGE_18_24,0.0,0.0,2.74,0,6.15,11624,0.04,31.86,715,Nacoes Shopping,NS
2026-05-10 00:00:00,AGE_25_34,0.0,0.0,2.67,0,4.38,8820,0.06,23.52,386,Nacoes Shopping,NS
2026-05-10 00:00:00,AGE_35_44,0.0,0.0,2.88,0,5.65,5293,0.05,15.25,299,Nacoes Shopping,NS
2026-05-10 00:00:00,AGE_45_54,0.0,0.0,3.0,0,8.61,4972,0.03,14.9,428,Nacoes Shopping,NS
2026-05-10 00:00:00,AGE_55_100,0.0,0.0,2.32,0,6.45,5021,0.04,11.67,324,Nacoes Shopping,NS
2026-05-11 00:00:00,NONE,0.0,0.0,2.22,0,0.0,18,0.0,0.04,0,Nacoes Shopping,NS
2026-05-11 00:00:00,AGE_18_24,0.0,0.0,2.66,0,4.87,4581,0.05,12.18,223,Nacoes Shopping,NS
2026-05-11 00:00:00,AGE_25_34,0.0,0.0,2.8,0,3.2,3560,0.09,9.98,114,Nacoes Shopping,NS
2026-05-11 00:00:00,AGE_35_44,0.0,0.0,2.84,0,3.69,2116,0.08,6.01,78,Nacoes Shopping,NS
2026-05-11 00:00:00,AGE_45_54,0.0,0.0,3.12,0,7.88,1942,0.04,6.06,153,Nacoes Shopping,NS
2026-05-11 00:00:00,AGE_55_100,0.0,0.0,2.88,0,7.56,2049,0.04,5.91,155,Nacoes Shopping,NS
2026-05-12 00:00:00,NONE,0.0,0.0,0.0,0,0.0,0,0.0,0.0,0,Nacoes Shopping,NS
2026-05-12 00:00:00,AGE_18_24,0.0,0.0,0.0,0,0.0,0,0.0,0.0,0,Nacoes Shopping,NS
2026-05-12 00:00:00,AGE_25_34,0.0,0.0,0.0,0,0.0,0,0.0,0.0,0,Nacoes Shopping,NS
2026-05-12 00:00:00,AGE_35_44,0.0,0.0,0.0,0,0.0,0,0.0,0.0,0,Nacoes Shopping,NS
2026-05-12 00:00:00,AGE_45_54,0.0,0.0,0.0,0,0.0,0,0.0,0.0,0,Nacoes Shopping,NS
2026-05-12 00:00:00,AGE_55_100,0.0,0.0,0.0,0,0.0,0,0.0,0.0,0,Nacoes Shopping,NS
2026-05-13 00:00:00,NONE,0.0,0.0,0.0,0,0.0,0,0.0,0.0,0,Nacoes Shopping,NS
2026-05-13 00:00:00,AGE_18_24,0.0,0.0,0.0,0,0.0,0,0.0,0.0,0,Nacoes Shopping,NS
2026-05-13 00:00:00,AGE_25_34,0.0,0.0,0.0,0,0.0,0,0.0,0.0,0,Nacoes Shopping,NS
2026-05-13 00:00:00,AGE_35_44,0.0,0.0,0.0,0,0.0,0,0.0,0.0,0,Nacoes Shopping,NS
2026-05-14 00:00:00,NONE,0.0,0.0,0.0,0,0.0,0,0.0,0.0,0,Nacoes Shopping,NS
2026-05-14 00:00:00,AGE_18_24,0.0,0.0,0.0,0,0.0,0,0.0,0.0,0,Nacoes Shopping,NS
2026-05-14 00:00:00,AGE_25_34,0.0,0.0,0.0,0,0.0,0,0.0,0.0,0,Nacoes Shopping,NS
2026-05-14 00:00:00,AGE_35_44,0.0,0.0,0.0,0,0.0,0,0.0,0.0,0,Nacoes Shopping,NS
2026-05-15 00:00:00,NONE,0.0,0.0,0.0,0,0.0,0,0.0,0.0,0,Nacoes Shopping,NS
2026-05-15 00:00:00,AGE_18_24,0.0,0.0,0.0,0,0.0,0,0.0,0.0,0,Nacoes Shopping,NS
2026-05-15 00:00:00,AGE_25_34,0.0,0.0,0.0,0,0.0,0,0.0,0.0,0,Nacoes Shopping,NS
2026-05-15 00:00:00,AGE_45_54,0.0,0.0,0.0,0,0.0,0,0.0,0.0,0,Nacoes Shopping,NS
2026-05-16 00:00:00,NONE,0.0,0.0,0.0,0,0.0,0,0.0,0.0,0,Nacoes Shopping,NS
2026-05-16 00:00:00,AGE_25_34,0.0,0.0,0.0,0,0.0,0,0.0,0.0,0,Nacoes Shopping,NS
2026-05-17 00:00:00,NONE,0.0,0.0,0.0,0,0.0,0,0.0,0.0,0,Nacoes Shopping,NS
2026-05-17 00:00:00,AGE_35_44,0.0,0.0,0.0,0,0.0,0,0.0,0.0,0,Nacoes Shopping,NS
2026-05-18 00:00:00,NONE,0.0,0.0,0.0,0,0.0,0,0.0,0.0,0,Nacoes Shopping,NS
2026-05-18 00:00:00,AGE_35_44,0.0,0.0,0.0,0,0.0,0,0.0,0.0,0,Nacoes Shopping,NS
2026-05-19 00:00:00,AGE_25_34,0.0,0.0,0.0,0,0.0,0,0.0,0.0,0,Nacoes Shopping,NS
2026-05-19 00:00:00,AGE_35_44,0.0,0.0,0.0,0,0.0,0,0.0,0.0,0,Nacoes Shopping,NS
2026-05-20 00:00:00,NONE,0.0,0.0,0.0,0,0.0,0,0.0,0.0,0,Nacoes Shopping,NS
2026-05-20 00:00:00,AGE_18_24,0.0,0.0,0.0,0,0.0,0,0.0,0.0,0,Nacoes Shopping,NS
2026-05-21 00:00:00,NONE,0.0,0.0,0.0,0,0.0,0,0.0,0.0,0,Nacoes Shopping,NS
2026-05-22 00:00:00,NONE,0.0,0.0,0.0,0,0.0,0,0.0,0.0,0,Nacoes Shopping,NS
2026-05-23 00:00:00,NONE,0.0,0.0,0.0,0,0.0,0,0.0,0.0,0,Nacoes Shopping,NS
2026-05-24 00:00:00,NONE,0.0,0.0,0.0,0,0.0,0,0.0,0.0,0,Nacoes Shopping,NS
2026-05-25 00:00:00,NONE,0.0,0.0,0.0,0,0.0,0,0.0,0.0,0,Nacoes Shopping,NS
2026-05-25 00:00:00,AGE_55_100,0.0,0.0,0.0,0,0.0,0,0.0,0.0,0,Nacoes Shopping,NS
2026-05-26 00:00:00,NONE,0.0,0.0,0.0,0,0.0,0,0.0,0.0,0,Nacoes Shopping,NS
2026-05-27 00:00:00,NONE,0.0,0.0,0.0,0,0.0,0,0.0,0.0,0,Nacoes Shopping,NS
2026-05-27 00:00:00,AGE_18_24,0.0,0.0,0.0,0,0.0,0,0.0,0.0,0,Nacoes Shopping,NS
2026-05-28 00:00:00,NONE,0.0,0.0,4.29,0,14.29,7,0.03,0.03,1,Nacoes Shopping,NS
2026-05-28 00:00:00,AGE_18_24,0.0,0.0,2.37,0,3.47,5871,0.07,13.93,204,Nacoes Shopping,NS
2026-05-28 00:00:00,AGE_25_34,0.0,0.0,2.5,0,3.18,4333,0.08,10.83,138,Nacoes Shopping,NS
2026-05-28 00:00:00,AGE_35_44,0.0,0.0,2.79,0,4.64,2458,0.06,6.85,114,Nacoes Shopping,NS
2026-05-28 00:00:00,AGE_45_54,0.0,0.0,3.06,0,7.17,3097,0.04,9.47,222,Nacoes Shopping,NS
2026-05-28 00:00:00,AGE_55_100,0.0,0.0,2.8,0,6.52,3832,0.04,10.73,250,Nacoes Shopping,NS
2026-05-29 00:00:00,NONE,0.0,0.0,3.75,0,0.0,8,0.0,0.03,0,Nacoes Shopping,NS
2026-05-29 00:00:00,AGE_18_24,0.0,0.0,3.0,0,4.84,8702,0.06,26.09,421,Nacoes Shopping,NS
2026-05-29 00:00:00,AGE_25_34,0.0,0.0,2.75,0,2.97,6868,0.09,18.89,204,Nacoes Shopping,NS
2026-05-29 00:00:00,AGE_35_44,0.0,0.0,3.06,0,5.02,3787,0.06,11.57,190,Nacoes Shopping,NS
2026-05-29 00:00:00,AGE_45_54,0.0,0.0,3.04,0,6.34,3815,0.05,11.61,242,Nacoes Shopping,NS
2026-05-29 00:00:00,AGE_55_100,0.0,0.0,2.92,0,6.07,5358,0.05,15.63,325,Nacoes Shopping,NS
2026-05-30 00:00:00,NONE,0.0,0.0,1.58,0,0.0,19,0.0,0.03,0,Nacoes Shopping,NS
2026-05-30 00:00:00,AGE_18_24,0.0,0.0,2.67,0,4.18,8707,0.06,23.21,364,Nacoes Shopping,NS
2026-05-30 00:00:00,AGE_25_34,0.0,0.0,2.56,0,2.97,7537,0.09,19.32,224,Nacoes Shopping,NS
2026-05-30 00:00:00,AGE_35_44,0.0,0.0,2.98,0,5.29,4062,0.06,12.09,215,Nacoes Shopping,NS
2026-05-30 00:00:00,AGE_45_54,0.0,0.0,3.36,0,8.02,3879,0.04,13.04,311,Nacoes Shopping,NS
2026-05-30 00:00:00,AGE_55_100,0.0,0.0,3.08,0,7.81,4722,0.04,14.53,369,Nacoes Shopping,NS
2026-05-31 00:00:00,NONE,0.0,0.0,3.1,0,0.0,29,0.0,0.09,0,Nacoes Shopping,NS
2026-05-31 00:00:00,AGE_18_24,0.0,0.0,2.57,0,5.16,9556,0.05,24.6,493,Nacoes Shopping,NS
2026-05-31 00:00:00,AGE_25_34,0.0,0.0,2.47,0,3.76,8229,0.07,20.34,309,Nacoes Shopping,NS
2026-05-31 00:00:00,AGE_35_44,0.0,0.0,2.72,0,5.13,4448,0.05,12.08,228,Nacoes Shopping,NS
2026-05-31 00:00:00,AGE_45_54,0.0,0.0,3.0,0,8.03,4357,0.04,13.06,350,Nacoes Shopping,NS
2026-05-31 00:00:00,AGE_55_100,0.0,0.0,2.64,0,7.88,5370,0.03,14.18,423,Nacoes Shopping,NS
2026-06-01 00:00:00,NONE,0.0,0.0,4.14,0,0.0,29,0.0,0.12,0,Nacoes Shopping,NS
2026-06-01 00:00:00,AGE_18_24,0.0,0.0,2.36,0,4.16,9192,0.06,21.72,382,Nacoes Shopping,NS
2026-06-01 00:00:00,AGE_25_34,0.0,0.0,2.25,0,3.21,8916,0.07,20.07,286,Nacoes Shopping,NS
2026-06-01 00:00:00,AGE_35_44,0.0,0.0,2.63,0,7.42,4851,0.04,12.77,360,Nacoes Shopping,NS
2026-06-01 00:00:00,AGE_45_54,0.0,0.0,2.42,0,5.99,3973,0.04,9.63,238,Nacoes Shopping,NS
2026-06-01 00:00:00,AGE_55_100,0.0,0.0,2.96,0,10.76,5509,0.03,16.29,593,Nacoes Shopping,NS
2026-06-02 00:00:00,NONE,0.0,0.0,1.37,0,0.0,51,0.0,0.07,0,Nacoes Shopping,NS
2026-06-02 00:00:00,AGE_18_24,0.0,0.0,2.66,0,4.86,8112,0.05,21.61,394,Nacoes Shopping,NS
2026-06-02 00:00:00,AGE_25_34,0.0,0.0,2.5,0,2.49,7582,0.1,18.93,189,Nacoes Shopping,NS
2026-06-02 00:00:00,AGE_35_44,0.0,0.0,2.77,0,5.61,4351,0.05,12.06,244,Nacoes Shopping,NS
2026-06-02 00:00:00,AGE_45_54,0.0,0.0,2.85,0,8.32,3451,0.03,9.84,287,Nacoes Shopping,NS
2026-06-02 00:00:00,AGE_55_100,0.0,0.0,3.34,0,13.07,4804,0.03,16.05,628,Nacoes Shopping,NS
2026-06-03 00:00:00,NONE,0.0,0.0,1.95,0,0.0,41,0.0,0.08,0,Nacoes Shopping,NS
2026-06-03 00:00:00,AGE_18_24,0.0,0.0,2.9,0,5.56,7673,0.05,22.27,427,Nacoes Shopping,NS
2026-06-03 00:00:00,AGE_25_34,0.0,0.0,2.62,0,3.59,8135,0.07,21.34,292,Nacoes Shopping,NS
2026-06-03 00:00:00,AGE_35_44,0.0,0.0,2.67,0,5.58,3964,0.05,10.57,221,Nacoes Shopping,NS
2026-06-03 00:00:00,AGE_45_54,0.0,0.0,2.93,0,9.83,3663,0.03,10.72,360,Nacoes Shopping,NS
2026-06-03 00:00:00,AGE_55_100,0.0,0.0,3.08,0,12.75,4731,0.02,14.58,603,Nacoes Shopping,NS
2026-06-04 00:00:00,NONE,0.0,0.0,2.27,0,2.27,44,0.1,0.1,1,Nacoes Shopping,NS
2026-06-04 00:00:00,AGE_18_24,0.0,0.0,2.56,0,5.0,8894,0.05,22.73,445,Nacoes Shopping,NS
2026-06-04 00:00:00,AGE_25_34,0.0,0.0,2.53,0,4.06,8063,0.06,20.41,327,Nacoes Shopping,NS
2026-06-04 00:00:00,AGE_35_44,0.0,0.0,2.8,0,8.97,4205,0.03,11.76,377,Nacoes Shopping,NS
2026-06-04 00:00:00,AGE_45_54,0.0,0.0,2.83,0,10.5,3934,0.03,11.15,413,Nacoes Shopping,NS
2026-06-04 00:00:00,AGE_55_100,0.0,0.0,2.86,0,12.4,4805,0.02,13.72,596,Nacoes Shopping,NS
2026-06-05 00:00:00,NONE,0.0,0.0,4.17,0,0.0,24,0.0,0.1,0,Nacoes Shopping,NS
2026-06-05 00:00:00,AGE_18_24,0.0,0.0,2.46,0,5.85,8871,0.04,21.78,519,Nacoes Shopping,NS
2026-06-05 00:00:00,AGE_25_34,0.0,0.0,2.14,0,2.65,7410,0.08,15.86,196,Nacoes Shopping,NS
2026-06-05 00:00:00,AGE_35_44,0.0,0.0,2.44,0,6.36,4038,0.04,9.87,257,Nacoes Shopping,NS
2026-06-05 00:00:00,AGE_45_54,0.0,0.0,2.6,0,7.73,4010,0.03,10.43,310,Nacoes Shopping,NS
2026-06-05 00:00:00,AGE_55_100,0.0,0.0,2.57,0,8.59,5181,0.03,13.34,445,Nacoes Shopping,NS
2026-06-06 00:00:00,NONE,0.0,0.0,2.5,0,0.0,32,0.0,0.08,0,Nacoes Shopping,NS
2026-06-06 00:00:00,AGE_18_24,0.0,0.0,2.5,0,5.68,8369,0.04,20.95,475,Nacoes Shopping,NS
2026-06-06 00:00:00,AGE_25_34,0.0,0.0,2.32,0,3.71,7448,0.06,17.26,276,Nacoes Shopping,NS
2026-06-06 00:00:00,AGE_35_44,0.0,0.0,2.43,0,5.3,3814,0.05,9.25,202,Nacoes Shopping,NS
2026-06-06 00:00:00,AGE_45_54,0.0,0.0,2.82,0,8.01,3633,0.04,10.26,291,Nacoes Shopping,NS
2026-06-06 00:00:00,AGE_55_100,0.0,0.0,2.76,0,9.29,4648,0.03,12.82,432,Nacoes Shopping,NS
2026-06-07 00:00:00,NONE,0.0,0.0,2.86,0,0.0,35,0.0,0.1,0,Nacoes Shopping,NS
2026-06-07 00:00:00,AGE_18_24,0.0,0.0,2.29,0,6.25,9072,0.04,20.76,567,Nacoes Shopping,NS
2026-06-07 00:00:00,AGE_25_34,0.0,0.0,2.0,0,3.03,7893,0.07,15.82,239,Nacoes Shopping,NS
2026-06-07 00:00:00,AGE_35_44,0.0,0.0,2.45,0,6.29,4244,0.04,10.41,267,Nacoes Shopping,NS
2026-06-07 00:00:00,AGE_45_54,0.0,0.0,2.72,0,9.51,4320,0.03,11.76,411,Nacoes Shopping,NS
2026-06-07 00:00:00,AGE_55_100,0.0,0.0,2.35,0,8.41,4996,0.03,11.75,420,Nacoes Shopping,NS
2026-06-08 00:00:00,NONE,0.0,0.0,3.45,0,3.45,29,0.1,0.1,1,Nacoes Shopping,NS
2026-06-08 00:00:00,AGE_18_24,0.0,0.0,2.48,0,5.65,8407,0.04,20.81,475,Nacoes Shopping,NS
2026-06-08 00:00:00,AGE_25_34,0.0,0.0,2.28,0,3.48,7559,0.07,17.27,263,Nacoes Shopping,NS
2026-06-08 00:00:00,AGE_35_44,0.0,0.0,2.49,0,5.55,4106,0.04,10.24,228,Nacoes Shopping,NS
2026-06-08 00:00:00,AGE_45_54,0.0,0.0,2.56,0,7.73,3817,0.03,9.78,295,Nacoes Shopping,NS
2026-06-08 00:00:00,AGE_55_100,0.0,0.0,2.2,0,6.67,4321,0.03,9.49,288,Nacoes Shopping,NS
2026-06-09 00:00:00,NONE,0.0,0.0,0.71,0,0.0,28,0.0,0.02,0,Nacoes Shopping,NS
2026-06-09 00:00:00,AGE_18_24,0.0,0.0,2.62,0,5.5,8080,0.05,21.14,444,Nacoes Shopping,NS
2026-06-09 00:00:00,AGE_25_34,0.0,0.0,2.18,0,2.47,7369,0.09,16.07,182,Nacoes Shopping,NS
2026-06-09 00:00:00,AGE_35_44,0.0,0.0,2.49,0,4.72,3686,0.05,9.19,174,Nacoes Shopping,NS
2026-06-09 00:00:00,AGE_45_54,0.0,0.0,2.72,0,7.85,3362,0.03,9.14,264,Nacoes Shopping,NS
2026-06-09 00:00:00,AGE_55_100,0.0,0.0,2.46,0,8.16,4337,0.03,10.67,354,Nacoes Shopping,NS
2026-06-10 00:00:00,NONE,0.0,0.0,1.0,0,0.0,30,0.0,0.03,0,Nacoes Shopping,NS
2026-06-10 00:00:00,AGE_18_24,0.0,0.0,2.66,0,4.6,7244,0.06,19.27,333,Nacoes Shopping,NS
2026-06-10 00:00:00,AGE_25_34,0.0,0.0,2.5,0,2.71,6943,0.09,17.34,188,Nacoes Shopping,NS
2026-06-10 00:00:00,AGE_35_44,0.0,0.0,2.65,0,5.21,3456,0.05,9.17,180,Nacoes Shopping,NS
2026-06-10 00:00:00,AGE_45_54,0.0,0.0,2.84,0,7.89,3320,0.04,9.43,262,Nacoes Shopping,NS
2026-06-10 00:00:00,AGE_55_100,0.0,0.0,2.67,0,8.43,3797,0.03,10.12,320,Nacoes Shopping,NS
2026-06-11 00:00:00,NONE,0.0,0.0,2.69,0,0.0,26,0.0,0.07,0,Nacoes Shopping,NS
2026-06-11 00:00:00,AGE_18_24,0.0,0.0,2.43,0,3.79,7156,0.06,17.4,271,Nacoes Shopping,NS
2026-06-11 00:00:00,AGE_25_34,0.0,0.0,2.35,0,2.69,6289,0.09,14.75,169,Nacoes Shopping,NS
2026-06-11 00:00:00,AGE_35_44,0.0,0.0,2.53,0,4.67,3322,0.05,8.41,155,Nacoes Shopping,NS
2026-06-11 00:00:00,AGE_45_54,0.0,0.0,2.81,0,7.63,3448,0.04,9.68,263,Nacoes Shopping,NS
2026-06-11 00:00:00,AGE_55_100,0.0,0.0,2.55,0,8.89,4555,0.03,11.61,405,Nacoes Shopping,NS
2026-06-12 00:00:00,NONE,0.0,0.0,3.75,0,0.0,32,0.0,0.12,0,Nacoes Shopping,NS
2026-06-12 00:00:00,AGE_18_24,0.0,0.0,2.61,0,4.33,6946,0.06,18.12,301,Nacoes Shopping,NS
2026-06-12 00:00:00,AGE_25_34,0.0,0.0,2.35,0,2.19,5353,0.11,12.59,117,Nacoes Shopping,NS
2026-06-12 00:00:00,AGE_35_44,0.0,0.0,2.5,0,3.51,2762,0.07,6.91,97,Nacoes Shopping,NS
2026-06-12 00:00:00,AGE_45_54,0.0,0.0,2.42,0,6.63,3272,0.04,7.93,217,Nacoes Shopping,NS
2026-06-12 00:00:00,AGE_55_100,0.0,0.0,2.24,0,8.65,5423,0.03,12.17,469,Nacoes Shopping,NS
2026-06-13 00:00:00,NONE,0.0,0.0,2.8,0,0.0,25,0.0,0.07,0,Nacoes Shopping,NS
2026-06-13 00:00:00,AGE_18_24,0.0,0.0,2.42,0,3.83,6524,0.06,15.8,250,Nacoes Shopping,NS
2026-06-13 00:00:00,AGE_25_34,0.0,0.0,2.08,0,2.01,5481,0.1,11.4,110,Nacoes Shopping,NS
2026-06-13 00:00:00,AGE_35_44,0.0,0.0,2.51,0,4.06,2634,0.06,6.62,107,Nacoes Shopping,NS
2026-06-13 00:00:00,AGE_45_54,0.0,0.0,2.58,0,6.27,2551,0.04,6.59,160,Nacoes Shopping,NS
2026-06-13 00:00:00,AGE_55_100,0.0,0.0,2.39,0,6.84,3423,0.03,8.17,234,Nacoes Shopping,NS
2026-06-14 00:00:00,NONE,0.0,0.0,3.57,0,0.0,14,0.0,0.05,0,Nacoes Shopping,NS
2026-06-14 00:00:00,AGE_18_24,0.0,0.0,1.93,0,3.04,2957,0.06,5.7,90,Nacoes Shopping,NS
2026-06-14 00:00:00,AGE_25_34,0.0,0.0,1.8,0,0.77,2591,0.23,4.66,20,Nacoes Shopping,NS
2026-06-14 00:00:00,AGE_35_44,0.0,0.0,1.74,0,1.78,1458,0.1,2.54,26,Nacoes Shopping,NS
2026-06-14 00:00:00,AGE_45_54,0.0,0.0,1.58,0,1.24,1208,0.13,1.91,15,Nacoes Shopping,NS
2026-06-14 00:00:00,AGE_55_100,0.0,0.0,1.7,0,2.31,1514,0.07,2.58,35,Nacoes Shopping,NS
2026-06-15 00:00:00,NONE,0.0,0.0,1.67,0,0.0,6,0.0,0.01,0,Nacoes Shopping,NS
2026-06-15 00:00:00,AGE_18_24,0.0,0.0,1.52,0,0.0,2236,0.0,3.39,0,Nacoes Shopping,NS
2026-06-15 00:00:00,AGE_25_34,0.0,0.0,1.65,0,0.0,2018,0.0,3.33,0,Nacoes Shopping,NS
2026-06-15 00:00:00,AGE_35_44,0.0,0.0,1.52,0,0.0,1044,0.0,1.59,0,Nacoes Shopping,NS
2026-06-15 00:00:00,AGE_45_54,0.0,0.0,1.5,0,0.0,968,0.0,1.45,0,Nacoes Shopping,NS
2026-06-15 00:00:00,AGE_55_100,0.0,0.0,1.05,0,0.0,1095,0.0,1.15,0,Nacoes Shopping,NS
2026-06-16 00:00:00,NONE,0.0,0.0,5.71,0,0.0,7,0.0,0.04,0,Nacoes Shopping,NS
2026-06-16 00:00:00,AGE_18_24,0.0,0.0,1.72,0,0.0,2024,0.0,3.48,0,Nacoes Shopping,NS
2026-06-16 00:00:00,AGE_25_34,0.0,0.0,1.73,0,0.0,1822,0.0,3.15,0,Nacoes Shopping,NS
2026-06-16 00:00:00,AGE_35_44,0.0,0.0,1.86,0,0.0,876,0.0,1.63,0,Nacoes Shopping,NS
2026-06-16 00:00:00,AGE_45_54,0.0,0.0,1.62,0,0.0,809,0.0,1.31,0,Nacoes Shopping,NS
2026-06-16 00:00:00,AGE_55_100,0.0,0.0,1.63,0,0.0,919,0.0,1.5,0,Nacoes Shopping,NS
2026-06-17 00:00:00,NONE,0.0,0.0,1.67,0,0.0,6,0.0,0.01,0,Nacoes Shopping,NS
2026-06-17 00:00:00,AGE_18_24,0.0,0.0,1.95,0,0.0,1716,0.0,3.35,0,Nacoes Shopping,NS
2026-06-17 00:00:00,AGE_25_34,0.0,0.0,2.04,0,0.0,1418,0.0,2.89,0,Nacoes Shopping,NS
2026-06-17 00:00:00,AGE_35_44,0.0,0.0,2.07,0,0.0,845,0.0,1.75,0,Nacoes Shopping,NS
2026-06-17 00:00:00,AGE_45_54,0.0,0.0,1.68,0,0.0,680,0.0,1.14,0,Nacoes Shopping,NS
2026-06-17 00:00:00,AGE_55_100,0.0,0.0,1.69,0,0.0,756,0.0,1.28,0,Nacoes Shopping,NS
2026-06-18 00:00:00,NONE,0.0,0.0,2.86,0,0.0,7,0.0,0.02,0,Nacoes Shopping,NS
2026-06-18 00:00:00,AGE_18_24,0.0,0.0,1.92,0,0.0,1913,0.0,3.68,0,Nacoes Shopping,NS
2026-06-18 00:00:00,AGE_25_34,0.0,0.0,2.18,0,0.0,1346,0.0,2.93,0,Nacoes Shopping,NS
2026-06-18 00:00:00,AGE_35_44,0.0,0.0,2.08,0,0.0,980,0.0,2.04,0,Nacoes Shopping,NS
2026-06-18 00:00:00,AGE_45_54,0.0,0.0,1.6,0,0.0,868,0.0,1.39,0,Nacoes Shopping,NS
2026-06-18 00:00:00,AGE_55_100,0.0,0.0,1.53,0,0.0,862,0.0,1.32,0,Nacoes Shopping,NS
2026-06-19 00:00:00,NONE,0.0,0.0,6.67,0,0.0,3,0.0,0.02,0,Nacoes Shopping,NS
2026-06-19 00:00:00,AGE_18_24,0.0,0.0,2.13,0,0.0,1736,0.0,3.69,0,Nacoes Shopping,NS
2026-06-19 00:00:00,AGE_25_34,0.0,0.0,2.25,0,0.0,990,0.0,2.23,0,Nacoes Shopping,NS
2026-06-19 00:00:00,AGE_35_44,0.0,0.0,2.15,0,0.0,819,0.0,1.76,0,Nacoes Shopping,NS
2026-06-19 00:00:00,AGE_45_54,0.0,0.0,1.95,0,0.0,791,0.0,1.54,0,Nacoes Shopping,NS
2026-06-19 00:00:00,AGE_55_100,0.0,0.0,1.99,0,0.0,704,0.0,1.4,0,Nacoes Shopping,NS
2026-06-20 00:00:00,NONE,0.0,0.0,3.75,0,0.0,8,0.0,0.03,0,Nacoes Shopping,NS
2026-06-20 00:00:00,AGE_18_24,0.0,0.0,1.73,0,0.0,2154,0.0,3.73,0,Nacoes Shopping,NS
2026-06-20 00:00:00,AGE_25_34,0.0,0.0,2.04,0,0.0,1124,0.0,2.29,0,Nacoes Shopping,NS
2026-06-20 00:00:00,AGE_35_44,0.0,0.0,1.87,0,0.0,892,0.0,1.67,0,Nacoes Shopping,NS
2026-06-20 00:00:00,AGE_45_54,0.0,0.0,1.65,0,0.0,857,0.0,1.41,0,Nacoes Shopping,NS
2026-06-20 00:00:00,AGE_55_100,0.0,0.0,1.59,0,0.0,605,0.0,0.96,0,Nacoes Shopping,NS
2026-06-21 00:00:00,NONE,0.0,0.0,5.0,0,0.0,2,0.0,0.01,0,Nacoes Shopping,NS
2026-06-21 00:00:00,AGE_18_24,0.0,0.0,1.51,0,0.0,2057,0.0,3.11,0,Nacoes Shopping,NS
2026-06-21 00:00:00,AGE_25_34,0.0,0.0,1.71,0,0.0,1186,0.0,2.03,0,Nacoes Shopping,NS
2026-06-21 00:00:00,AGE_35_44,0.0,0.0,1.82,0,0.0,903,0.0,1.64,0,Nacoes Shopping,NS
2026-06-21 00:00:00,AGE_45_54,0.0,0.0,1.81,0,0.0,891,0.0,1.61,0,Nacoes Shopping,NS
2026-06-21 00:00:00,AGE_55_100,0.0,0.0,1.46,0,0.0,624,0.0,0.91,0,Nacoes Shopping,NS
2026-06-22 00:00:00,NONE,0.0,0.0,0.0,0,0.0,4,0.0,0.0,0,Nacoes Shopping,NS
2026-06-22 00:00:00,AGE_18_24,0.0,0.0,1.66,0,0.0,1868,0.0,3.11,0,Nacoes Shopping,NS
2026-06-22 00:00:00,AGE_25_34,0.0,0.0,1.98,0,0.0,1057,0.0,2.09,0,Nacoes Shopping,NS
2026-06-22 00:00:00,AGE_35_44,0.0,0.0,1.9,0,0.0,838,0.0,1.59,0,Nacoes Shopping,NS
2026-06-22 00:00:00,AGE_45_54,0.0,0.0,1.54,0,0.0,765,0.0,1.18,0,Nacoes Shopping,NS
2026-06-22 00:00:00,AGE_55_100,0.0,0.0,1.5,0,0.0,586,0.0,0.88,0,Nacoes Shopping,NS
2026-06-23 00:00:00,NONE,0.0,0.0,0.0,0,0.0,5,0.0,0.0,0,Nacoes Shopping,NS
2026-06-23 00:00:00,AGE_18_24,0.0,0.0,1.79,0,0.0,1602,0.0,2.86,0,Nacoes Shopping,NS
2026-06-23 00:00:00,AGE_25_34,0.0,0.0,2.14,0,0.0,1071,0.0,2.29,0,Nacoes Shopping,NS
2026-06-23 00:00:00,AGE_35_44,0.0,0.0,1.92,0,0.0,811,0.0,1.56,0,Nacoes Shopping,NS
2026-06-23 00:00:00,AGE_45_54,0.0,0.0,1.86,0,0.0,741,0.0,1.38,0,Nacoes Shopping,NS
2026-06-23 00:00:00,AGE_55_100,0.0,0.0,1.7,0,0.0,569,0.0,0.97,0,Nacoes Shopping,NS
2026-06-24 00:00:00,NONE,0.0,0.0,5.0,0,0.0,2,0.0,0.01,0,Nacoes Shopping,NS
2026-06-24 00:00:00,AGE_18_24,0.0,0.0,2.05,0,0.0,1283,0.0,2.63,0,Nacoes Shopping,NS
2026-06-24 00:00:00,AGE_25_34,0.0,0.0,2.49,0,0.0,876,0.0,2.18,0,Nacoes Shopping,NS
2026-06-24 00:00:00,AGE_35_44,0.0,0.0,2.14,0,0.0,658,0.0,1.41,0,Nacoes Shopping,NS
2026-06-24 00:00:00,AGE_45_54,0.0,0.0,2.22,0,0.0,662,0.0,1.47,0,Nacoes Shopping,NS
2026-06-24 00:00:00,AGE_55_100,0.0,0.0,1.97,0,0.0,508,0.0,1.0,0,Nacoes Shopping,NS
2026-06-25 00:00:00,NONE,0.0,0.0,3.33,0,0.0,3,0.0,0.01,0,Nacoes Shopping,NS
2026-06-25 00:00:00,AGE_18_24,0.0,0.0,1.89,0,0.0,1314,0.0,2.48,0,Nacoes Shopping,NS
2026-06-25 00:00:00,AGE_25_34,0.0,0.0,2.21,0,0.0,872,0.0,1.93,0,Nacoes Shopping,NS
2026-06-25 00:00:00,AGE_35_44,0.0,0.0,2.29,0,0.0,664,0.0,1.52,0,Nacoes Shopping,NS
2026-06-25 00:00:00,AGE_45_54,0.0,0.0,1.94,0,0.0,738,0.0,1.43,0,Nacoes Shopping,NS
2026-06-25 00:00:00,AGE_55_100,0.0,0.0,1.98,0,0.0,640,0.0,1.27,0,Nacoes Shopping,NS
2026-06-26 00:00:00,AGE_18_24,0.0,0.0,2.18,0,0.0,1121,0.0,2.44,0,Nacoes Shopping,NS
2026-06-26 00:00:00,AGE_25_34,0.0,0.0,2.32,0,0.0,725,0.0,1.68,0,Nacoes Shopping,NS
2026-06-26 00:00:00,AGE_35_44,0.0,0.0,2.29,0,0.0,608,0.0,1.39,0,Nacoes Shopping,NS
2026-06-26 00:00:00,AGE_45_54,0.0,0.0,1.8,0,0.0,632,0.0,1.14,0,Nacoes Shopping,NS
2026-06-26 00:00:00,AGE_55_100,0.0,0.0,1.8,0,0.0,438,0.0,0.79,0,Nacoes Shopping,NS
2026-06-27 00:00:00,NONE,0.0,0.0,0.0,0,0.0,2,0.0,0.0,0,Nacoes Shopping,NS
2026-06-27 00:00:00,AGE_18_24,0.0,0.0,2.05,0,0.0,1101,0.0,2.26,0,Nacoes Shopping,NS
2026-06-27 00:00:00,AGE_25_34,0.0,0.0,1.87,0,0.0,626,0.0,1.17,0,Nacoes Shopping,NS
2026-06-27 00:00:00,AGE_35_44,0.0,0.0,1.85,0,0.0,556,0.0,1.03,0,Nacoes Shopping,NS
2026-06-27 00:00:00,AGE_45_54,0.0,0.0,2.01,0,0.0,533,0.0,1.07,0,Nacoes Shopping,NS
2026-06-27 00:00:00,AGE_55_100,0.0,0.0,1.97,0,0.0,365,0.0,0.72,0,Nacoes Shopping,NS
2026-06-28 00:00:00,NONE,0.0,0.0,0.0,0,0.0,2,0.0,0.0,0,Nacoes Shopping,NS
2026-06-28 00:00:00,AGE_18_24,0.0,0.0,1.29,0,0.0,1009,0.0,1.3,0,Nacoes Shopping,NS
2026-06-28 00:00:00,AGE_25_34,0.0,0.0,1.97,0,0.0,569,0.0,1.12,0,Nacoes Shopping,NS
2026-06-28 00:00:00,AGE_35_44,0.0,0.0,1.56,0,0.0,493,0.0,0.77,0,Nacoes Shopping,NS
2026-06-28 00:00:00,AGE_45_54,0.0,0.0,1.89,0,0.0,528,0.0,1.0,0,Nacoes Shopping,NS
2026-06-28 00:00:00,AGE_55_100,0.0,0.0,1.61,0,0.0,366,0.0,0.59,0,Nacoes Shopping,NS
2026-06-29 00:00:00,AGE_18_24,0.0,0.0,2.25,0,0.0,569,0.0,1.28,0,Nacoes Shopping,NS
2026-06-29 00:00:00,AGE_25_34,0.0,0.0,2.23,0,0.0,354,0.0,0.79,0,Nacoes Shopping,NS
2026-06-29 00:00:00,AGE_35_44,0.0,0.0,1.66,0,0.0,290,0.0,0.48,0,Nacoes Shopping,NS
2026-06-29 00:00:00,AGE_45_54,0.0,0.0,1.55,0,0.0,348,0.0,0.54,0,Nacoes Shopping,NS
2026-06-29 00:00:00,AGE_55_100,0.0,0.0,2.47,0,0.0,215,0.0,0.53,0,Nacoes Shopping,NS
2026-06-30 00:00:00,NONE,0.0,0.0,0.0,0,0.0,1,0.0,0.0,0,Nacoes Shopping,NS
2026-06-30 00:00:00,AGE_18_24,0.0,0.0,1.61,0,0.0,31,0.0,0.05,0,Nacoes Shopping,NS
2026-06-30 00:00:00,AGE_25_34,0.0,0.0,0.59,0,0.0,17,0.0,0.01,0,Nacoes Shopping,NS
2026-06-30 00:00:00,AGE_35_44,0.0,0.0,3.33,0,0.0,12,0.0,0.04,0,Nacoes Shopping,NS
2026-06-30 00:00:00,AGE_45_54,0.0,0.0,2.86,0,0.0,14,0.0,0.04,0,Nacoes Shopping,NS
2026-06-30 00:00:00,AGE_55_100,0.0,0.0,6.67,0,0.0,12,0.0,0.08,0,Nacoes Shopping,NS
2026-07-01 00:00:00,NONE,0.0,0.0,0.0,0,0.0,0,0.0,0.0,0,Nacoes Shopping,NS
2026-07-01 00:00:00,AGE_18_24,0.0,0.0,1.45,0,0.0,16378,0.0,23.76,0,Nacoes Shopping,NS
2026-07-01 00:00:00,AGE_25_34,0.0,0.0,1.62,0,0.0,10000,0.0,16.18,0,Nacoes Shopping,NS
2026-07-01 00:00:00,AGE_35_44,0.0,0.0,2.35,0,0.0,7731,0.0,18.19,0,Nacoes Shopping,NS
2026-07-01 00:00:00,AGE_45_54,0.0,0.0,1.64,0,0.0,5734,0.0,9.42,0,Nacoes Shopping,NS
2026-07-01 00:00:00,AGE_55_100,0.0,0.0,3.23,0,0.0,3690,0.0,11.91,0,Nacoes Shopping,NS
2026-07-02 00:00:00,NONE,0.0,0.0,0.0,0,0.0,14,0.0,0.0,0,Nacoes Shopping,NS
2026-07-02 00:00:00,AGE_18_24,0.0,0.0,2.42,0,0.0,21898,0.0,52.99,0,Nacoes Shopping,NS
2026-07-02 00:00:00,AGE_25_34,0.0,0.0,2.76,0,0.0,17067,0.0,47.09,0,Nacoes Shopping,NS
2026-07-02 00:00:00,AGE_35_44,0.0,0.0,3.14,0,0.0,11198,0.0,35.21,0,Nacoes Shopping,NS
2026-07-02 00:00:00,AGE_45_54,0.0,0.0,2.54,0,0.0,7207,0.0,18.33,0,Nacoes Shopping,NS
2026-07-02 00:00:00,AGE_55_100,0.0,0.0,3.99,0,0.0,5128,0.0,20.46,0,Nacoes Shopping,NS
2026-07-03 00:00:00,NONE,0.0,0.0,1.52,0,0.0,33,0.0,0.05,0,Nacoes Shopping,NS
2026-07-03 00:00:00,AGE_18_24,0.0,0.0,2.78,0,0.0,18751,0.0,52.07,0,Nacoes Shopping,NS
2026-07-03 00:00:00,AGE_25_34,0.0,0.0,3.21,0,0.0,15575,0.0,49.99,0,Nacoes Shopping,NS
2026-07-03 00:00:00,AGE_35_44,0.0,0.0,3.17,0,0.0,10083,0.0,31.97,0,Nacoes Shopping,NS
2026-07-03 00:00:00,AGE_45_54,0.0,0.0,2.77,0,0.0,5913,0.0,16.4,0,Nacoes Shopping,NS
2026-07-03 00:00:00,AGE_55_100,0.0,0.0,3.61,0,0.0,3990,0.0,14.41,0,Nacoes Shopping,NS
2026-07-04 00:00:00,NONE,0.0,0.0,2.73,0,0.0,44,0.0,0.12,0,Nacoes Shopping,NS
2026-07-04 00:00:00,AGE_18_24,0.0,0.0,3.09,0,0.0,15713,0.0,48.59,0,Nacoes Shopping,NS
2026-07-04 00:00:00,AGE_25_34,0.0,0.0,3.45,0,0.0,14319,0.0,49.46,0,Nacoes Shopping,NS
2026-07-04 00:00:00,AGE_35_44,0.0,0.0,3.66,0,0.0,9450,0.0,34.57,0,Nacoes Shopping,NS
2026-07-04 00:00:00,AGE_45_54,0.0,0.0,3.4,0,0.0,5212,0.0,17.7,0,Nacoes Shopping,NS
2026-07-04 00:00:00,AGE_55_100,0.0,0.0,3.39,0,0.0,3862,0.0,13.09,0,Nacoes Shopping,NS
2026-07-05 00:00:00,NONE,0.0,0.0,3.45,0,0.0,29,0.0,0.1,0,Nacoes Shopping,NS
2026-07-05 00:00:00,AGE_18_24,0.0,0.0,3.12,0,0.0,6062,0.0,18.89,0,Nacoes Shopping,NS
2026-07-05 00:00:00,AGE_25_34,0.0,0.0,4.39,0,0.0,5883,0.0,25.85,0,Nacoes Shopping,NS
2026-07-05 00:00:00,AGE_35_44,0.0,0.0,4.87,0,0.0,3968,0.0,19.31,0,Nacoes Shopping,NS
2026-07-05 00:00:00,AGE_45_54,0.0,0.0,4.59,0,0.0,2119,0.0,9.72,0,Nacoes Shopping,NS
2026-07-05 00:00:00,AGE_55_100,0.0,0.0,5.51,0,0.0,1507,0.0,8.31,0,Nacoes Shopping,NS
2026-07-06 00:00:00,NONE,0.0,0.0,8.0,0,0.0,5,0.0,0.04,0,Nacoes Shopping,NS
2026-07-06 00:00:00,AGE_18_24,0.0,0.0,6.15,0,0.0,623,0.0,3.83,0,Nacoes Shopping,NS
2026-07-06 00:00:00,AGE_25_34,0.0,0.0,8.22,0,0.0,1210,0.0,9.95,0,Nacoes Shopping,NS
2026-07-06 00:00:00,AGE_35_44,0.0,0.0,10.2,0,0.0,930,0.0,9.49,0,Nacoes Shopping,NS
2026-07-06 00:00:00,AGE_45_54,0.0,0.0,11.5,0,0.0,399,0.0,4.59,0,Nacoes Shopping,NS
2026-07-06 00:00:00,AGE_55_100,0.0,0.0,14.93,0,0.0,300,0.0,4.48,0,Nacoes Shopping,NS
2026-07-07 00:00:00,NONE,0.0,0.0,3.33,0,0.0,3,0.0,0.01,0,Nacoes Shopping,NS
2026-07-07 00:00:00,AGE_18_24,0.0,0.0,6.27,0,0.0,241,0.0,1.51,0,Nacoes Shopping,NS
2026-07-07 00:00:00,AGE_25_34,0.0,0.0,9.76,0,0.0,504,0.0,4.92,0,Nacoes Shopping,NS
2026-07-07 00:00:00,AGE_35_44,0.0,0.0,13.58,0,0.0,332,0.0,4.51,0,Nacoes Shopping,NS
2026-07-07 00:00:00,AGE_45_54,0.0,0.0,16.91,0,0.0,162,0.0,2.74,0,Nacoes Shopping,NS
2026-07-07 00:00:00,AGE_55_100,0.0,0.0,22.02,0,0.0,119,0.0,2.62,0,Nacoes Shopping,NS
2026-07-08 00:00:00,NONE,0.0,0.0,0.0,0,0.0,0,0.0,0.0,0,Nacoes Shopping,NS
2026-07-08 00:00:00,AGE_35_44,0.0,0.0,0.0,0,0.0,0,0.0,0.0,0,Nacoes Shopping,NS
2026-07-08 00:00:00,AGE_45_54,0.0,0.0,0.0,0,0.0,0,0.0,0.0,0,Nacoes Shopping,NS
2026-07-09 00:00:00,NONE,0.0,0.0,0.0,0,0.0,0,0.0,0.0,0,Nacoes Shopping,NS
2026-07-09 00:00:00,AGE_25_34,0.0,0.0,0.0,0,0.0,0,0.0,0.0,0,Nacoes Shopping,NS
2026-07-10 00:00:00,NONE,0.0,0.0,0.0,0,0.0,0,0.0,0.0,0,Nacoes Shopping,NS
2026-07-11 00:00:00,NONE,0.0,0.0,0.0,0,0.0,0,0.0,0.0,0,Nacoes Shopping,NS
2026-07-12 00:00:00,NONE,0.0,0.0,0.0,0,0.0,0,0.0,0.0,0,Nacoes Shopping,NS
2026-07-13 00:00:00,NONE,0.0,0.0,0.0,0,0.0,0,0.0,0.0,0,Nacoes Shopping,NS
2026-07-19 00:00:00,NONE,0.0,0.0,0.0,0,0.0,0,0.0,0.0,0,Nacoes Shopping,NS
2026-07-25 00:00:00,NONE,0.0,0.0,0.0,0,0.0,0,0.0,0.0,0,Nacoes Shopping,NS
2026-08-04 00:00:00,AGE_18_24,0.0,0.0,0.81,0,0.0,124,0.0,0.1,0,Nacoes Shopping,NS
2026-08-04 00:00:00,AGE_25_34,0.0,0.0,1.15,0,0.0,61,0.0,0.07,0,Nacoes Shopping,NS
2026-08-04 00:00:00,AGE_35_44,0.0,0.0,0.71,0,0.0,28,0.0,0.02,0,Nacoes Shopping,NS
2026-08-04 00:00:00,AGE_45_54,0.0,0.0,1.67,0,0.0,30,0.0,0.05,0,Nacoes Shopping,NS
2026-08-04 00:00:00,AGE_55_100,0.0,0.0,0.0,0,0.0,21,0.0,0.0,0,Nacoes Shopping,NS
2026-08-05 00:00:00,AGE_18_24,0.0,0.0,2.28,0,0.16,10010,1.42,22.78,16,Nacoes Shopping,NS
2026-08-05 00:00:00,AGE_25_34,0.0,0.0,4.62,0,0.14,6355,3.26,29.33,9,Nacoes Shopping,NS
2026-08-05 00:00:00,AGE_35_44,0.0,0.0,1.84,0,0.15,4730,1.25,8.72,7,Nacoes Shopping,NS
2026-08-05 00:00:00,AGE_45_54,0.0,0.0,1.54,0,0.14,3467,1.07,5.35,5,Nacoes Shopping,NS
2026-08-05 00:00:00,AGE_55_100,0.0,0.0,1.47,0,0.41,2666,0.36,3.93,11,Nacoes Shopping,NS
2026-08-06 00:00:00,NONE,0.0,0.0,1.25,0,0.0,16,0.0,0.02,0,Nacoes Shopping,NS
2026-08-06 00:00:00,AGE_18_24,0.0,0.0,1.67,0,0.14,9177,1.18,15.36,13,Nacoes Shopping,NS
2026-08-06 00:00:00,AGE_25_34,0.0,0.0,2.22,0,0.15,5819,1.43,12.89,9,Nacoes Shopping,NS
2026-08-06 00:00:00,AGE_35_44,0.0,0.0,1.97,0,0.16,4363,1.23,8.59,7,Nacoes Shopping,NS
2026-08-06 00:00:00,AGE_45_54,0.0,0.0,1.77,0,0.1,2992,1.77,5.3,3,Nacoes Shopping,NS
2026-08-06 00:00:00,AGE_55_100,0.0,0.0,1.7,0,0.25,2415,0.68,4.1,6,Nacoes Shopping,NS
2026-08-07 00:00:00,NONE,0.0,0.0,2.35,0,0.0,17,0.0,0.04,0,Nacoes Shopping,NS
2026-08-07 00:00:00,AGE_18_24,0.0,0.0,2.19,0,0.15,8574,1.44,18.77,13,Nacoes Shopping,NS
2026-08-07 00:00:00,AGE_25_34,0.0,0.0,2.3,0,0.24,5443,0.96,12.54,13,Nacoes Shopping,NS
2026-08-07 00:00:00,AGE_35_44,0.0,0.0,2.22,0,0.2,4089,1.13,9.07,8,Nacoes Shopping,NS
2026-08-07 00:00:00,AGE_45_54,0.0,0.0,2.59,0,0.11,2829,2.44,7.32,3,Nacoes Shopping,NS
2026-08-07 00:00:00,AGE_55_100,0.0,0.0,1.58,0,0.16,2494,0.99,3.95,4,Nacoes Shopping,NS
2026-08-08 00:00:00,NONE,0.0,0.0,1.0,0,0.0,10,0.0,0.01,0,Nacoes Shopping,NS
2026-08-08 00:00:00,AGE_18_24,0.0,0.0,3.13,0,0.35,7977,0.89,24.93,28,Nacoes Shopping,NS
2026-08-08 00:00:00,AGE_25_34,0.0,0.0,3.08,0,0.32,5563,0.95,17.13,18,Nacoes Shopping,NS
2026-08-08 00:00:00,AGE_35_44,0.0,0.0,2.56,0,0.1,4160,2.66,10.65,4,Nacoes Shopping,NS
2026-08-08 00:00:00,AGE_45_54,0.0,0.0,2.93,0,0.18,2751,1.61,8.07,5,Nacoes Shopping,NS
2026-08-08 00:00:00,AGE_55_100,0.0,0.0,1.77,0,0.09,2308,2.04,4.08,2,Nacoes Shopping,NS
2026-08-09 00:00:00,NONE,0.0,0.0,2.0,0,0.0,10,0.0,0.02,0,Nacoes Shopping,NS
2026-08-09 00:00:00,AGE_18_24,0.0,0.0,2.51,0,0.23,8443,1.11,21.17,19,Nacoes Shopping,NS
2026-08-09 00:00:00,AGE_25_34,0.0,0.0,2.66,0,0.42,5734,0.64,15.28,24,Nacoes Shopping,NS
2026-08-09 00:00:00,AGE_35_44,0.0,0.0,3.91,0,0.22,4160,1.81,16.28,9,Nacoes Shopping,NS
2026-08-09 00:00:00,AGE_45_54,0.0,0.0,2.49,0,0.38,2644,0.66,6.59,10,Nacoes Shopping,NS
2026-08-09 00:00:00,AGE_55_100,0.0,0.0,1.62,0,0.04,2286,3.7,3.7,1,Nacoes Shopping,NS
2026-08-10 00:00:00,NONE,0.0,0.0,2.86,0,0.0,14,0.0,0.04,0,Nacoes Shopping,NS
2026-08-10 00:00:00,AGE_18_24,0.0,0.0,2.27,0,0.12,7689,1.94,17.46,9,Nacoes Shopping,NS
2026-08-10 00:00:00,AGE_25_34,0.0,0.0,2.32,0,0.39,5426,0.6,12.59,21,Nacoes Shopping,NS
2026-08-10 00:00:00,AGE_35_44,0.0,0.0,7.0,0,0.25,3931,2.75,27.5,10,Nacoes Shopping,NS
2026-08-10 00:00:00,AGE_45_54,0.0,0.0,1.66,0,0.24,2517,0.7,4.17,6,Nacoes Shopping,NS
2026-08-10 00:00:00,AGE_55_100,0.0,0.0,1.51,0,0.47,2131,0.32,3.22,10,Nacoes Shopping,NS
2026-08-11 00:00:00,NONE,0.0,0.0,2.31,0,0.0,13,0.0,0.03,0,Nacoes Shopping,NS
2026-08-11 00:00:00,AGE_18_24,0.0,0.0,1.99,0,0.22,7138,0.89,14.23,16,Nacoes Shopping,NS
2026-08-11 00:00:00,AGE_25_34,0.0,0.0,2.35,0,0.34,5268,0.69,12.39,18,Nacoes Shopping,NS
2026-08-11 00:00:00,AGE_35_44,0.0,0.0,3.25,0,0.25,4028,1.31,13.09,10,Nacoes Shopping,NS
2026-08-11 00:00:00,AGE_45_54,0.0,0.0,1.74,0,0.12,2442,1.42,4.26,3,Nacoes Shopping,NS
2026-08-11 00:00:00,AGE_55_100,0.0,0.0,1.65,0,0.23,2151,0.71,3.55,5,Nacoes Shopping,NS
2026-08-12 00:00:00,NONE,0.0,0.0,4.58,0,0.0,24,0.0,0.11,0,Nacoes Shopping,NS
2026-08-12 00:00:00,AGE_18_24,0.0,0.0,2.5,0,0.37,7068,0.68,17.7,26,Nacoes Shopping,NS
2026-08-12 00:00:00,AGE_25_34,0.0,0.0,2.14,0,0.3,4946,0.7,10.56,15,Nacoes Shopping,NS
2026-08-12 00:00:00,AGE_35_44,0.0,0.0,2.04,0,0.24,3794,0.86,7.75,9,Nacoes Shopping,NS
2026-08-12 00:00:00,AGE_45_54,0.0,0.0,4.47,0,0.31,2540,1.42,11.35,8,Nacoes Shopping,NS
2026-08-12 00:00:00,AGE_55_100,0.0,0.0,1.8,0,0.28,2135,0.64,3.84,6,Nacoes Shopping,NS
2026-08-13 00:00:00,NONE,0.0,0.0,4.76,0,0.0,21,0.0,0.1,0,Nacoes Shopping,NS
2026-08-13 00:00:00,AGE_18_24,0.0,0.0,2.62,0,0.14,7277,1.91,19.09,10,Nacoes Shopping,NS
2026-08-13 00:00:00,AGE_25_34,0.0,0.0,5.17,0,0.31,4781,1.65,24.74,15,Nacoes Shopping,NS
2026-08-13 00:00:00,AGE_35_44,0.0,0.0,1.95,0,0.22,3616,0.88,7.05,8,Nacoes Shopping,NS
2026-08-13 00:00:00,AGE_45_54,0.0,0.0,4.6,0,0.32,2533,1.46,11.64,8,Nacoes Shopping,NS
2026-08-13 00:00:00,AGE_55_100,0.0,0.0,1.76,0,0.15,2024,1.19,3.56,3,Nacoes Shopping,NS
2026-08-14 00:00:00,NONE,0.0,0.0,5.29,0,0.0,17,0.0,0.09,0,Nacoes Shopping,NS
2026-08-14 00:00:00,AGE_18_24,0.0,0.0,1.99,0,0.24,6762,0.84,13.47,16,Nacoes Shopping,NS
2026-08-14 00:00:00,AGE_25_34,0.0,0.0,4.81,0,0.37,4636,1.31,22.28,17,Nacoes Shopping,NS
2026-08-14 00:00:00,AGE_35_44,0.0,0.0,1.98,0,0.2,3486,0.99,6.9,7,Nacoes Shopping,NS
2026-08-14 00:00:00,AGE_45_54,0.0,0.0,1.75,0,0.3,2342,0.59,4.1,7,Nacoes Shopping,NS
2026-08-14 00:00:00,AGE_55_100,0.0,0.0,1.63,0,0.25,2009,0.65,3.27,5,Nacoes Shopping,NS
2026-08-15 00:00:00,NONE,0.0,0.0,1.67,0,0.0,12,0.0,0.02,0,Nacoes Shopping,NS
2026-08-15 00:00:00,AGE_18_24,0.0,0.0,6.5,0,0.29,7701,2.28,50.07,22,Nacoes Shopping,NS
2026-08-15 00:00:00,AGE_25_34,0.0,0.0,3.53,0,0.24,5352,1.45,18.87,13,Nacoes Shopping,NS
2026-08-15 00:00:00,AGE_35_44,0.0,0.0,2.08,0,0.18,3845,1.14,7.99,7,Nacoes Shopping,NS
2026-08-15 00:00:00,AGE_45_54,0.0,0.0,1.92,0,0.04,2635,5.06,5.06,1,Nacoes Shopping,NS
2026-08-15 00:00:00,AGE_55_100,0.0,0.0,1.86,0,0.24,2116,0.79,3.94,5,Nacoes Shopping,NS
2026-08-16 00:00:00,NONE,0.0,0.0,4.0,0,0.0,10,0.0,0.04,0,Nacoes Shopping,NS
2026-08-16 00:00:00,AGE_18_24,0.0,0.0,6.18,0,0.25,3993,2.47,24.66,10,Nacoes Shopping,NS
2026-08-16 00:00:00,AGE_25_34,0.0,0.0,4.48,0,0.37,2686,1.2,12.03,10,Nacoes Shopping,NS
2026-08-16 00:00:00,AGE_35_44,0.0,0.0,2.22,0,0.2,1980,1.1,4.4,4,Nacoes Shopping,NS
2026-08-16 00:00:00,AGE_45_54,0.0,0.0,1.8,0,0.08,1298,2.34,2.34,1,Nacoes Shopping,NS
2026-08-16 00:00:00,AGE_55_100,0.0,0.0,1.88,0,0.0,953,0.0,1.79,0,Nacoes Shopping,NS
2026-08-17 00:00:00,NONE,0.0,0.0,0.0,0,0.0,1,0.0,0.0,0,Nacoes Shopping,NS
2026-08-17 00:00:00,AGE_18_24,0.0,0.0,29.56,0,0.44,227,6.71,6.71,1,Nacoes Shopping,NS
2026-08-17 00:00:00,AGE_25_34,0.0,0.0,317.71,0,1.14,175,27.8,55.6,2,Nacoes Shopping,NS
2026-08-17 00:00:00,AGE_35_44,0.0,0.0,41.3,0,2.17,92,1.9,3.8,2,Nacoes Shopping,NS
2026-08-17 00:00:00,AGE_45_54,0.0,0.0,0.0,0,0.0,46,0.0,0.0,0,Nacoes Shopping,NS
2026-08-17 00:00:00,AGE_55_100,0.0,0.0,0.0,0,0.0,13,0.0,0.0,0,Nacoes Shopping,NS
2026-08-18 00:00:00,NONE,0.0,0.0,0.0,0,0.0,0,0.0,0.0,0,Nacoes Shopping,NS
2026-08-18 00:00:00,AGE_18_24,0.0,0.0,258.05,0,5.75,87,4.49,22.45,5,Nacoes Shopping,NS
2026-08-18 00:00:00,AGE_25_34,0.0,0.0,0.0,0,0.0,96,0.0,0.0,0,Nacoes Shopping,NS
2026-08-18 00:00:00,AGE_35_44,0.0,0.0,39.47,0,2.63,38,1.5,1.5,1,Nacoes Shopping,NS
2026-08-18 00:00:00,AGE_45_54,0.0,0.0,0.0,0,0.0,23,0.0,0.0,0,Nacoes Shopping,NS
2026-08-18 00:00:00,AGE_55_100,0.0,0.0,0.0,0,0.0,7,0.0,0.0,0,Nacoes Shopping,NS
2026-08-19 00:00:00,NONE,0.0,0.0,0.0,0,0.0,0,0.0,0.0,0,Nacoes Shopping,NS
2026-08-20 00:00:00,NONE,0.0,0.0,0.0,0,0.0,0,0.0,0.0,0,Nacoes Shopping,NS
2026-08-21 00:00:00,NONE,0.0,0.0,0.0,0,0.0,0,0.0,0.0,0,Nacoes Shopping,NS
2026-08-22 00:00:00,NONE,0.0,0.0,0.0,0,0.0,0,0.0,0.0,0,Nacoes Shopping,NS
2026-08-23 00:00:00,NONE,0.0,0.0,0.0,0,0.0,0,0.0,0.0,0,Nacoes Shopping,NS
2026-08-23 00:00:00,AGE_18_24,0.0,0.0,0.0,0,0.0,0,0.0,0.0,0,Nacoes Shopping,NS
2026-08-24 00:00:00,NONE,0.0,0.0,0.0,0,0.0,0,0.0,0.0,0,Nacoes Shopping,NS
2026-08-26 00:00:00,NONE,0.0,0.0,0.0,0,0.0,0,0.0,0.0,0,Nacoes Shopping,NS
2026-08-27 00:00:00,NONE,0.0,0.0,0.0,0,0.0,0,0.0,0.0,0,Nacoes Shopping,NS
2026-08-28 00:00:00,NONE,0.0,0.0,0.0,0,0.0,0,0.0,0.0,0,Nacoes Shopping,NS
2026-08-29 00:00:00,NONE,0.0,0.0,0.0,0,0.0,0,0.0,0.0,0,Nacoes Shopping,NS
2026-08-31 00:00:00,NONE,0.0,0.0,0.0,0,0.0,0,0.0,0.0,0,Nacoes Shopping,NS
2026-09-29 00:00:00,AGE_25_34,0.0,0.0,0.0,0,0.0,0,0.0,0.0,0,Nacoes Shopping,NS
2026-10-01 00:00:00,AGE_18_24,0.0,0.0,1.49,0,0.0,6319,0.0,9.4,0,Nacoes Shopping,NS
2026-10-01 00:00:00,AGE_25_34,0.0,0.0,1.39,0,0.0,3404,0.0,4.73,0,Nacoes Shopping,NS
2026-10-01 00:00:00,AGE_35_44,0.0,0.0,1.46,0,0.0,2994,0.0,4.38,0,Nacoes Shopping,NS
2026-10-01 00:00:00,AGE_45_54,0.0,0.0,1.27,0,0.0,2782,0.0,3.53,0,Nacoes Shopping,NS
2026-10-01 00:00:00,AGE_55_100,0.0,0.0,1.26,0,0.0,2096,0.0,2.65,0,Nacoes Shopping,NS
2026-10-02 00:00:00,NONE,0.0,0.0,1.11,0,0.0,9,0.0,0.01,0,Nacoes Shopping,NS
2026-10-02 00:00:00,AGE_18_24,0.0,0.0,1.66,0,0.0,12005,0.0,19.93,0,Nacoes Shopping,NS
2026-10-02 00:00:00,AGE_25_34,0.0,0.0,1.76,0,0.0,6747,0.0,11.87,0,Nacoes Shopping,NS
2026-10-02 00:00:00,AGE_35_44,0.0,0.0,1.66,0,0.0,5338,0.0,8.85,0,Nacoes Shopping,NS
2026-10-02 00:00:00,AGE_45_54,0.0,0.0,1.56,0,0.0,3835,0.0,5.98,0,Nacoes Shopping,NS
2026-10-02 00:00:00,AGE_55_100,0.0,0.0,1.41,0,0.0,2940,0.0,4.14,0,Nacoes Shopping,NS
2026-10-03 00:00:00,NONE,0.0,0.0,0.69,0,0.0,29,0.0,0.02,0,Nacoes Shopping,NS
2026-10-03 00:00:00,AGE_18_24,0.0,0.0,1.84,0,0.0,10584,0.0,19.45,0,Nacoes Shopping,NS
2026-10-03 00:00:00,AGE_25_34,0.0,0.0,1.83,0,0.0,6914,0.0,12.62,0,Nacoes Shopping,NS
2026-10-03 00:00:00,AGE_35_44,0.0,0.0,1.71,0,0.0,5531,0.0,9.48,0,Nacoes Shopping,NS
2026-10-03 00:00:00,AGE_45_54,0.0,0.0,1.65,0,0.0,3780,0.0,6.22,0,Nacoes Shopping,NS
2026-10-03 00:00:00,AGE_55_100,0.0,0.0,1.55,0,0.0,2900,0.0,4.49,0,Nacoes Shopping,NS
2026-10-04 00:00:00,NONE,0.0,0.0,4.05,0,0.0,37,0.0,0.15,0,Nacoes Shopping,NS
2026-10-04 00:00:00,AGE_18_24,0.0,0.0,1.76,0,0.0,10055,0.0,17.74,0,Nacoes Shopping,NS
2026-10-04 00:00:00,AGE_25_34,0.0,0.0,1.8,0,0.0,7075,0.0,12.77,0,Nacoes Shopping,NS
2026-10-04 00:00:00,AGE_35_44,0.0,0.0,1.86,0,0.0,5390,0.0,10.05,0,Nacoes Shopping,NS
2026-10-04 00:00:00,AGE_45_54,0.0,0.0,1.74,0,0.0,3423,0.0,5.96,0,Nacoes Shopping,NS
2026-10-04 00:00:00,AGE_55_100,0.0,0.0,1.62,0,0.0,3043,0.0,4.94,0,Nacoes Shopping,NS
2026-10-05 00:00:00,NONE,0.0,0.0,3.33,0,0.0,15,0.0,0.05,0,Nacoes Shopping,NS
2026-10-05 00:00:00,AGE_18_24,0.0,0.0,1.95,0,0.0,9555,0.0,18.63,0,Nacoes Shopping,NS
2026-10-05 00:00:00,AGE_25_34,0.0,0.0,2.05,0,0.0,6409,0.0,13.12,0,Nacoes Shopping,NS
2026-10-05 00:00:00,AGE_35_44,0.0,0.0,2.02,0,0.0,4705,0.0,9.49,0,Nacoes Shopping,NS
2026-10-05 00:00:00,AGE_45_54,0.0,0.0,1.91,0,0.0,3014,0.0,5.76,0,Nacoes Shopping,NS
2026-10-05 00:00:00,AGE_55_100,0.0,0.0,1.64,0,0.0,2488,0.0,4.08,0,Nacoes Shopping,NS
2026-10-06 00:00:00,NONE,0.0,0.0,1.67,0,0.0,36,0.0,0.06,0,Nacoes Shopping,NS
2026-10-06 00:00:00,AGE_18_24,0.0,0.0,2.25,0,0.0,8396,0.0,18.89,0,Nacoes Shopping,NS
2026-10-06 00:00:00,AGE_25_34,0.0,0.0,2.29,0,0.0,5527,0.0,12.65,0,Nacoes Shopping,NS
2026-10-06 00:00:00,AGE_35_44,0.0,0.0,2.16,0,0.0,4053,0.0,8.75,0,Nacoes Shopping,NS
2026-10-06 00:00:00,AGE_45_54,0.0,0.0,1.87,0,0.0,2904,0.0,5.42,0,Nacoes Shopping,NS
2026-10-06 00:00:00,AGE_55_100,0.0,0.0,2.01,0,0.0,2419,0.0,4.87,0,Nacoes Shopping,NS
2026-10-07 00:00:00,NONE,0.0,0.0,3.64,0,0.0,44,0.0,0.16,0,Nacoes Shopping,NS
2026-10-07 00:00:00,AGE_18_24,0.0,0.0,2.15,0,0.0,8299,0.0,17.83,0,Nacoes Shopping,NS
2026-10-07 00:00:00,AGE_25_34,0.0,0.0,2.5,0,0.0,5148,0.0,12.89,0,Nacoes Shopping,NS
2026-10-07 00:00:00,AGE_35_44,0.0,0.0,2.15,0,0.0,4312,0.0,9.27,0,Nacoes Shopping,NS
2026-10-07 00:00:00,AGE_45_54,0.0,0.0,1.9,0,0.0,3408,0.0,6.46,0,Nacoes Shopping,NS
2026-10-07 00:00:00,AGE_55_100,0.0,0.0,1.91,0,0.0,2620,0.0,5.0,0,Nacoes Shopping,NS
2026-10-08 00:00:00,NONE,0.0,0.0,2.17,0,0.0,60,0.0,0.13,0,Nacoes Shopping,NS
2026-10-08 00:00:00,AGE_18_24,0.0,0.0,1.77,0,0.0,11995,0.0,21.2,0,Nacoes Shopping,NS
2026-10-08 00:00:00,AGE_25_34,0.0,0.0,2.0,0,0.0,6762,0.0,13.52,0,Nacoes Shopping,NS
2026-10-08 00:00:00,AGE_35_44,0.0,0.0,1.83,0,0.0,5382,0.0,9.83,0,Nacoes Shopping,NS
2026-10-08 00:00:00,AGE_45_54,0.0,0.0,1.64,0,0.0,4481,0.0,7.37,0,Nacoes Shopping,NS
2026-10-08 00:00:00,AGE_55_100,0.0,0.0,1.61,0,0.0,3604,0.0,5.81,0,Nacoes Shopping,NS
2026-10-09 00:00:00,NONE,0.0,0.0,2.22,0,0.0,54,0.0,0.12,0,Nacoes Shopping,NS
2026-10-09 00:00:00,AGE_18_24,0.0,0.0,1.74,0,0.0,11089,0.0,19.31,0,Nacoes Shopping,NS
2026-10-09 00:00:00,AGE_25_34,0.0,0.0,1.8,0,0.0,6231,0.0,11.22,0,Nacoes Shopping,NS
2026-10-09 00:00:00,AGE_35_44,0.0,0.0,1.66,0,0.0,5228,0.0,8.7,0,Nacoes Shopping,NS
2026-10-09 00:00:00,AGE_45_54,0.0,0.0,1.61,0,0.0,3881,0.0,6.26,0,Nacoes Shopping,NS
2026-10-09 00:00:00,AGE_55_100,0.0,0.0,1.55,0,0.0,3075,0.0,4.77,0,Nacoes Shopping,NS
