stat_time_day,campaign_id,video_play_actions,spend,cost_per_conversion,clicks,total_complete_payment_rate,engaged_view,video_views_p100,video_watched_6s,cpm,cpc,video_views_p25,ctr,conversion_rate,video_views_p50,average_video_play_per_user,conversion,engaged_view_15s,video_watched_2s,average_video_play,video_views_p75,impressions,shopping,shopping_sigla,campaign_name,objective_type
2025-11-01 00:00:00,1847431562326049,4760,9.95,0.0,0,0.0,116,3,116,2.08,0.0,36,0.0,0.0,24,1.26,0,37,315,1.24,10,4792,Nacoes Shopping,NS,Alcance | Ritmi Mana Spolini,REACH
2025-10-13 00:00:00,1844352110838818,8266,17.47,0.0,0,0.0,107,5,113,2.1,0.0,44,0.0,0.0,16,1.56,0,42,562,1.17,7,8328,Nacoes Shopping,NS,Alcance - Conteúdos Set ,REACH
2025-10-03 00:00:00,1844352110838818,9852,20.98,0.0,0,0.0,156,6,164,2.11,0.0,58,0.0,0.0,31,1.58,0,51,777,1.25,14,9953,Nacoes Shopping,NS,Alcance - Conteúdos Set ,REACH
2025-10-03 00:00:00,1844350458030129,9325,19.85,0.0,0,0.0,104,10,100,2.11,0.0,107,0.0,0.0,29,1.43,0,28,750,1.19,19,9387,Nacoes Shopping,NS,Alcance - Giftcard ,REACH
2025-10-23 00:00:00,1844350458030129,4748,12.17,0.0,0,0.0,52,7,51,2.54,0.0,68,0.0,0.0,18,1.38,0,16,323,1.17,8,4788,Nacoes Shopping,NS,Alcance - Giftcard ,REACH
2025-10-13 00:00:00,1844350458030129,7804,16.51,0.0,0,0.0,107,16,108,2.1,0.0,95,0.0,0.0,33,1.55,0,35,567,1.22,25,7846,Nacoes Shopping,NS,Alcance - Giftcard ,REACH
2025-10-23 00:00:00,1844352110838818,4178,10.78,0.0,0,0.0,57,1,55,2.56,0.0,18,0.0,0.0,6,1.4,0,21,248,1.11,5,4207,Nacoes Shopping,NS,Alcance - Conteúdos Set ,REACH
2025-10-30 00:00:00,1847431714944034,3134,6.95,0.0,5,0.0,38,2,37,2.2,1.39,24,0.16,0.0,10,1.14,0,12,341,1.14,9,3156,Nacoes Shopping,NS,Alcance | Giftcard ,REACH
2025-10-30 00:00:00,1847432144410706,2878,6.31,0.0,0,0.0,55,1,57,2.18,0.0,40,0.0,0.0,19,1.14,0,22,237,1.15,10,2895,Nacoes Shopping,NS,Alcance | Chillibeans Vini ,REACH
2025-10-16 00:00:00,1844350458030129,6786,16.26,0.0,0,0.0,86,10,86,2.38,0.0,83,0.0,0.0,27,1.5,0,29,530,1.21,15,6827,Nacoes Shopping,NS,Alcance - Giftcard ,REACH
2025-11-01 00:00:00,1847429807403074,7956,26.17,0.0,0,0.0,2268,274,2486,3.28,0.0,2494,0.0,0.0,969,5.3,0,592,4590,4.91,583,7986,Nacoes Shopping,NS,Visualizações de vídeo | Natal ,VIDEO_VIEWS
2025-10-26 00:00:00,1844350458030129,824,1.63,0.0,0,0.0,6,1,6,1.98,0.0,6,0.0,0.0,3,1.1,0,1,45,0.98,1,825,Nacoes Shopping,NS,Alcance - Giftcard ,REACH
2025-10-06 00:00:00,1844350458030129,8732,18.37,0.0,0,0.0,93,13,94,2.09,0.0,93,0.0,0.0,35,2.23,0,25,665,1.82,18,8788,Nacoes Shopping,NS,Alcance - Giftcard ,REACH
2025-10-10 00:00:00,1844352110838818,9017,19.38,0.0,0,0.0,148,8,149,2.13,0.0,56,0.0,0.0,27,1.63,0,52,631,1.26,19,9093,Nacoes Shopping,NS,Alcance - Conteúdos Set ,REACH
2025-10-20 00:00:00,1844352110838818,6217,13.99,0.0,0,0.0,73,1,75,2.23,0.0,25,0.0,0.0,11,1.44,0,20,399,1.1,4,6262,Nacoes Shopping,NS,Alcance - Conteúdos Set ,REACH
2025-10-14 00:00:00,1844350458030129,7475,16.85,0.0,0,0.0,89,20,89,2.24,0.0,83,0.0,0.0,37,1.51,0,33,557,1.2,26,7536,Nacoes Shopping,NS,Alcance - Giftcard ,REACH
2025-10-04 00:00:00,1844350458030129,9466,18.92,0.0,0,0.0,110,16,108,1.99,0.0,100,0.0,0.0,45,1.48,0,28,668,1.17,23,9524,Nacoes Shopping,NS,Alcance - Giftcard ,REACH
2025-10-24 00:00:00,1844352110838818,1250,3.03,0.0,0,0.0,17,0,17,2.39,0.0,4,0.0,0.0,0,1.27,0,3,86,1.08,0,1266,Nacoes Shopping,NS,Alcance - Conteúdos Set ,REACH
2025-10-24 00:00:00,1844350458030129,4618,10.9,0.0,0,0.0,51,9,47,2.35,0.0,64,0.0,0.0,28,1.34,0,18,316,1.12,14,4644,Nacoes Shopping,NS,Alcance - Giftcard ,REACH
2025-11-01 00:00:00,1847431714944034,6758,13.77,0.0,15,0.0,70,9,63,2.02,0.92,47,0.22,0.0,19,1.17,0,28,707,1.15,12,6824,Nacoes Shopping,NS,Alcance | Giftcard ,REACH
2025-10-04 00:00:00,1844352110838818,9742,19.55,0.0,0,0.0,141,3,144,1.99,0.0,49,0.0,0.0,18,1.58,0,50,721,1.2,10,9818,Nacoes Shopping,NS,Alcance - Conteúdos Set ,REACH
2025-10-25 00:00:00,1810109298355250,0,0.0,0.0,0,0.0,0,0,0,0.0,0.0,0,0.0,0.0,0,0.0,0,0,0,0.0,0,0,Nacoes Shopping,NS,Promo Natura 2024 - Tráfego,TRAFFIC
2025-10-14 00:00:00,1844352110838818,7644,17.09,0.0,0,0.0,123,3,125,2.22,0.0,46,0.0,0.0,16,1.63,0,43,550,1.22,9,7700,Nacoes Shopping,NS,Alcance - Conteúdos Set ,REACH
2025-10-07 00:00:00,1844352110838818,8738,19.67,0.0,0,0.0,117,2,117,2.23,0.0,41,0.0,0.0,22,1.61,0,43,686,1.23,9,8826,Nacoes Shopping,NS,Alcance - Conteúdos Set ,REACH
2025-10-17 00:00:00,1844352110838818,7229,16.62,0.0,0,0.0,85,4,85,2.28,0.0,34,0.0,0.0,17,1.47,0,29,426,1.17,8,7279,Nacoes Shopping,NS,Alcance - Conteúdos Set ,REACH
2025-10-27 00:00:00,1844350458030129,0,0.0,0.0,0,0.0,0,0,0,0.0,0.0,0,0.0,0.0,0,0.0,0,0,0,0.0,0,0,Nacoes Shopping,NS,Alcance - Giftcard ,REACH
2025-10-17 00:00:00,1844350458030129,7313,16.97,0.0,0,0.0,94,11,93,2.3,0.0,92,0.0,0.0,31,1.47,0,31,538,1.2,14,7365,Nacoes Shopping,NS,Alcance - Giftcard ,REACH
2025-10-07 00:00:00,1844350458030129,8188,18.34,0.0,0,0.0,105,13,107,2.23,0.0,101,0.0,0.0,34,1.58,0,26,713,1.29,19,8242,Nacoes Shopping,NS,Alcance - Giftcard ,REACH
2025-10-11 00:00:00,1844352110838818,8669,17.74,0.0,0,0.0,119,2,118,2.03,0.0,43,0.0,0.0,19,1.56,0,38,581,1.15,6,8739,Nacoes Shopping,NS,Alcance - Conteúdos Set ,REACH
2025-10-30 00:00:00,1847431562326049,2409,5.38,0.0,0,0.0,57,0,59,2.22,0.0,23,0.0,0.0,10,1.2,0,23,175,1.2,4,2422,Nacoes Shopping,NS,Alcance | Ritmi Mana Spolini,REACH
2025-10-21 00:00:00,1844352110838818,5454,13.47,0.0,0,0.0,58,2,59,2.45,0.0,18,0.0,0.0,8,1.39,0,16,380,1.08,3,5492,Nacoes Shopping,NS,Alcance - Conteúdos Set ,REACH
2025-10-31 00:00:00,1847432144410706,5822,13.7,0.0,0,0.0,99,9,100,2.34,0.0,72,0.0,0.0,35,1.2,0,43,455,1.16,24,5863,Nacoes Shopping,NS,Alcance | Chillibeans Vini ,REACH
2025-10-20 00:00:00,1844350458030129,6430,14.55,0.0,0,0.0,70,10,70,2.25,0.0,70,0.0,0.0,28,1.41,0,28,417,1.11,16,6475,Nacoes Shopping,NS,Alcance - Giftcard ,REACH
2025-10-10 00:00:00,1844350458030129,8424,18.2,0.0,0,0.0,85,11,83,2.15,0.0,99,0.0,0.0,30,1.36,0,21,570,1.11,15,8473,Nacoes Shopping,NS,Alcance - Giftcard ,REACH
2025-10-30 00:00:00,1847431181554881,1592,6.02,0.0,0,0.0,168,42,184,3.76,0.0,173,0.0,0.0,90,4.72,0,68,821,4.28,65,1601,Nacoes Shopping,NS,Visualizações de vídeo | Natal 02 ,VIDEO_VIEWS
2025-10-18 00:00:00,1844352110838818,7274,15.53,0.0,0,0.0,89,7,93,2.12,0.0,33,0.0,0.0,21,1.54,0,33,394,1.14,9,7316,Nacoes Shopping,NS,Alcance - Conteúdos Set ,REACH
2025-10-08 00:00:00,1844352110838818,8053,19.04,0.0,0,0.0,117,1,114,2.34,0.0,32,0.0,0.0,11,1.56,0,34,658,1.21,7,8150,Nacoes Shopping,NS,Alcance - Conteúdos Set ,REACH
2025-10-18 00:00:00,1844350458030129,7156,15.41,0.0,0,0.0,65,8,66,2.14,0.0,72,0.0,0.0,20,2.84,0,16,405,2.17,12,7200,Nacoes Shopping,NS,Alcance - Giftcard ,REACH
2025-10-08 00:00:00,1844350458030129,7771,18.25,0.0,0,0.0,98,18,101,2.33,0.0,105,0.0,0.0,45,1.55,0,35,623,1.24,24,7845,Nacoes Shopping,NS,Alcance - Giftcard ,REACH
2025-10-30 00:00:00,1847429807403074,3170,14.32,0.0,0,0.0,1053,176,1157,4.5,0.0,1285,0.0,0.0,560,5.99,0,312,2011,5.56,356,3181,Nacoes Shopping,NS,Visualizações de vídeo | Natal ,VIDEO_VIEWS
2025-11-01 00:00:00,1847431181554881,2971,11.64,0.0,0,0.0,387,89,411,3.9,0.0,360,0.0,0.0,188,3.85,0,167,1286,3.78,135,2988,Nacoes Shopping,NS,Visualizações de vídeo | Natal 02 ,VIDEO_VIEWS
2025-10-11 00:00:00,1844350458030129,8308,16.98,0.0,0,0.0,83,15,83,2.03,0.0,90,0.0,0.0,37,1.48,0,25,537,1.13,21,8362,Nacoes Shopping,NS,Alcance - Giftcard ,REACH
2025-10-21 00:00:00,1844350458030129,5512,13.71,0.0,0,0.0,53,8,51,2.47,0.0,67,0.0,0.0,19,1.32,0,15,386,1.09,11,5547,Nacoes Shopping,NS,Alcance - Giftcard ,REACH
2025-10-25 00:00:00,1844352110838818,0,0.0,0.0,0,0.0,0,0,0,0.0,0.0,0,0.0,0.0,0,0.0,0,0,0,0.0,0,0,Nacoes Shopping,NS,Alcance - Conteúdos Set ,REACH
2025-10-31 00:00:00,1847431562326049,4454,10.9,0.0,0,0.0,112,0,113,2.43,0.0,41,0.0,0.0,14,1.19,0,42,300,1.16,6,4494,Nacoes Shopping,NS,Alcance | Ritmi Mana Spolini,REACH
2025-11-01 00:00:00,1847432144410706,6336,12.75,0.0,0,0.0,95,4,100,1.99,0.0,70,0.0,0.0,27,1.11,0,32,443,1.09,18,6393,Nacoes Shopping,NS,Alcance | Chillibeans Vini ,REACH
2025-10-15 00:00:00,1844352110838818,7077,16.75,0.0,0,0.0,99,1,104,2.35,0.0,37,0.0,0.0,21,1.6,0,34,529,1.2,10,7137,Nacoes Shopping,NS,Alcance - Conteúdos Set ,REACH
2025-10-05 00:00:00,1844352110838818,9817,19.28,0.0,0,0.0,127,7,132,1.95,0.0,43,0.0,0.0,22,1.61,0,39,712,1.21,13,9891,Nacoes Shopping,NS,Alcance - Conteúdos Set ,REACH
2025-10-09 00:00:00,1844350458030129,7670,17.83,0.0,0,0.0,115,12,118,2.3,0.0,120,0.0,0.0,48,1.52,0,36,599,1.23,30,7737,Nacoes Shopping,NS,Alcance - Giftcard ,REACH
2025-10-19 00:00:00,1844350458030129,6769,14.5,0.0,0,0.0,70,10,70,2.13,0.0,79,0.0,0.0,24,1.38,0,25,424,1.08,15,6808,Nacoes Shopping,NS,Alcance - Giftcard ,REACH
2025-10-31 00:00:00,1847431181554881,2885,13.21,0.0,0,0.0,316,84,352,4.55,0.0,319,0.0,0.0,180,3.79,0,135,1351,3.63,125,2901,Nacoes Shopping,NS,Visualizações de vídeo | Natal 02 ,VIDEO_VIEWS
2025-10-19 00:00:00,1844352110838818,6938,14.85,0.0,0,0.0,100,4,99,2.12,0.0,40,0.0,0.0,22,1.61,0,37,451,1.21,11,6989,Nacoes Shopping,NS,Alcance - Conteúdos Set ,REACH
2025-10-09 00:00:00,1844352110838818,8162,18.93,0.0,0,0.0,135,8,135,2.3,0.0,47,0.0,0.0,22,1.96,0,50,655,1.49,11,8229,Nacoes Shopping,NS,Alcance - Conteúdos Set ,REACH
2025-10-12 00:00:00,1844352110838818,8930,17.73,0.0,0,0.0,119,4,120,1.97,0.0,38,0.0,0.0,16,1.57,0,31,601,1.16,8,8985,Nacoes Shopping,NS,Alcance - Conteúdos Set ,REACH
2025-10-22 00:00:00,1844352110838818,4786,12.6,0.0,0,0.0,61,2,64,2.61,0.0,26,0.0,0.0,14,1.47,0,25,325,1.16,7,4832,Nacoes Shopping,NS,Alcance - Conteúdos Set ,REACH
2025-10-22 00:00:00,1844350458030129,4849,12.64,0.0,0,0.0,41,10,41,2.58,0.0,55,0.0,0.0,22,1.33,0,13,292,1.12,11,4890,Nacoes Shopping,NS,Alcance - Giftcard ,REACH
2025-10-12 00:00:00,1844350458030129,8603,17.13,0.0,0,0.0,82,12,84,1.98,0.0,90,0.0,0.0,31,1.47,0,23,571,1.13,24,8651,Nacoes Shopping,NS,Alcance - Giftcard ,REACH
2025-10-16 00:00:00,1844352110838818,7030,16.88,0.0,0,0.0,101,5,103,2.38,0.0,40,0.0,0.0,14,1.6,0,34,494,1.22,9,7088,Nacoes Shopping,NS,Alcance - Conteúdos Set ,REACH
2025-10-06 00:00:00,1844352110838818,9074,19.02,0.0,0,0.0,138,10,145,2.08,0.0,50,0.0,0.0,25,1.72,0,46,719,1.32,14,9138,Nacoes Shopping,NS,Alcance - Conteúdos Set ,REACH
2025-10-31 00:00:00,1847429807403074,6316,25.59,0.0,0,0.0,1936,233,2125,4.03,0.0,2125,0.0,0.0,832,5.71,0,535,3695,5.33,528,6344,Nacoes Shopping,NS,Visualizações de vídeo | Natal ,VIDEO_VIEWS
2025-10-26 00:00:00,1844352110838818,0,0.0,0.0,0,0.0,0,0,0,0.0,0.0,0,0.0,0.0,0,0.0,0,0,0,0.0,0,0,Nacoes Shopping,NS,Alcance - Conteúdos Set ,REACH
2025-10-31 00:00:00,1847431714944034,5968,14.24,0.0,9,0.0,58,4,58,2.37,1.58,41,0.15,0.0,18,1.15,0,19,631,1.11,7,6016,Nacoes Shopping,NS,Alcance | Giftcard ,REACH
2025-10-15 00:00:00,1844350458030129,6734,15.95,0.0,0,0.0,95,12,97,2.35,0.0,79,0.0,0.0,39,1.58,0,26,514,1.26,21,6785,Nacoes Shopping,NS,Alcance - Giftcard ,REACH
2025-10-05 00:00:00,1844350458030129,9298,18.23,0.0,0,0.0,100,14,102,1.95,0.0,116,0.0,0.0,39,1.47,0,28,653,1.17,21,9346,Nacoes Shopping,NS,Alcance - Giftcard ,REACH
2025-10-25 00:00:00,1844350458030129,3989,8.84,0.0,0,0.0,31,2,32,2.21,0.0,38,0.0,0.0,14,1.25,0,5,250,1.01,3,4005,Nacoes Shopping,NS,Alcance - Giftcard ,REACH
2025-11-11 00:00:00,1847431562326049,894,2.59,0.0,0,0.0,26,2,26,2.88,0.0,10,0.0,0.0,7,1.48,0,11,86,1.47,3,900,Nacoes Shopping,NS,Alcance | Ritmi Mana Spolini,REACH
2025-11-28 00:00:00,1848504162177105,0,0.0,0.0,0,0.0,0,0,0,0.0,0.0,0,0.0,0.0,0,0.0,0,0,0,0.0,0,0,Nacoes Shopping,NS,ALC - NATAL 25,REACH
2025-11-02 00:00:00,1847431714944034,6557,12.37,0.0,21,0.0,78,10,70,1.87,0.59,47,0.32,0.0,25,1.2,0,28,683,1.18,13,6599,Nacoes Shopping,NS,Alcance | Giftcard ,REACH
2025-11-22 00:00:00,1847431714944034,0,0.0,0.0,0,0.0,0,0,0,0.0,0.0,0,0.0,0.0,0,0.0,0,0,0,0.0,0,0,Nacoes Shopping,NS,Alcance | Giftcard ,REACH
2025-11-13 00:00:00,1847432144410706,0,0.0,0.0,0,0.0,0,0,0,0.0,0.0,0,0.0,0.0,0,0.0,0,0,0,0.0,0,0,Nacoes Shopping,NS,Alcance | Chillibeans Vini ,REACH
2025-11-14 00:00:00,1847429807403074,0,0.0,0.0,0,0.0,0,0,0,0.0,0.0,0,0.0,0.0,0,0.0,0,0,0,0.0,0,0,Nacoes Shopping,NS,Visualizações de vídeo | Natal ,VIDEO_VIEWS
2025-11-06 00:00:00,1847431181554881,2855,12.02,0.0,0,0.0,278,66,308,4.15,0.0,266,0.0,0.0,139,3.45,0,111,1110,3.37,96,2893,Nacoes Shopping,NS,Visualizações de vídeo | Natal 02 ,VIDEO_VIEWS
2025-11-18 00:00:00,1847431562326049,0,0.0,0.0,0,0.0,0,0,0,0.0,0.0,0,0.0,0.0,0,0.0,0,0,0,0.0,0,0,Nacoes Shopping,NS,Alcance | Ritmi Mana Spolini,REACH
2025-11-28 00:00:00,1848504928619618,3241,32.24,0.0,702,0.0,1568,238,1159,7.29,0.05,1113,15.88,0.0,473,16.57,0,806,1285,5.2,293,4420,Nacoes Shopping,NS,TRAF - NATAL 25,TRAFFIC
2025-11-09 00:00:00,1847431714944034,5101,12.18,0.0,5,0.0,57,8,56,2.38,2.44,43,0.1,0.0,18,1.29,0,22,520,1.28,10,5128,Nacoes Shopping,NS,Alcance | Giftcard ,REACH
2025-11-19 00:00:00,1847432144410706,0,0.0,0.0,0,0.0,0,0,0,0.0,0.0,0,0.0,0.0,0,0.0,0,0,0,0.0,0,0,Nacoes Shopping,NS,Alcance | Chillibeans Vini ,REACH
2025-11-29 00:00:00,1847431714944034,0,0.0,0.0,0,0.0,0,0,0,0.0,0.0,0,0.0,0.0,0,0.0,0,0,0,0.0,0,0,Nacoes Shopping,NS,Alcance | Giftcard ,REACH
2025-11-15 00:00:00,1848504928619618,5234,40.9,0.0,741,0.0,2219,1284,1691,5.71,0.06,2162,10.34,0.0,1748,8.4,0,1735,2179,5.61,1616,7169,Nacoes Shopping,NS,TRAF - NATAL 25,TRAFFIC
2025-11-30 00:00:00,1849887841738834,10745,38.39,0.0,18,0.0,100,25,99,3.6,2.13,179,0.17,0.0,65,1.4,0,35,494,0.96,34,10657,Nacoes Shopping,NS,ALC - NATAL 25 02,REACH
2025-11-13 00:00:00,1847431181554881,0,0.0,0.0,0,0.0,0,0,0,0.0,0.0,0,0.0,0.0,0,0.0,0,0,0,0.0,0,0,Nacoes Shopping,NS,Visualizações de vídeo | Natal 02 ,VIDEO_VIEWS
2025-11-05 00:00:00,1847431562326049,4173,9.93,0.0,0,0.0,139,0,138,2.35,0.0,48,0.0,0.0,14,1.31,0,52,370,1.3,5,4223,Nacoes Shopping,NS,Alcance | Ritmi Mana Spolini,REACH
2025-11-16 00:00:00,1847431714944034,0,0.0,0.0,0,0.0,0,0,0,0.0,0.0,0,0.0,0.0,0,0.0,0,0,0,0.0,0,0,Nacoes Shopping,NS,Alcance | Giftcard ,REACH
2025-11-06 00:00:00,1847432144410706,4800,10.73,0.0,0,0.0,60,5,60,2.22,0.0,41,0.0,0.0,17,1.09,0,26,333,1.09,9,4834,Nacoes Shopping,NS,Alcance | Chillibeans Vini ,REACH
2025-11-26 00:00:00,1847432144410706,0,0.0,0.0,0,0.0,0,0,0,0.0,0.0,0,0.0,0.0,0,0.0,0,0,0,0.0,0,0,Nacoes Shopping,NS,Alcance | Chillibeans Vini ,REACH
2025-11-21 00:00:00,1848504162177105,9112,33.01,0.0,19,0.0,108,51,103,3.59,1.74,339,0.21,0.0,131,1.12,0,58,458,1.03,76,9186,Nacoes Shopping,NS,ALC - NATAL 25,REACH
2025-11-08 00:00:00,1847429807403074,1451,4.81,0.0,1,0.0,323,42,380,3.27,4.81,411,0.07,0.0,171,4.48,0,104,817,4.41,104,1469,Nacoes Shopping,NS,Visualizações de vídeo | Natal ,VIDEO_VIEWS
2025-11-05 00:00:00,1847431181554881,3416,11.3,0.0,1,0.0,326,73,360,3.28,11.3,320,0.03,0.0,169,3.29,0,139,1395,3.23,113,3443,Nacoes Shopping,NS,Visualizações de vídeo | Natal 02 ,VIDEO_VIEWS
2025-11-12 00:00:00,1847431562326049,0,0.0,0.0,0,0.0,0,0,0,0.0,0.0,0,0.0,0.0,0,0.0,0,0,0,0.0,0,0,Nacoes Shopping,NS,Alcance | Ritmi Mana Spolini,REACH
2025-11-27 00:00:00,1848504928619618,3154,31.17,0.0,680,0.0,1816,430,1386,7.24,0.05,1423,15.78,0.0,722,18.57,0,1049,1621,7.06,523,4308,Nacoes Shopping,NS,TRAF - NATAL 25,TRAFFIC
2025-11-07 00:00:00,1847432144410706,4466,10.25,0.0,0,0.0,52,3,55,2.28,0.0,38,0.0,0.0,13,1.12,0,18,298,1.08,8,4500,Nacoes Shopping,NS,Alcance | Chillibeans Vini ,REACH
2025-11-27 00:00:00,1847432144410706,0,0.0,0.0,0,0.0,0,0,0,0.0,0.0,0,0.0,0.0,0,0.0,0,0,0,0.0,0,0,Nacoes Shopping,NS,Alcance | Chillibeans Vini ,REACH
2025-11-14 00:00:00,1848504162177105,10360,37.95,0.0,15,0.0,118,48,118,3.63,2.53,379,0.14,0.0,158,1.09,0,52,569,1.01,86,10467,Nacoes Shopping,NS,ALC - NATAL 25,REACH
2025-11-08 00:00:00,1847431714944034,5324,12.25,0.0,14,0.0,67,4,61,2.29,0.88,42,0.26,0.0,13,1.15,0,19,537,1.13,6,5359,Nacoes Shopping,NS,Alcance | Giftcard ,REACH
2025-11-12 00:00:00,1847431181554881,0,0.0,0.0,0,0.0,0,0,0,0.0,0.0,0,0.0,0.0,0,0.0,0,0,0,0.0,0,0,Nacoes Shopping,NS,Visualizações de vídeo | Natal 02 ,VIDEO_VIEWS
2025-11-19 00:00:00,1847431562326049,0,0.0,0.0,0,0.0,0,0,0,0.0,0.0,0,0.0,0.0,0,0.0,0,0,0,0.0,0,0,Nacoes Shopping,NS,Alcance | Ritmi Mana Spolini,REACH
2025-11-27 00:00:00,1849768886744178,19751,61.99,0.0,0,0.0,255,20,255,3.1,0.0,139,0.0,0.0,47,1.61,0,79,1229,1.12,25,19972,Nacoes Shopping,NS,ALC - BLACK FRIDAY - NS,REACH
2025-11-20 00:00:00,1848504162177105,10095,35.65,0.0,18,0.0,119,57,113,3.5,1.98,337,0.18,0.0,137,1.07,0,67,469,0.97,83,10174,Nacoes Shopping,NS,ALC - NATAL 25,REACH
2025-11-14 00:00:00,1848504928619618,4596,52.44,0.0,1319,0.0,3088,1797,2248,8.08,0.04,2790,20.32,0.0,2251,17.06,0,2567,2809,8.43,2051,6490,Nacoes Shopping,NS,TRAF - NATAL 25,TRAFFIC
2025-11-21 00:00:00,1848504928619618,3573,32.76,0.0,810,0.0,2245,1130,1720,5.63,0.04,2158,13.92,0.0,1747,13.5,0,1614,2176,7.1,1426,5820,Nacoes Shopping,NS,TRAF - NATAL 25,TRAFFIC
2025-11-27 00:00:00,1848504162177105,0,0.0,0.0,0,0.0,0,0,0,0.0,0.0,0,0.0,0.0,0,0.0,0,0,0,0.0,0,0,Nacoes Shopping,NS,ALC - NATAL 25,REACH
2025-11-15 00:00:00,1847431714944034,0,0.0,0.0,0,0.0,0,0,0,0.0,0.0,0,0.0,0.0,0,0.0,0,0,0,0.0,0,0,Nacoes Shopping,NS,Alcance | Giftcard ,REACH
2025-11-20 00:00:00,1847432144410706,0,0.0,0.0,0,0.0,0,0,0,0.0,0.0,0,0.0,0.0,0,0.0,0,0,0,0.0,0,0,Nacoes Shopping,NS,Alcance | Chillibeans Vini ,REACH
2025-12-01 00:00:00,1849887841738834,12426,39.48,0.0,22,0.0,110,25,103,3.16,1.79,240,0.18,0.0,79,1.4,0,42,555,0.97,41,12487,Nacoes Shopping,NS,ALC - NATAL 25 02,REACH
2025-11-02 00:00:00,1847429807403074,7185,23.77,0.0,0,0.0,2054,301,2266,3.29,0.0,2498,0.0,0.0,1027,5.25,0,588,4392,5.06,632,7222,Nacoes Shopping,NS,Visualizações de vídeo | Natal ,VIDEO_VIEWS
2025-11-13 00:00:00,1848504162177105,10907,38.47,0.0,14,0.0,129,61,123,3.5,2.75,405,0.13,0.0,156,1.1,0,68,568,0.99,87,11006,Nacoes Shopping,NS,ALC - NATAL 25,REACH
2025-11-06 00:00:00,1847431562326049,3858,9.09,0.0,0,0.0,108,3,107,2.34,0.0,32,0.0,0.0,14,1.36,0,33,299,1.35,13,3883,Nacoes Shopping,NS,Alcance | Ritmi Mana Spolini,REACH
2025-11-17 00:00:00,1847431714944034,0,0.0,0.0,0,0.0,0,0,0,0.0,0.0,0,0.0,0.0,0,0.0,0,0,0,0.0,0,0,Nacoes Shopping,NS,Alcance | Giftcard ,REACH
2025-11-18 00:00:00,1847432144410706,0,0.0,0.0,0,0.0,0,0,0,0.0,0.0,0,0.0,0.0,0,0.0,0,0,0,0.0,0,0,Nacoes Shopping,NS,Alcance | Chillibeans Vini ,REACH
2025-11-13 00:00:00,1847431562326049,0,0.0,0.0,0,0.0,0,0,0,0.0,0.0,0,0.0,0.0,0,0.0,0,0,0,0.0,0,0,Nacoes Shopping,NS,Alcance | Ritmi Mana Spolini,REACH
2025-11-23 00:00:00,1848504928619618,4217,33.32,0.0,882,0.0,3051,1502,2477,4.66,0.04,2954,12.34,0.0,2521,16.72,0,2034,2973,7.95,2069,7148,Nacoes Shopping,NS,TRAF - NATAL 25,TRAFFIC
2025-11-04 00:00:00,1847431714944034,5643,12.98,0.0,10,0.0,86,6,78,2.28,1.3,52,0.18,0.0,16,1.19,0,22,653,1.18,9,5704,Nacoes Shopping,NS,Alcance | Giftcard ,REACH
2025-11-24 00:00:00,1847431714944034,0,0.0,0.0,0,0.0,0,0,0,0.0,0.0,0,0.0,0.0,0,0.0,0,0,0,0.0,0,0,Nacoes Shopping,NS,Alcance | Giftcard ,REACH
2025-11-04 00:00:00,1847432144410706,5281,12.02,0.0,0,0.0,104,13,109,2.26,0.0,75,0.0,0.0,40,2.11,0,44,465,2.09,29,5320,Nacoes Shopping,NS,Alcance | Chillibeans Vini ,REACH
2025-11-30 00:00:00,1848504928619618,4744,31.57,0.0,997,0.0,1458,182,838,5.59,0.03,791,17.66,0.0,331,14.31,0,913,956,2.84,224,5644,Nacoes Shopping,NS,TRAF - NATAL 25,TRAFFIC
2025-11-28 00:00:00,1849768886744178,17797,61.37,0.0,0,0.0,226,15,230,3.42,0.0,136,0.0,0.0,52,1.61,0,77,1156,1.19,21,17930,Nacoes Shopping,NS,ALC - BLACK FRIDAY - NS,REACH
2025-11-06 00:00:00,1847429807403074,5517,20.41,0.0,0,0.0,1356,198,1520,3.67,0.0,1673,0.0,0.0,662,4.93,0,404,3045,4.7,429,5560,Nacoes Shopping,NS,Visualizações de vídeo | Natal ,VIDEO_VIEWS
2025-11-08 00:00:00,1847431181554881,2885,10.3,0.0,0,0.0,257,62,281,3.52,0.0,240,0.0,0.0,123,3.91,0,104,1195,3.83,92,2927,Nacoes Shopping,NS,Visualizações de vídeo | Natal 02 ,VIDEO_VIEWS
2025-11-20 00:00:00,1847431562326049,0,0.0,0.0,0,0.0,0,0,0,0.0,0.0,0,0.0,0.0,0,0.0,0,0,0,0.0,0,0,Nacoes Shopping,NS,Alcance | Ritmi Mana Spolini,REACH
2025-11-11 00:00:00,1847432144410706,895,2.46,0.0,0,0.0,13,1,16,2.73,0.0,12,0.0,0.0,8,1.24,0,7,74,1.24,4,902,Nacoes Shopping,NS,Alcance | Chillibeans Vini ,REACH
2025-11-11 00:00:00,1847431714944034,1203,3.37,0.0,1,0.0,8,0,9,2.77,3.37,6,0.08,0.0,0,1.09,0,0,130,1.09,0,1216,Nacoes Shopping,NS,Alcance | Giftcard ,REACH
2025-12-01 00:00:00,1847432144410706,0,0.0,0.0,0,0.0,0,0,0,0.0,0.0,0,0.0,0.0,0,0.0,0,0,0,0.0,0,0,Nacoes Shopping,NS,Alcance | Chillibeans Vini ,REACH
2025-12-01 00:00:00,1847431714944034,0,0.0,0.0,0,0.0,0,0,0,0.0,0.0,0,0.0,0.0,0,0.0,0,0,0,0.0,0,0,Nacoes Shopping,NS,Alcance | Giftcard ,REACH
2025-11-26 00:00:00,1848504162177105,3400,12.73,0.0,1,0.0,54,31,55,3.71,12.73,138,0.03,0.0,68,1.2,0,32,185,1.14,42,3427,Nacoes Shopping,NS,ALC - NATAL 25,REACH
2025-11-27 00:00:00,1847431562326049,0,0.0,0.0,0,0.0,0,0,0,0.0,0.0,0,0.0,0.0,0,0.0,0,0,0,0.0,0,0,Nacoes Shopping,NS,Alcance | Ritmi Mana Spolini,REACH
2025-11-12 00:00:00,1847432144410706,0,0.0,0.0,0,0.0,0,0,0,0.0,0.0,0,0.0,0.0,0,0.0,0,0,0,0.0,0,0,Nacoes Shopping,NS,Alcance | Chillibeans Vini ,REACH
2025-11-22 00:00:00,1848504928619618,3317,31.86,0.0,830,0.0,2122,1099,1602,5.58,0.04,2034,14.53,0.0,1652,14.52,0,1587,2053,7.07,1358,5712,Nacoes Shopping,NS,TRAF - NATAL 25,TRAFFIC
2025-11-07 00:00:00,1847431562326049,3462,8.37,0.0,0,0.0,78,0,77,2.4,0.0,22,0.0,0.0,8,1.16,0,25,239,1.12,2,3489,Nacoes Shopping,NS,Alcance | Ritmi Mana Spolini,REACH
2025-11-19 00:00:00,1848504162177105,9898,35.73,0.0,16,0.0,101,50,100,3.58,2.23,357,0.16,0.0,135,1.15,0,56,492,1.01,81,9969,Nacoes Shopping,NS,ALC - NATAL 25,REACH
2025-11-03 00:00:00,1847431714944034,5706,12.0,0.0,7,0.0,70,8,68,2.09,1.71,44,0.12,0.0,16,1.21,0,21,653,1.2,10,5747,Nacoes Shopping,NS,Alcance | Giftcard ,REACH
2025-11-07 00:00:00,1847431181554881,2628,11.51,0.0,0,0.0,255,65,289,4.34,0.0,253,0.0,0.0,138,3.52,0,103,1078,3.45,92,2650,Nacoes Shopping,NS,Visualizações de vídeo | Natal 02 ,VIDEO_VIEWS
2025-11-14 00:00:00,1847431562326049,0,0.0,0.0,0,0.0,0,0,0,0.0,0.0,0,0.0,0.0,0,0.0,0,0,0,0.0,0,0,Nacoes Shopping,NS,Alcance | Ritmi Mana Spolini,REACH
2025-11-25 00:00:00,1848504162177105,6961,26.2,0.0,14,0.0,74,29,65,3.73,1.87,218,0.2,0.0,82,1.0,0,40,311,0.95,53,7031,Nacoes Shopping,NS,ALC - NATAL 25,REACH
2025-11-29 00:00:00,1848504928619618,3894,33.17,0.0,864,0.0,1279,143,838,6.03,0.04,745,15.72,0.0,298,12.53,0,681,983,3.19,175,5497,Nacoes Shopping,NS,TRAF - NATAL 25,TRAFFIC
2025-11-16 00:00:00,1848504928619618,4404,44.71,0.0,1038,0.0,2664,1501,1900,6.48,0.04,2399,15.04,0.0,1917,13.74,0,2173,2370,7.59,1790,6903,Nacoes Shopping,NS,TRAF - NATAL 25,TRAFFIC
2025-11-12 00:00:00,1848504162177105,11575,38.42,0.0,21,0.0,132,67,130,3.28,1.83,431,0.18,0.0,154,1.17,0,72,557,0.99,96,11709,Nacoes Shopping,NS,ALC - NATAL 25,REACH
2025-11-10 00:00:00,1847431714944034,4932,12.38,0.0,9,0.0,49,8,47,2.49,1.38,41,0.18,0.0,19,1.54,0,23,514,1.52,12,4977,Nacoes Shopping,NS,Alcance | Giftcard ,REACH
2025-11-25 00:00:00,1847432144410706,0,0.0,0.0,0,0.0,0,0,0,0.0,0.0,0,0.0,0.0,0,0.0,0,0,0,0.0,0,0,Nacoes Shopping,NS,Alcance | Chillibeans Vini ,REACH
2025-11-05 00:00:00,1847432144410706,5244,11.89,0.0,0,0.0,107,9,107,2.25,0.0,77,0.0,0.0,30,1.26,0,46,448,1.24,21,5280,Nacoes Shopping,NS,Alcance | Chillibeans Vini ,REACH
2025-11-26 00:00:00,1849887841738834,4738,12.75,0.0,5,0.0,54,6,52,2.67,2.55,58,0.1,0.0,21,1.62,0,19,219,0.98,11,4780,Nacoes Shopping,NS,ALC - NATAL 25 02,REACH
2025-11-14 00:00:00,1847431181554881,0,0.0,0.0,0,0.0,0,0,0,0.0,0.0,0,0.0,0.0,0,0.0,0,0,0,0.0,0,0,Nacoes Shopping,NS,Visualizações de vídeo | Natal 02 ,VIDEO_VIEWS
2025-11-29 00:00:00,1849768886744178,17797,58.66,0.0,0,0.0,218,15,230,3.26,0.0,142,0.0,0.0,57,2.02,0,77,1112,1.4,31,17967,Nacoes Shopping,NS,ALC - BLACK FRIDAY - NS,REACH
2025-11-21 00:00:00,1847431562326049,0,0.0,0.0,0,0.0,0,0,0,0.0,0.0,0,0.0,0.0,0,0.0,0,0,0,0.0,0,0,Nacoes Shopping,NS,Alcance | Ritmi Mana Spolini,REACH
2025-11-07 00:00:00,1847429807403074,4514,17.44,0.0,0,0.0,1048,128,1177,3.83,0.0,1224,0.0,0.0,478,5.15,0,312,2408,4.94,306,4552,Nacoes Shopping,NS,Visualizações de vídeo | Natal ,VIDEO_VIEWS
2025-11-18 00:00:00,1848504162177105,9039,32.79,0.0,13,0.0,115,56,106,3.6,2.52,343,0.14,0.0,132,1.09,0,65,476,1.03,86,9113,Nacoes Shopping,NS,ALC - NATAL 25,REACH
2025-11-12 00:00:00,1847431714944034,0,0.0,0.0,0,0.0,0,0,0,0.0,0.0,0,0.0,0.0,0,0.0,0,0,0,0.0,0,0,Nacoes Shopping,NS,Alcance | Giftcard ,REACH
2025-11-27 00:00:00,1849887841738834,10509,38.74,0.0,16,0.0,125,13,114,3.65,2.42,132,0.15,0.0,41,1.6,0,40,515,0.99,25,10621,Nacoes Shopping,NS,ALC - NATAL 25 02,REACH
2025-11-30 00:00:00,1849768886744178,3086,9.73,0.0,0,0.0,33,2,34,3.12,0.0,20,0.0,0.0,6,1.47,0,12,208,1.14,5,3121,Nacoes Shopping,NS,ALC - BLACK FRIDAY - NS,REACH
2025-11-04 00:00:00,1847429807403074,7870,23.05,0.0,0,0.0,1995,250,2249,2.89,0.0,2381,0.0,0.0,886,4.97,0,557,4447,4.72,573,7963,Nacoes Shopping,NS,Visualizações de vídeo | Natal ,VIDEO_VIEWS
2025-11-08 00:00:00,1847431562326049,3804,9.17,0.0,0,0.0,102,2,102,2.39,0.0,35,0.0,0.0,19,1.59,0,35,283,1.56,10,3832,Nacoes Shopping,NS,Alcance | Ritmi Mana Spolini,REACH
2025-11-18 00:00:00,1848504928619618,5082,41.14,0.0,611,0.0,1734,1111,1334,6.87,0.07,1606,10.21,0.0,1336,7.95,0,1469,1635,5.13,1252,5987,Nacoes Shopping,NS,TRAF - NATAL 25,TRAFFIC
2025-11-03 00:00:00,1847432144410706,5499,11.51,0.0,0,0.0,101,7,104,2.07,0.0,78,0.0,0.0,35,1.29,0,46,507,1.28,16,5559,Nacoes Shopping,NS,Alcance | Chillibeans Vini ,REACH
2025-11-19 00:00:00,1847431714944034,0,0.0,0.0,0,0.0,0,0,0,0.0,0.0,0,0.0,0.0,0,0.0,0,0,0,0.0,0,0,Nacoes Shopping,NS,Alcance | Giftcard ,REACH
2025-11-09 00:00:00,1847432144410706,3861,8.86,0.0,0,0.0,55,6,56,2.28,0.0,37,0.0,0.0,19,1.18,0,20,260,1.16,10,3891,Nacoes Shopping,NS,Alcance | Chillibeans Vini ,REACH
2025-11-29 00:00:00,1847432144410706,0,0.0,0.0,0,0.0,0,0,0,0.0,0.0,0,0.0,0.0,0,0.0,0,0,0,0.0,0,0,Nacoes Shopping,NS,Alcance | Chillibeans Vini ,REACH
2025-11-25 00:00:00,1848504928619618,3695,32.63,0.0,776,0.0,2506,1409,1899,6.4,0.04,2285,15.23,0.0,1950,19.05,0,1880,2192,8.01,1568,5095,Nacoes Shopping,NS,TRAF - NATAL 25,TRAFFIC
2025-11-03 00:00:00,1847431181554881,3118,11.56,0.0,0,0.0,348,83,369,3.64,0.0,349,0.0,0.0,174,3.83,0,148,1443,3.64,125,3173,Nacoes Shopping,NS,Visualizações de vídeo | Natal 02 ,VIDEO_VIEWS
2025-11-15 00:00:00,1847431562326049,0,0.0,0.0,0,0.0,0,0,0,0.0,0.0,0,0.0,0.0,0,0.0,0,0,0,0.0,0,0,Nacoes Shopping,NS,Alcance | Ritmi Mana Spolini,REACH
2025-11-26 00:00:00,1847431714944034,0,0.0,0.0,0,0.0,0,0,0,0.0,0.0,0,0.0,0.0,0,0.0,0,0,0,0.0,0,0,Nacoes Shopping,NS,Alcance | Giftcard ,REACH
2025-11-06 00:00:00,1847431714944034,5690,12.99,0.0,11,0.0,81,3,79,2.26,1.18,53,0.19,0.0,22,1.29,0,24,589,1.28,6,5745,Nacoes Shopping,NS,Alcance | Giftcard ,REACH
2025-11-16 00:00:00,1847432144410706,0,0.0,0.0,0,0.0,0,0,0,0.0,0.0,0,0.0,0.0,0,0.0,0,0,0,0.0,0,0,Nacoes Shopping,NS,Alcance | Chillibeans Vini ,REACH
2025-12-01 00:00:00,1848504162177105,0,0.0,0.0,0,0.0,0,0,0,0.0,0.0,0,0.0,0.0,0,0.0,0,0,0,0.0,0,0,Nacoes Shopping,NS,ALC - NATAL 25,REACH
2025-11-11 00:00:00,1848504162177105,7958,27.19,0.0,10,0.0,88,35,87,3.39,2.72,264,0.12,0.0,108,0.94,0,38,376,0.94,55,8013,Nacoes Shopping,NS,ALC - NATAL 25,REACH
2025-11-28 00:00:00,1849887841738834,7998,32.27,0.0,14,0.0,77,12,73,4.0,2.31,89,0.17,0.0,26,1.47,0,32,390,1.0,19,8077,Nacoes Shopping,NS,ALC - NATAL 25 02,REACH
2025-11-22 00:00:00,1847431562326049,0,0.0,0.0,0,0.0,0,0,0,0.0,0.0,0,0.0,0.0,0,0.0,0,0,0,0.0,0,0,Nacoes Shopping,NS,Alcance | Ritmi Mana Spolini,REACH
2025-11-17 00:00:00,1847432144410706,0,0.0,0.0,0,0.0,0,0,0,0.0,0.0,0,0.0,0.0,0,0.0,0,0,0,0.0,0,0,Nacoes Shopping,NS,Alcance | Chillibeans Vini ,REACH
2025-11-17 00:00:00,1848504928619618,4632,41.72,0.0,1017,0.0,3025,1828,2312,6.39,0.04,2702,15.57,0.0,2277,18.1,0,2464,2686,8.63,2140,6531,Nacoes Shopping,NS,TRAF - NATAL 25,TRAFFIC
2025-11-02 00:00:00,1847431562326049,4571,8.95,0.0,0,0.0,164,3,162,1.94,0.0,55,0.0,0.0,19,1.38,0,61,421,1.36,10,4602,Nacoes Shopping,NS,Alcance | Ritmi Mana Spolini,REACH
2025-12-01 00:00:00,1849768886744178,0,0.0,0.0,0,0.0,0,0,0,0.0,0.0,0,0.0,0.0,0,0.0,0,0,0,0.0,0,0,Nacoes Shopping,NS,ALC - BLACK FRIDAY - NS,REACH
2025-11-05 00:00:00,1847429807403074,6399,21.43,0.0,0,0.0,1658,207,1845,3.31,0.0,1980,0.0,0.0,761,4.86,0,454,3522,4.7,477,6468,Nacoes Shopping,NS,Visualizações de vídeo | Natal ,VIDEO_VIEWS
2025-11-24 00:00:00,1848504162177105,7854,29.1,0.0,16,0.0,85,47,83,3.68,1.82,277,0.2,0.0,105,1.05,0,52,385,0.98,59,7915,Nacoes Shopping,NS,ALC - NATAL 25,REACH
2025-11-18 00:00:00,1847431714944034,0,0.0,0.0,0,0.0,0,0,0,0.0,0.0,0,0.0,0.0,0,0.0,0,0,0,0.0,0,0,Nacoes Shopping,NS,Alcance | Giftcard ,REACH
2025-11-02 00:00:00,1847431181554881,3047,12.04,0.0,0,0.0,330,78,365,3.93,0.0,335,0.0,0.0,173,3.64,0,140,1408,3.48,120,3063,Nacoes Shopping,NS,Visualizações de vídeo | Natal 02 ,VIDEO_VIEWS
2025-11-09 00:00:00,1847431562326049,3565,8.79,0.0,0,0.0,95,1,93,2.45,0.0,27,0.0,0.0,10,1.23,0,29,264,1.22,4,3588,Nacoes Shopping,NS,Alcance | Ritmi Mana Spolini,REACH
2025-11-30 00:00:00,1848504162177105,0,0.0,0.0,0,0.0,0,0,0,0.0,0.0,0,0.0,0.0,0,0.0,0,0,0,0.0,0,0,Nacoes Shopping,NS,ALC - NATAL 25,REACH
2025-11-24 00:00:00,1848504928619618,3423,33.22,0.0,834,0.0,2346,1327,1773,6.59,0.04,2099,16.55,0.0,1761,17.48,0,1857,2096,7.84,1525,5039,Nacoes Shopping,NS,TRAF - NATAL 25,TRAFFIC
2025-11-11 00:00:00,1848504928619618,4350,45.26,0.0,864,0.0,2836,1759,2314,5.67,0.05,2811,10.83,0.0,2327,14.91,0,2237,2826,7.7,2133,7978,Nacoes Shopping,NS,TRAF - NATAL 25,TRAFFIC
2025-12-01 00:00:00,1848504928619618,5143,29.65,0.0,946,0.0,2388,278,1802,4.16,0.03,1593,13.28,0.0,626,16.23,0,1126,2016,5.08,365,7122,Nacoes Shopping,NS,TRAF - NATAL 25,TRAFFIC
2025-11-17 00:00:00,1848504162177105,9466,35.51,0.0,20,0.0,101,46,96,3.72,1.78,365,0.21,0.0,124,1.08,0,54,498,1.0,65,9540,Nacoes Shopping,NS,ALC - NATAL 25,REACH
2025-11-05 00:00:00,1847431714944034,5762,13.28,0.0,15,0.0,57,7,52,2.28,0.89,43,0.26,0.0,20,1.19,0,25,675,1.18,9,5821,Nacoes Shopping,NS,Alcance | Giftcard ,REACH
2025-11-25 00:00:00,1847431714944034,0,0.0,0.0,0,0.0,0,0,0,0.0,0.0,0,0.0,0.0,0,0.0,0,0,0,0.0,0,0,Nacoes Shopping,NS,Alcance | Giftcard ,REACH
2025-11-10 00:00:00,1847432144410706,3493,8.48,0.0,0,0.0,48,2,51,2.41,0.0,30,0.0,0.0,14,1.15,0,18,269,1.13,8,3520,Nacoes Shopping,NS,Alcance | Chillibeans Vini ,REACH
2025-11-09 00:00:00,1847431181554881,2449,10.36,0.0,0,0.0,222,53,243,4.2,0.0,212,0.0,0.0,111,3.48,0,98,1022,3.39,82,2464,Nacoes Shopping,NS,Visualizações de vídeo | Natal 02 ,VIDEO_VIEWS
2025-11-16 00:00:00,1847431562326049,0,0.0,0.0,0,0.0,0,0,0,0.0,0.0,0,0.0,0.0,0,0.0,0,0,0,0.0,0,0,Nacoes Shopping,NS,Alcance | Ritmi Mana Spolini,REACH
2025-11-23 00:00:00,1848504162177105,9174,32.26,0.0,18,0.0,91,41,85,3.49,1.79,310,0.19,0.0,116,1.07,0,48,436,0.97,57,9241,Nacoes Shopping,NS,ALC - NATAL 25,REACH
2025-11-07 00:00:00,1847431714944034,5237,12.33,0.0,8,0.0,63,6,59,2.33,1.54,44,0.15,0.0,19,1.18,0,23,547,1.15,12,5286,Nacoes Shopping,NS,Alcance | Giftcard ,REACH
2025-11-27 00:00:00,1847431714944034,0,0.0,0.0,0,0.0,0,0,0,0.0,0.0,0,0.0,0.0,0,0.0,0,0,0,0.0,0,0,Nacoes Shopping,NS,Alcance | Giftcard ,REACH
2025-11-25 00:00:00,1849768886744178,17050,46.17,0.0,0,0.0,157,35,166,2.69,0.0,311,0.0,0.0,114,1.42,0,43,796,1.12,51,17149,Nacoes Shopping,NS,ALC - BLACK FRIDAY - NS,REACH
2025-11-29 00:00:00,1849887841738834,9500,36.8,0.0,20,0.0,101,21,93,3.85,1.84,138,0.21,0.0,56,1.45,0,48,483,1.02,28,9565,Nacoes Shopping,NS,ALC - NATAL 25 02,REACH
2025-11-09 00:00:00,1847429807403074,0,0.0,0.0,0,0.0,0,0,0,0.0,0.0,0,0.0,0.0,0,0.0,0,0,0,0.0,0,0,Nacoes Shopping,NS,Visualizações de vídeo | Natal ,VIDEO_VIEWS
2025-11-11 00:00:00,1847431181554881,839,5.31,0.0,0,0.0,85,24,99,6.23,0.0,84,0.0,0.0,50,3.8,0,44,358,3.76,39,853,Nacoes Shopping,NS,Visualizações de vídeo | Natal 02 ,VIDEO_VIEWS
2025-11-23 00:00:00,1847431562326049,0,0.0,0.0,0,0.0,0,0,0,0.0,0.0,0,0.0,0.0,0,0.0,0,0,0,0.0,0,0,Nacoes Shopping,NS,Alcance | Ritmi Mana Spolini,REACH
2025-11-03 00:00:00,1847431562326049,4337,9.45,0.0,0,0.0,159,5,158,2.16,0.0,46,0.0,0.0,25,1.46,0,48,431,1.45,10,4371,Nacoes Shopping,NS,Alcance | Ritmi Mana Spolini,REACH
2025-11-13 00:00:00,1848504928619618,5591,49.3,0.0,1213,0.0,3919,2306,3055,6.72,0.04,3590,16.53,0.0,2974,19.5,0,3074,3553,8.53,2779,7338,Nacoes Shopping,NS,TRAF - NATAL 25,TRAFFIC
2025-11-08 00:00:00,1847432144410706,4273,9.63,0.0,0,0.0,54,5,55,2.24,0.0,41,0.0,0.0,18,1.14,0,22,299,1.12,8,4298,Nacoes Shopping,NS,Alcance | Chillibeans Vini ,REACH
2025-11-14 00:00:00,1847432144410706,0,0.0,0.0,0,0.0,0,0,0,0.0,0.0,0,0.0,0.0,0,0.0,0,0,0,0.0,0,0,Nacoes Shopping,NS,Alcance | Chillibeans Vini ,REACH
2025-11-14 00:00:00,1847431714944034,0,0.0,0.0,0,0.0,0,0,0,0.0,0.0,0,0.0,0.0,0,0.0,0,0,0,0.0,0,0,Nacoes Shopping,NS,Alcance | Giftcard ,REACH
2025-11-20 00:00:00,1848504928619618,4050,38.84,0.0,852,0.0,2661,1504,2024,7.55,0.05,2479,16.55,0.0,2006,17.57,0,2050,2439,8.33,1702,5147,Nacoes Shopping,NS,TRAF - NATAL 25,TRAFFIC
2025-11-18 00:00:00,1847431181554881,0,0.0,0.0,0,0.0,0,0,0,0.0,0.0,0,0.0,0.0,0,0.0,0,0,0,0.0,0,0,Nacoes Shopping,NS,Visualizações de vídeo | Natal 02 ,VIDEO_VIEWS
2025-11-10 00:00:00,1847431562326049,3506,9.15,0.0,0,0.0,107,5,107,2.59,0.0,35,0.0,0.0,17,1.4,0,36,297,1.39,6,3539,Nacoes Shopping,NS,Alcance | Ritmi Mana Spolini,REACH
2025-11-21 00:00:00,1847431714944034,0,0.0,0.0,0,0.0,0,0,0,0.0,0.0,0,0.0,0.0,0,0.0,0,0,0,0.0,0,0,Nacoes Shopping,NS,Alcance | Giftcard ,REACH
2025-11-21 00:00:00,1847432144410706,0,0.0,0.0,0,0.0,0,0,0,0.0,0.0,0,0.0,0.0,0,0.0,0,0,0,0.0,0,0,Nacoes Shopping,NS,Alcance | Chillibeans Vini ,REACH
2025-11-16 00:00:00,1848504162177105,9884,36.08,0.0,20,0.0,112,56,109,3.63,1.8,374,0.2,0.0,139,1.11,0,61,507,1.0,85,9942,Nacoes Shopping,NS,ALC - NATAL 25,REACH
2025-11-03 00:00:00,1847429807403074,6880,23.01,0.0,0,0.0,1905,260,2105,3.32,0.0,2307,0.0,0.0,934,5.76,0,568,3997,5.48,583,6921,Nacoes Shopping,NS,Visualizações de vídeo | Natal ,VIDEO_VIEWS
2025-11-12 00:00:00,1848504928619618,4706,41.89,0.0,916,0.0,2773,1699,2120,5.91,0.05,2548,12.92,0.0,2056,14.1,0,2287,2545,7.09,1927,7092,Nacoes Shopping,NS,TRAF - NATAL 25,TRAFFIC
2025-11-10 00:00:00,1847431181554881,2592,11.47,0.0,0,0.0,259,65,267,4.34,0.0,252,0.0,0.0,144,3.53,0,118,1002,3.38,95,2644,Nacoes Shopping,NS,Visualizações de vídeo | Natal 02 ,VIDEO_VIEWS
2025-11-22 00:00:00,1847432144410706,0,0.0,0.0,0,0.0,0,0,0,0.0,0.0,0,0.0,0.0,0,0.0,0,0,0,0.0,0,0,Nacoes Shopping,NS,Alcance | Chillibeans Vini ,REACH
2025-11-17 00:00:00,1847431562326049,0,0.0,0.0,0,0.0,0,0,0,0.0,0.0,0,0.0,0.0,0,0.0,0,0,0,0.0,0,0,Nacoes Shopping,NS,Alcance | Ritmi Mana Spolini,REACH
2025-11-02 00:00:00,1847432144410706,6243,11.68,0.0,0,0.0,107,12,116,1.86,0.0,81,0.0,0.0,30,1.23,0,34,554,1.21,19,6275,Nacoes Shopping,NS,Alcance | Chillibeans Vini ,REACH
2025-11-26 00:00:00,1849768886744178,22462,62.08,0.0,0,0.0,211,31,222,2.74,0.0,282,0.0,0.0,105,1.48,0,64,1124,1.12,50,22632,Nacoes Shopping,NS,ALC - BLACK FRIDAY - NS,REACH
2025-11-10 00:00:00,1847429807403074,0,0.0,0.0,0,0.0,0,0,0,0.0,0.0,0,0.0,0.0,0,0.0,0,0,0,0.0,0,0,Nacoes Shopping,NS,Visualizações de vídeo | Natal ,VIDEO_VIEWS
2025-11-29 00:00:00,1848504162177105,0,0.0,0.0,0,0.0,0,0,0,0.0,0.0,0,0.0,0.0,0,0.0,0,0,0,0.0,0,0,Nacoes Shopping,NS,ALC - NATAL 25,REACH
2025-11-13 00:00:00,1847431714944034,0,0.0,0.0,0,0.0,0,0,0,0.0,0.0,0,0.0,0.0,0,0.0,0,0,0,0.0,0,0,Nacoes Shopping,NS,Alcance | Giftcard ,REACH
2025-11-04 00:00:00,1847431562326049,4007,9.55,0.0,0,0.0,164,0,171,2.35,0.0,50,0.0,0.0,14,1.42,0,48,450,1.4,5,4060,Nacoes Shopping,NS,Alcance | Ritmi Mana Spolini,REACH
2025-11-15 00:00:00,1848504162177105,9665,36.17,0.0,15,0.0,117,56,110,3.71,2.41,347,0.15,0.0,132,1.14,0,64,467,1.02,83,9752,Nacoes Shopping,NS,ALC - NATAL 25,REACH
2025-11-19 00:00:00,1848504928619618,3831,41.52,0.0,870,0.0,2548,1572,1884,9.17,0.05,2266,19.21,0.0,1808,17.15,0,2142,2228,8.82,1717,4530,Nacoes Shopping,NS,TRAF - NATAL 25,TRAFFIC
2025-11-26 00:00:00,1848504928619618,3588,33.02,0.0,805,0.0,1911,751,1394,6.72,0.04,1696,16.39,0.0,1207,19.14,0,1246,1771,5.67,881,4912,Nacoes Shopping,NS,TRAF - NATAL 25,TRAFFIC
2025-11-22 00:00:00,1848504162177105,8944,32.54,0.0,13,0.0,105,47,103,3.61,2.5,342,0.14,0.0,134,1.28,0,51,471,1.17,77,9006,Nacoes Shopping,NS,ALC - NATAL 25,REACH
2025-11-15 00:00:00,1847432144410706,0,0.0,0.0,0,0.0,0,0,0,0.0,0.0,0,0.0,0.0,0,0.0,0,0,0,0.0,0,0,Nacoes Shopping,NS,Alcance | Chillibeans Vini ,REACH
2025-11-20 00:00:00,1847431714944034,0,0.0,0.0,0,0.0,0,0,0,0.0,0.0,0,0.0,0.0,0,0.0,0,0,0,0.0,0,0,Nacoes Shopping,NS,Alcance | Giftcard ,REACH
2025-11-04 00:00:00,1847431181554881,3744,11.71,0.0,0,0.0,400,81,433,3.07,0.0,375,0.0,0.0,203,3.74,0,168,1627,3.6,123,3810,Nacoes Shopping,NS,Visualizações de vídeo | Natal 02 ,VIDEO_VIEWS
2025-12-01 00:00:00,1847431562326049,0,0.0,0.0,0,0.0,0,0,0,0.0,0.0,0,0.0,0.0,0,0.0,0,0,0,0.0,0,0,Nacoes Shopping,NS,Alcance | Ritmi Mana Spolini,REACH
2025-12-18 00:00:00,1848504162177105,0,0.0,0.0,0,0.0,0,0,0,0.0,0.0,0,0.0,0.0,0,0.0,0,0,0,0.0,0,0,Nacoes Shopping,NS,ALC - NATAL 25,REACH
2025-12-14 00:00:00,1849887841738834,14810,40.22,0.0,36,0.0,268,34,249,2.43,1.12,278,0.22,0.0,101,1.54,0,100,1253,1.19,56,16563,Nacoes Shopping,NS,ALC - NATAL 25 02,REACH
2025-12-07 00:00:00,1849887841738834,1617,40.07,0.0,3,0.0,39,3,31,3.05,13.36,31,0.02,0.0,9,0.2,0,19,145,1.14,5,13120,Nacoes Shopping,NS,ALC - NATAL 25 02,REACH
2025-12-10 00:00:00,1849768886744178,0,0.0,0.0,0,0.0,0,0,0,0.0,0.0,0,0.0,0.0,0,0.0,0,0,0,0.0,0,0,Nacoes Shopping,NS,ALC - BLACK FRIDAY - NS,REACH
2025-12-03 00:00:00,1847432144410706,0,0.0,0.0,0,0.0,0,0,0,0.0,0.0,0,0.0,0.0,0,0.0,0,0,0,0.0,0,0,Nacoes Shopping,NS,Alcance | Chillibeans Vini ,REACH
2025-12-27 00:00:00,1849887841738834,3835,36.41,0.0,18,0.0,103,21,86,2.31,2.02,113,0.11,0.0,41,0.48,0,50,435,1.42,27,15761,Nacoes Shopping,NS,ALC - NATAL 25 02,REACH
2025-12-21 00:00:00,1850600369247313,6145,13.48,0.0,0,0.0,249,23,252,2.18,0.0,132,0.0,0.0,60,1.68,0,89,895,1.66,42,6195,Nacoes Shopping,NS,ALC - LEGUEIROS,REACH
2025-12-08 00:00:00,1847431562326049,0,0.0,0.0,0,0.0,0,0,0,0.0,0.0,0,0.0,0.0,0,0.0,0,0,0,0.0,0,0,Nacoes Shopping,NS,Alcance | Ritmi Mana Spolini,REACH
2025-12-18 00:00:00,1848504928619618,3056,30.66,0.0,826,0.0,1862,167,1304,4.64,0.04,1215,12.49,0.0,399,8.15,0,957,1417,6.69,229,6611,Nacoes Shopping,NS,TRAF - NATAL 25,TRAFFIC
2025-12-31 00:00:00,1848504162177105,0,0.0,0.0,0,0.0,0,0,0,0.0,0.0,0,0.0,0.0,0,0.0,0,0,0,0.0,0,0,Nacoes Shopping,NS,ALC - NATAL 25,REACH
2025-12-15 00:00:00,1850600369247313,6846,14.58,0.0,0,0.0,386,26,395,2.11,0.0,199,0.0,0.0,98,1.95,0,145,1122,1.92,59,6906,Nacoes Shopping,NS,ALC - LEGUEIROS,REACH
2025-12-25 00:00:00,1848504928619618,4982,31.57,0.0,1045,0.0,2540,347,1904,3.89,0.03,1656,12.88,0.0,722,15.61,0,1320,2186,6.18,438,8111,Nacoes Shopping,NS,TRAF - NATAL 25,TRAFFIC
2025-12-05 00:00:00,1848504928619618,3706,37.77,0.0,902,0.0,2389,339,1840,5.14,0.04,1635,12.28,0.0,671,9.44,0,1204,1996,7.85,439,7348,Nacoes Shopping,NS,TRAF - NATAL 25,TRAFFIC
2025-12-03 00:00:00,1849768886744178,0,0.0,0.0,0,0.0,0,0,0,0.0,0.0,0,0.0,0.0,0,0.0,0,0,0,0.0,0,0,Nacoes Shopping,NS,ALC - BLACK FRIDAY - NS,REACH
2025-12-29 00:00:00,1847432144410706,0,0.0,0.0,0,0.0,0,0,0,0.0,0.0,0,0.0,0.0,0,0.0,0,0,0,0.0,0,0,Nacoes Shopping,NS,Alcance | Chillibeans Vini ,REACH
2025-12-23 00:00:00,1847431181554881,0,0.0,0.0,0,0.0,0,0,0,0.0,0.0,0,0.0,0.0,0,0.0,0,0,0,0.0,0,0,Nacoes Shopping,NS,Visualizações de vídeo | Natal 02 ,VIDEO_VIEWS
2025-12-15 00:00:00,1847431562326049,0,0.0,0.0,0,0.0,0,0,0,0.0,0.0,0,0.0,0.0,0,0.0,0,0,0,0.0,0,0,Nacoes Shopping,NS,Alcance | Ritmi Mana Spolini,REACH
2025-12-20 00:00:00,1849887841738834,2446,36.63,0.0,4,0.0,59,6,55,2.9,9.16,48,0.03,0.0,17,0.36,0,25,225,1.31,13,12651,Nacoes Shopping,NS,ALC - NATAL 25 02,REACH
2025-12-28 00:00:00,1850600369247313,5716,9.24,0.0,0,0.0,221,16,219,1.6,0.0,95,0.0,0.0,39,1.6,0,72,818,1.56,27,5769,Nacoes Shopping,NS,ALC - LEGUEIROS,REACH
2025-12-08 00:00:00,1850600369247313,6660,16.83,0.0,0,0.0,497,42,502,2.5,0.0,284,0.0,0.0,132,2.39,0,203,1338,2.35,88,6726,Nacoes Shopping,NS,ALC - LEGUEIROS,REACH
2025-12-11 00:00:00,1848504162177105,0,0.0,0.0,0,0.0,0,0,0,0.0,0.0,0,0.0,0.0,0,0.0,0,0,0,0.0,0,0,Nacoes Shopping,NS,ALC - NATAL 25,REACH
2025-12-08 00:00:00,1849887841738834,7504,41.95,0.0,30,0.0,150,18,133,2.79,1.4,169,0.2,0.0,56,0.85,0,53,630,1.16,35,15027,Nacoes Shopping,NS,ALC - NATAL 25 02,REACH
2025-12-22 00:00:00,1850600369247313,5822,12.48,0.0,0,0.0,303,26,305,2.13,0.0,175,0.0,0.0,89,1.87,0,124,929,1.83,53,5864,Nacoes Shopping,NS,ALC - LEGUEIROS,REACH
2025-12-17 00:00:00,1848504928619618,3573,31.67,0.0,832,0.0,2124,223,1638,3.67,0.04,1356,9.64,0.0,571,10.4,0,1062,1829,7.11,326,8635,Nacoes Shopping,NS,TRAF - NATAL 25,TRAFFIC
2025-12-24 00:00:00,1848504928619618,4284,30.34,0.0,859,0.0,2880,387,2311,3.1,0.04,2067,8.76,0.0,853,11.78,0,1316,2619,8.23,489,9801,Nacoes Shopping,NS,TRAF - NATAL 25,TRAFFIC
2025-12-04 00:00:00,1848504928619618,4506,42.63,0.0,1022,0.0,2668,405,2053,4.59,0.04,1878,10.99,0.0,740,9.96,0,1316,2258,7.22,513,9297,Nacoes Shopping,NS,TRAF - NATAL 25,TRAFFIC
2025-12-11 00:00:00,1849768886744178,0,0.0,0.0,0,0.0,0,0,0,0.0,0.0,0,0.0,0.0,0,0.0,0,0,0,0.0,0,0,Nacoes Shopping,NS,ALC - BLACK FRIDAY - NS,REACH
2025-12-28 00:00:00,1849887841738834,5196,35.68,0.0,20,0.0,145,12,128,2.32,1.78,120,0.13,0.0,46,0.66,0,65,521,1.42,29,15360,Nacoes Shopping,NS,ALC - NATAL 25 02,REACH
2025-12-18 00:00:00,1847431714944034,0,0.0,0.0,0,0.0,0,0,0,0.0,0.0,0,0.0,0.0,0,0.0,0,0,0,0.0,0,0,Nacoes Shopping,NS,Alcance | Giftcard ,REACH
2025-12-21 00:00:00,1849887841738834,2433,37.12,0.0,8,0.0,65,7,56,2.69,4.64,56,0.06,0.0,18,0.32,0,28,272,1.3,11,13809,Nacoes Shopping,NS,ALC - NATAL 25 02,REACH
2025-12-17 00:00:00,1849768886744178,0,0.0,0.0,0,0.0,0,0,0,0.0,0.0,0,0.0,0.0,0,0.0,0,0,0,0.0,0,0,Nacoes Shopping,NS,ALC - BLACK FRIDAY - NS,REACH
2025-12-10 00:00:00,1848504162177105,0,0.0,0.0,0,0.0,0,0,0,0.0,0.0,0,0.0,0.0,0,0.0,0,0,0,0.0,0,0,Nacoes Shopping,NS,ALC - NATAL 25,REACH
2025-12-09 00:00:00,1850600369247313,6765,16.08,0.0,0,0.0,581,33,584,2.35,0.0,336,0.0,0.0,154,2.4,0,238,1497,2.36,93,6852,Nacoes Shopping,NS,ALC - LEGUEIROS,REACH
2025-12-30 00:00:00,1848504162177105,0,0.0,0.0,0,0.0,0,0,0,0.0,0.0,0,0.0,0.0,0,0.0,0,0,0,0.0,0,0,Nacoes Shopping,NS,ALC - NATAL 25,REACH
2025-12-29 00:00:00,1850600369247313,5113,8.24,0.0,0,0.0,230,15,230,1.59,0.0,127,0.0,0.0,56,1.75,0,92,759,1.73,33,5171,Nacoes Shopping,NS,ALC - LEGUEIROS,REACH
2025-12-24 00:00:00,1849768886744178,0,0.0,0.0,0,0.0,0,0,0,0.0,0.0,0,0.0,0.0,0,0.0,0,0,0,0.0,0,0,Nacoes Shopping,NS,ALC - BLACK FRIDAY - NS,REACH
2025-12-11 00:00:00,1848504928619618,2709,36.93,0.0,725,0.0,1731,246,1258,5.98,0.05,1174,11.74,0.0,514,8.05,0,952,1365,7.66,313,6175,Nacoes Shopping,NS,TRAF - NATAL 25,TRAFFIC
2025-12-05 00:00:00,1847431714944034,0,0.0,0.0,0,0.0,0,0,0,0.0,0.0,0,0.0,0.0,0,0.0,0,0,0,0.0,0,0,Nacoes Shopping,NS,Alcance | Giftcard ,REACH
2025-12-31 00:00:00,1848504928619618,3748,21.63,0.0,1087,0.0,1978,174,1291,2.99,0.02,1232,15.04,0.0,451,14.66,0,1116,1501,5.62,258,7226,Nacoes Shopping,NS,TRAF - NATAL 25,TRAFFIC
2025-12-04 00:00:00,1849768886744178,0,0.0,0.0,0,0.0,0,0,0,0.0,0.0,0,0.0,0.0,0,0.0,0,0,0,0.0,0,0,Nacoes Shopping,NS,ALC - BLACK FRIDAY - NS,REACH
2025-12-03 00:00:00,1848504162177105,0,0.0,0.0,0,0.0,0,0,0,0.0,0.0,0,0.0,0.0,0,0.0,0,0,0,0.0,0,0,Nacoes Shopping,NS,ALC - NATAL 25,REACH
2025-12-29 00:00:00,1849887841738834,4263,35.41,0.0,8,0.0,100,8,96,2.24,4.43,82,0.05,0.0,25,0.49,0,38,438,1.32,14,15837,Nacoes Shopping,NS,ALC - NATAL 25 02,REACH
2025-12-09 00:00:00,1849887841738834,13329,40.28,0.0,24,0.0,257,34,248,2.48,1.68,305,0.15,0.0,106,1.48,0,97,1127,1.25,63,16266,Nacoes Shopping,NS,ALC - NATAL 25 02,REACH
2025-12-07 00:00:00,1847431714944034,0,0.0,0.0,0,0.0,0,0,0,0.0,0.0,0,0.0,0.0,0,0.0,0,0,0,0.0,0,0,Nacoes Shopping,NS,Alcance | Giftcard ,REACH
2025-12-02 00:00:00,1849887841738834,13437,41.3,0.0,33,0.0,168,43,158,3.01,1.25,349,0.24,0.0,142,1.21,0,67,708,1.04,68,13708,Nacoes Shopping,NS,ALC - NATAL 25 02,REACH
2025-12-25 00:00:00,1849768886744178,0,0.0,0.0,0,0.0,0,0,0,0.0,0.0,0,0.0,0.0,0,0.0,0,0,0,0.0,0,0,Nacoes Shopping,NS,ALC - BLACK FRIDAY - NS,REACH
2025-12-22 00:00:00,1849887841738834,2681,36.96,0.0,6,0.0,59,4,52,2.67,6.16,52,0.04,0.0,19,0.33,0,26,226,1.22,10,13838,Nacoes Shopping,NS,ALC - NATAL 25 02,REACH
2025-12-08 00:00:00,1847432144410706,0,0.0,0.0,0,0.0,0,0,0,0.0,0.0,0,0.0,0.0,0,0.0,0,0,0,0.0,0,0,Nacoes Shopping,NS,Alcance | Chillibeans Vini ,REACH
2025-12-16 00:00:00,1850600369247313,5958,13.01,0.0,0,0.0,341,22,344,2.16,0.0,193,0.0,0.0,87,1.98,0,137,1011,1.95,58,6022,Nacoes Shopping,NS,ALC - LEGUEIROS,REACH
2025-12-23 00:00:00,1847431562326049,0,0.0,0.0,0,0.0,0,0,0,0.0,0.0,0,0.0,0.0,0,0.0,0,0,0,0.0,0,0,Nacoes Shopping,NS,Alcance | Ritmi Mana Spolini,REACH
2025-12-03 00:00:00,1847431562326049,0,0.0,0.0,0,0.0,0,0,0,0.0,0.0,0,0.0,0.0,0,0.0,0,0,0,0.0,0,0,Nacoes Shopping,NS,Alcance | Ritmi Mana Spolini,REACH
2025-12-13 00:00:00,1848504928619618,3952,36.31,0.0,902,0.0,2174,301,1557,5.01,0.04,1397,12.46,0.0,597,10.8,0,1213,1713,6.66,379,7241,Nacoes Shopping,NS,TRAF - NATAL 25,TRAFFIC
2025-12-30 00:00:00,1850600369247313,1423,2.48,0.0,0,0.0,65,1,66,1.72,0.0,30,0.0,0.0,10,1.65,0,22,205,1.64,2,1442,Nacoes Shopping,NS,ALC - LEGUEIROS,REACH
2025-12-10 00:00:00,1850600369247313,6325,15.6,0.0,0,0.0,530,40,526,2.43,0.0,313,0.0,0.0,144,2.43,0,229,1380,2.38,87,6417,Nacoes Shopping,NS,ALC - LEGUEIROS,REACH
2025-12-18 00:00:00,1849768886744178,0,0.0,0.0,0,0.0,0,0,0,0.0,0.0,0,0.0,0.0,0,0.0,0,0,0,0.0,0,0,Nacoes Shopping,NS,ALC - BLACK FRIDAY - NS,REACH
2025-12-20 00:00:00,1848504928619618,3783,32.62,0.0,854,0.0,2449,239,1824,4.73,0.04,1712,12.39,0.0,581,14.12,0,1196,1953,7.6,314,6894,Nacoes Shopping,NS,TRAF - NATAL 25,TRAFFIC
2025-12-10 00:00:00,1847431562326049,0,0.0,0.0,0,0.0,0,0,0,0.0,0.0,0,0.0,0.0,0,0.0,0,0,0,0.0,0,0,Nacoes Shopping,NS,Alcance | Ritmi Mana Spolini,REACH
2025-12-15 00:00:00,1849887841738834,14842,39.76,0.0,44,0.0,251,28,239,2.4,0.9,282,0.27,0.0,98,1.64,0,104,1231,1.28,53,16599,Nacoes Shopping,NS,ALC - NATAL 25 02,REACH
2025-12-23 00:00:00,1850600369247313,5734,12.54,0.0,0,0.0,288,22,287,2.17,0.0,151,0.0,0.0,67,1.86,0,104,895,1.82,45,5791,Nacoes Shopping,NS,ALC - LEGUEIROS,REACH
2025-12-03 00:00:00,1849887841738834,16599,42.08,0.0,31,0.0,204,83,195,2.48,1.36,524,0.18,0.0,213,1.05,0,103,767,1.0,129,16939,Nacoes Shopping,NS,ALC - NATAL 25 02,REACH
2025-12-17 00:00:00,1850600369247313,5456,13.45,0.0,0,0.0,332,28,338,2.44,0.0,168,0.0,0.0,81,2.17,0,126,949,2.11,57,5514,Nacoes Shopping,NS,ALC - LEGUEIROS,REACH
2025-12-12 00:00:00,1848504928619618,4812,44.89,0.0,1224,0.0,2049,313,1358,6.14,0.04,1267,16.74,0.0,595,13.03,0,1234,1555,4.95,384,7310,Nacoes Shopping,NS,TRAF - NATAL 25,TRAFFIC
2025-12-02 00:00:00,1847432144410706,0,0.0,0.0,0,0.0,0,0,0,0.0,0.0,0,0.0,0.0,0,0.0,0,0,0,0.0,0,0,Nacoes Shopping,NS,Alcance | Chillibeans Vini ,REACH
2025-12-06 00:00:00,1849768886744178,0,0.0,0.0,0,0.0,0,0,0,0.0,0.0,0,0.0,0.0,0,0.0,0,0,0,0.0,0,0,Nacoes Shopping,NS,ALC - BLACK FRIDAY - NS,REACH
2025-12-19 00:00:00,1848504928619618,3789,32.71,0.0,972,0.0,2311,189,1677,4.11,0.03,1550,12.21,0.0,552,10.17,0,1177,1784,6.79,280,7958,Nacoes Shopping,NS,TRAF - NATAL 25,TRAFFIC
2025-12-09 00:00:00,1848504162177105,0,0.0,0.0,0,0.0,0,0,0,0.0,0.0,0,0.0,0.0,0,0.0,0,0,0,0.0,0,0,Nacoes Shopping,NS,ALC - NATAL 25,REACH
2025-12-26 00:00:00,1849768886744178,0,0.0,0.0,0,0.0,0,0,0,0.0,0.0,0,0.0,0.0,0,0.0,0,0,0,0.0,0,0,Nacoes Shopping,NS,ALC - BLACK FRIDAY - NS,REACH
2025-12-23 00:00:00,1849887841738834,1664,37.33,0.0,5,0.0,43,6,33,2.62,7.47,32,0.04,0.0,16,0.21,0,28,155,1.3,8,14250,Nacoes Shopping,NS,ALC - NATAL 25 02,REACH
2025-12-04 00:00:00,1847431562326049,0,0.0,0.0,0,0.0,0,0,0,0.0,0.0,0,0.0,0.0,0,0.0,0,0,0,0.0,0,0,Nacoes Shopping,NS,Alcance | Ritmi Mana Spolini,REACH
2025-12-16 00:00:00,1849887841738834,8619,36.58,0.0,25,0.0,155,22,149,2.6,1.46,162,0.18,0.0,63,0.98,0,54,725,1.18,30,14066,Nacoes Shopping,NS,ALC - NATAL 25 02,REACH
2025-12-15 00:00:00,1847432144410706,0,0.0,0.0,0,0.0,0,0,0,0.0,0.0,0,0.0,0.0,0,0.0,0,0,0,0.0,0,0,Nacoes Shopping,NS,Alcance | Chillibeans Vini ,REACH
2025-12-12 00:00:00,1849768886744178,0,0.0,0.0,0,0.0,0,0,0,0.0,0.0,0,0.0,0.0,0,0.0,0,0,0,0.0,0,0,Nacoes Shopping,NS,ALC - BLACK FRIDAY - NS,REACH
2025-12-15 00:00:00,1848504162177105,0,0.0,0.0,0,0.0,0,0,0,0.0,0.0,0,0.0,0.0,0,0.0,0,0,0,0.0,0,0,Nacoes Shopping,NS,ALC - NATAL 25,REACH
2025-12-24 00:00:00,1850600369247313,5497,11.78,0.0,0,0.0,331,20,329,2.13,0.0,193,0.0,0.0,90,2.02,0,145,1037,2.0,50,5535,Nacoes Shopping,NS,ALC - LEGUEIROS,REACH
2025-12-04 00:00:00,1850600369247313,4418,8.45,0.0,0,0.0,406,28,408,1.9,0.0,244,0.0,0.0,105,2.33,0,169,904,2.34,65,4457,Nacoes Shopping,NS,ALC - LEGUEIROS,REACH
2025-12-02 00:00:00,1848504162177105,0,0.0,0.0,0,0.0,0,0,0,0.0,0.0,0,0.0,0.0,0,0.0,0,0,0,0.0,0,0,Nacoes Shopping,NS,ALC - NATAL 25,REACH
2025-12-19 00:00:00,1849768886744178,0,0.0,0.0,0,0.0,0,0,0,0.0,0.0,0,0.0,0.0,0,0.0,0,0,0,0.0,0,0,Nacoes Shopping,NS,ALC - BLACK FRIDAY - NS,REACH
2025-12-06 00:00:00,1848504928619618,3349,41.71,0.0,1016,0.0,2273,381,1680,5.86,0.04,1535,14.28,0.0,694,9.23,0,1205,1854,7.99,488,7114,Nacoes Shopping,NS,TRAF - NATAL 25,TRAFFIC
2025-12-26 00:00:00,1848504928619618,3760,29.28,0.0,991,0.0,2458,362,1751,3.34,0.03,1643,11.31,0.0,705,10.86,0,1378,2009,7.97,452,8762,Nacoes Shopping,NS,TRAF - NATAL 25,TRAFFIC
2025-12-11 00:00:00,1847431562326049,0,0.0,0.0,0,0.0,0,0,0,0.0,0.0,0,0.0,0.0,0,0.0,0,0,0,0.0,0,0,Nacoes Shopping,NS,Alcance | Ritmi Mana Spolini,REACH
2025-12-08 00:00:00,1848504162177105,0,0.0,0.0,0,0.0,0,0,0,0.0,0.0,0,0.0,0.0,0,0.0,0,0,0,0.0,0,0,Nacoes Shopping,NS,ALC - NATAL 25,REACH
2025-12-24 00:00:00,1849887841738834,2513,37.83,0.0,7,0.0,86,13,71,2.5,5.4,70,0.05,0.0,30,0.33,0,41,293,1.43,17,15104,Nacoes Shopping,NS,ALC - NATAL 25 02,REACH
2025-12-02 00:00:00,1847431714944034,0,0.0,0.0,0,0.0,0,0,0,0.0,0.0,0,0.0,0.0,0,0.0,0,0,0,0.0,0,0,Nacoes Shopping,NS,Alcance | Giftcard ,REACH
2025-12-20 00:00:00,1849768886744178,0,0.0,0.0,0,0.0,0,0,0,0.0,0.0,0,0.0,0.0,0,0.0,0,0,0,0.0,0,0,Nacoes Shopping,NS,ALC - BLACK FRIDAY - NS,REACH
2025-12-17 00:00:00,1849887841738834,1854,38.36,0.0,7,0.0,39,4,33,2.74,5.48,31,0.05,0.0,11,0.22,0,16,177,1.21,8,13991,Nacoes Shopping,NS,ALC - NATAL 25 02,REACH
2025-12-11 00:00:00,1850600369247313,6684,16.4,0.0,0,0.0,373,22,375,2.43,0.0,220,0.0,0.0,105,2.38,0,155,1127,2.3,56,6752,Nacoes Shopping,NS,ALC - LEGUEIROS,REACH
2025-12-31 00:00:00,1850600369247313,0,0.0,0.0,0,0.0,0,0,0,0.0,0.0,0,0.0,0.0,0,0.0,0,0,0,0.0,0,0,Nacoes Shopping,NS,ALC - LEGUEIROS,REACH
2025-12-04 00:00:00,1849887841738834,8299,40.06,0.0,15,0.0,115,27,106,2.59,2.67,231,0.1,0.0,73,0.76,0,55,517,1.05,44,15454,Nacoes Shopping,NS,ALC - NATAL 25 02,REACH
2025-12-08 00:00:00,1848504928619618,4655,40.66,0.0,1027,0.0,3355,473,2649,5.32,0.04,2413,13.45,0.0,943,15.02,0,1627,2809,8.82,603,7636,Nacoes Shopping,NS,TRAF - NATAL 25,TRAFFIC
2025-12-28 00:00:00,1848504928619618,4879,38.17,0.0,1507,0.0,3490,497,2509,3.48,0.03,2362,13.74,0.0,956,16.19,0,1908,2930,8.58,609,10969,Nacoes Shopping,NS,TRAF - NATAL 25,TRAFFIC
2025-12-17 00:00:00,1811358948673554,0,0.0,0.0,0,0.0,0,0,0,0.0,0.0,0,0.0,0.0,0,0.0,0,0,0,0.0,0,0,Nacoes Shopping,NS,Tráfego - App instal - NS,TRAFFIC
2025-12-21 00:00:00,1848504162177105,0,0.0,0.0,0,0.0,0,0,0,0.0,0.0,0,0.0,0.0,0,0.0,0,0,0,0.0,0,0,Nacoes Shopping,NS,ALC - NATAL 25,REACH
2025-12-25 00:00:00,1850600369247313,6443,11.58,0.0,0,0.0,233,17,230,1.78,0.0,127,0.0,0.0,49,1.58,0,90,913,1.57,27,6509,Nacoes Shopping,NS,ALC - LEGUEIROS,REACH
2025-12-13 00:00:00,1849768886744178,0,0.0,0.0,0,0.0,0,0,0,0.0,0.0,0,0.0,0.0,0,0.0,0,0,0,0.0,0,0,Nacoes Shopping,NS,ALC - BLACK FRIDAY - NS,REACH
2025-12-15 00:00:00,1848504928619618,2955,33.72,0.0,920,0.0,1860,183,1288,4.88,0.04,1203,13.3,0.0,418,7.17,0,974,1353,6.78,244,6916,Nacoes Shopping,NS,TRAF - NATAL 25,TRAFFIC
2025-12-29 00:00:00,1847431714944034,0,0.0,0.0,0,0.0,0,0,0,0.0,0.0,0,0.0,0.0,0,0.0,0,0,0,0.0,0,0,Nacoes Shopping,NS,Alcance | Giftcard ,REACH
2025-12-05 00:00:00,1847431562326049,0,0.0,0.0,0,0.0,0,0,0,0.0,0.0,0,0.0,0.0,0,0.0,0,0,0,0.0,0,0,Nacoes Shopping,NS,Alcance | Ritmi Mana Spolini,REACH
2025-12-30 00:00:00,1849887841738834,3023,35.29,0.0,14,0.0,107,14,89,2.18,2.52,76,0.09,0.0,31,0.38,0,54,340,1.45,24,16194,Nacoes Shopping,NS,ALC - NATAL 25 02,REACH
2025-12-10 00:00:00,1849887841738834,15124,43.46,0.0,36,0.0,273,29,260,2.46,1.21,281,0.2,0.0,91,1.46,0,107,1222,1.23,53,17632,Nacoes Shopping,NS,ALC - NATAL 25 02,REACH
2025-12-18 00:00:00,1850600369247313,5762,13.91,0.0,0,0.0,221,7,224,2.4,0.0,121,0.0,0.0,55,1.58,0,89,799,1.55,28,5807,Nacoes Shopping,NS,ALC - LEGUEIROS,REACH
2025-12-12 00:00:00,1850600369247313,6257,15.2,0.0,0,0.0,277,12,282,2.41,0.0,151,0.0,0.0,73,1.68,0,102,920,1.62,45,6311,Nacoes Shopping,NS,ALC - LEGUEIROS,REACH
2025-12-27 00:00:00,1848504928619618,4918,39.19,0.0,1413,0.0,3789,513,2859,3.28,0.03,2635,11.82,0.0,1056,15.01,0,1964,3241,9.56,648,11955,Nacoes Shopping,NS,TRAF - NATAL 25,TRAFFIC
2025-12-07 00:00:00,1848504928619618,3202,37.65,0.0,845,0.0,2229,282,1709,5.68,0.04,1631,12.75,0.0,656,9.16,0,1118,1875,8.42,399,6626,Nacoes Shopping,NS,TRAF - NATAL 25,TRAFFIC
2025-12-07 00:00:00,1847432144410706,0,0.0,0.0,0,0.0,0,0,0,0.0,0.0,0,0.0,0.0,0,0.0,0,0,0,0.0,0,0,Nacoes Shopping,NS,Alcance | Chillibeans Vini ,REACH
2025-12-08 00:00:00,1847431714944034,0,0.0,0.0,0,0.0,0,0,0,0.0,0.0,0,0.0,0.0,0,0.0,0,0,0,0.0,0,0,Nacoes Shopping,NS,Alcance | Giftcard ,REACH
2025-12-14 00:00:00,1848504928619618,4416,37.46,0.0,1106,0.0,2619,283,1879,5.33,0.03,1735,15.75,0.0,651,14.71,0,1376,2051,6.76,375,7024,Nacoes Shopping,NS,TRAF - NATAL 25,TRAFFIC
2025-12-14 00:00:00,1848504162177105,0,0.0,0.0,0,0.0,0,0,0,0.0,0.0,0,0.0,0.0,0,0.0,0,0,0,0.0,0,0,Nacoes Shopping,NS,ALC - NATAL 25,REACH
2025-12-05 00:00:00,1850600369247313,6622,15.03,0.0,0,0.0,430,31,430,2.25,0.0,233,0.0,0.0,107,2.06,0,163,1190,1.98,68,6668,Nacoes Shopping,NS,ALC - LEGUEIROS,REACH
2025-12-18 00:00:00,1849887841738834,2402,35.57,0.0,12,0.0,45,2,39,2.82,2.96,41,0.1,0.0,9,0.31,0,16,209,1.19,6,12592,Nacoes Shopping,NS,ALC - NATAL 25 02,REACH
2025-12-31 00:00:00,1849887841738834,2315,28.63,0.0,7,0.0,71,7,61,1.98,4.09,54,0.05,0.0,19,0.37,0,39,258,1.68,11,14428,Nacoes Shopping,NS,ALC - NATAL 25 02,REACH
2025-12-11 00:00:00,1849887841738834,13851,41.16,0.0,42,0.0,243,31,235,2.59,0.98,271,0.26,0.0,91,1.52,0,83,1201,1.24,47,15888,Nacoes Shopping,NS,ALC - NATAL 25 02,REACH
2025-12-07 00:00:00,1849768886744178,0,0.0,0.0,0,0.0,0,0,0,0.0,0.0,0,0.0,0.0,0,0.0,0,0,0,0.0,0,0,Nacoes Shopping,NS,ALC - BLACK FRIDAY - NS,REACH
2025-12-15 00:00:00,1847431714944034,0,0.0,0.0,0,0.0,0,0,0,0.0,0.0,0,0.0,0.0,0,0.0,0,0,0,0.0,0,0,Nacoes Shopping,NS,Alcance | Giftcard ,REACH
2025-12-20 00:00:00,1848504162177105,0,0.0,0.0,0,0.0,0,0,0,0.0,0.0,0,0.0,0.0,0,0.0,0,0,0,0.0,0,0,Nacoes Shopping,NS,ALC - NATAL 25,REACH
2025-12-19 00:00:00,1850600369247313,5360,13.27,0.0,0,0.0,194,9,194,2.45,0.0,100,0.0,0.0,37,1.56,0,64,729,1.52,21,5406,Nacoes Shopping,NS,ALC - LEGUEIROS,REACH
2025-12-07 00:00:00,1848504162177105,0,0.0,0.0,0,0.0,0,0,0,0.0,0.0,0,0.0,0.0,0,0.0,0,0,0,0.0,0,0,Nacoes Shopping,NS,ALC - NATAL 25,REACH
2025-12-14 00:00:00,1849768886744178,0,0.0,0.0,0,0.0,0,0,0,0.0,0.0,0,0.0,0.0,0,0.0,0,0,0,0.0,0,0,Nacoes Shopping,NS,ALC - BLACK FRIDAY - NS,REACH
2025-12-21 00:00:00,1848504928619618,3657,31.97,0.0,791,0.0,2261,224,1776,4.0,0.04,1604,9.9,0.0,569,9.91,0,1029,1964,7.39,311,7987,Nacoes Shopping,NS,TRAF - NATAL 25,TRAFFIC
2025-12-13 00:00:00,1848504162177105,0,0.0,0.0,0,0.0,0,0,0,0.0,0.0,0,0.0,0.0,0,0.0,0,0,0,0.0,0,0,Nacoes Shopping,NS,ALC - NATAL 25,REACH
2025-12-19 00:00:00,1849887841738834,2409,37.05,0.0,24,0.0,74,6,65,3.0,1.54,48,0.19,0.0,13,0.36,0,31,248,1.31,8,12367,Nacoes Shopping,NS,ALC - NATAL 25 02,REACH
2025-12-15 00:00:00,1849768886744178,0,0.0,0.0,0,0.0,0,0,0,0.0,0.0,0,0.0,0.0,0,0.0,0,0,0,0.0,0,0,Nacoes Shopping,NS,ALC - BLACK FRIDAY - NS,REACH
2025-12-06 00:00:00,1850600369247313,6075,15.76,0.0,0,0.0,508,30,510,2.57,0.0,271,0.0,0.0,118,2.32,0,192,1251,2.26,71,6124,Nacoes Shopping,NS,ALC - LEGUEIROS,REACH
2025-12-12 00:00:00,1849887841738834,13356,41.64,0.0,34,0.0,215,24,197,2.71,1.22,246,0.22,0.0,80,1.44,0,78,1088,1.16,43,15393,Nacoes Shopping,NS,ALC - NATAL 25 02,REACH
2025-12-26 00:00:00,1850600369247313,6031,10.24,0.0,0,0.0,208,8,211,1.68,0.0,109,0.0,0.0,48,1.5,0,73,790,1.48,29,6103,Nacoes Shopping,NS,ALC - LEGUEIROS,REACH
2025-12-03 00:00:00,1848504928619618,4665,34.21,0.0,993,0.0,2177,299,1587,4.97,0.03,1384,14.43,0.0,574,15.73,0,1156,1707,5.53,385,6881,Nacoes Shopping,NS,TRAF - NATAL 25,TRAFFIC
2025-12-18 00:00:00,1847432144410706,0,0.0,0.0,0,0.0,0,0,0,0.0,0.0,0,0.0,0.0,0,0.0,0,0,0,0.0,0,0,Nacoes Shopping,NS,Alcance | Chillibeans Vini ,REACH
2025-12-23 00:00:00,1848504928619618,2858,32.01,0.0,774,0.0,1985,241,1464,5.49,0.04,1358,13.27,0.0,553,11.75,0,1064,1631,8.39,333,5834,Nacoes Shopping,NS,TRAF - NATAL 25,TRAFFIC
2025-12-20 00:00:00,1850600369247313,5519,13.39,0.0,0,0.0,211,13,211,2.41,0.0,115,0.0,0.0,49,1.62,0,72,766,1.6,29,5559,Nacoes Shopping,NS,ALC - LEGUEIROS,REACH
2025-12-10 00:00:00,1848504928619618,2657,34.39,0.0,708,0.0,1909,260,1433,5.24,0.05,1349,10.78,0.0,545,7.9,0,982,1523,8.66,337,6566,Nacoes Shopping,NS,TRAF - NATAL 25,TRAFFIC
2025-12-04 00:00:00,1847431714944034,0,0.0,0.0,0,0.0,0,0,0,0.0,0.0,0,0.0,0.0,0,0.0,0,0,0,0.0,0,0,Nacoes Shopping,NS,Alcance | Giftcard ,REACH
2025-12-05 00:00:00,1849887841738834,1648,38.64,0.0,3,0.0,37,4,31,2.8,12.88,33,0.02,0.0,14,0.21,0,18,142,1.24,9,13792,Nacoes Shopping,NS,ALC - NATAL 25 02,REACH
2025-12-30 00:00:00,1848504928619618,5182,35.86,0.0,1620,0.0,3291,303,2223,3.04,0.02,2078,13.75,0.0,738,14.59,0,1800,2669,7.04,399,11785,Nacoes Shopping,NS,TRAF - NATAL 25,TRAFFIC
2025-12-08 00:00:00,1849768886744178,0,0.0,0.0,0,0.0,0,0,0,0.0,0.0,0,0.0,0.0,0,0.0,0,0,0,0.0,0,0,Nacoes Shopping,NS,ALC - BLACK FRIDAY - NS,REACH
2025-12-25 00:00:00,1849887841738834,2701,35.84,0.0,17,0.0,73,6,68,2.24,2.11,62,0.11,0.0,27,0.31,0,33,268,1.31,13,15980,Nacoes Shopping,NS,ALC - NATAL 25 02,REACH
2025-12-13 00:00:00,1850600369247313,6747,15.41,0.0,0,0.0,329,20,330,2.26,0.0,178,0.0,0.0,77,1.8,0,116,1073,1.75,48,6806,Nacoes Shopping,NS,ALC - LEGUEIROS,REACH
2025-12-07 00:00:00,1850600369247313,6519,16.61,0.0,0,0.0,519,30,522,2.53,0.0,316,0.0,0.0,141,2.28,0,226,1415,2.22,84,6569,Nacoes Shopping,NS,ALC - LEGUEIROS,REACH
2025-12-27 00:00:00,1850600369247313,5815,9.92,0.0,0,0.0,239,15,237,1.69,0.0,130,0.0,0.0,56,1.64,0,97,811,1.58,28,5857,Nacoes Shopping,NS,ALC - LEGUEIROS,REACH
2025-12-22 00:00:00,1848504928619618,4277,32.3,0.0,970,0.0,2578,380,1903,4.47,0.03,1730,13.43,0.0,744,13.97,0,1361,2158,7.14,481,7224,Nacoes Shopping,NS,TRAF - NATAL 25,TRAFFIC
2025-12-07 00:00:00,1847431562326049,0,0.0,0.0,0,0.0,0,0,0,0.0,0.0,0,0.0,0.0,0,0.0,0,0,0,0.0,0,0,Nacoes Shopping,NS,Alcance | Ritmi Mana Spolini,REACH
2025-12-02 00:00:00,1848504928619618,3891,31.45,0.0,1007,0.0,2200,394,1588,5.24,0.03,1499,16.76,0.0,747,19.33,0,1275,1683,6.63,514,6007,Nacoes Shopping,NS,TRAF - NATAL 25,TRAFFIC
2025-12-03 00:00:00,1847431714944034,0,0.0,0.0,0,0.0,0,0,0,0.0,0.0,0,0.0,0.0,0,0.0,0,0,0,0.0,0,0,Nacoes Shopping,NS,Alcance | Giftcard ,REACH
2025-12-29 00:00:00,1848504928619618,5541,35.72,0.0,1571,0.0,3127,407,2175,2.84,0.02,2047,12.5,0.0,869,14.73,0,1787,2576,6.79,556,12568,Nacoes Shopping,NS,TRAF - NATAL 25,TRAFFIC
2025-12-09 00:00:00,1848504928619618,4680,37.82,0.0,1003,0.0,2615,354,2029,5.01,0.04,1765,13.28,0.0,765,12.88,0,1280,2287,6.82,483,7554,Nacoes Shopping,NS,TRAF - NATAL 25,TRAFFIC
2025-12-19 00:00:00,1848504162177105,0,0.0,0.0,0,0.0,0,0,0,0.0,0.0,0,0.0,0.0,0,0.0,0,0,0,0.0,0,0,Nacoes Shopping,NS,ALC - NATAL 25,REACH
2025-12-13 00:00:00,1849887841738834,14109,40.82,0.0,35,0.0,267,29,256,2.56,1.17,306,0.22,0.0,111,1.57,0,99,1141,1.21,55,15932,Nacoes Shopping,NS,ALC - NATAL 25 02,REACH
2025-12-26 00:00:00,1849887841738834,3436,35.3,0.0,17,0.0,92,6,81,2.23,2.08,87,0.11,0.0,28,0.38,0,33,352,1.27,19,15865,Nacoes Shopping,NS,ALC - NATAL 25 02,REACH
2025-12-02 00:00:00,1849768886744178,0,0.0,0.0,0,0.0,0,0,0,0.0,0.0,0,0.0,0.0,0,0.0,0,0,0,0.0,0,0,Nacoes Shopping,NS,ALC - BLACK FRIDAY - NS,REACH
2025-12-14 00:00:00,1850600369247313,6940,14.89,0.0,0,0.0,358,26,359,2.13,0.0,203,0.0,0.0,98,2.05,0,145,1095,1.98,66,6996,Nacoes Shopping,NS,ALC - LEGUEIROS,REACH
2025-12-05 00:00:00,1848504162177105,0,0.0,0.0,0,0.0,0,0,0,0.0,0.0,0,0.0,0.0,0,0.0,0,0,0,0.0,0,0,Nacoes Shopping,NS,ALC - NATAL 25,REACH
2025-12-29 00:00:00,1849768886744178,0,0.0,0.0,0,0.0,0,0,0,0.0,0.0,0,0.0,0.0,0,0.0,0,0,0,0.0,0,0,Nacoes Shopping,NS,ALC - BLACK FRIDAY - NS,REACH
2025-12-09 00:00:00,1849768886744178,0,0.0,0.0,0,0.0,0,0,0,0.0,0.0,0,0.0,0.0,0,0.0,0,0,0,0.0,0,0,Nacoes Shopping,NS,ALC - BLACK FRIDAY - NS,REACH
2025-12-12 00:00:00,1848504162177105,0,0.0,0.0,0,0.0,0,0,0,0.0,0.0,0,0.0,0.0,0,0.0,0,0,0,0.0,0,0,Nacoes Shopping,NS,ALC - NATAL 25,REACH
2025-12-16 00:00:00,1848504928619618,4349,35.35,0.0,1005,0.0,1610,139,1037,4.26,0.04,964,12.12,0.0,334,5.93,0,895,1112,3.64,189,8290,Nacoes Shopping,NS,TRAF - NATAL 25,TRAFFIC
2025-12-10 00:00:00,1847431714944034,0,0.0,0.0,0,0.0,0,0,0,0.0,0.0,0,0.0,0.0,0,0.0,0,0,0,0.0,0,0,Nacoes Shopping,NS,Alcance | Giftcard ,REACH
2025-12-06 00:00:00,1849887841738834,1582,39.8,0.0,2,0.0,38,2,34,3.11,19.9,27,0.02,0.0,11,0.22,0,13,131,1.19,4,12795,Nacoes Shopping,NS,ALC - NATAL 25 02,REACH
2026-01-07 00:00:00,1848504162177105,0,0.0,0.0,0,0.0,0,0,0,0.0,0.0,0,0.0,0.0,0,0.0,0,0,0,0.0,0,0,Nacoes Shopping,NS,ALC - NATAL 25,REACH
2026-01-18 00:00:00,1854324205639697,8486,13.41,0.0,0,0.0,179,15,183,1.57,0.0,132,0.0,0.0,67,1.87,0,62,845,1.24,33,8555,Nacoes Shopping,NS,ALC - FERIAS NACOES SHOPPING,REACH
2026-01-03 00:00:00,1849887841738834,2,0.0,0.0,0,0.0,0,0,0,0.0,0.0,0,0.0,0.0,0,3.21,0,0,2,3.21,0,2,Nacoes Shopping,NS,ALC - NATAL 25 02,REACH
2026-01-28 00:00:00,1854324488425522,0,0.0,0.0,0,0.0,0,0,0,0.0,0.0,0,0.0,0.0,0,0.0,0,0,0,0.0,0,0,Nacoes Shopping,NS,ALC - LIQUIDA,REACH
2026-01-21 00:00:00,1854324488425522,10301,19.54,0.0,0,0.0,85,45,86,1.88,0.0,183,0.0,0.0,90,1.03,0,27,413,0.98,60,10382,Nacoes Shopping,NS,ALC - LIQUIDA,REACH
2026-01-10 00:00:00,1850600369247313,0,0.0,0.0,0,0.0,0,0,0,0.0,0.0,0,0.0,0.0,0,0.0,0,0,0,0.0,0,0,Nacoes Shopping,NS,ALC - LEGUEIROS,REACH
2026-01-06 00:00:00,1849768886744178,0,0.0,0.0,0,0.0,0,0,0,0.0,0.0,0,0.0,0.0,0,0.0,0,0,0,0.0,0,0,Nacoes Shopping,NS,ALC - BLACK FRIDAY - NS,REACH
2026-01-07 00:00:00,1848504928619618,2,0.0,0.0,0,0.0,0,0,0,0.0,0.0,0,0.0,0.0,0,1.37,0,0,0,0.69,0,2,Nacoes Shopping,NS,TRAF - NATAL 25,TRAFFIC
2026-01-04 00:00:00,1850600369247313,0,0.0,0.0,0,0.0,0,0,0,0.0,0.0,0,0.0,0.0,0,0.0,0,0,0,0.0,0,0,Nacoes Shopping,NS,ALC - LEGUEIROS,REACH
2026-01-12 00:00:00,1849768886744178,0,0.0,0.0,0,0.0,0,0,0,0.0,0.0,0,0.0,0.0,0,0.0,0,0,0,0.0,0,0,Nacoes Shopping,NS,ALC - BLACK FRIDAY - NS,REACH
2026-01-20 00:00:00,1848504162177105,0,0.0,0.0,0,0.0,0,0,0,0.0,0.0,0,0.0,0.0,0,0.0,0,0,0,0.0,0,0,Nacoes Shopping,NS,ALC - NATAL 25,REACH
2026-01-14 00:00:00,1848504928619618,0,0.0,0.0,0,0.0,0,0,0,0.0,0.0,0,0.0,0.0,0,0.0,0,0,0,0.0,0,0,Nacoes Shopping,NS,TRAF - NATAL 25,TRAFFIC
2026-01-16 00:00:00,1849887841738834,0,0.0,0.0,0,0.0,0,0,0,0.0,0.0,0,0.0,0.0,0,0.0,0,0,0,0.0,0,0,Nacoes Shopping,NS,ALC - NATAL 25 02,REACH
2026-01-25 00:00:00,1854324205639697,7471,11.09,0.0,0,0.0,119,16,119,1.48,0.0,98,0.0,0.0,42,1.71,0,45,615,1.19,23,7506,Nacoes Shopping,NS,ALC - FERIAS NACOES SHOPPING,REACH
2026-01-09 00:00:00,1849887841738834,0,0.0,0.0,0,0.0,0,0,0,0.0,0.0,0,0.0,0.0,0,0.0,0,0,0,0.0,0,0,Nacoes Shopping,NS,ALC - NATAL 25 02,REACH
2026-01-11 00:00:00,1850600369247313,0,0.0,0.0,0,0.0,0,0,0,0.0,0.0,0,0.0,0.0,0,0.0,0,0,0,0.0,0,0,Nacoes Shopping,NS,ALC - LEGUEIROS,REACH
2026-01-06 00:00:00,1848504928619618,1,0.0,0.0,0,0.0,0,0,0,0.0,0.0,0,0.0,0.0,0,0.0,0,0,0,0.0,0,0,Nacoes Shopping,NS,TRAF - NATAL 25,TRAFFIC
2026-01-29 00:00:00,1854324488425522,0,0.0,0.0,0,0.0,0,0,0,0.0,0.0,0,0.0,0.0,0,0.0,0,0,0,0.0,0,0,Nacoes Shopping,NS,ALC - LIQUIDA,REACH
2026-01-15 00:00:00,1854324488425522,12478,20.88,0.0,0,0.0,98,51,97,1.66,0.0,244,0.0,0.0,105,1.07,0,26,556,0.95,62,12558,Nacoes Shopping,NS,ALC - LIQUIDA,REACH
2026-01-13 00:00:00,1848504162177105,0,0.0,0.0,0,0.0,0,0,0,0.0,0.0,0,0.0,0.0,0,0.0,0,0,0,0.0,0,0,Nacoes Shopping,NS,ALC - NATAL 25,REACH
2026-01-10 00:00:00,1849887841738834,0,0.0,0.0,0,0.0,0,0,0,0.0,0.0,0,0.0,0.0,0,0.0,0,0,0,0.0,0,0,Nacoes Shopping,NS,ALC - NATAL 25 02,REACH
2026-01-26 00:00:00,1854324205639697,6173,11.5,0.0,0,0.0,98,10,100,1.85,0.0,82,0.0,0.0,31,1.58,0,40,490,1.17,16,6218,Nacoes Shopping,NS,ALC - FERIAS NACOES SHOPPING,REACH
2026-01-19 00:00:00,1848504162177105,0,0.0,0.0,0,0.0,0,0,0,0.0,0.0,0,0.0,0.0,0,0.0,0,0,0,0.0,0,0,Nacoes Shopping,NS,ALC - NATAL 25,REACH
2026-01-18 00:00:00,1850600369247313,0,0.0,0.0,0,0.0,0,0,0,0.0,0.0,0,0.0,0.0,0,0.0,0,0,0,0.0,0,0,Nacoes Shopping,NS,ALC - LEGUEIROS,REACH
2026-01-06 00:00:00,1848504162177105,0,0.0,0.0,0,0.0,0,0,0,0.0,0.0,0,0.0,0.0,0,0.0,0,0,0,0.0,0,0,Nacoes Shopping,NS,ALC - NATAL 25,REACH
2026-01-22 00:00:00,1854324488425522,11124,18.91,0.0,0,0.0,80,37,83,1.69,0.0,184,0.0,0.0,82,0.95,0,19,438,0.89,55,11192,Nacoes Shopping,NS,ALC - LIQUIDA,REACH
2026-01-19 00:00:00,1854324205639697,7255,12.53,0.0,0,0.0,127,20,130,1.72,0.0,112,0.0,0.0,51,1.85,0,51,735,1.26,27,7301,Nacoes Shopping,NS,ALC - FERIAS NACOES SHOPPING,REACH
2026-01-30 00:00:00,1855686756345922,17310,33.31,0.0,0,0.0,320,6,322,1.91,0.0,128,0.0,0.0,49,1.29,0,96,1561,1.26,19,17457,Nacoes Shopping,NS,ALC - Bloko Rosa,REACH
2026-01-22 00:00:00,1848504928619618,0,0.0,0.0,0,0.0,0,0,0,0.0,0.0,0,0.0,0.0,0,0.0,0,0,0,0.0,0,0,Nacoes Shopping,NS,TRAF - NATAL 25,TRAFFIC
2026-01-18 00:00:00,1849887841738834,0,0.0,0.0,0,0.0,0,0,0,0.0,0.0,0,0.0,0.0,0,0.0,0,0,0,0.0,0,0,Nacoes Shopping,NS,ALC - NATAL 25 02,REACH
2026-01-12 00:00:00,1848504162177105,0,0.0,0.0,0,0.0,0,0,0,0.0,0.0,0,0.0,0.0,0,0.0,0,0,0,0.0,0,0,Nacoes Shopping,NS,ALC - NATAL 25,REACH
2026-01-16 00:00:00,1854324488425522,11669,20.02,0.0,0,0.0,82,42,79,1.7,0.0,200,0.0,0.0,90,0.98,0,24,495,0.93,56,11746,Nacoes Shopping,NS,ALC - LIQUIDA,REACH
2026-01-05 00:00:00,1850600369247313,0,0.0,0.0,0,0.0,0,0,0,0.0,0.0,0,0.0,0.0,0,0.0,0,0,0,0.0,0,0,Nacoes Shopping,NS,ALC - LEGUEIROS,REACH
2026-01-01 00:00:00,1849768886744178,0,0.0,0.0,0,0.0,0,0,0,0.0,0.0,0,0.0,0.0,0,0.0,0,0,0,0.0,0,0,Nacoes Shopping,NS,ALC - BLACK FRIDAY - NS,REACH
2026-01-02 00:00:00,1848504928619618,5,0.0,0.0,2,0.0,3,1,1,0.0,0.0,1,100.0,0.0,1,7.32,0,3,2,2.93,1,2,Nacoes Shopping,NS,TRAF - NATAL 25,TRAFFIC
2026-01-05 00:00:00,1848504162177105,0,0.0,0.0,0,0.0,0,0,0,0.0,0.0,0,0.0,0.0,0,0.0,0,0,0,0.0,0,0,Nacoes Shopping,NS,ALC - NATAL 25,REACH
2026-01-11 00:00:00,1849887841738834,0,0.0,0.0,0,0.0,0,0,0,0.0,0.0,0,0.0,0.0,0,0.0,0,0,0,0.0,0,0,Nacoes Shopping,NS,ALC - NATAL 25 02,REACH
2026-01-23 00:00:00,1854324488425522,10575,18.24,0.0,0,0.0,94,40,89,1.71,0.0,195,0.0,0.0,78,0.93,0,28,414,0.91,47,10658,Nacoes Shopping,NS,ALC - LIQUIDA,REACH
2026-01-20 00:00:00,1854324205639697,6745,12.2,0.0,0,0.0,121,22,125,1.8,0.0,109,0.0,0.0,46,1.58,0,44,611,1.24,30,6785,Nacoes Shopping,NS,ALC - FERIAS NACOES SHOPPING,REACH
2026-01-04 00:00:00,1849887841738834,1,0.0,0.0,0,0.0,0,0,0,0.0,0.0,0,0.0,0.0,0,0.39,0,0,0,1.17,0,4,Nacoes Shopping,NS,ALC - NATAL 25 02,REACH
2026-01-06 00:00:00,1850600369247313,0,0.0,0.0,0,0.0,0,0,0,0.0,0.0,0,0.0,0.0,0,0.0,0,0,0,0.0,0,0,Nacoes Shopping,NS,ALC - LEGUEIROS,REACH
2026-01-29 00:00:00,1855686756345922,7149,11.33,0.0,0,0.0,136,2,135,1.57,0.0,42,0.0,0.0,8,1.2,0,32,582,1.2,2,7197,Nacoes Shopping,NS,ALC - Bloko Rosa,REACH
2026-01-01 00:00:00,1848504928619618,15,0.0,0.0,4,0.0,4,2,4,0.0,0.0,7,28.57,0.0,4,8.3,0,2,9,7.19,2,14,Nacoes Shopping,NS,TRAF - NATAL 25,TRAFFIC
2026-01-08 00:00:00,1848504928619618,0,0.0,0.0,0,0.0,0,0,0,0.0,0.0,0,0.0,0.0,0,0.0,0,0,0,0.0,0,0,Nacoes Shopping,NS,TRAF - NATAL 25,TRAFFIC
2026-01-27 00:00:00,1855492566896834,7159,9.87,0.0,0,0.0,151,27,145,1.37,0.0,171,0.0,0.0,65,2.43,0,48,807,1.34,36,7196,Nacoes Shopping,NS,ALC - Smart Zoo,REACH
2026-01-27 00:00:00,1854324205639697,4660,9.92,0.0,0,0.0,88,16,89,2.11,0.0,80,0.0,0.0,40,1.54,0,40,416,1.3,25,4705,Nacoes Shopping,NS,ALC - FERIAS NACOES SHOPPING,REACH
2026-01-12 00:00:00,1849887841738834,0,0.0,0.0,0,0.0,0,0,0,0.0,0.0,0,0.0,0.0,0,0.0,0,0,0,0.0,0,0,Nacoes Shopping,NS,ALC - NATAL 25 02,REACH
2026-01-05 00:00:00,1849887841738834,3,0.0,0.0,0,0.0,0,0,0,0.0,0.0,0,0.0,0.0,0,2.12,0,0,1,1.41,0,7,Nacoes Shopping,NS,ALC - NATAL 25 02,REACH
2026-01-30 00:00:00,1854324488425522,0,0.0,0.0,0,0.0,0,0,0,0.0,0.0,0,0.0,0.0,0,0.0,0,0,0,0.0,0,0,Nacoes Shopping,NS,ALC - LIQUIDA,REACH
2026-01-24 00:00:00,1854324488425522,10307,18.54,0.0,0,0.0,65,25,65,1.79,0.0,158,0.0,0.0,59,0.93,0,19,412,0.9,37,10371,Nacoes Shopping,NS,ALC - LIQUIDA,REACH
2026-01-21 00:00:00,1854324205639697,8609,14.2,0.0,0,0.0,120,15,117,1.64,0.0,97,0.0,0.0,45,1.73,0,40,702,1.15,22,8656,Nacoes Shopping,NS,ALC - FERIAS NACOES SHOPPING,REACH
2026-01-08 00:00:00,1849768886744178,0,0.0,0.0,0,0.0,0,0,0,0.0,0.0,0,0.0,0.0,0,0.0,0,0,0,0.0,0,0,Nacoes Shopping,NS,ALC - BLACK FRIDAY - NS,REACH
2026-01-15 00:00:00,1848504928619618,0,0.0,0.0,0,0.0,0,0,0,0.0,0.0,0,0.0,0.0,0,0.0,0,0,0,0.0,0,0,Nacoes Shopping,NS,TRAF - NATAL 25,TRAFFIC
2026-01-17 00:00:00,1854324488425522,11748,20.09,0.0,0,0.0,91,42,89,1.7,0.0,239,0.0,0.0,82,0.99,0,29,520,0.95,52,11845,Nacoes Shopping,NS,ALC - LIQUIDA,REACH
2026-01-14 00:00:00,1854324205639697,4048,4.88,0.0,0,0.0,46,3,45,1.2,0.0,34,0.0,0.0,12,1.93,0,13,246,1.03,6,4068,Nacoes Shopping,NS,ALC - FERIAS NACOES SHOPPING,REACH
2026-01-11 00:00:00,1815093378942994,0,0.0,0.0,0,0.0,0,0,0,0.0,0.0,0,0.0,0.0,0,0.0,0,0,0,0.0,0,0,Nacoes Shopping,NS,Traffic - Promo Natal,TRAFFIC
2026-01-30 00:00:00,1855686889040914,18772,36.73,0.0,0,0.0,296,37,293,1.94,0.0,253,0.0,0.0,86,1.29,0,86,1636,1.26,49,18940,Nacoes Shopping,NS,ALC - Carna PET,REACH
2026-01-17 00:00:00,1848504928619618,0,0.0,0.0,0,0.0,0,0,0,0.0,0.0,0,0.0,0.0,0,0.0,0,0,0,0.0,0,0,Nacoes Shopping,NS,TRAF - NATAL 25,TRAFFIC
2026-01-13 00:00:00,1849887841738834,0,0.0,0.0,0,0.0,0,0,0,0.0,0.0,0,0.0,0.0,0,0.0,0,0,0,0.0,0,0,Nacoes Shopping,NS,ALC - NATAL 25 02,REACH
2026-01-28 00:00:00,1854324205639697,6964,11.18,0.0,0,0.0,73,10,71,1.59,0.0,56,0.0,0.0,30,1.54,0,29,442,1.05,17,7020,Nacoes Shopping,NS,ALC - FERIAS NACOES SHOPPING,REACH
2026-01-20 00:00:00,1850600369247313,0,0.0,0.0,0,0.0,0,0,0,0.0,0.0,0,0.0,0.0,0,0.0,0,0,0,0.0,0,0,Nacoes Shopping,NS,ALC - LEGUEIROS,REACH
2026-01-14 00:00:00,1850600369247313,0,0.0,0.0,0,0.0,0,0,0,0.0,0.0,0,0.0,0.0,0,0.0,0,0,0,0.0,0,0,Nacoes Shopping,NS,ALC - LEGUEIROS,REACH
2026-01-04 00:00:00,1848504928619618,4,0.0,0.0,0,0.0,1,1,1,0.0,0.0,1,0.0,0.0,1,22.63,0,1,1,5.66,1,2,Nacoes Shopping,NS,TRAF - NATAL 25,TRAFFIC
2026-01-06 00:00:00,1849887841738834,0,0.0,0.0,0,0.0,0,0,0,0.0,0.0,0,0.0,0.0,0,0.0,0,0,0,0.0,0,0,Nacoes Shopping,NS,ALC - NATAL 25 02,REACH
2026-01-18 00:00:00,1854324488425522,11627,20.05,0.0,0,0.0,85,49,89,1.71,0.0,207,0.0,0.0,98,1.05,0,32,463,1.01,62,11710,Nacoes Shopping,NS,ALC - LIQUIDA,REACH
2026-01-15 00:00:00,1854324205639697,8870,13.77,0.0,0,0.0,141,17,147,1.54,0.0,121,0.0,0.0,54,1.99,0,52,676,1.16,27,8936,Nacoes Shopping,NS,ALC - FERIAS NACOES SHOPPING,REACH
2026-01-19 00:00:00,1849887841738834,0,0.0,0.0,0,0.0,0,0,0,0.0,0.0,0,0.0,0.0,0,0.0,0,0,0,0.0,0,0,Nacoes Shopping,NS,ALC - NATAL 25 02,REACH
2026-01-28 00:00:00,1855492566896834,12420,19.0,0.0,0,0.0,305,57,292,1.52,0.0,349,0.0,0.0,135,2.24,0,82,1579,1.4,76,12463,Nacoes Shopping,NS,ALC - Smart Zoo,REACH
2026-01-29 00:00:00,1855492566896834,10765,19.08,0.0,0,0.0,294,56,287,1.76,0.0,345,0.0,0.0,135,2.12,0,87,1505,1.5,79,10837,Nacoes Shopping,NS,ALC - Smart Zoo,REACH
2026-01-16 00:00:00,1848504928619618,0,0.0,0.0,0,0.0,0,0,0,0.0,0.0,0,0.0,0.0,0,0.0,0,0,0,0.0,0,0,Nacoes Shopping,NS,TRAF - NATAL 25,TRAFFIC
2026-01-03 00:00:00,1848504928619618,2,0.0,0.0,0,0.0,1,0,1,0.0,0.0,1,0.0,0.0,0,13.14,0,0,1,6.57,0,1,Nacoes Shopping,NS,TRAF - NATAL 25,TRAFFIC
2026-01-22 00:00:00,1854324205639697,8347,12.58,0.0,0,0.0,83,10,85,1.5,0.0,67,0.0,0.0,28,1.63,0,23,554,1.05,15,8401,Nacoes Shopping,NS,ALC - FERIAS NACOES SHOPPING,REACH
2026-01-25 00:00:00,1854324488425522,10646,17.63,0.0,0,0.0,94,44,97,1.64,0.0,210,0.0,0.0,96,0.98,0,33,458,0.95,63,10738,Nacoes Shopping,NS,ALC - LIQUIDA,REACH
2026-01-03 00:00:00,1848504162177105,0,0.0,0.0,0,0.0,0,0,0,0.0,0.0,0,0.0,0.0,0,0.0,0,0,0,0.0,0,0,Nacoes Shopping,NS,ALC - NATAL 25,REACH
2026-01-07 00:00:00,1849887841738834,0,0.0,0.0,0,0.0,0,0,0,0.0,0.0,0,0.0,0.0,0,0.0,0,0,0,0.0,0,0,Nacoes Shopping,NS,ALC - NATAL 25 02,REACH
2026-01-20 00:00:00,1849887841738834,0,0.0,0.0,0,0.0,0,0,0,0.0,0.0,0,0.0,0.0,0,0.0,0,0,0,0.0,0,0,Nacoes Shopping,NS,ALC - NATAL 25 02,REACH
2026-01-16 00:00:00,1854324205639697,8584,13.64,0.0,0,0.0,127,13,130,1.58,0.0,103,0.0,0.0,52,1.83,0,49,735,1.19,25,8641,Nacoes Shopping,NS,ALC - FERIAS NACOES SHOPPING,REACH
2026-01-19 00:00:00,1854324488425522,9921,18.94,0.0,0,0.0,81,35,81,1.89,0.0,169,0.0,0.0,76,1.04,0,25,421,0.98,46,9999,Nacoes Shopping,NS,ALC - LIQUIDA,REACH
2026-01-08 00:00:00,1850600369247313,0,0.0,0.0,0,0.0,0,0,0,0.0,0.0,0,0.0,0.0,0,0.0,0,0,0,0.0,0,0,Nacoes Shopping,NS,ALC - LEGUEIROS,REACH
2026-01-10 00:00:00,1848504928619618,0,0.0,0.0,0,0.0,0,0,0,0.0,0.0,0,0.0,0.0,0,0.0,0,0,0,0.0,0,0,Nacoes Shopping,NS,TRAF - NATAL 25,TRAFFIC
2026-01-29 00:00:00,1854324205639697,5734,9.41,0.0,0,0.0,67,6,67,1.63,0.0,48,0.0,0.0,16,1.64,0,22,363,1.05,9,5774,Nacoes Shopping,NS,ALC - FERIAS NACOES SHOPPING,REACH
2026-01-02 00:00:00,1848504162177105,0,0.0,0.0,0,0.0,0,0,0,0.0,0.0,0,0.0,0.0,0,0.0,0,0,0,0.0,0,0,Nacoes Shopping,NS,ALC - NATAL 25,REACH
2026-01-23 00:00:00,1854324205639697,7568,12.16,0.0,0,0.0,101,7,100,1.6,0.0,65,0.0,0.0,29,1.62,0,33,541,1.13,18,7616,Nacoes Shopping,NS,ALC - FERIAS NACOES SHOPPING,REACH
2026-01-04 00:00:00,1849768886744178,0,0.0,0.0,0,0.0,0,0,0,0.0,0.0,0,0.0,0.0,0,0.0,0,0,0,0.0,0,0,Nacoes Shopping,NS,ALC - BLACK FRIDAY - NS,REACH
2026-01-26 00:00:00,1854324488425522,8418,16.96,0.0,0,0.0,59,30,64,2.0,0.0,142,0.0,0.0,69,0.94,0,16,338,0.91,44,8470,Nacoes Shopping,NS,ALC - LIQUIDA,REACH
2026-01-30 00:00:00,1855492566896834,10702,19.16,0.0,0,0.0,269,53,266,1.78,0.0,306,0.0,0.0,130,2.1,0,81,1453,1.45,80,10768,Nacoes Shopping,NS,ALC - Smart Zoo,REACH
2026-01-01 00:00:00,1849887841738834,6,0.0,0.0,0,0.0,0,0,0,0.0,0.0,0,0.0,0.0,0,0.24,0,0,1,1.34,0,40,Nacoes Shopping,NS,ALC - NATAL 25 02,REACH
2026-01-15 00:00:00,1850600369247313,0,0.0,0.0,0,0.0,0,0,0,0.0,0.0,0,0.0,0.0,0,0.0,0,0,0,0.0,0,0,Nacoes Shopping,NS,ALC - LEGUEIROS,REACH
2026-01-11 00:00:00,1849768886744178,0,0.0,0.0,0,0.0,0,0,0,0.0,0.0,0,0.0,0.0,0,0.0,0,0,0,0.0,0,0,Nacoes Shopping,NS,ALC - BLACK FRIDAY - NS,REACH
2026-01-09 00:00:00,1850600369247313,0,0.0,0.0,0,0.0,0,0,0,0.0,0.0,0,0.0,0.0,0,0.0,0,0,0,0.0,0,0,Nacoes Shopping,NS,ALC - LEGUEIROS,REACH
2026-01-19 00:00:00,1848504928619618,0,0.0,0.0,0,0.0,0,0,0,0.0,0.0,0,0.0,0.0,0,0.0,0,0,0,0.0,0,0,Nacoes Shopping,NS,TRAF - NATAL 25,TRAFFIC
2026-01-13 00:00:00,1847431714944034,0,0.0,0.0,0,0.0,0,0,0,0.0,0.0,0,0.0,0.0,0,0.0,0,0,0,0.0,0,0,Nacoes Shopping,NS,Alcance | Giftcard ,REACH
2026-01-18 00:00:00,1811358948673554,0,0.0,0.0,0,0.0,0,0,0,0.0,0.0,0,0.0,0.0,0,0.0,0,0,0,0.0,0,0,Nacoes Shopping,NS,Tráfego - App instal - NS,TRAFFIC
2026-01-21 00:00:00,1849887841738834,0,0.0,0.0,0,0.0,0,0,0,0.0,0.0,0,0.0,0.0,0,0.0,0,0,0,0.0,0,0,Nacoes Shopping,NS,ALC - NATAL 25 02,REACH
2026-01-30 00:00:00,1854324205639697,5183,8.08,0.0,0,0.0,51,2,53,1.55,0.0,41,0.0,0.0,14,1.41,0,15,294,0.99,6,5215,Nacoes Shopping,NS,ALC - FERIAS NACOES SHOPPING,REACH
2026-01-14 00:00:00,1849887841738834,0,0.0,0.0,0,0.0,0,0,0,0.0,0.0,0,0.0,0.0,0,0.0,0,0,0,0.0,0,0,Nacoes Shopping,NS,ALC - NATAL 25 02,REACH
2026-01-11 00:00:00,1848504928619618,0,0.0,0.0,0,0.0,0,0,0,0.0,0.0,0,0.0,0.0,0,0.0,0,0,0,0.0,0,0,Nacoes Shopping,NS,TRAF - NATAL 25,TRAFFIC
2026-01-29 00:00:00,1855686889040914,7636,12.25,0.0,0,0.0,91,7,91,1.6,0.0,74,0.0,0.0,23,1.14,0,22,536,1.14,15,7672,Nacoes Shopping,NS,ALC - Carna PET,REACH
2026-01-17 00:00:00,1854324205639697,8646,13.71,0.0,0,0.0,155,23,154,1.57,0.0,132,0.0,0.0,59,1.96,0,55,803,1.26,33,8707,Nacoes Shopping,NS,ALC - FERIAS NACOES SHOPPING,REACH
2026-01-20 00:00:00,1854324488425522,8273,18.39,0.0,0,0.0,82,43,82,2.2,0.0,171,0.0,0.0,80,1.03,0,32,436,0.99,57,8355,Nacoes Shopping,NS,ALC - LIQUIDA,REACH
2026-01-05 00:00:00,1849768886744178,0,0.0,0.0,0,0.0,0,0,0,0.0,0.0,0,0.0,0.0,0,0.0,0,0,0,0.0,0,0,Nacoes Shopping,NS,ALC - BLACK FRIDAY - NS,REACH
2026-01-02 00:00:00,1849887841738834,3,0.0,0.0,0,0.0,0,0,0,0.0,0.0,0,0.0,0.0,0,2.75,0,0,0,0.92,0,3,Nacoes Shopping,NS,ALC - NATAL 25 02,REACH
2026-01-15 00:00:00,1849887841738834,0,0.0,0.0,0,0.0,0,0,0,0.0,0.0,0,0.0,0.0,0,0.0,0,0,0,0.0,0,0,Nacoes Shopping,NS,ALC - NATAL 25 02,REACH
2026-01-14 00:00:00,1854324488425522,5299,7.1,0.0,0,0.0,43,17,44,1.33,0.0,96,0.0,0.0,40,0.92,0,13,193,0.9,19,5345,Nacoes Shopping,NS,ALC - LIQUIDA,REACH
2026-01-01 00:00:00,1848504162177105,0,0.0,0.0,0,0.0,0,0,0,0.0,0.0,0,0.0,0.0,0,0.0,0,0,0,0.0,0,0,Nacoes Shopping,NS,ALC - NATAL 25,REACH
2026-01-05 00:00:00,1848504928619618,1,0.0,0.0,1,0.0,4,1,3,0.0,0.0,2,100.0,0.0,2,54.18,0,3,3,54.18,1,1,Nacoes Shopping,NS,TRAF - NATAL 25,TRAFFIC
2026-01-24 00:00:00,1854324205639697,7316,12.24,0.0,0,0.0,102,13,105,1.66,0.0,84,0.0,0.0,33,1.69,0,34,600,1.19,22,7360,Nacoes Shopping,NS,ALC - FERIAS NACOES SHOPPING,REACH
2026-01-18 00:00:00,1849768886744178,0,0.0,0.0,0,0.0,0,0,0,0.0,0.0,0,0.0,0.0,0,0.0,0,0,0,0.0,0,0,Nacoes Shopping,NS,ALC - BLACK FRIDAY - NS,REACH
2026-01-27 00:00:00,1854324488425522,2941,6.62,0.0,0,0.0,33,8,30,2.23,0.0,63,0.0,0.0,26,1.01,0,8,133,1.0,12,2968,Nacoes Shopping,NS,ALC - LIQUIDA,REACH
2026-02-04 00:00:00,1855686756345922,12596,29.89,0.0,0,0.0,274,13,273,2.34,0.0,105,0.0,0.0,47,1.53,0,77,1157,1.51,21,12752,Nacoes Shopping,NS,ALC - Bloko Rosa,REACH
2026-02-09 00:00:00,1855686889040914,0,0.0,0.0,0,0.0,0,0,0,0.0,0.0,0,0.0,0.0,0,0.0,0,0,0,0.0,0,0,Nacoes Shopping,NS,ALC - Carna PET,REACH
2026-02-02 00:00:00,1849887841738834,0,0.0,0.0,0,0.0,0,0,0,0.0,0.0,0,0.0,0.0,0,0.0,0,0,0,0.0,0,0,Nacoes Shopping,NS,ALC - NATAL 25 02,REACH
2026-02-22 00:00:00,1849887841738834,0,0.0,0.0,0,0.0,0,0,0,0.0,0.0,0,0.0,0.0,0,0.0,0,0,0,0.0,0,0,Nacoes Shopping,NS,ALC - NATAL 25 02,REACH
2026-02-24 00:00:00,1855492566896834,6825,11.38,0.0,0,0.0,105,18,103,1.66,0.0,117,0.0,0.0,42,1.76,0,30,622,1.23,26,6869,Nacoes Shopping,NS,ALC - Smart Zoo,REACH
2026-02-14 00:00:00,1855492566896834,10200,18.04,0.0,0,0.0,281,52,268,1.76,0.0,296,0.0,0.0,129,2.09,0,93,1321,1.51,73,10271,Nacoes Shopping,NS,ALC - Smart Zoo,REACH
2026-02-04 00:00:00,1855492566896834,12700,18.76,0.0,0,0.0,243,72,240,1.47,0.0,316,0.0,0.0,135,2.05,0,69,1343,1.33,93,12793,Nacoes Shopping,NS,ALC - Smart Zoo,REACH
2026-02-02 00:00:00,1855686889040914,18365,33.78,0.0,0,0.0,269,27,270,1.81,0.0,233,0.0,0.0,90,1.26,0,80,1459,1.25,43,18632,Nacoes Shopping,NS,ALC - Carna PET,REACH
2026-02-07 00:00:00,1855686756345922,14498,28.1,0.0,0,0.0,187,13,189,1.92,0.0,73,0.0,0.0,31,1.58,0,50,923,1.56,18,14657,Nacoes Shopping,NS,ALC - Bloko Rosa,REACH
2026-02-27 00:00:00,1855686756345922,0,0.0,0.0,0,0.0,0,0,0,0.0,0.0,0,0.0,0.0,0,0.0,0,0,0,0.0,0,0,Nacoes Shopping,NS,ALC - Bloko Rosa,REACH
2026-02-06 00:00:00,1855686889040914,16676,31.27,0.0,0,0.0,215,23,214,1.86,0.0,178,0.0,0.0,61,1.18,0,54,1167,1.15,33,16818,Nacoes Shopping,NS,ALC - Carna PET,REACH
2026-01-31 00:00:00,1854324488425522,0,0.0,0.0,0,0.0,0,0,0,0.0,0.0,0,0.0,0.0,0,0.0,0,0,0,0.0,0,0,Nacoes Shopping,NS,ALC - LIQUIDA,REACH
2026-02-27 00:00:00,1855492566896834,0,0.0,0.0,0,0.0,0,0,0,0.0,0.0,0,0.0,0.0,0,0.0,0,0,0,0.0,0,0,Nacoes Shopping,NS,ALC - Smart Zoo,REACH
2026-01-31 00:00:00,1855686756345922,16334,32.39,0.0,0,0.0,327,16,332,1.97,0.0,132,0.0,0.0,52,1.32,0,92,1415,1.29,24,16449,Nacoes Shopping,NS,ALC - Bloko Rosa,REACH
2026-02-17 00:00:00,1855492566896834,11440,17.24,0.0,0,0.0,223,34,219,1.49,0.0,215,0.0,0.0,88,2.02,0,72,1084,1.37,51,11534,Nacoes Shopping,NS,ALC - Smart Zoo,REACH
2026-02-07 00:00:00,1855492566896834,10953,20.2,0.0,0,0.0,336,64,331,1.82,0.0,405,0.0,0.0,154,2.1,0,105,1618,1.53,96,11077,Nacoes Shopping,NS,ALC - Smart Zoo,REACH
2026-02-18 00:00:00,1855492566896834,11338,15.84,0.0,0,0.0,154,22,151,1.39,0.0,145,0.0,0.0,59,1.73,0,43,879,1.18,35,11417,Nacoes Shopping,NS,ALC - Smart Zoo,REACH
2026-02-08 00:00:00,1855492566896834,9850,18.98,0.0,0,0.0,291,65,285,1.9,0.0,333,0.0,0.0,145,2.03,0,102,1479,1.57,79,9969,Nacoes Shopping,NS,ALC - Smart Zoo,REACH
2026-02-15 00:00:00,1848504928619618,0,0.0,0.0,0,0.0,0,0,0,0.0,0.0,0,0.0,0.0,0,0.0,0,0,0,0.0,0,0,Nacoes Shopping,NS,TRAF - NATAL 25,TRAFFIC
2026-02-03 00:00:00,1855686889040914,14964,33.04,0.0,0,0.0,224,22,223,2.17,0.0,195,0.0,0.0,63,1.27,0,56,1203,1.22,36,15216,Nacoes Shopping,NS,ALC - Carna PET,REACH
2026-02-03 00:00:00,1855686756345922,13791,30.05,0.0,0,0.0,268,14,280,2.15,0.0,119,0.0,0.0,45,1.35,0,82,1158,1.31,28,13991,Nacoes Shopping,NS,ALC - Bloko Rosa,REACH
2026-02-12 00:00:00,1848504928619618,0,0.0,0.0,0,0.0,0,0,0,0.0,0.0,0,0.0,0.0,0,0.0,0,0,0,0.0,0,0,Nacoes Shopping,NS,TRAF - NATAL 25,TRAFFIC
2026-02-01 00:00:00,1854324205639697,0,0.0,0.0,0,0.0,0,0,0,0.0,0.0,0,0.0,0.0,0,0.0,0,0,0,0.0,0,0,Nacoes Shopping,NS,ALC - FERIAS NACOES SHOPPING,REACH
2026-02-25 00:00:00,1855492566896834,2040,3.25,0.0,0,0.0,44,6,43,1.59,0.0,39,0.0,0.0,16,1.8,0,15,211,1.36,8,2044,Nacoes Shopping,NS,ALC - Smart Zoo,REACH
2026-02-15 00:00:00,1855492566896834,8869,16.9,0.0,0,0.0,266,40,264,1.88,0.0,280,0.0,0.0,115,1.96,0,92,1206,1.5,67,8968,Nacoes Shopping,NS,ALC - Smart Zoo,REACH
2026-02-05 00:00:00,1855492566896834,11585,18.61,0.0,0,0.0,244,60,242,1.59,0.0,319,0.0,0.0,122,1.92,0,74,1349,1.39,79,11720,Nacoes Shopping,NS,ALC - Smart Zoo,REACH
2026-02-06 00:00:00,1855686756345922,15749,29.26,0.0,0,0.0,242,11,244,1.84,0.0,89,0.0,0.0,29,1.21,0,62,1050,1.18,14,15903,Nacoes Shopping,NS,ALC - Bloko Rosa,REACH
2026-02-21 00:00:00,1855492566896834,8444,14.61,0.0,0,0.0,185,24,178,1.72,0.0,189,0.0,0.0,71,1.82,0,53,916,1.36,36,8479,Nacoes Shopping,NS,ALC - Smart Zoo,REACH
2026-02-11 00:00:00,1855492566896834,12087,18.44,0.0,0,0.0,210,31,210,1.51,0.0,243,0.0,0.0,84,1.9,0,55,1091,1.27,46,12188,Nacoes Shopping,NS,ALC - Smart Zoo,REACH
2026-02-01 00:00:00,1855492566896834,10652,18.57,0.0,0,0.0,357,62,350,1.72,0.0,423,0.0,0.0,164,2.11,0,93,1670,1.56,86,10767,Nacoes Shopping,NS,ALC - Smart Zoo,REACH
2026-01-31 00:00:00,1855686889040914,18109,36.44,0.0,0,0.0,275,25,276,2.0,0.0,241,0.0,0.0,82,1.26,0,79,1506,1.23,44,18256,Nacoes Shopping,NS,ALC - Carna PET,REACH
2026-02-21 00:00:00,1854324488425522,0,0.0,0.0,0,0.0,0,0,0,0.0,0.0,0,0.0,0.0,0,0.0,0,0,0,0.0,0,0,Nacoes Shopping,NS,ALC - LIQUIDA,REACH
2026-02-09 00:00:00,1855686756345922,0,0.0,0.0,0,0.0,0,0,0,0.0,0.0,0,0.0,0.0,0,0.0,0,0,0,0.0,0,0,Nacoes Shopping,NS,ALC - Bloko Rosa,REACH
2026-02-04 00:00:00,1855686889040914,13603,33.04,0.0,0,0.0,243,24,243,2.4,0.0,205,0.0,0.0,77,1.96,0,74,1229,1.94,42,13790,Nacoes Shopping,NS,ALC - Carna PET,REACH
2026-02-02 00:00:00,1854324205639697,0,0.0,0.0,0,0.0,0,0,0,0.0,0.0,0,0.0,0.0,0,0.0,0,0,0,0.0,0,0,Nacoes Shopping,NS,ALC - FERIAS NACOES SHOPPING,REACH
2026-02-02 00:00:00,1854324488425522,0,0.0,0.0,0,0.0,0,0,0,0.0,0.0,0,0.0,0.0,0,0.0,0,0,0,0.0,0,0,Nacoes Shopping,NS,ALC - LIQUIDA,REACH
2026-02-19 00:00:00,1855492566896834,10070,15.54,0.0,0,0.0,169,33,169,1.53,0.0,178,0.0,0.0,76,1.71,0,52,878,1.28,48,10159,Nacoes Shopping,NS,ALC - Smart Zoo,REACH
2026-02-09 00:00:00,1855492566896834,9019,18.45,0.0,0,0.0,251,55,253,2.03,0.0,299,0.0,0.0,123,1.9,0,82,1256,1.58,84,9109,Nacoes Shopping,NS,ALC - Smart Zoo,REACH
2026-02-02 00:00:00,1855686756345922,16782,30.54,0.0,0,0.0,320,10,321,1.79,0.0,138,0.0,0.0,41,1.3,0,94,1486,1.28,19,17022,Nacoes Shopping,NS,ALC - Bloko Rosa,REACH
2026-02-27 00:00:00,1855686889040914,0,0.0,0.0,0,0.0,0,0,0,0.0,0.0,0,0.0,0.0,0,0.0,0,0,0,0.0,0,0,Nacoes Shopping,NS,ALC - Carna PET,REACH
2026-02-07 00:00:00,1855686889040914,7131,15.27,0.0,0,0.0,85,8,84,2.12,0.0,71,0.0,0.0,25,1.14,0,22,451,1.13,13,7194,Nacoes Shopping,NS,ALC - Carna PET,REACH
2026-02-01 00:00:00,1855686889040914,20316,34.76,0.0,0,0.0,318,40,324,1.69,0.0,280,0.0,0.0,94,1.28,0,96,1651,1.25,55,20557,Nacoes Shopping,NS,ALC - Carna PET,REACH
2026-02-05 00:00:00,1855686756345922,14485,31.03,0.0,0,0.0,226,6,229,2.12,0.0,84,0.0,0.0,27,1.3,0,56,1084,1.3,12,14650,Nacoes Shopping,NS,ALC - Bloko Rosa,REACH
2026-02-22 00:00:00,1855492566896834,7620,13.25,0.0,0,0.0,172,25,164,1.72,0.0,181,0.0,0.0,72,1.74,0,63,828,1.36,40,7699,Nacoes Shopping,NS,ALC - Smart Zoo,REACH
2026-02-12 00:00:00,1855492566896834,11152,18.0,0.0,0,0.0,217,37,213,1.59,0.0,242,0.0,0.0,107,1.73,0,64,1025,1.27,58,11286,Nacoes Shopping,NS,ALC - Smart Zoo,REACH
2026-02-02 00:00:00,1855492566896834,9487,18.22,0.0,0,0.0,256,61,250,1.9,0.0,335,0.0,0.0,141,1.84,0,78,1272,1.51,92,9600,Nacoes Shopping,NS,ALC - Smart Zoo,REACH
2026-02-23 00:00:00,1855492566896834,5594,12.04,0.0,0,0.0,105,9,100,2.13,0.0,107,0.0,0.0,35,1.52,0,23,574,1.26,18,5650,Nacoes Shopping,NS,ALC - Smart Zoo,REACH
2026-02-13 00:00:00,1855492566896834,10548,18.12,0.0,0,0.0,222,40,216,1.7,0.0,240,0.0,0.0,90,1.87,0,70,1103,1.36,52,10651,Nacoes Shopping,NS,ALC - Smart Zoo,REACH
2026-02-03 00:00:00,1855492566896834,11330,18.94,0.0,0,0.0,213,66,206,1.66,0.0,276,0.0,0.0,123,2.06,0,72,1174,1.35,79,11442,Nacoes Shopping,NS,ALC - Smart Zoo,REACH
2026-02-08 00:00:00,1855686889040914,0,0.0,0.0,0,0.0,0,0,0,0.0,0.0,0,0.0,0.0,0,0.0,0,0,0,0.0,0,0,Nacoes Shopping,NS,ALC - Carna PET,REACH
2026-01-31 00:00:00,1848504928619618,0,0.0,0.0,0,0.0,0,0,0,0.0,0.0,0,0.0,0.0,0,0.0,0,0,0,0.0,0,0,Nacoes Shopping,NS,TRAF - NATAL 25,TRAFFIC
2026-02-08 00:00:00,1855686756345922,6906,12.45,0.0,0,0.0,98,3,99,1.79,0.0,35,0.0,0.0,14,1.17,0,24,489,1.16,8,6973,Nacoes Shopping,NS,ALC - Bloko Rosa,REACH
2026-02-06 00:00:00,1854324205639697,0,0.0,0.0,0,0.0,0,0,0,0.0,0.0,0,0.0,0.0,0,0.0,0,0,0,0.0,0,0,Nacoes Shopping,NS,ALC - FERIAS NACOES SHOPPING,REACH
2026-02-01 00:00:00,1849887841738834,0,0.0,0.0,0,0.0,0,0,0,0.0,0.0,0,0.0,0.0,0,0.0,0,0,0,0.0,0,0,Nacoes Shopping,NS,ALC - NATAL 25 02,REACH
2026-02-20 00:00:00,1855492566896834,8912,15.15,0.0,0,0.0,170,31,165,1.69,0.0,182,0.0,0.0,73,1.69,0,44,901,1.29,45,8981,Nacoes Shopping,NS,ALC - Smart Zoo,REACH
2026-02-10 00:00:00,1855492566896834,11811,19.58,0.0,0,0.0,259,45,260,1.65,0.0,264,0.0,0.0,104,2.21,0,74,1222,1.47,67,11900,Nacoes Shopping,NS,ALC - Smart Zoo,REACH
2026-01-31 00:00:00,1855492566896834,10817,19.71,0.0,0,0.0,345,71,342,1.81,0.0,357,0.0,0.0,159,2.26,0,111,1692,1.58,94,10900,Nacoes Shopping,NS,ALC - Smart Zoo,REACH
2026-01-31 00:00:00,1854324205639697,2147,3.49,0.0,0,0.0,27,0,28,1.61,0.0,22,0.0,0.0,7,1.4,0,10,147,1.02,2,2164,Nacoes Shopping,NS,ALC - FERIAS NACOES SHOPPING,REACH
2026-02-01 00:00:00,1855686756345922,18667,31.47,0.0,0,0.0,328,11,335,1.67,0.0,119,0.0,0.0,44,1.26,0,79,1575,1.24,20,18871,Nacoes Shopping,NS,ALC - Bloko Rosa,REACH
2026-02-11 00:00:00,1855686756345922,0,0.0,0.0,0,0.0,0,0,0,0.0,0.0,0,0.0,0.0,0,0.0,0,0,0,0.0,0,0,Nacoes Shopping,NS,ALC - Bloko Rosa,REACH
2026-02-16 00:00:00,1855492566896834,8489,16.27,0.0,0,0.0,202,34,200,1.89,0.0,215,0.0,0.0,72,1.77,0,59,1010,1.44,43,8598,Nacoes Shopping,NS,ALC - Smart Zoo,REACH
2026-02-06 00:00:00,1855492566896834,10829,18.79,0.0,0,0.0,273,53,268,1.71,0.0,300,0.0,0.0,113,2.04,0,92,1349,1.46,71,10962,Nacoes Shopping,NS,ALC - Smart Zoo,REACH
2026-02-05 00:00:00,1855686889040914,15533,33.4,0.0,0,0.0,203,16,200,2.13,0.0,183,0.0,0.0,67,1.19,0,56,1113,1.17,27,15714,Nacoes Shopping,NS,ALC - Carna PET,REACH
2026-02-03 00:00:00,1854324205639697,0,0.0,0.0,0,0.0,0,0,0,0.0,0.0,0,0.0,0.0,0,0.0,0,0,0,0.0,0,0,Nacoes Shopping,NS,ALC - FERIAS NACOES SHOPPING,REACH
2026-03-03 00:00:00,1849887841738834,0,0.0,0.0,0,0.0,0,0,0,0.0,0.0,0,0.0,0.0,0,0.0,0,0,0,0.0,0,0,Nacoes Shopping,NS,ALC - NATAL 25 02,REACH
2026-03-28 00:00:00,1848504928619618,0,0.0,0.0,0,0.0,0,0,0,0.0,0.0,0,0.0,0.0,0,0.0,0,0,0,0.0,0,0,Nacoes Shopping,NS,TRAF - NATAL 25,TRAFFIC
2026-03-09 00:00:00,1855686889040914,0,0.0,0.0,0,0.0,0,0,0,0.0,0.0,0,0.0,0.0,0,0.0,0,0,0,0.0,0,0,Nacoes Shopping,NS,ALC - Carna PET,REACH
2026-03-04 00:00:00,1848504162177105,0,0.0,0.0,0,0.0,0,0,0,0.0,0.0,0,0.0,0.0,0,0.0,0,0,0,0.0,0,0,Nacoes Shopping,NS,ALC - NATAL 25,REACH
2026-03-03 00:00:00,1855492566896834,0,0.0,0.0,0,0.0,0,0,0,0.0,0.0,0,0.0,0.0,0,0.0,0,0,0,0.0,0,0,Nacoes Shopping,NS,ALC - Smart Zoo,REACH
2026-03-22 00:00:00,1849887841738834,0,0.0,0.0,0,0.0,0,0,0,0.0,0.0,0,0.0,0.0,0,0.0,0,0,0,0.0,0,0,Nacoes Shopping,NS,ALC - NATAL 25 02,REACH
2026-03-12 00:00:00,1848504928619618,0,0.0,0.0,0,0.0,0,0,0,0.0,0.0,0,0.0,0.0,0,0.0,0,0,0,0.0,0,0,Nacoes Shopping,NS,TRAF - NATAL 25,TRAFFIC
2026-03-02 00:00:00,1848504928619618,0,0.0,0.0,0,0.0,0,0,0,0.0,0.0,0,0.0,0.0,0,0.0,0,0,0,0.0,0,0,Nacoes Shopping,NS,TRAF - NATAL 25,TRAFFIC
2026-03-05 00:00:00,1811358948673554,0,0.0,0.0,0,0.0,0,0,0,0.0,0.0,0,0.0,0.0,0,0.0,0,0,0,0.0,0,0,Nacoes Shopping,NS,Tráfego - App instal - NS,TRAFFIC
2026-03-03 00:00:00,1850600369247313,0,0.0,0.0,0,0.0,0,0,0,0.0,0.0,0,0.0,0.0,0,0.0,0,0,0,0.0,0,0,Nacoes Shopping,NS,ALC - LEGUEIROS,REACH
2026-03-04 00:00:00,1849768886744178,0,0.0,0.0,0,0.0,0,0,0,0.0,0.0,0,0.0,0.0,0,0.0,0,0,0,0.0,0,0,Nacoes Shopping,NS,ALC - BLACK FRIDAY - NS,REACH
2026-03-06 00:00:00,1848504928619618,0,0.0,0.0,0,0.0,0,0,0,0.0,0.0,0,0.0,0.0,0,0.0,0,0,0,0.0,0,0,Nacoes Shopping,NS,TRAF - NATAL 25,TRAFFIC
2026-04-30 00:00:00,1863928955315249,2954,19.46,0.0,617,0.0,1900,244,1475,4.34,0.03,1332,13.76,0.0,547,18.35,0,991,1803,8.72,313,4483,Nacoes Shopping,NS,TRAF - PROMO MAES,TRAFFIC
2026-04-30 00:00:00,1863928702907457,11436,20.04,0.0,14,0.0,84,6,84,1.74,1.43,65,0.12,0.0,16,1.0,0,24,532,1.0,10,11495,Nacoes Shopping,NS,ALC - PROMO MAES,REACH
2026-04-02 00:00:00,1848504928619618,0,0.0,0.0,0,0.0,0,0,0,0.0,0.0,0,0.0,0.0,0,0.0,0,0,0,0.0,0,0,Nacoes Shopping,NS,TRAF - NATAL 25,TRAFFIC
2026-04-09 00:00:00,1855492566896834,0,0.0,0.0,0,0.0,0,0,0,0.0,0.0,0,0.0,0.0,0,0.0,0,0,0,0.0,0,0,Nacoes Shopping,NS,ALC - Smart Zoo,REACH
2026-04-01 00:00:00,1848504928619618,0,0.0,0.0,0,0.0,0,0,0,0.0,0.0,0,0.0,0.0,0,0.0,0,0,0,0.0,0,0,Nacoes Shopping,NS,TRAF - NATAL 25,TRAFFIC
2026-05-28 00:00:00,1866451828239378,4637,7.75,0.0,0,0.0,85,12,84,1.66,0.0,146,0.0,0.0,59,1.12,0,19,381,1.12,26,4660,Nacoes Shopping,NS,ALC - TROCA DE FIGURINHAS,REACH
2026-05-05 00:00:00,1863928955315249,121,0.67,0.0,22,0.0,27,3,11,5.54,0.03,9,18.18,0.0,3,2.71,0,21,36,2.49,3,121,Nacoes Shopping,NS,TRAF - PROMO MAES,TRAFFIC
2026-05-25 00:00:00,1863928955315249,0,0.0,0.0,0,0.0,0,0,0,0.0,0.0,0,0.0,0.0,0,0.0,0,0,0,0.0,0,0,Nacoes Shopping,NS,TRAF - PROMO MAES,TRAFFIC
2026-05-15 00:00:00,1863928955315249,0,0.0,0.0,0,0.0,0,0,0,0.0,0.0,0,0.0,0.0,0,0.0,0,0,0,0.0,0,0,Nacoes Shopping,NS,TRAF - PROMO MAES,TRAFFIC
2026-05-11 00:00:00,1863928702907457,9646,21.84,0.0,31,0.0,184,7,168,2.24,0.7,90,0.32,0.0,25,1.33,0,58,794,1.16,12,9731,Nacoes Shopping,NS,ALC - PROMO MAES,REACH
2026-05-21 00:00:00,1863928702907457,0,0.0,0.0,0,0.0,0,0,0,0.0,0.0,0,0.0,0.0,0,0.0,0,0,0,0.0,0,0,Nacoes Shopping,NS,ALC - PROMO MAES,REACH
2026-05-01 00:00:00,1863928702907457,28030,47.49,0.0,69,0.0,290,32,273,1.68,0.69,204,0.24,0.0,76,1.11,0,111,1665,1.09,45,28242,Nacoes Shopping,NS,ALC - PROMO MAES,REACH
2026-05-18 00:00:00,1863928955315249,0,0.0,0.0,0,0.0,0,0,0,0.0,0.0,0,0.0,0.0,0,0.0,0,0,0,0.0,0,0,Nacoes Shopping,NS,TRAF - PROMO MAES,TRAFFIC
2026-05-18 00:00:00,1863928702907457,0,0.0,0.0,0,0.0,0,0,0,0.0,0.0,0,0.0,0.0,0,0.0,0,0,0,0.0,0,0,Nacoes Shopping,NS,ALC - PROMO MAES,REACH
2026-05-08 00:00:00,1863928955315249,11074,62.86,0.0,2395,0.0,6093,603,4314,4.17,0.03,3229,15.87,0.0,1562,25.42,0,3777,5132,8.16,858,15087,Nacoes Shopping,NS,TRAF - PROMO MAES,TRAFFIC
2026-05-28 00:00:00,1863928955315249,0,0.0,0.0,0,0.0,0,0,0,0.0,0.0,0,0.0,0.0,0,0.0,0,0,0,0.0,0,0,Nacoes Shopping,NS,TRAF - PROMO MAES,TRAFFIC
2026-05-30 00:00:00,1866441986593986,16329,33.67,0.0,32,0.0,176,20,160,2.06,1.05,121,0.2,0.0,51,1.12,0,69,1017,1.11,31,16368,Nacoes Shopping,NS,ALC - PROMO NAMORADOS 26,REACH
2026-05-08 00:00:00,1863928702907457,24484,54.3,0.0,57,0.0,401,35,387,2.2,0.95,211,0.23,0.0,90,1.35,0,141,1777,1.14,57,24675,Nacoes Shopping,NS,ALC - PROMO MAES,REACH
2026-05-30 00:00:00,1866451636143266,4599,34.94,0.0,1451,0.0,3929,289,2740,6.79,0.02,2521,28.21,0.0,925,29.48,0,2122,2850,9.19,451,5144,Nacoes Shopping,NS,TRAF - NAMORADOS,TRAFFIC
2026-05-15 00:00:00,1863928702907457,0,0.0,0.0,0,0.0,0,0,0,0.0,0.0,0,0.0,0.0,0,0.0,0,0,0,0.0,0,0,Nacoes Shopping,NS,ALC - PROMO MAES,REACH
2026-05-05 00:00:00,1863928702907457,11723,20.84,0.0,20,0.0,224,21,217,1.76,1.04,144,0.17,0.0,51,1.47,0,79,967,1.21,30,11818,Nacoes Shopping,NS,ALC - PROMO MAES,REACH
2026-05-06 00:00:00,1854324205639697,0,0.0,0.0,0,0.0,0,0,0,0.0,0.0,0,0.0,0.0,0,0.0,0,0,0,0.0,0,0,Nacoes Shopping,NS,ALC - FERIAS NACOES SHOPPING,REACH
2026-05-01 00:00:00,1863928955315249,9486,55.92,0.0,2197,0.0,5607,782,4145,3.84,0.03,3744,15.09,0.0,1572,19.7,0,3122,5002,7.67,992,14561,Nacoes Shopping,NS,TRAF - PROMO MAES,TRAFFIC
2026-05-21 00:00:00,1863928955315249,0,0.0,0.0,0,0.0,0,0,0,0.0,0.0,0,0.0,0.0,0,0.0,0,0,0,0.0,0,0,Nacoes Shopping,NS,TRAF - PROMO MAES,TRAFFIC
2026-05-11 00:00:00,1863928955315249,3744,18.34,0.0,692,0.0,1822,176,1289,4.04,0.03,955,15.26,0.0,457,20.99,0,1116,1475,7.36,250,4535,Nacoes Shopping,NS,TRAF - PROMO MAES,TRAFFIC
2026-05-12 00:00:00,1863928702907457,0,0.0,0.0,0,0.0,0,0,0,0.0,0.0,0,0.0,0.0,0,0.0,0,0,0,0.0,0,0,Nacoes Shopping,NS,ALC - PROMO MAES,REACH
2026-05-27 00:00:00,1863928955315249,0,0.0,0.0,0,0.0,0,0,0,0.0,0.0,0,0.0,0.0,0,0.0,0,0,0,0.0,0,0,Nacoes Shopping,NS,TRAF - PROMO MAES,TRAFFIC
2026-05-17 00:00:00,1863928955315249,0,0.0,0.0,0,0.0,0,0,0,0.0,0.0,0,0.0,0.0,0,0.0,0,0,0,0.0,0,0,Nacoes Shopping,NS,TRAF - PROMO MAES,TRAFFIC
2026-05-07 00:00:00,1863928955315249,10969,68.58,0.0,2304,0.0,6439,691,4799,4.49,0.03,3464,15.09,0.0,1490,26.08,0,3663,5670,8.74,937,15272,Nacoes Shopping,NS,TRAF - PROMO MAES,TRAFFIC
2026-05-02 00:00:00,1863928702907457,25801,47.88,0.0,63,0.0,291,34,284,1.84,0.76,199,0.24,0.0,88,1.11,0,117,1557,1.11,57,25997,Nacoes Shopping,NS,ALC - PROMO MAES,REACH
2026-05-24 00:00:00,1863928955315249,0,0.0,0.0,0,0.0,0,0,0,0.0,0.0,0,0.0,0.0,0,0.0,0,0,0,0.0,0,0,Nacoes Shopping,NS,TRAF - PROMO MAES,TRAFFIC
2026-05-14 00:00:00,1863928955315249,0,0.0,0.0,0,0.0,0,0,0,0.0,0.0,0,0.0,0.0,0,0.0,0,0,0,0.0,0,0,Nacoes Shopping,NS,TRAF - PROMO MAES,TRAFFIC
2026-05-29 00:00:00,1866451828239378,6989,13.41,0.0,0,0.0,112,22,106,1.92,0.0,204,0.0,0.0,78,1.13,0,32,522,1.11,33,6999,Nacoes Shopping,NS,ALC - TROCA DE FIGURINHAS,REACH
2026-05-04 00:00:00,1863928955315249,4755,26.29,0.0,996,0.0,2356,303,1675,4.54,0.03,1572,17.2,0.0,606,15.93,0,1319,2071,6.18,391,5792,Nacoes Shopping,NS,TRAF - PROMO MAES,TRAFFIC
2026-05-19 00:00:00,1863928702907457,0,0.0,0.0,0,0.0,0,0,0,0.0,0.0,0,0.0,0.0,0,0.0,0,0,0,0.0,0,0,Nacoes Shopping,NS,ALC - PROMO MAES,REACH
2026-05-09 00:00:00,1863928702907457,22986,50.74,0.0,54,0.0,373,34,351,2.2,0.94,209,0.23,0.0,89,1.6,0,148,1692,1.33,59,23102,Nacoes Shopping,NS,ALC - PROMO MAES,REACH
2026-05-10 00:00:00,1863928955315249,9350,49.2,0.0,2091,0.0,4526,402,2946,3.73,0.02,2102,15.84,0.0,918,16.4,0,2815,3745,6.5,538,13200,Nacoes Shopping,NS,TRAF - PROMO MAES,TRAFFIC
2026-05-29 00:00:00,1866441986593986,15761,33.81,0.0,28,0.0,153,15,143,2.13,1.21,101,0.18,0.0,31,1.22,0,47,985,1.21,20,15846,Nacoes Shopping,NS,ALC - PROMO NAMORADOS 26,REACH
2026-05-29 00:00:00,1866451636143266,5173,36.6,0.0,1354,0.0,3955,301,2849,6.43,0.03,2597,23.78,0.0,876,25.34,0,1988,2965,8.32,429,5693,Nacoes Shopping,NS,TRAF - NAMORADOS,TRAFFIC
2026-05-30 00:00:00,1863928955315249,0,0.0,0.0,0,0.0,0,0,0,0.0,0.0,0,0.0,0.0,0,0.0,0,0,0,0.0,0,0,Nacoes Shopping,NS,TRAF - PROMO MAES,TRAFFIC
2026-05-20 00:00:00,1863928955315249,0,0.0,0.0,0,0.0,0,0,0,0.0,0.0,0,0.0,0.0,0,0.0,0,0,0,0.0,0,0,Nacoes Shopping,NS,TRAF - PROMO MAES,TRAFFIC
2026-05-26 00:00:00,1863928702907457,0,0.0,0.0,0,0.0,0,0,0,0.0,0.0,0,0.0,0.0,0,0.0,0,0,0,0.0,0,0,Nacoes Shopping,NS,ALC - PROMO MAES,REACH
2026-05-16 00:00:00,1863928702907457,0,0.0,0.0,0,0.0,0,0,0,0.0,0.0,0,0.0,0.0,0,0.0,0,0,0,0.0,0,0,Nacoes Shopping,NS,ALC - PROMO MAES,REACH
2026-05-06 00:00:00,1863928702907457,26703,56.92,0.0,58,0.0,522,69,507,2.1,0.98,318,0.21,0.0,152,1.6,0,215,2284,1.29,99,27057,Nacoes Shopping,NS,ALC - PROMO MAES,REACH
2026-05-13 00:00:00,1863928955315249,0,0.0,0.0,0,0.0,0,0,0,0.0,0.0,0,0.0,0.0,0,0.0,0,0,0,0.0,0,0,Nacoes Shopping,NS,TRAF - PROMO MAES,TRAFFIC
2026-05-13 00:00:00,1863928702907457,0,0.0,0.0,0,0.0,0,0,0,0.0,0.0,0,0.0,0.0,0,0.0,0,0,0,0.0,0,0,Nacoes Shopping,NS,ALC - PROMO MAES,REACH
2026-05-23 00:00:00,1863928955315249,0,0.0,0.0,0,0.0,0,0,0,0.0,0.0,0,0.0,0.0,0,0.0,0,0,0,0.0,0,0,Nacoes Shopping,NS,TRAF - PROMO MAES,TRAFFIC
2026-05-03 00:00:00,1863928955315249,11481,52.9,0.0,2662,0.0,5362,579,3694,3.48,0.02,3363,17.5,0.0,1229,19.38,0,2971,4510,5.49,766,15215,Nacoes Shopping,NS,TRAF - PROMO MAES,TRAFFIC
2026-05-03 00:00:00,1863928702907457,25905,48.01,0.0,56,0.0,305,31,288,1.84,0.86,192,0.21,0.0,69,1.19,0,100,1476,1.18,40,26086,Nacoes Shopping,NS,ALC - PROMO MAES,REACH
2026-05-30 00:00:00,1866451828239378,7421,13.61,0.0,0,0.0,100,19,96,1.84,0.0,205,0.0,0.0,64,1.1,0,24,549,1.1,30,7414,Nacoes Shopping,NS,ALC - TROCA DE FIGURINHAS,REACH
2026-05-20 00:00:00,1863928702907457,0,0.0,0.0,0,0.0,0,0,0,0.0,0.0,0,0.0,0.0,0,0.0,0,0,0,0.0,0,0,Nacoes Shopping,NS,ALC - PROMO MAES,REACH
2026-05-10 00:00:00,1863928702907457,22467,48.16,0.0,61,0.0,376,45,352,2.13,0.79,233,0.27,0.0,89,1.43,0,150,1703,1.19,60,22583,Nacoes Shopping,NS,ALC - PROMO MAES,REACH
2026-05-28 00:00:00,1866451636143266,3526,24.52,0.0,906,0.0,2197,194,1483,5.77,0.03,1355,21.32,0.0,482,18.66,0,1207,1622,6.74,265,4250,Nacoes Shopping,NS,TRAF - NAMORADOS,TRAFFIC
2026-05-28 00:00:00,1866441986593986,10632,19.57,0.0,23,0.0,117,7,110,1.83,0.85,83,0.22,0.0,26,1.06,0,38,558,1.06,11,10688,Nacoes Shopping,NS,ALC - PROMO NAMORADOS 26,REACH
2026-05-06 00:00:00,1863928955315249,4852,33.04,0.0,1088,0.0,3265,467,2487,5.13,0.03,2000,16.89,0.0,1126,27.76,0,2090,2855,11.55,720,6440,Nacoes Shopping,NS,TRAF - PROMO MAES,TRAFFIC
2026-05-16 00:00:00,1863928955315249,0,0.0,0.0,0,0.0,0,0,0,0.0,0.0,0,0.0,0.0,0,0.0,0,0,0,0.0,0,0,Nacoes Shopping,NS,TRAF - PROMO MAES,TRAFFIC
2026-05-17 00:00:00,1863928702907457,0,0.0,0.0,0,0.0,0,0,0,0.0,0.0,0,0.0,0.0,0,0.0,0,0,0,0.0,0,0,Nacoes Shopping,NS,ALC - PROMO MAES,REACH
2026-05-22 00:00:00,1863928955315249,0,0.0,0.0,0,0.0,0,0,0,0.0,0.0,0,0.0,0.0,0,0.0,0,0,0,0.0,0,0,Nacoes Shopping,NS,TRAF - PROMO MAES,TRAFFIC
2026-05-12 00:00:00,1863928955315249,0,0.0,0.0,0,0.0,0,0,0,0.0,0.0,0,0.0,0.0,0,0.0,0,0,0,0.0,0,0,Nacoes Shopping,NS,TRAF - PROMO MAES,TRAFFIC
2026-05-27 00:00:00,1863928702907457,0,0.0,0.0,0,0.0,0,0,0,0.0,0.0,0,0.0,0.0,0,0.0,0,0,0,0.0,0,0,Nacoes Shopping,NS,ALC - PROMO MAES,REACH
2026-05-02 00:00:00,1863928955315249,9685,54.69,0.0,2149,0.0,5088,730,3656,4.06,0.03,3310,15.97,0.0,1398,16.87,0,2924,4517,6.77,921,13454,Nacoes Shopping,NS,TRAF - PROMO MAES,TRAFFIC
2026-05-07 00:00:00,1863928702907457,27322,60.23,0.0,74,0.0,498,45,478,2.18,0.81,292,0.27,0.0,116,1.47,0,185,2177,1.25,70,27603,Nacoes Shopping,NS,ALC - PROMO MAES,REACH
2026-05-19 00:00:00,1863928955315249,0,0.0,0.0,0,0.0,0,0,0,0.0,0.0,0,0.0,0.0,0,0.0,0,0,0,0.0,0,0,Nacoes Shopping,NS,TRAF - PROMO MAES,TRAFFIC
2026-05-09 00:00:00,1863928955315249,10225,58.05,0.0,2395,0.0,5823,539,3950,4.23,0.02,2841,17.44,0.0,1335,24.12,0,3598,4747,8.07,774,13735,Nacoes Shopping,NS,TRAF - PROMO MAES,TRAFFIC
2026-05-04 00:00:00,1863928702907457,10998,23.55,0.0,17,0.0,126,15,127,2.12,1.39,94,0.15,0.0,37,1.32,0,42,698,1.3,25,11122,Nacoes Shopping,NS,ALC - PROMO MAES,REACH
2026-05-14 00:00:00,1863928702907457,0,0.0,0.0,0,0.0,0,0,0,0.0,0.0,0,0.0,0.0,0,0.0,0,0,0,0.0,0,0,Nacoes Shopping,NS,ALC - PROMO MAES,REACH
2026-05-05 00:00:00,1848504928619618,0,0.0,0.0,0,0.0,0,0,0,0.0,0.0,0,0.0,0.0,0,0.0,0,0,0,0.0,0,0,Nacoes Shopping,NS,TRAF - NATAL 25,TRAFFIC
2026-06-07 00:00:00,1866451828239378,7784,11.68,0.0,0,0.0,96,23,92,1.49,0.0,195,0.0,0.0,65,1.09,0,30,520,1.09,35,7833,Nacoes Shopping,NS,ALC - TROCA DE FIGURINHAS,REACH
2026-06-13 00:00:00,1866441986593986,10450,19.51,0.0,19,0.0,114,4,105,1.86,1.03,42,0.18,0.0,16,1.41,0,37,686,1.14,7,10506,Nacoes Shopping,NS,ALC - PROMO NAMORADOS 26,REACH
2026-06-03 00:00:00,1866441986593986,14698,33.03,0.0,39,0.0,200,22,178,2.23,0.85,131,0.26,0.0,55,1.15,0,84,1062,1.14,33,14820,Nacoes Shopping,NS,ALC - PROMO NAMORADOS 26,REACH
2026-06-27 00:00:00,1866451828239378,3167,6.25,0.0,0,0.0,37,5,36,1.96,0.0,63,0.0,0.0,25,0.96,0,7,173,0.96,8,3183,Nacoes Shopping,NS,ALC - TROCA DE FIGURINHAS,REACH
2026-06-17 00:00:00,1866451828239378,5388,10.42,0.0,0,0.0,63,13,61,1.92,0.0,118,0.0,0.0,45,1.07,0,16,339,1.06,20,5421,Nacoes Shopping,NS,ALC - TROCA DE FIGURINHAS,REACH
2026-06-13 00:00:00,1866451636143266,3112,16.98,0.0,842,0.0,2124,149,1445,5.01,0.02,1231,24.83,0.0,442,22.97,0,1133,1537,7.09,217,3391,Nacoes Shopping,NS,TRAF - NAMORADOS,TRAFFIC
2026-06-03 00:00:00,1866451636143266,5732,33.28,0.0,1864,0.0,3811,268,2440,5.22,0.02,2201,29.25,0.0,769,31.58,0,2168,2577,6.55,393,6372,Nacoes Shopping,NS,TRAF - NAMORADOS,TRAFFIC
2026-06-14 00:00:00,1863928955315249,0,0.0,0.0,0,0.0,0,0,0,0.0,0.0,0,0.0,0.0,0,0.0,0,0,0,0.0,0,0,Nacoes Shopping,NS,TRAF - PROMO MAES,TRAFFIC
2026-06-23 00:00:00,1848504928619618,0,0.0,0.0,0,0.0,0,0,0,0.0,0.0,0,0.0,0.0,0,0.0,0,0,0,0.0,0,0,Nacoes Shopping,NS,TRAF - NATAL 25,TRAFFIC
2026-06-16 00:00:00,1866451636143266,0,0.0,0.0,0,0.0,0,0,0,0.0,0.0,0,0.0,0.0,0,0.0,0,0,0,0.0,0,0,Nacoes Shopping,NS,TRAF - NAMORADOS,TRAFFIC
2026-06-06 00:00:00,1866451636143266,4844,28.59,0.0,1652,0.0,3808,363,2464,5.54,0.02,2188,32.03,0.0,890,27.19,0,2275,2749,8.77,489,5157,Nacoes Shopping,NS,TRAF - NAMORADOS,TRAFFIC
2026-06-16 00:00:00,1866441986593986,0,0.0,0.0,0,0.0,0,0,0,0.0,0.0,0,0.0,0.0,0,0.0,0,0,0,0.0,0,0,Nacoes Shopping,NS,ALC - PROMO NAMORADOS 26,REACH
2026-06-06 00:00:00,1866441986593986,15565,29.94,0.0,24,0.0,172,7,164,1.91,1.25,61,0.15,0.0,22,1.43,0,56,1203,1.18,10,15679,Nacoes Shopping,NS,ALC - PROMO NAMORADOS 26,REACH
2026-06-09 00:00:00,1866441986593986,14420,28.17,0.0,30,0.0,170,15,167,1.94,0.94,70,0.21,0.0,30,1.53,0,62,1149,1.24,18,14551,Nacoes Shopping,NS,ALC - PROMO NAMORADOS 26,REACH
2026-06-24 00:00:00,1866451828239378,3969,8.7,0.0,0,0.0,34,14,34,2.18,0.0,72,0.0,0.0,26,1.0,0,15,212,1.0,15,3989,Nacoes Shopping,NS,ALC - TROCA DE FIGURINHAS,REACH
2026-06-14 00:00:00,1866451828239378,7738,11.51,0.0,0,0.0,88,16,83,1.48,0.0,178,0.0,0.0,59,1.03,0,22,502,1.03,30,7783,Nacoes Shopping,NS,ALC - TROCA DE FIGURINHAS,REACH
2026-06-04 00:00:00,1866451828239378,7181,13.25,0.0,0,0.0,79,17,83,1.84,0.0,159,0.0,0.0,55,1.04,0,18,445,1.03,30,7190,Nacoes Shopping,NS,ALC - TROCA DE FIGURINHAS,REACH
2026-06-19 00:00:00,1866451636143266,0,0.0,0.0,0,0.0,0,0,0,0.0,0.0,0,0.0,0.0,0,0.0,0,0,0,0.0,0,0,Nacoes Shopping,NS,TRAF - NAMORADOS,TRAFFIC
2026-06-09 00:00:00,1866451636143266,4920,26.54,0.0,1388,0.0,3261,217,2190,4.79,0.02,1924,25.05,0.0,644,29.19,0,1745,2311,6.72,319,5541,Nacoes Shopping,NS,TRAF - NAMORADOS,TRAFFIC
2026-06-02 00:00:00,1866451636143266,5588,33.38,0.0,1706,0.0,4189,343,2829,5.58,0.02,2552,28.5,0.0,919,35.13,0,2304,2997,7.89,488,5986,Nacoes Shopping,NS,TRAF - NAMORADOS,TRAFFIC
2026-06-28 00:00:00,1866451828239378,2950,4.78,0.0,0,0.0,22,8,21,1.61,0.0,44,0.0,0.0,18,0.95,0,12,127,0.95,13,2967,Nacoes Shopping,NS,ALC - TROCA DE FIGURINHAS,REACH
2026-06-18 00:00:00,1866451828239378,5937,11.38,0.0,0,0.0,61,8,61,1.9,0.0,120,0.0,0.0,36,1.02,0,10,333,1.02,11,5976,Nacoes Shopping,NS,ALC - TROCA DE FIGURINHAS,REACH
2026-06-19 00:00:00,1866441986593986,0,0.0,0.0,0,0.0,0,0,0,0.0,0.0,0,0.0,0.0,0,0.0,0,0,0,0.0,0,0,Nacoes Shopping,NS,ALC - PROMO NAMORADOS 26,REACH
2026-06-21 00:00:00,1866451828239378,5649,9.31,0.0,0,0.0,47,10,46,1.64,0.0,105,0.0,0.0,32,0.98,0,11,302,0.97,18,5663,Nacoes Shopping,NS,ALC - TROCA DE FIGURINHAS,REACH
2026-06-11 00:00:00,1866451828239378,6364,11.71,0.0,0,0.0,75,12,73,1.83,0.0,148,0.0,0.0,54,1.08,0,15,393,1.07,24,6397,Nacoes Shopping,NS,ALC - TROCA DE FIGURINHAS,REACH
2026-06-01 00:00:00,1866451828239378,8177,13.04,0.0,0,0.0,112,36,115,1.59,0.0,238,0.0,0.0,83,1.18,0,40,644,1.17,49,8189,Nacoes Shopping,NS,ALC - TROCA DE FIGURINHAS,REACH
2026-06-12 00:00:00,1866441986593986,12087,23.63,0.0,20,0.0,152,4,140,1.94,1.18,48,0.16,0.0,20,1.36,0,44,827,1.12,9,12169,Nacoes Shopping,NS,ALC - PROMO NAMORADOS 26,REACH
2026-06-02 00:00:00,1866441986593986,15165,32.33,0.0,36,0.0,188,20,174,2.11,0.9,128,0.24,0.0,45,1.22,0,67,985,1.21,28,15296,Nacoes Shopping,NS,ALC - PROMO NAMORADOS 26,REACH
2026-05-31 00:00:00,1863928955315249,0,0.0,0.0,0,0.0,0,0,0,0.0,0.0,0,0.0,0.0,0,0.0,0,0,0,0.0,0,0,Nacoes Shopping,NS,TRAF - PROMO MAES,TRAFFIC
2026-06-12 00:00:00,1866451636143266,4698,22.5,0.0,1181,0.0,3050,245,2113,4.23,0.02,1836,22.2,0.0,645,25.06,0,1598,2242,6.91,340,5321,Nacoes Shopping,NS,TRAF - NAMORADOS,TRAFFIC
2026-06-15 00:00:00,1866451636143266,0,0.0,0.0,0,0.0,0,0,0,0.0,0.0,0,0.0,0.0,0,0.0,0,0,0,0.0,0,0,Nacoes Shopping,NS,TRAF - NAMORADOS,TRAFFIC
2026-06-05 00:00:00,1866451636143266,5043,27.94,0.0,1688,0.0,4303,375,2926,5.15,0.02,2685,31.12,0.0,1013,33.6,0,2412,3095,9.22,525,5425,Nacoes Shopping,NS,TRAF - NAMORADOS,TRAFFIC
2026-06-25 00:00:00,1866451828239378,4209,8.64,0.0,0,0.0,31,10,31,2.04,0.0,64,0.0,0.0,24,0.98,0,12,226,0.97,15,4231,Nacoes Shopping,NS,ALC - TROCA DE FIGURINHAS,REACH
2026-06-15 00:00:00,1866451828239378,7343,10.92,0.0,0,0.0,70,18,68,1.48,0.0,146,0.0,0.0,46,1.06,0,21,473,1.05,23,7367,Nacoes Shopping,NS,ALC - TROCA DE FIGURINHAS,REACH
2026-06-05 00:00:00,1866451828239378,7243,12.27,0.0,0,0.0,104,28,102,1.69,0.0,196,0.0,0.0,73,1.11,0,31,506,1.1,38,7279,Nacoes Shopping,NS,ALC - TROCA DE FIGURINHAS,REACH
2026-06-08 00:00:00,1866451828239378,7296,11.9,0.0,0,0.0,80,20,76,1.62,0.0,158,0.0,0.0,55,1.09,0,25,494,1.09,29,7350,Nacoes Shopping,NS,ALC - TROCA DE FIGURINHAS,REACH
2026-06-15 00:00:00,1866441986593986,0,0.0,0.0,0,0.0,0,0,0,0.0,0.0,0,0.0,0.0,0,0.0,0,0,0,0.0,0,0,Nacoes Shopping,NS,ALC - PROMO NAMORADOS 26,REACH
2026-06-05 00:00:00,1866441986593986,16739,31.17,0.0,39,0.0,192,15,181,1.85,0.8,99,0.23,0.0,41,1.35,0,69,1215,1.16,25,16830,Nacoes Shopping,NS,ALC - PROMO NAMORADOS 26,REACH
2026-06-18 00:00:00,1866441986593986,0,0.0,0.0,0,0.0,0,0,0,0.0,0.0,0,0.0,0.0,0,0.0,0,0,0,0.0,0,0,Nacoes Shopping,NS,ALC - PROMO NAMORADOS 26,REACH
2026-06-02 00:00:00,1866451828239378,7017,12.85,0.0,0,0.0,94,24,91,1.82,0.0,169,0.0,0.0,69,1.09,0,30,460,1.09,43,7069,Nacoes Shopping,NS,ALC - TROCA DE FIGURINHAS,REACH
2026-06-08 00:00:00,1866441986593986,15486,28.46,0.0,31,0.0,210,7,197,1.82,0.92,61,0.2,0.0,21,1.48,0,60,1289,1.19,10,15610,Nacoes Shopping,NS,ALC - PROMO NAMORADOS 26,REACH
2026-06-22 00:00:00,1866451828239378,5107,8.85,0.0,0,0.0,46,13,41,1.73,0.0,91,0.0,0.0,30,1.03,0,18,262,1.03,19,5118,Nacoes Shopping,NS,ALC - TROCA DE FIGURINHAS,REACH
2026-06-12 00:00:00,1866451828239378,6267,11.71,0.0,0,0.0,73,16,69,1.86,0.0,154,0.0,0.0,52,1.17,0,20,382,1.16,26,6298,Nacoes Shopping,NS,ALC - TROCA DE FIGURINHAS,REACH
2026-06-08 00:00:00,1866451636143266,4799,27.33,0.0,1519,0.0,3737,224,2562,5.18,0.02,2193,28.77,0.0,679,30.05,0,1884,2721,7.82,330,5279,Nacoes Shopping,NS,TRAF - NAMORADOS,TRAFFIC
2026-06-18 00:00:00,1866451636143266,0,0.0,0.0,0,0.0,0,0,0,0.0,0.0,0,0.0,0.0,0,0.0,0,0,0,0.0,0,0,Nacoes Shopping,NS,TRAF - NAMORADOS,TRAFFIC
2026-06-21 00:00:00,1866451636143266,0,0.0,0.0,0,0.0,0,0,0,0.0,0.0,0,0.0,0.0,0,0.0,0,0,0,0.0,0,0,Nacoes Shopping,NS,TRAF - NAMORADOS,TRAFFIC
2026-06-16 00:00:00,1863928955315249,0,0.0,0.0,0,0.0,0,0,0,0.0,0.0,0,0.0,0.0,0,0.0,0,0,0,0.0,0,0,Nacoes Shopping,NS,TRAF - PROMO MAES,TRAFFIC
2026-06-11 00:00:00,1866451636143266,4454,23.87,0.0,1245,0.0,2861,213,1859,4.78,0.02,1691,24.93,0.0,599,28.13,0,1607,1979,6.43,290,4993,Nacoes Shopping,NS,TRAF - NAMORADOS,TRAFFIC
2026-06-01 00:00:00,1866451636143266,5597,33.87,0.0,1824,0.0,4218,326,2853,5.39,0.02,2598,29.04,0.0,901,35.12,0,2283,3014,7.82,457,6281,Nacoes Shopping,NS,TRAF - NAMORADOS,TRAFFIC
2026-06-12 00:00:00,1863928702907457,0,0.0,0.0,0,0.0,0,0,0,0.0,0.0,0,0.0,0.0,0,0.0,0,0,0,0.0,0,0,Nacoes Shopping,NS,ALC - PROMO MAES,REACH
2026-06-01 00:00:00,1866441986593986,17870,33.69,0.0,35,0.0,215,29,198,1.87,0.96,153,0.19,0.0,61,1.15,0,82,1221,1.15,40,18000,Nacoes Shopping,NS,ALC - PROMO NAMORADOS 26,REACH
2026-06-21 00:00:00,1866441986593986,0,0.0,0.0,0,0.0,0,0,0,0.0,0.0,0,0.0,0.0,0,0.0,0,0,0,0.0,0,0,Nacoes Shopping,NS,ALC - PROMO NAMORADOS 26,REACH
2026-06-11 00:00:00,1866441986593986,13310,26.34,0.0,18,0.0,145,10,137,1.96,1.46,46,0.13,0.0,19,1.34,0,38,950,1.15,13,13406,Nacoes Shopping,NS,ALC - PROMO NAMORADOS 26,REACH
2026-06-04 00:00:00,1866441986593986,16021,34.14,0.0,37,0.0,195,17,180,2.12,0.92,129,0.23,0.0,44,1.11,0,68,948,1.1,24,16101,Nacoes Shopping,NS,ALC - PROMO NAMORADOS 26,REACH
2026-06-19 00:00:00,1866451828239378,5038,10.64,0.0,0,0.0,62,12,62,2.11,0.0,118,0.0,0.0,47,1.01,0,16,312,1.0,26,5043,Nacoes Shopping,NS,ALC - TROCA DE FIGURINHAS,REACH
2026-06-09 00:00:00,1866451828239378,6728,11.52,0.0,0,0.0,90,30,88,1.7,0.0,167,0.0,0.0,69,1.14,0,37,472,1.14,41,6770,Nacoes Shopping,NS,ALC - TROCA DE FIGURINHAS,REACH
2026-06-29 00:00:00,1866451828239378,1780,3.62,0.0,0,0.0,17,7,17,2.04,0.0,28,0.0,0.0,13,0.98,0,7,92,0.97,8,1776,Nacoes Shopping,NS,ALC - TROCA DE FIGURINHAS,REACH
2026-06-14 00:00:00,1866451636143266,672,3.6,0.0,185,0.0,382,26,240,5.19,0.02,199,26.66,0.0,61,15.33,0,205,254,5.09,32,694,Nacoes Shopping,NS,TRAF - NAMORADOS,TRAFFIC
2026-06-04 00:00:00,1866451636143266,6103,32.48,0.0,2122,0.0,4549,382,2956,4.88,0.02,2705,31.89,0.0,1039,36.2,0,2652,3152,7.76,561,6654,Nacoes Shopping,NS,TRAF - NAMORADOS,TRAFFIC
2026-06-23 00:00:00,1866451828239378,4775,9.06,0.0,0,0.0,38,12,37,1.89,0.0,82,0.0,0.0,33,1.98,0,13,233,1.99,18,4799,Nacoes Shopping,NS,ALC - TROCA DE FIGURINHAS,REACH
2026-06-14 00:00:00,1866441986593986,1259,2.33,0.0,1,0.0,13,0,12,1.84,2.33,4,0.08,0.0,1,1.22,0,3,82,1.1,1,1265,Nacoes Shopping,NS,ALC - PROMO NAMORADOS 26,REACH
2026-06-27 00:00:00,1866441986593986,0,0.0,0.0,0,0.0,0,0,0,0.0,0.0,0,0.0,0.0,0,0.0,0,0,0,0.0,0,0,Nacoes Shopping,NS,ALC - PROMO NAMORADOS 26,REACH
2026-06-26 00:00:00,1866451828239378,3509,7.44,0.0,0,0.0,33,10,33,2.11,0.0,63,0.0,0.0,29,2.96,0,13,171,2.92,15,3524,Nacoes Shopping,NS,ALC - TROCA DE FIGURINHAS,REACH
2026-06-16 00:00:00,1866451828239378,6432,11.11,0.0,0,0.0,83,19,83,1.72,0.0,150,0.0,0.0,63,1.14,0,22,409,1.12,29,6457,Nacoes Shopping,NS,ALC - TROCA DE FIGURINHAS,REACH
2026-06-06 00:00:00,1866451828239378,7072,12.09,0.0,0,0.0,88,17,87,1.7,0.0,173,0.0,0.0,62,1.07,0,21,492,1.06,36,7108,Nacoes Shopping,NS,ALC - TROCA DE FIGURINHAS,REACH
2026-06-07 00:00:00,1866441986593986,16590,28.93,0.0,26,0.0,194,7,182,1.73,1.11,63,0.16,0.0,20,1.46,0,68,1305,1.2,13,16696,Nacoes Shopping,NS,ALC - PROMO NAMORADOS 26,REACH
2026-06-17 00:00:00,1866441986593986,0,0.0,0.0,0,0.0,0,0,0,0.0,0.0,0,0.0,0.0,0,0.0,0,0,0,0.0,0,0,Nacoes Shopping,NS,ALC - PROMO NAMORADOS 26,REACH
2026-06-17 00:00:00,1866451636143266,0,0.0,0.0,0,0.0,0,0,0,0.0,0.0,0,0.0,0.0,0,0.0,0,0,0,0.0,0,0,Nacoes Shopping,NS,TRAF - NAMORADOS,TRAFFIC
2026-06-07 00:00:00,1866451636143266,5580,29.99,0.0,1878,0.0,4504,359,3033,4.97,0.02,2632,31.14,0.0,933,33.76,0,2437,3269,8.52,503,6031,Nacoes Shopping,NS,TRAF - NAMORADOS,TRAFFIC
2026-06-10 00:00:00,1866451636143266,4439,26.12,0.0,1269,0.0,3095,187,2113,4.93,0.02,1871,23.95,0.0,564,27.46,0,1566,2256,7.08,276,5298,Nacoes Shopping,NS,TRAF - NAMORADOS,TRAFFIC
2026-05-31 00:00:00,1866451636143266,6360,37.47,0.0,1755,0.0,4650,347,3305,5.22,0.02,2992,24.46,0.0,1005,32.04,0,2360,3469,7.81,509,7174,Nacoes Shopping,NS,TRAF - NAMORADOS,TRAFFIC
2026-06-20 00:00:00,1866451828239378,5623,10.09,0.0,0,0.0,57,18,55,1.79,0.0,105,0.0,0.0,38,1.02,0,23,293,1.0,24,5640,Nacoes Shopping,NS,ALC - TROCA DE FIGURINHAS,REACH
2026-06-10 00:00:00,1866451828239378,6429,11.92,0.0,0,0.0,94,25,96,1.84,0.0,166,0.0,0.0,80,1.32,0,27,415,1.31,38,6469,Nacoes Shopping,NS,ALC - TROCA DE FIGURINHAS,REACH
2026-05-31 00:00:00,1866451828239378,7639,12.93,0.0,0,0.0,108,22,107,1.69,0.0,202,0.0,0.0,78,2.85,0,28,522,2.84,36,7670,Nacoes Shopping,NS,ALC - TROCA DE FIGURINHAS,REACH
2026-06-18 00:00:00,1863928955315249,0,0.0,0.0,0,0.0,0,0,0,0.0,0.0,0,0.0,0.0,0,0.0,0,0,0,0.0,0,0,Nacoes Shopping,NS,TRAF - PROMO MAES,TRAFFIC
2026-06-13 00:00:00,1866451828239378,6710,12.16,0.0,0,0.0,73,20,75,1.8,0.0,162,0.0,0.0,59,1.06,0,23,448,1.05,31,6741,Nacoes Shopping,NS,ALC - TROCA DE FIGURINHAS,REACH
2026-06-03 00:00:00,1866451828239378,6992,13.25,0.0,0,0.0,89,15,84,1.89,0.0,188,0.0,0.0,67,1.08,0,21,502,1.07,25,7015,Nacoes Shopping,NS,ALC - TROCA DE FIGURINHAS,REACH
2026-06-10 00:00:00,1866441986593986,12905,27.32,0.0,14,0.0,165,13,164,2.1,1.95,64,0.11,0.0,30,1.64,0,50,970,1.33,21,13023,Nacoes Shopping,NS,ALC - PROMO NAMORADOS 26,REACH
2026-05-31 00:00:00,1866441986593986,17055,33.95,0.0,48,0.0,192,24,178,1.98,0.71,126,0.28,0.0,48,1.1,0,78,1016,1.09,34,17145,Nacoes Shopping,NS,ALC - PROMO NAMORADOS 26,REACH
2026-07-08 00:00:00,1869534270825826,0,0.0,0.0,0,0.0,0,0,0,0.0,0.0,0,0.0,0.0,0,0.0,0,0,0,0.0,0,0,Nacoes Shopping,NS,ALC - SALE,REACH
2026-07-03 00:00:00,1869534270825826,50417,131.98,0.0,0,0.0,933,122,928,2.59,0.0,922,0.0,0.0,398,1.57,0,303,4108,1.21,231,50990,Nacoes Shopping,NS,ALC - SALE,REACH
2026-07-03 00:00:00,1848504928619618,0,0.0,0.0,0,0.0,0,0,0,0.0,0.0,0,0.0,0.0,0,0.0,0,0,0,0.0,0,0,Nacoes Shopping,NS,TRAF - NATAL 25,TRAFFIC
2026-07-05 00:00:00,1869534510406689,4012,34.65,0.0,0,0.0,808,38,786,8.56,0.0,494,0.0,0.0,158,4.35,0,243,2004,3.97,84,4047,Nacoes Shopping,NS,Interações com a comunidade - NS,ENGAGEMENT
2026-07-01 00:00:00,1863928955315249,0,0.0,0.0,0,0.0,0,0,0,0.0,0.0,0,0.0,0.0,0,0.0,0,0,0,0.0,0,0,Nacoes Shopping,NS,TRAF - PROMO MAES,TRAFFIC
2026-07-02 00:00:00,1869534510406689,2101,42.54,0.0,0,0.0,271,28,251,19.93,0.0,184,0.0,0.0,86,4.98,0,125,712,3.59,58,2135,Nacoes Shopping,NS,Interações com a comunidade - NS,ENGAGEMENT
2026-07-12 00:00:00,1869534510406689,0,0.0,0.0,0,0.0,0,0,0,0.0,0.0,0,0.0,0.0,0,0.0,0,0,0,0.0,0,0,Nacoes Shopping,NS,Interações com a comunidade - NS,ENGAGEMENT
2026-07-25 00:00:00,1848504928619618,0,0.0,0.0,0,0.0,0,0,0,0.0,0.0,0,0.0,0.0,0,0.0,0,0,0,0.0,0,0,Nacoes Shopping,NS,TRAF - NATAL 25,TRAFFIC
2026-07-07 00:00:00,1869534510406689,1344,16.31,0.0,0,0.0,188,11,187,11.98,0.0,123,0.0,0.0,43,3.97,0,59,537,3.48,28,1361,Nacoes Shopping,NS,Interações com a comunidade - NS,ENGAGEMENT
2026-07-04 00:00:00,1866451636143266,0,0.0,0.0,0,0.0,0,0,0,0.0,0.0,0,0.0,0.0,0,0.0,0,0,0,0.0,0,0,Nacoes Shopping,NS,TRAF - NAMORADOS,TRAFFIC
2026-07-10 00:00:00,1869534270825826,0,0.0,0.0,0,0.0,0,0,0,0.0,0.0,0,0.0,0.0,0,0.0,0,0,0,0.0,0,0,Nacoes Shopping,NS,ALC - SALE,REACH
2026-07-05 00:00:00,1869534270825826,15317,47.53,0.0,0,0.0,285,39,285,3.06,0.0,289,0.0,0.0,116,3.0,0,93,1366,2.52,69,15521,Nacoes Shopping,NS,ALC - SALE,REACH
2026-07-04 00:00:00,1866451828239378,0,0.0,0.0,0,0.0,0,0,0,0.0,0.0,0,0.0,0.0,0,0.0,0,0,0,0.0,0,0,Nacoes Shopping,NS,ALC - TROCA DE FIGURINHAS,REACH
2026-07-03 00:00:00,1866451828239378,0,0.0,0.0,0,0.0,0,0,0,0.0,0.0,0,0.0,0.0,0,0.0,0,0,0,0.0,0,0,Nacoes Shopping,NS,ALC - TROCA DE FIGURINHAS,REACH
2026-07-19 00:00:00,1869534270825826,0,0.0,0.0,0,0.0,0,0,0,0.0,0.0,0,0.0,0.0,0,0.0,0,0,0,0.0,0,0,Nacoes Shopping,NS,ALC - SALE,REACH
2026-07-09 00:00:00,1869534270825826,0,0.0,0.0,0,0.0,0,0,0,0.0,0.0,0,0.0,0.0,0,0.0,0,0,0,0.0,0,0,Nacoes Shopping,NS,ALC - SALE,REACH
2026-07-13 00:00:00,1866451828239378,0,0.0,0.0,0,0.0,0,0,0,0.0,0.0,0,0.0,0.0,0,0.0,0,0,0,0.0,0,0,Nacoes Shopping,NS,ALC - TROCA DE FIGURINHAS,REACH
2026-07-04 00:00:00,1869534270825826,44786,129.46,0.0,0,0.0,878,119,884,2.85,0.0,885,0.0,0.0,393,1.63,0,304,3864,1.26,229,45358,Nacoes Shopping,NS,ALC - SALE,REACH
2026-07-07 00:00:00,1869534270825826,0,0.0,0.0,0,0.0,0,0,0,0.0,0.0,0,0.0,0.0,0,0.0,0,0,0,0.0,0,0,Nacoes Shopping,NS,ALC - SALE,REACH
2026-07-01 00:00:00,1866451828239378,0,0.0,0.0,0,0.0,0,0,0,0.0,0.0,0,0.0,0.0,0,0.0,0,0,0,0.0,0,0,Nacoes Shopping,NS,ALC - TROCA DE FIGURINHAS,REACH
2026-07-02 00:00:00,1869534270825826,59699,131.54,0.0,0,0.0,976,116,954,2.18,0.0,1011,0.0,0.0,403,1.76,0,308,4532,1.21,219,60377,Nacoes Shopping,NS,ALC - SALE,REACH
2026-07-04 00:00:00,1869534510406689,3217,34.07,0.0,0,0.0,512,33,493,10.51,0.0,310,0.0,0.0,108,4.48,0,193,1489,3.98,64,3242,Nacoes Shopping,NS,Interações com a comunidade - NS,ENGAGEMENT
2026-06-30 00:00:00,1866451636143266,0,0.0,0.0,0,0.0,0,0,0,0.0,0.0,0,0.0,0.0,0,0.0,0,0,0,0.0,0,0,Nacoes Shopping,NS,TRAF - NAMORADOS,TRAFFIC
2026-07-08 00:00:00,1869534510406689,0,0.0,0.0,0,0.0,0,0,0,0.0,0.0,0,0.0,0.0,0,0.0,0,0,0,0.0,0,0,Nacoes Shopping,NS,Interações com a comunidade - NS,ENGAGEMENT
2026-07-03 00:00:00,1869534510406689,3320,32.91,0.0,0,0.0,439,19,413,9.81,0.0,263,0.0,0.0,79,4.04,0,159,1306,3.11,45,3355,Nacoes Shopping,NS,Interações com a comunidade - NS,ENGAGEMENT
2026-07-06 00:00:00,1869534270825826,0,0.0,0.0,0,0.0,0,0,0,0.0,0.0,0,0.0,0.0,0,0.0,0,0,0,0.0,0,0,Nacoes Shopping,NS,ALC - SALE,REACH
2026-07-01 00:00:00,1869534270825826,42274,59.49,0.0,0,0.0,596,67,596,1.4,0.0,632,0.0,0.0,249,1.77,0,177,2756,1.08,133,42592,Nacoes Shopping,NS,ALC - SALE,REACH
2026-06-30 00:00:00,1866451828239378,88,0.22,0.0,0,0.0,1,0,1,2.53,0.0,2,0.0,0.0,1,0.94,0,0,4,0.93,0,87,Nacoes Shopping,NS,ALC - TROCA DE FIGURINHAS,REACH
2026-07-11 00:00:00,1869534510406689,0,0.0,0.0,0,0.0,0,0,0,0.0,0.0,0,0.0,0.0,0,0.0,0,0,0,0.0,0,0,Nacoes Shopping,NS,Interações com a comunidade - NS,ENGAGEMENT
2026-07-06 00:00:00,1869534510406689,3425,32.38,0.0,0,0.0,645,37,622,9.34,0.0,385,0.0,0.0,134,4.45,0,208,1599,3.93,70,3467,Nacoes Shopping,NS,Interações com a comunidade - NS,ENGAGEMENT
2026-07-01 00:00:00,1869534510406689,928,19.97,0.0,0,0.0,107,12,88,21.22,0.0,71,0.0,0.0,36,4.3,0,63,270,2.94,26,941,Nacoes Shopping,NS,Interações com a comunidade - NS,ENGAGEMENT
2026-08-12 00:00:00,1866451636143266,0,0.0,0.0,0,0.0,0,0,0,0.0,0.0,0,0.0,0.0,0,0.0,0,0,0,0.0,0,0,Nacoes Shopping,NS,TRAF - NAMORADOS,TRAFFIC
2026-08-10 00:00:00,1872627587449090,192,21.02,0.0,4,0.0,5,1,1,98.22,5.26,1,1.87,0.0,0,1.34,0,3,7,1.11,0,214,Nacoes Shopping,NS,TRAF - PAIS 26 ,TRAFFIC
2026-08-05 00:00:00,1872627587449090,142,25.34,0.0,3,0.0,3,0,2,166.71,8.45,2,1.97,0.0,2,1.36,0,3,9,1.21,0,152,Nacoes Shopping,NS,TRAF - PAIS 26 ,TRAFFIC
2026-08-13 00:00:00,1872627476581490,19569,39.53,0.0,40,0.0,295,37,277,2.0,0.99,235,0.2,0.0,94,1.28,0,109,1290,1.27,60,19750,Nacoes Shopping,NS,ALC - PAIS 26 ,REACH
2026-08-08 00:00:00,1872627476581490,22212,45.92,0.0,51,0.0,336,29,330,2.05,0.9,277,0.23,0.0,94,1.47,0,103,1527,1.46,43,22355,Nacoes Shopping,NS,ALC - PAIS 26 ,REACH
2026-08-28 00:00:00,1872627476581490,0,0.0,0.0,0,0.0,0,0,0,0.0,0.0,0,0.0,0.0,0,0.0,0,0,0,0.0,0,0,Nacoes Shopping,NS,ALC - PAIS 26 ,REACH
2026-08-23 00:00:00,1872627476581490,0,0.0,0.0,0,0.0,0,0,0,0.0,0.0,0,0.0,0.0,0,0.0,0,0,0,0.0,0,0,Nacoes Shopping,NS,ALC - PAIS 26 ,REACH
2026-08-18 00:00:00,1872627476581490,0,0.0,0.0,0,0.0,0,0,0,0.0,0.0,0,0.0,0.0,0,0.0,0,0,0,0.0,0,0,Nacoes Shopping,NS,ALC - PAIS 26 ,REACH
2026-08-15 00:00:00,1872627587449090,531,40.32,0.0,5,0.0,11,0,5,67.76,8.06,4,0.84,0.0,1,1.28,0,6,26,1.02,1,595,Nacoes Shopping,NS,TRAF - PAIS 26 ,TRAFFIC
2026-08-08 00:00:00,1872627587449090,382,18.95,0.0,6,0.0,17,1,11,45.77,3.16,8,1.45,0.0,1,1.5,0,6,26,1.22,1,414,Nacoes Shopping,NS,TRAF - PAIS 26 ,TRAFFIC
2026-08-13 00:00:00,1872627587449090,443,26.65,0.0,4,0.0,13,1,7,53.09,6.66,6,0.8,0.0,1,1.34,0,6,27,1.18,0,502,Nacoes Shopping,NS,TRAF - PAIS 26 ,TRAFFIC
2026-08-18 00:00:00,1872627587449090,206,23.95,0.0,6,0.0,7,0,0,95.42,3.99,0,2.39,0.0,0,1.04,0,7,7,0.96,0,251,Nacoes Shopping,NS,TRAF - PAIS 26 ,TRAFFIC
2026-08-11 00:00:00,1872627587449090,172,4.77,0.0,2,0.0,2,0,1,24.09,2.39,1,1.01,0.0,0,0.96,0,1,3,0.87,0,198,Nacoes Shopping,NS,TRAF - PAIS 26 ,TRAFFIC
2026-08-06 00:00:00,1872627587449090,168,0.0,0.0,0,0.0,5,1,1,0.0,0.0,1,0.0,0.0,0,1.51,0,3,6,1.3,0,181,Nacoes Shopping,NS,TRAF - PAIS 26 ,TRAFFIC
2026-08-20 00:00:00,1872627476581490,0,0.0,0.0,0,0.0,0,0,0,0.0,0.0,0,0.0,0.0,0,0.0,0,0,0,0.0,0,0,Nacoes Shopping,NS,ALC - PAIS 26 ,REACH
2026-08-15 00:00:00,1872627476581490,20890,45.63,0.0,43,0.0,277,30,264,2.17,1.06,213,0.2,0.0,62,1.15,0,86,1353,1.13,43,21066,Nacoes Shopping,NS,ALC - PAIS 26 ,REACH
2026-08-10 00:00:00,1872627476581490,21228,43.96,0.0,52,0.0,323,42,305,2.05,0.85,254,0.24,0.0,99,1.17,0,124,1586,1.16,63,21494,Nacoes Shopping,NS,ALC - PAIS 26 ,REACH
2026-08-05 00:00:00,1872627476581490,26874,44.77,0.0,45,0.0,362,33,345,1.65,0.99,285,0.17,0.0,96,1.09,0,113,1768,1.07,55,27076,Nacoes Shopping,NS,ALC - PAIS 26 ,REACH
2026-08-24 00:00:00,1872627476581490,0,0.0,0.0,0,0.0,0,0,0,0.0,0.0,0,0.0,0.0,0,0.0,0,0,0,0.0,0,0,Nacoes Shopping,NS,ALC - PAIS 26 ,REACH
2026-08-19 00:00:00,1872627476581490,0,0.0,0.0,0,0.0,0,0,0,0.0,0.0,0,0.0,0.0,0,0.0,0,0,0,0.0,0,0,Nacoes Shopping,NS,ALC - PAIS 26 ,REACH
2026-08-16 00:00:00,1872627587449090,631,23.88,0.0,5,0.0,12,0,7,33.07,4.78,6,0.69,0.0,2,1.2,0,7,34,1.06,0,722,Nacoes Shopping,NS,TRAF - PAIS 26 ,TRAFFIC
2026-08-14 00:00:00,1872627476581490,18684,38.29,0.0,51,0.0,256,25,236,2.03,0.75,196,0.27,0.0,76,1.12,0,95,1162,1.11,40,18862,Nacoes Shopping,NS,ALC - PAIS 26 ,REACH
2026-08-09 00:00:00,1872627476581490,22837,44.91,0.0,51,0.0,344,33,317,1.95,0.88,265,0.22,0.0,90,1.17,0,113,1577,1.15,52,22987,Nacoes Shopping,NS,ALC - PAIS 26 ,REACH
2026-08-04 00:00:00,1872627476581490,263,0.24,0.0,0,0.0,0,0,0,0.91,0.0,0,0.0,0.0,0,0.77,0,0,5,0.77,0,264,Nacoes Shopping,NS,ALC - PAIS 26 ,REACH
2026-08-19 00:00:00,1872627587449090,0,0.0,0.0,0,0.0,0,0,0,0.0,0.0,0,0.0,0.0,0,0.0,0,0,0,0.0,0,0,Nacoes Shopping,NS,TRAF - PAIS 26 ,TRAFFIC
2026-08-27 00:00:00,1872627476581490,0,0.0,0.0,0,0.0,0,0,0,0.0,0.0,0,0.0,0.0,0,0.0,0,0,0,0.0,0,0,Nacoes Shopping,NS,ALC - PAIS 26 ,REACH
2026-08-22 00:00:00,1872627476581490,0,0.0,0.0,0,0.0,0,0,0,0.0,0.0,0,0.0,0.0,0,0.0,0,0,0,0.0,0,0,Nacoes Shopping,NS,ALC - PAIS 26 ,REACH
2026-08-17 00:00:00,1872627476581490,0,0.0,0.0,0,0.0,0,0,0,0.0,0.0,0,0.0,0.0,0,0.0,0,0,0,0.0,0,0,Nacoes Shopping,NS,ALC - PAIS 26 ,REACH
2026-08-14 00:00:00,1872627587449090,351,11.82,0.0,1,0.0,2,0,0,30.31,11.82,0,0.26,0.0,0,1.02,0,0,12,0.93,0,390,Nacoes Shopping,NS,TRAF - PAIS 26 ,TRAFFIC
2026-08-09 00:00:00,1872627587449090,254,18.13,0.0,12,0.0,11,0,1,62.52,1.51,0,4.14,0.0,0,1.15,0,9,15,1.1,0,290,Nacoes Shopping,NS,TRAF - PAIS 26 ,TRAFFIC
2026-08-07 00:00:00,1872627476581490,23132,46.19,0.0,39,0.0,293,27,282,1.98,1.18,236,0.17,0.0,93,1.1,0,99,1506,1.09,43,23311,Nacoes Shopping,NS,ALC - PAIS 26 ,REACH
2026-08-12 00:00:00,1872627476581490,19869,40.14,0.0,60,0.0,291,28,267,2.0,0.67,233,0.3,0.0,86,1.15,0,103,1313,1.13,39,20032,Nacoes Shopping,NS,ALC - PAIS 26 ,REACH
2026-08-26 00:00:00,1872627476581490,0,0.0,0.0,0,0.0,0,0,0,0.0,0.0,0,0.0,0.0,0,0.0,0,0,0,0.0,0,0,Nacoes Shopping,NS,ALC - PAIS 26 ,REACH
2026-08-11 00:00:00,1872627476581490,20555,42.78,0.0,50,0.0,314,32,298,2.05,0.86,243,0.24,0.0,87,1.16,0,93,1505,1.16,49,20842,Nacoes Shopping,NS,ALC - PAIS 26 ,REACH
2026-08-06 00:00:00,1872627476581490,24439,46.26,0.0,38,0.0,291,28,278,1.88,1.22,230,0.15,0.0,81,1.25,0,88,1536,1.24,47,24601,Nacoes Shopping,NS,ALC - PAIS 26 ,REACH
2026-08-21 00:00:00,1872627476581490,0,0.0,0.0,0,0.0,0,0,0,0.0,0.0,0,0.0,0.0,0,0.0,0,0,0,0.0,0,0,Nacoes Shopping,NS,ALC - PAIS 26 ,REACH
2026-08-16 00:00:00,1872627476581490,10101,21.38,0.0,20,0.0,159,13,149,2.1,1.07,127,0.2,0.0,48,1.64,0,55,675,1.63,19,10198,Nacoes Shopping,NS,ALC - PAIS 26 ,REACH
2026-08-17 00:00:00,1872627587449090,479,66.11,0.0,5,0.0,8,1,3,119.33,13.22,3,0.9,0.0,1,1.22,0,5,20,1.02,1,554,Nacoes Shopping,NS,TRAF - PAIS 26 ,TRAFFIC
2026-08-12 00:00:00,1872627587449090,411,11.17,0.0,4,0.0,8,1,4,23.52,2.79,3,0.84,0.0,1,1.24,0,4,25,1.08,1,475,Nacoes Shopping,NS,TRAF - PAIS 26 ,TRAFFIC
2026-08-07 00:00:00,1872627587449090,130,5.5,0.0,2,0.0,3,0,0,40.74,2.75,0,1.48,0.0,0,1.24,0,2,5,0.97,0,135,Nacoes Shopping,NS,TRAF - PAIS 26 ,TRAFFIC
2026-08-29 00:00:00,1866451828239378,0,0.0,0.0,0,0.0,0,0,0,0.0,0.0,0,0.0,0.0,0,0.0,0,0,0,0.0,0,0,Nacoes Shopping,NS,ALC - TROCA DE FIGURINHAS,REACH
2026-08-31 00:00:00,1863928955315249,0,0.0,0.0,0,0.0,0,0,0,0.0,0.0,0,0.0,0.0,0,0.0,0,0,0,0.0,0,0,Nacoes Shopping,NS,TRAF - PROMO MAES,TRAFFIC
2026-10-02 00:00:00,1863928955315249,0,0.0,0.0,0,0.0,0,0,0,0.0,0.0,0,0.0,0.0,0,0.0,0,0,0,0.0,0,0,Nacoes Shopping,NS,TRAF - PROMO MAES,TRAFFIC
2026-10-02 00:00:00,1877874914824466,30524,50.78,0.0,0,0.0,518,22,524,1.64,0.0,324,0.0,0.0,118,2.82,0,161,3156,1.3,46,30874,Nacoes Shopping,NS,ALC - ANUNCIOS OUT,REACH
2026-09-29 00:00:00,1863928955315249,0,0.0,0.0,0,0.0,0,0,0,0.0,0.0,0,0.0,0.0,0,0.0,0,0,0,0.0,0,0,Nacoes Shopping,NS,TRAF - PROMO MAES,TRAFFIC
2026-10-01 00:00:00,1877874914824466,17469,24.69,0.0,0,0.0,256,19,252,1.4,0.0,182,0.0,0.0,74,2.95,0,89,1534,1.24,38,17595,Nacoes Shopping,NS,ALC - ANUNCIOS OUT,REACH
